flow_run_id,rtl_name,arch_params,node,corner,vdd_V,temperature_C,clock_period_ns,clock_freq_mhz,data_width,num_inputs,num_outputs,dc_version,syn_total_cells,syn_comb_cells,syn_seq_cells,syn_total_area_um2,syn_comb_area_um2,syn_seq_area_um2,syn_scr,syn_sar,syn_crit_path_ns,syn_wns_ns,syn_tns_ns,syn_violating_paths,icc2_version,pnr_total_cells,pnr_comb_cells,pnr_seq_cells,pnr_total_area_um2,pnr_comb_area_um2,pnr_seq_area_um2,pnr_core_area_um2,pnr_utilization,pnr_scr,pnr_sar,pnr_crit_path_ns,pnr_wns_ns,pnr_tns_ns,pnr_violating_paths,starrc_version,pt_version,internal_power_mW,switching_power_mW,leak_power_mW,total_power_mW,dyn_power_mW,dyn_energy_pJ,clock_network_internal_power_mW,clock_network_switching_power_mW,clock_network_leak_power_mW,clock_network_total_power_mW,register_internal_power_mW,register_switching_power_mW,register_leak_power_mW,register_total_power_mW,combinational_internal_power_mW,combinational_switching_power_mW,combinational_leak_power_mW,combinational_total_power_mW,sequential_internal_power_mW,sequential_switching_power_mW,sequential_leak_power_mW,sequential_total_power_mW,memory_internal_power_mW,memory_switching_power_mW,memory_leak_power_mW,memory_total_power_mW,io_pad_internal_power_mW,io_pad_switching_power_mW,io_pad_leak_power_mW,io_pad_total_power_mW,black_box_internal_power_mW,black_box_switching_power_mW,black_box_leak_power_mW,black_box_total_power_mW,power_activity_mode,stim_mode,collector_schema,collected_at
crossbar_32_2_2_5nm_TT_0V7_25C_1333p33MHz,crossbar,data_width=32;num_inputs=2;num_outputs=2,5nm,TT,0.7,25.0,0.75,1333.3333333333333,32,2,2,V-2023.12-SP4,144,144,0,4.1832,4.1832,0.0,0.0,0.0,0.39,0.16,0.0,0,V-2023.12-SP4,141,141,0,4.14,4.14,0.0,5.6448,0.7336,0.0,0.0,0.22,0.33,0.0,0,V-2023.12-SP3,V-2023.12-SP4,0.0219,0.029,2.87e-05,0.05092,0.0509,0.038175,0.0,0.0,0.0,0.0,0.0,0.0,0.0,0.0,0.0219,0.029,2.87e-05,0.05092,0.0,0.0,0.0,0.0,0.0,0.0,0.0,0.0,0.0,0.0,0.0,0.0,0.0,0.0,0.0,0.0,unvectored,none,2,2026-07-31T15:25:22+00:00
crossbar_32_2_2_5nm_TT_0V7_25C_1333p33MHz,crossbar,data_width=32;num_inputs=2;num_outputs=2,5nm,TT,0.7,25.0,0.75,1333.3333333333333,32,2,2,V-2023.12-SP4,144,144,0,4.1832,4.1832,0.0,0.0,0.0,0.39,0.16,0.0,0,V-2023.12-SP4,141,141,0,4.14,4.14,0.0,5.6448,0.7336,0.0,0.0,0.22,0.33,0.0,0,V-2023.12-SP3,V-2023.12-SP4,0.03979,0.045970000000000004,2.938e-05,0.08579,0.08576,0.06432,0.0,0.0,0.0,0.0,0.0,0.0,0.0,0.0,0.03979,0.045970000000000004,2.938e-05,0.08579,0.0,0.0,0.0,0.0,0.0,0.0,0.0,0.0,0.0,0.0,0.0,0.0,0.0,0.0,0.0,0.0,vectored,random,2,2026-07-31T15:25:30+00:00
crossbar_32_2_2_5nm_TT_0V7_25C_1333p33MHz,crossbar,data_width=32;num_inputs=2;num_outputs=2,5nm,TT,0.7,25.0,0.75,1333.3333333333333,32,2,2,V-2023.12-SP4,144,144,0,4.1832,4.1832,0.0,0.0,0.0,0.39,0.16,0.0,0,V-2023.12-SP4,141,141,0,4.14,4.14,0.0,5.6448,0.7336,0.0,0.0,0.22,0.33,0.0,0,V-2023.12-SP3,V-2023.12-SP4,0.02571,0.014610000000000001,3.0430000000000002e-05,0.04035,0.04032,0.030240000000000003,0.0,0.0,0.0,0.0,0.0,0.0,0.0,0.0,0.02571,0.014610000000000001,3.0430000000000002e-05,0.04035,0.0,0.0,0.0,0.0,0.0,0.0,0.0,0.0,0.0,0.0,0.0,0.0,0.0,0.0,0.0,0.0,vectored,fixed_route,2,2026-07-31T15:25:39+00:00
crossbar_32_2_2_5nm_TT_0V7_25C_1333p33MHz,crossbar,data_width=32;num_inputs=2;num_outputs=2,5nm,TT,0.7,25.0,0.75,1333.3333333333333,32,2,2,V-2023.12-SP4,144,144,0,4.1832,4.1832,0.0,0.0,0.0,0.39,0.16,0.0,0,V-2023.12-SP4,141,141,0,4.14,4.14,0.0,5.6448,0.7336,0.0,0.0,0.22,0.33,0.0,0,V-2023.12-SP3,V-2023.12-SP4,0.01245,0.01721,2.811e-05,0.02968,0.02966,0.022245,0.0,0.0,0.0,0.0,0.0,0.0,0.0,0.0,0.01245,0.01721,2.811e-05,0.02968,0.0,0.0,0.0,0.0,0.0,0.0,0.0,0.0,0.0,0.0,0.0,0.0,0.0,0.0,0.0,0.0,vectored,valid25,2,2026-07-31T15:25:46+00:00
crossbar_32_2_2_5nm_TT_0V7_25C_800MHz,crossbar,data_width=32;num_inputs=2;num_outputs=2,5nm,TT,0.7,25.0,1.25,800.0,32,2,2,V-2023.12-SP4,144,144,0,4.1832,4.1832,0.0,0.0,0.0,0.39,0.66,0.0,0,V-2023.12-SP4,141,141,0,4.14,4.14,0.0,5.6448,0.7336,0.0,0.0,0.22,0.83,0.0,0,V-2023.12-SP3,V-2023.12-SP4,0.01312,0.01743,2.87e-05,0.030589999999999996,0.03055,0.0381875,0.0,0.0,0.0,0.0,0.0,0.0,0.0,0.0,0.01312,0.01743,2.87e-05,0.030589999999999996,0.0,0.0,0.0,0.0,0.0,0.0,0.0,0.0,0.0,0.0,0.0,0.0,0.0,0.0,0.0,0.0,unvectored,none,2,2026-07-31T15:28:06+00:00
crossbar_32_2_2_5nm_TT_0V7_25C_800MHz,crossbar,data_width=32;num_inputs=2;num_outputs=2,5nm,TT,0.7,25.0,1.25,800.0,32,2,2,V-2023.12-SP4,144,144,0,4.1832,4.1832,0.0,0.0,0.0,0.39,0.66,0.0,0,V-2023.12-SP4,141,141,0,4.14,4.14,0.0,5.6448,0.7336,0.0,0.0,0.22,0.83,0.0,0,V-2023.12-SP3,V-2023.12-SP4,0.02386,0.02767,2.939e-05,0.05156,0.05153,0.0644125,0.0,0.0,0.0,0.0,0.0,0.0,0.0,0.0,0.02386,0.02767,2.939e-05,0.05156,0.0,0.0,0.0,0.0,0.0,0.0,0.0,0.0,0.0,0.0,0.0,0.0,0.0,0.0,0.0,0.0,vectored,random,2,2026-07-31T15:28:13+00:00
crossbar_32_2_2_5nm_TT_0V7_25C_800MHz,crossbar,data_width=32;num_inputs=2;num_outputs=2,5nm,TT,0.7,25.0,1.25,800.0,32,2,2,V-2023.12-SP4,144,144,0,4.1832,4.1832,0.0,0.0,0.0,0.39,0.66,0.0,0,V-2023.12-SP4,141,141,0,4.14,4.14,0.0,5.6448,0.7336,0.0,0.0,0.22,0.83,0.0,0,V-2023.12-SP3,V-2023.12-SP4,0.015420000000000001,0.008827999999999999,3.0430000000000002e-05,0.024280000000000003,0.024248,0.030309999999999997,0.0,0.0,0.0,0.0,0.0,0.0,0.0,0.0,0.015420000000000001,0.008827999999999999,3.0430000000000002e-05,0.024280000000000003,0.0,0.0,0.0,0.0,0.0,0.0,0.0,0.0,0.0,0.0,0.0,0.0,0.0,0.0,0.0,0.0,vectored,fixed_route,2,2026-07-31T15:28:21+00:00
crossbar_32_2_2_5nm_TT_0V7_25C_800MHz,crossbar,data_width=32;num_inputs=2;num_outputs=2,5nm,TT,0.7,25.0,1.25,800.0,32,2,2,V-2023.12-SP4,144,144,0,4.1832,4.1832,0.0,0.0,0.0,0.39,0.66,0.0,0,V-2023.12-SP4,141,141,0,4.14,4.14,0.0,5.6448,0.7336,0.0,0.0,0.22,0.83,0.0,0,V-2023.12-SP3,V-2023.12-SP4,0.0074340000000000005,0.010329999999999999,2.812e-05,0.01779,0.017764,0.022205,0.0,0.0,0.0,0.0,0.0,0.0,0.0,0.0,0.0074340000000000005,0.010329999999999999,2.812e-05,0.01779,0.0,0.0,0.0,0.0,0.0,0.0,0.0,0.0,0.0,0.0,0.0,0.0,0.0,0.0,0.0,0.0,vectored,valid25,2,2026-07-31T15:28:28+00:00
crossbar_32_4_4_5nm_TT_0V7_25C_1333p33MHz,crossbar,data_width=32;num_inputs=4;num_outputs=4,5nm,TT,0.7,25.0,0.75,1333.3333333333333,32,4,4,V-2023.12-SP4,463,463,0,16.1784,16.1784,0.0,0.0,0.0,0.54,0.01,0.0,0,V-2023.12-SP4,457,457,0,16.03,16.03,0.0,22.5792,0.7098,0.0,0.0,0.5,0.05,0.0,0,V-2023.12-SP3,V-2023.12-SP4,0.06257,0.08625,0.0001098,0.14889999999999998,0.14882,0.111615,0.0,0.0,0.0,0.0,0.0,0.0,0.0,0.0,0.06257,0.08625,0.0001098,0.14889999999999998,0.0,0.0,0.0,0.0,0.0,0.0,0.0,0.0,0.0,0.0,0.0,0.0,0.0,0.0,0.0,0.0,unvectored,none,2,2026-07-31T15:32:12+00:00
crossbar_32_4_4_5nm_TT_0V7_25C_1333p33MHz,crossbar,data_width=32;num_inputs=4;num_outputs=4,5nm,TT,0.7,25.0,0.75,1333.3333333333333,32,4,4,V-2023.12-SP4,463,463,0,16.1784,16.1784,0.0,0.0,0.0,0.54,0.01,0.0,0,V-2023.12-SP4,457,457,0,16.03,16.03,0.0,22.5792,0.7098,0.0,0.0,0.5,0.05,0.0,0,V-2023.12-SP3,V-2023.12-SP4,0.1183,0.14750000000000002,0.00010949999999999999,0.2659,0.26580000000000004,0.19935000000000003,0.0,0.0,0.0,0.0,0.0,0.0,0.0,0.0,0.1183,0.14750000000000002,0.00010949999999999999,0.2659,0.0,0.0,0.0,0.0,0.0,0.0,0.0,0.0,0.0,0.0,0.0,0.0,0.0,0.0,0.0,0.0,vectored,random,2,2026-07-31T15:32:22+00:00
crossbar_32_4_4_5nm_TT_0V7_25C_1333p33MHz,crossbar,data_width=32;num_inputs=4;num_outputs=4,5nm,TT,0.7,25.0,0.75,1333.3333333333333,32,4,4,V-2023.12-SP4,463,463,0,16.1784,16.1784,0.0,0.0,0.0,0.54,0.01,0.0,0,V-2023.12-SP4,457,457,0,16.03,16.03,0.0,22.5792,0.7098,0.0,0.0,0.5,0.05,0.0,0,V-2023.12-SP3,V-2023.12-SP4,0.05754,0.035089999999999996,0.00010960000000000001,0.09274,0.09262999999999999,0.06947249999999999,0.0,0.0,0.0,0.0,0.0,0.0,0.0,0.0,0.05754,0.035089999999999996,0.00010960000000000001,0.09274,0.0,0.0,0.0,0.0,0.0,0.0,0.0,0.0,0.0,0.0,0.0,0.0,0.0,0.0,0.0,0.0,vectored,fixed_route,2,2026-07-31T15:32:30+00:00
crossbar_32_4_4_5nm_TT_0V7_25C_1333p33MHz,crossbar,data_width=32;num_inputs=4;num_outputs=4,5nm,TT,0.7,25.0,0.75,1333.3333333333333,32,4,4,V-2023.12-SP4,463,463,0,16.1784,16.1784,0.0,0.0,0.0,0.54,0.01,0.0,0,V-2023.12-SP4,457,457,0,16.03,16.03,0.0,22.5792,0.7098,0.0,0.0,0.5,0.05,0.0,0,V-2023.12-SP3,V-2023.12-SP4,0.031779999999999996,0.04424,0.00011,0.07614,0.07602,0.057015,0.0,0.0,0.0,0.0,0.0,0.0,0.0,0.0,0.031779999999999996,0.04424,0.00011,0.07614,0.0,0.0,0.0,0.0,0.0,0.0,0.0,0.0,0.0,0.0,0.0,0.0,0.0,0.0,0.0,0.0,vectored,valid25,2,2026-07-31T15:32:38+00:00
crossbar_32_4_4_5nm_TT_0V7_25C_800MHz,crossbar,data_width=32;num_inputs=4;num_outputs=4,5nm,TT,0.7,25.0,1.25,800.0,32,4,4,V-2023.12-SP4,466,466,0,16.1196,16.1196,0.0,0.0,0.0,0.71,0.34,0.0,0,V-2023.12-SP4,454,454,0,15.99,15.99,0.0,22.344,0.7154,0.0,0.0,0.58,0.47,0.0,0,V-2023.12-SP3,V-2023.12-SP4,0.03729,0.05181,0.00010960000000000001,0.08921,0.0891,0.111375,0.0,0.0,0.0,0.0,0.0,0.0,0.0,0.0,0.03729,0.05181,0.00010960000000000001,0.08921,0.0,0.0,0.0,0.0,0.0,0.0,0.0,0.0,0.0,0.0,0.0,0.0,0.0,0.0,0.0,0.0,unvectored,none,2,2026-07-31T15:36:40+00:00
crossbar_32_4_4_5nm_TT_0V7_25C_800MHz,crossbar,data_width=32;num_inputs=4;num_outputs=4,5nm,TT,0.7,25.0,1.25,800.0,32,4,4,V-2023.12-SP4,466,466,0,16.1196,16.1196,0.0,0.0,0.0,0.71,0.34,0.0,0,V-2023.12-SP4,454,454,0,15.99,15.99,0.0,22.344,0.7154,0.0,0.0,0.58,0.47,0.0,0,V-2023.12-SP3,V-2023.12-SP4,0.06999999999999999,0.08822,0.0001092,0.1583,0.15822,0.197775,0.0,0.0,0.0,0.0,0.0,0.0,0.0,0.0,0.06999999999999999,0.08822,0.0001092,0.1583,0.0,0.0,0.0,0.0,0.0,0.0,0.0,0.0,0.0,0.0,0.0,0.0,0.0,0.0,0.0,0.0,vectored,random,2,2026-07-31T15:36:48+00:00
crossbar_32_4_4_5nm_TT_0V7_25C_800MHz,crossbar,data_width=32;num_inputs=4;num_outputs=4,5nm,TT,0.7,25.0,1.25,800.0,32,4,4,V-2023.12-SP4,466,466,0,16.1196,16.1196,0.0,0.0,0.0,0.71,0.34,0.0,0,V-2023.12-SP4,454,454,0,15.99,15.99,0.0,22.344,0.7154,0.0,0.0,0.58,0.47,0.0,0,V-2023.12-SP3,V-2023.12-SP4,0.03431,0.02156,0.00010899999999999999,0.05598,0.05587,0.0698375,0.0,0.0,0.0,0.0,0.0,0.0,0.0,0.0,0.03431,0.02156,0.00010899999999999999,0.05598,0.0,0.0,0.0,0.0,0.0,0.0,0.0,0.0,0.0,0.0,0.0,0.0,0.0,0.0,0.0,0.0,vectored,fixed_route,2,2026-07-31T15:36:56+00:00
crossbar_32_4_4_5nm_TT_0V7_25C_800MHz,crossbar,data_width=32;num_inputs=4;num_outputs=4,5nm,TT,0.7,25.0,1.25,800.0,32,4,4,V-2023.12-SP4,466,466,0,16.1196,16.1196,0.0,0.0,0.0,0.71,0.34,0.0,0,V-2023.12-SP4,454,454,0,15.99,15.99,0.0,22.344,0.7154,0.0,0.0,0.58,0.47,0.0,0,V-2023.12-SP3,V-2023.12-SP4,0.0189,0.0265,0.0001097,0.04551,0.045399999999999996,0.056749999999999995,0.0,0.0,0.0,0.0,0.0,0.0,0.0,0.0,0.0189,0.0265,0.0001097,0.04551,0.0,0.0,0.0,0.0,0.0,0.0,0.0,0.0,0.0,0.0,0.0,0.0,0.0,0.0,0.0,0.0,vectored,valid25,2,2026-07-31T15:37:04+00:00
crossbar_32_8_8_5nm_TT_0V7_25C_1333p33MHz,crossbar,data_width=32;num_inputs=8;num_outputs=8,5nm,TT,0.7,25.0,0.75,1333.3333333333333,32,8,8,V-2023.12-SP4,3920,3920,0,133.467598,133.467598,0.0,0.0,0.0,0.54,0.01,0.0,0,V-2023.12-SP4,2997,2997,0,93.65,93.65,0.0,190.1088,0.4926,0.0,0.0,0.57,-0.02,-0.04,4,V-2023.12-SP3,V-2023.12-SP4,0.2948,0.6052,0.0006743000000000001,0.9007000000000001,0.8999999999999999,0.6749999999999999,0.0,0.0,0.0,0.0,0.0,0.0,0.0,0.0,0.2948,0.6052,0.0006743000000000001,0.9007000000000001,0.0,0.0,0.0,0.0,0.0,0.0,0.0,0.0,0.0,0.0,0.0,0.0,0.0,0.0,0.0,0.0,unvectored,none,2,2026-07-31T15:43:23+00:00
crossbar_32_8_8_5nm_TT_0V7_25C_1333p33MHz,crossbar,data_width=32;num_inputs=8;num_outputs=8,5nm,TT,0.7,25.0,0.75,1333.3333333333333,32,8,8,V-2023.12-SP4,3920,3920,0,133.467598,133.467598,0.0,0.0,0.0,0.54,0.01,0.0,0,V-2023.12-SP4,2997,2997,0,93.65,93.65,0.0,190.1088,0.4926,0.0,0.0,0.57,-0.02,-0.04,4,V-2023.12-SP3,V-2023.12-SP4,0.5099,0.9206000000000001,0.000664,1.431,1.4305,1.072875,0.0,0.0,0.0,0.0,0.0,0.0,0.0,0.0,0.5099,0.9206000000000001,0.000664,1.431,0.0,0.0,0.0,0.0,0.0,0.0,0.0,0.0,0.0,0.0,0.0,0.0,0.0,0.0,0.0,0.0,vectored,random,2,2026-07-31T15:43:33+00:00
crossbar_32_8_8_5nm_TT_0V7_25C_1333p33MHz,crossbar,data_width=32;num_inputs=8;num_outputs=8,5nm,TT,0.7,25.0,0.75,1333.3333333333333,32,8,8,V-2023.12-SP4,3920,3920,0,133.467598,133.467598,0.0,0.0,0.0,0.54,0.01,0.0,0,V-2023.12-SP4,2997,2997,0,93.65,93.65,0.0,190.1088,0.4926,0.0,0.0,0.57,-0.02,-0.04,4,V-2023.12-SP3,V-2023.12-SP4,0.2336,0.4838,0.0006615000000000001,0.718,0.7174,0.53805,0.0,0.0,0.0,0.0,0.0,0.0,0.0,0.0,0.2336,0.4838,0.0006615000000000001,0.718,0.0,0.0,0.0,0.0,0.0,0.0,0.0,0.0,0.0,0.0,0.0,0.0,0.0,0.0,0.0,0.0,vectored,fixed_route,2,2026-07-31T15:43:42+00:00
crossbar_32_8_8_5nm_TT_0V7_25C_1333p33MHz,crossbar,data_width=32;num_inputs=8;num_outputs=8,5nm,TT,0.7,25.0,0.75,1333.3333333333333,32,8,8,V-2023.12-SP4,3920,3920,0,133.467598,133.467598,0.0,0.0,0.0,0.54,0.01,0.0,0,V-2023.12-SP4,2997,2997,0,93.65,93.65,0.0,190.1088,0.4926,0.0,0.0,0.57,-0.02,-0.04,4,V-2023.12-SP3,V-2023.12-SP4,0.1306,0.2431,0.0006816,0.3744,0.37370000000000003,0.28027500000000005,0.0,0.0,0.0,0.0,0.0,0.0,0.0,0.0,0.1306,0.2431,0.0006816,0.3744,0.0,0.0,0.0,0.0,0.0,0.0,0.0,0.0,0.0,0.0,0.0,0.0,0.0,0.0,0.0,0.0,vectored,valid25,2,2026-07-31T15:43:53+00:00
crossbar_32_8_8_5nm_TT_0V7_25C_800MHz,crossbar,data_width=32;num_inputs=8;num_outputs=8,5nm,TT,0.7,25.0,1.25,800.0,32,8,8,V-2023.12-SP4,1924,1924,0,68.888399,68.888399,0.0,0.0,0.0,1.04,0.01,0.0,0,V-2023.12-SP4,1911,1911,0,68.69,68.69,0.0,98.1288,0.7,0.0,0.0,0.97,0.08,0.0,0,V-2023.12-SP3,V-2023.12-SP4,0.1224,0.1916,0.0004174,0.3144,0.314,0.3925,0.0,0.0,0.0,0.0,0.0,0.0,0.0,0.0,0.1224,0.1916,0.0004174,0.3144,0.0,0.0,0.0,0.0,0.0,0.0,0.0,0.0,0.0,0.0,0.0,0.0,0.0,0.0,0.0,0.0,unvectored,none,2,2026-07-31T15:51:08+00:00
crossbar_32_8_8_5nm_TT_0V7_25C_800MHz,crossbar,data_width=32;num_inputs=8;num_outputs=8,5nm,TT,0.7,25.0,1.25,800.0,32,8,8,V-2023.12-SP4,1924,1924,0,68.888399,68.888399,0.0,0.0,0.0,1.04,0.01,0.0,0,V-2023.12-SP4,1911,1911,0,68.69,68.69,0.0,98.1288,0.7,0.0,0.0,0.97,0.08,0.0,0,V-2023.12-SP3,V-2023.12-SP4,0.21680000000000002,0.3005,0.00041380000000000003,0.5178,0.5173,0.646625,0.0,0.0,0.0,0.0,0.0,0.0,0.0,0.0,0.21680000000000002,0.3005,0.00041380000000000003,0.5178,0.0,0.0,0.0,0.0,0.0,0.0,0.0,0.0,0.0,0.0,0.0,0.0,0.0,0.0,0.0,0.0,vectored,random,2,2026-07-31T15:51:17+00:00
crossbar_32_8_8_5nm_TT_0V7_25C_800MHz,crossbar,data_width=32;num_inputs=8;num_outputs=8,5nm,TT,0.7,25.0,1.25,800.0,32,8,8,V-2023.12-SP4,1924,1924,0,68.888399,68.888399,0.0,0.0,0.0,1.04,0.01,0.0,0,V-2023.12-SP4,1911,1911,0,68.69,68.69,0.0,98.1288,0.7,0.0,0.0,0.97,0.08,0.0,0,V-2023.12-SP3,V-2023.12-SP4,0.0957,0.1108,0.0004085,0.207,0.2065,0.258125,0.0,0.0,0.0,0.0,0.0,0.0,0.0,0.0,0.0957,0.1108,0.0004085,0.207,0.0,0.0,0.0,0.0,0.0,0.0,0.0,0.0,0.0,0.0,0.0,0.0,0.0,0.0,0.0,0.0,vectored,fixed_route,2,2026-07-31T15:51:25+00:00
crossbar_32_8_8_5nm_TT_0V7_25C_800MHz,crossbar,data_width=32;num_inputs=8;num_outputs=8,5nm,TT,0.7,25.0,1.25,800.0,32,8,8,V-2023.12-SP4,1924,1924,0,68.888399,68.888399,0.0,0.0,0.0,1.04,0.01,0.0,0,V-2023.12-SP4,1911,1911,0,68.69,68.69,0.0,98.1288,0.7,0.0,0.0,0.97,0.08,0.0,0,V-2023.12-SP3,V-2023.12-SP4,0.0566,0.08347,0.0004202,0.1405,0.14007,0.1750875,0.0,0.0,0.0,0.0,0.0,0.0,0.0,0.0,0.0566,0.08347,0.0004202,0.1405,0.0,0.0,0.0,0.0,0.0,0.0,0.0,0.0,0.0,0.0,0.0,0.0,0.0,0.0,0.0,0.0,vectored,valid25,2,2026-07-31T15:51:31+00:00
crossbar_32_8_4_5nm_TT_0V7_25C_1333p33MHz,crossbar,data_width=32;num_inputs=8;num_outputs=4,5nm,TT,0.7,25.0,0.75,1333.3333333333333,32,8,4,V-2023.12-SP4,2173,2173,0,76.339199,76.339199,0.0,0.0,0.0,0.55,0.0,0.0,0,V-2023.12-SP4,1778,1778,0,51.68,51.68,0.0,108.3264,0.477,0.0,0.0,0.55,-0.0,-0.0,1,V-2023.12-SP3,V-2023.12-SP4,0.221,0.4138,0.0003692,0.6352000000000001,0.6348,0.4761,0.0,0.0,0.0,0.0,0.0,0.0,0.0,0.0,0.221,0.4138,0.0003692,0.6352000000000001,0.0,0.0,0.0,0.0,0.0,0.0,0.0,0.0,0.0,0.0,0.0,0.0,0.0,0.0,0.0,0.0,unvectored,none,2,2026-07-31T16:00:17+00:00
crossbar_32_8_4_5nm_TT_0V7_25C_1333p33MHz,crossbar,data_width=32;num_inputs=8;num_outputs=4,5nm,TT,0.7,25.0,0.75,1333.3333333333333,32,8,4,V-2023.12-SP4,2173,2173,0,76.339199,76.339199,0.0,0.0,0.0,0.55,0.0,0.0,0,V-2023.12-SP4,1778,1778,0,51.68,51.68,0.0,108.3264,0.477,0.0,0.0,0.55,-0.0,-0.0,1,V-2023.12-SP3,V-2023.12-SP4,0.3805,0.6255,0.0003634,1.006,1.006,0.7545,0.0,0.0,0.0,0.0,0.0,0.0,0.0,0.0,0.3805,0.6255,0.0003634,1.006,0.0,0.0,0.0,0.0,0.0,0.0,0.0,0.0,0.0,0.0,0.0,0.0,0.0,0.0,0.0,0.0,vectored,random,2,2026-07-31T16:00:27+00:00
crossbar_32_8_4_5nm_TT_0V7_25C_1333p33MHz,crossbar,data_width=32;num_inputs=8;num_outputs=4,5nm,TT,0.7,25.0,0.75,1333.3333333333333,32,8,4,V-2023.12-SP4,2173,2173,0,76.339199,76.339199,0.0,0.0,0.0,0.55,0.0,0.0,0,V-2023.12-SP4,1778,1778,0,51.68,51.68,0.0,108.3264,0.477,0.0,0.0,0.55,-0.0,-0.0,1,V-2023.12-SP3,V-2023.12-SP4,0.182,0.32249999999999995,0.0003533,0.5048,0.5045,0.37837499999999996,0.0,0.0,0.0,0.0,0.0,0.0,0.0,0.0,0.182,0.32249999999999995,0.0003533,0.5048,0.0,0.0,0.0,0.0,0.0,0.0,0.0,0.0,0.0,0.0,0.0,0.0,0.0,0.0,0.0,0.0,vectored,fixed_route,2,2026-07-31T16:00:36+00:00
crossbar_32_8_4_5nm_TT_0V7_25C_1333p33MHz,crossbar,data_width=32;num_inputs=8;num_outputs=4,5nm,TT,0.7,25.0,0.75,1333.3333333333333,32,8,4,V-2023.12-SP4,2173,2173,0,76.339199,76.339199,0.0,0.0,0.0,0.55,0.0,0.0,0,V-2023.12-SP4,1778,1778,0,51.68,51.68,0.0,108.3264,0.477,0.0,0.0,0.55,-0.0,-0.0,1,V-2023.12-SP3,V-2023.12-SP4,0.11900000000000001,0.1969,0.0003739,0.31629999999999997,0.3159,0.236925,0.0,0.0,0.0,0.0,0.0,0.0,0.0,0.0,0.11900000000000001,0.1969,0.0003739,0.31629999999999997,0.0,0.0,0.0,0.0,0.0,0.0,0.0,0.0,0.0,0.0,0.0,0.0,0.0,0.0,0.0,0.0,vectored,valid25,2,2026-07-31T16:00:45+00:00
crossbar_32_16_16_5nm_TT_0V7_25C_1333p33MHz,crossbar,data_width=32;num_inputs=16;num_outputs=16,5nm,TT,0.7,25.0,0.75,1333.3333333333333,32,16,16,V-2023.12-SP4,15763,15763,0,563.102394,563.102394,0.0,0.0,0.0,0.55,0.0,0.0,0,V-2023.12-SP4,12199,12199,0,397.47,397.47,0.0,800.1504,0.4967,0.0,0.0,0.57,-0.02,-0.89,112,V-2023.12-SP3,V-2023.12-SP4,0.8714000000000001,2.0,0.002916,2.8739999999999997,2.8714,2.15355,0.0,0.0,0.0,0.0,0.0,0.0,0.0,0.0,0.8714000000000001,2.0,0.002916,2.8739999999999997,0.0,0.0,0.0,0.0,0.0,0.0,0.0,0.0,0.0,0.0,0.0,0.0,0.0,0.0,0.0,0.0,unvectored,none,2,2026-07-31T16:04:52+00:00
crossbar_32_16_16_5nm_TT_0V7_25C_1333p33MHz,crossbar,data_width=32;num_inputs=16;num_outputs=16,5nm,TT,0.7,25.0,0.75,1333.3333333333333,32,16,16,V-2023.12-SP4,15763,15763,0,563.102394,563.102394,0.0,0.0,0.0,0.55,0.0,0.0,0,V-2023.12-SP4,12199,12199,0,397.47,397.47,0.0,800.1504,0.4967,0.0,0.0,0.57,-0.02,-0.89,112,V-2023.12-SP3,V-2023.12-SP4,1.398,2.891,0.002886,4.292,4.289,3.2167499999999998,0.0,0.0,0.0,0.0,0.0,0.0,0.0,0.0,1.398,2.891,0.002886,4.292,0.0,0.0,0.0,0.0,0.0,0.0,0.0,0.0,0.0,0.0,0.0,0.0,0.0,0.0,0.0,0.0,vectored,random,2,2026-07-31T16:05:01+00:00
crossbar_32_16_16_5nm_TT_0V7_25C_1333p33MHz,crossbar,data_width=32;num_inputs=16;num_outputs=16,5nm,TT,0.7,25.0,0.75,1333.3333333333333,32,16,16,V-2023.12-SP4,15763,15763,0,563.102394,563.102394,0.0,0.0,0.0,0.55,0.0,0.0,0,V-2023.12-SP4,12199,12199,0,397.47,397.47,0.0,800.1504,0.4967,0.0,0.0,0.57,-0.02,-0.89,112,V-2023.12-SP3,V-2023.12-SP4,0.7027,1.6689999999999998,0.002822,2.375,2.3716999999999997,1.7787749999999998,0.0,0.0,0.0,0.0,0.0,0.0,0.0,0.0,0.7027,1.6689999999999998,0.002822,2.375,0.0,0.0,0.0,0.0,0.0,0.0,0.0,0.0,0.0,0.0,0.0,0.0,0.0,0.0,0.0,0.0,vectored,fixed_route,2,2026-07-31T16:05:11+00:00
crossbar_32_8_4_5nm_TT_0V7_25C_800MHz,crossbar,data_width=32;num_inputs=8;num_outputs=4,5nm,TT,0.7,25.0,1.25,800.0,32,8,4,V-2023.12-SP4,983,983,0,34.616399,34.616399,0.0,0.0,0.0,1.03,0.02,0.0,0,V-2023.12-SP4,980,980,0,34.68,34.68,0.0,48.216,0.7193,0.0,0.0,0.9,0.15,0.0,0,V-2023.12-SP3,V-2023.12-SP4,0.08224,0.12310000000000001,0.0002076,0.20550000000000002,0.20534000000000002,0.25667500000000004,0.0,0.0,0.0,0.0,0.0,0.0,0.0,0.0,0.08224,0.12310000000000001,0.0002076,0.20550000000000002,0.0,0.0,0.0,0.0,0.0,0.0,0.0,0.0,0.0,0.0,0.0,0.0,0.0,0.0,0.0,0.0,unvectored,none,2,2026-07-31T16:05:14+00:00
crossbar_32_16_16_5nm_TT_0V7_25C_1333p33MHz,crossbar,data_width=32;num_inputs=16;num_outputs=16,5nm,TT,0.7,25.0,0.75,1333.3333333333333,32,16,16,V-2023.12-SP4,15763,15763,0,563.102394,563.102394,0.0,0.0,0.0,0.55,0.0,0.0,0,V-2023.12-SP4,12199,12199,0,397.47,397.47,0.0,800.1504,0.4967,0.0,0.0,0.57,-0.02,-0.89,112,V-2023.12-SP3,V-2023.12-SP4,0.364,0.7644000000000001,0.00294,1.131,1.1284,0.8463,0.0,0.0,0.0,0.0,0.0,0.0,0.0,0.0,0.364,0.7644000000000001,0.00294,1.131,0.0,0.0,0.0,0.0,0.0,0.0,0.0,0.0,0.0,0.0,0.0,0.0,0.0,0.0,0.0,0.0,vectored,valid25,2,2026-07-31T16:05:20+00:00
crossbar_32_8_4_5nm_TT_0V7_25C_800MHz,crossbar,data_width=32;num_inputs=8;num_outputs=4,5nm,TT,0.7,25.0,1.25,800.0,32,8,4,V-2023.12-SP4,983,983,0,34.616399,34.616399,0.0,0.0,0.0,1.03,0.02,0.0,0,V-2023.12-SP4,980,980,0,34.68,34.68,0.0,48.216,0.7193,0.0,0.0,0.9,0.15,0.0,0,V-2023.12-SP3,V-2023.12-SP4,0.1417,0.19090000000000001,0.00020569999999999999,0.3328,0.3326,0.41575,0.0,0.0,0.0,0.0,0.0,0.0,0.0,0.0,0.1417,0.19090000000000001,0.00020569999999999999,0.3328,0.0,0.0,0.0,0.0,0.0,0.0,0.0,0.0,0.0,0.0,0.0,0.0,0.0,0.0,0.0,0.0,vectored,random,2,2026-07-31T16:05:22+00:00
crossbar_32_8_4_5nm_TT_0V7_25C_800MHz,crossbar,data_width=32;num_inputs=8;num_outputs=4,5nm,TT,0.7,25.0,1.25,800.0,32,8,4,V-2023.12-SP4,983,983,0,34.616399,34.616399,0.0,0.0,0.0,1.03,0.02,0.0,0,V-2023.12-SP4,980,980,0,34.68,34.68,0.0,48.216,0.7193,0.0,0.0,0.9,0.15,0.0,0,V-2023.12-SP3,V-2023.12-SP4,0.05651,0.05843,0.0002018,0.11510000000000001,0.11494,0.143675,0.0,0.0,0.0,0.0,0.0,0.0,0.0,0.0,0.05651,0.05843,0.0002018,0.11510000000000001,0.0,0.0,0.0,0.0,0.0,0.0,0.0,0.0,0.0,0.0,0.0,0.0,0.0,0.0,0.0,0.0,vectored,fixed_route,2,2026-07-31T16:05:29+00:00
crossbar_32_8_4_5nm_TT_0V7_25C_800MHz,crossbar,data_width=32;num_inputs=8;num_outputs=4,5nm,TT,0.7,25.0,1.25,800.0,32,8,4,V-2023.12-SP4,983,983,0,34.616399,34.616399,0.0,0.0,0.0,1.03,0.02,0.0,0,V-2023.12-SP4,980,980,0,34.68,34.68,0.0,48.216,0.7193,0.0,0.0,0.9,0.15,0.0,0,V-2023.12-SP3,V-2023.12-SP4,0.048010000000000004,0.06830000000000001,0.0002098,0.11649999999999999,0.11631000000000002,0.14538750000000003,0.0,0.0,0.0,0.0,0.0,0.0,0.0,0.0,0.048010000000000004,0.06830000000000001,0.0002098,0.11649999999999999,0.0,0.0,0.0,0.0,0.0,0.0,0.0,0.0,0.0,0.0,0.0,0.0,0.0,0.0,0.0,0.0,vectored,valid25,2,2026-07-31T16:05:37+00:00
crossbar_32_16_16_5nm_TT_0V7_25C_800MHz,crossbar,data_width=32;num_inputs=16;num_outputs=16,5nm,TT,0.7,25.0,1.25,800.0,32,16,16,V-2023.12-SP4,15675,15675,0,554.341194,554.341194,0.0,0.0,0.0,1.01,0.04,0.0,0,V-2023.12-SP4,11808,11808,0,388.52,388.52,0.0,788.3736,0.4928,0.0,0.0,1.04,0.01,0.0,0,V-2023.12-SP3,V-2023.12-SP4,0.6273,1.3519999999999999,0.002853,1.9819999999999998,1.9792999999999998,2.474125,0.0,0.0,0.0,0.0,0.0,0.0,0.0,0.0,0.6273,1.3519999999999999,0.002853,1.9819999999999998,0.0,0.0,0.0,0.0,0.0,0.0,0.0,0.0,0.0,0.0,0.0,0.0,0.0,0.0,0.0,0.0,unvectored,none,2,2026-07-31T16:07:11+00:00
crossbar_32_16_16_5nm_TT_0V7_25C_800MHz,crossbar,data_width=32;num_inputs=16;num_outputs=16,5nm,TT,0.7,25.0,1.25,800.0,32,16,16,V-2023.12-SP4,15675,15675,0,554.341194,554.341194,0.0,0.0,0.0,1.01,0.04,0.0,0,V-2023.12-SP4,11808,11808,0,388.52,388.52,0.0,788.3736,0.4928,0.0,0.0,1.04,0.01,0.0,0,V-2023.12-SP3,V-2023.12-SP4,1.065,2.023,0.002794,3.09,3.088,3.8600000000000003,0.0,0.0,0.0,0.0,0.0,0.0,0.0,0.0,1.065,2.023,0.002794,3.09,0.0,0.0,0.0,0.0,0.0,0.0,0.0,0.0,0.0,0.0,0.0,0.0,0.0,0.0,0.0,0.0,vectored,random,2,2026-07-31T16:07:19+00:00
crossbar_32_16_16_5nm_TT_0V7_25C_800MHz,crossbar,data_width=32;num_inputs=16;num_outputs=16,5nm,TT,0.7,25.0,1.25,800.0,32,16,16,V-2023.12-SP4,15675,15675,0,554.341194,554.341194,0.0,0.0,0.0,1.01,0.04,0.0,0,V-2023.12-SP4,11808,11808,0,388.52,388.52,0.0,788.3736,0.4928,0.0,0.0,1.04,0.01,0.0,0,V-2023.12-SP3,V-2023.12-SP4,0.4729,1.135,0.002748,1.611,1.6078999999999999,2.009875,0.0,0.0,0.0,0.0,0.0,0.0,0.0,0.0,0.4729,1.135,0.002748,1.611,0.0,0.0,0.0,0.0,0.0,0.0,0.0,0.0,0.0,0.0,0.0,0.0,0.0,0.0,0.0,0.0,vectored,fixed_route,2,2026-07-31T16:07:28+00:00
crossbar_32_16_16_5nm_TT_0V7_25C_800MHz,crossbar,data_width=32;num_inputs=16;num_outputs=16,5nm,TT,0.7,25.0,1.25,800.0,32,16,16,V-2023.12-SP4,15675,15675,0,554.341194,554.341194,0.0,0.0,0.0,1.01,0.04,0.0,0,V-2023.12-SP4,11808,11808,0,388.52,388.52,0.0,788.3736,0.4928,0.0,0.0,1.04,0.01,0.0,0,V-2023.12-SP3,V-2023.12-SP4,0.2665,0.5213,0.002892,0.7907,0.7878000000000001,0.98475,0.0,0.0,0.0,0.0,0.0,0.0,0.0,0.0,0.2665,0.5213,0.002892,0.7907,0.0,0.0,0.0,0.0,0.0,0.0,0.0,0.0,0.0,0.0,0.0,0.0,0.0,0.0,0.0,0.0,vectored,valid25,2,2026-07-31T16:07:37+00:00
crossbar_32_4_8_5nm_TT_0V7_25C_1333p33MHz,crossbar,data_width=32;num_inputs=4;num_outputs=8,5nm,TT,0.7,25.0,0.75,1333.3333333333333,32,4,8,V-2023.12-SP4,929,929,0,32.7852,32.7852,0.0,0.0,0.0,0.53,0.02,0.0,0,V-2023.12-SP4,926,926,0,32.65,32.65,0.0,45.696,0.7145,0.0,0.0,0.55,-0.0,-0.01,6,V-2023.12-SP3,V-2023.12-SP4,0.08793,0.1163,0.00023260000000000002,0.2044,0.20423,0.1531725,0.0,0.0,0.0,0.0,0.0,0.0,0.0,0.0,0.08793,0.1163,0.00023260000000000002,0.2044,0.0,0.0,0.0,0.0,0.0,0.0,0.0,0.0,0.0,0.0,0.0,0.0,0.0,0.0,0.0,0.0,unvectored,none,2,2026-07-31T16:11:41+00:00
crossbar_32_4_8_5nm_TT_0V7_25C_1333p33MHz,crossbar,data_width=32;num_inputs=4;num_outputs=8,5nm,TT,0.7,25.0,0.75,1333.3333333333333,32,4,8,V-2023.12-SP4,929,929,0,32.7852,32.7852,0.0,0.0,0.0,0.53,0.02,0.0,0,V-2023.12-SP4,926,926,0,32.65,32.65,0.0,45.696,0.7145,0.0,0.0,0.55,-0.0,-0.01,6,V-2023.12-SP3,V-2023.12-SP4,0.15919999999999998,0.1914,0.0002328,0.35090000000000005,0.35059999999999997,0.26294999999999996,0.0,0.0,0.0,0.0,0.0,0.0,0.0,0.0,0.15919999999999998,0.1914,0.0002328,0.35090000000000005,0.0,0.0,0.0,0.0,0.0,0.0,0.0,0.0,0.0,0.0,0.0,0.0,0.0,0.0,0.0,0.0,vectored,random,2,2026-07-31T16:11:49+00:00
crossbar_32_4_8_5nm_TT_0V7_25C_1333p33MHz,crossbar,data_width=32;num_inputs=4;num_outputs=8,5nm,TT,0.7,25.0,0.75,1333.3333333333333,32,4,8,V-2023.12-SP4,929,929,0,32.7852,32.7852,0.0,0.0,0.0,0.53,0.02,0.0,0,V-2023.12-SP4,926,926,0,32.65,32.65,0.0,45.696,0.7145,0.0,0.0,0.55,-0.0,-0.01,6,V-2023.12-SP3,V-2023.12-SP4,0.05933,0.03384,0.0002313,0.09341,0.09317,0.06987750000000001,0.0,0.0,0.0,0.0,0.0,0.0,0.0,0.0,0.05933,0.03384,0.0002313,0.09341,0.0,0.0,0.0,0.0,0.0,0.0,0.0,0.0,0.0,0.0,0.0,0.0,0.0,0.0,0.0,0.0,vectored,fixed_route,2,2026-07-31T16:11:57+00:00
crossbar_32_4_8_5nm_TT_0V7_25C_1333p33MHz,crossbar,data_width=32;num_inputs=4;num_outputs=8,5nm,TT,0.7,25.0,0.75,1333.3333333333333,32,4,8,V-2023.12-SP4,929,929,0,32.7852,32.7852,0.0,0.0,0.0,0.53,0.02,0.0,0,V-2023.12-SP4,926,926,0,32.65,32.65,0.0,45.696,0.7145,0.0,0.0,0.55,-0.0,-0.01,6,V-2023.12-SP3,V-2023.12-SP4,0.03701,0.04955,0.00023260000000000002,0.08679,0.08656,0.06492,0.0,0.0,0.0,0.0,0.0,0.0,0.0,0.0,0.03701,0.04955,0.00023260000000000002,0.08679,0.0,0.0,0.0,0.0,0.0,0.0,0.0,0.0,0.0,0.0,0.0,0.0,0.0,0.0,0.0,0.0,vectored,valid25,2,2026-07-31T16:12:04+00:00
crossbar_32_16_8_5nm_TT_0V7_25C_1333p33MHz,crossbar,data_width=32;num_inputs=16;num_outputs=8,5nm,TT,0.7,25.0,0.75,1333.3333333333333,32,16,8,V-2023.12-SP4,7787,7787,0,268.186797,268.186797,0.0,0.0,0.0,0.55,0.0,0.0,0,V-2023.12-SP4,6121,6121,0,198.54,198.54,0.0,380.9904,0.5211,0.0,0.0,0.57,-0.02,-0.19,36,V-2023.12-SP3,V-2023.12-SP4,0.6793,1.139,0.001451,1.82,1.8183,1.363725,0.0,0.0,0.0,0.0,0.0,0.0,0.0,0.0,0.6793,1.139,0.001451,1.82,0.0,0.0,0.0,0.0,0.0,0.0,0.0,0.0,0.0,0.0,0.0,0.0,0.0,0.0,0.0,0.0,unvectored,none,2,2026-07-31T16:13:10+00:00
crossbar_32_16_8_5nm_TT_0V7_25C_1333p33MHz,crossbar,data_width=32;num_inputs=16;num_outputs=8,5nm,TT,0.7,25.0,0.75,1333.3333333333333,32,16,8,V-2023.12-SP4,7787,7787,0,268.186797,268.186797,0.0,0.0,0.0,0.55,0.0,0.0,0,V-2023.12-SP4,6121,6121,0,198.54,198.54,0.0,380.9904,0.5211,0.0,0.0,0.57,-0.02,-0.19,36,V-2023.12-SP3,V-2023.12-SP4,1.071,1.642,0.001426,2.715,2.713,2.03475,0.0,0.0,0.0,0.0,0.0,0.0,0.0,0.0,1.071,1.642,0.001426,2.715,0.0,0.0,0.0,0.0,0.0,0.0,0.0,0.0,0.0,0.0,0.0,0.0,0.0,0.0,0.0,0.0,vectored,random,2,2026-07-31T16:13:19+00:00
crossbar_32_16_8_5nm_TT_0V7_25C_1333p33MHz,crossbar,data_width=32;num_inputs=16;num_outputs=8,5nm,TT,0.7,25.0,0.75,1333.3333333333333,32,16,8,V-2023.12-SP4,7787,7787,0,268.186797,268.186797,0.0,0.0,0.0,0.55,0.0,0.0,0,V-2023.12-SP4,6121,6121,0,198.54,198.54,0.0,380.9904,0.5211,0.0,0.0,0.57,-0.02,-0.19,36,V-2023.12-SP3,V-2023.12-SP4,0.4289,0.7416,0.001402,1.1720000000000002,1.1705,0.8778750000000001,0.0,0.0,0.0,0.0,0.0,0.0,0.0,0.0,0.4289,0.7416,0.001402,1.1720000000000002,0.0,0.0,0.0,0.0,0.0,0.0,0.0,0.0,0.0,0.0,0.0,0.0,0.0,0.0,0.0,0.0,vectored,fixed_route,2,2026-07-31T16:13:28+00:00
crossbar_32_16_8_5nm_TT_0V7_25C_1333p33MHz,crossbar,data_width=32;num_inputs=16;num_outputs=8,5nm,TT,0.7,25.0,0.75,1333.3333333333333,32,16,8,V-2023.12-SP4,7787,7787,0,268.186797,268.186797,0.0,0.0,0.0,0.55,0.0,0.0,0,V-2023.12-SP4,6121,6121,0,198.54,198.54,0.0,380.9904,0.5211,0.0,0.0,0.57,-0.02,-0.19,36,V-2023.12-SP3,V-2023.12-SP4,0.34400000000000003,0.535,0.001475,0.8805,0.879,0.65925,0.0,0.0,0.0,0.0,0.0,0.0,0.0,0.0,0.34400000000000003,0.535,0.001475,0.8805,0.0,0.0,0.0,0.0,0.0,0.0,0.0,0.0,0.0,0.0,0.0,0.0,0.0,0.0,0.0,0.0,vectored,valid25,2,2026-07-31T16:13:37+00:00
crossbar_64_2_2_5nm_TT_0V7_25C_1333p33MHz,crossbar,data_width=64;num_inputs=2;num_outputs=2,5nm,TT,0.7,25.0,0.75,1333.3333333333333,64,2,2,V-2023.12-SP4,277,277,0,8.0808,8.0808,0.0,0.0,0.0,0.47,0.08,0.0,0,V-2023.12-SP4,277,277,0,8.08,8.08,0.0,11.256,0.7179,0.0,0.0,0.22,0.33,0.0,0,V-2023.12-SP3,V-2023.12-SP4,0.04161,0.06014,5.546e-05,0.10179999999999999,0.10175000000000001,0.0763125,0.0,0.0,0.0,0.0,0.0,0.0,0.0,0.0,0.04161,0.06014,5.546e-05,0.10179999999999999,0.0,0.0,0.0,0.0,0.0,0.0,0.0,0.0,0.0,0.0,0.0,0.0,0.0,0.0,0.0,0.0,unvectored,none,2,2026-07-31T16:16:27+00:00
crossbar_32_4_8_5nm_TT_0V7_25C_800MHz,crossbar,data_width=32;num_inputs=4;num_outputs=8,5nm,TT,0.7,25.0,1.25,800.0,32,4,8,V-2023.12-SP4,920,920,0,32.4324,32.4324,0.0,0.0,0.0,0.82,0.23,0.0,0,V-2023.12-SP4,925,925,0,32.58,32.58,0.0,45.696,0.7131,0.0,0.0,0.63,0.42,0.0,0,V-2023.12-SP3,V-2023.12-SP4,0.052840000000000005,0.06982000000000001,0.0002319,0.12290000000000001,0.12266000000000002,0.15332500000000002,0.0,0.0,0.0,0.0,0.0,0.0,0.0,0.0,0.052840000000000005,0.06982000000000001,0.0002319,0.12290000000000001,0.0,0.0,0.0,0.0,0.0,0.0,0.0,0.0,0.0,0.0,0.0,0.0,0.0,0.0,0.0,0.0,unvectored,none,2,2026-07-31T16:16:28+00:00
crossbar_64_2_2_5nm_TT_0V7_25C_1333p33MHz,crossbar,data_width=64;num_inputs=2;num_outputs=2,5nm,TT,0.7,25.0,0.75,1333.3333333333333,64,2,2,V-2023.12-SP4,277,277,0,8.0808,8.0808,0.0,0.0,0.0,0.47,0.08,0.0,0,V-2023.12-SP4,277,277,0,8.08,8.08,0.0,11.256,0.7179,0.0,0.0,0.22,0.33,0.0,0,V-2023.12-SP3,V-2023.12-SP4,0.07716999999999999,0.097,5.689e-05,0.1742,0.17417,0.1306275,0.0,0.0,0.0,0.0,0.0,0.0,0.0,0.0,0.07716999999999999,0.097,5.689e-05,0.1742,0.0,0.0,0.0,0.0,0.0,0.0,0.0,0.0,0.0,0.0,0.0,0.0,0.0,0.0,0.0,0.0,vectored,random,2,2026-07-31T16:16:34+00:00
crossbar_32_4_8_5nm_TT_0V7_25C_800MHz,crossbar,data_width=32;num_inputs=4;num_outputs=8,5nm,TT,0.7,25.0,1.25,800.0,32,4,8,V-2023.12-SP4,920,920,0,32.4324,32.4324,0.0,0.0,0.0,0.82,0.23,0.0,0,V-2023.12-SP4,925,925,0,32.58,32.58,0.0,45.696,0.7131,0.0,0.0,0.63,0.42,0.0,0,V-2023.12-SP3,V-2023.12-SP4,0.09653,0.11610000000000001,0.000232,0.2129,0.21263,0.2657875,0.0,0.0,0.0,0.0,0.0,0.0,0.0,0.0,0.09653,0.11610000000000001,0.000232,0.2129,0.0,0.0,0.0,0.0,0.0,0.0,0.0,0.0,0.0,0.0,0.0,0.0,0.0,0.0,0.0,0.0,vectored,random,2,2026-07-31T16:16:36+00:00
crossbar_64_2_2_5nm_TT_0V7_25C_1333p33MHz,crossbar,data_width=64;num_inputs=2;num_outputs=2,5nm,TT,0.7,25.0,0.75,1333.3333333333333,64,2,2,V-2023.12-SP4,277,277,0,8.0808,8.0808,0.0,0.0,0.0,0.47,0.08,0.0,0,V-2023.12-SP4,277,277,0,8.08,8.08,0.0,11.256,0.7179,0.0,0.0,0.22,0.33,0.0,0,V-2023.12-SP3,V-2023.12-SP4,0.051140000000000005,0.03236,5.931e-05,0.08356000000000001,0.0835,0.062625,0.0,0.0,0.0,0.0,0.0,0.0,0.0,0.0,0.051140000000000005,0.03236,5.931e-05,0.08356000000000001,0.0,0.0,0.0,0.0,0.0,0.0,0.0,0.0,0.0,0.0,0.0,0.0,0.0,0.0,0.0,0.0,vectored,fixed_route,2,2026-07-31T16:16:41+00:00
crossbar_32_4_8_5nm_TT_0V7_25C_800MHz,crossbar,data_width=32;num_inputs=4;num_outputs=8,5nm,TT,0.7,25.0,1.25,800.0,32,4,8,V-2023.12-SP4,920,920,0,32.4324,32.4324,0.0,0.0,0.0,0.82,0.23,0.0,0,V-2023.12-SP4,925,925,0,32.58,32.58,0.0,45.696,0.7131,0.0,0.0,0.63,0.42,0.0,0,V-2023.12-SP3,V-2023.12-SP4,0.03556,0.02008,0.0002309,0.055869999999999996,0.05564,0.06955,0.0,0.0,0.0,0.0,0.0,0.0,0.0,0.0,0.03556,0.02008,0.0002309,0.055869999999999996,0.0,0.0,0.0,0.0,0.0,0.0,0.0,0.0,0.0,0.0,0.0,0.0,0.0,0.0,0.0,0.0,vectored,fixed_route,2,2026-07-31T16:16:44+00:00
crossbar_64_2_2_5nm_TT_0V7_25C_1333p33MHz,crossbar,data_width=64;num_inputs=2;num_outputs=2,5nm,TT,0.7,25.0,0.75,1333.3333333333333,64,2,2,V-2023.12-SP4,277,277,0,8.0808,8.0808,0.0,0.0,0.0,0.47,0.08,0.0,0,V-2023.12-SP4,277,277,0,8.08,8.08,0.0,11.256,0.7179,0.0,0.0,0.22,0.33,0.0,0,V-2023.12-SP3,V-2023.12-SP4,0.02249,0.03462,5.42e-05,0.05716,0.057109999999999994,0.042832499999999996,0.0,0.0,0.0,0.0,0.0,0.0,0.0,0.0,0.02249,0.03462,5.42e-05,0.05716,0.0,0.0,0.0,0.0,0.0,0.0,0.0,0.0,0.0,0.0,0.0,0.0,0.0,0.0,0.0,0.0,vectored,valid25,2,2026-07-31T16:16:49+00:00
crossbar_32_4_8_5nm_TT_0V7_25C_800MHz,crossbar,data_width=32;num_inputs=4;num_outputs=8,5nm,TT,0.7,25.0,1.25,800.0,32,4,8,V-2023.12-SP4,920,920,0,32.4324,32.4324,0.0,0.0,0.0,0.82,0.23,0.0,0,V-2023.12-SP4,925,925,0,32.58,32.58,0.0,45.696,0.7131,0.0,0.0,0.63,0.42,0.0,0,V-2023.12-SP3,V-2023.12-SP4,0.02224,0.029730000000000003,0.0002318,0.0522,0.05197,0.0649625,0.0,0.0,0.0,0.0,0.0,0.0,0.0,0.0,0.02224,0.029730000000000003,0.0002318,0.0522,0.0,0.0,0.0,0.0,0.0,0.0,0.0,0.0,0.0,0.0,0.0,0.0,0.0,0.0,0.0,0.0,vectored,valid25,2,2026-07-31T16:16:52+00:00
crossbar_64_2_2_5nm_TT_0V7_25C_800MHz,crossbar,data_width=64;num_inputs=2;num_outputs=2,5nm,TT,0.7,25.0,1.25,800.0,64,2,2,V-2023.12-SP4,277,277,0,8.0808,8.0808,0.0,0.0,0.0,0.47,0.58,0.0,0,V-2023.12-SP4,276,276,0,8.08,8.08,0.0,11.256,0.7179,0.0,0.0,0.24,0.81,0.0,0,V-2023.12-SP3,V-2023.12-SP4,0.02534,0.03591,5.589e-05,0.0613,0.06125,0.0765625,0.0,0.0,0.0,0.0,0.0,0.0,0.0,0.0,0.02534,0.03591,5.589e-05,0.0613,0.0,0.0,0.0,0.0,0.0,0.0,0.0,0.0,0.0,0.0,0.0,0.0,0.0,0.0,0.0,0.0,unvectored,none,2,2026-07-31T16:19:21+00:00
crossbar_64_2_2_5nm_TT_0V7_25C_800MHz,crossbar,data_width=64;num_inputs=2;num_outputs=2,5nm,TT,0.7,25.0,1.25,800.0,64,2,2,V-2023.12-SP4,277,277,0,8.0808,8.0808,0.0,0.0,0.0,0.47,0.58,0.0,0,V-2023.12-SP4,276,276,0,8.08,8.08,0.0,11.256,0.7179,0.0,0.0,0.24,0.81,0.0,0,V-2023.12-SP3,V-2023.12-SP4,0.04634,0.05767,5.728e-05,0.1041,0.10400999999999999,0.13001249999999998,0.0,0.0,0.0,0.0,0.0,0.0,0.0,0.0,0.04634,0.05767,5.728e-05,0.1041,0.0,0.0,0.0,0.0,0.0,0.0,0.0,0.0,0.0,0.0,0.0,0.0,0.0,0.0,0.0,0.0,vectored,random,2,2026-07-31T16:19:28+00:00
crossbar_64_2_2_5nm_TT_0V7_25C_800MHz,crossbar,data_width=64;num_inputs=2;num_outputs=2,5nm,TT,0.7,25.0,1.25,800.0,64,2,2,V-2023.12-SP4,277,277,0,8.0808,8.0808,0.0,0.0,0.0,0.47,0.58,0.0,0,V-2023.12-SP4,276,276,0,8.08,8.08,0.0,11.256,0.7179,0.0,0.0,0.24,0.81,0.0,0,V-2023.12-SP3,V-2023.12-SP4,0.0307,0.01931,5.942e-05,0.05007,0.05001,0.0625125,0.0,0.0,0.0,0.0,0.0,0.0,0.0,0.0,0.0307,0.01931,5.942e-05,0.05007,0.0,0.0,0.0,0.0,0.0,0.0,0.0,0.0,0.0,0.0,0.0,0.0,0.0,0.0,0.0,0.0,vectored,fixed_route,2,2026-07-31T16:19:35+00:00
crossbar_64_2_2_5nm_TT_0V7_25C_800MHz,crossbar,data_width=64;num_inputs=2;num_outputs=2,5nm,TT,0.7,25.0,1.25,800.0,64,2,2,V-2023.12-SP4,277,277,0,8.0808,8.0808,0.0,0.0,0.0,0.47,0.58,0.0,0,V-2023.12-SP4,276,276,0,8.08,8.08,0.0,11.256,0.7179,0.0,0.0,0.24,0.81,0.0,0,V-2023.12-SP3,V-2023.12-SP4,0.01361,0.02062,5.469e-05,0.03429,0.03423,0.04278749999999999,0.0,0.0,0.0,0.0,0.0,0.0,0.0,0.0,0.01361,0.02062,5.469e-05,0.03429,0.0,0.0,0.0,0.0,0.0,0.0,0.0,0.0,0.0,0.0,0.0,0.0,0.0,0.0,0.0,0.0,vectored,valid25,2,2026-07-31T16:19:41+00:00
crossbar_64_4_4_5nm_TT_0V7_25C_1333p33MHz,crossbar,data_width=64;num_inputs=4;num_outputs=4,5nm,TT,0.7,25.0,0.75,1333.3333333333333,64,4,4,V-2023.12-SP4,856,856,0,30.5676,30.5676,0.0,0.0,0.0,0.54,0.01,0.0,0,V-2023.12-SP4,859,859,0,30.63,30.63,0.0,43.2432,0.7084,0.0,0.0,0.54,0.01,0.0,0,V-2023.12-SP3,V-2023.12-SP4,0.12079999999999999,0.1726,0.00021549999999999998,0.29359999999999997,0.2934,0.22005,0.0,0.0,0.0,0.0,0.0,0.0,0.0,0.0,0.12079999999999999,0.1726,0.00021549999999999998,0.29359999999999997,0.0,0.0,0.0,0.0,0.0,0.0,0.0,0.0,0.0,0.0,0.0,0.0,0.0,0.0,0.0,0.0,unvectored,none,2,2026-07-31T16:20:46+00:00
crossbar_64_4_4_5nm_TT_0V7_25C_1333p33MHz,crossbar,data_width=64;num_inputs=4;num_outputs=4,5nm,TT,0.7,25.0,0.75,1333.3333333333333,64,4,4,V-2023.12-SP4,856,856,0,30.5676,30.5676,0.0,0.0,0.0,0.54,0.01,0.0,0,V-2023.12-SP4,859,859,0,30.63,30.63,0.0,43.2432,0.7084,0.0,0.0,0.54,0.01,0.0,0,V-2023.12-SP3,V-2023.12-SP4,0.22340000000000002,0.29500000000000004,0.00021439999999999998,0.5186999999999999,0.5184000000000001,0.38880000000000003,0.0,0.0,0.0,0.0,0.0,0.0,0.0,0.0,0.22340000000000002,0.29500000000000004,0.00021439999999999998,0.5186999999999999,0.0,0.0,0.0,0.0,0.0,0.0,0.0,0.0,0.0,0.0,0.0,0.0,0.0,0.0,0.0,0.0,vectored,random,2,2026-07-31T16:20:53+00:00
crossbar_64_4_4_5nm_TT_0V7_25C_1333p33MHz,crossbar,data_width=64;num_inputs=4;num_outputs=4,5nm,TT,0.7,25.0,0.75,1333.3333333333333,64,4,4,V-2023.12-SP4,856,856,0,30.5676,30.5676,0.0,0.0,0.0,0.54,0.01,0.0,0,V-2023.12-SP4,859,859,0,30.63,30.63,0.0,43.2432,0.7084,0.0,0.0,0.54,0.01,0.0,0,V-2023.12-SP3,V-2023.12-SP4,0.1144,0.08224,0.0002138,0.1969,0.19663999999999998,0.14748,0.0,0.0,0.0,0.0,0.0,0.0,0.0,0.0,0.1144,0.08224,0.0002138,0.1969,0.0,0.0,0.0,0.0,0.0,0.0,0.0,0.0,0.0,0.0,0.0,0.0,0.0,0.0,0.0,0.0,vectored,fixed_route,2,2026-07-31T16:20:59+00:00
crossbar_64_4_4_5nm_TT_0V7_25C_1333p33MHz,crossbar,data_width=64;num_inputs=4;num_outputs=4,5nm,TT,0.7,25.0,0.75,1333.3333333333333,64,4,4,V-2023.12-SP4,856,856,0,30.5676,30.5676,0.0,0.0,0.0,0.54,0.01,0.0,0,V-2023.12-SP4,859,859,0,30.63,30.63,0.0,43.2432,0.7084,0.0,0.0,0.54,0.01,0.0,0,V-2023.12-SP3,V-2023.12-SP4,0.0602,0.08752,0.00021610000000000002,0.1479,0.14772,0.11079,0.0,0.0,0.0,0.0,0.0,0.0,0.0,0.0,0.0602,0.08752,0.00021610000000000002,0.1479,0.0,0.0,0.0,0.0,0.0,0.0,0.0,0.0,0.0,0.0,0.0,0.0,0.0,0.0,0.0,0.0,vectored,valid25,2,2026-07-31T16:21:07+00:00
crossbar_32_16_8_5nm_TT_0V7_25C_800MHz,crossbar,data_width=32;num_inputs=16;num_outputs=8,5nm,TT,0.7,25.0,1.25,800.0,32,16,8,V-2023.12-SP4,3992,3992,0,143.043598,143.043598,0.0,0.0,0.0,1.05,0.0,0.0,0,V-2023.12-SP4,3980,3980,0,143.22,143.22,0.0,203.49,0.7038,0.0,0.0,1.06,-0.01,-0.05,12,V-2023.12-SP3,V-2023.12-SP4,0.28219999999999995,0.4435,0.0009111999999999999,0.7266,0.7257,0.907125,0.0,0.0,0.0,0.0,0.0,0.0,0.0,0.0,0.28219999999999995,0.4435,0.0009111999999999999,0.7266,0.0,0.0,0.0,0.0,0.0,0.0,0.0,0.0,0.0,0.0,0.0,0.0,0.0,0.0,0.0,0.0,unvectored,none,2,2026-07-31T16:21:53+00:00
crossbar_32_16_8_5nm_TT_0V7_25C_800MHz,crossbar,data_width=32;num_inputs=16;num_outputs=8,5nm,TT,0.7,25.0,1.25,800.0,32,16,8,V-2023.12-SP4,3992,3992,0,143.043598,143.043598,0.0,0.0,0.0,1.05,0.0,0.0,0,V-2023.12-SP4,3980,3980,0,143.22,143.22,0.0,203.49,0.7038,0.0,0.0,1.06,-0.01,-0.05,12,V-2023.12-SP3,V-2023.12-SP4,0.4704,0.6754,0.0008969000000000001,1.147,1.1458,1.4322499999999998,0.0,0.0,0.0,0.0,0.0,0.0,0.0,0.0,0.4704,0.6754,0.0008969000000000001,1.147,0.0,0.0,0.0,0.0,0.0,0.0,0.0,0.0,0.0,0.0,0.0,0.0,0.0,0.0,0.0,0.0,vectored,random,2,2026-07-31T16:22:00+00:00
crossbar_32_16_8_5nm_TT_0V7_25C_800MHz,crossbar,data_width=32;num_inputs=16;num_outputs=8,5nm,TT,0.7,25.0,1.25,800.0,32,16,8,V-2023.12-SP4,3992,3992,0,143.043598,143.043598,0.0,0.0,0.0,1.05,0.0,0.0,0,V-2023.12-SP4,3980,3980,0,143.22,143.22,0.0,203.49,0.7038,0.0,0.0,1.06,-0.01,-0.05,12,V-2023.12-SP3,V-2023.12-SP4,0.1906,0.2263,0.0008685,0.4178,0.4169,0.521125,0.0,0.0,0.0,0.0,0.0,0.0,0.0,0.0,0.1906,0.2263,0.0008685,0.4178,0.0,0.0,0.0,0.0,0.0,0.0,0.0,0.0,0.0,0.0,0.0,0.0,0.0,0.0,0.0,0.0,vectored,fixed_route,2,2026-07-31T16:22:07+00:00
crossbar_32_16_8_5nm_TT_0V7_25C_800MHz,crossbar,data_width=32;num_inputs=16;num_outputs=8,5nm,TT,0.7,25.0,1.25,800.0,32,16,8,V-2023.12-SP4,3992,3992,0,143.043598,143.043598,0.0,0.0,0.0,1.05,0.0,0.0,0,V-2023.12-SP4,3980,3980,0,143.22,143.22,0.0,203.49,0.7038,0.0,0.0,1.06,-0.01,-0.05,12,V-2023.12-SP3,V-2023.12-SP4,0.149,0.2268,0.0009262000000000001,0.3767,0.3758,0.46975,0.0,0.0,0.0,0.0,0.0,0.0,0.0,0.0,0.149,0.2268,0.0009262000000000001,0.3767,0.0,0.0,0.0,0.0,0.0,0.0,0.0,0.0,0.0,0.0,0.0,0.0,0.0,0.0,0.0,0.0,vectored,valid25,2,2026-07-31T16:22:13+00:00
crossbar_64_4_4_5nm_TT_0V7_25C_800MHz,crossbar,data_width=64;num_inputs=4;num_outputs=4,5nm,TT,0.7,25.0,1.25,800.0,64,4,4,V-2023.12-SP4,848,848,0,30.2148,30.2148,0.0,0.0,0.0,0.71,0.34,0.0,0,V-2023.12-SP4,857,857,0,30.52,30.52,0.0,42.9156,0.7111,0.0,0.0,0.62,0.43,0.0,0,V-2023.12-SP3,V-2023.12-SP4,0.07105,0.1036,0.0002101,0.17479999999999998,0.17465,0.2183125,0.0,0.0,0.0,0.0,0.0,0.0,0.0,0.0,0.07105,0.1036,0.0002101,0.17479999999999998,0.0,0.0,0.0,0.0,0.0,0.0,0.0,0.0,0.0,0.0,0.0,0.0,0.0,0.0,0.0,0.0,unvectored,none,2,2026-07-31T16:23:28+00:00
crossbar_64_4_4_5nm_TT_0V7_25C_800MHz,crossbar,data_width=64;num_inputs=4;num_outputs=4,5nm,TT,0.7,25.0,1.25,800.0,64,4,4,V-2023.12-SP4,848,848,0,30.2148,30.2148,0.0,0.0,0.0,0.71,0.34,0.0,0,V-2023.12-SP4,857,857,0,30.52,30.52,0.0,42.9156,0.7111,0.0,0.0,0.62,0.43,0.0,0,V-2023.12-SP3,V-2023.12-SP4,0.1328,0.1786,0.0002093,0.3117,0.3114,0.38925,0.0,0.0,0.0,0.0,0.0,0.0,0.0,0.0,0.1328,0.1786,0.0002093,0.3117,0.0,0.0,0.0,0.0,0.0,0.0,0.0,0.0,0.0,0.0,0.0,0.0,0.0,0.0,0.0,0.0,vectored,random,2,2026-07-31T16:23:34+00:00
crossbar_64_4_4_5nm_TT_0V7_25C_800MHz,crossbar,data_width=64;num_inputs=4;num_outputs=4,5nm,TT,0.7,25.0,1.25,800.0,64,4,4,V-2023.12-SP4,848,848,0,30.2148,30.2148,0.0,0.0,0.0,0.71,0.34,0.0,0,V-2023.12-SP4,857,857,0,30.52,30.52,0.0,42.9156,0.7111,0.0,0.0,0.62,0.43,0.0,0,V-2023.12-SP3,V-2023.12-SP4,0.06878000000000001,0.049539999999999994,0.00020910000000000001,0.1185,0.11832000000000001,0.1479,0.0,0.0,0.0,0.0,0.0,0.0,0.0,0.0,0.06878000000000001,0.049539999999999994,0.00020910000000000001,0.1185,0.0,0.0,0.0,0.0,0.0,0.0,0.0,0.0,0.0,0.0,0.0,0.0,0.0,0.0,0.0,0.0,vectored,fixed_route,2,2026-07-31T16:23:40+00:00
crossbar_64_4_4_5nm_TT_0V7_25C_800MHz,crossbar,data_width=64;num_inputs=4;num_outputs=4,5nm,TT,0.7,25.0,1.25,800.0,64,4,4,V-2023.12-SP4,848,848,0,30.2148,30.2148,0.0,0.0,0.0,0.71,0.34,0.0,0,V-2023.12-SP4,857,857,0,30.52,30.52,0.0,42.9156,0.7111,0.0,0.0,0.62,0.43,0.0,0,V-2023.12-SP3,V-2023.12-SP4,0.03554,0.05288,0.00021050000000000002,0.08863,0.08842,0.110525,0.0,0.0,0.0,0.0,0.0,0.0,0.0,0.0,0.03554,0.05288,0.00021050000000000002,0.08863,0.0,0.0,0.0,0.0,0.0,0.0,0.0,0.0,0.0,0.0,0.0,0.0,0.0,0.0,0.0,0.0,vectored,valid25,2,2026-07-31T16:23:47+00:00
crossbar_64_8_8_5nm_TT_0V7_25C_800MHz,crossbar,data_width=64;num_inputs=8;num_outputs=8,5nm,TT,0.7,25.0,1.25,800.0,64,8,8,V-2023.12-SP4,3983,3983,0,139.675198,139.675198,0.0,0.0,0.0,0.7,0.35,0.0,0,V-2023.12-SP4,3847,3847,0,135.09,135.09,0.0,198.9792,0.6789,0.0,0.0,0.63,0.42,0.0,0,V-2023.12-SP3,V-2023.12-SP4,0.23399999999999999,0.4054,0.0008229,0.6401,0.6394,0.79925,0.0,0.0,0.0,0.0,0.0,0.0,0.0,0.0,0.23399999999999999,0.4054,0.0008229,0.6401,0.0,0.0,0.0,0.0,0.0,0.0,0.0,0.0,0.0,0.0,0.0,0.0,0.0,0.0,0.0,0.0,unvectored,none,2,2026-07-31T16:35:02+00:00
crossbar_64_8_8_5nm_TT_0V7_25C_800MHz,crossbar,data_width=64;num_inputs=8;num_outputs=8,5nm,TT,0.7,25.0,1.25,800.0,64,8,8,V-2023.12-SP4,3983,3983,0,139.675198,139.675198,0.0,0.0,0.0,0.7,0.35,0.0,0,V-2023.12-SP4,3847,3847,0,135.09,135.09,0.0,198.9792,0.6789,0.0,0.0,0.63,0.42,0.0,0,V-2023.12-SP3,V-2023.12-SP4,0.391,0.6113,0.0008186,1.003,1.0023,1.252875,0.0,0.0,0.0,0.0,0.0,0.0,0.0,0.0,0.391,0.6113,0.0008186,1.003,0.0,0.0,0.0,0.0,0.0,0.0,0.0,0.0,0.0,0.0,0.0,0.0,0.0,0.0,0.0,0.0,vectored,random,2,2026-07-31T16:35:09+00:00
crossbar_64_8_8_5nm_TT_0V7_25C_800MHz,crossbar,data_width=64;num_inputs=8;num_outputs=8,5nm,TT,0.7,25.0,1.25,800.0,64,8,8,V-2023.12-SP4,3983,3983,0,139.675198,139.675198,0.0,0.0,0.0,0.7,0.35,0.0,0,V-2023.12-SP4,3847,3847,0,135.09,135.09,0.0,198.9792,0.6789,0.0,0.0,0.63,0.42,0.0,0,V-2023.12-SP3,V-2023.12-SP4,0.2242,0.2806,0.0008132,0.5055,0.5048,0.631,0.0,0.0,0.0,0.0,0.0,0.0,0.0,0.0,0.2242,0.2806,0.0008132,0.5055,0.0,0.0,0.0,0.0,0.0,0.0,0.0,0.0,0.0,0.0,0.0,0.0,0.0,0.0,0.0,0.0,vectored,fixed_route,2,2026-07-31T16:35:18+00:00
crossbar_64_8_8_5nm_TT_0V7_25C_1333p33MHz,crossbar,data_width=64;num_inputs=8;num_outputs=8,5nm,TT,0.7,25.0,0.75,1333.3333333333333,64,8,8,V-2023.12-SP4,4008,4008,0,140.162398,140.162398,0.0,0.0,0.0,0.54,0.01,0.0,0,V-2023.12-SP4,3905,3905,0,136.28,136.28,0.0,199.6848,0.6825,0.0,0.0,0.57,-0.02,-0.56,87,V-2023.12-SP3,V-2023.12-SP4,0.4034,0.6794,0.0008493999999999999,1.0839999999999999,1.0828,0.8121,0.0,0.0,0.0,0.0,0.0,0.0,0.0,0.0,0.4034,0.6794,0.0008493999999999999,1.0839999999999999,0.0,0.0,0.0,0.0,0.0,0.0,0.0,0.0,0.0,0.0,0.0,0.0,0.0,0.0,0.0,0.0,unvectored,none,2,2026-07-31T16:35:21+00:00
crossbar_64_8_8_5nm_TT_0V7_25C_800MHz,crossbar,data_width=64;num_inputs=8;num_outputs=8,5nm,TT,0.7,25.0,1.25,800.0,64,8,8,V-2023.12-SP4,3983,3983,0,139.675198,139.675198,0.0,0.0,0.0,0.7,0.35,0.0,0,V-2023.12-SP4,3847,3847,0,135.09,135.09,0.0,198.9792,0.6789,0.0,0.0,0.63,0.42,0.0,0,V-2023.12-SP3,V-2023.12-SP4,0.1044,0.1762,0.0008269999999999999,0.2814,0.2806,0.35075,0.0,0.0,0.0,0.0,0.0,0.0,0.0,0.0,0.1044,0.1762,0.0008269999999999999,0.2814,0.0,0.0,0.0,0.0,0.0,0.0,0.0,0.0,0.0,0.0,0.0,0.0,0.0,0.0,0.0,0.0,vectored,valid25,2,2026-07-31T16:35:27+00:00
crossbar_64_8_8_5nm_TT_0V7_25C_1333p33MHz,crossbar,data_width=64;num_inputs=8;num_outputs=8,5nm,TT,0.7,25.0,0.75,1333.3333333333333,64,8,8,V-2023.12-SP4,4008,4008,0,140.162398,140.162398,0.0,0.0,0.0,0.54,0.01,0.0,0,V-2023.12-SP4,3905,3905,0,136.28,136.28,0.0,199.6848,0.6825,0.0,0.0,0.57,-0.02,-0.56,87,V-2023.12-SP3,V-2023.12-SP4,0.6726,1.02,0.0008432,1.693,1.6926,1.26945,0.0,0.0,0.0,0.0,0.0,0.0,0.0,0.0,0.6726,1.02,0.0008432,1.693,0.0,0.0,0.0,0.0,0.0,0.0,0.0,0.0,0.0,0.0,0.0,0.0,0.0,0.0,0.0,0.0,vectored,random,2,2026-07-31T16:35:29+00:00
crossbar_64_8_8_5nm_TT_0V7_25C_1333p33MHz,crossbar,data_width=64;num_inputs=8;num_outputs=8,5nm,TT,0.7,25.0,0.75,1333.3333333333333,64,8,8,V-2023.12-SP4,4008,4008,0,140.162398,140.162398,0.0,0.0,0.0,0.54,0.01,0.0,0,V-2023.12-SP4,3905,3905,0,136.28,136.28,0.0,199.6848,0.6825,0.0,0.0,0.57,-0.02,-0.56,87,V-2023.12-SP3,V-2023.12-SP4,0.3793,0.46940000000000004,0.0008278000000000001,0.8496,0.8487,0.636525,0.0,0.0,0.0,0.0,0.0,0.0,0.0,0.0,0.3793,0.46940000000000004,0.0008278000000000001,0.8496,0.0,0.0,0.0,0.0,0.0,0.0,0.0,0.0,0.0,0.0,0.0,0.0,0.0,0.0,0.0,0.0,vectored,fixed_route,2,2026-07-31T16:35:38+00:00
crossbar_64_8_8_5nm_TT_0V7_25C_1333p33MHz,crossbar,data_width=64;num_inputs=8;num_outputs=8,5nm,TT,0.7,25.0,0.75,1333.3333333333333,64,8,8,V-2023.12-SP4,4008,4008,0,140.162398,140.162398,0.0,0.0,0.0,0.54,0.01,0.0,0,V-2023.12-SP4,3905,3905,0,136.28,136.28,0.0,199.6848,0.6825,0.0,0.0,0.57,-0.02,-0.56,87,V-2023.12-SP3,V-2023.12-SP4,0.1803,0.2943,0.000856,0.47550000000000003,0.4746,0.35595,0.0,0.0,0.0,0.0,0.0,0.0,0.0,0.0,0.1803,0.2943,0.000856,0.47550000000000003,0.0,0.0,0.0,0.0,0.0,0.0,0.0,0.0,0.0,0.0,0.0,0.0,0.0,0.0,0.0,0.0,vectored,valid25,2,2026-07-31T16:35:47+00:00
crossbar_64_8_4_5nm_TT_0V7_25C_1333p33MHz,crossbar,data_width=64;num_inputs=8;num_outputs=4,5nm,TT,0.7,25.0,0.75,1333.3333333333333,64,8,4,V-2023.12-SP4,3945,3945,0,129.821999,129.821999,0.0,0.0,0.0,0.5,0.05,0.0,0,V-2023.12-SP4,2943,2943,0,92.1,92.1,0.0,185.0688,0.4976,0.0,0.0,0.55,-0.0,-0.0,1,V-2023.12-SP3,V-2023.12-SP4,0.4027,0.6476000000000001,0.0006477999999999999,1.0510000000000002,1.0503,0.787725,0.0,0.0,0.0,0.0,0.0,0.0,0.0,0.0,0.4027,0.6476000000000001,0.0006477999999999999,1.0510000000000002,0.0,0.0,0.0,0.0,0.0,0.0,0.0,0.0,0.0,0.0,0.0,0.0,0.0,0.0,0.0,0.0,unvectored,none,2,2026-07-31T16:42:03+00:00
crossbar_64_8_4_5nm_TT_0V7_25C_1333p33MHz,crossbar,data_width=64;num_inputs=8;num_outputs=4,5nm,TT,0.7,25.0,0.75,1333.3333333333333,64,8,4,V-2023.12-SP4,3945,3945,0,129.821999,129.821999,0.0,0.0,0.0,0.5,0.05,0.0,0,V-2023.12-SP4,2943,2943,0,92.1,92.1,0.0,185.0688,0.4976,0.0,0.0,0.55,-0.0,-0.0,1,V-2023.12-SP3,V-2023.12-SP4,0.6975,1.004,0.000639,1.702,1.7015,1.276125,0.0,0.0,0.0,0.0,0.0,0.0,0.0,0.0,0.6975,1.004,0.000639,1.702,0.0,0.0,0.0,0.0,0.0,0.0,0.0,0.0,0.0,0.0,0.0,0.0,0.0,0.0,0.0,0.0,vectored,random,2,2026-07-31T16:42:11+00:00
crossbar_64_8_4_5nm_TT_0V7_25C_1333p33MHz,crossbar,data_width=64;num_inputs=8;num_outputs=4,5nm,TT,0.7,25.0,0.75,1333.3333333333333,64,8,4,V-2023.12-SP4,3945,3945,0,129.821999,129.821999,0.0,0.0,0.0,0.5,0.05,0.0,0,V-2023.12-SP4,2943,2943,0,92.1,92.1,0.0,185.0688,0.4976,0.0,0.0,0.55,-0.0,-0.0,1,V-2023.12-SP3,V-2023.12-SP4,0.34059999999999996,0.4511,0.0006327,0.7923,0.7917,0.5937749999999999,0.0,0.0,0.0,0.0,0.0,0.0,0.0,0.0,0.34059999999999996,0.4511,0.0006327,0.7923,0.0,0.0,0.0,0.0,0.0,0.0,0.0,0.0,0.0,0.0,0.0,0.0,0.0,0.0,0.0,0.0,vectored,fixed_route,2,2026-07-31T16:42:20+00:00
crossbar_64_8_4_5nm_TT_0V7_25C_1333p33MHz,crossbar,data_width=64;num_inputs=8;num_outputs=4,5nm,TT,0.7,25.0,0.75,1333.3333333333333,64,8,4,V-2023.12-SP4,3945,3945,0,129.821999,129.821999,0.0,0.0,0.0,0.5,0.05,0.0,0,V-2023.12-SP4,2943,2943,0,92.1,92.1,0.0,185.0688,0.4976,0.0,0.0,0.55,-0.0,-0.0,1,V-2023.12-SP3,V-2023.12-SP4,0.2193,0.33530000000000004,0.000655,0.5553,0.5546,0.41595,0.0,0.0,0.0,0.0,0.0,0.0,0.0,0.0,0.2193,0.33530000000000004,0.000655,0.5553,0.0,0.0,0.0,0.0,0.0,0.0,0.0,0.0,0.0,0.0,0.0,0.0,0.0,0.0,0.0,0.0,vectored,valid25,2,2026-07-31T16:42:27+00:00
crossbar_64_16_16_5nm_TT_0V7_25C_1333p33MHz,crossbar,data_width=64;num_inputs=16;num_outputs=16,5nm,TT,0.7,25.0,0.75,1333.3333333333333,64,16,16,V-2023.12-SP4,27283,27283,0,973.551589,973.551589,0.0,0.0,0.0,0.55,0.0,0.0,0,V-2023.12-SP4,21917,21917,0,716.11,716.11,0.0,1383.018,0.5178,0.0,0.0,0.63,-0.08,-47.52,1041,V-2023.12-SP3,V-2023.12-SP4,1.7429999999999999,3.702,0.005339999999999999,5.449,5.445,4.08375,0.0,0.0,0.0,0.0,0.0,0.0,0.0,0.0,1.7429999999999999,3.702,0.005339999999999999,5.449,0.0,0.0,0.0,0.0,0.0,0.0,0.0,0.0,0.0,0.0,0.0,0.0,0.0,0.0,0.0,0.0,unvectored,none,2,2026-07-31T16:48:03+00:00
crossbar_64_16_16_5nm_TT_0V7_25C_1333p33MHz,crossbar,data_width=64;num_inputs=16;num_outputs=16,5nm,TT,0.7,25.0,0.75,1333.3333333333333,64,16,16,V-2023.12-SP4,27283,27283,0,973.551589,973.551589,0.0,0.0,0.0,0.55,0.0,0.0,0,V-2023.12-SP4,21917,21917,0,716.11,716.11,0.0,1383.018,0.5178,0.0,0.0,0.63,-0.08,-47.52,1041,V-2023.12-SP3,V-2023.12-SP4,2.836,5.574,0.0052569999999999995,8.416,8.41,6.3075,0.0,0.0,0.0,0.0,0.0,0.0,0.0,0.0,2.836,5.574,0.0052569999999999995,8.416,0.0,0.0,0.0,0.0,0.0,0.0,0.0,0.0,0.0,0.0,0.0,0.0,0.0,0.0,0.0,0.0,vectored,random,2,2026-07-31T16:48:13+00:00
crossbar_64_16_16_5nm_TT_0V7_25C_1333p33MHz,crossbar,data_width=64;num_inputs=16;num_outputs=16,5nm,TT,0.7,25.0,0.75,1333.3333333333333,64,16,16,V-2023.12-SP4,27283,27283,0,973.551589,973.551589,0.0,0.0,0.0,0.55,0.0,0.0,0,V-2023.12-SP4,21917,21917,0,716.11,716.11,0.0,1383.018,0.5178,0.0,0.0,0.63,-0.08,-47.52,1041,V-2023.12-SP3,V-2023.12-SP4,1.377,3.0799999999999996,0.005178,4.460999999999999,4.457,3.3427499999999997,0.0,0.0,0.0,0.0,0.0,0.0,0.0,0.0,1.377,3.0799999999999996,0.005178,4.460999999999999,0.0,0.0,0.0,0.0,0.0,0.0,0.0,0.0,0.0,0.0,0.0,0.0,0.0,0.0,0.0,0.0,vectored,fixed_route,2,2026-07-31T16:48:24+00:00
crossbar_64_16_16_5nm_TT_0V7_25C_1333p33MHz,crossbar,data_width=64;num_inputs=16;num_outputs=16,5nm,TT,0.7,25.0,0.75,1333.3333333333333,64,16,16,V-2023.12-SP4,27283,27283,0,973.551589,973.551589,0.0,0.0,0.0,0.55,0.0,0.0,0,V-2023.12-SP4,21917,21917,0,716.11,716.11,0.0,1383.018,0.5178,0.0,0.0,0.63,-0.08,-47.52,1041,V-2023.12-SP3,V-2023.12-SP4,0.7234,1.4549999999999998,0.0054020000000000006,2.184,2.1784,1.6338,0.0,0.0,0.0,0.0,0.0,0.0,0.0,0.0,0.7234,1.4549999999999998,0.0054020000000000006,2.184,0.0,0.0,0.0,0.0,0.0,0.0,0.0,0.0,0.0,0.0,0.0,0.0,0.0,0.0,0.0,0.0,vectored,valid25,2,2026-07-31T16:48:35+00:00
crossbar_64_8_4_5nm_TT_0V7_25C_800MHz,crossbar,data_width=64;num_inputs=8;num_outputs=4,5nm,TT,0.7,25.0,1.25,800.0,64,8,4,V-2023.12-SP4,1827,1827,0,65.452799,65.452799,0.0,0.0,0.0,1.03,0.02,0.0,0,V-2023.12-SP4,1860,1860,0,66.49,66.49,0.0,92.4084,0.7195,0.0,0.0,1.05,0.0,0.0,0,V-2023.12-SP3,V-2023.12-SP4,0.1573,0.24810000000000001,0.0004071,0.4058,0.4054,0.50675,0.0,0.0,0.0,0.0,0.0,0.0,0.0,0.0,0.1573,0.24810000000000001,0.0004071,0.4058,0.0,0.0,0.0,0.0,0.0,0.0,0.0,0.0,0.0,0.0,0.0,0.0,0.0,0.0,0.0,0.0,unvectored,none,2,2026-07-31T16:49:41+00:00
crossbar_64_8_4_5nm_TT_0V7_25C_800MHz,crossbar,data_width=64;num_inputs=8;num_outputs=4,5nm,TT,0.7,25.0,1.25,800.0,64,8,4,V-2023.12-SP4,1827,1827,0,65.452799,65.452799,0.0,0.0,0.0,1.03,0.02,0.0,0,V-2023.12-SP4,1860,1860,0,66.49,66.49,0.0,92.4084,0.7195,0.0,0.0,1.05,0.0,0.0,0,V-2023.12-SP3,V-2023.12-SP4,0.2832,0.40890000000000004,0.0004029,0.6925,0.6921,0.865125,0.0,0.0,0.0,0.0,0.0,0.0,0.0,0.0,0.2832,0.40890000000000004,0.0004029,0.6925,0.0,0.0,0.0,0.0,0.0,0.0,0.0,0.0,0.0,0.0,0.0,0.0,0.0,0.0,0.0,0.0,vectored,random,2,2026-07-31T16:49:49+00:00
crossbar_64_8_4_5nm_TT_0V7_25C_800MHz,crossbar,data_width=64;num_inputs=8;num_outputs=4,5nm,TT,0.7,25.0,1.25,800.0,64,8,4,V-2023.12-SP4,1827,1827,0,65.452799,65.452799,0.0,0.0,0.0,1.03,0.02,0.0,0,V-2023.12-SP4,1860,1860,0,66.49,66.49,0.0,92.4084,0.7195,0.0,0.0,1.05,0.0,0.0,0,V-2023.12-SP3,V-2023.12-SP4,0.11349999999999999,0.1316,0.000397,0.2455,0.24509999999999998,0.30637499999999995,0.0,0.0,0.0,0.0,0.0,0.0,0.0,0.0,0.11349999999999999,0.1316,0.000397,0.2455,0.0,0.0,0.0,0.0,0.0,0.0,0.0,0.0,0.0,0.0,0.0,0.0,0.0,0.0,0.0,0.0,vectored,fixed_route,2,2026-07-31T16:49:58+00:00
crossbar_64_8_4_5nm_TT_0V7_25C_800MHz,crossbar,data_width=64;num_inputs=8;num_outputs=4,5nm,TT,0.7,25.0,1.25,800.0,64,8,4,V-2023.12-SP4,1827,1827,0,65.452799,65.452799,0.0,0.0,0.0,1.03,0.02,0.0,0,V-2023.12-SP4,1860,1860,0,66.49,66.49,0.0,92.4084,0.7195,0.0,0.0,1.05,0.0,0.0,0,V-2023.12-SP3,V-2023.12-SP4,0.09165000000000001,0.1393,0.0004111,0.2314,0.23095000000000002,0.28868750000000004,0.0,0.0,0.0,0.0,0.0,0.0,0.0,0.0,0.09165000000000001,0.1393,0.0004111,0.2314,0.0,0.0,0.0,0.0,0.0,0.0,0.0,0.0,0.0,0.0,0.0,0.0,0.0,0.0,0.0,0.0,vectored,valid25,2,2026-07-31T16:50:06+00:00
crossbar_64_16_8_5nm_TT_0V7_25C_1333p33MHz,crossbar,data_width=64;num_inputs=16;num_outputs=8,5nm,TT,0.7,25.0,0.75,1333.3333333333333,64,16,8,V-2023.12-SP4,15569,15569,0,536.986794,536.986794,0.0,0.0,0.0,0.55,0.0,0.0,0,V-2023.12-SP4,11652,11652,0,368.73,368.73,0.0,761.8128,0.484,0.0,0.0,0.57,-0.02,-0.65,115,V-2023.12-SP3,V-2023.12-SP4,1.279,2.234,0.0027080000000000003,3.516,3.513,2.63475,0.0,0.0,0.0,0.0,0.0,0.0,0.0,0.0,1.279,2.234,0.0027080000000000003,3.516,0.0,0.0,0.0,0.0,0.0,0.0,0.0,0.0,0.0,0.0,0.0,0.0,0.0,0.0,0.0,0.0,unvectored,none,2,2026-07-31T17:05:35+00:00
crossbar_64_16_8_5nm_TT_0V7_25C_1333p33MHz,crossbar,data_width=64;num_inputs=16;num_outputs=8,5nm,TT,0.7,25.0,0.75,1333.3333333333333,64,16,8,V-2023.12-SP4,15569,15569,0,536.986794,536.986794,0.0,0.0,0.0,0.55,0.0,0.0,0,V-2023.12-SP4,11652,11652,0,368.73,368.73,0.0,761.8128,0.484,0.0,0.0,0.57,-0.02,-0.65,115,V-2023.12-SP3,V-2023.12-SP4,2.069,3.352,0.002654,5.423,5.420999999999999,4.0657499999999995,0.0,0.0,0.0,0.0,0.0,0.0,0.0,0.0,2.069,3.352,0.002654,5.423,0.0,0.0,0.0,0.0,0.0,0.0,0.0,0.0,0.0,0.0,0.0,0.0,0.0,0.0,0.0,0.0,vectored,random,2,2026-07-31T17:05:45+00:00
crossbar_64_16_8_5nm_TT_0V7_25C_1333p33MHz,crossbar,data_width=64;num_inputs=16;num_outputs=8,5nm,TT,0.7,25.0,0.75,1333.3333333333333,64,16,8,V-2023.12-SP4,15569,15569,0,536.986794,536.986794,0.0,0.0,0.0,0.55,0.0,0.0,0,V-2023.12-SP4,11652,11652,0,368.73,368.73,0.0,761.8128,0.484,0.0,0.0,0.57,-0.02,-0.65,115,V-2023.12-SP3,V-2023.12-SP4,0.9118,1.512,0.002603,2.426,2.4238,1.81785,0.0,0.0,0.0,0.0,0.0,0.0,0.0,0.0,0.9118,1.512,0.002603,2.426,0.0,0.0,0.0,0.0,0.0,0.0,0.0,0.0,0.0,0.0,0.0,0.0,0.0,0.0,0.0,0.0,vectored,fixed_route,2,2026-07-31T17:05:57+00:00
crossbar_64_16_8_5nm_TT_0V7_25C_1333p33MHz,crossbar,data_width=64;num_inputs=16;num_outputs=8,5nm,TT,0.7,25.0,0.75,1333.3333333333333,64,16,8,V-2023.12-SP4,15569,15569,0,536.986794,536.986794,0.0,0.0,0.0,0.55,0.0,0.0,0,V-2023.12-SP4,11652,11652,0,368.73,368.73,0.0,761.8128,0.484,0.0,0.0,0.57,-0.02,-0.65,115,V-2023.12-SP3,V-2023.12-SP4,0.6419,1.072,0.002758,1.717,1.7139000000000002,1.285425,0.0,0.0,0.0,0.0,0.0,0.0,0.0,0.0,0.6419,1.072,0.002758,1.717,0.0,0.0,0.0,0.0,0.0,0.0,0.0,0.0,0.0,0.0,0.0,0.0,0.0,0.0,0.0,0.0,vectored,valid25,2,2026-07-31T17:06:07+00:00
crossbar_64_4_8_5nm_TT_0V7_25C_1333p33MHz,crossbar,data_width=64;num_inputs=4;num_outputs=8,5nm,TT,0.7,25.0,0.75,1333.3333333333333,64,4,8,V-2023.12-SP4,1706,1706,0,61.420799,61.420799,0.0,0.0,0.0,0.55,0.0,0.0,0,V-2023.12-SP4,1748,1748,0,62.34,62.34,0.0,86.394,0.7215,0.0,0.0,0.55,-0.0,-0.01,5,V-2023.12-SP3,V-2023.12-SP4,0.1646,0.22039999999999998,0.0004531,0.38539999999999996,0.385,0.28875,0.0,0.0,0.0,0.0,0.0,0.0,0.0,0.0,0.1646,0.22039999999999998,0.0004531,0.38539999999999996,0.0,0.0,0.0,0.0,0.0,0.0,0.0,0.0,0.0,0.0,0.0,0.0,0.0,0.0,0.0,0.0,unvectored,none,2,2026-07-31T17:15:16+00:00
crossbar_64_4_8_5nm_TT_0V7_25C_1333p33MHz,crossbar,data_width=64;num_inputs=4;num_outputs=8,5nm,TT,0.7,25.0,0.75,1333.3333333333333,64,4,8,V-2023.12-SP4,1706,1706,0,61.420799,61.420799,0.0,0.0,0.0,0.55,0.0,0.0,0,V-2023.12-SP4,1748,1748,0,62.34,62.34,0.0,86.394,0.7215,0.0,0.0,0.55,-0.0,-0.01,5,V-2023.12-SP3,V-2023.12-SP4,0.30660000000000004,0.38289999999999996,0.0004522,0.69,0.6895,0.5171250000000001,0.0,0.0,0.0,0.0,0.0,0.0,0.0,0.0,0.30660000000000004,0.38289999999999996,0.0004522,0.69,0.0,0.0,0.0,0.0,0.0,0.0,0.0,0.0,0.0,0.0,0.0,0.0,0.0,0.0,0.0,0.0,vectored,random,2,2026-07-31T17:15:25+00:00
crossbar_64_4_8_5nm_TT_0V7_25C_1333p33MHz,crossbar,data_width=64;num_inputs=4;num_outputs=8,5nm,TT,0.7,25.0,0.75,1333.3333333333333,64,4,8,V-2023.12-SP4,1706,1706,0,61.420799,61.420799,0.0,0.0,0.0,0.55,0.0,0.0,0,V-2023.12-SP4,1748,1748,0,62.34,62.34,0.0,86.394,0.7215,0.0,0.0,0.55,-0.0,-0.01,5,V-2023.12-SP3,V-2023.12-SP4,0.1184,0.07733000000000001,0.0004503,0.19619999999999999,0.19573000000000002,0.14679750000000003,0.0,0.0,0.0,0.0,0.0,0.0,0.0,0.0,0.1184,0.07733000000000001,0.0004503,0.19619999999999999,0.0,0.0,0.0,0.0,0.0,0.0,0.0,0.0,0.0,0.0,0.0,0.0,0.0,0.0,0.0,0.0,vectored,fixed_route,2,2026-07-31T17:15:36+00:00
crossbar_64_4_8_5nm_TT_0V7_25C_1333p33MHz,crossbar,data_width=64;num_inputs=4;num_outputs=8,5nm,TT,0.7,25.0,0.75,1333.3333333333333,64,4,8,V-2023.12-SP4,1706,1706,0,61.420799,61.420799,0.0,0.0,0.0,0.55,0.0,0.0,0,V-2023.12-SP4,1748,1748,0,62.34,62.34,0.0,86.394,0.7215,0.0,0.0,0.55,-0.0,-0.01,5,V-2023.12-SP3,V-2023.12-SP4,0.06931999999999999,0.09539,0.00045349999999999996,0.1652,0.16471,0.12353249999999999,0.0,0.0,0.0,0.0,0.0,0.0,0.0,0.0,0.06931999999999999,0.09539,0.00045349999999999996,0.1652,0.0,0.0,0.0,0.0,0.0,0.0,0.0,0.0,0.0,0.0,0.0,0.0,0.0,0.0,0.0,0.0,vectored,valid25,2,2026-07-31T17:15:43+00:00
crossbar_64_4_8_5nm_TT_0V7_25C_800MHz,crossbar,data_width=64;num_inputs=4;num_outputs=8,5nm,TT,0.7,25.0,1.25,800.0,64,4,8,V-2023.12-SP4,1697,1697,0,60.874799,60.874799,0.0,0.0,0.0,0.96,0.09,0.0,0,V-2023.12-SP4,1755,1755,0,62.17,62.17,0.0,85.932,0.7235,0.0,0.0,0.64,0.41,0.0,0,V-2023.12-SP3,V-2023.12-SP4,0.09841,0.13329999999999997,0.0004458,0.2321,0.23170999999999997,0.2896375,0.0,0.0,0.0,0.0,0.0,0.0,0.0,0.0,0.09841,0.13329999999999997,0.0004458,0.2321,0.0,0.0,0.0,0.0,0.0,0.0,0.0,0.0,0.0,0.0,0.0,0.0,0.0,0.0,0.0,0.0,unvectored,none,2,2026-07-31T17:24:26+00:00
crossbar_64_4_8_5nm_TT_0V7_25C_800MHz,crossbar,data_width=64;num_inputs=4;num_outputs=8,5nm,TT,0.7,25.0,1.25,800.0,64,4,8,V-2023.12-SP4,1697,1697,0,60.874799,60.874799,0.0,0.0,0.0,0.96,0.09,0.0,0,V-2023.12-SP4,1755,1755,0,62.17,62.17,0.0,85.932,0.7235,0.0,0.0,0.64,0.41,0.0,0,V-2023.12-SP3,V-2023.12-SP4,0.1825,0.2292,0.0004449,0.4122,0.41169999999999995,0.5146249999999999,0.0,0.0,0.0,0.0,0.0,0.0,0.0,0.0,0.1825,0.2292,0.0004449,0.4122,0.0,0.0,0.0,0.0,0.0,0.0,0.0,0.0,0.0,0.0,0.0,0.0,0.0,0.0,0.0,0.0,vectored,random,2,2026-07-31T17:24:35+00:00
crossbar_64_4_8_5nm_TT_0V7_25C_800MHz,crossbar,data_width=64;num_inputs=4;num_outputs=8,5nm,TT,0.7,25.0,1.25,800.0,64,4,8,V-2023.12-SP4,1697,1697,0,60.874799,60.874799,0.0,0.0,0.0,0.96,0.09,0.0,0,V-2023.12-SP4,1755,1755,0,62.17,62.17,0.0,85.932,0.7235,0.0,0.0,0.64,0.41,0.0,0,V-2023.12-SP3,V-2023.12-SP4,0.07106,0.04688,0.0004431,0.1184,0.11793999999999999,0.14742499999999997,0.0,0.0,0.0,0.0,0.0,0.0,0.0,0.0,0.07106,0.04688,0.0004431,0.1184,0.0,0.0,0.0,0.0,0.0,0.0,0.0,0.0,0.0,0.0,0.0,0.0,0.0,0.0,0.0,0.0,vectored,fixed_route,2,2026-07-31T17:24:44+00:00
crossbar_64_4_8_5nm_TT_0V7_25C_800MHz,crossbar,data_width=64;num_inputs=4;num_outputs=8,5nm,TT,0.7,25.0,1.25,800.0,64,4,8,V-2023.12-SP4,1697,1697,0,60.874799,60.874799,0.0,0.0,0.0,0.96,0.09,0.0,0,V-2023.12-SP4,1755,1755,0,62.17,62.17,0.0,85.932,0.7235,0.0,0.0,0.64,0.41,0.0,0,V-2023.12-SP3,V-2023.12-SP4,0.04118,0.057080000000000006,0.0004461,0.09870999999999999,0.09826000000000001,0.12282500000000002,0.0,0.0,0.0,0.0,0.0,0.0,0.0,0.0,0.04118,0.057080000000000006,0.0004461,0.09870999999999999,0.0,0.0,0.0,0.0,0.0,0.0,0.0,0.0,0.0,0.0,0.0,0.0,0.0,0.0,0.0,0.0,vectored,valid25,2,2026-07-31T17:24:52+00:00
crossbar_128_2_2_5nm_TT_0V7_25C_1333p33MHz,crossbar,data_width=128;num_inputs=2;num_outputs=2,5nm,TT,0.7,25.0,0.75,1333.3333333333333,128,2,2,V-2023.12-SP4,536,536,0,15.7668,15.7668,0.0,0.0,0.0,0.33,0.22,0.0,0,V-2023.12-SP4,542,542,0,15.82,15.82,0.0,22.1088,0.7154,0.0,0.0,0.32,0.23,0.0,0,V-2023.12-SP3,V-2023.12-SP4,0.08274,0.1264,0.0001073,0.2092,0.20914,0.156855,0.0,0.0,0.0,0.0,0.0,0.0,0.0,0.0,0.08274,0.1264,0.0001073,0.2092,0.0,0.0,0.0,0.0,0.0,0.0,0.0,0.0,0.0,0.0,0.0,0.0,0.0,0.0,0.0,0.0,unvectored,none,2,2026-07-31T17:29:14+00:00
crossbar_128_2_2_5nm_TT_0V7_25C_1333p33MHz,crossbar,data_width=128;num_inputs=2;num_outputs=2,5nm,TT,0.7,25.0,0.75,1333.3333333333333,128,2,2,V-2023.12-SP4,536,536,0,15.7668,15.7668,0.0,0.0,0.0,0.33,0.22,0.0,0,V-2023.12-SP4,542,542,0,15.82,15.82,0.0,22.1088,0.7154,0.0,0.0,0.32,0.23,0.0,0,V-2023.12-SP3,V-2023.12-SP4,0.15239999999999998,0.1982,0.0001102,0.3507,0.35059999999999997,0.26294999999999996,0.0,0.0,0.0,0.0,0.0,0.0,0.0,0.0,0.15239999999999998,0.1982,0.0001102,0.3507,0.0,0.0,0.0,0.0,0.0,0.0,0.0,0.0,0.0,0.0,0.0,0.0,0.0,0.0,0.0,0.0,vectored,random,2,2026-07-31T17:29:21+00:00
crossbar_128_2_2_5nm_TT_0V7_25C_1333p33MHz,crossbar,data_width=128;num_inputs=2;num_outputs=2,5nm,TT,0.7,25.0,0.75,1333.3333333333333,128,2,2,V-2023.12-SP4,536,536,0,15.7668,15.7668,0.0,0.0,0.0,0.33,0.22,0.0,0,V-2023.12-SP4,542,542,0,15.82,15.82,0.0,22.1088,0.7154,0.0,0.0,0.32,0.23,0.0,0,V-2023.12-SP3,V-2023.12-SP4,0.09762,0.07286000000000001,0.0001153,0.1706,0.17048000000000002,0.12786000000000003,0.0,0.0,0.0,0.0,0.0,0.0,0.0,0.0,0.09762,0.07286000000000001,0.0001153,0.1706,0.0,0.0,0.0,0.0,0.0,0.0,0.0,0.0,0.0,0.0,0.0,0.0,0.0,0.0,0.0,0.0,vectored,fixed_route,2,2026-07-31T17:29:29+00:00
crossbar_128_2_2_5nm_TT_0V7_25C_1333p33MHz,crossbar,data_width=128;num_inputs=2;num_outputs=2,5nm,TT,0.7,25.0,0.75,1333.3333333333333,128,2,2,V-2023.12-SP4,536,536,0,15.7668,15.7668,0.0,0.0,0.0,0.33,0.22,0.0,0,V-2023.12-SP4,542,542,0,15.82,15.82,0.0,22.1088,0.7154,0.0,0.0,0.32,0.23,0.0,0,V-2023.12-SP3,V-2023.12-SP4,0.04354,0.07051,0.0001048,0.1142,0.11405000000000001,0.08553750000000002,0.0,0.0,0.0,0.0,0.0,0.0,0.0,0.0,0.04354,0.07051,0.0001048,0.1142,0.0,0.0,0.0,0.0,0.0,0.0,0.0,0.0,0.0,0.0,0.0,0.0,0.0,0.0,0.0,0.0,vectored,valid25,2,2026-07-31T17:29:37+00:00
crossbar_64_16_8_5nm_TT_0V7_25C_800MHz,crossbar,data_width=64;num_inputs=16;num_outputs=8,5nm,TT,0.7,25.0,1.25,800.0,64,16,8,V-2023.12-SP4,7348,7348,0,267.061195,267.061195,0.0,0.0,0.0,1.04,0.01,0.0,0,V-2023.12-SP4,7349,7349,0,269.58,269.58,0.0,380.016,0.7094,0.0,0.0,1.04,0.01,0.0,0,V-2023.12-SP3,V-2023.12-SP4,0.5199,0.8056,0.001718,1.327,1.3255,1.6568749999999999,0.0,0.0,0.0,0.0,0.0,0.0,0.0,0.0,0.5199,0.8056,0.001718,1.327,0.0,0.0,0.0,0.0,0.0,0.0,0.0,0.0,0.0,0.0,0.0,0.0,0.0,0.0,0.0,0.0,unvectored,none,2,2026-07-31T17:31:30+00:00
crossbar_64_16_8_5nm_TT_0V7_25C_800MHz,crossbar,data_width=64;num_inputs=16;num_outputs=8,5nm,TT,0.7,25.0,1.25,800.0,64,16,8,V-2023.12-SP4,7348,7348,0,267.061195,267.061195,0.0,0.0,0.0,1.04,0.01,0.0,0,V-2023.12-SP4,7349,7349,0,269.58,269.58,0.0,380.016,0.7094,0.0,0.0,1.04,0.01,0.0,0,V-2023.12-SP3,V-2023.12-SP4,0.8792,1.2630000000000001,0.001687,2.144,2.1422,2.6777499999999996,0.0,0.0,0.0,0.0,0.0,0.0,0.0,0.0,0.8792,1.2630000000000001,0.001687,2.144,0.0,0.0,0.0,0.0,0.0,0.0,0.0,0.0,0.0,0.0,0.0,0.0,0.0,0.0,0.0,0.0,vectored,random,2,2026-07-31T17:31:39+00:00
crossbar_64_16_8_5nm_TT_0V7_25C_800MHz,crossbar,data_width=64;num_inputs=16;num_outputs=8,5nm,TT,0.7,25.0,1.25,800.0,64,16,8,V-2023.12-SP4,7348,7348,0,267.061195,267.061195,0.0,0.0,0.0,1.04,0.01,0.0,0,V-2023.12-SP4,7349,7349,0,269.58,269.58,0.0,380.016,0.7094,0.0,0.0,1.04,0.01,0.0,0,V-2023.12-SP3,V-2023.12-SP4,0.36900000000000005,0.43770000000000003,0.001641,0.8084,0.8067000000000001,1.008375,0.0,0.0,0.0,0.0,0.0,0.0,0.0,0.0,0.36900000000000005,0.43770000000000003,0.001641,0.8084,0.0,0.0,0.0,0.0,0.0,0.0,0.0,0.0,0.0,0.0,0.0,0.0,0.0,0.0,0.0,0.0,vectored,fixed_route,2,2026-07-31T17:31:50+00:00
crossbar_64_16_8_5nm_TT_0V7_25C_800MHz,crossbar,data_width=64;num_inputs=16;num_outputs=8,5nm,TT,0.7,25.0,1.25,800.0,64,16,8,V-2023.12-SP4,7348,7348,0,267.061195,267.061195,0.0,0.0,0.0,1.04,0.01,0.0,0,V-2023.12-SP4,7349,7349,0,269.58,269.58,0.0,380.016,0.7094,0.0,0.0,1.04,0.01,0.0,0,V-2023.12-SP3,V-2023.12-SP4,0.2692,0.4102,0.00175,0.6811,0.6794,0.8492500000000001,0.0,0.0,0.0,0.0,0.0,0.0,0.0,0.0,0.2692,0.4102,0.00175,0.6811,0.0,0.0,0.0,0.0,0.0,0.0,0.0,0.0,0.0,0.0,0.0,0.0,0.0,0.0,0.0,0.0,vectored,valid25,2,2026-07-31T17:32:01+00:00
crossbar_128_2_2_5nm_TT_0V7_25C_800MHz,crossbar,data_width=128;num_inputs=2;num_outputs=2,5nm,TT,0.7,25.0,1.25,800.0,128,2,2,V-2023.12-SP4,534,534,0,15.7668,15.7668,0.0,0.0,0.0,0.5,0.55,0.0,0,V-2023.12-SP4,540,540,0,15.78,15.78,0.0,22.1088,0.7135,0.0,0.0,0.31,0.74,0.0,0,V-2023.12-SP3,V-2023.12-SP4,0.04879,0.07524,0.0001069,0.1241,0.12403,0.1550375,0.0,0.0,0.0,0.0,0.0,0.0,0.0,0.0,0.04879,0.07524,0.0001069,0.1241,0.0,0.0,0.0,0.0,0.0,0.0,0.0,0.0,0.0,0.0,0.0,0.0,0.0,0.0,0.0,0.0,unvectored,none,2,2026-07-31T17:33:19+00:00
crossbar_128_2_2_5nm_TT_0V7_25C_800MHz,crossbar,data_width=128;num_inputs=2;num_outputs=2,5nm,TT,0.7,25.0,1.25,800.0,128,2,2,V-2023.12-SP4,534,534,0,15.7668,15.7668,0.0,0.0,0.0,0.5,0.55,0.0,0,V-2023.12-SP4,540,540,0,15.78,15.78,0.0,22.1088,0.7135,0.0,0.0,0.31,0.74,0.0,0,V-2023.12-SP3,V-2023.12-SP4,0.09382,0.1257,0.0001098,0.2196,0.21952,0.2744,0.0,0.0,0.0,0.0,0.0,0.0,0.0,0.0,0.09382,0.1257,0.0001098,0.2196,0.0,0.0,0.0,0.0,0.0,0.0,0.0,0.0,0.0,0.0,0.0,0.0,0.0,0.0,0.0,0.0,vectored,random,2,2026-07-31T17:33:27+00:00
crossbar_128_2_2_5nm_TT_0V7_25C_800MHz,crossbar,data_width=128;num_inputs=2;num_outputs=2,5nm,TT,0.7,25.0,1.25,800.0,128,2,2,V-2023.12-SP4,534,534,0,15.7668,15.7668,0.0,0.0,0.0,0.5,0.55,0.0,0,V-2023.12-SP4,540,540,0,15.78,15.78,0.0,22.1088,0.7135,0.0,0.0,0.31,0.74,0.0,0,V-2023.12-SP3,V-2023.12-SP4,0.058440000000000006,0.04401,0.0001149,0.1026,0.10245000000000001,0.12806250000000002,0.0,0.0,0.0,0.0,0.0,0.0,0.0,0.0,0.058440000000000006,0.04401,0.0001149,0.1026,0.0,0.0,0.0,0.0,0.0,0.0,0.0,0.0,0.0,0.0,0.0,0.0,0.0,0.0,0.0,0.0,vectored,fixed_route,2,2026-07-31T17:33:34+00:00
crossbar_128_2_2_5nm_TT_0V7_25C_800MHz,crossbar,data_width=128;num_inputs=2;num_outputs=2,5nm,TT,0.7,25.0,1.25,800.0,128,2,2,V-2023.12-SP4,534,534,0,15.7668,15.7668,0.0,0.0,0.0,0.5,0.55,0.0,0,V-2023.12-SP4,540,540,0,15.78,15.78,0.0,22.1088,0.7135,0.0,0.0,0.31,0.74,0.0,0,V-2023.12-SP3,V-2023.12-SP4,0.0262,0.043519999999999996,0.00010439999999999999,0.06983,0.06972,0.08715,0.0,0.0,0.0,0.0,0.0,0.0,0.0,0.0,0.0262,0.043519999999999996,0.00010439999999999999,0.06983,0.0,0.0,0.0,0.0,0.0,0.0,0.0,0.0,0.0,0.0,0.0,0.0,0.0,0.0,0.0,0.0,vectored,valid25,2,2026-07-31T17:33:43+00:00
crossbar_64_16_16_5nm_TT_0V7_25C_800MHz,crossbar,data_width=64;num_inputs=16;num_outputs=16,5nm,TT,0.7,25.0,1.25,800.0,64,16,16,V-2023.12-SP4,14020,14020,0,522.152391,522.152391,0.0,0.0,0.0,1.04,0.01,0.0,0,V-2023.12-SP4,14119,14119,0,527.37,527.37,0.0,742.9968,0.7098,0.0,0.0,1.03,0.02,0.0,0,V-2023.12-SP3,V-2023.12-SP4,0.7517,1.374,0.003472,2.129,2.1257,2.657125,0.0,0.0,0.0,0.0,0.0,0.0,0.0,0.0,0.7517,1.374,0.003472,2.129,0.0,0.0,0.0,0.0,0.0,0.0,0.0,0.0,0.0,0.0,0.0,0.0,0.0,0.0,0.0,0.0,unvectored,none,2,2026-07-31T17:40:24+00:00
crossbar_64_16_16_5nm_TT_0V7_25C_800MHz,crossbar,data_width=64;num_inputs=16;num_outputs=16,5nm,TT,0.7,25.0,1.25,800.0,64,16,16,V-2023.12-SP4,14020,14020,0,522.152391,522.152391,0.0,0.0,0.0,1.04,0.01,0.0,0,V-2023.12-SP4,14119,14119,0,527.37,527.37,0.0,742.9968,0.7098,0.0,0.0,1.03,0.02,0.0,0,V-2023.12-SP3,V-2023.12-SP4,1.248,2.106,0.003424,3.357,3.354,4.1925,0.0,0.0,0.0,0.0,0.0,0.0,0.0,0.0,1.248,2.106,0.003424,3.357,0.0,0.0,0.0,0.0,0.0,0.0,0.0,0.0,0.0,0.0,0.0,0.0,0.0,0.0,0.0,0.0,vectored,random,2,2026-07-31T17:40:34+00:00
crossbar_64_16_16_5nm_TT_0V7_25C_800MHz,crossbar,data_width=64;num_inputs=16;num_outputs=16,5nm,TT,0.7,25.0,1.25,800.0,64,16,16,V-2023.12-SP4,14020,14020,0,522.152391,522.152391,0.0,0.0,0.0,1.04,0.01,0.0,0,V-2023.12-SP4,14119,14119,0,527.37,527.37,0.0,742.9968,0.7098,0.0,0.0,1.03,0.02,0.0,0,V-2023.12-SP3,V-2023.12-SP4,0.6246,1.014,0.0033699999999999997,1.642,1.6386,2.04825,0.0,0.0,0.0,0.0,0.0,0.0,0.0,0.0,0.6246,1.014,0.0033699999999999997,1.642,0.0,0.0,0.0,0.0,0.0,0.0,0.0,0.0,0.0,0.0,0.0,0.0,0.0,0.0,0.0,0.0,vectored,fixed_route,2,2026-07-31T17:40:46+00:00
crossbar_64_16_16_5nm_TT_0V7_25C_800MHz,crossbar,data_width=64;num_inputs=16;num_outputs=16,5nm,TT,0.7,25.0,1.25,800.0,64,16,16,V-2023.12-SP4,14020,14020,0,522.152391,522.152391,0.0,0.0,0.0,1.04,0.01,0.0,0,V-2023.12-SP4,14119,14119,0,527.37,527.37,0.0,742.9968,0.7098,0.0,0.0,1.03,0.02,0.0,0,V-2023.12-SP3,V-2023.12-SP4,0.3153,0.5557,0.0035099999999999997,0.8744999999999999,0.871,1.08875,0.0,0.0,0.0,0.0,0.0,0.0,0.0,0.0,0.3153,0.5557,0.0035099999999999997,0.8744999999999999,0.0,0.0,0.0,0.0,0.0,0.0,0.0,0.0,0.0,0.0,0.0,0.0,0.0,0.0,0.0,0.0,vectored,valid25,2,2026-07-31T17:40:56+00:00
crossbar_128_4_4_5nm_TT_0V7_25C_1333p33MHz,crossbar,data_width=128;num_inputs=4;num_outputs=4,5nm,TT,0.7,25.0,0.75,1333.3333333333333,128,4,4,V-2023.12-SP4,1657,1657,0,59.471999,59.471999,0.0,0.0,0.0,0.55,0.0,0.0,0,V-2023.12-SP4,1677,1677,0,60.33,60.33,0.0,83.4624,0.7228,0.0,0.0,0.56,-0.01,-0.01,6,V-2023.12-SP3,V-2023.12-SP4,0.2387,0.35409999999999997,0.00043099999999999996,0.5932999999999999,0.5928,0.4446,0.0,0.0,0.0,0.0,0.0,0.0,0.0,0.0,0.2387,0.35409999999999997,0.00043099999999999996,0.5932999999999999,0.0,0.0,0.0,0.0,0.0,0.0,0.0,0.0,0.0,0.0,0.0,0.0,0.0,0.0,0.0,0.0,unvectored,none,2,2026-07-31T17:42:49+00:00
crossbar_128_4_4_5nm_TT_0V7_25C_1333p33MHz,crossbar,data_width=128;num_inputs=4;num_outputs=4,5nm,TT,0.7,25.0,0.75,1333.3333333333333,128,4,4,V-2023.12-SP4,1657,1657,0,59.471999,59.471999,0.0,0.0,0.0,0.55,0.0,0.0,0,V-2023.12-SP4,1677,1677,0,60.33,60.33,0.0,83.4624,0.7228,0.0,0.0,0.56,-0.01,-0.01,6,V-2023.12-SP3,V-2023.12-SP4,0.4415,0.6106,0.00042879999999999996,1.053,1.0521,0.789075,0.0,0.0,0.0,0.0,0.0,0.0,0.0,0.0,0.4415,0.6106,0.00042879999999999996,1.053,0.0,0.0,0.0,0.0,0.0,0.0,0.0,0.0,0.0,0.0,0.0,0.0,0.0,0.0,0.0,0.0,vectored,random,2,2026-07-31T17:42:57+00:00
crossbar_128_4_4_5nm_TT_0V7_25C_1333p33MHz,crossbar,data_width=128;num_inputs=4;num_outputs=4,5nm,TT,0.7,25.0,0.75,1333.3333333333333,128,4,4,V-2023.12-SP4,1657,1657,0,59.471999,59.471999,0.0,0.0,0.0,0.55,0.0,0.0,0,V-2023.12-SP4,1677,1677,0,60.33,60.33,0.0,83.4624,0.7228,0.0,0.0,0.56,-0.01,-0.01,6,V-2023.12-SP3,V-2023.12-SP4,0.2278,0.19019999999999998,0.0004275,0.4184,0.418,0.3135,0.0,0.0,0.0,0.0,0.0,0.0,0.0,0.0,0.2278,0.19019999999999998,0.0004275,0.4184,0.0,0.0,0.0,0.0,0.0,0.0,0.0,0.0,0.0,0.0,0.0,0.0,0.0,0.0,0.0,0.0,vectored,fixed_route,2,2026-07-31T17:43:06+00:00
crossbar_128_4_4_5nm_TT_0V7_25C_1333p33MHz,crossbar,data_width=128;num_inputs=4;num_outputs=4,5nm,TT,0.7,25.0,0.75,1333.3333333333333,128,4,4,V-2023.12-SP4,1657,1657,0,59.471999,59.471999,0.0,0.0,0.0,0.55,0.0,0.0,0,V-2023.12-SP4,1677,1677,0,60.33,60.33,0.0,83.4624,0.7228,0.0,0.0,0.56,-0.01,-0.01,6,V-2023.12-SP3,V-2023.12-SP4,0.11900000000000001,0.1812,0.0004327,0.3006,0.3002,0.22515000000000002,0.0,0.0,0.0,0.0,0.0,0.0,0.0,0.0,0.11900000000000001,0.1812,0.0004327,0.3006,0.0,0.0,0.0,0.0,0.0,0.0,0.0,0.0,0.0,0.0,0.0,0.0,0.0,0.0,0.0,0.0,vectored,valid25,2,2026-07-31T17:43:15+00:00
crossbar_128_4_4_5nm_TT_0V7_25C_800MHz,crossbar,data_width=128;num_inputs=4;num_outputs=4,5nm,TT,0.7,25.0,1.25,800.0,128,4,4,V-2023.12-SP4,1636,1636,0,58.993199,58.993199,0.0,0.0,0.0,0.81,0.24,0.0,0,V-2023.12-SP4,1668,1668,0,59.56,59.56,0.0,83.0088,0.7175,0.0,0.0,0.71,0.34,0.0,0,V-2023.12-SP3,V-2023.12-SP4,0.1388,0.2132,0.00041170000000000003,0.3524,0.352,0.43999999999999995,0.0,0.0,0.0,0.0,0.0,0.0,0.0,0.0,0.1388,0.2132,0.00041170000000000003,0.3524,0.0,0.0,0.0,0.0,0.0,0.0,0.0,0.0,0.0,0.0,0.0,0.0,0.0,0.0,0.0,0.0,unvectored,none,2,2026-07-31T17:43:47+00:00
crossbar_128_4_4_5nm_TT_0V7_25C_800MHz,crossbar,data_width=128;num_inputs=4;num_outputs=4,5nm,TT,0.7,25.0,1.25,800.0,128,4,4,V-2023.12-SP4,1636,1636,0,58.993199,58.993199,0.0,0.0,0.0,0.81,0.24,0.0,0,V-2023.12-SP4,1668,1668,0,59.56,59.56,0.0,83.0088,0.7175,0.0,0.0,0.71,0.34,0.0,0,V-2023.12-SP3,V-2023.12-SP4,0.2601,0.3723,0.00040970000000000004,0.6328,0.6324000000000001,0.7905000000000001,0.0,0.0,0.0,0.0,0.0,0.0,0.0,0.0,0.2601,0.3723,0.00040970000000000004,0.6328,0.0,0.0,0.0,0.0,0.0,0.0,0.0,0.0,0.0,0.0,0.0,0.0,0.0,0.0,0.0,0.0,vectored,random,2,2026-07-31T17:43:56+00:00
crossbar_128_4_4_5nm_TT_0V7_25C_800MHz,crossbar,data_width=128;num_inputs=4;num_outputs=4,5nm,TT,0.7,25.0,1.25,800.0,128,4,4,V-2023.12-SP4,1636,1636,0,58.993199,58.993199,0.0,0.0,0.0,0.81,0.24,0.0,0,V-2023.12-SP4,1668,1668,0,59.56,59.56,0.0,83.0088,0.7175,0.0,0.0,0.71,0.34,0.0,0,V-2023.12-SP3,V-2023.12-SP4,0.13779999999999998,0.1137,0.0004098,0.2519,0.25149999999999995,0.31437499999999996,0.0,0.0,0.0,0.0,0.0,0.0,0.0,0.0,0.13779999999999998,0.1137,0.0004098,0.2519,0.0,0.0,0.0,0.0,0.0,0.0,0.0,0.0,0.0,0.0,0.0,0.0,0.0,0.0,0.0,0.0,vectored,fixed_route,2,2026-07-31T17:44:05+00:00
crossbar_128_4_4_5nm_TT_0V7_25C_800MHz,crossbar,data_width=128;num_inputs=4;num_outputs=4,5nm,TT,0.7,25.0,1.25,800.0,128,4,4,V-2023.12-SP4,1636,1636,0,58.993199,58.993199,0.0,0.0,0.0,0.81,0.24,0.0,0,V-2023.12-SP4,1668,1668,0,59.56,59.56,0.0,83.0088,0.7175,0.0,0.0,0.71,0.34,0.0,0,V-2023.12-SP3,V-2023.12-SP4,0.0693,0.1094,0.000413,0.17909999999999998,0.1787,0.223375,0.0,0.0,0.0,0.0,0.0,0.0,0.0,0.0,0.0693,0.1094,0.000413,0.17909999999999998,0.0,0.0,0.0,0.0,0.0,0.0,0.0,0.0,0.0,0.0,0.0,0.0,0.0,0.0,0.0,0.0,vectored,valid25,2,2026-07-31T17:44:16+00:00
crossbar_128_8_4_5nm_TT_0V7_25C_1333p33MHz,crossbar,data_width=128;num_inputs=8;num_outputs=4,5nm,TT,0.7,25.0,0.75,1333.3333333333333,128,8,4,V-2023.12-SP4,7659,7659,0,260.542797,260.542797,0.0,0.0,0.0,0.55,0.0,0.0,0,V-2023.12-SP4,5869,5869,0,190.9,190.9,0.0,368.676,0.5178,0.0,0.0,0.56,-0.01,-0.05,12,V-2023.12-SP3,V-2023.12-SP4,0.8535,1.413,0.0014089999999999999,2.2680000000000002,2.2665,1.699875,0.0,0.0,0.0,0.0,0.0,0.0,0.0,0.0,0.8535,1.413,0.0014089999999999999,2.2680000000000002,0.0,0.0,0.0,0.0,0.0,0.0,0.0,0.0,0.0,0.0,0.0,0.0,0.0,0.0,0.0,0.0,unvectored,none,2,2026-07-31T17:58:40+00:00
crossbar_128_8_4_5nm_TT_0V7_25C_1333p33MHz,crossbar,data_width=128;num_inputs=8;num_outputs=4,5nm,TT,0.7,25.0,0.75,1333.3333333333333,128,8,4,V-2023.12-SP4,7659,7659,0,260.542797,260.542797,0.0,0.0,0.0,0.55,0.0,0.0,0,V-2023.12-SP4,5869,5869,0,190.9,190.9,0.0,368.676,0.5178,0.0,0.0,0.56,-0.01,-0.05,12,V-2023.12-SP3,V-2023.12-SP4,1.428,2.144,0.0013909999999999999,3.573,3.572,2.6790000000000003,0.0,0.0,0.0,0.0,0.0,0.0,0.0,0.0,1.428,2.144,0.0013909999999999999,3.573,0.0,0.0,0.0,0.0,0.0,0.0,0.0,0.0,0.0,0.0,0.0,0.0,0.0,0.0,0.0,0.0,vectored,random,2,2026-07-31T17:58:51+00:00
crossbar_128_8_4_5nm_TT_0V7_25C_1333p33MHz,crossbar,data_width=128;num_inputs=8;num_outputs=4,5nm,TT,0.7,25.0,0.75,1333.3333333333333,128,8,4,V-2023.12-SP4,7659,7659,0,260.542797,260.542797,0.0,0.0,0.0,0.55,0.0,0.0,0,V-2023.12-SP4,5869,5869,0,190.9,190.9,0.0,368.676,0.5178,0.0,0.0,0.56,-0.01,-0.05,12,V-2023.12-SP3,V-2023.12-SP4,0.6656,1.029,0.001375,1.696,1.6945999999999999,1.27095,0.0,0.0,0.0,0.0,0.0,0.0,0.0,0.0,0.6656,1.029,0.001375,1.696,0.0,0.0,0.0,0.0,0.0,0.0,0.0,0.0,0.0,0.0,0.0,0.0,0.0,0.0,0.0,0.0,vectored,fixed_route,2,2026-07-31T17:59:03+00:00
crossbar_128_8_4_5nm_TT_0V7_25C_1333p33MHz,crossbar,data_width=128;num_inputs=8;num_outputs=4,5nm,TT,0.7,25.0,0.75,1333.3333333333333,128,8,4,V-2023.12-SP4,7659,7659,0,260.542797,260.542797,0.0,0.0,0.0,0.55,0.0,0.0,0,V-2023.12-SP4,5869,5869,0,190.9,190.9,0.0,368.676,0.5178,0.0,0.0,0.56,-0.01,-0.05,12,V-2023.12-SP3,V-2023.12-SP4,0.4605,0.7245,0.001423,1.186,1.185,0.88875,0.0,0.0,0.0,0.0,0.0,0.0,0.0,0.0,0.4605,0.7245,0.001423,1.186,0.0,0.0,0.0,0.0,0.0,0.0,0.0,0.0,0.0,0.0,0.0,0.0,0.0,0.0,0.0,0.0,vectored,valid25,2,2026-07-31T17:59:15+00:00
crossbar_128_8_8_5nm_TT_0V7_25C_1333p33MHz,crossbar,data_width=128;num_inputs=8;num_outputs=8,5nm,TT,0.7,25.0,0.75,1333.3333333333333,128,8,8,V-2023.12-SP4,14164,14164,0,507.485994,507.485994,0.0,0.0,0.0,0.55,0.0,0.0,0,V-2023.12-SP4,11603,11603,0,371.06,371.06,0.0,723.072,0.5132,0.0,0.0,0.57,-0.02,-1.78,206,V-2023.12-SP3,V-2023.12-SP4,1.121,2.109,0.00274,3.233,3.23,2.4225,0.0,0.0,0.0,0.0,0.0,0.0,0.0,0.0,1.121,2.109,0.00274,3.233,0.0,0.0,0.0,0.0,0.0,0.0,0.0,0.0,0.0,0.0,0.0,0.0,0.0,0.0,0.0,0.0,unvectored,none,2,2026-07-31T18:04:19+00:00
crossbar_128_8_8_5nm_TT_0V7_25C_1333p33MHz,crossbar,data_width=128;num_inputs=8;num_outputs=8,5nm,TT,0.7,25.0,0.75,1333.3333333333333,128,8,8,V-2023.12-SP4,14164,14164,0,507.485994,507.485994,0.0,0.0,0.0,0.55,0.0,0.0,0,V-2023.12-SP4,11603,11603,0,371.06,371.06,0.0,723.072,0.5132,0.0,0.0,0.57,-0.02,-1.78,206,V-2023.12-SP3,V-2023.12-SP4,1.941,3.3249999999999997,0.0027089999999999996,5.269,5.266,3.9495,0.0,0.0,0.0,0.0,0.0,0.0,0.0,0.0,1.941,3.3249999999999997,0.0027089999999999996,5.269,0.0,0.0,0.0,0.0,0.0,0.0,0.0,0.0,0.0,0.0,0.0,0.0,0.0,0.0,0.0,0.0,vectored,random,2,2026-07-31T18:04:33+00:00
crossbar_128_8_8_5nm_TT_0V7_25C_1333p33MHz,crossbar,data_width=128;num_inputs=8;num_outputs=8,5nm,TT,0.7,25.0,0.75,1333.3333333333333,128,8,8,V-2023.12-SP4,14164,14164,0,507.485994,507.485994,0.0,0.0,0.0,0.55,0.0,0.0,0,V-2023.12-SP4,11603,11603,0,371.06,371.06,0.0,723.072,0.5132,0.0,0.0,0.57,-0.02,-1.78,206,V-2023.12-SP3,V-2023.12-SP4,1.026,1.7309999999999999,0.002688,2.76,2.7569999999999997,2.0677499999999998,0.0,0.0,0.0,0.0,0.0,0.0,0.0,0.0,1.026,1.7309999999999999,0.002688,2.76,0.0,0.0,0.0,0.0,0.0,0.0,0.0,0.0,0.0,0.0,0.0,0.0,0.0,0.0,0.0,0.0,vectored,fixed_route,2,2026-07-31T18:04:48+00:00
crossbar_128_8_8_5nm_TT_0V7_25C_1333p33MHz,crossbar,data_width=128;num_inputs=8;num_outputs=8,5nm,TT,0.7,25.0,0.75,1333.3333333333333,128,8,8,V-2023.12-SP4,14164,14164,0,507.485994,507.485994,0.0,0.0,0.0,0.55,0.0,0.0,0,V-2023.12-SP4,11603,11603,0,371.06,371.06,0.0,723.072,0.5132,0.0,0.0,0.57,-0.02,-1.78,206,V-2023.12-SP3,V-2023.12-SP4,0.49839999999999995,0.8978,0.0027630000000000003,1.399,1.3961999999999999,1.0471499999999998,0.0,0.0,0.0,0.0,0.0,0.0,0.0,0.0,0.49839999999999995,0.8978,0.0027630000000000003,1.399,0.0,0.0,0.0,0.0,0.0,0.0,0.0,0.0,0.0,0.0,0.0,0.0,0.0,0.0,0.0,0.0,vectored,valid25,2,2026-07-31T18:05:04+00:00
crossbar_128_8_4_5nm_TT_0V7_25C_800MHz,crossbar,data_width=128;num_inputs=8;num_outputs=4,5nm,TT,0.7,25.0,1.25,800.0,128,8,4,V-2023.12-SP4,3550,3550,0,127.184398,127.184398,0.0,0.0,0.0,1.05,0.0,0.0,0,V-2023.12-SP4,3575,3575,0,128.03,128.03,0.0,180.768,0.7083,0.0,0.0,1.05,0.0,0.0,0,V-2023.12-SP3,V-2023.12-SP4,0.3106,0.502,0.0007635,0.8134,0.8126,1.01575,0.0,0.0,0.0,0.0,0.0,0.0,0.0,0.0,0.3106,0.502,0.0007635,0.8134,0.0,0.0,0.0,0.0,0.0,0.0,0.0,0.0,0.0,0.0,0.0,0.0,0.0,0.0,0.0,0.0,unvectored,none,2,2026-07-31T18:34:44+00:00
crossbar_128_8_4_5nm_TT_0V7_25C_800MHz,crossbar,data_width=128;num_inputs=8;num_outputs=4,5nm,TT,0.7,25.0,1.25,800.0,128,8,4,V-2023.12-SP4,3550,3550,0,127.184398,127.184398,0.0,0.0,0.0,1.05,0.0,0.0,0,V-2023.12-SP4,3575,3575,0,128.03,128.03,0.0,180.768,0.7083,0.0,0.0,1.05,0.0,0.0,0,V-2023.12-SP3,V-2023.12-SP4,0.5265,0.764,0.0007542,1.2910000000000001,1.2905,1.613125,0.0,0.0,0.0,0.0,0.0,0.0,0.0,0.0,0.5265,0.764,0.0007542,1.2910000000000001,0.0,0.0,0.0,0.0,0.0,0.0,0.0,0.0,0.0,0.0,0.0,0.0,0.0,0.0,0.0,0.0,vectored,random,2,2026-07-31T18:34:52+00:00
crossbar_128_8_4_5nm_TT_0V7_25C_800MHz,crossbar,data_width=128;num_inputs=8;num_outputs=4,5nm,TT,0.7,25.0,1.25,800.0,128,8,4,V-2023.12-SP4,3550,3550,0,127.184398,127.184398,0.0,0.0,0.0,1.05,0.0,0.0,0,V-2023.12-SP4,3575,3575,0,128.03,128.03,0.0,180.768,0.7083,0.0,0.0,1.05,0.0,0.0,0,V-2023.12-SP3,V-2023.12-SP4,0.24350000000000002,0.283,0.0007457,0.5273,0.5265,0.658125,0.0,0.0,0.0,0.0,0.0,0.0,0.0,0.0,0.24350000000000002,0.283,0.0007457,0.5273,0.0,0.0,0.0,0.0,0.0,0.0,0.0,0.0,0.0,0.0,0.0,0.0,0.0,0.0,0.0,0.0,vectored,fixed_route,2,2026-07-31T18:35:01+00:00
crossbar_128_8_4_5nm_TT_0V7_25C_800MHz,crossbar,data_width=128;num_inputs=8;num_outputs=4,5nm,TT,0.7,25.0,1.25,800.0,128,8,4,V-2023.12-SP4,3550,3550,0,127.184398,127.184398,0.0,0.0,0.0,1.05,0.0,0.0,0,V-2023.12-SP4,3575,3575,0,128.03,128.03,0.0,180.768,0.7083,0.0,0.0,1.05,0.0,0.0,0,V-2023.12-SP3,V-2023.12-SP4,0.1744,0.27540000000000003,0.000772,0.4506,0.44980000000000003,0.56225,0.0,0.0,0.0,0.0,0.0,0.0,0.0,0.0,0.1744,0.27540000000000003,0.000772,0.4506,0.0,0.0,0.0,0.0,0.0,0.0,0.0,0.0,0.0,0.0,0.0,0.0,0.0,0.0,0.0,0.0,vectored,valid25,2,2026-07-31T18:35:10+00:00
crossbar_128_8_8_5nm_TT_0V7_25C_800MHz,crossbar,data_width=128;num_inputs=8;num_outputs=8,5nm,TT,0.7,25.0,1.25,800.0,128,8,8,V-2023.12-SP4,6838,6838,0,250.084796,250.084796,0.0,0.0,0.0,1.05,0.0,0.0,0,V-2023.12-SP4,6966,6966,0,254.49,254.49,0.0,355.6224,0.7156,0.0,0.0,1.09,-0.04,-0.91,86,V-2023.12-SP3,V-2023.12-SP4,0.44949999999999996,0.7593,0.001558,1.21,1.2087999999999999,1.511,0.0,0.0,0.0,0.0,0.0,0.0,0.0,0.0,0.44949999999999996,0.7593,0.001558,1.21,0.0,0.0,0.0,0.0,0.0,0.0,0.0,0.0,0.0,0.0,0.0,0.0,0.0,0.0,0.0,0.0,unvectored,none,2,2026-07-31T18:38:49+00:00
crossbar_128_8_8_5nm_TT_0V7_25C_800MHz,crossbar,data_width=128;num_inputs=8;num_outputs=8,5nm,TT,0.7,25.0,1.25,800.0,128,8,8,V-2023.12-SP4,6838,6838,0,250.084796,250.084796,0.0,0.0,0.0,1.05,0.0,0.0,0,V-2023.12-SP4,6966,6966,0,254.49,254.49,0.0,355.6224,0.7156,0.0,0.0,1.09,-0.04,-0.91,86,V-2023.12-SP3,V-2023.12-SP4,0.7987,1.216,0.001544,2.0170000000000003,2.0147,2.518375,0.0,0.0,0.0,0.0,0.0,0.0,0.0,0.0,0.7987,1.216,0.001544,2.0170000000000003,0.0,0.0,0.0,0.0,0.0,0.0,0.0,0.0,0.0,0.0,0.0,0.0,0.0,0.0,0.0,0.0,vectored,random,2,2026-07-31T18:39:01+00:00
crossbar_128_8_8_5nm_TT_0V7_25C_800MHz,crossbar,data_width=128;num_inputs=8;num_outputs=8,5nm,TT,0.7,25.0,1.25,800.0,128,8,8,V-2023.12-SP4,6838,6838,0,250.084796,250.084796,0.0,0.0,0.0,1.05,0.0,0.0,0,V-2023.12-SP4,6966,6966,0,254.49,254.49,0.0,355.6224,0.7156,0.0,0.0,1.09,-0.04,-0.91,86,V-2023.12-SP3,V-2023.12-SP4,0.3856,0.5286,0.001527,0.9157,0.9141999999999999,1.14275,0.0,0.0,0.0,0.0,0.0,0.0,0.0,0.0,0.3856,0.5286,0.001527,0.9157,0.0,0.0,0.0,0.0,0.0,0.0,0.0,0.0,0.0,0.0,0.0,0.0,0.0,0.0,0.0,0.0,vectored,fixed_route,2,2026-07-31T18:39:12+00:00
crossbar_128_8_8_5nm_TT_0V7_25C_800MHz,crossbar,data_width=128;num_inputs=8;num_outputs=8,5nm,TT,0.7,25.0,1.25,800.0,128,8,8,V-2023.12-SP4,6838,6838,0,250.084796,250.084796,0.0,0.0,0.0,1.05,0.0,0.0,0,V-2023.12-SP4,6966,6966,0,254.49,254.49,0.0,355.6224,0.7156,0.0,0.0,1.09,-0.04,-0.91,86,V-2023.12-SP3,V-2023.12-SP4,0.20479999999999998,0.3332,0.0015689999999999999,0.5395000000000001,0.538,0.6725000000000001,0.0,0.0,0.0,0.0,0.0,0.0,0.0,0.0,0.20479999999999998,0.3332,0.0015689999999999999,0.5395000000000001,0.0,0.0,0.0,0.0,0.0,0.0,0.0,0.0,0.0,0.0,0.0,0.0,0.0,0.0,0.0,0.0,vectored,valid25,2,2026-07-31T18:39:25+00:00
crossbar_128_4_8_5nm_TT_0V7_25C_1333p33MHz,crossbar,data_width=128;num_inputs=4;num_outputs=8,5nm,TT,0.7,25.0,0.75,1333.3333333333333,128,4,8,V-2023.12-SP4,3298,3298,0,118.599599,118.599599,0.0,0.0,0.0,0.53,0.02,0.0,0,V-2023.12-SP4,3369,3369,0,120.55,120.55,0.0,168.168,0.7168,0.0,0.0,0.54,0.01,0.0,0,V-2023.12-SP3,V-2023.12-SP4,0.3054,0.4372,0.0008569,0.7434,0.7425999999999999,0.55695,0.0,0.0,0.0,0.0,0.0,0.0,0.0,0.0,0.3054,0.4372,0.0008569,0.7434,0.0,0.0,0.0,0.0,0.0,0.0,0.0,0.0,0.0,0.0,0.0,0.0,0.0,0.0,0.0,0.0,unvectored,none,2,2026-07-31T18:40:17+00:00
crossbar_128_4_8_5nm_TT_0V7_25C_1333p33MHz,crossbar,data_width=128;num_inputs=4;num_outputs=8,5nm,TT,0.7,25.0,0.75,1333.3333333333333,128,4,8,V-2023.12-SP4,3298,3298,0,118.599599,118.599599,0.0,0.0,0.0,0.53,0.02,0.0,0,V-2023.12-SP4,3369,3369,0,120.55,120.55,0.0,168.168,0.7168,0.0,0.0,0.54,0.01,0.0,0,V-2023.12-SP3,V-2023.12-SP4,0.5537,0.7251,0.0008545,1.28,1.2788,0.9591,0.0,0.0,0.0,0.0,0.0,0.0,0.0,0.0,0.5537,0.7251,0.0008545,1.28,0.0,0.0,0.0,0.0,0.0,0.0,0.0,0.0,0.0,0.0,0.0,0.0,0.0,0.0,0.0,0.0,vectored,random,2,2026-07-31T18:40:29+00:00
crossbar_128_4_8_5nm_TT_0V7_25C_1333p33MHz,crossbar,data_width=128;num_inputs=4;num_outputs=8,5nm,TT,0.7,25.0,0.75,1333.3333333333333,128,4,8,V-2023.12-SP4,3298,3298,0,118.599599,118.599599,0.0,0.0,0.0,0.53,0.02,0.0,0,V-2023.12-SP4,3369,3369,0,120.55,120.55,0.0,168.168,0.7168,0.0,0.0,0.54,0.01,0.0,0,V-2023.12-SP3,V-2023.12-SP4,0.21680000000000002,0.16799999999999998,0.0008548,0.3857,0.38480000000000003,0.2886,0.0,0.0,0.0,0.0,0.0,0.0,0.0,0.0,0.21680000000000002,0.16799999999999998,0.0008548,0.3857,0.0,0.0,0.0,0.0,0.0,0.0,0.0,0.0,0.0,0.0,0.0,0.0,0.0,0.0,0.0,0.0,vectored,fixed_route,2,2026-07-31T18:40:41+00:00
crossbar_128_4_8_5nm_TT_0V7_25C_1333p33MHz,crossbar,data_width=128;num_inputs=4;num_outputs=8,5nm,TT,0.7,25.0,0.75,1333.3333333333333,128,4,8,V-2023.12-SP4,3298,3298,0,118.599599,118.599599,0.0,0.0,0.0,0.53,0.02,0.0,0,V-2023.12-SP4,3369,3369,0,120.55,120.55,0.0,168.168,0.7168,0.0,0.0,0.54,0.01,0.0,0,V-2023.12-SP3,V-2023.12-SP4,0.1264,0.1864,0.0008587,0.3137,0.3128,0.23460000000000003,0.0,0.0,0.0,0.0,0.0,0.0,0.0,0.0,0.1264,0.1864,0.0008587,0.3137,0.0,0.0,0.0,0.0,0.0,0.0,0.0,0.0,0.0,0.0,0.0,0.0,0.0,0.0,0.0,0.0,vectored,valid25,2,2026-07-31T18:40:52+00:00
crossbar_128_4_8_5nm_TT_0V7_25C_800MHz,crossbar,data_width=128;num_inputs=4;num_outputs=8,5nm,TT,0.7,25.0,1.25,800.0,128,4,8,V-2023.12-SP4,3295,3295,0,118.557599,118.557599,0.0,0.0,0.0,0.82,0.23,0.0,0,V-2023.12-SP4,3376,3376,0,120.33,120.33,0.0,168.168,0.7155,0.0,0.0,0.73,0.32,0.0,0,V-2023.12-SP3,V-2023.12-SP4,0.18159999999999998,0.26170000000000004,0.000848,0.4441,0.4433,0.554125,0.0,0.0,0.0,0.0,0.0,0.0,0.0,0.0,0.18159999999999998,0.26170000000000004,0.000848,0.4441,0.0,0.0,0.0,0.0,0.0,0.0,0.0,0.0,0.0,0.0,0.0,0.0,0.0,0.0,0.0,0.0,unvectored,none,2,2026-07-31T19:06:07+00:00
crossbar_128_4_8_5nm_TT_0V7_25C_800MHz,crossbar,data_width=128;num_inputs=4;num_outputs=8,5nm,TT,0.7,25.0,1.25,800.0,128,4,8,V-2023.12-SP4,3295,3295,0,118.557599,118.557599,0.0,0.0,0.0,0.82,0.23,0.0,0,V-2023.12-SP4,3376,3376,0,120.33,120.33,0.0,168.168,0.7155,0.0,0.0,0.73,0.32,0.0,0,V-2023.12-SP3,V-2023.12-SP4,0.3316,0.4386,0.0008456,0.771,0.7702,0.96275,0.0,0.0,0.0,0.0,0.0,0.0,0.0,0.0,0.3316,0.4386,0.0008456,0.771,0.0,0.0,0.0,0.0,0.0,0.0,0.0,0.0,0.0,0.0,0.0,0.0,0.0,0.0,0.0,0.0,vectored,random,2,2026-07-31T19:06:18+00:00
crossbar_128_4_8_5nm_TT_0V7_25C_800MHz,crossbar,data_width=128;num_inputs=4;num_outputs=8,5nm,TT,0.7,25.0,1.25,800.0,128,4,8,V-2023.12-SP4,3295,3295,0,118.557599,118.557599,0.0,0.0,0.0,0.82,0.23,0.0,0,V-2023.12-SP4,3376,3376,0,120.33,120.33,0.0,168.168,0.7155,0.0,0.0,0.73,0.32,0.0,0,V-2023.12-SP3,V-2023.12-SP4,0.13019999999999998,0.1005,0.0008461,0.2316,0.2307,0.288375,0.0,0.0,0.0,0.0,0.0,0.0,0.0,0.0,0.13019999999999998,0.1005,0.0008461,0.2316,0.0,0.0,0.0,0.0,0.0,0.0,0.0,0.0,0.0,0.0,0.0,0.0,0.0,0.0,0.0,0.0,vectored,fixed_route,2,2026-07-31T19:06:28+00:00
crossbar_128_4_8_5nm_TT_0V7_25C_800MHz,crossbar,data_width=128;num_inputs=4;num_outputs=8,5nm,TT,0.7,25.0,1.25,800.0,128,4,8,V-2023.12-SP4,3295,3295,0,118.557599,118.557599,0.0,0.0,0.0,0.82,0.23,0.0,0,V-2023.12-SP4,3376,3376,0,120.33,120.33,0.0,168.168,0.7155,0.0,0.0,0.73,0.32,0.0,0,V-2023.12-SP3,V-2023.12-SP4,0.07533,0.112,0.0008495999999999999,0.1882,0.18733,0.2341625,0.0,0.0,0.0,0.0,0.0,0.0,0.0,0.0,0.07533,0.112,0.0008495999999999999,0.1882,0.0,0.0,0.0,0.0,0.0,0.0,0.0,0.0,0.0,0.0,0.0,0.0,0.0,0.0,0.0,0.0,vectored,valid25,2,2026-07-31T19:06:40+00:00
crossbar_32_2_2_10nm_TT_0V8_25C_1333p33MHz,crossbar,data_width=32;num_inputs=2;num_outputs=2,10nm,TT,0.8,25.0,0.75,1333.3333333333333,32,2,2,V-2023.12-SP4,144,144,0,15.23712,15.23712,0.0,0.0,0.0,0.47,0.08,0.0,0,V-2023.12-SP4,143,143,0,15.27,15.27,0.0,21.3811,0.7141,0.0,0.0,0.27,0.28,0.0,0,V-2023.12-SP3,V-2023.12-SP4,0.030750000000000003,0.03527,3.92e-05,0.06606000000000001,0.06602000000000001,0.049515,0.0,0.0,0.0,0.0,0.0,0.0,0.0,0.0,0.030750000000000003,0.03527,3.92e-05,0.06606000000000001,0.0,0.0,0.0,0.0,0.0,0.0,0.0,0.0,0.0,0.0,0.0,0.0,0.0,0.0,0.0,0.0,unvectored,none,2,2026-08-02T12:05:43+00:00
crossbar_32_2_2_10nm_TT_0V8_25C_1333p33MHz,crossbar,data_width=32;num_inputs=2;num_outputs=2,10nm,TT,0.8,25.0,0.75,1333.3333333333333,32,2,2,V-2023.12-SP4,144,144,0,15.23712,15.23712,0.0,0.0,0.0,0.47,0.08,0.0,0,V-2023.12-SP4,143,143,0,15.27,15.27,0.0,21.3811,0.7141,0.0,0.0,0.27,0.28,0.0,0,V-2023.12-SP3,V-2023.12-SP4,0.05593,0.05593,4.01e-05,0.1119,0.11186,0.083895,0.0,0.0,0.0,0.0,0.0,0.0,0.0,0.0,0.05593,0.05593,4.01e-05,0.1119,0.0,0.0,0.0,0.0,0.0,0.0,0.0,0.0,0.0,0.0,0.0,0.0,0.0,0.0,0.0,0.0,vectored,random,2,2026-08-02T12:05:53+00:00
crossbar_32_2_2_10nm_TT_0V8_25C_1333p33MHz,crossbar,data_width=32;num_inputs=2;num_outputs=2,10nm,TT,0.8,25.0,0.75,1333.3333333333333,32,2,2,V-2023.12-SP4,144,144,0,15.23712,15.23712,0.0,0.0,0.0,0.47,0.08,0.0,0,V-2023.12-SP4,143,143,0,15.27,15.27,0.0,21.3811,0.7141,0.0,0.0,0.27,0.28,0.0,0,V-2023.12-SP3,V-2023.12-SP4,0.03355,0.01753,4.161e-05,0.05112,0.05108,0.03831,0.0,0.0,0.0,0.0,0.0,0.0,0.0,0.0,0.03355,0.01753,4.161e-05,0.05112,0.0,0.0,0.0,0.0,0.0,0.0,0.0,0.0,0.0,0.0,0.0,0.0,0.0,0.0,0.0,0.0,vectored,fixed_route,2,2026-08-02T12:06:03+00:00
crossbar_32_2_2_10nm_TT_0V8_25C_1333p33MHz,crossbar,data_width=32;num_inputs=2;num_outputs=2,10nm,TT,0.8,25.0,0.75,1333.3333333333333,32,2,2,V-2023.12-SP4,144,144,0,15.23712,15.23712,0.0,0.0,0.0,0.47,0.08,0.0,0,V-2023.12-SP4,143,143,0,15.27,15.27,0.0,21.3811,0.7141,0.0,0.0,0.27,0.28,0.0,0,V-2023.12-SP3,V-2023.12-SP4,0.01787,0.0208,3.843e-05,0.03871,0.038669999999999996,0.029002499999999997,0.0,0.0,0.0,0.0,0.0,0.0,0.0,0.0,0.01787,0.0208,3.843e-05,0.03871,0.0,0.0,0.0,0.0,0.0,0.0,0.0,0.0,0.0,0.0,0.0,0.0,0.0,0.0,0.0,0.0,vectored,valid25,2,2026-08-02T12:06:12+00:00
crossbar_32_2_2_10nm_TT_0V8_25C_800MHz,crossbar,data_width=32;num_inputs=2;num_outputs=2,10nm,TT,0.8,25.0,1.25,800.0,32,2,2,V-2023.12-SP4,144,144,0,15.23712,15.23712,0.0,0.0,0.0,0.47,0.58,0.0,0,V-2023.12-SP4,143,143,0,15.27,15.27,0.0,21.3811,0.7141,0.0,0.0,0.27,0.78,0.0,0,V-2023.12-SP3,V-2023.12-SP4,0.01845,0.02109,3.92e-05,0.03958,0.039540000000000006,0.04942500000000001,0.0,0.0,0.0,0.0,0.0,0.0,0.0,0.0,0.01845,0.02109,3.92e-05,0.03958,0.0,0.0,0.0,0.0,0.0,0.0,0.0,0.0,0.0,0.0,0.0,0.0,0.0,0.0,0.0,0.0,unvectored,none,2,2026-08-02T12:09:16+00:00
crossbar_32_2_2_10nm_TT_0V8_25C_800MHz,crossbar,data_width=32;num_inputs=2;num_outputs=2,10nm,TT,0.8,25.0,1.25,800.0,32,2,2,V-2023.12-SP4,144,144,0,15.23712,15.23712,0.0,0.0,0.0,0.47,0.58,0.0,0,V-2023.12-SP4,143,143,0,15.27,15.27,0.0,21.3811,0.7141,0.0,0.0,0.27,0.78,0.0,0,V-2023.12-SP3,V-2023.12-SP4,0.03408,0.03375,4.0119999999999995e-05,0.06786,0.06783,0.0847875,0.0,0.0,0.0,0.0,0.0,0.0,0.0,0.0,0.03408,0.03375,4.0119999999999995e-05,0.06786,0.0,0.0,0.0,0.0,0.0,0.0,0.0,0.0,0.0,0.0,0.0,0.0,0.0,0.0,0.0,0.0,vectored,random,2,2026-08-02T12:09:28+00:00
crossbar_32_2_2_10nm_TT_0V8_25C_800MHz,crossbar,data_width=32;num_inputs=2;num_outputs=2,10nm,TT,0.8,25.0,1.25,800.0,32,2,2,V-2023.12-SP4,144,144,0,15.23712,15.23712,0.0,0.0,0.0,0.47,0.58,0.0,0,V-2023.12-SP4,143,143,0,15.27,15.27,0.0,21.3811,0.7141,0.0,0.0,0.27,0.78,0.0,0,V-2023.12-SP3,V-2023.12-SP4,0.020149999999999998,0.010509999999999999,4.161e-05,0.0307,0.030659999999999996,0.038325,0.0,0.0,0.0,0.0,0.0,0.0,0.0,0.0,0.020149999999999998,0.010509999999999999,4.161e-05,0.0307,0.0,0.0,0.0,0.0,0.0,0.0,0.0,0.0,0.0,0.0,0.0,0.0,0.0,0.0,0.0,0.0,vectored,fixed_route,2,2026-08-02T12:09:39+00:00
crossbar_32_2_2_10nm_TT_0V8_25C_800MHz,crossbar,data_width=32;num_inputs=2;num_outputs=2,10nm,TT,0.8,25.0,1.25,800.0,32,2,2,V-2023.12-SP4,144,144,0,15.23712,15.23712,0.0,0.0,0.0,0.47,0.58,0.0,0,V-2023.12-SP4,143,143,0,15.27,15.27,0.0,21.3811,0.7141,0.0,0.0,0.27,0.78,0.0,0,V-2023.12-SP3,V-2023.12-SP4,0.01079,0.012480000000000002,3.844e-05,0.023309999999999997,0.02327,0.0290875,0.0,0.0,0.0,0.0,0.0,0.0,0.0,0.0,0.01079,0.012480000000000002,3.844e-05,0.023309999999999997,0.0,0.0,0.0,0.0,0.0,0.0,0.0,0.0,0.0,0.0,0.0,0.0,0.0,0.0,0.0,0.0,vectored,valid25,2,2026-08-02T12:09:51+00:00
crossbar_32_4_4_10nm_TT_0V8_25C_1333p33MHz,crossbar,data_width=32;num_inputs=4;num_outputs=4,10nm,TT,0.8,25.0,0.75,1333.3333333333333,32,4,4,V-2023.12-SP4,472,472,0,59.443202,59.443202,0.0,0.0,0.0,0.54,0.01,0.0,0,V-2023.12-SP4,471,471,0,59.63,59.63,0.0,81.2544,0.7338,0.0,0.0,0.53,0.02,0.0,0,V-2023.12-SP3,V-2023.12-SP4,0.08312,0.1098,0.0001509,0.1931,0.19291999999999998,0.14468999999999999,0.0,0.0,0.0,0.0,0.0,0.0,0.0,0.0,0.08312,0.1098,0.0001509,0.1931,0.0,0.0,0.0,0.0,0.0,0.0,0.0,0.0,0.0,0.0,0.0,0.0,0.0,0.0,0.0,0.0,unvectored,none,2,2026-08-02T12:13:55+00:00
crossbar_32_4_4_10nm_TT_0V8_25C_1333p33MHz,crossbar,data_width=32;num_inputs=4;num_outputs=4,10nm,TT,0.8,25.0,0.75,1333.3333333333333,32,4,4,V-2023.12-SP4,472,472,0,59.443202,59.443202,0.0,0.0,0.0,0.54,0.01,0.0,0,V-2023.12-SP4,471,471,0,59.63,59.63,0.0,81.2544,0.7338,0.0,0.0,0.53,0.02,0.0,0,V-2023.12-SP3,V-2023.12-SP4,0.1546,0.1844,0.0001504,0.3391,0.33899999999999997,0.25425,0.0,0.0,0.0,0.0,0.0,0.0,0.0,0.0,0.1546,0.1844,0.0001504,0.3391,0.0,0.0,0.0,0.0,0.0,0.0,0.0,0.0,0.0,0.0,0.0,0.0,0.0,0.0,0.0,0.0,vectored,random,2,2026-08-02T12:14:06+00:00
crossbar_32_4_4_10nm_TT_0V8_25C_1333p33MHz,crossbar,data_width=32;num_inputs=4;num_outputs=4,10nm,TT,0.8,25.0,0.75,1333.3333333333333,32,4,4,V-2023.12-SP4,472,472,0,59.443202,59.443202,0.0,0.0,0.0,0.54,0.01,0.0,0,V-2023.12-SP4,471,471,0,59.63,59.63,0.0,81.2544,0.7338,0.0,0.0,0.53,0.02,0.0,0,V-2023.12-SP3,V-2023.12-SP4,0.06952,0.04709,0.00015,0.1168,0.11660999999999999,0.0874575,0.0,0.0,0.0,0.0,0.0,0.0,0.0,0.0,0.06952,0.04709,0.00015,0.1168,0.0,0.0,0.0,0.0,0.0,0.0,0.0,0.0,0.0,0.0,0.0,0.0,0.0,0.0,0.0,0.0,vectored,fixed_route,2,2026-08-02T12:14:16+00:00
crossbar_32_4_4_10nm_TT_0V8_25C_1333p33MHz,crossbar,data_width=32;num_inputs=4;num_outputs=4,10nm,TT,0.8,25.0,0.75,1333.3333333333333,32,4,4,V-2023.12-SP4,472,472,0,59.443202,59.443202,0.0,0.0,0.0,0.54,0.01,0.0,0,V-2023.12-SP4,471,471,0,59.63,59.63,0.0,81.2544,0.7338,0.0,0.0,0.53,0.02,0.0,0,V-2023.12-SP3,V-2023.12-SP4,0.04332,0.05662,0.0001514,0.1001,0.09994,0.074955,0.0,0.0,0.0,0.0,0.0,0.0,0.0,0.0,0.04332,0.05662,0.0001514,0.1001,0.0,0.0,0.0,0.0,0.0,0.0,0.0,0.0,0.0,0.0,0.0,0.0,0.0,0.0,0.0,0.0,vectored,valid25,2,2026-08-02T12:14:26+00:00
crossbar_32_4_4_10nm_TT_0V8_25C_800MHz,crossbar,data_width=32;num_inputs=4;num_outputs=4,10nm,TT,0.8,25.0,1.25,800.0,32,4,4,V-2023.12-SP4,457,457,0,58.521602,58.521602,0.0,0.0,0.0,0.66,0.39,0.0,0,V-2023.12-SP4,459,459,0,58.89,58.89,0.0,80.5478,0.7311,0.0,0.0,0.7,0.35,0.0,0,V-2023.12-SP3,V-2023.12-SP4,0.05069,0.06468,0.0001491,0.1155,0.11537,0.1442125,0.0,0.0,0.0,0.0,0.0,0.0,0.0,0.0,0.05069,0.06468,0.0001491,0.1155,0.0,0.0,0.0,0.0,0.0,0.0,0.0,0.0,0.0,0.0,0.0,0.0,0.0,0.0,0.0,0.0,unvectored,none,2,2026-08-02T12:18:07+00:00
crossbar_32_4_4_10nm_TT_0V8_25C_800MHz,crossbar,data_width=32;num_inputs=4;num_outputs=4,10nm,TT,0.8,25.0,1.25,800.0,32,4,4,V-2023.12-SP4,457,457,0,58.521602,58.521602,0.0,0.0,0.0,0.66,0.39,0.0,0,V-2023.12-SP4,459,459,0,58.89,58.89,0.0,80.5478,0.7311,0.0,0.0,0.7,0.35,0.0,0,V-2023.12-SP3,V-2023.12-SP4,0.09682,0.1124,0.0001486,0.20929999999999999,0.20922000000000002,0.261525,0.0,0.0,0.0,0.0,0.0,0.0,0.0,0.0,0.09682,0.1124,0.0001486,0.20929999999999999,0.0,0.0,0.0,0.0,0.0,0.0,0.0,0.0,0.0,0.0,0.0,0.0,0.0,0.0,0.0,0.0,vectored,random,2,2026-08-02T12:18:15+00:00
crossbar_32_4_4_10nm_TT_0V8_25C_800MHz,crossbar,data_width=32;num_inputs=4;num_outputs=4,10nm,TT,0.8,25.0,1.25,800.0,32,4,4,V-2023.12-SP4,457,457,0,58.521602,58.521602,0.0,0.0,0.0,0.66,0.39,0.0,0,V-2023.12-SP4,459,459,0,58.89,58.89,0.0,80.5478,0.7311,0.0,0.0,0.7,0.35,0.0,0,V-2023.12-SP3,V-2023.12-SP4,0.04185,0.02846,0.0001477,0.07046,0.07031,0.0878875,0.0,0.0,0.0,0.0,0.0,0.0,0.0,0.0,0.04185,0.02846,0.0001477,0.07046,0.0,0.0,0.0,0.0,0.0,0.0,0.0,0.0,0.0,0.0,0.0,0.0,0.0,0.0,0.0,0.0,vectored,fixed_route,2,2026-08-02T12:18:24+00:00
crossbar_32_4_4_10nm_TT_0V8_25C_800MHz,crossbar,data_width=32;num_inputs=4;num_outputs=4,10nm,TT,0.8,25.0,1.25,800.0,32,4,4,V-2023.12-SP4,457,457,0,58.521602,58.521602,0.0,0.0,0.0,0.66,0.39,0.0,0,V-2023.12-SP4,459,459,0,58.89,58.89,0.0,80.5478,0.7311,0.0,0.0,0.7,0.35,0.0,0,V-2023.12-SP3,V-2023.12-SP4,0.02668,0.03372,0.0001495,0.06055,0.060399999999999995,0.0755,0.0,0.0,0.0,0.0,0.0,0.0,0.0,0.0,0.02668,0.03372,0.0001495,0.06055,0.0,0.0,0.0,0.0,0.0,0.0,0.0,0.0,0.0,0.0,0.0,0.0,0.0,0.0,0.0,0.0,vectored,valid25,2,2026-08-02T12:18:34+00:00
crossbar_32_8_8_10nm_TT_0V8_25C_1333p33MHz,crossbar,data_width=32;num_inputs=8;num_outputs=8,10nm,TT,0.8,25.0,0.75,1333.3333333333333,32,8,8,V-2023.12-SP4,3812,3812,0,446.576634,446.576634,0.0,0.0,0.0,0.55,0.0,0.0,0,V-2023.12-SP4,2956,2956,0,340.29,340.29,0.0,628.992,0.541,0.0,0.0,0.54,0.01,0.0,0,V-2023.12-SP3,V-2023.12-SP4,0.4094,0.8057,0.0009134,1.216,1.2151,0.911325,0.0,0.0,0.0,0.0,0.0,0.0,0.0,0.0,0.4094,0.8057,0.0009134,1.216,0.0,0.0,0.0,0.0,0.0,0.0,0.0,0.0,0.0,0.0,0.0,0.0,0.0,0.0,0.0,0.0,unvectored,none,2,2026-08-02T12:23:39+00:00
crossbar_32_8_8_10nm_TT_0V8_25C_1333p33MHz,crossbar,data_width=32;num_inputs=8;num_outputs=8,10nm,TT,0.8,25.0,0.75,1333.3333333333333,32,8,8,V-2023.12-SP4,3812,3812,0,446.576634,446.576634,0.0,0.0,0.0,0.55,0.0,0.0,0,V-2023.12-SP4,2956,2956,0,340.29,340.29,0.0,628.992,0.541,0.0,0.0,0.54,0.01,0.0,0,V-2023.12-SP3,V-2023.12-SP4,0.7006,1.189,0.0009018,1.89,1.8896000000000002,1.4172000000000002,0.0,0.0,0.0,0.0,0.0,0.0,0.0,0.0,0.7006,1.189,0.0009018,1.89,0.0,0.0,0.0,0.0,0.0,0.0,0.0,0.0,0.0,0.0,0.0,0.0,0.0,0.0,0.0,0.0,vectored,random,2,2026-08-02T12:23:51+00:00
crossbar_32_8_8_10nm_TT_0V8_25C_1333p33MHz,crossbar,data_width=32;num_inputs=8;num_outputs=8,10nm,TT,0.8,25.0,0.75,1333.3333333333333,32,8,8,V-2023.12-SP4,3812,3812,0,446.576634,446.576634,0.0,0.0,0.0,0.55,0.0,0.0,0,V-2023.12-SP4,2956,2956,0,340.29,340.29,0.0,628.992,0.541,0.0,0.0,0.54,0.01,0.0,0,V-2023.12-SP3,V-2023.12-SP4,0.31579999999999997,0.6937,0.0008899,1.01,1.0095,0.757125,0.0,0.0,0.0,0.0,0.0,0.0,0.0,0.0,0.31579999999999997,0.6937,0.0008899,1.01,0.0,0.0,0.0,0.0,0.0,0.0,0.0,0.0,0.0,0.0,0.0,0.0,0.0,0.0,0.0,0.0,vectored,fixed_route,2,2026-08-02T12:24:03+00:00
crossbar_32_8_8_10nm_TT_0V8_25C_1333p33MHz,crossbar,data_width=32;num_inputs=8;num_outputs=8,10nm,TT,0.8,25.0,0.75,1333.3333333333333,32,8,8,V-2023.12-SP4,3812,3812,0,446.576634,446.576634,0.0,0.0,0.0,0.55,0.0,0.0,0,V-2023.12-SP4,2956,2956,0,340.29,340.29,0.0,628.992,0.541,0.0,0.0,0.54,0.01,0.0,0,V-2023.12-SP3,V-2023.12-SP4,0.18330000000000002,0.3181,0.0009212,0.5023,0.5014000000000001,0.37605000000000005,0.0,0.0,0.0,0.0,0.0,0.0,0.0,0.0,0.18330000000000002,0.3181,0.0009212,0.5023,0.0,0.0,0.0,0.0,0.0,0.0,0.0,0.0,0.0,0.0,0.0,0.0,0.0,0.0,0.0,0.0,vectored,valid25,2,2026-08-02T12:24:14+00:00
crossbar_32_8_8_10nm_TT_0V8_25C_800MHz,crossbar,data_width=32;num_inputs=8;num_outputs=8,10nm,TT,0.8,25.0,1.25,800.0,32,8,8,V-2023.12-SP4,1998,1998,0,256.788483,256.788483,0.0,0.0,0.0,1.05,0.0,0.0,0,V-2023.12-SP4,1983,1983,0,256.79,256.79,0.0,359.7619,0.7138,0.0,0.0,1.03,0.02,0.0,0,V-2023.12-SP3,V-2023.12-SP4,0.1867,0.32880000000000004,0.0006776999999999999,0.5162,0.5155000000000001,0.6443750000000001,0.0,0.0,0.0,0.0,0.0,0.0,0.0,0.0,0.1867,0.32880000000000004,0.0006776999999999999,0.5162,0.0,0.0,0.0,0.0,0.0,0.0,0.0,0.0,0.0,0.0,0.0,0.0,0.0,0.0,0.0,0.0,unvectored,none,2,2026-08-02T12:32:08+00:00
crossbar_32_8_8_10nm_TT_0V8_25C_800MHz,crossbar,data_width=32;num_inputs=8;num_outputs=8,10nm,TT,0.8,25.0,1.25,800.0,32,8,8,V-2023.12-SP4,1998,1998,0,256.788483,256.788483,0.0,0.0,0.0,1.05,0.0,0.0,0,V-2023.12-SP4,1983,1983,0,256.79,256.79,0.0,359.7619,0.7138,0.0,0.0,1.03,0.02,0.0,0,V-2023.12-SP3,V-2023.12-SP4,0.32,0.5015,0.0006703999999999999,0.8222,0.8214999999999999,1.026875,0.0,0.0,0.0,0.0,0.0,0.0,0.0,0.0,0.32,0.5015,0.0006703999999999999,0.8222,0.0,0.0,0.0,0.0,0.0,0.0,0.0,0.0,0.0,0.0,0.0,0.0,0.0,0.0,0.0,0.0,vectored,random,2,2026-08-02T12:32:17+00:00
crossbar_32_8_8_10nm_TT_0V8_25C_800MHz,crossbar,data_width=32;num_inputs=8;num_outputs=8,10nm,TT,0.8,25.0,1.25,800.0,32,8,8,V-2023.12-SP4,1998,1998,0,256.788483,256.788483,0.0,0.0,0.0,1.05,0.0,0.0,0,V-2023.12-SP4,1983,1983,0,256.79,256.79,0.0,359.7619,0.7138,0.0,0.0,1.03,0.02,0.0,0,V-2023.12-SP3,V-2023.12-SP4,0.1451,0.2484,0.0006533,0.3941,0.3935,0.491875,0.0,0.0,0.0,0.0,0.0,0.0,0.0,0.0,0.1451,0.2484,0.0006533,0.3941,0.0,0.0,0.0,0.0,0.0,0.0,0.0,0.0,0.0,0.0,0.0,0.0,0.0,0.0,0.0,0.0,vectored,fixed_route,2,2026-08-02T12:32:26+00:00
crossbar_32_8_8_10nm_TT_0V8_25C_800MHz,crossbar,data_width=32;num_inputs=8;num_outputs=8,10nm,TT,0.8,25.0,1.25,800.0,32,8,8,V-2023.12-SP4,1998,1998,0,256.788483,256.788483,0.0,0.0,0.0,1.05,0.0,0.0,0,V-2023.12-SP4,1983,1983,0,256.79,256.79,0.0,359.7619,0.7138,0.0,0.0,1.03,0.02,0.0,0,V-2023.12-SP3,V-2023.12-SP4,0.08601,0.1373,0.0006842,0.2239,0.22331,0.27913750000000004,0.0,0.0,0.0,0.0,0.0,0.0,0.0,0.0,0.08601,0.1373,0.0006842,0.2239,0.0,0.0,0.0,0.0,0.0,0.0,0.0,0.0,0.0,0.0,0.0,0.0,0.0,0.0,0.0,0.0,vectored,valid25,2,2026-08-02T12:32:35+00:00
crossbar_32_8_4_10nm_TT_0V8_25C_1333p33MHz,crossbar,data_width=32;num_inputs=8;num_outputs=4,10nm,TT,0.8,25.0,0.75,1333.3333333333333,32,8,4,V-2023.12-SP4,2090,2090,0,225.454078,225.454078,0.0,0.0,0.0,0.55,0.0,0.0,0,V-2023.12-SP4,1599,1599,0,174.34,174.34,0.0,316.5389,0.5508,0.0,0.0,0.55,-0.0,-0.0,1,V-2023.12-SP3,V-2023.12-SP4,0.2738,0.3968,0.0004694,0.6711,0.6706,0.50295,0.0,0.0,0.0,0.0,0.0,0.0,0.0,0.0,0.2738,0.3968,0.0004694,0.6711,0.0,0.0,0.0,0.0,0.0,0.0,0.0,0.0,0.0,0.0,0.0,0.0,0.0,0.0,0.0,0.0,unvectored,none,2,2026-08-02T12:43:53+00:00
crossbar_32_8_4_10nm_TT_0V8_25C_1333p33MHz,crossbar,data_width=32;num_inputs=8;num_outputs=4,10nm,TT,0.8,25.0,0.75,1333.3333333333333,32,8,4,V-2023.12-SP4,2090,2090,0,225.454078,225.454078,0.0,0.0,0.0,0.55,0.0,0.0,0,V-2023.12-SP4,1599,1599,0,174.34,174.34,0.0,316.5389,0.5508,0.0,0.0,0.55,-0.0,-0.0,1,V-2023.12-SP3,V-2023.12-SP4,0.4498,0.5996,0.0004622,1.05,1.0493999999999999,0.7870499999999999,0.0,0.0,0.0,0.0,0.0,0.0,0.0,0.0,0.4498,0.5996,0.0004622,1.05,0.0,0.0,0.0,0.0,0.0,0.0,0.0,0.0,0.0,0.0,0.0,0.0,0.0,0.0,0.0,0.0,vectored,random,2,2026-08-02T12:44:00+00:00
crossbar_32_8_4_10nm_TT_0V8_25C_1333p33MHz,crossbar,data_width=32;num_inputs=8;num_outputs=4,10nm,TT,0.8,25.0,0.75,1333.3333333333333,32,8,4,V-2023.12-SP4,2090,2090,0,225.454078,225.454078,0.0,0.0,0.0,0.55,0.0,0.0,0,V-2023.12-SP4,1599,1599,0,174.34,174.34,0.0,316.5389,0.5508,0.0,0.0,0.55,-0.0,-0.0,1,V-2023.12-SP3,V-2023.12-SP4,0.18780000000000002,0.2541,0.0004559,0.4423,0.4419,0.331425,0.0,0.0,0.0,0.0,0.0,0.0,0.0,0.0,0.18780000000000002,0.2541,0.0004559,0.4423,0.0,0.0,0.0,0.0,0.0,0.0,0.0,0.0,0.0,0.0,0.0,0.0,0.0,0.0,0.0,0.0,vectored,fixed_route,2,2026-08-02T12:44:07+00:00
crossbar_32_8_4_10nm_TT_0V8_25C_1333p33MHz,crossbar,data_width=32;num_inputs=8;num_outputs=4,10nm,TT,0.8,25.0,0.75,1333.3333333333333,32,8,4,V-2023.12-SP4,2090,2090,0,225.454078,225.454078,0.0,0.0,0.0,0.55,0.0,0.0,0,V-2023.12-SP4,1599,1599,0,174.34,174.34,0.0,316.5389,0.5508,0.0,0.0,0.55,-0.0,-0.0,1,V-2023.12-SP3,V-2023.12-SP4,0.1492,0.2028,0.0004763,0.3525,0.352,0.264,0.0,0.0,0.0,0.0,0.0,0.0,0.0,0.0,0.1492,0.2028,0.0004763,0.3525,0.0,0.0,0.0,0.0,0.0,0.0,0.0,0.0,0.0,0.0,0.0,0.0,0.0,0.0,0.0,0.0,vectored,valid25,2,2026-08-02T12:44:14+00:00
crossbar_32_8_4_10nm_TT_0V8_25C_800MHz,crossbar,data_width=32;num_inputs=8;num_outputs=4,10nm,TT,0.8,25.0,1.25,800.0,32,8,4,V-2023.12-SP4,1103,1103,0,137.687042,137.687042,0.0,0.0,0.0,1.05,0.0,0.0,0,V-2023.12-SP4,1085,1085,0,138.89,138.89,0.0,193.536,0.7176,0.0,0.0,1.05,0.0,0.0,0,V-2023.12-SP3,V-2023.12-SP4,0.1293,0.17980000000000002,0.00038280000000000003,0.3095,0.30910000000000004,0.386375,0.0,0.0,0.0,0.0,0.0,0.0,0.0,0.0,0.1293,0.17980000000000002,0.00038280000000000003,0.3095,0.0,0.0,0.0,0.0,0.0,0.0,0.0,0.0,0.0,0.0,0.0,0.0,0.0,0.0,0.0,0.0,unvectored,none,2,2026-08-02T12:47:32+00:00
crossbar_32_16_16_10nm_TT_0V8_25C_1333p33MHz,crossbar,data_width=32;num_inputs=16;num_outputs=16,10nm,TT,0.8,25.0,0.75,1333.3333333333333,32,16,16,V-2023.12-SP4,13725,13725,0,1590.190079,1590.190079,0.0,0.0,0.0,0.55,0.0,0.0,0,V-2023.12-SP4,11189,11189,0,1329.81,1329.81,0.0,2266.5216,0.5867,0.0,0.0,0.62,-0.07,-10.49,442,V-2023.12-SP3,V-2023.12-SP4,1.202,2.343,0.003692,3.549,3.545,2.65875,0.0,0.0,0.0,0.0,0.0,0.0,0.0,0.0,1.202,2.343,0.003692,3.549,0.0,0.0,0.0,0.0,0.0,0.0,0.0,0.0,0.0,0.0,0.0,0.0,0.0,0.0,0.0,0.0,unvectored,none,2,2026-08-02T12:47:38+00:00
crossbar_32_8_4_10nm_TT_0V8_25C_800MHz,crossbar,data_width=32;num_inputs=8;num_outputs=4,10nm,TT,0.8,25.0,1.25,800.0,32,8,4,V-2023.12-SP4,1103,1103,0,137.687042,137.687042,0.0,0.0,0.0,1.05,0.0,0.0,0,V-2023.12-SP4,1085,1085,0,138.89,138.89,0.0,193.536,0.7176,0.0,0.0,1.05,0.0,0.0,0,V-2023.12-SP3,V-2023.12-SP4,0.2349,0.30019999999999997,0.0003751,0.5355,0.5350999999999999,0.6688749999999999,0.0,0.0,0.0,0.0,0.0,0.0,0.0,0.0,0.2349,0.30019999999999997,0.0003751,0.5355,0.0,0.0,0.0,0.0,0.0,0.0,0.0,0.0,0.0,0.0,0.0,0.0,0.0,0.0,0.0,0.0,vectored,random,2,2026-08-02T12:47:39+00:00
crossbar_32_16_16_10nm_TT_0V8_25C_1333p33MHz,crossbar,data_width=32;num_inputs=16;num_outputs=16,10nm,TT,0.8,25.0,0.75,1333.3333333333333,32,16,16,V-2023.12-SP4,13725,13725,0,1590.190079,1590.190079,0.0,0.0,0.0,0.55,0.0,0.0,0,V-2023.12-SP4,11189,11189,0,1329.81,1329.81,0.0,2266.5216,0.5867,0.0,0.0,0.62,-0.07,-10.49,442,V-2023.12-SP3,V-2023.12-SP4,1.9220000000000002,3.5100000000000002,0.003637,5.435,5.432,4.074,0.0,0.0,0.0,0.0,0.0,0.0,0.0,0.0,1.9220000000000002,3.5100000000000002,0.003637,5.435,0.0,0.0,0.0,0.0,0.0,0.0,0.0,0.0,0.0,0.0,0.0,0.0,0.0,0.0,0.0,0.0,vectored,random,2,2026-08-02T12:47:46+00:00
crossbar_32_8_4_10nm_TT_0V8_25C_800MHz,crossbar,data_width=32;num_inputs=8;num_outputs=4,10nm,TT,0.8,25.0,1.25,800.0,32,8,4,V-2023.12-SP4,1103,1103,0,137.687042,137.687042,0.0,0.0,0.0,1.05,0.0,0.0,0,V-2023.12-SP4,1085,1085,0,138.89,138.89,0.0,193.536,0.7176,0.0,0.0,1.05,0.0,0.0,0,V-2023.12-SP3,V-2023.12-SP4,0.08821,0.09297,0.00036819999999999995,0.1815,0.18118,0.226475,0.0,0.0,0.0,0.0,0.0,0.0,0.0,0.0,0.08821,0.09297,0.00036819999999999995,0.1815,0.0,0.0,0.0,0.0,0.0,0.0,0.0,0.0,0.0,0.0,0.0,0.0,0.0,0.0,0.0,0.0,vectored,fixed_route,2,2026-08-02T12:47:46+00:00
crossbar_32_8_4_10nm_TT_0V8_25C_800MHz,crossbar,data_width=32;num_inputs=8;num_outputs=4,10nm,TT,0.8,25.0,1.25,800.0,32,8,4,V-2023.12-SP4,1103,1103,0,137.687042,137.687042,0.0,0.0,0.0,1.05,0.0,0.0,0,V-2023.12-SP4,1085,1085,0,138.89,138.89,0.0,193.536,0.7176,0.0,0.0,1.05,0.0,0.0,0,V-2023.12-SP3,V-2023.12-SP4,0.07757,0.1039,0.0003905,0.1818,0.18147000000000002,0.22683750000000003,0.0,0.0,0.0,0.0,0.0,0.0,0.0,0.0,0.07757,0.1039,0.0003905,0.1818,0.0,0.0,0.0,0.0,0.0,0.0,0.0,0.0,0.0,0.0,0.0,0.0,0.0,0.0,0.0,0.0,vectored,valid25,2,2026-08-02T12:47:54+00:00
crossbar_32_16_16_10nm_TT_0V8_25C_1333p33MHz,crossbar,data_width=32;num_inputs=16;num_outputs=16,10nm,TT,0.8,25.0,0.75,1333.3333333333333,32,16,16,V-2023.12-SP4,13725,13725,0,1590.190079,1590.190079,0.0,0.0,0.0,0.55,0.0,0.0,0,V-2023.12-SP4,11189,11189,0,1329.81,1329.81,0.0,2266.5216,0.5867,0.0,0.0,0.62,-0.07,-10.49,442,V-2023.12-SP3,V-2023.12-SP4,0.8134,1.772,0.003552,2.589,2.5854,1.93905,0.0,0.0,0.0,0.0,0.0,0.0,0.0,0.0,0.8134,1.772,0.003552,2.589,0.0,0.0,0.0,0.0,0.0,0.0,0.0,0.0,0.0,0.0,0.0,0.0,0.0,0.0,0.0,0.0,vectored,fixed_route,2,2026-08-02T12:47:55+00:00
crossbar_32_16_16_10nm_TT_0V8_25C_1333p33MHz,crossbar,data_width=32;num_inputs=16;num_outputs=16,10nm,TT,0.8,25.0,0.75,1333.3333333333333,32,16,16,V-2023.12-SP4,13725,13725,0,1590.190079,1590.190079,0.0,0.0,0.0,0.55,0.0,0.0,0,V-2023.12-SP4,11189,11189,0,1329.81,1329.81,0.0,2266.5216,0.5867,0.0,0.0,0.62,-0.07,-10.49,442,V-2023.12-SP3,V-2023.12-SP4,0.5086,0.9363,0.0037340000000000003,1.449,1.4449,1.083675,0.0,0.0,0.0,0.0,0.0,0.0,0.0,0.0,0.5086,0.9363,0.0037340000000000003,1.449,0.0,0.0,0.0,0.0,0.0,0.0,0.0,0.0,0.0,0.0,0.0,0.0,0.0,0.0,0.0,0.0,vectored,valid25,2,2026-08-02T12:48:03+00:00
crossbar_32_16_8_10nm_TT_0V8_25C_1333p33MHz,crossbar,data_width=32;num_inputs=16;num_outputs=8,10nm,TT,0.8,25.0,0.75,1333.3333333333333,32,16,8,V-2023.12-SP4,6956,6956,0,785.63328,785.63328,0.0,0.0,0.0,0.55,0.0,0.0,0,V-2023.12-SP4,5808,5808,0,674.89,674.89,0.0,1117.1635,0.6041,0.0,0.0,0.57,-0.02,-0.14,24,V-2023.12-SP3,V-2023.12-SP4,0.8703,1.474,0.001829,2.346,2.3443,1.758225,0.0,0.0,0.0,0.0,0.0,0.0,0.0,0.0,0.8703,1.474,0.001829,2.346,0.0,0.0,0.0,0.0,0.0,0.0,0.0,0.0,0.0,0.0,0.0,0.0,0.0,0.0,0.0,0.0,unvectored,none,2,2026-08-02T12:56:20+00:00
crossbar_32_16_8_10nm_TT_0V8_25C_1333p33MHz,crossbar,data_width=32;num_inputs=16;num_outputs=8,10nm,TT,0.8,25.0,0.75,1333.3333333333333,32,16,8,V-2023.12-SP4,6956,6956,0,785.63328,785.63328,0.0,0.0,0.0,0.55,0.0,0.0,0,V-2023.12-SP4,5808,5808,0,674.89,674.89,0.0,1117.1635,0.6041,0.0,0.0,0.57,-0.02,-0.14,24,V-2023.12-SP3,V-2023.12-SP4,1.3439999999999999,2.133,0.001796,3.479,3.477,2.60775,0.0,0.0,0.0,0.0,0.0,0.0,0.0,0.0,1.3439999999999999,2.133,0.001796,3.479,0.0,0.0,0.0,0.0,0.0,0.0,0.0,0.0,0.0,0.0,0.0,0.0,0.0,0.0,0.0,0.0,vectored,random,2,2026-08-02T12:56:29+00:00
crossbar_32_16_8_10nm_TT_0V8_25C_1333p33MHz,crossbar,data_width=32;num_inputs=16;num_outputs=8,10nm,TT,0.8,25.0,0.75,1333.3333333333333,32,16,8,V-2023.12-SP4,6956,6956,0,785.63328,785.63328,0.0,0.0,0.0,0.55,0.0,0.0,0,V-2023.12-SP4,5808,5808,0,674.89,674.89,0.0,1117.1635,0.6041,0.0,0.0,0.57,-0.02,-0.14,24,V-2023.12-SP3,V-2023.12-SP4,0.5630999999999999,0.9905,0.001773,1.555,1.5535999999999999,1.1652,0.0,0.0,0.0,0.0,0.0,0.0,0.0,0.0,0.5630999999999999,0.9905,0.001773,1.555,0.0,0.0,0.0,0.0,0.0,0.0,0.0,0.0,0.0,0.0,0.0,0.0,0.0,0.0,0.0,0.0,vectored,fixed_route,2,2026-08-02T12:56:38+00:00
crossbar_32_16_8_10nm_TT_0V8_25C_1333p33MHz,crossbar,data_width=32;num_inputs=16;num_outputs=8,10nm,TT,0.8,25.0,0.75,1333.3333333333333,32,16,8,V-2023.12-SP4,6956,6956,0,785.63328,785.63328,0.0,0.0,0.0,0.55,0.0,0.0,0,V-2023.12-SP4,5808,5808,0,674.89,674.89,0.0,1117.1635,0.6041,0.0,0.0,0.57,-0.02,-0.14,24,V-2023.12-SP3,V-2023.12-SP4,0.4435,0.7020000000000001,0.001862,1.147,1.1455000000000002,0.8591250000000001,0.0,0.0,0.0,0.0,0.0,0.0,0.0,0.0,0.4435,0.7020000000000001,0.001862,1.147,0.0,0.0,0.0,0.0,0.0,0.0,0.0,0.0,0.0,0.0,0.0,0.0,0.0,0.0,0.0,0.0,vectored,valid25,2,2026-08-02T12:56:47+00:00
crossbar_32_4_8_10nm_TT_0V8_25C_1333p33MHz,crossbar,data_width=32;num_inputs=4;num_outputs=8,10nm,TT,0.8,25.0,0.75,1333.3333333333333,32,4,8,V-2023.12-SP4,928,928,0,118.794244,118.794244,0.0,0.0,0.0,0.54,0.01,0.0,0,V-2023.12-SP4,907,907,0,117.78,117.78,0.0,164.2291,0.7172,0.0,0.0,0.48,0.07,0.0,0,V-2023.12-SP3,V-2023.12-SP4,0.1163,0.13770000000000002,0.00030960000000000004,0.2542,0.254,0.1905,0.0,0.0,0.0,0.0,0.0,0.0,0.0,0.0,0.1163,0.13770000000000002,0.00030960000000000004,0.2542,0.0,0.0,0.0,0.0,0.0,0.0,0.0,0.0,0.0,0.0,0.0,0.0,0.0,0.0,0.0,0.0,unvectored,none,2,2026-08-02T13:00:14+00:00
crossbar_32_4_8_10nm_TT_0V8_25C_1333p33MHz,crossbar,data_width=32;num_inputs=4;num_outputs=8,10nm,TT,0.8,25.0,0.75,1333.3333333333333,32,4,8,V-2023.12-SP4,928,928,0,118.794244,118.794244,0.0,0.0,0.0,0.54,0.01,0.0,0,V-2023.12-SP4,907,907,0,117.78,117.78,0.0,164.2291,0.7172,0.0,0.0,0.48,0.07,0.0,0,V-2023.12-SP3,V-2023.12-SP4,0.20450000000000002,0.2175,0.0003092,0.4223,0.42200000000000004,0.3165,0.0,0.0,0.0,0.0,0.0,0.0,0.0,0.0,0.20450000000000002,0.2175,0.0003092,0.4223,0.0,0.0,0.0,0.0,0.0,0.0,0.0,0.0,0.0,0.0,0.0,0.0,0.0,0.0,0.0,0.0,vectored,random,2,2026-08-02T13:00:21+00:00
crossbar_32_4_8_10nm_TT_0V8_25C_1333p33MHz,crossbar,data_width=32;num_inputs=4;num_outputs=8,10nm,TT,0.8,25.0,0.75,1333.3333333333333,32,4,8,V-2023.12-SP4,928,928,0,118.794244,118.794244,0.0,0.0,0.0,0.54,0.01,0.0,0,V-2023.12-SP4,907,907,0,117.78,117.78,0.0,164.2291,0.7172,0.0,0.0,0.48,0.07,0.0,0,V-2023.12-SP3,V-2023.12-SP4,0.07218000000000001,0.042379999999999994,0.0003094,0.1149,0.11456,0.08592,0.0,0.0,0.0,0.0,0.0,0.0,0.0,0.0,0.07218000000000001,0.042379999999999994,0.0003094,0.1149,0.0,0.0,0.0,0.0,0.0,0.0,0.0,0.0,0.0,0.0,0.0,0.0,0.0,0.0,0.0,0.0,vectored,fixed_route,2,2026-08-02T13:00:28+00:00
crossbar_32_4_8_10nm_TT_0V8_25C_1333p33MHz,crossbar,data_width=32;num_inputs=4;num_outputs=8,10nm,TT,0.8,25.0,0.75,1333.3333333333333,32,4,8,V-2023.12-SP4,928,928,0,118.794244,118.794244,0.0,0.0,0.0,0.54,0.01,0.0,0,V-2023.12-SP4,907,907,0,117.78,117.78,0.0,164.2291,0.7172,0.0,0.0,0.48,0.07,0.0,0,V-2023.12-SP3,V-2023.12-SP4,0.04966,0.05824,0.00031,0.1082,0.1079,0.080925,0.0,0.0,0.0,0.0,0.0,0.0,0.0,0.0,0.04966,0.05824,0.00031,0.1082,0.0,0.0,0.0,0.0,0.0,0.0,0.0,0.0,0.0,0.0,0.0,0.0,0.0,0.0,0.0,0.0,vectored,valid25,2,2026-08-02T13:00:35+00:00
crossbar_32_16_8_10nm_TT_0V8_25C_800MHz,crossbar,data_width=32;num_inputs=16;num_outputs=8,10nm,TT,0.8,25.0,1.25,800.0,32,16,8,V-2023.12-SP4,4308,4308,0,555.509769,555.509769,0.0,0.0,0.0,1.05,0.0,0.0,0,V-2023.12-SP4,4303,4303,0,558.7,558.7,0.0,789.3811,0.7078,0.0,0.0,1.03,0.02,0.0,0,V-2023.12-SP3,V-2023.12-SP4,0.3771,0.6814,0.001527,1.06,1.0585,1.323125,0.0,0.0,0.0,0.0,0.0,0.0,0.0,0.0,0.3771,0.6814,0.001527,1.06,0.0,0.0,0.0,0.0,0.0,0.0,0.0,0.0,0.0,0.0,0.0,0.0,0.0,0.0,0.0,0.0,unvectored,none,2,2026-08-02T13:01:46+00:00
crossbar_32_16_8_10nm_TT_0V8_25C_800MHz,crossbar,data_width=32;num_inputs=16;num_outputs=8,10nm,TT,0.8,25.0,1.25,800.0,32,16,8,V-2023.12-SP4,4308,4308,0,555.509769,555.509769,0.0,0.0,0.0,1.05,0.0,0.0,0,V-2023.12-SP4,4303,4303,0,558.7,558.7,0.0,789.3811,0.7078,0.0,0.0,1.03,0.02,0.0,0,V-2023.12-SP3,V-2023.12-SP4,0.5861,1.006,0.0014980000000000002,1.5939999999999999,1.5920999999999998,1.990125,0.0,0.0,0.0,0.0,0.0,0.0,0.0,0.0,0.5861,1.006,0.0014980000000000002,1.5939999999999999,0.0,0.0,0.0,0.0,0.0,0.0,0.0,0.0,0.0,0.0,0.0,0.0,0.0,0.0,0.0,0.0,vectored,random,2,2026-08-02T13:01:54+00:00
crossbar_32_16_8_10nm_TT_0V8_25C_800MHz,crossbar,data_width=32;num_inputs=16;num_outputs=8,10nm,TT,0.8,25.0,1.25,800.0,32,16,8,V-2023.12-SP4,4308,4308,0,555.509769,555.509769,0.0,0.0,0.0,1.05,0.0,0.0,0,V-2023.12-SP4,4303,4303,0,558.7,558.7,0.0,789.3811,0.7078,0.0,0.0,1.03,0.02,0.0,0,V-2023.12-SP3,V-2023.12-SP4,0.2212,0.40719999999999995,0.001457,0.6299,0.6284,0.7855,0.0,0.0,0.0,0.0,0.0,0.0,0.0,0.0,0.2212,0.40719999999999995,0.001457,0.6299,0.0,0.0,0.0,0.0,0.0,0.0,0.0,0.0,0.0,0.0,0.0,0.0,0.0,0.0,0.0,0.0,vectored,fixed_route,2,2026-08-02T13:02:01+00:00
crossbar_32_16_8_10nm_TT_0V8_25C_800MHz,crossbar,data_width=32;num_inputs=16;num_outputs=8,10nm,TT,0.8,25.0,1.25,800.0,32,16,8,V-2023.12-SP4,4308,4308,0,555.509769,555.509769,0.0,0.0,0.0,1.05,0.0,0.0,0,V-2023.12-SP4,4303,4303,0,558.7,558.7,0.0,789.3811,0.7078,0.0,0.0,1.03,0.02,0.0,0,V-2023.12-SP3,V-2023.12-SP4,0.2007,0.3376,0.001558,0.5398999999999999,0.5383,0.672875,0.0,0.0,0.0,0.0,0.0,0.0,0.0,0.0,0.2007,0.3376,0.001558,0.5398999999999999,0.0,0.0,0.0,0.0,0.0,0.0,0.0,0.0,0.0,0.0,0.0,0.0,0.0,0.0,0.0,0.0,vectored,valid25,2,2026-08-02T13:02:09+00:00
crossbar_32_4_8_10nm_TT_0V8_25C_800MHz,crossbar,data_width=32;num_inputs=4;num_outputs=8,10nm,TT,0.8,25.0,1.25,800.0,32,4,8,V-2023.12-SP4,902,902,0,117.073924,117.073924,0.0,0.0,0.0,0.62,0.43,0.0,0,V-2023.12-SP4,912,912,0,118.15,118.15,0.0,163.2154,0.7239,0.0,0.0,0.59,0.46,0.0,0,V-2023.12-SP3,V-2023.12-SP4,0.07192,0.08283,0.0003114,0.15510000000000002,0.15475,0.19343749999999998,0.0,0.0,0.0,0.0,0.0,0.0,0.0,0.0,0.07192,0.08283,0.0003114,0.15510000000000002,0.0,0.0,0.0,0.0,0.0,0.0,0.0,0.0,0.0,0.0,0.0,0.0,0.0,0.0,0.0,0.0,unvectored,none,2,2026-08-02T13:03:49+00:00
crossbar_32_4_8_10nm_TT_0V8_25C_800MHz,crossbar,data_width=32;num_inputs=4;num_outputs=8,10nm,TT,0.8,25.0,1.25,800.0,32,4,8,V-2023.12-SP4,902,902,0,117.073924,117.073924,0.0,0.0,0.0,0.62,0.43,0.0,0,V-2023.12-SP4,912,912,0,118.15,118.15,0.0,163.2154,0.7239,0.0,0.0,0.59,0.46,0.0,0,V-2023.12-SP3,V-2023.12-SP4,0.124,0.128,0.0003109,0.2523,0.252,0.315,0.0,0.0,0.0,0.0,0.0,0.0,0.0,0.0,0.124,0.128,0.0003109,0.2523,0.0,0.0,0.0,0.0,0.0,0.0,0.0,0.0,0.0,0.0,0.0,0.0,0.0,0.0,0.0,0.0,vectored,random,2,2026-08-02T13:03:56+00:00
crossbar_32_4_8_10nm_TT_0V8_25C_800MHz,crossbar,data_width=32;num_inputs=4;num_outputs=8,10nm,TT,0.8,25.0,1.25,800.0,32,4,8,V-2023.12-SP4,902,902,0,117.073924,117.073924,0.0,0.0,0.0,0.62,0.43,0.0,0,V-2023.12-SP4,912,912,0,118.15,118.15,0.0,163.2154,0.7239,0.0,0.0,0.59,0.46,0.0,0,V-2023.12-SP3,V-2023.12-SP4,0.04308,0.02552,0.0003109,0.06891,0.0686,0.08574999999999999,0.0,0.0,0.0,0.0,0.0,0.0,0.0,0.0,0.04308,0.02552,0.0003109,0.06891,0.0,0.0,0.0,0.0,0.0,0.0,0.0,0.0,0.0,0.0,0.0,0.0,0.0,0.0,0.0,0.0,vectored,fixed_route,2,2026-08-02T13:04:03+00:00
crossbar_32_4_8_10nm_TT_0V8_25C_800MHz,crossbar,data_width=32;num_inputs=4;num_outputs=8,10nm,TT,0.8,25.0,1.25,800.0,32,4,8,V-2023.12-SP4,902,902,0,117.073924,117.073924,0.0,0.0,0.0,0.62,0.43,0.0,0,V-2023.12-SP4,912,912,0,118.15,118.15,0.0,163.2154,0.7239,0.0,0.0,0.59,0.46,0.0,0,V-2023.12-SP3,V-2023.12-SP4,0.030589999999999996,0.034749999999999996,0.00031170000000000004,0.06565,0.06534,0.081675,0.0,0.0,0.0,0.0,0.0,0.0,0.0,0.0,0.030589999999999996,0.034749999999999996,0.00031170000000000004,0.06565,0.0,0.0,0.0,0.0,0.0,0.0,0.0,0.0,0.0,0.0,0.0,0.0,0.0,0.0,0.0,0.0,vectored,valid25,2,2026-08-02T13:04:10+00:00
crossbar_64_2_2_10nm_TT_0V8_25C_1333p33MHz,crossbar,data_width=64;num_inputs=2;num_outputs=2,10nm,TT,0.8,25.0,0.75,1333.3333333333333,64,2,2,V-2023.12-SP4,279,279,0,29.675521,29.675521,0.0,0.0,0.0,0.5,0.05,0.0,0,V-2023.12-SP4,273,273,0,29.28,29.28,0.0,39.8131,0.7353,0.0,0.0,0.3,0.25,0.0,0,V-2023.12-SP3,V-2023.12-SP4,0.06001,0.07194,7.356000000000001e-05,0.132,0.13195,0.09896250000000001,0.0,0.0,0.0,0.0,0.0,0.0,0.0,0.0,0.06001,0.07194,7.356000000000001e-05,0.132,0.0,0.0,0.0,0.0,0.0,0.0,0.0,0.0,0.0,0.0,0.0,0.0,0.0,0.0,0.0,0.0,unvectored,none,2,2026-08-02T13:04:28+00:00
crossbar_64_2_2_10nm_TT_0V8_25C_1333p33MHz,crossbar,data_width=64;num_inputs=2;num_outputs=2,10nm,TT,0.8,25.0,0.75,1333.3333333333333,64,2,2,V-2023.12-SP4,279,279,0,29.675521,29.675521,0.0,0.0,0.0,0.5,0.05,0.0,0,V-2023.12-SP4,273,273,0,29.28,29.28,0.0,39.8131,0.7353,0.0,0.0,0.3,0.25,0.0,0,V-2023.12-SP3,V-2023.12-SP4,0.1093,0.1143,7.53e-05,0.22369999999999998,0.2236,0.1677,0.0,0.0,0.0,0.0,0.0,0.0,0.0,0.0,0.1093,0.1143,7.53e-05,0.22369999999999998,0.0,0.0,0.0,0.0,0.0,0.0,0.0,0.0,0.0,0.0,0.0,0.0,0.0,0.0,0.0,0.0,vectored,random,2,2026-08-02T13:04:35+00:00
crossbar_64_2_2_10nm_TT_0V8_25C_1333p33MHz,crossbar,data_width=64;num_inputs=2;num_outputs=2,10nm,TT,0.8,25.0,0.75,1333.3333333333333,64,2,2,V-2023.12-SP4,279,279,0,29.675521,29.675521,0.0,0.0,0.0,0.5,0.05,0.0,0,V-2023.12-SP4,273,273,0,29.28,29.28,0.0,39.8131,0.7353,0.0,0.0,0.3,0.25,0.0,0,V-2023.12-SP3,V-2023.12-SP4,0.06326,0.03988,7.862e-05,0.1032,0.10314,0.077355,0.0,0.0,0.0,0.0,0.0,0.0,0.0,0.0,0.06326,0.03988,7.862e-05,0.1032,0.0,0.0,0.0,0.0,0.0,0.0,0.0,0.0,0.0,0.0,0.0,0.0,0.0,0.0,0.0,0.0,vectored,fixed_route,2,2026-08-02T13:04:42+00:00
crossbar_64_2_2_10nm_TT_0V8_25C_1333p33MHz,crossbar,data_width=64;num_inputs=2;num_outputs=2,10nm,TT,0.8,25.0,0.75,1333.3333333333333,64,2,2,V-2023.12-SP4,279,279,0,29.675521,29.675521,0.0,0.0,0.0,0.5,0.05,0.0,0,V-2023.12-SP4,273,273,0,29.28,29.28,0.0,39.8131,0.7353,0.0,0.0,0.3,0.25,0.0,0,V-2023.12-SP3,V-2023.12-SP4,0.033370000000000004,0.040720000000000006,7.193e-05,0.07417,0.07409000000000002,0.05556750000000001,0.0,0.0,0.0,0.0,0.0,0.0,0.0,0.0,0.033370000000000004,0.040720000000000006,7.193e-05,0.07417,0.0,0.0,0.0,0.0,0.0,0.0,0.0,0.0,0.0,0.0,0.0,0.0,0.0,0.0,0.0,0.0,vectored,valid25,2,2026-08-02T13:04:49+00:00
crossbar_32_16_16_10nm_TT_0V8_25C_800MHz,crossbar,data_width=32;num_inputs=16;num_outputs=16,10nm,TT,0.8,25.0,1.25,800.0,32,16,16,V-2023.12-SP4,8281,8281,0,1084.3853,1084.3853,0.0,0.0,0.0,1.05,0.0,0.0,0,V-2023.12-SP4,8274,8274,0,1096.0,1096.0,0.0,1538.519,0.7124,0.0,0.0,1.07,-0.02,-0.17,30,V-2023.12-SP3,V-2023.12-SP4,0.5383,1.065,0.003095,1.607,1.6033,2.004125,0.0,0.0,0.0,0.0,0.0,0.0,0.0,0.0,0.5383,1.065,0.003095,1.607,0.0,0.0,0.0,0.0,0.0,0.0,0.0,0.0,0.0,0.0,0.0,0.0,0.0,0.0,0.0,0.0,unvectored,none,2,2026-08-02T13:05:04+00:00
crossbar_32_16_16_10nm_TT_0V8_25C_800MHz,crossbar,data_width=32;num_inputs=16;num_outputs=16,10nm,TT,0.8,25.0,1.25,800.0,32,16,16,V-2023.12-SP4,8281,8281,0,1084.3853,1084.3853,0.0,0.0,0.0,1.05,0.0,0.0,0,V-2023.12-SP4,8274,8274,0,1096.0,1096.0,0.0,1538.519,0.7124,0.0,0.0,1.07,-0.02,-0.17,30,V-2023.12-SP3,V-2023.12-SP4,0.8651000000000001,1.564,0.003049,2.432,2.4291,3.036375,0.0,0.0,0.0,0.0,0.0,0.0,0.0,0.0,0.8651000000000001,1.564,0.003049,2.432,0.0,0.0,0.0,0.0,0.0,0.0,0.0,0.0,0.0,0.0,0.0,0.0,0.0,0.0,0.0,0.0,vectored,random,2,2026-08-02T13:05:14+00:00
crossbar_32_16_16_10nm_TT_0V8_25C_800MHz,crossbar,data_width=32;num_inputs=16;num_outputs=16,10nm,TT,0.8,25.0,1.25,800.0,32,16,16,V-2023.12-SP4,8281,8281,0,1084.3853,1084.3853,0.0,0.0,0.0,1.05,0.0,0.0,0,V-2023.12-SP4,8274,8274,0,1096.0,1096.0,0.0,1538.519,0.7124,0.0,0.0,1.07,-0.02,-0.17,30,V-2023.12-SP3,V-2023.12-SP4,0.397,0.7731,0.00298,1.173,1.1701000000000001,1.462625,0.0,0.0,0.0,0.0,0.0,0.0,0.0,0.0,0.397,0.7731,0.00298,1.173,0.0,0.0,0.0,0.0,0.0,0.0,0.0,0.0,0.0,0.0,0.0,0.0,0.0,0.0,0.0,0.0,vectored,fixed_route,2,2026-08-02T13:05:24+00:00
crossbar_32_16_16_10nm_TT_0V8_25C_800MHz,crossbar,data_width=32;num_inputs=16;num_outputs=16,10nm,TT,0.8,25.0,1.25,800.0,32,16,16,V-2023.12-SP4,8281,8281,0,1084.3853,1084.3853,0.0,0.0,0.0,1.05,0.0,0.0,0,V-2023.12-SP4,8274,8274,0,1096.0,1096.0,0.0,1538.519,0.7124,0.0,0.0,1.07,-0.02,-0.17,30,V-2023.12-SP3,V-2023.12-SP4,0.2294,0.4224,0.003134,0.655,0.6517999999999999,0.8147499999999999,0.0,0.0,0.0,0.0,0.0,0.0,0.0,0.0,0.2294,0.4224,0.003134,0.655,0.0,0.0,0.0,0.0,0.0,0.0,0.0,0.0,0.0,0.0,0.0,0.0,0.0,0.0,0.0,0.0,vectored,valid25,2,2026-08-02T13:05:33+00:00
crossbar_64_2_2_10nm_TT_0V8_25C_800MHz,crossbar,data_width=64;num_inputs=2;num_outputs=2,10nm,TT,0.8,25.0,1.25,800.0,64,2,2,V-2023.12-SP4,278,278,0,29.583361,29.583361,0.0,0.0,0.0,0.55,0.5,0.0,0,V-2023.12-SP4,275,275,0,29.37,29.37,0.0,39.8131,0.7377,0.0,0.0,0.3,0.75,0.0,0,V-2023.12-SP3,V-2023.12-SP4,0.03578,0.043109999999999996,7.358e-05,0.07896,0.07888999999999999,0.09861249999999999,0.0,0.0,0.0,0.0,0.0,0.0,0.0,0.0,0.03578,0.043109999999999996,7.358e-05,0.07896,0.0,0.0,0.0,0.0,0.0,0.0,0.0,0.0,0.0,0.0,0.0,0.0,0.0,0.0,0.0,0.0,unvectored,none,2,2026-08-02T13:06:36+00:00
crossbar_64_2_2_10nm_TT_0V8_25C_800MHz,crossbar,data_width=64;num_inputs=2;num_outputs=2,10nm,TT,0.8,25.0,1.25,800.0,64,2,2,V-2023.12-SP4,278,278,0,29.583361,29.583361,0.0,0.0,0.0,0.55,0.5,0.0,0,V-2023.12-SP4,275,275,0,29.37,29.37,0.0,39.8131,0.7377,0.0,0.0,0.3,0.75,0.0,0,V-2023.12-SP3,V-2023.12-SP4,0.06575,0.06917000000000001,7.544000000000001e-05,0.135,0.13492,0.16865000000000002,0.0,0.0,0.0,0.0,0.0,0.0,0.0,0.0,0.06575,0.06917000000000001,7.544000000000001e-05,0.135,0.0,0.0,0.0,0.0,0.0,0.0,0.0,0.0,0.0,0.0,0.0,0.0,0.0,0.0,0.0,0.0,vectored,random,2,2026-08-02T13:06:43+00:00
crossbar_64_2_2_10nm_TT_0V8_25C_800MHz,crossbar,data_width=64;num_inputs=2;num_outputs=2,10nm,TT,0.8,25.0,1.25,800.0,64,2,2,V-2023.12-SP4,278,278,0,29.583361,29.583361,0.0,0.0,0.0,0.55,0.5,0.0,0,V-2023.12-SP4,275,275,0,29.37,29.37,0.0,39.8131,0.7377,0.0,0.0,0.3,0.75,0.0,0,V-2023.12-SP3,V-2023.12-SP4,0.03799,0.02383,7.852e-05,0.061900000000000004,0.06182,0.077275,0.0,0.0,0.0,0.0,0.0,0.0,0.0,0.0,0.03799,0.02383,7.852e-05,0.061900000000000004,0.0,0.0,0.0,0.0,0.0,0.0,0.0,0.0,0.0,0.0,0.0,0.0,0.0,0.0,0.0,0.0,vectored,fixed_route,2,2026-08-02T13:06:49+00:00
crossbar_64_2_2_10nm_TT_0V8_25C_800MHz,crossbar,data_width=64;num_inputs=2;num_outputs=2,10nm,TT,0.8,25.0,1.25,800.0,64,2,2,V-2023.12-SP4,278,278,0,29.583361,29.583361,0.0,0.0,0.0,0.55,0.5,0.0,0,V-2023.12-SP4,275,275,0,29.37,29.37,0.0,39.8131,0.7377,0.0,0.0,0.3,0.75,0.0,0,V-2023.12-SP3,V-2023.12-SP4,0.02005,0.02467,7.198e-05,0.0448,0.044719999999999996,0.05589999999999999,0.0,0.0,0.0,0.0,0.0,0.0,0.0,0.0,0.02005,0.02467,7.198e-05,0.0448,0.0,0.0,0.0,0.0,0.0,0.0,0.0,0.0,0.0,0.0,0.0,0.0,0.0,0.0,0.0,0.0,vectored,valid25,2,2026-08-02T13:06:56+00:00
crossbar_64_4_4_10nm_TT_0V8_25C_1333p33MHz,crossbar,data_width=64;num_inputs=4;num_outputs=4,10nm,TT,0.8,25.0,0.75,1333.3333333333333,64,4,4,V-2023.12-SP4,856,856,0,111.820804,111.820804,0.0,0.0,0.0,0.55,0.0,0.0,0,V-2023.12-SP4,864,864,0,114.31,114.31,0.0,154.3373,0.7406,0.0,0.0,0.55,0.0,0.0,0,V-2023.12-SP3,V-2023.12-SP4,0.16090000000000002,0.2172,0.0003012,0.37839999999999996,0.3781,0.283575,0.0,0.0,0.0,0.0,0.0,0.0,0.0,0.0,0.16090000000000002,0.2172,0.0003012,0.37839999999999996,0.0,0.0,0.0,0.0,0.0,0.0,0.0,0.0,0.0,0.0,0.0,0.0,0.0,0.0,0.0,0.0,unvectored,none,2,2026-08-02T13:08:58+00:00
crossbar_64_4_4_10nm_TT_0V8_25C_1333p33MHz,crossbar,data_width=64;num_inputs=4;num_outputs=4,10nm,TT,0.8,25.0,0.75,1333.3333333333333,64,4,4,V-2023.12-SP4,856,856,0,111.820804,111.820804,0.0,0.0,0.0,0.55,0.0,0.0,0,V-2023.12-SP4,864,864,0,114.31,114.31,0.0,154.3373,0.7406,0.0,0.0,0.55,0.0,0.0,0,V-2023.12-SP3,V-2023.12-SP4,0.3009,0.3765,0.0002996,0.6777000000000001,0.6774,0.50805,0.0,0.0,0.0,0.0,0.0,0.0,0.0,0.0,0.3009,0.3765,0.0002996,0.6777000000000001,0.0,0.0,0.0,0.0,0.0,0.0,0.0,0.0,0.0,0.0,0.0,0.0,0.0,0.0,0.0,0.0,vectored,random,2,2026-08-02T13:09:04+00:00
crossbar_64_4_4_10nm_TT_0V8_25C_1333p33MHz,crossbar,data_width=64;num_inputs=4;num_outputs=4,10nm,TT,0.8,25.0,0.75,1333.3333333333333,64,4,4,V-2023.12-SP4,856,856,0,111.820804,111.820804,0.0,0.0,0.0,0.55,0.0,0.0,0,V-2023.12-SP4,864,864,0,114.31,114.31,0.0,154.3373,0.7406,0.0,0.0,0.55,0.0,0.0,0,V-2023.12-SP3,V-2023.12-SP4,0.1382,0.10890000000000001,0.0002985,0.2474,0.2471,0.185325,0.0,0.0,0.0,0.0,0.0,0.0,0.0,0.0,0.1382,0.10890000000000001,0.0002985,0.2474,0.0,0.0,0.0,0.0,0.0,0.0,0.0,0.0,0.0,0.0,0.0,0.0,0.0,0.0,0.0,0.0,vectored,fixed_route,2,2026-08-02T13:09:11+00:00
crossbar_64_4_4_10nm_TT_0V8_25C_1333p33MHz,crossbar,data_width=64;num_inputs=4;num_outputs=4,10nm,TT,0.8,25.0,0.75,1333.3333333333333,64,4,4,V-2023.12-SP4,856,856,0,111.820804,111.820804,0.0,0.0,0.0,0.55,0.0,0.0,0,V-2023.12-SP4,864,864,0,114.31,114.31,0.0,154.3373,0.7406,0.0,0.0,0.55,0.0,0.0,0,V-2023.12-SP3,V-2023.12-SP4,0.08252999999999999,0.1116,0.00030240000000000003,0.19440000000000002,0.19413,0.1455975,0.0,0.0,0.0,0.0,0.0,0.0,0.0,0.0,0.08252999999999999,0.1116,0.00030240000000000003,0.19440000000000002,0.0,0.0,0.0,0.0,0.0,0.0,0.0,0.0,0.0,0.0,0.0,0.0,0.0,0.0,0.0,0.0,vectored,valid25,2,2026-08-02T13:09:18+00:00
crossbar_64_4_4_10nm_TT_0V8_25C_800MHz,crossbar,data_width=64;num_inputs=4;num_outputs=4,10nm,TT,0.8,25.0,1.25,800.0,64,4,4,V-2023.12-SP4,848,848,0,111.083524,111.083524,0.0,0.0,0.0,0.74,0.31,0.0,0,V-2023.12-SP4,864,864,0,112.47,112.47,0.0,154.3373,0.7287,0.0,0.0,0.68,0.37,0.0,0,V-2023.12-SP3,V-2023.12-SP4,0.09474,0.12940000000000002,0.00028579999999999995,0.22440000000000002,0.22414,0.280175,0.0,0.0,0.0,0.0,0.0,0.0,0.0,0.0,0.09474,0.12940000000000002,0.00028579999999999995,0.22440000000000002,0.0,0.0,0.0,0.0,0.0,0.0,0.0,0.0,0.0,0.0,0.0,0.0,0.0,0.0,0.0,0.0,unvectored,none,2,2026-08-02T13:09:29+00:00
crossbar_64_4_4_10nm_TT_0V8_25C_800MHz,crossbar,data_width=64;num_inputs=4;num_outputs=4,10nm,TT,0.8,25.0,1.25,800.0,64,4,4,V-2023.12-SP4,848,848,0,111.083524,111.083524,0.0,0.0,0.0,0.74,0.31,0.0,0,V-2023.12-SP4,864,864,0,112.47,112.47,0.0,154.3373,0.7287,0.0,0.0,0.68,0.37,0.0,0,V-2023.12-SP3,V-2023.12-SP4,0.1777,0.22340000000000002,0.0002845,0.4014,0.4011,0.501375,0.0,0.0,0.0,0.0,0.0,0.0,0.0,0.0,0.1777,0.22340000000000002,0.0002845,0.4014,0.0,0.0,0.0,0.0,0.0,0.0,0.0,0.0,0.0,0.0,0.0,0.0,0.0,0.0,0.0,0.0,vectored,random,2,2026-08-02T13:09:37+00:00
crossbar_64_4_4_10nm_TT_0V8_25C_800MHz,crossbar,data_width=64;num_inputs=4;num_outputs=4,10nm,TT,0.8,25.0,1.25,800.0,64,4,4,V-2023.12-SP4,848,848,0,111.083524,111.083524,0.0,0.0,0.0,0.74,0.31,0.0,0,V-2023.12-SP4,864,864,0,112.47,112.47,0.0,154.3373,0.7287,0.0,0.0,0.68,0.37,0.0,0,V-2023.12-SP3,V-2023.12-SP4,0.08355,0.06518,0.0002841,0.149,0.14873,0.1859125,0.0,0.0,0.0,0.0,0.0,0.0,0.0,0.0,0.08355,0.06518,0.0002841,0.149,0.0,0.0,0.0,0.0,0.0,0.0,0.0,0.0,0.0,0.0,0.0,0.0,0.0,0.0,0.0,0.0,vectored,fixed_route,2,2026-08-02T13:09:44+00:00
crossbar_64_4_4_10nm_TT_0V8_25C_800MHz,crossbar,data_width=64;num_inputs=4;num_outputs=4,10nm,TT,0.8,25.0,1.25,800.0,64,4,4,V-2023.12-SP4,848,848,0,111.083524,111.083524,0.0,0.0,0.0,0.74,0.31,0.0,0,V-2023.12-SP4,864,864,0,112.47,112.47,0.0,154.3373,0.7287,0.0,0.0,0.68,0.37,0.0,0,V-2023.12-SP3,V-2023.12-SP4,0.04879,0.06638,0.0002866,0.1155,0.11517,0.1439625,0.0,0.0,0.0,0.0,0.0,0.0,0.0,0.0,0.04879,0.06638,0.0002866,0.1155,0.0,0.0,0.0,0.0,0.0,0.0,0.0,0.0,0.0,0.0,0.0,0.0,0.0,0.0,0.0,0.0,vectored,valid25,2,2026-08-02T13:09:52+00:00
crossbar_64_8_8_10nm_TT_0V8_25C_1333p33MHz,crossbar,data_width=64;num_inputs=8;num_outputs=8,10nm,TT,0.8,25.0,0.75,1333.3333333333333,64,8,8,V-2023.12-SP4,3942,3942,0,502.640646,502.640646,0.0,0.0,0.0,0.54,0.01,0.0,0,V-2023.12-SP4,3880,3880,0,504.33,504.33,0.0,707.9731,0.7124,0.0,0.0,0.55,0.0,0.0,0,V-2023.12-SP3,V-2023.12-SP4,0.5977,1.0959999999999999,0.001317,1.6949999999999998,1.6936999999999998,1.2702749999999998,0.0,0.0,0.0,0.0,0.0,0.0,0.0,0.0,0.5977,1.0959999999999999,0.001317,1.6949999999999998,0.0,0.0,0.0,0.0,0.0,0.0,0.0,0.0,0.0,0.0,0.0,0.0,0.0,0.0,0.0,0.0,unvectored,none,2,2026-08-02T13:22:02+00:00
crossbar_64_8_8_10nm_TT_0V8_25C_1333p33MHz,crossbar,data_width=64;num_inputs=8;num_outputs=8,10nm,TT,0.8,25.0,0.75,1333.3333333333333,64,8,8,V-2023.12-SP4,3942,3942,0,502.640646,502.640646,0.0,0.0,0.0,0.54,0.01,0.0,0,V-2023.12-SP4,3880,3880,0,504.33,504.33,0.0,707.9731,0.7124,0.0,0.0,0.55,0.0,0.0,0,V-2023.12-SP3,V-2023.12-SP4,0.9429,1.607,0.001309,2.5509999999999997,2.5499,1.912425,0.0,0.0,0.0,0.0,0.0,0.0,0.0,0.0,0.9429,1.607,0.001309,2.5509999999999997,0.0,0.0,0.0,0.0,0.0,0.0,0.0,0.0,0.0,0.0,0.0,0.0,0.0,0.0,0.0,0.0,vectored,random,2,2026-08-02T13:22:10+00:00
crossbar_64_8_8_10nm_TT_0V8_25C_1333p33MHz,crossbar,data_width=64;num_inputs=8;num_outputs=8,10nm,TT,0.8,25.0,0.75,1333.3333333333333,64,8,8,V-2023.12-SP4,3942,3942,0,502.640646,502.640646,0.0,0.0,0.0,0.54,0.01,0.0,0,V-2023.12-SP4,3880,3880,0,504.33,504.33,0.0,707.9731,0.7124,0.0,0.0,0.55,0.0,0.0,0,V-2023.12-SP3,V-2023.12-SP4,0.4803,0.8357,0.001277,1.317,1.316,0.9870000000000001,0.0,0.0,0.0,0.0,0.0,0.0,0.0,0.0,0.4803,0.8357,0.001277,1.317,0.0,0.0,0.0,0.0,0.0,0.0,0.0,0.0,0.0,0.0,0.0,0.0,0.0,0.0,0.0,0.0,vectored,fixed_route,2,2026-08-02T13:22:17+00:00
crossbar_64_8_8_10nm_TT_0V8_25C_1333p33MHz,crossbar,data_width=64;num_inputs=8;num_outputs=8,10nm,TT,0.8,25.0,0.75,1333.3333333333333,64,8,8,V-2023.12-SP4,3942,3942,0,502.640646,502.640646,0.0,0.0,0.0,0.54,0.01,0.0,0,V-2023.12-SP4,3880,3880,0,504.33,504.33,0.0,707.9731,0.7124,0.0,0.0,0.55,0.0,0.0,0,V-2023.12-SP3,V-2023.12-SP4,0.2621,0.4557,0.001328,0.7191,0.7178,0.53835,0.0,0.0,0.0,0.0,0.0,0.0,0.0,0.0,0.2621,0.4557,0.001328,0.7191,0.0,0.0,0.0,0.0,0.0,0.0,0.0,0.0,0.0,0.0,0.0,0.0,0.0,0.0,0.0,0.0,vectored,valid25,2,2026-08-02T13:22:25+00:00
crossbar_64_8_8_10nm_TT_0V8_25C_800MHz,crossbar,data_width=64;num_inputs=8;num_outputs=8,10nm,TT,0.8,25.0,1.25,800.0,64,8,8,V-2023.12-SP4,3940,3940,0,500.090886,500.090886,0.0,0.0,0.0,0.92,0.13,0.0,0,V-2023.12-SP4,3865,3865,0,498.83,498.83,0.0,707.9731,0.7046,0.0,0.0,0.76,0.29,0.0,0,V-2023.12-SP3,V-2023.12-SP4,0.3572,0.6547999999999999,0.001284,1.013,1.012,1.2650000000000001,0.0,0.0,0.0,0.0,0.0,0.0,0.0,0.0,0.3572,0.6547999999999999,0.001284,1.013,0.0,0.0,0.0,0.0,0.0,0.0,0.0,0.0,0.0,0.0,0.0,0.0,0.0,0.0,0.0,0.0,unvectored,none,2,2026-08-02T13:27:01+00:00
crossbar_64_8_8_10nm_TT_0V8_25C_800MHz,crossbar,data_width=64;num_inputs=8;num_outputs=8,10nm,TT,0.8,25.0,1.25,800.0,64,8,8,V-2023.12-SP4,3940,3940,0,500.090886,500.090886,0.0,0.0,0.0,0.92,0.13,0.0,0,V-2023.12-SP4,3865,3865,0,498.83,498.83,0.0,707.9731,0.7046,0.0,0.0,0.76,0.29,0.0,0,V-2023.12-SP3,V-2023.12-SP4,0.5716,0.9581000000000001,0.001274,1.531,1.5297,1.912125,0.0,0.0,0.0,0.0,0.0,0.0,0.0,0.0,0.5716,0.9581000000000001,0.001274,1.531,0.0,0.0,0.0,0.0,0.0,0.0,0.0,0.0,0.0,0.0,0.0,0.0,0.0,0.0,0.0,0.0,vectored,random,2,2026-08-02T13:27:09+00:00
crossbar_64_8_8_10nm_TT_0V8_25C_800MHz,crossbar,data_width=64;num_inputs=8;num_outputs=8,10nm,TT,0.8,25.0,1.25,800.0,64,8,8,V-2023.12-SP4,3940,3940,0,500.090886,500.090886,0.0,0.0,0.0,0.92,0.13,0.0,0,V-2023.12-SP4,3865,3865,0,498.83,498.83,0.0,707.9731,0.7046,0.0,0.0,0.76,0.29,0.0,0,V-2023.12-SP3,V-2023.12-SP4,0.289,0.4915,0.001244,0.7817,0.7805,0.975625,0.0,0.0,0.0,0.0,0.0,0.0,0.0,0.0,0.289,0.4915,0.001244,0.7817,0.0,0.0,0.0,0.0,0.0,0.0,0.0,0.0,0.0,0.0,0.0,0.0,0.0,0.0,0.0,0.0,vectored,fixed_route,2,2026-08-02T13:27:17+00:00
crossbar_64_8_8_10nm_TT_0V8_25C_800MHz,crossbar,data_width=64;num_inputs=8;num_outputs=8,10nm,TT,0.8,25.0,1.25,800.0,64,8,8,V-2023.12-SP4,3940,3940,0,500.090886,500.090886,0.0,0.0,0.0,0.92,0.13,0.0,0,V-2023.12-SP4,3865,3865,0,498.83,498.83,0.0,707.9731,0.7046,0.0,0.0,0.76,0.29,0.0,0,V-2023.12-SP3,V-2023.12-SP4,0.1573,0.2694,0.001294,0.4279,0.42669999999999997,0.5333749999999999,0.0,0.0,0.0,0.0,0.0,0.0,0.0,0.0,0.1573,0.2694,0.001294,0.4279,0.0,0.0,0.0,0.0,0.0,0.0,0.0,0.0,0.0,0.0,0.0,0.0,0.0,0.0,0.0,0.0,vectored,valid25,2,2026-08-02T13:27:25+00:00
crossbar_64_8_4_10nm_TT_0V8_25C_1333p33MHz,crossbar,data_width=64;num_inputs=8;num_outputs=4,10nm,TT,0.8,25.0,0.75,1333.3333333333333,64,8,4,V-2023.12-SP4,3995,3995,0,438.312954,438.312954,0.0,0.0,0.0,0.55,0.0,0.0,0,V-2023.12-SP4,3066,3066,0,341.67,341.67,0.0,623.0016,0.5484,0.0,0.0,0.55,0.0,0.0,0,V-2023.12-SP3,V-2023.12-SP4,0.5518,0.8889,0.0009893,1.442,1.4407,1.0805250000000002,0.0,0.0,0.0,0.0,0.0,0.0,0.0,0.0,0.5518,0.8889,0.0009893,1.442,0.0,0.0,0.0,0.0,0.0,0.0,0.0,0.0,0.0,0.0,0.0,0.0,0.0,0.0,0.0,0.0,unvectored,none,2,2026-08-02T13:31:44+00:00
crossbar_64_8_4_10nm_TT_0V8_25C_1333p33MHz,crossbar,data_width=64;num_inputs=8;num_outputs=4,10nm,TT,0.8,25.0,0.75,1333.3333333333333,64,8,4,V-2023.12-SP4,3995,3995,0,438.312954,438.312954,0.0,0.0,0.0,0.55,0.0,0.0,0,V-2023.12-SP4,3066,3066,0,341.67,341.67,0.0,623.0016,0.5484,0.0,0.0,0.55,0.0,0.0,0,V-2023.12-SP3,V-2023.12-SP4,0.868,1.3010000000000002,0.0009724,2.17,2.169,1.62675,0.0,0.0,0.0,0.0,0.0,0.0,0.0,0.0,0.868,1.3010000000000002,0.0009724,2.17,0.0,0.0,0.0,0.0,0.0,0.0,0.0,0.0,0.0,0.0,0.0,0.0,0.0,0.0,0.0,0.0,vectored,random,2,2026-08-02T13:31:52+00:00
crossbar_64_8_4_10nm_TT_0V8_25C_1333p33MHz,crossbar,data_width=64;num_inputs=8;num_outputs=4,10nm,TT,0.8,25.0,0.75,1333.3333333333333,64,8,4,V-2023.12-SP4,3995,3995,0,438.312954,438.312954,0.0,0.0,0.0,0.55,0.0,0.0,0,V-2023.12-SP4,3066,3066,0,341.67,341.67,0.0,623.0016,0.5484,0.0,0.0,0.55,0.0,0.0,0,V-2023.12-SP3,V-2023.12-SP4,0.4002,0.6782999999999999,0.0009479,1.0790000000000002,1.0785,0.808875,0.0,0.0,0.0,0.0,0.0,0.0,0.0,0.0,0.4002,0.6782999999999999,0.0009479,1.0790000000000002,0.0,0.0,0.0,0.0,0.0,0.0,0.0,0.0,0.0,0.0,0.0,0.0,0.0,0.0,0.0,0.0,vectored,fixed_route,2,2026-08-02T13:32:00+00:00
crossbar_64_8_4_10nm_TT_0V8_25C_1333p33MHz,crossbar,data_width=64;num_inputs=8;num_outputs=4,10nm,TT,0.8,25.0,0.75,1333.3333333333333,64,8,4,V-2023.12-SP4,3995,3995,0,438.312954,438.312954,0.0,0.0,0.0,0.55,0.0,0.0,0,V-2023.12-SP4,3066,3066,0,341.67,341.67,0.0,623.0016,0.5484,0.0,0.0,0.55,0.0,0.0,0,V-2023.12-SP3,V-2023.12-SP4,0.3019,0.4372,0.001003,0.74,0.7391,0.554325,0.0,0.0,0.0,0.0,0.0,0.0,0.0,0.0,0.3019,0.4372,0.001003,0.74,0.0,0.0,0.0,0.0,0.0,0.0,0.0,0.0,0.0,0.0,0.0,0.0,0.0,0.0,0.0,0.0,vectored,valid25,2,2026-08-02T13:32:07+00:00
crossbar_64_8_4_10nm_TT_0V8_25C_800MHz,crossbar,data_width=64;num_inputs=8;num_outputs=4,10nm,TT,0.8,25.0,1.25,800.0,64,8,4,V-2023.12-SP4,2035,2035,0,259.891203,259.891203,0.0,0.0,0.0,1.04,0.01,0.0,0,V-2023.12-SP4,2060,2060,0,265.7,265.7,0.0,368.64,0.7207,0.0,0.0,1.05,0.0,0.0,0,V-2023.12-SP3,V-2023.12-SP4,0.2471,0.3577,0.000745,0.6056,0.6048,0.756,0.0,0.0,0.0,0.0,0.0,0.0,0.0,0.0,0.2471,0.3577,0.000745,0.6056,0.0,0.0,0.0,0.0,0.0,0.0,0.0,0.0,0.0,0.0,0.0,0.0,0.0,0.0,0.0,0.0,unvectored,none,2,2026-08-02T13:39:03+00:00
crossbar_64_8_4_10nm_TT_0V8_25C_800MHz,crossbar,data_width=64;num_inputs=8;num_outputs=4,10nm,TT,0.8,25.0,1.25,800.0,64,8,4,V-2023.12-SP4,2035,2035,0,259.891203,259.891203,0.0,0.0,0.0,1.04,0.01,0.0,0,V-2023.12-SP4,2060,2060,0,265.7,265.7,0.0,368.64,0.7207,0.0,0.0,1.05,0.0,0.0,0,V-2023.12-SP3,V-2023.12-SP4,0.4609,0.6232,0.0007293,1.085,1.0840999999999998,1.3551249999999997,0.0,0.0,0.0,0.0,0.0,0.0,0.0,0.0,0.4609,0.6232,0.0007293,1.085,0.0,0.0,0.0,0.0,0.0,0.0,0.0,0.0,0.0,0.0,0.0,0.0,0.0,0.0,0.0,0.0,vectored,random,2,2026-08-02T13:39:12+00:00
crossbar_64_8_4_10nm_TT_0V8_25C_800MHz,crossbar,data_width=64;num_inputs=8;num_outputs=4,10nm,TT,0.8,25.0,1.25,800.0,64,8,4,V-2023.12-SP4,2035,2035,0,259.891203,259.891203,0.0,0.0,0.0,1.04,0.01,0.0,0,V-2023.12-SP4,2060,2060,0,265.7,265.7,0.0,368.64,0.7207,0.0,0.0,1.05,0.0,0.0,0,V-2023.12-SP3,V-2023.12-SP4,0.177,0.204,0.0007185,0.3816,0.381,0.47625,0.0,0.0,0.0,0.0,0.0,0.0,0.0,0.0,0.177,0.204,0.0007185,0.3816,0.0,0.0,0.0,0.0,0.0,0.0,0.0,0.0,0.0,0.0,0.0,0.0,0.0,0.0,0.0,0.0,vectored,fixed_route,2,2026-08-02T13:39:21+00:00
crossbar_64_8_4_10nm_TT_0V8_25C_800MHz,crossbar,data_width=64;num_inputs=8;num_outputs=4,10nm,TT,0.8,25.0,1.25,800.0,64,8,4,V-2023.12-SP4,2035,2035,0,259.891203,259.891203,0.0,0.0,0.0,1.04,0.01,0.0,0,V-2023.12-SP4,2060,2060,0,265.7,265.7,0.0,368.64,0.7207,0.0,0.0,1.05,0.0,0.0,0,V-2023.12-SP3,V-2023.12-SP4,0.1484,0.2095,0.0007593,0.3587,0.3579,0.44737499999999997,0.0,0.0,0.0,0.0,0.0,0.0,0.0,0.0,0.1484,0.2095,0.0007593,0.3587,0.0,0.0,0.0,0.0,0.0,0.0,0.0,0.0,0.0,0.0,0.0,0.0,0.0,0.0,0.0,0.0,vectored,valid25,2,2026-08-02T13:39:30+00:00
crossbar_64_16_16_10nm_TT_0V8_25C_1333p33MHz,crossbar,data_width=64;num_inputs=16;num_outputs=16,10nm,TT,0.8,25.0,0.75,1333.3333333333333,64,16,16,V-2023.12-SP4,26127,26127,0,3016.519674,3016.519674,0.0,0.0,0.0,0.55,0.0,0.0,0,V-2023.12-SP4,22542,22542,0,2673.22,2673.22,0.0,4282.368,0.6242,0.0,0.0,0.69,-0.14,-2.48,213,V-2023.12-SP3,V-2023.12-SP4,2.3890000000000002,4.77,0.0077659999999999995,7.167,7.159,5.36925,0.0,0.0,0.0,0.0,0.0,0.0,0.0,0.0,2.3890000000000002,4.77,0.0077659999999999995,7.167,0.0,0.0,0.0,0.0,0.0,0.0,0.0,0.0,0.0,0.0,0.0,0.0,0.0,0.0,0.0,0.0,unvectored,none,2,2026-08-02T13:56:36+00:00
crossbar_64_16_16_10nm_TT_0V8_25C_1333p33MHz,crossbar,data_width=64;num_inputs=16;num_outputs=16,10nm,TT,0.8,25.0,0.75,1333.3333333333333,64,16,16,V-2023.12-SP4,26127,26127,0,3016.519674,3016.519674,0.0,0.0,0.0,0.55,0.0,0.0,0,V-2023.12-SP4,22542,22542,0,2673.22,2673.22,0.0,4282.368,0.6242,0.0,0.0,0.69,-0.14,-2.48,213,V-2023.12-SP3,V-2023.12-SP4,3.92,7.328,0.007652999999999999,11.299999999999999,11.248000000000001,8.436,0.0,0.0,0.0,0.0,0.0,0.0,0.0,0.0,3.92,7.328,0.007652999999999999,11.299999999999999,0.0,0.0,0.0,0.0,0.0,0.0,0.0,0.0,0.0,0.0,0.0,0.0,0.0,0.0,0.0,0.0,vectored,random,2,2026-08-02T13:56:49+00:00
crossbar_64_16_16_10nm_TT_0V8_25C_1333p33MHz,crossbar,data_width=64;num_inputs=16;num_outputs=16,10nm,TT,0.8,25.0,0.75,1333.3333333333333,64,16,16,V-2023.12-SP4,26127,26127,0,3016.519674,3016.519674,0.0,0.0,0.0,0.55,0.0,0.0,0,V-2023.12-SP4,22542,22542,0,2673.22,2673.22,0.0,4282.368,0.6242,0.0,0.0,0.69,-0.14,-2.48,213,V-2023.12-SP3,V-2023.12-SP4,1.8619999999999999,3.9560000000000004,0.007524,5.826,5.8180000000000005,4.3635,0.0,0.0,0.0,0.0,0.0,0.0,0.0,0.0,1.8619999999999999,3.9560000000000004,0.007524,5.826,0.0,0.0,0.0,0.0,0.0,0.0,0.0,0.0,0.0,0.0,0.0,0.0,0.0,0.0,0.0,0.0,vectored,fixed_route,2,2026-08-02T13:57:05+00:00
crossbar_64_16_16_10nm_TT_0V8_25C_1333p33MHz,crossbar,data_width=64;num_inputs=16;num_outputs=16,10nm,TT,0.8,25.0,0.75,1333.3333333333333,64,16,16,V-2023.12-SP4,26127,26127,0,3016.519674,3016.519674,0.0,0.0,0.0,0.55,0.0,0.0,0,V-2023.12-SP4,22542,22542,0,2673.22,2673.22,0.0,4282.368,0.6242,0.0,0.0,0.69,-0.14,-2.48,213,V-2023.12-SP3,V-2023.12-SP4,0.9905999999999999,1.8940000000000001,0.00785,2.892,2.8846,2.16345,0.0,0.0,0.0,0.0,0.0,0.0,0.0,0.0,0.9905999999999999,1.8940000000000001,0.00785,2.892,0.0,0.0,0.0,0.0,0.0,0.0,0.0,0.0,0.0,0.0,0.0,0.0,0.0,0.0,0.0,0.0,vectored,valid25,2,2026-08-02T13:57:16+00:00
crossbar_64_16_8_10nm_TT_0V8_25C_1333p33MHz,crossbar,data_width=64;num_inputs=16;num_outputs=8,10nm,TT,0.8,25.0,0.75,1333.3333333333333,64,16,8,V-2023.12-SP4,13563,13563,0,1555.261437,1555.261437,0.0,0.0,0.0,0.55,0.0,0.0,0,V-2023.12-SP4,11267,11267,0,1320.53,1320.53,0.0,2207.4778,0.5982,0.0,0.0,0.57,-0.02,-0.19,24,V-2023.12-SP3,V-2023.12-SP4,1.581,2.742,0.003741,4.327,4.323,3.2422500000000003,0.0,0.0,0.0,0.0,0.0,0.0,0.0,0.0,1.581,2.742,0.003741,4.327,0.0,0.0,0.0,0.0,0.0,0.0,0.0,0.0,0.0,0.0,0.0,0.0,0.0,0.0,0.0,0.0,unvectored,none,2,2026-08-02T14:13:16+00:00
crossbar_64_16_8_10nm_TT_0V8_25C_1333p33MHz,crossbar,data_width=64;num_inputs=16;num_outputs=8,10nm,TT,0.8,25.0,0.75,1333.3333333333333,64,16,8,V-2023.12-SP4,13563,13563,0,1555.261437,1555.261437,0.0,0.0,0.0,0.55,0.0,0.0,0,V-2023.12-SP4,11267,11267,0,1320.53,1320.53,0.0,2207.4778,0.5982,0.0,0.0,0.57,-0.02,-0.19,24,V-2023.12-SP3,V-2023.12-SP4,2.433,3.992,0.0036880000000000003,6.428999999999999,6.425,4.81875,0.0,0.0,0.0,0.0,0.0,0.0,0.0,0.0,2.433,3.992,0.0036880000000000003,6.428999999999999,0.0,0.0,0.0,0.0,0.0,0.0,0.0,0.0,0.0,0.0,0.0,0.0,0.0,0.0,0.0,0.0,vectored,random,2,2026-08-02T14:13:24+00:00
crossbar_64_16_8_10nm_TT_0V8_25C_1333p33MHz,crossbar,data_width=64;num_inputs=16;num_outputs=8,10nm,TT,0.8,25.0,0.75,1333.3333333333333,64,16,8,V-2023.12-SP4,13563,13563,0,1555.261437,1555.261437,0.0,0.0,0.0,0.55,0.0,0.0,0,V-2023.12-SP4,11267,11267,0,1320.53,1320.53,0.0,2207.4778,0.5982,0.0,0.0,0.57,-0.02,-0.19,24,V-2023.12-SP3,V-2023.12-SP4,1.0410000000000001,1.871,0.003621,2.9160000000000004,2.912,2.184,0.0,0.0,0.0,0.0,0.0,0.0,0.0,0.0,1.0410000000000001,1.871,0.003621,2.9160000000000004,0.0,0.0,0.0,0.0,0.0,0.0,0.0,0.0,0.0,0.0,0.0,0.0,0.0,0.0,0.0,0.0,vectored,fixed_route,2,2026-08-02T14:13:33+00:00
crossbar_64_16_8_10nm_TT_0V8_25C_1333p33MHz,crossbar,data_width=64;num_inputs=16;num_outputs=8,10nm,TT,0.8,25.0,0.75,1333.3333333333333,64,16,8,V-2023.12-SP4,13563,13563,0,1555.261437,1555.261437,0.0,0.0,0.0,0.55,0.0,0.0,0,V-2023.12-SP4,11267,11267,0,1320.53,1320.53,0.0,2207.4778,0.5982,0.0,0.0,0.57,-0.02,-0.19,24,V-2023.12-SP3,V-2023.12-SP4,0.7898000000000001,1.299,0.003794,2.093,2.0888,1.5666,0.0,0.0,0.0,0.0,0.0,0.0,0.0,0.0,0.7898000000000001,1.299,0.003794,2.093,0.0,0.0,0.0,0.0,0.0,0.0,0.0,0.0,0.0,0.0,0.0,0.0,0.0,0.0,0.0,0.0,vectored,valid25,2,2026-08-02T14:13:41+00:00
crossbar_64_4_8_10nm_TT_0V8_25C_1333p33MHz,crossbar,data_width=64;num_inputs=4;num_outputs=8,10nm,TT,0.8,25.0,0.75,1333.3333333333333,64,4,8,V-2023.12-SP4,1693,1693,0,224.071688,224.071688,0.0,0.0,0.0,0.52,0.03,0.0,0,V-2023.12-SP4,1725,1725,0,226.07,226.07,0.0,315.1258,0.7174,0.0,0.0,0.53,0.02,0.0,0,V-2023.12-SP3,V-2023.12-SP4,0.2145,0.27530000000000004,0.000596,0.4904,0.4898,0.36735,0.0,0.0,0.0,0.0,0.0,0.0,0.0,0.0,0.2145,0.27530000000000004,0.000596,0.4904,0.0,0.0,0.0,0.0,0.0,0.0,0.0,0.0,0.0,0.0,0.0,0.0,0.0,0.0,0.0,0.0,unvectored,none,2,2026-08-02T14:21:05+00:00
crossbar_64_4_8_10nm_TT_0V8_25C_1333p33MHz,crossbar,data_width=64;num_inputs=4;num_outputs=8,10nm,TT,0.8,25.0,0.75,1333.3333333333333,64,4,8,V-2023.12-SP4,1693,1693,0,224.071688,224.071688,0.0,0.0,0.0,0.52,0.03,0.0,0,V-2023.12-SP4,1725,1725,0,226.07,226.07,0.0,315.1258,0.7174,0.0,0.0,0.53,0.02,0.0,0,V-2023.12-SP3,V-2023.12-SP4,0.3811,0.4469,0.0005947,0.8286,0.8280000000000001,0.621,0.0,0.0,0.0,0.0,0.0,0.0,0.0,0.0,0.3811,0.4469,0.0005947,0.8286,0.0,0.0,0.0,0.0,0.0,0.0,0.0,0.0,0.0,0.0,0.0,0.0,0.0,0.0,0.0,0.0,vectored,random,2,2026-08-02T14:21:12+00:00
crossbar_64_4_8_10nm_TT_0V8_25C_1333p33MHz,crossbar,data_width=64;num_inputs=4;num_outputs=8,10nm,TT,0.8,25.0,0.75,1333.3333333333333,64,4,8,V-2023.12-SP4,1693,1693,0,224.071688,224.071688,0.0,0.0,0.0,0.52,0.03,0.0,0,V-2023.12-SP4,1725,1725,0,226.07,226.07,0.0,315.1258,0.7174,0.0,0.0,0.53,0.02,0.0,0,V-2023.12-SP3,V-2023.12-SP4,0.1424,0.1043,0.0005939000000000001,0.2473,0.2467,0.185025,0.0,0.0,0.0,0.0,0.0,0.0,0.0,0.0,0.1424,0.1043,0.0005939000000000001,0.2473,0.0,0.0,0.0,0.0,0.0,0.0,0.0,0.0,0.0,0.0,0.0,0.0,0.0,0.0,0.0,0.0,vectored,fixed_route,2,2026-08-02T14:21:20+00:00
crossbar_64_4_8_10nm_TT_0V8_25C_1333p33MHz,crossbar,data_width=64;num_inputs=4;num_outputs=8,10nm,TT,0.8,25.0,0.75,1333.3333333333333,64,4,8,V-2023.12-SP4,1693,1693,0,224.071688,224.071688,0.0,0.0,0.0,0.52,0.03,0.0,0,V-2023.12-SP4,1725,1725,0,226.07,226.07,0.0,315.1258,0.7174,0.0,0.0,0.53,0.02,0.0,0,V-2023.12-SP3,V-2023.12-SP4,0.09014,0.1157,0.0005967,0.2064,0.20584,0.15438,0.0,0.0,0.0,0.0,0.0,0.0,0.0,0.0,0.09014,0.1157,0.0005967,0.2064,0.0,0.0,0.0,0.0,0.0,0.0,0.0,0.0,0.0,0.0,0.0,0.0,0.0,0.0,0.0,0.0,vectored,valid25,2,2026-08-02T14:21:28+00:00
crossbar_64_16_16_10nm_TT_0V8_25C_800MHz,crossbar,data_width=64;num_inputs=16;num_outputs=16,10nm,TT,0.8,25.0,1.25,800.0,64,16,16,V-2023.12-SP4,15232,15232,0,2030.438437,2030.438437,0.0,0.0,0.0,1.05,0.0,0.0,0,V-2023.12-SP4,15449,15449,0,2086.23,2086.23,0.0,2894.4384,0.7208,0.0,0.0,1.08,-0.03,-0.95,89,V-2023.12-SP3,V-2023.12-SP4,1.003,2.0439999999999996,0.0058980000000000005,3.052,3.0469999999999997,3.80875,0.0,0.0,0.0,0.0,0.0,0.0,0.0,0.0,1.003,2.0439999999999996,0.0058980000000000005,3.052,0.0,0.0,0.0,0.0,0.0,0.0,0.0,0.0,0.0,0.0,0.0,0.0,0.0,0.0,0.0,0.0,unvectored,none,2,2026-08-02T14:29:10+00:00
crossbar_64_4_8_10nm_TT_0V8_25C_800MHz,crossbar,data_width=64;num_inputs=4;num_outputs=8,10nm,TT,0.8,25.0,1.25,800.0,64,4,8,V-2023.12-SP4,1693,1693,0,221.644808,221.644808,0.0,0.0,0.0,0.76,0.29,0.0,0,V-2023.12-SP4,1732,1732,0,225.42,225.42,0.0,313.7126,0.7186,0.0,0.0,0.61,0.44,0.0,0,V-2023.12-SP3,V-2023.12-SP4,0.12760000000000002,0.1629,0.0005852,0.29119999999999996,0.2905,0.363125,0.0,0.0,0.0,0.0,0.0,0.0,0.0,0.0,0.12760000000000002,0.1629,0.0005852,0.29119999999999996,0.0,0.0,0.0,0.0,0.0,0.0,0.0,0.0,0.0,0.0,0.0,0.0,0.0,0.0,0.0,0.0,unvectored,none,2,2026-08-02T14:29:19+00:00
crossbar_64_16_16_10nm_TT_0V8_25C_800MHz,crossbar,data_width=64;num_inputs=16;num_outputs=16,10nm,TT,0.8,25.0,1.25,800.0,64,16,16,V-2023.12-SP4,15232,15232,0,2030.438437,2030.438437,0.0,0.0,0.0,1.05,0.0,0.0,0,V-2023.12-SP4,15449,15449,0,2086.23,2086.23,0.0,2894.4384,0.7208,0.0,0.0,1.08,-0.03,-0.95,89,V-2023.12-SP3,V-2023.12-SP4,1.6260000000000001,3.084,0.0058119999999999995,4.715,4.71,5.8875,0.0,0.0,0.0,0.0,0.0,0.0,0.0,0.0,1.6260000000000001,3.084,0.0058119999999999995,4.715,0.0,0.0,0.0,0.0,0.0,0.0,0.0,0.0,0.0,0.0,0.0,0.0,0.0,0.0,0.0,0.0,vectored,random,2,2026-08-02T14:29:20+00:00
crossbar_64_4_8_10nm_TT_0V8_25C_800MHz,crossbar,data_width=64;num_inputs=4;num_outputs=8,10nm,TT,0.8,25.0,1.25,800.0,64,4,8,V-2023.12-SP4,1693,1693,0,221.644808,221.644808,0.0,0.0,0.0,0.76,0.29,0.0,0,V-2023.12-SP4,1732,1732,0,225.42,225.42,0.0,313.7126,0.7186,0.0,0.0,0.61,0.44,0.0,0,V-2023.12-SP3,V-2023.12-SP4,0.23029999999999998,0.26870000000000005,0.0005838,0.49950000000000006,0.499,0.62375,0.0,0.0,0.0,0.0,0.0,0.0,0.0,0.0,0.23029999999999998,0.26870000000000005,0.0005838,0.49950000000000006,0.0,0.0,0.0,0.0,0.0,0.0,0.0,0.0,0.0,0.0,0.0,0.0,0.0,0.0,0.0,0.0,vectored,random,2,2026-08-02T14:29:26+00:00
crossbar_64_16_16_10nm_TT_0V8_25C_800MHz,crossbar,data_width=64;num_inputs=16;num_outputs=16,10nm,TT,0.8,25.0,1.25,800.0,64,16,16,V-2023.12-SP4,15232,15232,0,2030.438437,2030.438437,0.0,0.0,0.0,1.05,0.0,0.0,0,V-2023.12-SP4,15449,15449,0,2086.23,2086.23,0.0,2894.4384,0.7208,0.0,0.0,1.08,-0.03,-0.95,89,V-2023.12-SP3,V-2023.12-SP4,0.8101,1.65,0.005667999999999999,2.4659999999999997,2.4600999999999997,3.075125,0.0,0.0,0.0,0.0,0.0,0.0,0.0,0.0,0.8101,1.65,0.005667999999999999,2.4659999999999997,0.0,0.0,0.0,0.0,0.0,0.0,0.0,0.0,0.0,0.0,0.0,0.0,0.0,0.0,0.0,0.0,vectored,fixed_route,2,2026-08-02T14:29:29+00:00
crossbar_64_4_8_10nm_TT_0V8_25C_800MHz,crossbar,data_width=64;num_inputs=4;num_outputs=8,10nm,TT,0.8,25.0,1.25,800.0,64,4,8,V-2023.12-SP4,1693,1693,0,221.644808,221.644808,0.0,0.0,0.0,0.76,0.29,0.0,0,V-2023.12-SP4,1732,1732,0,225.42,225.42,0.0,313.7126,0.7186,0.0,0.0,0.61,0.44,0.0,0,V-2023.12-SP3,V-2023.12-SP4,0.08553000000000001,0.06026,0.0005846,0.1464,0.14579,0.1822375,0.0,0.0,0.0,0.0,0.0,0.0,0.0,0.0,0.08553000000000001,0.06026,0.0005846,0.1464,0.0,0.0,0.0,0.0,0.0,0.0,0.0,0.0,0.0,0.0,0.0,0.0,0.0,0.0,0.0,0.0,vectored,fixed_route,2,2026-08-02T14:29:34+00:00
crossbar_64_16_16_10nm_TT_0V8_25C_800MHz,crossbar,data_width=64;num_inputs=16;num_outputs=16,10nm,TT,0.8,25.0,1.25,800.0,64,16,16,V-2023.12-SP4,15232,15232,0,2030.438437,2030.438437,0.0,0.0,0.0,1.05,0.0,0.0,0,V-2023.12-SP4,15449,15449,0,2086.23,2086.23,0.0,2894.4384,0.7208,0.0,0.0,1.08,-0.03,-0.95,89,V-2023.12-SP3,V-2023.12-SP4,0.4202,0.808,0.005971,1.234,1.2282000000000002,1.5352500000000002,0.0,0.0,0.0,0.0,0.0,0.0,0.0,0.0,0.4202,0.808,0.005971,1.234,0.0,0.0,0.0,0.0,0.0,0.0,0.0,0.0,0.0,0.0,0.0,0.0,0.0,0.0,0.0,0.0,vectored,valid25,2,2026-08-02T14:29:39+00:00
crossbar_64_4_8_10nm_TT_0V8_25C_800MHz,crossbar,data_width=64;num_inputs=4;num_outputs=8,10nm,TT,0.8,25.0,1.25,800.0,64,4,8,V-2023.12-SP4,1693,1693,0,221.644808,221.644808,0.0,0.0,0.0,0.76,0.29,0.0,0,V-2023.12-SP4,1732,1732,0,225.42,225.42,0.0,313.7126,0.7186,0.0,0.0,0.61,0.44,0.0,0,V-2023.12-SP3,V-2023.12-SP4,0.05422,0.06912,0.0005857,0.1239,0.12334,0.154175,0.0,0.0,0.0,0.0,0.0,0.0,0.0,0.0,0.05422,0.06912,0.0005857,0.1239,0.0,0.0,0.0,0.0,0.0,0.0,0.0,0.0,0.0,0.0,0.0,0.0,0.0,0.0,0.0,0.0,vectored,valid25,2,2026-08-02T14:29:42+00:00
crossbar_128_2_2_10nm_TT_0V8_25C_1333p33MHz,crossbar,data_width=128;num_inputs=2;num_outputs=2,10nm,TT,0.8,25.0,0.75,1333.3333333333333,128,2,2,V-2023.12-SP4,530,530,0,57.630721,57.630721,0.0,0.0,0.0,0.34,0.21,0.0,0,V-2023.12-SP4,538,538,0,57.66,57.66,0.0,79.8413,0.7222,0.0,0.0,0.35,0.2,0.0,0,V-2023.12-SP3,V-2023.12-SP4,0.11649999999999999,0.154,0.000143,0.2707,0.27049999999999996,0.20287499999999997,0.0,0.0,0.0,0.0,0.0,0.0,0.0,0.0,0.11649999999999999,0.154,0.000143,0.2707,0.0,0.0,0.0,0.0,0.0,0.0,0.0,0.0,0.0,0.0,0.0,0.0,0.0,0.0,0.0,0.0,unvectored,none,2,2026-08-02T14:32:48+00:00
crossbar_128_2_2_10nm_TT_0V8_25C_800MHz,crossbar,data_width=128;num_inputs=2;num_outputs=2,10nm,TT,0.8,25.0,1.25,800.0,128,2,2,V-2023.12-SP4,536,536,0,57.692161,57.692161,0.0,0.0,0.0,0.67,0.38,0.0,0,V-2023.12-SP4,540,540,0,57.69,57.69,0.0,79.8413,0.7226,0.0,0.0,0.3,0.75,0.0,0,V-2023.12-SP3,V-2023.12-SP4,0.06975,0.09214,0.0001428,0.162,0.16189,0.2023625,0.0,0.0,0.0,0.0,0.0,0.0,0.0,0.0,0.06975,0.09214,0.0001428,0.162,0.0,0.0,0.0,0.0,0.0,0.0,0.0,0.0,0.0,0.0,0.0,0.0,0.0,0.0,0.0,0.0,unvectored,none,2,2026-08-02T14:32:48+00:00
crossbar_128_2_2_10nm_TT_0V8_25C_1333p33MHz,crossbar,data_width=128;num_inputs=2;num_outputs=2,10nm,TT,0.8,25.0,0.75,1333.3333333333333,128,2,2,V-2023.12-SP4,530,530,0,57.630721,57.630721,0.0,0.0,0.0,0.34,0.21,0.0,0,V-2023.12-SP4,538,538,0,57.66,57.66,0.0,79.8413,0.7222,0.0,0.0,0.35,0.2,0.0,0,V-2023.12-SP3,V-2023.12-SP4,0.2208,0.2567,0.00014670000000000002,0.4776,0.4775,0.35812499999999997,0.0,0.0,0.0,0.0,0.0,0.0,0.0,0.0,0.2208,0.2567,0.00014670000000000002,0.4776,0.0,0.0,0.0,0.0,0.0,0.0,0.0,0.0,0.0,0.0,0.0,0.0,0.0,0.0,0.0,0.0,vectored,random,2,2026-08-02T14:32:55+00:00
crossbar_128_2_2_10nm_TT_0V8_25C_800MHz,crossbar,data_width=128;num_inputs=2;num_outputs=2,10nm,TT,0.8,25.0,1.25,800.0,128,2,2,V-2023.12-SP4,536,536,0,57.692161,57.692161,0.0,0.0,0.0,0.67,0.38,0.0,0,V-2023.12-SP4,540,540,0,57.69,57.69,0.0,79.8413,0.7226,0.0,0.0,0.3,0.75,0.0,0,V-2023.12-SP3,V-2023.12-SP4,0.1323,0.15339999999999998,0.0001466,0.2858,0.28569999999999995,0.3571249999999999,0.0,0.0,0.0,0.0,0.0,0.0,0.0,0.0,0.1323,0.15339999999999998,0.0001466,0.2858,0.0,0.0,0.0,0.0,0.0,0.0,0.0,0.0,0.0,0.0,0.0,0.0,0.0,0.0,0.0,0.0,vectored,random,2,2026-08-02T14:32:56+00:00
crossbar_128_2_2_10nm_TT_0V8_25C_1333p33MHz,crossbar,data_width=128;num_inputs=2;num_outputs=2,10nm,TT,0.8,25.0,0.75,1333.3333333333333,128,2,2,V-2023.12-SP4,530,530,0,57.630721,57.630721,0.0,0.0,0.0,0.34,0.21,0.0,0,V-2023.12-SP4,538,538,0,57.66,57.66,0.0,79.8413,0.7222,0.0,0.0,0.35,0.2,0.0,0,V-2023.12-SP3,V-2023.12-SP4,0.12669999999999998,0.09309,0.00015340000000000002,0.22,0.21978999999999999,0.1648425,0.0,0.0,0.0,0.0,0.0,0.0,0.0,0.0,0.12669999999999998,0.09309,0.00015340000000000002,0.22,0.0,0.0,0.0,0.0,0.0,0.0,0.0,0.0,0.0,0.0,0.0,0.0,0.0,0.0,0.0,0.0,vectored,fixed_route,2,2026-08-02T14:33:02+00:00
crossbar_128_2_2_10nm_TT_0V8_25C_800MHz,crossbar,data_width=128;num_inputs=2;num_outputs=2,10nm,TT,0.8,25.0,1.25,800.0,128,2,2,V-2023.12-SP4,536,536,0,57.692161,57.692161,0.0,0.0,0.0,0.67,0.38,0.0,0,V-2023.12-SP4,540,540,0,57.69,57.69,0.0,79.8413,0.7226,0.0,0.0,0.3,0.75,0.0,0,V-2023.12-SP3,V-2023.12-SP4,0.07613,0.05575,0.0001535,0.132,0.13188,0.16485,0.0,0.0,0.0,0.0,0.0,0.0,0.0,0.0,0.07613,0.05575,0.0001535,0.132,0.0,0.0,0.0,0.0,0.0,0.0,0.0,0.0,0.0,0.0,0.0,0.0,0.0,0.0,0.0,0.0,vectored,fixed_route,2,2026-08-02T14:33:03+00:00
crossbar_128_2_2_10nm_TT_0V8_25C_1333p33MHz,crossbar,data_width=128;num_inputs=2;num_outputs=2,10nm,TT,0.8,25.0,0.75,1333.3333333333333,128,2,2,V-2023.12-SP4,530,530,0,57.630721,57.630721,0.0,0.0,0.0,0.34,0.21,0.0,0,V-2023.12-SP4,538,538,0,57.66,57.66,0.0,79.8413,0.7222,0.0,0.0,0.35,0.2,0.0,0,V-2023.12-SP3,V-2023.12-SP4,0.06473999999999999,0.08853,0.00013969999999999998,0.15339999999999998,0.15327,0.11495249999999999,0.0,0.0,0.0,0.0,0.0,0.0,0.0,0.0,0.06473999999999999,0.08853,0.00013969999999999998,0.15339999999999998,0.0,0.0,0.0,0.0,0.0,0.0,0.0,0.0,0.0,0.0,0.0,0.0,0.0,0.0,0.0,0.0,vectored,valid25,2,2026-08-02T14:33:09+00:00
crossbar_128_2_2_10nm_TT_0V8_25C_800MHz,crossbar,data_width=128;num_inputs=2;num_outputs=2,10nm,TT,0.8,25.0,1.25,800.0,128,2,2,V-2023.12-SP4,536,536,0,57.692161,57.692161,0.0,0.0,0.0,0.67,0.38,0.0,0,V-2023.12-SP4,540,540,0,57.69,57.69,0.0,79.8413,0.7226,0.0,0.0,0.3,0.75,0.0,0,V-2023.12-SP3,V-2023.12-SP4,0.0389,0.05296,0.0001396,0.092,0.09186,0.114825,0.0,0.0,0.0,0.0,0.0,0.0,0.0,0.0,0.0389,0.05296,0.0001396,0.092,0.0,0.0,0.0,0.0,0.0,0.0,0.0,0.0,0.0,0.0,0.0,0.0,0.0,0.0,0.0,0.0,vectored,valid25,2,2026-08-02T14:33:10+00:00
crossbar_128_4_4_10nm_TT_0V8_25C_1333p33MHz,crossbar,data_width=128;num_inputs=4;num_outputs=4,10nm,TT,0.8,25.0,0.75,1333.3333333333333,128,4,4,V-2023.12-SP4,2670,2670,0,307.752963,307.752963,0.0,0.0,0.0,0.54,0.01,0.0,0,V-2023.12-SP4,2440,2440,0,270.09,270.09,0.0,434.6266,0.6214,0.0,0.0,0.56,-0.01,-0.02,6,V-2023.12-SP3,V-2023.12-SP4,0.3605,0.5752,0.0007264999999999999,0.9364,0.9357,0.701775,0.0,0.0,0.0,0.0,0.0,0.0,0.0,0.0,0.3605,0.5752,0.0007264999999999999,0.9364,0.0,0.0,0.0,0.0,0.0,0.0,0.0,0.0,0.0,0.0,0.0,0.0,0.0,0.0,0.0,0.0,unvectored,none,2,2026-08-02T14:38:48+00:00
crossbar_128_4_4_10nm_TT_0V8_25C_1333p33MHz,crossbar,data_width=128;num_inputs=4;num_outputs=4,10nm,TT,0.8,25.0,0.75,1333.3333333333333,128,4,4,V-2023.12-SP4,2670,2670,0,307.752963,307.752963,0.0,0.0,0.0,0.54,0.01,0.0,0,V-2023.12-SP4,2440,2440,0,270.09,270.09,0.0,434.6266,0.6214,0.0,0.0,0.56,-0.01,-0.02,6,V-2023.12-SP3,V-2023.12-SP4,0.6432,0.9647,0.0007218,1.609,1.6078999999999999,1.205925,0.0,0.0,0.0,0.0,0.0,0.0,0.0,0.0,0.6432,0.9647,0.0007218,1.609,0.0,0.0,0.0,0.0,0.0,0.0,0.0,0.0,0.0,0.0,0.0,0.0,0.0,0.0,0.0,0.0,vectored,random,2,2026-08-02T14:38:56+00:00
crossbar_128_4_4_10nm_TT_0V8_25C_1333p33MHz,crossbar,data_width=128;num_inputs=4;num_outputs=4,10nm,TT,0.8,25.0,0.75,1333.3333333333333,128,4,4,V-2023.12-SP4,2670,2670,0,307.752963,307.752963,0.0,0.0,0.0,0.54,0.01,0.0,0,V-2023.12-SP4,2440,2440,0,270.09,270.09,0.0,434.6266,0.6214,0.0,0.0,0.56,-0.01,-0.02,6,V-2023.12-SP3,V-2023.12-SP4,0.3347,0.4068,0.0007039,0.7423,0.7415,0.556125,0.0,0.0,0.0,0.0,0.0,0.0,0.0,0.0,0.3347,0.4068,0.0007039,0.7423,0.0,0.0,0.0,0.0,0.0,0.0,0.0,0.0,0.0,0.0,0.0,0.0,0.0,0.0,0.0,0.0,vectored,fixed_route,2,2026-08-02T14:39:04+00:00
crossbar_128_4_4_10nm_TT_0V8_25C_1333p33MHz,crossbar,data_width=128;num_inputs=4;num_outputs=4,10nm,TT,0.8,25.0,0.75,1333.3333333333333,128,4,4,V-2023.12-SP4,2670,2670,0,307.752963,307.752963,0.0,0.0,0.0,0.54,0.01,0.0,0,V-2023.12-SP4,2440,2440,0,270.09,270.09,0.0,434.6266,0.6214,0.0,0.0,0.56,-0.01,-0.02,6,V-2023.12-SP3,V-2023.12-SP4,0.178,0.28200000000000003,0.00073,0.4607,0.46,0.34500000000000003,0.0,0.0,0.0,0.0,0.0,0.0,0.0,0.0,0.178,0.28200000000000003,0.00073,0.4607,0.0,0.0,0.0,0.0,0.0,0.0,0.0,0.0,0.0,0.0,0.0,0.0,0.0,0.0,0.0,0.0,vectored,valid25,2,2026-08-02T14:39:11+00:00
crossbar_64_16_8_10nm_TT_0V8_25C_800MHz,crossbar,data_width=64;num_inputs=16;num_outputs=8,10nm,TT,0.8,25.0,1.25,800.0,64,16,8,V-2023.12-SP4,8070,8070,0,1057.812496,1057.812496,0.0,0.0,0.0,1.05,0.0,0.0,0,V-2023.12-SP4,8202,8202,0,1085.89,1085.89,0.0,1504.8192,0.7216,0.0,0.0,1.06,-0.01,-0.02,9,V-2023.12-SP3,V-2023.12-SP4,0.6988,1.23,0.00305,1.932,1.9287999999999998,2.4109999999999996,0.0,0.0,0.0,0.0,0.0,0.0,0.0,0.0,0.6988,1.23,0.00305,1.932,0.0,0.0,0.0,0.0,0.0,0.0,0.0,0.0,0.0,0.0,0.0,0.0,0.0,0.0,0.0,0.0,unvectored,none,2,2026-08-02T14:41:02+00:00
crossbar_64_16_8_10nm_TT_0V8_25C_800MHz,crossbar,data_width=64;num_inputs=16;num_outputs=8,10nm,TT,0.8,25.0,1.25,800.0,64,16,8,V-2023.12-SP4,8070,8070,0,1057.812496,1057.812496,0.0,0.0,0.0,1.05,0.0,0.0,0,V-2023.12-SP4,8202,8202,0,1085.89,1085.89,0.0,1504.8192,0.7216,0.0,0.0,1.06,-0.01,-0.02,9,V-2023.12-SP3,V-2023.12-SP4,1.1199999999999999,1.869,0.0029969999999999997,2.992,2.989,3.73625,0.0,0.0,0.0,0.0,0.0,0.0,0.0,0.0,1.1199999999999999,1.869,0.0029969999999999997,2.992,0.0,0.0,0.0,0.0,0.0,0.0,0.0,0.0,0.0,0.0,0.0,0.0,0.0,0.0,0.0,0.0,vectored,random,2,2026-08-02T14:41:12+00:00
crossbar_64_16_8_10nm_TT_0V8_25C_800MHz,crossbar,data_width=64;num_inputs=16;num_outputs=8,10nm,TT,0.8,25.0,1.25,800.0,64,16,8,V-2023.12-SP4,8070,8070,0,1057.812496,1057.812496,0.0,0.0,0.0,1.05,0.0,0.0,0,V-2023.12-SP4,8202,8202,0,1085.89,1085.89,0.0,1504.8192,0.7216,0.0,0.0,1.06,-0.01,-0.02,9,V-2023.12-SP3,V-2023.12-SP4,0.41340000000000005,0.7443000000000001,0.002922,1.161,1.1577000000000002,1.4471250000000002,0.0,0.0,0.0,0.0,0.0,0.0,0.0,0.0,0.41340000000000005,0.7443000000000001,0.002922,1.161,0.0,0.0,0.0,0.0,0.0,0.0,0.0,0.0,0.0,0.0,0.0,0.0,0.0,0.0,0.0,0.0,vectored,fixed_route,2,2026-08-02T14:41:22+00:00
crossbar_64_16_8_10nm_TT_0V8_25C_800MHz,crossbar,data_width=64;num_inputs=16;num_outputs=8,10nm,TT,0.8,25.0,1.25,800.0,64,16,8,V-2023.12-SP4,8070,8070,0,1057.812496,1057.812496,0.0,0.0,0.0,1.05,0.0,0.0,0,V-2023.12-SP4,8202,8202,0,1085.89,1085.89,0.0,1504.8192,0.7216,0.0,0.0,1.06,-0.01,-0.02,9,V-2023.12-SP3,V-2023.12-SP4,0.3696,0.6192,0.003107,0.9919,0.9887999999999999,1.2359999999999998,0.0,0.0,0.0,0.0,0.0,0.0,0.0,0.0,0.3696,0.6192,0.003107,0.9919,0.0,0.0,0.0,0.0,0.0,0.0,0.0,0.0,0.0,0.0,0.0,0.0,0.0,0.0,0.0,0.0,vectored,valid25,2,2026-08-02T14:41:31+00:00
crossbar_128_4_4_10nm_TT_0V8_25C_800MHz,crossbar,data_width=128;num_inputs=4;num_outputs=4,10nm,TT,0.8,25.0,1.25,800.0,128,4,4,V-2023.12-SP4,1642,1642,0,216.268808,216.268808,0.0,0.0,0.0,0.88,0.17,0.0,0,V-2023.12-SP4,1668,1668,0,219.03,219.03,0.0,302.7456,0.7235,0.0,0.0,0.96,0.09,0.0,0,V-2023.12-SP3,V-2023.12-SP4,0.186,0.2712,0.0005593,0.45780000000000004,0.4572,0.5715,0.0,0.0,0.0,0.0,0.0,0.0,0.0,0.0,0.186,0.2712,0.0005593,0.45780000000000004,0.0,0.0,0.0,0.0,0.0,0.0,0.0,0.0,0.0,0.0,0.0,0.0,0.0,0.0,0.0,0.0,unvectored,none,2,2026-08-02T14:43:57+00:00
crossbar_128_4_4_10nm_TT_0V8_25C_800MHz,crossbar,data_width=128;num_inputs=4;num_outputs=4,10nm,TT,0.8,25.0,1.25,800.0,128,4,4,V-2023.12-SP4,1642,1642,0,216.268808,216.268808,0.0,0.0,0.0,0.88,0.17,0.0,0,V-2023.12-SP4,1668,1668,0,219.03,219.03,0.0,302.7456,0.7235,0.0,0.0,0.96,0.09,0.0,0,V-2023.12-SP3,V-2023.12-SP4,0.3546,0.4835,0.000556,0.8387,0.8381000000000001,1.047625,0.0,0.0,0.0,0.0,0.0,0.0,0.0,0.0,0.3546,0.4835,0.000556,0.8387,0.0,0.0,0.0,0.0,0.0,0.0,0.0,0.0,0.0,0.0,0.0,0.0,0.0,0.0,0.0,0.0,vectored,random,2,2026-08-02T14:44:04+00:00
crossbar_128_4_4_10nm_TT_0V8_25C_800MHz,crossbar,data_width=128;num_inputs=4;num_outputs=4,10nm,TT,0.8,25.0,1.25,800.0,128,4,4,V-2023.12-SP4,1642,1642,0,216.268808,216.268808,0.0,0.0,0.0,0.88,0.17,0.0,0,V-2023.12-SP4,1668,1668,0,219.03,219.03,0.0,302.7456,0.7235,0.0,0.0,0.96,0.09,0.0,0,V-2023.12-SP3,V-2023.12-SP4,0.1674,0.1558,0.000556,0.32380000000000003,0.3232,0.40399999999999997,0.0,0.0,0.0,0.0,0.0,0.0,0.0,0.0,0.1674,0.1558,0.000556,0.32380000000000003,0.0,0.0,0.0,0.0,0.0,0.0,0.0,0.0,0.0,0.0,0.0,0.0,0.0,0.0,0.0,0.0,vectored,fixed_route,2,2026-08-02T14:44:12+00:00
crossbar_128_4_4_10nm_TT_0V8_25C_800MHz,crossbar,data_width=128;num_inputs=4;num_outputs=4,10nm,TT,0.8,25.0,1.25,800.0,128,4,4,V-2023.12-SP4,1642,1642,0,216.268808,216.268808,0.0,0.0,0.0,0.88,0.17,0.0,0,V-2023.12-SP4,1668,1668,0,219.03,219.03,0.0,302.7456,0.7235,0.0,0.0,0.96,0.09,0.0,0,V-2023.12-SP3,V-2023.12-SP4,0.09563,0.1402,0.0005615,0.2364,0.23582999999999998,0.2947875,0.0,0.0,0.0,0.0,0.0,0.0,0.0,0.0,0.09563,0.1402,0.0005615,0.2364,0.0,0.0,0.0,0.0,0.0,0.0,0.0,0.0,0.0,0.0,0.0,0.0,0.0,0.0,0.0,0.0,vectored,valid25,2,2026-08-02T14:44:20+00:00
crossbar_128_8_4_10nm_TT_0V8_25C_1333p33MHz,crossbar,data_width=128;num_inputs=8;num_outputs=4,10nm,TT,0.8,25.0,0.75,1333.3333333333333,128,8,4,V-2023.12-SP4,7845,7845,0,876.410868,876.410868,0.0,0.0,0.0,0.55,0.0,0.0,0,V-2023.12-SP4,6076,6076,0,686.04,686.04,0.0,1249.1981,0.5492,0.0,0.0,0.55,-0.0,-0.0,1,V-2023.12-SP3,V-2023.12-SP4,1.091,1.811,0.001953,2.903,2.902,2.1765,0.0,0.0,0.0,0.0,0.0,0.0,0.0,0.0,1.091,1.811,0.001953,2.903,0.0,0.0,0.0,0.0,0.0,0.0,0.0,0.0,0.0,0.0,0.0,0.0,0.0,0.0,0.0,0.0,unvectored,none,2,2026-08-02T14:59:32+00:00
crossbar_128_8_4_10nm_TT_0V8_25C_1333p33MHz,crossbar,data_width=128;num_inputs=8;num_outputs=4,10nm,TT,0.8,25.0,0.75,1333.3333333333333,128,8,4,V-2023.12-SP4,7845,7845,0,876.410868,876.410868,0.0,0.0,0.0,0.55,0.0,0.0,0,V-2023.12-SP4,6076,6076,0,686.04,686.04,0.0,1249.1981,0.5492,0.0,0.0,0.55,-0.0,-0.0,1,V-2023.12-SP3,V-2023.12-SP4,1.758,2.7279999999999998,0.001916,4.4879999999999995,4.486,3.3644999999999996,0.0,0.0,0.0,0.0,0.0,0.0,0.0,0.0,1.758,2.7279999999999998,0.001916,4.4879999999999995,0.0,0.0,0.0,0.0,0.0,0.0,0.0,0.0,0.0,0.0,0.0,0.0,0.0,0.0,0.0,0.0,vectored,random,2,2026-08-02T14:59:40+00:00
crossbar_128_8_4_10nm_TT_0V8_25C_1333p33MHz,crossbar,data_width=128;num_inputs=8;num_outputs=4,10nm,TT,0.8,25.0,0.75,1333.3333333333333,128,8,4,V-2023.12-SP4,7845,7845,0,876.410868,876.410868,0.0,0.0,0.0,0.55,0.0,0.0,0,V-2023.12-SP4,6076,6076,0,686.04,686.04,0.0,1249.1981,0.5492,0.0,0.0,0.55,-0.0,-0.0,1,V-2023.12-SP3,V-2023.12-SP4,0.6719,1.248,0.001893,1.9220000000000002,1.9199000000000002,1.4399250000000001,0.0,0.0,0.0,0.0,0.0,0.0,0.0,0.0,0.6719,1.248,0.001893,1.9220000000000002,0.0,0.0,0.0,0.0,0.0,0.0,0.0,0.0,0.0,0.0,0.0,0.0,0.0,0.0,0.0,0.0,vectored,fixed_route,2,2026-08-02T14:59:47+00:00
crossbar_128_8_4_10nm_TT_0V8_25C_1333p33MHz,crossbar,data_width=128;num_inputs=8;num_outputs=4,10nm,TT,0.8,25.0,0.75,1333.3333333333333,128,8,4,V-2023.12-SP4,7845,7845,0,876.410868,876.410868,0.0,0.0,0.0,0.55,0.0,0.0,0,V-2023.12-SP4,6076,6076,0,686.04,686.04,0.0,1249.1981,0.5492,0.0,0.0,0.55,-0.0,-0.0,1,V-2023.12-SP3,V-2023.12-SP4,0.5996,0.9278,0.001982,1.529,1.5274,1.14555,0.0,0.0,0.0,0.0,0.0,0.0,0.0,0.0,0.5996,0.9278,0.001982,1.529,0.0,0.0,0.0,0.0,0.0,0.0,0.0,0.0,0.0,0.0,0.0,0.0,0.0,0.0,0.0,0.0,vectored,valid25,2,2026-08-02T14:59:55+00:00
crossbar_128_8_8_10nm_TT_0V8_25C_1333p33MHz,crossbar,data_width=128;num_inputs=8;num_outputs=8,10nm,TT,0.8,25.0,0.75,1333.3333333333333,128,8,8,V-2023.12-SP4,10507,10507,0,1250.181122,1250.181122,0.0,0.0,0.0,0.55,0.0,0.0,0,V-2023.12-SP4,9433,9433,0,1139.31,1139.31,0.0,1784.2176,0.6386,0.0,0.0,0.59,-0.04,-0.37,55,V-2023.12-SP3,V-2023.12-SP4,1.276,2.4699999999999998,0.003154,3.749,3.7459999999999996,2.8095,0.0,0.0,0.0,0.0,0.0,0.0,0.0,0.0,1.276,2.4699999999999998,0.003154,3.749,0.0,0.0,0.0,0.0,0.0,0.0,0.0,0.0,0.0,0.0,0.0,0.0,0.0,0.0,0.0,0.0,unvectored,none,2,2026-08-02T15:13:09+00:00
crossbar_128_8_8_10nm_TT_0V8_25C_1333p33MHz,crossbar,data_width=128;num_inputs=8;num_outputs=8,10nm,TT,0.8,25.0,0.75,1333.3333333333333,128,8,8,V-2023.12-SP4,10507,10507,0,1250.181122,1250.181122,0.0,0.0,0.0,0.55,0.0,0.0,0,V-2023.12-SP4,9433,9433,0,1139.31,1139.31,0.0,1784.2176,0.6386,0.0,0.0,0.59,-0.04,-0.37,55,V-2023.12-SP3,V-2023.12-SP4,2.079,3.7720000000000002,0.003125,5.8549999999999995,5.851000000000001,4.388250000000001,0.0,0.0,0.0,0.0,0.0,0.0,0.0,0.0,2.079,3.7720000000000002,0.003125,5.8549999999999995,0.0,0.0,0.0,0.0,0.0,0.0,0.0,0.0,0.0,0.0,0.0,0.0,0.0,0.0,0.0,0.0,vectored,random,2,2026-08-02T15:13:16+00:00
crossbar_128_8_8_10nm_TT_0V8_25C_1333p33MHz,crossbar,data_width=128;num_inputs=8;num_outputs=8,10nm,TT,0.8,25.0,0.75,1333.3333333333333,128,8,8,V-2023.12-SP4,10507,10507,0,1250.181122,1250.181122,0.0,0.0,0.0,0.55,0.0,0.0,0,V-2023.12-SP4,9433,9433,0,1139.31,1139.31,0.0,1784.2176,0.6386,0.0,0.0,0.59,-0.04,-0.37,55,V-2023.12-SP3,V-2023.12-SP4,1.08,2.021,0.003089,3.104,3.101,2.32575,0.0,0.0,0.0,0.0,0.0,0.0,0.0,0.0,1.08,2.021,0.003089,3.104,0.0,0.0,0.0,0.0,0.0,0.0,0.0,0.0,0.0,0.0,0.0,0.0,0.0,0.0,0.0,0.0,vectored,fixed_route,2,2026-08-02T15:13:24+00:00
crossbar_128_8_8_10nm_TT_0V8_25C_1333p33MHz,crossbar,data_width=128;num_inputs=8;num_outputs=8,10nm,TT,0.8,25.0,0.75,1333.3333333333333,128,8,8,V-2023.12-SP4,10507,10507,0,1250.181122,1250.181122,0.0,0.0,0.0,0.55,0.0,0.0,0,V-2023.12-SP4,9433,9433,0,1139.31,1139.31,0.0,1784.2176,0.6386,0.0,0.0,0.59,-0.04,-0.37,55,V-2023.12-SP3,V-2023.12-SP4,0.5648,1.05,0.003178,1.618,1.6148,1.2111,0.0,0.0,0.0,0.0,0.0,0.0,0.0,0.0,0.5648,1.05,0.003178,1.618,0.0,0.0,0.0,0.0,0.0,0.0,0.0,0.0,0.0,0.0,0.0,0.0,0.0,0.0,0.0,0.0,vectored,valid25,2,2026-08-02T15:13:32+00:00
crossbar_128_8_4_10nm_TT_0V8_25C_800MHz,crossbar,data_width=128;num_inputs=8;num_outputs=4,10nm,TT,0.8,25.0,1.25,800.0,128,8,4,V-2023.12-SP4,4028,4028,0,510.443527,510.443527,0.0,0.0,0.0,1.05,0.0,0.0,0,V-2023.12-SP4,4030,4030,0,517.42,517.42,0.0,724.6848,0.714,0.0,0.0,1.03,0.02,0.0,0,V-2023.12-SP3,V-2023.12-SP4,0.4645,0.7429,0.001442,1.209,1.2074,1.50925,0.0,0.0,0.0,0.0,0.0,0.0,0.0,0.0,0.4645,0.7429,0.001442,1.209,0.0,0.0,0.0,0.0,0.0,0.0,0.0,0.0,0.0,0.0,0.0,0.0,0.0,0.0,0.0,0.0,unvectored,none,2,2026-08-02T15:24:50+00:00
crossbar_128_8_4_10nm_TT_0V8_25C_800MHz,crossbar,data_width=128;num_inputs=8;num_outputs=4,10nm,TT,0.8,25.0,1.25,800.0,128,8,4,V-2023.12-SP4,4028,4028,0,510.443527,510.443527,0.0,0.0,0.0,1.05,0.0,0.0,0,V-2023.12-SP4,4030,4030,0,517.42,517.42,0.0,724.6848,0.714,0.0,0.0,1.03,0.02,0.0,0,V-2023.12-SP3,V-2023.12-SP4,0.8175,1.232,0.00141,2.0509999999999997,2.0495,2.561875,0.0,0.0,0.0,0.0,0.0,0.0,0.0,0.0,0.8175,1.232,0.00141,2.0509999999999997,0.0,0.0,0.0,0.0,0.0,0.0,0.0,0.0,0.0,0.0,0.0,0.0,0.0,0.0,0.0,0.0,vectored,random,2,2026-08-02T15:24:59+00:00
crossbar_128_8_4_10nm_TT_0V8_25C_800MHz,crossbar,data_width=128;num_inputs=8;num_outputs=4,10nm,TT,0.8,25.0,1.25,800.0,128,8,4,V-2023.12-SP4,4028,4028,0,510.443527,510.443527,0.0,0.0,0.0,1.05,0.0,0.0,0,V-2023.12-SP4,4030,4030,0,517.42,517.42,0.0,724.6848,0.714,0.0,0.0,1.03,0.02,0.0,0,V-2023.12-SP3,V-2023.12-SP4,0.3149,0.44289999999999996,0.001381,0.7592,0.7578,0.94725,0.0,0.0,0.0,0.0,0.0,0.0,0.0,0.0,0.3149,0.44289999999999996,0.001381,0.7592,0.0,0.0,0.0,0.0,0.0,0.0,0.0,0.0,0.0,0.0,0.0,0.0,0.0,0.0,0.0,0.0,vectored,fixed_route,2,2026-08-02T15:25:07+00:00
crossbar_128_8_4_10nm_TT_0V8_25C_800MHz,crossbar,data_width=128;num_inputs=8;num_outputs=4,10nm,TT,0.8,25.0,1.25,800.0,128,8,4,V-2023.12-SP4,4028,4028,0,510.443527,510.443527,0.0,0.0,0.0,1.05,0.0,0.0,0,V-2023.12-SP4,4030,4030,0,517.42,517.42,0.0,724.6848,0.714,0.0,0.0,1.03,0.02,0.0,0,V-2023.12-SP3,V-2023.12-SP4,0.2766,0.4259,0.001472,0.704,0.7025,0.878125,0.0,0.0,0.0,0.0,0.0,0.0,0.0,0.0,0.2766,0.4259,0.001472,0.704,0.0,0.0,0.0,0.0,0.0,0.0,0.0,0.0,0.0,0.0,0.0,0.0,0.0,0.0,0.0,0.0,vectored,valid25,2,2026-08-02T15:25:16+00:00
crossbar_128_8_8_10nm_TT_0V8_25C_800MHz,crossbar,data_width=128;num_inputs=8;num_outputs=8,10nm,TT,0.8,25.0,1.25,800.0,128,8,8,V-2023.12-SP4,7308,7308,0,943.411212,943.411212,0.0,0.0,0.0,0.79,0.26,0.0,0,V-2023.12-SP4,7409,7409,0,963.84,963.84,0.0,1336.6272,0.7211,0.0,0.0,0.87,0.18,0.0,0,V-2023.12-SP3,V-2023.12-SP4,0.6879,1.314,0.002514,2.005,2.0019,2.502375,0.0,0.0,0.0,0.0,0.0,0.0,0.0,0.0,0.6879,1.314,0.002514,2.005,0.0,0.0,0.0,0.0,0.0,0.0,0.0,0.0,0.0,0.0,0.0,0.0,0.0,0.0,0.0,0.0,unvectored,none,2,2026-08-02T15:31:27+00:00
crossbar_128_8_8_10nm_TT_0V8_25C_800MHz,crossbar,data_width=128;num_inputs=8;num_outputs=8,10nm,TT,0.8,25.0,1.25,800.0,128,8,8,V-2023.12-SP4,7308,7308,0,943.411212,943.411212,0.0,0.0,0.0,0.79,0.26,0.0,0,V-2023.12-SP4,7409,7409,0,963.84,963.84,0.0,1336.6272,0.7211,0.0,0.0,0.87,0.18,0.0,0,V-2023.12-SP3,V-2023.12-SP4,1.088,1.966,0.002493,3.057,3.0540000000000003,3.8175000000000003,0.0,0.0,0.0,0.0,0.0,0.0,0.0,0.0,1.088,1.966,0.002493,3.057,0.0,0.0,0.0,0.0,0.0,0.0,0.0,0.0,0.0,0.0,0.0,0.0,0.0,0.0,0.0,0.0,vectored,random,2,2026-08-02T15:31:36+00:00
crossbar_128_8_8_10nm_TT_0V8_25C_800MHz,crossbar,data_width=128;num_inputs=8;num_outputs=8,10nm,TT,0.8,25.0,1.25,800.0,128,8,8,V-2023.12-SP4,7308,7308,0,943.411212,943.411212,0.0,0.0,0.0,0.79,0.26,0.0,0,V-2023.12-SP4,7409,7409,0,963.84,963.84,0.0,1336.6272,0.7211,0.0,0.0,0.87,0.18,0.0,0,V-2023.12-SP3,V-2023.12-SP4,0.6105,1.093,0.002446,1.706,1.7035,2.129375,0.0,0.0,0.0,0.0,0.0,0.0,0.0,0.0,0.6105,1.093,0.002446,1.706,0.0,0.0,0.0,0.0,0.0,0.0,0.0,0.0,0.0,0.0,0.0,0.0,0.0,0.0,0.0,0.0,vectored,fixed_route,2,2026-08-02T15:31:46+00:00
crossbar_128_8_8_10nm_TT_0V8_25C_800MHz,crossbar,data_width=128;num_inputs=8;num_outputs=8,10nm,TT,0.8,25.0,1.25,800.0,128,8,8,V-2023.12-SP4,7308,7308,0,943.411212,943.411212,0.0,0.0,0.0,0.79,0.26,0.0,0,V-2023.12-SP4,7409,7409,0,963.84,963.84,0.0,1336.6272,0.7211,0.0,0.0,0.87,0.18,0.0,0,V-2023.12-SP3,V-2023.12-SP4,0.2959,0.5447,0.002534,0.8431,0.8406,1.05075,0.0,0.0,0.0,0.0,0.0,0.0,0.0,0.0,0.2959,0.5447,0.002534,0.8431,0.0,0.0,0.0,0.0,0.0,0.0,0.0,0.0,0.0,0.0,0.0,0.0,0.0,0.0,0.0,0.0,vectored,valid25,2,2026-08-02T15:31:55+00:00
crossbar_128_4_8_10nm_TT_0V8_25C_1333p33MHz,crossbar,data_width=128;num_inputs=4;num_outputs=8,10nm,TT,0.8,25.0,0.75,1333.3333333333333,128,4,8,V-2023.12-SP4,3334,3334,0,437.882896,437.882896,0.0,0.0,0.0,0.54,0.01,0.0,0,V-2023.12-SP4,3410,3410,0,444.52,444.52,0.0,623.0016,0.7135,0.0,0.0,0.5,0.05,0.0,0,V-2023.12-SP3,V-2023.12-SP4,0.38489999999999996,0.5476,0.0011719999999999999,0.9337,0.9324999999999999,0.6993749999999999,0.0,0.0,0.0,0.0,0.0,0.0,0.0,0.0,0.38489999999999996,0.5476,0.0011719999999999999,0.9337,0.0,0.0,0.0,0.0,0.0,0.0,0.0,0.0,0.0,0.0,0.0,0.0,0.0,0.0,0.0,0.0,unvectored,none,2,2026-08-02T15:41:55+00:00
crossbar_128_4_8_10nm_TT_0V8_25C_1333p33MHz,crossbar,data_width=128;num_inputs=4;num_outputs=8,10nm,TT,0.8,25.0,0.75,1333.3333333333333,128,4,8,V-2023.12-SP4,3334,3334,0,437.882896,437.882896,0.0,0.0,0.0,0.54,0.01,0.0,0,V-2023.12-SP4,3410,3410,0,444.52,444.52,0.0,623.0016,0.7135,0.0,0.0,0.5,0.05,0.0,0,V-2023.12-SP3,V-2023.12-SP4,0.7012999999999999,0.9150999999999999,0.001168,1.618,1.6163999999999998,1.2123,0.0,0.0,0.0,0.0,0.0,0.0,0.0,0.0,0.7012999999999999,0.9150999999999999,0.001168,1.618,0.0,0.0,0.0,0.0,0.0,0.0,0.0,0.0,0.0,0.0,0.0,0.0,0.0,0.0,0.0,0.0,vectored,random,2,2026-08-02T15:42:04+00:00
crossbar_128_4_8_10nm_TT_0V8_25C_1333p33MHz,crossbar,data_width=128;num_inputs=4;num_outputs=8,10nm,TT,0.8,25.0,0.75,1333.3333333333333,128,4,8,V-2023.12-SP4,3334,3334,0,437.882896,437.882896,0.0,0.0,0.0,0.54,0.01,0.0,0,V-2023.12-SP4,3410,3410,0,444.52,444.52,0.0,623.0016,0.7135,0.0,0.0,0.5,0.05,0.0,0,V-2023.12-SP3,V-2023.12-SP4,0.27099999999999996,0.2236,0.001168,0.4958,0.49459999999999993,0.37094999999999995,0.0,0.0,0.0,0.0,0.0,0.0,0.0,0.0,0.27099999999999996,0.2236,0.001168,0.4958,0.0,0.0,0.0,0.0,0.0,0.0,0.0,0.0,0.0,0.0,0.0,0.0,0.0,0.0,0.0,0.0,vectored,fixed_route,2,2026-08-02T15:42:15+00:00
crossbar_128_4_8_10nm_TT_0V8_25C_1333p33MHz,crossbar,data_width=128;num_inputs=4;num_outputs=8,10nm,TT,0.8,25.0,0.75,1333.3333333333333,128,4,8,V-2023.12-SP4,3334,3334,0,437.882896,437.882896,0.0,0.0,0.0,0.54,0.01,0.0,0,V-2023.12-SP4,3410,3410,0,444.52,444.52,0.0,623.0016,0.7135,0.0,0.0,0.5,0.05,0.0,0,V-2023.12-SP3,V-2023.12-SP4,0.16349999999999998,0.23399999999999999,0.001175,0.3987,0.39749999999999996,0.298125,0.0,0.0,0.0,0.0,0.0,0.0,0.0,0.0,0.16349999999999998,0.23399999999999999,0.001175,0.3987,0.0,0.0,0.0,0.0,0.0,0.0,0.0,0.0,0.0,0.0,0.0,0.0,0.0,0.0,0.0,0.0,vectored,valid25,2,2026-08-02T15:42:25+00:00
crossbar_128_4_8_10nm_TT_0V8_25C_800MHz,crossbar,data_width=128;num_inputs=4;num_outputs=8,10nm,TT,0.8,25.0,1.25,800.0,128,4,8,V-2023.12-SP4,3307,3307,0,434.872336,434.872336,0.0,0.0,0.0,0.82,0.23,0.0,0,V-2023.12-SP4,3387,3387,0,441.66,441.66,0.0,611.4509,0.7223,0.0,0.0,0.6,0.45,0.0,0,V-2023.12-SP3,V-2023.12-SP4,0.2259,0.3271,0.001143,0.5542,0.5529999999999999,0.6912499999999999,0.0,0.0,0.0,0.0,0.0,0.0,0.0,0.0,0.2259,0.3271,0.001143,0.5542,0.0,0.0,0.0,0.0,0.0,0.0,0.0,0.0,0.0,0.0,0.0,0.0,0.0,0.0,0.0,0.0,unvectored,none,2,2026-08-02T15:56:29+00:00
crossbar_128_4_8_10nm_TT_0V8_25C_800MHz,crossbar,data_width=128;num_inputs=4;num_outputs=8,10nm,TT,0.8,25.0,1.25,800.0,128,4,8,V-2023.12-SP4,3307,3307,0,434.872336,434.872336,0.0,0.0,0.0,0.82,0.23,0.0,0,V-2023.12-SP4,3387,3387,0,441.66,441.66,0.0,611.4509,0.7223,0.0,0.0,0.6,0.45,0.0,0,V-2023.12-SP3,V-2023.12-SP4,0.4193,0.555,0.0011400000000000002,0.9753999999999999,0.9743,1.217875,0.0,0.0,0.0,0.0,0.0,0.0,0.0,0.0,0.4193,0.555,0.0011400000000000002,0.9753999999999999,0.0,0.0,0.0,0.0,0.0,0.0,0.0,0.0,0.0,0.0,0.0,0.0,0.0,0.0,0.0,0.0,vectored,random,2,2026-08-02T15:56:37+00:00
crossbar_128_4_8_10nm_TT_0V8_25C_800MHz,crossbar,data_width=128;num_inputs=4;num_outputs=8,10nm,TT,0.8,25.0,1.25,800.0,128,4,8,V-2023.12-SP4,3307,3307,0,434.872336,434.872336,0.0,0.0,0.0,0.82,0.23,0.0,0,V-2023.12-SP4,3387,3387,0,441.66,441.66,0.0,611.4509,0.7223,0.0,0.0,0.6,0.45,0.0,0,V-2023.12-SP3,V-2023.12-SP4,0.1628,0.1334,0.001139,0.2974,0.2962,0.37025,0.0,0.0,0.0,0.0,0.0,0.0,0.0,0.0,0.1628,0.1334,0.001139,0.2974,0.0,0.0,0.0,0.0,0.0,0.0,0.0,0.0,0.0,0.0,0.0,0.0,0.0,0.0,0.0,0.0,vectored,fixed_route,2,2026-08-02T15:56:45+00:00
crossbar_128_4_8_10nm_TT_0V8_25C_800MHz,crossbar,data_width=128;num_inputs=4;num_outputs=8,10nm,TT,0.8,25.0,1.25,800.0,128,4,8,V-2023.12-SP4,3307,3307,0,434.872336,434.872336,0.0,0.0,0.0,0.82,0.23,0.0,0,V-2023.12-SP4,3387,3387,0,441.66,441.66,0.0,611.4509,0.7223,0.0,0.0,0.6,0.45,0.0,0,V-2023.12-SP3,V-2023.12-SP4,0.09691000000000001,0.1412,0.0011459999999999999,0.2392,0.23811,0.2976375,0.0,0.0,0.0,0.0,0.0,0.0,0.0,0.0,0.09691000000000001,0.1412,0.0011459999999999999,0.2392,0.0,0.0,0.0,0.0,0.0,0.0,0.0,0.0,0.0,0.0,0.0,0.0,0.0,0.0,0.0,0.0,vectored,valid25,2,2026-08-02T15:56:53+00:00
crossbar_32_2_2_20nm_TT_0V9_25C_1333p33MHz,crossbar,data_width=32;num_inputs=2;num_outputs=2,20nm,TT,0.9,25.0,0.75,1333.3333333333333,32,2,2,V-2023.12-SP4,142,142,0,52.1664,52.1664,0.0,0.0,0.0,0.39,0.16,0.0,0,V-2023.12-SP4,142,142,0,52.17,52.17,0.0,68.64,0.76,0.0,0.0,0.45,0.1,0.0,0,V-2023.12-SP3,V-2023.12-SP4,0.05944,0.04785,5.258e-05,0.1073,0.10729,0.0804675,0.0,0.0,0.0,0.0,0.0,0.0,0.0,0.0,0.05944,0.04785,5.258e-05,0.1073,0.0,0.0,0.0,0.0,0.0,0.0,0.0,0.0,0.0,0.0,0.0,0.0,0.0,0.0,0.0,0.0,unvectored,none,2,2026-08-03T18:40:28+00:00
crossbar_32_2_2_20nm_TT_0V9_25C_1333p33MHz,crossbar,data_width=32;num_inputs=2;num_outputs=2,20nm,TT,0.9,25.0,0.75,1333.3333333333333,32,2,2,V-2023.12-SP4,142,142,0,52.1664,52.1664,0.0,0.0,0.0,0.39,0.16,0.0,0,V-2023.12-SP4,142,142,0,52.17,52.17,0.0,68.64,0.76,0.0,0.0,0.45,0.1,0.0,0,V-2023.12-SP3,V-2023.12-SP4,0.1048,0.0735,5.421e-05,0.1784,0.17830000000000001,0.133725,0.0,0.0,0.0,0.0,0.0,0.0,0.0,0.0,0.1048,0.0735,5.421e-05,0.1784,0.0,0.0,0.0,0.0,0.0,0.0,0.0,0.0,0.0,0.0,0.0,0.0,0.0,0.0,0.0,0.0,vectored,random,2,2026-08-03T18:40:36+00:00
crossbar_32_2_2_20nm_TT_0V9_25C_1333p33MHz,crossbar,data_width=32;num_inputs=2;num_outputs=2,20nm,TT,0.9,25.0,0.75,1333.3333333333333,32,2,2,V-2023.12-SP4,142,142,0,52.1664,52.1664,0.0,0.0,0.0,0.39,0.16,0.0,0,V-2023.12-SP4,142,142,0,52.17,52.17,0.0,68.64,0.76,0.0,0.0,0.45,0.1,0.0,0,V-2023.12-SP3,V-2023.12-SP4,0.05824,0.025230000000000002,5.7060000000000006e-05,0.08352,0.08347,0.0626025,0.0,0.0,0.0,0.0,0.0,0.0,0.0,0.0,0.05824,0.025230000000000002,5.7060000000000006e-05,0.08352,0.0,0.0,0.0,0.0,0.0,0.0,0.0,0.0,0.0,0.0,0.0,0.0,0.0,0.0,0.0,0.0,vectored,fixed_route,2,2026-08-03T18:40:44+00:00
crossbar_32_2_2_20nm_TT_0V9_25C_1333p33MHz,crossbar,data_width=32;num_inputs=2;num_outputs=2,20nm,TT,0.9,25.0,0.75,1333.3333333333333,32,2,2,V-2023.12-SP4,142,142,0,52.1664,52.1664,0.0,0.0,0.0,0.39,0.16,0.0,0,V-2023.12-SP4,142,142,0,52.17,52.17,0.0,68.64,0.76,0.0,0.0,0.45,0.1,0.0,0,V-2023.12-SP3,V-2023.12-SP4,0.03505,0.027460000000000002,5.11e-05,0.06255999999999999,0.06251,0.046882499999999994,0.0,0.0,0.0,0.0,0.0,0.0,0.0,0.0,0.03505,0.027460000000000002,5.11e-05,0.06255999999999999,0.0,0.0,0.0,0.0,0.0,0.0,0.0,0.0,0.0,0.0,0.0,0.0,0.0,0.0,0.0,0.0,vectored,valid25,2,2026-08-03T18:40:50+00:00
crossbar_32_2_2_20nm_TT_0V9_25C_800MHz,crossbar,data_width=32;num_inputs=2;num_outputs=2,20nm,TT,0.9,25.0,1.25,800.0,32,2,2,V-2023.12-SP4,141,141,0,51.8496,51.8496,0.0,0.0,0.0,0.9,0.15,0.0,0,V-2023.12-SP4,143,143,0,53.33,53.33,0.0,68.64,0.7769,0.0,0.0,0.45,0.6,0.0,0,V-2023.12-SP3,V-2023.12-SP4,0.03383,0.02931,5.422e-05,0.06319,0.06314,0.078925,0.0,0.0,0.0,0.0,0.0,0.0,0.0,0.0,0.03383,0.02931,5.422e-05,0.06319,0.0,0.0,0.0,0.0,0.0,0.0,0.0,0.0,0.0,0.0,0.0,0.0,0.0,0.0,0.0,0.0,unvectored,none,2,2026-08-03T18:43:07+00:00
crossbar_32_2_2_20nm_TT_0V9_25C_800MHz,crossbar,data_width=32;num_inputs=2;num_outputs=2,20nm,TT,0.9,25.0,1.25,800.0,32,2,2,V-2023.12-SP4,141,141,0,51.8496,51.8496,0.0,0.0,0.0,0.9,0.15,0.0,0,V-2023.12-SP4,143,143,0,53.33,53.33,0.0,68.64,0.7769,0.0,0.0,0.45,0.6,0.0,0,V-2023.12-SP3,V-2023.12-SP4,0.058140000000000004,0.04389,5.6330000000000004e-05,0.1021,0.10203000000000001,0.12753750000000003,0.0,0.0,0.0,0.0,0.0,0.0,0.0,0.0,0.058140000000000004,0.04389,5.6330000000000004e-05,0.1021,0.0,0.0,0.0,0.0,0.0,0.0,0.0,0.0,0.0,0.0,0.0,0.0,0.0,0.0,0.0,0.0,vectored,random,2,2026-08-03T18:43:14+00:00
crossbar_32_2_2_20nm_TT_0V9_25C_800MHz,crossbar,data_width=32;num_inputs=2;num_outputs=2,20nm,TT,0.9,25.0,1.25,800.0,32,2,2,V-2023.12-SP4,141,141,0,51.8496,51.8496,0.0,0.0,0.0,0.9,0.15,0.0,0,V-2023.12-SP4,143,143,0,53.33,53.33,0.0,68.64,0.7769,0.0,0.0,0.45,0.6,0.0,0,V-2023.12-SP3,V-2023.12-SP4,0.03408,0.01499,5.9629999999999997e-05,0.04913,0.04907,0.0613375,0.0,0.0,0.0,0.0,0.0,0.0,0.0,0.0,0.03408,0.01499,5.9629999999999997e-05,0.04913,0.0,0.0,0.0,0.0,0.0,0.0,0.0,0.0,0.0,0.0,0.0,0.0,0.0,0.0,0.0,0.0,vectored,fixed_route,2,2026-08-03T18:43:21+00:00
crossbar_32_2_2_20nm_TT_0V9_25C_800MHz,crossbar,data_width=32;num_inputs=2;num_outputs=2,20nm,TT,0.9,25.0,1.25,800.0,32,2,2,V-2023.12-SP4,141,141,0,51.8496,51.8496,0.0,0.0,0.0,0.9,0.15,0.0,0,V-2023.12-SP4,143,143,0,53.33,53.33,0.0,68.64,0.7769,0.0,0.0,0.45,0.6,0.0,0,V-2023.12-SP3,V-2023.12-SP4,0.019870000000000002,0.01735,5.257e-05,0.03728,0.03722,0.046525000000000004,0.0,0.0,0.0,0.0,0.0,0.0,0.0,0.0,0.019870000000000002,0.01735,5.257e-05,0.03728,0.0,0.0,0.0,0.0,0.0,0.0,0.0,0.0,0.0,0.0,0.0,0.0,0.0,0.0,0.0,0.0,vectored,valid25,2,2026-08-03T18:43:29+00:00
crossbar_32_4_4_20nm_TT_0V9_25C_1333p33MHz,crossbar,data_width=32;num_inputs=4;num_outputs=4,20nm,TT,0.9,25.0,0.75,1333.3333333333333,32,4,4,V-2023.12-SP4,732,732,0,294.940798,294.940798,0.0,0.0,0.0,0.55,0.0,0.0,0,V-2023.12-SP4,654,654,0,270.97,270.97,0.0,409.2,0.6622,0.0,0.0,0.55,-0.0,-0.0,1,V-2023.12-SP3,V-2023.12-SP4,0.185,0.24879999999999997,0.000281,0.4341,0.43379999999999996,0.32535,0.0,0.0,0.0,0.0,0.0,0.0,0.0,0.0,0.185,0.24879999999999997,0.000281,0.4341,0.0,0.0,0.0,0.0,0.0,0.0,0.0,0.0,0.0,0.0,0.0,0.0,0.0,0.0,0.0,0.0,unvectored,none,2,2026-08-03T18:46:14+00:00
crossbar_32_4_4_20nm_TT_0V9_25C_1333p33MHz,crossbar,data_width=32;num_inputs=4;num_outputs=4,20nm,TT,0.9,25.0,0.75,1333.3333333333333,32,4,4,V-2023.12-SP4,732,732,0,294.940798,294.940798,0.0,0.0,0.0,0.55,0.0,0.0,0,V-2023.12-SP4,654,654,0,270.97,270.97,0.0,409.2,0.6622,0.0,0.0,0.55,-0.0,-0.0,1,V-2023.12-SP3,V-2023.12-SP4,0.2903,0.36019999999999996,0.000282,0.6509,0.6505,0.48787499999999995,0.0,0.0,0.0,0.0,0.0,0.0,0.0,0.0,0.2903,0.36019999999999996,0.000282,0.6509,0.0,0.0,0.0,0.0,0.0,0.0,0.0,0.0,0.0,0.0,0.0,0.0,0.0,0.0,0.0,0.0,vectored,random,2,2026-08-03T18:46:22+00:00
crossbar_32_4_4_20nm_TT_0V9_25C_1333p33MHz,crossbar,data_width=32;num_inputs=4;num_outputs=4,20nm,TT,0.9,25.0,0.75,1333.3333333333333,32,4,4,V-2023.12-SP4,732,732,0,294.940798,294.940798,0.0,0.0,0.0,0.55,0.0,0.0,0,V-2023.12-SP4,654,654,0,270.97,270.97,0.0,409.2,0.6622,0.0,0.0,0.55,-0.0,-0.0,1,V-2023.12-SP3,V-2023.12-SP4,0.1308,0.1725,0.00029079999999999997,0.3035,0.3033,0.227475,0.0,0.0,0.0,0.0,0.0,0.0,0.0,0.0,0.1308,0.1725,0.00029079999999999997,0.3035,0.0,0.0,0.0,0.0,0.0,0.0,0.0,0.0,0.0,0.0,0.0,0.0,0.0,0.0,0.0,0.0,vectored,fixed_route,2,2026-08-03T18:46:29+00:00
crossbar_32_4_4_20nm_TT_0V9_25C_1333p33MHz,crossbar,data_width=32;num_inputs=4;num_outputs=4,20nm,TT,0.9,25.0,0.75,1333.3333333333333,32,4,4,V-2023.12-SP4,732,732,0,294.940798,294.940798,0.0,0.0,0.0,0.55,0.0,0.0,0,V-2023.12-SP4,654,654,0,270.97,270.97,0.0,409.2,0.6622,0.0,0.0,0.55,-0.0,-0.0,1,V-2023.12-SP3,V-2023.12-SP4,0.08591,0.1077,0.0002801,0.1939,0.19361,0.1452075,0.0,0.0,0.0,0.0,0.0,0.0,0.0,0.0,0.08591,0.1077,0.0002801,0.1939,0.0,0.0,0.0,0.0,0.0,0.0,0.0,0.0,0.0,0.0,0.0,0.0,0.0,0.0,0.0,0.0,vectored,valid25,2,2026-08-03T18:46:37+00:00
crossbar_32_4_4_20nm_TT_0V9_25C_800MHz,crossbar,data_width=32;num_inputs=4;num_outputs=4,20nm,TT,0.9,25.0,1.25,800.0,32,4,4,V-2023.12-SP4,459,459,0,203.174399,203.174399,0.0,0.0,0.0,1.03,0.02,0.0,0,V-2023.12-SP4,467,467,0,206.34,206.34,0.0,286.0704,0.7213,0.0,0.0,1.04,0.01,0.0,0,V-2023.12-SP3,V-2023.12-SP4,0.09077,0.09446,0.0002083,0.1854,0.18523,0.2315375,0.0,0.0,0.0,0.0,0.0,0.0,0.0,0.0,0.09077,0.09446,0.0002083,0.1854,0.0,0.0,0.0,0.0,0.0,0.0,0.0,0.0,0.0,0.0,0.0,0.0,0.0,0.0,0.0,0.0,unvectored,none,2,2026-08-03T18:49:14+00:00
crossbar_32_4_4_20nm_TT_0V9_25C_800MHz,crossbar,data_width=32;num_inputs=4;num_outputs=4,20nm,TT,0.9,25.0,1.25,800.0,32,4,4,V-2023.12-SP4,459,459,0,203.174399,203.174399,0.0,0.0,0.0,1.03,0.02,0.0,0,V-2023.12-SP4,467,467,0,206.34,206.34,0.0,286.0704,0.7213,0.0,0.0,1.04,0.01,0.0,0,V-2023.12-SP3,V-2023.12-SP4,0.1595,0.15,0.0002085,0.3097,0.3095,0.38687499999999997,0.0,0.0,0.0,0.0,0.0,0.0,0.0,0.0,0.1595,0.15,0.0002085,0.3097,0.0,0.0,0.0,0.0,0.0,0.0,0.0,0.0,0.0,0.0,0.0,0.0,0.0,0.0,0.0,0.0,vectored,random,2,2026-08-03T18:49:21+00:00
crossbar_32_4_4_20nm_TT_0V9_25C_800MHz,crossbar,data_width=32;num_inputs=4;num_outputs=4,20nm,TT,0.9,25.0,1.25,800.0,32,4,4,V-2023.12-SP4,459,459,0,203.174399,203.174399,0.0,0.0,0.0,1.03,0.02,0.0,0,V-2023.12-SP4,467,467,0,206.34,206.34,0.0,286.0704,0.7213,0.0,0.0,1.04,0.01,0.0,0,V-2023.12-SP3,V-2023.12-SP4,0.06833,0.04396,0.0002076,0.1125,0.11229,0.1403625,0.0,0.0,0.0,0.0,0.0,0.0,0.0,0.0,0.06833,0.04396,0.0002076,0.1125,0.0,0.0,0.0,0.0,0.0,0.0,0.0,0.0,0.0,0.0,0.0,0.0,0.0,0.0,0.0,0.0,vectored,fixed_route,2,2026-08-03T18:49:28+00:00
crossbar_32_4_4_20nm_TT_0V9_25C_800MHz,crossbar,data_width=32;num_inputs=4;num_outputs=4,20nm,TT,0.9,25.0,1.25,800.0,32,4,4,V-2023.12-SP4,459,459,0,203.174399,203.174399,0.0,0.0,0.0,1.03,0.02,0.0,0,V-2023.12-SP4,467,467,0,206.34,206.34,0.0,286.0704,0.7213,0.0,0.0,1.04,0.01,0.0,0,V-2023.12-SP3,V-2023.12-SP4,0.04752,0.047830000000000004,0.00020840000000000002,0.09556,0.09535,0.1191875,0.0,0.0,0.0,0.0,0.0,0.0,0.0,0.0,0.04752,0.047830000000000004,0.00020840000000000002,0.09556,0.0,0.0,0.0,0.0,0.0,0.0,0.0,0.0,0.0,0.0,0.0,0.0,0.0,0.0,0.0,0.0,vectored,valid25,2,2026-08-03T18:49:35+00:00
crossbar_32_8_8_20nm_TT_0V9_25C_1000MHz,crossbar,data_width=32;num_inputs=8;num_outputs=8,20nm,TT,0.9,25.0,1.0,1000.0,32,8,8,V-2023.12-SP4,2946,2946,0,1164.767994,1164.767994,0.0,0.0,0.0,0.8,0.0,0.0,0,V-2023.12-SP4,2646,2646,0,1109.22,1109.22,0.0,1631.52,0.6799,0.0,0.0,0.85,-0.05,-0.12,9,V-2023.12-SP3,V-2023.12-SP4,0.4325,0.6675,0.001226,1.101,1.1,1.1,0.0,0.0,0.0,0.0,0.0,0.0,0.0,0.0,0.4325,0.6675,0.001226,1.101,0.0,0.0,0.0,0.0,0.0,0.0,0.0,0.0,0.0,0.0,0.0,0.0,0.0,0.0,0.0,0.0,unvectored,none,2,2026-08-03T18:53:51+00:00
crossbar_32_8_8_20nm_TT_0V9_25C_1000MHz,crossbar,data_width=32;num_inputs=8;num_outputs=8,20nm,TT,0.9,25.0,1.0,1000.0,32,8,8,V-2023.12-SP4,2946,2946,0,1164.767994,1164.767994,0.0,0.0,0.0,0.8,0.0,0.0,0,V-2023.12-SP4,2646,2646,0,1109.22,1109.22,0.0,1631.52,0.6799,0.0,0.0,0.85,-0.05,-0.12,9,V-2023.12-SP3,V-2023.12-SP4,0.6784,0.9903,0.001216,1.6700000000000002,1.6686999999999999,1.6686999999999999,0.0,0.0,0.0,0.0,0.0,0.0,0.0,0.0,0.6784,0.9903,0.001216,1.6700000000000002,0.0,0.0,0.0,0.0,0.0,0.0,0.0,0.0,0.0,0.0,0.0,0.0,0.0,0.0,0.0,0.0,vectored,random,2,2026-08-03T18:54:00+00:00
crossbar_32_8_8_20nm_TT_0V9_25C_1000MHz,crossbar,data_width=32;num_inputs=8;num_outputs=8,20nm,TT,0.9,25.0,1.0,1000.0,32,8,8,V-2023.12-SP4,2946,2946,0,1164.767994,1164.767994,0.0,0.0,0.0,0.8,0.0,0.0,0,V-2023.12-SP4,2646,2646,0,1109.22,1109.22,0.0,1631.52,0.6799,0.0,0.0,0.85,-0.05,-0.12,9,V-2023.12-SP3,V-2023.12-SP4,0.29109999999999997,0.47390000000000004,0.001199,0.7662,0.765,0.765,0.0,0.0,0.0,0.0,0.0,0.0,0.0,0.0,0.29109999999999997,0.47390000000000004,0.001199,0.7662,0.0,0.0,0.0,0.0,0.0,0.0,0.0,0.0,0.0,0.0,0.0,0.0,0.0,0.0,0.0,0.0,vectored,fixed_route,2,2026-08-03T18:54:08+00:00
crossbar_32_8_8_20nm_TT_0V9_25C_1000MHz,crossbar,data_width=32;num_inputs=8;num_outputs=8,20nm,TT,0.9,25.0,1.0,1000.0,32,8,8,V-2023.12-SP4,2946,2946,0,1164.767994,1164.767994,0.0,0.0,0.0,0.8,0.0,0.0,0,V-2023.12-SP4,2646,2646,0,1109.22,1109.22,0.0,1631.52,0.6799,0.0,0.0,0.85,-0.05,-0.12,9,V-2023.12-SP3,V-2023.12-SP4,0.1855,0.2762,0.001235,0.46299999999999997,0.4617,0.4617,0.0,0.0,0.0,0.0,0.0,0.0,0.0,0.0,0.1855,0.2762,0.001235,0.46299999999999997,0.0,0.0,0.0,0.0,0.0,0.0,0.0,0.0,0.0,0.0,0.0,0.0,0.0,0.0,0.0,0.0,vectored,valid25,2,2026-08-03T18:54:17+00:00
crossbar_32_8_8_20nm_TT_0V9_25C_666p667MHz,crossbar,data_width=32;num_inputs=8;num_outputs=8,20nm,TT,0.9,25.0,1.5,666.6666666666666,32,8,8,V-2023.12-SP4,3360,3360,0,1272.268793,1272.268793,0.0,0.0,0.0,1.3,0.0,0.0,0,V-2023.12-SP4,2861,2861,0,1153.05,1153.05,0.0,1802.1696,0.6398,0.0,0.0,1.3,-0.0,-0.0,1,V-2023.12-SP3,V-2023.12-SP4,0.2992,0.45330000000000004,0.001247,0.7537,0.7525000000000001,1.1287500000000001,0.0,0.0,0.0,0.0,0.0,0.0,0.0,0.0,0.2992,0.45330000000000004,0.001247,0.7537,0.0,0.0,0.0,0.0,0.0,0.0,0.0,0.0,0.0,0.0,0.0,0.0,0.0,0.0,0.0,0.0,unvectored,none,2,2026-08-03T18:58:32+00:00
crossbar_32_8_8_20nm_TT_0V9_25C_666p667MHz,crossbar,data_width=32;num_inputs=8;num_outputs=8,20nm,TT,0.9,25.0,1.5,666.6666666666666,32,8,8,V-2023.12-SP4,3360,3360,0,1272.268793,1272.268793,0.0,0.0,0.0,1.3,0.0,0.0,0,V-2023.12-SP4,2861,2861,0,1153.05,1153.05,0.0,1802.1696,0.6398,0.0,0.0,1.3,-0.0,-0.0,1,V-2023.12-SP3,V-2023.12-SP4,0.5075000000000001,0.7191,0.0012330000000000002,1.228,1.2266,1.8398999999999999,0.0,0.0,0.0,0.0,0.0,0.0,0.0,0.0,0.5075000000000001,0.7191,0.0012330000000000002,1.228,0.0,0.0,0.0,0.0,0.0,0.0,0.0,0.0,0.0,0.0,0.0,0.0,0.0,0.0,0.0,0.0,vectored,random,2,2026-08-03T18:58:40+00:00
crossbar_32_8_8_20nm_TT_0V9_25C_666p667MHz,crossbar,data_width=32;num_inputs=8;num_outputs=8,20nm,TT,0.9,25.0,1.5,666.6666666666666,32,8,8,V-2023.12-SP4,3360,3360,0,1272.268793,1272.268793,0.0,0.0,0.0,1.3,0.0,0.0,0,V-2023.12-SP4,2861,2861,0,1153.05,1153.05,0.0,1802.1696,0.6398,0.0,0.0,1.3,-0.0,-0.0,1,V-2023.12-SP3,V-2023.12-SP4,0.22369999999999998,0.3214,0.001212,0.5463,0.5451,0.81765,0.0,0.0,0.0,0.0,0.0,0.0,0.0,0.0,0.22369999999999998,0.3214,0.001212,0.5463,0.0,0.0,0.0,0.0,0.0,0.0,0.0,0.0,0.0,0.0,0.0,0.0,0.0,0.0,0.0,0.0,vectored,fixed_route,2,2026-08-03T18:58:48+00:00
crossbar_32_8_8_20nm_TT_0V9_25C_666p667MHz,crossbar,data_width=32;num_inputs=8;num_outputs=8,20nm,TT,0.9,25.0,1.5,666.6666666666666,32,8,8,V-2023.12-SP4,3360,3360,0,1272.268793,1272.268793,0.0,0.0,0.0,1.3,0.0,0.0,0,V-2023.12-SP4,2861,2861,0,1153.05,1153.05,0.0,1802.1696,0.6398,0.0,0.0,1.3,-0.0,-0.0,1,V-2023.12-SP3,V-2023.12-SP4,0.1344,0.1948,0.001257,0.3305,0.3292,0.4938,0.0,0.0,0.0,0.0,0.0,0.0,0.0,0.0,0.1344,0.1948,0.001257,0.3305,0.0,0.0,0.0,0.0,0.0,0.0,0.0,0.0,0.0,0.0,0.0,0.0,0.0,0.0,0.0,0.0,vectored,valid25,2,2026-08-03T18:58:55+00:00
crossbar_32_8_4_20nm_TT_0V9_25C_1000MHz,crossbar,data_width=32;num_inputs=8;num_outputs=4,20nm,TT,0.9,25.0,1.0,1000.0,32,8,4,V-2023.12-SP4,1689,1689,0,644.793597,644.793597,0.0,0.0,0.0,0.79,0.01,0.0,0,V-2023.12-SP4,1448,1448,0,589.35,589.35,0.0,894.7488,0.6587,0.0,0.0,0.8,-0.0,-0.0,1,V-2023.12-SP3,V-2023.12-SP4,0.2869,0.36860000000000004,0.0006508,0.6560999999999999,0.6555,0.6555,0.0,0.0,0.0,0.0,0.0,0.0,0.0,0.0,0.2869,0.36860000000000004,0.0006508,0.6560999999999999,0.0,0.0,0.0,0.0,0.0,0.0,0.0,0.0,0.0,0.0,0.0,0.0,0.0,0.0,0.0,0.0,unvectored,none,2,2026-08-03T19:15:36+00:00
crossbar_32_8_4_20nm_TT_0V9_25C_1000MHz,crossbar,data_width=32;num_inputs=8;num_outputs=4,20nm,TT,0.9,25.0,1.0,1000.0,32,8,4,V-2023.12-SP4,1689,1689,0,644.793597,644.793597,0.0,0.0,0.0,0.79,0.01,0.0,0,V-2023.12-SP4,1448,1448,0,589.35,589.35,0.0,894.7488,0.6587,0.0,0.0,0.8,-0.0,-0.0,1,V-2023.12-SP3,V-2023.12-SP4,0.4185,0.5115999999999999,0.0006445,0.9307,0.9300999999999999,0.9300999999999999,0.0,0.0,0.0,0.0,0.0,0.0,0.0,0.0,0.4185,0.5115999999999999,0.0006445,0.9307,0.0,0.0,0.0,0.0,0.0,0.0,0.0,0.0,0.0,0.0,0.0,0.0,0.0,0.0,0.0,0.0,vectored,random,2,2026-08-03T19:15:43+00:00
crossbar_32_8_4_20nm_TT_0V9_25C_1000MHz,crossbar,data_width=32;num_inputs=8;num_outputs=4,20nm,TT,0.9,25.0,1.0,1000.0,32,8,4,V-2023.12-SP4,1689,1689,0,644.793597,644.793597,0.0,0.0,0.0,0.79,0.01,0.0,0,V-2023.12-SP4,1448,1448,0,589.35,589.35,0.0,894.7488,0.6587,0.0,0.0,0.8,-0.0,-0.0,1,V-2023.12-SP3,V-2023.12-SP4,0.16019999999999998,0.17909999999999998,0.0006373,0.33990000000000004,0.33929999999999993,0.33929999999999993,0.0,0.0,0.0,0.0,0.0,0.0,0.0,0.0,0.16019999999999998,0.17909999999999998,0.0006373,0.33990000000000004,0.0,0.0,0.0,0.0,0.0,0.0,0.0,0.0,0.0,0.0,0.0,0.0,0.0,0.0,0.0,0.0,vectored,fixed_route,2,2026-08-03T19:15:49+00:00
crossbar_32_8_4_20nm_TT_0V9_25C_1000MHz,crossbar,data_width=32;num_inputs=8;num_outputs=4,20nm,TT,0.9,25.0,1.0,1000.0,32,8,4,V-2023.12-SP4,1689,1689,0,644.793597,644.793597,0.0,0.0,0.0,0.79,0.01,0.0,0,V-2023.12-SP4,1448,1448,0,589.35,589.35,0.0,894.7488,0.6587,0.0,0.0,0.8,-0.0,-0.0,1,V-2023.12-SP3,V-2023.12-SP4,0.153,0.19039999999999999,0.0006592,0.34400000000000003,0.3434,0.3434,0.0,0.0,0.0,0.0,0.0,0.0,0.0,0.0,0.153,0.19039999999999999,0.0006592,0.34400000000000003,0.0,0.0,0.0,0.0,0.0,0.0,0.0,0.0,0.0,0.0,0.0,0.0,0.0,0.0,0.0,0.0,vectored,valid25,2,2026-08-03T19:15:56+00:00
crossbar_32_8_4_20nm_TT_0V9_25C_666p667MHz,crossbar,data_width=32;num_inputs=8;num_outputs=4,20nm,TT,0.9,25.0,1.5,666.6666666666666,32,8,4,V-2023.12-SP4,1748,1748,0,634.972797,634.972797,0.0,0.0,0.0,1.28,0.02,0.0,0,V-2023.12-SP4,1535,1535,0,588.4,588.4,0.0,890.8416,0.6605,0.0,0.0,1.27,0.03,0.0,0,V-2023.12-SP3,V-2023.12-SP4,0.2218,0.3004,0.0006284,0.5226999999999999,0.5222,0.7833,0.0,0.0,0.0,0.0,0.0,0.0,0.0,0.0,0.2218,0.3004,0.0006284,0.5226999999999999,0.0,0.0,0.0,0.0,0.0,0.0,0.0,0.0,0.0,0.0,0.0,0.0,0.0,0.0,0.0,0.0,unvectored,none,2,2026-08-03T19:19:04+00:00
crossbar_32_8_4_20nm_TT_0V9_25C_666p667MHz,crossbar,data_width=32;num_inputs=8;num_outputs=4,20nm,TT,0.9,25.0,1.5,666.6666666666666,32,8,4,V-2023.12-SP4,1748,1748,0,634.972797,634.972797,0.0,0.0,0.0,1.28,0.02,0.0,0,V-2023.12-SP4,1535,1535,0,588.4,588.4,0.0,890.8416,0.6605,0.0,0.0,1.27,0.03,0.0,0,V-2023.12-SP3,V-2023.12-SP4,0.35169999999999996,0.4496,0.0006218,0.8019999999999999,0.8012999999999999,1.2019499999999999,0.0,0.0,0.0,0.0,0.0,0.0,0.0,0.0,0.35169999999999996,0.4496,0.0006218,0.8019999999999999,0.0,0.0,0.0,0.0,0.0,0.0,0.0,0.0,0.0,0.0,0.0,0.0,0.0,0.0,0.0,0.0,vectored,random,2,2026-08-03T19:19:12+00:00
crossbar_32_8_4_20nm_TT_0V9_25C_666p667MHz,crossbar,data_width=32;num_inputs=8;num_outputs=4,20nm,TT,0.9,25.0,1.5,666.6666666666666,32,8,4,V-2023.12-SP4,1748,1748,0,634.972797,634.972797,0.0,0.0,0.0,1.28,0.02,0.0,0,V-2023.12-SP4,1535,1535,0,588.4,588.4,0.0,890.8416,0.6605,0.0,0.0,1.27,0.03,0.0,0,V-2023.12-SP3,V-2023.12-SP4,0.14579999999999999,0.1992,0.0006161000000000001,0.3456,0.345,0.5175,0.0,0.0,0.0,0.0,0.0,0.0,0.0,0.0,0.14579999999999999,0.1992,0.0006161000000000001,0.3456,0.0,0.0,0.0,0.0,0.0,0.0,0.0,0.0,0.0,0.0,0.0,0.0,0.0,0.0,0.0,0.0,vectored,fixed_route,2,2026-08-03T19:19:20+00:00
crossbar_32_8_4_20nm_TT_0V9_25C_666p667MHz,crossbar,data_width=32;num_inputs=8;num_outputs=4,20nm,TT,0.9,25.0,1.5,666.6666666666666,32,8,4,V-2023.12-SP4,1748,1748,0,634.972797,634.972797,0.0,0.0,0.0,1.28,0.02,0.0,0,V-2023.12-SP4,1535,1535,0,588.4,588.4,0.0,890.8416,0.6605,0.0,0.0,1.27,0.03,0.0,0,V-2023.12-SP3,V-2023.12-SP4,0.1224,0.1563,0.0006355,0.2793,0.2787,0.41805000000000003,0.0,0.0,0.0,0.0,0.0,0.0,0.0,0.0,0.1224,0.1563,0.0006355,0.2793,0.0,0.0,0.0,0.0,0.0,0.0,0.0,0.0,0.0,0.0,0.0,0.0,0.0,0.0,0.0,0.0,vectored,valid25,2,2026-08-03T19:19:29+00:00
crossbar_32_4_8_20nm_TT_0V9_25C_1333p33MHz,crossbar,data_width=32;num_inputs=4;num_outputs=8,20nm,TT,0.9,25.0,0.75,1333.3333333333333,32,4,8,V-2023.12-SP4,1650,1650,0,618.076797,618.076797,0.0,0.0,0.0,0.55,0.0,0.0,0,V-2023.12-SP4,1464,1464,0,582.91,582.91,0.0,879.12,0.6631,0.0,0.0,0.54,0.01,0.0,0,V-2023.12-SP3,V-2023.12-SP4,0.2825,0.4334,0.0006583,0.7166,0.7159,0.536925,0.0,0.0,0.0,0.0,0.0,0.0,0.0,0.0,0.2825,0.4334,0.0006583,0.7166,0.0,0.0,0.0,0.0,0.0,0.0,0.0,0.0,0.0,0.0,0.0,0.0,0.0,0.0,0.0,0.0,unvectored,none,2,2026-08-03T19:23:50+00:00
crossbar_32_4_8_20nm_TT_0V9_25C_1333p33MHz,crossbar,data_width=32;num_inputs=4;num_outputs=8,20nm,TT,0.9,25.0,0.75,1333.3333333333333,32,4,8,V-2023.12-SP4,1650,1650,0,618.076797,618.076797,0.0,0.0,0.0,0.55,0.0,0.0,0,V-2023.12-SP4,1464,1464,0,582.91,582.91,0.0,879.12,0.6631,0.0,0.0,0.54,0.01,0.0,0,V-2023.12-SP3,V-2023.12-SP4,0.44949999999999996,0.6229,0.0006602,1.073,1.0724,0.8043,0.0,0.0,0.0,0.0,0.0,0.0,0.0,0.0,0.44949999999999996,0.6229,0.0006602,1.073,0.0,0.0,0.0,0.0,0.0,0.0,0.0,0.0,0.0,0.0,0.0,0.0,0.0,0.0,0.0,0.0,vectored,random,2,2026-08-03T19:23:57+00:00
crossbar_32_4_8_20nm_TT_0V9_25C_1333p33MHz,crossbar,data_width=32;num_inputs=4;num_outputs=8,20nm,TT,0.9,25.0,0.75,1333.3333333333333,32,4,8,V-2023.12-SP4,1650,1650,0,618.076797,618.076797,0.0,0.0,0.0,0.55,0.0,0.0,0,V-2023.12-SP4,1464,1464,0,582.91,582.91,0.0,879.12,0.6631,0.0,0.0,0.54,0.01,0.0,0,V-2023.12-SP3,V-2023.12-SP4,0.16349999999999998,0.2969,0.0006644,0.46099999999999997,0.4604,0.3453,0.0,0.0,0.0,0.0,0.0,0.0,0.0,0.0,0.16349999999999998,0.2969,0.0006644,0.46099999999999997,0.0,0.0,0.0,0.0,0.0,0.0,0.0,0.0,0.0,0.0,0.0,0.0,0.0,0.0,0.0,0.0,vectored,fixed_route,2,2026-08-03T19:24:05+00:00
crossbar_32_4_8_20nm_TT_0V9_25C_1333p33MHz,crossbar,data_width=32;num_inputs=4;num_outputs=8,20nm,TT,0.9,25.0,0.75,1333.3333333333333,32,4,8,V-2023.12-SP4,1650,1650,0,618.076797,618.076797,0.0,0.0,0.0,0.55,0.0,0.0,0,V-2023.12-SP4,1464,1464,0,582.91,582.91,0.0,879.12,0.6631,0.0,0.0,0.54,0.01,0.0,0,V-2023.12-SP3,V-2023.12-SP4,0.11349999999999999,0.1608,0.0006577,0.275,0.2743,0.205725,0.0,0.0,0.0,0.0,0.0,0.0,0.0,0.0,0.11349999999999999,0.1608,0.0006577,0.275,0.0,0.0,0.0,0.0,0.0,0.0,0.0,0.0,0.0,0.0,0.0,0.0,0.0,0.0,0.0,0.0,vectored,valid25,2,2026-08-03T19:24:13+00:00
crossbar_32_16_8_20nm_TT_0V9_25C_571p429MHz,crossbar,data_width=32;num_inputs=16;num_outputs=8,20nm,TT,0.9,25.0,1.75,571.4285714285714,32,16,8,V-2023.12-SP4,6146,6146,0,2448.863987,2448.863987,0.0,0.0,0.0,1.55,0.0,0.0,0,V-2023.12-SP4,5355,5355,0,2271.24,2271.24,0.0,3453.5424,0.6577,0.0,0.0,1.57,-0.02,-0.03,2,V-2023.12-SP3,V-2023.12-SP4,0.6063000000000001,0.8931,0.002433,1.502,1.4994,2.6239500000000002,0.0,0.0,0.0,0.0,0.0,0.0,0.0,0.0,0.6063000000000001,0.8931,0.002433,1.502,0.0,0.0,0.0,0.0,0.0,0.0,0.0,0.0,0.0,0.0,0.0,0.0,0.0,0.0,0.0,0.0,unvectored,none,2,2026-08-03T19:25:58+00:00
crossbar_32_16_8_20nm_TT_0V9_25C_571p429MHz,crossbar,data_width=32;num_inputs=16;num_outputs=8,20nm,TT,0.9,25.0,1.75,571.4285714285714,32,16,8,V-2023.12-SP4,6146,6146,0,2448.863987,2448.863987,0.0,0.0,0.0,1.55,0.0,0.0,0,V-2023.12-SP4,5355,5355,0,2271.24,2271.24,0.0,3453.5424,0.6577,0.0,0.0,1.57,-0.02,-0.03,2,V-2023.12-SP3,V-2023.12-SP4,0.9319000000000001,1.317,0.002388,2.2520000000000002,2.2489,3.935575,0.0,0.0,0.0,0.0,0.0,0.0,0.0,0.0,0.9319000000000001,1.317,0.002388,2.2520000000000002,0.0,0.0,0.0,0.0,0.0,0.0,0.0,0.0,0.0,0.0,0.0,0.0,0.0,0.0,0.0,0.0,vectored,random,2,2026-08-03T19:26:07+00:00
crossbar_32_16_8_20nm_TT_0V9_25C_571p429MHz,crossbar,data_width=32;num_inputs=16;num_outputs=8,20nm,TT,0.9,25.0,1.75,571.4285714285714,32,16,8,V-2023.12-SP4,6146,6146,0,2448.863987,2448.863987,0.0,0.0,0.0,1.55,0.0,0.0,0,V-2023.12-SP4,5355,5355,0,2271.24,2271.24,0.0,3453.5424,0.6577,0.0,0.0,1.57,-0.02,-0.03,2,V-2023.12-SP3,V-2023.12-SP4,0.3665,0.5412,0.002349,0.9100999999999999,0.9077,1.5884749999999999,0.0,0.0,0.0,0.0,0.0,0.0,0.0,0.0,0.3665,0.5412,0.002349,0.9100999999999999,0.0,0.0,0.0,0.0,0.0,0.0,0.0,0.0,0.0,0.0,0.0,0.0,0.0,0.0,0.0,0.0,vectored,fixed_route,2,2026-08-03T19:26:18+00:00
crossbar_32_16_8_20nm_TT_0V9_25C_571p429MHz,crossbar,data_width=32;num_inputs=16;num_outputs=8,20nm,TT,0.9,25.0,1.75,571.4285714285714,32,16,8,V-2023.12-SP4,6146,6146,0,2448.863987,2448.863987,0.0,0.0,0.0,1.55,0.0,0.0,0,V-2023.12-SP4,5355,5355,0,2271.24,2271.24,0.0,3453.5424,0.6577,0.0,0.0,1.57,-0.02,-0.03,2,V-2023.12-SP3,V-2023.12-SP4,0.31129999999999997,0.4465,0.002476,0.7602000000000001,0.7578,1.3261500000000002,0.0,0.0,0.0,0.0,0.0,0.0,0.0,0.0,0.31129999999999997,0.4465,0.002476,0.7602000000000001,0.0,0.0,0.0,0.0,0.0,0.0,0.0,0.0,0.0,0.0,0.0,0.0,0.0,0.0,0.0,0.0,vectored,valid25,2,2026-08-03T19:26:27+00:00
crossbar_32_4_8_20nm_TT_0V9_25C_800MHz,crossbar,data_width=32;num_inputs=4;num_outputs=8,20nm,TT,0.9,25.0,1.25,800.0,32,4,8,V-2023.12-SP4,909,909,0,405.503998,405.503998,0.0,0.0,0.0,1.03,0.02,0.0,0,V-2023.12-SP4,910,910,0,412.9,412.9,0.0,576.576,0.7161,0.0,0.0,1.01,0.04,0.0,0,V-2023.12-SP3,V-2023.12-SP4,0.12300000000000001,0.121,0.0004312,0.24449999999999997,0.244,0.305,0.0,0.0,0.0,0.0,0.0,0.0,0.0,0.0,0.12300000000000001,0.121,0.0004312,0.24449999999999997,0.0,0.0,0.0,0.0,0.0,0.0,0.0,0.0,0.0,0.0,0.0,0.0,0.0,0.0,0.0,0.0,unvectored,none,2,2026-08-03T19:27:03+00:00
crossbar_32_4_8_20nm_TT_0V9_25C_800MHz,crossbar,data_width=32;num_inputs=4;num_outputs=8,20nm,TT,0.9,25.0,1.25,800.0,32,4,8,V-2023.12-SP4,909,909,0,405.503998,405.503998,0.0,0.0,0.0,1.03,0.02,0.0,0,V-2023.12-SP4,910,910,0,412.9,412.9,0.0,576.576,0.7161,0.0,0.0,1.01,0.04,0.0,0,V-2023.12-SP3,V-2023.12-SP4,0.2162,0.1939,0.0004321,0.4105,0.4101,0.512625,0.0,0.0,0.0,0.0,0.0,0.0,0.0,0.0,0.2162,0.1939,0.0004321,0.4105,0.0,0.0,0.0,0.0,0.0,0.0,0.0,0.0,0.0,0.0,0.0,0.0,0.0,0.0,0.0,0.0,vectored,random,2,2026-08-03T19:27:11+00:00
crossbar_32_4_8_20nm_TT_0V9_25C_800MHz,crossbar,data_width=32;num_inputs=4;num_outputs=8,20nm,TT,0.9,25.0,1.25,800.0,32,4,8,V-2023.12-SP4,909,909,0,405.503998,405.503998,0.0,0.0,0.0,1.03,0.02,0.0,0,V-2023.12-SP4,910,910,0,412.9,412.9,0.0,576.576,0.7161,0.0,0.0,1.01,0.04,0.0,0,V-2023.12-SP3,V-2023.12-SP4,0.068,0.04125,0.0004336,0.10969999999999999,0.10925000000000001,0.13656250000000003,0.0,0.0,0.0,0.0,0.0,0.0,0.0,0.0,0.068,0.04125,0.0004336,0.10969999999999999,0.0,0.0,0.0,0.0,0.0,0.0,0.0,0.0,0.0,0.0,0.0,0.0,0.0,0.0,0.0,0.0,vectored,fixed_route,2,2026-08-03T19:27:18+00:00
crossbar_32_4_8_20nm_TT_0V9_25C_800MHz,crossbar,data_width=32;num_inputs=4;num_outputs=8,20nm,TT,0.9,25.0,1.25,800.0,32,4,8,V-2023.12-SP4,909,909,0,405.503998,405.503998,0.0,0.0,0.0,1.03,0.02,0.0,0,V-2023.12-SP4,910,910,0,412.9,412.9,0.0,576.576,0.7161,0.0,0.0,1.01,0.04,0.0,0,V-2023.12-SP3,V-2023.12-SP4,0.05328,0.05117,0.0004308,0.10490000000000001,0.10445,0.1305625,0.0,0.0,0.0,0.0,0.0,0.0,0.0,0.0,0.05328,0.05117,0.0004308,0.10490000000000001,0.0,0.0,0.0,0.0,0.0,0.0,0.0,0.0,0.0,0.0,0.0,0.0,0.0,0.0,0.0,0.0,vectored,valid25,2,2026-08-03T19:27:26+00:00
crossbar_64_2_2_20nm_TT_0V9_25C_1333p33MHz,crossbar,data_width=64;num_inputs=2;num_outputs=2,20nm,TT,0.9,25.0,0.75,1333.3333333333333,64,2,2,V-2023.12-SP4,277,277,0,103.065599,103.065599,0.0,0.0,0.0,0.54,0.01,0.0,0,V-2023.12-SP4,275,275,0,104.86,104.86,0.0,144.144,0.7275,0.0,0.0,0.44,0.11,0.0,0,V-2023.12-SP3,V-2023.12-SP4,0.1012,0.104,0.00010910000000000001,0.2054,0.2052,0.15389999999999998,0.0,0.0,0.0,0.0,0.0,0.0,0.0,0.0,0.1012,0.104,0.00010910000000000001,0.2054,0.0,0.0,0.0,0.0,0.0,0.0,0.0,0.0,0.0,0.0,0.0,0.0,0.0,0.0,0.0,0.0,unvectored,none,2,2026-08-03T19:28:48+00:00
crossbar_64_2_2_20nm_TT_0V9_25C_1333p33MHz,crossbar,data_width=64;num_inputs=2;num_outputs=2,20nm,TT,0.9,25.0,0.75,1333.3333333333333,64,2,2,V-2023.12-SP4,277,277,0,103.065599,103.065599,0.0,0.0,0.0,0.54,0.01,0.0,0,V-2023.12-SP4,275,275,0,104.86,104.86,0.0,144.144,0.7275,0.0,0.0,0.44,0.11,0.0,0,V-2023.12-SP3,V-2023.12-SP4,0.17880000000000001,0.1591,0.0001126,0.3379,0.3379,0.253425,0.0,0.0,0.0,0.0,0.0,0.0,0.0,0.0,0.17880000000000001,0.1591,0.0001126,0.3379,0.0,0.0,0.0,0.0,0.0,0.0,0.0,0.0,0.0,0.0,0.0,0.0,0.0,0.0,0.0,0.0,vectored,random,2,2026-08-03T19:28:56+00:00
crossbar_64_2_2_20nm_TT_0V9_25C_1333p33MHz,crossbar,data_width=64;num_inputs=2;num_outputs=2,20nm,TT,0.9,25.0,0.75,1333.3333333333333,64,2,2,V-2023.12-SP4,277,277,0,103.065599,103.065599,0.0,0.0,0.0,0.54,0.01,0.0,0,V-2023.12-SP4,275,275,0,104.86,104.86,0.0,144.144,0.7275,0.0,0.0,0.44,0.11,0.0,0,V-2023.12-SP3,V-2023.12-SP4,0.1025,0.05865,0.0001191,0.1613,0.16115,0.12086249999999998,0.0,0.0,0.0,0.0,0.0,0.0,0.0,0.0,0.1025,0.05865,0.0001191,0.1613,0.0,0.0,0.0,0.0,0.0,0.0,0.0,0.0,0.0,0.0,0.0,0.0,0.0,0.0,0.0,0.0,vectored,fixed_route,2,2026-08-03T19:29:03+00:00
crossbar_64_2_2_20nm_TT_0V9_25C_1333p33MHz,crossbar,data_width=64;num_inputs=2;num_outputs=2,20nm,TT,0.9,25.0,0.75,1333.3333333333333,64,2,2,V-2023.12-SP4,277,277,0,103.065599,103.065599,0.0,0.0,0.0,0.54,0.01,0.0,0,V-2023.12-SP4,275,275,0,104.86,104.86,0.0,144.144,0.7275,0.0,0.0,0.44,0.11,0.0,0,V-2023.12-SP3,V-2023.12-SP4,0.05531,0.057800000000000004,0.000106,0.1132,0.11311,0.0848325,0.0,0.0,0.0,0.0,0.0,0.0,0.0,0.0,0.05531,0.057800000000000004,0.000106,0.1132,0.0,0.0,0.0,0.0,0.0,0.0,0.0,0.0,0.0,0.0,0.0,0.0,0.0,0.0,0.0,0.0,vectored,valid25,2,2026-08-03T19:29:10+00:00
crossbar_32_16_8_20nm_TT_0V9_25C_1000MHz,crossbar,data_width=32;num_inputs=16;num_outputs=8,20nm,TT,0.9,25.0,1.0,1000.0,32,16,8,V-2023.12-SP4,6308,6308,0,2513.174386,2513.174386,0.0,0.0,0.0,0.8,0.0,0.0,0,V-2023.12-SP4,6813,6813,0,3035.79,3035.79,0.0,3539.9232,0.8576,0.0,0.0,0.99,-0.19,-27.32,282,V-2023.12-SP3,V-2023.12-SP4,1.269,1.767,0.0039700000000000004,3.04,3.0359999999999996,3.0359999999999996,0.0,0.0,0.0,0.0,0.0,0.0,0.0,0.0,1.269,1.767,0.0039700000000000004,3.04,0.0,0.0,0.0,0.0,0.0,0.0,0.0,0.0,0.0,0.0,0.0,0.0,0.0,0.0,0.0,0.0,unvectored,none,2,2026-08-03T19:29:26+00:00
crossbar_32_16_8_20nm_TT_0V9_25C_1000MHz,crossbar,data_width=32;num_inputs=16;num_outputs=8,20nm,TT,0.9,25.0,1.0,1000.0,32,16,8,V-2023.12-SP4,6308,6308,0,2513.174386,2513.174386,0.0,0.0,0.0,0.8,0.0,0.0,0,V-2023.12-SP4,6813,6813,0,3035.79,3035.79,0.0,3539.9232,0.8576,0.0,0.0,0.99,-0.19,-27.32,282,V-2023.12-SP3,V-2023.12-SP4,1.795,2.4520000000000004,0.003923,4.25,4.247,4.247,0.0,0.0,0.0,0.0,0.0,0.0,0.0,0.0,1.795,2.4520000000000004,0.003923,4.25,0.0,0.0,0.0,0.0,0.0,0.0,0.0,0.0,0.0,0.0,0.0,0.0,0.0,0.0,0.0,0.0,vectored,random,2,2026-08-03T19:29:33+00:00
crossbar_32_16_8_20nm_TT_0V9_25C_1000MHz,crossbar,data_width=32;num_inputs=16;num_outputs=8,20nm,TT,0.9,25.0,1.0,1000.0,32,16,8,V-2023.12-SP4,6308,6308,0,2513.174386,2513.174386,0.0,0.0,0.0,0.8,0.0,0.0,0,V-2023.12-SP4,6813,6813,0,3035.79,3035.79,0.0,3539.9232,0.8576,0.0,0.0,0.99,-0.19,-27.32,282,V-2023.12-SP3,V-2023.12-SP4,0.6554,1.0230000000000001,0.003863,1.682,1.6784000000000001,1.6784000000000001,0.0,0.0,0.0,0.0,0.0,0.0,0.0,0.0,0.6554,1.0230000000000001,0.003863,1.682,0.0,0.0,0.0,0.0,0.0,0.0,0.0,0.0,0.0,0.0,0.0,0.0,0.0,0.0,0.0,0.0,vectored,fixed_route,2,2026-08-03T19:29:41+00:00
crossbar_64_2_2_20nm_TT_0V9_25C_800MHz,crossbar,data_width=64;num_inputs=2;num_outputs=2,20nm,TT,0.9,25.0,1.25,800.0,64,2,2,V-2023.12-SP4,273,273,0,101.164799,101.164799,0.0,0.0,0.0,0.91,0.14,0.0,0,V-2023.12-SP4,277,277,0,103.91,103.91,0.0,144.144,0.7209,0.0,0.0,0.47,0.58,0.0,0,V-2023.12-SP3,V-2023.12-SP4,0.06014,0.06261,0.00010680000000000001,0.12290000000000001,0.12275,0.1534375,0.0,0.0,0.0,0.0,0.0,0.0,0.0,0.0,0.06014,0.06261,0.00010680000000000001,0.12290000000000001,0.0,0.0,0.0,0.0,0.0,0.0,0.0,0.0,0.0,0.0,0.0,0.0,0.0,0.0,0.0,0.0,unvectored,none,2,2026-08-03T19:29:42+00:00
crossbar_32_16_8_20nm_TT_0V9_25C_1000MHz,crossbar,data_width=32;num_inputs=16;num_outputs=8,20nm,TT,0.9,25.0,1.0,1000.0,32,16,8,V-2023.12-SP4,6308,6308,0,2513.174386,2513.174386,0.0,0.0,0.0,0.8,0.0,0.0,0,V-2023.12-SP4,6813,6813,0,3035.79,3035.79,0.0,3539.9232,0.8576,0.0,0.0,0.99,-0.19,-27.32,282,V-2023.12-SP3,V-2023.12-SP4,0.6426999999999999,0.8669,0.0040219999999999995,1.514,1.5095999999999998,1.5095999999999998,0.0,0.0,0.0,0.0,0.0,0.0,0.0,0.0,0.6426999999999999,0.8669,0.0040219999999999995,1.514,0.0,0.0,0.0,0.0,0.0,0.0,0.0,0.0,0.0,0.0,0.0,0.0,0.0,0.0,0.0,0.0,vectored,valid25,2,2026-08-03T19:29:50+00:00
crossbar_64_2_2_20nm_TT_0V9_25C_800MHz,crossbar,data_width=64;num_inputs=2;num_outputs=2,20nm,TT,0.9,25.0,1.25,800.0,64,2,2,V-2023.12-SP4,273,273,0,101.164799,101.164799,0.0,0.0,0.0,0.91,0.14,0.0,0,V-2023.12-SP4,277,277,0,103.91,103.91,0.0,144.144,0.7209,0.0,0.0,0.47,0.58,0.0,0,V-2023.12-SP3,V-2023.12-SP4,0.107,0.09663000000000001,0.0001104,0.20379999999999998,0.20363,0.2545375,0.0,0.0,0.0,0.0,0.0,0.0,0.0,0.0,0.107,0.09663000000000001,0.0001104,0.20379999999999998,0.0,0.0,0.0,0.0,0.0,0.0,0.0,0.0,0.0,0.0,0.0,0.0,0.0,0.0,0.0,0.0,vectored,random,2,2026-08-03T19:29:50+00:00
crossbar_64_2_2_20nm_TT_0V9_25C_800MHz,crossbar,data_width=64;num_inputs=2;num_outputs=2,20nm,TT,0.9,25.0,1.25,800.0,64,2,2,V-2023.12-SP4,273,273,0,101.164799,101.164799,0.0,0.0,0.0,0.91,0.14,0.0,0,V-2023.12-SP4,277,277,0,103.91,103.91,0.0,144.144,0.7209,0.0,0.0,0.47,0.58,0.0,0,V-2023.12-SP3,V-2023.12-SP4,0.06166,0.03483,0.0001167,0.0966,0.09648999999999999,0.12061249999999998,0.0,0.0,0.0,0.0,0.0,0.0,0.0,0.0,0.06166,0.03483,0.0001167,0.0966,0.0,0.0,0.0,0.0,0.0,0.0,0.0,0.0,0.0,0.0,0.0,0.0,0.0,0.0,0.0,0.0,vectored,fixed_route,2,2026-08-03T19:29:57+00:00
crossbar_64_2_2_20nm_TT_0V9_25C_800MHz,crossbar,data_width=64;num_inputs=2;num_outputs=2,20nm,TT,0.9,25.0,1.25,800.0,64,2,2,V-2023.12-SP4,273,273,0,101.164799,101.164799,0.0,0.0,0.0,0.91,0.14,0.0,0,V-2023.12-SP4,277,277,0,103.91,103.91,0.0,144.144,0.7209,0.0,0.0,0.47,0.58,0.0,0,V-2023.12-SP3,V-2023.12-SP4,0.03287,0.03477,0.0001036,0.06774,0.06764,0.08455000000000001,0.0,0.0,0.0,0.0,0.0,0.0,0.0,0.0,0.03287,0.03477,0.0001036,0.06774,0.0,0.0,0.0,0.0,0.0,0.0,0.0,0.0,0.0,0.0,0.0,0.0,0.0,0.0,0.0,0.0,vectored,valid25,2,2026-08-03T19:30:04+00:00
crossbar_64_4_4_20nm_TT_0V9_25C_1333p33MHz,crossbar,data_width=64;num_inputs=4;num_outputs=4,20nm,TT,0.9,25.0,0.75,1333.3333333333333,64,4,4,V-2023.12-SP4,1460,1460,0,566.015997,566.015997,0.0,0.0,0.0,0.55,0.0,0.0,0,V-2023.12-SP4,1505,1505,0,578.16,578.16,0.0,794.64,0.7276,0.0,0.0,0.61,-0.06,-0.19,18,V-2023.12-SP3,V-2023.12-SP4,0.4125,0.6164000000000001,0.0006703999999999999,1.03,1.0289000000000001,0.7716750000000001,0.0,0.0,0.0,0.0,0.0,0.0,0.0,0.0,0.4125,0.6164000000000001,0.0006703999999999999,1.03,0.0,0.0,0.0,0.0,0.0,0.0,0.0,0.0,0.0,0.0,0.0,0.0,0.0,0.0,0.0,0.0,unvectored,none,2,2026-08-03T19:33:06+00:00
crossbar_64_4_4_20nm_TT_0V9_25C_1333p33MHz,crossbar,data_width=64;num_inputs=4;num_outputs=4,20nm,TT,0.9,25.0,0.75,1333.3333333333333,64,4,4,V-2023.12-SP4,1460,1460,0,566.015997,566.015997,0.0,0.0,0.0,0.55,0.0,0.0,0,V-2023.12-SP4,1505,1505,0,578.16,578.16,0.0,794.64,0.7276,0.0,0.0,0.61,-0.06,-0.19,18,V-2023.12-SP3,V-2023.12-SP4,0.6517,0.9245,0.0006687,1.577,1.5762,1.18215,0.0,0.0,0.0,0.0,0.0,0.0,0.0,0.0,0.6517,0.9245,0.0006687,1.577,0.0,0.0,0.0,0.0,0.0,0.0,0.0,0.0,0.0,0.0,0.0,0.0,0.0,0.0,0.0,0.0,vectored,random,2,2026-08-03T19:33:14+00:00
crossbar_64_4_4_20nm_TT_0V9_25C_800MHz,crossbar,data_width=64;num_inputs=4;num_outputs=4,20nm,TT,0.9,25.0,1.25,800.0,64,4,4,V-2023.12-SP4,858,858,0,389.769598,389.769598,0.0,0.0,0.0,1.05,0.0,0.0,0,V-2023.12-SP4,894,894,0,416.59,416.59,0.0,545.1072,0.7642,0.0,0.0,1.04,0.01,0.0,0,V-2023.12-SP3,V-2023.12-SP4,0.16110000000000002,0.2068,0.00045159999999999997,0.3683,0.3679,0.45987500000000003,0.0,0.0,0.0,0.0,0.0,0.0,0.0,0.0,0.16110000000000002,0.2068,0.00045159999999999997,0.3683,0.0,0.0,0.0,0.0,0.0,0.0,0.0,0.0,0.0,0.0,0.0,0.0,0.0,0.0,0.0,0.0,unvectored,none,2,2026-08-03T19:33:23+00:00
crossbar_64_4_4_20nm_TT_0V9_25C_1333p33MHz,crossbar,data_width=64;num_inputs=4;num_outputs=4,20nm,TT,0.9,25.0,0.75,1333.3333333333333,64,4,4,V-2023.12-SP4,1460,1460,0,566.015997,566.015997,0.0,0.0,0.0,0.55,0.0,0.0,0,V-2023.12-SP4,1505,1505,0,578.16,578.16,0.0,794.64,0.7276,0.0,0.0,0.61,-0.06,-0.19,18,V-2023.12-SP3,V-2023.12-SP4,0.3306,0.5008,0.0006737,0.8321,0.8314,0.62355,0.0,0.0,0.0,0.0,0.0,0.0,0.0,0.0,0.3306,0.5008,0.0006737,0.8321,0.0,0.0,0.0,0.0,0.0,0.0,0.0,0.0,0.0,0.0,0.0,0.0,0.0,0.0,0.0,0.0,vectored,fixed_route,2,2026-08-03T19:33:23+00:00
crossbar_64_4_4_20nm_TT_0V9_25C_1333p33MHz,crossbar,data_width=64;num_inputs=4;num_outputs=4,20nm,TT,0.9,25.0,0.75,1333.3333333333333,64,4,4,V-2023.12-SP4,1460,1460,0,566.015997,566.015997,0.0,0.0,0.0,0.55,0.0,0.0,0,V-2023.12-SP4,1505,1505,0,578.16,578.16,0.0,794.64,0.7276,0.0,0.0,0.61,-0.06,-0.19,18,V-2023.12-SP3,V-2023.12-SP4,0.188,0.26449999999999996,0.0006711,0.4531,0.45249999999999996,0.339375,0.0,0.0,0.0,0.0,0.0,0.0,0.0,0.0,0.188,0.26449999999999996,0.0006711,0.4531,0.0,0.0,0.0,0.0,0.0,0.0,0.0,0.0,0.0,0.0,0.0,0.0,0.0,0.0,0.0,0.0,vectored,valid25,2,2026-08-03T19:33:32+00:00
crossbar_64_4_4_20nm_TT_0V9_25C_800MHz,crossbar,data_width=64;num_inputs=4;num_outputs=4,20nm,TT,0.9,25.0,1.25,800.0,64,4,4,V-2023.12-SP4,858,858,0,389.769598,389.769598,0.0,0.0,0.0,1.05,0.0,0.0,0,V-2023.12-SP4,894,894,0,416.59,416.59,0.0,545.1072,0.7642,0.0,0.0,1.04,0.01,0.0,0,V-2023.12-SP3,V-2023.12-SP4,0.2965,0.3615,0.000451,0.6585,0.6579999999999999,0.8224999999999999,0.0,0.0,0.0,0.0,0.0,0.0,0.0,0.0,0.2965,0.3615,0.000451,0.6585,0.0,0.0,0.0,0.0,0.0,0.0,0.0,0.0,0.0,0.0,0.0,0.0,0.0,0.0,0.0,0.0,vectored,random,2,2026-08-03T19:33:33+00:00
crossbar_64_4_4_20nm_TT_0V9_25C_800MHz,crossbar,data_width=64;num_inputs=4;num_outputs=4,20nm,TT,0.9,25.0,1.25,800.0,64,4,4,V-2023.12-SP4,858,858,0,389.769598,389.769598,0.0,0.0,0.0,1.05,0.0,0.0,0,V-2023.12-SP4,894,894,0,416.59,416.59,0.0,545.1072,0.7642,0.0,0.0,1.04,0.01,0.0,0,V-2023.12-SP3,V-2023.12-SP4,0.12940000000000002,0.10959999999999999,0.00045139999999999997,0.2395,0.239,0.29874999999999996,0.0,0.0,0.0,0.0,0.0,0.0,0.0,0.0,0.12940000000000002,0.10959999999999999,0.00045139999999999997,0.2395,0.0,0.0,0.0,0.0,0.0,0.0,0.0,0.0,0.0,0.0,0.0,0.0,0.0,0.0,0.0,0.0,vectored,fixed_route,2,2026-08-03T19:33:45+00:00
crossbar_64_4_4_20nm_TT_0V9_25C_800MHz,crossbar,data_width=64;num_inputs=4;num_outputs=4,20nm,TT,0.9,25.0,1.25,800.0,64,4,4,V-2023.12-SP4,858,858,0,389.769598,389.769598,0.0,0.0,0.0,1.05,0.0,0.0,0,V-2023.12-SP4,894,894,0,416.59,416.59,0.0,545.1072,0.7642,0.0,0.0,1.04,0.01,0.0,0,V-2023.12-SP3,V-2023.12-SP4,0.08249000000000001,0.10679999999999999,0.00045180000000000003,0.1897,0.18929,0.2366125,0.0,0.0,0.0,0.0,0.0,0.0,0.0,0.0,0.08249000000000001,0.10679999999999999,0.00045180000000000003,0.1897,0.0,0.0,0.0,0.0,0.0,0.0,0.0,0.0,0.0,0.0,0.0,0.0,0.0,0.0,0.0,0.0,vectored,valid25,2,2026-08-03T19:33:54+00:00
crossbar_64_8_8_20nm_TT_0V9_25C_1000MHz,crossbar,data_width=64;num_inputs=8;num_outputs=8,20nm,TT,0.9,25.0,1.0,1000.0,64,8,8,V-2023.12-SP4,5915,5915,0,2293.315188,2293.315188,0.0,0.0,0.0,0.8,0.0,0.0,0,V-2023.12-SP4,5793,5793,0,2461.64,2461.64,0.0,3246.4608,0.7583,0.0,0.0,1.04,-0.24,-1.15,81,V-2023.12-SP3,V-2023.12-SP4,0.9285,1.502,0.002946,2.433,2.4305,2.4305,0.0,0.0,0.0,0.0,0.0,0.0,0.0,0.0,0.9285,1.502,0.002946,2.433,0.0,0.0,0.0,0.0,0.0,0.0,0.0,0.0,0.0,0.0,0.0,0.0,0.0,0.0,0.0,0.0,unvectored,none,2,2026-08-03T19:47:44+00:00
crossbar_64_8_8_20nm_TT_0V9_25C_1000MHz,crossbar,data_width=64;num_inputs=8;num_outputs=8,20nm,TT,0.9,25.0,1.0,1000.0,64,8,8,V-2023.12-SP4,5915,5915,0,2293.315188,2293.315188,0.0,0.0,0.0,0.8,0.0,0.0,0,V-2023.12-SP4,5793,5793,0,2461.64,2461.64,0.0,3246.4608,0.7583,0.0,0.0,1.04,-0.24,-1.15,81,V-2023.12-SP3,V-2023.12-SP4,1.4809999999999999,2.287,0.002915,3.771,3.768,3.768,0.0,0.0,0.0,0.0,0.0,0.0,0.0,0.0,1.4809999999999999,2.287,0.002915,3.771,0.0,0.0,0.0,0.0,0.0,0.0,0.0,0.0,0.0,0.0,0.0,0.0,0.0,0.0,0.0,0.0,vectored,random,2,2026-08-03T19:47:51+00:00
crossbar_64_8_8_20nm_TT_0V9_25C_1000MHz,crossbar,data_width=64;num_inputs=8;num_outputs=8,20nm,TT,0.9,25.0,1.0,1000.0,64,8,8,V-2023.12-SP4,5915,5915,0,2293.315188,2293.315188,0.0,0.0,0.0,0.8,0.0,0.0,0,V-2023.12-SP4,5793,5793,0,2461.64,2461.64,0.0,3246.4608,0.7583,0.0,0.0,1.04,-0.24,-1.15,81,V-2023.12-SP3,V-2023.12-SP4,0.7234999999999999,1.1620000000000001,0.002905,1.888,1.8855,1.8855,0.0,0.0,0.0,0.0,0.0,0.0,0.0,0.0,0.7234999999999999,1.1620000000000001,0.002905,1.888,0.0,0.0,0.0,0.0,0.0,0.0,0.0,0.0,0.0,0.0,0.0,0.0,0.0,0.0,0.0,0.0,vectored,fixed_route,2,2026-08-03T19:47:59+00:00
crossbar_64_8_8_20nm_TT_0V9_25C_666p667MHz,crossbar,data_width=64;num_inputs=8;num_outputs=8,20nm,TT,0.9,25.0,1.5,666.6666666666666,64,8,8,V-2023.12-SP4,4057,4057,0,1758.23999,1758.23999,0.0,0.0,0.0,1.3,0.0,0.0,0,V-2023.12-SP4,3921,3921,0,1824.56,1824.56,0.0,2481.3888,0.7353,0.0,0.0,1.36,-0.06,-0.15,9,V-2023.12-SP3,V-2023.12-SP4,0.486,0.8976000000000001,0.0020109999999999998,1.3860000000000001,1.3836,2.0754,0.0,0.0,0.0,0.0,0.0,0.0,0.0,0.0,0.486,0.8976000000000001,0.0020109999999999998,1.3860000000000001,0.0,0.0,0.0,0.0,0.0,0.0,0.0,0.0,0.0,0.0,0.0,0.0,0.0,0.0,0.0,0.0,unvectored,none,2,2026-08-03T19:48:02+00:00
crossbar_64_8_8_20nm_TT_0V9_25C_1000MHz,crossbar,data_width=64;num_inputs=8;num_outputs=8,20nm,TT,0.9,25.0,1.0,1000.0,64,8,8,V-2023.12-SP4,5915,5915,0,2293.315188,2293.315188,0.0,0.0,0.0,0.8,0.0,0.0,0,V-2023.12-SP4,5793,5793,0,2461.64,2461.64,0.0,3246.4608,0.7583,0.0,0.0,1.04,-0.24,-1.15,81,V-2023.12-SP3,V-2023.12-SP4,0.40900000000000003,0.6352000000000001,0.0029720000000000002,1.047,1.0442,1.0442,0.0,0.0,0.0,0.0,0.0,0.0,0.0,0.0,0.40900000000000003,0.6352000000000001,0.0029720000000000002,1.047,0.0,0.0,0.0,0.0,0.0,0.0,0.0,0.0,0.0,0.0,0.0,0.0,0.0,0.0,0.0,0.0,vectored,valid25,2,2026-08-03T19:48:07+00:00
crossbar_64_8_8_20nm_TT_0V9_25C_666p667MHz,crossbar,data_width=64;num_inputs=8;num_outputs=8,20nm,TT,0.9,25.0,1.5,666.6666666666666,64,8,8,V-2023.12-SP4,4057,4057,0,1758.23999,1758.23999,0.0,0.0,0.0,1.3,0.0,0.0,0,V-2023.12-SP4,3921,3921,0,1824.56,1824.56,0.0,2481.3888,0.7353,0.0,0.0,1.36,-0.06,-0.15,9,V-2023.12-SP3,V-2023.12-SP4,0.7755000000000001,1.33,0.001999,2.1069999999999998,2.1055,3.1582500000000002,0.0,0.0,0.0,0.0,0.0,0.0,0.0,0.0,0.7755000000000001,1.33,0.001999,2.1069999999999998,0.0,0.0,0.0,0.0,0.0,0.0,0.0,0.0,0.0,0.0,0.0,0.0,0.0,0.0,0.0,0.0,vectored,random,2,2026-08-03T19:48:10+00:00
crossbar_64_8_8_20nm_TT_0V9_25C_666p667MHz,crossbar,data_width=64;num_inputs=8;num_outputs=8,20nm,TT,0.9,25.0,1.5,666.6666666666666,64,8,8,V-2023.12-SP4,4057,4057,0,1758.23999,1758.23999,0.0,0.0,0.0,1.3,0.0,0.0,0,V-2023.12-SP4,3921,3921,0,1824.56,1824.56,0.0,2481.3888,0.7353,0.0,0.0,1.36,-0.06,-0.15,9,V-2023.12-SP3,V-2023.12-SP4,0.3807,0.6671,0.00196,1.05,1.0478,1.5717,0.0,0.0,0.0,0.0,0.0,0.0,0.0,0.0,0.3807,0.6671,0.00196,1.05,0.0,0.0,0.0,0.0,0.0,0.0,0.0,0.0,0.0,0.0,0.0,0.0,0.0,0.0,0.0,0.0,vectored,fixed_route,2,2026-08-03T19:48:18+00:00
crossbar_64_8_8_20nm_TT_0V9_25C_666p667MHz,crossbar,data_width=64;num_inputs=8;num_outputs=8,20nm,TT,0.9,25.0,1.5,666.6666666666666,64,8,8,V-2023.12-SP4,4057,4057,0,1758.23999,1758.23999,0.0,0.0,0.0,1.3,0.0,0.0,0,V-2023.12-SP4,3921,3921,0,1824.56,1824.56,0.0,2481.3888,0.7353,0.0,0.0,1.36,-0.06,-0.15,9,V-2023.12-SP3,V-2023.12-SP4,0.2144,0.3771,0.002024,0.5934999999999999,0.5915,0.8872500000000001,0.0,0.0,0.0,0.0,0.0,0.0,0.0,0.0,0.2144,0.3771,0.002024,0.5934999999999999,0.0,0.0,0.0,0.0,0.0,0.0,0.0,0.0,0.0,0.0,0.0,0.0,0.0,0.0,0.0,0.0,vectored,valid25,2,2026-08-03T19:48:24+00:00
crossbar_64_8_4_20nm_TT_0V9_25C_1000MHz,crossbar,data_width=64;num_inputs=8;num_outputs=4,20nm,TT,0.9,25.0,1.0,1000.0,64,8,4,V-2023.12-SP4,3066,3066,0,1153.679994,1153.679994,0.0,0.0,0.0,0.8,0.0,0.0,0,V-2023.12-SP4,2887,2887,0,1142.7,1142.7,0.0,1620.96,0.705,0.0,0.0,0.83,-0.03,-0.04,3,V-2023.12-SP3,V-2023.12-SP4,0.5995,0.9092,0.001312,1.51,1.5087000000000002,1.5087000000000002,0.0,0.0,0.0,0.0,0.0,0.0,0.0,0.0,0.5995,0.9092,0.001312,1.51,0.0,0.0,0.0,0.0,0.0,0.0,0.0,0.0,0.0,0.0,0.0,0.0,0.0,0.0,0.0,0.0,unvectored,none,2,2026-08-03T19:52:24+00:00
crossbar_64_8_4_20nm_TT_0V9_25C_1000MHz,crossbar,data_width=64;num_inputs=8;num_outputs=4,20nm,TT,0.9,25.0,1.0,1000.0,64,8,4,V-2023.12-SP4,3066,3066,0,1153.679994,1153.679994,0.0,0.0,0.0,0.8,0.0,0.0,0,V-2023.12-SP4,2887,2887,0,1142.7,1142.7,0.0,1620.96,0.705,0.0,0.0,0.83,-0.03,-0.04,3,V-2023.12-SP3,V-2023.12-SP4,0.8897,1.278,0.001298,2.169,2.1677,2.1677,0.0,0.0,0.0,0.0,0.0,0.0,0.0,0.0,0.8897,1.278,0.001298,2.169,0.0,0.0,0.0,0.0,0.0,0.0,0.0,0.0,0.0,0.0,0.0,0.0,0.0,0.0,0.0,0.0,vectored,random,2,2026-08-03T19:52:31+00:00
crossbar_64_8_4_20nm_TT_0V9_25C_1000MHz,crossbar,data_width=64;num_inputs=8;num_outputs=4,20nm,TT,0.9,25.0,1.0,1000.0,64,8,4,V-2023.12-SP4,3066,3066,0,1153.679994,1153.679994,0.0,0.0,0.0,0.8,0.0,0.0,0,V-2023.12-SP4,2887,2887,0,1142.7,1142.7,0.0,1620.96,0.705,0.0,0.0,0.83,-0.03,-0.04,3,V-2023.12-SP3,V-2023.12-SP4,0.4094,0.5839000000000001,0.001281,0.9944999999999999,0.9933000000000001,0.9933000000000001,0.0,0.0,0.0,0.0,0.0,0.0,0.0,0.0,0.4094,0.5839000000000001,0.001281,0.9944999999999999,0.0,0.0,0.0,0.0,0.0,0.0,0.0,0.0,0.0,0.0,0.0,0.0,0.0,0.0,0.0,0.0,vectored,fixed_route,2,2026-08-03T19:52:39+00:00
crossbar_64_8_4_20nm_TT_0V9_25C_1000MHz,crossbar,data_width=64;num_inputs=8;num_outputs=4,20nm,TT,0.9,25.0,1.0,1000.0,64,8,4,V-2023.12-SP4,3066,3066,0,1153.679994,1153.679994,0.0,0.0,0.0,0.8,0.0,0.0,0,V-2023.12-SP4,2887,2887,0,1142.7,1142.7,0.0,1620.96,0.705,0.0,0.0,0.83,-0.03,-0.04,3,V-2023.12-SP3,V-2023.12-SP4,0.3119,0.46749999999999997,0.001327,0.7807,0.7794,0.7794,0.0,0.0,0.0,0.0,0.0,0.0,0.0,0.0,0.3119,0.46749999999999997,0.001327,0.7807,0.0,0.0,0.0,0.0,0.0,0.0,0.0,0.0,0.0,0.0,0.0,0.0,0.0,0.0,0.0,0.0,vectored,valid25,2,2026-08-03T19:52:46+00:00
crossbar_64_8_4_20nm_TT_0V9_25C_666p667MHz,crossbar,data_width=64;num_inputs=8;num_outputs=4,20nm,TT,0.9,25.0,1.5,666.6666666666666,64,8,4,V-2023.12-SP4,3051,3051,0,1169.519994,1169.519994,0.0,0.0,0.0,1.3,0.0,0.0,0,V-2023.12-SP4,2798,2798,0,1134.99,1134.99,0.0,1664.1504,0.682,0.0,0.0,1.36,-0.06,-0.12,5,V-2023.12-SP3,V-2023.12-SP4,0.46059999999999995,0.6785,0.001278,1.14,1.1391,1.70865,0.0,0.0,0.0,0.0,0.0,0.0,0.0,0.0,0.46059999999999995,0.6785,0.001278,1.14,0.0,0.0,0.0,0.0,0.0,0.0,0.0,0.0,0.0,0.0,0.0,0.0,0.0,0.0,0.0,0.0,unvectored,none,2,2026-08-03T19:56:38+00:00
crossbar_64_8_4_20nm_TT_0V9_25C_666p667MHz,crossbar,data_width=64;num_inputs=8;num_outputs=4,20nm,TT,0.9,25.0,1.5,666.6666666666666,64,8,4,V-2023.12-SP4,3051,3051,0,1169.519994,1169.519994,0.0,0.0,0.0,1.3,0.0,0.0,0,V-2023.12-SP4,2798,2798,0,1134.99,1134.99,0.0,1664.1504,0.682,0.0,0.0,1.36,-0.06,-0.12,5,V-2023.12-SP3,V-2023.12-SP4,0.7628999999999999,1.059,0.001259,1.824,1.8218999999999999,2.73285,0.0,0.0,0.0,0.0,0.0,0.0,0.0,0.0,0.7628999999999999,1.059,0.001259,1.824,0.0,0.0,0.0,0.0,0.0,0.0,0.0,0.0,0.0,0.0,0.0,0.0,0.0,0.0,0.0,0.0,vectored,random,2,2026-08-03T19:56:45+00:00
crossbar_64_8_4_20nm_TT_0V9_25C_666p667MHz,crossbar,data_width=64;num_inputs=8;num_outputs=4,20nm,TT,0.9,25.0,1.5,666.6666666666666,64,8,4,V-2023.12-SP4,3051,3051,0,1169.519994,1169.519994,0.0,0.0,0.0,1.3,0.0,0.0,0,V-2023.12-SP4,2798,2798,0,1134.99,1134.99,0.0,1664.1504,0.682,0.0,0.0,1.36,-0.06,-0.12,5,V-2023.12-SP3,V-2023.12-SP4,0.3247,0.49379999999999996,0.001253,0.8198,0.8185,1.22775,0.0,0.0,0.0,0.0,0.0,0.0,0.0,0.0,0.3247,0.49379999999999996,0.001253,0.8198,0.0,0.0,0.0,0.0,0.0,0.0,0.0,0.0,0.0,0.0,0.0,0.0,0.0,0.0,0.0,0.0,vectored,fixed_route,2,2026-08-03T19:56:53+00:00
crossbar_64_8_4_20nm_TT_0V9_25C_666p667MHz,crossbar,data_width=64;num_inputs=8;num_outputs=4,20nm,TT,0.9,25.0,1.5,666.6666666666666,64,8,4,V-2023.12-SP4,3051,3051,0,1169.519994,1169.519994,0.0,0.0,0.0,1.3,0.0,0.0,0,V-2023.12-SP4,2798,2798,0,1134.99,1134.99,0.0,1664.1504,0.682,0.0,0.0,1.36,-0.06,-0.12,5,V-2023.12-SP3,V-2023.12-SP4,0.2532,0.35340000000000005,0.001296,0.6079,0.6066,0.9099,0.0,0.0,0.0,0.0,0.0,0.0,0.0,0.0,0.2532,0.35340000000000005,0.001296,0.6079,0.0,0.0,0.0,0.0,0.0,0.0,0.0,0.0,0.0,0.0,0.0,0.0,0.0,0.0,0.0,0.0,vectored,valid25,2,2026-08-03T19:57:00+00:00
crossbar_64_16_8_20nm_TT_0V9_25C_1000MHz,crossbar,data_width=64;num_inputs=16;num_outputs=8,20nm,TT,0.9,25.0,1.0,1000.0,64,16,8,V-2023.12-SP4,11969,11969,0,4828.771176,4828.771176,0.0,0.0,0.0,0.8,0.0,0.0,0,V-2023.12-SP4,12893,12893,0,5882.76,5882.76,0.0,6841.5072,0.8599,0.0,0.0,1.05,-0.25,-86.28,560,V-2023.12-SP3,V-2023.12-SP4,2.468,3.552,0.007875,6.0280000000000005,6.02,6.02,0.0,0.0,0.0,0.0,0.0,0.0,0.0,0.0,2.468,3.552,0.007875,6.0280000000000005,0.0,0.0,0.0,0.0,0.0,0.0,0.0,0.0,0.0,0.0,0.0,0.0,0.0,0.0,0.0,0.0,unvectored,none,2,2026-08-03T20:28:45+00:00
crossbar_64_16_8_20nm_TT_0V9_25C_1000MHz,crossbar,data_width=64;num_inputs=16;num_outputs=8,20nm,TT,0.9,25.0,1.0,1000.0,64,16,8,V-2023.12-SP4,11969,11969,0,4828.771176,4828.771176,0.0,0.0,0.0,0.8,0.0,0.0,0,V-2023.12-SP4,12893,12893,0,5882.76,5882.76,0.0,6841.5072,0.8599,0.0,0.0,1.05,-0.25,-86.28,560,V-2023.12-SP3,V-2023.12-SP4,3.612,5.091,0.00777,8.711,8.703,8.703,0.0,0.0,0.0,0.0,0.0,0.0,0.0,0.0,3.612,5.091,0.00777,8.711,0.0,0.0,0.0,0.0,0.0,0.0,0.0,0.0,0.0,0.0,0.0,0.0,0.0,0.0,0.0,0.0,vectored,random,2,2026-08-03T20:28:54+00:00
crossbar_64_16_8_20nm_TT_0V9_25C_1000MHz,crossbar,data_width=64;num_inputs=16;num_outputs=8,20nm,TT,0.9,25.0,1.0,1000.0,64,16,8,V-2023.12-SP4,11969,11969,0,4828.771176,4828.771176,0.0,0.0,0.0,0.8,0.0,0.0,0,V-2023.12-SP4,12893,12893,0,5882.76,5882.76,0.0,6841.5072,0.8599,0.0,0.0,1.05,-0.25,-86.28,560,V-2023.12-SP3,V-2023.12-SP4,1.3639999999999999,2.109,0.00772,3.4810000000000003,3.473,3.473,0.0,0.0,0.0,0.0,0.0,0.0,0.0,0.0,1.3639999999999999,2.109,0.00772,3.4810000000000003,0.0,0.0,0.0,0.0,0.0,0.0,0.0,0.0,0.0,0.0,0.0,0.0,0.0,0.0,0.0,0.0,vectored,fixed_route,2,2026-08-03T20:29:02+00:00
crossbar_64_16_8_20nm_TT_0V9_25C_1000MHz,crossbar,data_width=64;num_inputs=16;num_outputs=8,20nm,TT,0.9,25.0,1.0,1000.0,64,16,8,V-2023.12-SP4,11969,11969,0,4828.771176,4828.771176,0.0,0.0,0.0,0.8,0.0,0.0,0,V-2023.12-SP4,12893,12893,0,5882.76,5882.76,0.0,6841.5072,0.8599,0.0,0.0,1.05,-0.25,-86.28,560,V-2023.12-SP3,V-2023.12-SP4,1.2570000000000001,1.778,0.007984,3.044,3.035,3.035,0.0,0.0,0.0,0.0,0.0,0.0,0.0,0.0,1.2570000000000001,1.778,0.007984,3.044,0.0,0.0,0.0,0.0,0.0,0.0,0.0,0.0,0.0,0.0,0.0,0.0,0.0,0.0,0.0,0.0,vectored,valid25,2,2026-08-03T20:29:11+00:00
crossbar_64_16_16_20nm_TT_0V9_25C_500MHz,crossbar,data_width=64;num_inputs=16;num_outputs=16,20nm,TT,0.9,25.0,2.0,500.0,64,16,16,V-2023.12-SP4,19780,19780,0,8196.671956,8196.671956,0.0,0.0,0.0,1.8,0.0,0.0,0,V-2023.12-SP4,19423,19423,0,8608.09,8608.09,0.0,11675.664,0.7373,0.0,0.0,1.93,-0.13,-1.91,93,V-2023.12-SP3,V-2023.12-SP4,1.435,2.675,0.0099,4.119000000000001,4.109999999999999,8.219999999999999,0.0,0.0,0.0,0.0,0.0,0.0,0.0,0.0,1.435,2.675,0.0099,4.119000000000001,0.0,0.0,0.0,0.0,0.0,0.0,0.0,0.0,0.0,0.0,0.0,0.0,0.0,0.0,0.0,0.0,unvectored,none,2,2026-08-03T20:37:38+00:00
crossbar_64_16_16_20nm_TT_0V9_25C_500MHz,crossbar,data_width=64;num_inputs=16;num_outputs=16,20nm,TT,0.9,25.0,2.0,500.0,64,16,16,V-2023.12-SP4,19780,19780,0,8196.671956,8196.671956,0.0,0.0,0.0,1.8,0.0,0.0,0,V-2023.12-SP4,19423,19423,0,8608.09,8608.09,0.0,11675.664,0.7373,0.0,0.0,1.93,-0.13,-1.91,93,V-2023.12-SP3,V-2023.12-SP4,2.379,4.202,0.009762000000000002,6.590999999999999,6.5809999999999995,13.161999999999999,0.0,0.0,0.0,0.0,0.0,0.0,0.0,0.0,2.379,4.202,0.009762000000000002,6.590999999999999,0.0,0.0,0.0,0.0,0.0,0.0,0.0,0.0,0.0,0.0,0.0,0.0,0.0,0.0,0.0,0.0,vectored,random,2,2026-08-03T20:37:47+00:00
crossbar_64_16_16_20nm_TT_0V9_25C_500MHz,crossbar,data_width=64;num_inputs=16;num_outputs=16,20nm,TT,0.9,25.0,2.0,500.0,64,16,16,V-2023.12-SP4,19780,19780,0,8196.671956,8196.671956,0.0,0.0,0.0,1.8,0.0,0.0,0,V-2023.12-SP4,19423,19423,0,8608.09,8608.09,0.0,11675.664,0.7373,0.0,0.0,1.93,-0.13,-1.91,93,V-2023.12-SP3,V-2023.12-SP4,1.2229999999999999,2.276,0.009538999999999999,3.509,3.4989999999999997,6.997999999999999,0.0,0.0,0.0,0.0,0.0,0.0,0.0,0.0,1.2229999999999999,2.276,0.009538999999999999,3.509,0.0,0.0,0.0,0.0,0.0,0.0,0.0,0.0,0.0,0.0,0.0,0.0,0.0,0.0,0.0,0.0,vectored,fixed_route,2,2026-08-03T20:37:56+00:00
crossbar_64_16_16_20nm_TT_0V9_25C_500MHz,crossbar,data_width=64;num_inputs=16;num_outputs=16,20nm,TT,0.9,25.0,2.0,500.0,64,16,16,V-2023.12-SP4,19780,19780,0,8196.671956,8196.671956,0.0,0.0,0.0,1.8,0.0,0.0,0,V-2023.12-SP4,19423,19423,0,8608.09,8608.09,0.0,11675.664,0.7373,0.0,0.0,1.93,-0.13,-1.91,93,V-2023.12-SP3,V-2023.12-SP4,0.6162,1.1,0.01,1.7260000000000002,1.7162000000000002,3.4324000000000003,0.0,0.0,0.0,0.0,0.0,0.0,0.0,0.0,0.6162,1.1,0.01,1.7260000000000002,0.0,0.0,0.0,0.0,0.0,0.0,0.0,0.0,0.0,0.0,0.0,0.0,0.0,0.0,0.0,0.0,vectored,valid25,2,2026-08-03T20:38:06+00:00
crossbar_64_16_16_20nm_TT_0V9_25C_800MHz,crossbar,data_width=64;num_inputs=16;num_outputs=16,20nm,TT,0.9,25.0,1.25,800.0,64,16,16,V-2023.12-SP4,22727,22727,0,9132.710351,9132.710351,0.0,0.0,0.0,1.05,0.0,0.0,0,V-2023.12-SP4,24804,24804,0,11516.63,11516.63,0.0,12970.848,0.8879,0.0,0.0,1.29,-0.24,-52.38,903,V-2023.12-SP3,V-2023.12-SP4,3.065,4.955,0.01594,8.036,8.02,10.024999999999999,0.0,0.0,0.0,0.0,0.0,0.0,0.0,0.0,3.065,4.955,0.01594,8.036,0.0,0.0,0.0,0.0,0.0,0.0,0.0,0.0,0.0,0.0,0.0,0.0,0.0,0.0,0.0,0.0,unvectored,none,2,2026-08-03T20:40:49+00:00
crossbar_64_16_16_20nm_TT_0V9_25C_800MHz,crossbar,data_width=64;num_inputs=16;num_outputs=16,20nm,TT,0.9,25.0,1.25,800.0,64,16,16,V-2023.12-SP4,22727,22727,0,9132.710351,9132.710351,0.0,0.0,0.0,1.05,0.0,0.0,0,V-2023.12-SP4,24804,24804,0,11516.63,11516.63,0.0,12970.848,0.8879,0.0,0.0,1.29,-0.24,-52.38,903,V-2023.12-SP3,V-2023.12-SP4,4.911,7.585,0.015739999999999997,12.5,12.495999999999999,15.619999999999997,0.0,0.0,0.0,0.0,0.0,0.0,0.0,0.0,4.911,7.585,0.015739999999999997,12.5,0.0,0.0,0.0,0.0,0.0,0.0,0.0,0.0,0.0,0.0,0.0,0.0,0.0,0.0,0.0,0.0,vectored,random,2,2026-08-03T20:40:58+00:00
crossbar_64_16_16_20nm_TT_0V9_25C_800MHz,crossbar,data_width=64;num_inputs=16;num_outputs=16,20nm,TT,0.9,25.0,1.25,800.0,64,16,16,V-2023.12-SP4,22727,22727,0,9132.710351,9132.710351,0.0,0.0,0.0,1.05,0.0,0.0,0,V-2023.12-SP4,24804,24804,0,11516.63,11516.63,0.0,12970.848,0.8879,0.0,0.0,1.29,-0.24,-52.38,903,V-2023.12-SP3,V-2023.12-SP4,2.305,4.021,0.01544,6.3420000000000005,6.3260000000000005,7.907500000000001,0.0,0.0,0.0,0.0,0.0,0.0,0.0,0.0,2.305,4.021,0.01544,6.3420000000000005,0.0,0.0,0.0,0.0,0.0,0.0,0.0,0.0,0.0,0.0,0.0,0.0,0.0,0.0,0.0,0.0,vectored,fixed_route,2,2026-08-03T20:41:07+00:00
crossbar_64_16_16_20nm_TT_0V9_25C_800MHz,crossbar,data_width=64;num_inputs=16;num_outputs=16,20nm,TT,0.9,25.0,1.25,800.0,64,16,16,V-2023.12-SP4,22727,22727,0,9132.710351,9132.710351,0.0,0.0,0.0,1.05,0.0,0.0,0,V-2023.12-SP4,24804,24804,0,11516.63,11516.63,0.0,12970.848,0.8879,0.0,0.0,1.29,-0.24,-52.38,903,V-2023.12-SP3,V-2023.12-SP4,1.289,1.991,0.0161,3.296,3.2800000000000002,4.1000000000000005,0.0,0.0,0.0,0.0,0.0,0.0,0.0,0.0,1.289,1.991,0.0161,3.296,0.0,0.0,0.0,0.0,0.0,0.0,0.0,0.0,0.0,0.0,0.0,0.0,0.0,0.0,0.0,0.0,vectored,valid25,2,2026-08-03T20:41:16+00:00
crossbar_64_4_8_20nm_TT_0V9_25C_1000MHz,crossbar,data_width=64;num_inputs=4;num_outputs=8,20nm,TT,0.9,25.0,1.0,1000.0,64,4,8,V-2023.12-SP4,1713,1713,0,780.383996,780.383996,0.0,0.0,0.0,0.79,0.01,0.0,0,V-2023.12-SP4,1912,1912,0,886.51,886.51,0.0,1091.0592,0.8125,0.0,0.0,0.82,-0.02,-0.04,4,V-2023.12-SP3,V-2023.12-SP4,0.2768,0.3418,0.0009395,0.6195,0.6186,0.6186,0.0,0.0,0.0,0.0,0.0,0.0,0.0,0.0,0.2768,0.3418,0.0009395,0.6195,0.0,0.0,0.0,0.0,0.0,0.0,0.0,0.0,0.0,0.0,0.0,0.0,0.0,0.0,0.0,0.0,unvectored,none,2,2026-08-03T20:44:59+00:00
crossbar_64_4_8_20nm_TT_0V9_25C_1000MHz,crossbar,data_width=64;num_inputs=4;num_outputs=8,20nm,TT,0.9,25.0,1.0,1000.0,64,4,8,V-2023.12-SP4,1713,1713,0,780.383996,780.383996,0.0,0.0,0.0,0.79,0.01,0.0,0,V-2023.12-SP4,1912,1912,0,886.51,886.51,0.0,1091.0592,0.8125,0.0,0.0,0.82,-0.02,-0.04,4,V-2023.12-SP3,V-2023.12-SP4,0.4922,0.5676,0.0009392000000000001,1.0610000000000002,1.0598,1.0598,0.0,0.0,0.0,0.0,0.0,0.0,0.0,0.0,0.4922,0.5676,0.0009392000000000001,1.0610000000000002,0.0,0.0,0.0,0.0,0.0,0.0,0.0,0.0,0.0,0.0,0.0,0.0,0.0,0.0,0.0,0.0,vectored,random,2,2026-08-03T20:45:07+00:00
crossbar_64_4_8_20nm_TT_0V9_25C_1000MHz,crossbar,data_width=64;num_inputs=4;num_outputs=8,20nm,TT,0.9,25.0,1.0,1000.0,64,4,8,V-2023.12-SP4,1713,1713,0,780.383996,780.383996,0.0,0.0,0.0,0.79,0.01,0.0,0,V-2023.12-SP4,1912,1912,0,886.51,886.51,0.0,1091.0592,0.8125,0.0,0.0,0.82,-0.02,-0.04,4,V-2023.12-SP3,V-2023.12-SP4,0.1658,0.1295,0.0009413,0.29619999999999996,0.2953,0.2953,0.0,0.0,0.0,0.0,0.0,0.0,0.0,0.0,0.1658,0.1295,0.0009413,0.29619999999999996,0.0,0.0,0.0,0.0,0.0,0.0,0.0,0.0,0.0,0.0,0.0,0.0,0.0,0.0,0.0,0.0,vectored,fixed_route,2,2026-08-03T20:45:14+00:00
crossbar_64_4_8_20nm_TT_0V9_25C_1000MHz,crossbar,data_width=64;num_inputs=4;num_outputs=8,20nm,TT,0.9,25.0,1.0,1000.0,64,4,8,V-2023.12-SP4,1713,1713,0,780.383996,780.383996,0.0,0.0,0.0,0.79,0.01,0.0,0,V-2023.12-SP4,1912,1912,0,886.51,886.51,0.0,1091.0592,0.8125,0.0,0.0,0.82,-0.02,-0.04,4,V-2023.12-SP3,V-2023.12-SP4,0.1177,0.14459999999999998,0.0009391,0.2632,0.2623,0.2623,0.0,0.0,0.0,0.0,0.0,0.0,0.0,0.0,0.1177,0.14459999999999998,0.0009391,0.2632,0.0,0.0,0.0,0.0,0.0,0.0,0.0,0.0,0.0,0.0,0.0,0.0,0.0,0.0,0.0,0.0,vectored,valid25,2,2026-08-03T20:45:21+00:00
crossbar_64_4_8_20nm_TT_0V9_25C_666p667MHz,crossbar,data_width=64;num_inputs=4;num_outputs=8,20nm,TT,0.9,25.0,1.5,666.6666666666666,64,4,8,V-2023.12-SP4,1744,1744,0,778.799996,778.799996,0.0,0.0,0.0,1.28,0.02,0.0,0,V-2023.12-SP4,1791,1791,0,812.28,812.28,0.0,1091.0592,0.7445,0.0,0.0,1.28,0.02,0.0,0,V-2023.12-SP3,V-2023.12-SP4,0.1724,0.21259999999999998,0.0008596,0.3858,0.385,0.5775,0.0,0.0,0.0,0.0,0.0,0.0,0.0,0.0,0.1724,0.21259999999999998,0.0008596,0.3858,0.0,0.0,0.0,0.0,0.0,0.0,0.0,0.0,0.0,0.0,0.0,0.0,0.0,0.0,0.0,0.0,unvectored,none,2,2026-08-03T20:46:57+00:00
crossbar_64_4_8_20nm_TT_0V9_25C_666p667MHz,crossbar,data_width=64;num_inputs=4;num_outputs=8,20nm,TT,0.9,25.0,1.5,666.6666666666666,64,4,8,V-2023.12-SP4,1744,1744,0,778.799996,778.799996,0.0,0.0,0.0,1.28,0.02,0.0,0,V-2023.12-SP4,1791,1791,0,812.28,812.28,0.0,1091.0592,0.7445,0.0,0.0,1.28,0.02,0.0,0,V-2023.12-SP3,V-2023.12-SP4,0.3149,0.3642,0.0008593,0.6799,0.6791,1.01865,0.0,0.0,0.0,0.0,0.0,0.0,0.0,0.0,0.3149,0.3642,0.0008593,0.6799,0.0,0.0,0.0,0.0,0.0,0.0,0.0,0.0,0.0,0.0,0.0,0.0,0.0,0.0,0.0,0.0,vectored,random,2,2026-08-03T20:47:04+00:00
crossbar_64_4_8_20nm_TT_0V9_25C_666p667MHz,crossbar,data_width=64;num_inputs=4;num_outputs=8,20nm,TT,0.9,25.0,1.5,666.6666666666666,64,4,8,V-2023.12-SP4,1744,1744,0,778.799996,778.799996,0.0,0.0,0.0,1.28,0.02,0.0,0,V-2023.12-SP4,1791,1791,0,812.28,812.28,0.0,1091.0592,0.7445,0.0,0.0,1.28,0.02,0.0,0,V-2023.12-SP3,V-2023.12-SP4,0.1087,0.08558,0.0008615000000000001,0.1951,0.19428,0.29142,0.0,0.0,0.0,0.0,0.0,0.0,0.0,0.0,0.1087,0.08558,0.0008615000000000001,0.1951,0.0,0.0,0.0,0.0,0.0,0.0,0.0,0.0,0.0,0.0,0.0,0.0,0.0,0.0,0.0,0.0,vectored,fixed_route,2,2026-08-03T20:47:10+00:00
crossbar_64_4_8_20nm_TT_0V9_25C_666p667MHz,crossbar,data_width=64;num_inputs=4;num_outputs=8,20nm,TT,0.9,25.0,1.5,666.6666666666666,64,4,8,V-2023.12-SP4,1744,1744,0,778.799996,778.799996,0.0,0.0,0.0,1.28,0.02,0.0,0,V-2023.12-SP4,1791,1791,0,812.28,812.28,0.0,1091.0592,0.7445,0.0,0.0,1.28,0.02,0.0,0,V-2023.12-SP3,V-2023.12-SP4,0.07415999999999999,0.0914,0.0008593,0.1664,0.16555999999999998,0.24833999999999998,0.0,0.0,0.0,0.0,0.0,0.0,0.0,0.0,0.07415999999999999,0.0914,0.0008593,0.1664,0.0,0.0,0.0,0.0,0.0,0.0,0.0,0.0,0.0,0.0,0.0,0.0,0.0,0.0,0.0,0.0,vectored,valid25,2,2026-08-03T20:47:18+00:00
crossbar_128_2_2_20nm_TT_0V9_25C_1333p33MHz,crossbar,data_width=128;num_inputs=2;num_outputs=2,20nm,TT,0.9,25.0,0.75,1333.3333333333333,128,2,2,V-2023.12-SP4,670,670,0,227.462399,227.462399,0.0,0.0,0.0,0.55,0.0,0.0,0,V-2023.12-SP4,674,674,0,237.81,237.81,0.0,315.9552,0.7527,0.0,0.0,0.54,0.01,0.0,0,V-2023.12-SP3,V-2023.12-SP4,0.20379999999999998,0.2472,0.0002559,0.45130000000000003,0.45099999999999996,0.33824999999999994,0.0,0.0,0.0,0.0,0.0,0.0,0.0,0.0,0.20379999999999998,0.2472,0.0002559,0.45130000000000003,0.0,0.0,0.0,0.0,0.0,0.0,0.0,0.0,0.0,0.0,0.0,0.0,0.0,0.0,0.0,0.0,unvectored,none,2,2026-08-03T20:47:47+00:00
crossbar_128_2_2_20nm_TT_0V9_25C_1333p33MHz,crossbar,data_width=128;num_inputs=2;num_outputs=2,20nm,TT,0.9,25.0,0.75,1333.3333333333333,128,2,2,V-2023.12-SP4,670,670,0,227.462399,227.462399,0.0,0.0,0.0,0.55,0.0,0.0,0,V-2023.12-SP4,674,674,0,237.81,237.81,0.0,315.9552,0.7527,0.0,0.0,0.54,0.01,0.0,0,V-2023.12-SP3,V-2023.12-SP4,0.3469,0.3956,0.0002646,0.7427,0.7424999999999999,0.556875,0.0,0.0,0.0,0.0,0.0,0.0,0.0,0.0,0.3469,0.3956,0.0002646,0.7427,0.0,0.0,0.0,0.0,0.0,0.0,0.0,0.0,0.0,0.0,0.0,0.0,0.0,0.0,0.0,0.0,vectored,random,2,2026-08-03T20:47:54+00:00
crossbar_128_2_2_20nm_TT_0V9_25C_1333p33MHz,crossbar,data_width=128;num_inputs=2;num_outputs=2,20nm,TT,0.9,25.0,0.75,1333.3333333333333,128,2,2,V-2023.12-SP4,670,670,0,227.462399,227.462399,0.0,0.0,0.0,0.55,0.0,0.0,0,V-2023.12-SP4,674,674,0,237.81,237.81,0.0,315.9552,0.7527,0.0,0.0,0.54,0.01,0.0,0,V-2023.12-SP3,V-2023.12-SP4,0.15660000000000002,0.1441,0.0002782,0.3009,0.3007,0.22552500000000003,0.0,0.0,0.0,0.0,0.0,0.0,0.0,0.0,0.15660000000000002,0.1441,0.0002782,0.3009,0.0,0.0,0.0,0.0,0.0,0.0,0.0,0.0,0.0,0.0,0.0,0.0,0.0,0.0,0.0,0.0,vectored,fixed_route,2,2026-08-03T20:48:01+00:00
crossbar_128_2_2_20nm_TT_0V9_25C_1333p33MHz,crossbar,data_width=128;num_inputs=2;num_outputs=2,20nm,TT,0.9,25.0,0.75,1333.3333333333333,128,2,2,V-2023.12-SP4,670,670,0,227.462399,227.462399,0.0,0.0,0.0,0.55,0.0,0.0,0,V-2023.12-SP4,674,674,0,237.81,237.81,0.0,315.9552,0.7527,0.0,0.0,0.54,0.01,0.0,0,V-2023.12-SP3,V-2023.12-SP4,0.107,0.13549999999999998,0.0002492,0.2427,0.2425,0.181875,0.0,0.0,0.0,0.0,0.0,0.0,0.0,0.0,0.107,0.13549999999999998,0.0002492,0.2427,0.0,0.0,0.0,0.0,0.0,0.0,0.0,0.0,0.0,0.0,0.0,0.0,0.0,0.0,0.0,0.0,vectored,valid25,2,2026-08-03T20:48:09+00:00
crossbar_128_2_2_20nm_TT_0V9_25C_800MHz,crossbar,data_width=128;num_inputs=2;num_outputs=2,20nm,TT,0.9,25.0,1.25,800.0,128,2,2,V-2023.12-SP4,530,530,0,198.844799,198.844799,0.0,0.0,0.0,0.91,0.14,0.0,0,V-2023.12-SP4,544,544,0,205.18,205.18,0.0,281.6352,0.7285,0.0,0.0,0.6,0.45,0.0,0,V-2023.12-SP3,V-2023.12-SP4,0.1184,0.1393,0.0002114,0.25789999999999996,0.25770000000000004,0.32212500000000005,0.0,0.0,0.0,0.0,0.0,0.0,0.0,0.0,0.1184,0.1393,0.0002114,0.25789999999999996,0.0,0.0,0.0,0.0,0.0,0.0,0.0,0.0,0.0,0.0,0.0,0.0,0.0,0.0,0.0,0.0,unvectored,none,2,2026-08-03T20:49:48+00:00
crossbar_128_2_2_20nm_TT_0V9_25C_800MHz,crossbar,data_width=128;num_inputs=2;num_outputs=2,20nm,TT,0.9,25.0,1.25,800.0,128,2,2,V-2023.12-SP4,530,530,0,198.844799,198.844799,0.0,0.0,0.0,0.91,0.14,0.0,0,V-2023.12-SP4,544,544,0,205.18,205.18,0.0,281.6352,0.7285,0.0,0.0,0.6,0.45,0.0,0,V-2023.12-SP3,V-2023.12-SP4,0.2231,0.2339,0.0002183,0.4572,0.45699999999999996,0.5712499999999999,0.0,0.0,0.0,0.0,0.0,0.0,0.0,0.0,0.2231,0.2339,0.0002183,0.4572,0.0,0.0,0.0,0.0,0.0,0.0,0.0,0.0,0.0,0.0,0.0,0.0,0.0,0.0,0.0,0.0,vectored,random,2,2026-08-03T20:49:55+00:00
crossbar_128_2_2_20nm_TT_0V9_25C_800MHz,crossbar,data_width=128;num_inputs=2;num_outputs=2,20nm,TT,0.9,25.0,1.25,800.0,128,2,2,V-2023.12-SP4,530,530,0,198.844799,198.844799,0.0,0.0,0.0,0.91,0.14,0.0,0,V-2023.12-SP4,544,544,0,205.18,205.18,0.0,281.6352,0.7285,0.0,0.0,0.6,0.45,0.0,0,V-2023.12-SP3,V-2023.12-SP4,0.1241,0.08813,0.0002313,0.2124,0.21223,0.2652875,0.0,0.0,0.0,0.0,0.0,0.0,0.0,0.0,0.1241,0.08813,0.0002313,0.2124,0.0,0.0,0.0,0.0,0.0,0.0,0.0,0.0,0.0,0.0,0.0,0.0,0.0,0.0,0.0,0.0,vectored,fixed_route,2,2026-08-03T20:50:02+00:00
crossbar_128_2_2_20nm_TT_0V9_25C_800MHz,crossbar,data_width=128;num_inputs=2;num_outputs=2,20nm,TT,0.9,25.0,1.25,800.0,128,2,2,V-2023.12-SP4,530,530,0,198.844799,198.844799,0.0,0.0,0.0,0.91,0.14,0.0,0,V-2023.12-SP4,544,544,0,205.18,205.18,0.0,281.6352,0.7285,0.0,0.0,0.6,0.45,0.0,0,V-2023.12-SP3,V-2023.12-SP4,0.06582,0.08011,0.0002053,0.1461,0.14593,0.1824125,0.0,0.0,0.0,0.0,0.0,0.0,0.0,0.0,0.06582,0.08011,0.0002053,0.1461,0.0,0.0,0.0,0.0,0.0,0.0,0.0,0.0,0.0,0.0,0.0,0.0,0.0,0.0,0.0,0.0,vectored,valid25,2,2026-08-03T20:50:09+00:00
crossbar_128_4_4_20nm_TT_0V9_25C_800MHz,crossbar,data_width=128;num_inputs=4;num_outputs=4,20nm,TT,0.9,25.0,1.25,800.0,128,4,4,V-2023.12-SP4,2927,2927,0,1148.399994,1148.399994,0.0,0.0,0.0,1.03,0.02,0.0,0,V-2023.12-SP4,2592,2592,0,1053.99,1053.99,0.0,1615.68,0.6524,0.0,0.0,1.11,-0.06,-0.19,11,V-2023.12-SP3,V-2023.12-SP4,0.4514,0.6886,0.001161,1.141,1.1400000000000001,1.4250000000000003,0.0,0.0,0.0,0.0,0.0,0.0,0.0,0.0,0.4514,0.6886,0.001161,1.141,0.0,0.0,0.0,0.0,0.0,0.0,0.0,0.0,0.0,0.0,0.0,0.0,0.0,0.0,0.0,0.0,unvectored,none,2,2026-08-03T20:54:48+00:00
crossbar_128_4_4_20nm_TT_0V9_25C_1333p33MHz,crossbar,data_width=128;num_inputs=4;num_outputs=4,20nm,TT,0.9,25.0,0.75,1333.3333333333333,128,4,4,V-2023.12-SP4,2979,2979,0,1100.140795,1100.140795,0.0,0.0,0.0,0.55,0.0,0.0,0,V-2023.12-SP4,3026,3026,0,1174.59,1174.59,0.0,1552.32,0.7567,0.0,0.0,0.59,-0.04,-0.28,22,V-2023.12-SP3,V-2023.12-SP4,0.8117000000000001,1.357,0.00142,2.17,2.1687000000000003,1.6265250000000002,0.0,0.0,0.0,0.0,0.0,0.0,0.0,0.0,0.8117000000000001,1.357,0.00142,2.17,0.0,0.0,0.0,0.0,0.0,0.0,0.0,0.0,0.0,0.0,0.0,0.0,0.0,0.0,0.0,0.0,unvectored,none,2,2026-08-03T20:54:56+00:00
crossbar_128_4_4_20nm_TT_0V9_25C_800MHz,crossbar,data_width=128;num_inputs=4;num_outputs=4,20nm,TT,0.9,25.0,1.25,800.0,128,4,4,V-2023.12-SP4,2927,2927,0,1148.399994,1148.399994,0.0,0.0,0.0,1.03,0.02,0.0,0,V-2023.12-SP4,2592,2592,0,1053.99,1053.99,0.0,1615.68,0.6524,0.0,0.0,1.11,-0.06,-0.19,11,V-2023.12-SP3,V-2023.12-SP4,0.7801,1.1260000000000001,0.001158,1.908,1.9061000000000001,2.382625,0.0,0.0,0.0,0.0,0.0,0.0,0.0,0.0,0.7801,1.1260000000000001,0.001158,1.908,0.0,0.0,0.0,0.0,0.0,0.0,0.0,0.0,0.0,0.0,0.0,0.0,0.0,0.0,0.0,0.0,vectored,random,2,2026-08-03T20:54:56+00:00
crossbar_128_4_4_20nm_TT_0V9_25C_1333p33MHz,crossbar,data_width=128;num_inputs=4;num_outputs=4,20nm,TT,0.9,25.0,0.75,1333.3333333333333,128,4,4,V-2023.12-SP4,2979,2979,0,1100.140795,1100.140795,0.0,0.0,0.0,0.55,0.0,0.0,0,V-2023.12-SP4,3026,3026,0,1174.59,1174.59,0.0,1552.32,0.7567,0.0,0.0,0.59,-0.04,-0.28,22,V-2023.12-SP3,V-2023.12-SP4,1.2570000000000001,2.019,0.001414,3.278,3.2760000000000002,2.4570000000000003,0.0,0.0,0.0,0.0,0.0,0.0,0.0,0.0,1.2570000000000001,2.019,0.001414,3.278,0.0,0.0,0.0,0.0,0.0,0.0,0.0,0.0,0.0,0.0,0.0,0.0,0.0,0.0,0.0,0.0,vectored,random,2,2026-08-03T20:55:03+00:00
crossbar_128_4_4_20nm_TT_0V9_25C_800MHz,crossbar,data_width=128;num_inputs=4;num_outputs=4,20nm,TT,0.9,25.0,1.25,800.0,128,4,4,V-2023.12-SP4,2927,2927,0,1148.399994,1148.399994,0.0,0.0,0.0,1.03,0.02,0.0,0,V-2023.12-SP4,2592,2592,0,1053.99,1053.99,0.0,1615.68,0.6524,0.0,0.0,1.11,-0.06,-0.19,11,V-2023.12-SP3,V-2023.12-SP4,0.35409999999999997,0.5249,0.001169,0.8801,0.879,1.09875,0.0,0.0,0.0,0.0,0.0,0.0,0.0,0.0,0.35409999999999997,0.5249,0.001169,0.8801,0.0,0.0,0.0,0.0,0.0,0.0,0.0,0.0,0.0,0.0,0.0,0.0,0.0,0.0,0.0,0.0,vectored,fixed_route,2,2026-08-03T20:55:04+00:00
crossbar_128_4_4_20nm_TT_0V9_25C_1333p33MHz,crossbar,data_width=128;num_inputs=4;num_outputs=4,20nm,TT,0.9,25.0,0.75,1333.3333333333333,128,4,4,V-2023.12-SP4,2979,2979,0,1100.140795,1100.140795,0.0,0.0,0.0,0.55,0.0,0.0,0,V-2023.12-SP4,3026,3026,0,1174.59,1174.59,0.0,1552.32,0.7567,0.0,0.0,0.59,-0.04,-0.28,22,V-2023.12-SP3,V-2023.12-SP4,0.6053000000000001,1.101,0.0014240000000000001,1.707,1.7063000000000001,1.279725,0.0,0.0,0.0,0.0,0.0,0.0,0.0,0.0,0.6053000000000001,1.101,0.0014240000000000001,1.707,0.0,0.0,0.0,0.0,0.0,0.0,0.0,0.0,0.0,0.0,0.0,0.0,0.0,0.0,0.0,0.0,vectored,fixed_route,2,2026-08-03T20:55:11+00:00
crossbar_128_4_4_20nm_TT_0V9_25C_800MHz,crossbar,data_width=128;num_inputs=4;num_outputs=4,20nm,TT,0.9,25.0,1.25,800.0,128,4,4,V-2023.12-SP4,2927,2927,0,1148.399994,1148.399994,0.0,0.0,0.0,1.03,0.02,0.0,0,V-2023.12-SP4,2592,2592,0,1053.99,1053.99,0.0,1615.68,0.6524,0.0,0.0,1.11,-0.06,-0.19,11,V-2023.12-SP3,V-2023.12-SP4,0.2131,0.31629999999999997,0.001161,0.5305000000000001,0.5294,0.66175,0.0,0.0,0.0,0.0,0.0,0.0,0.0,0.0,0.2131,0.31629999999999997,0.001161,0.5305000000000001,0.0,0.0,0.0,0.0,0.0,0.0,0.0,0.0,0.0,0.0,0.0,0.0,0.0,0.0,0.0,0.0,vectored,valid25,2,2026-08-03T20:55:11+00:00
crossbar_128_4_4_20nm_TT_0V9_25C_1333p33MHz,crossbar,data_width=128;num_inputs=4;num_outputs=4,20nm,TT,0.9,25.0,0.75,1333.3333333333333,128,4,4,V-2023.12-SP4,2979,2979,0,1100.140795,1100.140795,0.0,0.0,0.0,0.55,0.0,0.0,0,V-2023.12-SP4,3026,3026,0,1174.59,1174.59,0.0,1552.32,0.7567,0.0,0.0,0.59,-0.04,-0.28,22,V-2023.12-SP3,V-2023.12-SP4,0.3661,0.5799,0.001423,0.9475,0.946,0.7095,0.0,0.0,0.0,0.0,0.0,0.0,0.0,0.0,0.3661,0.5799,0.001423,0.9475,0.0,0.0,0.0,0.0,0.0,0.0,0.0,0.0,0.0,0.0,0.0,0.0,0.0,0.0,0.0,0.0,vectored,valid25,2,2026-08-03T20:55:18+00:00
crossbar_64_16_8_20nm_TT_0V9_25C_571p429MHz,crossbar,data_width=64;num_inputs=16;num_outputs=8,20nm,TT,0.9,25.0,1.75,571.4285714285714,64,16,8,V-2023.12-SP4,11686,11686,0,4641.331175,4641.331175,0.0,0.0,0.0,1.54,0.01,0.0,0,V-2023.12-SP4,10431,10431,0,4447.03,4447.03,0.0,6570.0096,0.6769,0.0,0.0,1.64,-0.09,-1.14,63,V-2023.12-SP3,V-2023.12-SP4,1.155,1.933,0.004792,3.094,3.088,5.404,0.0,0.0,0.0,0.0,0.0,0.0,0.0,0.0,1.155,1.933,0.004792,3.094,0.0,0.0,0.0,0.0,0.0,0.0,0.0,0.0,0.0,0.0,0.0,0.0,0.0,0.0,0.0,0.0,unvectored,none,2,2026-08-03T20:58:27+00:00
crossbar_64_16_8_20nm_TT_0V9_25C_571p429MHz,crossbar,data_width=64;num_inputs=16;num_outputs=8,20nm,TT,0.9,25.0,1.75,571.4285714285714,64,16,8,V-2023.12-SP4,11686,11686,0,4641.331175,4641.331175,0.0,0.0,0.0,1.54,0.01,0.0,0,V-2023.12-SP4,10431,10431,0,4447.03,4447.03,0.0,6570.0096,0.6769,0.0,0.0,1.64,-0.09,-1.14,63,V-2023.12-SP3,V-2023.12-SP4,1.851,2.972,0.004701,4.827999999999999,4.823,8.44025,0.0,0.0,0.0,0.0,0.0,0.0,0.0,0.0,1.851,2.972,0.004701,4.827999999999999,0.0,0.0,0.0,0.0,0.0,0.0,0.0,0.0,0.0,0.0,0.0,0.0,0.0,0.0,0.0,0.0,vectored,random,2,2026-08-03T20:58:35+00:00
crossbar_64_16_8_20nm_TT_0V9_25C_571p429MHz,crossbar,data_width=64;num_inputs=16;num_outputs=8,20nm,TT,0.9,25.0,1.75,571.4285714285714,64,16,8,V-2023.12-SP4,11686,11686,0,4641.331175,4641.331175,0.0,0.0,0.0,1.54,0.01,0.0,0,V-2023.12-SP4,10431,10431,0,4447.03,4447.03,0.0,6570.0096,0.6769,0.0,0.0,1.64,-0.09,-1.14,63,V-2023.12-SP3,V-2023.12-SP4,0.8006000000000001,1.3179999999999998,0.0047020000000000005,2.1229999999999998,2.1186,3.7075499999999995,0.0,0.0,0.0,0.0,0.0,0.0,0.0,0.0,0.8006000000000001,1.3179999999999998,0.0047020000000000005,2.1229999999999998,0.0,0.0,0.0,0.0,0.0,0.0,0.0,0.0,0.0,0.0,0.0,0.0,0.0,0.0,0.0,0.0,vectored,fixed_route,2,2026-08-03T20:58:42+00:00
crossbar_64_16_8_20nm_TT_0V9_25C_571p429MHz,crossbar,data_width=64;num_inputs=16;num_outputs=8,20nm,TT,0.9,25.0,1.75,571.4285714285714,64,16,8,V-2023.12-SP4,11686,11686,0,4641.331175,4641.331175,0.0,0.0,0.0,1.54,0.01,0.0,0,V-2023.12-SP4,10431,10431,0,4447.03,4447.03,0.0,6570.0096,0.6769,0.0,0.0,1.64,-0.09,-1.14,63,V-2023.12-SP3,V-2023.12-SP4,0.5910000000000001,0.9707,0.004869,1.5659999999999998,1.5617,2.732975,0.0,0.0,0.0,0.0,0.0,0.0,0.0,0.0,0.5910000000000001,0.9707,0.004869,1.5659999999999998,0.0,0.0,0.0,0.0,0.0,0.0,0.0,0.0,0.0,0.0,0.0,0.0,0.0,0.0,0.0,0.0,vectored,valid25,2,2026-08-03T20:58:50+00:00
crossbar_128_8_4_20nm_TT_0V9_25C_1000MHz,crossbar,data_width=128;num_inputs=8;num_outputs=4,20nm,TT,0.9,25.0,1.0,1000.0,128,8,4,V-2023.12-SP4,5828,5828,0,2234.707188,2234.707188,0.0,0.0,0.0,0.8,0.0,0.0,0,V-2023.12-SP4,5822,5822,0,2346.85,2346.85,0.0,3163.776,0.7418,0.0,0.0,0.88,-0.08,-0.2,20,V-2023.12-SP3,V-2023.12-SP4,1.22,2.0669999999999997,0.0027930000000000003,3.29,3.287,3.287,0.0,0.0,0.0,0.0,0.0,0.0,0.0,0.0,1.22,2.0669999999999997,0.0027930000000000003,3.29,0.0,0.0,0.0,0.0,0.0,0.0,0.0,0.0,0.0,0.0,0.0,0.0,0.0,0.0,0.0,0.0,unvectored,none,2,2026-08-03T21:16:19+00:00
crossbar_128_8_4_20nm_TT_0V9_25C_1000MHz,crossbar,data_width=128;num_inputs=8;num_outputs=4,20nm,TT,0.9,25.0,1.0,1000.0,128,8,4,V-2023.12-SP4,5828,5828,0,2234.707188,2234.707188,0.0,0.0,0.0,0.8,0.0,0.0,0,V-2023.12-SP4,5822,5822,0,2346.85,2346.85,0.0,3163.776,0.7418,0.0,0.0,0.88,-0.08,-0.2,20,V-2023.12-SP3,V-2023.12-SP4,1.758,2.8609999999999998,0.002755,4.621,4.619,4.619,0.0,0.0,0.0,0.0,0.0,0.0,0.0,0.0,1.758,2.8609999999999998,0.002755,4.621,0.0,0.0,0.0,0.0,0.0,0.0,0.0,0.0,0.0,0.0,0.0,0.0,0.0,0.0,0.0,0.0,vectored,random,2,2026-08-03T21:16:26+00:00
crossbar_128_8_4_20nm_TT_0V9_25C_1000MHz,crossbar,data_width=128;num_inputs=8;num_outputs=4,20nm,TT,0.9,25.0,1.0,1000.0,128,8,4,V-2023.12-SP4,5828,5828,0,2234.707188,2234.707188,0.0,0.0,0.0,0.8,0.0,0.0,0,V-2023.12-SP4,5822,5822,0,2346.85,2346.85,0.0,3163.776,0.7418,0.0,0.0,0.88,-0.08,-0.2,20,V-2023.12-SP3,V-2023.12-SP4,0.8916,1.4929999999999999,0.002692,2.387,2.3846,2.3846,0.0,0.0,0.0,0.0,0.0,0.0,0.0,0.0,0.8916,1.4929999999999999,0.002692,2.387,0.0,0.0,0.0,0.0,0.0,0.0,0.0,0.0,0.0,0.0,0.0,0.0,0.0,0.0,0.0,0.0,vectored,fixed_route,2,2026-08-03T21:16:33+00:00
crossbar_128_8_4_20nm_TT_0V9_25C_1000MHz,crossbar,data_width=128;num_inputs=8;num_outputs=4,20nm,TT,0.9,25.0,1.0,1000.0,128,8,4,V-2023.12-SP4,5828,5828,0,2234.707188,2234.707188,0.0,0.0,0.0,0.8,0.0,0.0,0,V-2023.12-SP4,5822,5822,0,2346.85,2346.85,0.0,3163.776,0.7418,0.0,0.0,0.88,-0.08,-0.2,20,V-2023.12-SP3,V-2023.12-SP4,0.6322,1.048,0.002829,1.683,1.6802000000000001,1.6802000000000001,0.0,0.0,0.0,0.0,0.0,0.0,0.0,0.0,0.6322,1.048,0.002829,1.683,0.0,0.0,0.0,0.0,0.0,0.0,0.0,0.0,0.0,0.0,0.0,0.0,0.0,0.0,0.0,0.0,vectored,valid25,2,2026-08-03T21:16:39+00:00
crossbar_128_8_8_20nm_TT_0V9_25C_1000MHz,crossbar,data_width=128;num_inputs=8;num_outputs=8,20nm,TT,0.9,25.0,1.0,1000.0,128,8,8,V-2023.12-SP4,10799,10799,0,4302.671977,4302.671977,0.0,0.0,0.0,0.8,0.0,0.0,0,V-2023.12-SP4,11258,11258,0,4960.77,4960.77,0.0,6136.8384,0.8084,0.0,0.0,0.91,-0.11,-0.94,84,V-2023.12-SP3,V-2023.12-SP4,1.926,3.26,0.006312,5.193,5.186,5.186,0.0,0.0,0.0,0.0,0.0,0.0,0.0,0.0,1.926,3.26,0.006312,5.193,0.0,0.0,0.0,0.0,0.0,0.0,0.0,0.0,0.0,0.0,0.0,0.0,0.0,0.0,0.0,0.0,unvectored,none,2,2026-08-03T21:24:58+00:00
crossbar_128_8_8_20nm_TT_0V9_25C_1000MHz,crossbar,data_width=128;num_inputs=8;num_outputs=8,20nm,TT,0.9,25.0,1.0,1000.0,128,8,8,V-2023.12-SP4,10799,10799,0,4302.671977,4302.671977,0.0,0.0,0.0,0.8,0.0,0.0,0,V-2023.12-SP4,11258,11258,0,4960.77,4960.77,0.0,6136.8384,0.8084,0.0,0.0,0.91,-0.11,-0.94,84,V-2023.12-SP3,V-2023.12-SP4,3.1319999999999997,5.074999999999999,0.006243,8.214,8.206999999999999,8.206999999999999,0.0,0.0,0.0,0.0,0.0,0.0,0.0,0.0,3.1319999999999997,5.074999999999999,0.006243,8.214,0.0,0.0,0.0,0.0,0.0,0.0,0.0,0.0,0.0,0.0,0.0,0.0,0.0,0.0,0.0,0.0,vectored,random,2,2026-08-03T21:25:06+00:00
crossbar_128_8_8_20nm_TT_0V9_25C_1000MHz,crossbar,data_width=128;num_inputs=8;num_outputs=8,20nm,TT,0.9,25.0,1.0,1000.0,128,8,8,V-2023.12-SP4,10799,10799,0,4302.671977,4302.671977,0.0,0.0,0.0,0.8,0.0,0.0,0,V-2023.12-SP4,11258,11258,0,4960.77,4960.77,0.0,6136.8384,0.8084,0.0,0.0,0.91,-0.11,-0.94,84,V-2023.12-SP3,V-2023.12-SP4,1.528,2.6510000000000002,0.0061059999999999994,4.1850000000000005,4.179,4.179,0.0,0.0,0.0,0.0,0.0,0.0,0.0,0.0,1.528,2.6510000000000002,0.0061059999999999994,4.1850000000000005,0.0,0.0,0.0,0.0,0.0,0.0,0.0,0.0,0.0,0.0,0.0,0.0,0.0,0.0,0.0,0.0,vectored,fixed_route,2,2026-08-03T21:25:13+00:00
crossbar_128_8_8_20nm_TT_0V9_25C_1000MHz,crossbar,data_width=128;num_inputs=8;num_outputs=8,20nm,TT,0.9,25.0,1.0,1000.0,128,8,8,V-2023.12-SP4,10799,10799,0,4302.671977,4302.671977,0.0,0.0,0.0,0.8,0.0,0.0,0,V-2023.12-SP4,11258,11258,0,4960.77,4960.77,0.0,6136.8384,0.8084,0.0,0.0,0.91,-0.11,-0.94,84,V-2023.12-SP3,V-2023.12-SP4,0.859,1.423,0.006364000000000001,2.2889999999999997,2.282,2.282,0.0,0.0,0.0,0.0,0.0,0.0,0.0,0.0,0.859,1.423,0.006364000000000001,2.2889999999999997,0.0,0.0,0.0,0.0,0.0,0.0,0.0,0.0,0.0,0.0,0.0,0.0,0.0,0.0,0.0,0.0,vectored,valid25,2,2026-08-03T21:25:21+00:00
crossbar_128_8_8_20nm_TT_0V9_25C_666p667MHz,crossbar,data_width=128;num_inputs=8;num_outputs=8,20nm,TT,0.9,25.0,1.5,666.6666666666666,128,8,8,V-2023.12-SP4,8864,8864,0,3672.23998,3672.23998,0.0,0.0,0.0,1.3,0.0,0.0,0,V-2023.12-SP4,8636,8636,0,3771.72,3771.72,0.0,5208.192,0.7242,0.0,0.0,1.3,-0.0,-0.0,1,V-2023.12-SP3,V-2023.12-SP4,1.002,1.9780000000000002,0.004276,2.984,2.9800000000000004,4.470000000000001,0.0,0.0,0.0,0.0,0.0,0.0,0.0,0.0,1.002,1.9780000000000002,0.004276,2.984,0.0,0.0,0.0,0.0,0.0,0.0,0.0,0.0,0.0,0.0,0.0,0.0,0.0,0.0,0.0,0.0,unvectored,none,2,2026-08-03T21:26:32+00:00
crossbar_128_8_8_20nm_TT_0V9_25C_666p667MHz,crossbar,data_width=128;num_inputs=8;num_outputs=8,20nm,TT,0.9,25.0,1.5,666.6666666666666,128,8,8,V-2023.12-SP4,8864,8864,0,3672.23998,3672.23998,0.0,0.0,0.0,1.3,0.0,0.0,0,V-2023.12-SP4,8636,8636,0,3771.72,3771.72,0.0,5208.192,0.7242,0.0,0.0,1.3,-0.0,-0.0,1,V-2023.12-SP3,V-2023.12-SP4,1.6340000000000001,3.084,0.00424,4.7219999999999995,4.718,7.077,0.0,0.0,0.0,0.0,0.0,0.0,0.0,0.0,1.6340000000000001,3.084,0.00424,4.7219999999999995,0.0,0.0,0.0,0.0,0.0,0.0,0.0,0.0,0.0,0.0,0.0,0.0,0.0,0.0,0.0,0.0,vectored,random,2,2026-08-03T21:26:39+00:00
crossbar_128_8_8_20nm_TT_0V9_25C_666p667MHz,crossbar,data_width=128;num_inputs=8;num_outputs=8,20nm,TT,0.9,25.0,1.5,666.6666666666666,128,8,8,V-2023.12-SP4,8864,8864,0,3672.23998,3672.23998,0.0,0.0,0.0,1.3,0.0,0.0,0,V-2023.12-SP4,8636,8636,0,3771.72,3771.72,0.0,5208.192,0.7242,0.0,0.0,1.3,-0.0,-0.0,1,V-2023.12-SP3,V-2023.12-SP4,0.8778,1.663,0.00413,2.545,2.5408,3.8112,0.0,0.0,0.0,0.0,0.0,0.0,0.0,0.0,0.8778,1.663,0.00413,2.545,0.0,0.0,0.0,0.0,0.0,0.0,0.0,0.0,0.0,0.0,0.0,0.0,0.0,0.0,0.0,0.0,vectored,fixed_route,2,2026-08-03T21:26:47+00:00
crossbar_128_8_8_20nm_TT_0V9_25C_666p667MHz,crossbar,data_width=128;num_inputs=8;num_outputs=8,20nm,TT,0.9,25.0,1.5,666.6666666666666,128,8,8,V-2023.12-SP4,8864,8864,0,3672.23998,3672.23998,0.0,0.0,0.0,1.3,0.0,0.0,0,V-2023.12-SP4,8636,8636,0,3771.72,3771.72,0.0,5208.192,0.7242,0.0,0.0,1.3,-0.0,-0.0,1,V-2023.12-SP3,V-2023.12-SP4,0.4391,0.8515,0.004313,1.295,1.2906,1.9359,0.0,0.0,0.0,0.0,0.0,0.0,0.0,0.0,0.4391,0.8515,0.004313,1.295,0.0,0.0,0.0,0.0,0.0,0.0,0.0,0.0,0.0,0.0,0.0,0.0,0.0,0.0,0.0,0.0,vectored,valid25,2,2026-08-03T21:26:54+00:00
crossbar_128_8_4_20nm_TT_0V9_25C_666p667MHz,crossbar,data_width=128;num_inputs=8;num_outputs=4,20nm,TT,0.9,25.0,1.5,666.6666666666666,128,8,4,V-2023.12-SP4,6503,6503,0,2367.446387,2367.446387,0.0,0.0,0.0,1.3,0.0,0.0,0,V-2023.12-SP4,5546,5546,0,2214.12,2214.12,0.0,3345.408,0.6618,0.0,0.0,1.36,-0.06,-0.23,16,V-2023.12-SP3,V-2023.12-SP4,0.7697999999999999,1.31,0.00238,2.083,2.0798,3.1197,0.0,0.0,0.0,0.0,0.0,0.0,0.0,0.0,0.7697999999999999,1.31,0.00238,2.083,0.0,0.0,0.0,0.0,0.0,0.0,0.0,0.0,0.0,0.0,0.0,0.0,0.0,0.0,0.0,0.0,unvectored,none,2,2026-08-03T21:29:10+00:00
crossbar_128_8_4_20nm_TT_0V9_25C_666p667MHz,crossbar,data_width=128;num_inputs=8;num_outputs=4,20nm,TT,0.9,25.0,1.5,666.6666666666666,128,8,4,V-2023.12-SP4,6503,6503,0,2367.446387,2367.446387,0.0,0.0,0.0,1.3,0.0,0.0,0,V-2023.12-SP4,5546,5546,0,2214.12,2214.12,0.0,3345.408,0.6618,0.0,0.0,1.36,-0.06,-0.23,16,V-2023.12-SP3,V-2023.12-SP4,1.251,2.024,0.0023420000000000003,3.278,3.275,4.9125,0.0,0.0,0.0,0.0,0.0,0.0,0.0,0.0,1.251,2.024,0.0023420000000000003,3.278,0.0,0.0,0.0,0.0,0.0,0.0,0.0,0.0,0.0,0.0,0.0,0.0,0.0,0.0,0.0,0.0,vectored,random,2,2026-08-03T21:29:15+00:00
crossbar_128_8_4_20nm_TT_0V9_25C_666p667MHz,crossbar,data_width=128;num_inputs=8;num_outputs=4,20nm,TT,0.9,25.0,1.5,666.6666666666666,128,8,4,V-2023.12-SP4,6503,6503,0,2367.446387,2367.446387,0.0,0.0,0.0,1.3,0.0,0.0,0,V-2023.12-SP4,5546,5546,0,2214.12,2214.12,0.0,3345.408,0.6618,0.0,0.0,1.36,-0.06,-0.23,16,V-2023.12-SP3,V-2023.12-SP4,0.4799,0.8562,0.002322,1.338,1.3361,2.00415,0.0,0.0,0.0,0.0,0.0,0.0,0.0,0.0,0.4799,0.8562,0.002322,1.338,0.0,0.0,0.0,0.0,0.0,0.0,0.0,0.0,0.0,0.0,0.0,0.0,0.0,0.0,0.0,0.0,vectored,fixed_route,2,2026-08-03T21:29:23+00:00
crossbar_128_8_4_20nm_TT_0V9_25C_666p667MHz,crossbar,data_width=128;num_inputs=8;num_outputs=4,20nm,TT,0.9,25.0,1.5,666.6666666666666,128,8,4,V-2023.12-SP4,6503,6503,0,2367.446387,2367.446387,0.0,0.0,0.0,1.3,0.0,0.0,0,V-2023.12-SP4,5546,5546,0,2214.12,2214.12,0.0,3345.408,0.6618,0.0,0.0,1.36,-0.06,-0.23,16,V-2023.12-SP3,V-2023.12-SP4,0.4261,0.7218,0.002413,1.15,1.1479,1.7218499999999999,0.0,0.0,0.0,0.0,0.0,0.0,0.0,0.0,0.4261,0.7218,0.002413,1.15,0.0,0.0,0.0,0.0,0.0,0.0,0.0,0.0,0.0,0.0,0.0,0.0,0.0,0.0,0.0,0.0,vectored,valid25,2,2026-08-03T21:29:30+00:00
crossbar_32_2_2_16nm_TT_0V85_25C_1333p33MHz,crossbar,data_width=32;num_inputs=2;num_outputs=2,16nm,TT,0.85,25.0,0.75,1333.3333333333333,32,2,2,V-2023.12-SP4,142,142,0,30.730753,30.730753,0.0,0.0,0.0,0.51,0.04,0.0,0,V-2023.12-SP4,141,141,0,30.92,30.92,0.0,41.7416,0.7407,0.0,0.0,0.34,0.21,0.0,0,V-2023.12-SP3,V-2023.12-SP4,0.0439,0.04304,4.433e-05,0.08699000000000001,0.08694,0.065205,0.0,0.0,0.0,0.0,0.0,0.0,0.0,0.0,0.0439,0.04304,4.433e-05,0.08699000000000001,0.0,0.0,0.0,0.0,0.0,0.0,0.0,0.0,0.0,0.0,0.0,0.0,0.0,0.0,0.0,0.0,unvectored,none,2,2026-08-03T21:38:44+00:00
crossbar_32_2_2_16nm_TT_0V85_25C_1333p33MHz,crossbar,data_width=32;num_inputs=2;num_outputs=2,16nm,TT,0.85,25.0,0.75,1333.3333333333333,32,2,2,V-2023.12-SP4,142,142,0,30.730753,30.730753,0.0,0.0,0.0,0.51,0.04,0.0,0,V-2023.12-SP4,141,141,0,30.92,30.92,0.0,41.7416,0.7407,0.0,0.0,0.34,0.21,0.0,0,V-2023.12-SP3,V-2023.12-SP4,0.07572,0.06515,4.5650000000000005e-05,0.1409,0.14087,0.1056525,0.0,0.0,0.0,0.0,0.0,0.0,0.0,0.0,0.07572,0.06515,4.5650000000000005e-05,0.1409,0.0,0.0,0.0,0.0,0.0,0.0,0.0,0.0,0.0,0.0,0.0,0.0,0.0,0.0,0.0,0.0,vectored,random,2,2026-08-03T21:38:50+00:00
crossbar_32_2_2_16nm_TT_0V85_25C_1333p33MHz,crossbar,data_width=32;num_inputs=2;num_outputs=2,16nm,TT,0.85,25.0,0.75,1333.3333333333333,32,2,2,V-2023.12-SP4,142,142,0,30.730753,30.730753,0.0,0.0,0.0,0.51,0.04,0.0,0,V-2023.12-SP4,141,141,0,30.92,30.92,0.0,41.7416,0.7407,0.0,0.0,0.34,0.21,0.0,0,V-2023.12-SP3,V-2023.12-SP4,0.04734,0.02247,4.792e-05,0.06986,0.06981,0.0523575,0.0,0.0,0.0,0.0,0.0,0.0,0.0,0.0,0.04734,0.02247,4.792e-05,0.06986,0.0,0.0,0.0,0.0,0.0,0.0,0.0,0.0,0.0,0.0,0.0,0.0,0.0,0.0,0.0,0.0,vectored,fixed_route,2,2026-08-03T21:38:56+00:00
crossbar_32_2_2_16nm_TT_0V85_25C_1333p33MHz,crossbar,data_width=32;num_inputs=2;num_outputs=2,16nm,TT,0.85,25.0,0.75,1333.3333333333333,32,2,2,V-2023.12-SP4,142,142,0,30.730753,30.730753,0.0,0.0,0.0,0.51,0.04,0.0,0,V-2023.12-SP4,141,141,0,30.92,30.92,0.0,41.7416,0.7407,0.0,0.0,0.34,0.21,0.0,0,V-2023.12-SP3,V-2023.12-SP4,0.025089999999999998,0.02482,4.317e-05,0.04995,0.049909999999999996,0.037432499999999994,0.0,0.0,0.0,0.0,0.0,0.0,0.0,0.0,0.025089999999999998,0.02482,4.317e-05,0.04995,0.0,0.0,0.0,0.0,0.0,0.0,0.0,0.0,0.0,0.0,0.0,0.0,0.0,0.0,0.0,0.0,vectored,valid25,2,2026-08-03T21:39:02+00:00
crossbar_32_2_2_16nm_TT_0V85_25C_800MHz,crossbar,data_width=32;num_inputs=2;num_outputs=2,16nm,TT,0.85,25.0,1.25,800.0,32,2,2,V-2023.12-SP4,141,141,0,30.544129,30.544129,0.0,0.0,0.0,0.68,0.37,0.0,0,V-2023.12-SP4,144,144,0,31.04,31.04,0.0,41.7416,0.7437,0.0,0.0,0.54,0.51,0.0,0,V-2023.12-SP3,V-2023.12-SP4,0.027200000000000002,0.026,4.442e-05,0.05325,0.0532,0.0665,0.0,0.0,0.0,0.0,0.0,0.0,0.0,0.0,0.027200000000000002,0.026,4.442e-05,0.05325,0.0,0.0,0.0,0.0,0.0,0.0,0.0,0.0,0.0,0.0,0.0,0.0,0.0,0.0,0.0,0.0,unvectored,none,2,2026-08-03T21:40:59+00:00
crossbar_32_2_2_16nm_TT_0V85_25C_800MHz,crossbar,data_width=32;num_inputs=2;num_outputs=2,16nm,TT,0.85,25.0,1.25,800.0,32,2,2,V-2023.12-SP4,141,141,0,30.544129,30.544129,0.0,0.0,0.0,0.68,0.37,0.0,0,V-2023.12-SP4,144,144,0,31.04,31.04,0.0,41.7416,0.7437,0.0,0.0,0.54,0.51,0.0,0,V-2023.12-SP3,V-2023.12-SP4,0.048940000000000004,0.041569999999999996,4.574e-05,0.09056,0.09051000000000001,0.1131375,0.0,0.0,0.0,0.0,0.0,0.0,0.0,0.0,0.048940000000000004,0.041569999999999996,4.574e-05,0.09056,0.0,0.0,0.0,0.0,0.0,0.0,0.0,0.0,0.0,0.0,0.0,0.0,0.0,0.0,0.0,0.0,vectored,random,2,2026-08-03T21:41:05+00:00
crossbar_32_2_2_16nm_TT_0V85_25C_800MHz,crossbar,data_width=32;num_inputs=2;num_outputs=2,16nm,TT,0.85,25.0,1.25,800.0,32,2,2,V-2023.12-SP4,141,141,0,30.544129,30.544129,0.0,0.0,0.0,0.68,0.37,0.0,0,V-2023.12-SP4,144,144,0,31.04,31.04,0.0,41.7416,0.7437,0.0,0.0,0.54,0.51,0.0,0,V-2023.12-SP3,V-2023.12-SP4,0.02829,0.013519999999999999,4.792e-05,0.04185,0.04181,0.0522625,0.0,0.0,0.0,0.0,0.0,0.0,0.0,0.0,0.02829,0.013519999999999999,4.792e-05,0.04185,0.0,0.0,0.0,0.0,0.0,0.0,0.0,0.0,0.0,0.0,0.0,0.0,0.0,0.0,0.0,0.0,vectored,fixed_route,2,2026-08-03T21:41:10+00:00
crossbar_32_2_2_16nm_TT_0V85_25C_800MHz,crossbar,data_width=32;num_inputs=2;num_outputs=2,16nm,TT,0.85,25.0,1.25,800.0,32,2,2,V-2023.12-SP4,141,141,0,30.544129,30.544129,0.0,0.0,0.0,0.68,0.37,0.0,0,V-2023.12-SP4,144,144,0,31.04,31.04,0.0,41.7416,0.7437,0.0,0.0,0.54,0.51,0.0,0,V-2023.12-SP3,V-2023.12-SP4,0.015909999999999997,0.015379999999999998,4.332e-05,0.03133,0.03129,0.039112499999999994,0.0,0.0,0.0,0.0,0.0,0.0,0.0,0.0,0.015909999999999997,0.015379999999999998,4.332e-05,0.03133,0.0,0.0,0.0,0.0,0.0,0.0,0.0,0.0,0.0,0.0,0.0,0.0,0.0,0.0,0.0,0.0,vectored,valid25,2,2026-08-03T21:41:16+00:00
crossbar_32_4_4_16nm_TT_0V85_25C_1333p33MHz,crossbar,data_width=32;num_inputs=4;num_outputs=4,16nm,TT,0.85,25.0,0.75,1333.3333333333333,32,4,4,V-2023.12-SP4,793,793,0,171.072004,171.072004,0.0,0.0,0.0,0.54,0.01,0.0,0,V-2023.12-SP4,647,647,0,146.87,146.87,0.0,241.8647,0.6073,0.0,0.0,0.55,0.0,0.0,0,V-2023.12-SP3,V-2023.12-SP4,0.14479999999999998,0.1858,0.00022,0.33080000000000004,0.3306,0.24795,0.0,0.0,0.0,0.0,0.0,0.0,0.0,0.0,0.14479999999999998,0.1858,0.00022,0.33080000000000004,0.0,0.0,0.0,0.0,0.0,0.0,0.0,0.0,0.0,0.0,0.0,0.0,0.0,0.0,0.0,0.0,unvectored,none,2,2026-08-03T21:43:30+00:00
crossbar_32_4_4_16nm_TT_0V85_25C_1333p33MHz,crossbar,data_width=32;num_inputs=4;num_outputs=4,16nm,TT,0.85,25.0,0.75,1333.3333333333333,32,4,4,V-2023.12-SP4,793,793,0,171.072004,171.072004,0.0,0.0,0.0,0.54,0.01,0.0,0,V-2023.12-SP4,647,647,0,146.87,146.87,0.0,241.8647,0.6073,0.0,0.0,0.55,0.0,0.0,0,V-2023.12-SP3,V-2023.12-SP4,0.2436,0.29109999999999997,0.0002199,0.5349,0.5347,0.40102499999999996,0.0,0.0,0.0,0.0,0.0,0.0,0.0,0.0,0.2436,0.29109999999999997,0.0002199,0.5349,0.0,0.0,0.0,0.0,0.0,0.0,0.0,0.0,0.0,0.0,0.0,0.0,0.0,0.0,0.0,0.0,vectored,random,2,2026-08-03T21:43:36+00:00
crossbar_32_4_4_16nm_TT_0V85_25C_1333p33MHz,crossbar,data_width=32;num_inputs=4;num_outputs=4,16nm,TT,0.85,25.0,0.75,1333.3333333333333,32,4,4,V-2023.12-SP4,793,793,0,171.072004,171.072004,0.0,0.0,0.0,0.54,0.01,0.0,0,V-2023.12-SP4,647,647,0,146.87,146.87,0.0,241.8647,0.6073,0.0,0.0,0.55,0.0,0.0,0,V-2023.12-SP3,V-2023.12-SP4,0.1198,0.1143,0.0002162,0.2343,0.2341,0.175575,0.0,0.0,0.0,0.0,0.0,0.0,0.0,0.0,0.1198,0.1143,0.0002162,0.2343,0.0,0.0,0.0,0.0,0.0,0.0,0.0,0.0,0.0,0.0,0.0,0.0,0.0,0.0,0.0,0.0,vectored,fixed_route,2,2026-08-03T21:43:43+00:00
crossbar_32_4_4_16nm_TT_0V85_25C_1333p33MHz,crossbar,data_width=32;num_inputs=4;num_outputs=4,16nm,TT,0.85,25.0,0.75,1333.3333333333333,32,4,4,V-2023.12-SP4,793,793,0,171.072004,171.072004,0.0,0.0,0.0,0.54,0.01,0.0,0,V-2023.12-SP4,647,647,0,146.87,146.87,0.0,241.8647,0.6073,0.0,0.0,0.55,0.0,0.0,0,V-2023.12-SP3,V-2023.12-SP4,0.07002,0.08625,0.00022009999999999998,0.1565,0.15627,0.11720249999999999,0.0,0.0,0.0,0.0,0.0,0.0,0.0,0.0,0.07002,0.08625,0.00022009999999999998,0.1565,0.0,0.0,0.0,0.0,0.0,0.0,0.0,0.0,0.0,0.0,0.0,0.0,0.0,0.0,0.0,0.0,vectored,valid25,2,2026-08-03T21:43:48+00:00
crossbar_32_4_4_16nm_TT_0V85_25C_800MHz,crossbar,data_width=32;num_inputs=4;num_outputs=4,16nm,TT,0.85,25.0,1.25,800.0,32,4,4,V-2023.12-SP4,467,467,0,119.874821,119.874821,0.0,0.0,0.0,0.92,0.13,0.0,0,V-2023.12-SP4,468,468,0,120.25,120.25,0.0,165.5977,0.7261,0.0,0.0,0.96,0.09,0.0,0,V-2023.12-SP3,V-2023.12-SP4,0.07307999999999999,0.08129,0.000169,0.1545,0.15437,0.1929625,0.0,0.0,0.0,0.0,0.0,0.0,0.0,0.0,0.07307999999999999,0.08129,0.000169,0.1545,0.0,0.0,0.0,0.0,0.0,0.0,0.0,0.0,0.0,0.0,0.0,0.0,0.0,0.0,0.0,0.0,unvectored,none,2,2026-08-03T21:45:58+00:00
crossbar_32_4_4_16nm_TT_0V85_25C_800MHz,crossbar,data_width=32;num_inputs=4;num_outputs=4,16nm,TT,0.85,25.0,1.25,800.0,32,4,4,V-2023.12-SP4,467,467,0,119.874821,119.874821,0.0,0.0,0.0,0.92,0.13,0.0,0,V-2023.12-SP4,468,468,0,120.25,120.25,0.0,165.5977,0.7261,0.0,0.0,0.96,0.09,0.0,0,V-2023.12-SP3,V-2023.12-SP4,0.12689999999999999,0.12689999999999999,0.0001688,0.2539,0.25379999999999997,0.31725,0.0,0.0,0.0,0.0,0.0,0.0,0.0,0.0,0.12689999999999999,0.12689999999999999,0.0001688,0.2539,0.0,0.0,0.0,0.0,0.0,0.0,0.0,0.0,0.0,0.0,0.0,0.0,0.0,0.0,0.0,0.0,vectored,random,2,2026-08-03T21:46:04+00:00
crossbar_32_4_4_16nm_TT_0V85_25C_800MHz,crossbar,data_width=32;num_inputs=4;num_outputs=4,16nm,TT,0.85,25.0,1.25,800.0,32,4,4,V-2023.12-SP4,467,467,0,119.874821,119.874821,0.0,0.0,0.0,0.92,0.13,0.0,0,V-2023.12-SP4,468,468,0,120.25,120.25,0.0,165.5977,0.7261,0.0,0.0,0.96,0.09,0.0,0,V-2023.12-SP3,V-2023.12-SP4,0.05815,0.03659,0.000168,0.09491,0.09473999999999999,0.11842499999999999,0.0,0.0,0.0,0.0,0.0,0.0,0.0,0.0,0.05815,0.03659,0.000168,0.09491,0.0,0.0,0.0,0.0,0.0,0.0,0.0,0.0,0.0,0.0,0.0,0.0,0.0,0.0,0.0,0.0,vectored,fixed_route,2,2026-08-03T21:46:10+00:00
crossbar_32_4_4_16nm_TT_0V85_25C_800MHz,crossbar,data_width=32;num_inputs=4;num_outputs=4,16nm,TT,0.85,25.0,1.25,800.0,32,4,4,V-2023.12-SP4,467,467,0,119.874821,119.874821,0.0,0.0,0.0,0.92,0.13,0.0,0,V-2023.12-SP4,468,468,0,120.25,120.25,0.0,165.5977,0.7261,0.0,0.0,0.96,0.09,0.0,0,V-2023.12-SP3,V-2023.12-SP4,0.037469999999999996,0.0408,0.0001691,0.07844,0.07827,0.09783750000000001,0.0,0.0,0.0,0.0,0.0,0.0,0.0,0.0,0.037469999999999996,0.0408,0.0001691,0.07844,0.0,0.0,0.0,0.0,0.0,0.0,0.0,0.0,0.0,0.0,0.0,0.0,0.0,0.0,0.0,0.0,vectored,valid25,2,2026-08-03T21:46:16+00:00
crossbar_32_8_8_16nm_TT_0V85_25C_1333p33MHz,crossbar,data_width=32;num_inputs=8;num_outputs=8,16nm,TT,0.85,25.0,0.75,1333.3333333333333,32,8,8,V-2023.12-SP4,3089,3089,0,717.196047,717.196047,0.0,0.0,0.0,0.55,0.0,0.0,0,V-2023.12-SP4,2839,2839,0,681.36,681.36,0.0,1012.7462,0.6728,0.0,0.0,0.56,-0.01,-0.04,9,V-2023.12-SP3,V-2023.12-SP4,0.5048,0.8189,0.001061,1.325,1.3237,0.9927750000000001,0.0,0.0,0.0,0.0,0.0,0.0,0.0,0.0,0.5048,0.8189,0.001061,1.325,0.0,0.0,0.0,0.0,0.0,0.0,0.0,0.0,0.0,0.0,0.0,0.0,0.0,0.0,0.0,0.0,unvectored,none,2,2026-08-03T21:50:00+00:00
crossbar_32_8_8_16nm_TT_0V85_25C_1333p33MHz,crossbar,data_width=32;num_inputs=8;num_outputs=8,16nm,TT,0.85,25.0,0.75,1333.3333333333333,32,8,8,V-2023.12-SP4,3089,3089,0,717.196047,717.196047,0.0,0.0,0.0,0.55,0.0,0.0,0,V-2023.12-SP4,2839,2839,0,681.36,681.36,0.0,1012.7462,0.6728,0.0,0.0,0.56,-0.01,-0.04,9,V-2023.12-SP3,V-2023.12-SP4,0.7897,1.185,0.001051,1.976,1.9747,1.4810249999999998,0.0,0.0,0.0,0.0,0.0,0.0,0.0,0.0,0.7897,1.185,0.001051,1.976,0.0,0.0,0.0,0.0,0.0,0.0,0.0,0.0,0.0,0.0,0.0,0.0,0.0,0.0,0.0,0.0,vectored,random,2,2026-08-03T21:50:06+00:00
crossbar_32_8_8_16nm_TT_0V85_25C_1333p33MHz,crossbar,data_width=32;num_inputs=8;num_outputs=8,16nm,TT,0.85,25.0,0.75,1333.3333333333333,32,8,8,V-2023.12-SP4,3089,3089,0,717.196047,717.196047,0.0,0.0,0.0,0.55,0.0,0.0,0,V-2023.12-SP4,2839,2839,0,681.36,681.36,0.0,1012.7462,0.6728,0.0,0.0,0.56,-0.01,-0.04,9,V-2023.12-SP3,V-2023.12-SP4,0.3683,0.6292,0.001026,0.9986,0.9975,0.748125,0.0,0.0,0.0,0.0,0.0,0.0,0.0,0.0,0.3683,0.6292,0.001026,0.9986,0.0,0.0,0.0,0.0,0.0,0.0,0.0,0.0,0.0,0.0,0.0,0.0,0.0,0.0,0.0,0.0,vectored,fixed_route,2,2026-08-03T21:50:13+00:00
crossbar_32_8_8_16nm_TT_0V85_25C_1333p33MHz,crossbar,data_width=32;num_inputs=8;num_outputs=8,16nm,TT,0.85,25.0,0.75,1333.3333333333333,32,8,8,V-2023.12-SP4,3089,3089,0,717.196047,717.196047,0.0,0.0,0.0,0.55,0.0,0.0,0,V-2023.12-SP4,2839,2839,0,681.36,681.36,0.0,1012.7462,0.6728,0.0,0.0,0.56,-0.01,-0.04,9,V-2023.12-SP3,V-2023.12-SP4,0.2187,0.3309,0.001069,0.5507,0.5496000000000001,0.41220000000000007,0.0,0.0,0.0,0.0,0.0,0.0,0.0,0.0,0.2187,0.3309,0.001069,0.5507,0.0,0.0,0.0,0.0,0.0,0.0,0.0,0.0,0.0,0.0,0.0,0.0,0.0,0.0,0.0,0.0,vectored,valid25,2,2026-08-03T21:50:19+00:00
crossbar_128_4_8_20nm_TT_0V9_25C_1000MHz,crossbar,data_width=128;num_inputs=4;num_outputs=8,20nm,TT,0.9,25.0,1.0,1000.0,128,4,8,V-2023.12-SP4,3321,3321,0,1509.868792,1509.868792,0.0,0.0,0.0,0.8,0.0,0.0,0,V-2023.12-SP4,3420,3420,0,1609.03,1609.03,0.0,2149.8048,0.7485,0.0,0.0,0.82,-0.02,-0.02,2,V-2023.12-SP3,V-2023.12-SP4,0.4845,0.6572,0.001745,1.143,1.1417,1.1417,0.0,0.0,0.0,0.0,0.0,0.0,0.0,0.0,0.4845,0.6572,0.001745,1.143,0.0,0.0,0.0,0.0,0.0,0.0,0.0,0.0,0.0,0.0,0.0,0.0,0.0,0.0,0.0,0.0,unvectored,none,2,2026-08-03T21:51:14+00:00
crossbar_128_4_8_20nm_TT_0V9_25C_1000MHz,crossbar,data_width=128;num_inputs=4;num_outputs=8,20nm,TT,0.9,25.0,1.0,1000.0,128,4,8,V-2023.12-SP4,3321,3321,0,1509.868792,1509.868792,0.0,0.0,0.0,0.8,0.0,0.0,0,V-2023.12-SP4,3420,3420,0,1609.03,1609.03,0.0,2149.8048,0.7485,0.0,0.0,0.82,-0.02,-0.02,2,V-2023.12-SP3,V-2023.12-SP4,0.8612,1.1039999999999999,0.0017439999999999999,1.967,1.9651999999999998,1.9651999999999998,0.0,0.0,0.0,0.0,0.0,0.0,0.0,0.0,0.8612,1.1039999999999999,0.0017439999999999999,1.967,0.0,0.0,0.0,0.0,0.0,0.0,0.0,0.0,0.0,0.0,0.0,0.0,0.0,0.0,0.0,0.0,vectored,random,2,2026-08-03T21:51:21+00:00
crossbar_128_4_8_20nm_TT_0V9_25C_1000MHz,crossbar,data_width=128;num_inputs=4;num_outputs=8,20nm,TT,0.9,25.0,1.0,1000.0,128,4,8,V-2023.12-SP4,3321,3321,0,1509.868792,1509.868792,0.0,0.0,0.0,0.8,0.0,0.0,0,V-2023.12-SP4,3420,3420,0,1609.03,1609.03,0.0,2149.8048,0.7485,0.0,0.0,0.82,-0.02,-0.02,2,V-2023.12-SP3,V-2023.12-SP4,0.3156,0.28400000000000003,0.001745,0.6013999999999999,0.5996,0.5996,0.0,0.0,0.0,0.0,0.0,0.0,0.0,0.0,0.3156,0.28400000000000003,0.001745,0.6013999999999999,0.0,0.0,0.0,0.0,0.0,0.0,0.0,0.0,0.0,0.0,0.0,0.0,0.0,0.0,0.0,0.0,vectored,fixed_route,2,2026-08-03T21:51:27+00:00
crossbar_128_4_8_20nm_TT_0V9_25C_1000MHz,crossbar,data_width=128;num_inputs=4;num_outputs=8,20nm,TT,0.9,25.0,1.0,1000.0,128,4,8,V-2023.12-SP4,3321,3321,0,1509.868792,1509.868792,0.0,0.0,0.0,0.8,0.0,0.0,0,V-2023.12-SP4,3420,3420,0,1609.03,1609.03,0.0,2149.8048,0.7485,0.0,0.0,0.82,-0.02,-0.02,2,V-2023.12-SP3,V-2023.12-SP4,0.2052,0.2809,0.001745,0.4879,0.4861,0.4861,0.0,0.0,0.0,0.0,0.0,0.0,0.0,0.0,0.2052,0.2809,0.001745,0.4879,0.0,0.0,0.0,0.0,0.0,0.0,0.0,0.0,0.0,0.0,0.0,0.0,0.0,0.0,0.0,0.0,vectored,valid25,2,2026-08-03T21:51:34+00:00
crossbar_32_8_8_16nm_TT_0V85_25C_800MHz,crossbar,data_width=32;num_inputs=8;num_outputs=8,16nm,TT,0.85,25.0,1.25,800.0,32,8,8,V-2023.12-SP4,3627,3627,0,809.699342,809.699342,0.0,0.0,0.0,1.05,0.0,0.0,0,V-2023.12-SP4,2835,2835,0,675.52,675.52,0.0,1152.4654,0.5861,0.0,0.0,1.04,0.01,0.0,0,V-2023.12-SP3,V-2023.12-SP4,0.3449,0.5337999999999999,0.0010470000000000002,0.8796999999999999,0.8786999999999999,1.0983749999999999,0.0,0.0,0.0,0.0,0.0,0.0,0.0,0.0,0.3449,0.5337999999999999,0.0010470000000000002,0.8796999999999999,0.0,0.0,0.0,0.0,0.0,0.0,0.0,0.0,0.0,0.0,0.0,0.0,0.0,0.0,0.0,0.0,unvectored,none,2,2026-08-03T21:53:31+00:00
crossbar_32_8_8_16nm_TT_0V85_25C_800MHz,crossbar,data_width=32;num_inputs=8;num_outputs=8,16nm,TT,0.85,25.0,1.25,800.0,32,8,8,V-2023.12-SP4,3627,3627,0,809.699342,809.699342,0.0,0.0,0.0,1.05,0.0,0.0,0,V-2023.12-SP4,2835,2835,0,675.52,675.52,0.0,1152.4654,0.5861,0.0,0.0,1.04,0.01,0.0,0,V-2023.12-SP3,V-2023.12-SP4,0.5773,0.8120999999999999,0.0010350000000000001,1.39,1.3894,1.73675,0.0,0.0,0.0,0.0,0.0,0.0,0.0,0.0,0.5773,0.8120999999999999,0.0010350000000000001,1.39,0.0,0.0,0.0,0.0,0.0,0.0,0.0,0.0,0.0,0.0,0.0,0.0,0.0,0.0,0.0,0.0,vectored,random,2,2026-08-03T21:53:38+00:00
crossbar_32_8_8_16nm_TT_0V85_25C_800MHz,crossbar,data_width=32;num_inputs=8;num_outputs=8,16nm,TT,0.85,25.0,1.25,800.0,32,8,8,V-2023.12-SP4,3627,3627,0,809.699342,809.699342,0.0,0.0,0.0,1.05,0.0,0.0,0,V-2023.12-SP4,2835,2835,0,675.52,675.52,0.0,1152.4654,0.5861,0.0,0.0,1.04,0.01,0.0,0,V-2023.12-SP3,V-2023.12-SP4,0.24000000000000002,0.4053,0.001018,0.6463000000000001,0.6453,0.8066249999999999,0.0,0.0,0.0,0.0,0.0,0.0,0.0,0.0,0.24000000000000002,0.4053,0.001018,0.6463000000000001,0.0,0.0,0.0,0.0,0.0,0.0,0.0,0.0,0.0,0.0,0.0,0.0,0.0,0.0,0.0,0.0,vectored,fixed_route,2,2026-08-03T21:53:44+00:00
crossbar_32_8_8_16nm_TT_0V85_25C_800MHz,crossbar,data_width=32;num_inputs=8;num_outputs=8,16nm,TT,0.85,25.0,1.25,800.0,32,8,8,V-2023.12-SP4,3627,3627,0,809.699342,809.699342,0.0,0.0,0.0,1.05,0.0,0.0,0,V-2023.12-SP4,2835,2835,0,675.52,675.52,0.0,1152.4654,0.5861,0.0,0.0,1.04,0.01,0.0,0,V-2023.12-SP3,V-2023.12-SP4,0.15410000000000001,0.2206,0.001057,0.37579999999999997,0.37470000000000003,0.46837500000000004,0.0,0.0,0.0,0.0,0.0,0.0,0.0,0.0,0.15410000000000001,0.2206,0.001057,0.37579999999999997,0.0,0.0,0.0,0.0,0.0,0.0,0.0,0.0,0.0,0.0,0.0,0.0,0.0,0.0,0.0,0.0,vectored,valid25,2,2026-08-03T21:53:51+00:00
crossbar_128_4_8_20nm_TT_0V9_25C_666p667MHz,crossbar,data_width=128;num_inputs=4;num_outputs=8,20nm,TT,0.9,25.0,1.5,666.6666666666666,128,4,8,V-2023.12-SP4,3306,3306,0,1503.427192,1503.427192,0.0,0.0,0.0,1.29,0.01,0.0,0,V-2023.12-SP4,3390,3390,0,1567.63,1567.63,0.0,2112.7392,0.742,0.0,0.0,1.1,0.2,0.0,0,V-2023.12-SP3,V-2023.12-SP4,0.3083,0.4234,0.00165,0.7334,0.7317,1.09755,0.0,0.0,0.0,0.0,0.0,0.0,0.0,0.0,0.3083,0.4234,0.00165,0.7334,0.0,0.0,0.0,0.0,0.0,0.0,0.0,0.0,0.0,0.0,0.0,0.0,0.0,0.0,0.0,0.0,unvectored,none,2,2026-08-03T21:54:24+00:00
crossbar_128_4_8_20nm_TT_0V9_25C_666p667MHz,crossbar,data_width=128;num_inputs=4;num_outputs=8,20nm,TT,0.9,25.0,1.5,666.6666666666666,128,4,8,V-2023.12-SP4,3306,3306,0,1503.427192,1503.427192,0.0,0.0,0.0,1.29,0.01,0.0,0,V-2023.12-SP4,3390,3390,0,1567.63,1567.63,0.0,2112.7392,0.742,0.0,0.0,1.1,0.2,0.0,0,V-2023.12-SP3,V-2023.12-SP4,0.569,0.7303000000000001,0.001649,1.3010000000000002,1.2993000000000001,1.9489500000000002,0.0,0.0,0.0,0.0,0.0,0.0,0.0,0.0,0.569,0.7303000000000001,0.001649,1.3010000000000002,0.0,0.0,0.0,0.0,0.0,0.0,0.0,0.0,0.0,0.0,0.0,0.0,0.0,0.0,0.0,0.0,vectored,random,2,2026-08-03T21:54:30+00:00
crossbar_128_4_8_20nm_TT_0V9_25C_666p667MHz,crossbar,data_width=128;num_inputs=4;num_outputs=8,20nm,TT,0.9,25.0,1.5,666.6666666666666,128,4,8,V-2023.12-SP4,3306,3306,0,1503.427192,1503.427192,0.0,0.0,0.0,1.29,0.01,0.0,0,V-2023.12-SP4,3390,3390,0,1567.63,1567.63,0.0,2112.7392,0.742,0.0,0.0,1.1,0.2,0.0,0,V-2023.12-SP3,V-2023.12-SP4,0.21130000000000002,0.18009999999999998,0.001651,0.393,0.39139999999999997,0.5871,0.0,0.0,0.0,0.0,0.0,0.0,0.0,0.0,0.21130000000000002,0.18009999999999998,0.001651,0.393,0.0,0.0,0.0,0.0,0.0,0.0,0.0,0.0,0.0,0.0,0.0,0.0,0.0,0.0,0.0,0.0,vectored,fixed_route,2,2026-08-03T21:54:37+00:00
crossbar_128_4_8_20nm_TT_0V9_25C_666p667MHz,crossbar,data_width=128;num_inputs=4;num_outputs=8,20nm,TT,0.9,25.0,1.5,666.6666666666666,128,4,8,V-2023.12-SP4,3306,3306,0,1503.427192,1503.427192,0.0,0.0,0.0,1.29,0.01,0.0,0,V-2023.12-SP4,3390,3390,0,1567.63,1567.63,0.0,2112.7392,0.742,0.0,0.0,1.1,0.2,0.0,0,V-2023.12-SP3,V-2023.12-SP4,0.1325,0.1842,0.001651,0.31839999999999996,0.3167,0.47505,0.0,0.0,0.0,0.0,0.0,0.0,0.0,0.0,0.1325,0.1842,0.001651,0.31839999999999996,0.0,0.0,0.0,0.0,0.0,0.0,0.0,0.0,0.0,0.0,0.0,0.0,0.0,0.0,0.0,0.0,vectored,valid25,2,2026-08-03T21:54:43+00:00
crossbar_32_8_4_16nm_TT_0V85_25C_1333p33MHz,crossbar,data_width=32;num_inputs=8;num_outputs=4,16nm,TT,0.85,25.0,0.75,1333.3333333333333,32,8,4,V-2023.12-SP4,1689,1689,0,377.291528,377.291528,0.0,0.0,0.0,0.54,0.01,0.0,0,V-2023.12-SP4,1346,1346,0,328.46,328.46,0.0,532.5005,0.6168,0.0,0.0,0.56,-0.01,-0.01,2,V-2023.12-SP3,V-2023.12-SP4,0.3539,0.44670000000000004,0.00047999999999999996,0.8011,0.8006,0.6004499999999999,0.0,0.0,0.0,0.0,0.0,0.0,0.0,0.0,0.3539,0.44670000000000004,0.00047999999999999996,0.8011,0.0,0.0,0.0,0.0,0.0,0.0,0.0,0.0,0.0,0.0,0.0,0.0,0.0,0.0,0.0,0.0,unvectored,none,2,2026-08-03T22:04:18+00:00
crossbar_32_8_4_16nm_TT_0V85_25C_1333p33MHz,crossbar,data_width=32;num_inputs=8;num_outputs=4,16nm,TT,0.85,25.0,0.75,1333.3333333333333,32,8,4,V-2023.12-SP4,1689,1689,0,377.291528,377.291528,0.0,0.0,0.0,0.54,0.01,0.0,0,V-2023.12-SP4,1346,1346,0,328.46,328.46,0.0,532.5005,0.6168,0.0,0.0,0.56,-0.01,-0.01,2,V-2023.12-SP3,V-2023.12-SP4,0.5228,0.6225,0.0004736,1.1460000000000001,1.1453000000000002,0.8589750000000002,0.0,0.0,0.0,0.0,0.0,0.0,0.0,0.0,0.5228,0.6225,0.0004736,1.1460000000000001,0.0,0.0,0.0,0.0,0.0,0.0,0.0,0.0,0.0,0.0,0.0,0.0,0.0,0.0,0.0,0.0,vectored,random,2,2026-08-03T22:04:25+00:00
crossbar_32_8_4_16nm_TT_0V85_25C_1333p33MHz,crossbar,data_width=32;num_inputs=8;num_outputs=4,16nm,TT,0.85,25.0,0.75,1333.3333333333333,32,8,4,V-2023.12-SP4,1689,1689,0,377.291528,377.291528,0.0,0.0,0.0,0.54,0.01,0.0,0,V-2023.12-SP4,1346,1346,0,328.46,328.46,0.0,532.5005,0.6168,0.0,0.0,0.56,-0.01,-0.01,2,V-2023.12-SP3,V-2023.12-SP4,0.2112,0.241,0.0004672,0.4527,0.4522,0.33915,0.0,0.0,0.0,0.0,0.0,0.0,0.0,0.0,0.2112,0.241,0.0004672,0.4527,0.0,0.0,0.0,0.0,0.0,0.0,0.0,0.0,0.0,0.0,0.0,0.0,0.0,0.0,0.0,0.0,vectored,fixed_route,2,2026-08-03T22:04:31+00:00
crossbar_32_8_4_16nm_TT_0V85_25C_1333p33MHz,crossbar,data_width=32;num_inputs=8;num_outputs=4,16nm,TT,0.85,25.0,0.75,1333.3333333333333,32,8,4,V-2023.12-SP4,1689,1689,0,377.291528,377.291528,0.0,0.0,0.0,0.54,0.01,0.0,0,V-2023.12-SP4,1346,1346,0,328.46,328.46,0.0,532.5005,0.6168,0.0,0.0,0.56,-0.01,-0.01,2,V-2023.12-SP3,V-2023.12-SP4,0.1865,0.22599999999999998,0.0004862,0.4129,0.4125,0.30937499999999996,0.0,0.0,0.0,0.0,0.0,0.0,0.0,0.0,0.1865,0.22599999999999998,0.0004862,0.4129,0.0,0.0,0.0,0.0,0.0,0.0,0.0,0.0,0.0,0.0,0.0,0.0,0.0,0.0,0.0,0.0,vectored,valid25,2,2026-08-03T22:04:37+00:00
crossbar_32_2_2_7nm_TT_0V75_25C_1333p33MHz,crossbar,data_width=32;num_inputs=2;num_outputs=2,7nm,TT,0.75,25.0,0.75,1333.3333333333333,32,2,2,V-2023.12-SP4,143,143,0,7.951104,7.951104,0.0,0.0,0.0,0.38,0.17,0.0,0,V-2023.12-SP4,143,143,0,8.02,8.02,0.0,10.9025,0.7352,0.0,0.0,0.23,0.32,0.0,0,V-2023.12-SP3,V-2023.12-SP4,0.02319,0.02998,2.842e-05,0.0532,0.053169999999999995,0.039877499999999996,0.0,0.0,0.0,0.0,0.0,0.0,0.0,0.0,0.02319,0.02998,2.842e-05,0.0532,0.0,0.0,0.0,0.0,0.0,0.0,0.0,0.0,0.0,0.0,0.0,0.0,0.0,0.0,0.0,0.0,unvectored,none,2,2026-08-03T22:06:20+00:00
crossbar_32_2_2_7nm_TT_0V75_25C_1333p33MHz,crossbar,data_width=32;num_inputs=2;num_outputs=2,7nm,TT,0.75,25.0,0.75,1333.3333333333333,32,2,2,V-2023.12-SP4,143,143,0,7.951104,7.951104,0.0,0.0,0.0,0.38,0.17,0.0,0,V-2023.12-SP4,143,143,0,8.02,8.02,0.0,10.9025,0.7352,0.0,0.0,0.23,0.32,0.0,0,V-2023.12-SP3,V-2023.12-SP4,0.04186,0.04744,2.894e-05,0.08933,0.0893,0.066975,0.0,0.0,0.0,0.0,0.0,0.0,0.0,0.0,0.04186,0.04744,2.894e-05,0.08933,0.0,0.0,0.0,0.0,0.0,0.0,0.0,0.0,0.0,0.0,0.0,0.0,0.0,0.0,0.0,0.0,vectored,random,2,2026-08-03T22:06:27+00:00
crossbar_32_2_2_7nm_TT_0V75_25C_1333p33MHz,crossbar,data_width=32;num_inputs=2;num_outputs=2,7nm,TT,0.75,25.0,0.75,1333.3333333333333,32,2,2,V-2023.12-SP4,143,143,0,7.951104,7.951104,0.0,0.0,0.0,0.38,0.17,0.0,0,V-2023.12-SP4,143,143,0,8.02,8.02,0.0,10.9025,0.7352,0.0,0.0,0.23,0.32,0.0,0,V-2023.12-SP3,V-2023.12-SP4,0.02654,0.015130000000000001,2.952e-05,0.041699999999999994,0.04167,0.0312525,0.0,0.0,0.0,0.0,0.0,0.0,0.0,0.0,0.02654,0.015130000000000001,2.952e-05,0.041699999999999994,0.0,0.0,0.0,0.0,0.0,0.0,0.0,0.0,0.0,0.0,0.0,0.0,0.0,0.0,0.0,0.0,vectored,fixed_route,2,2026-08-03T22:06:33+00:00
crossbar_32_2_2_7nm_TT_0V75_25C_1333p33MHz,crossbar,data_width=32;num_inputs=2;num_outputs=2,7nm,TT,0.75,25.0,0.75,1333.3333333333333,32,2,2,V-2023.12-SP4,143,143,0,7.951104,7.951104,0.0,0.0,0.0,0.38,0.17,0.0,0,V-2023.12-SP4,143,143,0,8.02,8.02,0.0,10.9025,0.7352,0.0,0.0,0.23,0.32,0.0,0,V-2023.12-SP3,V-2023.12-SP4,0.01322,0.01768,2.796e-05,0.030920000000000003,0.030900000000000004,0.023175,0.0,0.0,0.0,0.0,0.0,0.0,0.0,0.0,0.01322,0.01768,2.796e-05,0.030920000000000003,0.0,0.0,0.0,0.0,0.0,0.0,0.0,0.0,0.0,0.0,0.0,0.0,0.0,0.0,0.0,0.0,vectored,valid25,2,2026-08-03T22:06:39+00:00
crossbar_32_8_4_16nm_TT_0V85_25C_800MHz,crossbar,data_width=32;num_inputs=8;num_outputs=4,16nm,TT,0.85,25.0,1.25,800.0,32,8,4,V-2023.12-SP4,1806,1806,0,395.394056,395.394056,0.0,0.0,0.0,1.05,0.0,0.0,0,V-2023.12-SP4,1506,1506,0,345.38,345.38,0.0,561.1162,0.6155,0.0,0.0,1.04,0.01,0.0,0,V-2023.12-SP3,V-2023.12-SP4,0.2318,0.33540000000000003,0.0005108999999999999,0.5677,0.5672,0.7090000000000001,0.0,0.0,0.0,0.0,0.0,0.0,0.0,0.0,0.2318,0.33540000000000003,0.0005108999999999999,0.5677,0.0,0.0,0.0,0.0,0.0,0.0,0.0,0.0,0.0,0.0,0.0,0.0,0.0,0.0,0.0,0.0,unvectored,none,2,2026-08-03T22:07:14+00:00
crossbar_32_16_16_16nm_TT_0V85_25C_1000MHz,crossbar,data_width=32;num_inputs=16;num_outputs=16,16nm,TT,0.85,25.0,1.0,1000.0,32,16,16,V-2023.12-SP4,13236,13236,0,3101.317699,3101.317699,0.0,0.0,0.0,0.8,0.0,0.0,0,V-2023.12-SP4,11619,11619,0,2850.0,2850.0,0.0,4406.8147,0.6467,0.0,0.0,0.91,-0.11,-2.35,170,V-2023.12-SP3,V-2023.12-SP4,1.14,2.178,0.004483,3.322,3.3179999999999996,3.3179999999999996,0.0,0.0,0.0,0.0,0.0,0.0,0.0,0.0,1.14,2.178,0.004483,3.322,0.0,0.0,0.0,0.0,0.0,0.0,0.0,0.0,0.0,0.0,0.0,0.0,0.0,0.0,0.0,0.0,unvectored,none,2,2026-08-03T22:07:15+00:00
crossbar_32_8_4_16nm_TT_0V85_25C_800MHz,crossbar,data_width=32;num_inputs=8;num_outputs=4,16nm,TT,0.85,25.0,1.25,800.0,32,8,4,V-2023.12-SP4,1806,1806,0,395.394056,395.394056,0.0,0.0,0.0,1.05,0.0,0.0,0,V-2023.12-SP4,1506,1506,0,345.38,345.38,0.0,561.1162,0.6155,0.0,0.0,1.04,0.01,0.0,0,V-2023.12-SP3,V-2023.12-SP4,0.38880000000000003,0.5159,0.0005022000000000001,0.9053000000000001,0.9047000000000001,1.130875,0.0,0.0,0.0,0.0,0.0,0.0,0.0,0.0,0.38880000000000003,0.5159,0.0005022000000000001,0.9053000000000001,0.0,0.0,0.0,0.0,0.0,0.0,0.0,0.0,0.0,0.0,0.0,0.0,0.0,0.0,0.0,0.0,vectored,random,2,2026-08-03T22:07:21+00:00
crossbar_32_16_16_16nm_TT_0V85_25C_1000MHz,crossbar,data_width=32;num_inputs=16;num_outputs=16,16nm,TT,0.85,25.0,1.0,1000.0,32,16,16,V-2023.12-SP4,13236,13236,0,3101.317699,3101.317699,0.0,0.0,0.0,0.8,0.0,0.0,0,V-2023.12-SP4,11619,11619,0,2850.0,2850.0,0.0,4406.8147,0.6467,0.0,0.0,0.91,-0.11,-2.35,170,V-2023.12-SP3,V-2023.12-SP4,1.7630000000000001,3.205,0.0044410000000000005,4.9719999999999995,4.968,4.968,0.0,0.0,0.0,0.0,0.0,0.0,0.0,0.0,1.7630000000000001,3.205,0.0044410000000000005,4.9719999999999995,0.0,0.0,0.0,0.0,0.0,0.0,0.0,0.0,0.0,0.0,0.0,0.0,0.0,0.0,0.0,0.0,vectored,random,2,2026-08-03T22:07:22+00:00
crossbar_32_8_4_16nm_TT_0V85_25C_800MHz,crossbar,data_width=32;num_inputs=8;num_outputs=4,16nm,TT,0.85,25.0,1.25,800.0,32,8,4,V-2023.12-SP4,1806,1806,0,395.394056,395.394056,0.0,0.0,0.0,1.05,0.0,0.0,0,V-2023.12-SP4,1506,1506,0,345.38,345.38,0.0,561.1162,0.6155,0.0,0.0,1.04,0.01,0.0,0,V-2023.12-SP3,V-2023.12-SP4,0.1628,0.2395,0.0004951,0.4029,0.4023,0.502875,0.0,0.0,0.0,0.0,0.0,0.0,0.0,0.0,0.1628,0.2395,0.0004951,0.4029,0.0,0.0,0.0,0.0,0.0,0.0,0.0,0.0,0.0,0.0,0.0,0.0,0.0,0.0,0.0,0.0,vectored,fixed_route,2,2026-08-03T22:07:27+00:00
crossbar_32_16_16_16nm_TT_0V85_25C_1000MHz,crossbar,data_width=32;num_inputs=16;num_outputs=16,16nm,TT,0.85,25.0,1.0,1000.0,32,16,16,V-2023.12-SP4,13236,13236,0,3101.317699,3101.317699,0.0,0.0,0.0,0.8,0.0,0.0,0,V-2023.12-SP4,11619,11619,0,2850.0,2850.0,0.0,4406.8147,0.6467,0.0,0.0,0.91,-0.11,-2.35,170,V-2023.12-SP3,V-2023.12-SP4,0.7475,1.603,0.004381,2.355,2.3505000000000003,2.3505000000000003,0.0,0.0,0.0,0.0,0.0,0.0,0.0,0.0,0.7475,1.603,0.004381,2.355,0.0,0.0,0.0,0.0,0.0,0.0,0.0,0.0,0.0,0.0,0.0,0.0,0.0,0.0,0.0,0.0,vectored,fixed_route,2,2026-08-03T22:07:30+00:00
crossbar_32_8_4_16nm_TT_0V85_25C_800MHz,crossbar,data_width=32;num_inputs=8;num_outputs=4,16nm,TT,0.85,25.0,1.25,800.0,32,8,4,V-2023.12-SP4,1806,1806,0,395.394056,395.394056,0.0,0.0,0.0,1.05,0.0,0.0,0,V-2023.12-SP4,1506,1506,0,345.38,345.38,0.0,561.1162,0.6155,0.0,0.0,1.04,0.01,0.0,0,V-2023.12-SP3,V-2023.12-SP4,0.12589999999999998,0.16899999999999998,0.0005187,0.29540000000000005,0.29489999999999994,0.3686249999999999,0.0,0.0,0.0,0.0,0.0,0.0,0.0,0.0,0.12589999999999998,0.16899999999999998,0.0005187,0.29540000000000005,0.0,0.0,0.0,0.0,0.0,0.0,0.0,0.0,0.0,0.0,0.0,0.0,0.0,0.0,0.0,0.0,vectored,valid25,2,2026-08-03T22:07:33+00:00
crossbar_32_16_16_16nm_TT_0V85_25C_1000MHz,crossbar,data_width=32;num_inputs=16;num_outputs=16,16nm,TT,0.85,25.0,1.0,1000.0,32,16,16,V-2023.12-SP4,13236,13236,0,3101.317699,3101.317699,0.0,0.0,0.0,0.8,0.0,0.0,0,V-2023.12-SP4,11619,11619,0,2850.0,2850.0,0.0,4406.8147,0.6467,0.0,0.0,0.91,-0.11,-2.35,170,V-2023.12-SP3,V-2023.12-SP4,0.4733,0.8644,0.0045179999999999994,1.342,1.3377,1.3377,0.0,0.0,0.0,0.0,0.0,0.0,0.0,0.0,0.4733,0.8644,0.0045179999999999994,1.342,0.0,0.0,0.0,0.0,0.0,0.0,0.0,0.0,0.0,0.0,0.0,0.0,0.0,0.0,0.0,0.0,vectored,valid25,2,2026-08-03T22:07:37+00:00
crossbar_32_2_2_7nm_TT_0V75_25C_800MHz,crossbar,data_width=32;num_inputs=2;num_outputs=2,7nm,TT,0.75,25.0,1.25,800.0,32,2,2,V-2023.12-SP4,143,143,0,7.951104,7.951104,0.0,0.0,0.0,0.38,0.67,0.0,0,V-2023.12-SP4,142,142,0,7.97,7.97,0.0,10.9025,0.7308,0.0,0.0,0.17,0.88,0.0,0,V-2023.12-SP3,V-2023.12-SP4,0.013730000000000001,0.01791,2.802e-05,0.03167,0.03164,0.03955,0.0,0.0,0.0,0.0,0.0,0.0,0.0,0.0,0.013730000000000001,0.01791,2.802e-05,0.03167,0.0,0.0,0.0,0.0,0.0,0.0,0.0,0.0,0.0,0.0,0.0,0.0,0.0,0.0,0.0,0.0,unvectored,none,2,2026-08-03T22:08:57+00:00
crossbar_32_2_2_7nm_TT_0V75_25C_800MHz,crossbar,data_width=32;num_inputs=2;num_outputs=2,7nm,TT,0.75,25.0,1.25,800.0,32,2,2,V-2023.12-SP4,143,143,0,7.951104,7.951104,0.0,0.0,0.0,0.38,0.67,0.0,0,V-2023.12-SP4,142,142,0,7.97,7.97,0.0,10.9025,0.7308,0.0,0.0,0.17,0.88,0.0,0,V-2023.12-SP3,V-2023.12-SP4,0.02491,0.02846,2.8579999999999997e-05,0.053399999999999996,0.05337,0.06671250000000001,0.0,0.0,0.0,0.0,0.0,0.0,0.0,0.0,0.02491,0.02846,2.8579999999999997e-05,0.053399999999999996,0.0,0.0,0.0,0.0,0.0,0.0,0.0,0.0,0.0,0.0,0.0,0.0,0.0,0.0,0.0,0.0,vectored,random,2,2026-08-03T22:09:04+00:00
crossbar_32_2_2_7nm_TT_0V75_25C_800MHz,crossbar,data_width=32;num_inputs=2;num_outputs=2,7nm,TT,0.75,25.0,1.25,800.0,32,2,2,V-2023.12-SP4,143,143,0,7.951104,7.951104,0.0,0.0,0.0,0.38,0.67,0.0,0,V-2023.12-SP4,142,142,0,7.97,7.97,0.0,10.9025,0.7308,0.0,0.0,0.17,0.88,0.0,0,V-2023.12-SP3,V-2023.12-SP4,0.01594,0.009172,2.923e-05,0.02514,0.025112,0.03139,0.0,0.0,0.0,0.0,0.0,0.0,0.0,0.0,0.01594,0.009172,2.923e-05,0.02514,0.0,0.0,0.0,0.0,0.0,0.0,0.0,0.0,0.0,0.0,0.0,0.0,0.0,0.0,0.0,0.0,vectored,fixed_route,2,2026-08-03T22:09:10+00:00
crossbar_32_2_2_7nm_TT_0V75_25C_800MHz,crossbar,data_width=32;num_inputs=2;num_outputs=2,7nm,TT,0.75,25.0,1.25,800.0,32,2,2,V-2023.12-SP4,143,143,0,7.951104,7.951104,0.0,0.0,0.0,0.38,0.67,0.0,0,V-2023.12-SP4,142,142,0,7.97,7.97,0.0,10.9025,0.7308,0.0,0.0,0.17,0.88,0.0,0,V-2023.12-SP3,V-2023.12-SP4,0.007733,0.01035,2.755e-05,0.01811,0.018083000000000002,0.022603750000000002,0.0,0.0,0.0,0.0,0.0,0.0,0.0,0.0,0.007733,0.01035,2.755e-05,0.01811,0.0,0.0,0.0,0.0,0.0,0.0,0.0,0.0,0.0,0.0,0.0,0.0,0.0,0.0,0.0,0.0,vectored,valid25,2,2026-08-03T22:09:16+00:00
crossbar_32_16_16_16nm_TT_0V85_25C_666p667MHz,crossbar,data_width=32;num_inputs=16;num_outputs=16,16nm,TT,0.85,25.0,1.5,666.6666666666666,32,16,16,V-2023.12-SP4,13141,13141,0,3084.272703,3084.272703,0.0,0.0,0.0,1.3,0.0,0.0,0,V-2023.12-SP4,11271,11271,0,2745.18,2745.18,0.0,4392.5069,0.625,0.0,0.0,1.35,-0.05,-0.38,27,V-2023.12-SP3,V-2023.12-SP4,0.8653000000000001,1.601,0.004273,2.471,2.4663,3.6994499999999997,0.0,0.0,0.0,0.0,0.0,0.0,0.0,0.0,0.8653000000000001,1.601,0.004273,2.471,0.0,0.0,0.0,0.0,0.0,0.0,0.0,0.0,0.0,0.0,0.0,0.0,0.0,0.0,0.0,0.0,unvectored,none,2,2026-08-03T22:11:07+00:00
crossbar_32_16_16_16nm_TT_0V85_25C_666p667MHz,crossbar,data_width=32;num_inputs=16;num_outputs=16,16nm,TT,0.85,25.0,1.5,666.6666666666666,32,16,16,V-2023.12-SP4,13141,13141,0,3084.272703,3084.272703,0.0,0.0,0.0,1.3,0.0,0.0,0,V-2023.12-SP4,11271,11271,0,2745.18,2745.18,0.0,4392.5069,0.625,0.0,0.0,1.35,-0.05,-0.38,27,V-2023.12-SP3,V-2023.12-SP4,1.431,2.448,0.004213,3.884,3.879,5.8185,0.0,0.0,0.0,0.0,0.0,0.0,0.0,0.0,1.431,2.448,0.004213,3.884,0.0,0.0,0.0,0.0,0.0,0.0,0.0,0.0,0.0,0.0,0.0,0.0,0.0,0.0,0.0,0.0,vectored,random,2,2026-08-03T22:11:14+00:00
crossbar_32_16_16_16nm_TT_0V85_25C_666p667MHz,crossbar,data_width=32;num_inputs=16;num_outputs=16,16nm,TT,0.85,25.0,1.5,666.6666666666666,32,16,16,V-2023.12-SP4,13141,13141,0,3084.272703,3084.272703,0.0,0.0,0.0,1.3,0.0,0.0,0,V-2023.12-SP4,11271,11271,0,2745.18,2745.18,0.0,4392.5069,0.625,0.0,0.0,1.35,-0.05,-0.38,27,V-2023.12-SP3,V-2023.12-SP4,0.6317,1.276,0.004134,1.9120000000000001,1.9077000000000002,2.8615500000000003,0.0,0.0,0.0,0.0,0.0,0.0,0.0,0.0,0.6317,1.276,0.004134,1.9120000000000001,0.0,0.0,0.0,0.0,0.0,0.0,0.0,0.0,0.0,0.0,0.0,0.0,0.0,0.0,0.0,0.0,vectored,fixed_route,2,2026-08-03T22:11:22+00:00
crossbar_32_16_16_16nm_TT_0V85_25C_666p667MHz,crossbar,data_width=32;num_inputs=16;num_outputs=16,16nm,TT,0.85,25.0,1.5,666.6666666666666,32,16,16,V-2023.12-SP4,13141,13141,0,3084.272703,3084.272703,0.0,0.0,0.0,1.3,0.0,0.0,0,V-2023.12-SP4,11271,11271,0,2745.18,2745.18,0.0,4392.5069,0.625,0.0,0.0,1.35,-0.05,-0.38,27,V-2023.12-SP3,V-2023.12-SP4,0.3637,0.639,0.0043159999999999995,1.0070000000000001,1.0027,1.5040499999999999,0.0,0.0,0.0,0.0,0.0,0.0,0.0,0.0,0.3637,0.639,0.0043159999999999995,1.0070000000000001,0.0,0.0,0.0,0.0,0.0,0.0,0.0,0.0,0.0,0.0,0.0,0.0,0.0,0.0,0.0,0.0,vectored,valid25,2,2026-08-03T22:11:29+00:00
crossbar_32_4_4_7nm_TT_0V75_25C_1333p33MHz,crossbar,data_width=32;num_inputs=4;num_outputs=4,7nm,TT,0.75,25.0,0.75,1333.3333333333333,32,4,4,V-2023.12-SP4,467,467,0,31.014145,31.014145,0.0,0.0,0.0,0.54,0.01,0.0,0,V-2023.12-SP4,461,461,0,30.97,30.97,0.0,43.6101,0.7101,0.0,0.0,0.49,0.06,0.0,0,V-2023.12-SP3,V-2023.12-SP4,0.06723000000000001,0.09078,0.00011109999999999999,0.1581,0.15801,0.11850750000000002,0.0,0.0,0.0,0.0,0.0,0.0,0.0,0.0,0.06723000000000001,0.09078,0.00011109999999999999,0.1581,0.0,0.0,0.0,0.0,0.0,0.0,0.0,0.0,0.0,0.0,0.0,0.0,0.0,0.0,0.0,0.0,unvectored,none,2,2026-08-03T22:12:49+00:00
crossbar_32_4_4_7nm_TT_0V75_25C_1333p33MHz,crossbar,data_width=32;num_inputs=4;num_outputs=4,7nm,TT,0.75,25.0,0.75,1333.3333333333333,32,4,4,V-2023.12-SP4,467,467,0,31.014145,31.014145,0.0,0.0,0.0,0.54,0.01,0.0,0,V-2023.12-SP4,461,461,0,30.97,30.97,0.0,43.6101,0.7101,0.0,0.0,0.49,0.06,0.0,0,V-2023.12-SP3,V-2023.12-SP4,0.1256,0.155,0.0001104,0.2807,0.28059999999999996,0.21044999999999997,0.0,0.0,0.0,0.0,0.0,0.0,0.0,0.0,0.1256,0.155,0.0001104,0.2807,0.0,0.0,0.0,0.0,0.0,0.0,0.0,0.0,0.0,0.0,0.0,0.0,0.0,0.0,0.0,0.0,vectored,random,2,2026-08-03T22:12:56+00:00
crossbar_32_4_4_7nm_TT_0V75_25C_1333p33MHz,crossbar,data_width=32;num_inputs=4;num_outputs=4,7nm,TT,0.75,25.0,0.75,1333.3333333333333,32,4,4,V-2023.12-SP4,467,467,0,31.014145,31.014145,0.0,0.0,0.0,0.54,0.01,0.0,0,V-2023.12-SP4,461,461,0,30.97,30.97,0.0,43.6101,0.7101,0.0,0.0,0.49,0.06,0.0,0,V-2023.12-SP3,V-2023.12-SP4,0.05788,0.03876,0.0001097,0.09674999999999999,0.09664,0.07248,0.0,0.0,0.0,0.0,0.0,0.0,0.0,0.0,0.05788,0.03876,0.0001097,0.09674999999999999,0.0,0.0,0.0,0.0,0.0,0.0,0.0,0.0,0.0,0.0,0.0,0.0,0.0,0.0,0.0,0.0,vectored,fixed_route,2,2026-08-03T22:13:02+00:00
crossbar_32_4_4_7nm_TT_0V75_25C_1333p33MHz,crossbar,data_width=32;num_inputs=4;num_outputs=4,7nm,TT,0.75,25.0,0.75,1333.3333333333333,32,4,4,V-2023.12-SP4,467,467,0,31.014145,31.014145,0.0,0.0,0.0,0.54,0.01,0.0,0,V-2023.12-SP4,461,461,0,30.97,30.97,0.0,43.6101,0.7101,0.0,0.0,0.49,0.06,0.0,0,V-2023.12-SP3,V-2023.12-SP4,0.03427,0.0467,0.0001117,0.08108,0.08097,0.060727500000000004,0.0,0.0,0.0,0.0,0.0,0.0,0.0,0.0,0.03427,0.0467,0.0001117,0.08108,0.0,0.0,0.0,0.0,0.0,0.0,0.0,0.0,0.0,0.0,0.0,0.0,0.0,0.0,0.0,0.0,vectored,valid25,2,2026-08-03T22:13:08+00:00
crossbar_32_16_8_16nm_TT_0V85_25C_666p667MHz,crossbar,data_width=32;num_inputs=16;num_outputs=8,16nm,TT,0.85,25.0,1.5,666.6666666666666,32,16,8,V-2023.12-SP4,6121,6121,0,1425.496355,1425.496355,0.0,0.0,0.0,1.3,0.0,0.0,0,V-2023.12-SP4,5082,5082,0,1264.5,1264.5,0.0,2023.3774,0.6249,0.0,0.0,1.34,-0.04,-0.06,2,V-2023.12-SP3,V-2023.12-SP4,0.5754,0.9349000000000001,0.001879,1.512,1.5103,2.26545,0.0,0.0,0.0,0.0,0.0,0.0,0.0,0.0,0.5754,0.9349000000000001,0.001879,1.512,0.0,0.0,0.0,0.0,0.0,0.0,0.0,0.0,0.0,0.0,0.0,0.0,0.0,0.0,0.0,0.0,unvectored,none,2,2026-08-03T22:13:36+00:00
crossbar_32_16_8_16nm_TT_0V85_25C_666p667MHz,crossbar,data_width=32;num_inputs=16;num_outputs=8,16nm,TT,0.85,25.0,1.5,666.6666666666666,32,16,8,V-2023.12-SP4,6121,6121,0,1425.496355,1425.496355,0.0,0.0,0.0,1.3,0.0,0.0,0,V-2023.12-SP4,5082,5082,0,1264.5,1264.5,0.0,2023.3774,0.6249,0.0,0.0,1.34,-0.04,-0.06,2,V-2023.12-SP3,V-2023.12-SP4,0.8986000000000001,1.388,0.0018470000000000001,2.2889999999999997,2.2866,3.4299,0.0,0.0,0.0,0.0,0.0,0.0,0.0,0.0,0.8986000000000001,1.388,0.0018470000000000001,2.2889999999999997,0.0,0.0,0.0,0.0,0.0,0.0,0.0,0.0,0.0,0.0,0.0,0.0,0.0,0.0,0.0,0.0,vectored,random,2,2026-08-03T22:13:43+00:00
crossbar_32_16_8_16nm_TT_0V85_25C_666p667MHz,crossbar,data_width=32;num_inputs=16;num_outputs=8,16nm,TT,0.85,25.0,1.5,666.6666666666666,32,16,8,V-2023.12-SP4,6121,6121,0,1425.496355,1425.496355,0.0,0.0,0.0,1.3,0.0,0.0,0,V-2023.12-SP4,5082,5082,0,1264.5,1264.5,0.0,2023.3774,0.6249,0.0,0.0,1.34,-0.04,-0.06,2,V-2023.12-SP3,V-2023.12-SP4,0.38079999999999997,0.6149,0.001799,0.9974999999999999,0.9957,1.49355,0.0,0.0,0.0,0.0,0.0,0.0,0.0,0.0,0.38079999999999997,0.6149,0.001799,0.9974999999999999,0.0,0.0,0.0,0.0,0.0,0.0,0.0,0.0,0.0,0.0,0.0,0.0,0.0,0.0,0.0,0.0,vectored,fixed_route,2,2026-08-03T22:13:50+00:00
crossbar_32_16_8_16nm_TT_0V85_25C_666p667MHz,crossbar,data_width=32;num_inputs=16;num_outputs=8,16nm,TT,0.85,25.0,1.5,666.6666666666666,32,16,8,V-2023.12-SP4,6121,6121,0,1425.496355,1425.496355,0.0,0.0,0.0,1.3,0.0,0.0,0,V-2023.12-SP4,5082,5082,0,1264.5,1264.5,0.0,2023.3774,0.6249,0.0,0.0,1.34,-0.04,-0.06,2,V-2023.12-SP3,V-2023.12-SP4,0.2934,0.4632,0.0019080000000000002,0.7585,0.7565999999999999,1.1349,0.0,0.0,0.0,0.0,0.0,0.0,0.0,0.0,0.2934,0.4632,0.0019080000000000002,0.7585,0.0,0.0,0.0,0.0,0.0,0.0,0.0,0.0,0.0,0.0,0.0,0.0,0.0,0.0,0.0,0.0,vectored,valid25,2,2026-08-03T22:13:57+00:00
crossbar_32_4_8_16nm_TT_0V85_25C_1333p33MHz,crossbar,data_width=32;num_inputs=4;num_outputs=8,16nm,TT,0.85,25.0,0.75,1333.3333333333333,32,4,8,V-2023.12-SP4,926,926,0,243.730953,243.730953,0.0,0.0,0.0,0.55,0.0,0.0,0,V-2023.12-SP4,926,926,0,247.09,247.09,0.0,342.3928,0.7217,0.0,0.0,0.55,0.0,0.0,0,V-2023.12-SP3,V-2023.12-SP4,0.1652,0.1756,0.00036819999999999995,0.3412,0.3408,0.2556,0.0,0.0,0.0,0.0,0.0,0.0,0.0,0.0,0.1652,0.1756,0.00036819999999999995,0.3412,0.0,0.0,0.0,0.0,0.0,0.0,0.0,0.0,0.0,0.0,0.0,0.0,0.0,0.0,0.0,0.0,unvectored,none,2,2026-08-03T22:13:59+00:00
crossbar_32_4_8_16nm_TT_0V85_25C_1333p33MHz,crossbar,data_width=32;num_inputs=4;num_outputs=8,16nm,TT,0.85,25.0,0.75,1333.3333333333333,32,4,8,V-2023.12-SP4,926,926,0,243.730953,243.730953,0.0,0.0,0.0,0.55,0.0,0.0,0,V-2023.12-SP4,926,926,0,247.09,247.09,0.0,342.3928,0.7217,0.0,0.0,0.55,0.0,0.0,0,V-2023.12-SP3,V-2023.12-SP4,0.28430000000000005,0.2738,0.00036889999999999997,0.5585,0.5581,0.41857500000000003,0.0,0.0,0.0,0.0,0.0,0.0,0.0,0.0,0.28430000000000005,0.2738,0.00036889999999999997,0.5585,0.0,0.0,0.0,0.0,0.0,0.0,0.0,0.0,0.0,0.0,0.0,0.0,0.0,0.0,0.0,0.0,vectored,random,2,2026-08-03T22:14:05+00:00
crossbar_32_4_8_16nm_TT_0V85_25C_1333p33MHz,crossbar,data_width=32;num_inputs=4;num_outputs=8,16nm,TT,0.85,25.0,0.75,1333.3333333333333,32,4,8,V-2023.12-SP4,926,926,0,243.730953,243.730953,0.0,0.0,0.0,0.55,0.0,0.0,0,V-2023.12-SP4,926,926,0,247.09,247.09,0.0,342.3928,0.7217,0.0,0.0,0.55,0.0,0.0,0,V-2023.12-SP3,V-2023.12-SP4,0.09666,0.05734,0.0003697,0.1544,0.154,0.11549999999999999,0.0,0.0,0.0,0.0,0.0,0.0,0.0,0.0,0.09666,0.05734,0.0003697,0.1544,0.0,0.0,0.0,0.0,0.0,0.0,0.0,0.0,0.0,0.0,0.0,0.0,0.0,0.0,0.0,0.0,vectored,fixed_route,2,2026-08-03T22:14:12+00:00
crossbar_32_4_8_16nm_TT_0V85_25C_1333p33MHz,crossbar,data_width=32;num_inputs=4;num_outputs=8,16nm,TT,0.85,25.0,0.75,1333.3333333333333,32,4,8,V-2023.12-SP4,926,926,0,243.730953,243.730953,0.0,0.0,0.0,0.55,0.0,0.0,0,V-2023.12-SP4,926,926,0,247.09,247.09,0.0,342.3928,0.7217,0.0,0.0,0.55,0.0,0.0,0,V-2023.12-SP3,V-2023.12-SP4,0.07005,0.07381,0.0003678,0.1442,0.14386,0.10789499999999999,0.0,0.0,0.0,0.0,0.0,0.0,0.0,0.0,0.07005,0.07381,0.0003678,0.1442,0.0,0.0,0.0,0.0,0.0,0.0,0.0,0.0,0.0,0.0,0.0,0.0,0.0,0.0,0.0,0.0,vectored,valid25,2,2026-08-03T22:14:18+00:00
crossbar_32_16_8_16nm_TT_0V85_25C_1000MHz,crossbar,data_width=32;num_inputs=16;num_outputs=8,16nm,TT,0.85,25.0,1.0,1000.0,32,16,8,V-2023.12-SP4,6359,6359,0,1482.478883,1482.478883,0.0,0.0,0.0,0.8,0.0,0.0,0,V-2023.12-SP4,5827,5827,0,1418.84,1418.84,0.0,2093.548,0.6777,0.0,0.0,0.84,-0.04,-0.16,9,V-2023.12-SP3,V-2023.12-SP4,0.8553999999999999,1.374,0.002219,2.232,2.2294,2.2294,0.0,0.0,0.0,0.0,0.0,0.0,0.0,0.0,0.8553999999999999,1.374,0.002219,2.232,0.0,0.0,0.0,0.0,0.0,0.0,0.0,0.0,0.0,0.0,0.0,0.0,0.0,0.0,0.0,0.0,unvectored,none,2,2026-08-03T22:15:40+00:00
crossbar_32_16_8_16nm_TT_0V85_25C_1000MHz,crossbar,data_width=32;num_inputs=16;num_outputs=8,16nm,TT,0.85,25.0,1.0,1000.0,32,16,8,V-2023.12-SP4,6359,6359,0,1482.478883,1482.478883,0.0,0.0,0.0,0.8,0.0,0.0,0,V-2023.12-SP4,5827,5827,0,1418.84,1418.84,0.0,2093.548,0.6777,0.0,0.0,0.84,-0.04,-0.16,9,V-2023.12-SP3,V-2023.12-SP4,1.26,1.923,0.002191,3.185,3.183,3.183,0.0,0.0,0.0,0.0,0.0,0.0,0.0,0.0,1.26,1.923,0.002191,3.185,0.0,0.0,0.0,0.0,0.0,0.0,0.0,0.0,0.0,0.0,0.0,0.0,0.0,0.0,0.0,0.0,vectored,random,2,2026-08-03T22:15:47+00:00
crossbar_32_16_8_16nm_TT_0V85_25C_1000MHz,crossbar,data_width=32;num_inputs=16;num_outputs=8,16nm,TT,0.85,25.0,1.0,1000.0,32,16,8,V-2023.12-SP4,6359,6359,0,1482.478883,1482.478883,0.0,0.0,0.0,0.8,0.0,0.0,0,V-2023.12-SP4,5827,5827,0,1418.84,1418.84,0.0,2093.548,0.6777,0.0,0.0,0.84,-0.04,-0.16,9,V-2023.12-SP3,V-2023.12-SP4,0.4971,0.8331000000000001,0.002165,1.332,1.3302,1.3302,0.0,0.0,0.0,0.0,0.0,0.0,0.0,0.0,0.4971,0.8331000000000001,0.002165,1.332,0.0,0.0,0.0,0.0,0.0,0.0,0.0,0.0,0.0,0.0,0.0,0.0,0.0,0.0,0.0,0.0,vectored,fixed_route,2,2026-08-03T22:15:54+00:00
crossbar_32_16_8_16nm_TT_0V85_25C_1000MHz,crossbar,data_width=32;num_inputs=16;num_outputs=8,16nm,TT,0.85,25.0,1.0,1000.0,32,16,8,V-2023.12-SP4,6359,6359,0,1482.478883,1482.478883,0.0,0.0,0.0,0.8,0.0,0.0,0,V-2023.12-SP4,5827,5827,0,1418.84,1418.84,0.0,2093.548,0.6777,0.0,0.0,0.84,-0.04,-0.16,9,V-2023.12-SP3,V-2023.12-SP4,0.42719999999999997,0.6637000000000001,0.002249,1.093,1.0909,1.0909,0.0,0.0,0.0,0.0,0.0,0.0,0.0,0.0,0.42719999999999997,0.6637000000000001,0.002249,1.093,0.0,0.0,0.0,0.0,0.0,0.0,0.0,0.0,0.0,0.0,0.0,0.0,0.0,0.0,0.0,0.0,vectored,valid25,2,2026-08-03T22:16:01+00:00
crossbar_64_2_2_16nm_TT_0V85_25C_1333p33MHz,crossbar,data_width=64;num_inputs=2;num_outputs=2,16nm,TT,0.85,25.0,0.75,1333.3333333333333,64,2,2,V-2023.12-SP4,273,273,0,60.217346,60.217346,0.0,0.0,0.0,0.4,0.15,0.0,0,V-2023.12-SP4,278,278,0,60.84,60.84,0.0,84.6029,0.7191,0.0,0.0,0.41,0.14,0.0,0,V-2023.12-SP3,V-2023.12-SP4,0.07964,0.09330000000000001,8.731e-05,0.17300000000000001,0.17294,0.12970500000000001,0.0,0.0,0.0,0.0,0.0,0.0,0.0,0.0,0.07964,0.09330000000000001,8.731e-05,0.17300000000000001,0.0,0.0,0.0,0.0,0.0,0.0,0.0,0.0,0.0,0.0,0.0,0.0,0.0,0.0,0.0,0.0,unvectored,none,2,2026-08-03T22:16:25+00:00
crossbar_32_4_8_16nm_TT_0V85_25C_800MHz,crossbar,data_width=32;num_inputs=4;num_outputs=8,16nm,TT,0.85,25.0,1.25,800.0,32,4,8,V-2023.12-SP4,904,904,0,237.945609,237.945609,0.0,0.0,0.0,0.99,0.06,0.0,0,V-2023.12-SP4,912,912,0,241.93,241.93,0.0,338.4115,0.7149,0.0,0.0,0.95,0.1,0.0,0,V-2023.12-SP3,V-2023.12-SP4,0.09873,0.1044,0.00035559999999999997,0.20350000000000001,0.20313,0.2539125,0.0,0.0,0.0,0.0,0.0,0.0,0.0,0.0,0.09873,0.1044,0.00035559999999999997,0.20350000000000001,0.0,0.0,0.0,0.0,0.0,0.0,0.0,0.0,0.0,0.0,0.0,0.0,0.0,0.0,0.0,0.0,unvectored,none,2,2026-08-03T22:16:29+00:00
crossbar_64_2_2_16nm_TT_0V85_25C_1333p33MHz,crossbar,data_width=64;num_inputs=2;num_outputs=2,16nm,TT,0.85,25.0,0.75,1333.3333333333333,64,2,2,V-2023.12-SP4,273,273,0,60.217346,60.217346,0.0,0.0,0.0,0.4,0.15,0.0,0,V-2023.12-SP4,278,278,0,60.84,60.84,0.0,84.6029,0.7191,0.0,0.0,0.41,0.14,0.0,0,V-2023.12-SP3,V-2023.12-SP4,0.14479999999999998,0.14880000000000002,8.991e-05,0.2938,0.29359999999999997,0.22019999999999998,0.0,0.0,0.0,0.0,0.0,0.0,0.0,0.0,0.14479999999999998,0.14880000000000002,8.991e-05,0.2938,0.0,0.0,0.0,0.0,0.0,0.0,0.0,0.0,0.0,0.0,0.0,0.0,0.0,0.0,0.0,0.0,vectored,random,2,2026-08-03T22:16:31+00:00
crossbar_32_4_4_7nm_TT_0V75_25C_800MHz,crossbar,data_width=32;num_inputs=4;num_outputs=4,7nm,TT,0.75,25.0,1.25,800.0,32,4,4,V-2023.12-SP4,467,467,0,30.998017,30.998017,0.0,0.0,0.0,0.61,0.44,0.0,0,V-2023.12-SP4,458,458,0,30.85,30.85,0.0,43.1908,0.7143,0.0,0.0,0.59,0.46,0.0,0,V-2023.12-SP3,V-2023.12-SP4,0.03993,0.05356,0.0001094,0.09361000000000001,0.09349,0.11686250000000001,0.0,0.0,0.0,0.0,0.0,0.0,0.0,0.0,0.03993,0.05356,0.0001094,0.09361000000000001,0.0,0.0,0.0,0.0,0.0,0.0,0.0,0.0,0.0,0.0,0.0,0.0,0.0,0.0,0.0,0.0,unvectored,none,2,2026-08-03T22:16:35+00:00
crossbar_32_4_8_16nm_TT_0V85_25C_800MHz,crossbar,data_width=32;num_inputs=4;num_outputs=8,16nm,TT,0.85,25.0,1.25,800.0,32,4,8,V-2023.12-SP4,904,904,0,237.945609,237.945609,0.0,0.0,0.0,0.99,0.06,0.0,0,V-2023.12-SP4,912,912,0,241.93,241.93,0.0,338.4115,0.7149,0.0,0.0,0.95,0.1,0.0,0,V-2023.12-SP3,V-2023.12-SP4,0.17340000000000003,0.1665,0.00035569999999999997,0.3403,0.33990000000000004,0.42487500000000006,0.0,0.0,0.0,0.0,0.0,0.0,0.0,0.0,0.17340000000000003,0.1665,0.00035569999999999997,0.3403,0.0,0.0,0.0,0.0,0.0,0.0,0.0,0.0,0.0,0.0,0.0,0.0,0.0,0.0,0.0,0.0,vectored,random,2,2026-08-03T22:16:35+00:00
crossbar_64_2_2_16nm_TT_0V85_25C_1333p33MHz,crossbar,data_width=64;num_inputs=2;num_outputs=2,16nm,TT,0.85,25.0,0.75,1333.3333333333333,64,2,2,V-2023.12-SP4,273,273,0,60.217346,60.217346,0.0,0.0,0.0,0.4,0.15,0.0,0,V-2023.12-SP4,278,278,0,60.84,60.84,0.0,84.6029,0.7191,0.0,0.0,0.41,0.14,0.0,0,V-2023.12-SP3,V-2023.12-SP4,0.08591,0.051910000000000005,9.479e-05,0.1379,0.13782,0.103365,0.0,0.0,0.0,0.0,0.0,0.0,0.0,0.0,0.08591,0.051910000000000005,9.479e-05,0.1379,0.0,0.0,0.0,0.0,0.0,0.0,0.0,0.0,0.0,0.0,0.0,0.0,0.0,0.0,0.0,0.0,vectored,fixed_route,2,2026-08-03T22:16:37+00:00
crossbar_32_4_4_7nm_TT_0V75_25C_800MHz,crossbar,data_width=32;num_inputs=4;num_outputs=4,7nm,TT,0.75,25.0,1.25,800.0,32,4,4,V-2023.12-SP4,467,467,0,30.998017,30.998017,0.0,0.0,0.0,0.61,0.44,0.0,0,V-2023.12-SP4,458,458,0,30.85,30.85,0.0,43.1908,0.7143,0.0,0.0,0.59,0.46,0.0,0,V-2023.12-SP3,V-2023.12-SP4,0.07597000000000001,0.09335,0.00010879999999999999,0.1694,0.16932000000000003,0.21165000000000003,0.0,0.0,0.0,0.0,0.0,0.0,0.0,0.0,0.07597000000000001,0.09335,0.00010879999999999999,0.1694,0.0,0.0,0.0,0.0,0.0,0.0,0.0,0.0,0.0,0.0,0.0,0.0,0.0,0.0,0.0,0.0,vectored,random,2,2026-08-03T22:16:41+00:00
crossbar_32_4_8_16nm_TT_0V85_25C_800MHz,crossbar,data_width=32;num_inputs=4;num_outputs=8,16nm,TT,0.85,25.0,1.25,800.0,32,4,8,V-2023.12-SP4,904,904,0,237.945609,237.945609,0.0,0.0,0.0,0.99,0.06,0.0,0,V-2023.12-SP4,912,912,0,241.93,241.93,0.0,338.4115,0.7149,0.0,0.0,0.95,0.1,0.0,0,V-2023.12-SP3,V-2023.12-SP4,0.05801,0.03393,0.00035549999999999997,0.09229,0.09194,0.114925,0.0,0.0,0.0,0.0,0.0,0.0,0.0,0.0,0.05801,0.03393,0.00035549999999999997,0.09229,0.0,0.0,0.0,0.0,0.0,0.0,0.0,0.0,0.0,0.0,0.0,0.0,0.0,0.0,0.0,0.0,vectored,fixed_route,2,2026-08-03T22:16:42+00:00
crossbar_64_2_2_16nm_TT_0V85_25C_1333p33MHz,crossbar,data_width=64;num_inputs=2;num_outputs=2,16nm,TT,0.85,25.0,0.75,1333.3333333333333,64,2,2,V-2023.12-SP4,273,273,0,60.217346,60.217346,0.0,0.0,0.0,0.4,0.15,0.0,0,V-2023.12-SP4,278,278,0,60.84,60.84,0.0,84.6029,0.7191,0.0,0.0,0.41,0.14,0.0,0,V-2023.12-SP3,V-2023.12-SP4,0.04363,0.05308,8.486e-05,0.0968,0.09671,0.0725325,0.0,0.0,0.0,0.0,0.0,0.0,0.0,0.0,0.04363,0.05308,8.486e-05,0.0968,0.0,0.0,0.0,0.0,0.0,0.0,0.0,0.0,0.0,0.0,0.0,0.0,0.0,0.0,0.0,0.0,vectored,valid25,2,2026-08-03T22:16:43+00:00
crossbar_32_4_4_7nm_TT_0V75_25C_800MHz,crossbar,data_width=32;num_inputs=4;num_outputs=4,7nm,TT,0.75,25.0,1.25,800.0,32,4,4,V-2023.12-SP4,467,467,0,30.998017,30.998017,0.0,0.0,0.0,0.61,0.44,0.0,0,V-2023.12-SP4,458,458,0,30.85,30.85,0.0,43.1908,0.7143,0.0,0.0,0.59,0.46,0.0,0,V-2023.12-SP3,V-2023.12-SP4,0.034749999999999996,0.02316,0.0001078,0.058019999999999995,0.057909999999999996,0.0723875,0.0,0.0,0.0,0.0,0.0,0.0,0.0,0.0,0.034749999999999996,0.02316,0.0001078,0.058019999999999995,0.0,0.0,0.0,0.0,0.0,0.0,0.0,0.0,0.0,0.0,0.0,0.0,0.0,0.0,0.0,0.0,vectored,fixed_route,2,2026-08-03T22:16:47+00:00
crossbar_32_4_8_16nm_TT_0V85_25C_800MHz,crossbar,data_width=32;num_inputs=4;num_outputs=8,16nm,TT,0.85,25.0,1.25,800.0,32,4,8,V-2023.12-SP4,904,904,0,237.945609,237.945609,0.0,0.0,0.0,0.99,0.06,0.0,0,V-2023.12-SP4,912,912,0,241.93,241.93,0.0,338.4115,0.7149,0.0,0.0,0.95,0.1,0.0,0,V-2023.12-SP3,V-2023.12-SP4,0.042280000000000005,0.04421,0.0003554,0.08685,0.08649000000000001,0.10811250000000001,0.0,0.0,0.0,0.0,0.0,0.0,0.0,0.0,0.042280000000000005,0.04421,0.0003554,0.08685,0.0,0.0,0.0,0.0,0.0,0.0,0.0,0.0,0.0,0.0,0.0,0.0,0.0,0.0,0.0,0.0,vectored,valid25,2,2026-08-03T22:16:48+00:00
crossbar_32_4_4_7nm_TT_0V75_25C_800MHz,crossbar,data_width=32;num_inputs=4;num_outputs=4,7nm,TT,0.75,25.0,1.25,800.0,32,4,4,V-2023.12-SP4,467,467,0,30.998017,30.998017,0.0,0.0,0.0,0.61,0.44,0.0,0,V-2023.12-SP4,458,458,0,30.85,30.85,0.0,43.1908,0.7143,0.0,0.0,0.59,0.46,0.0,0,V-2023.12-SP3,V-2023.12-SP4,0.020550000000000002,0.02787,0.0001099,0.04853,0.048420000000000005,0.06052500000000001,0.0,0.0,0.0,0.0,0.0,0.0,0.0,0.0,0.020550000000000002,0.02787,0.0001099,0.04853,0.0,0.0,0.0,0.0,0.0,0.0,0.0,0.0,0.0,0.0,0.0,0.0,0.0,0.0,0.0,0.0,vectored,valid25,2,2026-08-03T22:16:53+00:00
crossbar_64_2_2_16nm_TT_0V85_25C_800MHz,crossbar,data_width=64;num_inputs=2;num_outputs=2,16nm,TT,0.85,25.0,1.25,800.0,64,2,2,V-2023.12-SP4,272,272,0,60.09293,60.09293,0.0,0.0,0.0,0.79,0.26,0.0,0,V-2023.12-SP4,273,273,0,60.16,60.16,0.0,84.6029,0.711,0.0,0.0,0.45,0.6,0.0,0,V-2023.12-SP3,V-2023.12-SP4,0.04796,0.05579,8.565000000000001e-05,0.1038,0.10375000000000001,0.1296875,0.0,0.0,0.0,0.0,0.0,0.0,0.0,0.0,0.04796,0.05579,8.565000000000001e-05,0.1038,0.0,0.0,0.0,0.0,0.0,0.0,0.0,0.0,0.0,0.0,0.0,0.0,0.0,0.0,0.0,0.0,unvectored,none,2,2026-08-03T22:18:04+00:00
crossbar_64_2_2_16nm_TT_0V85_25C_800MHz,crossbar,data_width=64;num_inputs=2;num_outputs=2,16nm,TT,0.85,25.0,1.25,800.0,64,2,2,V-2023.12-SP4,272,272,0,60.09293,60.09293,0.0,0.0,0.0,0.79,0.26,0.0,0,V-2023.12-SP4,273,273,0,60.16,60.16,0.0,84.6029,0.711,0.0,0.0,0.45,0.6,0.0,0,V-2023.12-SP3,V-2023.12-SP4,0.09004999999999999,0.09105,8.841e-05,0.1812,0.18109999999999998,0.226375,0.0,0.0,0.0,0.0,0.0,0.0,0.0,0.0,0.09004999999999999,0.09105,8.841e-05,0.1812,0.0,0.0,0.0,0.0,0.0,0.0,0.0,0.0,0.0,0.0,0.0,0.0,0.0,0.0,0.0,0.0,vectored,random,2,2026-08-03T22:18:10+00:00
crossbar_64_2_2_16nm_TT_0V85_25C_800MHz,crossbar,data_width=64;num_inputs=2;num_outputs=2,16nm,TT,0.85,25.0,1.25,800.0,64,2,2,V-2023.12-SP4,272,272,0,60.09293,60.09293,0.0,0.0,0.0,0.79,0.26,0.0,0,V-2023.12-SP4,273,273,0,60.16,60.16,0.0,84.6029,0.711,0.0,0.0,0.45,0.6,0.0,0,V-2023.12-SP3,V-2023.12-SP4,0.05175,0.03154,9.338e-05,0.08339,0.08329,0.1041125,0.0,0.0,0.0,0.0,0.0,0.0,0.0,0.0,0.05175,0.03154,9.338e-05,0.08339,0.0,0.0,0.0,0.0,0.0,0.0,0.0,0.0,0.0,0.0,0.0,0.0,0.0,0.0,0.0,0.0,vectored,fixed_route,2,2026-08-03T22:18:16+00:00
crossbar_64_2_2_16nm_TT_0V85_25C_800MHz,crossbar,data_width=64;num_inputs=2;num_outputs=2,16nm,TT,0.85,25.0,1.25,800.0,64,2,2,V-2023.12-SP4,272,272,0,60.09293,60.09293,0.0,0.0,0.0,0.79,0.26,0.0,0,V-2023.12-SP4,273,273,0,60.16,60.16,0.0,84.6029,0.711,0.0,0.0,0.45,0.6,0.0,0,V-2023.12-SP3,V-2023.12-SP4,0.026789999999999998,0.03205,8.323e-05,0.05892,0.05884,0.07355,0.0,0.0,0.0,0.0,0.0,0.0,0.0,0.0,0.026789999999999998,0.03205,8.323e-05,0.05892,0.0,0.0,0.0,0.0,0.0,0.0,0.0,0.0,0.0,0.0,0.0,0.0,0.0,0.0,0.0,0.0,vectored,valid25,2,2026-08-03T22:18:22+00:00
crossbar_64_4_4_16nm_TT_0V85_25C_1333p33MHz,crossbar,data_width=64;num_inputs=4;num_outputs=4,16nm,TT,0.85,25.0,0.75,1333.3333333333333,64,4,4,V-2023.12-SP4,1642,1642,0,349.671174,349.671174,0.0,0.0,0.0,0.54,0.01,0.0,0,V-2023.12-SP4,1210,1210,0,282.36,282.36,0.0,486.9642,0.5798,0.0,0.0,0.54,0.01,0.0,0,V-2023.12-SP3,V-2023.12-SP4,0.279,0.4078,0.0004319,0.6872,0.6868000000000001,0.5151000000000001,0.0,0.0,0.0,0.0,0.0,0.0,0.0,0.0,0.279,0.4078,0.0004319,0.6872,0.0,0.0,0.0,0.0,0.0,0.0,0.0,0.0,0.0,0.0,0.0,0.0,0.0,0.0,0.0,0.0,unvectored,none,2,2026-08-03T22:19:27+00:00
crossbar_64_4_4_16nm_TT_0V85_25C_1333p33MHz,crossbar,data_width=64;num_inputs=4;num_outputs=4,16nm,TT,0.85,25.0,0.75,1333.3333333333333,64,4,4,V-2023.12-SP4,1642,1642,0,349.671174,349.671174,0.0,0.0,0.0,0.54,0.01,0.0,0,V-2023.12-SP4,1210,1210,0,282.36,282.36,0.0,486.9642,0.5798,0.0,0.0,0.54,0.01,0.0,0,V-2023.12-SP3,V-2023.12-SP4,0.4718,0.6351,0.0004302,1.107,1.1069,0.830175,0.0,0.0,0.0,0.0,0.0,0.0,0.0,0.0,0.4718,0.6351,0.0004302,1.107,0.0,0.0,0.0,0.0,0.0,0.0,0.0,0.0,0.0,0.0,0.0,0.0,0.0,0.0,0.0,0.0,vectored,random,2,2026-08-03T22:19:33+00:00
crossbar_64_4_4_16nm_TT_0V85_25C_1333p33MHz,crossbar,data_width=64;num_inputs=4;num_outputs=4,16nm,TT,0.85,25.0,0.75,1333.3333333333333,64,4,4,V-2023.12-SP4,1642,1642,0,349.671174,349.671174,0.0,0.0,0.0,0.54,0.01,0.0,0,V-2023.12-SP4,1210,1210,0,282.36,282.36,0.0,486.9642,0.5798,0.0,0.0,0.54,0.01,0.0,0,V-2023.12-SP3,V-2023.12-SP4,0.2474,0.3026,0.0004187,0.5504,0.55,0.41250000000000003,0.0,0.0,0.0,0.0,0.0,0.0,0.0,0.0,0.2474,0.3026,0.0004187,0.5504,0.0,0.0,0.0,0.0,0.0,0.0,0.0,0.0,0.0,0.0,0.0,0.0,0.0,0.0,0.0,0.0,vectored,fixed_route,2,2026-08-03T22:19:40+00:00
crossbar_64_4_4_16nm_TT_0V85_25C_1333p33MHz,crossbar,data_width=64;num_inputs=4;num_outputs=4,16nm,TT,0.85,25.0,0.75,1333.3333333333333,64,4,4,V-2023.12-SP4,1642,1642,0,349.671174,349.671174,0.0,0.0,0.0,0.54,0.01,0.0,0,V-2023.12-SP4,1210,1210,0,282.36,282.36,0.0,486.9642,0.5798,0.0,0.0,0.54,0.01,0.0,0,V-2023.12-SP3,V-2023.12-SP4,0.13210000000000002,0.18239999999999998,0.0004333,0.3149,0.3145,0.235875,0.0,0.0,0.0,0.0,0.0,0.0,0.0,0.0,0.13210000000000002,0.18239999999999998,0.0004333,0.3149,0.0,0.0,0.0,0.0,0.0,0.0,0.0,0.0,0.0,0.0,0.0,0.0,0.0,0.0,0.0,0.0,vectored,valid25,2,2026-08-03T22:19:46+00:00
crossbar_64_4_4_16nm_TT_0V85_25C_800MHz,crossbar,data_width=64;num_inputs=4;num_outputs=4,16nm,TT,0.85,25.0,1.25,800.0,64,4,4,V-2023.12-SP4,855,855,0,227.370249,227.370249,0.0,0.0,0.0,1.03,0.02,0.0,0,V-2023.12-SP4,867,867,0,233.65,233.65,0.0,320.1224,0.7299,0.0,0.0,1.03,0.02,0.0,0,V-2023.12-SP3,V-2023.12-SP4,0.1295,0.17550000000000002,0.00034050000000000004,0.3054,0.30500000000000005,0.3812500000000001,0.0,0.0,0.0,0.0,0.0,0.0,0.0,0.0,0.1295,0.17550000000000002,0.00034050000000000004,0.3054,0.0,0.0,0.0,0.0,0.0,0.0,0.0,0.0,0.0,0.0,0.0,0.0,0.0,0.0,0.0,0.0,unvectored,none,2,2026-08-03T22:19:57+00:00
crossbar_64_4_4_16nm_TT_0V85_25C_800MHz,crossbar,data_width=64;num_inputs=4;num_outputs=4,16nm,TT,0.85,25.0,1.25,800.0,64,4,4,V-2023.12-SP4,855,855,0,227.370249,227.370249,0.0,0.0,0.0,1.03,0.02,0.0,0,V-2023.12-SP4,867,867,0,233.65,233.65,0.0,320.1224,0.7299,0.0,0.0,1.03,0.02,0.0,0,V-2023.12-SP3,V-2023.12-SP4,0.2434,0.3105,0.0003399,0.5543,0.5539000000000001,0.6923750000000001,0.0,0.0,0.0,0.0,0.0,0.0,0.0,0.0,0.2434,0.3105,0.0003399,0.5543,0.0,0.0,0.0,0.0,0.0,0.0,0.0,0.0,0.0,0.0,0.0,0.0,0.0,0.0,0.0,0.0,vectored,random,2,2026-08-03T22:20:04+00:00
crossbar_64_4_4_16nm_TT_0V85_25C_800MHz,crossbar,data_width=64;num_inputs=4;num_outputs=4,16nm,TT,0.85,25.0,1.25,800.0,64,4,4,V-2023.12-SP4,855,855,0,227.370249,227.370249,0.0,0.0,0.0,1.03,0.02,0.0,0,V-2023.12-SP4,867,867,0,233.65,233.65,0.0,320.1224,0.7299,0.0,0.0,1.03,0.02,0.0,0,V-2023.12-SP3,V-2023.12-SP4,0.1129,0.09225000000000001,0.0003408,0.20550000000000002,0.20515,0.2564375,0.0,0.0,0.0,0.0,0.0,0.0,0.0,0.0,0.1129,0.09225000000000001,0.0003408,0.20550000000000002,0.0,0.0,0.0,0.0,0.0,0.0,0.0,0.0,0.0,0.0,0.0,0.0,0.0,0.0,0.0,0.0,vectored,fixed_route,2,2026-08-03T22:20:10+00:00
crossbar_64_4_4_16nm_TT_0V85_25C_800MHz,crossbar,data_width=64;num_inputs=4;num_outputs=4,16nm,TT,0.85,25.0,1.25,800.0,64,4,4,V-2023.12-SP4,855,855,0,227.370249,227.370249,0.0,0.0,0.0,1.03,0.02,0.0,0,V-2023.12-SP4,867,867,0,233.65,233.65,0.0,320.1224,0.7299,0.0,0.0,1.03,0.02,0.0,0,V-2023.12-SP3,V-2023.12-SP4,0.06593,0.09037,0.0003407,0.15660000000000002,0.1563,0.195375,0.0,0.0,0.0,0.0,0.0,0.0,0.0,0.0,0.06593,0.09037,0.0003407,0.15660000000000002,0.0,0.0,0.0,0.0,0.0,0.0,0.0,0.0,0.0,0.0,0.0,0.0,0.0,0.0,0.0,0.0,vectored,valid25,2,2026-08-03T22:20:16+00:00
crossbar_32_8_8_7nm_TT_0V75_25C_1333p33MHz,crossbar,data_width=32;num_inputs=8;num_outputs=8,7nm,TT,0.75,25.0,0.75,1333.3333333333333,32,8,8,V-2023.12-SP4,3622,3622,0,216.792575,216.792575,0.0,0.0,0.0,0.55,0.0,0.0,0,V-2023.12-SP4,2966,2966,0,178.63,178.63,0.0,304.916,0.5858,0.0,0.0,0.56,-0.01,-0.17,43,V-2023.12-SP3,V-2023.12-SP4,0.30210000000000004,0.6325000000000001,0.0006605,0.9353,0.9346000000000001,0.7009500000000001,0.0,0.0,0.0,0.0,0.0,0.0,0.0,0.0,0.30210000000000004,0.6325000000000001,0.0006605,0.9353,0.0,0.0,0.0,0.0,0.0,0.0,0.0,0.0,0.0,0.0,0.0,0.0,0.0,0.0,0.0,0.0,unvectored,none,2,2026-08-03T22:24:55+00:00
crossbar_32_8_8_7nm_TT_0V75_25C_1333p33MHz,crossbar,data_width=32;num_inputs=8;num_outputs=8,7nm,TT,0.75,25.0,0.75,1333.3333333333333,32,8,8,V-2023.12-SP4,3622,3622,0,216.792575,216.792575,0.0,0.0,0.0,0.55,0.0,0.0,0,V-2023.12-SP4,2966,2966,0,178.63,178.63,0.0,304.916,0.5858,0.0,0.0,0.56,-0.01,-0.17,43,V-2023.12-SP3,V-2023.12-SP4,0.5244,0.975,0.000655,1.5,1.4994,1.1245500000000002,0.0,0.0,0.0,0.0,0.0,0.0,0.0,0.0,0.5244,0.975,0.000655,1.5,0.0,0.0,0.0,0.0,0.0,0.0,0.0,0.0,0.0,0.0,0.0,0.0,0.0,0.0,0.0,0.0,vectored,random,2,2026-08-03T22:25:02+00:00
crossbar_32_8_8_7nm_TT_0V75_25C_1333p33MHz,crossbar,data_width=32;num_inputs=8;num_outputs=8,7nm,TT,0.75,25.0,0.75,1333.3333333333333,32,8,8,V-2023.12-SP4,3622,3622,0,216.792575,216.792575,0.0,0.0,0.0,0.55,0.0,0.0,0,V-2023.12-SP4,2966,2966,0,178.63,178.63,0.0,304.916,0.5858,0.0,0.0,0.56,-0.01,-0.17,43,V-2023.12-SP3,V-2023.12-SP4,0.26699999999999996,0.5307000000000001,0.0006492,0.7984,0.7977000000000001,0.5982750000000001,0.0,0.0,0.0,0.0,0.0,0.0,0.0,0.0,0.26699999999999996,0.5307000000000001,0.0006492,0.7984,0.0,0.0,0.0,0.0,0.0,0.0,0.0,0.0,0.0,0.0,0.0,0.0,0.0,0.0,0.0,0.0,vectored,fixed_route,2,2026-08-03T22:25:08+00:00
crossbar_32_8_8_7nm_TT_0V75_25C_1333p33MHz,crossbar,data_width=32;num_inputs=8;num_outputs=8,7nm,TT,0.75,25.0,0.75,1333.3333333333333,32,8,8,V-2023.12-SP4,3622,3622,0,216.792575,216.792575,0.0,0.0,0.0,0.55,0.0,0.0,0,V-2023.12-SP4,2966,2966,0,178.63,178.63,0.0,304.916,0.5858,0.0,0.0,0.56,-0.01,-0.17,43,V-2023.12-SP3,V-2023.12-SP4,0.1357,0.25970000000000004,0.0006641,0.39599999999999996,0.39540000000000003,0.29655000000000004,0.0,0.0,0.0,0.0,0.0,0.0,0.0,0.0,0.1357,0.25970000000000004,0.0006641,0.39599999999999996,0.0,0.0,0.0,0.0,0.0,0.0,0.0,0.0,0.0,0.0,0.0,0.0,0.0,0.0,0.0,0.0,vectored,valid25,2,2026-08-03T22:25:14+00:00
crossbar_64_8_8_16nm_TT_0V85_25C_1333p33MHz,crossbar,data_width=64;num_inputs=8;num_outputs=8,16nm,TT,0.85,25.0,0.75,1333.3333333333333,64,8,8,V-2023.12-SP4,5825,5825,0,1366.958623,1366.958623,0.0,0.0,0.0,0.55,0.0,0.0,0,V-2023.12-SP4,5619,5619,0,1388.92,1388.92,0.0,1933.6735,0.7183,0.0,0.0,0.58,-0.03,-0.63,74,V-2023.12-SP3,V-2023.12-SP4,1.0150000000000001,1.5050000000000001,0.002254,2.523,2.5200000000000005,1.8900000000000003,0.0,0.0,0.0,0.0,0.0,0.0,0.0,0.0,1.0150000000000001,1.5050000000000001,0.002254,2.523,0.0,0.0,0.0,0.0,0.0,0.0,0.0,0.0,0.0,0.0,0.0,0.0,0.0,0.0,0.0,0.0,unvectored,none,2,2026-08-03T22:28:38+00:00
crossbar_64_8_8_16nm_TT_0V85_25C_1333p33MHz,crossbar,data_width=64;num_inputs=8;num_outputs=8,16nm,TT,0.85,25.0,0.75,1333.3333333333333,64,8,8,V-2023.12-SP4,5825,5825,0,1366.958623,1366.958623,0.0,0.0,0.0,0.55,0.0,0.0,0,V-2023.12-SP4,5619,5619,0,1388.92,1388.92,0.0,1933.6735,0.7183,0.0,0.0,0.58,-0.03,-0.63,74,V-2023.12-SP3,V-2023.12-SP4,1.6139999999999999,2.274,0.002235,3.8890000000000002,3.888,2.916,0.0,0.0,0.0,0.0,0.0,0.0,0.0,0.0,1.6139999999999999,2.274,0.002235,3.8890000000000002,0.0,0.0,0.0,0.0,0.0,0.0,0.0,0.0,0.0,0.0,0.0,0.0,0.0,0.0,0.0,0.0,vectored,random,2,2026-08-03T22:28:45+00:00
crossbar_64_8_8_16nm_TT_0V85_25C_1333p33MHz,crossbar,data_width=64;num_inputs=8;num_outputs=8,16nm,TT,0.85,25.0,0.75,1333.3333333333333,64,8,8,V-2023.12-SP4,5825,5825,0,1366.958623,1366.958623,0.0,0.0,0.0,0.55,0.0,0.0,0,V-2023.12-SP4,5619,5619,0,1388.92,1388.92,0.0,1933.6735,0.7183,0.0,0.0,0.58,-0.03,-0.63,74,V-2023.12-SP3,V-2023.12-SP4,0.7403000000000001,1.091,0.002247,1.8339999999999999,1.8313000000000001,1.373475,0.0,0.0,0.0,0.0,0.0,0.0,0.0,0.0,0.7403000000000001,1.091,0.002247,1.8339999999999999,0.0,0.0,0.0,0.0,0.0,0.0,0.0,0.0,0.0,0.0,0.0,0.0,0.0,0.0,0.0,0.0,vectored,fixed_route,2,2026-08-03T22:28:52+00:00
crossbar_64_8_8_16nm_TT_0V85_25C_1333p33MHz,crossbar,data_width=64;num_inputs=8;num_outputs=8,16nm,TT,0.85,25.0,0.75,1333.3333333333333,64,8,8,V-2023.12-SP4,5825,5825,0,1366.958623,1366.958623,0.0,0.0,0.0,0.55,0.0,0.0,0,V-2023.12-SP4,5619,5619,0,1388.92,1388.92,0.0,1933.6735,0.7183,0.0,0.0,0.58,-0.03,-0.63,74,V-2023.12-SP3,V-2023.12-SP4,0.4451,0.6504,0.00227,1.098,1.0955,0.8216249999999999,0.0,0.0,0.0,0.0,0.0,0.0,0.0,0.0,0.4451,0.6504,0.00227,1.098,0.0,0.0,0.0,0.0,0.0,0.0,0.0,0.0,0.0,0.0,0.0,0.0,0.0,0.0,0.0,0.0,vectored,valid25,2,2026-08-03T22:28:59+00:00
crossbar_32_8_8_7nm_TT_0V75_25C_800MHz,crossbar,data_width=32;num_inputs=8;num_outputs=8,7nm,TT,0.75,25.0,1.25,800.0,32,8,8,V-2023.12-SP4,1989,1989,0,133.943042,133.943042,0.0,0.0,0.0,1.05,0.0,0.0,0,V-2023.12-SP4,1984,1984,0,133.94,133.94,0.0,188.117,0.712,0.0,0.0,0.96,0.09,0.0,0,V-2023.12-SP3,V-2023.12-SP4,0.1443,0.2685,0.00049,0.41340000000000005,0.41280000000000006,0.516,0.0,0.0,0.0,0.0,0.0,0.0,0.0,0.0,0.1443,0.2685,0.00049,0.41340000000000005,0.0,0.0,0.0,0.0,0.0,0.0,0.0,0.0,0.0,0.0,0.0,0.0,0.0,0.0,0.0,0.0,unvectored,none,2,2026-08-03T22:29:41+00:00
crossbar_32_8_8_7nm_TT_0V75_25C_800MHz,crossbar,data_width=32;num_inputs=8;num_outputs=8,7nm,TT,0.75,25.0,1.25,800.0,32,8,8,V-2023.12-SP4,1989,1989,0,133.943042,133.943042,0.0,0.0,0.0,1.05,0.0,0.0,0,V-2023.12-SP4,1984,1984,0,133.94,133.94,0.0,188.117,0.712,0.0,0.0,0.96,0.09,0.0,0,V-2023.12-SP3,V-2023.12-SP4,0.24689999999999998,0.40850000000000003,0.00048439999999999996,0.6558999999999999,0.6554,0.81925,0.0,0.0,0.0,0.0,0.0,0.0,0.0,0.0,0.24689999999999998,0.40850000000000003,0.00048439999999999996,0.6558999999999999,0.0,0.0,0.0,0.0,0.0,0.0,0.0,0.0,0.0,0.0,0.0,0.0,0.0,0.0,0.0,0.0,vectored,random,2,2026-08-03T22:29:48+00:00
crossbar_32_8_8_7nm_TT_0V75_25C_800MHz,crossbar,data_width=32;num_inputs=8;num_outputs=8,7nm,TT,0.75,25.0,1.25,800.0,32,8,8,V-2023.12-SP4,1989,1989,0,133.943042,133.943042,0.0,0.0,0.0,1.05,0.0,0.0,0,V-2023.12-SP4,1984,1984,0,133.94,133.94,0.0,188.117,0.712,0.0,0.0,0.96,0.09,0.0,0,V-2023.12-SP3,V-2023.12-SP4,0.1134,0.1975,0.0004719,0.31139999999999995,0.3109,0.388625,0.0,0.0,0.0,0.0,0.0,0.0,0.0,0.0,0.1134,0.1975,0.0004719,0.31139999999999995,0.0,0.0,0.0,0.0,0.0,0.0,0.0,0.0,0.0,0.0,0.0,0.0,0.0,0.0,0.0,0.0,vectored,fixed_route,2,2026-08-03T22:29:55+00:00
crossbar_32_8_8_7nm_TT_0V75_25C_800MHz,crossbar,data_width=32;num_inputs=8;num_outputs=8,7nm,TT,0.75,25.0,1.25,800.0,32,8,8,V-2023.12-SP4,1989,1989,0,133.943042,133.943042,0.0,0.0,0.0,1.05,0.0,0.0,0,V-2023.12-SP4,1984,1984,0,133.94,133.94,0.0,188.117,0.712,0.0,0.0,0.96,0.09,0.0,0,V-2023.12-SP3,V-2023.12-SP4,0.06588999999999999,0.1118,0.0004948,0.1782,0.17769,0.2221125,0.0,0.0,0.0,0.0,0.0,0.0,0.0,0.0,0.06588999999999999,0.1118,0.0004948,0.1782,0.0,0.0,0.0,0.0,0.0,0.0,0.0,0.0,0.0,0.0,0.0,0.0,0.0,0.0,0.0,0.0,vectored,valid25,2,2026-08-03T22:30:02+00:00
crossbar_64_8_8_16nm_TT_0V85_25C_800MHz,crossbar,data_width=64;num_inputs=8;num_outputs=8,16nm,TT,0.85,25.0,1.25,800.0,64,8,8,V-2023.12-SP4,4029,4029,0,1027.116316,1027.116316,0.0,0.0,0.0,1.04,0.01,0.0,0,V-2023.12-SP4,3818,3818,0,1023.76,1023.76,0.0,1453.4277,0.7044,0.0,0.0,1.06,-0.01,-0.01,1,V-2023.12-SP3,V-2023.12-SP4,0.4628,0.8906,0.001493,1.355,1.3534,1.6917499999999999,0.0,0.0,0.0,0.0,0.0,0.0,0.0,0.0,0.4628,0.8906,0.001493,1.355,0.0,0.0,0.0,0.0,0.0,0.0,0.0,0.0,0.0,0.0,0.0,0.0,0.0,0.0,0.0,0.0,unvectored,none,2,2026-08-03T22:33:22+00:00
crossbar_64_8_8_16nm_TT_0V85_25C_800MHz,crossbar,data_width=64;num_inputs=8;num_outputs=8,16nm,TT,0.85,25.0,1.25,800.0,64,8,8,V-2023.12-SP4,4029,4029,0,1027.116316,1027.116316,0.0,0.0,0.0,1.04,0.01,0.0,0,V-2023.12-SP4,3818,3818,0,1023.76,1023.76,0.0,1453.4277,0.7044,0.0,0.0,1.06,-0.01,-0.01,1,V-2023.12-SP3,V-2023.12-SP4,0.746,1.3190000000000002,0.001485,2.0669999999999997,2.0650000000000004,2.5812500000000007,0.0,0.0,0.0,0.0,0.0,0.0,0.0,0.0,0.746,1.3190000000000002,0.001485,2.0669999999999997,0.0,0.0,0.0,0.0,0.0,0.0,0.0,0.0,0.0,0.0,0.0,0.0,0.0,0.0,0.0,0.0,vectored,random,2,2026-08-03T22:33:30+00:00
crossbar_64_8_8_16nm_TT_0V85_25C_800MHz,crossbar,data_width=64;num_inputs=8;num_outputs=8,16nm,TT,0.85,25.0,1.25,800.0,64,8,8,V-2023.12-SP4,4029,4029,0,1027.116316,1027.116316,0.0,0.0,0.0,1.04,0.01,0.0,0,V-2023.12-SP4,3818,3818,0,1023.76,1023.76,0.0,1453.4277,0.7044,0.0,0.0,1.06,-0.01,-0.01,1,V-2023.12-SP3,V-2023.12-SP4,0.3869,0.6924,0.001459,1.081,1.0793,1.349125,0.0,0.0,0.0,0.0,0.0,0.0,0.0,0.0,0.3869,0.6924,0.001459,1.081,0.0,0.0,0.0,0.0,0.0,0.0,0.0,0.0,0.0,0.0,0.0,0.0,0.0,0.0,0.0,0.0,vectored,fixed_route,2,2026-08-03T22:33:38+00:00
crossbar_64_8_8_16nm_TT_0V85_25C_800MHz,crossbar,data_width=64;num_inputs=8;num_outputs=8,16nm,TT,0.85,25.0,1.25,800.0,64,8,8,V-2023.12-SP4,4029,4029,0,1027.116316,1027.116316,0.0,0.0,0.0,1.04,0.01,0.0,0,V-2023.12-SP4,3818,3818,0,1023.76,1023.76,0.0,1453.4277,0.7044,0.0,0.0,1.06,-0.01,-0.01,1,V-2023.12-SP3,V-2023.12-SP4,0.2046,0.3704,0.001504,0.5765,0.575,0.71875,0.0,0.0,0.0,0.0,0.0,0.0,0.0,0.0,0.2046,0.3704,0.001504,0.5765,0.0,0.0,0.0,0.0,0.0,0.0,0.0,0.0,0.0,0.0,0.0,0.0,0.0,0.0,0.0,0.0,vectored,valid25,2,2026-08-03T22:33:45+00:00
crossbar_32_8_4_7nm_TT_0V75_25C_1333p33MHz,crossbar,data_width=32;num_inputs=8;num_outputs=4,7nm,TT,0.75,25.0,0.75,1333.3333333333333,32,8,4,V-2023.12-SP4,2094,2094,0,113.476607,113.476607,0.0,0.0,0.0,0.55,0.0,0.0,0,V-2023.12-SP4,1806,1806,0,98.09,98.09,0.0,159.6672,0.6143,0.0,0.0,0.55,0.0,0.0,0,V-2023.12-SP3,V-2023.12-SP4,0.2105,0.3892,0.0003749,0.6002,0.5997,0.44977500000000004,0.0,0.0,0.0,0.0,0.0,0.0,0.0,0.0,0.2105,0.3892,0.0003749,0.6002,0.0,0.0,0.0,0.0,0.0,0.0,0.0,0.0,0.0,0.0,0.0,0.0,0.0,0.0,0.0,0.0,unvectored,none,2,2026-08-03T22:35:16+00:00
crossbar_32_8_4_7nm_TT_0V75_25C_1333p33MHz,crossbar,data_width=32;num_inputs=8;num_outputs=4,7nm,TT,0.75,25.0,0.75,1333.3333333333333,32,8,4,V-2023.12-SP4,2094,2094,0,113.476607,113.476607,0.0,0.0,0.0,0.55,0.0,0.0,0,V-2023.12-SP4,1806,1806,0,98.09,98.09,0.0,159.6672,0.6143,0.0,0.0,0.55,0.0,0.0,0,V-2023.12-SP3,V-2023.12-SP4,0.3584,0.5959,0.00036679999999999997,0.9546,0.9542999999999999,0.715725,0.0,0.0,0.0,0.0,0.0,0.0,0.0,0.0,0.3584,0.5959,0.00036679999999999997,0.9546,0.0,0.0,0.0,0.0,0.0,0.0,0.0,0.0,0.0,0.0,0.0,0.0,0.0,0.0,0.0,0.0,vectored,random,2,2026-08-03T22:35:23+00:00
crossbar_32_8_4_7nm_TT_0V75_25C_1333p33MHz,crossbar,data_width=32;num_inputs=8;num_outputs=4,7nm,TT,0.75,25.0,0.75,1333.3333333333333,32,8,4,V-2023.12-SP4,2094,2094,0,113.476607,113.476607,0.0,0.0,0.0,0.55,0.0,0.0,0,V-2023.12-SP4,1806,1806,0,98.09,98.09,0.0,159.6672,0.6143,0.0,0.0,0.55,0.0,0.0,0,V-2023.12-SP3,V-2023.12-SP4,0.1623,0.2979,0.0003584,0.46059999999999995,0.4602,0.34515,0.0,0.0,0.0,0.0,0.0,0.0,0.0,0.0,0.1623,0.2979,0.0003584,0.46059999999999995,0.0,0.0,0.0,0.0,0.0,0.0,0.0,0.0,0.0,0.0,0.0,0.0,0.0,0.0,0.0,0.0,vectored,fixed_route,2,2026-08-03T22:35:30+00:00
crossbar_32_8_4_7nm_TT_0V75_25C_1333p33MHz,crossbar,data_width=32;num_inputs=8;num_outputs=4,7nm,TT,0.75,25.0,0.75,1333.3333333333333,32,8,4,V-2023.12-SP4,2094,2094,0,113.476607,113.476607,0.0,0.0,0.0,0.55,0.0,0.0,0,V-2023.12-SP4,1806,1806,0,98.09,98.09,0.0,159.6672,0.6143,0.0,0.0,0.55,0.0,0.0,0,V-2023.12-SP3,V-2023.12-SP4,0.1163,0.1916,0.000381,0.3083,0.3079,0.230925,0.0,0.0,0.0,0.0,0.0,0.0,0.0,0.0,0.1163,0.1916,0.000381,0.3083,0.0,0.0,0.0,0.0,0.0,0.0,0.0,0.0,0.0,0.0,0.0,0.0,0.0,0.0,0.0,0.0,vectored,valid25,2,2026-08-03T22:35:36+00:00
crossbar_64_8_4_16nm_TT_0V85_25C_1333p33MHz,crossbar,data_width=64;num_inputs=8;num_outputs=4,16nm,TT,0.85,25.0,0.75,1333.3333333333333,64,8,4,V-2023.12-SP4,3257,3257,0,747.989009,747.989009,0.0,0.0,0.0,0.55,0.0,0.0,0,V-2023.12-SP4,2909,2909,0,692.56,692.56,0.0,1052.0617,0.6583,0.0,0.0,0.57,-0.02,-0.07,9,V-2023.12-SP3,V-2023.12-SP4,0.6113,0.985,0.001052,1.597,1.5962999999999998,1.197225,0.0,0.0,0.0,0.0,0.0,0.0,0.0,0.0,0.6113,0.985,0.001052,1.597,0.0,0.0,0.0,0.0,0.0,0.0,0.0,0.0,0.0,0.0,0.0,0.0,0.0,0.0,0.0,0.0,unvectored,none,2,2026-08-03T22:37:59+00:00
crossbar_64_8_4_16nm_TT_0V85_25C_1333p33MHz,crossbar,data_width=64;num_inputs=8;num_outputs=4,16nm,TT,0.85,25.0,0.75,1333.3333333333333,64,8,4,V-2023.12-SP4,3257,3257,0,747.989009,747.989009,0.0,0.0,0.0,0.55,0.0,0.0,0,V-2023.12-SP4,2909,2909,0,692.56,692.56,0.0,1052.0617,0.6583,0.0,0.0,0.57,-0.02,-0.07,9,V-2023.12-SP3,V-2023.12-SP4,0.862,1.3339999999999999,0.001041,2.197,2.1959999999999997,1.6469999999999998,0.0,0.0,0.0,0.0,0.0,0.0,0.0,0.0,0.862,1.3339999999999999,0.001041,2.197,0.0,0.0,0.0,0.0,0.0,0.0,0.0,0.0,0.0,0.0,0.0,0.0,0.0,0.0,0.0,0.0,vectored,random,2,2026-08-03T22:38:05+00:00
crossbar_64_8_4_16nm_TT_0V85_25C_1333p33MHz,crossbar,data_width=64;num_inputs=8;num_outputs=4,16nm,TT,0.85,25.0,0.75,1333.3333333333333,64,8,4,V-2023.12-SP4,3257,3257,0,747.989009,747.989009,0.0,0.0,0.0,0.55,0.0,0.0,0,V-2023.12-SP4,2909,2909,0,692.56,692.56,0.0,1052.0617,0.6583,0.0,0.0,0.57,-0.02,-0.07,9,V-2023.12-SP3,V-2023.12-SP4,0.3988,0.6690999999999999,0.001034,1.0690000000000002,1.0678999999999998,0.8009249999999999,0.0,0.0,0.0,0.0,0.0,0.0,0.0,0.0,0.3988,0.6690999999999999,0.001034,1.0690000000000002,0.0,0.0,0.0,0.0,0.0,0.0,0.0,0.0,0.0,0.0,0.0,0.0,0.0,0.0,0.0,0.0,vectored,fixed_route,2,2026-08-03T22:38:12+00:00
crossbar_64_8_4_16nm_TT_0V85_25C_1333p33MHz,crossbar,data_width=64;num_inputs=8;num_outputs=4,16nm,TT,0.85,25.0,0.75,1333.3333333333333,64,8,4,V-2023.12-SP4,3257,3257,0,747.989009,747.989009,0.0,0.0,0.0,0.55,0.0,0.0,0,V-2023.12-SP4,2909,2909,0,692.56,692.56,0.0,1052.0617,0.6583,0.0,0.0,0.57,-0.02,-0.07,9,V-2023.12-SP3,V-2023.12-SP4,0.3178,0.4843,0.001061,0.8032,0.8021,0.601575,0.0,0.0,0.0,0.0,0.0,0.0,0.0,0.0,0.3178,0.4843,0.001061,0.8032,0.0,0.0,0.0,0.0,0.0,0.0,0.0,0.0,0.0,0.0,0.0,0.0,0.0,0.0,0.0,0.0,vectored,valid25,2,2026-08-03T22:38:19+00:00
crossbar_32_8_4_7nm_TT_0V75_25C_800MHz,crossbar,data_width=32;num_inputs=8;num_outputs=4,7nm,TT,0.75,25.0,1.25,800.0,32,8,4,V-2023.12-SP4,1109,1109,0,72.108289,72.108289,0.0,0.0,0.0,1.05,0.0,0.0,0,V-2023.12-SP4,1090,1090,0,72.19,72.19,0.0,101.929,0.7082,0.0,0.0,0.9,0.15,0.0,0,V-2023.12-SP3,V-2023.12-SP4,0.1027,0.1495,0.0002742,0.2525,0.2522,0.31525,0.0,0.0,0.0,0.0,0.0,0.0,0.0,0.0,0.1027,0.1495,0.0002742,0.2525,0.0,0.0,0.0,0.0,0.0,0.0,0.0,0.0,0.0,0.0,0.0,0.0,0.0,0.0,0.0,0.0,unvectored,none,2,2026-08-03T22:41:01+00:00
crossbar_32_8_4_7nm_TT_0V75_25C_800MHz,crossbar,data_width=32;num_inputs=8;num_outputs=4,7nm,TT,0.75,25.0,1.25,800.0,32,8,4,V-2023.12-SP4,1109,1109,0,72.108289,72.108289,0.0,0.0,0.0,1.05,0.0,0.0,0,V-2023.12-SP4,1090,1090,0,72.19,72.19,0.0,101.929,0.7082,0.0,0.0,0.9,0.15,0.0,0,V-2023.12-SP3,V-2023.12-SP4,0.1858,0.24600000000000002,0.0002686,0.4321,0.4318,0.5397500000000001,0.0,0.0,0.0,0.0,0.0,0.0,0.0,0.0,0.1858,0.24600000000000002,0.0002686,0.4321,0.0,0.0,0.0,0.0,0.0,0.0,0.0,0.0,0.0,0.0,0.0,0.0,0.0,0.0,0.0,0.0,vectored,random,2,2026-08-03T22:41:07+00:00
crossbar_32_8_4_7nm_TT_0V75_25C_800MHz,crossbar,data_width=32;num_inputs=8;num_outputs=4,7nm,TT,0.75,25.0,1.25,800.0,32,8,4,V-2023.12-SP4,1109,1109,0,72.108289,72.108289,0.0,0.0,0.0,1.05,0.0,0.0,0,V-2023.12-SP4,1090,1090,0,72.19,72.19,0.0,101.929,0.7082,0.0,0.0,0.9,0.15,0.0,0,V-2023.12-SP3,V-2023.12-SP4,0.07331,0.07665000000000001,0.00026450000000000003,0.1502,0.14996,0.18745,0.0,0.0,0.0,0.0,0.0,0.0,0.0,0.0,0.07331,0.07665000000000001,0.00026450000000000003,0.1502,0.0,0.0,0.0,0.0,0.0,0.0,0.0,0.0,0.0,0.0,0.0,0.0,0.0,0.0,0.0,0.0,vectored,fixed_route,2,2026-08-03T22:41:12+00:00
crossbar_32_8_4_7nm_TT_0V75_25C_800MHz,crossbar,data_width=32;num_inputs=8;num_outputs=4,7nm,TT,0.75,25.0,1.25,800.0,32,8,4,V-2023.12-SP4,1109,1109,0,72.108289,72.108289,0.0,0.0,0.0,1.05,0.0,0.0,0,V-2023.12-SP4,1090,1090,0,72.19,72.19,0.0,101.929,0.7082,0.0,0.0,0.9,0.15,0.0,0,V-2023.12-SP3,V-2023.12-SP4,0.06108,0.08627,0.0002798,0.1476,0.14735,0.1841875,0.0,0.0,0.0,0.0,0.0,0.0,0.0,0.0,0.06108,0.08627,0.0002798,0.1476,0.0,0.0,0.0,0.0,0.0,0.0,0.0,0.0,0.0,0.0,0.0,0.0,0.0,0.0,0.0,0.0,vectored,valid25,2,2026-08-03T22:41:19+00:00
crossbar_32_16_16_7nm_TT_0V75_25C_800MHz,crossbar,data_width=32;num_inputs=16;num_outputs=16,7nm,TT,0.75,25.0,1.25,800.0,32,16,16,V-2023.12-SP4,16281,16281,0,988.275449,988.275449,0.0,0.0,0.0,1.05,0.0,0.0,0,V-2023.12-SP4,12521,12521,0,758.15,758.15,0.0,1410.6033,0.5375,0.0,0.0,1.07,-0.02,-0.71,101,V-2023.12-SP3,V-2023.12-SP4,0.6545,1.4549999999999998,0.0031219999999999998,2.113,2.1094999999999997,2.636875,0.0,0.0,0.0,0.0,0.0,0.0,0.0,0.0,0.6545,1.4549999999999998,0.0031219999999999998,2.113,0.0,0.0,0.0,0.0,0.0,0.0,0.0,0.0,0.0,0.0,0.0,0.0,0.0,0.0,0.0,0.0,unvectored,none,2,2026-08-03T22:41:50+00:00
crossbar_32_16_16_7nm_TT_0V75_25C_800MHz,crossbar,data_width=32;num_inputs=16;num_outputs=16,7nm,TT,0.75,25.0,1.25,800.0,32,16,16,V-2023.12-SP4,16281,16281,0,988.275449,988.275449,0.0,0.0,0.0,1.05,0.0,0.0,0,V-2023.12-SP4,12521,12521,0,758.15,758.15,0.0,1410.6033,0.5375,0.0,0.0,1.07,-0.02,-0.71,101,V-2023.12-SP3,V-2023.12-SP4,1.135,2.233,0.003063,3.371,3.3680000000000003,4.210000000000001,0.0,0.0,0.0,0.0,0.0,0.0,0.0,0.0,1.135,2.233,0.003063,3.371,0.0,0.0,0.0,0.0,0.0,0.0,0.0,0.0,0.0,0.0,0.0,0.0,0.0,0.0,0.0,0.0,vectored,random,2,2026-08-03T22:41:58+00:00
crossbar_32_16_16_7nm_TT_0V75_25C_800MHz,crossbar,data_width=32;num_inputs=16;num_outputs=16,7nm,TT,0.75,25.0,1.25,800.0,32,16,16,V-2023.12-SP4,16281,16281,0,988.275449,988.275449,0.0,0.0,0.0,1.05,0.0,0.0,0,V-2023.12-SP4,12521,12521,0,758.15,758.15,0.0,1410.6033,0.5375,0.0,0.0,1.07,-0.02,-0.71,101,V-2023.12-SP3,V-2023.12-SP4,0.49910000000000004,1.224,0.0030340000000000002,1.727,1.7231,2.153875,0.0,0.0,0.0,0.0,0.0,0.0,0.0,0.0,0.49910000000000004,1.224,0.0030340000000000002,1.727,0.0,0.0,0.0,0.0,0.0,0.0,0.0,0.0,0.0,0.0,0.0,0.0,0.0,0.0,0.0,0.0,vectored,fixed_route,2,2026-08-03T22:42:05+00:00
crossbar_32_16_16_7nm_TT_0V75_25C_800MHz,crossbar,data_width=32;num_inputs=16;num_outputs=16,7nm,TT,0.75,25.0,1.25,800.0,32,16,16,V-2023.12-SP4,16281,16281,0,988.275449,988.275449,0.0,0.0,0.0,1.05,0.0,0.0,0,V-2023.12-SP4,12521,12521,0,758.15,758.15,0.0,1410.6033,0.5375,0.0,0.0,1.07,-0.02,-0.71,101,V-2023.12-SP3,V-2023.12-SP4,0.28509999999999996,0.5722,0.0031609999999999997,0.8605,0.8573,1.071625,0.0,0.0,0.0,0.0,0.0,0.0,0.0,0.0,0.28509999999999996,0.5722,0.0031609999999999997,0.8605,0.0,0.0,0.0,0.0,0.0,0.0,0.0,0.0,0.0,0.0,0.0,0.0,0.0,0.0,0.0,0.0,vectored,valid25,2,2026-08-03T22:42:13+00:00
crossbar_64_8_4_16nm_TT_0V85_25C_800MHz,crossbar,data_width=64;num_inputs=8;num_outputs=4,16nm,TT,0.85,25.0,1.25,800.0,64,8,4,V-2023.12-SP4,3420,3420,0,728.331277,728.331277,0.0,0.0,0.0,1.04,0.01,0.0,0,V-2023.12-SP4,2643,2643,0,636.76,636.76,0.0,1038.1271,0.6134,0.0,0.0,1.02,0.03,0.0,0,V-2023.12-SP3,V-2023.12-SP4,0.444,0.6086,0.0009412,1.054,1.0526,1.31575,0.0,0.0,0.0,0.0,0.0,0.0,0.0,0.0,0.444,0.6086,0.0009412,1.054,0.0,0.0,0.0,0.0,0.0,0.0,0.0,0.0,0.0,0.0,0.0,0.0,0.0,0.0,0.0,0.0,unvectored,none,2,2026-08-03T22:42:19+00:00
crossbar_64_8_4_16nm_TT_0V85_25C_800MHz,crossbar,data_width=64;num_inputs=8;num_outputs=4,16nm,TT,0.85,25.0,1.25,800.0,64,8,4,V-2023.12-SP4,3420,3420,0,728.331277,728.331277,0.0,0.0,0.0,1.04,0.01,0.0,0,V-2023.12-SP4,2643,2643,0,636.76,636.76,0.0,1038.1271,0.6134,0.0,0.0,1.02,0.03,0.0,0,V-2023.12-SP3,V-2023.12-SP4,0.7487,0.9713999999999999,0.0009211,1.721,1.7201,2.150125,0.0,0.0,0.0,0.0,0.0,0.0,0.0,0.0,0.7487,0.9713999999999999,0.0009211,1.721,0.0,0.0,0.0,0.0,0.0,0.0,0.0,0.0,0.0,0.0,0.0,0.0,0.0,0.0,0.0,0.0,vectored,random,2,2026-08-03T22:42:25+00:00
crossbar_64_8_4_16nm_TT_0V85_25C_800MHz,crossbar,data_width=64;num_inputs=8;num_outputs=4,16nm,TT,0.85,25.0,1.25,800.0,64,8,4,V-2023.12-SP4,3420,3420,0,728.331277,728.331277,0.0,0.0,0.0,1.04,0.01,0.0,0,V-2023.12-SP4,2643,2643,0,636.76,636.76,0.0,1038.1271,0.6134,0.0,0.0,1.02,0.03,0.0,0,V-2023.12-SP3,V-2023.12-SP4,0.3615,0.4312,0.000899,0.7936,0.7927,0.990875,0.0,0.0,0.0,0.0,0.0,0.0,0.0,0.0,0.3615,0.4312,0.000899,0.7936,0.0,0.0,0.0,0.0,0.0,0.0,0.0,0.0,0.0,0.0,0.0,0.0,0.0,0.0,0.0,0.0,vectored,fixed_route,2,2026-08-03T22:42:32+00:00
crossbar_64_8_4_16nm_TT_0V85_25C_800MHz,crossbar,data_width=64;num_inputs=8;num_outputs=4,16nm,TT,0.85,25.0,1.25,800.0,64,8,4,V-2023.12-SP4,3420,3420,0,728.331277,728.331277,0.0,0.0,0.0,1.04,0.01,0.0,0,V-2023.12-SP4,2643,2643,0,636.76,636.76,0.0,1038.1271,0.6134,0.0,0.0,1.02,0.03,0.0,0,V-2023.12-SP3,V-2023.12-SP4,0.2452,0.3314,0.0009581,0.5776,0.5766,0.72075,0.0,0.0,0.0,0.0,0.0,0.0,0.0,0.0,0.2452,0.3314,0.0009581,0.5776,0.0,0.0,0.0,0.0,0.0,0.0,0.0,0.0,0.0,0.0,0.0,0.0,0.0,0.0,0.0,0.0,vectored,valid25,2,2026-08-03T22:42:38+00:00
crossbar_32_16_16_7nm_TT_0V75_25C_1333p33MHz,crossbar,data_width=32;num_inputs=16;num_outputs=16,7nm,TT,0.75,25.0,0.75,1333.3333333333333,32,16,16,V-2023.12-SP4,14964,14964,0,901.458427,901.458427,0.0,0.0,0.0,0.55,0.0,0.0,0,V-2023.12-SP4,11472,11472,0,711.63,711.63,0.0,1282.4986,0.5549,0.0,0.0,0.61,-0.06,-4.7,369,V-2023.12-SP3,V-2023.12-SP4,0.9472,2.143,0.002768,3.093,3.0902,2.31765,0.0,0.0,0.0,0.0,0.0,0.0,0.0,0.0,0.9472,2.143,0.002768,3.093,0.0,0.0,0.0,0.0,0.0,0.0,0.0,0.0,0.0,0.0,0.0,0.0,0.0,0.0,0.0,0.0,unvectored,none,2,2026-08-03T22:44:31+00:00
crossbar_32_16_16_7nm_TT_0V75_25C_1333p33MHz,crossbar,data_width=32;num_inputs=16;num_outputs=16,7nm,TT,0.75,25.0,0.75,1333.3333333333333,32,16,16,V-2023.12-SP4,14964,14964,0,901.458427,901.458427,0.0,0.0,0.0,0.55,0.0,0.0,0,V-2023.12-SP4,11472,11472,0,711.63,711.63,0.0,1282.4986,0.5549,0.0,0.0,0.61,-0.06,-4.7,369,V-2023.12-SP3,V-2023.12-SP4,1.553,3.162,0.002729,4.718,4.715,3.53625,0.0,0.0,0.0,0.0,0.0,0.0,0.0,0.0,1.553,3.162,0.002729,4.718,0.0,0.0,0.0,0.0,0.0,0.0,0.0,0.0,0.0,0.0,0.0,0.0,0.0,0.0,0.0,0.0,vectored,random,2,2026-08-03T22:44:39+00:00
crossbar_32_16_16_7nm_TT_0V75_25C_1333p33MHz,crossbar,data_width=32;num_inputs=16;num_outputs=16,7nm,TT,0.75,25.0,0.75,1333.3333333333333,32,16,16,V-2023.12-SP4,14964,14964,0,901.458427,901.458427,0.0,0.0,0.0,0.55,0.0,0.0,0,V-2023.12-SP4,11472,11472,0,711.63,711.63,0.0,1282.4986,0.5549,0.0,0.0,0.61,-0.06,-4.7,369,V-2023.12-SP3,V-2023.12-SP4,0.7253999999999999,1.734,0.002696,2.462,2.4594,1.84455,0.0,0.0,0.0,0.0,0.0,0.0,0.0,0.0,0.7253999999999999,1.734,0.002696,2.462,0.0,0.0,0.0,0.0,0.0,0.0,0.0,0.0,0.0,0.0,0.0,0.0,0.0,0.0,0.0,0.0,vectored,fixed_route,2,2026-08-03T22:44:46+00:00
crossbar_32_16_16_7nm_TT_0V75_25C_1333p33MHz,crossbar,data_width=32;num_inputs=16;num_outputs=16,7nm,TT,0.75,25.0,0.75,1333.3333333333333,32,16,16,V-2023.12-SP4,14964,14964,0,901.458427,901.458427,0.0,0.0,0.0,0.55,0.0,0.0,0,V-2023.12-SP4,11472,11472,0,711.63,711.63,0.0,1282.4986,0.5549,0.0,0.0,0.61,-0.06,-4.7,369,V-2023.12-SP3,V-2023.12-SP4,0.3982,0.8285,0.002796,1.229,1.2267000000000001,0.9200250000000001,0.0,0.0,0.0,0.0,0.0,0.0,0.0,0.0,0.3982,0.8285,0.002796,1.229,0.0,0.0,0.0,0.0,0.0,0.0,0.0,0.0,0.0,0.0,0.0,0.0,0.0,0.0,0.0,0.0,vectored,valid25,2,2026-08-03T22:44:55+00:00
crossbar_32_4_8_7nm_TT_0V75_25C_1333p33MHz,crossbar,data_width=32;num_inputs=4;num_outputs=8,7nm,TT,0.75,25.0,0.75,1333.3333333333333,32,4,8,V-2023.12-SP4,919,919,0,62.060545,62.060545,0.0,0.0,0.0,0.53,0.02,0.0,0,V-2023.12-SP4,906,906,0,61.87,61.87,0.0,87.7202,0.7053,0.0,0.0,0.5,0.05,0.0,0,V-2023.12-SP3,V-2023.12-SP4,0.09061,0.1163,0.00023,0.2072,0.20690999999999998,0.1551825,0.0,0.0,0.0,0.0,0.0,0.0,0.0,0.0,0.09061,0.1163,0.00023,0.2072,0.0,0.0,0.0,0.0,0.0,0.0,0.0,0.0,0.0,0.0,0.0,0.0,0.0,0.0,0.0,0.0,unvectored,none,2,2026-08-03T22:50:12+00:00
crossbar_32_4_8_7nm_TT_0V75_25C_1333p33MHz,crossbar,data_width=32;num_inputs=4;num_outputs=8,7nm,TT,0.75,25.0,0.75,1333.3333333333333,32,4,8,V-2023.12-SP4,919,919,0,62.060545,62.060545,0.0,0.0,0.0,0.53,0.02,0.0,0,V-2023.12-SP4,906,906,0,61.87,61.87,0.0,87.7202,0.7053,0.0,0.0,0.5,0.05,0.0,0,V-2023.12-SP3,V-2023.12-SP4,0.1573,0.18080000000000002,0.0002293,0.3383,0.3381,0.253575,0.0,0.0,0.0,0.0,0.0,0.0,0.0,0.0,0.1573,0.18080000000000002,0.0002293,0.3383,0.0,0.0,0.0,0.0,0.0,0.0,0.0,0.0,0.0,0.0,0.0,0.0,0.0,0.0,0.0,0.0,vectored,random,2,2026-08-03T22:50:19+00:00
crossbar_32_4_8_7nm_TT_0V75_25C_1333p33MHz,crossbar,data_width=32;num_inputs=4;num_outputs=8,7nm,TT,0.75,25.0,0.75,1333.3333333333333,32,4,8,V-2023.12-SP4,919,919,0,62.060545,62.060545,0.0,0.0,0.0,0.53,0.02,0.0,0,V-2023.12-SP4,906,906,0,61.87,61.87,0.0,87.7202,0.7053,0.0,0.0,0.5,0.05,0.0,0,V-2023.12-SP3,V-2023.12-SP4,0.056709999999999997,0.035339999999999996,0.0002285,0.09228,0.09204999999999999,0.0690375,0.0,0.0,0.0,0.0,0.0,0.0,0.0,0.0,0.056709999999999997,0.035339999999999996,0.0002285,0.09228,0.0,0.0,0.0,0.0,0.0,0.0,0.0,0.0,0.0,0.0,0.0,0.0,0.0,0.0,0.0,0.0,vectored,fixed_route,2,2026-08-03T22:50:25+00:00
crossbar_32_4_8_7nm_TT_0V75_25C_1333p33MHz,crossbar,data_width=32;num_inputs=4;num_outputs=8,7nm,TT,0.75,25.0,0.75,1333.3333333333333,32,4,8,V-2023.12-SP4,919,919,0,62.060545,62.060545,0.0,0.0,0.0,0.53,0.02,0.0,0,V-2023.12-SP4,906,906,0,61.87,61.87,0.0,87.7202,0.7053,0.0,0.0,0.5,0.05,0.0,0,V-2023.12-SP3,V-2023.12-SP4,0.03785,0.04861,0.0002306,0.08670000000000001,0.08646000000000001,0.06484500000000001,0.0,0.0,0.0,0.0,0.0,0.0,0.0,0.0,0.03785,0.04861,0.0002306,0.08670000000000001,0.0,0.0,0.0,0.0,0.0,0.0,0.0,0.0,0.0,0.0,0.0,0.0,0.0,0.0,0.0,0.0,vectored,valid25,2,2026-08-03T22:50:32+00:00
crossbar_32_4_8_7nm_TT_0V75_25C_800MHz,crossbar,data_width=32;num_inputs=4;num_outputs=8,7nm,TT,0.75,25.0,1.25,800.0,32,4,8,V-2023.12-SP4,916,916,0,61.850881,61.850881,0.0,0.0,0.0,0.55,0.5,0.0,0,V-2023.12-SP4,911,911,0,62.01,62.01,0.0,87.1235,0.7118,0.0,0.0,0.53,0.52,0.0,0,V-2023.12-SP3,V-2023.12-SP4,0.055810000000000005,0.0692,0.0002306,0.1252,0.12501,0.15626250000000003,0.0,0.0,0.0,0.0,0.0,0.0,0.0,0.0,0.055810000000000005,0.0692,0.0002306,0.1252,0.0,0.0,0.0,0.0,0.0,0.0,0.0,0.0,0.0,0.0,0.0,0.0,0.0,0.0,0.0,0.0,unvectored,none,2,2026-08-03T22:55:59+00:00
crossbar_32_16_8_7nm_TT_0V75_25C_1333p33MHz,crossbar,data_width=32;num_inputs=16;num_outputs=8,7nm,TT,0.75,25.0,0.75,1333.3333333333333,32,16,8,V-2023.12-SP4,7558,7558,0,450.503422,450.503422,0.0,0.0,0.0,0.55,0.0,0.0,0,V-2023.12-SP4,5785,5785,0,358.78,358.78,0.0,638.6688,0.5618,0.0,0.0,0.56,-0.01,-0.13,33,V-2023.12-SP3,V-2023.12-SP4,0.6713,1.174,0.001387,1.847,1.8453,1.383975,0.0,0.0,0.0,0.0,0.0,0.0,0.0,0.0,0.6713,1.174,0.001387,1.847,0.0,0.0,0.0,0.0,0.0,0.0,0.0,0.0,0.0,0.0,0.0,0.0,0.0,0.0,0.0,0.0,unvectored,none,2,2026-08-03T22:56:01+00:00
crossbar_32_4_8_7nm_TT_0V75_25C_800MHz,crossbar,data_width=32;num_inputs=4;num_outputs=8,7nm,TT,0.75,25.0,1.25,800.0,32,4,8,V-2023.12-SP4,916,916,0,61.850881,61.850881,0.0,0.0,0.0,0.55,0.5,0.0,0,V-2023.12-SP4,911,911,0,62.01,62.01,0.0,87.1235,0.7118,0.0,0.0,0.53,0.52,0.0,0,V-2023.12-SP3,V-2023.12-SP4,0.09566000000000001,0.1066,0.0002298,0.20249999999999999,0.20226,0.25282499999999997,0.0,0.0,0.0,0.0,0.0,0.0,0.0,0.0,0.09566000000000001,0.1066,0.0002298,0.20249999999999999,0.0,0.0,0.0,0.0,0.0,0.0,0.0,0.0,0.0,0.0,0.0,0.0,0.0,0.0,0.0,0.0,vectored,random,2,2026-08-03T22:56:05+00:00
crossbar_32_16_8_7nm_TT_0V75_25C_1333p33MHz,crossbar,data_width=32;num_inputs=16;num_outputs=8,7nm,TT,0.75,25.0,0.75,1333.3333333333333,32,16,8,V-2023.12-SP4,7558,7558,0,450.503422,450.503422,0.0,0.0,0.0,0.55,0.0,0.0,0,V-2023.12-SP4,5785,5785,0,358.78,358.78,0.0,638.6688,0.5618,0.0,0.0,0.56,-0.01,-0.13,33,V-2023.12-SP3,V-2023.12-SP4,1.062,1.7249999999999999,0.001364,2.7880000000000003,2.787,2.09025,0.0,0.0,0.0,0.0,0.0,0.0,0.0,0.0,1.062,1.7249999999999999,0.001364,2.7880000000000003,0.0,0.0,0.0,0.0,0.0,0.0,0.0,0.0,0.0,0.0,0.0,0.0,0.0,0.0,0.0,0.0,vectored,random,2,2026-08-03T22:56:09+00:00
crossbar_32_4_8_7nm_TT_0V75_25C_800MHz,crossbar,data_width=32;num_inputs=4;num_outputs=8,7nm,TT,0.75,25.0,1.25,800.0,32,4,8,V-2023.12-SP4,916,916,0,61.850881,61.850881,0.0,0.0,0.0,0.55,0.5,0.0,0,V-2023.12-SP4,911,911,0,62.01,62.01,0.0,87.1235,0.7118,0.0,0.0,0.53,0.52,0.0,0,V-2023.12-SP3,V-2023.12-SP4,0.03406,0.02139,0.0002296,0.05568,0.05545,0.0693125,0.0,0.0,0.0,0.0,0.0,0.0,0.0,0.0,0.03406,0.02139,0.0002296,0.05568,0.0,0.0,0.0,0.0,0.0,0.0,0.0,0.0,0.0,0.0,0.0,0.0,0.0,0.0,0.0,0.0,vectored,fixed_route,2,2026-08-03T22:56:11+00:00
crossbar_32_16_8_7nm_TT_0V75_25C_1333p33MHz,crossbar,data_width=32;num_inputs=16;num_outputs=8,7nm,TT,0.75,25.0,0.75,1333.3333333333333,32,16,8,V-2023.12-SP4,7558,7558,0,450.503422,450.503422,0.0,0.0,0.0,0.55,0.0,0.0,0,V-2023.12-SP4,5785,5785,0,358.78,358.78,0.0,638.6688,0.5618,0.0,0.0,0.56,-0.01,-0.13,33,V-2023.12-SP3,V-2023.12-SP4,0.4769,0.7873,0.001343,1.266,1.2642,0.94815,0.0,0.0,0.0,0.0,0.0,0.0,0.0,0.0,0.4769,0.7873,0.001343,1.266,0.0,0.0,0.0,0.0,0.0,0.0,0.0,0.0,0.0,0.0,0.0,0.0,0.0,0.0,0.0,0.0,vectored,fixed_route,2,2026-08-03T22:56:16+00:00
crossbar_32_4_8_7nm_TT_0V75_25C_800MHz,crossbar,data_width=32;num_inputs=4;num_outputs=8,7nm,TT,0.75,25.0,1.25,800.0,32,4,8,V-2023.12-SP4,916,916,0,61.850881,61.850881,0.0,0.0,0.0,0.55,0.5,0.0,0,V-2023.12-SP4,911,911,0,62.01,62.01,0.0,87.1235,0.7118,0.0,0.0,0.53,0.52,0.0,0,V-2023.12-SP3,V-2023.12-SP4,0.02338,0.0288,0.0002312,0.05241,0.052180000000000004,0.065225,0.0,0.0,0.0,0.0,0.0,0.0,0.0,0.0,0.02338,0.0288,0.0002312,0.05241,0.0,0.0,0.0,0.0,0.0,0.0,0.0,0.0,0.0,0.0,0.0,0.0,0.0,0.0,0.0,0.0,vectored,valid25,2,2026-08-03T22:56:18+00:00
crossbar_32_16_8_7nm_TT_0V75_25C_1333p33MHz,crossbar,data_width=32;num_inputs=16;num_outputs=8,7nm,TT,0.75,25.0,0.75,1333.3333333333333,32,16,8,V-2023.12-SP4,7558,7558,0,450.503422,450.503422,0.0,0.0,0.0,0.55,0.0,0.0,0,V-2023.12-SP4,5785,5785,0,358.78,358.78,0.0,638.6688,0.5618,0.0,0.0,0.56,-0.01,-0.13,33,V-2023.12-SP3,V-2023.12-SP4,0.3454,0.5669,0.001407,0.9137000000000001,0.9122999999999999,0.6842249999999999,0.0,0.0,0.0,0.0,0.0,0.0,0.0,0.0,0.3454,0.5669,0.001407,0.9137000000000001,0.0,0.0,0.0,0.0,0.0,0.0,0.0,0.0,0.0,0.0,0.0,0.0,0.0,0.0,0.0,0.0,vectored,valid25,2,2026-08-03T22:56:24+00:00
crossbar_64_2_2_7nm_TT_0V75_25C_1333p33MHz,crossbar,data_width=64;num_inputs=2;num_outputs=2,7nm,TT,0.75,25.0,0.75,1333.3333333333333,64,2,2,V-2023.12-SP4,276,276,0,15.466752,15.466752,0.0,0.0,0.0,0.46,0.09,0.0,0,V-2023.12-SP4,277,277,0,15.48,15.48,0.0,21.1922,0.7306,0.0,0.0,0.24,0.31,0.0,0,V-2023.12-SP3,V-2023.12-SP4,0.044910000000000005,0.061560000000000004,5.405e-05,0.1065,0.10647000000000001,0.0798525,0.0,0.0,0.0,0.0,0.0,0.0,0.0,0.0,0.044910000000000005,0.061560000000000004,5.405e-05,0.1065,0.0,0.0,0.0,0.0,0.0,0.0,0.0,0.0,0.0,0.0,0.0,0.0,0.0,0.0,0.0,0.0,unvectored,none,2,2026-08-03T22:59:07+00:00
crossbar_64_2_2_7nm_TT_0V75_25C_1333p33MHz,crossbar,data_width=64;num_inputs=2;num_outputs=2,7nm,TT,0.75,25.0,0.75,1333.3333333333333,64,2,2,V-2023.12-SP4,276,276,0,15.466752,15.466752,0.0,0.0,0.0,0.46,0.09,0.0,0,V-2023.12-SP4,277,277,0,15.48,15.48,0.0,21.1922,0.7306,0.0,0.0,0.24,0.31,0.0,0,V-2023.12-SP3,V-2023.12-SP4,0.08378999999999999,0.09905,5.522e-05,0.1829,0.18284,0.13713,0.0,0.0,0.0,0.0,0.0,0.0,0.0,0.0,0.08378999999999999,0.09905,5.522e-05,0.1829,0.0,0.0,0.0,0.0,0.0,0.0,0.0,0.0,0.0,0.0,0.0,0.0,0.0,0.0,0.0,0.0,vectored,random,2,2026-08-03T22:59:14+00:00
crossbar_64_2_2_7nm_TT_0V75_25C_800MHz,crossbar,data_width=64;num_inputs=2;num_outputs=2,7nm,TT,0.75,25.0,1.25,800.0,64,2,2,V-2023.12-SP4,276,276,0,15.466752,15.466752,0.0,0.0,0.0,0.46,0.59,0.0,0,V-2023.12-SP4,275,275,0,15.4,15.4,0.0,21.1922,0.7268,0.0,0.0,0.25,0.8,0.0,0,V-2023.12-SP3,V-2023.12-SP4,0.027030000000000002,0.03709,5.363e-05,0.06417,0.06412,0.08015,0.0,0.0,0.0,0.0,0.0,0.0,0.0,0.0,0.027030000000000002,0.03709,5.363e-05,0.06417,0.0,0.0,0.0,0.0,0.0,0.0,0.0,0.0,0.0,0.0,0.0,0.0,0.0,0.0,0.0,0.0,unvectored,none,2,2026-08-03T22:59:17+00:00
crossbar_64_2_2_7nm_TT_0V75_25C_1333p33MHz,crossbar,data_width=64;num_inputs=2;num_outputs=2,7nm,TT,0.75,25.0,0.75,1333.3333333333333,64,2,2,V-2023.12-SP4,276,276,0,15.466752,15.466752,0.0,0.0,0.0,0.46,0.09,0.0,0,V-2023.12-SP4,277,277,0,15.48,15.48,0.0,21.1922,0.7306,0.0,0.0,0.24,0.31,0.0,0,V-2023.12-SP3,V-2023.12-SP4,0.04994,0.03345,5.741e-05,0.08344,0.08338999999999999,0.0625425,0.0,0.0,0.0,0.0,0.0,0.0,0.0,0.0,0.04994,0.03345,5.741e-05,0.08344,0.0,0.0,0.0,0.0,0.0,0.0,0.0,0.0,0.0,0.0,0.0,0.0,0.0,0.0,0.0,0.0,vectored,fixed_route,2,2026-08-03T22:59:20+00:00
crossbar_64_2_2_7nm_TT_0V75_25C_800MHz,crossbar,data_width=64;num_inputs=2;num_outputs=2,7nm,TT,0.75,25.0,1.25,800.0,64,2,2,V-2023.12-SP4,276,276,0,15.466752,15.466752,0.0,0.0,0.0,0.46,0.59,0.0,0,V-2023.12-SP4,275,275,0,15.4,15.4,0.0,21.1922,0.7268,0.0,0.0,0.25,0.8,0.0,0,V-2023.12-SP3,V-2023.12-SP4,0.04986,0.05933,5.4749999999999996e-05,0.10919999999999999,0.10919000000000001,0.1364875,0.0,0.0,0.0,0.0,0.0,0.0,0.0,0.0,0.04986,0.05933,5.4749999999999996e-05,0.10919999999999999,0.0,0.0,0.0,0.0,0.0,0.0,0.0,0.0,0.0,0.0,0.0,0.0,0.0,0.0,0.0,0.0,vectored,random,2,2026-08-03T22:59:24+00:00
crossbar_64_2_2_7nm_TT_0V75_25C_1333p33MHz,crossbar,data_width=64;num_inputs=2;num_outputs=2,7nm,TT,0.75,25.0,0.75,1333.3333333333333,64,2,2,V-2023.12-SP4,276,276,0,15.466752,15.466752,0.0,0.0,0.0,0.46,0.09,0.0,0,V-2023.12-SP4,277,277,0,15.48,15.48,0.0,21.1922,0.7306,0.0,0.0,0.24,0.31,0.0,0,V-2023.12-SP3,V-2023.12-SP4,0.02471,0.035160000000000004,5.3e-05,0.05993,0.05987000000000001,0.044902500000000005,0.0,0.0,0.0,0.0,0.0,0.0,0.0,0.0,0.02471,0.035160000000000004,5.3e-05,0.05993,0.0,0.0,0.0,0.0,0.0,0.0,0.0,0.0,0.0,0.0,0.0,0.0,0.0,0.0,0.0,0.0,vectored,valid25,2,2026-08-03T22:59:27+00:00
crossbar_64_2_2_7nm_TT_0V75_25C_800MHz,crossbar,data_width=64;num_inputs=2;num_outputs=2,7nm,TT,0.75,25.0,1.25,800.0,64,2,2,V-2023.12-SP4,276,276,0,15.466752,15.466752,0.0,0.0,0.0,0.46,0.59,0.0,0,V-2023.12-SP4,275,275,0,15.4,15.4,0.0,21.1922,0.7268,0.0,0.0,0.25,0.8,0.0,0,V-2023.12-SP3,V-2023.12-SP4,0.03011,0.02052,5.672e-05,0.05068,0.05063,0.0632875,0.0,0.0,0.0,0.0,0.0,0.0,0.0,0.0,0.03011,0.02052,5.672e-05,0.05068,0.0,0.0,0.0,0.0,0.0,0.0,0.0,0.0,0.0,0.0,0.0,0.0,0.0,0.0,0.0,0.0,vectored,fixed_route,2,2026-08-03T22:59:31+00:00
crossbar_64_2_2_7nm_TT_0V75_25C_800MHz,crossbar,data_width=64;num_inputs=2;num_outputs=2,7nm,TT,0.75,25.0,1.25,800.0,64,2,2,V-2023.12-SP4,276,276,0,15.466752,15.466752,0.0,0.0,0.0,0.46,0.59,0.0,0,V-2023.12-SP4,275,275,0,15.4,15.4,0.0,21.1922,0.7268,0.0,0.0,0.25,0.8,0.0,0,V-2023.12-SP3,V-2023.12-SP4,0.01486,0.021140000000000003,5.266e-05,0.03605,0.036000000000000004,0.045000000000000005,0.0,0.0,0.0,0.0,0.0,0.0,0.0,0.0,0.01486,0.021140000000000003,5.266e-05,0.03605,0.0,0.0,0.0,0.0,0.0,0.0,0.0,0.0,0.0,0.0,0.0,0.0,0.0,0.0,0.0,0.0,vectored,valid25,2,2026-08-03T22:59:37+00:00
crossbar_32_16_8_7nm_TT_0V75_25C_800MHz,crossbar,data_width=32;num_inputs=16;num_outputs=8,7nm,TT,0.75,25.0,1.25,800.0,32,16,8,V-2023.12-SP4,4308,4308,0,290.658821,290.658821,0.0,0.0,0.0,1.05,0.0,0.0,0,V-2023.12-SP4,4302,4302,0,291.95,291.95,0.0,410.2963,0.7116,0.0,0.0,1.03,0.02,0.0,0,V-2023.12-SP3,V-2023.12-SP4,0.30069999999999997,0.562,0.001112,0.8639,0.8627,1.078375,0.0,0.0,0.0,0.0,0.0,0.0,0.0,0.0,0.30069999999999997,0.562,0.001112,0.8639,0.0,0.0,0.0,0.0,0.0,0.0,0.0,0.0,0.0,0.0,0.0,0.0,0.0,0.0,0.0,0.0,unvectored,none,2,2026-08-03T23:04:49+00:00
crossbar_32_16_8_7nm_TT_0V75_25C_800MHz,crossbar,data_width=32;num_inputs=16;num_outputs=8,7nm,TT,0.75,25.0,1.25,800.0,32,16,8,V-2023.12-SP4,4308,4308,0,290.658821,290.658821,0.0,0.0,0.0,1.05,0.0,0.0,0,V-2023.12-SP4,4302,4302,0,291.95,291.95,0.0,410.2963,0.7116,0.0,0.0,1.03,0.02,0.0,0,V-2023.12-SP3,V-2023.12-SP4,0.47209999999999996,0.8347,0.001091,1.3079999999999998,1.3068,1.6335,0.0,0.0,0.0,0.0,0.0,0.0,0.0,0.0,0.47209999999999996,0.8347,0.001091,1.3079999999999998,0.0,0.0,0.0,0.0,0.0,0.0,0.0,0.0,0.0,0.0,0.0,0.0,0.0,0.0,0.0,0.0,vectored,random,2,2026-08-03T23:04:56+00:00
crossbar_32_16_8_7nm_TT_0V75_25C_800MHz,crossbar,data_width=32;num_inputs=16;num_outputs=8,7nm,TT,0.75,25.0,1.25,800.0,32,16,8,V-2023.12-SP4,4308,4308,0,290.658821,290.658821,0.0,0.0,0.0,1.05,0.0,0.0,0,V-2023.12-SP4,4302,4302,0,291.95,291.95,0.0,410.2963,0.7116,0.0,0.0,1.03,0.02,0.0,0,V-2023.12-SP3,V-2023.12-SP4,0.1841,0.3343,0.001062,0.5195,0.5184,0.6479999999999999,0.0,0.0,0.0,0.0,0.0,0.0,0.0,0.0,0.1841,0.3343,0.001062,0.5195,0.0,0.0,0.0,0.0,0.0,0.0,0.0,0.0,0.0,0.0,0.0,0.0,0.0,0.0,0.0,0.0,vectored,fixed_route,2,2026-08-03T23:05:04+00:00
crossbar_32_16_8_7nm_TT_0V75_25C_800MHz,crossbar,data_width=32;num_inputs=16;num_outputs=8,7nm,TT,0.75,25.0,1.25,800.0,32,16,8,V-2023.12-SP4,4308,4308,0,290.658821,290.658821,0.0,0.0,0.0,1.05,0.0,0.0,0,V-2023.12-SP4,4302,4302,0,291.95,291.95,0.0,410.2963,0.7116,0.0,0.0,1.03,0.02,0.0,0,V-2023.12-SP3,V-2023.12-SP4,0.1593,0.2782,0.001135,0.4386,0.4375,0.546875,0.0,0.0,0.0,0.0,0.0,0.0,0.0,0.0,0.1593,0.2782,0.001135,0.4386,0.0,0.0,0.0,0.0,0.0,0.0,0.0,0.0,0.0,0.0,0.0,0.0,0.0,0.0,0.0,0.0,vectored,valid25,2,2026-08-03T23:05:12+00:00
crossbar_64_4_4_7nm_TT_0V75_25C_1333p33MHz,crossbar,data_width=64;num_inputs=4;num_outputs=4,7nm,TT,0.75,25.0,0.75,1333.3333333333333,64,4,4,V-2023.12-SP4,844,844,0,58.044673,58.044673,0.0,0.0,0.0,0.54,0.01,0.0,0,V-2023.12-SP4,865,865,0,59.35,59.35,0.0,82.4463,0.7199,0.0,0.0,0.55,0.0,0.0,0,V-2023.12-SP3,V-2023.12-SP4,0.12789999999999999,0.1819,0.0002166,0.3101,0.30979999999999996,0.23234999999999997,0.0,0.0,0.0,0.0,0.0,0.0,0.0,0.0,0.12789999999999999,0.1819,0.0002166,0.3101,0.0,0.0,0.0,0.0,0.0,0.0,0.0,0.0,0.0,0.0,0.0,0.0,0.0,0.0,0.0,0.0,unvectored,none,2,2026-08-03T23:05:23+00:00
crossbar_64_16_16_16nm_TT_0V85_25C_571p429MHz,crossbar,data_width=64;num_inputs=16;num_outputs=16,16nm,TT,0.85,25.0,1.75,571.4285714285714,64,16,16,V-2023.12-SP4,24255,24255,0,5659.061884,5659.061884,0.0,0.0,0.0,1.55,0.0,0.0,0,V-2023.12-SP4,20566,20566,0,5082.39,5082.39,0.0,8074.1007,0.6295,0.0,0.0,1.58,-0.03,-0.15,11,V-2023.12-SP3,V-2023.12-SP4,1.391,2.741,0.007808000000000001,4.139,4.132,7.231,0.0,0.0,0.0,0.0,0.0,0.0,0.0,0.0,1.391,2.741,0.007808000000000001,4.139,0.0,0.0,0.0,0.0,0.0,0.0,0.0,0.0,0.0,0.0,0.0,0.0,0.0,0.0,0.0,0.0,unvectored,none,2,2026-08-03T23:05:24+00:00
crossbar_64_4_4_7nm_TT_0V75_25C_1333p33MHz,crossbar,data_width=64;num_inputs=4;num_outputs=4,7nm,TT,0.75,25.0,0.75,1333.3333333333333,64,4,4,V-2023.12-SP4,844,844,0,58.044673,58.044673,0.0,0.0,0.0,0.54,0.01,0.0,0,V-2023.12-SP4,865,865,0,59.35,59.35,0.0,82.4463,0.7199,0.0,0.0,0.55,0.0,0.0,0,V-2023.12-SP3,V-2023.12-SP4,0.2351,0.3112,0.000215,0.5465,0.5463,0.409725,0.0,0.0,0.0,0.0,0.0,0.0,0.0,0.0,0.2351,0.3112,0.000215,0.5465,0.0,0.0,0.0,0.0,0.0,0.0,0.0,0.0,0.0,0.0,0.0,0.0,0.0,0.0,0.0,0.0,vectored,random,2,2026-08-03T23:05:30+00:00
crossbar_64_4_4_7nm_TT_0V75_25C_800MHz,crossbar,data_width=64;num_inputs=4;num_outputs=4,7nm,TT,0.75,25.0,1.25,800.0,64,4,4,V-2023.12-SP4,847,847,0,58.076929,58.076929,0.0,0.0,0.0,0.66,0.39,0.0,0,V-2023.12-SP4,865,865,0,58.98,58.98,0.0,82.4463,0.7154,0.0,0.0,0.73,0.32,0.0,0,V-2023.12-SP3,V-2023.12-SP4,0.07511000000000001,0.10890000000000001,0.0002112,0.1842,0.18401,0.2300125,0.0,0.0,0.0,0.0,0.0,0.0,0.0,0.0,0.07511000000000001,0.10890000000000001,0.0002112,0.1842,0.0,0.0,0.0,0.0,0.0,0.0,0.0,0.0,0.0,0.0,0.0,0.0,0.0,0.0,0.0,0.0,unvectored,none,2,2026-08-03T23:05:31+00:00
crossbar_64_16_16_16nm_TT_0V85_25C_571p429MHz,crossbar,data_width=64;num_inputs=16;num_outputs=16,16nm,TT,0.85,25.0,1.75,571.4285714285714,64,16,16,V-2023.12-SP4,24255,24255,0,5659.061884,5659.061884,0.0,0.0,0.0,1.55,0.0,0.0,0,V-2023.12-SP4,20566,20566,0,5082.39,5082.39,0.0,8074.1007,0.6295,0.0,0.0,1.58,-0.03,-0.15,11,V-2023.12-SP3,V-2023.12-SP4,2.37,4.3740000000000006,0.007672,6.751,6.744000000000001,11.802000000000001,0.0,0.0,0.0,0.0,0.0,0.0,0.0,0.0,2.37,4.3740000000000006,0.007672,6.751,0.0,0.0,0.0,0.0,0.0,0.0,0.0,0.0,0.0,0.0,0.0,0.0,0.0,0.0,0.0,0.0,vectored,random,2,2026-08-03T23:05:33+00:00
crossbar_64_4_4_7nm_TT_0V75_25C_1333p33MHz,crossbar,data_width=64;num_inputs=4;num_outputs=4,7nm,TT,0.75,25.0,0.75,1333.3333333333333,64,4,4,V-2023.12-SP4,844,844,0,58.044673,58.044673,0.0,0.0,0.0,0.54,0.01,0.0,0,V-2023.12-SP4,865,865,0,59.35,59.35,0.0,82.4463,0.7199,0.0,0.0,0.55,0.0,0.0,0,V-2023.12-SP3,V-2023.12-SP4,0.1155,0.09146,0.0002132,0.2071,0.20696,0.15522,0.0,0.0,0.0,0.0,0.0,0.0,0.0,0.0,0.1155,0.09146,0.0002132,0.2071,0.0,0.0,0.0,0.0,0.0,0.0,0.0,0.0,0.0,0.0,0.0,0.0,0.0,0.0,0.0,0.0,vectored,fixed_route,2,2026-08-03T23:05:37+00:00
crossbar_64_4_4_7nm_TT_0V75_25C_800MHz,crossbar,data_width=64;num_inputs=4;num_outputs=4,7nm,TT,0.75,25.0,1.25,800.0,64,4,4,V-2023.12-SP4,847,847,0,58.076929,58.076929,0.0,0.0,0.0,0.66,0.39,0.0,0,V-2023.12-SP4,865,865,0,58.98,58.98,0.0,82.4463,0.7154,0.0,0.0,0.73,0.32,0.0,0,V-2023.12-SP3,V-2023.12-SP4,0.1416,0.191,0.0002097,0.33290000000000003,0.3326,0.41575,0.0,0.0,0.0,0.0,0.0,0.0,0.0,0.0,0.1416,0.191,0.0002097,0.33290000000000003,0.0,0.0,0.0,0.0,0.0,0.0,0.0,0.0,0.0,0.0,0.0,0.0,0.0,0.0,0.0,0.0,vectored,random,2,2026-08-03T23:05:37+00:00
crossbar_64_16_16_16nm_TT_0V85_25C_571p429MHz,crossbar,data_width=64;num_inputs=16;num_outputs=16,16nm,TT,0.85,25.0,1.75,571.4285714285714,64,16,16,V-2023.12-SP4,24255,24255,0,5659.061884,5659.061884,0.0,0.0,0.0,1.55,0.0,0.0,0,V-2023.12-SP4,20566,20566,0,5082.39,5082.39,0.0,8074.1007,0.6295,0.0,0.0,1.58,-0.03,-0.15,11,V-2023.12-SP3,V-2023.12-SP4,1.1119999999999999,2.234,0.00758,3.354,3.346,5.8555,0.0,0.0,0.0,0.0,0.0,0.0,0.0,0.0,1.1119999999999999,2.234,0.00758,3.354,0.0,0.0,0.0,0.0,0.0,0.0,0.0,0.0,0.0,0.0,0.0,0.0,0.0,0.0,0.0,0.0,vectored,fixed_route,2,2026-08-03T23:05:41+00:00
crossbar_64_4_4_7nm_TT_0V75_25C_1333p33MHz,crossbar,data_width=64;num_inputs=4;num_outputs=4,7nm,TT,0.75,25.0,0.75,1333.3333333333333,64,4,4,V-2023.12-SP4,844,844,0,58.044673,58.044673,0.0,0.0,0.0,0.54,0.01,0.0,0,V-2023.12-SP4,865,865,0,59.35,59.35,0.0,82.4463,0.7199,0.0,0.0,0.55,0.0,0.0,0,V-2023.12-SP3,V-2023.12-SP4,0.06447,0.09343,0.0002177,0.1581,0.15789999999999998,0.11842499999999999,0.0,0.0,0.0,0.0,0.0,0.0,0.0,0.0,0.06447,0.09343,0.0002177,0.1581,0.0,0.0,0.0,0.0,0.0,0.0,0.0,0.0,0.0,0.0,0.0,0.0,0.0,0.0,0.0,0.0,vectored,valid25,2,2026-08-03T23:05:44+00:00
crossbar_64_4_4_7nm_TT_0V75_25C_800MHz,crossbar,data_width=64;num_inputs=4;num_outputs=4,7nm,TT,0.75,25.0,1.25,800.0,64,4,4,V-2023.12-SP4,847,847,0,58.076929,58.076929,0.0,0.0,0.0,0.66,0.39,0.0,0,V-2023.12-SP4,865,865,0,58.98,58.98,0.0,82.4463,0.7154,0.0,0.0,0.73,0.32,0.0,0,V-2023.12-SP3,V-2023.12-SP4,0.06917000000000001,0.05477,0.0002089,0.1242,0.12394000000000001,0.154925,0.0,0.0,0.0,0.0,0.0,0.0,0.0,0.0,0.06917000000000001,0.05477,0.0002089,0.1242,0.0,0.0,0.0,0.0,0.0,0.0,0.0,0.0,0.0,0.0,0.0,0.0,0.0,0.0,0.0,0.0,vectored,fixed_route,2,2026-08-03T23:05:44+00:00
crossbar_64_16_16_16nm_TT_0V85_25C_571p429MHz,crossbar,data_width=64;num_inputs=16;num_outputs=16,16nm,TT,0.85,25.0,1.75,571.4285714285714,64,16,16,V-2023.12-SP4,24255,24255,0,5659.061884,5659.061884,0.0,0.0,0.0,1.55,0.0,0.0,0,V-2023.12-SP4,20566,20566,0,5082.39,5082.39,0.0,8074.1007,0.6295,0.0,0.0,1.58,-0.03,-0.15,11,V-2023.12-SP3,V-2023.12-SP4,0.5839000000000001,1.116,0.007897000000000001,1.7080000000000002,1.6999000000000002,2.9748250000000005,0.0,0.0,0.0,0.0,0.0,0.0,0.0,0.0,0.5839000000000001,1.116,0.007897000000000001,1.7080000000000002,0.0,0.0,0.0,0.0,0.0,0.0,0.0,0.0,0.0,0.0,0.0,0.0,0.0,0.0,0.0,0.0,vectored,valid25,2,2026-08-03T23:05:50+00:00
crossbar_64_4_4_7nm_TT_0V75_25C_800MHz,crossbar,data_width=64;num_inputs=4;num_outputs=4,7nm,TT,0.75,25.0,1.25,800.0,64,4,4,V-2023.12-SP4,847,847,0,58.076929,58.076929,0.0,0.0,0.0,0.66,0.39,0.0,0,V-2023.12-SP4,865,865,0,58.98,58.98,0.0,82.4463,0.7154,0.0,0.0,0.73,0.32,0.0,0,V-2023.12-SP3,V-2023.12-SP4,0.038090000000000006,0.05622,0.0002122,0.09451999999999999,0.09431,0.1178875,0.0,0.0,0.0,0.0,0.0,0.0,0.0,0.0,0.038090000000000006,0.05622,0.0002122,0.09451999999999999,0.0,0.0,0.0,0.0,0.0,0.0,0.0,0.0,0.0,0.0,0.0,0.0,0.0,0.0,0.0,0.0,vectored,valid25,2,2026-08-03T23:05:51+00:00
crossbar_64_16_8_16nm_TT_0V85_25C_1000MHz,crossbar,data_width=64;num_inputs=16;num_outputs=8,16nm,TT,0.85,25.0,1.0,1000.0,64,16,8,V-2023.12-SP4,12584,12584,0,2925.580096,2925.580096,0.0,0.0,0.0,0.8,0.0,0.0,0,V-2023.12-SP4,11369,11369,0,2822.0,2822.0,0.0,4166.443,0.6773,0.0,0.0,0.84,-0.04,-0.42,39,V-2023.12-SP3,V-2023.12-SP4,1.7979999999999998,2.8249999999999997,0.0044800000000000005,4.628,4.622999999999999,4.622999999999999,0.0,0.0,0.0,0.0,0.0,0.0,0.0,0.0,1.7979999999999998,2.8249999999999997,0.0044800000000000005,4.628,0.0,0.0,0.0,0.0,0.0,0.0,0.0,0.0,0.0,0.0,0.0,0.0,0.0,0.0,0.0,0.0,unvectored,none,2,2026-08-03T23:09:48+00:00
crossbar_64_16_8_16nm_TT_0V85_25C_1000MHz,crossbar,data_width=64;num_inputs=16;num_outputs=8,16nm,TT,0.85,25.0,1.0,1000.0,64,16,8,V-2023.12-SP4,12584,12584,0,2925.580096,2925.580096,0.0,0.0,0.0,0.8,0.0,0.0,0,V-2023.12-SP4,11369,11369,0,2822.0,2822.0,0.0,4166.443,0.6773,0.0,0.0,0.84,-0.04,-0.42,39,V-2023.12-SP3,V-2023.12-SP4,2.692,4.084,0.004407,6.781,6.776,6.776,0.0,0.0,0.0,0.0,0.0,0.0,0.0,0.0,2.692,4.084,0.004407,6.781,0.0,0.0,0.0,0.0,0.0,0.0,0.0,0.0,0.0,0.0,0.0,0.0,0.0,0.0,0.0,0.0,vectored,random,2,2026-08-03T23:09:56+00:00
crossbar_64_16_8_16nm_TT_0V85_25C_1000MHz,crossbar,data_width=64;num_inputs=16;num_outputs=8,16nm,TT,0.85,25.0,1.0,1000.0,64,16,8,V-2023.12-SP4,12584,12584,0,2925.580096,2925.580096,0.0,0.0,0.0,0.8,0.0,0.0,0,V-2023.12-SP4,11369,11369,0,2822.0,2822.0,0.0,4166.443,0.6773,0.0,0.0,0.84,-0.04,-0.42,39,V-2023.12-SP3,V-2023.12-SP4,1.1620000000000001,1.848,0.004382,3.0140000000000002,3.0100000000000002,3.0100000000000002,0.0,0.0,0.0,0.0,0.0,0.0,0.0,0.0,1.1620000000000001,1.848,0.004382,3.0140000000000002,0.0,0.0,0.0,0.0,0.0,0.0,0.0,0.0,0.0,0.0,0.0,0.0,0.0,0.0,0.0,0.0,vectored,fixed_route,2,2026-08-03T23:10:05+00:00
crossbar_64_16_8_16nm_TT_0V85_25C_1000MHz,crossbar,data_width=64;num_inputs=16;num_outputs=8,16nm,TT,0.85,25.0,1.0,1000.0,64,16,8,V-2023.12-SP4,12584,12584,0,2925.580096,2925.580096,0.0,0.0,0.0,0.8,0.0,0.0,0,V-2023.12-SP4,11369,11369,0,2822.0,2822.0,0.0,4166.443,0.6773,0.0,0.0,0.84,-0.04,-0.42,39,V-2023.12-SP3,V-2023.12-SP4,0.8936999999999999,1.36,0.0045460000000000006,2.2590000000000003,2.2537000000000003,2.2537000000000003,0.0,0.0,0.0,0.0,0.0,0.0,0.0,0.0,0.8936999999999999,1.36,0.0045460000000000006,2.2590000000000003,0.0,0.0,0.0,0.0,0.0,0.0,0.0,0.0,0.0,0.0,0.0,0.0,0.0,0.0,0.0,0.0,vectored,valid25,2,2026-08-03T23:10:13+00:00
crossbar_64_16_16_16nm_TT_0V85_25C_1000MHz,crossbar,data_width=64;num_inputs=16;num_outputs=16,16nm,TT,0.85,25.0,1.0,1000.0,64,16,16,V-2023.12-SP4,23619,23619,0,5573.463677,5573.463677,0.0,0.0,0.0,0.8,0.0,0.0,0,V-2023.12-SP4,23307,23307,0,5993.31,5993.31,0.0,7913.1064,0.7574,0.0,0.0,0.86,-0.06,-1.22,128,V-2023.12-SP3,V-2023.12-SP4,2.693,4.55,0.01061,7.253,7.243,7.243,0.0,0.0,0.0,0.0,0.0,0.0,0.0,0.0,2.693,4.55,0.01061,7.253,0.0,0.0,0.0,0.0,0.0,0.0,0.0,0.0,0.0,0.0,0.0,0.0,0.0,0.0,0.0,0.0,unvectored,none,2,2026-08-03T23:12:19+00:00
crossbar_64_16_16_16nm_TT_0V85_25C_1000MHz,crossbar,data_width=64;num_inputs=16;num_outputs=16,16nm,TT,0.85,25.0,1.0,1000.0,64,16,16,V-2023.12-SP4,23619,23619,0,5573.463677,5573.463677,0.0,0.0,0.0,0.8,0.0,0.0,0,V-2023.12-SP4,23307,23307,0,5993.31,5993.31,0.0,7913.1064,0.7574,0.0,0.0,0.86,-0.06,-1.22,128,V-2023.12-SP3,V-2023.12-SP4,4.28,6.948,0.01048,11.2,11.228000000000002,11.228000000000002,0.0,0.0,0.0,0.0,0.0,0.0,0.0,0.0,4.28,6.948,0.01048,11.2,0.0,0.0,0.0,0.0,0.0,0.0,0.0,0.0,0.0,0.0,0.0,0.0,0.0,0.0,0.0,0.0,vectored,random,2,2026-08-03T23:12:28+00:00
crossbar_64_16_16_16nm_TT_0V85_25C_1000MHz,crossbar,data_width=64;num_inputs=16;num_outputs=16,16nm,TT,0.85,25.0,1.0,1000.0,64,16,16,V-2023.12-SP4,23619,23619,0,5573.463677,5573.463677,0.0,0.0,0.0,0.8,0.0,0.0,0,V-2023.12-SP4,23307,23307,0,5993.31,5993.31,0.0,7913.1064,0.7574,0.0,0.0,0.86,-0.06,-1.22,128,V-2023.12-SP3,V-2023.12-SP4,2.048,3.711,0.01032,5.769,5.759,5.759,0.0,0.0,0.0,0.0,0.0,0.0,0.0,0.0,2.048,3.711,0.01032,5.769,0.0,0.0,0.0,0.0,0.0,0.0,0.0,0.0,0.0,0.0,0.0,0.0,0.0,0.0,0.0,0.0,vectored,fixed_route,2,2026-08-03T23:12:38+00:00
crossbar_64_16_16_16nm_TT_0V85_25C_1000MHz,crossbar,data_width=64;num_inputs=16;num_outputs=16,16nm,TT,0.85,25.0,1.0,1000.0,64,16,16,V-2023.12-SP4,23619,23619,0,5573.463677,5573.463677,0.0,0.0,0.0,0.8,0.0,0.0,0,V-2023.12-SP4,23307,23307,0,5993.31,5993.31,0.0,7913.1064,0.7574,0.0,0.0,0.86,-0.06,-1.22,128,V-2023.12-SP3,V-2023.12-SP4,1.118,1.8259999999999998,0.0107,2.954,2.944,2.944,0.0,0.0,0.0,0.0,0.0,0.0,0.0,0.0,1.118,1.8259999999999998,0.0107,2.954,0.0,0.0,0.0,0.0,0.0,0.0,0.0,0.0,0.0,0.0,0.0,0.0,0.0,0.0,0.0,0.0,vectored,valid25,2,2026-08-03T23:12:47+00:00
crossbar_64_4_8_16nm_TT_0V85_25C_1333p33MHz,crossbar,data_width=64;num_inputs=4;num_outputs=8,16nm,TT,0.85,25.0,0.75,1333.3333333333333,64,4,8,V-2023.12-SP4,1709,1709,0,459.03285,459.03285,0.0,0.0,0.0,0.55,0.0,0.0,0,V-2023.12-SP4,2012,2012,0,539.41,539.41,0.0,648.705,0.8315,0.0,0.0,0.55,0.0,0.0,0,V-2023.12-SP3,V-2023.12-SP4,0.3413,0.3746,0.0008225999999999999,0.7167,0.7159,0.536925,0.0,0.0,0.0,0.0,0.0,0.0,0.0,0.0,0.3413,0.3746,0.0008225999999999999,0.7167,0.0,0.0,0.0,0.0,0.0,0.0,0.0,0.0,0.0,0.0,0.0,0.0,0.0,0.0,0.0,0.0,unvectored,none,2,2026-08-03T23:18:41+00:00
crossbar_64_4_8_16nm_TT_0V85_25C_1333p33MHz,crossbar,data_width=64;num_inputs=4;num_outputs=8,16nm,TT,0.85,25.0,0.75,1333.3333333333333,64,4,8,V-2023.12-SP4,1709,1709,0,459.03285,459.03285,0.0,0.0,0.0,0.55,0.0,0.0,0,V-2023.12-SP4,2012,2012,0,539.41,539.41,0.0,648.705,0.8315,0.0,0.0,0.55,0.0,0.0,0,V-2023.12-SP3,V-2023.12-SP4,0.5847,0.6038,0.000821,1.189,1.1885,0.8913749999999999,0.0,0.0,0.0,0.0,0.0,0.0,0.0,0.0,0.5847,0.6038,0.000821,1.189,0.0,0.0,0.0,0.0,0.0,0.0,0.0,0.0,0.0,0.0,0.0,0.0,0.0,0.0,0.0,0.0,vectored,random,2,2026-08-03T23:18:48+00:00
crossbar_64_4_8_16nm_TT_0V85_25C_1333p33MHz,crossbar,data_width=64;num_inputs=4;num_outputs=8,16nm,TT,0.85,25.0,0.75,1333.3333333333333,64,4,8,V-2023.12-SP4,1709,1709,0,459.03285,459.03285,0.0,0.0,0.0,0.55,0.0,0.0,0,V-2023.12-SP4,2012,2012,0,539.41,539.41,0.0,648.705,0.8315,0.0,0.0,0.55,0.0,0.0,0,V-2023.12-SP3,V-2023.12-SP4,0.19870000000000002,0.1469,0.0008221000000000001,0.34640000000000004,0.3456,0.2592,0.0,0.0,0.0,0.0,0.0,0.0,0.0,0.0,0.19870000000000002,0.1469,0.0008221000000000001,0.34640000000000004,0.0,0.0,0.0,0.0,0.0,0.0,0.0,0.0,0.0,0.0,0.0,0.0,0.0,0.0,0.0,0.0,vectored,fixed_route,2,2026-08-03T23:18:55+00:00
crossbar_64_4_8_16nm_TT_0V85_25C_1333p33MHz,crossbar,data_width=64;num_inputs=4;num_outputs=8,16nm,TT,0.85,25.0,0.75,1333.3333333333333,64,4,8,V-2023.12-SP4,1709,1709,0,459.03285,459.03285,0.0,0.0,0.0,0.55,0.0,0.0,0,V-2023.12-SP4,2012,2012,0,539.41,539.41,0.0,648.705,0.8315,0.0,0.0,0.55,0.0,0.0,0,V-2023.12-SP3,V-2023.12-SP4,0.1428,0.1573,0.0008235,0.3009,0.30010000000000003,0.22507500000000003,0.0,0.0,0.0,0.0,0.0,0.0,0.0,0.0,0.1428,0.1573,0.0008235,0.3009,0.0,0.0,0.0,0.0,0.0,0.0,0.0,0.0,0.0,0.0,0.0,0.0,0.0,0.0,0.0,0.0,vectored,valid25,2,2026-08-03T23:19:01+00:00
crossbar_64_4_8_16nm_TT_0V85_25C_800MHz,crossbar,data_width=64;num_inputs=4;num_outputs=8,16nm,TT,0.85,25.0,1.25,800.0,64,4,8,V-2023.12-SP4,1726,1726,0,455.238162,455.238162,0.0,0.0,0.0,1.02,0.03,0.0,0,V-2023.12-SP4,1753,1753,0,469.05,469.05,0.0,645.9679,0.7261,0.0,0.0,1.03,0.02,0.0,0,V-2023.12-SP3,V-2023.12-SP4,0.1778,0.215,0.0006921,0.3934,0.39280000000000004,0.49100000000000005,0.0,0.0,0.0,0.0,0.0,0.0,0.0,0.0,0.1778,0.215,0.0006921,0.3934,0.0,0.0,0.0,0.0,0.0,0.0,0.0,0.0,0.0,0.0,0.0,0.0,0.0,0.0,0.0,0.0,unvectored,none,2,2026-08-03T23:19:44+00:00
crossbar_64_4_8_16nm_TT_0V85_25C_800MHz,crossbar,data_width=64;num_inputs=4;num_outputs=8,16nm,TT,0.85,25.0,1.25,800.0,64,4,8,V-2023.12-SP4,1726,1726,0,455.238162,455.238162,0.0,0.0,0.0,1.02,0.03,0.0,0,V-2023.12-SP4,1753,1753,0,469.05,469.05,0.0,645.9679,0.7261,0.0,0.0,1.03,0.02,0.0,0,V-2023.12-SP3,V-2023.12-SP4,0.3196,0.3605,0.0006915,0.6809000000000001,0.6800999999999999,0.8501249999999999,0.0,0.0,0.0,0.0,0.0,0.0,0.0,0.0,0.3196,0.3605,0.0006915,0.6809000000000001,0.0,0.0,0.0,0.0,0.0,0.0,0.0,0.0,0.0,0.0,0.0,0.0,0.0,0.0,0.0,0.0,vectored,random,2,2026-08-03T23:19:51+00:00
crossbar_64_4_8_16nm_TT_0V85_25C_800MHz,crossbar,data_width=64;num_inputs=4;num_outputs=8,16nm,TT,0.85,25.0,1.25,800.0,64,4,8,V-2023.12-SP4,1726,1726,0,455.238162,455.238162,0.0,0.0,0.0,1.02,0.03,0.0,0,V-2023.12-SP4,1753,1753,0,469.05,469.05,0.0,645.9679,0.7261,0.0,0.0,1.03,0.02,0.0,0,V-2023.12-SP3,V-2023.12-SP4,0.1143,0.08591,0.0006912,0.2009,0.20021,0.2502625,0.0,0.0,0.0,0.0,0.0,0.0,0.0,0.0,0.1143,0.08591,0.0006912,0.2009,0.0,0.0,0.0,0.0,0.0,0.0,0.0,0.0,0.0,0.0,0.0,0.0,0.0,0.0,0.0,0.0,vectored,fixed_route,2,2026-08-03T23:19:58+00:00
crossbar_64_4_8_16nm_TT_0V85_25C_800MHz,crossbar,data_width=64;num_inputs=4;num_outputs=8,16nm,TT,0.85,25.0,1.25,800.0,64,4,8,V-2023.12-SP4,1726,1726,0,455.238162,455.238162,0.0,0.0,0.0,1.02,0.03,0.0,0,V-2023.12-SP4,1753,1753,0,469.05,469.05,0.0,645.9679,0.7261,0.0,0.0,1.03,0.02,0.0,0,V-2023.12-SP3,V-2023.12-SP4,0.075,0.09121,0.0006921,0.1669,0.16621,0.2077625,0.0,0.0,0.0,0.0,0.0,0.0,0.0,0.0,0.075,0.09121,0.0006921,0.1669,0.0,0.0,0.0,0.0,0.0,0.0,0.0,0.0,0.0,0.0,0.0,0.0,0.0,0.0,0.0,0.0,vectored,valid25,2,2026-08-03T23:20:05+00:00
crossbar_128_2_2_16nm_TT_0V85_25C_1333p33MHz,crossbar,data_width=128;num_inputs=2;num_outputs=2,16nm,TT,0.85,25.0,0.75,1333.3333333333333,128,2,2,V-2023.12-SP4,535,535,0,117.199876,117.199876,0.0,0.0,0.0,0.53,0.02,0.0,0,V-2023.12-SP4,540,540,0,120.56,120.56,0.0,162.8605,0.7403,0.0,0.0,0.53,0.02,0.0,0,V-2023.12-SP3,V-2023.12-SP4,0.1646,0.2024,0.0001747,0.36719999999999997,0.367,0.27525,0.0,0.0,0.0,0.0,0.0,0.0,0.0,0.0,0.1646,0.2024,0.0001747,0.36719999999999997,0.0,0.0,0.0,0.0,0.0,0.0,0.0,0.0,0.0,0.0,0.0,0.0,0.0,0.0,0.0,0.0,unvectored,none,2,2026-08-03T23:21:31+00:00
crossbar_128_2_2_16nm_TT_0V85_25C_1333p33MHz,crossbar,data_width=128;num_inputs=2;num_outputs=2,16nm,TT,0.85,25.0,0.75,1333.3333333333333,128,2,2,V-2023.12-SP4,535,535,0,117.199876,117.199876,0.0,0.0,0.0,0.53,0.02,0.0,0,V-2023.12-SP4,540,540,0,120.56,120.56,0.0,162.8605,0.7403,0.0,0.0,0.53,0.02,0.0,0,V-2023.12-SP3,V-2023.12-SP4,0.3085,0.34469999999999995,0.0001797,0.6534000000000001,0.6532,0.4899,0.0,0.0,0.0,0.0,0.0,0.0,0.0,0.0,0.3085,0.34469999999999995,0.0001797,0.6534000000000001,0.0,0.0,0.0,0.0,0.0,0.0,0.0,0.0,0.0,0.0,0.0,0.0,0.0,0.0,0.0,0.0,vectored,random,2,2026-08-03T23:21:37+00:00
crossbar_128_2_2_16nm_TT_0V85_25C_1333p33MHz,crossbar,data_width=128;num_inputs=2;num_outputs=2,16nm,TT,0.85,25.0,0.75,1333.3333333333333,128,2,2,V-2023.12-SP4,535,535,0,117.199876,117.199876,0.0,0.0,0.0,0.53,0.02,0.0,0,V-2023.12-SP4,540,540,0,120.56,120.56,0.0,162.8605,0.7403,0.0,0.0,0.53,0.02,0.0,0,V-2023.12-SP3,V-2023.12-SP4,0.17340000000000003,0.129,0.00018930000000000002,0.3026,0.3024,0.2268,0.0,0.0,0.0,0.0,0.0,0.0,0.0,0.0,0.17340000000000003,0.129,0.00018930000000000002,0.3026,0.0,0.0,0.0,0.0,0.0,0.0,0.0,0.0,0.0,0.0,0.0,0.0,0.0,0.0,0.0,0.0,vectored,fixed_route,2,2026-08-03T23:21:44+00:00
crossbar_128_2_2_16nm_TT_0V85_25C_1333p33MHz,crossbar,data_width=128;num_inputs=2;num_outputs=2,16nm,TT,0.85,25.0,0.75,1333.3333333333333,128,2,2,V-2023.12-SP4,535,535,0,117.199876,117.199876,0.0,0.0,0.0,0.53,0.02,0.0,0,V-2023.12-SP4,540,540,0,120.56,120.56,0.0,162.8605,0.7403,0.0,0.0,0.53,0.02,0.0,0,V-2023.12-SP3,V-2023.12-SP4,0.09096,0.1177,0.0001701,0.2088,0.20866,0.156495,0.0,0.0,0.0,0.0,0.0,0.0,0.0,0.0,0.09096,0.1177,0.0001701,0.2088,0.0,0.0,0.0,0.0,0.0,0.0,0.0,0.0,0.0,0.0,0.0,0.0,0.0,0.0,0.0,0.0,vectored,valid25,2,2026-08-03T23:21:50+00:00
crossbar_128_2_2_16nm_TT_0V85_25C_800MHz,crossbar,data_width=128;num_inputs=2;num_outputs=2,16nm,TT,0.85,25.0,1.25,800.0,128,2,2,V-2023.12-SP4,534,534,0,117.137668,117.137668,0.0,0.0,0.0,1.03,0.02,0.0,0,V-2023.12-SP4,545,545,0,120.19,120.19,0.0,162.8605,0.738,0.0,0.0,0.63,0.42,0.0,0,V-2023.12-SP3,V-2023.12-SP4,0.09699,0.12290000000000001,0.0001728,0.22,0.21989000000000003,0.2748625,0.0,0.0,0.0,0.0,0.0,0.0,0.0,0.0,0.09699,0.12290000000000001,0.0001728,0.22,0.0,0.0,0.0,0.0,0.0,0.0,0.0,0.0,0.0,0.0,0.0,0.0,0.0,0.0,0.0,0.0,unvectored,none,2,2026-08-03T23:22:34+00:00
crossbar_128_2_2_16nm_TT_0V85_25C_800MHz,crossbar,data_width=128;num_inputs=2;num_outputs=2,16nm,TT,0.85,25.0,1.25,800.0,128,2,2,V-2023.12-SP4,534,534,0,117.137668,117.137668,0.0,0.0,0.0,1.03,0.02,0.0,0,V-2023.12-SP4,545,545,0,120.19,120.19,0.0,162.8605,0.738,0.0,0.0,0.63,0.42,0.0,0,V-2023.12-SP3,V-2023.12-SP4,0.1804,0.20579999999999998,0.00017800000000000002,0.3864,0.3862,0.48275,0.0,0.0,0.0,0.0,0.0,0.0,0.0,0.0,0.1804,0.20579999999999998,0.00017800000000000002,0.3864,0.0,0.0,0.0,0.0,0.0,0.0,0.0,0.0,0.0,0.0,0.0,0.0,0.0,0.0,0.0,0.0,vectored,random,2,2026-08-03T23:22:40+00:00
crossbar_128_2_2_16nm_TT_0V85_25C_800MHz,crossbar,data_width=128;num_inputs=2;num_outputs=2,16nm,TT,0.85,25.0,1.25,800.0,128,2,2,V-2023.12-SP4,534,534,0,117.137668,117.137668,0.0,0.0,0.0,1.03,0.02,0.0,0,V-2023.12-SP4,545,545,0,120.19,120.19,0.0,162.8605,0.738,0.0,0.0,0.63,0.42,0.0,0,V-2023.12-SP3,V-2023.12-SP4,0.1043,0.07809,0.0001878,0.18259999999999998,0.18239,0.2279875,0.0,0.0,0.0,0.0,0.0,0.0,0.0,0.0,0.1043,0.07809,0.0001878,0.18259999999999998,0.0,0.0,0.0,0.0,0.0,0.0,0.0,0.0,0.0,0.0,0.0,0.0,0.0,0.0,0.0,0.0,vectored,fixed_route,2,2026-08-03T23:22:47+00:00
crossbar_128_2_2_16nm_TT_0V85_25C_800MHz,crossbar,data_width=128;num_inputs=2;num_outputs=2,16nm,TT,0.85,25.0,1.25,800.0,128,2,2,V-2023.12-SP4,534,534,0,117.137668,117.137668,0.0,0.0,0.0,1.03,0.02,0.0,0,V-2023.12-SP4,545,545,0,120.19,120.19,0.0,162.8605,0.738,0.0,0.0,0.63,0.42,0.0,0,V-2023.12-SP3,V-2023.12-SP4,0.05346,0.07100000000000001,0.00016820000000000002,0.12459999999999999,0.12446000000000002,0.15557500000000002,0.0,0.0,0.0,0.0,0.0,0.0,0.0,0.0,0.05346,0.07100000000000001,0.00016820000000000002,0.12459999999999999,0.0,0.0,0.0,0.0,0.0,0.0,0.0,0.0,0.0,0.0,0.0,0.0,0.0,0.0,0.0,0.0,vectored,valid25,2,2026-08-03T23:22:53+00:00
crossbar_64_16_8_16nm_TT_0V85_25C_666p667MHz,crossbar,data_width=64;num_inputs=16;num_outputs=8,16nm,TT,0.85,25.0,1.5,666.6666666666666,64,16,8,V-2023.12-SP4,13547,13547,0,3112.017468,3112.017468,0.0,0.0,0.0,1.3,0.0,0.0,0,V-2023.12-SP4,10966,10966,0,2652.3,2652.3,0.0,4413.9686,0.6009,0.0,0.0,1.38,-0.08,-0.29,13,V-2023.12-SP3,V-2023.12-SP4,1.204,2.012,0.004053,3.221,3.216,4.824,0.0,0.0,0.0,0.0,0.0,0.0,0.0,0.0,1.204,2.012,0.004053,3.221,0.0,0.0,0.0,0.0,0.0,0.0,0.0,0.0,0.0,0.0,0.0,0.0,0.0,0.0,0.0,0.0,unvectored,none,2,2026-08-03T23:24:09+00:00
crossbar_64_16_8_16nm_TT_0V85_25C_666p667MHz,crossbar,data_width=64;num_inputs=16;num_outputs=8,16nm,TT,0.85,25.0,1.5,666.6666666666666,64,16,8,V-2023.12-SP4,13547,13547,0,3112.017468,3112.017468,0.0,0.0,0.0,1.3,0.0,0.0,0,V-2023.12-SP4,10966,10966,0,2652.3,2652.3,0.0,4413.9686,0.6009,0.0,0.0,1.38,-0.08,-0.29,13,V-2023.12-SP3,V-2023.12-SP4,1.9849999999999999,3.125,0.0039570000000000004,5.113,5.109999999999999,7.664999999999999,0.0,0.0,0.0,0.0,0.0,0.0,0.0,0.0,1.9849999999999999,3.125,0.0039570000000000004,5.113,0.0,0.0,0.0,0.0,0.0,0.0,0.0,0.0,0.0,0.0,0.0,0.0,0.0,0.0,0.0,0.0,vectored,random,2,2026-08-03T23:24:17+00:00
crossbar_64_16_8_16nm_TT_0V85_25C_666p667MHz,crossbar,data_width=64;num_inputs=16;num_outputs=8,16nm,TT,0.85,25.0,1.5,666.6666666666666,64,16,8,V-2023.12-SP4,13547,13547,0,3112.017468,3112.017468,0.0,0.0,0.0,1.3,0.0,0.0,0,V-2023.12-SP4,10966,10966,0,2652.3,2652.3,0.0,4413.9686,0.6009,0.0,0.0,1.38,-0.08,-0.29,13,V-2023.12-SP3,V-2023.12-SP4,0.857,1.425,0.0038859999999999997,2.286,2.282,3.423,0.0,0.0,0.0,0.0,0.0,0.0,0.0,0.0,0.857,1.425,0.0038859999999999997,2.286,0.0,0.0,0.0,0.0,0.0,0.0,0.0,0.0,0.0,0.0,0.0,0.0,0.0,0.0,0.0,0.0,vectored,fixed_route,2,2026-08-03T23:24:25+00:00
crossbar_64_16_8_16nm_TT_0V85_25C_666p667MHz,crossbar,data_width=64;num_inputs=16;num_outputs=8,16nm,TT,0.85,25.0,1.5,666.6666666666666,64,16,8,V-2023.12-SP4,13547,13547,0,3112.017468,3112.017468,0.0,0.0,0.0,1.3,0.0,0.0,0,V-2023.12-SP4,10966,10966,0,2652.3,2652.3,0.0,4413.9686,0.6009,0.0,0.0,1.38,-0.08,-0.29,13,V-2023.12-SP3,V-2023.12-SP4,0.6102,0.998,0.004132,1.6119999999999999,1.6082,2.4123,0.0,0.0,0.0,0.0,0.0,0.0,0.0,0.0,0.6102,0.998,0.004132,1.6119999999999999,0.0,0.0,0.0,0.0,0.0,0.0,0.0,0.0,0.0,0.0,0.0,0.0,0.0,0.0,0.0,0.0,vectored,valid25,2,2026-08-03T23:24:33+00:00
crossbar_128_4_4_16nm_TT_0V85_25C_1333p33MHz,crossbar,data_width=128;num_inputs=4;num_outputs=4,16nm,TT,0.85,25.0,0.75,1333.3333333333333,128,4,4,V-2023.12-SP4,3192,3192,0,690.882059,690.882059,0.0,0.0,0.0,0.55,0.0,0.0,0,V-2023.12-SP4,2408,2408,0,568.02,568.02,0.0,974.1773,0.5831,0.0,0.0,0.57,-0.02,-0.02,4,V-2023.12-SP3,V-2023.12-SP4,0.512,0.8733000000000001,0.0008294999999999999,1.3860000000000001,1.3853,1.038975,0.0,0.0,0.0,0.0,0.0,0.0,0.0,0.0,0.512,0.8733000000000001,0.0008294999999999999,1.3860000000000001,0.0,0.0,0.0,0.0,0.0,0.0,0.0,0.0,0.0,0.0,0.0,0.0,0.0,0.0,0.0,0.0,unvectored,none,2,2026-08-03T23:26:36+00:00
crossbar_128_4_4_16nm_TT_0V85_25C_1333p33MHz,crossbar,data_width=128;num_inputs=4;num_outputs=4,16nm,TT,0.85,25.0,0.75,1333.3333333333333,128,4,4,V-2023.12-SP4,3192,3192,0,690.882059,690.882059,0.0,0.0,0.0,0.55,0.0,0.0,0,V-2023.12-SP4,2408,2408,0,568.02,568.02,0.0,974.1773,0.5831,0.0,0.0,0.57,-0.02,-0.02,4,V-2023.12-SP3,V-2023.12-SP4,0.8765,1.3639999999999999,0.0008289,2.241,2.2405,1.680375,0.0,0.0,0.0,0.0,0.0,0.0,0.0,0.0,0.8765,1.3639999999999999,0.0008289,2.241,0.0,0.0,0.0,0.0,0.0,0.0,0.0,0.0,0.0,0.0,0.0,0.0,0.0,0.0,0.0,0.0,vectored,random,2,2026-08-03T23:26:43+00:00
crossbar_128_4_4_16nm_TT_0V85_25C_1333p33MHz,crossbar,data_width=128;num_inputs=4;num_outputs=4,16nm,TT,0.85,25.0,0.75,1333.3333333333333,128,4,4,V-2023.12-SP4,3192,3192,0,690.882059,690.882059,0.0,0.0,0.0,0.55,0.0,0.0,0,V-2023.12-SP4,2408,2408,0,568.02,568.02,0.0,974.1773,0.5831,0.0,0.0,0.57,-0.02,-0.02,4,V-2023.12-SP3,V-2023.12-SP4,0.46059999999999995,0.6919,0.0008393,1.153,1.1524999999999999,0.8643749999999999,0.0,0.0,0.0,0.0,0.0,0.0,0.0,0.0,0.46059999999999995,0.6919,0.0008393,1.153,0.0,0.0,0.0,0.0,0.0,0.0,0.0,0.0,0.0,0.0,0.0,0.0,0.0,0.0,0.0,0.0,vectored,fixed_route,2,2026-08-03T23:26:50+00:00
crossbar_128_4_4_16nm_TT_0V85_25C_1333p33MHz,crossbar,data_width=128;num_inputs=4;num_outputs=4,16nm,TT,0.85,25.0,0.75,1333.3333333333333,128,4,4,V-2023.12-SP4,3192,3192,0,690.882059,690.882059,0.0,0.0,0.0,0.55,0.0,0.0,0,V-2023.12-SP4,2408,2408,0,568.02,568.02,0.0,974.1773,0.5831,0.0,0.0,0.57,-0.02,-0.02,4,V-2023.12-SP3,V-2023.12-SP4,0.24059999999999998,0.3948,0.0008309,0.6362,0.6354,0.47655,0.0,0.0,0.0,0.0,0.0,0.0,0.0,0.0,0.24059999999999998,0.3948,0.0008309,0.6362,0.0,0.0,0.0,0.0,0.0,0.0,0.0,0.0,0.0,0.0,0.0,0.0,0.0,0.0,0.0,0.0,vectored,valid25,2,2026-08-03T23:26:57+00:00
crossbar_64_8_8_7nm_TT_0V75_25C_800MHz,crossbar,data_width=64;num_inputs=8;num_outputs=8,7nm,TT,0.75,25.0,1.25,800.0,64,8,8,V-2023.12-SP4,3928,3928,0,261.096196,261.096196,0.0,0.0,0.0,0.71,0.34,0.0,0,V-2023.12-SP4,3900,3900,0,261.55,261.55,0.0,368.9441,0.7089,0.0,0.0,0.62,0.43,0.0,0,V-2023.12-SP3,V-2023.12-SP4,0.27799999999999997,0.5347999999999999,0.0009335000000000001,0.8137,0.8128,1.016,0.0,0.0,0.0,0.0,0.0,0.0,0.0,0.0,0.27799999999999997,0.5347999999999999,0.0009335000000000001,0.8137,0.0,0.0,0.0,0.0,0.0,0.0,0.0,0.0,0.0,0.0,0.0,0.0,0.0,0.0,0.0,0.0,unvectored,none,2,2026-08-03T23:28:29+00:00
crossbar_64_8_8_7nm_TT_0V75_25C_1333p33MHz,crossbar,data_width=64;num_inputs=8;num_outputs=8,7nm,TT,0.75,25.0,0.75,1333.3333333333333,64,8,8,V-2023.12-SP4,3934,3934,0,262.063876,262.063876,0.0,0.0,0.0,0.54,0.01,0.0,0,V-2023.12-SP4,3892,3892,0,262.55,262.55,0.0,370.1699,0.7093,0.0,0.0,0.57,-0.02,-0.48,48,V-2023.12-SP3,V-2023.12-SP4,0.4677,0.8954,0.0009433,1.3639999999999999,1.3631,1.022325,0.0,0.0,0.0,0.0,0.0,0.0,0.0,0.0,0.4677,0.8954,0.0009433,1.3639999999999999,0.0,0.0,0.0,0.0,0.0,0.0,0.0,0.0,0.0,0.0,0.0,0.0,0.0,0.0,0.0,0.0,unvectored,none,2,2026-08-03T23:28:30+00:00
crossbar_64_8_8_7nm_TT_0V75_25C_800MHz,crossbar,data_width=64;num_inputs=8;num_outputs=8,7nm,TT,0.75,25.0,1.25,800.0,64,8,8,V-2023.12-SP4,3928,3928,0,261.096196,261.096196,0.0,0.0,0.0,0.71,0.34,0.0,0,V-2023.12-SP4,3900,3900,0,261.55,261.55,0.0,368.9441,0.7089,0.0,0.0,0.62,0.43,0.0,0,V-2023.12-SP3,V-2023.12-SP4,0.4416,0.7795000000000001,0.0009257,1.222,1.2211,1.526375,0.0,0.0,0.0,0.0,0.0,0.0,0.0,0.0,0.4416,0.7795000000000001,0.0009257,1.222,0.0,0.0,0.0,0.0,0.0,0.0,0.0,0.0,0.0,0.0,0.0,0.0,0.0,0.0,0.0,0.0,vectored,random,2,2026-08-03T23:28:37+00:00
crossbar_64_8_8_7nm_TT_0V75_25C_1333p33MHz,crossbar,data_width=64;num_inputs=8;num_outputs=8,7nm,TT,0.75,25.0,0.75,1333.3333333333333,64,8,8,V-2023.12-SP4,3934,3934,0,262.063876,262.063876,0.0,0.0,0.0,0.54,0.01,0.0,0,V-2023.12-SP4,3892,3892,0,262.55,262.55,0.0,370.1699,0.7093,0.0,0.0,0.57,-0.02,-0.48,48,V-2023.12-SP3,V-2023.12-SP4,0.7371,1.295,0.0009363,2.033,2.0321,1.5240749999999998,0.0,0.0,0.0,0.0,0.0,0.0,0.0,0.0,0.7371,1.295,0.0009363,2.033,0.0,0.0,0.0,0.0,0.0,0.0,0.0,0.0,0.0,0.0,0.0,0.0,0.0,0.0,0.0,0.0,vectored,random,2,2026-08-03T23:28:37+00:00
crossbar_64_8_8_7nm_TT_0V75_25C_800MHz,crossbar,data_width=64;num_inputs=8;num_outputs=8,7nm,TT,0.75,25.0,1.25,800.0,64,8,8,V-2023.12-SP4,3928,3928,0,261.096196,261.096196,0.0,0.0,0.0,0.71,0.34,0.0,0,V-2023.12-SP4,3900,3900,0,261.55,261.55,0.0,368.9441,0.7089,0.0,0.0,0.62,0.43,0.0,0,V-2023.12-SP3,V-2023.12-SP4,0.236,0.4029,0.0009042999999999999,0.6398,0.6389,0.798625,0.0,0.0,0.0,0.0,0.0,0.0,0.0,0.0,0.236,0.4029,0.0009042999999999999,0.6398,0.0,0.0,0.0,0.0,0.0,0.0,0.0,0.0,0.0,0.0,0.0,0.0,0.0,0.0,0.0,0.0,vectored,fixed_route,2,2026-08-03T23:28:43+00:00
crossbar_64_8_8_7nm_TT_0V75_25C_1333p33MHz,crossbar,data_width=64;num_inputs=8;num_outputs=8,7nm,TT,0.75,25.0,0.75,1333.3333333333333,64,8,8,V-2023.12-SP4,3934,3934,0,262.063876,262.063876,0.0,0.0,0.0,0.54,0.01,0.0,0,V-2023.12-SP4,3892,3892,0,262.55,262.55,0.0,370.1699,0.7093,0.0,0.0,0.57,-0.02,-0.48,48,V-2023.12-SP3,V-2023.12-SP4,0.3975,0.6729,0.0009126,1.071,1.0704,0.8028,0.0,0.0,0.0,0.0,0.0,0.0,0.0,0.0,0.3975,0.6729,0.0009126,1.071,0.0,0.0,0.0,0.0,0.0,0.0,0.0,0.0,0.0,0.0,0.0,0.0,0.0,0.0,0.0,0.0,vectored,fixed_route,2,2026-08-03T23:28:44+00:00
crossbar_64_8_8_7nm_TT_0V75_25C_800MHz,crossbar,data_width=64;num_inputs=8;num_outputs=8,7nm,TT,0.75,25.0,1.25,800.0,64,8,8,V-2023.12-SP4,3928,3928,0,261.096196,261.096196,0.0,0.0,0.0,0.71,0.34,0.0,0,V-2023.12-SP4,3900,3900,0,261.55,261.55,0.0,368.9441,0.7089,0.0,0.0,0.62,0.43,0.0,0,V-2023.12-SP3,V-2023.12-SP4,0.1212,0.22039999999999998,0.0009407,0.34249999999999997,0.3416,0.42700000000000005,0.0,0.0,0.0,0.0,0.0,0.0,0.0,0.0,0.1212,0.22039999999999998,0.0009407,0.34249999999999997,0.0,0.0,0.0,0.0,0.0,0.0,0.0,0.0,0.0,0.0,0.0,0.0,0.0,0.0,0.0,0.0,vectored,valid25,2,2026-08-03T23:28:50+00:00
crossbar_64_8_8_7nm_TT_0V75_25C_1333p33MHz,crossbar,data_width=64;num_inputs=8;num_outputs=8,7nm,TT,0.75,25.0,0.75,1333.3333333333333,64,8,8,V-2023.12-SP4,3934,3934,0,262.063876,262.063876,0.0,0.0,0.0,0.54,0.01,0.0,0,V-2023.12-SP4,3892,3892,0,262.55,262.55,0.0,370.1699,0.7093,0.0,0.0,0.57,-0.02,-0.48,48,V-2023.12-SP3,V-2023.12-SP4,0.2034,0.368,0.0009507,0.5724,0.5714,0.42855,0.0,0.0,0.0,0.0,0.0,0.0,0.0,0.0,0.2034,0.368,0.0009507,0.5724,0.0,0.0,0.0,0.0,0.0,0.0,0.0,0.0,0.0,0.0,0.0,0.0,0.0,0.0,0.0,0.0,vectored,valid25,2,2026-08-03T23:28:51+00:00
crossbar_128_4_4_16nm_TT_0V85_25C_800MHz,crossbar,data_width=128;num_inputs=4;num_outputs=4,16nm,TT,0.85,25.0,1.25,800.0,128,4,4,V-2023.12-SP4,1653,1653,0,440.432658,440.432658,0.0,0.0,0.0,1.05,0.0,0.0,0,V-2023.12-SP4,1686,1686,0,457.29,457.29,0.0,620.587,0.7369,0.0,0.0,1.03,0.02,0.0,0,V-2023.12-SP3,V-2023.12-SP4,0.2546,0.3552,0.0006677,0.6105,0.6098,0.76225,0.0,0.0,0.0,0.0,0.0,0.0,0.0,0.0,0.2546,0.3552,0.0006677,0.6105,0.0,0.0,0.0,0.0,0.0,0.0,0.0,0.0,0.0,0.0,0.0,0.0,0.0,0.0,0.0,0.0,unvectored,none,2,2026-08-03T23:33:32+00:00
crossbar_128_4_4_16nm_TT_0V85_25C_800MHz,crossbar,data_width=128;num_inputs=4;num_outputs=4,16nm,TT,0.85,25.0,1.25,800.0,128,4,4,V-2023.12-SP4,1653,1653,0,440.432658,440.432658,0.0,0.0,0.0,1.05,0.0,0.0,0,V-2023.12-SP4,1686,1686,0,457.29,457.29,0.0,620.587,0.7369,0.0,0.0,1.03,0.02,0.0,0,V-2023.12-SP3,V-2023.12-SP4,0.4795,0.6354000000000001,0.0006655000000000001,1.116,1.1149,1.3936250000000001,0.0,0.0,0.0,0.0,0.0,0.0,0.0,0.0,0.4795,0.6354000000000001,0.0006655000000000001,1.116,0.0,0.0,0.0,0.0,0.0,0.0,0.0,0.0,0.0,0.0,0.0,0.0,0.0,0.0,0.0,0.0,vectored,random,2,2026-08-03T23:33:38+00:00
crossbar_128_4_4_16nm_TT_0V85_25C_800MHz,crossbar,data_width=128;num_inputs=4;num_outputs=4,16nm,TT,0.85,25.0,1.25,800.0,128,4,4,V-2023.12-SP4,1653,1653,0,440.432658,440.432658,0.0,0.0,0.0,1.05,0.0,0.0,0,V-2023.12-SP4,1686,1686,0,457.29,457.29,0.0,620.587,0.7369,0.0,0.0,1.03,0.02,0.0,0,V-2023.12-SP3,V-2023.12-SP4,0.22699999999999998,0.2182,0.0006686000000000001,0.4459,0.4452,0.5565,0.0,0.0,0.0,0.0,0.0,0.0,0.0,0.0,0.22699999999999998,0.2182,0.0006686000000000001,0.4459,0.0,0.0,0.0,0.0,0.0,0.0,0.0,0.0,0.0,0.0,0.0,0.0,0.0,0.0,0.0,0.0,vectored,fixed_route,2,2026-08-03T23:33:45+00:00
crossbar_128_4_4_16nm_TT_0V85_25C_800MHz,crossbar,data_width=128;num_inputs=4;num_outputs=4,16nm,TT,0.85,25.0,1.25,800.0,128,4,4,V-2023.12-SP4,1653,1653,0,440.432658,440.432658,0.0,0.0,0.0,1.05,0.0,0.0,0,V-2023.12-SP4,1686,1686,0,457.29,457.29,0.0,620.587,0.7369,0.0,0.0,1.03,0.02,0.0,0,V-2023.12-SP3,V-2023.12-SP4,0.1311,0.1867,0.0006688,0.3185,0.31779999999999997,0.39725,0.0,0.0,0.0,0.0,0.0,0.0,0.0,0.0,0.1311,0.1867,0.0006688,0.3185,0.0,0.0,0.0,0.0,0.0,0.0,0.0,0.0,0.0,0.0,0.0,0.0,0.0,0.0,0.0,0.0,vectored,valid25,2,2026-08-03T23:33:53+00:00
crossbar_64_8_4_7nm_TT_0V75_25C_1333p33MHz,crossbar,data_width=64;num_inputs=8;num_outputs=4,7nm,TT,0.75,25.0,0.75,1333.3333333333333,64,8,4,V-2023.12-SP4,3934,3934,0,221.711615,221.711615,0.0,0.0,0.0,0.55,0.0,0.0,0,V-2023.12-SP4,2970,2970,0,172.94,172.94,0.0,313.8509,0.551,0.0,0.0,0.57,-0.02,-0.03,4,V-2023.12-SP3,V-2023.12-SP4,0.4179,0.7118,0.0006630000000000001,1.13,1.1297,0.847275,0.0,0.0,0.0,0.0,0.0,0.0,0.0,0.0,0.4179,0.7118,0.0006630000000000001,1.13,0.0,0.0,0.0,0.0,0.0,0.0,0.0,0.0,0.0,0.0,0.0,0.0,0.0,0.0,0.0,0.0,unvectored,none,2,2026-08-03T23:37:43+00:00
crossbar_64_8_4_7nm_TT_0V75_25C_1333p33MHz,crossbar,data_width=64;num_inputs=8;num_outputs=4,7nm,TT,0.75,25.0,0.75,1333.3333333333333,64,8,4,V-2023.12-SP4,3934,3934,0,221.711615,221.711615,0.0,0.0,0.0,0.55,0.0,0.0,0,V-2023.12-SP4,2970,2970,0,172.94,172.94,0.0,313.8509,0.551,0.0,0.0,0.57,-0.02,-0.03,4,V-2023.12-SP3,V-2023.12-SP4,0.6934,1.072,0.0006493,1.766,1.7654,1.3240500000000002,0.0,0.0,0.0,0.0,0.0,0.0,0.0,0.0,0.6934,1.072,0.0006493,1.766,0.0,0.0,0.0,0.0,0.0,0.0,0.0,0.0,0.0,0.0,0.0,0.0,0.0,0.0,0.0,0.0,vectored,random,2,2026-08-03T23:37:51+00:00
crossbar_64_8_4_7nm_TT_0V75_25C_1333p33MHz,crossbar,data_width=64;num_inputs=8;num_outputs=4,7nm,TT,0.75,25.0,0.75,1333.3333333333333,64,8,4,V-2023.12-SP4,3934,3934,0,221.711615,221.711615,0.0,0.0,0.0,0.55,0.0,0.0,0,V-2023.12-SP4,2970,2970,0,172.94,172.94,0.0,313.8509,0.551,0.0,0.0,0.57,-0.02,-0.03,4,V-2023.12-SP3,V-2023.12-SP4,0.3233,0.5236999999999999,0.0006322999999999999,0.8476,0.847,0.63525,0.0,0.0,0.0,0.0,0.0,0.0,0.0,0.0,0.3233,0.5236999999999999,0.0006322999999999999,0.8476,0.0,0.0,0.0,0.0,0.0,0.0,0.0,0.0,0.0,0.0,0.0,0.0,0.0,0.0,0.0,0.0,vectored,fixed_route,2,2026-08-03T23:37:57+00:00
crossbar_64_8_4_7nm_TT_0V75_25C_1333p33MHz,crossbar,data_width=64;num_inputs=8;num_outputs=4,7nm,TT,0.75,25.0,0.75,1333.3333333333333,64,8,4,V-2023.12-SP4,3934,3934,0,221.711615,221.711615,0.0,0.0,0.0,0.55,0.0,0.0,0,V-2023.12-SP4,2970,2970,0,172.94,172.94,0.0,313.8509,0.551,0.0,0.0,0.57,-0.02,-0.03,4,V-2023.12-SP3,V-2023.12-SP4,0.2284,0.36210000000000003,0.0006737,0.5912,0.5905,0.442875,0.0,0.0,0.0,0.0,0.0,0.0,0.0,0.0,0.2284,0.36210000000000003,0.0006737,0.5912,0.0,0.0,0.0,0.0,0.0,0.0,0.0,0.0,0.0,0.0,0.0,0.0,0.0,0.0,0.0,0.0,vectored,valid25,2,2026-08-03T23:38:04+00:00
crossbar_64_16_16_7nm_TT_0V75_25C_1333p33MHz,crossbar,data_width=64;num_inputs=16;num_outputs=16,7nm,TT,0.75,25.0,0.75,1333.3333333333333,64,16,16,V-2023.12-SP4,27145,27145,0,1668.780281,1668.780281,0.0,0.0,0.0,0.55,0.0,0.0,0,V-2023.12-SP4,22248,22248,0,1371.4,1371.4,0.0,2371.8804,0.5782,0.0,0.0,0.63,-0.08,-34.19,1054,V-2023.12-SP3,V-2023.12-SP4,1.871,4.158,0.005547000000000001,6.035,6.029,4.52175,0.0,0.0,0.0,0.0,0.0,0.0,0.0,0.0,1.871,4.158,0.005547000000000001,6.035,0.0,0.0,0.0,0.0,0.0,0.0,0.0,0.0,0.0,0.0,0.0,0.0,0.0,0.0,0.0,0.0,unvectored,none,2,2026-08-03T23:45:37+00:00
crossbar_64_16_16_7nm_TT_0V75_25C_1333p33MHz,crossbar,data_width=64;num_inputs=16;num_outputs=16,7nm,TT,0.75,25.0,0.75,1333.3333333333333,64,16,16,V-2023.12-SP4,27145,27145,0,1668.780281,1668.780281,0.0,0.0,0.0,0.55,0.0,0.0,0,V-2023.12-SP4,22248,22248,0,1371.4,1371.4,0.0,2371.8804,0.5782,0.0,0.0,0.63,-0.08,-34.19,1054,V-2023.12-SP3,V-2023.12-SP4,3.139,6.365,0.005461,9.51,9.504,7.128,0.0,0.0,0.0,0.0,0.0,0.0,0.0,0.0,3.139,6.365,0.005461,9.51,0.0,0.0,0.0,0.0,0.0,0.0,0.0,0.0,0.0,0.0,0.0,0.0,0.0,0.0,0.0,0.0,vectored,random,2,2026-08-03T23:45:46+00:00
crossbar_64_16_16_7nm_TT_0V75_25C_1333p33MHz,crossbar,data_width=64;num_inputs=16;num_outputs=16,7nm,TT,0.75,25.0,0.75,1333.3333333333333,64,16,16,V-2023.12-SP4,27145,27145,0,1668.780281,1668.780281,0.0,0.0,0.0,0.55,0.0,0.0,0,V-2023.12-SP4,22248,22248,0,1371.4,1371.4,0.0,2371.8804,0.5782,0.0,0.0,0.63,-0.08,-34.19,1054,V-2023.12-SP3,V-2023.12-SP4,1.545,3.6229999999999998,0.005359,5.1739999999999995,5.167999999999999,3.8759999999999994,0.0,0.0,0.0,0.0,0.0,0.0,0.0,0.0,1.545,3.6229999999999998,0.005359,5.1739999999999995,0.0,0.0,0.0,0.0,0.0,0.0,0.0,0.0,0.0,0.0,0.0,0.0,0.0,0.0,0.0,0.0,vectored,fixed_route,2,2026-08-03T23:45:55+00:00
crossbar_64_16_16_7nm_TT_0V75_25C_1333p33MHz,crossbar,data_width=64;num_inputs=16;num_outputs=16,7nm,TT,0.75,25.0,0.75,1333.3333333333333,64,16,16,V-2023.12-SP4,27145,27145,0,1668.780281,1668.780281,0.0,0.0,0.0,0.55,0.0,0.0,0,V-2023.12-SP4,22248,22248,0,1371.4,1371.4,0.0,2371.8804,0.5782,0.0,0.0,0.63,-0.08,-34.19,1054,V-2023.12-SP3,V-2023.12-SP4,0.7815,1.63,0.005607,2.417,2.4114999999999998,1.8086249999999997,0.0,0.0,0.0,0.0,0.0,0.0,0.0,0.0,0.7815,1.63,0.005607,2.417,0.0,0.0,0.0,0.0,0.0,0.0,0.0,0.0,0.0,0.0,0.0,0.0,0.0,0.0,0.0,0.0,vectored,valid25,2,2026-08-03T23:46:04+00:00
crossbar_64_8_4_7nm_TT_0V75_25C_800MHz,crossbar,data_width=64;num_inputs=8;num_outputs=4,7nm,TT,0.75,25.0,1.25,800.0,64,8,4,V-2023.12-SP4,2025,2025,0,135.57197,135.57197,0.0,0.0,0.0,1.05,0.0,0.0,0,V-2023.12-SP4,2054,2054,0,137.68,137.68,0.0,192.4877,0.7153,0.0,0.0,1.02,0.03,0.0,0,V-2023.12-SP3,V-2023.12-SP4,0.1966,0.2923,0.0005325,0.48950000000000005,0.4889,0.611125,0.0,0.0,0.0,0.0,0.0,0.0,0.0,0.0,0.1966,0.2923,0.0005325,0.48950000000000005,0.0,0.0,0.0,0.0,0.0,0.0,0.0,0.0,0.0,0.0,0.0,0.0,0.0,0.0,0.0,0.0,unvectored,none,2,2026-08-03T23:48:24+00:00
crossbar_64_8_4_7nm_TT_0V75_25C_800MHz,crossbar,data_width=64;num_inputs=8;num_outputs=4,7nm,TT,0.75,25.0,1.25,800.0,64,8,4,V-2023.12-SP4,2025,2025,0,135.57197,135.57197,0.0,0.0,0.0,1.05,0.0,0.0,0,V-2023.12-SP4,2054,2054,0,137.68,137.68,0.0,192.4877,0.7153,0.0,0.0,1.02,0.03,0.0,0,V-2023.12-SP3,V-2023.12-SP4,0.3722,0.5143,0.0005208999999999999,0.887,0.8865,1.108125,0.0,0.0,0.0,0.0,0.0,0.0,0.0,0.0,0.3722,0.5143,0.0005208999999999999,0.887,0.0,0.0,0.0,0.0,0.0,0.0,0.0,0.0,0.0,0.0,0.0,0.0,0.0,0.0,0.0,0.0,vectored,random,2,2026-08-03T23:48:31+00:00
crossbar_64_8_4_7nm_TT_0V75_25C_800MHz,crossbar,data_width=64;num_inputs=8;num_outputs=4,7nm,TT,0.75,25.0,1.25,800.0,64,8,4,V-2023.12-SP4,2025,2025,0,135.57197,135.57197,0.0,0.0,0.0,1.05,0.0,0.0,0,V-2023.12-SP4,2054,2054,0,137.68,137.68,0.0,192.4877,0.7153,0.0,0.0,1.02,0.03,0.0,0,V-2023.12-SP3,V-2023.12-SP4,0.14750000000000002,0.16620000000000001,0.0005141,0.3142,0.31370000000000003,0.39212500000000006,0.0,0.0,0.0,0.0,0.0,0.0,0.0,0.0,0.14750000000000002,0.16620000000000001,0.0005141,0.3142,0.0,0.0,0.0,0.0,0.0,0.0,0.0,0.0,0.0,0.0,0.0,0.0,0.0,0.0,0.0,0.0,vectored,fixed_route,2,2026-08-03T23:48:38+00:00
crossbar_64_8_4_7nm_TT_0V75_25C_800MHz,crossbar,data_width=64;num_inputs=8;num_outputs=4,7nm,TT,0.75,25.0,1.25,800.0,64,8,4,V-2023.12-SP4,2025,2025,0,135.57197,135.57197,0.0,0.0,0.0,1.05,0.0,0.0,0,V-2023.12-SP4,2054,2054,0,137.68,137.68,0.0,192.4877,0.7153,0.0,0.0,1.02,0.03,0.0,0,V-2023.12-SP3,V-2023.12-SP4,0.1175,0.1717,0.0005429,0.2897,0.2892,0.36150000000000004,0.0,0.0,0.0,0.0,0.0,0.0,0.0,0.0,0.1175,0.1717,0.0005429,0.2897,0.0,0.0,0.0,0.0,0.0,0.0,0.0,0.0,0.0,0.0,0.0,0.0,0.0,0.0,0.0,0.0,vectored,valid25,2,2026-08-03T23:48:45+00:00
crossbar_128_8_8_16nm_TT_0V85_25C_1000MHz,crossbar,data_width=128;num_inputs=8;num_outputs=8,16nm,TT,0.85,25.0,1.0,1000.0,128,8,8,V-2023.12-SP4,11693,11693,0,2662.626875,2662.626875,0.0,0.0,0.0,0.8,0.0,0.0,0,V-2023.12-SP4,9881,9881,0,2418.4,2418.4,0.0,3800.7222,0.6363,0.0,0.0,0.82,-0.02,-0.04,6,V-2023.12-SP3,V-2023.12-SP4,1.28,2.331,0.003661,3.614,3.6109999999999998,3.6109999999999998,0.0,0.0,0.0,0.0,0.0,0.0,0.0,0.0,1.28,2.331,0.003661,3.614,0.0,0.0,0.0,0.0,0.0,0.0,0.0,0.0,0.0,0.0,0.0,0.0,0.0,0.0,0.0,0.0,unvectored,none,2,2026-08-03T23:50:18+00:00
crossbar_128_8_8_16nm_TT_0V85_25C_1000MHz,crossbar,data_width=128;num_inputs=8;num_outputs=8,16nm,TT,0.85,25.0,1.0,1000.0,128,8,8,V-2023.12-SP4,11693,11693,0,2662.626875,2662.626875,0.0,0.0,0.0,0.8,0.0,0.0,0,V-2023.12-SP4,9881,9881,0,2418.4,2418.4,0.0,3800.7222,0.6363,0.0,0.0,0.82,-0.02,-0.04,6,V-2023.12-SP3,V-2023.12-SP4,2.115,3.697,0.003622,5.816,5.812,5.812,0.0,0.0,0.0,0.0,0.0,0.0,0.0,0.0,2.115,3.697,0.003622,5.816,0.0,0.0,0.0,0.0,0.0,0.0,0.0,0.0,0.0,0.0,0.0,0.0,0.0,0.0,0.0,0.0,vectored,random,2,2026-08-03T23:50:27+00:00
crossbar_128_8_8_16nm_TT_0V85_25C_1000MHz,crossbar,data_width=128;num_inputs=8;num_outputs=8,16nm,TT,0.85,25.0,1.0,1000.0,128,8,8,V-2023.12-SP4,11693,11693,0,2662.626875,2662.626875,0.0,0.0,0.0,0.8,0.0,0.0,0,V-2023.12-SP4,9881,9881,0,2418.4,2418.4,0.0,3800.7222,0.6363,0.0,0.0,0.82,-0.02,-0.04,6,V-2023.12-SP3,V-2023.12-SP4,1.036,1.789,0.00362,2.8289999999999997,2.825,2.825,0.0,0.0,0.0,0.0,0.0,0.0,0.0,0.0,1.036,1.789,0.00362,2.8289999999999997,0.0,0.0,0.0,0.0,0.0,0.0,0.0,0.0,0.0,0.0,0.0,0.0,0.0,0.0,0.0,0.0,vectored,fixed_route,2,2026-08-03T23:50:36+00:00
crossbar_128_8_8_16nm_TT_0V85_25C_1000MHz,crossbar,data_width=128;num_inputs=8;num_outputs=8,16nm,TT,0.85,25.0,1.0,1000.0,128,8,8,V-2023.12-SP4,11693,11693,0,2662.626875,2662.626875,0.0,0.0,0.0,0.8,0.0,0.0,0,V-2023.12-SP4,9881,9881,0,2418.4,2418.4,0.0,3800.7222,0.6363,0.0,0.0,0.82,-0.02,-0.04,6,V-2023.12-SP3,V-2023.12-SP4,0.5725,1.037,0.003693,1.613,1.6095,1.6095,0.0,0.0,0.0,0.0,0.0,0.0,0.0,0.0,0.5725,1.037,0.003693,1.613,0.0,0.0,0.0,0.0,0.0,0.0,0.0,0.0,0.0,0.0,0.0,0.0,0.0,0.0,0.0,0.0,vectored,valid25,2,2026-08-03T23:50:45+00:00
crossbar_128_8_4_16nm_TT_0V85_25C_1333p33MHz,crossbar,data_width=128;num_inputs=8;num_outputs=4,16nm,TT,0.85,25.0,0.75,1333.3333333333333,128,8,4,V-2023.12-SP4,5038,5038,0,1211.314204,1211.314204,0.0,0.0,0.0,0.55,0.0,0.0,0,V-2023.12-SP4,4670,4670,0,1226.0,1226.0,0.0,1724.4058,0.711,0.0,0.0,0.56,-0.01,-0.03,12,V-2023.12-SP3,V-2023.12-SP4,1.2049999999999998,1.71,0.0019309999999999998,2.917,2.915,2.1862500000000002,0.0,0.0,0.0,0.0,0.0,0.0,0.0,0.0,1.2049999999999998,1.71,0.0019309999999999998,2.917,0.0,0.0,0.0,0.0,0.0,0.0,0.0,0.0,0.0,0.0,0.0,0.0,0.0,0.0,0.0,0.0,unvectored,none,2,2026-08-03T23:56:23+00:00
crossbar_128_8_4_16nm_TT_0V85_25C_1333p33MHz,crossbar,data_width=128;num_inputs=8;num_outputs=4,16nm,TT,0.85,25.0,0.75,1333.3333333333333,128,8,4,V-2023.12-SP4,5038,5038,0,1211.314204,1211.314204,0.0,0.0,0.0,0.55,0.0,0.0,0,V-2023.12-SP4,4670,4670,0,1226.0,1226.0,0.0,1724.4058,0.711,0.0,0.0,0.56,-0.01,-0.03,12,V-2023.12-SP3,V-2023.12-SP4,1.799,2.4520000000000004,0.001905,4.253,4.251,3.18825,0.0,0.0,0.0,0.0,0.0,0.0,0.0,0.0,1.799,2.4520000000000004,0.001905,4.253,0.0,0.0,0.0,0.0,0.0,0.0,0.0,0.0,0.0,0.0,0.0,0.0,0.0,0.0,0.0,0.0,vectored,random,2,2026-08-03T23:56:30+00:00
crossbar_128_8_4_16nm_TT_0V85_25C_1333p33MHz,crossbar,data_width=128;num_inputs=8;num_outputs=4,16nm,TT,0.85,25.0,0.75,1333.3333333333333,128,8,4,V-2023.12-SP4,5038,5038,0,1211.314204,1211.314204,0.0,0.0,0.0,0.55,0.0,0.0,0,V-2023.12-SP4,4670,4670,0,1226.0,1226.0,0.0,1724.4058,0.711,0.0,0.0,0.56,-0.01,-0.03,12,V-2023.12-SP3,V-2023.12-SP4,0.7517999999999999,0.9790000000000001,0.001886,1.7329999999999999,1.7308,1.2980999999999998,0.0,0.0,0.0,0.0,0.0,0.0,0.0,0.0,0.7517999999999999,0.9790000000000001,0.001886,1.7329999999999999,0.0,0.0,0.0,0.0,0.0,0.0,0.0,0.0,0.0,0.0,0.0,0.0,0.0,0.0,0.0,0.0,vectored,fixed_route,2,2026-08-03T23:56:37+00:00
crossbar_128_8_4_16nm_TT_0V85_25C_1333p33MHz,crossbar,data_width=128;num_inputs=8;num_outputs=4,16nm,TT,0.85,25.0,0.75,1333.3333333333333,128,8,4,V-2023.12-SP4,5038,5038,0,1211.314204,1211.314204,0.0,0.0,0.0,0.55,0.0,0.0,0,V-2023.12-SP4,4670,4670,0,1226.0,1226.0,0.0,1724.4058,0.711,0.0,0.0,0.56,-0.01,-0.03,12,V-2023.12-SP3,V-2023.12-SP4,0.6418,0.9253,0.001956,1.5690000000000002,1.5671,1.175325,0.0,0.0,0.0,0.0,0.0,0.0,0.0,0.0,0.6418,0.9253,0.001956,1.5690000000000002,0.0,0.0,0.0,0.0,0.0,0.0,0.0,0.0,0.0,0.0,0.0,0.0,0.0,0.0,0.0,0.0,vectored,valid25,2,2026-08-03T23:56:45+00:00
crossbar_128_8_8_16nm_TT_0V85_25C_666p667MHz,crossbar,data_width=128;num_inputs=8;num_outputs=8,16nm,TT,0.85,25.0,1.5,666.6666666666666,128,8,8,V-2023.12-SP4,7286,7286,0,1911.216437,1911.216437,0.0,0.0,0.0,1.26,0.04,0.0,0,V-2023.12-SP4,7423,7423,0,1986.92,1986.92,0.0,2704.1818,0.7348,0.0,0.0,1.31,-0.01,-0.01,2,V-2023.12-SP3,V-2023.12-SP4,0.7473,1.4929999999999999,0.0029620000000000002,2.2430000000000003,2.2403,3.36045,0.0,0.0,0.0,0.0,0.0,0.0,0.0,0.0,0.7473,1.4929999999999999,0.0029620000000000002,2.2430000000000003,0.0,0.0,0.0,0.0,0.0,0.0,0.0,0.0,0.0,0.0,0.0,0.0,0.0,0.0,0.0,0.0,unvectored,none,2,2026-08-04T00:07:35+00:00
crossbar_128_8_8_16nm_TT_0V85_25C_666p667MHz,crossbar,data_width=128;num_inputs=8;num_outputs=8,16nm,TT,0.85,25.0,1.5,666.6666666666666,128,8,8,V-2023.12-SP4,7286,7286,0,1911.216437,1911.216437,0.0,0.0,0.0,1.26,0.04,0.0,0,V-2023.12-SP4,7423,7423,0,1986.92,1986.92,0.0,2704.1818,0.7348,0.0,0.0,1.31,-0.01,-0.01,2,V-2023.12-SP3,V-2023.12-SP4,1.202,2.277,0.002938,3.4819999999999998,3.479,5.218500000000001,0.0,0.0,0.0,0.0,0.0,0.0,0.0,0.0,1.202,2.277,0.002938,3.4819999999999998,0.0,0.0,0.0,0.0,0.0,0.0,0.0,0.0,0.0,0.0,0.0,0.0,0.0,0.0,0.0,0.0,vectored,random,2,2026-08-04T00:07:43+00:00
crossbar_128_8_8_16nm_TT_0V85_25C_666p667MHz,crossbar,data_width=128;num_inputs=8;num_outputs=8,16nm,TT,0.85,25.0,1.5,666.6666666666666,128,8,8,V-2023.12-SP4,7286,7286,0,1911.216437,1911.216437,0.0,0.0,0.0,1.26,0.04,0.0,0,V-2023.12-SP4,7423,7423,0,1986.92,1986.92,0.0,2704.1818,0.7348,0.0,0.0,1.31,-0.01,-0.01,2,V-2023.12-SP3,V-2023.12-SP4,0.6641,1.258,0.002875,1.925,1.9221,2.8831499999999997,0.0,0.0,0.0,0.0,0.0,0.0,0.0,0.0,0.6641,1.258,0.002875,1.925,0.0,0.0,0.0,0.0,0.0,0.0,0.0,0.0,0.0,0.0,0.0,0.0,0.0,0.0,0.0,0.0,vectored,fixed_route,2,2026-08-04T00:07:51+00:00
crossbar_128_8_8_16nm_TT_0V85_25C_666p667MHz,crossbar,data_width=128;num_inputs=8;num_outputs=8,16nm,TT,0.85,25.0,1.5,666.6666666666666,128,8,8,V-2023.12-SP4,7286,7286,0,1911.216437,1911.216437,0.0,0.0,0.0,1.26,0.04,0.0,0,V-2023.12-SP4,7423,7423,0,1986.92,1986.92,0.0,2704.1818,0.7348,0.0,0.0,1.31,-0.01,-0.01,2,V-2023.12-SP3,V-2023.12-SP4,0.3251,0.6295,0.002987,0.9576,0.9545999999999999,1.4318999999999997,0.0,0.0,0.0,0.0,0.0,0.0,0.0,0.0,0.3251,0.6295,0.002987,0.9576,0.0,0.0,0.0,0.0,0.0,0.0,0.0,0.0,0.0,0.0,0.0,0.0,0.0,0.0,0.0,0.0,vectored,valid25,2,2026-08-04T00:07:59+00:00
crossbar_128_8_4_16nm_TT_0V85_25C_800MHz,crossbar,data_width=128;num_inputs=8;num_outputs=4,16nm,TT,0.85,25.0,1.25,800.0,128,8,4,V-2023.12-SP4,6521,6521,0,1451.18825,1451.18825,0.0,0.0,0.0,1.05,0.0,0.0,0,V-2023.12-SP4,5257,5257,0,1246.52,1246.52,0.0,2068.9759,0.6025,0.0,0.0,1.05,-0.0,-0.0,1,V-2023.12-SP3,V-2023.12-SP4,0.7926,1.228,0.0018599999999999999,2.022,2.0206,2.52575,0.0,0.0,0.0,0.0,0.0,0.0,0.0,0.0,0.7926,1.228,0.0018599999999999999,2.022,0.0,0.0,0.0,0.0,0.0,0.0,0.0,0.0,0.0,0.0,0.0,0.0,0.0,0.0,0.0,0.0,unvectored,none,2,2026-08-04T00:08:57+00:00
crossbar_128_8_4_16nm_TT_0V85_25C_800MHz,crossbar,data_width=128;num_inputs=8;num_outputs=4,16nm,TT,0.85,25.0,1.25,800.0,128,8,4,V-2023.12-SP4,6521,6521,0,1451.18825,1451.18825,0.0,0.0,0.0,1.05,0.0,0.0,0,V-2023.12-SP4,5257,5257,0,1246.52,1246.52,0.0,2068.9759,0.6025,0.0,0.0,1.05,-0.0,-0.0,1,V-2023.12-SP3,V-2023.12-SP4,1.307,1.932,0.001819,3.2399999999999998,3.239,4.04875,0.0,0.0,0.0,0.0,0.0,0.0,0.0,0.0,1.307,1.932,0.001819,3.2399999999999998,0.0,0.0,0.0,0.0,0.0,0.0,0.0,0.0,0.0,0.0,0.0,0.0,0.0,0.0,0.0,0.0,vectored,random,2,2026-08-04T00:09:04+00:00
crossbar_128_8_4_16nm_TT_0V85_25C_800MHz,crossbar,data_width=128;num_inputs=8;num_outputs=4,16nm,TT,0.85,25.0,1.25,800.0,128,8,4,V-2023.12-SP4,6521,6521,0,1451.18825,1451.18825,0.0,0.0,0.0,1.05,0.0,0.0,0,V-2023.12-SP4,5257,5257,0,1246.52,1246.52,0.0,2068.9759,0.6025,0.0,0.0,1.05,-0.0,-0.0,1,V-2023.12-SP3,V-2023.12-SP4,0.6633,0.8479,0.001834,1.5130000000000001,1.5112,1.8890000000000002,0.0,0.0,0.0,0.0,0.0,0.0,0.0,0.0,0.6633,0.8479,0.001834,1.5130000000000001,0.0,0.0,0.0,0.0,0.0,0.0,0.0,0.0,0.0,0.0,0.0,0.0,0.0,0.0,0.0,0.0,vectored,fixed_route,2,2026-08-04T00:09:11+00:00
crossbar_128_8_4_16nm_TT_0V85_25C_800MHz,crossbar,data_width=128;num_inputs=8;num_outputs=4,16nm,TT,0.85,25.0,1.25,800.0,128,8,4,V-2023.12-SP4,6521,6521,0,1451.18825,1451.18825,0.0,0.0,0.0,1.05,0.0,0.0,0,V-2023.12-SP4,5257,5257,0,1246.52,1246.52,0.0,2068.9759,0.6025,0.0,0.0,1.05,-0.0,-0.0,1,V-2023.12-SP3,V-2023.12-SP4,0.43629999999999997,0.6806,0.001895,1.119,1.1169,1.396125,0.0,0.0,0.0,0.0,0.0,0.0,0.0,0.0,0.43629999999999997,0.6806,0.001895,1.119,0.0,0.0,0.0,0.0,0.0,0.0,0.0,0.0,0.0,0.0,0.0,0.0,0.0,0.0,0.0,0.0,vectored,valid25,2,2026-08-04T00:09:19+00:00
crossbar_128_4_8_16nm_TT_0V85_25C_1333p33MHz,crossbar,data_width=128;num_inputs=4;num_outputs=8,16nm,TT,0.85,25.0,0.75,1333.3333333333333,128,4,8,V-2023.12-SP4,5374,5374,0,1196.073245,1196.073245,0.0,0.0,0.0,0.55,0.0,0.0,0,V-2023.12-SP4,4879,4879,0,1149.54,1149.54,0.0,1687.2054,0.6813,0.0,0.0,0.58,-0.03,-0.07,5,V-2023.12-SP3,V-2023.12-SP4,0.6626,1.108,0.0017439999999999999,1.772,1.7706,1.32795,0.0,0.0,0.0,0.0,0.0,0.0,0.0,0.0,0.6626,1.108,0.0017439999999999999,1.772,0.0,0.0,0.0,0.0,0.0,0.0,0.0,0.0,0.0,0.0,0.0,0.0,0.0,0.0,0.0,0.0,unvectored,none,2,2026-08-04T00:16:35+00:00
crossbar_128_4_8_16nm_TT_0V85_25C_1333p33MHz,crossbar,data_width=128;num_inputs=4;num_outputs=8,16nm,TT,0.85,25.0,0.75,1333.3333333333333,128,4,8,V-2023.12-SP4,5374,5374,0,1196.073245,1196.073245,0.0,0.0,0.0,0.55,0.0,0.0,0,V-2023.12-SP4,4879,4879,0,1149.54,1149.54,0.0,1687.2054,0.6813,0.0,0.0,0.58,-0.03,-0.07,5,V-2023.12-SP3,V-2023.12-SP4,1.108,1.768,0.001741,2.878,2.8760000000000003,2.157,0.0,0.0,0.0,0.0,0.0,0.0,0.0,0.0,1.108,1.768,0.001741,2.878,0.0,0.0,0.0,0.0,0.0,0.0,0.0,0.0,0.0,0.0,0.0,0.0,0.0,0.0,0.0,0.0,vectored,random,2,2026-08-04T00:16:42+00:00
crossbar_128_4_8_16nm_TT_0V85_25C_1333p33MHz,crossbar,data_width=128;num_inputs=4;num_outputs=8,16nm,TT,0.85,25.0,0.75,1333.3333333333333,128,4,8,V-2023.12-SP4,5374,5374,0,1196.073245,1196.073245,0.0,0.0,0.0,0.55,0.0,0.0,0,V-2023.12-SP4,4879,4879,0,1149.54,1149.54,0.0,1687.2054,0.6813,0.0,0.0,0.58,-0.03,-0.07,5,V-2023.12-SP3,V-2023.12-SP4,0.4815,0.7240000000000001,0.0017469999999999999,1.2069999999999999,1.2055,0.9041250000000001,0.0,0.0,0.0,0.0,0.0,0.0,0.0,0.0,0.4815,0.7240000000000001,0.0017469999999999999,1.2069999999999999,0.0,0.0,0.0,0.0,0.0,0.0,0.0,0.0,0.0,0.0,0.0,0.0,0.0,0.0,0.0,0.0,vectored,fixed_route,2,2026-08-04T00:16:50+00:00
crossbar_128_4_8_16nm_TT_0V85_25C_1333p33MHz,crossbar,data_width=128;num_inputs=4;num_outputs=8,16nm,TT,0.85,25.0,0.75,1333.3333333333333,128,4,8,V-2023.12-SP4,5374,5374,0,1196.073245,1196.073245,0.0,0.0,0.0,0.55,0.0,0.0,0,V-2023.12-SP4,4879,4879,0,1149.54,1149.54,0.0,1687.2054,0.6813,0.0,0.0,0.58,-0.03,-0.07,5,V-2023.12-SP3,V-2023.12-SP4,0.27,0.4472,0.0017469999999999999,0.719,0.7172000000000001,0.5379,0.0,0.0,0.0,0.0,0.0,0.0,0.0,0.0,0.27,0.4472,0.0017469999999999999,0.719,0.0,0.0,0.0,0.0,0.0,0.0,0.0,0.0,0.0,0.0,0.0,0.0,0.0,0.0,0.0,0.0,vectored,valid25,2,2026-08-04T00:16:57+00:00
crossbar_64_16_8_7nm_TT_0V75_25C_1333p33MHz,crossbar,data_width=64;num_inputs=16;num_outputs=8,7nm,TT,0.75,25.0,0.75,1333.3333333333333,64,16,8,V-2023.12-SP4,13681,13681,0,824.947198,824.947198,0.0,0.0,0.0,0.55,0.0,0.0,0,V-2023.12-SP4,11149,11149,0,692.6,692.6,0.0,1175.6667,0.5891,0.0,0.0,0.56,-0.01,-0.06,28,V-2023.12-SP3,V-2023.12-SP4,1.3439999999999999,2.434,0.002705,3.781,3.778,2.8335,0.0,0.0,0.0,0.0,0.0,0.0,0.0,0.0,1.3439999999999999,2.434,0.002705,3.781,0.0,0.0,0.0,0.0,0.0,0.0,0.0,0.0,0.0,0.0,0.0,0.0,0.0,0.0,0.0,0.0,unvectored,none,2,2026-08-04T00:19:23+00:00
crossbar_64_16_8_7nm_TT_0V75_25C_1333p33MHz,crossbar,data_width=64;num_inputs=16;num_outputs=8,7nm,TT,0.75,25.0,0.75,1333.3333333333333,64,16,8,V-2023.12-SP4,13681,13681,0,824.947198,824.947198,0.0,0.0,0.0,0.55,0.0,0.0,0,V-2023.12-SP4,11149,11149,0,692.6,692.6,0.0,1175.6667,0.5891,0.0,0.0,0.56,-0.01,-0.06,28,V-2023.12-SP3,V-2023.12-SP4,2.15,3.601,0.002657,5.753,5.7509999999999994,4.31325,0.0,0.0,0.0,0.0,0.0,0.0,0.0,0.0,2.15,3.601,0.002657,5.753,0.0,0.0,0.0,0.0,0.0,0.0,0.0,0.0,0.0,0.0,0.0,0.0,0.0,0.0,0.0,0.0,vectored,random,2,2026-08-04T00:19:31+00:00
crossbar_64_16_8_7nm_TT_0V75_25C_1333p33MHz,crossbar,data_width=64;num_inputs=16;num_outputs=8,7nm,TT,0.75,25.0,0.75,1333.3333333333333,64,16,8,V-2023.12-SP4,13681,13681,0,824.947198,824.947198,0.0,0.0,0.0,0.55,0.0,0.0,0,V-2023.12-SP4,11149,11149,0,692.6,692.6,0.0,1175.6667,0.5891,0.0,0.0,0.56,-0.01,-0.06,28,V-2023.12-SP3,V-2023.12-SP4,0.9825999999999999,1.746,0.002594,2.731,2.7286,2.04645,0.0,0.0,0.0,0.0,0.0,0.0,0.0,0.0,0.9825999999999999,1.746,0.002594,2.731,0.0,0.0,0.0,0.0,0.0,0.0,0.0,0.0,0.0,0.0,0.0,0.0,0.0,0.0,0.0,0.0,vectored,fixed_route,2,2026-08-04T00:19:40+00:00
crossbar_64_16_8_7nm_TT_0V75_25C_1333p33MHz,crossbar,data_width=64;num_inputs=16;num_outputs=8,7nm,TT,0.75,25.0,0.75,1333.3333333333333,64,16,8,V-2023.12-SP4,13681,13681,0,824.947198,824.947198,0.0,0.0,0.0,0.55,0.0,0.0,0,V-2023.12-SP4,11149,11149,0,692.6,692.6,0.0,1175.6667,0.5891,0.0,0.0,0.56,-0.01,-0.06,28,V-2023.12-SP3,V-2023.12-SP4,0.6777000000000001,1.148,0.0027470000000000003,1.828,1.8256999999999999,1.369275,0.0,0.0,0.0,0.0,0.0,0.0,0.0,0.0,0.6777000000000001,1.148,0.0027470000000000003,1.828,0.0,0.0,0.0,0.0,0.0,0.0,0.0,0.0,0.0,0.0,0.0,0.0,0.0,0.0,0.0,0.0,vectored,valid25,2,2026-08-04T00:19:47+00:00
crossbar_64_4_8_7nm_TT_0V75_25C_1333p33MHz,crossbar,data_width=64;num_inputs=4;num_outputs=8,7nm,TT,0.75,25.0,0.75,1333.3333333333333,64,4,8,V-2023.12-SP4,1670,1670,0,116.363523,116.363523,0.0,0.0,0.0,0.55,0.0,0.0,0,V-2023.12-SP4,1730,1730,0,118.46,118.46,0.0,165.3281,0.7165,0.0,0.0,0.49,0.06,0.0,0,V-2023.12-SP3,V-2023.12-SP4,0.1643,0.2277,0.0004367,0.3925,0.392,0.29400000000000004,0.0,0.0,0.0,0.0,0.0,0.0,0.0,0.0,0.1643,0.2277,0.0004367,0.3925,0.0,0.0,0.0,0.0,0.0,0.0,0.0,0.0,0.0,0.0,0.0,0.0,0.0,0.0,0.0,0.0,unvectored,none,2,2026-08-04T00:31:05+00:00
crossbar_64_4_8_7nm_TT_0V75_25C_1333p33MHz,crossbar,data_width=64;num_inputs=4;num_outputs=8,7nm,TT,0.75,25.0,0.75,1333.3333333333333,64,4,8,V-2023.12-SP4,1670,1670,0,116.363523,116.363523,0.0,0.0,0.0,0.55,0.0,0.0,0,V-2023.12-SP4,1730,1730,0,118.46,118.46,0.0,165.3281,0.7165,0.0,0.0,0.49,0.06,0.0,0,V-2023.12-SP3,V-2023.12-SP4,0.2952,0.374,0.000435,0.6696,0.6692,0.5019,0.0,0.0,0.0,0.0,0.0,0.0,0.0,0.0,0.2952,0.374,0.000435,0.6696,0.0,0.0,0.0,0.0,0.0,0.0,0.0,0.0,0.0,0.0,0.0,0.0,0.0,0.0,0.0,0.0,vectored,random,2,2026-08-04T00:31:12+00:00
crossbar_64_4_8_7nm_TT_0V75_25C_1333p33MHz,crossbar,data_width=64;num_inputs=4;num_outputs=8,7nm,TT,0.75,25.0,0.75,1333.3333333333333,64,4,8,V-2023.12-SP4,1670,1670,0,116.363523,116.363523,0.0,0.0,0.0,0.55,0.0,0.0,0,V-2023.12-SP4,1730,1730,0,118.46,118.46,0.0,165.3281,0.7165,0.0,0.0,0.49,0.06,0.0,0,V-2023.12-SP3,V-2023.12-SP4,0.1129,0.08592999999999999,0.00043589999999999997,0.1993,0.19883,0.1491225,0.0,0.0,0.0,0.0,0.0,0.0,0.0,0.0,0.1129,0.08592999999999999,0.00043589999999999997,0.1993,0.0,0.0,0.0,0.0,0.0,0.0,0.0,0.0,0.0,0.0,0.0,0.0,0.0,0.0,0.0,0.0,vectored,fixed_route,2,2026-08-04T00:31:19+00:00
crossbar_64_4_8_7nm_TT_0V75_25C_1333p33MHz,crossbar,data_width=64;num_inputs=4;num_outputs=8,7nm,TT,0.75,25.0,0.75,1333.3333333333333,64,4,8,V-2023.12-SP4,1670,1670,0,116.363523,116.363523,0.0,0.0,0.0,0.55,0.0,0.0,0,V-2023.12-SP4,1730,1730,0,118.46,118.46,0.0,165.3281,0.7165,0.0,0.0,0.49,0.06,0.0,0,V-2023.12-SP3,V-2023.12-SP4,0.06893,0.09655,0.0004377,0.1659,0.16548000000000002,0.12411000000000001,0.0,0.0,0.0,0.0,0.0,0.0,0.0,0.0,0.06893,0.09655,0.0004377,0.1659,0.0,0.0,0.0,0.0,0.0,0.0,0.0,0.0,0.0,0.0,0.0,0.0,0.0,0.0,0.0,0.0,vectored,valid25,2,2026-08-04T00:31:26+00:00
crossbar_64_16_16_7nm_TT_0V75_25C_800MHz,crossbar,data_width=64;num_inputs=16;num_outputs=16,7nm,TT,0.75,25.0,1.25,800.0,64,16,16,V-2023.12-SP4,15409,15409,0,1078.092307,1078.092307,0.0,0.0,0.0,1.05,0.0,0.0,0,V-2023.12-SP4,15672,15672,0,1100.78,1100.78,0.0,1532.4019,0.7183,0.0,0.0,1.04,0.01,0.0,0,V-2023.12-SP3,V-2023.12-SP4,0.8057,1.699,0.004377,2.509,2.5047,3.130875,0.0,0.0,0.0,0.0,0.0,0.0,0.0,0.0,0.8057,1.699,0.004377,2.509,0.0,0.0,0.0,0.0,0.0,0.0,0.0,0.0,0.0,0.0,0.0,0.0,0.0,0.0,0.0,0.0,unvectored,none,2,2026-08-04T00:32:15+00:00
crossbar_64_16_16_7nm_TT_0V75_25C_800MHz,crossbar,data_width=64;num_inputs=16;num_outputs=16,7nm,TT,0.75,25.0,1.25,800.0,64,16,16,V-2023.12-SP4,15409,15409,0,1078.092307,1078.092307,0.0,0.0,0.0,1.05,0.0,0.0,0,V-2023.12-SP4,15672,15672,0,1100.78,1100.78,0.0,1532.4019,0.7183,0.0,0.0,1.04,0.01,0.0,0,V-2023.12-SP3,V-2023.12-SP4,1.312,2.548,0.004311,3.8649999999999998,3.8600000000000003,4.825,0.0,0.0,0.0,0.0,0.0,0.0,0.0,0.0,1.312,2.548,0.004311,3.8649999999999998,0.0,0.0,0.0,0.0,0.0,0.0,0.0,0.0,0.0,0.0,0.0,0.0,0.0,0.0,0.0,0.0,vectored,random,2,2026-08-04T00:32:23+00:00
crossbar_64_16_16_7nm_TT_0V75_25C_800MHz,crossbar,data_width=64;num_inputs=16;num_outputs=16,7nm,TT,0.75,25.0,1.25,800.0,64,16,16,V-2023.12-SP4,15409,15409,0,1078.092307,1078.092307,0.0,0.0,0.0,1.05,0.0,0.0,0,V-2023.12-SP4,15672,15672,0,1100.78,1100.78,0.0,1532.4019,0.7183,0.0,0.0,1.04,0.01,0.0,0,V-2023.12-SP3,V-2023.12-SP4,0.6392,1.339,0.004220000000000001,1.9829999999999999,1.9782,2.47275,0.0,0.0,0.0,0.0,0.0,0.0,0.0,0.0,0.6392,1.339,0.004220000000000001,1.9829999999999999,0.0,0.0,0.0,0.0,0.0,0.0,0.0,0.0,0.0,0.0,0.0,0.0,0.0,0.0,0.0,0.0,vectored,fixed_route,2,2026-08-04T00:32:32+00:00
crossbar_64_16_16_7nm_TT_0V75_25C_800MHz,crossbar,data_width=64;num_inputs=16;num_outputs=16,7nm,TT,0.75,25.0,1.25,800.0,64,16,16,V-2023.12-SP4,15409,15409,0,1078.092307,1078.092307,0.0,0.0,0.0,1.05,0.0,0.0,0,V-2023.12-SP4,15672,15672,0,1100.78,1100.78,0.0,1532.4019,0.7183,0.0,0.0,1.04,0.01,0.0,0,V-2023.12-SP3,V-2023.12-SP4,0.3359,0.6705,0.004432,1.011,1.0064,1.258,0.0,0.0,0.0,0.0,0.0,0.0,0.0,0.0,0.3359,0.6705,0.004432,1.011,0.0,0.0,0.0,0.0,0.0,0.0,0.0,0.0,0.0,0.0,0.0,0.0,0.0,0.0,0.0,0.0,vectored,valid25,2,2026-08-04T00:32:41+00:00
crossbar_128_2_2_7nm_TT_0V75_25C_1333p33MHz,crossbar,data_width=128;num_inputs=2;num_outputs=2,7nm,TT,0.75,25.0,0.75,1333.3333333333333,128,2,2,V-2023.12-SP4,531,531,0,30.110977,30.110977,0.0,0.0,0.0,0.42,0.13,0.0,0,V-2023.12-SP4,541,541,0,30.39,30.39,0.0,42.7715,0.7104,0.0,0.0,0.28,0.27,0.0,0,V-2023.12-SP3,V-2023.12-SP4,0.08843000000000001,0.1308,0.0001054,0.21939999999999998,0.21923,0.1644225,0.0,0.0,0.0,0.0,0.0,0.0,0.0,0.0,0.08843000000000001,0.1308,0.0001054,0.21939999999999998,0.0,0.0,0.0,0.0,0.0,0.0,0.0,0.0,0.0,0.0,0.0,0.0,0.0,0.0,0.0,0.0,unvectored,none,2,2026-08-04T00:36:38+00:00
crossbar_128_2_2_7nm_TT_0V75_25C_1333p33MHz,crossbar,data_width=128;num_inputs=2;num_outputs=2,7nm,TT,0.75,25.0,0.75,1333.3333333333333,128,2,2,V-2023.12-SP4,531,531,0,30.110977,30.110977,0.0,0.0,0.0,0.42,0.13,0.0,0,V-2023.12-SP4,541,541,0,30.39,30.39,0.0,42.7715,0.7104,0.0,0.0,0.28,0.27,0.0,0,V-2023.12-SP3,V-2023.12-SP4,0.16679999999999998,0.2175,0.0001076,0.3845,0.3843,0.28822499999999995,0.0,0.0,0.0,0.0,0.0,0.0,0.0,0.0,0.16679999999999998,0.2175,0.0001076,0.3845,0.0,0.0,0.0,0.0,0.0,0.0,0.0,0.0,0.0,0.0,0.0,0.0,0.0,0.0,0.0,0.0,vectored,random,2,2026-08-04T00:36:44+00:00
crossbar_128_2_2_7nm_TT_0V75_25C_1333p33MHz,crossbar,data_width=128;num_inputs=2;num_outputs=2,7nm,TT,0.75,25.0,0.75,1333.3333333333333,128,2,2,V-2023.12-SP4,531,531,0,30.110977,30.110977,0.0,0.0,0.0,0.42,0.13,0.0,0,V-2023.12-SP4,541,541,0,30.39,30.39,0.0,42.7715,0.7104,0.0,0.0,0.28,0.27,0.0,0,V-2023.12-SP3,V-2023.12-SP4,0.1002,0.07925,0.00011159999999999999,0.1796,0.17945,0.1345875,0.0,0.0,0.0,0.0,0.0,0.0,0.0,0.0,0.1002,0.07925,0.00011159999999999999,0.1796,0.0,0.0,0.0,0.0,0.0,0.0,0.0,0.0,0.0,0.0,0.0,0.0,0.0,0.0,0.0,0.0,vectored,fixed_route,2,2026-08-04T00:36:51+00:00
crossbar_128_2_2_7nm_TT_0V75_25C_1333p33MHz,crossbar,data_width=128;num_inputs=2;num_outputs=2,7nm,TT,0.75,25.0,0.75,1333.3333333333333,128,2,2,V-2023.12-SP4,531,531,0,30.110977,30.110977,0.0,0.0,0.0,0.42,0.13,0.0,0,V-2023.12-SP4,541,541,0,30.39,30.39,0.0,42.7715,0.7104,0.0,0.0,0.28,0.27,0.0,0,V-2023.12-SP3,V-2023.12-SP4,0.04805,0.07516,0.0001034,0.12329999999999999,0.12321000000000001,0.0924075,0.0,0.0,0.0,0.0,0.0,0.0,0.0,0.0,0.04805,0.07516,0.0001034,0.12329999999999999,0.0,0.0,0.0,0.0,0.0,0.0,0.0,0.0,0.0,0.0,0.0,0.0,0.0,0.0,0.0,0.0,vectored,valid25,2,2026-08-04T00:36:57+00:00
crossbar_128_4_8_16nm_TT_0V85_25C_800MHz,crossbar,data_width=128;num_inputs=4;num_outputs=8,16nm,TT,0.85,25.0,1.25,800.0,128,4,8,V-2023.12-SP4,3298,3298,0,883.913507,883.913507,0.0,0.0,0.0,1.01,0.04,0.0,0,V-2023.12-SP4,3384,3384,0,916.82,916.82,0.0,1248.4524,0.7344,0.0,0.0,0.83,0.22,0.0,0,V-2023.12-SP3,V-2023.12-SP4,0.3219,0.4328,0.001356,0.756,0.7547,0.9433750000000001,0.0,0.0,0.0,0.0,0.0,0.0,0.0,0.0,0.3219,0.4328,0.001356,0.756,0.0,0.0,0.0,0.0,0.0,0.0,0.0,0.0,0.0,0.0,0.0,0.0,0.0,0.0,0.0,0.0,unvectored,none,2,2026-08-04T00:38:02+00:00
crossbar_128_4_8_16nm_TT_0V85_25C_800MHz,crossbar,data_width=128;num_inputs=4;num_outputs=8,16nm,TT,0.85,25.0,1.25,800.0,128,4,8,V-2023.12-SP4,3298,3298,0,883.913507,883.913507,0.0,0.0,0.0,1.01,0.04,0.0,0,V-2023.12-SP4,3384,3384,0,916.82,916.82,0.0,1248.4524,0.7344,0.0,0.0,0.83,0.22,0.0,0,V-2023.12-SP3,V-2023.12-SP4,0.5823,0.7362,0.0013540000000000002,1.32,1.3185,1.648125,0.0,0.0,0.0,0.0,0.0,0.0,0.0,0.0,0.5823,0.7362,0.0013540000000000002,1.32,0.0,0.0,0.0,0.0,0.0,0.0,0.0,0.0,0.0,0.0,0.0,0.0,0.0,0.0,0.0,0.0,vectored,random,2,2026-08-04T00:38:09+00:00
crossbar_128_4_8_16nm_TT_0V85_25C_800MHz,crossbar,data_width=128;num_inputs=4;num_outputs=8,16nm,TT,0.85,25.0,1.25,800.0,128,4,8,V-2023.12-SP4,3298,3298,0,883.913507,883.913507,0.0,0.0,0.0,1.01,0.04,0.0,0,V-2023.12-SP4,3384,3384,0,916.82,916.82,0.0,1248.4524,0.7344,0.0,0.0,0.83,0.22,0.0,0,V-2023.12-SP3,V-2023.12-SP4,0.2208,0.18450000000000003,0.0013549999999999999,0.4067,0.4053,0.506625,0.0,0.0,0.0,0.0,0.0,0.0,0.0,0.0,0.2208,0.18450000000000003,0.0013549999999999999,0.4067,0.0,0.0,0.0,0.0,0.0,0.0,0.0,0.0,0.0,0.0,0.0,0.0,0.0,0.0,0.0,0.0,vectored,fixed_route,2,2026-08-04T00:38:17+00:00
crossbar_128_4_8_16nm_TT_0V85_25C_800MHz,crossbar,data_width=128;num_inputs=4;num_outputs=8,16nm,TT,0.85,25.0,1.25,800.0,128,4,8,V-2023.12-SP4,3298,3298,0,883.913507,883.913507,0.0,0.0,0.0,1.01,0.04,0.0,0,V-2023.12-SP4,3384,3384,0,916.82,916.82,0.0,1248.4524,0.7344,0.0,0.0,0.83,0.22,0.0,0,V-2023.12-SP3,V-2023.12-SP4,0.1361,0.1861,0.0013570000000000001,0.3236,0.3222,0.40275,0.0,0.0,0.0,0.0,0.0,0.0,0.0,0.0,0.1361,0.1861,0.0013570000000000001,0.3236,0.0,0.0,0.0,0.0,0.0,0.0,0.0,0.0,0.0,0.0,0.0,0.0,0.0,0.0,0.0,0.0,vectored,valid25,2,2026-08-04T00:38:24+00:00
crossbar_64_16_8_7nm_TT_0V75_25C_800MHz,crossbar,data_width=64;num_inputs=16;num_outputs=8,7nm,TT,0.75,25.0,1.25,800.0,64,16,8,V-2023.12-SP4,8037,8037,0,552.416265,552.416265,0.0,0.0,0.0,1.05,0.0,0.0,0,V-2023.12-SP4,8168,8168,0,561.88,561.88,0.0,784.1111,0.7166,0.0,0.0,1.07,-0.02,-0.22,14,V-2023.12-SP3,V-2023.12-SP4,0.5534,0.9886,0.0021959999999999996,1.544,1.542,1.9275,0.0,0.0,0.0,0.0,0.0,0.0,0.0,0.0,0.5534,0.9886,0.0021959999999999996,1.544,0.0,0.0,0.0,0.0,0.0,0.0,0.0,0.0,0.0,0.0,0.0,0.0,0.0,0.0,0.0,0.0,unvectored,none,2,2026-08-04T00:39:46+00:00
crossbar_64_16_8_7nm_TT_0V75_25C_800MHz,crossbar,data_width=64;num_inputs=16;num_outputs=8,7nm,TT,0.75,25.0,1.25,800.0,64,16,8,V-2023.12-SP4,8037,8037,0,552.416265,552.416265,0.0,0.0,0.0,1.05,0.0,0.0,0,V-2023.12-SP4,8168,8168,0,561.88,561.88,0.0,784.1111,0.7166,0.0,0.0,1.07,-0.02,-0.22,14,V-2023.12-SP3,V-2023.12-SP4,0.8865000000000001,1.498,0.0021550000000000002,2.387,2.3845,2.980625,0.0,0.0,0.0,0.0,0.0,0.0,0.0,0.0,0.8865000000000001,1.498,0.0021550000000000002,2.387,0.0,0.0,0.0,0.0,0.0,0.0,0.0,0.0,0.0,0.0,0.0,0.0,0.0,0.0,0.0,0.0,vectored,random,2,2026-08-04T00:39:53+00:00
crossbar_64_16_8_7nm_TT_0V75_25C_800MHz,crossbar,data_width=64;num_inputs=16;num_outputs=8,7nm,TT,0.75,25.0,1.25,800.0,64,16,8,V-2023.12-SP4,8037,8037,0,552.416265,552.416265,0.0,0.0,0.0,1.05,0.0,0.0,0,V-2023.12-SP4,8168,8168,0,561.88,561.88,0.0,784.1111,0.7166,0.0,0.0,1.07,-0.02,-0.22,14,V-2023.12-SP3,V-2023.12-SP4,0.3432,0.5839000000000001,0.002107,0.9293,0.9271,1.158875,0.0,0.0,0.0,0.0,0.0,0.0,0.0,0.0,0.3432,0.5839000000000001,0.002107,0.9293,0.0,0.0,0.0,0.0,0.0,0.0,0.0,0.0,0.0,0.0,0.0,0.0,0.0,0.0,0.0,0.0,vectored,fixed_route,2,2026-08-04T00:40:01+00:00
crossbar_64_16_8_7nm_TT_0V75_25C_800MHz,crossbar,data_width=64;num_inputs=16;num_outputs=8,7nm,TT,0.75,25.0,1.25,800.0,64,16,8,V-2023.12-SP4,8037,8037,0,552.416265,552.416265,0.0,0.0,0.0,1.05,0.0,0.0,0,V-2023.12-SP4,8168,8168,0,561.88,561.88,0.0,784.1111,0.7166,0.0,0.0,1.07,-0.02,-0.22,14,V-2023.12-SP3,V-2023.12-SP4,0.29119999999999996,0.4992,0.002237,0.7926,0.7904,0.988,0.0,0.0,0.0,0.0,0.0,0.0,0.0,0.0,0.29119999999999996,0.4992,0.002237,0.7926,0.0,0.0,0.0,0.0,0.0,0.0,0.0,0.0,0.0,0.0,0.0,0.0,0.0,0.0,0.0,0.0,vectored,valid25,2,2026-08-04T00:40:08+00:00
crossbar_128_2_2_7nm_TT_0V75_25C_800MHz,crossbar,data_width=128;num_inputs=2;num_outputs=2,7nm,TT,0.75,25.0,1.25,800.0,128,2,2,V-2023.12-SP4,536,536,0,30.272257,30.272257,0.0,0.0,0.0,0.39,0.66,0.0,0,V-2023.12-SP4,540,540,0,30.34,30.34,0.0,42.7715,0.7093,0.0,0.0,0.28,0.77,0.0,0,V-2023.12-SP3,V-2023.12-SP4,0.05323,0.07881,0.0001054,0.13210000000000002,0.13204,0.16504999999999997,0.0,0.0,0.0,0.0,0.0,0.0,0.0,0.0,0.05323,0.07881,0.0001054,0.13210000000000002,0.0,0.0,0.0,0.0,0.0,0.0,0.0,0.0,0.0,0.0,0.0,0.0,0.0,0.0,0.0,0.0,unvectored,none,2,2026-08-04T00:40:46+00:00
crossbar_128_2_2_7nm_TT_0V75_25C_800MHz,crossbar,data_width=128;num_inputs=2;num_outputs=2,7nm,TT,0.75,25.0,1.25,800.0,128,2,2,V-2023.12-SP4,536,536,0,30.272257,30.272257,0.0,0.0,0.0,0.39,0.66,0.0,0,V-2023.12-SP4,540,540,0,30.34,30.34,0.0,42.7715,0.7093,0.0,0.0,0.28,0.77,0.0,0,V-2023.12-SP3,V-2023.12-SP4,0.1009,0.1317,0.0001077,0.2327,0.23260000000000003,0.29075000000000006,0.0,0.0,0.0,0.0,0.0,0.0,0.0,0.0,0.1009,0.1317,0.0001077,0.2327,0.0,0.0,0.0,0.0,0.0,0.0,0.0,0.0,0.0,0.0,0.0,0.0,0.0,0.0,0.0,0.0,vectored,random,2,2026-08-04T00:40:52+00:00
crossbar_128_2_2_7nm_TT_0V75_25C_800MHz,crossbar,data_width=128;num_inputs=2;num_outputs=2,7nm,TT,0.75,25.0,1.25,800.0,128,2,2,V-2023.12-SP4,536,536,0,30.272257,30.272257,0.0,0.0,0.0,0.39,0.66,0.0,0,V-2023.12-SP4,540,540,0,30.34,30.34,0.0,42.7715,0.7093,0.0,0.0,0.28,0.77,0.0,0,V-2023.12-SP3,V-2023.12-SP4,0.06027,0.047420000000000004,0.00011140000000000001,0.1078,0.10769000000000001,0.13461250000000002,0.0,0.0,0.0,0.0,0.0,0.0,0.0,0.0,0.06027,0.047420000000000004,0.00011140000000000001,0.1078,0.0,0.0,0.0,0.0,0.0,0.0,0.0,0.0,0.0,0.0,0.0,0.0,0.0,0.0,0.0,0.0,vectored,fixed_route,2,2026-08-04T00:40:58+00:00
crossbar_128_2_2_7nm_TT_0V75_25C_800MHz,crossbar,data_width=128;num_inputs=2;num_outputs=2,7nm,TT,0.75,25.0,1.25,800.0,128,2,2,V-2023.12-SP4,536,536,0,30.272257,30.272257,0.0,0.0,0.0,0.39,0.66,0.0,0,V-2023.12-SP4,540,540,0,30.34,30.34,0.0,42.7715,0.7093,0.0,0.0,0.28,0.77,0.0,0,V-2023.12-SP3,V-2023.12-SP4,0.02894,0.045349999999999994,0.0001034,0.07440000000000001,0.07429,0.09286249999999999,0.0,0.0,0.0,0.0,0.0,0.0,0.0,0.0,0.02894,0.045349999999999994,0.0001034,0.07440000000000001,0.0,0.0,0.0,0.0,0.0,0.0,0.0,0.0,0.0,0.0,0.0,0.0,0.0,0.0,0.0,0.0,vectored,valid25,2,2026-08-04T00:41:04+00:00
crossbar_64_4_8_7nm_TT_0V75_25C_800MHz,crossbar,data_width=64;num_inputs=4;num_outputs=8,7nm,TT,0.75,25.0,1.25,800.0,64,4,8,V-2023.12-SP4,1685,1685,0,116.605443,116.605443,0.0,0.0,0.0,0.55,0.5,0.0,0,V-2023.12-SP4,1732,1732,0,118.51,118.51,0.0,165.3281,0.7168,0.0,0.0,0.63,0.42,0.0,0,V-2023.12-SP3,V-2023.12-SP4,0.09913,0.13620000000000002,0.0004371,0.2358,0.23533,0.2941625,0.0,0.0,0.0,0.0,0.0,0.0,0.0,0.0,0.09913,0.13620000000000002,0.0004371,0.2358,0.0,0.0,0.0,0.0,0.0,0.0,0.0,0.0,0.0,0.0,0.0,0.0,0.0,0.0,0.0,0.0,unvectored,none,2,2026-08-04T00:42:23+00:00
crossbar_64_4_8_7nm_TT_0V75_25C_800MHz,crossbar,data_width=64;num_inputs=4;num_outputs=8,7nm,TT,0.75,25.0,1.25,800.0,64,4,8,V-2023.12-SP4,1685,1685,0,116.605443,116.605443,0.0,0.0,0.0,0.55,0.5,0.0,0,V-2023.12-SP4,1732,1732,0,118.51,118.51,0.0,165.3281,0.7168,0.0,0.0,0.63,0.42,0.0,0,V-2023.12-SP3,V-2023.12-SP4,0.1775,0.22269999999999998,0.0004353,0.4007,0.4002,0.50025,0.0,0.0,0.0,0.0,0.0,0.0,0.0,0.0,0.1775,0.22269999999999998,0.0004353,0.4007,0.0,0.0,0.0,0.0,0.0,0.0,0.0,0.0,0.0,0.0,0.0,0.0,0.0,0.0,0.0,0.0,vectored,random,2,2026-08-04T00:42:29+00:00
crossbar_64_4_8_7nm_TT_0V75_25C_800MHz,crossbar,data_width=64;num_inputs=4;num_outputs=8,7nm,TT,0.75,25.0,1.25,800.0,64,4,8,V-2023.12-SP4,1685,1685,0,116.605443,116.605443,0.0,0.0,0.0,0.55,0.5,0.0,0,V-2023.12-SP4,1732,1732,0,118.51,118.51,0.0,165.3281,0.7168,0.0,0.0,0.63,0.42,0.0,0,V-2023.12-SP3,V-2023.12-SP4,0.06768,0.05054,0.0004357,0.1187,0.11822,0.14777500000000002,0.0,0.0,0.0,0.0,0.0,0.0,0.0,0.0,0.06768,0.05054,0.0004357,0.1187,0.0,0.0,0.0,0.0,0.0,0.0,0.0,0.0,0.0,0.0,0.0,0.0,0.0,0.0,0.0,0.0,vectored,fixed_route,2,2026-08-04T00:42:36+00:00
crossbar_64_4_8_7nm_TT_0V75_25C_800MHz,crossbar,data_width=64;num_inputs=4;num_outputs=8,7nm,TT,0.75,25.0,1.25,800.0,64,4,8,V-2023.12-SP4,1685,1685,0,116.605443,116.605443,0.0,0.0,0.0,0.55,0.5,0.0,0,V-2023.12-SP4,1732,1732,0,118.51,118.51,0.0,165.3281,0.7168,0.0,0.0,0.63,0.42,0.0,0,V-2023.12-SP3,V-2023.12-SP4,0.04161,0.05766,0.00043809999999999997,0.09971000000000001,0.09927,0.12408749999999999,0.0,0.0,0.0,0.0,0.0,0.0,0.0,0.0,0.04161,0.05766,0.00043809999999999997,0.09971000000000001,0.0,0.0,0.0,0.0,0.0,0.0,0.0,0.0,0.0,0.0,0.0,0.0,0.0,0.0,0.0,0.0,vectored,valid25,2,2026-08-04T00:42:43+00:00
crossbar_128_4_4_7nm_TT_0V75_25C_1333p33MHz,crossbar,data_width=128;num_inputs=4;num_outputs=4,7nm,TT,0.75,25.0,0.75,1333.3333333333333,128,4,4,V-2023.12-SP4,2673,2673,0,154.328833,154.328833,0.0,0.0,0.0,0.55,0.0,0.0,0,V-2023.12-SP4,2314,2314,0,138.72,138.72,0.0,217.0184,0.6392,0.0,0.0,0.55,0.0,0.0,0,V-2023.12-SP3,V-2023.12-SP4,0.2712,0.4307,0.00048279999999999997,0.7024,0.7019,0.5264249999999999,0.0,0.0,0.0,0.0,0.0,0.0,0.0,0.0,0.2712,0.4307,0.00048279999999999997,0.7024,0.0,0.0,0.0,0.0,0.0,0.0,0.0,0.0,0.0,0.0,0.0,0.0,0.0,0.0,0.0,0.0,unvectored,none,2,2026-08-04T00:50:26+00:00
crossbar_128_4_4_7nm_TT_0V75_25C_1333p33MHz,crossbar,data_width=128;num_inputs=4;num_outputs=4,7nm,TT,0.75,25.0,0.75,1333.3333333333333,128,4,4,V-2023.12-SP4,2673,2673,0,154.328833,154.328833,0.0,0.0,0.0,0.55,0.0,0.0,0,V-2023.12-SP4,2314,2314,0,138.72,138.72,0.0,217.0184,0.6392,0.0,0.0,0.55,0.0,0.0,0,V-2023.12-SP3,V-2023.12-SP4,0.4837,0.7263999999999999,0.00048080000000000003,1.211,1.2101,0.907575,0.0,0.0,0.0,0.0,0.0,0.0,0.0,0.0,0.4837,0.7263999999999999,0.00048080000000000003,1.211,0.0,0.0,0.0,0.0,0.0,0.0,0.0,0.0,0.0,0.0,0.0,0.0,0.0,0.0,0.0,0.0,vectored,random,2,2026-08-04T00:50:33+00:00
crossbar_128_4_4_7nm_TT_0V75_25C_1333p33MHz,crossbar,data_width=128;num_inputs=4;num_outputs=4,7nm,TT,0.75,25.0,0.75,1333.3333333333333,128,4,4,V-2023.12-SP4,2673,2673,0,154.328833,154.328833,0.0,0.0,0.0,0.55,0.0,0.0,0,V-2023.12-SP4,2314,2314,0,138.72,138.72,0.0,217.0184,0.6392,0.0,0.0,0.55,0.0,0.0,0,V-2023.12-SP3,V-2023.12-SP4,0.2281,0.2635,0.0004911999999999999,0.4921,0.49160000000000004,0.3687,0.0,0.0,0.0,0.0,0.0,0.0,0.0,0.0,0.2281,0.2635,0.0004911999999999999,0.4921,0.0,0.0,0.0,0.0,0.0,0.0,0.0,0.0,0.0,0.0,0.0,0.0,0.0,0.0,0.0,0.0,vectored,fixed_route,2,2026-08-04T00:50:41+00:00
crossbar_128_4_4_7nm_TT_0V75_25C_1333p33MHz,crossbar,data_width=128;num_inputs=4;num_outputs=4,7nm,TT,0.75,25.0,0.75,1333.3333333333333,128,4,4,V-2023.12-SP4,2673,2673,0,154.328833,154.328833,0.0,0.0,0.0,0.55,0.0,0.0,0,V-2023.12-SP4,2314,2314,0,138.72,138.72,0.0,217.0184,0.6392,0.0,0.0,0.55,0.0,0.0,0,V-2023.12-SP3,V-2023.12-SP4,0.1339,0.2167,0.0004847,0.3511,0.3506,0.26295,0.0,0.0,0.0,0.0,0.0,0.0,0.0,0.0,0.1339,0.2167,0.0004847,0.3511,0.0,0.0,0.0,0.0,0.0,0.0,0.0,0.0,0.0,0.0,0.0,0.0,0.0,0.0,0.0,0.0,vectored,valid25,2,2026-08-04T00:50:48+00:00
crossbar_128_4_4_7nm_TT_0V75_25C_800MHz,crossbar,data_width=128;num_inputs=4;num_outputs=4,7nm,TT,0.75,25.0,1.25,800.0,128,4,4,V-2023.12-SP4,1639,1639,0,113.008899,113.008899,0.0,0.0,0.0,0.75,0.3,0.0,0,V-2023.12-SP4,1671,1671,0,114.54,114.54,0.0,159.6672,0.7174,0.0,0.0,0.82,0.23,0.0,0,V-2023.12-SP3,V-2023.12-SP4,0.1471,0.2208,0.0004094,0.3683,0.3679,0.45987500000000003,0.0,0.0,0.0,0.0,0.0,0.0,0.0,0.0,0.1471,0.2208,0.0004094,0.3683,0.0,0.0,0.0,0.0,0.0,0.0,0.0,0.0,0.0,0.0,0.0,0.0,0.0,0.0,0.0,0.0,unvectored,none,2,2026-08-04T00:53:17+00:00
crossbar_128_4_4_7nm_TT_0V75_25C_800MHz,crossbar,data_width=128;num_inputs=4;num_outputs=4,7nm,TT,0.75,25.0,1.25,800.0,128,4,4,V-2023.12-SP4,1639,1639,0,113.008899,113.008899,0.0,0.0,0.0,0.75,0.3,0.0,0,V-2023.12-SP4,1671,1671,0,114.54,114.54,0.0,159.6672,0.7174,0.0,0.0,0.82,0.23,0.0,0,V-2023.12-SP3,V-2023.12-SP4,0.27940000000000004,0.3928,0.0004062,0.6726,0.6722,0.84025,0.0,0.0,0.0,0.0,0.0,0.0,0.0,0.0,0.27940000000000004,0.3928,0.0004062,0.6726,0.0,0.0,0.0,0.0,0.0,0.0,0.0,0.0,0.0,0.0,0.0,0.0,0.0,0.0,0.0,0.0,vectored,random,2,2026-08-04T00:53:24+00:00
crossbar_128_4_4_7nm_TT_0V75_25C_800MHz,crossbar,data_width=128;num_inputs=4;num_outputs=4,7nm,TT,0.75,25.0,1.25,800.0,128,4,4,V-2023.12-SP4,1639,1639,0,113.008899,113.008899,0.0,0.0,0.0,0.75,0.3,0.0,0,V-2023.12-SP4,1671,1671,0,114.54,114.54,0.0,159.6672,0.7174,0.0,0.0,0.82,0.23,0.0,0,V-2023.12-SP3,V-2023.12-SP4,0.1393,0.1242,0.00040480000000000003,0.2639,0.2635,0.32937500000000003,0.0,0.0,0.0,0.0,0.0,0.0,0.0,0.0,0.1393,0.1242,0.00040480000000000003,0.2639,0.0,0.0,0.0,0.0,0.0,0.0,0.0,0.0,0.0,0.0,0.0,0.0,0.0,0.0,0.0,0.0,vectored,fixed_route,2,2026-08-04T00:53:31+00:00
crossbar_128_4_4_7nm_TT_0V75_25C_800MHz,crossbar,data_width=128;num_inputs=4;num_outputs=4,7nm,TT,0.75,25.0,1.25,800.0,128,4,4,V-2023.12-SP4,1639,1639,0,113.008899,113.008899,0.0,0.0,0.0,0.75,0.3,0.0,0,V-2023.12-SP4,1671,1671,0,114.54,114.54,0.0,159.6672,0.7174,0.0,0.0,0.82,0.23,0.0,0,V-2023.12-SP3,V-2023.12-SP4,0.07449,0.11510000000000001,0.00041170000000000003,0.19,0.18959,0.23698750000000002,0.0,0.0,0.0,0.0,0.0,0.0,0.0,0.0,0.07449,0.11510000000000001,0.00041170000000000003,0.19,0.0,0.0,0.0,0.0,0.0,0.0,0.0,0.0,0.0,0.0,0.0,0.0,0.0,0.0,0.0,0.0,vectored,valid25,2,2026-08-04T00:53:37+00:00
crossbar_128_8_4_7nm_TT_0V75_25C_1333p33MHz,crossbar,data_width=128;num_inputs=8;num_outputs=4,7nm,TT,0.75,25.0,0.75,1333.3333333333333,128,8,4,V-2023.12-SP4,7820,7820,0,452.164606,452.164606,0.0,0.0,0.0,0.55,0.0,0.0,0,V-2023.12-SP4,6199,6199,0,351.19,351.19,0.0,640.2816,0.5485,0.0,0.0,0.55,0.0,0.0,0,V-2023.12-SP3,V-2023.12-SP4,0.8228000000000001,1.405,0.0013549999999999999,2.229,2.2278000000000002,1.6708500000000002,0.0,0.0,0.0,0.0,0.0,0.0,0.0,0.0,0.8228000000000001,1.405,0.0013549999999999999,2.229,0.0,0.0,0.0,0.0,0.0,0.0,0.0,0.0,0.0,0.0,0.0,0.0,0.0,0.0,0.0,0.0,unvectored,none,2,2026-08-04T01:16:57+00:00
crossbar_128_8_4_7nm_TT_0V75_25C_1333p33MHz,crossbar,data_width=128;num_inputs=8;num_outputs=4,7nm,TT,0.75,25.0,0.75,1333.3333333333333,128,8,4,V-2023.12-SP4,7820,7820,0,452.164606,452.164606,0.0,0.0,0.0,0.55,0.0,0.0,0,V-2023.12-SP4,6199,6199,0,351.19,351.19,0.0,640.2816,0.5485,0.0,0.0,0.55,0.0,0.0,0,V-2023.12-SP3,V-2023.12-SP4,1.331,2.125,0.001336,3.457,3.456,2.592,0.0,0.0,0.0,0.0,0.0,0.0,0.0,0.0,1.331,2.125,0.001336,3.457,0.0,0.0,0.0,0.0,0.0,0.0,0.0,0.0,0.0,0.0,0.0,0.0,0.0,0.0,0.0,0.0,vectored,random,2,2026-08-04T01:17:05+00:00
crossbar_128_8_4_7nm_TT_0V75_25C_1333p33MHz,crossbar,data_width=128;num_inputs=8;num_outputs=4,7nm,TT,0.75,25.0,0.75,1333.3333333333333,128,8,4,V-2023.12-SP4,7820,7820,0,452.164606,452.164606,0.0,0.0,0.0,0.55,0.0,0.0,0,V-2023.12-SP4,6199,6199,0,351.19,351.19,0.0,640.2816,0.5485,0.0,0.0,0.55,0.0,0.0,0,V-2023.12-SP3,V-2023.12-SP4,0.6436999999999999,1.008,0.001321,1.653,1.6517,1.238775,0.0,0.0,0.0,0.0,0.0,0.0,0.0,0.0,0.6436999999999999,1.008,0.001321,1.653,0.0,0.0,0.0,0.0,0.0,0.0,0.0,0.0,0.0,0.0,0.0,0.0,0.0,0.0,0.0,0.0,vectored,fixed_route,2,2026-08-04T01:17:12+00:00
crossbar_128_8_4_7nm_TT_0V75_25C_1333p33MHz,crossbar,data_width=128;num_inputs=8;num_outputs=4,7nm,TT,0.75,25.0,0.75,1333.3333333333333,128,8,4,V-2023.12-SP4,7820,7820,0,452.164606,452.164606,0.0,0.0,0.0,0.55,0.0,0.0,0,V-2023.12-SP4,6199,6199,0,351.19,351.19,0.0,640.2816,0.5485,0.0,0.0,0.55,0.0,0.0,0,V-2023.12-SP3,V-2023.12-SP4,0.45189999999999997,0.7316,0.00137,1.185,1.1835,0.887625,0.0,0.0,0.0,0.0,0.0,0.0,0.0,0.0,0.45189999999999997,0.7316,0.00137,1.185,0.0,0.0,0.0,0.0,0.0,0.0,0.0,0.0,0.0,0.0,0.0,0.0,0.0,0.0,0.0,0.0,vectored,valid25,2,2026-08-04T01:17:19+00:00
crossbar_128_8_8_7nm_TT_0V75_25C_1333p33MHz,crossbar,data_width=128;num_inputs=8;num_outputs=8,7nm,TT,0.75,25.0,0.75,1333.3333333333333,128,8,8,V-2023.12-SP4,7253,7253,0,493.58132,493.58132,0.0,0.0,0.0,0.53,0.02,0.0,0,V-2023.12-SP4,7352,7352,0,500.58,500.58,0.0,701.0842,0.714,0.0,0.0,0.62,-0.07,-2.7,72,V-2023.12-SP3,V-2023.12-SP4,0.9060999999999999,1.7810000000000001,0.0018080000000000001,2.689,2.6871,2.015325,0.0,0.0,0.0,0.0,0.0,0.0,0.0,0.0,0.9060999999999999,1.7810000000000001,0.0018080000000000001,2.689,0.0,0.0,0.0,0.0,0.0,0.0,0.0,0.0,0.0,0.0,0.0,0.0,0.0,0.0,0.0,0.0,unvectored,none,2,2026-08-04T01:37:03+00:00
crossbar_128_8_8_7nm_TT_0V75_25C_1333p33MHz,crossbar,data_width=128;num_inputs=8;num_outputs=8,7nm,TT,0.75,25.0,0.75,1333.3333333333333,128,8,8,V-2023.12-SP4,7253,7253,0,493.58132,493.58132,0.0,0.0,0.0,0.53,0.02,0.0,0,V-2023.12-SP4,7352,7352,0,500.58,500.58,0.0,701.0842,0.714,0.0,0.0,0.62,-0.07,-2.7,72,V-2023.12-SP3,V-2023.12-SP4,1.421,2.644,0.001793,4.067,4.065,3.04875,0.0,0.0,0.0,0.0,0.0,0.0,0.0,0.0,1.421,2.644,0.001793,4.067,0.0,0.0,0.0,0.0,0.0,0.0,0.0,0.0,0.0,0.0,0.0,0.0,0.0,0.0,0.0,0.0,vectored,random,2,2026-08-04T01:37:11+00:00
crossbar_128_8_8_7nm_TT_0V75_25C_1333p33MHz,crossbar,data_width=128;num_inputs=8;num_outputs=8,7nm,TT,0.75,25.0,0.75,1333.3333333333333,128,8,8,V-2023.12-SP4,7253,7253,0,493.58132,493.58132,0.0,0.0,0.0,0.53,0.02,0.0,0,V-2023.12-SP4,7352,7352,0,500.58,500.58,0.0,701.0842,0.714,0.0,0.0,0.62,-0.07,-2.7,72,V-2023.12-SP3,V-2023.12-SP4,0.8257,1.472,0.0017620000000000001,2.299,2.2977,1.723275,0.0,0.0,0.0,0.0,0.0,0.0,0.0,0.0,0.8257,1.472,0.0017620000000000001,2.299,0.0,0.0,0.0,0.0,0.0,0.0,0.0,0.0,0.0,0.0,0.0,0.0,0.0,0.0,0.0,0.0,vectored,fixed_route,2,2026-08-04T01:37:19+00:00
crossbar_128_8_8_7nm_TT_0V75_25C_1333p33MHz,crossbar,data_width=128;num_inputs=8;num_outputs=8,7nm,TT,0.75,25.0,0.75,1333.3333333333333,128,8,8,V-2023.12-SP4,7253,7253,0,493.58132,493.58132,0.0,0.0,0.0,0.53,0.02,0.0,0,V-2023.12-SP4,7352,7352,0,500.58,500.58,0.0,701.0842,0.714,0.0,0.0,0.62,-0.07,-2.7,72,V-2023.12-SP3,V-2023.12-SP4,0.3844,0.7323,0.001823,1.119,1.1167,0.8375250000000001,0.0,0.0,0.0,0.0,0.0,0.0,0.0,0.0,0.3844,0.7323,0.001823,1.119,0.0,0.0,0.0,0.0,0.0,0.0,0.0,0.0,0.0,0.0,0.0,0.0,0.0,0.0,0.0,0.0,vectored,valid25,2,2026-08-04T01:37:27+00:00
crossbar_128_8_8_7nm_TT_0V75_25C_800MHz,crossbar,data_width=128;num_inputs=8;num_outputs=8,7nm,TT,0.75,25.0,1.25,800.0,128,8,8,V-2023.12-SP4,7266,7266,0,493.387784,493.387784,0.0,0.0,0.0,0.87,0.18,0.0,0,V-2023.12-SP4,7411,7411,0,500.56,500.56,0.0,701.0842,0.714,0.0,0.0,0.79,0.26,0.0,0,V-2023.12-SP3,V-2023.12-SP4,0.5386,1.065,0.001796,1.606,1.6036,2.0044999999999997,0.0,0.0,0.0,0.0,0.0,0.0,0.0,0.0,0.5386,1.065,0.001796,1.606,0.0,0.0,0.0,0.0,0.0,0.0,0.0,0.0,0.0,0.0,0.0,0.0,0.0,0.0,0.0,0.0,unvectored,none,2,2026-08-04T01:44:37+00:00
crossbar_128_8_8_7nm_TT_0V75_25C_800MHz,crossbar,data_width=128;num_inputs=8;num_outputs=8,7nm,TT,0.75,25.0,1.25,800.0,128,8,8,V-2023.12-SP4,7266,7266,0,493.387784,493.387784,0.0,0.0,0.0,0.87,0.18,0.0,0,V-2023.12-SP4,7411,7411,0,500.56,500.56,0.0,701.0842,0.714,0.0,0.0,0.79,0.26,0.0,0,V-2023.12-SP3,V-2023.12-SP4,0.8401,1.567,0.00178,2.4090000000000003,2.4071,3.0088749999999997,0.0,0.0,0.0,0.0,0.0,0.0,0.0,0.0,0.8401,1.567,0.00178,2.4090000000000003,0.0,0.0,0.0,0.0,0.0,0.0,0.0,0.0,0.0,0.0,0.0,0.0,0.0,0.0,0.0,0.0,vectored,random,2,2026-08-04T01:44:46+00:00
crossbar_128_8_8_7nm_TT_0V75_25C_800MHz,crossbar,data_width=128;num_inputs=8;num_outputs=8,7nm,TT,0.75,25.0,1.25,800.0,128,8,8,V-2023.12-SP4,7266,7266,0,493.387784,493.387784,0.0,0.0,0.0,0.87,0.18,0.0,0,V-2023.12-SP4,7411,7411,0,500.56,500.56,0.0,701.0842,0.714,0.0,0.0,0.79,0.26,0.0,0,V-2023.12-SP3,V-2023.12-SP4,0.4982,0.8855999999999999,0.001749,1.3860000000000001,1.3838,1.72975,0.0,0.0,0.0,0.0,0.0,0.0,0.0,0.0,0.4982,0.8855999999999999,0.001749,1.3860000000000001,0.0,0.0,0.0,0.0,0.0,0.0,0.0,0.0,0.0,0.0,0.0,0.0,0.0,0.0,0.0,0.0,vectored,fixed_route,2,2026-08-04T01:44:54+00:00
crossbar_128_8_8_7nm_TT_0V75_25C_800MHz,crossbar,data_width=128;num_inputs=8;num_outputs=8,7nm,TT,0.75,25.0,1.25,800.0,128,8,8,V-2023.12-SP4,7266,7266,0,493.387784,493.387784,0.0,0.0,0.0,0.87,0.18,0.0,0,V-2023.12-SP4,7411,7411,0,500.56,500.56,0.0,701.0842,0.714,0.0,0.0,0.79,0.26,0.0,0,V-2023.12-SP3,V-2023.12-SP4,0.2283,0.4367,0.001811,0.6667,0.665,0.83125,0.0,0.0,0.0,0.0,0.0,0.0,0.0,0.0,0.2283,0.4367,0.001811,0.6667,0.0,0.0,0.0,0.0,0.0,0.0,0.0,0.0,0.0,0.0,0.0,0.0,0.0,0.0,0.0,0.0,vectored,valid25,2,2026-08-04T01:45:03+00:00
crossbar_128_8_4_7nm_TT_0V75_25C_800MHz,crossbar,data_width=128;num_inputs=8;num_outputs=4,7nm,TT,0.75,25.0,1.25,800.0,128,8,4,V-2023.12-SP4,3922,3922,0,263.789572,263.789572,0.0,0.0,0.0,1.02,0.03,0.0,0,V-2023.12-SP4,3976,3976,0,268.13,268.13,0.0,376.2824,0.7126,0.0,0.0,1.03,0.02,0.0,0,V-2023.12-SP3,V-2023.12-SP4,0.3658,0.5936,0.001041,0.9604,0.9594,1.1992500000000001,0.0,0.0,0.0,0.0,0.0,0.0,0.0,0.0,0.3658,0.5936,0.001041,0.9604,0.0,0.0,0.0,0.0,0.0,0.0,0.0,0.0,0.0,0.0,0.0,0.0,0.0,0.0,0.0,0.0,unvectored,none,2,2026-08-04T01:46:03+00:00
crossbar_128_8_4_7nm_TT_0V75_25C_800MHz,crossbar,data_width=128;num_inputs=8;num_outputs=4,7nm,TT,0.75,25.0,1.25,800.0,128,8,4,V-2023.12-SP4,3922,3922,0,263.789572,263.789572,0.0,0.0,0.0,1.02,0.03,0.0,0,V-2023.12-SP4,3976,3976,0,268.13,268.13,0.0,376.2824,0.7126,0.0,0.0,1.03,0.02,0.0,0,V-2023.12-SP3,V-2023.12-SP4,0.6482,0.9848999999999999,0.0010160000000000002,1.6340000000000001,1.6330999999999998,2.0413749999999995,0.0,0.0,0.0,0.0,0.0,0.0,0.0,0.0,0.6482,0.9848999999999999,0.0010160000000000002,1.6340000000000001,0.0,0.0,0.0,0.0,0.0,0.0,0.0,0.0,0.0,0.0,0.0,0.0,0.0,0.0,0.0,0.0,vectored,random,2,2026-08-04T01:46:11+00:00
crossbar_128_8_4_7nm_TT_0V75_25C_800MHz,crossbar,data_width=128;num_inputs=8;num_outputs=4,7nm,TT,0.75,25.0,1.25,800.0,128,8,4,V-2023.12-SP4,3922,3922,0,263.789572,263.789572,0.0,0.0,0.0,1.02,0.03,0.0,0,V-2023.12-SP4,3976,3976,0,268.13,268.13,0.0,376.2824,0.7126,0.0,0.0,1.03,0.02,0.0,0,V-2023.12-SP3,V-2023.12-SP4,0.2797,0.37379999999999997,0.0009850000000000002,0.6544,0.6535,0.816875,0.0,0.0,0.0,0.0,0.0,0.0,0.0,0.0,0.2797,0.37379999999999997,0.0009850000000000002,0.6544,0.0,0.0,0.0,0.0,0.0,0.0,0.0,0.0,0.0,0.0,0.0,0.0,0.0,0.0,0.0,0.0,vectored,fixed_route,2,2026-08-04T01:46:19+00:00
crossbar_128_8_4_7nm_TT_0V75_25C_800MHz,crossbar,data_width=128;num_inputs=8;num_outputs=4,7nm,TT,0.75,25.0,1.25,800.0,128,8,4,V-2023.12-SP4,3922,3922,0,263.789572,263.789572,0.0,0.0,0.0,1.02,0.03,0.0,0,V-2023.12-SP4,3976,3976,0,268.13,268.13,0.0,376.2824,0.7126,0.0,0.0,1.03,0.02,0.0,0,V-2023.12-SP3,V-2023.12-SP4,0.2164,0.3402,0.001062,0.5577,0.5566,0.69575,0.0,0.0,0.0,0.0,0.0,0.0,0.0,0.0,0.2164,0.3402,0.001062,0.5577,0.0,0.0,0.0,0.0,0.0,0.0,0.0,0.0,0.0,0.0,0.0,0.0,0.0,0.0,0.0,0.0,vectored,valid25,2,2026-08-04T01:46:27+00:00
crossbar_128_4_8_7nm_TT_0V75_25C_1333p33MHz,crossbar,data_width=128;num_inputs=4;num_outputs=8,7nm,TT,0.75,25.0,0.75,1333.3333333333333,128,4,8,V-2023.12-SP4,3291,3291,0,227.582214,227.582214,0.0,0.0,0.0,0.49,0.06,0.0,0,V-2023.12-SP4,3377,3377,0,231.19,231.19,0.0,321.7697,0.7185,0.0,0.0,0.5,0.05,0.0,0,V-2023.12-SP3,V-2023.12-SP4,0.2967,0.4521,0.0008475000000000001,0.7496999999999999,0.7488,0.5616,0.0,0.0,0.0,0.0,0.0,0.0,0.0,0.0,0.2967,0.4521,0.0008475000000000001,0.7496999999999999,0.0,0.0,0.0,0.0,0.0,0.0,0.0,0.0,0.0,0.0,0.0,0.0,0.0,0.0,0.0,0.0,unvectored,none,2,2026-08-04T02:13:10+00:00
crossbar_128_4_8_7nm_TT_0V75_25C_1333p33MHz,crossbar,data_width=128;num_inputs=4;num_outputs=8,7nm,TT,0.75,25.0,0.75,1333.3333333333333,128,4,8,V-2023.12-SP4,3291,3291,0,227.582214,227.582214,0.0,0.0,0.0,0.49,0.06,0.0,0,V-2023.12-SP4,3377,3377,0,231.19,231.19,0.0,321.7697,0.7185,0.0,0.0,0.5,0.05,0.0,0,V-2023.12-SP3,V-2023.12-SP4,0.5441,0.7542,0.0008438,1.299,1.2983,0.973725,0.0,0.0,0.0,0.0,0.0,0.0,0.0,0.0,0.5441,0.7542,0.0008438,1.299,0.0,0.0,0.0,0.0,0.0,0.0,0.0,0.0,0.0,0.0,0.0,0.0,0.0,0.0,0.0,0.0,vectored,random,2,2026-08-04T02:13:18+00:00
crossbar_128_4_8_7nm_TT_0V75_25C_1333p33MHz,crossbar,data_width=128;num_inputs=4;num_outputs=8,7nm,TT,0.75,25.0,0.75,1333.3333333333333,128,4,8,V-2023.12-SP4,3291,3291,0,227.582214,227.582214,0.0,0.0,0.0,0.49,0.06,0.0,0,V-2023.12-SP4,3377,3377,0,231.19,231.19,0.0,321.7697,0.7185,0.0,0.0,0.5,0.05,0.0,0,V-2023.12-SP3,V-2023.12-SP4,0.2203,0.1825,0.0008420000000000001,0.4036,0.4028,0.3021,0.0,0.0,0.0,0.0,0.0,0.0,0.0,0.0,0.2203,0.1825,0.0008420000000000001,0.4036,0.0,0.0,0.0,0.0,0.0,0.0,0.0,0.0,0.0,0.0,0.0,0.0,0.0,0.0,0.0,0.0,vectored,fixed_route,2,2026-08-04T02:13:27+00:00
crossbar_128_4_8_7nm_TT_0V75_25C_1333p33MHz,crossbar,data_width=128;num_inputs=4;num_outputs=8,7nm,TT,0.75,25.0,0.75,1333.3333333333333,128,4,8,V-2023.12-SP4,3291,3291,0,227.582214,227.582214,0.0,0.0,0.0,0.49,0.06,0.0,0,V-2023.12-SP4,3377,3377,0,231.19,231.19,0.0,321.7697,0.7185,0.0,0.0,0.5,0.05,0.0,0,V-2023.12-SP3,V-2023.12-SP4,0.1257,0.19440000000000002,0.0008500000000000001,0.321,0.32010000000000005,0.24007500000000004,0.0,0.0,0.0,0.0,0.0,0.0,0.0,0.0,0.1257,0.19440000000000002,0.0008500000000000001,0.321,0.0,0.0,0.0,0.0,0.0,0.0,0.0,0.0,0.0,0.0,0.0,0.0,0.0,0.0,0.0,0.0,vectored,valid25,2,2026-08-04T02:13:36+00:00
crossbar_128_4_8_7nm_TT_0V75_25C_800MHz,crossbar,data_width=128;num_inputs=4;num_outputs=8,7nm,TT,0.75,25.0,1.25,800.0,128,4,8,V-2023.12-SP4,3298,3298,0,227.678982,227.678982,0.0,0.0,0.0,0.55,0.5,0.0,0,V-2023.12-SP4,3383,3383,0,231.15,231.15,0.0,321.7697,0.7184,0.0,0.0,0.55,0.5,0.0,0,V-2023.12-SP3,V-2023.12-SP4,0.17679999999999998,0.2677,0.0008414,0.4453,0.4445,0.555625,0.0,0.0,0.0,0.0,0.0,0.0,0.0,0.0,0.17679999999999998,0.2677,0.0008414,0.4453,0.0,0.0,0.0,0.0,0.0,0.0,0.0,0.0,0.0,0.0,0.0,0.0,0.0,0.0,0.0,0.0,unvectored,none,2,2026-08-04T02:23:55+00:00
crossbar_128_4_8_7nm_TT_0V75_25C_800MHz,crossbar,data_width=128;num_inputs=4;num_outputs=8,7nm,TT,0.75,25.0,1.25,800.0,128,4,8,V-2023.12-SP4,3298,3298,0,227.678982,227.678982,0.0,0.0,0.0,0.55,0.5,0.0,0,V-2023.12-SP4,3383,3383,0,231.15,231.15,0.0,321.7697,0.7184,0.0,0.0,0.55,0.5,0.0,0,V-2023.12-SP3,V-2023.12-SP4,0.3264,0.4506,0.0008377,0.7779,0.777,0.9712500000000001,0.0,0.0,0.0,0.0,0.0,0.0,0.0,0.0,0.3264,0.4506,0.0008377,0.7779,0.0,0.0,0.0,0.0,0.0,0.0,0.0,0.0,0.0,0.0,0.0,0.0,0.0,0.0,0.0,0.0,vectored,random,2,2026-08-04T02:24:04+00:00
crossbar_128_4_8_7nm_TT_0V75_25C_800MHz,crossbar,data_width=128;num_inputs=4;num_outputs=8,7nm,TT,0.75,25.0,1.25,800.0,128,4,8,V-2023.12-SP4,3298,3298,0,227.678982,227.678982,0.0,0.0,0.0,0.55,0.5,0.0,0,V-2023.12-SP4,3383,3383,0,231.15,231.15,0.0,321.7697,0.7184,0.0,0.0,0.55,0.5,0.0,0,V-2023.12-SP3,V-2023.12-SP4,0.13210000000000002,0.1074,0.0008372,0.2404,0.23950000000000002,0.299375,0.0,0.0,0.0,0.0,0.0,0.0,0.0,0.0,0.13210000000000002,0.1074,0.0008372,0.2404,0.0,0.0,0.0,0.0,0.0,0.0,0.0,0.0,0.0,0.0,0.0,0.0,0.0,0.0,0.0,0.0,vectored,fixed_route,2,2026-08-04T02:24:14+00:00
crossbar_128_4_8_7nm_TT_0V75_25C_800MHz,crossbar,data_width=128;num_inputs=4;num_outputs=8,7nm,TT,0.75,25.0,1.25,800.0,128,4,8,V-2023.12-SP4,3298,3298,0,227.678982,227.678982,0.0,0.0,0.0,0.55,0.5,0.0,0,V-2023.12-SP4,3383,3383,0,231.15,231.15,0.0,321.7697,0.7184,0.0,0.0,0.55,0.5,0.0,0,V-2023.12-SP3,V-2023.12-SP4,0.07489,0.11560000000000001,0.0008438,0.1914,0.19049,0.2381125,0.0,0.0,0.0,0.0,0.0,0.0,0.0,0.0,0.07489,0.11560000000000001,0.0008438,0.1914,0.0,0.0,0.0,0.0,0.0,0.0,0.0,0.0,0.0,0.0,0.0,0.0,0.0,0.0,0.0,0.0,vectored,valid25,2,2026-08-04T02:24:24+00:00
crossbar_32_16_16_20nm_TT_0V9_25C_571p429MHz,crossbar,data_width=32;num_inputs=16;num_outputs=16,20nm,TT,0.9,25.0,1.75,571.4285714285714,32,16,16,V-2023.12-SP4,13122,13122,0,5058.979173,5058.979173,0.0,0.0,0.0,1.55,0.0,0.0,0,V-2023.12-SP4,11796,11796,0,4809.45,4809.45,0.0,7208.6784,0.6672,0.0,0.0,1.85,-0.3,-1.37,33,V-2023.12-SP3,V-2023.12-SP4,0.8806,1.6869999999999998,0.005562,2.5730000000000004,2.5675999999999997,4.4933,0.0,0.0,0.0,0.0,0.0,0.0,0.0,0.0,0.8806,1.6869999999999998,0.005562,2.5730000000000004,0.0,0.0,0.0,0.0,0.0,0.0,0.0,0.0,0.0,0.0,0.0,0.0,0.0,0.0,0.0,0.0,unvectored,none,2,2026-08-06T08:34:17+00:00
crossbar_32_16_16_20nm_TT_0V9_25C_571p429MHz,crossbar,data_width=32;num_inputs=16;num_outputs=16,20nm,TT,0.9,25.0,1.75,571.4285714285714,32,16,16,V-2023.12-SP4,13122,13122,0,5058.979173,5058.979173,0.0,0.0,0.0,1.55,0.0,0.0,0,V-2023.12-SP4,11796,11796,0,4809.45,4809.45,0.0,7208.6784,0.6672,0.0,0.0,1.85,-0.3,-1.37,33,V-2023.12-SP3,V-2023.12-SP4,1.431,2.5509999999999997,0.005478,3.9880000000000004,3.9819999999999998,6.9685,0.0,0.0,0.0,0.0,0.0,0.0,0.0,0.0,1.431,2.5509999999999997,0.005478,3.9880000000000004,0.0,0.0,0.0,0.0,0.0,0.0,0.0,0.0,0.0,0.0,0.0,0.0,0.0,0.0,0.0,0.0,vectored,random,2,2026-08-06T08:34:25+00:00
crossbar_32_16_16_20nm_TT_0V9_25C_571p429MHz,crossbar,data_width=32;num_inputs=16;num_outputs=16,20nm,TT,0.9,25.0,1.75,571.4285714285714,32,16,16,V-2023.12-SP4,13122,13122,0,5058.979173,5058.979173,0.0,0.0,0.0,1.55,0.0,0.0,0,V-2023.12-SP4,11796,11796,0,4809.45,4809.45,0.0,7208.6784,0.6672,0.0,0.0,1.85,-0.3,-1.37,33,V-2023.12-SP3,V-2023.12-SP4,0.6355,1.349,0.00539,1.99,1.9845,3.4728749999999997,0.0,0.0,0.0,0.0,0.0,0.0,0.0,0.0,0.6355,1.349,0.00539,1.99,0.0,0.0,0.0,0.0,0.0,0.0,0.0,0.0,0.0,0.0,0.0,0.0,0.0,0.0,0.0,0.0,vectored,fixed_route,2,2026-08-06T08:34:35+00:00
crossbar_32_16_16_20nm_TT_0V9_25C_571p429MHz,crossbar,data_width=32;num_inputs=16;num_outputs=16,20nm,TT,0.9,25.0,1.75,571.4285714285714,32,16,16,V-2023.12-SP4,13122,13122,0,5058.979173,5058.979173,0.0,0.0,0.0,1.55,0.0,0.0,0,V-2023.12-SP4,11796,11796,0,4809.45,4809.45,0.0,7208.6784,0.6672,0.0,0.0,1.85,-0.3,-1.37,33,V-2023.12-SP3,V-2023.12-SP4,0.3708,0.6693,0.005621999999999999,1.046,1.0401,1.820175,0.0,0.0,0.0,0.0,0.0,0.0,0.0,0.0,0.3708,0.6693,0.005621999999999999,1.046,0.0,0.0,0.0,0.0,0.0,0.0,0.0,0.0,0.0,0.0,0.0,0.0,0.0,0.0,0.0,0.0,vectored,valid25,2,2026-08-06T08:34:44+00:00
crossbar_32_16_16_20nm_TT_0V9_25C_444p444MHz,crossbar,data_width=32;num_inputs=16;num_outputs=16,20nm,TT,0.9,25.0,2.25,444.44444444444446,32,16,16,V-2023.12-SP4,12838,12838,0,5059.823973,5059.823973,0.0,0.0,0.0,2.05,0.0,0.0,0,V-2023.12-SP4,11567,11567,0,4822.75,4822.75,0.0,7208.6784,0.669,0.0,0.0,2.16,-0.11,-0.32,8,V-2023.12-SP3,V-2023.12-SP4,0.6821,1.28,0.0056040000000000005,1.967,1.9621,4.414725,0.0,0.0,0.0,0.0,0.0,0.0,0.0,0.0,0.6821,1.28,0.0056040000000000005,1.967,0.0,0.0,0.0,0.0,0.0,0.0,0.0,0.0,0.0,0.0,0.0,0.0,0.0,0.0,0.0,0.0,unvectored,none,2,2026-08-08T09:12:09+00:00
crossbar_32_16_16_20nm_TT_0V9_25C_444p444MHz,crossbar,data_width=32;num_inputs=16;num_outputs=16,20nm,TT,0.9,25.0,2.25,444.44444444444446,32,16,16,V-2023.12-SP4,12838,12838,0,5059.823973,5059.823973,0.0,0.0,0.0,2.05,0.0,0.0,0,V-2023.12-SP4,11567,11567,0,4822.75,4822.75,0.0,7208.6784,0.669,0.0,0.0,2.16,-0.11,-0.32,8,V-2023.12-SP3,V-2023.12-SP4,1.15,2.012,0.0055249999999999995,3.1670000000000003,3.162,7.1145,0.0,0.0,0.0,0.0,0.0,0.0,0.0,0.0,1.15,2.012,0.0055249999999999995,3.1670000000000003,0.0,0.0,0.0,0.0,0.0,0.0,0.0,0.0,0.0,0.0,0.0,0.0,0.0,0.0,0.0,0.0,vectored,random,2,2026-08-08T09:12:17+00:00
crossbar_32_16_16_20nm_TT_0V9_25C_444p444MHz,crossbar,data_width=32;num_inputs=16;num_outputs=16,20nm,TT,0.9,25.0,2.25,444.44444444444446,32,16,16,V-2023.12-SP4,12838,12838,0,5059.823973,5059.823973,0.0,0.0,0.0,2.05,0.0,0.0,0,V-2023.12-SP4,11567,11567,0,4822.75,4822.75,0.0,7208.6784,0.669,0.0,0.0,2.16,-0.11,-0.32,8,V-2023.12-SP3,V-2023.12-SP4,0.5289,1.0410000000000001,0.005438,1.575,1.5699,3.5322750000000003,0.0,0.0,0.0,0.0,0.0,0.0,0.0,0.0,0.5289,1.0410000000000001,0.005438,1.575,0.0,0.0,0.0,0.0,0.0,0.0,0.0,0.0,0.0,0.0,0.0,0.0,0.0,0.0,0.0,0.0,vectored,fixed_route,2,2026-08-08T09:12:26+00:00
crossbar_32_16_16_20nm_TT_0V9_25C_444p444MHz,crossbar,data_width=32;num_inputs=16;num_outputs=16,20nm,TT,0.9,25.0,2.25,444.44444444444446,32,16,16,V-2023.12-SP4,12838,12838,0,5059.823973,5059.823973,0.0,0.0,0.0,2.05,0.0,0.0,0,V-2023.12-SP4,11567,11567,0,4822.75,4822.75,0.0,7208.6784,0.669,0.0,0.0,2.16,-0.11,-0.32,8,V-2023.12-SP3,V-2023.12-SP4,0.29050000000000004,0.5196000000000001,0.005659,0.8158,0.8101,1.8227250000000002,0.0,0.0,0.0,0.0,0.0,0.0,0.0,0.0,0.29050000000000004,0.5196000000000001,0.005659,0.8158,0.0,0.0,0.0,0.0,0.0,0.0,0.0,0.0,0.0,0.0,0.0,0.0,0.0,0.0,0.0,0.0,vectored,valid25,2,2026-08-08T09:12:35+00:00
crossbar_32_16_16_20nm_TT_0V9_25C_400MHz,crossbar,data_width=32;num_inputs=16;num_outputs=16,20nm,TT,0.9,25.0,2.5,400.0,32,16,16,V-2023.12-SP4,12767,12767,0,5018.428773,5018.428773,0.0,0.0,0.0,2.3,0.0,0.0,0,V-2023.12-SP4,11317,11317,0,4760.87,4760.87,0.0,7107.408,0.6698,0.0,0.0,2.39,-0.09,-0.17,6,V-2023.12-SP3,V-2023.12-SP4,0.6171,1.1620000000000001,0.00543,1.784,1.7791000000000001,4.44775,0.0,0.0,0.0,0.0,0.0,0.0,0.0,0.0,0.6171,1.1620000000000001,0.00543,1.784,0.0,0.0,0.0,0.0,0.0,0.0,0.0,0.0,0.0,0.0,0.0,0.0,0.0,0.0,0.0,0.0,unvectored,none,2,2026-08-08T09:24:33+00:00
crossbar_32_16_16_20nm_TT_0V9_25C_400MHz,crossbar,data_width=32;num_inputs=16;num_outputs=16,20nm,TT,0.9,25.0,2.5,400.0,32,16,16,V-2023.12-SP4,12767,12767,0,5018.428773,5018.428773,0.0,0.0,0.0,2.3,0.0,0.0,0,V-2023.12-SP4,11317,11317,0,4760.87,4760.87,0.0,7107.408,0.6698,0.0,0.0,2.39,-0.09,-0.17,6,V-2023.12-SP3,V-2023.12-SP4,1.053,1.851,0.005359,2.9090000000000003,2.904,7.26,0.0,0.0,0.0,0.0,0.0,0.0,0.0,0.0,1.053,1.851,0.005359,2.9090000000000003,0.0,0.0,0.0,0.0,0.0,0.0,0.0,0.0,0.0,0.0,0.0,0.0,0.0,0.0,0.0,0.0,vectored,random,2,2026-08-08T09:24:41+00:00
crossbar_32_16_16_20nm_TT_0V9_25C_400MHz,crossbar,data_width=32;num_inputs=16;num_outputs=16,20nm,TT,0.9,25.0,2.5,400.0,32,16,16,V-2023.12-SP4,12767,12767,0,5018.428773,5018.428773,0.0,0.0,0.0,2.3,0.0,0.0,0,V-2023.12-SP4,11317,11317,0,4760.87,4760.87,0.0,7107.408,0.6698,0.0,0.0,2.39,-0.09,-0.17,6,V-2023.12-SP3,V-2023.12-SP4,0.4626,0.9158000000000001,0.00528,1.3840000000000001,1.3784,3.446,0.0,0.0,0.0,0.0,0.0,0.0,0.0,0.0,0.4626,0.9158000000000001,0.00528,1.3840000000000001,0.0,0.0,0.0,0.0,0.0,0.0,0.0,0.0,0.0,0.0,0.0,0.0,0.0,0.0,0.0,0.0,vectored,fixed_route,2,2026-08-08T09:24:49+00:00
crossbar_32_16_16_20nm_TT_0V9_25C_400MHz,crossbar,data_width=32;num_inputs=16;num_outputs=16,20nm,TT,0.9,25.0,2.5,400.0,32,16,16,V-2023.12-SP4,12767,12767,0,5018.428773,5018.428773,0.0,0.0,0.0,2.3,0.0,0.0,0,V-2023.12-SP4,11317,11317,0,4760.87,4760.87,0.0,7107.408,0.6698,0.0,0.0,2.39,-0.09,-0.17,6,V-2023.12-SP3,V-2023.12-SP4,0.2643,0.4767,0.005479,0.7464999999999999,0.741,1.8525,0.0,0.0,0.0,0.0,0.0,0.0,0.0,0.0,0.2643,0.4767,0.005479,0.7464999999999999,0.0,0.0,0.0,0.0,0.0,0.0,0.0,0.0,0.0,0.0,0.0,0.0,0.0,0.0,0.0,0.0,vectored,valid25,2,2026-08-08T09:24:57+00:00
