flow_run_id,rtl_name,arch_params,node,corner,vdd_V,temperature_C,clock_period_ns,clock_freq_mhz,data_width,terminals_per_leaf,num_leaves,num_spines,oversubscription,dc_version,syn_total_cells,syn_comb_cells,syn_seq_cells,syn_total_area_um2,syn_comb_area_um2,syn_seq_area_um2,syn_scr,syn_sar,syn_crit_path_ns,syn_wns_ns,syn_tns_ns,syn_violating_paths,icc2_version,pnr_total_cells,pnr_comb_cells,pnr_seq_cells,pnr_total_area_um2,pnr_comb_area_um2,pnr_seq_area_um2,pnr_core_area_um2,pnr_utilization,pnr_scr,pnr_sar,pnr_crit_path_ns,pnr_wns_ns,pnr_tns_ns,pnr_violating_paths,starrc_version,pt_version,internal_power_mW,switching_power_mW,leak_power_mW,total_power_mW,dyn_power_mW,dyn_energy_pJ,clock_network_internal_power_mW,clock_network_switching_power_mW,clock_network_leak_power_mW,clock_network_total_power_mW,register_internal_power_mW,register_switching_power_mW,register_leak_power_mW,register_total_power_mW,combinational_internal_power_mW,combinational_switching_power_mW,combinational_leak_power_mW,combinational_total_power_mW,sequential_internal_power_mW,sequential_switching_power_mW,sequential_leak_power_mW,sequential_total_power_mW,memory_internal_power_mW,memory_switching_power_mW,memory_leak_power_mW,memory_total_power_mW,io_pad_internal_power_mW,io_pad_switching_power_mW,io_pad_leak_power_mW,io_pad_total_power_mW,black_box_internal_power_mW,black_box_switching_power_mW,black_box_leak_power_mW,black_box_total_power_mW,power_activity_mode,stim_mode,collector_schema,collected_at
foldedclos_32_2_2_2_1p0_5nm_TT_0V7_25C_1333p33MHz,foldedclos,data_width=32;terminals_per_leaf=2;num_leaves=2;num_spines=2;oversubscription=1.0,5nm,TT,0.7,25.0,0.75,1333.3333333333333,32,2,2,2,1.0,V-2023.12-SP4,463,463,0,16.1784,16.1784,0.0,0.0,0.0,0.54,0.01,0.0,0,V-2023.12-SP4,456,456,0,16.0,16.0,0.0,22.5792,0.7087,0.0,0.0,0.49,0.06,0.0,0,V-2023.12-SP3,V-2023.12-SP4,0.0626,0.08535,0.00010949999999999999,0.14809999999999998,0.14795,0.11096249999999999,0.0,0.0,0.0,0.0,0.0,0.0,0.0,0.0,0.0626,0.08535,0.00010949999999999999,0.14809999999999998,0.0,0.0,0.0,0.0,0.0,0.0,0.0,0.0,0.0,0.0,0.0,0.0,0.0,0.0,0.0,0.0,unvectored,none,2,2026-08-01T04:09:40+00:00
foldedclos_32_2_2_2_1p0_5nm_TT_0V7_25C_1333p33MHz,foldedclos,data_width=32;terminals_per_leaf=2;num_leaves=2;num_spines=2;oversubscription=1.0,5nm,TT,0.7,25.0,0.75,1333.3333333333333,32,2,2,2,1.0,V-2023.12-SP4,463,463,0,16.1784,16.1784,0.0,0.0,0.0,0.54,0.01,0.0,0,V-2023.12-SP4,456,456,0,16.0,16.0,0.0,22.5792,0.7087,0.0,0.0,0.49,0.06,0.0,0,V-2023.12-SP3,V-2023.12-SP4,0.1168,0.1427,0.0001092,0.2596,0.2595,0.194625,0.0,0.0,0.0,0.0,0.0,0.0,0.0,0.0,0.1168,0.1427,0.0001092,0.2596,0.0,0.0,0.0,0.0,0.0,0.0,0.0,0.0,0.0,0.0,0.0,0.0,0.0,0.0,0.0,0.0,vectored,random,2,2026-08-01T04:09:49+00:00
foldedclos_32_2_2_2_1p0_5nm_TT_0V7_25C_1333p33MHz,foldedclos,data_width=32;terminals_per_leaf=2;num_leaves=2;num_spines=2;oversubscription=1.0,5nm,TT,0.7,25.0,0.75,1333.3333333333333,32,2,2,2,1.0,V-2023.12-SP4,463,463,0,16.1784,16.1784,0.0,0.0,0.0,0.54,0.01,0.0,0,V-2023.12-SP4,456,456,0,16.0,16.0,0.0,22.5792,0.7087,0.0,0.0,0.49,0.06,0.0,0,V-2023.12-SP3,V-2023.12-SP4,0.05141,0.03435,0.0001093,0.08585999999999999,0.08576,0.06432,0.0,0.0,0.0,0.0,0.0,0.0,0.0,0.0,0.05141,0.03435,0.0001093,0.08585999999999999,0.0,0.0,0.0,0.0,0.0,0.0,0.0,0.0,0.0,0.0,0.0,0.0,0.0,0.0,0.0,0.0,vectored,fixed_route,2,2026-08-01T04:09:58+00:00
foldedclos_32_2_2_2_1p0_5nm_TT_0V7_25C_800MHz,foldedclos,data_width=32;terminals_per_leaf=2;num_leaves=2;num_spines=2;oversubscription=1.0,5nm,TT,0.7,25.0,1.25,800.0,32,2,2,2,1.0,V-2023.12-SP4,466,466,0,16.1196,16.1196,0.0,0.0,0.0,0.71,0.34,0.0,0,V-2023.12-SP4,455,455,0,16.0,16.0,0.0,22.344,0.7162,0.0,0.0,0.54,0.51,0.0,0,V-2023.12-SP3,V-2023.12-SP4,0.03739,0.05167,0.0001097,0.08917,0.08906,0.11132500000000001,0.0,0.0,0.0,0.0,0.0,0.0,0.0,0.0,0.03739,0.05167,0.0001097,0.08917,0.0,0.0,0.0,0.0,0.0,0.0,0.0,0.0,0.0,0.0,0.0,0.0,0.0,0.0,0.0,0.0,unvectored,none,2,2026-08-01T04:14:24+00:00
foldedclos_32_2_2_2_1p0_5nm_TT_0V7_25C_800MHz,foldedclos,data_width=32;terminals_per_leaf=2;num_leaves=2;num_spines=2;oversubscription=1.0,5nm,TT,0.7,25.0,1.25,800.0,32,2,2,2,1.0,V-2023.12-SP4,466,466,0,16.1196,16.1196,0.0,0.0,0.0,0.71,0.34,0.0,0,V-2023.12-SP4,455,455,0,16.0,16.0,0.0,22.344,0.7162,0.0,0.0,0.54,0.51,0.0,0,V-2023.12-SP3,V-2023.12-SP4,0.06967999999999999,0.08724,0.0001094,0.157,0.15692,0.19615,0.0,0.0,0.0,0.0,0.0,0.0,0.0,0.0,0.06967999999999999,0.08724,0.0001094,0.157,0.0,0.0,0.0,0.0,0.0,0.0,0.0,0.0,0.0,0.0,0.0,0.0,0.0,0.0,0.0,0.0,vectored,random,2,2026-08-01T04:14:36+00:00
foldedclos_32_2_2_2_1p0_5nm_TT_0V7_25C_800MHz,foldedclos,data_width=32;terminals_per_leaf=2;num_leaves=2;num_spines=2;oversubscription=1.0,5nm,TT,0.7,25.0,1.25,800.0,32,2,2,2,1.0,V-2023.12-SP4,466,466,0,16.1196,16.1196,0.0,0.0,0.0,0.71,0.34,0.0,0,V-2023.12-SP4,455,455,0,16.0,16.0,0.0,22.344,0.7162,0.0,0.0,0.54,0.51,0.0,0,V-2023.12-SP3,V-2023.12-SP4,0.031180000000000003,0.02112,0.0001101,0.05241,0.0523,0.065375,0.0,0.0,0.0,0.0,0.0,0.0,0.0,0.0,0.031180000000000003,0.02112,0.0001101,0.05241,0.0,0.0,0.0,0.0,0.0,0.0,0.0,0.0,0.0,0.0,0.0,0.0,0.0,0.0,0.0,0.0,vectored,fixed_route,2,2026-08-01T04:14:48+00:00
foldedclos_64_2_2_2_1p0_5nm_TT_0V7_25C_1333p33MHz,foldedclos,data_width=64;terminals_per_leaf=2;num_leaves=2;num_spines=2;oversubscription=1.0,5nm,TT,0.7,25.0,0.75,1333.3333333333333,64,2,2,2,1.0,V-2023.12-SP4,856,856,0,30.5676,30.5676,0.0,0.0,0.0,0.54,0.01,0.0,0,V-2023.12-SP4,857,857,0,30.53,30.53,0.0,43.2432,0.7061,0.0,0.0,0.56,-0.01,-0.06,17,V-2023.12-SP3,V-2023.12-SP4,0.1206,0.1721,0.00021360000000000001,0.2929,0.2927,0.21952500000000003,0.0,0.0,0.0,0.0,0.0,0.0,0.0,0.0,0.1206,0.1721,0.00021360000000000001,0.2929,0.0,0.0,0.0,0.0,0.0,0.0,0.0,0.0,0.0,0.0,0.0,0.0,0.0,0.0,0.0,0.0,unvectored,none,2,2026-08-01T04:21:29+00:00
foldedclos_64_2_2_2_1p0_5nm_TT_0V7_25C_1333p33MHz,foldedclos,data_width=64;terminals_per_leaf=2;num_leaves=2;num_spines=2;oversubscription=1.0,5nm,TT,0.7,25.0,0.75,1333.3333333333333,64,2,2,2,1.0,V-2023.12-SP4,856,856,0,30.5676,30.5676,0.0,0.0,0.0,0.54,0.01,0.0,0,V-2023.12-SP4,857,857,0,30.53,30.53,0.0,43.2432,0.7061,0.0,0.0,0.56,-0.01,-0.06,17,V-2023.12-SP3,V-2023.12-SP4,0.2236,0.2929,0.00021260000000000002,0.5167,0.5165,0.38737499999999997,0.0,0.0,0.0,0.0,0.0,0.0,0.0,0.0,0.2236,0.2929,0.00021260000000000002,0.5167,0.0,0.0,0.0,0.0,0.0,0.0,0.0,0.0,0.0,0.0,0.0,0.0,0.0,0.0,0.0,0.0,vectored,random,2,2026-08-01T04:21:42+00:00
foldedclos_64_2_2_2_1p0_5nm_TT_0V7_25C_1333p33MHz,foldedclos,data_width=64;terminals_per_leaf=2;num_leaves=2;num_spines=2;oversubscription=1.0,5nm,TT,0.7,25.0,0.75,1333.3333333333333,64,2,2,2,1.0,V-2023.12-SP4,856,856,0,30.5676,30.5676,0.0,0.0,0.0,0.54,0.01,0.0,0,V-2023.12-SP4,857,857,0,30.53,30.53,0.0,43.2432,0.7061,0.0,0.0,0.56,-0.01,-0.06,17,V-2023.12-SP3,V-2023.12-SP4,0.10450000000000001,0.07956,0.00021360000000000001,0.18430000000000002,0.18406,0.138045,0.0,0.0,0.0,0.0,0.0,0.0,0.0,0.0,0.10450000000000001,0.07956,0.00021360000000000001,0.18430000000000002,0.0,0.0,0.0,0.0,0.0,0.0,0.0,0.0,0.0,0.0,0.0,0.0,0.0,0.0,0.0,0.0,vectored,fixed_route,2,2026-08-01T04:21:54+00:00
foldedclos_64_2_2_2_1p0_5nm_TT_0V7_25C_800MHz,foldedclos,data_width=64;terminals_per_leaf=2;num_leaves=2;num_spines=2;oversubscription=1.0,5nm,TT,0.7,25.0,1.25,800.0,64,2,2,2,1.0,V-2023.12-SP4,848,848,0,30.2148,30.2148,0.0,0.0,0.0,0.71,0.34,0.0,0,V-2023.12-SP4,858,858,0,30.58,30.58,0.0,42.9156,0.7125,0.0,0.0,0.6,0.45,0.0,0,V-2023.12-SP3,V-2023.12-SP4,0.0714,0.1035,0.00021239999999999999,0.1751,0.1749,0.218625,0.0,0.0,0.0,0.0,0.0,0.0,0.0,0.0,0.0714,0.1035,0.00021239999999999999,0.1751,0.0,0.0,0.0,0.0,0.0,0.0,0.0,0.0,0.0,0.0,0.0,0.0,0.0,0.0,0.0,0.0,unvectored,none,2,2026-08-01T04:28:26+00:00
foldedclos_64_2_2_2_1p0_5nm_TT_0V7_25C_800MHz,foldedclos,data_width=64;terminals_per_leaf=2;num_leaves=2;num_spines=2;oversubscription=1.0,5nm,TT,0.7,25.0,1.25,800.0,64,2,2,2,1.0,V-2023.12-SP4,848,848,0,30.2148,30.2148,0.0,0.0,0.0,0.71,0.34,0.0,0,V-2023.12-SP4,858,858,0,30.58,30.58,0.0,42.9156,0.7125,0.0,0.0,0.6,0.45,0.0,0,V-2023.12-SP3,V-2023.12-SP4,0.1331,0.178,0.0002114,0.31129999999999997,0.3111,0.38887499999999997,0.0,0.0,0.0,0.0,0.0,0.0,0.0,0.0,0.1331,0.178,0.0002114,0.31129999999999997,0.0,0.0,0.0,0.0,0.0,0.0,0.0,0.0,0.0,0.0,0.0,0.0,0.0,0.0,0.0,0.0,vectored,random,2,2026-08-01T04:28:38+00:00
foldedclos_64_2_2_2_1p0_5nm_TT_0V7_25C_800MHz,foldedclos,data_width=64;terminals_per_leaf=2;num_leaves=2;num_spines=2;oversubscription=1.0,5nm,TT,0.7,25.0,1.25,800.0,64,2,2,2,1.0,V-2023.12-SP4,848,848,0,30.2148,30.2148,0.0,0.0,0.0,0.71,0.34,0.0,0,V-2023.12-SP4,858,858,0,30.58,30.58,0.0,42.9156,0.7125,0.0,0.0,0.6,0.45,0.0,0,V-2023.12-SP3,V-2023.12-SP4,0.06238,0.04842,0.0002128,0.111,0.1108,0.13849999999999998,0.0,0.0,0.0,0.0,0.0,0.0,0.0,0.0,0.06238,0.04842,0.0002128,0.111,0.0,0.0,0.0,0.0,0.0,0.0,0.0,0.0,0.0,0.0,0.0,0.0,0.0,0.0,0.0,0.0,vectored,fixed_route,2,2026-08-01T04:28:50+00:00
foldedclos_32_4_4_2_1p0_5nm_TT_0V7_25C_1333p33MHz,foldedclos,data_width=32;terminals_per_leaf=4;num_leaves=4;num_spines=2;oversubscription=1.0,5nm,TT,0.7,25.0,0.75,1333.3333333333333,32,4,4,2,1.0,V-2023.12-SP4,15763,15763,0,563.102394,563.102394,0.0,0.0,0.0,0.55,0.0,0.0,0,V-2023.12-SP4,12097,12097,0,394.44,394.44,0.0,800.1504,0.493,0.0,0.0,0.56,-0.01,-0.65,133,V-2023.12-SP3,V-2023.12-SP4,0.895,2.026,0.002904,2.924,2.921,2.19075,0.0,0.0,0.0,0.0,0.0,0.0,0.0,0.0,0.895,2.026,0.002904,2.924,0.0,0.0,0.0,0.0,0.0,0.0,0.0,0.0,0.0,0.0,0.0,0.0,0.0,0.0,0.0,0.0,unvectored,none,2,2026-08-01T04:47:28+00:00
foldedclos_32_4_4_2_1p0_5nm_TT_0V7_25C_1333p33MHz,foldedclos,data_width=32;terminals_per_leaf=4;num_leaves=4;num_spines=2;oversubscription=1.0,5nm,TT,0.7,25.0,0.75,1333.3333333333333,32,4,4,2,1.0,V-2023.12-SP4,15763,15763,0,563.102394,563.102394,0.0,0.0,0.0,0.55,0.0,0.0,0,V-2023.12-SP4,12097,12097,0,394.44,394.44,0.0,800.1504,0.493,0.0,0.0,0.56,-0.01,-0.65,133,V-2023.12-SP3,V-2023.12-SP4,1.439,2.9290000000000003,0.0028710000000000003,4.3709999999999996,4.368,3.2760000000000002,0.0,0.0,0.0,0.0,0.0,0.0,0.0,0.0,1.439,2.9290000000000003,0.0028710000000000003,4.3709999999999996,0.0,0.0,0.0,0.0,0.0,0.0,0.0,0.0,0.0,0.0,0.0,0.0,0.0,0.0,0.0,0.0,vectored,random,2,2026-08-01T04:47:41+00:00
foldedclos_32_4_4_2_1p0_5nm_TT_0V7_25C_1333p33MHz,foldedclos,data_width=32;terminals_per_leaf=4;num_leaves=4;num_spines=2;oversubscription=1.0,5nm,TT,0.7,25.0,0.75,1333.3333333333333,32,4,4,2,1.0,V-2023.12-SP4,15763,15763,0,563.102394,563.102394,0.0,0.0,0.0,0.55,0.0,0.0,0,V-2023.12-SP4,12097,12097,0,394.44,394.44,0.0,800.1504,0.493,0.0,0.0,0.56,-0.01,-0.65,133,V-2023.12-SP3,V-2023.12-SP4,0.6786,1.645,0.002824,2.327,2.3236,1.7427,0.0,0.0,0.0,0.0,0.0,0.0,0.0,0.0,0.6786,1.645,0.002824,2.327,0.0,0.0,0.0,0.0,0.0,0.0,0.0,0.0,0.0,0.0,0.0,0.0,0.0,0.0,0.0,0.0,vectored,fixed_route,2,2026-08-01T04:47:53+00:00
foldedclos_32_4_4_2_1p0_5nm_TT_0V7_25C_800MHz,foldedclos,data_width=32;terminals_per_leaf=4;num_leaves=4;num_spines=2;oversubscription=1.0,5nm,TT,0.7,25.0,1.25,800.0,32,4,4,2,1.0,V-2023.12-SP4,15675,15675,0,554.341194,554.341194,0.0,0.0,0.0,1.01,0.04,0.0,0,V-2023.12-SP4,11876,11876,0,389.61,389.61,0.0,788.3736,0.4942,0.0,0.0,1.04,0.01,0.0,0,V-2023.12-SP3,V-2023.12-SP4,0.6374,1.359,0.002861,1.9989999999999999,1.9964,2.4955,0.0,0.0,0.0,0.0,0.0,0.0,0.0,0.0,0.6374,1.359,0.002861,1.9989999999999999,0.0,0.0,0.0,0.0,0.0,0.0,0.0,0.0,0.0,0.0,0.0,0.0,0.0,0.0,0.0,0.0,unvectored,none,2,2026-08-01T05:05:03+00:00
foldedclos_32_4_4_2_1p0_5nm_TT_0V7_25C_800MHz,foldedclos,data_width=32;terminals_per_leaf=4;num_leaves=4;num_spines=2;oversubscription=1.0,5nm,TT,0.7,25.0,1.25,800.0,32,4,4,2,1.0,V-2023.12-SP4,15675,15675,0,554.341194,554.341194,0.0,0.0,0.0,1.01,0.04,0.0,0,V-2023.12-SP4,11876,11876,0,389.61,389.61,0.0,788.3736,0.4942,0.0,0.0,1.04,0.01,0.0,0,V-2023.12-SP3,V-2023.12-SP4,1.075,2.023,0.0028020000000000002,3.101,3.098,3.8724999999999996,0.0,0.0,0.0,0.0,0.0,0.0,0.0,0.0,1.075,2.023,0.0028020000000000002,3.101,0.0,0.0,0.0,0.0,0.0,0.0,0.0,0.0,0.0,0.0,0.0,0.0,0.0,0.0,0.0,0.0,vectored,random,2,2026-08-01T05:05:15+00:00
foldedclos_32_4_4_2_1p0_5nm_TT_0V7_25C_800MHz,foldedclos,data_width=32;terminals_per_leaf=4;num_leaves=4;num_spines=2;oversubscription=1.0,5nm,TT,0.7,25.0,1.25,800.0,32,4,4,2,1.0,V-2023.12-SP4,15675,15675,0,554.341194,554.341194,0.0,0.0,0.0,1.01,0.04,0.0,0,V-2023.12-SP4,11876,11876,0,389.61,389.61,0.0,788.3736,0.4942,0.0,0.0,1.04,0.01,0.0,0,V-2023.12-SP3,V-2023.12-SP4,0.4973,1.147,0.00276,1.647,1.6443,2.055375,0.0,0.0,0.0,0.0,0.0,0.0,0.0,0.0,0.4973,1.147,0.00276,1.647,0.0,0.0,0.0,0.0,0.0,0.0,0.0,0.0,0.0,0.0,0.0,0.0,0.0,0.0,0.0,0.0,vectored,fixed_route,2,2026-08-01T05:05:27+00:00
foldedclos_64_4_4_2_1p0_5nm_TT_0V7_25C_1333p33MHz,foldedclos,data_width=64;terminals_per_leaf=4;num_leaves=4;num_spines=2;oversubscription=1.0,5nm,TT,0.7,25.0,0.75,1333.3333333333333,64,4,4,2,1.0,V-2023.12-SP4,27283,27283,0,973.551589,973.551589,0.0,0.0,0.0,0.55,0.0,0.0,0,V-2023.12-SP4,22201,22201,0,724.26,724.26,0.0,1383.018,0.5237,0.0,0.0,0.64,-0.09,-48.03,1063,V-2023.12-SP3,V-2023.12-SP4,1.728,3.69,0.005435,5.423,5.418,4.0635,0.0,0.0,0.0,0.0,0.0,0.0,0.0,0.0,1.728,3.69,0.005435,5.423,0.0,0.0,0.0,0.0,0.0,0.0,0.0,0.0,0.0,0.0,0.0,0.0,0.0,0.0,0.0,0.0,unvectored,none,2,2026-08-01T05:45:23+00:00
foldedclos_64_4_4_2_1p0_5nm_TT_0V7_25C_1333p33MHz,foldedclos,data_width=64;terminals_per_leaf=4;num_leaves=4;num_spines=2;oversubscription=1.0,5nm,TT,0.7,25.0,0.75,1333.3333333333333,64,4,4,2,1.0,V-2023.12-SP4,27283,27283,0,973.551589,973.551589,0.0,0.0,0.0,0.55,0.0,0.0,0,V-2023.12-SP4,22201,22201,0,724.26,724.26,0.0,1383.018,0.5237,0.0,0.0,0.64,-0.09,-48.03,1063,V-2023.12-SP3,V-2023.12-SP4,2.815,5.562,0.005353,8.383,8.377,6.28275,0.0,0.0,0.0,0.0,0.0,0.0,0.0,0.0,2.815,5.562,0.005353,8.383,0.0,0.0,0.0,0.0,0.0,0.0,0.0,0.0,0.0,0.0,0.0,0.0,0.0,0.0,0.0,0.0,vectored,random,2,2026-08-01T05:45:40+00:00
foldedclos_64_4_4_2_1p0_5nm_TT_0V7_25C_1333p33MHz,foldedclos,data_width=64;terminals_per_leaf=4;num_leaves=4;num_spines=2;oversubscription=1.0,5nm,TT,0.7,25.0,0.75,1333.3333333333333,64,4,4,2,1.0,V-2023.12-SP4,27283,27283,0,973.551589,973.551589,0.0,0.0,0.0,0.55,0.0,0.0,0,V-2023.12-SP4,22201,22201,0,724.26,724.26,0.0,1383.018,0.5237,0.0,0.0,0.64,-0.09,-48.03,1063,V-2023.12-SP3,V-2023.12-SP4,1.279,2.921,0.0053040000000000006,4.205,4.199999999999999,3.1499999999999995,0.0,0.0,0.0,0.0,0.0,0.0,0.0,0.0,1.279,2.921,0.0053040000000000006,4.205,0.0,0.0,0.0,0.0,0.0,0.0,0.0,0.0,0.0,0.0,0.0,0.0,0.0,0.0,0.0,0.0,vectored,fixed_route,2,2026-08-01T05:45:56+00:00
foldedclos_32_4_4_4_1p0_5nm_TT_0V7_25C_1333p33MHz,foldedclos,data_width=32;terminals_per_leaf=4;num_leaves=4;num_spines=4;oversubscription=1.0,5nm,TT,0.7,25.0,0.75,1333.3333333333333,32,4,4,4,1.0,V-2023.12-SP4,15763,15763,0,563.102394,563.102394,0.0,0.0,0.0,0.55,0.0,0.0,0,V-2023.12-SP4,12097,12097,0,394.44,394.44,0.0,800.1504,0.493,0.0,0.0,0.57,-0.02,-0.62,122,V-2023.12-SP3,V-2023.12-SP4,0.895,2.025,0.002904,2.9229999999999996,2.92,2.19,0.0,0.0,0.0,0.0,0.0,0.0,0.0,0.0,0.895,2.025,0.002904,2.9229999999999996,0.0,0.0,0.0,0.0,0.0,0.0,0.0,0.0,0.0,0.0,0.0,0.0,0.0,0.0,0.0,0.0,unvectored,none,2,2026-08-01T06:54:55+00:00
foldedclos_32_4_4_4_1p0_5nm_TT_0V7_25C_1333p33MHz,foldedclos,data_width=32;terminals_per_leaf=4;num_leaves=4;num_spines=4;oversubscription=1.0,5nm,TT,0.7,25.0,0.75,1333.3333333333333,32,4,4,4,1.0,V-2023.12-SP4,15763,15763,0,563.102394,563.102394,0.0,0.0,0.0,0.55,0.0,0.0,0,V-2023.12-SP4,12097,12097,0,394.44,394.44,0.0,800.1504,0.493,0.0,0.0,0.57,-0.02,-0.62,122,V-2023.12-SP3,V-2023.12-SP4,1.439,2.928,0.0028710000000000003,4.37,4.367,3.2752499999999998,0.0,0.0,0.0,0.0,0.0,0.0,0.0,0.0,1.439,2.928,0.0028710000000000003,4.37,0.0,0.0,0.0,0.0,0.0,0.0,0.0,0.0,0.0,0.0,0.0,0.0,0.0,0.0,0.0,0.0,vectored,random,2,2026-08-01T06:55:10+00:00
foldedclos_32_4_4_4_1p0_5nm_TT_0V7_25C_1333p33MHz,foldedclos,data_width=32;terminals_per_leaf=4;num_leaves=4;num_spines=4;oversubscription=1.0,5nm,TT,0.7,25.0,0.75,1333.3333333333333,32,4,4,4,1.0,V-2023.12-SP4,15763,15763,0,563.102394,563.102394,0.0,0.0,0.0,0.55,0.0,0.0,0,V-2023.12-SP4,12097,12097,0,394.44,394.44,0.0,800.1504,0.493,0.0,0.0,0.57,-0.02,-0.62,122,V-2023.12-SP3,V-2023.12-SP4,0.6786,1.6440000000000001,0.002824,2.326,2.3226,1.74195,0.0,0.0,0.0,0.0,0.0,0.0,0.0,0.0,0.6786,1.6440000000000001,0.002824,2.326,0.0,0.0,0.0,0.0,0.0,0.0,0.0,0.0,0.0,0.0,0.0,0.0,0.0,0.0,0.0,0.0,vectored,fixed_route,2,2026-08-01T06:55:25+00:00
foldedclos_32_4_4_4_1p0_5nm_TT_0V7_25C_800MHz,foldedclos,data_width=32;terminals_per_leaf=4;num_leaves=4;num_spines=4;oversubscription=1.0,5nm,TT,0.7,25.0,1.25,800.0,32,4,4,4,1.0,V-2023.12-SP4,15675,15675,0,554.341194,554.341194,0.0,0.0,0.0,1.01,0.04,0.0,0,V-2023.12-SP4,11876,11876,0,389.61,389.61,0.0,788.3736,0.4942,0.0,0.0,1.05,0.0,0.0,0,V-2023.12-SP3,V-2023.12-SP4,0.6374,1.358,0.002861,1.9989999999999999,1.9954,2.49425,0.0,0.0,0.0,0.0,0.0,0.0,0.0,0.0,0.6374,1.358,0.002861,1.9989999999999999,0.0,0.0,0.0,0.0,0.0,0.0,0.0,0.0,0.0,0.0,0.0,0.0,0.0,0.0,0.0,0.0,unvectored,none,2,2026-08-01T07:09:51+00:00
foldedclos_32_4_4_4_1p0_5nm_TT_0V7_25C_800MHz,foldedclos,data_width=32;terminals_per_leaf=4;num_leaves=4;num_spines=4;oversubscription=1.0,5nm,TT,0.7,25.0,1.25,800.0,32,4,4,4,1.0,V-2023.12-SP4,15675,15675,0,554.341194,554.341194,0.0,0.0,0.0,1.01,0.04,0.0,0,V-2023.12-SP4,11876,11876,0,389.61,389.61,0.0,788.3736,0.4942,0.0,0.0,1.05,0.0,0.0,0,V-2023.12-SP3,V-2023.12-SP4,1.075,2.023,0.0028020000000000002,3.101,3.098,3.8724999999999996,0.0,0.0,0.0,0.0,0.0,0.0,0.0,0.0,1.075,2.023,0.0028020000000000002,3.101,0.0,0.0,0.0,0.0,0.0,0.0,0.0,0.0,0.0,0.0,0.0,0.0,0.0,0.0,0.0,0.0,vectored,random,2,2026-08-01T07:10:02+00:00
foldedclos_32_4_4_4_1p0_5nm_TT_0V7_25C_800MHz,foldedclos,data_width=32;terminals_per_leaf=4;num_leaves=4;num_spines=4;oversubscription=1.0,5nm,TT,0.7,25.0,1.25,800.0,32,4,4,4,1.0,V-2023.12-SP4,15675,15675,0,554.341194,554.341194,0.0,0.0,0.0,1.01,0.04,0.0,0,V-2023.12-SP4,11876,11876,0,389.61,389.61,0.0,788.3736,0.4942,0.0,0.0,1.05,0.0,0.0,0,V-2023.12-SP3,V-2023.12-SP4,0.49720000000000003,1.147,0.00276,1.647,1.6442,2.05525,0.0,0.0,0.0,0.0,0.0,0.0,0.0,0.0,0.49720000000000003,1.147,0.00276,1.647,0.0,0.0,0.0,0.0,0.0,0.0,0.0,0.0,0.0,0.0,0.0,0.0,0.0,0.0,0.0,0.0,vectored,fixed_route,2,2026-08-01T07:10:13+00:00
foldedclos_64_4_4_2_1p0_5nm_TT_0V7_25C_800MHz,foldedclos,data_width=64;terminals_per_leaf=4;num_leaves=4;num_spines=2;oversubscription=1.0,5nm,TT,0.7,25.0,1.25,800.0,64,4,4,2,1.0,V-2023.12-SP4,14020,14020,0,522.152391,522.152391,0.0,0.0,0.0,1.04,0.01,0.0,0,V-2023.12-SP4,14105,14105,0,526.97,526.97,0.0,742.9968,0.7093,0.0,0.0,1.06,-0.01,-0.03,9,V-2023.12-SP3,V-2023.12-SP4,0.7512000000000001,1.373,0.003466,2.128,2.1242,2.65525,0.0,0.0,0.0,0.0,0.0,0.0,0.0,0.0,0.7512000000000001,1.373,0.003466,2.128,0.0,0.0,0.0,0.0,0.0,0.0,0.0,0.0,0.0,0.0,0.0,0.0,0.0,0.0,0.0,0.0,unvectored,none,2,2026-08-01T07:17:00+00:00
foldedclos_64_4_4_2_1p0_5nm_TT_0V7_25C_800MHz,foldedclos,data_width=64;terminals_per_leaf=4;num_leaves=4;num_spines=2;oversubscription=1.0,5nm,TT,0.7,25.0,1.25,800.0,64,4,4,2,1.0,V-2023.12-SP4,14020,14020,0,522.152391,522.152391,0.0,0.0,0.0,1.04,0.01,0.0,0,V-2023.12-SP4,14105,14105,0,526.97,526.97,0.0,742.9968,0.7093,0.0,0.0,1.06,-0.01,-0.03,9,V-2023.12-SP3,V-2023.12-SP4,1.245,2.1,0.003418,3.348,3.345,4.18125,0.0,0.0,0.0,0.0,0.0,0.0,0.0,0.0,1.245,2.1,0.003418,3.348,0.0,0.0,0.0,0.0,0.0,0.0,0.0,0.0,0.0,0.0,0.0,0.0,0.0,0.0,0.0,0.0,vectored,random,2,2026-08-01T07:17:14+00:00
foldedclos_64_4_4_2_1p0_5nm_TT_0V7_25C_800MHz,foldedclos,data_width=64;terminals_per_leaf=4;num_leaves=4;num_spines=2;oversubscription=1.0,5nm,TT,0.7,25.0,1.25,800.0,64,4,4,2,1.0,V-2023.12-SP4,14020,14020,0,522.152391,522.152391,0.0,0.0,0.0,1.04,0.01,0.0,0,V-2023.12-SP4,14105,14105,0,526.97,526.97,0.0,742.9968,0.7093,0.0,0.0,1.06,-0.01,-0.03,9,V-2023.12-SP3,V-2023.12-SP4,0.6212,0.9927,0.003359,1.617,1.6139000000000001,2.0173750000000004,0.0,0.0,0.0,0.0,0.0,0.0,0.0,0.0,0.6212,0.9927,0.003359,1.617,0.0,0.0,0.0,0.0,0.0,0.0,0.0,0.0,0.0,0.0,0.0,0.0,0.0,0.0,0.0,0.0,vectored,fixed_route,2,2026-08-01T07:17:29+00:00
foldedclos_64_4_4_4_1p0_5nm_TT_0V7_25C_1333p33MHz,foldedclos,data_width=64;terminals_per_leaf=4;num_leaves=4;num_spines=4;oversubscription=1.0,5nm,TT,0.7,25.0,0.75,1333.3333333333333,64,4,4,4,1.0,V-2023.12-SP4,27283,27283,0,973.551589,973.551589,0.0,0.0,0.0,0.55,0.0,0.0,0,V-2023.12-SP4,22201,22201,0,724.26,724.26,0.0,1383.018,0.5237,0.0,0.0,0.64,-0.09,-48.34,1064,V-2023.12-SP3,V-2023.12-SP4,1.728,3.69,0.005435,5.423,5.418,4.0635,0.0,0.0,0.0,0.0,0.0,0.0,0.0,0.0,1.728,3.69,0.005435,5.423,0.0,0.0,0.0,0.0,0.0,0.0,0.0,0.0,0.0,0.0,0.0,0.0,0.0,0.0,0.0,0.0,unvectored,none,2,2026-08-01T07:28:43+00:00
foldedclos_64_4_4_4_1p0_5nm_TT_0V7_25C_1333p33MHz,foldedclos,data_width=64;terminals_per_leaf=4;num_leaves=4;num_spines=4;oversubscription=1.0,5nm,TT,0.7,25.0,0.75,1333.3333333333333,64,4,4,4,1.0,V-2023.12-SP4,27283,27283,0,973.551589,973.551589,0.0,0.0,0.0,0.55,0.0,0.0,0,V-2023.12-SP4,22201,22201,0,724.26,724.26,0.0,1383.018,0.5237,0.0,0.0,0.64,-0.09,-48.34,1064,V-2023.12-SP3,V-2023.12-SP4,2.815,5.564,0.005353,8.384,8.379,6.28425,0.0,0.0,0.0,0.0,0.0,0.0,0.0,0.0,2.815,5.564,0.005353,8.384,0.0,0.0,0.0,0.0,0.0,0.0,0.0,0.0,0.0,0.0,0.0,0.0,0.0,0.0,0.0,0.0,vectored,random,2,2026-08-01T07:28:53+00:00
foldedclos_64_4_4_4_1p0_5nm_TT_0V7_25C_1333p33MHz,foldedclos,data_width=64;terminals_per_leaf=4;num_leaves=4;num_spines=4;oversubscription=1.0,5nm,TT,0.7,25.0,0.75,1333.3333333333333,64,4,4,4,1.0,V-2023.12-SP4,27283,27283,0,973.551589,973.551589,0.0,0.0,0.0,0.55,0.0,0.0,0,V-2023.12-SP4,22201,22201,0,724.26,724.26,0.0,1383.018,0.5237,0.0,0.0,0.64,-0.09,-48.34,1064,V-2023.12-SP3,V-2023.12-SP4,1.279,2.921,0.005305,4.204000000000001,4.199999999999999,3.1499999999999995,0.0,0.0,0.0,0.0,0.0,0.0,0.0,0.0,1.279,2.921,0.005305,4.204000000000001,0.0,0.0,0.0,0.0,0.0,0.0,0.0,0.0,0.0,0.0,0.0,0.0,0.0,0.0,0.0,0.0,vectored,fixed_route,2,2026-08-01T07:29:04+00:00
foldedclos_32_8_4_4_1p0_5nm_TT_0V7_25C_1333p33MHz,foldedclos,data_width=32;terminals_per_leaf=8;num_leaves=4;num_spines=4;oversubscription=1.0,5nm,TT,0.7,25.0,0.75,1333.3333333333333,32,8,4,4,1.0,V-2023.12-SP4,61502,61502,0,2226.571176,2226.571176,0.0,0.0,0.0,0.55,0.0,0.0,0,V-2023.12-SP4,48381,48381,0,1618.51,1618.51,0.0,3171.378,0.5103,0.0,0.0,0.75,-0.2,-46.17,1050,V-2023.12-SP3,V-2023.12-SP4,2.662,7.354,0.0123,10.0,10.016,7.5120000000000005,0.0,0.0,0.0,0.0,0.0,0.0,0.0,0.0,2.662,7.354,0.0123,10.0,0.0,0.0,0.0,0.0,0.0,0.0,0.0,0.0,0.0,0.0,0.0,0.0,0.0,0.0,0.0,0.0,unvectored,none,2,2026-08-01T08:11:32+00:00
foldedclos_32_8_4_4_1p0_5nm_TT_0V7_25C_1333p33MHz,foldedclos,data_width=32;terminals_per_leaf=8;num_leaves=4;num_spines=4;oversubscription=1.0,5nm,TT,0.7,25.0,0.75,1333.3333333333333,32,8,4,4,1.0,V-2023.12-SP4,61502,61502,0,2226.571176,2226.571176,0.0,0.0,0.0,0.55,0.0,0.0,0,V-2023.12-SP4,48381,48381,0,1618.51,1618.51,0.0,3171.378,0.5103,0.0,0.0,0.75,-0.2,-46.17,1050,V-2023.12-SP3,V-2023.12-SP4,3.9170000000000003,10.1,0.01219,14.0,14.017,10.51275,0.0,0.0,0.0,0.0,0.0,0.0,0.0,0.0,3.9170000000000003,10.1,0.01219,14.0,0.0,0.0,0.0,0.0,0.0,0.0,0.0,0.0,0.0,0.0,0.0,0.0,0.0,0.0,0.0,0.0,vectored,random,2,2026-08-01T08:11:55+00:00
foldedclos_32_8_4_4_1p0_5nm_TT_0V7_25C_1333p33MHz,foldedclos,data_width=32;terminals_per_leaf=8;num_leaves=4;num_spines=4;oversubscription=1.0,5nm,TT,0.7,25.0,0.75,1333.3333333333333,32,8,4,4,1.0,V-2023.12-SP4,61502,61502,0,2226.571176,2226.571176,0.0,0.0,0.0,0.55,0.0,0.0,0,V-2023.12-SP4,48381,48381,0,1618.51,1618.51,0.0,3171.378,0.5103,0.0,0.0,0.75,-0.2,-46.17,1050,V-2023.12-SP3,V-2023.12-SP4,1.8259999999999998,6.2170000000000005,0.012,8.055,8.043000000000001,6.032250000000001,0.0,0.0,0.0,0.0,0.0,0.0,0.0,0.0,1.8259999999999998,6.2170000000000005,0.012,8.055,0.0,0.0,0.0,0.0,0.0,0.0,0.0,0.0,0.0,0.0,0.0,0.0,0.0,0.0,0.0,0.0,vectored,fixed_route,2,2026-08-01T08:12:16+00:00
foldedclos_64_4_4_4_1p0_5nm_TT_0V7_25C_800MHz,foldedclos,data_width=64;terminals_per_leaf=4;num_leaves=4;num_spines=4;oversubscription=1.0,5nm,TT,0.7,25.0,1.25,800.0,64,4,4,4,1.0,V-2023.12-SP4,14020,14020,0,522.152391,522.152391,0.0,0.0,0.0,1.04,0.01,0.0,0,V-2023.12-SP4,14105,14105,0,526.97,526.97,0.0,742.9968,0.7093,0.0,0.0,1.05,-0.0,-0.0,2,V-2023.12-SP3,V-2023.12-SP4,0.7514000000000001,1.373,0.003466,2.128,2.1244,2.6555,0.0,0.0,0.0,0.0,0.0,0.0,0.0,0.0,0.7514000000000001,1.373,0.003466,2.128,0.0,0.0,0.0,0.0,0.0,0.0,0.0,0.0,0.0,0.0,0.0,0.0,0.0,0.0,0.0,0.0,unvectored,none,2,2026-08-01T08:15:49+00:00
foldedclos_64_4_4_4_1p0_5nm_TT_0V7_25C_800MHz,foldedclos,data_width=64;terminals_per_leaf=4;num_leaves=4;num_spines=4;oversubscription=1.0,5nm,TT,0.7,25.0,1.25,800.0,64,4,4,4,1.0,V-2023.12-SP4,14020,14020,0,522.152391,522.152391,0.0,0.0,0.0,1.04,0.01,0.0,0,V-2023.12-SP4,14105,14105,0,526.97,526.97,0.0,742.9968,0.7093,0.0,0.0,1.05,-0.0,-0.0,2,V-2023.12-SP3,V-2023.12-SP4,1.246,2.101,0.003418,3.35,3.347,4.18375,0.0,0.0,0.0,0.0,0.0,0.0,0.0,0.0,1.246,2.101,0.003418,3.35,0.0,0.0,0.0,0.0,0.0,0.0,0.0,0.0,0.0,0.0,0.0,0.0,0.0,0.0,0.0,0.0,vectored,random,2,2026-08-01T08:16:06+00:00
foldedclos_64_4_4_4_1p0_5nm_TT_0V7_25C_800MHz,foldedclos,data_width=64;terminals_per_leaf=4;num_leaves=4;num_spines=4;oversubscription=1.0,5nm,TT,0.7,25.0,1.25,800.0,64,4,4,4,1.0,V-2023.12-SP4,14020,14020,0,522.152391,522.152391,0.0,0.0,0.0,1.04,0.01,0.0,0,V-2023.12-SP4,14105,14105,0,526.97,526.97,0.0,742.9968,0.7093,0.0,0.0,1.05,-0.0,-0.0,2,V-2023.12-SP3,V-2023.12-SP4,0.6213,0.9924999999999999,0.003359,1.617,1.6138,2.0172499999999998,0.0,0.0,0.0,0.0,0.0,0.0,0.0,0.0,0.6213,0.9924999999999999,0.003359,1.617,0.0,0.0,0.0,0.0,0.0,0.0,0.0,0.0,0.0,0.0,0.0,0.0,0.0,0.0,0.0,0.0,vectored,fixed_route,2,2026-08-01T08:16:23+00:00
foldedclos_32_8_4_4_1p0_5nm_TT_0V7_25C_800MHz,foldedclos,data_width=32;terminals_per_leaf=8;num_leaves=4;num_spines=4;oversubscription=1.0,5nm,TT,0.7,25.0,1.25,800.0,32,8,4,4,1.0,V-2023.12-SP4,63521,63521,0,2343.045574,2343.045574,0.0,0.0,0.0,1.05,0.0,0.0,0,V-2023.12-SP4,49965,49965,0,1653.07,1653.07,0.0,3343.2672,0.4944,0.0,0.0,1.19,-0.14,-87.25,1182,V-2023.12-SP3,V-2023.12-SP4,1.921,5.118,0.012490000000000001,7.0520000000000005,7.039000000000001,8.79875,0.0,0.0,0.0,0.0,0.0,0.0,0.0,0.0,1.921,5.118,0.012490000000000001,7.0520000000000005,0.0,0.0,0.0,0.0,0.0,0.0,0.0,0.0,0.0,0.0,0.0,0.0,0.0,0.0,0.0,0.0,unvectored,none,2,2026-08-01T08:19:33+00:00
foldedclos_32_8_4_4_1p0_5nm_TT_0V7_25C_800MHz,foldedclos,data_width=32;terminals_per_leaf=8;num_leaves=4;num_spines=4;oversubscription=1.0,5nm,TT,0.7,25.0,1.25,800.0,32,8,4,4,1.0,V-2023.12-SP4,63521,63521,0,2343.045574,2343.045574,0.0,0.0,0.0,1.05,0.0,0.0,0,V-2023.12-SP4,49965,49965,0,1653.07,1653.07,0.0,3343.2672,0.4944,0.0,0.0,1.19,-0.14,-87.25,1182,V-2023.12-SP3,V-2023.12-SP4,3.0460000000000003,7.289000000000001,0.012310000000000001,10.3,10.335,12.918750000000001,0.0,0.0,0.0,0.0,0.0,0.0,0.0,0.0,3.0460000000000003,7.289000000000001,0.012310000000000001,10.3,0.0,0.0,0.0,0.0,0.0,0.0,0.0,0.0,0.0,0.0,0.0,0.0,0.0,0.0,0.0,0.0,vectored,random,2,2026-08-01T08:19:53+00:00
foldedclos_32_8_4_4_1p0_5nm_TT_0V7_25C_800MHz,foldedclos,data_width=32;terminals_per_leaf=8;num_leaves=4;num_spines=4;oversubscription=1.0,5nm,TT,0.7,25.0,1.25,800.0,32,8,4,4,1.0,V-2023.12-SP4,63521,63521,0,2343.045574,2343.045574,0.0,0.0,0.0,1.05,0.0,0.0,0,V-2023.12-SP4,49965,49965,0,1653.07,1653.07,0.0,3343.2672,0.4944,0.0,0.0,1.19,-0.14,-87.25,1182,V-2023.12-SP3,V-2023.12-SP4,1.425,4.460000000000001,0.012119999999999999,5.898,5.885000000000001,7.356250000000001,0.0,0.0,0.0,0.0,0.0,0.0,0.0,0.0,1.425,4.460000000000001,0.012119999999999999,5.898,0.0,0.0,0.0,0.0,0.0,0.0,0.0,0.0,0.0,0.0,0.0,0.0,0.0,0.0,0.0,0.0,vectored,fixed_route,2,2026-08-01T08:20:14+00:00
foldedclos_32_4_8_4_1p0_5nm_TT_0V7_25C_1333p33MHz,foldedclos,data_width=32;terminals_per_leaf=4;num_leaves=8;num_spines=4;oversubscription=1.0,5nm,TT,0.7,25.0,0.75,1333.3333333333333,32,4,8,4,1.0,V-2023.12-SP4,61502,61502,0,2226.571176,2226.571176,0.0,0.0,0.0,0.55,0.0,0.0,0,V-2023.12-SP4,48381,48381,0,1618.51,1618.51,0.0,3171.378,0.5103,0.0,0.0,0.74,-0.19,-45.37,1053,V-2023.12-SP3,V-2023.12-SP4,2.662,7.354,0.0123,10.0,10.016,7.5120000000000005,0.0,0.0,0.0,0.0,0.0,0.0,0.0,0.0,2.662,7.354,0.0123,10.0,0.0,0.0,0.0,0.0,0.0,0.0,0.0,0.0,0.0,0.0,0.0,0.0,0.0,0.0,0.0,0.0,unvectored,none,2,2026-08-01T09:18:47+00:00
foldedclos_32_4_8_4_1p0_5nm_TT_0V7_25C_1333p33MHz,foldedclos,data_width=32;terminals_per_leaf=4;num_leaves=8;num_spines=4;oversubscription=1.0,5nm,TT,0.7,25.0,0.75,1333.3333333333333,32,4,8,4,1.0,V-2023.12-SP4,61502,61502,0,2226.571176,2226.571176,0.0,0.0,0.0,0.55,0.0,0.0,0,V-2023.12-SP4,48381,48381,0,1618.51,1618.51,0.0,3171.378,0.5103,0.0,0.0,0.74,-0.19,-45.37,1053,V-2023.12-SP3,V-2023.12-SP4,3.9170000000000003,10.1,0.01219,14.0,14.017,10.51275,0.0,0.0,0.0,0.0,0.0,0.0,0.0,0.0,3.9170000000000003,10.1,0.01219,14.0,0.0,0.0,0.0,0.0,0.0,0.0,0.0,0.0,0.0,0.0,0.0,0.0,0.0,0.0,0.0,0.0,vectored,random,2,2026-08-01T09:19:00+00:00
foldedclos_32_4_8_4_1p0_5nm_TT_0V7_25C_1333p33MHz,foldedclos,data_width=32;terminals_per_leaf=4;num_leaves=8;num_spines=4;oversubscription=1.0,5nm,TT,0.7,25.0,0.75,1333.3333333333333,32,4,8,4,1.0,V-2023.12-SP4,61502,61502,0,2226.571176,2226.571176,0.0,0.0,0.0,0.55,0.0,0.0,0,V-2023.12-SP4,48381,48381,0,1618.51,1618.51,0.0,3171.378,0.5103,0.0,0.0,0.74,-0.19,-45.37,1053,V-2023.12-SP3,V-2023.12-SP4,1.8259999999999998,6.216,0.012,8.055,8.042,6.031499999999999,0.0,0.0,0.0,0.0,0.0,0.0,0.0,0.0,1.8259999999999998,6.216,0.012,8.055,0.0,0.0,0.0,0.0,0.0,0.0,0.0,0.0,0.0,0.0,0.0,0.0,0.0,0.0,0.0,0.0,vectored,fixed_route,2,2026-08-01T09:19:12+00:00
foldedclos_64_8_4_4_1p0_5nm_TT_0V7_25C_800MHz,foldedclos,data_width=64;terminals_per_leaf=8;num_leaves=4;num_spines=4;oversubscription=1.0,5nm,TT,0.7,25.0,1.25,800.0,64,8,4,4,1.0,V-2023.12-SP4,114938,114938,0,4131.523156,4131.523156,0.0,0.0,0.0,1.05,0.0,0.0,0,V-2023.12-SP4,89584,89584,0,2967.65,2967.65,0.0,5896.3968,0.5033,0.0,0.0,1.24,-0.19,-152.73,2059,V-2023.12-SP3,V-2023.12-SP4,3.506,8.59,0.02211,12.1,12.096,15.120000000000001,0.0,0.0,0.0,0.0,0.0,0.0,0.0,0.0,3.506,8.59,0.02211,12.1,0.0,0.0,0.0,0.0,0.0,0.0,0.0,0.0,0.0,0.0,0.0,0.0,0.0,0.0,0.0,0.0,unvectored,none,2,2026-08-01T10:00:33+00:00
foldedclos_64_8_4_4_1p0_5nm_TT_0V7_25C_800MHz,foldedclos,data_width=64;terminals_per_leaf=8;num_leaves=4;num_spines=4;oversubscription=1.0,5nm,TT,0.7,25.0,1.25,800.0,64,8,4,4,1.0,V-2023.12-SP4,114938,114938,0,4131.523156,4131.523156,0.0,0.0,0.0,1.05,0.0,0.0,0,V-2023.12-SP4,89584,89584,0,2967.65,2967.65,0.0,5896.3968,0.5033,0.0,0.0,1.24,-0.19,-152.73,2059,V-2023.12-SP3,V-2023.12-SP4,5.688000000000001,12.8,0.021759999999999998,18.5,18.488,23.11,0.0,0.0,0.0,0.0,0.0,0.0,0.0,0.0,5.688000000000001,12.8,0.021759999999999998,18.5,0.0,0.0,0.0,0.0,0.0,0.0,0.0,0.0,0.0,0.0,0.0,0.0,0.0,0.0,0.0,0.0,vectored,random,2,2026-08-01T10:01:00+00:00
foldedclos_64_8_4_4_1p0_5nm_TT_0V7_25C_800MHz,foldedclos,data_width=64;terminals_per_leaf=8;num_leaves=4;num_spines=4;oversubscription=1.0,5nm,TT,0.7,25.0,1.25,800.0,64,8,4,4,1.0,V-2023.12-SP4,114938,114938,0,4131.523156,4131.523156,0.0,0.0,0.0,1.05,0.0,0.0,0,V-2023.12-SP4,89584,89584,0,2967.65,2967.65,0.0,5896.3968,0.5033,0.0,0.0,1.24,-0.19,-152.73,2059,V-2023.12-SP3,V-2023.12-SP4,2.8440000000000003,7.458,0.02138,10.3,10.302,12.8775,0.0,0.0,0.0,0.0,0.0,0.0,0.0,0.0,2.8440000000000003,7.458,0.02138,10.3,0.0,0.0,0.0,0.0,0.0,0.0,0.0,0.0,0.0,0.0,0.0,0.0,0.0,0.0,0.0,0.0,vectored,fixed_route,2,2026-08-01T10:01:28+00:00
foldedclos_32_4_8_4_1p0_5nm_TT_0V7_25C_800MHz,foldedclos,data_width=32;terminals_per_leaf=4;num_leaves=8;num_spines=4;oversubscription=1.0,5nm,TT,0.7,25.0,1.25,800.0,32,4,8,4,1.0,V-2023.12-SP4,63521,63521,0,2343.045574,2343.045574,0.0,0.0,0.0,1.05,0.0,0.0,0,V-2023.12-SP4,49965,49965,0,1653.07,1653.07,0.0,3343.2672,0.4944,0.0,0.0,1.2,-0.15,-87.14,1181,V-2023.12-SP3,V-2023.12-SP4,1.921,5.117,0.012490000000000001,7.05,7.038,8.7975,0.0,0.0,0.0,0.0,0.0,0.0,0.0,0.0,1.921,5.117,0.012490000000000001,7.05,0.0,0.0,0.0,0.0,0.0,0.0,0.0,0.0,0.0,0.0,0.0,0.0,0.0,0.0,0.0,0.0,unvectored,none,2,2026-08-01T10:16:12+00:00
foldedclos_32_4_8_4_1p0_5nm_TT_0V7_25C_800MHz,foldedclos,data_width=32;terminals_per_leaf=4;num_leaves=8;num_spines=4;oversubscription=1.0,5nm,TT,0.7,25.0,1.25,800.0,32,4,8,4,1.0,V-2023.12-SP4,63521,63521,0,2343.045574,2343.045574,0.0,0.0,0.0,1.05,0.0,0.0,0,V-2023.12-SP4,49965,49965,0,1653.07,1653.07,0.0,3343.2672,0.4944,0.0,0.0,1.2,-0.15,-87.14,1181,V-2023.12-SP3,V-2023.12-SP4,3.0469999999999997,7.289000000000001,0.012310000000000001,10.3,10.336,12.92,0.0,0.0,0.0,0.0,0.0,0.0,0.0,0.0,3.0469999999999997,7.289000000000001,0.012310000000000001,10.3,0.0,0.0,0.0,0.0,0.0,0.0,0.0,0.0,0.0,0.0,0.0,0.0,0.0,0.0,0.0,0.0,vectored,random,2,2026-08-01T10:16:30+00:00
foldedclos_32_4_8_4_1p0_5nm_TT_0V7_25C_800MHz,foldedclos,data_width=32;terminals_per_leaf=4;num_leaves=8;num_spines=4;oversubscription=1.0,5nm,TT,0.7,25.0,1.25,800.0,32,4,8,4,1.0,V-2023.12-SP4,63521,63521,0,2343.045574,2343.045574,0.0,0.0,0.0,1.05,0.0,0.0,0,V-2023.12-SP4,49965,49965,0,1653.07,1653.07,0.0,3343.2672,0.4944,0.0,0.0,1.2,-0.15,-87.14,1181,V-2023.12-SP3,V-2023.12-SP4,1.425,4.4590000000000005,0.012119999999999999,5.896,5.884,7.355,0.0,0.0,0.0,0.0,0.0,0.0,0.0,0.0,1.425,4.4590000000000005,0.012119999999999999,5.896,0.0,0.0,0.0,0.0,0.0,0.0,0.0,0.0,0.0,0.0,0.0,0.0,0.0,0.0,0.0,0.0,vectored,fixed_route,2,2026-08-01T10:16:48+00:00
foldedclos_64_4_8_4_1p0_5nm_TT_0V7_25C_800MHz,foldedclos,data_width=64;terminals_per_leaf=4;num_leaves=8;num_spines=4;oversubscription=1.0,5nm,TT,0.7,25.0,1.25,800.0,64,4,8,4,1.0,V-2023.12-SP4,114938,114938,0,4131.523156,4131.523156,0.0,0.0,0.0,1.05,0.0,0.0,0,V-2023.12-SP4,89584,89584,0,2967.65,2967.65,0.0,5896.3968,0.5033,0.0,0.0,1.24,-0.19,-151.33,2052,V-2023.12-SP3,V-2023.12-SP4,3.506,8.592,0.02211,12.1,12.098,15.1225,0.0,0.0,0.0,0.0,0.0,0.0,0.0,0.0,3.506,8.592,0.02211,12.1,0.0,0.0,0.0,0.0,0.0,0.0,0.0,0.0,0.0,0.0,0.0,0.0,0.0,0.0,0.0,0.0,unvectored,none,2,2026-08-01T11:57:55+00:00
foldedclos_64_4_8_4_1p0_5nm_TT_0V7_25C_800MHz,foldedclos,data_width=64;terminals_per_leaf=4;num_leaves=8;num_spines=4;oversubscription=1.0,5nm,TT,0.7,25.0,1.25,800.0,64,4,8,4,1.0,V-2023.12-SP4,114938,114938,0,4131.523156,4131.523156,0.0,0.0,0.0,1.05,0.0,0.0,0,V-2023.12-SP4,89584,89584,0,2967.65,2967.65,0.0,5896.3968,0.5033,0.0,0.0,1.24,-0.19,-151.33,2052,V-2023.12-SP3,V-2023.12-SP4,5.688000000000001,12.8,0.021759999999999998,18.5,18.488,23.11,0.0,0.0,0.0,0.0,0.0,0.0,0.0,0.0,5.688000000000001,12.8,0.021759999999999998,18.5,0.0,0.0,0.0,0.0,0.0,0.0,0.0,0.0,0.0,0.0,0.0,0.0,0.0,0.0,0.0,0.0,vectored,random,2,2026-08-01T11:58:23+00:00
foldedclos_64_4_8_4_1p0_5nm_TT_0V7_25C_800MHz,foldedclos,data_width=64;terminals_per_leaf=4;num_leaves=8;num_spines=4;oversubscription=1.0,5nm,TT,0.7,25.0,1.25,800.0,64,4,8,4,1.0,V-2023.12-SP4,114938,114938,0,4131.523156,4131.523156,0.0,0.0,0.0,1.05,0.0,0.0,0,V-2023.12-SP4,89584,89584,0,2967.65,2967.65,0.0,5896.3968,0.5033,0.0,0.0,1.24,-0.19,-151.33,2052,V-2023.12-SP3,V-2023.12-SP4,2.8440000000000003,7.46,0.02138,10.3,10.304,12.88,0.0,0.0,0.0,0.0,0.0,0.0,0.0,0.0,2.8440000000000003,7.46,0.02138,10.3,0.0,0.0,0.0,0.0,0.0,0.0,0.0,0.0,0.0,0.0,0.0,0.0,0.0,0.0,0.0,0.0,vectored,fixed_route,2,2026-08-01T11:58:46+00:00
foldedclos_32_4_4_4_0p5_5nm_TT_0V7_25C_1333p33MHz,foldedclos,data_width=32;terminals_per_leaf=4;num_leaves=4;num_spines=4;oversubscription=0.5,5nm,TT,0.7,25.0,0.75,1333.3333333333333,32,4,4,4,0.5,V-2023.12-SP4,15763,15763,0,563.102394,563.102394,0.0,0.0,0.0,0.55,0.0,0.0,0,V-2023.12-SP4,12097,12097,0,394.44,394.44,0.0,800.1504,0.493,0.0,0.0,0.57,-0.02,-0.79,144,V-2023.12-SP3,V-2023.12-SP4,0.895,2.026,0.002904,2.924,2.921,2.19075,0.0,0.0,0.0,0.0,0.0,0.0,0.0,0.0,0.895,2.026,0.002904,2.924,0.0,0.0,0.0,0.0,0.0,0.0,0.0,0.0,0.0,0.0,0.0,0.0,0.0,0.0,0.0,0.0,unvectored,none,2,2026-08-01T12:26:11+00:00
foldedclos_32_4_4_4_0p5_5nm_TT_0V7_25C_1333p33MHz,foldedclos,data_width=32;terminals_per_leaf=4;num_leaves=4;num_spines=4;oversubscription=0.5,5nm,TT,0.7,25.0,0.75,1333.3333333333333,32,4,4,4,0.5,V-2023.12-SP4,15763,15763,0,563.102394,563.102394,0.0,0.0,0.0,0.55,0.0,0.0,0,V-2023.12-SP4,12097,12097,0,394.44,394.44,0.0,800.1504,0.493,0.0,0.0,0.57,-0.02,-0.79,144,V-2023.12-SP3,V-2023.12-SP4,1.438,2.9290000000000003,0.0028710000000000003,4.37,4.367,3.2752499999999998,0.0,0.0,0.0,0.0,0.0,0.0,0.0,0.0,1.438,2.9290000000000003,0.0028710000000000003,4.37,0.0,0.0,0.0,0.0,0.0,0.0,0.0,0.0,0.0,0.0,0.0,0.0,0.0,0.0,0.0,0.0,vectored,random,2,2026-08-01T12:26:28+00:00
foldedclos_32_4_4_4_0p5_5nm_TT_0V7_25C_1333p33MHz,foldedclos,data_width=32;terminals_per_leaf=4;num_leaves=4;num_spines=4;oversubscription=0.5,5nm,TT,0.7,25.0,0.75,1333.3333333333333,32,4,4,4,0.5,V-2023.12-SP4,15763,15763,0,563.102394,563.102394,0.0,0.0,0.0,0.55,0.0,0.0,0,V-2023.12-SP4,12097,12097,0,394.44,394.44,0.0,800.1504,0.493,0.0,0.0,0.57,-0.02,-0.79,144,V-2023.12-SP3,V-2023.12-SP4,0.6787,1.645,0.002824,2.327,2.3237,1.742775,0.0,0.0,0.0,0.0,0.0,0.0,0.0,0.0,0.6787,1.645,0.002824,2.327,0.0,0.0,0.0,0.0,0.0,0.0,0.0,0.0,0.0,0.0,0.0,0.0,0.0,0.0,0.0,0.0,vectored,fixed_route,2,2026-08-01T12:26:43+00:00
foldedclos_32_4_4_4_0p5_5nm_TT_0V7_25C_800MHz,foldedclos,data_width=32;terminals_per_leaf=4;num_leaves=4;num_spines=4;oversubscription=0.5,5nm,TT,0.7,25.0,1.25,800.0,32,4,4,4,0.5,V-2023.12-SP4,15675,15675,0,554.341194,554.341194,0.0,0.0,0.0,1.01,0.04,0.0,0,V-2023.12-SP4,11876,11876,0,389.61,389.61,0.0,788.3736,0.4942,0.0,0.0,1.04,0.01,0.0,0,V-2023.12-SP3,V-2023.12-SP4,0.6374,1.358,0.002861,1.9989999999999999,1.9954,2.49425,0.0,0.0,0.0,0.0,0.0,0.0,0.0,0.0,0.6374,1.358,0.002861,1.9989999999999999,0.0,0.0,0.0,0.0,0.0,0.0,0.0,0.0,0.0,0.0,0.0,0.0,0.0,0.0,0.0,0.0,unvectored,none,2,2026-08-01T12:45:17+00:00
foldedclos_32_4_4_4_0p5_5nm_TT_0V7_25C_800MHz,foldedclos,data_width=32;terminals_per_leaf=4;num_leaves=4;num_spines=4;oversubscription=0.5,5nm,TT,0.7,25.0,1.25,800.0,32,4,4,4,0.5,V-2023.12-SP4,15675,15675,0,554.341194,554.341194,0.0,0.0,0.0,1.01,0.04,0.0,0,V-2023.12-SP4,11876,11876,0,389.61,389.61,0.0,788.3736,0.4942,0.0,0.0,1.04,0.01,0.0,0,V-2023.12-SP3,V-2023.12-SP4,1.0759999999999998,2.024,0.0028020000000000002,3.1020000000000003,3.0999999999999996,3.8749999999999996,0.0,0.0,0.0,0.0,0.0,0.0,0.0,0.0,1.0759999999999998,2.024,0.0028020000000000002,3.1020000000000003,0.0,0.0,0.0,0.0,0.0,0.0,0.0,0.0,0.0,0.0,0.0,0.0,0.0,0.0,0.0,0.0,vectored,random,2,2026-08-01T12:45:31+00:00
foldedclos_32_4_4_4_0p5_5nm_TT_0V7_25C_800MHz,foldedclos,data_width=32;terminals_per_leaf=4;num_leaves=4;num_spines=4;oversubscription=0.5,5nm,TT,0.7,25.0,1.25,800.0,32,4,4,4,0.5,V-2023.12-SP4,15675,15675,0,554.341194,554.341194,0.0,0.0,0.0,1.01,0.04,0.0,0,V-2023.12-SP4,11876,11876,0,389.61,389.61,0.0,788.3736,0.4942,0.0,0.0,1.04,0.01,0.0,0,V-2023.12-SP3,V-2023.12-SP4,0.49720000000000003,1.147,0.00276,1.647,1.6442,2.05525,0.0,0.0,0.0,0.0,0.0,0.0,0.0,0.0,0.49720000000000003,1.147,0.00276,1.647,0.0,0.0,0.0,0.0,0.0,0.0,0.0,0.0,0.0,0.0,0.0,0.0,0.0,0.0,0.0,0.0,vectored,fixed_route,2,2026-08-01T12:45:46+00:00
foldedclos_32_8_4_4_0p5_5nm_TT_0V7_25C_1333p33MHz,foldedclos,data_width=32;terminals_per_leaf=8;num_leaves=4;num_spines=4;oversubscription=0.5,5nm,TT,0.7,25.0,0.75,1333.3333333333333,32,8,4,4,0.5,V-2023.12-SP4,61502,61502,0,2226.571176,2226.571176,0.0,0.0,0.0,0.55,0.0,0.0,0,V-2023.12-SP4,48381,48381,0,1618.51,1618.51,0.0,3171.378,0.5103,0.0,0.0,0.75,-0.2,-48.06,1057,V-2023.12-SP3,V-2023.12-SP4,2.662,7.354,0.0123,10.0,10.016,7.5120000000000005,0.0,0.0,0.0,0.0,0.0,0.0,0.0,0.0,2.662,7.354,0.0123,10.0,0.0,0.0,0.0,0.0,0.0,0.0,0.0,0.0,0.0,0.0,0.0,0.0,0.0,0.0,0.0,0.0,unvectored,none,2,2026-08-01T13:41:57+00:00
foldedclos_32_8_4_4_0p5_5nm_TT_0V7_25C_1333p33MHz,foldedclos,data_width=32;terminals_per_leaf=8;num_leaves=4;num_spines=4;oversubscription=0.5,5nm,TT,0.7,25.0,0.75,1333.3333333333333,32,8,4,4,0.5,V-2023.12-SP4,61502,61502,0,2226.571176,2226.571176,0.0,0.0,0.0,0.55,0.0,0.0,0,V-2023.12-SP4,48381,48381,0,1618.51,1618.51,0.0,3171.378,0.5103,0.0,0.0,0.75,-0.2,-48.06,1057,V-2023.12-SP3,V-2023.12-SP4,3.9170000000000003,10.1,0.01219,14.0,14.017,10.51275,0.0,0.0,0.0,0.0,0.0,0.0,0.0,0.0,3.9170000000000003,10.1,0.01219,14.0,0.0,0.0,0.0,0.0,0.0,0.0,0.0,0.0,0.0,0.0,0.0,0.0,0.0,0.0,0.0,0.0,vectored,random,2,2026-08-01T13:42:18+00:00
foldedclos_32_8_4_4_0p5_5nm_TT_0V7_25C_1333p33MHz,foldedclos,data_width=32;terminals_per_leaf=8;num_leaves=4;num_spines=4;oversubscription=0.5,5nm,TT,0.7,25.0,0.75,1333.3333333333333,32,8,4,4,0.5,V-2023.12-SP4,61502,61502,0,2226.571176,2226.571176,0.0,0.0,0.0,0.55,0.0,0.0,0,V-2023.12-SP4,48381,48381,0,1618.51,1618.51,0.0,3171.378,0.5103,0.0,0.0,0.75,-0.2,-48.06,1057,V-2023.12-SP3,V-2023.12-SP4,1.8259999999999998,6.218,0.012,8.056000000000001,8.044,6.033,0.0,0.0,0.0,0.0,0.0,0.0,0.0,0.0,1.8259999999999998,6.218,0.012,8.056000000000001,0.0,0.0,0.0,0.0,0.0,0.0,0.0,0.0,0.0,0.0,0.0,0.0,0.0,0.0,0.0,0.0,vectored,fixed_route,2,2026-08-01T13:42:42+00:00
foldedclos_32_8_4_4_0p5_5nm_TT_0V7_25C_800MHz,foldedclos,data_width=32;terminals_per_leaf=8;num_leaves=4;num_spines=4;oversubscription=0.5,5nm,TT,0.7,25.0,1.25,800.0,32,8,4,4,0.5,V-2023.12-SP4,63521,63521,0,2343.045574,2343.045574,0.0,0.0,0.0,1.05,0.0,0.0,0,V-2023.12-SP4,49965,49965,0,1653.07,1653.07,0.0,3343.2672,0.4944,0.0,0.0,1.19,-0.14,-86.8,1182,V-2023.12-SP3,V-2023.12-SP4,1.921,5.118,0.012490000000000001,7.051,7.039000000000001,8.79875,0.0,0.0,0.0,0.0,0.0,0.0,0.0,0.0,1.921,5.118,0.012490000000000001,7.051,0.0,0.0,0.0,0.0,0.0,0.0,0.0,0.0,0.0,0.0,0.0,0.0,0.0,0.0,0.0,0.0,unvectored,none,2,2026-08-01T14:42:35+00:00
foldedclos_32_8_4_4_0p5_5nm_TT_0V7_25C_800MHz,foldedclos,data_width=32;terminals_per_leaf=8;num_leaves=4;num_spines=4;oversubscription=0.5,5nm,TT,0.7,25.0,1.25,800.0,32,8,4,4,0.5,V-2023.12-SP4,63521,63521,0,2343.045574,2343.045574,0.0,0.0,0.0,1.05,0.0,0.0,0,V-2023.12-SP4,49965,49965,0,1653.07,1653.07,0.0,3343.2672,0.4944,0.0,0.0,1.19,-0.14,-86.8,1182,V-2023.12-SP3,V-2023.12-SP4,3.0469999999999997,7.29,0.012310000000000001,10.3,10.337,12.92125,0.0,0.0,0.0,0.0,0.0,0.0,0.0,0.0,3.0469999999999997,7.29,0.012310000000000001,10.3,0.0,0.0,0.0,0.0,0.0,0.0,0.0,0.0,0.0,0.0,0.0,0.0,0.0,0.0,0.0,0.0,vectored,random,2,2026-08-01T14:42:58+00:00
foldedclos_32_8_4_4_0p5_5nm_TT_0V7_25C_800MHz,foldedclos,data_width=32;terminals_per_leaf=8;num_leaves=4;num_spines=4;oversubscription=0.5,5nm,TT,0.7,25.0,1.25,800.0,32,8,4,4,0.5,V-2023.12-SP4,63521,63521,0,2343.045574,2343.045574,0.0,0.0,0.0,1.05,0.0,0.0,0,V-2023.12-SP4,49965,49965,0,1653.07,1653.07,0.0,3343.2672,0.4944,0.0,0.0,1.19,-0.14,-86.8,1182,V-2023.12-SP3,V-2023.12-SP4,1.425,4.460000000000001,0.012119999999999999,5.897,5.885000000000001,7.356250000000001,0.0,0.0,0.0,0.0,0.0,0.0,0.0,0.0,1.425,4.460000000000001,0.012119999999999999,5.897,0.0,0.0,0.0,0.0,0.0,0.0,0.0,0.0,0.0,0.0,0.0,0.0,0.0,0.0,0.0,0.0,vectored,fixed_route,2,2026-08-01T14:43:19+00:00
foldedclos_32_4_4_4_0p25_5nm_TT_0V7_25C_1333p33MHz,foldedclos,data_width=32;terminals_per_leaf=4;num_leaves=4;num_spines=4;oversubscription=0.25,5nm,TT,0.7,25.0,0.75,1333.3333333333333,32,4,4,4,0.25,V-2023.12-SP4,15763,15763,0,563.102394,563.102394,0.0,0.0,0.0,0.55,0.0,0.0,0,V-2023.12-SP4,12097,12097,0,394.44,394.44,0.0,800.1504,0.493,0.0,0.0,0.57,-0.02,-0.61,135,V-2023.12-SP3,V-2023.12-SP4,0.895,2.025,0.002904,2.9229999999999996,2.92,2.19,0.0,0.0,0.0,0.0,0.0,0.0,0.0,0.0,0.895,2.025,0.002904,2.9229999999999996,0.0,0.0,0.0,0.0,0.0,0.0,0.0,0.0,0.0,0.0,0.0,0.0,0.0,0.0,0.0,0.0,unvectored,none,2,2026-08-01T15:01:41+00:00
foldedclos_32_4_4_4_0p25_5nm_TT_0V7_25C_1333p33MHz,foldedclos,data_width=32;terminals_per_leaf=4;num_leaves=4;num_spines=4;oversubscription=0.25,5nm,TT,0.7,25.0,0.75,1333.3333333333333,32,4,4,4,0.25,V-2023.12-SP4,15763,15763,0,563.102394,563.102394,0.0,0.0,0.0,0.55,0.0,0.0,0,V-2023.12-SP4,12097,12097,0,394.44,394.44,0.0,800.1504,0.493,0.0,0.0,0.57,-0.02,-0.61,135,V-2023.12-SP3,V-2023.12-SP4,1.438,2.928,0.0028710000000000003,4.369,4.366,3.2744999999999997,0.0,0.0,0.0,0.0,0.0,0.0,0.0,0.0,1.438,2.928,0.0028710000000000003,4.369,0.0,0.0,0.0,0.0,0.0,0.0,0.0,0.0,0.0,0.0,0.0,0.0,0.0,0.0,0.0,0.0,vectored,random,2,2026-08-01T15:01:54+00:00
foldedclos_32_4_4_4_0p25_5nm_TT_0V7_25C_1333p33MHz,foldedclos,data_width=32;terminals_per_leaf=4;num_leaves=4;num_spines=4;oversubscription=0.25,5nm,TT,0.7,25.0,0.75,1333.3333333333333,32,4,4,4,0.25,V-2023.12-SP4,15763,15763,0,563.102394,563.102394,0.0,0.0,0.0,0.55,0.0,0.0,0,V-2023.12-SP4,12097,12097,0,394.44,394.44,0.0,800.1504,0.493,0.0,0.0,0.57,-0.02,-0.61,135,V-2023.12-SP3,V-2023.12-SP4,0.6786,1.645,0.002824,2.326,2.3236,1.7427,0.0,0.0,0.0,0.0,0.0,0.0,0.0,0.0,0.6786,1.645,0.002824,2.326,0.0,0.0,0.0,0.0,0.0,0.0,0.0,0.0,0.0,0.0,0.0,0.0,0.0,0.0,0.0,0.0,vectored,fixed_route,2,2026-08-01T15:02:06+00:00
foldedclos_32_4_4_4_0p25_5nm_TT_0V7_25C_800MHz,foldedclos,data_width=32;terminals_per_leaf=4;num_leaves=4;num_spines=4;oversubscription=0.25,5nm,TT,0.7,25.0,1.25,800.0,32,4,4,4,0.25,V-2023.12-SP4,15675,15675,0,554.341194,554.341194,0.0,0.0,0.0,1.01,0.04,0.0,0,V-2023.12-SP4,11876,11876,0,389.61,389.61,0.0,788.3736,0.4942,0.0,0.0,1.04,0.01,0.0,0,V-2023.12-SP3,V-2023.12-SP4,0.6374,1.358,0.002861,1.9989999999999999,1.9954,2.49425,0.0,0.0,0.0,0.0,0.0,0.0,0.0,0.0,0.6374,1.358,0.002861,1.9989999999999999,0.0,0.0,0.0,0.0,0.0,0.0,0.0,0.0,0.0,0.0,0.0,0.0,0.0,0.0,0.0,0.0,unvectored,none,2,2026-08-01T15:16:21+00:00
foldedclos_32_4_4_4_0p25_5nm_TT_0V7_25C_800MHz,foldedclos,data_width=32;terminals_per_leaf=4;num_leaves=4;num_spines=4;oversubscription=0.25,5nm,TT,0.7,25.0,1.25,800.0,32,4,4,4,0.25,V-2023.12-SP4,15675,15675,0,554.341194,554.341194,0.0,0.0,0.0,1.01,0.04,0.0,0,V-2023.12-SP4,11876,11876,0,389.61,389.61,0.0,788.3736,0.4942,0.0,0.0,1.04,0.01,0.0,0,V-2023.12-SP3,V-2023.12-SP4,1.0759999999999998,2.024,0.0028020000000000002,3.1020000000000003,3.0999999999999996,3.8749999999999996,0.0,0.0,0.0,0.0,0.0,0.0,0.0,0.0,1.0759999999999998,2.024,0.0028020000000000002,3.1020000000000003,0.0,0.0,0.0,0.0,0.0,0.0,0.0,0.0,0.0,0.0,0.0,0.0,0.0,0.0,0.0,0.0,vectored,random,2,2026-08-01T15:16:34+00:00
foldedclos_32_4_4_4_0p25_5nm_TT_0V7_25C_800MHz,foldedclos,data_width=32;terminals_per_leaf=4;num_leaves=4;num_spines=4;oversubscription=0.25,5nm,TT,0.7,25.0,1.25,800.0,32,4,4,4,0.25,V-2023.12-SP4,15675,15675,0,554.341194,554.341194,0.0,0.0,0.0,1.01,0.04,0.0,0,V-2023.12-SP4,11876,11876,0,389.61,389.61,0.0,788.3736,0.4942,0.0,0.0,1.04,0.01,0.0,0,V-2023.12-SP3,V-2023.12-SP4,0.49720000000000003,1.147,0.00276,1.647,1.6442,2.05525,0.0,0.0,0.0,0.0,0.0,0.0,0.0,0.0,0.49720000000000003,1.147,0.00276,1.647,0.0,0.0,0.0,0.0,0.0,0.0,0.0,0.0,0.0,0.0,0.0,0.0,0.0,0.0,0.0,0.0,vectored,fixed_route,2,2026-08-01T15:16:45+00:00
foldedclos_32_4_8_4_0p5_5nm_TT_0V7_25C_1333p33MHz,foldedclos,data_width=32;terminals_per_leaf=4;num_leaves=8;num_spines=4;oversubscription=0.5,5nm,TT,0.7,25.0,0.75,1333.3333333333333,32,4,8,4,0.5,V-2023.12-SP4,61502,61502,0,2226.571176,2226.571176,0.0,0.0,0.0,0.55,0.0,0.0,0,V-2023.12-SP4,48381,48381,0,1618.51,1618.51,0.0,3171.378,0.5103,0.0,0.0,0.75,-0.2,-47.71,1054,V-2023.12-SP3,V-2023.12-SP4,2.663,7.355,0.0123,10.0,10.018,7.5135000000000005,0.0,0.0,0.0,0.0,0.0,0.0,0.0,0.0,2.663,7.355,0.0123,10.0,0.0,0.0,0.0,0.0,0.0,0.0,0.0,0.0,0.0,0.0,0.0,0.0,0.0,0.0,0.0,0.0,unvectored,none,2,2026-08-01T16:35:30+00:00
foldedclos_32_4_8_4_0p5_5nm_TT_0V7_25C_1333p33MHz,foldedclos,data_width=32;terminals_per_leaf=4;num_leaves=8;num_spines=4;oversubscription=0.5,5nm,TT,0.7,25.0,0.75,1333.3333333333333,32,4,8,4,0.5,V-2023.12-SP4,61502,61502,0,2226.571176,2226.571176,0.0,0.0,0.0,0.55,0.0,0.0,0,V-2023.12-SP4,48381,48381,0,1618.51,1618.51,0.0,3171.378,0.5103,0.0,0.0,0.75,-0.2,-47.71,1054,V-2023.12-SP3,V-2023.12-SP4,3.9170000000000003,10.1,0.01219,14.0,14.017,10.51275,0.0,0.0,0.0,0.0,0.0,0.0,0.0,0.0,3.9170000000000003,10.1,0.01219,14.0,0.0,0.0,0.0,0.0,0.0,0.0,0.0,0.0,0.0,0.0,0.0,0.0,0.0,0.0,0.0,0.0,vectored,random,2,2026-08-01T16:35:48+00:00
foldedclos_32_4_8_4_0p5_5nm_TT_0V7_25C_1333p33MHz,foldedclos,data_width=32;terminals_per_leaf=4;num_leaves=8;num_spines=4;oversubscription=0.5,5nm,TT,0.7,25.0,0.75,1333.3333333333333,32,4,8,4,0.5,V-2023.12-SP4,61502,61502,0,2226.571176,2226.571176,0.0,0.0,0.0,0.55,0.0,0.0,0,V-2023.12-SP4,48381,48381,0,1618.51,1618.51,0.0,3171.378,0.5103,0.0,0.0,0.75,-0.2,-47.71,1054,V-2023.12-SP3,V-2023.12-SP4,1.8259999999999998,6.218999999999999,0.012,8.057,8.045,6.0337499999999995,0.0,0.0,0.0,0.0,0.0,0.0,0.0,0.0,1.8259999999999998,6.218999999999999,0.012,8.057,0.0,0.0,0.0,0.0,0.0,0.0,0.0,0.0,0.0,0.0,0.0,0.0,0.0,0.0,0.0,0.0,vectored,fixed_route,2,2026-08-01T16:36:03+00:00
foldedclos_32_4_8_4_0p5_5nm_TT_0V7_25C_800MHz,foldedclos,data_width=32;terminals_per_leaf=4;num_leaves=8;num_spines=4;oversubscription=0.5,5nm,TT,0.7,25.0,1.25,800.0,32,4,8,4,0.5,V-2023.12-SP4,63521,63521,0,2343.045574,2343.045574,0.0,0.0,0.0,1.05,0.0,0.0,0,V-2023.12-SP4,49965,49965,0,1653.07,1653.07,0.0,3343.2672,0.4944,0.0,0.0,1.2,-0.15,-86.43,1180,V-2023.12-SP3,V-2023.12-SP4,1.921,5.117,0.012490000000000001,7.05,7.038,8.7975,0.0,0.0,0.0,0.0,0.0,0.0,0.0,0.0,1.921,5.117,0.012490000000000001,7.05,0.0,0.0,0.0,0.0,0.0,0.0,0.0,0.0,0.0,0.0,0.0,0.0,0.0,0.0,0.0,0.0,unvectored,none,2,2026-08-01T17:31:00+00:00
foldedclos_32_4_8_4_0p5_5nm_TT_0V7_25C_800MHz,foldedclos,data_width=32;terminals_per_leaf=4;num_leaves=8;num_spines=4;oversubscription=0.5,5nm,TT,0.7,25.0,1.25,800.0,32,4,8,4,0.5,V-2023.12-SP4,63521,63521,0,2343.045574,2343.045574,0.0,0.0,0.0,1.05,0.0,0.0,0,V-2023.12-SP4,49965,49965,0,1653.07,1653.07,0.0,3343.2672,0.4944,0.0,0.0,1.2,-0.15,-86.43,1180,V-2023.12-SP3,V-2023.12-SP4,3.0469999999999997,7.29,0.012310000000000001,10.3,10.337,12.92125,0.0,0.0,0.0,0.0,0.0,0.0,0.0,0.0,3.0469999999999997,7.29,0.012310000000000001,10.3,0.0,0.0,0.0,0.0,0.0,0.0,0.0,0.0,0.0,0.0,0.0,0.0,0.0,0.0,0.0,0.0,vectored,random,2,2026-08-01T17:31:15+00:00
foldedclos_32_4_8_4_0p5_5nm_TT_0V7_25C_800MHz,foldedclos,data_width=32;terminals_per_leaf=4;num_leaves=8;num_spines=4;oversubscription=0.5,5nm,TT,0.7,25.0,1.25,800.0,32,4,8,4,0.5,V-2023.12-SP4,63521,63521,0,2343.045574,2343.045574,0.0,0.0,0.0,1.05,0.0,0.0,0,V-2023.12-SP4,49965,49965,0,1653.07,1653.07,0.0,3343.2672,0.4944,0.0,0.0,1.2,-0.15,-86.43,1180,V-2023.12-SP3,V-2023.12-SP4,1.425,4.4590000000000005,0.012119999999999999,5.897,5.884,7.355,0.0,0.0,0.0,0.0,0.0,0.0,0.0,0.0,1.425,4.4590000000000005,0.012119999999999999,5.897,0.0,0.0,0.0,0.0,0.0,0.0,0.0,0.0,0.0,0.0,0.0,0.0,0.0,0.0,0.0,0.0,vectored,fixed_route,2,2026-08-01T17:31:28+00:00
foldedclos_32_8_8_4_1p0_5nm_TT_0V7_25C_800MHz,foldedclos,data_width=32;terminals_per_leaf=8;num_leaves=8;num_spines=4;oversubscription=1.0,5nm,TT,0.7,25.0,1.25,800.0,32,8,8,4,1.0,V-2023.12-SP4,252655,252655,0,9311.307497,9311.307497,0.0,0.0,0.0,1.05,0.0,0.0,0,V-2023.12-SP4,204032,204032,0,6783.29,6783.29,0.0,13288.0944,0.5105,0.0,0.0,1.18,-0.13,-19.98,835,V-2023.12-SP3,V-2023.12-SP4,5.5329999999999995,19.099999999999998,0.05236,24.7,24.632999999999996,30.791249999999994,0.0,0.0,0.0,0.0,0.0,0.0,0.0,0.0,5.5329999999999995,19.099999999999998,0.05236,24.7,0.0,0.0,0.0,0.0,0.0,0.0,0.0,0.0,0.0,0.0,0.0,0.0,0.0,0.0,0.0,0.0,unvectored,none,2,2026-08-01T17:43:29+00:00
foldedclos_32_8_8_4_1p0_5nm_TT_0V7_25C_800MHz,foldedclos,data_width=32;terminals_per_leaf=8;num_leaves=8;num_spines=4;oversubscription=1.0,5nm,TT,0.7,25.0,1.25,800.0,32,8,8,4,1.0,V-2023.12-SP4,252655,252655,0,9311.307497,9311.307497,0.0,0.0,0.0,1.05,0.0,0.0,0,V-2023.12-SP4,204032,204032,0,6783.29,6783.29,0.0,13288.0944,0.5105,0.0,0.0,1.18,-0.13,-19.98,835,V-2023.12-SP3,V-2023.12-SP4,7.837000000000001,25.4,0.05194,33.300000000000004,33.237,41.54625,0.0,0.0,0.0,0.0,0.0,0.0,0.0,0.0,7.837000000000001,25.4,0.05194,33.300000000000004,0.0,0.0,0.0,0.0,0.0,0.0,0.0,0.0,0.0,0.0,0.0,0.0,0.0,0.0,0.0,0.0,vectored,random,2,2026-08-01T17:44:09+00:00
foldedclos_32_8_8_4_1p0_5nm_TT_0V7_25C_800MHz,foldedclos,data_width=32;terminals_per_leaf=8;num_leaves=8;num_spines=4;oversubscription=1.0,5nm,TT,0.7,25.0,1.25,800.0,32,8,8,4,1.0,V-2023.12-SP4,252655,252655,0,9311.307497,9311.307497,0.0,0.0,0.0,1.05,0.0,0.0,0,V-2023.12-SP4,204032,204032,0,6783.29,6783.29,0.0,13288.0944,0.5105,0.0,0.0,1.18,-0.13,-19.98,835,V-2023.12-SP3,V-2023.12-SP4,4.059,18.2,0.05135,22.4,22.259,27.82375,0.0,0.0,0.0,0.0,0.0,0.0,0.0,0.0,4.059,18.2,0.05135,22.4,0.0,0.0,0.0,0.0,0.0,0.0,0.0,0.0,0.0,0.0,0.0,0.0,0.0,0.0,0.0,0.0,vectored,fixed_route,2,2026-08-01T17:44:42+00:00
foldedclos_32_2_2_2_1p0_10nm_TT_0V8_25C_1333p33MHz,foldedclos,data_width=32;terminals_per_leaf=2;num_leaves=2;num_spines=2;oversubscription=1.0,10nm,TT,0.8,25.0,0.75,1333.3333333333333,32,2,2,2,1.0,V-2023.12-SP4,472,472,0,59.443202,59.443202,0.0,0.0,0.0,0.54,0.01,0.0,0,V-2023.12-SP4,471,471,0,59.63,59.63,0.0,81.2544,0.7338,0.0,0.0,0.53,0.02,0.0,0,V-2023.12-SP3,V-2023.12-SP4,0.08285,0.1105,0.0001509,0.19349999999999998,0.19335,0.1450125,0.0,0.0,0.0,0.0,0.0,0.0,0.0,0.0,0.08285,0.1105,0.0001509,0.19349999999999998,0.0,0.0,0.0,0.0,0.0,0.0,0.0,0.0,0.0,0.0,0.0,0.0,0.0,0.0,0.0,0.0,unvectored,none,2,2026-08-03T02:49:21+00:00
foldedclos_32_2_2_2_1p0_10nm_TT_0V8_25C_1333p33MHz,foldedclos,data_width=32;terminals_per_leaf=2;num_leaves=2;num_spines=2;oversubscription=1.0,10nm,TT,0.8,25.0,0.75,1333.3333333333333,32,2,2,2,1.0,V-2023.12-SP4,472,472,0,59.443202,59.443202,0.0,0.0,0.0,0.54,0.01,0.0,0,V-2023.12-SP4,471,471,0,59.63,59.63,0.0,81.2544,0.7338,0.0,0.0,0.53,0.02,0.0,0,V-2023.12-SP3,V-2023.12-SP4,0.1542,0.1854,0.0001504,0.3397,0.3396,0.25470000000000004,0.0,0.0,0.0,0.0,0.0,0.0,0.0,0.0,0.1542,0.1854,0.0001504,0.3397,0.0,0.0,0.0,0.0,0.0,0.0,0.0,0.0,0.0,0.0,0.0,0.0,0.0,0.0,0.0,0.0,vectored,random,2,2026-08-03T02:49:30+00:00
foldedclos_32_2_2_2_1p0_10nm_TT_0V8_25C_1333p33MHz,foldedclos,data_width=32;terminals_per_leaf=2;num_leaves=2;num_spines=2;oversubscription=1.0,10nm,TT,0.8,25.0,0.75,1333.3333333333333,32,2,2,2,1.0,V-2023.12-SP4,472,472,0,59.443202,59.443202,0.0,0.0,0.0,0.54,0.01,0.0,0,V-2023.12-SP4,471,471,0,59.63,59.63,0.0,81.2544,0.7338,0.0,0.0,0.53,0.02,0.0,0,V-2023.12-SP3,V-2023.12-SP4,0.06266,0.04756,0.0001509,0.1104,0.11021999999999998,0.08266499999999999,0.0,0.0,0.0,0.0,0.0,0.0,0.0,0.0,0.06266,0.04756,0.0001509,0.1104,0.0,0.0,0.0,0.0,0.0,0.0,0.0,0.0,0.0,0.0,0.0,0.0,0.0,0.0,0.0,0.0,vectored,fixed_route,2,2026-08-03T02:49:38+00:00
foldedclos_32_2_2_2_1p0_10nm_TT_0V8_25C_800MHz,foldedclos,data_width=32;terminals_per_leaf=2;num_leaves=2;num_spines=2;oversubscription=1.0,10nm,TT,0.8,25.0,1.25,800.0,32,2,2,2,1.0,V-2023.12-SP4,457,457,0,58.521602,58.521602,0.0,0.0,0.0,0.66,0.39,0.0,0,V-2023.12-SP4,459,459,0,58.86,58.86,0.0,80.5478,0.7307,0.0,0.0,0.73,0.32,0.0,0,V-2023.12-SP3,V-2023.12-SP4,0.05125,0.0649,0.0001488,0.1163,0.11615,0.1451875,0.0,0.0,0.0,0.0,0.0,0.0,0.0,0.0,0.05125,0.0649,0.0001488,0.1163,0.0,0.0,0.0,0.0,0.0,0.0,0.0,0.0,0.0,0.0,0.0,0.0,0.0,0.0,0.0,0.0,unvectored,none,2,2026-08-03T02:52:33+00:00
foldedclos_32_2_2_2_1p0_10nm_TT_0V8_25C_800MHz,foldedclos,data_width=32;terminals_per_leaf=2;num_leaves=2;num_spines=2;oversubscription=1.0,10nm,TT,0.8,25.0,1.25,800.0,32,2,2,2,1.0,V-2023.12-SP4,457,457,0,58.521602,58.521602,0.0,0.0,0.0,0.66,0.39,0.0,0,V-2023.12-SP4,459,459,0,58.86,58.86,0.0,80.5478,0.7307,0.0,0.0,0.73,0.32,0.0,0,V-2023.12-SP3,V-2023.12-SP4,0.09828,0.11349999999999999,0.0001483,0.2119,0.21178,0.264725,0.0,0.0,0.0,0.0,0.0,0.0,0.0,0.0,0.09828,0.11349999999999999,0.0001483,0.2119,0.0,0.0,0.0,0.0,0.0,0.0,0.0,0.0,0.0,0.0,0.0,0.0,0.0,0.0,0.0,0.0,vectored,random,2,2026-08-03T02:52:41+00:00
foldedclos_32_2_2_2_1p0_10nm_TT_0V8_25C_800MHz,foldedclos,data_width=32;terminals_per_leaf=2;num_leaves=2;num_spines=2;oversubscription=1.0,10nm,TT,0.8,25.0,1.25,800.0,32,2,2,2,1.0,V-2023.12-SP4,457,457,0,58.521602,58.521602,0.0,0.0,0.0,0.66,0.39,0.0,0,V-2023.12-SP4,459,459,0,58.86,58.86,0.0,80.5478,0.7307,0.0,0.0,0.73,0.32,0.0,0,V-2023.12-SP3,V-2023.12-SP4,0.03817,0.02786,0.0001483,0.06618,0.06603,0.08253750000000001,0.0,0.0,0.0,0.0,0.0,0.0,0.0,0.0,0.03817,0.02786,0.0001483,0.06618,0.0,0.0,0.0,0.0,0.0,0.0,0.0,0.0,0.0,0.0,0.0,0.0,0.0,0.0,0.0,0.0,vectored,fixed_route,2,2026-08-03T02:52:49+00:00
foldedclos_64_2_2_2_1p0_10nm_TT_0V8_25C_1333p33MHz,foldedclos,data_width=64;terminals_per_leaf=2;num_leaves=2;num_spines=2;oversubscription=1.0,10nm,TT,0.8,25.0,0.75,1333.3333333333333,64,2,2,2,1.0,V-2023.12-SP4,856,856,0,111.820804,111.820804,0.0,0.0,0.0,0.55,0.0,0.0,0,V-2023.12-SP4,866,866,0,114.4,114.4,0.0,154.3373,0.7412,0.0,0.0,0.55,0.0,0.0,0,V-2023.12-SP3,V-2023.12-SP4,0.1607,0.2177,0.0003009,0.3787,0.3784,0.2838,0.0,0.0,0.0,0.0,0.0,0.0,0.0,0.0,0.1607,0.2177,0.0003009,0.3787,0.0,0.0,0.0,0.0,0.0,0.0,0.0,0.0,0.0,0.0,0.0,0.0,0.0,0.0,0.0,0.0,unvectored,none,2,2026-08-03T02:56:42+00:00
foldedclos_64_2_2_2_1p0_10nm_TT_0V8_25C_1333p33MHz,foldedclos,data_width=64;terminals_per_leaf=2;num_leaves=2;num_spines=2;oversubscription=1.0,10nm,TT,0.8,25.0,0.75,1333.3333333333333,64,2,2,2,1.0,V-2023.12-SP4,856,856,0,111.820804,111.820804,0.0,0.0,0.0,0.55,0.0,0.0,0,V-2023.12-SP4,866,866,0,114.4,114.4,0.0,154.3373,0.7412,0.0,0.0,0.55,0.0,0.0,0,V-2023.12-SP3,V-2023.12-SP4,0.299,0.37520000000000003,0.0002993,0.6744,0.6742,0.50565,0.0,0.0,0.0,0.0,0.0,0.0,0.0,0.0,0.299,0.37520000000000003,0.0002993,0.6744,0.0,0.0,0.0,0.0,0.0,0.0,0.0,0.0,0.0,0.0,0.0,0.0,0.0,0.0,0.0,0.0,vectored,random,2,2026-08-03T02:56:49+00:00
foldedclos_64_2_2_2_1p0_10nm_TT_0V8_25C_1333p33MHz,foldedclos,data_width=64;terminals_per_leaf=2;num_leaves=2;num_spines=2;oversubscription=1.0,10nm,TT,0.8,25.0,0.75,1333.3333333333333,64,2,2,2,1.0,V-2023.12-SP4,856,856,0,111.820804,111.820804,0.0,0.0,0.0,0.55,0.0,0.0,0,V-2023.12-SP4,866,866,0,114.4,114.4,0.0,154.3373,0.7412,0.0,0.0,0.55,0.0,0.0,0,V-2023.12-SP3,V-2023.12-SP4,0.1257,0.108,0.0002995,0.2339,0.23370000000000002,0.17527500000000001,0.0,0.0,0.0,0.0,0.0,0.0,0.0,0.0,0.1257,0.108,0.0002995,0.2339,0.0,0.0,0.0,0.0,0.0,0.0,0.0,0.0,0.0,0.0,0.0,0.0,0.0,0.0,0.0,0.0,vectored,fixed_route,2,2026-08-03T02:56:55+00:00
foldedclos_64_2_2_2_1p0_10nm_TT_0V8_25C_800MHz,foldedclos,data_width=64;terminals_per_leaf=2;num_leaves=2;num_spines=2;oversubscription=1.0,10nm,TT,0.8,25.0,1.25,800.0,64,2,2,2,1.0,V-2023.12-SP4,848,848,0,111.083524,111.083524,0.0,0.0,0.0,0.74,0.31,0.0,0,V-2023.12-SP4,862,862,0,112.07,112.07,0.0,154.3373,0.7261,0.0,0.0,0.71,0.34,0.0,0,V-2023.12-SP3,V-2023.12-SP4,0.09512,0.1297,0.0002833,0.2251,0.22482000000000002,0.281025,0.0,0.0,0.0,0.0,0.0,0.0,0.0,0.0,0.09512,0.1297,0.0002833,0.2251,0.0,0.0,0.0,0.0,0.0,0.0,0.0,0.0,0.0,0.0,0.0,0.0,0.0,0.0,0.0,0.0,unvectored,none,2,2026-08-03T03:00:40+00:00
foldedclos_64_2_2_2_1p0_10nm_TT_0V8_25C_800MHz,foldedclos,data_width=64;terminals_per_leaf=2;num_leaves=2;num_spines=2;oversubscription=1.0,10nm,TT,0.8,25.0,1.25,800.0,64,2,2,2,1.0,V-2023.12-SP4,848,848,0,111.083524,111.083524,0.0,0.0,0.0,0.74,0.31,0.0,0,V-2023.12-SP4,862,862,0,112.07,112.07,0.0,154.3373,0.7261,0.0,0.0,0.71,0.34,0.0,0,V-2023.12-SP3,V-2023.12-SP4,0.18159999999999998,0.22870000000000001,0.0002819,0.4106,0.4103,0.512875,0.0,0.0,0.0,0.0,0.0,0.0,0.0,0.0,0.18159999999999998,0.22870000000000001,0.0002819,0.4106,0.0,0.0,0.0,0.0,0.0,0.0,0.0,0.0,0.0,0.0,0.0,0.0,0.0,0.0,0.0,0.0,vectored,random,2,2026-08-03T03:00:47+00:00
foldedclos_64_2_2_2_1p0_10nm_TT_0V8_25C_800MHz,foldedclos,data_width=64;terminals_per_leaf=2;num_leaves=2;num_spines=2;oversubscription=1.0,10nm,TT,0.8,25.0,1.25,800.0,64,2,2,2,1.0,V-2023.12-SP4,848,848,0,111.083524,111.083524,0.0,0.0,0.0,0.74,0.31,0.0,0,V-2023.12-SP4,862,862,0,112.07,112.07,0.0,154.3373,0.7261,0.0,0.0,0.71,0.34,0.0,0,V-2023.12-SP3,V-2023.12-SP4,0.07578,0.06408,0.000282,0.1401,0.13985999999999998,0.17482499999999998,0.0,0.0,0.0,0.0,0.0,0.0,0.0,0.0,0.07578,0.06408,0.000282,0.1401,0.0,0.0,0.0,0.0,0.0,0.0,0.0,0.0,0.0,0.0,0.0,0.0,0.0,0.0,0.0,0.0,vectored,fixed_route,2,2026-08-03T03:00:53+00:00
foldedclos_32_4_4_2_1p0_10nm_TT_0V8_25C_1333p33MHz,foldedclos,data_width=32;terminals_per_leaf=4;num_leaves=4;num_spines=2;oversubscription=1.0,10nm,TT,0.8,25.0,0.75,1333.3333333333333,32,4,4,2,1.0,V-2023.12-SP4,13725,13725,0,1590.190079,1590.190079,0.0,0.0,0.0,0.55,0.0,0.0,0,V-2023.12-SP4,11406,11406,0,1345.35,1345.35,0.0,2266.5216,0.5936,0.0,0.0,0.61,-0.06,-11.21,457,V-2023.12-SP3,V-2023.12-SP4,1.211,2.35,0.003791,3.565,3.561,2.67075,0.0,0.0,0.0,0.0,0.0,0.0,0.0,0.0,1.211,2.35,0.003791,3.565,0.0,0.0,0.0,0.0,0.0,0.0,0.0,0.0,0.0,0.0,0.0,0.0,0.0,0.0,0.0,0.0,unvectored,none,2,2026-08-03T03:20:21+00:00
foldedclos_32_4_4_2_1p0_10nm_TT_0V8_25C_1333p33MHz,foldedclos,data_width=32;terminals_per_leaf=4;num_leaves=4;num_spines=2;oversubscription=1.0,10nm,TT,0.8,25.0,0.75,1333.3333333333333,32,4,4,2,1.0,V-2023.12-SP4,13725,13725,0,1590.190079,1590.190079,0.0,0.0,0.0,0.55,0.0,0.0,0,V-2023.12-SP4,11406,11406,0,1345.35,1345.35,0.0,2266.5216,0.5936,0.0,0.0,0.61,-0.06,-11.21,457,V-2023.12-SP3,V-2023.12-SP4,1.95,3.535,0.0037359999999999997,5.489,5.485,4.1137500000000005,0.0,0.0,0.0,0.0,0.0,0.0,0.0,0.0,1.95,3.535,0.0037359999999999997,5.489,0.0,0.0,0.0,0.0,0.0,0.0,0.0,0.0,0.0,0.0,0.0,0.0,0.0,0.0,0.0,0.0,vectored,random,2,2026-08-03T03:20:34+00:00
foldedclos_32_4_4_2_1p0_10nm_TT_0V8_25C_1333p33MHz,foldedclos,data_width=32;terminals_per_leaf=4;num_leaves=4;num_spines=2;oversubscription=1.0,10nm,TT,0.8,25.0,0.75,1333.3333333333333,32,4,4,2,1.0,V-2023.12-SP4,13725,13725,0,1590.190079,1590.190079,0.0,0.0,0.0,0.55,0.0,0.0,0,V-2023.12-SP4,11406,11406,0,1345.35,1345.35,0.0,2266.5216,0.5936,0.0,0.0,0.61,-0.06,-11.21,457,V-2023.12-SP3,V-2023.12-SP4,0.9051,1.83,0.003681,2.7390000000000003,2.7351,2.0513250000000003,0.0,0.0,0.0,0.0,0.0,0.0,0.0,0.0,0.9051,1.83,0.003681,2.7390000000000003,0.0,0.0,0.0,0.0,0.0,0.0,0.0,0.0,0.0,0.0,0.0,0.0,0.0,0.0,0.0,0.0,vectored,fixed_route,2,2026-08-03T03:20:48+00:00
foldedclos_32_4_4_2_1p0_10nm_TT_0V8_25C_800MHz,foldedclos,data_width=32;terminals_per_leaf=4;num_leaves=4;num_spines=2;oversubscription=1.0,10nm,TT,0.8,25.0,1.25,800.0,32,4,4,2,1.0,V-2023.12-SP4,8281,8281,0,1084.3853,1084.3853,0.0,0.0,0.0,1.05,0.0,0.0,0,V-2023.12-SP4,8225,8225,0,1091.79,1091.79,0.0,1538.519,0.7096,0.0,0.0,1.04,0.01,0.0,0,V-2023.12-SP3,V-2023.12-SP4,0.5373,1.0610000000000002,0.003062,1.601,1.5983,1.997875,0.0,0.0,0.0,0.0,0.0,0.0,0.0,0.0,0.5373,1.0610000000000002,0.003062,1.601,0.0,0.0,0.0,0.0,0.0,0.0,0.0,0.0,0.0,0.0,0.0,0.0,0.0,0.0,0.0,0.0,unvectored,none,2,2026-08-03T03:59:26+00:00
foldedclos_32_4_4_2_1p0_10nm_TT_0V8_25C_800MHz,foldedclos,data_width=32;terminals_per_leaf=4;num_leaves=4;num_spines=2;oversubscription=1.0,10nm,TT,0.8,25.0,1.25,800.0,32,4,4,2,1.0,V-2023.12-SP4,8281,8281,0,1084.3853,1084.3853,0.0,0.0,0.0,1.05,0.0,0.0,0,V-2023.12-SP4,8225,8225,0,1091.79,1091.79,0.0,1538.519,0.7096,0.0,0.0,1.04,0.01,0.0,0,V-2023.12-SP3,V-2023.12-SP4,0.8628,1.556,0.003017,2.422,2.4188,3.0235000000000003,0.0,0.0,0.0,0.0,0.0,0.0,0.0,0.0,0.8628,1.556,0.003017,2.422,0.0,0.0,0.0,0.0,0.0,0.0,0.0,0.0,0.0,0.0,0.0,0.0,0.0,0.0,0.0,0.0,vectored,random,2,2026-08-03T03:59:39+00:00
foldedclos_32_4_4_2_1p0_10nm_TT_0V8_25C_800MHz,foldedclos,data_width=32;terminals_per_leaf=4;num_leaves=4;num_spines=2;oversubscription=1.0,10nm,TT,0.8,25.0,1.25,800.0,32,4,4,2,1.0,V-2023.12-SP4,8281,8281,0,1084.3853,1084.3853,0.0,0.0,0.0,1.05,0.0,0.0,0,V-2023.12-SP4,8225,8225,0,1091.79,1091.79,0.0,1538.519,0.7096,0.0,0.0,1.04,0.01,0.0,0,V-2023.12-SP3,V-2023.12-SP4,0.4027,0.7697,0.002957,1.175,1.1724,1.4655,0.0,0.0,0.0,0.0,0.0,0.0,0.0,0.0,0.4027,0.7697,0.002957,1.175,0.0,0.0,0.0,0.0,0.0,0.0,0.0,0.0,0.0,0.0,0.0,0.0,0.0,0.0,0.0,0.0,vectored,fixed_route,2,2026-08-03T03:59:51+00:00
foldedclos_64_4_4_2_1p0_10nm_TT_0V8_25C_1333p33MHz,foldedclos,data_width=64;terminals_per_leaf=4;num_leaves=4;num_spines=2;oversubscription=1.0,10nm,TT,0.8,25.0,0.75,1333.3333333333333,64,4,4,2,1.0,V-2023.12-SP4,26127,26127,0,3016.519674,3016.519674,0.0,0.0,0.0,0.55,0.0,0.0,0,V-2023.12-SP4,21750,21750,0,2627.14,2627.14,0.0,4282.368,0.6135,0.0,0.0,0.69,-0.14,-2.27,195,V-2023.12-SP3,V-2023.12-SP4,2.346,4.714,0.007627,7.067,7.0600000000000005,5.295,0.0,0.0,0.0,0.0,0.0,0.0,0.0,0.0,2.346,4.714,0.007627,7.067,0.0,0.0,0.0,0.0,0.0,0.0,0.0,0.0,0.0,0.0,0.0,0.0,0.0,0.0,0.0,0.0,unvectored,none,2,2026-08-03T05:06:21+00:00
foldedclos_64_4_4_2_1p0_10nm_TT_0V8_25C_1333p33MHz,foldedclos,data_width=64;terminals_per_leaf=4;num_leaves=4;num_spines=2;oversubscription=1.0,10nm,TT,0.8,25.0,0.75,1333.3333333333333,64,4,4,2,1.0,V-2023.12-SP4,26127,26127,0,3016.519674,3016.519674,0.0,0.0,0.0,0.55,0.0,0.0,0,V-2023.12-SP4,21750,21750,0,2627.14,2627.14,0.0,4282.368,0.6135,0.0,0.0,0.69,-0.14,-2.27,195,V-2023.12-SP3,V-2023.12-SP4,3.826,7.208,0.0075179999999999995,11.0,11.034,8.275500000000001,0.0,0.0,0.0,0.0,0.0,0.0,0.0,0.0,3.826,7.208,0.0075179999999999995,11.0,0.0,0.0,0.0,0.0,0.0,0.0,0.0,0.0,0.0,0.0,0.0,0.0,0.0,0.0,0.0,0.0,vectored,random,2,2026-08-03T05:06:37+00:00
foldedclos_64_4_4_2_1p0_10nm_TT_0V8_25C_1333p33MHz,foldedclos,data_width=64;terminals_per_leaf=4;num_leaves=4;num_spines=2;oversubscription=1.0,10nm,TT,0.8,25.0,0.75,1333.3333333333333,64,4,4,2,1.0,V-2023.12-SP4,26127,26127,0,3016.519674,3016.519674,0.0,0.0,0.0,0.55,0.0,0.0,0,V-2023.12-SP4,21750,21750,0,2627.14,2627.14,0.0,4282.368,0.6135,0.0,0.0,0.69,-0.14,-2.27,195,V-2023.12-SP3,V-2023.12-SP4,1.825,3.885,0.007390000000000001,5.718,5.71,4.2825,0.0,0.0,0.0,0.0,0.0,0.0,0.0,0.0,1.825,3.885,0.007390000000000001,5.718,0.0,0.0,0.0,0.0,0.0,0.0,0.0,0.0,0.0,0.0,0.0,0.0,0.0,0.0,0.0,0.0,vectored,fixed_route,2,2026-08-03T05:06:53+00:00
foldedclos_64_4_4_2_1p0_10nm_TT_0V8_25C_800MHz,foldedclos,data_width=64;terminals_per_leaf=4;num_leaves=4;num_spines=2;oversubscription=1.0,10nm,TT,0.8,25.0,1.25,800.0,64,4,4,2,1.0,V-2023.12-SP4,15232,15232,0,2030.438437,2030.438437,0.0,0.0,0.0,1.05,0.0,0.0,0,V-2023.12-SP4,15344,15344,0,2079.5,2079.5,0.0,2894.4384,0.7184,0.0,0.0,1.09,-0.04,-0.06,3,V-2023.12-SP3,V-2023.12-SP4,1.0050000000000001,2.054,0.0058390000000000004,3.065,3.059,3.8237500000000004,0.0,0.0,0.0,0.0,0.0,0.0,0.0,0.0,1.0050000000000001,2.054,0.0058390000000000004,3.065,0.0,0.0,0.0,0.0,0.0,0.0,0.0,0.0,0.0,0.0,0.0,0.0,0.0,0.0,0.0,0.0,unvectored,none,2,2026-08-03T06:52:15+00:00
foldedclos_64_4_4_2_1p0_10nm_TT_0V8_25C_800MHz,foldedclos,data_width=64;terminals_per_leaf=4;num_leaves=4;num_spines=2;oversubscription=1.0,10nm,TT,0.8,25.0,1.25,800.0,64,4,4,2,1.0,V-2023.12-SP4,15232,15232,0,2030.438437,2030.438437,0.0,0.0,0.0,1.05,0.0,0.0,0,V-2023.12-SP4,15344,15344,0,2079.5,2079.5,0.0,2894.4384,0.7184,0.0,0.0,1.09,-0.04,-0.06,3,V-2023.12-SP3,V-2023.12-SP4,1.624,3.09,0.005755,4.719,4.714,5.8925,0.0,0.0,0.0,0.0,0.0,0.0,0.0,0.0,1.624,3.09,0.005755,4.719,0.0,0.0,0.0,0.0,0.0,0.0,0.0,0.0,0.0,0.0,0.0,0.0,0.0,0.0,0.0,0.0,vectored,random,2,2026-08-03T06:52:26+00:00
foldedclos_64_4_4_2_1p0_10nm_TT_0V8_25C_800MHz,foldedclos,data_width=64;terminals_per_leaf=4;num_leaves=4;num_spines=2;oversubscription=1.0,10nm,TT,0.8,25.0,1.25,800.0,64,4,4,2,1.0,V-2023.12-SP4,15232,15232,0,2030.438437,2030.438437,0.0,0.0,0.0,1.05,0.0,0.0,0,V-2023.12-SP4,15344,15344,0,2079.5,2079.5,0.0,2894.4384,0.7184,0.0,0.0,1.09,-0.04,-0.06,3,V-2023.12-SP3,V-2023.12-SP4,0.8376,1.655,0.005628,2.4979999999999998,2.4926,3.11575,0.0,0.0,0.0,0.0,0.0,0.0,0.0,0.0,0.8376,1.655,0.005628,2.4979999999999998,0.0,0.0,0.0,0.0,0.0,0.0,0.0,0.0,0.0,0.0,0.0,0.0,0.0,0.0,0.0,0.0,vectored,fixed_route,2,2026-08-03T06:52:38+00:00
foldedclos_32_4_4_4_1p0_10nm_TT_0V8_25C_1333p33MHz,foldedclos,data_width=32;terminals_per_leaf=4;num_leaves=4;num_spines=4;oversubscription=1.0,10nm,TT,0.8,25.0,0.75,1333.3333333333333,32,4,4,4,1.0,V-2023.12-SP4,13725,13725,0,1590.190079,1590.190079,0.0,0.0,0.0,0.55,0.0,0.0,0,V-2023.12-SP4,11406,11406,0,1345.35,1345.35,0.0,2266.5216,0.5936,0.0,0.0,0.61,-0.06,-11.64,456,V-2023.12-SP3,V-2023.12-SP4,1.211,2.35,0.003791,3.565,3.561,2.67075,0.0,0.0,0.0,0.0,0.0,0.0,0.0,0.0,1.211,2.35,0.003791,3.565,0.0,0.0,0.0,0.0,0.0,0.0,0.0,0.0,0.0,0.0,0.0,0.0,0.0,0.0,0.0,0.0,unvectored,none,2,2026-08-03T07:06:22+00:00
foldedclos_32_4_4_4_1p0_10nm_TT_0V8_25C_1333p33MHz,foldedclos,data_width=32;terminals_per_leaf=4;num_leaves=4;num_spines=4;oversubscription=1.0,10nm,TT,0.8,25.0,0.75,1333.3333333333333,32,4,4,4,1.0,V-2023.12-SP4,13725,13725,0,1590.190079,1590.190079,0.0,0.0,0.0,0.55,0.0,0.0,0,V-2023.12-SP4,11406,11406,0,1345.35,1345.35,0.0,2266.5216,0.5936,0.0,0.0,0.61,-0.06,-11.64,456,V-2023.12-SP3,V-2023.12-SP4,1.95,3.535,0.0037359999999999997,5.489,5.485,4.1137500000000005,0.0,0.0,0.0,0.0,0.0,0.0,0.0,0.0,1.95,3.535,0.0037359999999999997,5.489,0.0,0.0,0.0,0.0,0.0,0.0,0.0,0.0,0.0,0.0,0.0,0.0,0.0,0.0,0.0,0.0,vectored,random,2,2026-08-03T07:06:31+00:00
foldedclos_32_4_4_4_1p0_10nm_TT_0V8_25C_1333p33MHz,foldedclos,data_width=32;terminals_per_leaf=4;num_leaves=4;num_spines=4;oversubscription=1.0,10nm,TT,0.8,25.0,0.75,1333.3333333333333,32,4,4,4,1.0,V-2023.12-SP4,13725,13725,0,1590.190079,1590.190079,0.0,0.0,0.0,0.55,0.0,0.0,0,V-2023.12-SP4,11406,11406,0,1345.35,1345.35,0.0,2266.5216,0.5936,0.0,0.0,0.61,-0.06,-11.64,456,V-2023.12-SP3,V-2023.12-SP4,0.9051,1.829,0.003681,2.738,2.7340999999999998,2.050575,0.0,0.0,0.0,0.0,0.0,0.0,0.0,0.0,0.9051,1.829,0.003681,2.738,0.0,0.0,0.0,0.0,0.0,0.0,0.0,0.0,0.0,0.0,0.0,0.0,0.0,0.0,0.0,0.0,vectored,fixed_route,2,2026-08-03T07:06:40+00:00
foldedclos_32_4_4_4_1p0_10nm_TT_0V8_25C_800MHz,foldedclos,data_width=32;terminals_per_leaf=4;num_leaves=4;num_spines=4;oversubscription=1.0,10nm,TT,0.8,25.0,1.25,800.0,32,4,4,4,1.0,V-2023.12-SP4,8281,8281,0,1084.3853,1084.3853,0.0,0.0,0.0,1.05,0.0,0.0,0,V-2023.12-SP4,8225,8225,0,1091.79,1091.79,0.0,1538.519,0.7096,0.0,0.0,1.03,0.02,0.0,0,V-2023.12-SP3,V-2023.12-SP4,0.5373,1.0610000000000002,0.003062,1.601,1.5983,1.997875,0.0,0.0,0.0,0.0,0.0,0.0,0.0,0.0,0.5373,1.0610000000000002,0.003062,1.601,0.0,0.0,0.0,0.0,0.0,0.0,0.0,0.0,0.0,0.0,0.0,0.0,0.0,0.0,0.0,0.0,unvectored,none,2,2026-08-03T07:23:23+00:00
foldedclos_32_4_4_4_1p0_10nm_TT_0V8_25C_800MHz,foldedclos,data_width=32;terminals_per_leaf=4;num_leaves=4;num_spines=4;oversubscription=1.0,10nm,TT,0.8,25.0,1.25,800.0,32,4,4,4,1.0,V-2023.12-SP4,8281,8281,0,1084.3853,1084.3853,0.0,0.0,0.0,1.05,0.0,0.0,0,V-2023.12-SP4,8225,8225,0,1091.79,1091.79,0.0,1538.519,0.7096,0.0,0.0,1.03,0.02,0.0,0,V-2023.12-SP3,V-2023.12-SP4,0.8624,1.557,0.003017,2.422,2.4194,3.02425,0.0,0.0,0.0,0.0,0.0,0.0,0.0,0.0,0.8624,1.557,0.003017,2.422,0.0,0.0,0.0,0.0,0.0,0.0,0.0,0.0,0.0,0.0,0.0,0.0,0.0,0.0,0.0,0.0,vectored,random,2,2026-08-03T07:23:35+00:00
foldedclos_32_4_4_4_1p0_10nm_TT_0V8_25C_800MHz,foldedclos,data_width=32;terminals_per_leaf=4;num_leaves=4;num_spines=4;oversubscription=1.0,10nm,TT,0.8,25.0,1.25,800.0,32,4,4,4,1.0,V-2023.12-SP4,8281,8281,0,1084.3853,1084.3853,0.0,0.0,0.0,1.05,0.0,0.0,0,V-2023.12-SP4,8225,8225,0,1091.79,1091.79,0.0,1538.519,0.7096,0.0,0.0,1.03,0.02,0.0,0,V-2023.12-SP3,V-2023.12-SP4,0.4028,0.7697999999999999,0.002957,1.176,1.1725999999999999,1.4657499999999999,0.0,0.0,0.0,0.0,0.0,0.0,0.0,0.0,0.4028,0.7697999999999999,0.002957,1.176,0.0,0.0,0.0,0.0,0.0,0.0,0.0,0.0,0.0,0.0,0.0,0.0,0.0,0.0,0.0,0.0,vectored,fixed_route,2,2026-08-03T07:23:46+00:00
foldedclos_64_4_4_4_1p0_10nm_TT_0V8_25C_1333p33MHz,foldedclos,data_width=64;terminals_per_leaf=4;num_leaves=4;num_spines=4;oversubscription=1.0,10nm,TT,0.8,25.0,0.75,1333.3333333333333,64,4,4,4,1.0,V-2023.12-SP4,26127,26127,0,3016.519674,3016.519674,0.0,0.0,0.0,0.55,0.0,0.0,0,V-2023.12-SP4,21750,21750,0,2627.14,2627.14,0.0,4282.368,0.6135,0.0,0.0,0.69,-0.14,-2.37,183,V-2023.12-SP3,V-2023.12-SP4,2.3449999999999998,4.715,0.007627,7.068,7.06,5.295,0.0,0.0,0.0,0.0,0.0,0.0,0.0,0.0,2.3449999999999998,4.715,0.007627,7.068,0.0,0.0,0.0,0.0,0.0,0.0,0.0,0.0,0.0,0.0,0.0,0.0,0.0,0.0,0.0,0.0,unvectored,none,2,2026-08-03T07:53:38+00:00
foldedclos_64_4_4_4_1p0_10nm_TT_0V8_25C_1333p33MHz,foldedclos,data_width=64;terminals_per_leaf=4;num_leaves=4;num_spines=4;oversubscription=1.0,10nm,TT,0.8,25.0,0.75,1333.3333333333333,64,4,4,4,1.0,V-2023.12-SP4,26127,26127,0,3016.519674,3016.519674,0.0,0.0,0.0,0.55,0.0,0.0,0,V-2023.12-SP4,21750,21750,0,2627.14,2627.14,0.0,4282.368,0.6135,0.0,0.0,0.69,-0.14,-2.37,183,V-2023.12-SP3,V-2023.12-SP4,3.8249999999999997,7.207,0.0075179999999999995,11.0,11.032,8.274000000000001,0.0,0.0,0.0,0.0,0.0,0.0,0.0,0.0,3.8249999999999997,7.207,0.0075179999999999995,11.0,0.0,0.0,0.0,0.0,0.0,0.0,0.0,0.0,0.0,0.0,0.0,0.0,0.0,0.0,0.0,0.0,vectored,random,2,2026-08-03T07:53:47+00:00
foldedclos_64_4_4_4_1p0_10nm_TT_0V8_25C_1333p33MHz,foldedclos,data_width=64;terminals_per_leaf=4;num_leaves=4;num_spines=4;oversubscription=1.0,10nm,TT,0.8,25.0,0.75,1333.3333333333333,64,4,4,4,1.0,V-2023.12-SP4,26127,26127,0,3016.519674,3016.519674,0.0,0.0,0.0,0.55,0.0,0.0,0,V-2023.12-SP4,21750,21750,0,2627.14,2627.14,0.0,4282.368,0.6135,0.0,0.0,0.69,-0.14,-2.37,183,V-2023.12-SP3,V-2023.12-SP4,1.825,3.887,0.007390000000000001,5.719,5.712,4.284,0.0,0.0,0.0,0.0,0.0,0.0,0.0,0.0,1.825,3.887,0.007390000000000001,5.719,0.0,0.0,0.0,0.0,0.0,0.0,0.0,0.0,0.0,0.0,0.0,0.0,0.0,0.0,0.0,0.0,vectored,fixed_route,2,2026-08-03T07:53:56+00:00
foldedclos_64_4_4_4_1p0_10nm_TT_0V8_25C_800MHz,foldedclos,data_width=64;terminals_per_leaf=4;num_leaves=4;num_spines=4;oversubscription=1.0,10nm,TT,0.8,25.0,1.25,800.0,64,4,4,4,1.0,V-2023.12-SP4,15232,15232,0,2030.438437,2030.438437,0.0,0.0,0.0,1.05,0.0,0.0,0,V-2023.12-SP4,15344,15344,0,2079.5,2079.5,0.0,2894.4384,0.7184,0.0,0.0,1.08,-0.03,-0.06,4,V-2023.12-SP3,V-2023.12-SP4,1.0050000000000001,2.055,0.0058390000000000004,3.0660000000000003,3.0600000000000005,3.8250000000000006,0.0,0.0,0.0,0.0,0.0,0.0,0.0,0.0,1.0050000000000001,2.055,0.0058390000000000004,3.0660000000000003,0.0,0.0,0.0,0.0,0.0,0.0,0.0,0.0,0.0,0.0,0.0,0.0,0.0,0.0,0.0,0.0,unvectored,none,2,2026-08-03T08:34:29+00:00
foldedclos_64_4_4_4_1p0_10nm_TT_0V8_25C_800MHz,foldedclos,data_width=64;terminals_per_leaf=4;num_leaves=4;num_spines=4;oversubscription=1.0,10nm,TT,0.8,25.0,1.25,800.0,64,4,4,4,1.0,V-2023.12-SP4,15232,15232,0,2030.438437,2030.438437,0.0,0.0,0.0,1.05,0.0,0.0,0,V-2023.12-SP4,15344,15344,0,2079.5,2079.5,0.0,2894.4384,0.7184,0.0,0.0,1.08,-0.03,-0.06,4,V-2023.12-SP3,V-2023.12-SP4,1.625,3.093,0.005755,4.724,4.718,5.8975,0.0,0.0,0.0,0.0,0.0,0.0,0.0,0.0,1.625,3.093,0.005755,4.724,0.0,0.0,0.0,0.0,0.0,0.0,0.0,0.0,0.0,0.0,0.0,0.0,0.0,0.0,0.0,0.0,vectored,random,2,2026-08-03T08:34:42+00:00
foldedclos_64_4_4_4_1p0_10nm_TT_0V8_25C_800MHz,foldedclos,data_width=64;terminals_per_leaf=4;num_leaves=4;num_spines=4;oversubscription=1.0,10nm,TT,0.8,25.0,1.25,800.0,64,4,4,4,1.0,V-2023.12-SP4,15232,15232,0,2030.438437,2030.438437,0.0,0.0,0.0,1.05,0.0,0.0,0,V-2023.12-SP4,15344,15344,0,2079.5,2079.5,0.0,2894.4384,0.7184,0.0,0.0,1.08,-0.03,-0.06,4,V-2023.12-SP3,V-2023.12-SP4,0.8375,1.655,0.005628,2.4979999999999998,2.4925,3.115625,0.0,0.0,0.0,0.0,0.0,0.0,0.0,0.0,0.8375,1.655,0.005628,2.4979999999999998,0.0,0.0,0.0,0.0,0.0,0.0,0.0,0.0,0.0,0.0,0.0,0.0,0.0,0.0,0.0,0.0,vectored,fixed_route,2,2026-08-03T08:34:55+00:00
foldedclos_32_8_4_4_1p0_10nm_TT_0V8_25C_800MHz,foldedclos,data_width=32;terminals_per_leaf=8;num_leaves=4;num_spines=4;oversubscription=1.0,10nm,TT,0.8,25.0,1.25,800.0,32,8,4,4,1.0,V-2023.12-SP4,56232,56232,0,6572.17534,6572.17534,0.0,0.0,0.0,1.05,0.0,0.0,0,V-2023.12-SP4,46544,46544,0,5574.82,5574.82,0.0,9374.8838,0.5947,0.0,0.0,1.08,-0.03,-0.28,27,V-2023.12-SP3,V-2023.12-SP4,2.396,5.966,0.0158,8.377,8.362,10.4525,0.0,0.0,0.0,0.0,0.0,0.0,0.0,0.0,2.396,5.966,0.0158,8.377,0.0,0.0,0.0,0.0,0.0,0.0,0.0,0.0,0.0,0.0,0.0,0.0,0.0,0.0,0.0,0.0,unvectored,none,2,2026-08-03T08:58:06+00:00
foldedclos_32_8_4_4_1p0_10nm_TT_0V8_25C_800MHz,foldedclos,data_width=32;terminals_per_leaf=8;num_leaves=4;num_spines=4;oversubscription=1.0,10nm,TT,0.8,25.0,1.25,800.0,32,8,4,4,1.0,V-2023.12-SP4,56232,56232,0,6572.17534,6572.17534,0.0,0.0,0.0,1.05,0.0,0.0,0,V-2023.12-SP4,46544,46544,0,5574.82,5574.82,0.0,9374.8838,0.5947,0.0,0.0,1.08,-0.03,-0.28,27,V-2023.12-SP3,V-2023.12-SP4,3.725,8.542,0.01558,12.3,12.267,15.333749999999998,0.0,0.0,0.0,0.0,0.0,0.0,0.0,0.0,3.725,8.542,0.01558,12.3,0.0,0.0,0.0,0.0,0.0,0.0,0.0,0.0,0.0,0.0,0.0,0.0,0.0,0.0,0.0,0.0,vectored,random,2,2026-08-03T08:58:21+00:00
foldedclos_32_8_4_4_1p0_10nm_TT_0V8_25C_800MHz,foldedclos,data_width=32;terminals_per_leaf=8;num_leaves=4;num_spines=4;oversubscription=1.0,10nm,TT,0.8,25.0,1.25,800.0,32,8,4,4,1.0,V-2023.12-SP4,56232,56232,0,6572.17534,6572.17534,0.0,0.0,0.0,1.05,0.0,0.0,0,V-2023.12-SP4,46544,46544,0,5574.82,5574.82,0.0,9374.8838,0.5947,0.0,0.0,1.08,-0.03,-0.28,27,V-2023.12-SP3,V-2023.12-SP4,1.7570000000000001,5.176,0.01526,6.948,6.933,8.66625,0.0,0.0,0.0,0.0,0.0,0.0,0.0,0.0,1.7570000000000001,5.176,0.01526,6.948,0.0,0.0,0.0,0.0,0.0,0.0,0.0,0.0,0.0,0.0,0.0,0.0,0.0,0.0,0.0,0.0,vectored,fixed_route,2,2026-08-03T08:58:36+00:00
foldedclos_64_8_4_4_1p0_10nm_TT_0V8_25C_800MHz,foldedclos,data_width=64;terminals_per_leaf=8;num_leaves=4;num_spines=4;oversubscription=1.0,10nm,TT,0.8,25.0,1.25,800.0,64,8,4,4,1.0,V-2023.12-SP4,104382,104382,0,12199.065573,12199.065573,0.0,0.0,0.0,1.05,0.0,0.0,0,V-2023.12-SP4,87824,87824,0,10624.6,10624.6,0.0,17385.984,0.6111,0.0,0.0,1.13,-0.08,-1.29,116,V-2023.12-SP3,V-2023.12-SP4,4.383,11.4,0.03021,15.8,15.783000000000001,19.72875,0.0,0.0,0.0,0.0,0.0,0.0,0.0,0.0,4.383,11.4,0.03021,15.8,0.0,0.0,0.0,0.0,0.0,0.0,0.0,0.0,0.0,0.0,0.0,0.0,0.0,0.0,0.0,0.0,unvectored,none,2,2026-08-03T10:46:38+00:00
foldedclos_64_8_4_4_1p0_10nm_TT_0V8_25C_800MHz,foldedclos,data_width=64;terminals_per_leaf=8;num_leaves=4;num_spines=4;oversubscription=1.0,10nm,TT,0.8,25.0,1.25,800.0,64,8,4,4,1.0,V-2023.12-SP4,104382,104382,0,12199.065573,12199.065573,0.0,0.0,0.0,1.05,0.0,0.0,0,V-2023.12-SP4,87824,87824,0,10624.6,10624.6,0.0,17385.984,0.6111,0.0,0.0,1.13,-0.08,-1.29,116,V-2023.12-SP3,V-2023.12-SP4,6.9639999999999995,16.8,0.02981,23.8,23.764,29.705,0.0,0.0,0.0,0.0,0.0,0.0,0.0,0.0,6.9639999999999995,16.8,0.02981,23.8,0.0,0.0,0.0,0.0,0.0,0.0,0.0,0.0,0.0,0.0,0.0,0.0,0.0,0.0,0.0,0.0,vectored,random,2,2026-08-03T10:47:00+00:00
foldedclos_64_8_4_4_1p0_10nm_TT_0V8_25C_800MHz,foldedclos,data_width=64;terminals_per_leaf=8;num_leaves=4;num_spines=4;oversubscription=1.0,10nm,TT,0.8,25.0,1.25,800.0,64,8,4,4,1.0,V-2023.12-SP4,104382,104382,0,12199.065573,12199.065573,0.0,0.0,0.0,1.05,0.0,0.0,0,V-2023.12-SP4,87824,87824,0,10624.6,10624.6,0.0,17385.984,0.6111,0.0,0.0,1.13,-0.08,-1.29,116,V-2023.12-SP3,V-2023.12-SP4,3.335,10.3,0.0294,13.700000000000001,13.635000000000002,17.043750000000003,0.0,0.0,0.0,0.0,0.0,0.0,0.0,0.0,3.335,10.3,0.0294,13.700000000000001,0.0,0.0,0.0,0.0,0.0,0.0,0.0,0.0,0.0,0.0,0.0,0.0,0.0,0.0,0.0,0.0,vectored,fixed_route,2,2026-08-03T10:47:22+00:00
foldedclos_64_8_4_4_1p0_10nm_TT_0V8_25C_1333p33MHz,foldedclos,data_width=64;terminals_per_leaf=8;num_leaves=4;num_spines=4;oversubscription=1.0,10nm,TT,0.8,25.0,0.75,1333.3333333333333,64,8,4,4,1.0,V-2023.12-SP4,106177,106177,0,12467.742701,12467.742701,0.0,0.0,0.0,0.55,0.0,0.0,0,V-2023.12-SP4,104237,104237,0,13170.95,13170.95,0.0,17780.6131,0.7407,0.0,0.0,0.78,-0.23,-53.98,1900,V-2023.12-SP3,V-2023.12-SP4,8.663,19.0,0.04521,27.7,27.663,20.74725,0.0,0.0,0.0,0.0,0.0,0.0,0.0,0.0,8.663,19.0,0.04521,27.7,0.0,0.0,0.0,0.0,0.0,0.0,0.0,0.0,0.0,0.0,0.0,0.0,0.0,0.0,0.0,0.0,unvectored,none,2,2026-08-03T11:08:28+00:00
foldedclos_64_8_4_4_1p0_10nm_TT_0V8_25C_1333p33MHz,foldedclos,data_width=64;terminals_per_leaf=8;num_leaves=4;num_spines=4;oversubscription=1.0,10nm,TT,0.8,25.0,0.75,1333.3333333333333,64,8,4,4,1.0,V-2023.12-SP4,106177,106177,0,12467.742701,12467.742701,0.0,0.0,0.0,0.55,0.0,0.0,0,V-2023.12-SP4,104237,104237,0,13170.95,13170.95,0.0,17780.6131,0.7407,0.0,0.0,0.78,-0.23,-53.98,1900,V-2023.12-SP3,V-2023.12-SP4,13.299999999999999,27.5,0.04487,40.800000000000004,40.8,30.599999999999998,0.0,0.0,0.0,0.0,0.0,0.0,0.0,0.0,13.299999999999999,27.5,0.04487,40.800000000000004,0.0,0.0,0.0,0.0,0.0,0.0,0.0,0.0,0.0,0.0,0.0,0.0,0.0,0.0,0.0,0.0,vectored,random,2,2026-08-03T11:08:49+00:00
foldedclos_64_8_4_4_1p0_10nm_TT_0V8_25C_1333p33MHz,foldedclos,data_width=64;terminals_per_leaf=8;num_leaves=4;num_spines=4;oversubscription=1.0,10nm,TT,0.8,25.0,0.75,1333.3333333333333,64,8,4,4,1.0,V-2023.12-SP4,106177,106177,0,12467.742701,12467.742701,0.0,0.0,0.0,0.55,0.0,0.0,0,V-2023.12-SP4,104237,104237,0,13170.95,13170.95,0.0,17780.6131,0.7407,0.0,0.0,0.78,-0.23,-53.98,1900,V-2023.12-SP3,V-2023.12-SP4,6.487,17.3,0.04428,23.8,23.787,17.840249999999997,0.0,0.0,0.0,0.0,0.0,0.0,0.0,0.0,6.487,17.3,0.04428,23.8,0.0,0.0,0.0,0.0,0.0,0.0,0.0,0.0,0.0,0.0,0.0,0.0,0.0,0.0,0.0,0.0,vectored,fixed_route,2,2026-08-03T11:09:12+00:00
foldedclos_32_4_8_4_1p0_10nm_TT_0V8_25C_800MHz,foldedclos,data_width=32;terminals_per_leaf=4;num_leaves=8;num_spines=4;oversubscription=1.0,10nm,TT,0.8,25.0,1.25,800.0,32,4,8,4,1.0,V-2023.12-SP4,56232,56232,0,6572.17534,6572.17534,0.0,0.0,0.0,1.05,0.0,0.0,0,V-2023.12-SP4,46544,46544,0,5574.82,5574.82,0.0,9374.8838,0.5947,0.0,0.0,1.09,-0.04,-0.32,32,V-2023.12-SP3,V-2023.12-SP4,2.396,5.965,0.0158,8.377,8.361,10.451250000000002,0.0,0.0,0.0,0.0,0.0,0.0,0.0,0.0,2.396,5.965,0.0158,8.377,0.0,0.0,0.0,0.0,0.0,0.0,0.0,0.0,0.0,0.0,0.0,0.0,0.0,0.0,0.0,0.0,unvectored,none,2,2026-08-03T11:21:24+00:00
foldedclos_32_4_8_4_1p0_10nm_TT_0V8_25C_800MHz,foldedclos,data_width=32;terminals_per_leaf=4;num_leaves=8;num_spines=4;oversubscription=1.0,10nm,TT,0.8,25.0,1.25,800.0,32,4,8,4,1.0,V-2023.12-SP4,56232,56232,0,6572.17534,6572.17534,0.0,0.0,0.0,1.05,0.0,0.0,0,V-2023.12-SP4,46544,46544,0,5574.82,5574.82,0.0,9374.8838,0.5947,0.0,0.0,1.09,-0.04,-0.32,32,V-2023.12-SP3,V-2023.12-SP4,3.7239999999999998,8.540000000000001,0.01558,12.3,12.264000000000001,15.330000000000002,0.0,0.0,0.0,0.0,0.0,0.0,0.0,0.0,3.7239999999999998,8.540000000000001,0.01558,12.3,0.0,0.0,0.0,0.0,0.0,0.0,0.0,0.0,0.0,0.0,0.0,0.0,0.0,0.0,0.0,0.0,vectored,random,2,2026-08-03T11:21:38+00:00
foldedclos_32_4_8_4_1p0_10nm_TT_0V8_25C_800MHz,foldedclos,data_width=32;terminals_per_leaf=4;num_leaves=8;num_spines=4;oversubscription=1.0,10nm,TT,0.8,25.0,1.25,800.0,32,4,8,4,1.0,V-2023.12-SP4,56232,56232,0,6572.17534,6572.17534,0.0,0.0,0.0,1.05,0.0,0.0,0,V-2023.12-SP4,46544,46544,0,5574.82,5574.82,0.0,9374.8838,0.5947,0.0,0.0,1.09,-0.04,-0.32,32,V-2023.12-SP3,V-2023.12-SP4,1.7570000000000001,5.175,0.01526,6.947,6.932,8.665000000000001,0.0,0.0,0.0,0.0,0.0,0.0,0.0,0.0,1.7570000000000001,5.175,0.01526,6.947,0.0,0.0,0.0,0.0,0.0,0.0,0.0,0.0,0.0,0.0,0.0,0.0,0.0,0.0,0.0,0.0,vectored,fixed_route,2,2026-08-03T11:21:53+00:00
foldedclos_64_4_8_4_1p0_10nm_TT_0V8_25C_800MHz,foldedclos,data_width=64;terminals_per_leaf=4;num_leaves=8;num_spines=4;oversubscription=1.0,10nm,TT,0.8,25.0,1.25,800.0,64,4,8,4,1.0,V-2023.12-SP4,104382,104382,0,12199.065573,12199.065573,0.0,0.0,0.0,1.05,0.0,0.0,0,V-2023.12-SP4,87824,87824,0,10624.6,10624.6,0.0,17385.984,0.6111,0.0,0.0,1.12,-0.07,-1.33,131,V-2023.12-SP3,V-2023.12-SP4,4.383,11.4,0.03021,15.8,15.783000000000001,19.72875,0.0,0.0,0.0,0.0,0.0,0.0,0.0,0.0,4.383,11.4,0.03021,15.8,0.0,0.0,0.0,0.0,0.0,0.0,0.0,0.0,0.0,0.0,0.0,0.0,0.0,0.0,0.0,0.0,unvectored,none,2,2026-08-03T13:02:36+00:00
foldedclos_64_4_8_4_1p0_10nm_TT_0V8_25C_800MHz,foldedclos,data_width=64;terminals_per_leaf=4;num_leaves=8;num_spines=4;oversubscription=1.0,10nm,TT,0.8,25.0,1.25,800.0,64,4,8,4,1.0,V-2023.12-SP4,104382,104382,0,12199.065573,12199.065573,0.0,0.0,0.0,1.05,0.0,0.0,0,V-2023.12-SP4,87824,87824,0,10624.6,10624.6,0.0,17385.984,0.6111,0.0,0.0,1.12,-0.07,-1.33,131,V-2023.12-SP3,V-2023.12-SP4,6.97,16.8,0.02981,23.8,23.77,29.7125,0.0,0.0,0.0,0.0,0.0,0.0,0.0,0.0,6.97,16.8,0.02981,23.8,0.0,0.0,0.0,0.0,0.0,0.0,0.0,0.0,0.0,0.0,0.0,0.0,0.0,0.0,0.0,0.0,vectored,random,2,2026-08-03T13:02:54+00:00
foldedclos_64_4_8_4_1p0_10nm_TT_0V8_25C_800MHz,foldedclos,data_width=64;terminals_per_leaf=4;num_leaves=8;num_spines=4;oversubscription=1.0,10nm,TT,0.8,25.0,1.25,800.0,64,4,8,4,1.0,V-2023.12-SP4,104382,104382,0,12199.065573,12199.065573,0.0,0.0,0.0,1.05,0.0,0.0,0,V-2023.12-SP4,87824,87824,0,10624.6,10624.6,0.0,17385.984,0.6111,0.0,0.0,1.12,-0.07,-1.33,131,V-2023.12-SP3,V-2023.12-SP4,3.336,10.3,0.0294,13.700000000000001,13.636000000000001,17.045,0.0,0.0,0.0,0.0,0.0,0.0,0.0,0.0,3.336,10.3,0.0294,13.700000000000001,0.0,0.0,0.0,0.0,0.0,0.0,0.0,0.0,0.0,0.0,0.0,0.0,0.0,0.0,0.0,0.0,vectored,fixed_route,2,2026-08-03T13:03:15+00:00
foldedclos_64_4_8_4_1p0_10nm_TT_0V8_25C_1333p33MHz,foldedclos,data_width=64;terminals_per_leaf=4;num_leaves=8;num_spines=4;oversubscription=1.0,10nm,TT,0.8,25.0,0.75,1333.3333333333333,64,4,8,4,1.0,V-2023.12-SP4,106177,106177,0,12467.742701,12467.742701,0.0,0.0,0.0,0.55,0.0,0.0,0,V-2023.12-SP4,104237,104237,0,13170.95,13170.95,0.0,17780.6131,0.7407,0.0,0.0,0.78,-0.23,-55.17,1907,V-2023.12-SP3,V-2023.12-SP4,8.664,19.0,0.04521,27.7,27.664,20.748,0.0,0.0,0.0,0.0,0.0,0.0,0.0,0.0,8.664,19.0,0.04521,27.7,0.0,0.0,0.0,0.0,0.0,0.0,0.0,0.0,0.0,0.0,0.0,0.0,0.0,0.0,0.0,0.0,unvectored,none,2,2026-08-03T13:10:02+00:00
foldedclos_64_4_8_4_1p0_10nm_TT_0V8_25C_1333p33MHz,foldedclos,data_width=64;terminals_per_leaf=4;num_leaves=8;num_spines=4;oversubscription=1.0,10nm,TT,0.8,25.0,0.75,1333.3333333333333,64,4,8,4,1.0,V-2023.12-SP4,106177,106177,0,12467.742701,12467.742701,0.0,0.0,0.0,0.55,0.0,0.0,0,V-2023.12-SP4,104237,104237,0,13170.95,13170.95,0.0,17780.6131,0.7407,0.0,0.0,0.78,-0.23,-55.17,1907,V-2023.12-SP3,V-2023.12-SP4,13.299999999999999,27.5,0.04487,40.9,40.8,30.599999999999998,0.0,0.0,0.0,0.0,0.0,0.0,0.0,0.0,13.299999999999999,27.5,0.04487,40.9,0.0,0.0,0.0,0.0,0.0,0.0,0.0,0.0,0.0,0.0,0.0,0.0,0.0,0.0,0.0,0.0,vectored,random,2,2026-08-03T13:10:26+00:00
foldedclos_64_4_8_4_1p0_10nm_TT_0V8_25C_1333p33MHz,foldedclos,data_width=64;terminals_per_leaf=4;num_leaves=8;num_spines=4;oversubscription=1.0,10nm,TT,0.8,25.0,0.75,1333.3333333333333,64,4,8,4,1.0,V-2023.12-SP4,106177,106177,0,12467.742701,12467.742701,0.0,0.0,0.0,0.55,0.0,0.0,0,V-2023.12-SP4,104237,104237,0,13170.95,13170.95,0.0,17780.6131,0.7407,0.0,0.0,0.78,-0.23,-55.17,1907,V-2023.12-SP3,V-2023.12-SP4,6.4879999999999995,17.3,0.04428,23.8,23.788,17.841,0.0,0.0,0.0,0.0,0.0,0.0,0.0,0.0,6.4879999999999995,17.3,0.04428,23.8,0.0,0.0,0.0,0.0,0.0,0.0,0.0,0.0,0.0,0.0,0.0,0.0,0.0,0.0,0.0,0.0,vectored,fixed_route,2,2026-08-03T13:10:50+00:00
foldedclos_32_4_4_4_0p5_10nm_TT_0V8_25C_1333p33MHz,foldedclos,data_width=32;terminals_per_leaf=4;num_leaves=4;num_spines=4;oversubscription=0.5,10nm,TT,0.8,25.0,0.75,1333.3333333333333,32,4,4,4,0.5,V-2023.12-SP4,13725,13725,0,1590.190079,1590.190079,0.0,0.0,0.0,0.55,0.0,0.0,0,V-2023.12-SP4,11406,11406,0,1345.35,1345.35,0.0,2266.5216,0.5936,0.0,0.0,0.61,-0.06,-11.46,455,V-2023.12-SP3,V-2023.12-SP4,1.211,2.3489999999999998,0.003791,3.564,3.5599999999999996,2.67,0.0,0.0,0.0,0.0,0.0,0.0,0.0,0.0,1.211,2.3489999999999998,0.003791,3.564,0.0,0.0,0.0,0.0,0.0,0.0,0.0,0.0,0.0,0.0,0.0,0.0,0.0,0.0,0.0,0.0,unvectored,none,2,2026-08-03T13:24:44+00:00
foldedclos_32_4_4_4_0p5_10nm_TT_0V8_25C_1333p33MHz,foldedclos,data_width=32;terminals_per_leaf=4;num_leaves=4;num_spines=4;oversubscription=0.5,10nm,TT,0.8,25.0,0.75,1333.3333333333333,32,4,4,4,0.5,V-2023.12-SP4,13725,13725,0,1590.190079,1590.190079,0.0,0.0,0.0,0.55,0.0,0.0,0,V-2023.12-SP4,11406,11406,0,1345.35,1345.35,0.0,2266.5216,0.5936,0.0,0.0,0.61,-0.06,-11.46,455,V-2023.12-SP3,V-2023.12-SP4,1.949,3.532,0.0037359999999999997,5.485,5.481,4.1107499999999995,0.0,0.0,0.0,0.0,0.0,0.0,0.0,0.0,1.949,3.532,0.0037359999999999997,5.485,0.0,0.0,0.0,0.0,0.0,0.0,0.0,0.0,0.0,0.0,0.0,0.0,0.0,0.0,0.0,0.0,vectored,random,2,2026-08-03T13:24:53+00:00
foldedclos_32_4_4_4_0p5_10nm_TT_0V8_25C_1333p33MHz,foldedclos,data_width=32;terminals_per_leaf=4;num_leaves=4;num_spines=4;oversubscription=0.5,10nm,TT,0.8,25.0,0.75,1333.3333333333333,32,4,4,4,0.5,V-2023.12-SP4,13725,13725,0,1590.190079,1590.190079,0.0,0.0,0.0,0.55,0.0,0.0,0,V-2023.12-SP4,11406,11406,0,1345.35,1345.35,0.0,2266.5216,0.5936,0.0,0.0,0.61,-0.06,-11.46,455,V-2023.12-SP3,V-2023.12-SP4,0.9051,1.829,0.003681,2.738,2.7340999999999998,2.050575,0.0,0.0,0.0,0.0,0.0,0.0,0.0,0.0,0.9051,1.829,0.003681,2.738,0.0,0.0,0.0,0.0,0.0,0.0,0.0,0.0,0.0,0.0,0.0,0.0,0.0,0.0,0.0,0.0,vectored,fixed_route,2,2026-08-03T13:25:03+00:00
foldedclos_32_4_4_4_0p5_10nm_TT_0V8_25C_800MHz,foldedclos,data_width=32;terminals_per_leaf=4;num_leaves=4;num_spines=4;oversubscription=0.5,10nm,TT,0.8,25.0,1.25,800.0,32,4,4,4,0.5,V-2023.12-SP4,8281,8281,0,1084.3853,1084.3853,0.0,0.0,0.0,1.05,0.0,0.0,0,V-2023.12-SP4,8225,8225,0,1091.79,1091.79,0.0,1538.519,0.7096,0.0,0.0,1.03,0.02,0.0,0,V-2023.12-SP3,V-2023.12-SP4,0.5373,1.0610000000000002,0.003062,1.601,1.5983,1.997875,0.0,0.0,0.0,0.0,0.0,0.0,0.0,0.0,0.5373,1.0610000000000002,0.003062,1.601,0.0,0.0,0.0,0.0,0.0,0.0,0.0,0.0,0.0,0.0,0.0,0.0,0.0,0.0,0.0,0.0,unvectored,none,2,2026-08-03T13:50:57+00:00
foldedclos_32_4_4_4_0p5_10nm_TT_0V8_25C_800MHz,foldedclos,data_width=32;terminals_per_leaf=4;num_leaves=4;num_spines=4;oversubscription=0.5,10nm,TT,0.8,25.0,1.25,800.0,32,4,4,4,0.5,V-2023.12-SP4,8281,8281,0,1084.3853,1084.3853,0.0,0.0,0.0,1.05,0.0,0.0,0,V-2023.12-SP4,8225,8225,0,1091.79,1091.79,0.0,1538.519,0.7096,0.0,0.0,1.03,0.02,0.0,0,V-2023.12-SP3,V-2023.12-SP4,0.8619,1.556,0.003017,2.42,2.4179,3.022375,0.0,0.0,0.0,0.0,0.0,0.0,0.0,0.0,0.8619,1.556,0.003017,2.42,0.0,0.0,0.0,0.0,0.0,0.0,0.0,0.0,0.0,0.0,0.0,0.0,0.0,0.0,0.0,0.0,vectored,random,2,2026-08-03T13:51:05+00:00
foldedclos_32_4_4_4_0p5_10nm_TT_0V8_25C_800MHz,foldedclos,data_width=32;terminals_per_leaf=4;num_leaves=4;num_spines=4;oversubscription=0.5,10nm,TT,0.8,25.0,1.25,800.0,32,4,4,4,0.5,V-2023.12-SP4,8281,8281,0,1084.3853,1084.3853,0.0,0.0,0.0,1.05,0.0,0.0,0,V-2023.12-SP4,8225,8225,0,1091.79,1091.79,0.0,1538.519,0.7096,0.0,0.0,1.03,0.02,0.0,0,V-2023.12-SP3,V-2023.12-SP4,0.4027,0.7691,0.002957,1.175,1.1718,1.46475,0.0,0.0,0.0,0.0,0.0,0.0,0.0,0.0,0.4027,0.7691,0.002957,1.175,0.0,0.0,0.0,0.0,0.0,0.0,0.0,0.0,0.0,0.0,0.0,0.0,0.0,0.0,0.0,0.0,vectored,fixed_route,2,2026-08-03T13:51:12+00:00
foldedclos_32_8_4_4_0p5_10nm_TT_0V8_25C_800MHz,foldedclos,data_width=32;terminals_per_leaf=8;num_leaves=4;num_spines=4;oversubscription=0.5,10nm,TT,0.8,25.0,1.25,800.0,32,8,4,4,0.5,V-2023.12-SP4,56232,56232,0,6572.17534,6572.17534,0.0,0.0,0.0,1.05,0.0,0.0,0,V-2023.12-SP4,46544,46544,0,5574.82,5574.82,0.0,9374.8838,0.5947,0.0,0.0,1.08,-0.03,-0.29,27,V-2023.12-SP3,V-2023.12-SP4,2.396,5.966,0.0158,8.378,8.362,10.4525,0.0,0.0,0.0,0.0,0.0,0.0,0.0,0.0,2.396,5.966,0.0158,8.378,0.0,0.0,0.0,0.0,0.0,0.0,0.0,0.0,0.0,0.0,0.0,0.0,0.0,0.0,0.0,0.0,unvectored,none,2,2026-08-03T16:00:20+00:00
foldedclos_32_8_4_4_0p5_10nm_TT_0V8_25C_800MHz,foldedclos,data_width=32;terminals_per_leaf=8;num_leaves=4;num_spines=4;oversubscription=0.5,10nm,TT,0.8,25.0,1.25,800.0,32,8,4,4,0.5,V-2023.12-SP4,56232,56232,0,6572.17534,6572.17534,0.0,0.0,0.0,1.05,0.0,0.0,0,V-2023.12-SP4,46544,46544,0,5574.82,5574.82,0.0,9374.8838,0.5947,0.0,0.0,1.08,-0.03,-0.29,27,V-2023.12-SP3,V-2023.12-SP4,3.725,8.545,0.01558,12.3,12.27,15.337499999999999,0.0,0.0,0.0,0.0,0.0,0.0,0.0,0.0,3.725,8.545,0.01558,12.3,0.0,0.0,0.0,0.0,0.0,0.0,0.0,0.0,0.0,0.0,0.0,0.0,0.0,0.0,0.0,0.0,vectored,random,2,2026-08-03T16:00:32+00:00
foldedclos_32_8_4_4_0p5_10nm_TT_0V8_25C_800MHz,foldedclos,data_width=32;terminals_per_leaf=8;num_leaves=4;num_spines=4;oversubscription=0.5,10nm,TT,0.8,25.0,1.25,800.0,32,8,4,4,0.5,V-2023.12-SP4,56232,56232,0,6572.17534,6572.17534,0.0,0.0,0.0,1.05,0.0,0.0,0,V-2023.12-SP4,46544,46544,0,5574.82,5574.82,0.0,9374.8838,0.5947,0.0,0.0,1.08,-0.03,-0.29,27,V-2023.12-SP3,V-2023.12-SP4,1.7570000000000001,5.1770000000000005,0.01526,6.949000000000001,6.934000000000001,8.6675,0.0,0.0,0.0,0.0,0.0,0.0,0.0,0.0,1.7570000000000001,5.1770000000000005,0.01526,6.949000000000001,0.0,0.0,0.0,0.0,0.0,0.0,0.0,0.0,0.0,0.0,0.0,0.0,0.0,0.0,0.0,0.0,vectored,fixed_route,2,2026-08-03T16:00:43+00:00
foldedclos_32_4_4_4_0p25_10nm_TT_0V8_25C_1333p33MHz,foldedclos,data_width=32;terminals_per_leaf=4;num_leaves=4;num_spines=4;oversubscription=0.25,10nm,TT,0.8,25.0,0.75,1333.3333333333333,32,4,4,4,0.25,V-2023.12-SP4,13725,13725,0,1590.190079,1590.190079,0.0,0.0,0.0,0.55,0.0,0.0,0,V-2023.12-SP4,11406,11406,0,1345.35,1345.35,0.0,2266.5216,0.5936,0.0,0.0,0.61,-0.06,-11.36,455,V-2023.12-SP3,V-2023.12-SP4,1.211,2.35,0.003791,3.565,3.561,2.67075,0.0,0.0,0.0,0.0,0.0,0.0,0.0,0.0,1.211,2.35,0.003791,3.565,0.0,0.0,0.0,0.0,0.0,0.0,0.0,0.0,0.0,0.0,0.0,0.0,0.0,0.0,0.0,0.0,unvectored,none,2,2026-08-03T16:16:16+00:00
foldedclos_32_4_4_4_0p25_10nm_TT_0V8_25C_1333p33MHz,foldedclos,data_width=32;terminals_per_leaf=4;num_leaves=4;num_spines=4;oversubscription=0.25,10nm,TT,0.8,25.0,0.75,1333.3333333333333,32,4,4,4,0.25,V-2023.12-SP4,13725,13725,0,1590.190079,1590.190079,0.0,0.0,0.0,0.55,0.0,0.0,0,V-2023.12-SP4,11406,11406,0,1345.35,1345.35,0.0,2266.5216,0.5936,0.0,0.0,0.61,-0.06,-11.36,455,V-2023.12-SP3,V-2023.12-SP4,1.949,3.534,0.0037359999999999997,5.487,5.483,4.1122499999999995,0.0,0.0,0.0,0.0,0.0,0.0,0.0,0.0,1.949,3.534,0.0037359999999999997,5.487,0.0,0.0,0.0,0.0,0.0,0.0,0.0,0.0,0.0,0.0,0.0,0.0,0.0,0.0,0.0,0.0,vectored,random,2,2026-08-03T16:16:25+00:00
foldedclos_32_4_4_4_0p25_10nm_TT_0V8_25C_1333p33MHz,foldedclos,data_width=32;terminals_per_leaf=4;num_leaves=4;num_spines=4;oversubscription=0.25,10nm,TT,0.8,25.0,0.75,1333.3333333333333,32,4,4,4,0.25,V-2023.12-SP4,13725,13725,0,1590.190079,1590.190079,0.0,0.0,0.0,0.55,0.0,0.0,0,V-2023.12-SP4,11406,11406,0,1345.35,1345.35,0.0,2266.5216,0.5936,0.0,0.0,0.61,-0.06,-11.36,455,V-2023.12-SP3,V-2023.12-SP4,0.9051,1.829,0.003681,2.738,2.7340999999999998,2.050575,0.0,0.0,0.0,0.0,0.0,0.0,0.0,0.0,0.9051,1.829,0.003681,2.738,0.0,0.0,0.0,0.0,0.0,0.0,0.0,0.0,0.0,0.0,0.0,0.0,0.0,0.0,0.0,0.0,vectored,fixed_route,2,2026-08-03T16:16:35+00:00
foldedclos_32_4_4_4_0p25_10nm_TT_0V8_25C_800MHz,foldedclos,data_width=32;terminals_per_leaf=4;num_leaves=4;num_spines=4;oversubscription=0.25,10nm,TT,0.8,25.0,1.25,800.0,32,4,4,4,0.25,V-2023.12-SP4,8281,8281,0,1084.3853,1084.3853,0.0,0.0,0.0,1.05,0.0,0.0,0,V-2023.12-SP4,8225,8225,0,1091.79,1091.79,0.0,1538.519,0.7096,0.0,0.0,1.04,0.01,0.0,0,V-2023.12-SP3,V-2023.12-SP4,0.5373,1.06,0.003062,1.601,1.5973000000000002,1.9966250000000003,0.0,0.0,0.0,0.0,0.0,0.0,0.0,0.0,0.5373,1.06,0.003062,1.601,0.0,0.0,0.0,0.0,0.0,0.0,0.0,0.0,0.0,0.0,0.0,0.0,0.0,0.0,0.0,0.0,unvectored,none,2,2026-08-03T16:46:22+00:00
foldedclos_32_4_4_4_0p25_10nm_TT_0V8_25C_800MHz,foldedclos,data_width=32;terminals_per_leaf=4;num_leaves=4;num_spines=4;oversubscription=0.25,10nm,TT,0.8,25.0,1.25,800.0,32,4,4,4,0.25,V-2023.12-SP4,8281,8281,0,1084.3853,1084.3853,0.0,0.0,0.0,1.05,0.0,0.0,0,V-2023.12-SP4,8225,8225,0,1091.79,1091.79,0.0,1538.519,0.7096,0.0,0.0,1.04,0.01,0.0,0,V-2023.12-SP3,V-2023.12-SP4,0.8618,1.555,0.003017,2.42,2.4168,3.021,0.0,0.0,0.0,0.0,0.0,0.0,0.0,0.0,0.8618,1.555,0.003017,2.42,0.0,0.0,0.0,0.0,0.0,0.0,0.0,0.0,0.0,0.0,0.0,0.0,0.0,0.0,0.0,0.0,vectored,random,2,2026-08-03T16:46:32+00:00
foldedclos_32_4_4_4_0p25_10nm_TT_0V8_25C_800MHz,foldedclos,data_width=32;terminals_per_leaf=4;num_leaves=4;num_spines=4;oversubscription=0.25,10nm,TT,0.8,25.0,1.25,800.0,32,4,4,4,0.25,V-2023.12-SP4,8281,8281,0,1084.3853,1084.3853,0.0,0.0,0.0,1.05,0.0,0.0,0,V-2023.12-SP4,8225,8225,0,1091.79,1091.79,0.0,1538.519,0.7096,0.0,0.0,1.04,0.01,0.0,0,V-2023.12-SP3,V-2023.12-SP4,0.4027,0.7694000000000001,0.002957,1.175,1.1721000000000001,1.4651250000000002,0.0,0.0,0.0,0.0,0.0,0.0,0.0,0.0,0.4027,0.7694000000000001,0.002957,1.175,0.0,0.0,0.0,0.0,0.0,0.0,0.0,0.0,0.0,0.0,0.0,0.0,0.0,0.0,0.0,0.0,vectored,fixed_route,2,2026-08-03T16:46:41+00:00
foldedclos_32_8_8_4_1p0_10nm_TT_0V8_25C_1000MHz,foldedclos,data_width=32;terminals_per_leaf=8;num_leaves=8;num_spines=4;oversubscription=1.0,10nm,TT,0.8,25.0,1.0,1000.0,32,8,8,4,1.0,V-2023.12-SP4,218095,218095,0,26038.57916,26038.57916,0.0,0.0,0.0,0.8,0.0,0.0,0,V-2023.12-SP4,210301,210301,0,26344.73,26344.73,0.0,37165.6704,0.7088,0.0,0.0,1.0,-0.2,-88.89,2184,V-2023.12-SP3,V-2023.12-SP4,11.700000000000001,30.8,0.08587,42.6,42.5,42.5,0.0,0.0,0.0,0.0,0.0,0.0,0.0,0.0,11.700000000000001,30.8,0.08587,42.6,0.0,0.0,0.0,0.0,0.0,0.0,0.0,0.0,0.0,0.0,0.0,0.0,0.0,0.0,0.0,0.0,unvectored,none,2,2026-08-03T18:51:26+00:00
foldedclos_32_8_8_4_1p0_10nm_TT_0V8_25C_1000MHz,foldedclos,data_width=32;terminals_per_leaf=8;num_leaves=8;num_spines=4;oversubscription=1.0,10nm,TT,0.8,25.0,1.0,1000.0,32,8,8,4,1.0,V-2023.12-SP4,218095,218095,0,26038.57916,26038.57916,0.0,0.0,0.0,0.8,0.0,0.0,0,V-2023.12-SP4,210301,210301,0,26344.73,26344.73,0.0,37165.6704,0.7088,0.0,0.0,1.0,-0.2,-88.89,2184,V-2023.12-SP3,V-2023.12-SP4,16.7,41.6,0.08531,58.5,58.3,58.3,0.0,0.0,0.0,0.0,0.0,0.0,0.0,0.0,16.7,41.6,0.08531,58.5,0.0,0.0,0.0,0.0,0.0,0.0,0.0,0.0,0.0,0.0,0.0,0.0,0.0,0.0,0.0,0.0,vectored,random,2,2026-08-03T18:52:03+00:00
foldedclos_32_8_8_4_1p0_10nm_TT_0V8_25C_1000MHz,foldedclos,data_width=32;terminals_per_leaf=8;num_leaves=8;num_spines=4;oversubscription=1.0,10nm,TT,0.8,25.0,1.0,1000.0,32,8,8,4,1.0,V-2023.12-SP4,218095,218095,0,26038.57916,26038.57916,0.0,0.0,0.0,0.8,0.0,0.0,0,V-2023.12-SP4,210301,210301,0,26344.73,26344.73,0.0,37165.6704,0.7088,0.0,0.0,1.0,-0.2,-88.89,2184,V-2023.12-SP3,V-2023.12-SP4,8.317,28.400000000000002,0.08454,36.900000000000006,36.717,36.717,0.0,0.0,0.0,0.0,0.0,0.0,0.0,0.0,8.317,28.400000000000002,0.08454,36.900000000000006,0.0,0.0,0.0,0.0,0.0,0.0,0.0,0.0,0.0,0.0,0.0,0.0,0.0,0.0,0.0,0.0,vectored,fixed_route,2,2026-08-03T18:52:38+00:00
foldedclos_32_4_8_4_0p5_10nm_TT_0V8_25C_800MHz,foldedclos,data_width=32;terminals_per_leaf=4;num_leaves=8;num_spines=4;oversubscription=0.5,10nm,TT,0.8,25.0,1.25,800.0,32,4,8,4,0.5,V-2023.12-SP4,56232,56232,0,6572.17534,6572.17534,0.0,0.0,0.0,1.05,0.0,0.0,0,V-2023.12-SP4,46544,46544,0,5574.82,5574.82,0.0,9374.8838,0.5947,0.0,0.0,1.08,-0.03,-0.29,30,V-2023.12-SP3,V-2023.12-SP4,2.396,5.966,0.0158,8.377,8.362,10.4525,0.0,0.0,0.0,0.0,0.0,0.0,0.0,0.0,2.396,5.966,0.0158,8.377,0.0,0.0,0.0,0.0,0.0,0.0,0.0,0.0,0.0,0.0,0.0,0.0,0.0,0.0,0.0,0.0,unvectored,none,2,2026-08-03T19:15:00+00:00
foldedclos_32_4_8_4_0p5_10nm_TT_0V8_25C_800MHz,foldedclos,data_width=32;terminals_per_leaf=4;num_leaves=8;num_spines=4;oversubscription=0.5,10nm,TT,0.8,25.0,1.25,800.0,32,4,8,4,0.5,V-2023.12-SP4,56232,56232,0,6572.17534,6572.17534,0.0,0.0,0.0,1.05,0.0,0.0,0,V-2023.12-SP4,46544,46544,0,5574.82,5574.82,0.0,9374.8838,0.5947,0.0,0.0,1.08,-0.03,-0.29,30,V-2023.12-SP3,V-2023.12-SP4,3.726,8.546,0.01558,12.3,12.271999999999998,15.339999999999998,0.0,0.0,0.0,0.0,0.0,0.0,0.0,0.0,3.726,8.546,0.01558,12.3,0.0,0.0,0.0,0.0,0.0,0.0,0.0,0.0,0.0,0.0,0.0,0.0,0.0,0.0,0.0,0.0,vectored,random,2,2026-08-03T19:15:14+00:00
foldedclos_32_4_8_4_0p5_10nm_TT_0V8_25C_800MHz,foldedclos,data_width=32;terminals_per_leaf=4;num_leaves=8;num_spines=4;oversubscription=0.5,10nm,TT,0.8,25.0,1.25,800.0,32,4,8,4,0.5,V-2023.12-SP4,56232,56232,0,6572.17534,6572.17534,0.0,0.0,0.0,1.05,0.0,0.0,0,V-2023.12-SP4,46544,46544,0,5574.82,5574.82,0.0,9374.8838,0.5947,0.0,0.0,1.08,-0.03,-0.29,30,V-2023.12-SP3,V-2023.12-SP4,1.7570000000000001,5.175,0.01526,6.947,6.932,8.665000000000001,0.0,0.0,0.0,0.0,0.0,0.0,0.0,0.0,1.7570000000000001,5.175,0.01526,6.947,0.0,0.0,0.0,0.0,0.0,0.0,0.0,0.0,0.0,0.0,0.0,0.0,0.0,0.0,0.0,0.0,vectored,fixed_route,2,2026-08-03T19:15:28+00:00
foldedclos_32_2_2_2_1p0_20nm_TT_0V9_25C_1333p33MHz,foldedclos,data_width=32;terminals_per_leaf=2;num_leaves=2;num_spines=2;oversubscription=1.0,20nm,TT,0.9,25.0,0.75,1333.3333333333333,32,2,2,2,1.0,V-2023.12-SP4,732,732,0,294.940798,294.940798,0.0,0.0,0.0,0.55,0.0,0.0,0,V-2023.12-SP4,654,654,0,268.33,268.33,0.0,409.2,0.6557,0.0,0.0,0.55,-0.0,-0.0,1,V-2023.12-SP3,V-2023.12-SP4,0.1795,0.24869999999999998,0.0002759,0.4285,0.42819999999999997,0.32115,0.0,0.0,0.0,0.0,0.0,0.0,0.0,0.0,0.1795,0.24869999999999998,0.0002759,0.4285,0.0,0.0,0.0,0.0,0.0,0.0,0.0,0.0,0.0,0.0,0.0,0.0,0.0,0.0,0.0,0.0,unvectored,none,2,2026-08-04T08:33:37+00:00
foldedclos_32_2_2_2_1p0_20nm_TT_0V9_25C_1333p33MHz,foldedclos,data_width=32;terminals_per_leaf=2;num_leaves=2;num_spines=2;oversubscription=1.0,20nm,TT,0.9,25.0,0.75,1333.3333333333333,32,2,2,2,1.0,V-2023.12-SP4,732,732,0,294.940798,294.940798,0.0,0.0,0.0,0.55,0.0,0.0,0,V-2023.12-SP4,654,654,0,268.33,268.33,0.0,409.2,0.6557,0.0,0.0,0.55,-0.0,-0.0,1,V-2023.12-SP3,V-2023.12-SP4,0.28459999999999996,0.3613,0.0002769,0.6462,0.6458999999999999,0.48442499999999994,0.0,0.0,0.0,0.0,0.0,0.0,0.0,0.0,0.28459999999999996,0.3613,0.0002769,0.6462,0.0,0.0,0.0,0.0,0.0,0.0,0.0,0.0,0.0,0.0,0.0,0.0,0.0,0.0,0.0,0.0,vectored,random,2,2026-08-04T08:33:44+00:00
foldedclos_32_2_2_2_1p0_20nm_TT_0V9_25C_1333p33MHz,foldedclos,data_width=32;terminals_per_leaf=2;num_leaves=2;num_spines=2;oversubscription=1.0,20nm,TT,0.9,25.0,0.75,1333.3333333333333,32,2,2,2,1.0,V-2023.12-SP4,732,732,0,294.940798,294.940798,0.0,0.0,0.0,0.55,0.0,0.0,0,V-2023.12-SP4,654,654,0,268.33,268.33,0.0,409.2,0.6557,0.0,0.0,0.55,-0.0,-0.0,1,V-2023.12-SP3,V-2023.12-SP4,0.13640000000000002,0.1855,0.00027959999999999997,0.32220000000000004,0.3219,0.241425,0.0,0.0,0.0,0.0,0.0,0.0,0.0,0.0,0.13640000000000002,0.1855,0.00027959999999999997,0.32220000000000004,0.0,0.0,0.0,0.0,0.0,0.0,0.0,0.0,0.0,0.0,0.0,0.0,0.0,0.0,0.0,0.0,vectored,fixed_route,2,2026-08-04T08:33:52+00:00
foldedclos_32_2_2_2_1p0_20nm_TT_0V9_25C_800MHz,foldedclos,data_width=32;terminals_per_leaf=2;num_leaves=2;num_spines=2;oversubscription=1.0,20nm,TT,0.9,25.0,1.25,800.0,32,2,2,2,1.0,V-2023.12-SP4,459,459,0,203.174399,203.174399,0.0,0.0,0.0,1.03,0.02,0.0,0,V-2023.12-SP4,464,464,0,205.92,205.92,0.0,286.0704,0.7198,0.0,0.0,1.05,-0.0,-0.0,2,V-2023.12-SP3,V-2023.12-SP4,0.09223,0.09447,0.0002087,0.18689999999999998,0.1867,0.233375,0.0,0.0,0.0,0.0,0.0,0.0,0.0,0.0,0.09223,0.09447,0.0002087,0.18689999999999998,0.0,0.0,0.0,0.0,0.0,0.0,0.0,0.0,0.0,0.0,0.0,0.0,0.0,0.0,0.0,0.0,unvectored,none,2,2026-08-04T08:36:31+00:00
foldedclos_32_2_2_2_1p0_20nm_TT_0V9_25C_800MHz,foldedclos,data_width=32;terminals_per_leaf=2;num_leaves=2;num_spines=2;oversubscription=1.0,20nm,TT,0.9,25.0,1.25,800.0,32,2,2,2,1.0,V-2023.12-SP4,459,459,0,203.174399,203.174399,0.0,0.0,0.0,1.03,0.02,0.0,0,V-2023.12-SP4,464,464,0,205.92,205.92,0.0,286.0704,0.7198,0.0,0.0,1.05,-0.0,-0.0,2,V-2023.12-SP3,V-2023.12-SP4,0.16369999999999998,0.152,0.0002087,0.31589999999999996,0.3157,0.394625,0.0,0.0,0.0,0.0,0.0,0.0,0.0,0.0,0.16369999999999998,0.152,0.0002087,0.31589999999999996,0.0,0.0,0.0,0.0,0.0,0.0,0.0,0.0,0.0,0.0,0.0,0.0,0.0,0.0,0.0,0.0,vectored,random,2,2026-08-04T08:36:39+00:00
foldedclos_32_2_2_2_1p0_20nm_TT_0V9_25C_800MHz,foldedclos,data_width=32;terminals_per_leaf=2;num_leaves=2;num_spines=2;oversubscription=1.0,20nm,TT,0.9,25.0,1.25,800.0,32,2,2,2,1.0,V-2023.12-SP4,459,459,0,203.174399,203.174399,0.0,0.0,0.0,1.03,0.02,0.0,0,V-2023.12-SP4,464,464,0,205.92,205.92,0.0,286.0704,0.7198,0.0,0.0,1.05,-0.0,-0.0,2,V-2023.12-SP3,V-2023.12-SP4,0.06376,0.043680000000000004,0.000209,0.1077,0.10744000000000001,0.1343,0.0,0.0,0.0,0.0,0.0,0.0,0.0,0.0,0.06376,0.043680000000000004,0.000209,0.1077,0.0,0.0,0.0,0.0,0.0,0.0,0.0,0.0,0.0,0.0,0.0,0.0,0.0,0.0,0.0,0.0,vectored,fixed_route,2,2026-08-04T08:36:47+00:00
foldedclos_64_2_2_2_1p0_20nm_TT_0V9_25C_1333p33MHz,foldedclos,data_width=64;terminals_per_leaf=2;num_leaves=2;num_spines=2;oversubscription=1.0,20nm,TT,0.9,25.0,0.75,1333.3333333333333,64,2,2,2,1.0,V-2023.12-SP4,1460,1460,0,566.015997,566.015997,0.0,0.0,0.0,0.55,0.0,0.0,0,V-2023.12-SP4,1496,1496,0,560.31,560.31,0.0,794.64,0.7051,0.0,0.0,0.57,-0.02,-0.05,7,V-2023.12-SP3,V-2023.12-SP4,0.3992,0.6147,0.0006356,1.0150000000000001,1.0139,0.760425,0.0,0.0,0.0,0.0,0.0,0.0,0.0,0.0,0.3992,0.6147,0.0006356,1.0150000000000001,0.0,0.0,0.0,0.0,0.0,0.0,0.0,0.0,0.0,0.0,0.0,0.0,0.0,0.0,0.0,0.0,unvectored,none,2,2026-08-04T08:41:26+00:00
foldedclos_64_2_2_2_1p0_20nm_TT_0V9_25C_1333p33MHz,foldedclos,data_width=64;terminals_per_leaf=2;num_leaves=2;num_spines=2;oversubscription=1.0,20nm,TT,0.9,25.0,0.75,1333.3333333333333,64,2,2,2,1.0,V-2023.12-SP4,1460,1460,0,566.015997,566.015997,0.0,0.0,0.0,0.55,0.0,0.0,0,V-2023.12-SP4,1496,1496,0,560.31,560.31,0.0,794.64,0.7051,0.0,0.0,0.57,-0.02,-0.05,7,V-2023.12-SP3,V-2023.12-SP4,0.6273,0.9132,0.0006345,1.5410000000000001,1.5405,1.155375,0.0,0.0,0.0,0.0,0.0,0.0,0.0,0.0,0.6273,0.9132,0.0006345,1.5410000000000001,0.0,0.0,0.0,0.0,0.0,0.0,0.0,0.0,0.0,0.0,0.0,0.0,0.0,0.0,0.0,0.0,vectored,random,2,2026-08-04T08:41:35+00:00
foldedclos_64_2_2_2_1p0_20nm_TT_0V9_25C_1333p33MHz,foldedclos,data_width=64;terminals_per_leaf=2;num_leaves=2;num_spines=2;oversubscription=1.0,20nm,TT,0.9,25.0,0.75,1333.3333333333333,64,2,2,2,1.0,V-2023.12-SP4,1460,1460,0,566.015997,566.015997,0.0,0.0,0.0,0.55,0.0,0.0,0,V-2023.12-SP4,1496,1496,0,560.31,560.31,0.0,794.64,0.7051,0.0,0.0,0.57,-0.02,-0.05,7,V-2023.12-SP3,V-2023.12-SP4,0.3028,0.4998,0.0006446000000000001,0.8032,0.8026,0.60195,0.0,0.0,0.0,0.0,0.0,0.0,0.0,0.0,0.3028,0.4998,0.0006446000000000001,0.8032,0.0,0.0,0.0,0.0,0.0,0.0,0.0,0.0,0.0,0.0,0.0,0.0,0.0,0.0,0.0,0.0,vectored,fixed_route,2,2026-08-04T08:41:45+00:00
foldedclos_64_2_2_2_1p0_20nm_TT_0V9_25C_800MHz,foldedclos,data_width=64;terminals_per_leaf=2;num_leaves=2;num_spines=2;oversubscription=1.0,20nm,TT,0.9,25.0,1.25,800.0,64,2,2,2,1.0,V-2023.12-SP4,858,858,0,389.769598,389.769598,0.0,0.0,0.0,1.05,0.0,0.0,0,V-2023.12-SP4,892,892,0,412.47,412.47,0.0,545.1072,0.7567,0.0,0.0,1.08,-0.03,-0.04,4,V-2023.12-SP3,V-2023.12-SP4,0.1606,0.2061,0.0004432,0.3671,0.3667,0.45837500000000003,0.0,0.0,0.0,0.0,0.0,0.0,0.0,0.0,0.1606,0.2061,0.0004432,0.3671,0.0,0.0,0.0,0.0,0.0,0.0,0.0,0.0,0.0,0.0,0.0,0.0,0.0,0.0,0.0,0.0,unvectored,none,2,2026-08-04T08:45:36+00:00
foldedclos_64_2_2_2_1p0_20nm_TT_0V9_25C_800MHz,foldedclos,data_width=64;terminals_per_leaf=2;num_leaves=2;num_spines=2;oversubscription=1.0,20nm,TT,0.9,25.0,1.25,800.0,64,2,2,2,1.0,V-2023.12-SP4,858,858,0,389.769598,389.769598,0.0,0.0,0.0,1.05,0.0,0.0,0,V-2023.12-SP4,892,892,0,412.47,412.47,0.0,545.1072,0.7567,0.0,0.0,1.08,-0.03,-0.04,4,V-2023.12-SP3,V-2023.12-SP4,0.3009,0.36689999999999995,0.00044280000000000003,0.6682,0.6678,0.8347499999999999,0.0,0.0,0.0,0.0,0.0,0.0,0.0,0.0,0.3009,0.36689999999999995,0.00044280000000000003,0.6682,0.0,0.0,0.0,0.0,0.0,0.0,0.0,0.0,0.0,0.0,0.0,0.0,0.0,0.0,0.0,0.0,vectored,random,2,2026-08-04T08:45:45+00:00
foldedclos_64_2_2_2_1p0_20nm_TT_0V9_25C_800MHz,foldedclos,data_width=64;terminals_per_leaf=2;num_leaves=2;num_spines=2;oversubscription=1.0,20nm,TT,0.9,25.0,1.25,800.0,64,2,2,2,1.0,V-2023.12-SP4,858,858,0,389.769598,389.769598,0.0,0.0,0.0,1.05,0.0,0.0,0,V-2023.12-SP4,892,892,0,412.47,412.47,0.0,545.1072,0.7567,0.0,0.0,1.08,-0.03,-0.04,4,V-2023.12-SP3,V-2023.12-SP4,0.122,0.10969999999999999,0.0004455,0.2321,0.2317,0.28962499999999997,0.0,0.0,0.0,0.0,0.0,0.0,0.0,0.0,0.122,0.10969999999999999,0.0004455,0.2321,0.0,0.0,0.0,0.0,0.0,0.0,0.0,0.0,0.0,0.0,0.0,0.0,0.0,0.0,0.0,0.0,vectored,fixed_route,2,2026-08-04T08:45:53+00:00
foldedclos_32_4_4_2_1p0_20nm_TT_0V9_25C_571p429MHz,foldedclos,data_width=32;terminals_per_leaf=4;num_leaves=4;num_spines=2;oversubscription=1.0,20nm,TT,0.9,25.0,1.75,571.4285714285714,32,4,4,2,1.0,V-2023.12-SP4,13122,13122,0,5058.979173,5058.979173,0.0,0.0,0.0,1.55,0.0,0.0,0,V-2023.12-SP4,11779,11779,0,4808.92,4808.92,0.0,7208.6784,0.6671,0.0,0.0,1.78,-0.23,-0.74,21,V-2023.12-SP3,V-2023.12-SP4,0.8734,1.691,0.005493,2.57,2.5644,4.4877,0.0,0.0,0.0,0.0,0.0,0.0,0.0,0.0,0.8734,1.691,0.005493,2.57,0.0,0.0,0.0,0.0,0.0,0.0,0.0,0.0,0.0,0.0,0.0,0.0,0.0,0.0,0.0,0.0,unvectored,none,2,2026-08-04T09:19:47+00:00
foldedclos_32_4_4_2_1p0_20nm_TT_0V9_25C_571p429MHz,foldedclos,data_width=32;terminals_per_leaf=4;num_leaves=4;num_spines=2;oversubscription=1.0,20nm,TT,0.9,25.0,1.75,571.4285714285714,32,4,4,2,1.0,V-2023.12-SP4,13122,13122,0,5058.979173,5058.979173,0.0,0.0,0.0,1.55,0.0,0.0,0,V-2023.12-SP4,11779,11779,0,4808.92,4808.92,0.0,7208.6784,0.6671,0.0,0.0,1.78,-0.23,-0.74,21,V-2023.12-SP3,V-2023.12-SP4,1.423,2.562,0.0054199999999999995,3.9909999999999997,3.985,6.97375,0.0,0.0,0.0,0.0,0.0,0.0,0.0,0.0,1.423,2.562,0.0054199999999999995,3.9909999999999997,0.0,0.0,0.0,0.0,0.0,0.0,0.0,0.0,0.0,0.0,0.0,0.0,0.0,0.0,0.0,0.0,vectored,random,2,2026-08-04T09:19:58+00:00
foldedclos_32_4_4_2_1p0_20nm_TT_0V9_25C_571p429MHz,foldedclos,data_width=32;terminals_per_leaf=4;num_leaves=4;num_spines=2;oversubscription=1.0,20nm,TT,0.9,25.0,1.75,571.4285714285714,32,4,4,2,1.0,V-2023.12-SP4,13122,13122,0,5058.979173,5058.979173,0.0,0.0,0.0,1.55,0.0,0.0,0,V-2023.12-SP4,11779,11779,0,4808.92,4808.92,0.0,7208.6784,0.6671,0.0,0.0,1.78,-0.23,-0.74,21,V-2023.12-SP3,V-2023.12-SP4,0.6036,1.365,0.005331000000000001,1.974,1.9686,3.4450499999999997,0.0,0.0,0.0,0.0,0.0,0.0,0.0,0.0,0.6036,1.365,0.005331000000000001,1.974,0.0,0.0,0.0,0.0,0.0,0.0,0.0,0.0,0.0,0.0,0.0,0.0,0.0,0.0,0.0,0.0,vectored,fixed_route,2,2026-08-04T09:20:09+00:00
foldedclos_64_4_4_2_1p0_20nm_TT_0V9_25C_800MHz,foldedclos,data_width=64;terminals_per_leaf=4;num_leaves=4;num_spines=2;oversubscription=1.0,20nm,TT,0.9,25.0,1.25,800.0,64,4,4,2,1.0,V-2023.12-SP4,22727,22727,0,9132.710351,9132.710351,0.0,0.0,0.0,1.05,0.0,0.0,0,V-2023.12-SP4,24467,24467,0,11377.34,11377.34,0.0,12970.848,0.8771,0.0,0.0,1.3,-0.25,-81.86,1009,V-2023.12-SP3,V-2023.12-SP4,3.057,4.906,0.0156,7.979,7.962999999999999,9.95375,0.0,0.0,0.0,0.0,0.0,0.0,0.0,0.0,3.057,4.906,0.0156,7.979,0.0,0.0,0.0,0.0,0.0,0.0,0.0,0.0,0.0,0.0,0.0,0.0,0.0,0.0,0.0,0.0,unvectored,none,2,2026-08-04T10:43:41+00:00
foldedclos_64_4_4_2_1p0_20nm_TT_0V9_25C_800MHz,foldedclos,data_width=64;terminals_per_leaf=4;num_leaves=4;num_spines=2;oversubscription=1.0,20nm,TT,0.9,25.0,1.25,800.0,64,4,4,2,1.0,V-2023.12-SP4,22727,22727,0,9132.710351,9132.710351,0.0,0.0,0.0,1.05,0.0,0.0,0,V-2023.12-SP4,24467,24467,0,11377.34,11377.34,0.0,12970.848,0.8771,0.0,0.0,1.3,-0.25,-81.86,1009,V-2023.12-SP3,V-2023.12-SP4,4.925,7.534,0.015400000000000002,12.5,12.459,15.57375,0.0,0.0,0.0,0.0,0.0,0.0,0.0,0.0,4.925,7.534,0.015400000000000002,12.5,0.0,0.0,0.0,0.0,0.0,0.0,0.0,0.0,0.0,0.0,0.0,0.0,0.0,0.0,0.0,0.0,vectored,random,2,2026-08-04T10:43:51+00:00
foldedclos_64_4_4_2_1p0_20nm_TT_0V9_25C_800MHz,foldedclos,data_width=64;terminals_per_leaf=4;num_leaves=4;num_spines=2;oversubscription=1.0,20nm,TT,0.9,25.0,1.25,800.0,64,4,4,2,1.0,V-2023.12-SP4,22727,22727,0,9132.710351,9132.710351,0.0,0.0,0.0,1.05,0.0,0.0,0,V-2023.12-SP4,24467,24467,0,11377.34,11377.34,0.0,12970.848,0.8771,0.0,0.0,1.3,-0.25,-81.86,1009,V-2023.12-SP3,V-2023.12-SP4,2.214,3.908,0.01512,6.1370000000000005,6.122,7.6525,0.0,0.0,0.0,0.0,0.0,0.0,0.0,0.0,2.214,3.908,0.01512,6.1370000000000005,0.0,0.0,0.0,0.0,0.0,0.0,0.0,0.0,0.0,0.0,0.0,0.0,0.0,0.0,0.0,0.0,vectored,fixed_route,2,2026-08-04T10:44:02+00:00
foldedclos_32_2_2_2_1p0_16nm_TT_0V85_25C_1333p33MHz,foldedclos,data_width=32;terminals_per_leaf=2;num_leaves=2;num_spines=2;oversubscription=1.0,16nm,TT,0.85,25.0,0.75,1333.3333333333333,32,2,2,2,1.0,V-2023.12-SP4,793,793,0,171.072004,171.072004,0.0,0.0,0.0,0.54,0.01,0.0,0,V-2023.12-SP4,646,646,0,147.5,147.5,0.0,241.8647,0.6098,0.0,0.0,0.54,0.01,0.0,0,V-2023.12-SP3,V-2023.12-SP4,0.1449,0.1854,0.0002217,0.3306,0.33030000000000004,0.24772500000000003,0.0,0.0,0.0,0.0,0.0,0.0,0.0,0.0,0.1449,0.1854,0.0002217,0.3306,0.0,0.0,0.0,0.0,0.0,0.0,0.0,0.0,0.0,0.0,0.0,0.0,0.0,0.0,0.0,0.0,unvectored,none,2,2026-08-04T11:02:02+00:00
foldedclos_32_2_2_2_1p0_16nm_TT_0V85_25C_1333p33MHz,foldedclos,data_width=32;terminals_per_leaf=2;num_leaves=2;num_spines=2;oversubscription=1.0,16nm,TT,0.85,25.0,0.75,1333.3333333333333,32,2,2,2,1.0,V-2023.12-SP4,793,793,0,171.072004,171.072004,0.0,0.0,0.0,0.54,0.01,0.0,0,V-2023.12-SP4,646,646,0,147.5,147.5,0.0,241.8647,0.6098,0.0,0.0,0.54,0.01,0.0,0,V-2023.12-SP3,V-2023.12-SP4,0.244,0.2904,0.0002217,0.5346,0.5344,0.4008,0.0,0.0,0.0,0.0,0.0,0.0,0.0,0.0,0.244,0.2904,0.0002217,0.5346,0.0,0.0,0.0,0.0,0.0,0.0,0.0,0.0,0.0,0.0,0.0,0.0,0.0,0.0,0.0,0.0,vectored,random,2,2026-08-04T11:02:10+00:00
foldedclos_32_2_2_2_1p0_16nm_TT_0V85_25C_1333p33MHz,foldedclos,data_width=32;terminals_per_leaf=2;num_leaves=2;num_spines=2;oversubscription=1.0,16nm,TT,0.85,25.0,0.75,1333.3333333333333,32,2,2,2,1.0,V-2023.12-SP4,793,793,0,171.072004,171.072004,0.0,0.0,0.0,0.54,0.01,0.0,0,V-2023.12-SP4,646,646,0,147.5,147.5,0.0,241.8647,0.6098,0.0,0.0,0.54,0.01,0.0,0,V-2023.12-SP3,V-2023.12-SP4,0.10450000000000001,0.121,0.00022579999999999999,0.2257,0.2255,0.169125,0.0,0.0,0.0,0.0,0.0,0.0,0.0,0.0,0.10450000000000001,0.121,0.00022579999999999999,0.2257,0.0,0.0,0.0,0.0,0.0,0.0,0.0,0.0,0.0,0.0,0.0,0.0,0.0,0.0,0.0,0.0,vectored,fixed_route,2,2026-08-04T11:02:18+00:00
foldedclos_32_2_2_2_1p0_16nm_TT_0V85_25C_800MHz,foldedclos,data_width=32;terminals_per_leaf=2;num_leaves=2;num_spines=2;oversubscription=1.0,16nm,TT,0.85,25.0,1.25,800.0,32,2,2,2,1.0,V-2023.12-SP4,467,467,0,119.874821,119.874821,0.0,0.0,0.0,0.92,0.13,0.0,0,V-2023.12-SP4,468,468,0,120.25,120.25,0.0,165.5977,0.7261,0.0,0.0,0.95,0.1,0.0,0,V-2023.12-SP3,V-2023.12-SP4,0.07297000000000001,0.08089,0.000169,0.154,0.15386,0.192325,0.0,0.0,0.0,0.0,0.0,0.0,0.0,0.0,0.07297000000000001,0.08089,0.000169,0.154,0.0,0.0,0.0,0.0,0.0,0.0,0.0,0.0,0.0,0.0,0.0,0.0,0.0,0.0,0.0,0.0,unvectored,none,2,2026-08-04T11:05:04+00:00
foldedclos_32_2_2_2_1p0_16nm_TT_0V85_25C_800MHz,foldedclos,data_width=32;terminals_per_leaf=2;num_leaves=2;num_spines=2;oversubscription=1.0,16nm,TT,0.85,25.0,1.25,800.0,32,2,2,2,1.0,V-2023.12-SP4,467,467,0,119.874821,119.874821,0.0,0.0,0.0,0.92,0.13,0.0,0,V-2023.12-SP4,468,468,0,120.25,120.25,0.0,165.5977,0.7261,0.0,0.0,0.95,0.1,0.0,0,V-2023.12-SP3,V-2023.12-SP4,0.1268,0.1262,0.0001688,0.25310000000000005,0.253,0.31625000000000003,0.0,0.0,0.0,0.0,0.0,0.0,0.0,0.0,0.1268,0.1262,0.0001688,0.25310000000000005,0.0,0.0,0.0,0.0,0.0,0.0,0.0,0.0,0.0,0.0,0.0,0.0,0.0,0.0,0.0,0.0,vectored,random,2,2026-08-04T11:05:12+00:00
foldedclos_32_2_2_2_1p0_16nm_TT_0V85_25C_800MHz,foldedclos,data_width=32;terminals_per_leaf=2;num_leaves=2;num_spines=2;oversubscription=1.0,16nm,TT,0.85,25.0,1.25,800.0,32,2,2,2,1.0,V-2023.12-SP4,467,467,0,119.874821,119.874821,0.0,0.0,0.0,0.92,0.13,0.0,0,V-2023.12-SP4,468,468,0,120.25,120.25,0.0,165.5977,0.7261,0.0,0.0,0.95,0.1,0.0,0,V-2023.12-SP3,V-2023.12-SP4,0.0537,0.03592,0.00016859999999999998,0.08979000000000001,0.08962,0.11202500000000001,0.0,0.0,0.0,0.0,0.0,0.0,0.0,0.0,0.0537,0.03592,0.00016859999999999998,0.08979000000000001,0.0,0.0,0.0,0.0,0.0,0.0,0.0,0.0,0.0,0.0,0.0,0.0,0.0,0.0,0.0,0.0,vectored,fixed_route,2,2026-08-04T11:05:19+00:00
foldedclos_64_2_2_2_1p0_16nm_TT_0V85_25C_1333p33MHz,foldedclos,data_width=64;terminals_per_leaf=2;num_leaves=2;num_spines=2;oversubscription=1.0,16nm,TT,0.85,25.0,0.75,1333.3333333333333,64,2,2,2,1.0,V-2023.12-SP4,1642,1642,0,349.671174,349.671174,0.0,0.0,0.0,0.54,0.01,0.0,0,V-2023.12-SP4,1314,1314,0,302.08,302.08,0.0,486.9642,0.6203,0.0,0.0,0.54,0.01,0.0,0,V-2023.12-SP3,V-2023.12-SP4,0.2767,0.4218,0.00045359999999999997,0.6989,0.6985,0.523875,0.0,0.0,0.0,0.0,0.0,0.0,0.0,0.0,0.2767,0.4218,0.00045359999999999997,0.6989,0.0,0.0,0.0,0.0,0.0,0.0,0.0,0.0,0.0,0.0,0.0,0.0,0.0,0.0,0.0,0.0,unvectored,none,2,2026-08-04T11:08:47+00:00
foldedclos_64_2_2_2_1p0_16nm_TT_0V85_25C_1333p33MHz,foldedclos,data_width=64;terminals_per_leaf=2;num_leaves=2;num_spines=2;oversubscription=1.0,16nm,TT,0.85,25.0,0.75,1333.3333333333333,64,2,2,2,1.0,V-2023.12-SP4,1642,1642,0,349.671174,349.671174,0.0,0.0,0.0,0.54,0.01,0.0,0,V-2023.12-SP4,1314,1314,0,302.08,302.08,0.0,486.9642,0.6203,0.0,0.0,0.54,0.01,0.0,0,V-2023.12-SP3,V-2023.12-SP4,0.4718,0.6553,0.00045559999999999996,1.1280000000000001,1.1271,0.845325,0.0,0.0,0.0,0.0,0.0,0.0,0.0,0.0,0.4718,0.6553,0.00045559999999999996,1.1280000000000001,0.0,0.0,0.0,0.0,0.0,0.0,0.0,0.0,0.0,0.0,0.0,0.0,0.0,0.0,0.0,0.0,vectored,random,2,2026-08-04T11:08:56+00:00
foldedclos_64_2_2_2_1p0_16nm_TT_0V85_25C_1333p33MHz,foldedclos,data_width=64;terminals_per_leaf=2;num_leaves=2;num_spines=2;oversubscription=1.0,16nm,TT,0.85,25.0,0.75,1333.3333333333333,64,2,2,2,1.0,V-2023.12-SP4,1642,1642,0,349.671174,349.671174,0.0,0.0,0.0,0.54,0.01,0.0,0,V-2023.12-SP4,1314,1314,0,302.08,302.08,0.0,486.9642,0.6203,0.0,0.0,0.54,0.01,0.0,0,V-2023.12-SP3,V-2023.12-SP4,0.2198,0.2901,0.0004625,0.5104000000000001,0.5099,0.382425,0.0,0.0,0.0,0.0,0.0,0.0,0.0,0.0,0.2198,0.2901,0.0004625,0.5104000000000001,0.0,0.0,0.0,0.0,0.0,0.0,0.0,0.0,0.0,0.0,0.0,0.0,0.0,0.0,0.0,0.0,vectored,fixed_route,2,2026-08-04T11:09:04+00:00
foldedclos_64_2_2_2_1p0_16nm_TT_0V85_25C_800MHz,foldedclos,data_width=64;terminals_per_leaf=2;num_leaves=2;num_spines=2;oversubscription=1.0,16nm,TT,0.85,25.0,1.25,800.0,64,2,2,2,1.0,V-2023.12-SP4,855,855,0,227.370249,227.370249,0.0,0.0,0.0,1.03,0.02,0.0,0,V-2023.12-SP4,865,865,0,232.78,232.78,0.0,320.1224,0.7272,0.0,0.0,1.05,-0.0,-0.0,1,V-2023.12-SP3,V-2023.12-SP4,0.12990000000000002,0.1729,0.0003375,0.3031,0.3028,0.3785,0.0,0.0,0.0,0.0,0.0,0.0,0.0,0.0,0.12990000000000002,0.1729,0.0003375,0.3031,0.0,0.0,0.0,0.0,0.0,0.0,0.0,0.0,0.0,0.0,0.0,0.0,0.0,0.0,0.0,0.0,unvectored,none,2,2026-08-04T11:12:53+00:00
foldedclos_64_2_2_2_1p0_16nm_TT_0V85_25C_800MHz,foldedclos,data_width=64;terminals_per_leaf=2;num_leaves=2;num_spines=2;oversubscription=1.0,16nm,TT,0.85,25.0,1.25,800.0,64,2,2,2,1.0,V-2023.12-SP4,855,855,0,227.370249,227.370249,0.0,0.0,0.0,1.03,0.02,0.0,0,V-2023.12-SP4,865,865,0,232.78,232.78,0.0,320.1224,0.7272,0.0,0.0,1.05,-0.0,-0.0,1,V-2023.12-SP3,V-2023.12-SP4,0.2453,0.3071,0.0003369,0.5528,0.5524,0.6905,0.0,0.0,0.0,0.0,0.0,0.0,0.0,0.0,0.2453,0.3071,0.0003369,0.5528,0.0,0.0,0.0,0.0,0.0,0.0,0.0,0.0,0.0,0.0,0.0,0.0,0.0,0.0,0.0,0.0,vectored,random,2,2026-08-04T11:13:01+00:00
foldedclos_64_2_2_2_1p0_16nm_TT_0V85_25C_800MHz,foldedclos,data_width=64;terminals_per_leaf=2;num_leaves=2;num_spines=2;oversubscription=1.0,16nm,TT,0.85,25.0,1.25,800.0,64,2,2,2,1.0,V-2023.12-SP4,855,855,0,227.370249,227.370249,0.0,0.0,0.0,1.03,0.02,0.0,0,V-2023.12-SP4,865,865,0,232.78,232.78,0.0,320.1224,0.7272,0.0,0.0,1.05,-0.0,-0.0,1,V-2023.12-SP3,V-2023.12-SP4,0.1035,0.08928,0.0003387,0.1931,0.19278,0.240975,0.0,0.0,0.0,0.0,0.0,0.0,0.0,0.0,0.1035,0.08928,0.0003387,0.1931,0.0,0.0,0.0,0.0,0.0,0.0,0.0,0.0,0.0,0.0,0.0,0.0,0.0,0.0,0.0,0.0,vectored,fixed_route,2,2026-08-04T11:13:08+00:00
foldedclos_32_4_4_4_1p0_20nm_TT_0V9_25C_571p429MHz,foldedclos,data_width=32;terminals_per_leaf=4;num_leaves=4;num_spines=4;oversubscription=1.0,20nm,TT,0.9,25.0,1.75,571.4285714285714,32,4,4,4,1.0,V-2023.12-SP4,13122,13122,0,5058.979173,5058.979173,0.0,0.0,0.0,1.55,0.0,0.0,0,V-2023.12-SP4,11779,11779,0,4808.92,4808.92,0.0,7208.6784,0.6671,0.0,0.0,1.78,-0.23,-0.8,24,V-2023.12-SP3,V-2023.12-SP4,0.8735,1.692,0.005493,2.5709999999999997,2.5655,4.489625,0.0,0.0,0.0,0.0,0.0,0.0,0.0,0.0,0.8735,1.692,0.005493,2.5709999999999997,0.0,0.0,0.0,0.0,0.0,0.0,0.0,0.0,0.0,0.0,0.0,0.0,0.0,0.0,0.0,0.0,unvectored,none,2,2026-08-04T11:16:49+00:00
foldedclos_32_4_4_4_1p0_20nm_TT_0V9_25C_571p429MHz,foldedclos,data_width=32;terminals_per_leaf=4;num_leaves=4;num_spines=4;oversubscription=1.0,20nm,TT,0.9,25.0,1.75,571.4285714285714,32,4,4,4,1.0,V-2023.12-SP4,13122,13122,0,5058.979173,5058.979173,0.0,0.0,0.0,1.55,0.0,0.0,0,V-2023.12-SP4,11779,11779,0,4808.92,4808.92,0.0,7208.6784,0.6671,0.0,0.0,1.78,-0.23,-0.8,24,V-2023.12-SP3,V-2023.12-SP4,1.423,2.565,0.0054199999999999995,3.993,3.988,6.979,0.0,0.0,0.0,0.0,0.0,0.0,0.0,0.0,1.423,2.565,0.0054199999999999995,3.993,0.0,0.0,0.0,0.0,0.0,0.0,0.0,0.0,0.0,0.0,0.0,0.0,0.0,0.0,0.0,0.0,vectored,random,2,2026-08-04T11:17:00+00:00
foldedclos_32_4_4_4_1p0_20nm_TT_0V9_25C_571p429MHz,foldedclos,data_width=32;terminals_per_leaf=4;num_leaves=4;num_spines=4;oversubscription=1.0,20nm,TT,0.9,25.0,1.75,571.4285714285714,32,4,4,4,1.0,V-2023.12-SP4,13122,13122,0,5058.979173,5058.979173,0.0,0.0,0.0,1.55,0.0,0.0,0,V-2023.12-SP4,11779,11779,0,4808.92,4808.92,0.0,7208.6784,0.6671,0.0,0.0,1.78,-0.23,-0.8,24,V-2023.12-SP3,V-2023.12-SP4,0.6037,1.367,0.005331000000000001,1.976,1.9707,3.4487249999999996,0.0,0.0,0.0,0.0,0.0,0.0,0.0,0.0,0.6037,1.367,0.005331000000000001,1.976,0.0,0.0,0.0,0.0,0.0,0.0,0.0,0.0,0.0,0.0,0.0,0.0,0.0,0.0,0.0,0.0,vectored,fixed_route,2,2026-08-04T11:17:09+00:00
foldedclos_32_4_4_2_1p0_16nm_TT_0V85_25C_1000MHz,foldedclos,data_width=32;terminals_per_leaf=4;num_leaves=4;num_spines=2;oversubscription=1.0,16nm,TT,0.85,25.0,1.0,1000.0,32,4,4,2,1.0,V-2023.12-SP4,13236,13236,0,3101.317699,3101.317699,0.0,0.0,0.0,0.8,0.0,0.0,0,V-2023.12-SP4,11465,11465,0,2825.67,2825.67,0.0,4406.8147,0.6412,0.0,0.0,0.88,-0.08,-2.1,146,V-2023.12-SP3,V-2023.12-SP4,1.1260000000000001,2.175,0.004423,3.306,3.301,3.301,0.0,0.0,0.0,0.0,0.0,0.0,0.0,0.0,1.1260000000000001,2.175,0.004423,3.306,0.0,0.0,0.0,0.0,0.0,0.0,0.0,0.0,0.0,0.0,0.0,0.0,0.0,0.0,0.0,0.0,unvectored,none,2,2026-08-04T11:31:40+00:00
foldedclos_32_4_4_2_1p0_16nm_TT_0V85_25C_1000MHz,foldedclos,data_width=32;terminals_per_leaf=4;num_leaves=4;num_spines=2;oversubscription=1.0,16nm,TT,0.85,25.0,1.0,1000.0,32,4,4,2,1.0,V-2023.12-SP4,13236,13236,0,3101.317699,3101.317699,0.0,0.0,0.0,0.8,0.0,0.0,0,V-2023.12-SP4,11465,11465,0,2825.67,2825.67,0.0,4406.8147,0.6412,0.0,0.0,0.88,-0.08,-2.1,146,V-2023.12-SP3,V-2023.12-SP4,1.746,3.199,0.004377,4.95,4.945,4.945,0.0,0.0,0.0,0.0,0.0,0.0,0.0,0.0,1.746,3.199,0.004377,4.95,0.0,0.0,0.0,0.0,0.0,0.0,0.0,0.0,0.0,0.0,0.0,0.0,0.0,0.0,0.0,0.0,vectored,random,2,2026-08-04T11:31:49+00:00
foldedclos_32_4_4_2_1p0_16nm_TT_0V85_25C_1000MHz,foldedclos,data_width=32;terminals_per_leaf=4;num_leaves=4;num_spines=2;oversubscription=1.0,16nm,TT,0.85,25.0,1.0,1000.0,32,4,4,2,1.0,V-2023.12-SP4,13236,13236,0,3101.317699,3101.317699,0.0,0.0,0.0,0.8,0.0,0.0,0,V-2023.12-SP4,11465,11465,0,2825.67,2825.67,0.0,4406.8147,0.6412,0.0,0.0,0.88,-0.08,-2.1,146,V-2023.12-SP3,V-2023.12-SP4,0.7868,1.6509999999999998,0.004299,2.442,2.4377999999999997,2.4377999999999997,0.0,0.0,0.0,0.0,0.0,0.0,0.0,0.0,0.7868,1.6509999999999998,0.004299,2.442,0.0,0.0,0.0,0.0,0.0,0.0,0.0,0.0,0.0,0.0,0.0,0.0,0.0,0.0,0.0,0.0,vectored,fixed_route,2,2026-08-04T11:31:59+00:00
foldedclos_64_4_4_2_1p0_20nm_TT_0V9_25C_500MHz,foldedclos,data_width=64;terminals_per_leaf=4;num_leaves=4;num_spines=2;oversubscription=1.0,20nm,TT,0.9,25.0,2.0,500.0,64,4,4,2,1.0,V-2023.12-SP4,19780,19780,0,8196.671956,8196.671956,0.0,0.0,0.0,1.8,0.0,0.0,0,V-2023.12-SP4,19093,19093,0,8529.63,8529.63,0.0,11675.664,0.7305,0.0,0.0,1.96,-0.16,-1.12,31,V-2023.12-SP3,V-2023.12-SP4,1.4549999999999998,2.679,0.009843999999999999,4.143,4.1339999999999995,8.267999999999999,0.0,0.0,0.0,0.0,0.0,0.0,0.0,0.0,1.4549999999999998,2.679,0.009843999999999999,4.143,0.0,0.0,0.0,0.0,0.0,0.0,0.0,0.0,0.0,0.0,0.0,0.0,0.0,0.0,0.0,0.0,unvectored,none,2,2026-08-04T11:33:49+00:00
foldedclos_64_4_4_2_1p0_20nm_TT_0V9_25C_500MHz,foldedclos,data_width=64;terminals_per_leaf=4;num_leaves=4;num_spines=2;oversubscription=1.0,20nm,TT,0.9,25.0,2.0,500.0,64,4,4,2,1.0,V-2023.12-SP4,19780,19780,0,8196.671956,8196.671956,0.0,0.0,0.0,1.8,0.0,0.0,0,V-2023.12-SP4,19093,19093,0,8529.63,8529.63,0.0,11675.664,0.7305,0.0,0.0,1.96,-0.16,-1.12,31,V-2023.12-SP3,V-2023.12-SP4,2.3930000000000002,4.173,0.009708,6.575,6.566000000000001,13.132000000000001,0.0,0.0,0.0,0.0,0.0,0.0,0.0,0.0,2.3930000000000002,4.173,0.009708,6.575,0.0,0.0,0.0,0.0,0.0,0.0,0.0,0.0,0.0,0.0,0.0,0.0,0.0,0.0,0.0,0.0,vectored,random,2,2026-08-04T11:34:00+00:00
foldedclos_64_4_4_2_1p0_20nm_TT_0V9_25C_500MHz,foldedclos,data_width=64;terminals_per_leaf=4;num_leaves=4;num_spines=2;oversubscription=1.0,20nm,TT,0.9,25.0,2.0,500.0,64,4,4,2,1.0,V-2023.12-SP4,19780,19780,0,8196.671956,8196.671956,0.0,0.0,0.0,1.8,0.0,0.0,0,V-2023.12-SP4,19093,19093,0,8529.63,8529.63,0.0,11675.664,0.7305,0.0,0.0,1.96,-0.16,-1.12,31,V-2023.12-SP3,V-2023.12-SP4,1.167,2.248,0.009513,3.424,3.415,6.83,0.0,0.0,0.0,0.0,0.0,0.0,0.0,0.0,1.167,2.248,0.009513,3.424,0.0,0.0,0.0,0.0,0.0,0.0,0.0,0.0,0.0,0.0,0.0,0.0,0.0,0.0,0.0,0.0,vectored,fixed_route,2,2026-08-04T11:34:11+00:00
foldedclos_32_4_4_2_1p0_16nm_TT_0V85_25C_666p667MHz,foldedclos,data_width=32;terminals_per_leaf=4;num_leaves=4;num_spines=2;oversubscription=1.0,16nm,TT,0.85,25.0,1.5,666.6666666666666,32,4,4,2,1.0,V-2023.12-SP4,13141,13141,0,3084.272703,3084.272703,0.0,0.0,0.0,1.3,0.0,0.0,0,V-2023.12-SP4,11227,11227,0,2735.47,2735.47,0.0,4392.5069,0.6228,0.0,0.0,1.35,-0.05,-0.29,17,V-2023.12-SP3,V-2023.12-SP4,0.8261,1.578,0.004223,2.408,2.4041,3.6061500000000004,0.0,0.0,0.0,0.0,0.0,0.0,0.0,0.0,0.8261,1.578,0.004223,2.408,0.0,0.0,0.0,0.0,0.0,0.0,0.0,0.0,0.0,0.0,0.0,0.0,0.0,0.0,0.0,0.0,unvectored,none,2,2026-08-04T11:49:59+00:00
foldedclos_32_4_4_2_1p0_16nm_TT_0V85_25C_666p667MHz,foldedclos,data_width=32;terminals_per_leaf=4;num_leaves=4;num_spines=2;oversubscription=1.0,16nm,TT,0.85,25.0,1.5,666.6666666666666,32,4,4,2,1.0,V-2023.12-SP4,13141,13141,0,3084.272703,3084.272703,0.0,0.0,0.0,1.3,0.0,0.0,0,V-2023.12-SP4,11227,11227,0,2735.47,2735.47,0.0,4392.5069,0.6228,0.0,0.0,1.35,-0.05,-0.29,17,V-2023.12-SP3,V-2023.12-SP4,1.358,2.408,0.004159,3.771,3.766,5.649,0.0,0.0,0.0,0.0,0.0,0.0,0.0,0.0,1.358,2.408,0.004159,3.771,0.0,0.0,0.0,0.0,0.0,0.0,0.0,0.0,0.0,0.0,0.0,0.0,0.0,0.0,0.0,0.0,vectored,random,2,2026-08-04T11:50:11+00:00
foldedclos_32_4_4_2_1p0_16nm_TT_0V85_25C_666p667MHz,foldedclos,data_width=32;terminals_per_leaf=4;num_leaves=4;num_spines=2;oversubscription=1.0,16nm,TT,0.85,25.0,1.5,666.6666666666666,32,4,4,2,1.0,V-2023.12-SP4,13141,13141,0,3084.272703,3084.272703,0.0,0.0,0.0,1.3,0.0,0.0,0,V-2023.12-SP4,11227,11227,0,2735.47,2735.47,0.0,4392.5069,0.6228,0.0,0.0,1.35,-0.05,-0.29,17,V-2023.12-SP3,V-2023.12-SP4,0.6073,1.2570000000000001,0.004076,1.869,1.8643,2.79645,0.0,0.0,0.0,0.0,0.0,0.0,0.0,0.0,0.6073,1.2570000000000001,0.004076,1.869,0.0,0.0,0.0,0.0,0.0,0.0,0.0,0.0,0.0,0.0,0.0,0.0,0.0,0.0,0.0,0.0,vectored,fixed_route,2,2026-08-04T11:50:26+00:00
foldedclos_64_4_4_4_1p0_20nm_TT_0V9_25C_500MHz,foldedclos,data_width=64;terminals_per_leaf=4;num_leaves=4;num_spines=4;oversubscription=1.0,20nm,TT,0.9,25.0,2.0,500.0,64,4,4,4,1.0,V-2023.12-SP4,19780,19780,0,8196.671956,8196.671956,0.0,0.0,0.0,1.8,0.0,0.0,0,V-2023.12-SP4,19093,19093,0,8529.63,8529.63,0.0,11675.664,0.7305,0.0,0.0,1.97,-0.17,-1.32,34,V-2023.12-SP3,V-2023.12-SP4,1.4549999999999998,2.678,0.009843999999999999,4.143,4.133,8.266,0.0,0.0,0.0,0.0,0.0,0.0,0.0,0.0,1.4549999999999998,2.678,0.009843999999999999,4.143,0.0,0.0,0.0,0.0,0.0,0.0,0.0,0.0,0.0,0.0,0.0,0.0,0.0,0.0,0.0,0.0,unvectored,none,2,2026-08-04T12:48:51+00:00
foldedclos_64_4_4_4_1p0_20nm_TT_0V9_25C_500MHz,foldedclos,data_width=64;terminals_per_leaf=4;num_leaves=4;num_spines=4;oversubscription=1.0,20nm,TT,0.9,25.0,2.0,500.0,64,4,4,4,1.0,V-2023.12-SP4,19780,19780,0,8196.671956,8196.671956,0.0,0.0,0.0,1.8,0.0,0.0,0,V-2023.12-SP4,19093,19093,0,8529.63,8529.63,0.0,11675.664,0.7305,0.0,0.0,1.97,-0.17,-1.32,34,V-2023.12-SP3,V-2023.12-SP4,2.3930000000000002,4.172000000000001,0.009708,6.574,6.565000000000001,13.130000000000003,0.0,0.0,0.0,0.0,0.0,0.0,0.0,0.0,2.3930000000000002,4.172000000000001,0.009708,6.574,0.0,0.0,0.0,0.0,0.0,0.0,0.0,0.0,0.0,0.0,0.0,0.0,0.0,0.0,0.0,0.0,vectored,random,2,2026-08-04T12:49:02+00:00
foldedclos_64_4_4_4_1p0_20nm_TT_0V9_25C_500MHz,foldedclos,data_width=64;terminals_per_leaf=4;num_leaves=4;num_spines=4;oversubscription=1.0,20nm,TT,0.9,25.0,2.0,500.0,64,4,4,4,1.0,V-2023.12-SP4,19780,19780,0,8196.671956,8196.671956,0.0,0.0,0.0,1.8,0.0,0.0,0,V-2023.12-SP4,19093,19093,0,8529.63,8529.63,0.0,11675.664,0.7305,0.0,0.0,1.97,-0.17,-1.32,34,V-2023.12-SP3,V-2023.12-SP4,1.167,2.246,0.009513,3.422,3.4130000000000003,6.8260000000000005,0.0,0.0,0.0,0.0,0.0,0.0,0.0,0.0,1.167,2.246,0.009513,3.422,0.0,0.0,0.0,0.0,0.0,0.0,0.0,0.0,0.0,0.0,0.0,0.0,0.0,0.0,0.0,0.0,vectored,fixed_route,2,2026-08-04T12:49:13+00:00
foldedclos_64_4_4_4_1p0_20nm_TT_0V9_25C_800MHz,foldedclos,data_width=64;terminals_per_leaf=4;num_leaves=4;num_spines=4;oversubscription=1.0,20nm,TT,0.9,25.0,1.25,800.0,64,4,4,4,1.0,V-2023.12-SP4,22727,22727,0,9132.710351,9132.710351,0.0,0.0,0.0,1.05,0.0,0.0,0,V-2023.12-SP4,24467,24467,0,11377.34,11377.34,0.0,12970.848,0.8771,0.0,0.0,1.31,-0.26,-81.46,1008,V-2023.12-SP3,V-2023.12-SP4,3.056,4.902,0.0156,7.974,7.958,9.9475,0.0,0.0,0.0,0.0,0.0,0.0,0.0,0.0,3.056,4.902,0.0156,7.974,0.0,0.0,0.0,0.0,0.0,0.0,0.0,0.0,0.0,0.0,0.0,0.0,0.0,0.0,0.0,0.0,unvectored,none,2,2026-08-04T12:49:58+00:00
foldedclos_64_4_4_4_1p0_20nm_TT_0V9_25C_800MHz,foldedclos,data_width=64;terminals_per_leaf=4;num_leaves=4;num_spines=4;oversubscription=1.0,20nm,TT,0.9,25.0,1.25,800.0,64,4,4,4,1.0,V-2023.12-SP4,22727,22727,0,9132.710351,9132.710351,0.0,0.0,0.0,1.05,0.0,0.0,0,V-2023.12-SP4,24467,24467,0,11377.34,11377.34,0.0,12970.848,0.8771,0.0,0.0,1.31,-0.26,-81.46,1008,V-2023.12-SP3,V-2023.12-SP4,4.923,7.5249999999999995,0.015400000000000002,12.5,12.448,15.56,0.0,0.0,0.0,0.0,0.0,0.0,0.0,0.0,4.923,7.5249999999999995,0.015400000000000002,12.5,0.0,0.0,0.0,0.0,0.0,0.0,0.0,0.0,0.0,0.0,0.0,0.0,0.0,0.0,0.0,0.0,vectored,random,2,2026-08-04T12:50:09+00:00
foldedclos_64_4_4_4_1p0_20nm_TT_0V9_25C_800MHz,foldedclos,data_width=64;terminals_per_leaf=4;num_leaves=4;num_spines=4;oversubscription=1.0,20nm,TT,0.9,25.0,1.25,800.0,64,4,4,4,1.0,V-2023.12-SP4,22727,22727,0,9132.710351,9132.710351,0.0,0.0,0.0,1.05,0.0,0.0,0,V-2023.12-SP4,24467,24467,0,11377.34,11377.34,0.0,12970.848,0.8771,0.0,0.0,1.31,-0.26,-81.46,1008,V-2023.12-SP3,V-2023.12-SP4,2.213,3.908,0.01512,6.136,6.121,7.651250000000001,0.0,0.0,0.0,0.0,0.0,0.0,0.0,0.0,2.213,3.908,0.01512,6.136,0.0,0.0,0.0,0.0,0.0,0.0,0.0,0.0,0.0,0.0,0.0,0.0,0.0,0.0,0.0,0.0,vectored,fixed_route,2,2026-08-04T12:50:19+00:00
foldedclos_64_4_4_2_1p0_16nm_TT_0V85_25C_1000MHz,foldedclos,data_width=64;terminals_per_leaf=4;num_leaves=4;num_spines=2;oversubscription=1.0,16nm,TT,0.85,25.0,1.0,1000.0,64,4,4,2,1.0,V-2023.12-SP4,23619,23619,0,5573.463677,5573.463677,0.0,0.0,0.0,0.8,0.0,0.0,0,V-2023.12-SP4,22944,22944,0,5903.6,5903.6,0.0,7913.1064,0.7461,0.0,0.0,0.86,-0.06,-2.65,212,V-2023.12-SP3,V-2023.12-SP4,2.66,4.526,0.01029,7.196,7.186,7.186,0.0,0.0,0.0,0.0,0.0,0.0,0.0,0.0,2.66,4.526,0.01029,7.196,0.0,0.0,0.0,0.0,0.0,0.0,0.0,0.0,0.0,0.0,0.0,0.0,0.0,0.0,0.0,0.0,unvectored,none,2,2026-08-04T13:13:50+00:00
foldedclos_64_4_4_2_1p0_16nm_TT_0V85_25C_1000MHz,foldedclos,data_width=64;terminals_per_leaf=4;num_leaves=4;num_spines=2;oversubscription=1.0,16nm,TT,0.85,25.0,1.0,1000.0,64,4,4,2,1.0,V-2023.12-SP4,23619,23619,0,5573.463677,5573.463677,0.0,0.0,0.0,0.8,0.0,0.0,0,V-2023.12-SP4,22944,22944,0,5903.6,5903.6,0.0,7913.1064,0.7461,0.0,0.0,0.86,-0.06,-2.65,212,V-2023.12-SP3,V-2023.12-SP4,4.188,6.8580000000000005,0.010169999999999998,11.1,11.046,11.046,0.0,0.0,0.0,0.0,0.0,0.0,0.0,0.0,4.188,6.8580000000000005,0.010169999999999998,11.1,0.0,0.0,0.0,0.0,0.0,0.0,0.0,0.0,0.0,0.0,0.0,0.0,0.0,0.0,0.0,0.0,vectored,random,2,2026-08-04T13:14:00+00:00
foldedclos_64_4_4_2_1p0_16nm_TT_0V85_25C_1000MHz,foldedclos,data_width=64;terminals_per_leaf=4;num_leaves=4;num_spines=2;oversubscription=1.0,16nm,TT,0.85,25.0,1.0,1000.0,64,4,4,2,1.0,V-2023.12-SP4,23619,23619,0,5573.463677,5573.463677,0.0,0.0,0.0,0.8,0.0,0.0,0,V-2023.12-SP4,22944,22944,0,5903.6,5903.6,0.0,7913.1064,0.7461,0.0,0.0,0.86,-0.06,-2.65,212,V-2023.12-SP3,V-2023.12-SP4,2.088,3.7190000000000003,0.009973,5.817,5.807,5.807,0.0,0.0,0.0,0.0,0.0,0.0,0.0,0.0,2.088,3.7190000000000003,0.009973,5.817,0.0,0.0,0.0,0.0,0.0,0.0,0.0,0.0,0.0,0.0,0.0,0.0,0.0,0.0,0.0,0.0,vectored,fixed_route,2,2026-08-04T13:14:11+00:00
foldedclos_64_4_4_2_1p0_16nm_TT_0V85_25C_571p429MHz,foldedclos,data_width=64;terminals_per_leaf=4;num_leaves=4;num_spines=2;oversubscription=1.0,16nm,TT,0.85,25.0,1.75,571.4285714285714,64,4,4,2,1.0,V-2023.12-SP4,24255,24255,0,5659.061884,5659.061884,0.0,0.0,0.0,1.55,0.0,0.0,0,V-2023.12-SP4,20317,20317,0,5049.17,5049.17,0.0,8074.1007,0.6254,0.0,0.0,1.62,-0.07,-1.8,125,V-2023.12-SP3,V-2023.12-SP4,1.427,2.758,0.007751999999999999,4.193,4.1850000000000005,7.32375,0.0,0.0,0.0,0.0,0.0,0.0,0.0,0.0,1.427,2.758,0.007751999999999999,4.193,0.0,0.0,0.0,0.0,0.0,0.0,0.0,0.0,0.0,0.0,0.0,0.0,0.0,0.0,0.0,0.0,unvectored,none,2,2026-08-04T14:07:32+00:00
foldedclos_64_4_4_2_1p0_16nm_TT_0V85_25C_571p429MHz,foldedclos,data_width=64;terminals_per_leaf=4;num_leaves=4;num_spines=2;oversubscription=1.0,16nm,TT,0.85,25.0,1.75,571.4285714285714,64,4,4,2,1.0,V-2023.12-SP4,24255,24255,0,5659.061884,5659.061884,0.0,0.0,0.0,1.55,0.0,0.0,0,V-2023.12-SP4,20317,20317,0,5049.17,5049.17,0.0,8074.1007,0.6254,0.0,0.0,1.62,-0.07,-1.8,125,V-2023.12-SP3,V-2023.12-SP4,2.432,4.407,0.00761,6.8469999999999995,6.839,11.968250000000001,0.0,0.0,0.0,0.0,0.0,0.0,0.0,0.0,2.432,4.407,0.00761,6.8469999999999995,0.0,0.0,0.0,0.0,0.0,0.0,0.0,0.0,0.0,0.0,0.0,0.0,0.0,0.0,0.0,0.0,vectored,random,2,2026-08-04T14:07:45+00:00
foldedclos_64_4_4_2_1p0_16nm_TT_0V85_25C_571p429MHz,foldedclos,data_width=64;terminals_per_leaf=4;num_leaves=4;num_spines=2;oversubscription=1.0,16nm,TT,0.85,25.0,1.75,571.4285714285714,64,4,4,2,1.0,V-2023.12-SP4,24255,24255,0,5659.061884,5659.061884,0.0,0.0,0.0,1.55,0.0,0.0,0,V-2023.12-SP4,20317,20317,0,5049.17,5049.17,0.0,8074.1007,0.6254,0.0,0.0,1.62,-0.07,-1.8,125,V-2023.12-SP3,V-2023.12-SP4,1.111,2.337,0.007487,3.455,3.4480000000000004,6.034000000000001,0.0,0.0,0.0,0.0,0.0,0.0,0.0,0.0,1.111,2.337,0.007487,3.455,0.0,0.0,0.0,0.0,0.0,0.0,0.0,0.0,0.0,0.0,0.0,0.0,0.0,0.0,0.0,0.0,vectored,fixed_route,2,2026-08-04T14:07:58+00:00
foldedclos_32_8_4_4_1p0_20nm_TT_0V9_25C_500MHz,foldedclos,data_width=32;terminals_per_leaf=8;num_leaves=4;num_spines=4;oversubscription=1.0,20nm,TT,0.9,25.0,2.0,500.0,32,8,4,4,1.0,V-2023.12-SP4,49514,49514,0,19973.183892,19973.183892,0.0,0.0,0.0,1.8,0.0,0.0,0,V-2023.12-SP4,48652,48652,0,21210.82,21210.82,0.0,28498.1664,0.7443,0.0,0.0,2.01,-0.21,-34.78,752,V-2023.12-SP3,V-2023.12-SP4,2.664,5.695,0.026420000000000003,8.386,8.359,16.718,0.0,0.0,0.0,0.0,0.0,0.0,0.0,0.0,2.664,5.695,0.026420000000000003,8.386,0.0,0.0,0.0,0.0,0.0,0.0,0.0,0.0,0.0,0.0,0.0,0.0,0.0,0.0,0.0,0.0,unvectored,none,2,2026-08-04T14:13:34+00:00
foldedclos_32_8_4_4_1p0_20nm_TT_0V9_25C_500MHz,foldedclos,data_width=32;terminals_per_leaf=8;num_leaves=4;num_spines=4;oversubscription=1.0,20nm,TT,0.9,25.0,2.0,500.0,32,8,4,4,1.0,V-2023.12-SP4,49514,49514,0,19973.183892,19973.183892,0.0,0.0,0.0,1.8,0.0,0.0,0,V-2023.12-SP4,48652,48652,0,21210.82,21210.82,0.0,28498.1664,0.7443,0.0,0.0,2.01,-0.21,-34.78,752,V-2023.12-SP3,V-2023.12-SP4,4.074999999999999,8.241999999999999,0.0261,12.3,12.316999999999998,24.633999999999997,0.0,0.0,0.0,0.0,0.0,0.0,0.0,0.0,4.074999999999999,8.241999999999999,0.0261,12.3,0.0,0.0,0.0,0.0,0.0,0.0,0.0,0.0,0.0,0.0,0.0,0.0,0.0,0.0,0.0,0.0,vectored,random,2,2026-08-04T14:13:50+00:00
foldedclos_32_8_4_4_1p0_20nm_TT_0V9_25C_500MHz,foldedclos,data_width=32;terminals_per_leaf=8;num_leaves=4;num_spines=4;oversubscription=1.0,20nm,TT,0.9,25.0,2.0,500.0,32,8,4,4,1.0,V-2023.12-SP4,49514,49514,0,19973.183892,19973.183892,0.0,0.0,0.0,1.8,0.0,0.0,0,V-2023.12-SP4,48652,48652,0,21210.82,21210.82,0.0,28498.1664,0.7443,0.0,0.0,2.01,-0.21,-34.78,752,V-2023.12-SP3,V-2023.12-SP4,1.91,4.814,0.02563,6.749,6.724,13.448,0.0,0.0,0.0,0.0,0.0,0.0,0.0,0.0,1.91,4.814,0.02563,6.749,0.0,0.0,0.0,0.0,0.0,0.0,0.0,0.0,0.0,0.0,0.0,0.0,0.0,0.0,0.0,0.0,vectored,fixed_route,2,2026-08-04T14:14:07+00:00
foldedclos_32_4_4_4_1p0_16nm_TT_0V85_25C_1000MHz,foldedclos,data_width=32;terminals_per_leaf=4;num_leaves=4;num_spines=4;oversubscription=1.0,16nm,TT,0.85,25.0,1.0,1000.0,32,4,4,4,1.0,V-2023.12-SP4,13236,13236,0,3101.317699,3101.317699,0.0,0.0,0.0,0.8,0.0,0.0,0,V-2023.12-SP4,11465,11465,0,2825.67,2825.67,0.0,4406.8147,0.6412,0.0,0.0,0.88,-0.08,-2.08,138,V-2023.12-SP3,V-2023.12-SP4,1.1260000000000001,2.175,0.004423,3.306,3.301,3.301,0.0,0.0,0.0,0.0,0.0,0.0,0.0,0.0,1.1260000000000001,2.175,0.004423,3.306,0.0,0.0,0.0,0.0,0.0,0.0,0.0,0.0,0.0,0.0,0.0,0.0,0.0,0.0,0.0,0.0,unvectored,none,2,2026-08-04T14:25:14+00:00
foldedclos_32_4_4_4_1p0_16nm_TT_0V85_25C_1000MHz,foldedclos,data_width=32;terminals_per_leaf=4;num_leaves=4;num_spines=4;oversubscription=1.0,16nm,TT,0.85,25.0,1.0,1000.0,32,4,4,4,1.0,V-2023.12-SP4,13236,13236,0,3101.317699,3101.317699,0.0,0.0,0.0,0.8,0.0,0.0,0,V-2023.12-SP4,11465,11465,0,2825.67,2825.67,0.0,4406.8147,0.6412,0.0,0.0,0.88,-0.08,-2.08,138,V-2023.12-SP3,V-2023.12-SP4,1.746,3.198,0.004377,4.949,4.944,4.944,0.0,0.0,0.0,0.0,0.0,0.0,0.0,0.0,1.746,3.198,0.004377,4.949,0.0,0.0,0.0,0.0,0.0,0.0,0.0,0.0,0.0,0.0,0.0,0.0,0.0,0.0,0.0,0.0,vectored,random,2,2026-08-04T14:25:22+00:00
foldedclos_32_4_4_4_1p0_16nm_TT_0V85_25C_1000MHz,foldedclos,data_width=32;terminals_per_leaf=4;num_leaves=4;num_spines=4;oversubscription=1.0,16nm,TT,0.85,25.0,1.0,1000.0,32,4,4,4,1.0,V-2023.12-SP4,13236,13236,0,3101.317699,3101.317699,0.0,0.0,0.0,0.8,0.0,0.0,0,V-2023.12-SP4,11465,11465,0,2825.67,2825.67,0.0,4406.8147,0.6412,0.0,0.0,0.88,-0.08,-2.08,138,V-2023.12-SP3,V-2023.12-SP4,0.7868,1.6509999999999998,0.004299,2.442,2.4377999999999997,2.4377999999999997,0.0,0.0,0.0,0.0,0.0,0.0,0.0,0.0,0.7868,1.6509999999999998,0.004299,2.442,0.0,0.0,0.0,0.0,0.0,0.0,0.0,0.0,0.0,0.0,0.0,0.0,0.0,0.0,0.0,0.0,vectored,fixed_route,2,2026-08-04T14:25:31+00:00
foldedclos_32_4_4_4_1p0_16nm_TT_0V85_25C_666p667MHz,foldedclos,data_width=32;terminals_per_leaf=4;num_leaves=4;num_spines=4;oversubscription=1.0,16nm,TT,0.85,25.0,1.5,666.6666666666666,32,4,4,4,1.0,V-2023.12-SP4,13141,13141,0,3084.272703,3084.272703,0.0,0.0,0.0,1.3,0.0,0.0,0,V-2023.12-SP4,11227,11227,0,2735.47,2735.47,0.0,4392.5069,0.6228,0.0,0.0,1.34,-0.04,-0.27,17,V-2023.12-SP3,V-2023.12-SP4,0.8261,1.578,0.004223,2.408,2.4041,3.6061500000000004,0.0,0.0,0.0,0.0,0.0,0.0,0.0,0.0,0.8261,1.578,0.004223,2.408,0.0,0.0,0.0,0.0,0.0,0.0,0.0,0.0,0.0,0.0,0.0,0.0,0.0,0.0,0.0,0.0,unvectored,none,2,2026-08-04T14:25:52+00:00
foldedclos_32_4_4_4_1p0_16nm_TT_0V85_25C_666p667MHz,foldedclos,data_width=32;terminals_per_leaf=4;num_leaves=4;num_spines=4;oversubscription=1.0,16nm,TT,0.85,25.0,1.5,666.6666666666666,32,4,4,4,1.0,V-2023.12-SP4,13141,13141,0,3084.272703,3084.272703,0.0,0.0,0.0,1.3,0.0,0.0,0,V-2023.12-SP4,11227,11227,0,2735.47,2735.47,0.0,4392.5069,0.6228,0.0,0.0,1.34,-0.04,-0.27,17,V-2023.12-SP3,V-2023.12-SP4,1.359,2.4090000000000003,0.004159,3.7720000000000002,3.7680000000000002,5.652,0.0,0.0,0.0,0.0,0.0,0.0,0.0,0.0,1.359,2.4090000000000003,0.004159,3.7720000000000002,0.0,0.0,0.0,0.0,0.0,0.0,0.0,0.0,0.0,0.0,0.0,0.0,0.0,0.0,0.0,0.0,vectored,random,2,2026-08-04T14:26:01+00:00
foldedclos_32_4_4_4_1p0_16nm_TT_0V85_25C_666p667MHz,foldedclos,data_width=32;terminals_per_leaf=4;num_leaves=4;num_spines=4;oversubscription=1.0,16nm,TT,0.85,25.0,1.5,666.6666666666666,32,4,4,4,1.0,V-2023.12-SP4,13141,13141,0,3084.272703,3084.272703,0.0,0.0,0.0,1.3,0.0,0.0,0,V-2023.12-SP4,11227,11227,0,2735.47,2735.47,0.0,4392.5069,0.6228,0.0,0.0,1.34,-0.04,-0.27,17,V-2023.12-SP3,V-2023.12-SP4,0.6073,1.258,0.004076,1.869,1.8653,2.79795,0.0,0.0,0.0,0.0,0.0,0.0,0.0,0.0,0.6073,1.258,0.004076,1.869,0.0,0.0,0.0,0.0,0.0,0.0,0.0,0.0,0.0,0.0,0.0,0.0,0.0,0.0,0.0,0.0,vectored,fixed_route,2,2026-08-04T14:26:09+00:00
foldedclos_32_2_2_2_1p0_7nm_TT_0V75_25C_1333p33MHz,foldedclos,data_width=32;terminals_per_leaf=2;num_leaves=2;num_spines=2;oversubscription=1.0,7nm,TT,0.75,25.0,0.75,1333.3333333333333,32,2,2,2,1.0,V-2023.12-SP4,467,467,0,31.014145,31.014145,0.0,0.0,0.0,0.54,0.01,0.0,0,V-2023.12-SP4,460,460,0,30.93,30.93,0.0,43.6101,0.7093,0.0,0.0,0.5,0.05,0.0,0,V-2023.12-SP3,V-2023.12-SP4,0.06652,0.09017,0.0001104,0.1568,0.15669,0.1175175,0.0,0.0,0.0,0.0,0.0,0.0,0.0,0.0,0.06652,0.09017,0.0001104,0.1568,0.0,0.0,0.0,0.0,0.0,0.0,0.0,0.0,0.0,0.0,0.0,0.0,0.0,0.0,0.0,0.0,unvectored,none,2,2026-08-04T15:14:38+00:00
foldedclos_32_2_2_2_1p0_7nm_TT_0V75_25C_1333p33MHz,foldedclos,data_width=32;terminals_per_leaf=2;num_leaves=2;num_spines=2;oversubscription=1.0,7nm,TT,0.75,25.0,0.75,1333.3333333333333,32,2,2,2,1.0,V-2023.12-SP4,467,467,0,31.014145,31.014145,0.0,0.0,0.0,0.54,0.01,0.0,0,V-2023.12-SP4,460,460,0,30.93,30.93,0.0,43.6101,0.7093,0.0,0.0,0.5,0.05,0.0,0,V-2023.12-SP3,V-2023.12-SP4,0.12530000000000002,0.1552,0.0001098,0.2806,0.2805,0.21037500000000003,0.0,0.0,0.0,0.0,0.0,0.0,0.0,0.0,0.12530000000000002,0.1552,0.0001098,0.2806,0.0,0.0,0.0,0.0,0.0,0.0,0.0,0.0,0.0,0.0,0.0,0.0,0.0,0.0,0.0,0.0,vectored,random,2,2026-08-04T15:14:49+00:00
foldedclos_32_2_2_2_1p0_7nm_TT_0V75_25C_1333p33MHz,foldedclos,data_width=32;terminals_per_leaf=2;num_leaves=2;num_spines=2;oversubscription=1.0,7nm,TT,0.75,25.0,0.75,1333.3333333333333,32,2,2,2,1.0,V-2023.12-SP4,467,467,0,31.014145,31.014145,0.0,0.0,0.0,0.54,0.01,0.0,0,V-2023.12-SP4,460,460,0,30.93,30.93,0.0,43.6101,0.7093,0.0,0.0,0.5,0.05,0.0,0,V-2023.12-SP3,V-2023.12-SP4,0.05242,0.03774,0.0001089,0.09027,0.09016,0.06762,0.0,0.0,0.0,0.0,0.0,0.0,0.0,0.0,0.05242,0.03774,0.0001089,0.09027,0.0,0.0,0.0,0.0,0.0,0.0,0.0,0.0,0.0,0.0,0.0,0.0,0.0,0.0,0.0,0.0,vectored,fixed_route,2,2026-08-04T15:14:58+00:00
foldedclos_32_2_2_2_1p0_7nm_TT_0V75_25C_800MHz,foldedclos,data_width=32;terminals_per_leaf=2;num_leaves=2;num_spines=2;oversubscription=1.0,7nm,TT,0.75,25.0,1.25,800.0,32,2,2,2,1.0,V-2023.12-SP4,467,467,0,30.998017,30.998017,0.0,0.0,0.0,0.61,0.44,0.0,0,V-2023.12-SP4,458,458,0,30.87,30.87,0.0,43.1908,0.7147,0.0,0.0,0.57,0.48,0.0,0,V-2023.12-SP3,V-2023.12-SP4,0.03985,0.05334,0.0001097,0.09330000000000001,0.09319,0.1164875,0.0,0.0,0.0,0.0,0.0,0.0,0.0,0.0,0.03985,0.05334,0.0001097,0.09330000000000001,0.0,0.0,0.0,0.0,0.0,0.0,0.0,0.0,0.0,0.0,0.0,0.0,0.0,0.0,0.0,0.0,unvectored,none,2,2026-08-04T15:20:21+00:00
foldedclos_32_2_2_2_1p0_7nm_TT_0V75_25C_800MHz,foldedclos,data_width=32;terminals_per_leaf=2;num_leaves=2;num_spines=2;oversubscription=1.0,7nm,TT,0.75,25.0,1.25,800.0,32,2,2,2,1.0,V-2023.12-SP4,467,467,0,30.998017,30.998017,0.0,0.0,0.0,0.61,0.44,0.0,0,V-2023.12-SP4,458,458,0,30.87,30.87,0.0,43.1908,0.7147,0.0,0.0,0.57,0.48,0.0,0,V-2023.12-SP3,V-2023.12-SP4,0.07557,0.09265999999999999,0.00010899999999999999,0.1683,0.16823,0.2102875,0.0,0.0,0.0,0.0,0.0,0.0,0.0,0.0,0.07557,0.09265999999999999,0.00010899999999999999,0.1683,0.0,0.0,0.0,0.0,0.0,0.0,0.0,0.0,0.0,0.0,0.0,0.0,0.0,0.0,0.0,0.0,vectored,random,2,2026-08-04T15:20:29+00:00
foldedclos_64_4_4_4_1p0_16nm_TT_0V85_25C_571p429MHz,foldedclos,data_width=64;terminals_per_leaf=4;num_leaves=4;num_spines=4;oversubscription=1.0,16nm,TT,0.85,25.0,1.75,571.4285714285714,64,4,4,4,1.0,V-2023.12-SP4,24255,24255,0,5659.061884,5659.061884,0.0,0.0,0.0,1.55,0.0,0.0,0,V-2023.12-SP4,20317,20317,0,5049.17,5049.17,0.0,8074.1007,0.6254,0.0,0.0,1.62,-0.07,-1.64,120,V-2023.12-SP3,V-2023.12-SP4,1.427,2.758,0.007751999999999999,4.193,4.1850000000000005,7.32375,0.0,0.0,0.0,0.0,0.0,0.0,0.0,0.0,1.427,2.758,0.007751999999999999,4.193,0.0,0.0,0.0,0.0,0.0,0.0,0.0,0.0,0.0,0.0,0.0,0.0,0.0,0.0,0.0,0.0,unvectored,none,2,2026-08-04T15:20:33+00:00
foldedclos_32_2_2_2_1p0_7nm_TT_0V75_25C_800MHz,foldedclos,data_width=32;terminals_per_leaf=2;num_leaves=2;num_spines=2;oversubscription=1.0,7nm,TT,0.75,25.0,1.25,800.0,32,2,2,2,1.0,V-2023.12-SP4,467,467,0,30.998017,30.998017,0.0,0.0,0.0,0.61,0.44,0.0,0,V-2023.12-SP4,458,458,0,30.87,30.87,0.0,43.1908,0.7147,0.0,0.0,0.57,0.48,0.0,0,V-2023.12-SP3,V-2023.12-SP4,0.0314,0.02203,0.00010879999999999999,0.05354,0.05343,0.0667875,0.0,0.0,0.0,0.0,0.0,0.0,0.0,0.0,0.0314,0.02203,0.00010879999999999999,0.05354,0.0,0.0,0.0,0.0,0.0,0.0,0.0,0.0,0.0,0.0,0.0,0.0,0.0,0.0,0.0,0.0,vectored,fixed_route,2,2026-08-04T15:20:38+00:00
foldedclos_64_4_4_4_1p0_16nm_TT_0V85_25C_571p429MHz,foldedclos,data_width=64;terminals_per_leaf=4;num_leaves=4;num_spines=4;oversubscription=1.0,16nm,TT,0.85,25.0,1.75,571.4285714285714,64,4,4,4,1.0,V-2023.12-SP4,24255,24255,0,5659.061884,5659.061884,0.0,0.0,0.0,1.55,0.0,0.0,0,V-2023.12-SP4,20317,20317,0,5049.17,5049.17,0.0,8074.1007,0.6254,0.0,0.0,1.62,-0.07,-1.64,120,V-2023.12-SP3,V-2023.12-SP4,2.433,4.41,0.00761,6.8500000000000005,6.843,11.975249999999999,0.0,0.0,0.0,0.0,0.0,0.0,0.0,0.0,2.433,4.41,0.00761,6.8500000000000005,0.0,0.0,0.0,0.0,0.0,0.0,0.0,0.0,0.0,0.0,0.0,0.0,0.0,0.0,0.0,0.0,vectored,random,2,2026-08-04T15:20:43+00:00
foldedclos_64_4_4_4_1p0_16nm_TT_0V85_25C_571p429MHz,foldedclos,data_width=64;terminals_per_leaf=4;num_leaves=4;num_spines=4;oversubscription=1.0,16nm,TT,0.85,25.0,1.75,571.4285714285714,64,4,4,4,1.0,V-2023.12-SP4,24255,24255,0,5659.061884,5659.061884,0.0,0.0,0.0,1.55,0.0,0.0,0,V-2023.12-SP4,20317,20317,0,5049.17,5049.17,0.0,8074.1007,0.6254,0.0,0.0,1.62,-0.07,-1.64,120,V-2023.12-SP3,V-2023.12-SP4,1.11,2.337,0.007487,3.455,3.447,6.03225,0.0,0.0,0.0,0.0,0.0,0.0,0.0,0.0,1.11,2.337,0.007487,3.455,0.0,0.0,0.0,0.0,0.0,0.0,0.0,0.0,0.0,0.0,0.0,0.0,0.0,0.0,0.0,0.0,vectored,fixed_route,2,2026-08-04T15:20:54+00:00
foldedclos_64_2_2_2_1p0_7nm_TT_0V75_25C_1333p33MHz,foldedclos,data_width=64;terminals_per_leaf=2;num_leaves=2;num_spines=2;oversubscription=1.0,7nm,TT,0.75,25.0,0.75,1333.3333333333333,64,2,2,2,1.0,V-2023.12-SP4,844,844,0,58.044673,58.044673,0.0,0.0,0.0,0.54,0.01,0.0,0,V-2023.12-SP4,860,860,0,58.87,58.87,0.0,82.4463,0.714,0.0,0.0,0.55,0.0,0.0,0,V-2023.12-SP3,V-2023.12-SP4,0.1275,0.1819,0.0002127,0.3096,0.3094,0.23205,0.0,0.0,0.0,0.0,0.0,0.0,0.0,0.0,0.1275,0.1819,0.0002127,0.3096,0.0,0.0,0.0,0.0,0.0,0.0,0.0,0.0,0.0,0.0,0.0,0.0,0.0,0.0,0.0,0.0,unvectored,none,2,2026-08-04T15:27:50+00:00
foldedclos_64_2_2_2_1p0_7nm_TT_0V75_25C_1333p33MHz,foldedclos,data_width=64;terminals_per_leaf=2;num_leaves=2;num_spines=2;oversubscription=1.0,7nm,TT,0.75,25.0,0.75,1333.3333333333333,64,2,2,2,1.0,V-2023.12-SP4,844,844,0,58.044673,58.044673,0.0,0.0,0.0,0.54,0.01,0.0,0,V-2023.12-SP4,860,860,0,58.87,58.87,0.0,82.4463,0.714,0.0,0.0,0.55,0.0,0.0,0,V-2023.12-SP3,V-2023.12-SP4,0.2394,0.3173,0.0002111,0.5569000000000001,0.5567,0.417525,0.0,0.0,0.0,0.0,0.0,0.0,0.0,0.0,0.2394,0.3173,0.0002111,0.5569000000000001,0.0,0.0,0.0,0.0,0.0,0.0,0.0,0.0,0.0,0.0,0.0,0.0,0.0,0.0,0.0,0.0,vectored,random,2,2026-08-04T15:27:58+00:00
foldedclos_64_2_2_2_1p0_7nm_TT_0V75_25C_1333p33MHz,foldedclos,data_width=64;terminals_per_leaf=2;num_leaves=2;num_spines=2;oversubscription=1.0,7nm,TT,0.75,25.0,0.75,1333.3333333333333,64,2,2,2,1.0,V-2023.12-SP4,844,844,0,58.044673,58.044673,0.0,0.0,0.0,0.54,0.01,0.0,0,V-2023.12-SP4,860,860,0,58.87,58.87,0.0,82.4463,0.714,0.0,0.0,0.55,0.0,0.0,0,V-2023.12-SP3,V-2023.12-SP4,0.1048,0.08978,0.00021,0.1948,0.19458,0.145935,0.0,0.0,0.0,0.0,0.0,0.0,0.0,0.0,0.1048,0.08978,0.00021,0.1948,0.0,0.0,0.0,0.0,0.0,0.0,0.0,0.0,0.0,0.0,0.0,0.0,0.0,0.0,0.0,0.0,vectored,fixed_route,2,2026-08-04T15:28:06+00:00
foldedclos_64_2_2_2_1p0_7nm_TT_0V75_25C_800MHz,foldedclos,data_width=64;terminals_per_leaf=2;num_leaves=2;num_spines=2;oversubscription=1.0,7nm,TT,0.75,25.0,1.25,800.0,64,2,2,2,1.0,V-2023.12-SP4,847,847,0,58.076929,58.076929,0.0,0.0,0.0,0.66,0.39,0.0,0,V-2023.12-SP4,863,863,0,58.96,58.96,0.0,82.4463,0.7152,0.0,0.0,0.56,0.49,0.0,0,V-2023.12-SP3,V-2023.12-SP4,0.07564,0.1078,0.00021250000000000002,0.18359999999999999,0.18344,0.2293,0.0,0.0,0.0,0.0,0.0,0.0,0.0,0.0,0.07564,0.1078,0.00021250000000000002,0.18359999999999999,0.0,0.0,0.0,0.0,0.0,0.0,0.0,0.0,0.0,0.0,0.0,0.0,0.0,0.0,0.0,0.0,unvectored,none,2,2026-08-04T15:35:29+00:00
foldedclos_64_2_2_2_1p0_7nm_TT_0V75_25C_800MHz,foldedclos,data_width=64;terminals_per_leaf=2;num_leaves=2;num_spines=2;oversubscription=1.0,7nm,TT,0.75,25.0,1.25,800.0,64,2,2,2,1.0,V-2023.12-SP4,847,847,0,58.076929,58.076929,0.0,0.0,0.0,0.66,0.39,0.0,0,V-2023.12-SP4,863,863,0,58.96,58.96,0.0,82.4463,0.7152,0.0,0.0,0.56,0.49,0.0,0,V-2023.12-SP3,V-2023.12-SP4,0.1407,0.1847,0.00021089999999999998,0.3256,0.3254,0.40675000000000006,0.0,0.0,0.0,0.0,0.0,0.0,0.0,0.0,0.1407,0.1847,0.00021089999999999998,0.3256,0.0,0.0,0.0,0.0,0.0,0.0,0.0,0.0,0.0,0.0,0.0,0.0,0.0,0.0,0.0,0.0,vectored,random,2,2026-08-04T15:35:37+00:00
foldedclos_64_2_2_2_1p0_7nm_TT_0V75_25C_800MHz,foldedclos,data_width=64;terminals_per_leaf=2;num_leaves=2;num_spines=2;oversubscription=1.0,7nm,TT,0.75,25.0,1.25,800.0,64,2,2,2,1.0,V-2023.12-SP4,847,847,0,58.076929,58.076929,0.0,0.0,0.0,0.66,0.39,0.0,0,V-2023.12-SP4,863,863,0,58.96,58.96,0.0,82.4463,0.7152,0.0,0.0,0.56,0.49,0.0,0,V-2023.12-SP3,V-2023.12-SP4,0.06287999999999999,0.05244,0.0002104,0.1155,0.11531999999999999,0.14415,0.0,0.0,0.0,0.0,0.0,0.0,0.0,0.0,0.06287999999999999,0.05244,0.0002104,0.1155,0.0,0.0,0.0,0.0,0.0,0.0,0.0,0.0,0.0,0.0,0.0,0.0,0.0,0.0,0.0,0.0,vectored,fixed_route,2,2026-08-04T15:35:45+00:00
foldedclos_64_4_4_4_1p0_16nm_TT_0V85_25C_1000MHz,foldedclos,data_width=64;terminals_per_leaf=4;num_leaves=4;num_spines=4;oversubscription=1.0,16nm,TT,0.85,25.0,1.0,1000.0,64,4,4,4,1.0,V-2023.12-SP4,23619,23619,0,5573.463677,5573.463677,0.0,0.0,0.0,0.8,0.0,0.0,0,V-2023.12-SP4,22944,22944,0,5903.6,5903.6,0.0,7913.1064,0.7461,0.0,0.0,0.85,-0.05,-2.63,207,V-2023.12-SP3,V-2023.12-SP4,2.66,4.529,0.01029,7.199,7.189,7.189,0.0,0.0,0.0,0.0,0.0,0.0,0.0,0.0,2.66,4.529,0.01029,7.199,0.0,0.0,0.0,0.0,0.0,0.0,0.0,0.0,0.0,0.0,0.0,0.0,0.0,0.0,0.0,0.0,unvectored,none,2,2026-08-04T15:44:10+00:00
foldedclos_64_4_4_4_1p0_16nm_TT_0V85_25C_1000MHz,foldedclos,data_width=64;terminals_per_leaf=4;num_leaves=4;num_spines=4;oversubscription=1.0,16nm,TT,0.85,25.0,1.0,1000.0,64,4,4,4,1.0,V-2023.12-SP4,23619,23619,0,5573.463677,5573.463677,0.0,0.0,0.0,0.8,0.0,0.0,0,V-2023.12-SP4,22944,22944,0,5903.6,5903.6,0.0,7913.1064,0.7461,0.0,0.0,0.85,-0.05,-2.63,207,V-2023.12-SP3,V-2023.12-SP4,4.189,6.863,0.010169999999999998,11.1,11.052,11.052,0.0,0.0,0.0,0.0,0.0,0.0,0.0,0.0,4.189,6.863,0.010169999999999998,11.1,0.0,0.0,0.0,0.0,0.0,0.0,0.0,0.0,0.0,0.0,0.0,0.0,0.0,0.0,0.0,0.0,vectored,random,2,2026-08-04T15:44:26+00:00
foldedclos_64_4_4_4_1p0_16nm_TT_0V85_25C_1000MHz,foldedclos,data_width=64;terminals_per_leaf=4;num_leaves=4;num_spines=4;oversubscription=1.0,16nm,TT,0.85,25.0,1.0,1000.0,64,4,4,4,1.0,V-2023.12-SP4,23619,23619,0,5573.463677,5573.463677,0.0,0.0,0.0,0.8,0.0,0.0,0,V-2023.12-SP4,22944,22944,0,5903.6,5903.6,0.0,7913.1064,0.7461,0.0,0.0,0.85,-0.05,-2.63,207,V-2023.12-SP3,V-2023.12-SP4,2.088,3.7239999999999998,0.009973,5.822,5.811999999999999,5.811999999999999,0.0,0.0,0.0,0.0,0.0,0.0,0.0,0.0,2.088,3.7239999999999998,0.009973,5.822,0.0,0.0,0.0,0.0,0.0,0.0,0.0,0.0,0.0,0.0,0.0,0.0,0.0,0.0,0.0,0.0,vectored,fixed_route,2,2026-08-04T15:44:44+00:00
foldedclos_32_4_4_2_1p0_7nm_TT_0V75_25C_1333p33MHz,foldedclos,data_width=32;terminals_per_leaf=4;num_leaves=4;num_spines=2;oversubscription=1.0,7nm,TT,0.75,25.0,0.75,1333.3333333333333,32,4,4,2,1.0,V-2023.12-SP4,14964,14964,0,901.458427,901.458427,0.0,0.0,0.0,0.55,0.0,0.0,0,V-2023.12-SP4,11409,11409,0,709.39,709.39,0.0,1282.4986,0.5531,0.0,0.0,0.58,-0.03,-1.29,140,V-2023.12-SP3,V-2023.12-SP4,0.9544,2.156,0.002761,3.113,3.1104000000000003,2.3328,0.0,0.0,0.0,0.0,0.0,0.0,0.0,0.0,0.9544,2.156,0.002761,3.113,0.0,0.0,0.0,0.0,0.0,0.0,0.0,0.0,0.0,0.0,0.0,0.0,0.0,0.0,0.0,0.0,unvectored,none,2,2026-08-04T16:10:29+00:00
foldedclos_32_4_4_2_1p0_7nm_TT_0V75_25C_1333p33MHz,foldedclos,data_width=32;terminals_per_leaf=4;num_leaves=4;num_spines=2;oversubscription=1.0,7nm,TT,0.75,25.0,0.75,1333.3333333333333,32,4,4,2,1.0,V-2023.12-SP4,14964,14964,0,901.458427,901.458427,0.0,0.0,0.0,0.55,0.0,0.0,0,V-2023.12-SP4,11409,11409,0,709.39,709.39,0.0,1282.4986,0.5531,0.0,0.0,0.58,-0.03,-1.29,140,V-2023.12-SP3,V-2023.12-SP4,1.555,3.189,0.0027240000000000003,4.746,4.744,3.558,0.0,0.0,0.0,0.0,0.0,0.0,0.0,0.0,1.555,3.189,0.0027240000000000003,4.746,0.0,0.0,0.0,0.0,0.0,0.0,0.0,0.0,0.0,0.0,0.0,0.0,0.0,0.0,0.0,0.0,vectored,random,2,2026-08-04T16:10:44+00:00
foldedclos_32_4_4_2_1p0_7nm_TT_0V75_25C_1333p33MHz,foldedclos,data_width=32;terminals_per_leaf=4;num_leaves=4;num_spines=2;oversubscription=1.0,7nm,TT,0.75,25.0,0.75,1333.3333333333333,32,4,4,2,1.0,V-2023.12-SP4,14964,14964,0,901.458427,901.458427,0.0,0.0,0.0,0.55,0.0,0.0,0,V-2023.12-SP4,11409,11409,0,709.39,709.39,0.0,1282.4986,0.5531,0.0,0.0,0.58,-0.03,-1.29,140,V-2023.12-SP3,V-2023.12-SP4,0.7162,1.7810000000000001,0.002653,2.5,2.4972000000000003,1.8729000000000002,0.0,0.0,0.0,0.0,0.0,0.0,0.0,0.0,0.7162,1.7810000000000001,0.002653,2.5,0.0,0.0,0.0,0.0,0.0,0.0,0.0,0.0,0.0,0.0,0.0,0.0,0.0,0.0,0.0,0.0,vectored,fixed_route,2,2026-08-04T16:10:56+00:00
foldedclos_32_4_4_2_1p0_7nm_TT_0V75_25C_800MHz,foldedclos,data_width=32;terminals_per_leaf=4;num_leaves=4;num_spines=2;oversubscription=1.0,7nm,TT,0.75,25.0,1.25,800.0,32,4,4,2,1.0,V-2023.12-SP4,16281,16281,0,988.275449,988.275449,0.0,0.0,0.0,1.05,0.0,0.0,0,V-2023.12-SP4,12580,12580,0,760.87,760.87,0.0,1410.6033,0.5394,0.0,0.0,1.07,-0.02,-0.25,48,V-2023.12-SP3,V-2023.12-SP4,0.6513,1.464,0.003108,2.118,2.1153,2.644125,0.0,0.0,0.0,0.0,0.0,0.0,0.0,0.0,0.6513,1.464,0.003108,2.118,0.0,0.0,0.0,0.0,0.0,0.0,0.0,0.0,0.0,0.0,0.0,0.0,0.0,0.0,0.0,0.0,unvectored,none,2,2026-08-04T16:44:44+00:00
foldedclos_32_4_4_2_1p0_7nm_TT_0V75_25C_800MHz,foldedclos,data_width=32;terminals_per_leaf=4;num_leaves=4;num_spines=2;oversubscription=1.0,7nm,TT,0.75,25.0,1.25,800.0,32,4,4,2,1.0,V-2023.12-SP4,16281,16281,0,988.275449,988.275449,0.0,0.0,0.0,1.05,0.0,0.0,0,V-2023.12-SP4,12580,12580,0,760.87,760.87,0.0,1410.6033,0.5394,0.0,0.0,1.07,-0.02,-0.25,48,V-2023.12-SP3,V-2023.12-SP4,1.13,2.25,0.00305,3.382,3.38,4.225,0.0,0.0,0.0,0.0,0.0,0.0,0.0,0.0,1.13,2.25,0.00305,3.382,0.0,0.0,0.0,0.0,0.0,0.0,0.0,0.0,0.0,0.0,0.0,0.0,0.0,0.0,0.0,0.0,vectored,random,2,2026-08-04T16:44:59+00:00
foldedclos_32_4_4_2_1p0_7nm_TT_0V75_25C_800MHz,foldedclos,data_width=32;terminals_per_leaf=4;num_leaves=4;num_spines=2;oversubscription=1.0,7nm,TT,0.75,25.0,1.25,800.0,32,4,4,2,1.0,V-2023.12-SP4,16281,16281,0,988.275449,988.275449,0.0,0.0,0.0,1.05,0.0,0.0,0,V-2023.12-SP4,12580,12580,0,760.87,760.87,0.0,1410.6033,0.5394,0.0,0.0,1.07,-0.02,-0.25,48,V-2023.12-SP3,V-2023.12-SP4,0.5095,1.253,0.0030350000000000004,1.766,1.7624999999999997,2.2031249999999996,0.0,0.0,0.0,0.0,0.0,0.0,0.0,0.0,0.5095,1.253,0.0030350000000000004,1.766,0.0,0.0,0.0,0.0,0.0,0.0,0.0,0.0,0.0,0.0,0.0,0.0,0.0,0.0,0.0,0.0,vectored,fixed_route,2,2026-08-04T16:45:15+00:00
foldedclos_32_8_4_4_1p0_16nm_TT_0V85_25C_800MHz,foldedclos,data_width=32;terminals_per_leaf=8;num_leaves=4;num_spines=4;oversubscription=1.0,16nm,TT,0.85,25.0,1.25,800.0,32,8,4,4,1.0,V-2023.12-SP4,49815,49815,0,11962.59868,11962.59868,0.0,0.0,0.0,1.05,0.0,0.0,0,V-2023.12-SP4,48076,48076,0,12452.98,12452.98,0.0,17011.3997,0.732,0.0,0.0,1.2,-0.15,-51.43,1094,V-2023.12-SP3,V-2023.12-SP4,3.455,7.1339999999999995,0.02173,10.6,10.588999999999999,13.236249999999998,0.0,0.0,0.0,0.0,0.0,0.0,0.0,0.0,3.455,7.1339999999999995,0.02173,10.6,0.0,0.0,0.0,0.0,0.0,0.0,0.0,0.0,0.0,0.0,0.0,0.0,0.0,0.0,0.0,0.0,unvectored,none,2,2026-08-04T17:07:59+00:00
foldedclos_32_8_4_4_1p0_16nm_TT_0V85_25C_800MHz,foldedclos,data_width=32;terminals_per_leaf=8;num_leaves=4;num_spines=4;oversubscription=1.0,16nm,TT,0.85,25.0,1.25,800.0,32,8,4,4,1.0,V-2023.12-SP4,49815,49815,0,11962.59868,11962.59868,0.0,0.0,0.0,1.05,0.0,0.0,0,V-2023.12-SP4,48076,48076,0,12452.98,12452.98,0.0,17011.3997,0.732,0.0,0.0,1.2,-0.15,-51.43,1094,V-2023.12-SP3,V-2023.12-SP4,5.167,10.1,0.021509999999999998,15.299999999999999,15.267,19.08375,0.0,0.0,0.0,0.0,0.0,0.0,0.0,0.0,5.167,10.1,0.021509999999999998,15.299999999999999,0.0,0.0,0.0,0.0,0.0,0.0,0.0,0.0,0.0,0.0,0.0,0.0,0.0,0.0,0.0,0.0,vectored,random,2,2026-08-04T17:08:22+00:00
foldedclos_32_8_4_4_1p0_16nm_TT_0V85_25C_800MHz,foldedclos,data_width=32;terminals_per_leaf=8;num_leaves=4;num_spines=4;oversubscription=1.0,16nm,TT,0.85,25.0,1.25,800.0,32,8,4,4,1.0,V-2023.12-SP4,49815,49815,0,11962.59868,11962.59868,0.0,0.0,0.0,1.05,0.0,0.0,0,V-2023.12-SP4,48076,48076,0,12452.98,12452.98,0.0,17011.3997,0.732,0.0,0.0,1.2,-0.15,-51.43,1094,V-2023.12-SP3,V-2023.12-SP4,2.307,5.806,0.02125,8.133,8.113,10.14125,0.0,0.0,0.0,0.0,0.0,0.0,0.0,0.0,2.307,5.806,0.02125,8.133,0.0,0.0,0.0,0.0,0.0,0.0,0.0,0.0,0.0,0.0,0.0,0.0,0.0,0.0,0.0,0.0,vectored,fixed_route,2,2026-08-04T17:08:43+00:00
foldedclos_32_8_4_4_1p0_16nm_TT_0V85_25C_571p429MHz,foldedclos,data_width=32;terminals_per_leaf=8;num_leaves=4;num_spines=4;oversubscription=1.0,16nm,TT,0.85,25.0,1.75,571.4285714285714,32,8,4,4,1.0,V-2023.12-SP4,50577,50577,0,12074.884108,12074.884108,0.0,0.0,0.0,1.55,0.0,0.0,0,V-2023.12-SP4,43985,43985,0,11174.55,11174.55,0.0,17247.0436,0.6479,0.0,0.0,1.64,-0.09,-5.5,338,V-2023.12-SP3,V-2023.12-SP4,2.271,5.13,0.017900000000000003,7.4190000000000005,7.401,12.95175,0.0,0.0,0.0,0.0,0.0,0.0,0.0,0.0,2.271,5.13,0.017900000000000003,7.4190000000000005,0.0,0.0,0.0,0.0,0.0,0.0,0.0,0.0,0.0,0.0,0.0,0.0,0.0,0.0,0.0,0.0,unvectored,none,2,2026-08-04T17:24:51+00:00
foldedclos_32_8_4_4_1p0_16nm_TT_0V85_25C_571p429MHz,foldedclos,data_width=32;terminals_per_leaf=8;num_leaves=4;num_spines=4;oversubscription=1.0,16nm,TT,0.85,25.0,1.75,571.4285714285714,32,8,4,4,1.0,V-2023.12-SP4,50577,50577,0,12074.884108,12074.884108,0.0,0.0,0.0,1.55,0.0,0.0,0,V-2023.12-SP4,43985,43985,0,11174.55,11174.55,0.0,17247.0436,0.6479,0.0,0.0,1.64,-0.09,-5.5,338,V-2023.12-SP3,V-2023.12-SP4,3.519,7.46,0.01765,11.0,10.979,19.21325,0.0,0.0,0.0,0.0,0.0,0.0,0.0,0.0,3.519,7.46,0.01765,11.0,0.0,0.0,0.0,0.0,0.0,0.0,0.0,0.0,0.0,0.0,0.0,0.0,0.0,0.0,0.0,0.0,vectored,random,2,2026-08-04T17:25:11+00:00
foldedclos_32_8_4_4_1p0_16nm_TT_0V85_25C_571p429MHz,foldedclos,data_width=32;terminals_per_leaf=8;num_leaves=4;num_spines=4;oversubscription=1.0,16nm,TT,0.85,25.0,1.75,571.4285714285714,32,8,4,4,1.0,V-2023.12-SP4,50577,50577,0,12074.884108,12074.884108,0.0,0.0,0.0,1.55,0.0,0.0,0,V-2023.12-SP4,43985,43985,0,11174.55,11174.55,0.0,17247.0436,0.6479,0.0,0.0,1.64,-0.09,-5.5,338,V-2023.12-SP3,V-2023.12-SP4,1.633,4.244999999999999,0.01735,5.8950000000000005,5.877999999999999,10.286499999999998,0.0,0.0,0.0,0.0,0.0,0.0,0.0,0.0,1.633,4.244999999999999,0.01735,5.8950000000000005,0.0,0.0,0.0,0.0,0.0,0.0,0.0,0.0,0.0,0.0,0.0,0.0,0.0,0.0,0.0,0.0,vectored,fixed_route,2,2026-08-04T17:25:32+00:00
foldedclos_64_8_4_4_1p0_20nm_TT_0V9_25C_444p444MHz,foldedclos,data_width=64;terminals_per_leaf=8;num_leaves=4;num_spines=4;oversubscription=1.0,20nm,TT,0.9,25.0,2.25,444.44444444444446,64,8,4,4,1.0,V-2023.12-SP4,92955,92955,0,37302.566198,37302.566198,0.0,0.0,0.0,2.05,0.0,0.0,0,V-2023.12-SP4,89783,89783,0,39962.21,39962.21,0.0,53161.5744,0.7517,0.0,0.0,2.24,-0.19,-8.52,266,V-2023.12-SP3,V-2023.12-SP4,4.652,10.8,0.04983,15.5,15.452000000000002,34.767,0.0,0.0,0.0,0.0,0.0,0.0,0.0,0.0,4.652,10.8,0.04983,15.5,0.0,0.0,0.0,0.0,0.0,0.0,0.0,0.0,0.0,0.0,0.0,0.0,0.0,0.0,0.0,0.0,unvectored,none,2,2026-08-04T17:35:50+00:00
foldedclos_64_8_4_4_1p0_20nm_TT_0V9_25C_444p444MHz,foldedclos,data_width=64;terminals_per_leaf=8;num_leaves=4;num_spines=4;oversubscription=1.0,20nm,TT,0.9,25.0,2.25,444.44444444444446,64,8,4,4,1.0,V-2023.12-SP4,92955,92955,0,37302.566198,37302.566198,0.0,0.0,0.0,2.05,0.0,0.0,0,V-2023.12-SP4,89783,89783,0,39962.21,39962.21,0.0,53161.5744,0.7517,0.0,0.0,2.24,-0.19,-8.52,266,V-2023.12-SP3,V-2023.12-SP4,7.2459999999999996,15.8,0.04923,23.099999999999998,23.046,51.8535,0.0,0.0,0.0,0.0,0.0,0.0,0.0,0.0,7.2459999999999996,15.8,0.04923,23.099999999999998,0.0,0.0,0.0,0.0,0.0,0.0,0.0,0.0,0.0,0.0,0.0,0.0,0.0,0.0,0.0,0.0,vectored,random,2,2026-08-04T17:36:18+00:00
foldedclos_64_8_4_4_1p0_20nm_TT_0V9_25C_444p444MHz,foldedclos,data_width=64;terminals_per_leaf=8;num_leaves=4;num_spines=4;oversubscription=1.0,20nm,TT,0.9,25.0,2.25,444.44444444444446,64,8,4,4,1.0,V-2023.12-SP4,92955,92955,0,37302.566198,37302.566198,0.0,0.0,0.0,2.05,0.0,0.0,0,V-2023.12-SP4,89783,89783,0,39962.21,39962.21,0.0,53161.5744,0.7517,0.0,0.0,2.24,-0.19,-8.52,266,V-2023.12-SP3,V-2023.12-SP4,3.73,9.834000000000001,0.04844,13.6,13.564000000000002,30.519000000000005,0.0,0.0,0.0,0.0,0.0,0.0,0.0,0.0,3.73,9.834000000000001,0.04844,13.6,0.0,0.0,0.0,0.0,0.0,0.0,0.0,0.0,0.0,0.0,0.0,0.0,0.0,0.0,0.0,0.0,vectored,fixed_route,2,2026-08-04T17:36:46+00:00
foldedclos_64_4_4_2_1p0_7nm_TT_0V75_25C_1333p33MHz,foldedclos,data_width=64;terminals_per_leaf=4;num_leaves=4;num_spines=2;oversubscription=1.0,7nm,TT,0.75,25.0,0.75,1333.3333333333333,64,4,4,2,1.0,V-2023.12-SP4,27145,27145,0,1668.780281,1668.780281,0.0,0.0,0.0,0.55,0.0,0.0,0,V-2023.12-SP4,22307,22307,0,1374.7,1374.7,0.0,2371.8804,0.5796,0.0,0.0,0.61,-0.06,-7.71,647,V-2023.12-SP3,V-2023.12-SP4,1.9009999999999998,4.15,0.005540000000000001,6.0569999999999995,6.051,4.53825,0.0,0.0,0.0,0.0,0.0,0.0,0.0,0.0,1.9009999999999998,4.15,0.005540000000000001,6.0569999999999995,0.0,0.0,0.0,0.0,0.0,0.0,0.0,0.0,0.0,0.0,0.0,0.0,0.0,0.0,0.0,0.0,unvectored,none,2,2026-08-04T17:58:06+00:00
foldedclos_64_4_4_2_1p0_7nm_TT_0V75_25C_1333p33MHz,foldedclos,data_width=64;terminals_per_leaf=4;num_leaves=4;num_spines=2;oversubscription=1.0,7nm,TT,0.75,25.0,0.75,1333.3333333333333,64,4,4,2,1.0,V-2023.12-SP4,27145,27145,0,1668.780281,1668.780281,0.0,0.0,0.0,0.55,0.0,0.0,0,V-2023.12-SP4,22307,22307,0,1374.7,1374.7,0.0,2371.8804,0.5796,0.0,0.0,0.61,-0.06,-7.71,647,V-2023.12-SP3,V-2023.12-SP4,3.2079999999999997,6.364,0.005445,9.577,9.572,7.178999999999999,0.0,0.0,0.0,0.0,0.0,0.0,0.0,0.0,3.2079999999999997,6.364,0.005445,9.577,0.0,0.0,0.0,0.0,0.0,0.0,0.0,0.0,0.0,0.0,0.0,0.0,0.0,0.0,0.0,0.0,vectored,random,2,2026-08-04T17:58:21+00:00
foldedclos_64_4_4_2_1p0_7nm_TT_0V75_25C_1333p33MHz,foldedclos,data_width=64;terminals_per_leaf=4;num_leaves=4;num_spines=2;oversubscription=1.0,7nm,TT,0.75,25.0,0.75,1333.3333333333333,64,4,4,2,1.0,V-2023.12-SP4,27145,27145,0,1668.780281,1668.780281,0.0,0.0,0.0,0.55,0.0,0.0,0,V-2023.12-SP4,22307,22307,0,1374.7,1374.7,0.0,2371.8804,0.5796,0.0,0.0,0.61,-0.06,-7.71,647,V-2023.12-SP3,V-2023.12-SP4,1.511,3.528,0.005366,5.044,5.039,3.7792499999999998,0.0,0.0,0.0,0.0,0.0,0.0,0.0,0.0,1.511,3.528,0.005366,5.044,0.0,0.0,0.0,0.0,0.0,0.0,0.0,0.0,0.0,0.0,0.0,0.0,0.0,0.0,0.0,0.0,vectored,fixed_route,2,2026-08-04T17:58:34+00:00
foldedclos_32_4_8_4_1p0_20nm_TT_0V9_25C_500MHz,foldedclos,data_width=32;terminals_per_leaf=4;num_leaves=8;num_spines=4;oversubscription=1.0,20nm,TT,0.9,25.0,2.0,500.0,32,4,8,4,1.0,V-2023.12-SP4,49514,49514,0,19973.183892,19973.183892,0.0,0.0,0.0,1.8,0.0,0.0,0,V-2023.12-SP4,48652,48652,0,21210.82,21210.82,0.0,28498.1664,0.7443,0.0,0.0,2.03,-0.23,-34.83,753,V-2023.12-SP3,V-2023.12-SP4,2.664,5.696,0.026420000000000003,8.386,8.36,16.72,0.0,0.0,0.0,0.0,0.0,0.0,0.0,0.0,2.664,5.696,0.026420000000000003,8.386,0.0,0.0,0.0,0.0,0.0,0.0,0.0,0.0,0.0,0.0,0.0,0.0,0.0,0.0,0.0,0.0,unvectored,none,2,2026-08-04T18:24:47+00:00
foldedclos_32_4_8_4_1p0_20nm_TT_0V9_25C_500MHz,foldedclos,data_width=32;terminals_per_leaf=4;num_leaves=8;num_spines=4;oversubscription=1.0,20nm,TT,0.9,25.0,2.0,500.0,32,4,8,4,1.0,V-2023.12-SP4,49514,49514,0,19973.183892,19973.183892,0.0,0.0,0.0,1.8,0.0,0.0,0,V-2023.12-SP4,48652,48652,0,21210.82,21210.82,0.0,28498.1664,0.7443,0.0,0.0,2.03,-0.23,-34.83,753,V-2023.12-SP3,V-2023.12-SP4,4.074999999999999,8.243,0.0261,12.3,12.318,24.636,0.0,0.0,0.0,0.0,0.0,0.0,0.0,0.0,4.074999999999999,8.243,0.0261,12.3,0.0,0.0,0.0,0.0,0.0,0.0,0.0,0.0,0.0,0.0,0.0,0.0,0.0,0.0,0.0,0.0,vectored,random,2,2026-08-04T18:25:09+00:00
foldedclos_32_4_8_4_1p0_20nm_TT_0V9_25C_500MHz,foldedclos,data_width=32;terminals_per_leaf=4;num_leaves=8;num_spines=4;oversubscription=1.0,20nm,TT,0.9,25.0,2.0,500.0,32,4,8,4,1.0,V-2023.12-SP4,49514,49514,0,19973.183892,19973.183892,0.0,0.0,0.0,1.8,0.0,0.0,0,V-2023.12-SP4,48652,48652,0,21210.82,21210.82,0.0,28498.1664,0.7443,0.0,0.0,2.03,-0.23,-34.83,753,V-2023.12-SP3,V-2023.12-SP4,1.909,4.814,0.02563,6.749,6.723,13.446,0.0,0.0,0.0,0.0,0.0,0.0,0.0,0.0,1.909,4.814,0.02563,6.749,0.0,0.0,0.0,0.0,0.0,0.0,0.0,0.0,0.0,0.0,0.0,0.0,0.0,0.0,0.0,0.0,vectored,fixed_route,2,2026-08-04T18:25:28+00:00
foldedclos_32_4_4_4_1p0_7nm_TT_0V75_25C_1333p33MHz,foldedclos,data_width=32;terminals_per_leaf=4;num_leaves=4;num_spines=4;oversubscription=1.0,7nm,TT,0.75,25.0,0.75,1333.3333333333333,32,4,4,4,1.0,V-2023.12-SP4,14964,14964,0,901.458427,901.458427,0.0,0.0,0.0,0.55,0.0,0.0,0,V-2023.12-SP4,11409,11409,0,709.39,709.39,0.0,1282.4986,0.5531,0.0,0.0,0.58,-0.03,-1.34,143,V-2023.12-SP3,V-2023.12-SP4,0.9544,2.156,0.002761,3.113,3.1104000000000003,2.3328,0.0,0.0,0.0,0.0,0.0,0.0,0.0,0.0,0.9544,2.156,0.002761,3.113,0.0,0.0,0.0,0.0,0.0,0.0,0.0,0.0,0.0,0.0,0.0,0.0,0.0,0.0,0.0,0.0,unvectored,none,2,2026-08-04T18:40:55+00:00
foldedclos_32_4_4_4_1p0_7nm_TT_0V75_25C_1333p33MHz,foldedclos,data_width=32;terminals_per_leaf=4;num_leaves=4;num_spines=4;oversubscription=1.0,7nm,TT,0.75,25.0,0.75,1333.3333333333333,32,4,4,4,1.0,V-2023.12-SP4,14964,14964,0,901.458427,901.458427,0.0,0.0,0.0,0.55,0.0,0.0,0,V-2023.12-SP4,11409,11409,0,709.39,709.39,0.0,1282.4986,0.5531,0.0,0.0,0.58,-0.03,-1.34,143,V-2023.12-SP3,V-2023.12-SP4,1.556,3.191,0.0027240000000000003,4.749,4.747,3.56025,0.0,0.0,0.0,0.0,0.0,0.0,0.0,0.0,1.556,3.191,0.0027240000000000003,4.749,0.0,0.0,0.0,0.0,0.0,0.0,0.0,0.0,0.0,0.0,0.0,0.0,0.0,0.0,0.0,0.0,vectored,random,2,2026-08-04T18:41:08+00:00
foldedclos_32_4_4_4_1p0_7nm_TT_0V75_25C_1333p33MHz,foldedclos,data_width=32;terminals_per_leaf=4;num_leaves=4;num_spines=4;oversubscription=1.0,7nm,TT,0.75,25.0,0.75,1333.3333333333333,32,4,4,4,1.0,V-2023.12-SP4,14964,14964,0,901.458427,901.458427,0.0,0.0,0.0,0.55,0.0,0.0,0,V-2023.12-SP4,11409,11409,0,709.39,709.39,0.0,1282.4986,0.5531,0.0,0.0,0.58,-0.03,-1.34,143,V-2023.12-SP3,V-2023.12-SP4,0.7162,1.782,0.002653,2.5010000000000003,2.4981999999999998,1.8736499999999998,0.0,0.0,0.0,0.0,0.0,0.0,0.0,0.0,0.7162,1.782,0.002653,2.5010000000000003,0.0,0.0,0.0,0.0,0.0,0.0,0.0,0.0,0.0,0.0,0.0,0.0,0.0,0.0,0.0,0.0,vectored,fixed_route,2,2026-08-04T18:41:19+00:00
foldedclos_32_4_4_4_1p0_7nm_TT_0V75_25C_800MHz,foldedclos,data_width=32;terminals_per_leaf=4;num_leaves=4;num_spines=4;oversubscription=1.0,7nm,TT,0.75,25.0,1.25,800.0,32,4,4,4,1.0,V-2023.12-SP4,16281,16281,0,988.275449,988.275449,0.0,0.0,0.0,1.05,0.0,0.0,0,V-2023.12-SP4,12580,12580,0,760.87,760.87,0.0,1410.6033,0.5394,0.0,0.0,1.07,-0.02,-0.24,56,V-2023.12-SP3,V-2023.12-SP4,0.6513,1.4649999999999999,0.003108,2.12,2.1163,2.6453749999999996,0.0,0.0,0.0,0.0,0.0,0.0,0.0,0.0,0.6513,1.4649999999999999,0.003108,2.12,0.0,0.0,0.0,0.0,0.0,0.0,0.0,0.0,0.0,0.0,0.0,0.0,0.0,0.0,0.0,0.0,unvectored,none,2,2026-08-04T19:17:21+00:00
foldedclos_32_4_4_4_1p0_7nm_TT_0V75_25C_800MHz,foldedclos,data_width=32;terminals_per_leaf=4;num_leaves=4;num_spines=4;oversubscription=1.0,7nm,TT,0.75,25.0,1.25,800.0,32,4,4,4,1.0,V-2023.12-SP4,16281,16281,0,988.275449,988.275449,0.0,0.0,0.0,1.05,0.0,0.0,0,V-2023.12-SP4,12580,12580,0,760.87,760.87,0.0,1410.6033,0.5394,0.0,0.0,1.07,-0.02,-0.24,56,V-2023.12-SP3,V-2023.12-SP4,1.129,2.25,0.00305,3.382,3.379,4.22375,0.0,0.0,0.0,0.0,0.0,0.0,0.0,0.0,1.129,2.25,0.00305,3.382,0.0,0.0,0.0,0.0,0.0,0.0,0.0,0.0,0.0,0.0,0.0,0.0,0.0,0.0,0.0,0.0,vectored,random,2,2026-08-04T19:17:37+00:00
foldedclos_32_4_4_4_1p0_7nm_TT_0V75_25C_800MHz,foldedclos,data_width=32;terminals_per_leaf=4;num_leaves=4;num_spines=4;oversubscription=1.0,7nm,TT,0.75,25.0,1.25,800.0,32,4,4,4,1.0,V-2023.12-SP4,16281,16281,0,988.275449,988.275449,0.0,0.0,0.0,1.05,0.0,0.0,0,V-2023.12-SP4,12580,12580,0,760.87,760.87,0.0,1410.6033,0.5394,0.0,0.0,1.07,-0.02,-0.24,56,V-2023.12-SP3,V-2023.12-SP4,0.5095,1.254,0.0030350000000000004,1.767,1.7635,2.204375,0.0,0.0,0.0,0.0,0.0,0.0,0.0,0.0,0.5095,1.254,0.0030350000000000004,1.767,0.0,0.0,0.0,0.0,0.0,0.0,0.0,0.0,0.0,0.0,0.0,0.0,0.0,0.0,0.0,0.0,vectored,fixed_route,2,2026-08-04T19:17:49+00:00
foldedclos_32_4_8_4_1p0_16nm_TT_0V85_25C_800MHz,foldedclos,data_width=32;terminals_per_leaf=4;num_leaves=8;num_spines=4;oversubscription=1.0,16nm,TT,0.85,25.0,1.25,800.0,32,4,8,4,1.0,V-2023.12-SP4,49815,49815,0,11962.59868,11962.59868,0.0,0.0,0.0,1.05,0.0,0.0,0,V-2023.12-SP4,48076,48076,0,12452.98,12452.98,0.0,17011.3997,0.732,0.0,0.0,1.19,-0.14,-51.05,1103,V-2023.12-SP3,V-2023.12-SP4,3.455,7.133,0.02173,10.6,10.588000000000001,13.235000000000001,0.0,0.0,0.0,0.0,0.0,0.0,0.0,0.0,3.455,7.133,0.02173,10.6,0.0,0.0,0.0,0.0,0.0,0.0,0.0,0.0,0.0,0.0,0.0,0.0,0.0,0.0,0.0,0.0,unvectored,none,2,2026-08-04T19:19:52+00:00
foldedclos_32_4_8_4_1p0_16nm_TT_0V85_25C_800MHz,foldedclos,data_width=32;terminals_per_leaf=4;num_leaves=8;num_spines=4;oversubscription=1.0,16nm,TT,0.85,25.0,1.25,800.0,32,4,8,4,1.0,V-2023.12-SP4,49815,49815,0,11962.59868,11962.59868,0.0,0.0,0.0,1.05,0.0,0.0,0,V-2023.12-SP4,48076,48076,0,12452.98,12452.98,0.0,17011.3997,0.732,0.0,0.0,1.19,-0.14,-51.05,1103,V-2023.12-SP3,V-2023.12-SP4,5.164000000000001,10.1,0.021509999999999998,15.299999999999999,15.264,19.08,0.0,0.0,0.0,0.0,0.0,0.0,0.0,0.0,5.164000000000001,10.1,0.021509999999999998,15.299999999999999,0.0,0.0,0.0,0.0,0.0,0.0,0.0,0.0,0.0,0.0,0.0,0.0,0.0,0.0,0.0,0.0,vectored,random,2,2026-08-04T19:20:08+00:00
foldedclos_32_4_8_4_1p0_16nm_TT_0V85_25C_800MHz,foldedclos,data_width=32;terminals_per_leaf=4;num_leaves=8;num_spines=4;oversubscription=1.0,16nm,TT,0.85,25.0,1.25,800.0,32,4,8,4,1.0,V-2023.12-SP4,49815,49815,0,11962.59868,11962.59868,0.0,0.0,0.0,1.05,0.0,0.0,0,V-2023.12-SP4,48076,48076,0,12452.98,12452.98,0.0,17011.3997,0.732,0.0,0.0,1.19,-0.14,-51.05,1103,V-2023.12-SP3,V-2023.12-SP4,2.307,5.806,0.02125,8.134,8.113,10.14125,0.0,0.0,0.0,0.0,0.0,0.0,0.0,0.0,2.307,5.806,0.02125,8.134,0.0,0.0,0.0,0.0,0.0,0.0,0.0,0.0,0.0,0.0,0.0,0.0,0.0,0.0,0.0,0.0,vectored,fixed_route,2,2026-08-04T19:20:27+00:00
foldedclos_64_4_4_2_1p0_7nm_TT_0V75_25C_800MHz,foldedclos,data_width=64;terminals_per_leaf=4;num_leaves=4;num_spines=2;oversubscription=1.0,7nm,TT,0.75,25.0,1.25,800.0,64,4,4,2,1.0,V-2023.12-SP4,15409,15409,0,1078.092307,1078.092307,0.0,0.0,0.0,1.05,0.0,0.0,0,V-2023.12-SP4,15665,15665,0,1101.16,1101.16,0.0,1532.4019,0.7186,0.0,0.0,1.08,-0.03,-1.76,158,V-2023.12-SP3,V-2023.12-SP4,0.8088000000000001,1.7,0.004388,2.513,2.5088,3.136,0.0,0.0,0.0,0.0,0.0,0.0,0.0,0.0,0.8088000000000001,1.7,0.004388,2.513,0.0,0.0,0.0,0.0,0.0,0.0,0.0,0.0,0.0,0.0,0.0,0.0,0.0,0.0,0.0,0.0,unvectored,none,2,2026-08-04T19:42:27+00:00
foldedclos_64_4_4_2_1p0_7nm_TT_0V75_25C_800MHz,foldedclos,data_width=64;terminals_per_leaf=4;num_leaves=4;num_spines=2;oversubscription=1.0,7nm,TT,0.75,25.0,1.25,800.0,64,4,4,2,1.0,V-2023.12-SP4,15409,15409,0,1078.092307,1078.092307,0.0,0.0,0.0,1.05,0.0,0.0,0,V-2023.12-SP4,15665,15665,0,1101.16,1101.16,0.0,1532.4019,0.7186,0.0,0.0,1.08,-0.03,-1.76,158,V-2023.12-SP3,V-2023.12-SP4,1.314,2.543,0.004322,3.8609999999999998,3.857,4.82125,0.0,0.0,0.0,0.0,0.0,0.0,0.0,0.0,1.314,2.543,0.004322,3.8609999999999998,0.0,0.0,0.0,0.0,0.0,0.0,0.0,0.0,0.0,0.0,0.0,0.0,0.0,0.0,0.0,0.0,vectored,random,2,2026-08-04T19:42:41+00:00
foldedclos_64_4_4_2_1p0_7nm_TT_0V75_25C_800MHz,foldedclos,data_width=64;terminals_per_leaf=4;num_leaves=4;num_spines=2;oversubscription=1.0,7nm,TT,0.75,25.0,1.25,800.0,64,4,4,2,1.0,V-2023.12-SP4,15409,15409,0,1078.092307,1078.092307,0.0,0.0,0.0,1.05,0.0,0.0,0,V-2023.12-SP4,15665,15665,0,1101.16,1101.16,0.0,1532.4019,0.7186,0.0,0.0,1.08,-0.03,-1.76,158,V-2023.12-SP3,V-2023.12-SP4,0.6724,1.373,0.00423,2.0500000000000003,2.0454,2.55675,0.0,0.0,0.0,0.0,0.0,0.0,0.0,0.0,0.6724,1.373,0.00423,2.0500000000000003,0.0,0.0,0.0,0.0,0.0,0.0,0.0,0.0,0.0,0.0,0.0,0.0,0.0,0.0,0.0,0.0,vectored,fixed_route,2,2026-08-04T19:42:59+00:00
foldedclos_64_8_4_4_1p0_16nm_TT_0V85_25C_800MHz,foldedclos,data_width=64;terminals_per_leaf=8;num_leaves=4;num_spines=4;oversubscription=1.0,16nm,TT,0.85,25.0,1.25,800.0,64,8,4,4,1.0,V-2023.12-SP4,90766,90766,0,22104.182552,22104.182552,0.0,0.0,0.0,1.05,0.0,0.0,0,V-2023.12-SP4,96487,96487,0,26168.6,26168.6,0.0,31518.3053,0.8303,0.0,0.0,1.23,-0.18,-47.04,1375,V-2023.12-SP3,V-2023.12-SP4,7.765000000000001,14.9,0.04956,22.700000000000003,22.665,28.331249999999997,0.0,0.0,0.0,0.0,0.0,0.0,0.0,0.0,7.765000000000001,14.9,0.04956,22.700000000000003,0.0,0.0,0.0,0.0,0.0,0.0,0.0,0.0,0.0,0.0,0.0,0.0,0.0,0.0,0.0,0.0,unvectored,none,2,2026-08-04T19:58:26+00:00
foldedclos_64_8_4_4_1p0_16nm_TT_0V85_25C_800MHz,foldedclos,data_width=64;terminals_per_leaf=8;num_leaves=4;num_spines=4;oversubscription=1.0,16nm,TT,0.85,25.0,1.25,800.0,64,8,4,4,1.0,V-2023.12-SP4,90766,90766,0,22104.182552,22104.182552,0.0,0.0,0.0,1.05,0.0,0.0,0,V-2023.12-SP4,96487,96487,0,26168.6,26168.6,0.0,31518.3053,0.8303,0.0,0.0,1.23,-0.18,-47.04,1375,V-2023.12-SP3,V-2023.12-SP4,12.0,22.1,0.04906,34.2,34.1,42.625,0.0,0.0,0.0,0.0,0.0,0.0,0.0,0.0,12.0,22.1,0.04906,34.2,0.0,0.0,0.0,0.0,0.0,0.0,0.0,0.0,0.0,0.0,0.0,0.0,0.0,0.0,0.0,0.0,vectored,random,2,2026-08-04T19:58:57+00:00
foldedclos_64_8_4_4_1p0_16nm_TT_0V85_25C_800MHz,foldedclos,data_width=64;terminals_per_leaf=8;num_leaves=4;num_spines=4;oversubscription=1.0,16nm,TT,0.85,25.0,1.25,800.0,64,8,4,4,1.0,V-2023.12-SP4,90766,90766,0,22104.182552,22104.182552,0.0,0.0,0.0,1.05,0.0,0.0,0,V-2023.12-SP4,96487,96487,0,26168.6,26168.6,0.0,31518.3053,0.8303,0.0,0.0,1.23,-0.18,-47.04,1375,V-2023.12-SP3,V-2023.12-SP4,5.8999999999999995,13.100000000000001,0.04838,19.0,19.0,23.75,0.0,0.0,0.0,0.0,0.0,0.0,0.0,0.0,5.8999999999999995,13.100000000000001,0.04838,19.0,0.0,0.0,0.0,0.0,0.0,0.0,0.0,0.0,0.0,0.0,0.0,0.0,0.0,0.0,0.0,0.0,vectored,fixed_route,2,2026-08-04T19:59:26+00:00
foldedclos_64_4_4_4_1p0_7nm_TT_0V75_25C_1333p33MHz,foldedclos,data_width=64;terminals_per_leaf=4;num_leaves=4;num_spines=4;oversubscription=1.0,7nm,TT,0.75,25.0,0.75,1333.3333333333333,64,4,4,4,1.0,V-2023.12-SP4,27145,27145,0,1668.780281,1668.780281,0.0,0.0,0.0,0.55,0.0,0.0,0,V-2023.12-SP4,22307,22307,0,1374.7,1374.7,0.0,2371.8804,0.5796,0.0,0.0,0.61,-0.06,-7.02,641,V-2023.12-SP3,V-2023.12-SP4,1.9009999999999998,4.15,0.005540000000000001,6.0569999999999995,6.051,4.53825,0.0,0.0,0.0,0.0,0.0,0.0,0.0,0.0,1.9009999999999998,4.15,0.005540000000000001,6.0569999999999995,0.0,0.0,0.0,0.0,0.0,0.0,0.0,0.0,0.0,0.0,0.0,0.0,0.0,0.0,0.0,0.0,unvectored,none,2,2026-08-04T20:26:55+00:00
foldedclos_64_4_4_4_1p0_7nm_TT_0V75_25C_1333p33MHz,foldedclos,data_width=64;terminals_per_leaf=4;num_leaves=4;num_spines=4;oversubscription=1.0,7nm,TT,0.75,25.0,0.75,1333.3333333333333,64,4,4,4,1.0,V-2023.12-SP4,27145,27145,0,1668.780281,1668.780281,0.0,0.0,0.0,0.55,0.0,0.0,0,V-2023.12-SP4,22307,22307,0,1374.7,1374.7,0.0,2371.8804,0.5796,0.0,0.0,0.61,-0.06,-7.02,641,V-2023.12-SP3,V-2023.12-SP4,3.2070000000000003,6.3629999999999995,0.005445,9.575999999999999,9.57,7.1775,0.0,0.0,0.0,0.0,0.0,0.0,0.0,0.0,3.2070000000000003,6.3629999999999995,0.005445,9.575999999999999,0.0,0.0,0.0,0.0,0.0,0.0,0.0,0.0,0.0,0.0,0.0,0.0,0.0,0.0,0.0,0.0,vectored,random,2,2026-08-04T20:27:11+00:00
foldedclos_64_4_4_4_1p0_7nm_TT_0V75_25C_1333p33MHz,foldedclos,data_width=64;terminals_per_leaf=4;num_leaves=4;num_spines=4;oversubscription=1.0,7nm,TT,0.75,25.0,0.75,1333.3333333333333,64,4,4,4,1.0,V-2023.12-SP4,27145,27145,0,1668.780281,1668.780281,0.0,0.0,0.0,0.55,0.0,0.0,0,V-2023.12-SP4,22307,22307,0,1374.7,1374.7,0.0,2371.8804,0.5796,0.0,0.0,0.61,-0.06,-7.02,641,V-2023.12-SP3,V-2023.12-SP4,1.511,3.528,0.005366,5.044,5.039,3.7792499999999998,0.0,0.0,0.0,0.0,0.0,0.0,0.0,0.0,1.511,3.528,0.005366,5.044,0.0,0.0,0.0,0.0,0.0,0.0,0.0,0.0,0.0,0.0,0.0,0.0,0.0,0.0,0.0,0.0,vectored,fixed_route,2,2026-08-04T20:27:25+00:00
foldedclos_64_8_4_4_1p0_16nm_TT_0V85_25C_571p429MHz,foldedclos,data_width=64;terminals_per_leaf=8;num_leaves=4;num_spines=4;oversubscription=1.0,16nm,TT,0.85,25.0,1.75,571.4285714285714,64,8,4,4,1.0,V-2023.12-SP4,95136,95136,0,22771.860984,22771.860984,0.0,0.0,0.0,1.55,0.0,0.0,0,V-2023.12-SP4,86746,86746,0,22184.55,22184.55,0.0,32516.7437,0.6823,0.0,0.0,1.64,-0.09,-2.03,101,V-2023.12-SP3,V-2023.12-SP4,4.575,10.7,0.03665,15.299999999999999,15.274999999999999,26.731249999999996,0.0,0.0,0.0,0.0,0.0,0.0,0.0,0.0,4.575,10.7,0.03665,15.299999999999999,0.0,0.0,0.0,0.0,0.0,0.0,0.0,0.0,0.0,0.0,0.0,0.0,0.0,0.0,0.0,0.0,unvectored,none,2,2026-08-04T20:40:53+00:00
foldedclos_64_8_4_4_1p0_16nm_TT_0V85_25C_571p429MHz,foldedclos,data_width=64;terminals_per_leaf=8;num_leaves=4;num_spines=4;oversubscription=1.0,16nm,TT,0.85,25.0,1.75,571.4285714285714,64,8,4,4,1.0,V-2023.12-SP4,95136,95136,0,22771.860984,22771.860984,0.0,0.0,0.0,1.55,0.0,0.0,0,V-2023.12-SP4,86746,86746,0,22184.55,22184.55,0.0,32516.7437,0.6823,0.0,0.0,1.64,-0.09,-2.03,101,V-2023.12-SP3,V-2023.12-SP4,7.2170000000000005,15.9,0.03613,23.099999999999998,23.117,40.454750000000004,0.0,0.0,0.0,0.0,0.0,0.0,0.0,0.0,7.2170000000000005,15.9,0.03613,23.099999999999998,0.0,0.0,0.0,0.0,0.0,0.0,0.0,0.0,0.0,0.0,0.0,0.0,0.0,0.0,0.0,0.0,vectored,random,2,2026-08-04T20:41:17+00:00
foldedclos_64_8_4_4_1p0_16nm_TT_0V85_25C_571p429MHz,foldedclos,data_width=64;terminals_per_leaf=8;num_leaves=4;num_spines=4;oversubscription=1.0,16nm,TT,0.85,25.0,1.75,571.4285714285714,64,8,4,4,1.0,V-2023.12-SP4,95136,95136,0,22771.860984,22771.860984,0.0,0.0,0.0,1.55,0.0,0.0,0,V-2023.12-SP4,86746,86746,0,22184.55,22184.55,0.0,32516.7437,0.6823,0.0,0.0,1.64,-0.09,-2.03,101,V-2023.12-SP3,V-2023.12-SP4,3.5620000000000003,9.591000000000001,0.0356,13.2,13.153000000000002,23.017750000000003,0.0,0.0,0.0,0.0,0.0,0.0,0.0,0.0,3.5620000000000003,9.591000000000001,0.0356,13.2,0.0,0.0,0.0,0.0,0.0,0.0,0.0,0.0,0.0,0.0,0.0,0.0,0.0,0.0,0.0,0.0,vectored,fixed_route,2,2026-08-04T20:41:43+00:00
foldedclos_32_4_8_4_1p0_16nm_TT_0V85_25C_571p429MHz,foldedclos,data_width=32;terminals_per_leaf=4;num_leaves=8;num_spines=4;oversubscription=1.0,16nm,TT,0.85,25.0,1.75,571.4285714285714,32,4,8,4,1.0,V-2023.12-SP4,50577,50577,0,12074.884108,12074.884108,0.0,0.0,0.0,1.55,0.0,0.0,0,V-2023.12-SP4,43985,43985,0,11174.55,11174.55,0.0,17247.0436,0.6479,0.0,0.0,1.63,-0.08,-4.31,283,V-2023.12-SP3,V-2023.12-SP4,2.271,5.131,0.017900000000000003,7.420000000000001,7.402,12.9535,0.0,0.0,0.0,0.0,0.0,0.0,0.0,0.0,2.271,5.131,0.017900000000000003,7.420000000000001,0.0,0.0,0.0,0.0,0.0,0.0,0.0,0.0,0.0,0.0,0.0,0.0,0.0,0.0,0.0,0.0,unvectored,none,2,2026-08-04T20:56:42+00:00
foldedclos_32_4_8_4_1p0_16nm_TT_0V85_25C_571p429MHz,foldedclos,data_width=32;terminals_per_leaf=4;num_leaves=8;num_spines=4;oversubscription=1.0,16nm,TT,0.85,25.0,1.75,571.4285714285714,32,4,8,4,1.0,V-2023.12-SP4,50577,50577,0,12074.884108,12074.884108,0.0,0.0,0.0,1.55,0.0,0.0,0,V-2023.12-SP4,43985,43985,0,11174.55,11174.55,0.0,17247.0436,0.6479,0.0,0.0,1.63,-0.08,-4.31,283,V-2023.12-SP3,V-2023.12-SP4,3.518,7.46,0.01765,11.0,10.978,19.2115,0.0,0.0,0.0,0.0,0.0,0.0,0.0,0.0,3.518,7.46,0.01765,11.0,0.0,0.0,0.0,0.0,0.0,0.0,0.0,0.0,0.0,0.0,0.0,0.0,0.0,0.0,0.0,0.0,vectored,random,2,2026-08-04T20:56:59+00:00
foldedclos_32_4_8_4_1p0_16nm_TT_0V85_25C_571p429MHz,foldedclos,data_width=32;terminals_per_leaf=4;num_leaves=8;num_spines=4;oversubscription=1.0,16nm,TT,0.85,25.0,1.75,571.4285714285714,32,4,8,4,1.0,V-2023.12-SP4,50577,50577,0,12074.884108,12074.884108,0.0,0.0,0.0,1.55,0.0,0.0,0,V-2023.12-SP4,43985,43985,0,11174.55,11174.55,0.0,17247.0436,0.6479,0.0,0.0,1.63,-0.08,-4.31,283,V-2023.12-SP3,V-2023.12-SP4,1.633,4.2459999999999996,0.01735,5.896,5.879,10.28825,0.0,0.0,0.0,0.0,0.0,0.0,0.0,0.0,1.633,4.2459999999999996,0.01735,5.896,0.0,0.0,0.0,0.0,0.0,0.0,0.0,0.0,0.0,0.0,0.0,0.0,0.0,0.0,0.0,0.0,vectored,fixed_route,2,2026-08-04T20:57:13+00:00
foldedclos_64_4_4_4_1p0_7nm_TT_0V75_25C_800MHz,foldedclos,data_width=64;terminals_per_leaf=4;num_leaves=4;num_spines=4;oversubscription=1.0,7nm,TT,0.75,25.0,1.25,800.0,64,4,4,4,1.0,V-2023.12-SP4,15409,15409,0,1078.092307,1078.092307,0.0,0.0,0.0,1.05,0.0,0.0,0,V-2023.12-SP4,15665,15665,0,1101.16,1101.16,0.0,1532.4019,0.7186,0.0,0.0,1.08,-0.03,-1.84,165,V-2023.12-SP3,V-2023.12-SP4,0.8089,1.7,0.004388,2.513,2.5088999999999997,3.136125,0.0,0.0,0.0,0.0,0.0,0.0,0.0,0.0,0.8089,1.7,0.004388,2.513,0.0,0.0,0.0,0.0,0.0,0.0,0.0,0.0,0.0,0.0,0.0,0.0,0.0,0.0,0.0,0.0,unvectored,none,2,2026-08-04T21:15:37+00:00
foldedclos_64_4_4_4_1p0_7nm_TT_0V75_25C_800MHz,foldedclos,data_width=64;terminals_per_leaf=4;num_leaves=4;num_spines=4;oversubscription=1.0,7nm,TT,0.75,25.0,1.25,800.0,64,4,4,4,1.0,V-2023.12-SP4,15409,15409,0,1078.092307,1078.092307,0.0,0.0,0.0,1.05,0.0,0.0,0,V-2023.12-SP4,15665,15665,0,1101.16,1101.16,0.0,1532.4019,0.7186,0.0,0.0,1.08,-0.03,-1.84,165,V-2023.12-SP3,V-2023.12-SP4,1.315,2.544,0.004322,3.863,3.859,4.82375,0.0,0.0,0.0,0.0,0.0,0.0,0.0,0.0,1.315,2.544,0.004322,3.863,0.0,0.0,0.0,0.0,0.0,0.0,0.0,0.0,0.0,0.0,0.0,0.0,0.0,0.0,0.0,0.0,vectored,random,2,2026-08-04T21:15:46+00:00
foldedclos_64_4_4_4_1p0_7nm_TT_0V75_25C_800MHz,foldedclos,data_width=64;terminals_per_leaf=4;num_leaves=4;num_spines=4;oversubscription=1.0,7nm,TT,0.75,25.0,1.25,800.0,64,4,4,4,1.0,V-2023.12-SP4,15409,15409,0,1078.092307,1078.092307,0.0,0.0,0.0,1.05,0.0,0.0,0,V-2023.12-SP4,15665,15665,0,1101.16,1101.16,0.0,1532.4019,0.7186,0.0,0.0,1.08,-0.03,-1.84,165,V-2023.12-SP3,V-2023.12-SP4,0.6725,1.374,0.00423,2.0500000000000003,2.0465,2.558125,0.0,0.0,0.0,0.0,0.0,0.0,0.0,0.0,0.6725,1.374,0.00423,2.0500000000000003,0.0,0.0,0.0,0.0,0.0,0.0,0.0,0.0,0.0,0.0,0.0,0.0,0.0,0.0,0.0,0.0,vectored,fixed_route,2,2026-08-04T21:15:55+00:00
foldedclos_64_4_8_4_1p0_20nm_TT_0V9_25C_444p444MHz,foldedclos,data_width=64;terminals_per_leaf=4;num_leaves=8;num_spines=4;oversubscription=1.0,20nm,TT,0.9,25.0,2.25,444.44444444444446,64,4,8,4,1.0,V-2023.12-SP4,92955,92955,0,37302.566198,37302.566198,0.0,0.0,0.0,2.05,0.0,0.0,0,V-2023.12-SP4,89783,89783,0,39962.21,39962.21,0.0,53161.5744,0.7517,0.0,0.0,2.24,-0.19,-7.13,212,V-2023.12-SP3,V-2023.12-SP4,4.652,10.8,0.04983,15.5,15.452000000000002,34.767,0.0,0.0,0.0,0.0,0.0,0.0,0.0,0.0,4.652,10.8,0.04983,15.5,0.0,0.0,0.0,0.0,0.0,0.0,0.0,0.0,0.0,0.0,0.0,0.0,0.0,0.0,0.0,0.0,unvectored,none,2,2026-08-04T21:22:06+00:00
foldedclos_64_4_8_4_1p0_20nm_TT_0V9_25C_444p444MHz,foldedclos,data_width=64;terminals_per_leaf=4;num_leaves=8;num_spines=4;oversubscription=1.0,20nm,TT,0.9,25.0,2.25,444.44444444444446,64,4,8,4,1.0,V-2023.12-SP4,92955,92955,0,37302.566198,37302.566198,0.0,0.0,0.0,2.05,0.0,0.0,0,V-2023.12-SP4,89783,89783,0,39962.21,39962.21,0.0,53161.5744,0.7517,0.0,0.0,2.24,-0.19,-7.13,212,V-2023.12-SP3,V-2023.12-SP4,7.245,15.8,0.04923,23.099999999999998,23.045,51.85125000000001,0.0,0.0,0.0,0.0,0.0,0.0,0.0,0.0,7.245,15.8,0.04923,23.099999999999998,0.0,0.0,0.0,0.0,0.0,0.0,0.0,0.0,0.0,0.0,0.0,0.0,0.0,0.0,0.0,0.0,vectored,random,2,2026-08-04T21:22:26+00:00
foldedclos_64_4_8_4_1p0_20nm_TT_0V9_25C_444p444MHz,foldedclos,data_width=64;terminals_per_leaf=4;num_leaves=8;num_spines=4;oversubscription=1.0,20nm,TT,0.9,25.0,2.25,444.44444444444446,64,4,8,4,1.0,V-2023.12-SP4,92955,92955,0,37302.566198,37302.566198,0.0,0.0,0.0,2.05,0.0,0.0,0,V-2023.12-SP4,89783,89783,0,39962.21,39962.21,0.0,53161.5744,0.7517,0.0,0.0,2.24,-0.19,-7.13,212,V-2023.12-SP3,V-2023.12-SP4,3.73,9.838,0.04844,13.6,13.568,30.528,0.0,0.0,0.0,0.0,0.0,0.0,0.0,0.0,3.73,9.838,0.04844,13.6,0.0,0.0,0.0,0.0,0.0,0.0,0.0,0.0,0.0,0.0,0.0,0.0,0.0,0.0,0.0,0.0,vectored,fixed_route,2,2026-08-04T21:22:45+00:00
foldedclos_32_8_4_4_1p0_7nm_TT_0V75_25C_1333p33MHz,foldedclos,data_width=32;terminals_per_leaf=8;num_leaves=4;num_spines=4;oversubscription=1.0,7nm,TT,0.75,25.0,0.75,1333.3333333333333,32,8,4,4,1.0,V-2023.12-SP4,55291,55291,0,3438.18316,3438.18316,0.0,0.0,0.0,0.55,0.0,0.0,0,V-2023.12-SP4,45283,45283,0,2934.28,2934.28,0.0,4909.5245,0.5977,0.0,0.0,0.61,-0.06,-8.07,586,V-2023.12-SP3,V-2023.12-SP4,2.823,7.23,0.01196,10.1,10.053,7.539750000000001,0.0,0.0,0.0,0.0,0.0,0.0,0.0,0.0,2.823,7.23,0.01196,10.1,0.0,0.0,0.0,0.0,0.0,0.0,0.0,0.0,0.0,0.0,0.0,0.0,0.0,0.0,0.0,0.0,unvectored,none,2,2026-08-04T21:25:31+00:00
foldedclos_32_8_4_4_1p0_7nm_TT_0V75_25C_1333p33MHz,foldedclos,data_width=32;terminals_per_leaf=8;num_leaves=4;num_spines=4;oversubscription=1.0,7nm,TT,0.75,25.0,0.75,1333.3333333333333,32,8,4,4,1.0,V-2023.12-SP4,55291,55291,0,3438.18316,3438.18316,0.0,0.0,0.0,0.55,0.0,0.0,0,V-2023.12-SP4,45283,45283,0,2934.28,2934.28,0.0,4909.5245,0.5977,0.0,0.0,0.61,-0.06,-8.07,586,V-2023.12-SP3,V-2023.12-SP4,4.309,10.200000000000001,0.01185,14.5,14.509,10.88175,0.0,0.0,0.0,0.0,0.0,0.0,0.0,0.0,4.309,10.200000000000001,0.01185,14.5,0.0,0.0,0.0,0.0,0.0,0.0,0.0,0.0,0.0,0.0,0.0,0.0,0.0,0.0,0.0,0.0,vectored,random,2,2026-08-04T21:25:43+00:00
foldedclos_32_8_4_4_1p0_7nm_TT_0V75_25C_1333p33MHz,foldedclos,data_width=32;terminals_per_leaf=8;num_leaves=4;num_spines=4;oversubscription=1.0,7nm,TT,0.75,25.0,0.75,1333.3333333333333,32,8,4,4,1.0,V-2023.12-SP4,55291,55291,0,3438.18316,3438.18316,0.0,0.0,0.0,0.55,0.0,0.0,0,V-2023.12-SP4,45283,45283,0,2934.28,2934.28,0.0,4909.5245,0.5977,0.0,0.0,0.61,-0.06,-8.07,586,V-2023.12-SP3,V-2023.12-SP4,2.0300000000000002,6.186,0.0117,8.227,8.216000000000001,6.162000000000001,0.0,0.0,0.0,0.0,0.0,0.0,0.0,0.0,2.0300000000000002,6.186,0.0117,8.227,0.0,0.0,0.0,0.0,0.0,0.0,0.0,0.0,0.0,0.0,0.0,0.0,0.0,0.0,0.0,0.0,vectored,fixed_route,2,2026-08-04T21:25:56+00:00
foldedclos_32_8_4_4_1p0_7nm_TT_0V75_25C_800MHz,foldedclos,data_width=32;terminals_per_leaf=8;num_leaves=4;num_spines=4;oversubscription=1.0,7nm,TT,0.75,25.0,1.25,800.0,32,8,4,4,1.0,V-2023.12-SP4,57088,57088,0,3527.693554,3527.693554,0.0,0.0,0.0,1.05,0.0,0.0,0,V-2023.12-SP4,45953,45953,0,2913.93,2913.93,0.0,5025.9525,0.5798,0.0,0.0,1.09,-0.04,-0.28,38,V-2023.12-SP3,V-2023.12-SP4,1.941,4.829,0.01166,6.781,6.77,8.462499999999999,0.0,0.0,0.0,0.0,0.0,0.0,0.0,0.0,1.941,4.829,0.01166,6.781,0.0,0.0,0.0,0.0,0.0,0.0,0.0,0.0,0.0,0.0,0.0,0.0,0.0,0.0,0.0,0.0,unvectored,none,2,2026-08-04T21:39:56+00:00
foldedclos_32_8_4_4_1p0_7nm_TT_0V75_25C_800MHz,foldedclos,data_width=32;terminals_per_leaf=8;num_leaves=4;num_spines=4;oversubscription=1.0,7nm,TT,0.75,25.0,1.25,800.0,32,8,4,4,1.0,V-2023.12-SP4,57088,57088,0,3527.693554,3527.693554,0.0,0.0,0.0,1.05,0.0,0.0,0,V-2023.12-SP4,45953,45953,0,2913.93,2913.93,0.0,5025.9525,0.5798,0.0,0.0,1.09,-0.04,-0.28,38,V-2023.12-SP3,V-2023.12-SP4,3.094,6.976000000000001,0.01149,10.1,10.07,12.5875,0.0,0.0,0.0,0.0,0.0,0.0,0.0,0.0,3.094,6.976000000000001,0.01149,10.1,0.0,0.0,0.0,0.0,0.0,0.0,0.0,0.0,0.0,0.0,0.0,0.0,0.0,0.0,0.0,0.0,vectored,random,2,2026-08-04T21:40:07+00:00
foldedclos_32_8_4_4_1p0_7nm_TT_0V75_25C_800MHz,foldedclos,data_width=32;terminals_per_leaf=8;num_leaves=4;num_spines=4;oversubscription=1.0,7nm,TT,0.75,25.0,1.25,800.0,32,8,4,4,1.0,V-2023.12-SP4,57088,57088,0,3527.693554,3527.693554,0.0,0.0,0.0,1.05,0.0,0.0,0,V-2023.12-SP4,45953,45953,0,2913.93,2913.93,0.0,5025.9525,0.5798,0.0,0.0,1.09,-0.04,-0.28,38,V-2023.12-SP3,V-2023.12-SP4,1.432,4.159000000000001,0.011250000000000001,5.603000000000001,5.591000000000001,6.988750000000001,0.0,0.0,0.0,0.0,0.0,0.0,0.0,0.0,1.432,4.159000000000001,0.011250000000000001,5.603000000000001,0.0,0.0,0.0,0.0,0.0,0.0,0.0,0.0,0.0,0.0,0.0,0.0,0.0,0.0,0.0,0.0,vectored,fixed_route,2,2026-08-04T21:40:19+00:00
foldedclos_32_4_4_4_0p5_20nm_TT_0V9_25C_571p429MHz,foldedclos,data_width=32;terminals_per_leaf=4;num_leaves=4;num_spines=4;oversubscription=0.5,20nm,TT,0.9,25.0,1.75,571.4285714285714,32,4,4,4,0.5,V-2023.12-SP4,13122,13122,0,5058.979173,5058.979173,0.0,0.0,0.0,1.55,0.0,0.0,0,V-2023.12-SP4,11779,11779,0,4808.92,4808.92,0.0,7208.6784,0.6671,0.0,0.0,1.78,-0.23,-0.77,24,V-2023.12-SP3,V-2023.12-SP4,0.8733000000000001,1.691,0.005493,2.57,2.5643000000000002,4.487525000000001,0.0,0.0,0.0,0.0,0.0,0.0,0.0,0.0,0.8733000000000001,1.691,0.005493,2.57,0.0,0.0,0.0,0.0,0.0,0.0,0.0,0.0,0.0,0.0,0.0,0.0,0.0,0.0,0.0,0.0,unvectored,none,2,2026-08-04T21:48:21+00:00
foldedclos_32_4_4_4_0p5_20nm_TT_0V9_25C_571p429MHz,foldedclos,data_width=32;terminals_per_leaf=4;num_leaves=4;num_spines=4;oversubscription=0.5,20nm,TT,0.9,25.0,1.75,571.4285714285714,32,4,4,4,0.5,V-2023.12-SP4,13122,13122,0,5058.979173,5058.979173,0.0,0.0,0.0,1.55,0.0,0.0,0,V-2023.12-SP4,11779,11779,0,4808.92,4808.92,0.0,7208.6784,0.6671,0.0,0.0,1.78,-0.23,-0.77,24,V-2023.12-SP3,V-2023.12-SP4,1.424,2.563,0.0054210000000000005,3.992,3.987,6.97725,0.0,0.0,0.0,0.0,0.0,0.0,0.0,0.0,1.424,2.563,0.0054210000000000005,3.992,0.0,0.0,0.0,0.0,0.0,0.0,0.0,0.0,0.0,0.0,0.0,0.0,0.0,0.0,0.0,0.0,vectored,random,2,2026-08-04T21:48:30+00:00
foldedclos_32_4_4_4_0p5_20nm_TT_0V9_25C_571p429MHz,foldedclos,data_width=32;terminals_per_leaf=4;num_leaves=4;num_spines=4;oversubscription=0.5,20nm,TT,0.9,25.0,1.75,571.4285714285714,32,4,4,4,0.5,V-2023.12-SP4,13122,13122,0,5058.979173,5058.979173,0.0,0.0,0.0,1.55,0.0,0.0,0,V-2023.12-SP4,11779,11779,0,4808.92,4808.92,0.0,7208.6784,0.6671,0.0,0.0,1.78,-0.23,-0.77,24,V-2023.12-SP3,V-2023.12-SP4,0.6036,1.366,0.005331000000000001,1.974,1.9696000000000002,3.4468000000000005,0.0,0.0,0.0,0.0,0.0,0.0,0.0,0.0,0.6036,1.366,0.005331000000000001,1.974,0.0,0.0,0.0,0.0,0.0,0.0,0.0,0.0,0.0,0.0,0.0,0.0,0.0,0.0,0.0,0.0,vectored,fixed_route,2,2026-08-04T21:48:38+00:00
foldedclos_32_4_8_4_1p0_7nm_TT_0V75_25C_1333p33MHz,foldedclos,data_width=32;terminals_per_leaf=4;num_leaves=8;num_spines=4;oversubscription=1.0,7nm,TT,0.75,25.0,0.75,1333.3333333333333,32,4,8,4,1.0,V-2023.12-SP4,55291,55291,0,3438.18316,3438.18316,0.0,0.0,0.0,0.55,0.0,0.0,0,V-2023.12-SP4,45283,45283,0,2934.28,2934.28,0.0,4909.5245,0.5977,0.0,0.0,0.61,-0.06,-7.71,565,V-2023.12-SP3,V-2023.12-SP4,2.822,7.226,0.01196,10.1,10.048,7.536,0.0,0.0,0.0,0.0,0.0,0.0,0.0,0.0,2.822,7.226,0.01196,10.1,0.0,0.0,0.0,0.0,0.0,0.0,0.0,0.0,0.0,0.0,0.0,0.0,0.0,0.0,0.0,0.0,unvectored,none,2,2026-08-04T23:19:44+00:00
foldedclos_32_4_8_4_1p0_7nm_TT_0V75_25C_1333p33MHz,foldedclos,data_width=32;terminals_per_leaf=4;num_leaves=8;num_spines=4;oversubscription=1.0,7nm,TT,0.75,25.0,0.75,1333.3333333333333,32,4,8,4,1.0,V-2023.12-SP4,55291,55291,0,3438.18316,3438.18316,0.0,0.0,0.0,0.55,0.0,0.0,0,V-2023.12-SP4,45283,45283,0,2934.28,2934.28,0.0,4909.5245,0.5977,0.0,0.0,0.61,-0.06,-7.71,565,V-2023.12-SP3,V-2023.12-SP4,4.31,10.200000000000001,0.01185,14.5,14.510000000000002,10.8825,0.0,0.0,0.0,0.0,0.0,0.0,0.0,0.0,4.31,10.200000000000001,0.01185,14.5,0.0,0.0,0.0,0.0,0.0,0.0,0.0,0.0,0.0,0.0,0.0,0.0,0.0,0.0,0.0,0.0,vectored,random,2,2026-08-04T23:20:00+00:00
foldedclos_32_4_8_4_1p0_7nm_TT_0V75_25C_1333p33MHz,foldedclos,data_width=32;terminals_per_leaf=4;num_leaves=8;num_spines=4;oversubscription=1.0,7nm,TT,0.75,25.0,0.75,1333.3333333333333,32,4,8,4,1.0,V-2023.12-SP4,55291,55291,0,3438.18316,3438.18316,0.0,0.0,0.0,0.55,0.0,0.0,0,V-2023.12-SP4,45283,45283,0,2934.28,2934.28,0.0,4909.5245,0.5977,0.0,0.0,0.61,-0.06,-7.71,565,V-2023.12-SP3,V-2023.12-SP4,2.0300000000000002,6.181,0.0117,8.222,8.211,6.158250000000001,0.0,0.0,0.0,0.0,0.0,0.0,0.0,0.0,2.0300000000000002,6.181,0.0117,8.222,0.0,0.0,0.0,0.0,0.0,0.0,0.0,0.0,0.0,0.0,0.0,0.0,0.0,0.0,0.0,0.0,vectored,fixed_route,2,2026-08-04T23:20:16+00:00
foldedclos_64_4_8_4_1p0_16nm_TT_0V85_25C_571p429MHz,foldedclos,data_width=64;terminals_per_leaf=4;num_leaves=8;num_spines=4;oversubscription=1.0,16nm,TT,0.85,25.0,1.75,571.4285714285714,64,4,8,4,1.0,V-2023.12-SP4,95136,95136,0,22771.860984,22771.860984,0.0,0.0,0.0,1.55,0.0,0.0,0,V-2023.12-SP4,86746,86746,0,22184.55,22184.55,0.0,32516.7437,0.6823,0.0,0.0,1.65,-0.1,-1.91,96,V-2023.12-SP3,V-2023.12-SP4,4.575,10.7,0.03665,15.299999999999999,15.274999999999999,26.731249999999996,0.0,0.0,0.0,0.0,0.0,0.0,0.0,0.0,4.575,10.7,0.03665,15.299999999999999,0.0,0.0,0.0,0.0,0.0,0.0,0.0,0.0,0.0,0.0,0.0,0.0,0.0,0.0,0.0,0.0,unvectored,none,2,2026-08-04T23:20:30+00:00
foldedclos_64_4_8_4_1p0_16nm_TT_0V85_25C_571p429MHz,foldedclos,data_width=64;terminals_per_leaf=4;num_leaves=8;num_spines=4;oversubscription=1.0,16nm,TT,0.85,25.0,1.75,571.4285714285714,64,4,8,4,1.0,V-2023.12-SP4,95136,95136,0,22771.860984,22771.860984,0.0,0.0,0.0,1.55,0.0,0.0,0,V-2023.12-SP4,86746,86746,0,22184.55,22184.55,0.0,32516.7437,0.6823,0.0,0.0,1.65,-0.1,-1.91,96,V-2023.12-SP3,V-2023.12-SP4,7.222,15.9,0.03613,23.099999999999998,23.122,40.463499999999996,0.0,0.0,0.0,0.0,0.0,0.0,0.0,0.0,7.222,15.9,0.03613,23.099999999999998,0.0,0.0,0.0,0.0,0.0,0.0,0.0,0.0,0.0,0.0,0.0,0.0,0.0,0.0,0.0,0.0,vectored,random,2,2026-08-04T23:20:53+00:00
foldedclos_64_4_8_4_1p0_16nm_TT_0V85_25C_571p429MHz,foldedclos,data_width=64;terminals_per_leaf=4;num_leaves=8;num_spines=4;oversubscription=1.0,16nm,TT,0.85,25.0,1.75,571.4285714285714,64,4,8,4,1.0,V-2023.12-SP4,95136,95136,0,22771.860984,22771.860984,0.0,0.0,0.0,1.55,0.0,0.0,0,V-2023.12-SP4,86746,86746,0,22184.55,22184.55,0.0,32516.7437,0.6823,0.0,0.0,1.65,-0.1,-1.91,96,V-2023.12-SP3,V-2023.12-SP4,3.5620000000000003,9.594,0.0356,13.2,13.155999999999999,23.022999999999996,0.0,0.0,0.0,0.0,0.0,0.0,0.0,0.0,3.5620000000000003,9.594,0.0356,13.2,0.0,0.0,0.0,0.0,0.0,0.0,0.0,0.0,0.0,0.0,0.0,0.0,0.0,0.0,0.0,0.0,vectored,fixed_route,2,2026-08-04T23:21:15+00:00
foldedclos_64_4_8_4_1p0_16nm_TT_0V85_25C_800MHz,foldedclos,data_width=64;terminals_per_leaf=4;num_leaves=8;num_spines=4;oversubscription=1.0,16nm,TT,0.85,25.0,1.25,800.0,64,4,8,4,1.0,V-2023.12-SP4,90766,90766,0,22104.182552,22104.182552,0.0,0.0,0.0,1.05,0.0,0.0,0,V-2023.12-SP4,96487,96487,0,26168.6,26168.6,0.0,31518.3053,0.8303,0.0,0.0,1.23,-0.18,-46.06,1361,V-2023.12-SP3,V-2023.12-SP4,7.764,14.9,0.04956,22.700000000000003,22.664,28.330000000000002,0.0,0.0,0.0,0.0,0.0,0.0,0.0,0.0,7.764,14.9,0.04956,22.700000000000003,0.0,0.0,0.0,0.0,0.0,0.0,0.0,0.0,0.0,0.0,0.0,0.0,0.0,0.0,0.0,0.0,unvectored,none,2,2026-08-04T23:22:58+00:00
foldedclos_64_4_8_4_1p0_16nm_TT_0V85_25C_800MHz,foldedclos,data_width=64;terminals_per_leaf=4;num_leaves=8;num_spines=4;oversubscription=1.0,16nm,TT,0.85,25.0,1.25,800.0,64,4,8,4,1.0,V-2023.12-SP4,90766,90766,0,22104.182552,22104.182552,0.0,0.0,0.0,1.05,0.0,0.0,0,V-2023.12-SP4,96487,96487,0,26168.6,26168.6,0.0,31518.3053,0.8303,0.0,0.0,1.23,-0.18,-46.06,1361,V-2023.12-SP3,V-2023.12-SP4,12.0,22.1,0.04906,34.2,34.1,42.625,0.0,0.0,0.0,0.0,0.0,0.0,0.0,0.0,12.0,22.1,0.04906,34.2,0.0,0.0,0.0,0.0,0.0,0.0,0.0,0.0,0.0,0.0,0.0,0.0,0.0,0.0,0.0,0.0,vectored,random,2,2026-08-04T23:23:20+00:00
foldedclos_64_4_8_4_1p0_16nm_TT_0V85_25C_800MHz,foldedclos,data_width=64;terminals_per_leaf=4;num_leaves=8;num_spines=4;oversubscription=1.0,16nm,TT,0.85,25.0,1.25,800.0,64,4,8,4,1.0,V-2023.12-SP4,90766,90766,0,22104.182552,22104.182552,0.0,0.0,0.0,1.05,0.0,0.0,0,V-2023.12-SP4,96487,96487,0,26168.6,26168.6,0.0,31518.3053,0.8303,0.0,0.0,1.23,-0.18,-46.06,1361,V-2023.12-SP3,V-2023.12-SP4,5.899,13.100000000000001,0.04838,19.0,18.999000000000002,23.74875,0.0,0.0,0.0,0.0,0.0,0.0,0.0,0.0,5.899,13.100000000000001,0.04838,19.0,0.0,0.0,0.0,0.0,0.0,0.0,0.0,0.0,0.0,0.0,0.0,0.0,0.0,0.0,0.0,0.0,vectored,fixed_route,2,2026-08-04T23:23:44+00:00
foldedclos_64_8_4_4_1p0_7nm_TT_0V75_25C_800MHz,foldedclos,data_width=64;terminals_per_leaf=8;num_leaves=4;num_spines=4;oversubscription=1.0,7nm,TT,0.75,25.0,1.25,800.0,64,8,4,4,1.0,V-2023.12-SP4,107811,107811,0,6613.125093,6613.125093,0.0,0.0,0.0,1.05,0.0,0.0,0,V-2023.12-SP4,87278,87278,0,5496.26,5496.26,0.0,9425.687,0.5831,0.0,0.0,1.12,-0.07,-0.76,56,V-2023.12-SP3,V-2023.12-SP4,3.519,9.254999999999999,0.02189,12.8,12.774,15.9675,0.0,0.0,0.0,0.0,0.0,0.0,0.0,0.0,3.519,9.254999999999999,0.02189,12.8,0.0,0.0,0.0,0.0,0.0,0.0,0.0,0.0,0.0,0.0,0.0,0.0,0.0,0.0,0.0,0.0,unvectored,none,2,2026-08-04T23:39:53+00:00
foldedclos_64_8_4_4_1p0_7nm_TT_0V75_25C_800MHz,foldedclos,data_width=64;terminals_per_leaf=8;num_leaves=4;num_spines=4;oversubscription=1.0,7nm,TT,0.75,25.0,1.25,800.0,64,8,4,4,1.0,V-2023.12-SP4,107811,107811,0,6613.125093,6613.125093,0.0,0.0,0.0,1.05,0.0,0.0,0,V-2023.12-SP4,87278,87278,0,5496.26,5496.26,0.0,9425.687,0.5831,0.0,0.0,1.12,-0.07,-0.76,56,V-2023.12-SP3,V-2023.12-SP4,5.718,13.6,0.02157,19.400000000000002,19.317999999999998,24.147499999999997,0.0,0.0,0.0,0.0,0.0,0.0,0.0,0.0,5.718,13.6,0.02157,19.400000000000002,0.0,0.0,0.0,0.0,0.0,0.0,0.0,0.0,0.0,0.0,0.0,0.0,0.0,0.0,0.0,0.0,vectored,random,2,2026-08-04T23:40:13+00:00
foldedclos_64_8_4_4_1p0_7nm_TT_0V75_25C_800MHz,foldedclos,data_width=64;terminals_per_leaf=8;num_leaves=4;num_spines=4;oversubscription=1.0,7nm,TT,0.75,25.0,1.25,800.0,64,8,4,4,1.0,V-2023.12-SP4,107811,107811,0,6613.125093,6613.125093,0.0,0.0,0.0,1.05,0.0,0.0,0,V-2023.12-SP4,87278,87278,0,5496.26,5496.26,0.0,9425.687,0.5831,0.0,0.0,1.12,-0.07,-0.76,56,V-2023.12-SP3,V-2023.12-SP4,2.657,8.335,0.021339999999999998,11.0,10.992,13.740000000000002,0.0,0.0,0.0,0.0,0.0,0.0,0.0,0.0,2.657,8.335,0.021339999999999998,11.0,0.0,0.0,0.0,0.0,0.0,0.0,0.0,0.0,0.0,0.0,0.0,0.0,0.0,0.0,0.0,0.0,vectored,fixed_route,2,2026-08-04T23:40:35+00:00
foldedclos_32_4_4_4_0p5_16nm_TT_0V85_25C_1000MHz,foldedclos,data_width=32;terminals_per_leaf=4;num_leaves=4;num_spines=4;oversubscription=0.5,16nm,TT,0.85,25.0,1.0,1000.0,32,4,4,4,0.5,V-2023.12-SP4,13236,13236,0,3101.317699,3101.317699,0.0,0.0,0.0,0.8,0.0,0.0,0,V-2023.12-SP4,11465,11465,0,2825.67,2825.67,0.0,4406.8147,0.6412,0.0,0.0,0.88,-0.08,-2.07,149,V-2023.12-SP3,V-2023.12-SP4,1.1260000000000001,2.174,0.004423,3.305,3.3,3.3,0.0,0.0,0.0,0.0,0.0,0.0,0.0,0.0,1.1260000000000001,2.174,0.004423,3.305,0.0,0.0,0.0,0.0,0.0,0.0,0.0,0.0,0.0,0.0,0.0,0.0,0.0,0.0,0.0,0.0,unvectored,none,2,2026-08-04T23:43:01+00:00
foldedclos_32_4_4_4_0p5_16nm_TT_0V85_25C_1000MHz,foldedclos,data_width=32;terminals_per_leaf=4;num_leaves=4;num_spines=4;oversubscription=0.5,16nm,TT,0.85,25.0,1.0,1000.0,32,4,4,4,0.5,V-2023.12-SP4,13236,13236,0,3101.317699,3101.317699,0.0,0.0,0.0,0.8,0.0,0.0,0,V-2023.12-SP4,11465,11465,0,2825.67,2825.67,0.0,4406.8147,0.6412,0.0,0.0,0.88,-0.08,-2.07,149,V-2023.12-SP3,V-2023.12-SP4,1.746,3.197,0.004377,4.948,4.943,4.943,0.0,0.0,0.0,0.0,0.0,0.0,0.0,0.0,1.746,3.197,0.004377,4.948,0.0,0.0,0.0,0.0,0.0,0.0,0.0,0.0,0.0,0.0,0.0,0.0,0.0,0.0,0.0,0.0,vectored,random,2,2026-08-04T23:43:10+00:00
foldedclos_32_4_4_4_0p5_16nm_TT_0V85_25C_1000MHz,foldedclos,data_width=32;terminals_per_leaf=4;num_leaves=4;num_spines=4;oversubscription=0.5,16nm,TT,0.85,25.0,1.0,1000.0,32,4,4,4,0.5,V-2023.12-SP4,13236,13236,0,3101.317699,3101.317699,0.0,0.0,0.0,0.8,0.0,0.0,0,V-2023.12-SP4,11465,11465,0,2825.67,2825.67,0.0,4406.8147,0.6412,0.0,0.0,0.88,-0.08,-2.07,149,V-2023.12-SP3,V-2023.12-SP4,0.7868,1.6509999999999998,0.004299,2.442,2.4377999999999997,2.4377999999999997,0.0,0.0,0.0,0.0,0.0,0.0,0.0,0.0,0.7868,1.6509999999999998,0.004299,2.442,0.0,0.0,0.0,0.0,0.0,0.0,0.0,0.0,0.0,0.0,0.0,0.0,0.0,0.0,0.0,0.0,vectored,fixed_route,2,2026-08-04T23:43:19+00:00
foldedclos_64_8_4_4_1p0_7nm_TT_0V75_25C_1333p33MHz,foldedclos,data_width=64;terminals_per_leaf=8;num_leaves=4;num_spines=4;oversubscription=1.0,7nm,TT,0.75,25.0,0.75,1333.3333333333333,64,8,4,4,1.0,V-2023.12-SP4,102983,102983,0,6423.992047,6423.992047,0.0,0.0,0.0,0.55,0.0,0.0,0,V-2023.12-SP4,91340,91340,0,5831.97,5831.97,0.0,9168.4454,0.6361,0.0,0.0,0.62,-0.07,-5.49,672,V-2023.12-SP3,V-2023.12-SP4,5.382,14.3,0.02493,19.7,19.682000000000002,14.761500000000002,0.0,0.0,0.0,0.0,0.0,0.0,0.0,0.0,5.382,14.3,0.02493,19.7,0.0,0.0,0.0,0.0,0.0,0.0,0.0,0.0,0.0,0.0,0.0,0.0,0.0,0.0,0.0,0.0,unvectored,none,2,2026-08-04T23:52:19+00:00
foldedclos_64_8_4_4_1p0_7nm_TT_0V75_25C_1333p33MHz,foldedclos,data_width=64;terminals_per_leaf=8;num_leaves=4;num_spines=4;oversubscription=1.0,7nm,TT,0.75,25.0,0.75,1333.3333333333333,64,8,4,4,1.0,V-2023.12-SP4,102983,102983,0,6423.992047,6423.992047,0.0,0.0,0.0,0.55,0.0,0.0,0,V-2023.12-SP4,91340,91340,0,5831.97,5831.97,0.0,9168.4454,0.6361,0.0,0.0,0.62,-0.07,-5.49,672,V-2023.12-SP3,V-2023.12-SP4,8.297,20.299999999999997,0.02474,28.7,28.596999999999998,21.44775,0.0,0.0,0.0,0.0,0.0,0.0,0.0,0.0,8.297,20.299999999999997,0.02474,28.7,0.0,0.0,0.0,0.0,0.0,0.0,0.0,0.0,0.0,0.0,0.0,0.0,0.0,0.0,0.0,0.0,vectored,random,2,2026-08-04T23:52:39+00:00
foldedclos_64_8_4_4_1p0_7nm_TT_0V75_25C_1333p33MHz,foldedclos,data_width=64;terminals_per_leaf=8;num_leaves=4;num_spines=4;oversubscription=1.0,7nm,TT,0.75,25.0,0.75,1333.3333333333333,64,8,4,4,1.0,V-2023.12-SP4,102983,102983,0,6423.992047,6423.992047,0.0,0.0,0.0,0.55,0.0,0.0,0,V-2023.12-SP4,91340,91340,0,5831.97,5831.97,0.0,9168.4454,0.6361,0.0,0.0,0.62,-0.07,-5.49,672,V-2023.12-SP3,V-2023.12-SP4,4.14,13.2,0.024470000000000002,17.4,17.34,13.004999999999999,0.0,0.0,0.0,0.0,0.0,0.0,0.0,0.0,4.14,13.2,0.024470000000000002,17.4,0.0,0.0,0.0,0.0,0.0,0.0,0.0,0.0,0.0,0.0,0.0,0.0,0.0,0.0,0.0,0.0,vectored,fixed_route,2,2026-08-04T23:52:57+00:00
foldedclos_32_4_4_4_0p5_16nm_TT_0V85_25C_666p667MHz,foldedclos,data_width=32;terminals_per_leaf=4;num_leaves=4;num_spines=4;oversubscription=0.5,16nm,TT,0.85,25.0,1.5,666.6666666666666,32,4,4,4,0.5,V-2023.12-SP4,13141,13141,0,3084.272703,3084.272703,0.0,0.0,0.0,1.3,0.0,0.0,0,V-2023.12-SP4,11227,11227,0,2735.47,2735.47,0.0,4392.5069,0.6228,0.0,0.0,1.35,-0.05,-0.28,15,V-2023.12-SP3,V-2023.12-SP4,0.8262,1.578,0.004223,2.4090000000000003,2.4042000000000003,3.6063000000000005,0.0,0.0,0.0,0.0,0.0,0.0,0.0,0.0,0.8262,1.578,0.004223,2.4090000000000003,0.0,0.0,0.0,0.0,0.0,0.0,0.0,0.0,0.0,0.0,0.0,0.0,0.0,0.0,0.0,0.0,unvectored,none,2,2026-08-04T23:57:24+00:00
foldedclos_32_4_4_4_0p5_16nm_TT_0V85_25C_666p667MHz,foldedclos,data_width=32;terminals_per_leaf=4;num_leaves=4;num_spines=4;oversubscription=0.5,16nm,TT,0.85,25.0,1.5,666.6666666666666,32,4,4,4,0.5,V-2023.12-SP4,13141,13141,0,3084.272703,3084.272703,0.0,0.0,0.0,1.3,0.0,0.0,0,V-2023.12-SP4,11227,11227,0,2735.47,2735.47,0.0,4392.5069,0.6228,0.0,0.0,1.35,-0.05,-0.28,15,V-2023.12-SP3,V-2023.12-SP4,1.359,2.4099999999999997,0.004159,3.7720000000000002,3.7689999999999997,5.653499999999999,0.0,0.0,0.0,0.0,0.0,0.0,0.0,0.0,1.359,2.4099999999999997,0.004159,3.7720000000000002,0.0,0.0,0.0,0.0,0.0,0.0,0.0,0.0,0.0,0.0,0.0,0.0,0.0,0.0,0.0,0.0,vectored,random,2,2026-08-04T23:57:33+00:00
foldedclos_32_4_4_4_0p5_16nm_TT_0V85_25C_666p667MHz,foldedclos,data_width=32;terminals_per_leaf=4;num_leaves=4;num_spines=4;oversubscription=0.5,16nm,TT,0.85,25.0,1.5,666.6666666666666,32,4,4,4,0.5,V-2023.12-SP4,13141,13141,0,3084.272703,3084.272703,0.0,0.0,0.0,1.3,0.0,0.0,0,V-2023.12-SP4,11227,11227,0,2735.47,2735.47,0.0,4392.5069,0.6228,0.0,0.0,1.35,-0.05,-0.28,15,V-2023.12-SP3,V-2023.12-SP4,0.6072,1.258,0.004076,1.869,1.8652,2.7978,0.0,0.0,0.0,0.0,0.0,0.0,0.0,0.0,0.6072,1.258,0.004076,1.869,0.0,0.0,0.0,0.0,0.0,0.0,0.0,0.0,0.0,0.0,0.0,0.0,0.0,0.0,0.0,0.0,vectored,fixed_route,2,2026-08-04T23:57:42+00:00
foldedclos_32_4_8_4_1p0_7nm_TT_0V75_25C_800MHz,foldedclos,data_width=32;terminals_per_leaf=4;num_leaves=8;num_spines=4;oversubscription=1.0,7nm,TT,0.75,25.0,1.25,800.0,32,4,8,4,1.0,V-2023.12-SP4,57088,57088,0,3527.693554,3527.693554,0.0,0.0,0.0,1.05,0.0,0.0,0,V-2023.12-SP4,45953,45953,0,2913.93,2913.93,0.0,5025.9525,0.5798,0.0,0.0,1.09,-0.04,-0.29,42,V-2023.12-SP3,V-2023.12-SP4,1.941,4.827999999999999,0.01166,6.781,6.768999999999999,8.46125,0.0,0.0,0.0,0.0,0.0,0.0,0.0,0.0,1.941,4.827999999999999,0.01166,6.781,0.0,0.0,0.0,0.0,0.0,0.0,0.0,0.0,0.0,0.0,0.0,0.0,0.0,0.0,0.0,0.0,unvectored,none,2,2026-08-05T00:28:18+00:00
foldedclos_32_4_8_4_1p0_7nm_TT_0V75_25C_800MHz,foldedclos,data_width=32;terminals_per_leaf=4;num_leaves=8;num_spines=4;oversubscription=1.0,7nm,TT,0.75,25.0,1.25,800.0,32,4,8,4,1.0,V-2023.12-SP4,57088,57088,0,3527.693554,3527.693554,0.0,0.0,0.0,1.05,0.0,0.0,0,V-2023.12-SP4,45953,45953,0,2913.93,2913.93,0.0,5025.9525,0.5798,0.0,0.0,1.09,-0.04,-0.29,42,V-2023.12-SP3,V-2023.12-SP4,3.093,6.973,0.01149,10.1,10.065999999999999,12.5825,0.0,0.0,0.0,0.0,0.0,0.0,0.0,0.0,3.093,6.973,0.01149,10.1,0.0,0.0,0.0,0.0,0.0,0.0,0.0,0.0,0.0,0.0,0.0,0.0,0.0,0.0,0.0,0.0,vectored,random,2,2026-08-05T00:28:32+00:00
foldedclos_32_4_8_4_1p0_7nm_TT_0V75_25C_800MHz,foldedclos,data_width=32;terminals_per_leaf=4;num_leaves=8;num_spines=4;oversubscription=1.0,7nm,TT,0.75,25.0,1.25,800.0,32,4,8,4,1.0,V-2023.12-SP4,57088,57088,0,3527.693554,3527.693554,0.0,0.0,0.0,1.05,0.0,0.0,0,V-2023.12-SP4,45953,45953,0,2913.93,2913.93,0.0,5025.9525,0.5798,0.0,0.0,1.09,-0.04,-0.29,42,V-2023.12-SP3,V-2023.12-SP4,1.432,4.158,0.011250000000000001,5.602,5.59,6.9875,0.0,0.0,0.0,0.0,0.0,0.0,0.0,0.0,1.432,4.158,0.011250000000000001,5.602,0.0,0.0,0.0,0.0,0.0,0.0,0.0,0.0,0.0,0.0,0.0,0.0,0.0,0.0,0.0,0.0,vectored,fixed_route,2,2026-08-05T00:28:47+00:00
foldedclos_32_8_4_4_0p5_20nm_TT_0V9_25C_500MHz,foldedclos,data_width=32;terminals_per_leaf=8;num_leaves=4;num_spines=4;oversubscription=0.5,20nm,TT,0.9,25.0,2.0,500.0,32,8,4,4,0.5,V-2023.12-SP4,49514,49514,0,19973.183892,19973.183892,0.0,0.0,0.0,1.8,0.0,0.0,0,V-2023.12-SP4,48652,48652,0,21210.82,21210.82,0.0,28498.1664,0.7443,0.0,0.0,2.01,-0.21,-34.46,752,V-2023.12-SP3,V-2023.12-SP4,2.664,5.695,0.026420000000000003,8.386,8.359,16.718,0.0,0.0,0.0,0.0,0.0,0.0,0.0,0.0,2.664,5.695,0.026420000000000003,8.386,0.0,0.0,0.0,0.0,0.0,0.0,0.0,0.0,0.0,0.0,0.0,0.0,0.0,0.0,0.0,0.0,unvectored,none,2,2026-08-05T01:00:09+00:00
foldedclos_32_8_4_4_0p5_20nm_TT_0V9_25C_500MHz,foldedclos,data_width=32;terminals_per_leaf=8;num_leaves=4;num_spines=4;oversubscription=0.5,20nm,TT,0.9,25.0,2.0,500.0,32,8,4,4,0.5,V-2023.12-SP4,49514,49514,0,19973.183892,19973.183892,0.0,0.0,0.0,1.8,0.0,0.0,0,V-2023.12-SP4,48652,48652,0,21210.82,21210.82,0.0,28498.1664,0.7443,0.0,0.0,2.01,-0.21,-34.46,752,V-2023.12-SP3,V-2023.12-SP4,4.076,8.245000000000001,0.0261,12.3,12.321000000000002,24.642000000000003,0.0,0.0,0.0,0.0,0.0,0.0,0.0,0.0,4.076,8.245000000000001,0.0261,12.3,0.0,0.0,0.0,0.0,0.0,0.0,0.0,0.0,0.0,0.0,0.0,0.0,0.0,0.0,0.0,0.0,vectored,random,2,2026-08-05T01:00:26+00:00
foldedclos_32_8_4_4_0p5_20nm_TT_0V9_25C_500MHz,foldedclos,data_width=32;terminals_per_leaf=8;num_leaves=4;num_spines=4;oversubscription=0.5,20nm,TT,0.9,25.0,2.0,500.0,32,8,4,4,0.5,V-2023.12-SP4,49514,49514,0,19973.183892,19973.183892,0.0,0.0,0.0,1.8,0.0,0.0,0,V-2023.12-SP4,48652,48652,0,21210.82,21210.82,0.0,28498.1664,0.7443,0.0,0.0,2.01,-0.21,-34.46,752,V-2023.12-SP3,V-2023.12-SP4,1.91,4.814,0.02563,6.749,6.724,13.448,0.0,0.0,0.0,0.0,0.0,0.0,0.0,0.0,1.91,4.814,0.02563,6.749,0.0,0.0,0.0,0.0,0.0,0.0,0.0,0.0,0.0,0.0,0.0,0.0,0.0,0.0,0.0,0.0,vectored,fixed_route,2,2026-08-05T01:00:41+00:00
foldedclos_32_8_4_4_0p5_16nm_TT_0V85_25C_800MHz,foldedclos,data_width=32;terminals_per_leaf=8;num_leaves=4;num_spines=4;oversubscription=0.5,16nm,TT,0.85,25.0,1.25,800.0,32,8,4,4,0.5,V-2023.12-SP4,49815,49815,0,11962.59868,11962.59868,0.0,0.0,0.0,1.05,0.0,0.0,0,V-2023.12-SP4,48076,48076,0,12452.98,12452.98,0.0,17011.3997,0.732,0.0,0.0,1.2,-0.15,-51.87,1099,V-2023.12-SP3,V-2023.12-SP4,3.455,7.135,0.02173,10.6,10.59,13.2375,0.0,0.0,0.0,0.0,0.0,0.0,0.0,0.0,3.455,7.135,0.02173,10.6,0.0,0.0,0.0,0.0,0.0,0.0,0.0,0.0,0.0,0.0,0.0,0.0,0.0,0.0,0.0,0.0,unvectored,none,2,2026-08-05T01:24:46+00:00
foldedclos_32_8_4_4_0p5_16nm_TT_0V85_25C_800MHz,foldedclos,data_width=32;terminals_per_leaf=8;num_leaves=4;num_spines=4;oversubscription=0.5,16nm,TT,0.85,25.0,1.25,800.0,32,8,4,4,0.5,V-2023.12-SP4,49815,49815,0,11962.59868,11962.59868,0.0,0.0,0.0,1.05,0.0,0.0,0,V-2023.12-SP4,48076,48076,0,12452.98,12452.98,0.0,17011.3997,0.732,0.0,0.0,1.2,-0.15,-51.87,1099,V-2023.12-SP3,V-2023.12-SP4,5.1659999999999995,10.1,0.021509999999999998,15.299999999999999,15.265999999999998,19.082499999999996,0.0,0.0,0.0,0.0,0.0,0.0,0.0,0.0,5.1659999999999995,10.1,0.021509999999999998,15.299999999999999,0.0,0.0,0.0,0.0,0.0,0.0,0.0,0.0,0.0,0.0,0.0,0.0,0.0,0.0,0.0,0.0,vectored,random,2,2026-08-05T01:25:07+00:00
foldedclos_32_8_4_4_0p5_16nm_TT_0V85_25C_800MHz,foldedclos,data_width=32;terminals_per_leaf=8;num_leaves=4;num_spines=4;oversubscription=0.5,16nm,TT,0.85,25.0,1.25,800.0,32,8,4,4,0.5,V-2023.12-SP4,49815,49815,0,11962.59868,11962.59868,0.0,0.0,0.0,1.05,0.0,0.0,0,V-2023.12-SP4,48076,48076,0,12452.98,12452.98,0.0,17011.3997,0.732,0.0,0.0,1.2,-0.15,-51.87,1099,V-2023.12-SP3,V-2023.12-SP4,2.307,5.808,0.02125,8.136,8.115,10.14375,0.0,0.0,0.0,0.0,0.0,0.0,0.0,0.0,2.307,5.808,0.02125,8.136,0.0,0.0,0.0,0.0,0.0,0.0,0.0,0.0,0.0,0.0,0.0,0.0,0.0,0.0,0.0,0.0,vectored,fixed_route,2,2026-08-05T01:25:29+00:00
foldedclos_32_4_4_4_0p25_20nm_TT_0V9_25C_571p429MHz,foldedclos,data_width=32;terminals_per_leaf=4;num_leaves=4;num_spines=4;oversubscription=0.25,20nm,TT,0.9,25.0,1.75,571.4285714285714,32,4,4,4,0.25,V-2023.12-SP4,13122,13122,0,5058.979173,5058.979173,0.0,0.0,0.0,1.55,0.0,0.0,0,V-2023.12-SP4,11779,11779,0,4808.92,4808.92,0.0,7208.6784,0.6671,0.0,0.0,1.79,-0.24,-0.8,22,V-2023.12-SP3,V-2023.12-SP4,0.8734,1.692,0.005493,2.5709999999999997,2.5654,4.48945,0.0,0.0,0.0,0.0,0.0,0.0,0.0,0.0,0.8734,1.692,0.005493,2.5709999999999997,0.0,0.0,0.0,0.0,0.0,0.0,0.0,0.0,0.0,0.0,0.0,0.0,0.0,0.0,0.0,0.0,unvectored,none,2,2026-08-05T01:46:55+00:00
foldedclos_32_4_4_4_0p25_20nm_TT_0V9_25C_571p429MHz,foldedclos,data_width=32;terminals_per_leaf=4;num_leaves=4;num_spines=4;oversubscription=0.25,20nm,TT,0.9,25.0,1.75,571.4285714285714,32,4,4,4,0.25,V-2023.12-SP4,13122,13122,0,5058.979173,5058.979173,0.0,0.0,0.0,1.55,0.0,0.0,0,V-2023.12-SP4,11779,11779,0,4808.92,4808.92,0.0,7208.6784,0.6671,0.0,0.0,1.79,-0.24,-0.8,22,V-2023.12-SP3,V-2023.12-SP4,1.423,2.564,0.0054210000000000005,3.993,3.987,6.97725,0.0,0.0,0.0,0.0,0.0,0.0,0.0,0.0,1.423,2.564,0.0054210000000000005,3.993,0.0,0.0,0.0,0.0,0.0,0.0,0.0,0.0,0.0,0.0,0.0,0.0,0.0,0.0,0.0,0.0,vectored,random,2,2026-08-05T01:47:11+00:00
foldedclos_32_4_4_4_0p25_20nm_TT_0V9_25C_571p429MHz,foldedclos,data_width=32;terminals_per_leaf=4;num_leaves=4;num_spines=4;oversubscription=0.25,20nm,TT,0.9,25.0,1.75,571.4285714285714,32,4,4,4,0.25,V-2023.12-SP4,13122,13122,0,5058.979173,5058.979173,0.0,0.0,0.0,1.55,0.0,0.0,0,V-2023.12-SP4,11779,11779,0,4808.92,4808.92,0.0,7208.6784,0.6671,0.0,0.0,1.79,-0.24,-0.8,22,V-2023.12-SP3,V-2023.12-SP4,0.6038,1.367,0.005331000000000001,1.976,1.9708,3.4489,0.0,0.0,0.0,0.0,0.0,0.0,0.0,0.0,0.6038,1.367,0.005331000000000001,1.976,0.0,0.0,0.0,0.0,0.0,0.0,0.0,0.0,0.0,0.0,0.0,0.0,0.0,0.0,0.0,0.0,vectored,fixed_route,2,2026-08-05T01:47:22+00:00
foldedclos_64_4_8_4_1p0_7nm_TT_0V75_25C_800MHz,foldedclos,data_width=64;terminals_per_leaf=4;num_leaves=8;num_spines=4;oversubscription=1.0,7nm,TT,0.75,25.0,1.25,800.0,64,4,8,4,1.0,V-2023.12-SP4,107811,107811,0,6613.125093,6613.125093,0.0,0.0,0.0,1.05,0.0,0.0,0,V-2023.12-SP4,87278,87278,0,5496.26,5496.26,0.0,9425.687,0.5831,0.0,0.0,1.12,-0.07,-0.75,49,V-2023.12-SP3,V-2023.12-SP4,3.519,9.256,0.02189,12.8,12.775,15.96875,0.0,0.0,0.0,0.0,0.0,0.0,0.0,0.0,3.519,9.256,0.02189,12.8,0.0,0.0,0.0,0.0,0.0,0.0,0.0,0.0,0.0,0.0,0.0,0.0,0.0,0.0,0.0,0.0,unvectored,none,2,2026-08-05T02:19:48+00:00
foldedclos_64_4_8_4_1p0_7nm_TT_0V75_25C_800MHz,foldedclos,data_width=64;terminals_per_leaf=4;num_leaves=8;num_spines=4;oversubscription=1.0,7nm,TT,0.75,25.0,1.25,800.0,64,4,8,4,1.0,V-2023.12-SP4,107811,107811,0,6613.125093,6613.125093,0.0,0.0,0.0,1.05,0.0,0.0,0,V-2023.12-SP4,87278,87278,0,5496.26,5496.26,0.0,9425.687,0.5831,0.0,0.0,1.12,-0.07,-0.75,49,V-2023.12-SP3,V-2023.12-SP4,5.719,13.6,0.02157,19.400000000000002,19.319,24.14875,0.0,0.0,0.0,0.0,0.0,0.0,0.0,0.0,5.719,13.6,0.02157,19.400000000000002,0.0,0.0,0.0,0.0,0.0,0.0,0.0,0.0,0.0,0.0,0.0,0.0,0.0,0.0,0.0,0.0,vectored,random,2,2026-08-05T02:20:16+00:00
foldedclos_64_4_8_4_1p0_7nm_TT_0V75_25C_800MHz,foldedclos,data_width=64;terminals_per_leaf=4;num_leaves=8;num_spines=4;oversubscription=1.0,7nm,TT,0.75,25.0,1.25,800.0,64,4,8,4,1.0,V-2023.12-SP4,107811,107811,0,6613.125093,6613.125093,0.0,0.0,0.0,1.05,0.0,0.0,0,V-2023.12-SP4,87278,87278,0,5496.26,5496.26,0.0,9425.687,0.5831,0.0,0.0,1.12,-0.07,-0.75,49,V-2023.12-SP3,V-2023.12-SP4,2.657,8.337000000000002,0.021339999999999998,11.0,10.994000000000002,13.742500000000001,0.0,0.0,0.0,0.0,0.0,0.0,0.0,0.0,2.657,8.337000000000002,0.021339999999999998,11.0,0.0,0.0,0.0,0.0,0.0,0.0,0.0,0.0,0.0,0.0,0.0,0.0,0.0,0.0,0.0,0.0,vectored,fixed_route,2,2026-08-05T02:20:45+00:00
foldedclos_64_4_8_4_1p0_7nm_TT_0V75_25C_1333p33MHz,foldedclos,data_width=64;terminals_per_leaf=4;num_leaves=8;num_spines=4;oversubscription=1.0,7nm,TT,0.75,25.0,0.75,1333.3333333333333,64,4,8,4,1.0,V-2023.12-SP4,102983,102983,0,6423.992047,6423.992047,0.0,0.0,0.0,0.55,0.0,0.0,0,V-2023.12-SP4,91340,91340,0,5831.97,5831.97,0.0,9168.4454,0.6361,0.0,0.0,0.62,-0.07,-5.66,705,V-2023.12-SP3,V-2023.12-SP4,5.383,14.3,0.02493,19.7,19.683,14.76225,0.0,0.0,0.0,0.0,0.0,0.0,0.0,0.0,5.383,14.3,0.02493,19.7,0.0,0.0,0.0,0.0,0.0,0.0,0.0,0.0,0.0,0.0,0.0,0.0,0.0,0.0,0.0,0.0,unvectored,none,2,2026-08-05T02:34:00+00:00
foldedclos_64_4_8_4_1p0_7nm_TT_0V75_25C_1333p33MHz,foldedclos,data_width=64;terminals_per_leaf=4;num_leaves=8;num_spines=4;oversubscription=1.0,7nm,TT,0.75,25.0,0.75,1333.3333333333333,64,4,8,4,1.0,V-2023.12-SP4,102983,102983,0,6423.992047,6423.992047,0.0,0.0,0.0,0.55,0.0,0.0,0,V-2023.12-SP4,91340,91340,0,5831.97,5831.97,0.0,9168.4454,0.6361,0.0,0.0,0.62,-0.07,-5.66,705,V-2023.12-SP3,V-2023.12-SP4,8.296,20.299999999999997,0.02474,28.7,28.595999999999997,21.446999999999996,0.0,0.0,0.0,0.0,0.0,0.0,0.0,0.0,8.296,20.299999999999997,0.02474,28.7,0.0,0.0,0.0,0.0,0.0,0.0,0.0,0.0,0.0,0.0,0.0,0.0,0.0,0.0,0.0,0.0,vectored,random,2,2026-08-05T02:34:24+00:00
foldedclos_64_4_8_4_1p0_7nm_TT_0V75_25C_1333p33MHz,foldedclos,data_width=64;terminals_per_leaf=4;num_leaves=8;num_spines=4;oversubscription=1.0,7nm,TT,0.75,25.0,0.75,1333.3333333333333,64,4,8,4,1.0,V-2023.12-SP4,102983,102983,0,6423.992047,6423.992047,0.0,0.0,0.0,0.55,0.0,0.0,0,V-2023.12-SP4,91340,91340,0,5831.97,5831.97,0.0,9168.4454,0.6361,0.0,0.0,0.62,-0.07,-5.66,705,V-2023.12-SP3,V-2023.12-SP4,4.14,13.2,0.024470000000000002,17.4,17.34,13.004999999999999,0.0,0.0,0.0,0.0,0.0,0.0,0.0,0.0,4.14,13.2,0.024470000000000002,17.4,0.0,0.0,0.0,0.0,0.0,0.0,0.0,0.0,0.0,0.0,0.0,0.0,0.0,0.0,0.0,0.0,vectored,fixed_route,2,2026-08-05T02:34:49+00:00
foldedclos_32_8_4_4_0p5_16nm_TT_0V85_25C_571p429MHz,foldedclos,data_width=32;terminals_per_leaf=8;num_leaves=4;num_spines=4;oversubscription=0.5,16nm,TT,0.85,25.0,1.75,571.4285714285714,32,8,4,4,0.5,V-2023.12-SP4,50577,50577,0,12074.884108,12074.884108,0.0,0.0,0.0,1.55,0.0,0.0,0,V-2023.12-SP4,43985,43985,0,11174.55,11174.55,0.0,17247.0436,0.6479,0.0,0.0,1.63,-0.08,-5.64,354,V-2023.12-SP3,V-2023.12-SP4,2.271,5.132000000000001,0.017900000000000003,7.420999999999999,7.4030000000000005,12.955250000000001,0.0,0.0,0.0,0.0,0.0,0.0,0.0,0.0,2.271,5.132000000000001,0.017900000000000003,7.420999999999999,0.0,0.0,0.0,0.0,0.0,0.0,0.0,0.0,0.0,0.0,0.0,0.0,0.0,0.0,0.0,0.0,unvectored,none,2,2026-08-05T03:03:12+00:00
foldedclos_32_8_4_4_0p5_16nm_TT_0V85_25C_571p429MHz,foldedclos,data_width=32;terminals_per_leaf=8;num_leaves=4;num_spines=4;oversubscription=0.5,16nm,TT,0.85,25.0,1.75,571.4285714285714,32,8,4,4,0.5,V-2023.12-SP4,50577,50577,0,12074.884108,12074.884108,0.0,0.0,0.0,1.55,0.0,0.0,0,V-2023.12-SP4,43985,43985,0,11174.55,11174.55,0.0,17247.0436,0.6479,0.0,0.0,1.63,-0.08,-5.64,354,V-2023.12-SP3,V-2023.12-SP4,3.519,7.463,0.01765,11.0,10.982,19.2185,0.0,0.0,0.0,0.0,0.0,0.0,0.0,0.0,3.519,7.463,0.01765,11.0,0.0,0.0,0.0,0.0,0.0,0.0,0.0,0.0,0.0,0.0,0.0,0.0,0.0,0.0,0.0,0.0,vectored,random,2,2026-08-05T03:03:30+00:00
foldedclos_32_8_4_4_0p5_16nm_TT_0V85_25C_571p429MHz,foldedclos,data_width=32;terminals_per_leaf=8;num_leaves=4;num_spines=4;oversubscription=0.5,16nm,TT,0.85,25.0,1.75,571.4285714285714,32,8,4,4,0.5,V-2023.12-SP4,50577,50577,0,12074.884108,12074.884108,0.0,0.0,0.0,1.55,0.0,0.0,0,V-2023.12-SP4,43985,43985,0,11174.55,11174.55,0.0,17247.0436,0.6479,0.0,0.0,1.63,-0.08,-5.64,354,V-2023.12-SP3,V-2023.12-SP4,1.633,4.2459999999999996,0.01735,5.896,5.879,10.28825,0.0,0.0,0.0,0.0,0.0,0.0,0.0,0.0,1.633,4.2459999999999996,0.01735,5.896,0.0,0.0,0.0,0.0,0.0,0.0,0.0,0.0,0.0,0.0,0.0,0.0,0.0,0.0,0.0,0.0,vectored,fixed_route,2,2026-08-05T03:03:49+00:00
foldedclos_32_4_4_4_0p5_7nm_TT_0V75_25C_1333p33MHz,foldedclos,data_width=32;terminals_per_leaf=4;num_leaves=4;num_spines=4;oversubscription=0.5,7nm,TT,0.75,25.0,0.75,1333.3333333333333,32,4,4,4,0.5,V-2023.12-SP4,14964,14964,0,901.458427,901.458427,0.0,0.0,0.0,0.55,0.0,0.0,0,V-2023.12-SP4,11409,11409,0,709.39,709.39,0.0,1282.4986,0.5531,0.0,0.0,0.58,-0.03,-1.25,129,V-2023.12-SP3,V-2023.12-SP4,0.9544,2.155,0.002761,3.113,3.1094,2.3320499999999997,0.0,0.0,0.0,0.0,0.0,0.0,0.0,0.0,0.9544,2.155,0.002761,3.113,0.0,0.0,0.0,0.0,0.0,0.0,0.0,0.0,0.0,0.0,0.0,0.0,0.0,0.0,0.0,0.0,unvectored,none,2,2026-08-05T03:05:47+00:00
foldedclos_32_4_4_4_0p5_7nm_TT_0V75_25C_1333p33MHz,foldedclos,data_width=32;terminals_per_leaf=4;num_leaves=4;num_spines=4;oversubscription=0.5,7nm,TT,0.75,25.0,0.75,1333.3333333333333,32,4,4,4,0.5,V-2023.12-SP4,14964,14964,0,901.458427,901.458427,0.0,0.0,0.0,0.55,0.0,0.0,0,V-2023.12-SP4,11409,11409,0,709.39,709.39,0.0,1282.4986,0.5531,0.0,0.0,0.58,-0.03,-1.25,129,V-2023.12-SP3,V-2023.12-SP4,1.555,3.19,0.0027240000000000003,4.747999999999999,4.745,3.55875,0.0,0.0,0.0,0.0,0.0,0.0,0.0,0.0,1.555,3.19,0.0027240000000000003,4.747999999999999,0.0,0.0,0.0,0.0,0.0,0.0,0.0,0.0,0.0,0.0,0.0,0.0,0.0,0.0,0.0,0.0,vectored,random,2,2026-08-05T03:05:59+00:00
foldedclos_32_4_4_4_0p5_7nm_TT_0V75_25C_1333p33MHz,foldedclos,data_width=32;terminals_per_leaf=4;num_leaves=4;num_spines=4;oversubscription=0.5,7nm,TT,0.75,25.0,0.75,1333.3333333333333,32,4,4,4,0.5,V-2023.12-SP4,14964,14964,0,901.458427,901.458427,0.0,0.0,0.0,0.55,0.0,0.0,0,V-2023.12-SP4,11409,11409,0,709.39,709.39,0.0,1282.4986,0.5531,0.0,0.0,0.58,-0.03,-1.25,129,V-2023.12-SP3,V-2023.12-SP4,0.7161,1.7810000000000001,0.002653,2.5,2.4971,1.8728250000000002,0.0,0.0,0.0,0.0,0.0,0.0,0.0,0.0,0.7161,1.7810000000000001,0.002653,2.5,0.0,0.0,0.0,0.0,0.0,0.0,0.0,0.0,0.0,0.0,0.0,0.0,0.0,0.0,0.0,0.0,vectored,fixed_route,2,2026-08-05T03:06:11+00:00
foldedclos_32_4_4_4_0p25_16nm_TT_0V85_25C_1000MHz,foldedclos,data_width=32;terminals_per_leaf=4;num_leaves=4;num_spines=4;oversubscription=0.25,16nm,TT,0.85,25.0,1.0,1000.0,32,4,4,4,0.25,V-2023.12-SP4,13236,13236,0,3101.317699,3101.317699,0.0,0.0,0.0,0.8,0.0,0.0,0,V-2023.12-SP4,11465,11465,0,2825.67,2825.67,0.0,4406.8147,0.6412,0.0,0.0,0.88,-0.08,-2.01,141,V-2023.12-SP3,V-2023.12-SP4,1.1260000000000001,2.175,0.004423,3.305,3.301,3.301,0.0,0.0,0.0,0.0,0.0,0.0,0.0,0.0,1.1260000000000001,2.175,0.004423,3.305,0.0,0.0,0.0,0.0,0.0,0.0,0.0,0.0,0.0,0.0,0.0,0.0,0.0,0.0,0.0,0.0,unvectored,none,2,2026-08-05T03:26:04+00:00
foldedclos_32_4_4_4_0p25_16nm_TT_0V85_25C_1000MHz,foldedclos,data_width=32;terminals_per_leaf=4;num_leaves=4;num_spines=4;oversubscription=0.25,16nm,TT,0.85,25.0,1.0,1000.0,32,4,4,4,0.25,V-2023.12-SP4,13236,13236,0,3101.317699,3101.317699,0.0,0.0,0.0,0.8,0.0,0.0,0,V-2023.12-SP4,11465,11465,0,2825.67,2825.67,0.0,4406.8147,0.6412,0.0,0.0,0.88,-0.08,-2.01,141,V-2023.12-SP3,V-2023.12-SP4,1.745,3.196,0.004377,4.946,4.941000000000001,4.941000000000001,0.0,0.0,0.0,0.0,0.0,0.0,0.0,0.0,1.745,3.196,0.004377,4.946,0.0,0.0,0.0,0.0,0.0,0.0,0.0,0.0,0.0,0.0,0.0,0.0,0.0,0.0,0.0,0.0,vectored,random,2,2026-08-05T03:26:16+00:00
foldedclos_32_4_4_4_0p25_16nm_TT_0V85_25C_1000MHz,foldedclos,data_width=32;terminals_per_leaf=4;num_leaves=4;num_spines=4;oversubscription=0.25,16nm,TT,0.85,25.0,1.0,1000.0,32,4,4,4,0.25,V-2023.12-SP4,13236,13236,0,3101.317699,3101.317699,0.0,0.0,0.0,0.8,0.0,0.0,0,V-2023.12-SP4,11465,11465,0,2825.67,2825.67,0.0,4406.8147,0.6412,0.0,0.0,0.88,-0.08,-2.01,141,V-2023.12-SP3,V-2023.12-SP4,0.7868,1.65,0.004299,2.441,2.4368,2.4368,0.0,0.0,0.0,0.0,0.0,0.0,0.0,0.0,0.7868,1.65,0.004299,2.441,0.0,0.0,0.0,0.0,0.0,0.0,0.0,0.0,0.0,0.0,0.0,0.0,0.0,0.0,0.0,0.0,vectored,fixed_route,2,2026-08-05T03:26:28+00:00
foldedclos_32_4_4_4_0p5_7nm_TT_0V75_25C_800MHz,foldedclos,data_width=32;terminals_per_leaf=4;num_leaves=4;num_spines=4;oversubscription=0.5,7nm,TT,0.75,25.0,1.25,800.0,32,4,4,4,0.5,V-2023.12-SP4,16281,16281,0,988.275449,988.275449,0.0,0.0,0.0,1.05,0.0,0.0,0,V-2023.12-SP4,12580,12580,0,760.87,760.87,0.0,1410.6033,0.5394,0.0,0.0,1.07,-0.02,-0.29,59,V-2023.12-SP3,V-2023.12-SP4,0.6513,1.464,0.003108,2.118,2.1153,2.644125,0.0,0.0,0.0,0.0,0.0,0.0,0.0,0.0,0.6513,1.464,0.003108,2.118,0.0,0.0,0.0,0.0,0.0,0.0,0.0,0.0,0.0,0.0,0.0,0.0,0.0,0.0,0.0,0.0,unvectored,none,2,2026-08-05T03:33:22+00:00
foldedclos_32_4_4_4_0p5_7nm_TT_0V75_25C_800MHz,foldedclos,data_width=32;terminals_per_leaf=4;num_leaves=4;num_spines=4;oversubscription=0.5,7nm,TT,0.75,25.0,1.25,800.0,32,4,4,4,0.5,V-2023.12-SP4,16281,16281,0,988.275449,988.275449,0.0,0.0,0.0,1.05,0.0,0.0,0,V-2023.12-SP4,12580,12580,0,760.87,760.87,0.0,1410.6033,0.5394,0.0,0.0,1.07,-0.02,-0.29,59,V-2023.12-SP3,V-2023.12-SP4,1.13,2.25,0.00305,3.382,3.38,4.225,0.0,0.0,0.0,0.0,0.0,0.0,0.0,0.0,1.13,2.25,0.00305,3.382,0.0,0.0,0.0,0.0,0.0,0.0,0.0,0.0,0.0,0.0,0.0,0.0,0.0,0.0,0.0,0.0,vectored,random,2,2026-08-05T03:33:33+00:00
foldedclos_32_4_4_4_0p5_7nm_TT_0V75_25C_800MHz,foldedclos,data_width=32;terminals_per_leaf=4;num_leaves=4;num_spines=4;oversubscription=0.5,7nm,TT,0.75,25.0,1.25,800.0,32,4,4,4,0.5,V-2023.12-SP4,16281,16281,0,988.275449,988.275449,0.0,0.0,0.0,1.05,0.0,0.0,0,V-2023.12-SP4,12580,12580,0,760.87,760.87,0.0,1410.6033,0.5394,0.0,0.0,1.07,-0.02,-0.29,59,V-2023.12-SP3,V-2023.12-SP4,0.5096,1.254,0.0030350000000000004,1.766,1.7636,2.2045,0.0,0.0,0.0,0.0,0.0,0.0,0.0,0.0,0.5096,1.254,0.0030350000000000004,1.766,0.0,0.0,0.0,0.0,0.0,0.0,0.0,0.0,0.0,0.0,0.0,0.0,0.0,0.0,0.0,0.0,vectored,fixed_route,2,2026-08-05T03:33:43+00:00
foldedclos_32_4_4_4_0p25_16nm_TT_0V85_25C_666p667MHz,foldedclos,data_width=32;terminals_per_leaf=4;num_leaves=4;num_spines=4;oversubscription=0.25,16nm,TT,0.85,25.0,1.5,666.6666666666666,32,4,4,4,0.25,V-2023.12-SP4,13141,13141,0,3084.272703,3084.272703,0.0,0.0,0.0,1.3,0.0,0.0,0,V-2023.12-SP4,11227,11227,0,2735.47,2735.47,0.0,4392.5069,0.6228,0.0,0.0,1.35,-0.05,-0.28,14,V-2023.12-SP3,V-2023.12-SP4,0.8261,1.577,0.004223,2.408,2.4031,3.6046499999999995,0.0,0.0,0.0,0.0,0.0,0.0,0.0,0.0,0.8261,1.577,0.004223,2.408,0.0,0.0,0.0,0.0,0.0,0.0,0.0,0.0,0.0,0.0,0.0,0.0,0.0,0.0,0.0,0.0,unvectored,none,2,2026-08-05T03:45:47+00:00
foldedclos_32_4_4_4_0p25_16nm_TT_0V85_25C_666p667MHz,foldedclos,data_width=32;terminals_per_leaf=4;num_leaves=4;num_spines=4;oversubscription=0.25,16nm,TT,0.85,25.0,1.5,666.6666666666666,32,4,4,4,0.25,V-2023.12-SP4,13141,13141,0,3084.272703,3084.272703,0.0,0.0,0.0,1.3,0.0,0.0,0,V-2023.12-SP4,11227,11227,0,2735.47,2735.47,0.0,4392.5069,0.6228,0.0,0.0,1.35,-0.05,-0.28,14,V-2023.12-SP3,V-2023.12-SP4,1.359,2.408,0.004159,3.771,3.767,5.6505,0.0,0.0,0.0,0.0,0.0,0.0,0.0,0.0,1.359,2.408,0.004159,3.771,0.0,0.0,0.0,0.0,0.0,0.0,0.0,0.0,0.0,0.0,0.0,0.0,0.0,0.0,0.0,0.0,vectored,random,2,2026-08-05T03:45:57+00:00
foldedclos_32_4_4_4_0p25_16nm_TT_0V85_25C_666p667MHz,foldedclos,data_width=32;terminals_per_leaf=4;num_leaves=4;num_spines=4;oversubscription=0.25,16nm,TT,0.85,25.0,1.5,666.6666666666666,32,4,4,4,0.25,V-2023.12-SP4,13141,13141,0,3084.272703,3084.272703,0.0,0.0,0.0,1.3,0.0,0.0,0,V-2023.12-SP4,11227,11227,0,2735.47,2735.47,0.0,4392.5069,0.6228,0.0,0.0,1.35,-0.05,-0.28,14,V-2023.12-SP3,V-2023.12-SP4,0.6072,1.2570000000000001,0.004076,1.868,1.8642,2.7963,0.0,0.0,0.0,0.0,0.0,0.0,0.0,0.0,0.6072,1.2570000000000001,0.004076,1.868,0.0,0.0,0.0,0.0,0.0,0.0,0.0,0.0,0.0,0.0,0.0,0.0,0.0,0.0,0.0,0.0,vectored,fixed_route,2,2026-08-05T03:46:08+00:00
foldedclos_32_4_8_4_0p5_20nm_TT_0V9_25C_500MHz,foldedclos,data_width=32;terminals_per_leaf=4;num_leaves=8;num_spines=4;oversubscription=0.5,20nm,TT,0.9,25.0,2.0,500.0,32,4,8,4,0.5,V-2023.12-SP4,49514,49514,0,19973.183892,19973.183892,0.0,0.0,0.0,1.8,0.0,0.0,0,V-2023.12-SP4,48652,48652,0,21210.82,21210.82,0.0,28498.1664,0.7443,0.0,0.0,2.02,-0.22,-34.51,741,V-2023.12-SP3,V-2023.12-SP4,2.664,5.695,0.026420000000000003,8.385,8.359,16.718,0.0,0.0,0.0,0.0,0.0,0.0,0.0,0.0,2.664,5.695,0.026420000000000003,8.385,0.0,0.0,0.0,0.0,0.0,0.0,0.0,0.0,0.0,0.0,0.0,0.0,0.0,0.0,0.0,0.0,unvectored,none,2,2026-08-05T04:03:57+00:00
foldedclos_32_4_8_4_0p5_20nm_TT_0V9_25C_500MHz,foldedclos,data_width=32;terminals_per_leaf=4;num_leaves=8;num_spines=4;oversubscription=0.5,20nm,TT,0.9,25.0,2.0,500.0,32,4,8,4,0.5,V-2023.12-SP4,49514,49514,0,19973.183892,19973.183892,0.0,0.0,0.0,1.8,0.0,0.0,0,V-2023.12-SP4,48652,48652,0,21210.82,21210.82,0.0,28498.1664,0.7443,0.0,0.0,2.02,-0.22,-34.51,741,V-2023.12-SP3,V-2023.12-SP4,4.074000000000001,8.24,0.0261,12.3,12.314,24.628,0.0,0.0,0.0,0.0,0.0,0.0,0.0,0.0,4.074000000000001,8.24,0.0261,12.3,0.0,0.0,0.0,0.0,0.0,0.0,0.0,0.0,0.0,0.0,0.0,0.0,0.0,0.0,0.0,0.0,vectored,random,2,2026-08-05T04:04:14+00:00
foldedclos_32_4_8_4_0p5_20nm_TT_0V9_25C_500MHz,foldedclos,data_width=32;terminals_per_leaf=4;num_leaves=8;num_spines=4;oversubscription=0.5,20nm,TT,0.9,25.0,2.0,500.0,32,4,8,4,0.5,V-2023.12-SP4,49514,49514,0,19973.183892,19973.183892,0.0,0.0,0.0,1.8,0.0,0.0,0,V-2023.12-SP4,48652,48652,0,21210.82,21210.82,0.0,28498.1664,0.7443,0.0,0.0,2.02,-0.22,-34.51,741,V-2023.12-SP3,V-2023.12-SP4,1.909,4.813,0.02563,6.747999999999999,6.7219999999999995,13.443999999999999,0.0,0.0,0.0,0.0,0.0,0.0,0.0,0.0,1.909,4.813,0.02563,6.747999999999999,0.0,0.0,0.0,0.0,0.0,0.0,0.0,0.0,0.0,0.0,0.0,0.0,0.0,0.0,0.0,0.0,vectored,fixed_route,2,2026-08-05T04:04:28+00:00
foldedclos_32_8_4_4_0p5_7nm_TT_0V75_25C_1333p33MHz,foldedclos,data_width=32;terminals_per_leaf=8;num_leaves=4;num_spines=4;oversubscription=0.5,7nm,TT,0.75,25.0,0.75,1333.3333333333333,32,8,4,4,0.5,V-2023.12-SP4,55291,55291,0,3438.18316,3438.18316,0.0,0.0,0.0,0.55,0.0,0.0,0,V-2023.12-SP4,45283,45283,0,2934.28,2934.28,0.0,4909.5245,0.5977,0.0,0.0,0.61,-0.06,-7.81,572,V-2023.12-SP3,V-2023.12-SP4,2.823,7.228,0.01196,10.1,10.051,7.53825,0.0,0.0,0.0,0.0,0.0,0.0,0.0,0.0,2.823,7.228,0.01196,10.1,0.0,0.0,0.0,0.0,0.0,0.0,0.0,0.0,0.0,0.0,0.0,0.0,0.0,0.0,0.0,0.0,unvectored,none,2,2026-08-06T12:45:35+00:00
foldedclos_32_8_4_4_0p5_7nm_TT_0V75_25C_1333p33MHz,foldedclos,data_width=32;terminals_per_leaf=8;num_leaves=4;num_spines=4;oversubscription=0.5,7nm,TT,0.75,25.0,0.75,1333.3333333333333,32,8,4,4,0.5,V-2023.12-SP4,55291,55291,0,3438.18316,3438.18316,0.0,0.0,0.0,0.55,0.0,0.0,0,V-2023.12-SP4,45283,45283,0,2934.28,2934.28,0.0,4909.5245,0.5977,0.0,0.0,0.61,-0.06,-7.81,572,V-2023.12-SP3,V-2023.12-SP4,4.31,10.200000000000001,0.01185,14.5,14.510000000000002,10.8825,0.0,0.0,0.0,0.0,0.0,0.0,0.0,0.0,4.31,10.200000000000001,0.01185,14.5,0.0,0.0,0.0,0.0,0.0,0.0,0.0,0.0,0.0,0.0,0.0,0.0,0.0,0.0,0.0,0.0,vectored,random,2,2026-08-06T12:45:59+00:00
foldedclos_32_8_4_4_0p5_7nm_TT_0V75_25C_1333p33MHz,foldedclos,data_width=32;terminals_per_leaf=8;num_leaves=4;num_spines=4;oversubscription=0.5,7nm,TT,0.75,25.0,0.75,1333.3333333333333,32,8,4,4,0.5,V-2023.12-SP4,55291,55291,0,3438.18316,3438.18316,0.0,0.0,0.0,0.55,0.0,0.0,0,V-2023.12-SP4,45283,45283,0,2934.28,2934.28,0.0,4909.5245,0.5977,0.0,0.0,0.61,-0.06,-7.81,572,V-2023.12-SP3,V-2023.12-SP4,2.0300000000000002,6.184,0.0117,8.225,8.214,6.160500000000001,0.0,0.0,0.0,0.0,0.0,0.0,0.0,0.0,2.0300000000000002,6.184,0.0117,8.225,0.0,0.0,0.0,0.0,0.0,0.0,0.0,0.0,0.0,0.0,0.0,0.0,0.0,0.0,0.0,0.0,vectored,fixed_route,2,2026-08-06T12:46:23+00:00
foldedclos_32_8_4_4_0p5_7nm_TT_0V75_25C_800MHz,foldedclos,data_width=32;terminals_per_leaf=8;num_leaves=4;num_spines=4;oversubscription=0.5,7nm,TT,0.75,25.0,1.25,800.0,32,8,4,4,0.5,V-2023.12-SP4,57088,57088,0,3527.693554,3527.693554,0.0,0.0,0.0,1.05,0.0,0.0,0,V-2023.12-SP4,45953,45953,0,2913.93,2913.93,0.0,5025.9525,0.5798,0.0,0.0,1.09,-0.04,-0.34,47,V-2023.12-SP3,V-2023.12-SP4,1.941,4.827999999999999,0.01166,6.779999999999999,6.768999999999999,8.46125,0.0,0.0,0.0,0.0,0.0,0.0,0.0,0.0,1.941,4.827999999999999,0.01166,6.779999999999999,0.0,0.0,0.0,0.0,0.0,0.0,0.0,0.0,0.0,0.0,0.0,0.0,0.0,0.0,0.0,0.0,unvectored,none,2,2026-08-06T14:42:34+00:00
foldedclos_32_8_4_4_0p5_7nm_TT_0V75_25C_800MHz,foldedclos,data_width=32;terminals_per_leaf=8;num_leaves=4;num_spines=4;oversubscription=0.5,7nm,TT,0.75,25.0,1.25,800.0,32,8,4,4,0.5,V-2023.12-SP4,57088,57088,0,3527.693554,3527.693554,0.0,0.0,0.0,1.05,0.0,0.0,0,V-2023.12-SP4,45953,45953,0,2913.93,2913.93,0.0,5025.9525,0.5798,0.0,0.0,1.09,-0.04,-0.34,47,V-2023.12-SP3,V-2023.12-SP4,3.094,6.974,0.01149,10.1,10.068,12.584999999999999,0.0,0.0,0.0,0.0,0.0,0.0,0.0,0.0,3.094,6.974,0.01149,10.1,0.0,0.0,0.0,0.0,0.0,0.0,0.0,0.0,0.0,0.0,0.0,0.0,0.0,0.0,0.0,0.0,vectored,random,2,2026-08-06T14:43:03+00:00
foldedclos_32_8_4_4_0p5_7nm_TT_0V75_25C_800MHz,foldedclos,data_width=32;terminals_per_leaf=8;num_leaves=4;num_spines=4;oversubscription=0.5,7nm,TT,0.75,25.0,1.25,800.0,32,8,4,4,0.5,V-2023.12-SP4,57088,57088,0,3527.693554,3527.693554,0.0,0.0,0.0,1.05,0.0,0.0,0,V-2023.12-SP4,45953,45953,0,2913.93,2913.93,0.0,5025.9525,0.5798,0.0,0.0,1.09,-0.04,-0.34,47,V-2023.12-SP3,V-2023.12-SP4,1.432,4.158,0.011250000000000001,5.602,5.59,6.9875,0.0,0.0,0.0,0.0,0.0,0.0,0.0,0.0,1.432,4.158,0.011250000000000001,5.602,0.0,0.0,0.0,0.0,0.0,0.0,0.0,0.0,0.0,0.0,0.0,0.0,0.0,0.0,0.0,0.0,vectored,fixed_route,2,2026-08-06T14:43:29+00:00
foldedclos_32_4_4_4_0p25_7nm_TT_0V75_25C_1333p33MHz,foldedclos,data_width=32;terminals_per_leaf=4;num_leaves=4;num_spines=4;oversubscription=0.25,7nm,TT,0.75,25.0,0.75,1333.3333333333333,32,4,4,4,0.25,V-2023.12-SP4,14964,14964,0,901.458427,901.458427,0.0,0.0,0.0,0.55,0.0,0.0,0,V-2023.12-SP4,11409,11409,0,709.39,709.39,0.0,1282.4986,0.5531,0.0,0.0,0.57,-0.02,-1.08,133,V-2023.12-SP3,V-2023.12-SP4,0.9544,2.156,0.002761,3.113,3.1104000000000003,2.3328,0.0,0.0,0.0,0.0,0.0,0.0,0.0,0.0,0.9544,2.156,0.002761,3.113,0.0,0.0,0.0,0.0,0.0,0.0,0.0,0.0,0.0,0.0,0.0,0.0,0.0,0.0,0.0,0.0,unvectored,none,2,2026-08-06T15:22:39+00:00
foldedclos_32_4_4_4_0p25_7nm_TT_0V75_25C_1333p33MHz,foldedclos,data_width=32;terminals_per_leaf=4;num_leaves=4;num_spines=4;oversubscription=0.25,7nm,TT,0.75,25.0,0.75,1333.3333333333333,32,4,4,4,0.25,V-2023.12-SP4,14964,14964,0,901.458427,901.458427,0.0,0.0,0.0,0.55,0.0,0.0,0,V-2023.12-SP4,11409,11409,0,709.39,709.39,0.0,1282.4986,0.5531,0.0,0.0,0.57,-0.02,-1.08,133,V-2023.12-SP3,V-2023.12-SP4,1.556,3.19,0.0027240000000000003,4.749,4.746,3.5595000000000003,0.0,0.0,0.0,0.0,0.0,0.0,0.0,0.0,1.556,3.19,0.0027240000000000003,4.749,0.0,0.0,0.0,0.0,0.0,0.0,0.0,0.0,0.0,0.0,0.0,0.0,0.0,0.0,0.0,0.0,vectored,random,2,2026-08-06T15:22:48+00:00
foldedclos_32_4_4_4_0p25_7nm_TT_0V75_25C_1333p33MHz,foldedclos,data_width=32;terminals_per_leaf=4;num_leaves=4;num_spines=4;oversubscription=0.25,7nm,TT,0.75,25.0,0.75,1333.3333333333333,32,4,4,4,0.25,V-2023.12-SP4,14964,14964,0,901.458427,901.458427,0.0,0.0,0.0,0.55,0.0,0.0,0,V-2023.12-SP4,11409,11409,0,709.39,709.39,0.0,1282.4986,0.5531,0.0,0.0,0.57,-0.02,-1.08,133,V-2023.12-SP3,V-2023.12-SP4,0.7162,1.782,0.002653,2.5010000000000003,2.4981999999999998,1.8736499999999998,0.0,0.0,0.0,0.0,0.0,0.0,0.0,0.0,0.7162,1.782,0.002653,2.5010000000000003,0.0,0.0,0.0,0.0,0.0,0.0,0.0,0.0,0.0,0.0,0.0,0.0,0.0,0.0,0.0,0.0,vectored,fixed_route,2,2026-08-06T15:22:57+00:00
foldedclos_32_8_8_4_1p0_16nm_TT_0V85_25C_500MHz,foldedclos,data_width=32;terminals_per_leaf=8;num_leaves=8;num_spines=4;oversubscription=1.0,16nm,TT,0.85,25.0,2.0,500.0,32,8,8,4,1.0,V-2023.12-SP4,192705,192705,0,47038.891389,47038.891389,0.0,0.0,0.0,1.8,0.0,0.0,0,V-2023.12-SP4,186297,186297,0,49142.89,49142.89,0.0,67184.64,0.7315,0.0,0.0,1.95,-0.15,-20.96,836,V-2023.12-SP3,V-2023.12-SP4,8.091,21.6,0.0853,29.7,29.691000000000003,59.382000000000005,0.0,0.0,0.0,0.0,0.0,0.0,0.0,0.0,8.091,21.6,0.0853,29.7,0.0,0.0,0.0,0.0,0.0,0.0,0.0,0.0,0.0,0.0,0.0,0.0,0.0,0.0,0.0,0.0,unvectored,none,2,2026-08-06T15:38:56+00:00
foldedclos_32_8_8_4_1p0_16nm_TT_0V85_25C_500MHz,foldedclos,data_width=32;terminals_per_leaf=8;num_leaves=8;num_spines=4;oversubscription=1.0,16nm,TT,0.85,25.0,2.0,500.0,32,8,8,4,1.0,V-2023.12-SP4,192705,192705,0,47038.891389,47038.891389,0.0,0.0,0.0,1.8,0.0,0.0,0,V-2023.12-SP4,186297,186297,0,49142.89,49142.89,0.0,67184.64,0.7315,0.0,0.0,1.95,-0.15,-20.96,836,V-2023.12-SP3,V-2023.12-SP4,11.5,28.9,0.08438999999999999,40.4,40.4,80.8,0.0,0.0,0.0,0.0,0.0,0.0,0.0,0.0,11.5,28.9,0.08438999999999999,40.4,0.0,0.0,0.0,0.0,0.0,0.0,0.0,0.0,0.0,0.0,0.0,0.0,0.0,0.0,0.0,0.0,vectored,random,2,2026-08-06T15:39:29+00:00
foldedclos_32_8_8_4_1p0_16nm_TT_0V85_25C_500MHz,foldedclos,data_width=32;terminals_per_leaf=8;num_leaves=8;num_spines=4;oversubscription=1.0,16nm,TT,0.85,25.0,2.0,500.0,32,8,8,4,1.0,V-2023.12-SP4,192705,192705,0,47038.891389,47038.891389,0.0,0.0,0.0,1.8,0.0,0.0,0,V-2023.12-SP4,186297,186297,0,49142.89,49142.89,0.0,67184.64,0.7315,0.0,0.0,1.95,-0.15,-20.96,836,V-2023.12-SP3,V-2023.12-SP4,5.981,20.1,0.0836,26.1,26.081000000000003,52.162000000000006,0.0,0.0,0.0,0.0,0.0,0.0,0.0,0.0,5.981,20.1,0.0836,26.1,0.0,0.0,0.0,0.0,0.0,0.0,0.0,0.0,0.0,0.0,0.0,0.0,0.0,0.0,0.0,0.0,vectored,fixed_route,2,2026-08-06T15:40:02+00:00
foldedclos_32_4_4_4_0p25_7nm_TT_0V75_25C_800MHz,foldedclos,data_width=32;terminals_per_leaf=4;num_leaves=4;num_spines=4;oversubscription=0.25,7nm,TT,0.75,25.0,1.25,800.0,32,4,4,4,0.25,V-2023.12-SP4,16281,16281,0,988.275449,988.275449,0.0,0.0,0.0,1.05,0.0,0.0,0,V-2023.12-SP4,12580,12580,0,760.87,760.87,0.0,1410.6033,0.5394,0.0,0.0,1.07,-0.02,-0.22,46,V-2023.12-SP3,V-2023.12-SP4,0.6513,1.464,0.003108,2.1189999999999998,2.1153,2.644125,0.0,0.0,0.0,0.0,0.0,0.0,0.0,0.0,0.6513,1.464,0.003108,2.1189999999999998,0.0,0.0,0.0,0.0,0.0,0.0,0.0,0.0,0.0,0.0,0.0,0.0,0.0,0.0,0.0,0.0,unvectored,none,2,2026-08-06T15:45:51+00:00
foldedclos_32_4_4_4_0p25_7nm_TT_0V75_25C_800MHz,foldedclos,data_width=32;terminals_per_leaf=4;num_leaves=4;num_spines=4;oversubscription=0.25,7nm,TT,0.75,25.0,1.25,800.0,32,4,4,4,0.25,V-2023.12-SP4,16281,16281,0,988.275449,988.275449,0.0,0.0,0.0,1.05,0.0,0.0,0,V-2023.12-SP4,12580,12580,0,760.87,760.87,0.0,1410.6033,0.5394,0.0,0.0,1.07,-0.02,-0.22,46,V-2023.12-SP3,V-2023.12-SP4,1.13,2.25,0.00305,3.383,3.38,4.225,0.0,0.0,0.0,0.0,0.0,0.0,0.0,0.0,1.13,2.25,0.00305,3.383,0.0,0.0,0.0,0.0,0.0,0.0,0.0,0.0,0.0,0.0,0.0,0.0,0.0,0.0,0.0,0.0,vectored,random,2,2026-08-06T15:46:00+00:00
foldedclos_32_4_4_4_0p25_7nm_TT_0V75_25C_800MHz,foldedclos,data_width=32;terminals_per_leaf=4;num_leaves=4;num_spines=4;oversubscription=0.25,7nm,TT,0.75,25.0,1.25,800.0,32,4,4,4,0.25,V-2023.12-SP4,16281,16281,0,988.275449,988.275449,0.0,0.0,0.0,1.05,0.0,0.0,0,V-2023.12-SP4,12580,12580,0,760.87,760.87,0.0,1410.6033,0.5394,0.0,0.0,1.07,-0.02,-0.22,46,V-2023.12-SP3,V-2023.12-SP4,0.5095,1.254,0.0030350000000000004,1.766,1.7635,2.204375,0.0,0.0,0.0,0.0,0.0,0.0,0.0,0.0,0.5095,1.254,0.0030350000000000004,1.766,0.0,0.0,0.0,0.0,0.0,0.0,0.0,0.0,0.0,0.0,0.0,0.0,0.0,0.0,0.0,0.0,vectored,fixed_route,2,2026-08-06T15:46:09+00:00
foldedclos_32_4_8_4_0p5_16nm_TT_0V85_25C_571p429MHz,foldedclos,data_width=32;terminals_per_leaf=4;num_leaves=8;num_spines=4;oversubscription=0.5,16nm,TT,0.85,25.0,1.75,571.4285714285714,32,4,8,4,0.5,V-2023.12-SP4,50577,50577,0,12074.884108,12074.884108,0.0,0.0,0.0,1.55,0.0,0.0,0,V-2023.12-SP4,43985,43985,0,11174.55,11174.55,0.0,17247.0436,0.6479,0.0,0.0,1.63,-0.08,-4.49,288,V-2023.12-SP3,V-2023.12-SP4,2.271,5.132000000000001,0.017900000000000003,7.420000000000001,7.4030000000000005,12.955250000000001,0.0,0.0,0.0,0.0,0.0,0.0,0.0,0.0,2.271,5.132000000000001,0.017900000000000003,7.420000000000001,0.0,0.0,0.0,0.0,0.0,0.0,0.0,0.0,0.0,0.0,0.0,0.0,0.0,0.0,0.0,0.0,unvectored,none,2,2026-08-06T16:28:19+00:00
foldedclos_32_4_8_4_0p5_16nm_TT_0V85_25C_571p429MHz,foldedclos,data_width=32;terminals_per_leaf=4;num_leaves=8;num_spines=4;oversubscription=0.5,16nm,TT,0.85,25.0,1.75,571.4285714285714,32,4,8,4,0.5,V-2023.12-SP4,50577,50577,0,12074.884108,12074.884108,0.0,0.0,0.0,1.55,0.0,0.0,0,V-2023.12-SP4,43985,43985,0,11174.55,11174.55,0.0,17247.0436,0.6479,0.0,0.0,1.63,-0.08,-4.49,288,V-2023.12-SP3,V-2023.12-SP4,3.518,7.460999999999999,0.01765,11.0,10.979,19.21325,0.0,0.0,0.0,0.0,0.0,0.0,0.0,0.0,3.518,7.460999999999999,0.01765,11.0,0.0,0.0,0.0,0.0,0.0,0.0,0.0,0.0,0.0,0.0,0.0,0.0,0.0,0.0,0.0,0.0,vectored,random,2,2026-08-06T16:28:35+00:00
foldedclos_32_4_8_4_0p5_16nm_TT_0V85_25C_571p429MHz,foldedclos,data_width=32;terminals_per_leaf=4;num_leaves=8;num_spines=4;oversubscription=0.5,16nm,TT,0.85,25.0,1.75,571.4285714285714,32,4,8,4,0.5,V-2023.12-SP4,50577,50577,0,12074.884108,12074.884108,0.0,0.0,0.0,1.55,0.0,0.0,0,V-2023.12-SP4,43985,43985,0,11174.55,11174.55,0.0,17247.0436,0.6479,0.0,0.0,1.63,-0.08,-4.49,288,V-2023.12-SP3,V-2023.12-SP4,1.633,4.2459999999999996,0.01735,5.896,5.879,10.28825,0.0,0.0,0.0,0.0,0.0,0.0,0.0,0.0,1.633,4.2459999999999996,0.01735,5.896,0.0,0.0,0.0,0.0,0.0,0.0,0.0,0.0,0.0,0.0,0.0,0.0,0.0,0.0,0.0,0.0,vectored,fixed_route,2,2026-08-06T16:28:51+00:00
foldedclos_32_4_8_4_0p5_16nm_TT_0V85_25C_800MHz,foldedclos,data_width=32;terminals_per_leaf=4;num_leaves=8;num_spines=4;oversubscription=0.5,16nm,TT,0.85,25.0,1.25,800.0,32,4,8,4,0.5,V-2023.12-SP4,49815,49815,0,11962.59868,11962.59868,0.0,0.0,0.0,1.05,0.0,0.0,0,V-2023.12-SP4,48076,48076,0,12452.98,12452.98,0.0,17011.3997,0.732,0.0,0.0,1.19,-0.14,-51.6,1092,V-2023.12-SP3,V-2023.12-SP4,3.455,7.131,0.02173,10.6,10.586,13.2325,0.0,0.0,0.0,0.0,0.0,0.0,0.0,0.0,3.455,7.131,0.02173,10.6,0.0,0.0,0.0,0.0,0.0,0.0,0.0,0.0,0.0,0.0,0.0,0.0,0.0,0.0,0.0,0.0,unvectored,none,2,2026-08-06T16:32:26+00:00
foldedclos_32_4_8_4_0p5_16nm_TT_0V85_25C_800MHz,foldedclos,data_width=32;terminals_per_leaf=4;num_leaves=8;num_spines=4;oversubscription=0.5,16nm,TT,0.85,25.0,1.25,800.0,32,4,8,4,0.5,V-2023.12-SP4,49815,49815,0,11962.59868,11962.59868,0.0,0.0,0.0,1.05,0.0,0.0,0,V-2023.12-SP4,48076,48076,0,12452.98,12452.98,0.0,17011.3997,0.732,0.0,0.0,1.19,-0.14,-51.6,1092,V-2023.12-SP3,V-2023.12-SP4,5.163,10.1,0.021509999999999998,15.299999999999999,15.263,19.07875,0.0,0.0,0.0,0.0,0.0,0.0,0.0,0.0,5.163,10.1,0.021509999999999998,15.299999999999999,0.0,0.0,0.0,0.0,0.0,0.0,0.0,0.0,0.0,0.0,0.0,0.0,0.0,0.0,0.0,0.0,vectored,random,2,2026-08-06T16:32:41+00:00
foldedclos_32_4_8_4_0p5_16nm_TT_0V85_25C_800MHz,foldedclos,data_width=32;terminals_per_leaf=4;num_leaves=8;num_spines=4;oversubscription=0.5,16nm,TT,0.85,25.0,1.25,800.0,32,4,8,4,0.5,V-2023.12-SP4,49815,49815,0,11962.59868,11962.59868,0.0,0.0,0.0,1.05,0.0,0.0,0,V-2023.12-SP4,48076,48076,0,12452.98,12452.98,0.0,17011.3997,0.732,0.0,0.0,1.19,-0.14,-51.6,1092,V-2023.12-SP3,V-2023.12-SP4,2.307,5.804,0.02125,8.132,8.111,10.138750000000002,0.0,0.0,0.0,0.0,0.0,0.0,0.0,0.0,2.307,5.804,0.02125,8.131,0.0,0.0,0.0,0.0,0.0,0.0,0.0,0.0,0.0,0.0,0.0,0.0,0.0,0.0,0.0,0.0,vectored,fixed_route,2,2026-08-06T16:32:58+00:00
foldedclos_32_4_8_4_0p5_7nm_TT_0V75_25C_1333p33MHz,foldedclos,data_width=32;terminals_per_leaf=4;num_leaves=8;num_spines=4;oversubscription=0.5,7nm,TT,0.75,25.0,0.75,1333.3333333333333,32,4,8,4,0.5,V-2023.12-SP4,55291,55291,0,3438.18316,3438.18316,0.0,0.0,0.0,0.55,0.0,0.0,0,V-2023.12-SP4,45283,45283,0,2934.28,2934.28,0.0,4909.5245,0.5977,0.0,0.0,0.61,-0.06,-7.87,582,V-2023.12-SP3,V-2023.12-SP4,2.823,7.229,0.01196,10.1,10.052,7.539,0.0,0.0,0.0,0.0,0.0,0.0,0.0,0.0,2.823,7.229,0.01196,10.1,0.0,0.0,0.0,0.0,0.0,0.0,0.0,0.0,0.0,0.0,0.0,0.0,0.0,0.0,0.0,0.0,unvectored,none,2,2026-08-06T17:08:50+00:00
foldedclos_32_4_8_4_0p5_7nm_TT_0V75_25C_1333p33MHz,foldedclos,data_width=32;terminals_per_leaf=4;num_leaves=8;num_spines=4;oversubscription=0.5,7nm,TT,0.75,25.0,0.75,1333.3333333333333,32,4,8,4,0.5,V-2023.12-SP4,55291,55291,0,3438.18316,3438.18316,0.0,0.0,0.0,0.55,0.0,0.0,0,V-2023.12-SP4,45283,45283,0,2934.28,2934.28,0.0,4909.5245,0.5977,0.0,0.0,0.61,-0.06,-7.87,582,V-2023.12-SP3,V-2023.12-SP4,4.309,10.200000000000001,0.01185,14.5,14.509,10.88175,0.0,0.0,0.0,0.0,0.0,0.0,0.0,0.0,4.309,10.200000000000001,0.01185,14.5,0.0,0.0,0.0,0.0,0.0,0.0,0.0,0.0,0.0,0.0,0.0,0.0,0.0,0.0,0.0,0.0,vectored,random,2,2026-08-06T17:09:02+00:00
foldedclos_32_4_8_4_0p5_7nm_TT_0V75_25C_1333p33MHz,foldedclos,data_width=32;terminals_per_leaf=4;num_leaves=8;num_spines=4;oversubscription=0.5,7nm,TT,0.75,25.0,0.75,1333.3333333333333,32,4,8,4,0.5,V-2023.12-SP4,55291,55291,0,3438.18316,3438.18316,0.0,0.0,0.0,0.55,0.0,0.0,0,V-2023.12-SP4,45283,45283,0,2934.28,2934.28,0.0,4909.5245,0.5977,0.0,0.0,0.61,-0.06,-7.87,582,V-2023.12-SP3,V-2023.12-SP4,2.0300000000000002,6.186,0.0117,8.227,8.216000000000001,6.162000000000001,0.0,0.0,0.0,0.0,0.0,0.0,0.0,0.0,2.0300000000000002,6.186,0.0117,8.227,0.0,0.0,0.0,0.0,0.0,0.0,0.0,0.0,0.0,0.0,0.0,0.0,0.0,0.0,0.0,0.0,vectored,fixed_route,2,2026-08-06T17:09:14+00:00
foldedclos_32_8_8_4_1p0_7nm_TT_0V75_25C_1333p33MHz,foldedclos,data_width=32;terminals_per_leaf=8;num_leaves=8;num_spines=4;oversubscription=1.0,7nm,TT,0.75,25.0,0.75,1333.3333333333333,32,8,8,4,1.0,V-2023.12-SP4,216604,216604,0,13503.829233,13503.829233,0.0,0.0,0.0,0.55,0.0,0.0,0,V-2023.12-SP4,214088,214088,0,14172.69,14172.69,0.0,19283.7658,0.735,0.0,0.0,0.74,-0.19,-230.26,2534,V-2023.12-SP3,V-2023.12-SP4,11.299999999999999,30.4,0.06781000000000001,41.9,41.699999999999996,31.275,0.0,0.0,0.0,0.0,0.0,0.0,0.0,0.0,11.299999999999999,30.4,0.06781000000000001,41.9,0.0,0.0,0.0,0.0,0.0,0.0,0.0,0.0,0.0,0.0,0.0,0.0,0.0,0.0,0.0,0.0,unvectored,none,2,2026-08-06T17:20:48+00:00
foldedclos_32_8_8_4_1p0_7nm_TT_0V75_25C_1333p33MHz,foldedclos,data_width=32;terminals_per_leaf=8;num_leaves=8;num_spines=4;oversubscription=1.0,7nm,TT,0.75,25.0,0.75,1333.3333333333333,32,8,8,4,1.0,V-2023.12-SP4,216604,216604,0,13503.829233,13503.829233,0.0,0.0,0.0,0.55,0.0,0.0,0,V-2023.12-SP4,214088,214088,0,14172.69,14172.69,0.0,19283.7658,0.735,0.0,0.0,0.74,-0.19,-230.26,2534,V-2023.12-SP3,V-2023.12-SP4,16.1,40.9,0.06748,57.1,57.0,42.75,0.0,0.0,0.0,0.0,0.0,0.0,0.0,0.0,16.1,40.9,0.06748,57.1,0.0,0.0,0.0,0.0,0.0,0.0,0.0,0.0,0.0,0.0,0.0,0.0,0.0,0.0,0.0,0.0,vectored,random,2,2026-08-06T17:21:18+00:00
foldedclos_32_8_8_4_1p0_7nm_TT_0V75_25C_1333p33MHz,foldedclos,data_width=32;terminals_per_leaf=8;num_leaves=8;num_spines=4;oversubscription=1.0,7nm,TT,0.75,25.0,0.75,1333.3333333333333,32,8,8,4,1.0,V-2023.12-SP4,216604,216604,0,13503.829233,13503.829233,0.0,0.0,0.0,0.55,0.0,0.0,0,V-2023.12-SP4,214088,214088,0,14172.69,14172.69,0.0,19283.7658,0.735,0.0,0.0,0.74,-0.19,-230.26,2534,V-2023.12-SP3,V-2023.12-SP4,7.655,27.099999999999998,0.06698,34.8,34.754999999999995,26.066249999999997,0.0,0.0,0.0,0.0,0.0,0.0,0.0,0.0,7.655,27.099999999999998,0.06698,34.8,0.0,0.0,0.0,0.0,0.0,0.0,0.0,0.0,0.0,0.0,0.0,0.0,0.0,0.0,0.0,0.0,vectored,fixed_route,2,2026-08-06T17:21:55+00:00
foldedclos_32_4_8_4_0p5_7nm_TT_0V75_25C_800MHz,foldedclos,data_width=32;terminals_per_leaf=4;num_leaves=8;num_spines=4;oversubscription=0.5,7nm,TT,0.75,25.0,1.25,800.0,32,4,8,4,0.5,V-2023.12-SP4,57088,57088,0,3527.693554,3527.693554,0.0,0.0,0.0,1.05,0.0,0.0,0,V-2023.12-SP4,45953,45953,0,2913.93,2913.93,0.0,5025.9525,0.5798,0.0,0.0,1.09,-0.04,-0.34,45,V-2023.12-SP3,V-2023.12-SP4,1.941,4.827999999999999,0.01166,6.781,6.768999999999999,8.46125,0.0,0.0,0.0,0.0,0.0,0.0,0.0,0.0,1.941,4.827999999999999,0.01166,6.781,0.0,0.0,0.0,0.0,0.0,0.0,0.0,0.0,0.0,0.0,0.0,0.0,0.0,0.0,0.0,0.0,unvectored,none,2,2026-08-06T18:20:05+00:00
foldedclos_32_4_8_4_0p5_7nm_TT_0V75_25C_800MHz,foldedclos,data_width=32;terminals_per_leaf=4;num_leaves=8;num_spines=4;oversubscription=0.5,7nm,TT,0.75,25.0,1.25,800.0,32,4,8,4,0.5,V-2023.12-SP4,57088,57088,0,3527.693554,3527.693554,0.0,0.0,0.0,1.05,0.0,0.0,0,V-2023.12-SP4,45953,45953,0,2913.93,2913.93,0.0,5025.9525,0.5798,0.0,0.0,1.09,-0.04,-0.34,45,V-2023.12-SP3,V-2023.12-SP4,3.094,6.9750000000000005,0.01149,10.1,10.069,12.586250000000001,0.0,0.0,0.0,0.0,0.0,0.0,0.0,0.0,3.094,6.9750000000000005,0.01149,10.1,0.0,0.0,0.0,0.0,0.0,0.0,0.0,0.0,0.0,0.0,0.0,0.0,0.0,0.0,0.0,0.0,vectored,random,2,2026-08-06T18:20:20+00:00
foldedclos_32_4_8_4_0p5_7nm_TT_0V75_25C_800MHz,foldedclos,data_width=32;terminals_per_leaf=4;num_leaves=8;num_spines=4;oversubscription=0.5,7nm,TT,0.75,25.0,1.25,800.0,32,4,8,4,0.5,V-2023.12-SP4,57088,57088,0,3527.693554,3527.693554,0.0,0.0,0.0,1.05,0.0,0.0,0,V-2023.12-SP4,45953,45953,0,2913.93,2913.93,0.0,5025.9525,0.5798,0.0,0.0,1.09,-0.04,-0.34,45,V-2023.12-SP3,V-2023.12-SP4,1.432,4.158,0.011250000000000001,5.602,5.59,6.9875,0.0,0.0,0.0,0.0,0.0,0.0,0.0,0.0,1.432,4.158,0.011250000000000001,5.602,0.0,0.0,0.0,0.0,0.0,0.0,0.0,0.0,0.0,0.0,0.0,0.0,0.0,0.0,0.0,0.0,vectored,fixed_route,2,2026-08-06T18:20:36+00:00
foldedclos_32_8_8_4_1p0_7nm_TT_0V75_25C_800MHz,foldedclos,data_width=32;terminals_per_leaf=8;num_leaves=8;num_spines=4;oversubscription=1.0,7nm,TT,0.75,25.0,1.25,800.0,32,8,8,4,1.0,V-2023.12-SP4,227035,227035,0,14208.945363,14208.945363,0.0,0.0,0.0,1.05,0.0,0.0,0,V-2023.12-SP4,190872,190872,0,12083.1,12083.1,0.0,20284.0243,0.5957,0.0,0.0,1.24,-0.19,-159.57,2485,V-2023.12-SP3,V-2023.12-SP4,6.155,20.400000000000002,0.049159999999999995,26.599999999999998,26.555000000000003,33.19375,0.0,0.0,0.0,0.0,0.0,0.0,0.0,0.0,6.155,20.400000000000002,0.049159999999999995,26.599999999999998,0.0,0.0,0.0,0.0,0.0,0.0,0.0,0.0,0.0,0.0,0.0,0.0,0.0,0.0,0.0,0.0,unvectored,none,2,2026-08-06T18:59:00+00:00
foldedclos_32_8_8_4_1p0_7nm_TT_0V75_25C_800MHz,foldedclos,data_width=32;terminals_per_leaf=8;num_leaves=8;num_spines=4;oversubscription=1.0,7nm,TT,0.75,25.0,1.25,800.0,32,8,8,4,1.0,V-2023.12-SP4,227035,227035,0,14208.945363,14208.945363,0.0,0.0,0.0,1.05,0.0,0.0,0,V-2023.12-SP4,190872,190872,0,12083.1,12083.1,0.0,20284.0243,0.5957,0.0,0.0,1.24,-0.19,-159.57,2485,V-2023.12-SP3,V-2023.12-SP4,8.937000000000001,27.3,0.04867,36.2,36.237,45.29625,0.0,0.0,0.0,0.0,0.0,0.0,0.0,0.0,8.937000000000001,27.3,0.04867,36.2,0.0,0.0,0.0,0.0,0.0,0.0,0.0,0.0,0.0,0.0,0.0,0.0,0.0,0.0,0.0,0.0,vectored,random,2,2026-08-06T18:59:32+00:00
foldedclos_32_8_8_4_1p0_7nm_TT_0V75_25C_800MHz,foldedclos,data_width=32;terminals_per_leaf=8;num_leaves=8;num_spines=4;oversubscription=1.0,7nm,TT,0.75,25.0,1.25,800.0,32,8,8,4,1.0,V-2023.12-SP4,227035,227035,0,14208.945363,14208.945363,0.0,0.0,0.0,1.05,0.0,0.0,0,V-2023.12-SP4,190872,190872,0,12083.1,12083.1,0.0,20284.0243,0.5957,0.0,0.0,1.24,-0.19,-159.57,2485,V-2023.12-SP3,V-2023.12-SP4,4.3839999999999995,19.0,0.0482,23.400000000000002,23.384,29.23,0.0,0.0,0.0,0.0,0.0,0.0,0.0,0.0,4.3839999999999995,19.0,0.0482,23.400000000000002,0.0,0.0,0.0,0.0,0.0,0.0,0.0,0.0,0.0,0.0,0.0,0.0,0.0,0.0,0.0,0.0,vectored,fixed_route,2,2026-08-06T19:00:03+00:00
foldedclos_32_8_8_4_1p0_20nm_TT_0V9_25C_400MHz,foldedclos,data_width=32;terminals_per_leaf=8;num_leaves=8;num_spines=4;oversubscription=1.0,20nm,TT,0.9,25.0,2.5,400.0,32,8,8,4,1.0,V-2023.12-SP4,193136,193136,0,79017.100372,79017.100372,0.0,0.0,0.0,2.3,0.0,0.0,0,V-2023.12-SP4,205218,205218,0,96694.75,96694.75,0.0,112607.088,0.8587,0.0,0.0,2.49,-0.19,-24.81,820,V-2023.12-SP3,V-2023.12-SP4,9.821,21.8,0.13369999999999999,31.8,31.621000000000002,79.05250000000001,0.0,0.0,0.0,0.0,0.0,0.0,0.0,0.0,9.821,21.8,0.13369999999999999,31.8,0.0,0.0,0.0,0.0,0.0,0.0,0.0,0.0,0.0,0.0,0.0,0.0,0.0,0.0,0.0,0.0,unvectored,none,2,2026-08-07T02:14:18+00:00
foldedclos_32_8_8_4_1p0_20nm_TT_0V9_25C_400MHz,foldedclos,data_width=32;terminals_per_leaf=8;num_leaves=8;num_spines=4;oversubscription=1.0,20nm,TT,0.9,25.0,2.5,400.0,32,8,8,4,1.0,V-2023.12-SP4,193136,193136,0,79017.100372,79017.100372,0.0,0.0,0.0,2.3,0.0,0.0,0,V-2023.12-SP4,205218,205218,0,96694.75,96694.75,0.0,112607.088,0.8587,0.0,0.0,2.49,-0.19,-24.81,820,V-2023.12-SP3,V-2023.12-SP4,14.0,29.6,0.1326,43.8,43.6,109.0,0.0,0.0,0.0,0.0,0.0,0.0,0.0,0.0,14.0,29.6,0.1326,43.8,0.0,0.0,0.0,0.0,0.0,0.0,0.0,0.0,0.0,0.0,0.0,0.0,0.0,0.0,0.0,0.0,vectored,random,2,2026-08-07T02:14:43+00:00
foldedclos_32_8_8_4_1p0_20nm_TT_0V9_25C_400MHz,foldedclos,data_width=32;terminals_per_leaf=8;num_leaves=8;num_spines=4;oversubscription=1.0,20nm,TT,0.9,25.0,2.5,400.0,32,8,8,4,1.0,V-2023.12-SP4,193136,193136,0,79017.100372,79017.100372,0.0,0.0,0.0,2.3,0.0,0.0,0,V-2023.12-SP4,205218,205218,0,96694.75,96694.75,0.0,112607.088,0.8587,0.0,0.0,2.49,-0.19,-24.81,820,V-2023.12-SP3,V-2023.12-SP4,7.297,19.8,0.1316,27.3,27.097,67.7425,0.0,0.0,0.0,0.0,0.0,0.0,0.0,0.0,7.297,19.8,0.1316,27.3,0.0,0.0,0.0,0.0,0.0,0.0,0.0,0.0,0.0,0.0,0.0,0.0,0.0,0.0,0.0,0.0,vectored,fixed_route,2,2026-08-07T02:15:07+00:00
foldedclos_64_8_4_4_1p0_5nm_TT_0V7_25C_666p667MHz,foldedclos,data_width=64;terminals_per_leaf=8;num_leaves=4;num_spines=4;oversubscription=1.0,5nm,TT,0.7,25.0,1.5,666.6666666666666,64,8,4,4,1.0,V-2023.12-SP4,109697,109697,0,4040.525951,4040.525951,0.0,0.0,0.0,1.3,0.0,0.0,0,V-2023.12-SP4,87693,87693,0,2925.86,2925.86,0.0,5767.3392,0.5073,0.0,0.0,1.47,-0.17,-194.48,2168,V-2023.12-SP3,V-2023.12-SP4,3.318,7.79,0.02209,11.1,11.108,16.662,0.0,0.0,0.0,0.0,0.0,0.0,0.0,0.0,3.318,7.79,0.02209,11.1,0.0,0.0,0.0,0.0,0.0,0.0,0.0,0.0,0.0,0.0,0.0,0.0,0.0,0.0,0.0,0.0,unvectored,none,2,2026-08-08T00:22:53+00:00
foldedclos_64_8_4_4_1p0_5nm_TT_0V7_25C_666p667MHz,foldedclos,data_width=64;terminals_per_leaf=8;num_leaves=4;num_spines=4;oversubscription=1.0,5nm,TT,0.7,25.0,1.5,666.6666666666666,64,8,4,4,1.0,V-2023.12-SP4,109697,109697,0,4040.525951,4040.525951,0.0,0.0,0.0,1.3,0.0,0.0,0,V-2023.12-SP4,87693,87693,0,2925.86,2925.86,0.0,5767.3392,0.5073,0.0,0.0,1.47,-0.17,-194.48,2168,V-2023.12-SP3,V-2023.12-SP4,5.489,11.799999999999999,0.021650000000000003,17.3,17.288999999999998,25.933499999999995,0.0,0.0,0.0,0.0,0.0,0.0,0.0,0.0,5.489,11.799999999999999,0.021650000000000003,17.3,0.0,0.0,0.0,0.0,0.0,0.0,0.0,0.0,0.0,0.0,0.0,0.0,0.0,0.0,0.0,0.0,vectored,random,2,2026-08-08T00:23:13+00:00
foldedclos_64_8_4_4_1p0_5nm_TT_0V7_25C_666p667MHz,foldedclos,data_width=64;terminals_per_leaf=8;num_leaves=4;num_spines=4;oversubscription=1.0,5nm,TT,0.7,25.0,1.5,666.6666666666666,64,8,4,4,1.0,V-2023.12-SP4,109697,109697,0,4040.525951,4040.525951,0.0,0.0,0.0,1.3,0.0,0.0,0,V-2023.12-SP4,87693,87693,0,2925.86,2925.86,0.0,5767.3392,0.5073,0.0,0.0,1.47,-0.17,-194.48,2168,V-2023.12-SP3,V-2023.12-SP4,2.657,6.842,0.02116,9.520000000000001,9.498999999999999,14.248499999999998,0.0,0.0,0.0,0.0,0.0,0.0,0.0,0.0,2.657,6.842,0.02116,9.520000000000001,0.0,0.0,0.0,0.0,0.0,0.0,0.0,0.0,0.0,0.0,0.0,0.0,0.0,0.0,0.0,0.0,vectored,fixed_route,2,2026-08-08T00:23:34+00:00
foldedclos_64_4_8_4_1p0_5nm_TT_0V7_25C_571p429MHz,foldedclos,data_width=64;terminals_per_leaf=4;num_leaves=8;num_spines=4;oversubscription=1.0,5nm,TT,0.7,25.0,1.75,571.4285714285714,64,4,8,4,1.0,V-2023.12-SP4,59793,59793,0,2236.046359,2236.046359,0.0,0.0,0.0,1.55,0.0,0.0,0,V-2023.12-SP4,58501,58501,0,2203.67,2203.67,0.0,3189.312,0.691,0.0,0.0,1.57,-0.02,-0.27,43,V-2023.12-SP3,V-2023.12-SP4,1.875,4.1000000000000005,0.015000000000000001,5.991,5.9750000000000005,10.45625,0.0,0.0,0.0,0.0,0.0,0.0,0.0,0.0,1.875,4.1000000000000005,0.015000000000000001,5.991,0.0,0.0,0.0,0.0,0.0,0.0,0.0,0.0,0.0,0.0,0.0,0.0,0.0,0.0,0.0,0.0,unvectored,none,2,2026-08-08T02:19:33+00:00
foldedclos_64_4_8_4_1p0_5nm_TT_0V7_25C_571p429MHz,foldedclos,data_width=64;terminals_per_leaf=4;num_leaves=8;num_spines=4;oversubscription=1.0,5nm,TT,0.7,25.0,1.75,571.4285714285714,64,4,8,4,1.0,V-2023.12-SP4,59793,59793,0,2236.046359,2236.046359,0.0,0.0,0.0,1.55,0.0,0.0,0,V-2023.12-SP4,58501,58501,0,2203.67,2203.67,0.0,3189.312,0.691,0.0,0.0,1.57,-0.02,-0.27,43,V-2023.12-SP3,V-2023.12-SP4,3.048,6.195,0.014769999999999998,9.258000000000001,9.243,16.175250000000002,0.0,0.0,0.0,0.0,0.0,0.0,0.0,0.0,3.048,6.195,0.014769999999999998,9.258000000000001,0.0,0.0,0.0,0.0,0.0,0.0,0.0,0.0,0.0,0.0,0.0,0.0,0.0,0.0,0.0,0.0,vectored,random,2,2026-08-08T02:19:53+00:00
foldedclos_64_4_8_4_1p0_5nm_TT_0V7_25C_571p429MHz,foldedclos,data_width=64;terminals_per_leaf=4;num_leaves=8;num_spines=4;oversubscription=1.0,5nm,TT,0.7,25.0,1.75,571.4285714285714,64,4,8,4,1.0,V-2023.12-SP4,59793,59793,0,2236.046359,2236.046359,0.0,0.0,0.0,1.55,0.0,0.0,0,V-2023.12-SP4,58501,58501,0,2203.67,2203.67,0.0,3189.312,0.691,0.0,0.0,1.57,-0.02,-0.27,43,V-2023.12-SP3,V-2023.12-SP4,1.52,3.35,0.0145,4.884,4.87,8.5225,0.0,0.0,0.0,0.0,0.0,0.0,0.0,0.0,1.52,3.35,0.0145,4.884,0.0,0.0,0.0,0.0,0.0,0.0,0.0,0.0,0.0,0.0,0.0,0.0,0.0,0.0,0.0,0.0,vectored,fixed_route,2,2026-08-08T02:20:19+00:00
foldedclos_32_8_8_4_1p0_5nm_TT_0V7_25C_444p444MHz,foldedclos,data_width=32;terminals_per_leaf=8;num_leaves=8;num_spines=4;oversubscription=1.0,5nm,TT,0.7,25.0,2.25,444.44444444444446,32,8,8,4,1.0,V-2023.12-SP4,257864,257864,0,9578.813893,9578.813893,0.0,0.0,0.0,2.05,0.0,0.0,0,V-2023.12-SP4,207001,207001,0,6780.73,6780.73,0.0,13674.7296,0.4959,0.0,0.0,2.06,-0.01,-0.01,1,V-2023.12-SP3,V-2023.12-SP4,3.711,11.6,0.05178,15.4,15.311,34.44975,0.0,0.0,0.0,0.0,0.0,0.0,0.0,0.0,3.711,11.6,0.05178,15.4,0.0,0.0,0.0,0.0,0.0,0.0,0.0,0.0,0.0,0.0,0.0,0.0,0.0,0.0,0.0,0.0,unvectored,none,2,2026-08-08T04:51:02+00:00
foldedclos_32_8_8_4_1p0_5nm_TT_0V7_25C_444p444MHz,foldedclos,data_width=32;terminals_per_leaf=8;num_leaves=8;num_spines=4;oversubscription=1.0,5nm,TT,0.7,25.0,2.25,444.44444444444446,32,8,8,4,1.0,V-2023.12-SP4,257864,257864,0,9578.813893,9578.813893,0.0,0.0,0.0,2.05,0.0,0.0,0,V-2023.12-SP4,207001,207001,0,6780.73,6780.73,0.0,13674.7296,0.4959,0.0,0.0,2.06,-0.01,-0.01,1,V-2023.12-SP3,V-2023.12-SP4,5.58,16.0,0.0511,21.6,21.58,48.55499999999999,0.0,0.0,0.0,0.0,0.0,0.0,0.0,0.0,5.58,16.0,0.0511,21.6,0.0,0.0,0.0,0.0,0.0,0.0,0.0,0.0,0.0,0.0,0.0,0.0,0.0,0.0,0.0,0.0,vectored,random,2,2026-08-08T04:51:32+00:00
foldedclos_32_8_8_4_1p0_5nm_TT_0V7_25C_444p444MHz,foldedclos,data_width=32;terminals_per_leaf=8;num_leaves=8;num_spines=4;oversubscription=1.0,5nm,TT,0.7,25.0,2.25,444.44444444444446,32,8,8,4,1.0,V-2023.12-SP4,257864,257864,0,9578.813893,9578.813893,0.0,0.0,0.0,2.05,0.0,0.0,0,V-2023.12-SP4,207001,207001,0,6780.73,6780.73,0.0,13674.7296,0.4959,0.0,0.0,2.06,-0.01,-0.01,1,V-2023.12-SP3,V-2023.12-SP4,2.886,11.1,0.05034,14.0,13.986,31.468500000000002,0.0,0.0,0.0,0.0,0.0,0.0,0.0,0.0,2.886,11.1,0.05034,14.0,0.0,0.0,0.0,0.0,0.0,0.0,0.0,0.0,0.0,0.0,0.0,0.0,0.0,0.0,0.0,0.0,vectored,fixed_route,2,2026-08-08T04:52:01+00:00
foldedclos_32_8_4_4_1p0_10nm_TT_0V8_25C_666p667MHz,foldedclos,data_width=32;terminals_per_leaf=8;num_leaves=4;num_spines=4;oversubscription=1.0,10nm,TT,0.8,25.0,1.5,666.6666666666666,32,8,4,4,1.0,V-2023.12-SP4,56510,56510,0,6604.799976,6604.799976,0.0,0.0,0.0,1.3,0.0,0.0,0,V-2023.12-SP4,46380,46380,0,5557.13,5557.13,0.0,9398.1082,0.5913,0.0,0.0,1.32,-0.02,-0.06,7,V-2023.12-SP3,V-2023.12-SP4,2.1350000000000002,5.138,0.01582,7.288,7.273,10.9095,0.0,0.0,0.0,0.0,0.0,0.0,0.0,0.0,2.1350000000000002,5.138,0.01582,7.288,0.0,0.0,0.0,0.0,0.0,0.0,0.0,0.0,0.0,0.0,0.0,0.0,0.0,0.0,0.0,0.0,unvectored,none,2,2026-08-08T08:15:09+00:00
foldedclos_32_8_4_4_1p0_10nm_TT_0V8_25C_666p667MHz,foldedclos,data_width=32;terminals_per_leaf=8;num_leaves=4;num_spines=4;oversubscription=1.0,10nm,TT,0.8,25.0,1.5,666.6666666666666,32,8,4,4,1.0,V-2023.12-SP4,56510,56510,0,6604.799976,6604.799976,0.0,0.0,0.0,1.3,0.0,0.0,0,V-2023.12-SP4,46380,46380,0,5557.13,5557.13,0.0,9398.1082,0.5913,0.0,0.0,1.32,-0.02,-0.06,7,V-2023.12-SP3,V-2023.12-SP4,3.404,7.463,0.015560000000000001,10.9,10.867,16.3005,0.0,0.0,0.0,0.0,0.0,0.0,0.0,0.0,3.404,7.463,0.015560000000000001,10.9,0.0,0.0,0.0,0.0,0.0,0.0,0.0,0.0,0.0,0.0,0.0,0.0,0.0,0.0,0.0,0.0,vectored,random,2,2026-08-08T08:15:21+00:00
foldedclos_32_8_4_4_1p0_10nm_TT_0V8_25C_666p667MHz,foldedclos,data_width=32;terminals_per_leaf=8;num_leaves=4;num_spines=4;oversubscription=1.0,10nm,TT,0.8,25.0,1.5,666.6666666666666,32,8,4,4,1.0,V-2023.12-SP4,56510,56510,0,6604.799976,6604.799976,0.0,0.0,0.0,1.3,0.0,0.0,0,V-2023.12-SP4,46380,46380,0,5557.13,5557.13,0.0,9398.1082,0.5913,0.0,0.0,1.32,-0.02,-0.06,7,V-2023.12-SP3,V-2023.12-SP4,1.618,4.524,0.0152,6.157,6.142,9.213000000000001,0.0,0.0,0.0,0.0,0.0,0.0,0.0,0.0,1.618,4.524,0.0152,6.157,0.0,0.0,0.0,0.0,0.0,0.0,0.0,0.0,0.0,0.0,0.0,0.0,0.0,0.0,0.0,0.0,vectored,fixed_route,2,2026-08-08T08:15:33+00:00
foldedclos_32_4_8_4_1p0_10nm_TT_0V8_25C_666p667MHz,foldedclos,data_width=32;terminals_per_leaf=4;num_leaves=8;num_spines=4;oversubscription=1.0,10nm,TT,0.8,25.0,1.5,666.6666666666666,32,4,8,4,1.0,V-2023.12-SP4,56510,56510,0,6604.799976,6604.799976,0.0,0.0,0.0,1.3,0.0,0.0,0,V-2023.12-SP4,46380,46380,0,5557.13,5557.13,0.0,9398.1082,0.5913,0.0,0.0,1.32,-0.02,-0.08,8,V-2023.12-SP3,V-2023.12-SP4,2.1350000000000002,5.138,0.01582,7.289000000000001,7.273,10.9095,0.0,0.0,0.0,0.0,0.0,0.0,0.0,0.0,2.1350000000000002,5.138,0.01582,7.289000000000001,0.0,0.0,0.0,0.0,0.0,0.0,0.0,0.0,0.0,0.0,0.0,0.0,0.0,0.0,0.0,0.0,unvectored,none,2,2026-08-08T09:02:41+00:00
foldedclos_32_4_8_4_1p0_10nm_TT_0V8_25C_666p667MHz,foldedclos,data_width=32;terminals_per_leaf=4;num_leaves=8;num_spines=4;oversubscription=1.0,10nm,TT,0.8,25.0,1.5,666.6666666666666,32,4,8,4,1.0,V-2023.12-SP4,56510,56510,0,6604.799976,6604.799976,0.0,0.0,0.0,1.3,0.0,0.0,0,V-2023.12-SP4,46380,46380,0,5557.13,5557.13,0.0,9398.1082,0.5913,0.0,0.0,1.32,-0.02,-0.08,8,V-2023.12-SP3,V-2023.12-SP4,3.403,7.463,0.015560000000000001,10.9,10.866,16.299,0.0,0.0,0.0,0.0,0.0,0.0,0.0,0.0,3.403,7.463,0.015560000000000001,10.9,0.0,0.0,0.0,0.0,0.0,0.0,0.0,0.0,0.0,0.0,0.0,0.0,0.0,0.0,0.0,0.0,vectored,random,2,2026-08-08T09:02:52+00:00
foldedclos_32_4_8_4_1p0_10nm_TT_0V8_25C_666p667MHz,foldedclos,data_width=32;terminals_per_leaf=4;num_leaves=8;num_spines=4;oversubscription=1.0,10nm,TT,0.8,25.0,1.5,666.6666666666666,32,4,8,4,1.0,V-2023.12-SP4,56510,56510,0,6604.799976,6604.799976,0.0,0.0,0.0,1.3,0.0,0.0,0,V-2023.12-SP4,46380,46380,0,5557.13,5557.13,0.0,9398.1082,0.5913,0.0,0.0,1.32,-0.02,-0.08,8,V-2023.12-SP3,V-2023.12-SP4,1.618,4.524,0.0152,6.157,6.142,9.213000000000001,0.0,0.0,0.0,0.0,0.0,0.0,0.0,0.0,1.618,4.524,0.0152,6.157,0.0,0.0,0.0,0.0,0.0,0.0,0.0,0.0,0.0,0.0,0.0,0.0,0.0,0.0,0.0,0.0,vectored,fixed_route,2,2026-08-08T09:03:03+00:00
foldedclos_32_8_4_4_0p5_10nm_TT_0V8_25C_666p667MHz,foldedclos,data_width=32;terminals_per_leaf=8;num_leaves=4;num_spines=4;oversubscription=0.5,10nm,TT,0.8,25.0,1.5,666.6666666666666,32,8,4,4,0.5,V-2023.12-SP4,56510,56510,0,6604.799976,6604.799976,0.0,0.0,0.0,1.3,0.0,0.0,0,V-2023.12-SP4,46380,46380,0,5557.13,5557.13,0.0,9398.1082,0.5913,0.0,0.0,1.32,-0.02,-0.08,10,V-2023.12-SP3,V-2023.12-SP4,2.1350000000000002,5.139,0.01582,7.289000000000001,7.274000000000001,10.911000000000001,0.0,0.0,0.0,0.0,0.0,0.0,0.0,0.0,2.1350000000000002,5.139,0.01582,7.289000000000001,0.0,0.0,0.0,0.0,0.0,0.0,0.0,0.0,0.0,0.0,0.0,0.0,0.0,0.0,0.0,0.0,unvectored,none,2,2026-08-08T12:14:21+00:00
foldedclos_32_8_4_4_0p5_10nm_TT_0V8_25C_666p667MHz,foldedclos,data_width=32;terminals_per_leaf=8;num_leaves=4;num_spines=4;oversubscription=0.5,10nm,TT,0.8,25.0,1.5,666.6666666666666,32,8,4,4,0.5,V-2023.12-SP4,56510,56510,0,6604.799976,6604.799976,0.0,0.0,0.0,1.3,0.0,0.0,0,V-2023.12-SP4,46380,46380,0,5557.13,5557.13,0.0,9398.1082,0.5913,0.0,0.0,1.32,-0.02,-0.08,10,V-2023.12-SP3,V-2023.12-SP4,3.403,7.464,0.015560000000000001,10.9,10.867,16.3005,0.0,0.0,0.0,0.0,0.0,0.0,0.0,0.0,3.403,7.464,0.015560000000000001,10.9,0.0,0.0,0.0,0.0,0.0,0.0,0.0,0.0,0.0,0.0,0.0,0.0,0.0,0.0,0.0,0.0,vectored,random,2,2026-08-08T12:14:40+00:00
foldedclos_32_8_4_4_0p5_10nm_TT_0V8_25C_666p667MHz,foldedclos,data_width=32;terminals_per_leaf=8;num_leaves=4;num_spines=4;oversubscription=0.5,10nm,TT,0.8,25.0,1.5,666.6666666666666,32,8,4,4,0.5,V-2023.12-SP4,56510,56510,0,6604.799976,6604.799976,0.0,0.0,0.0,1.3,0.0,0.0,0,V-2023.12-SP4,46380,46380,0,5557.13,5557.13,0.0,9398.1082,0.5913,0.0,0.0,1.32,-0.02,-0.08,10,V-2023.12-SP3,V-2023.12-SP4,1.618,4.525,0.0152,6.157,6.143000000000001,9.214500000000001,0.0,0.0,0.0,0.0,0.0,0.0,0.0,0.0,1.618,4.525,0.0152,6.157,0.0,0.0,0.0,0.0,0.0,0.0,0.0,0.0,0.0,0.0,0.0,0.0,0.0,0.0,0.0,0.0,vectored,fixed_route,2,2026-08-08T12:14:58+00:00
foldedclos_32_4_8_4_0p5_10nm_TT_0V8_25C_666p667MHz,foldedclos,data_width=32;terminals_per_leaf=4;num_leaves=8;num_spines=4;oversubscription=0.5,10nm,TT,0.8,25.0,1.5,666.6666666666666,32,4,8,4,0.5,V-2023.12-SP4,56510,56510,0,6604.799976,6604.799976,0.0,0.0,0.0,1.3,0.0,0.0,0,V-2023.12-SP4,46380,46380,0,5557.13,5557.13,0.0,9398.1082,0.5913,0.0,0.0,1.32,-0.02,-0.08,9,V-2023.12-SP3,V-2023.12-SP4,2.1350000000000002,5.14,0.01582,7.29,7.275,10.912500000000001,0.0,0.0,0.0,0.0,0.0,0.0,0.0,0.0,2.1350000000000002,5.14,0.01582,7.29,0.0,0.0,0.0,0.0,0.0,0.0,0.0,0.0,0.0,0.0,0.0,0.0,0.0,0.0,0.0,0.0,unvectored,none,2,2026-08-08T13:15:12+00:00
foldedclos_32_4_8_4_0p5_10nm_TT_0V8_25C_666p667MHz,foldedclos,data_width=32;terminals_per_leaf=4;num_leaves=8;num_spines=4;oversubscription=0.5,10nm,TT,0.8,25.0,1.5,666.6666666666666,32,4,8,4,0.5,V-2023.12-SP4,56510,56510,0,6604.799976,6604.799976,0.0,0.0,0.0,1.3,0.0,0.0,0,V-2023.12-SP4,46380,46380,0,5557.13,5557.13,0.0,9398.1082,0.5913,0.0,0.0,1.32,-0.02,-0.08,9,V-2023.12-SP3,V-2023.12-SP4,3.402,7.462,0.015560000000000001,10.9,10.864,16.296,0.0,0.0,0.0,0.0,0.0,0.0,0.0,0.0,3.402,7.462,0.015560000000000001,10.9,0.0,0.0,0.0,0.0,0.0,0.0,0.0,0.0,0.0,0.0,0.0,0.0,0.0,0.0,0.0,0.0,vectored,random,2,2026-08-08T13:15:30+00:00
foldedclos_32_4_8_4_0p5_10nm_TT_0V8_25C_666p667MHz,foldedclos,data_width=32;terminals_per_leaf=4;num_leaves=8;num_spines=4;oversubscription=0.5,10nm,TT,0.8,25.0,1.5,666.6666666666666,32,4,8,4,0.5,V-2023.12-SP4,56510,56510,0,6604.799976,6604.799976,0.0,0.0,0.0,1.3,0.0,0.0,0,V-2023.12-SP4,46380,46380,0,5557.13,5557.13,0.0,9398.1082,0.5913,0.0,0.0,1.32,-0.02,-0.08,9,V-2023.12-SP3,V-2023.12-SP4,1.618,4.525,0.0152,6.158,6.143000000000001,9.214500000000001,0.0,0.0,0.0,0.0,0.0,0.0,0.0,0.0,1.618,4.525,0.0152,6.158,0.0,0.0,0.0,0.0,0.0,0.0,0.0,0.0,0.0,0.0,0.0,0.0,0.0,0.0,0.0,0.0,vectored,fixed_route,2,2026-08-08T13:15:45+00:00
foldedclos_32_4_4_2_1p0_20nm_TT_0V9_25C_400MHz,foldedclos,data_width=32;terminals_per_leaf=4;num_leaves=4;num_spines=2;oversubscription=1.0,20nm,TT,0.9,25.0,2.5,400.0,32,4,4,2,1.0,V-2023.12-SP4,12767,12767,0,5018.428773,5018.428773,0.0,0.0,0.0,2.3,0.0,0.0,0,V-2023.12-SP4,11247,11247,0,4720.64,4720.64,0.0,7107.408,0.6642,0.0,0.0,2.38,-0.08,-0.27,9,V-2023.12-SP3,V-2023.12-SP4,0.6056,1.167,0.0053809999999999995,1.778,1.7726000000000002,4.431500000000001,0.0,0.0,0.0,0.0,0.0,0.0,0.0,0.0,0.6056,1.167,0.0053809999999999995,1.778,0.0,0.0,0.0,0.0,0.0,0.0,0.0,0.0,0.0,0.0,0.0,0.0,0.0,0.0,0.0,0.0,unvectored,none,2,2026-08-08T14:15:07+00:00
foldedclos_32_4_4_2_1p0_20nm_TT_0V9_25C_400MHz,foldedclos,data_width=32;terminals_per_leaf=4;num_leaves=4;num_spines=2;oversubscription=1.0,20nm,TT,0.9,25.0,2.5,400.0,32,4,4,2,1.0,V-2023.12-SP4,12767,12767,0,5018.428773,5018.428773,0.0,0.0,0.0,2.3,0.0,0.0,0,V-2023.12-SP4,11247,11247,0,4720.64,4720.64,0.0,7107.408,0.6642,0.0,0.0,2.38,-0.08,-0.27,9,V-2023.12-SP3,V-2023.12-SP4,1.0230000000000001,1.845,0.005308,2.873,2.8680000000000003,7.170000000000001,0.0,0.0,0.0,0.0,0.0,0.0,0.0,0.0,1.0230000000000001,1.845,0.005308,2.873,0.0,0.0,0.0,0.0,0.0,0.0,0.0,0.0,0.0,0.0,0.0,0.0,0.0,0.0,0.0,0.0,vectored,random,2,2026-08-08T14:15:18+00:00
foldedclos_32_4_4_2_1p0_20nm_TT_0V9_25C_400MHz,foldedclos,data_width=32;terminals_per_leaf=4;num_leaves=4;num_spines=2;oversubscription=1.0,20nm,TT,0.9,25.0,2.5,400.0,32,4,4,2,1.0,V-2023.12-SP4,12767,12767,0,5018.428773,5018.428773,0.0,0.0,0.0,2.3,0.0,0.0,0,V-2023.12-SP4,11247,11247,0,4720.64,4720.64,0.0,7107.408,0.6642,0.0,0.0,2.38,-0.08,-0.27,9,V-2023.12-SP3,V-2023.12-SP4,0.449,0.939,0.005195,1.393,1.388,3.4699999999999998,0.0,0.0,0.0,0.0,0.0,0.0,0.0,0.0,0.449,0.939,0.005195,1.393,0.0,0.0,0.0,0.0,0.0,0.0,0.0,0.0,0.0,0.0,0.0,0.0,0.0,0.0,0.0,0.0,vectored,fixed_route,2,2026-08-08T14:15:32+00:00
foldedclos_32_4_4_4_1p0_20nm_TT_0V9_25C_400MHz,foldedclos,data_width=32;terminals_per_leaf=4;num_leaves=4;num_spines=4;oversubscription=1.0,20nm,TT,0.9,25.0,2.5,400.0,32,4,4,4,1.0,V-2023.12-SP4,12767,12767,0,5018.428773,5018.428773,0.0,0.0,0.0,2.3,0.0,0.0,0,V-2023.12-SP4,11247,11247,0,4720.64,4720.64,0.0,7107.408,0.6642,0.0,0.0,2.39,-0.09,-0.26,8,V-2023.12-SP3,V-2023.12-SP4,0.6056,1.166,0.0053809999999999995,1.777,1.7715999999999998,4.428999999999999,0.0,0.0,0.0,0.0,0.0,0.0,0.0,0.0,0.6056,1.166,0.0053809999999999995,1.777,0.0,0.0,0.0,0.0,0.0,0.0,0.0,0.0,0.0,0.0,0.0,0.0,0.0,0.0,0.0,0.0,unvectored,none,2,2026-08-08T14:31:14+00:00
foldedclos_32_4_4_4_1p0_20nm_TT_0V9_25C_400MHz,foldedclos,data_width=32;terminals_per_leaf=4;num_leaves=4;num_spines=4;oversubscription=1.0,20nm,TT,0.9,25.0,2.5,400.0,32,4,4,4,1.0,V-2023.12-SP4,12767,12767,0,5018.428773,5018.428773,0.0,0.0,0.0,2.3,0.0,0.0,0,V-2023.12-SP4,11247,11247,0,4720.64,4720.64,0.0,7107.408,0.6642,0.0,0.0,2.39,-0.09,-0.26,8,V-2023.12-SP3,V-2023.12-SP4,1.0230000000000001,1.8439999999999999,0.005308,2.873,2.867,7.1675,0.0,0.0,0.0,0.0,0.0,0.0,0.0,0.0,1.0230000000000001,1.8439999999999999,0.005308,2.873,0.0,0.0,0.0,0.0,0.0,0.0,0.0,0.0,0.0,0.0,0.0,0.0,0.0,0.0,0.0,0.0,vectored,random,2,2026-08-08T14:31:22+00:00
foldedclos_32_4_4_4_1p0_20nm_TT_0V9_25C_400MHz,foldedclos,data_width=32;terminals_per_leaf=4;num_leaves=4;num_spines=4;oversubscription=1.0,20nm,TT,0.9,25.0,2.5,400.0,32,4,4,4,1.0,V-2023.12-SP4,12767,12767,0,5018.428773,5018.428773,0.0,0.0,0.0,2.3,0.0,0.0,0,V-2023.12-SP4,11247,11247,0,4720.64,4720.64,0.0,7107.408,0.6642,0.0,0.0,2.39,-0.09,-0.26,8,V-2023.12-SP3,V-2023.12-SP4,0.449,0.9387,0.005195,1.393,1.3877,3.4692499999999997,0.0,0.0,0.0,0.0,0.0,0.0,0.0,0.0,0.449,0.9387,0.005195,1.393,0.0,0.0,0.0,0.0,0.0,0.0,0.0,0.0,0.0,0.0,0.0,0.0,0.0,0.0,0.0,0.0,vectored,fixed_route,2,2026-08-08T14:31:30+00:00
foldedclos_32_8_8_4_1p0_10nm_TT_0V8_25C_400MHz,foldedclos,data_width=32;terminals_per_leaf=8;num_leaves=8;num_spines=4;oversubscription=1.0,10nm,TT,0.8,25.0,2.5,400.0,32,8,8,4,1.0,V-2023.12-SP4,230870,230870,0,27205.724024,27205.724024,0.0,0.0,0.0,2.3,0.0,0.0,0,V-2023.12-SP4,192703,192703,0,23033.52,23033.52,0.0,38831.063,0.5932,0.0,0.0,2.31,-0.01,-0.04,5,V-2023.12-SP3,V-2023.12-SP4,4.686,14.1,0.06638,18.8,18.786,46.965,0.0,0.0,0.0,0.0,0.0,0.0,0.0,0.0,4.686,14.1,0.06638,18.8,0.0,0.0,0.0,0.0,0.0,0.0,0.0,0.0,0.0,0.0,0.0,0.0,0.0,0.0,0.0,0.0,unvectored,none,2,2026-08-08T14:35:43+00:00
foldedclos_32_8_8_4_1p0_10nm_TT_0V8_25C_400MHz,foldedclos,data_width=32;terminals_per_leaf=8;num_leaves=8;num_spines=4;oversubscription=1.0,10nm,TT,0.8,25.0,2.5,400.0,32,8,8,4,1.0,V-2023.12-SP4,230870,230870,0,27205.724024,27205.724024,0.0,0.0,0.0,2.3,0.0,0.0,0,V-2023.12-SP4,192703,192703,0,23033.52,23033.52,0.0,38831.063,0.5932,0.0,0.0,2.31,-0.01,-0.04,5,V-2023.12-SP3,V-2023.12-SP4,7.007000000000001,19.2,0.06537000000000001,26.3,26.207,65.5175,0.0,0.0,0.0,0.0,0.0,0.0,0.0,0.0,7.007000000000001,19.2,0.06537000000000001,26.3,0.0,0.0,0.0,0.0,0.0,0.0,0.0,0.0,0.0,0.0,0.0,0.0,0.0,0.0,0.0,0.0,vectored,random,2,2026-08-08T14:36:12+00:00
foldedclos_32_8_8_4_1p0_10nm_TT_0V8_25C_400MHz,foldedclos,data_width=32;terminals_per_leaf=8;num_leaves=8;num_spines=4;oversubscription=1.0,10nm,TT,0.8,25.0,2.5,400.0,32,8,8,4,1.0,V-2023.12-SP4,230870,230870,0,27205.724024,27205.724024,0.0,0.0,0.0,2.3,0.0,0.0,0,V-2023.12-SP4,192703,192703,0,23033.52,23033.52,0.0,38831.063,0.5932,0.0,0.0,2.31,-0.01,-0.04,5,V-2023.12-SP3,V-2023.12-SP4,3.575,13.299999999999999,0.06449,16.9,16.875,42.1875,0.0,0.0,0.0,0.0,0.0,0.0,0.0,0.0,3.575,13.299999999999999,0.06449,16.9,0.0,0.0,0.0,0.0,0.0,0.0,0.0,0.0,0.0,0.0,0.0,0.0,0.0,0.0,0.0,0.0,vectored,fixed_route,2,2026-08-08T14:36:42+00:00
foldedclos_32_8_4_4_1p0_20nm_TT_0V9_25C_444p444MHz,foldedclos,data_width=32;terminals_per_leaf=8;num_leaves=4;num_spines=4;oversubscription=1.0,20nm,TT,0.9,25.0,2.25,444.44444444444446,32,8,4,4,1.0,V-2023.12-SP4,49809,49809,0,19941.820692,19941.820692,0.0,0.0,0.0,2.05,0.0,0.0,0,V-2023.12-SP4,47635,47635,0,20812.18,20812.18,0.0,28340.928,0.7344,0.0,0.0,2.17,-0.12,-2.06,80,V-2023.12-SP3,V-2023.12-SP4,2.402,5.178999999999999,0.0255,7.606,7.5809999999999995,17.05725,0.0,0.0,0.0,0.0,0.0,0.0,0.0,0.0,2.402,5.178999999999999,0.0255,7.606,0.0,0.0,0.0,0.0,0.0,0.0,0.0,0.0,0.0,0.0,0.0,0.0,0.0,0.0,0.0,0.0,unvectored,none,2,2026-08-08T15:32:36+00:00
foldedclos_32_8_4_4_1p0_20nm_TT_0V9_25C_444p444MHz,foldedclos,data_width=32;terminals_per_leaf=8;num_leaves=4;num_spines=4;oversubscription=1.0,20nm,TT,0.9,25.0,2.25,444.44444444444446,32,8,4,4,1.0,V-2023.12-SP4,49809,49809,0,19941.820692,19941.820692,0.0,0.0,0.0,2.05,0.0,0.0,0,V-2023.12-SP4,47635,47635,0,20812.18,20812.18,0.0,28340.928,0.7344,0.0,0.0,2.17,-0.12,-2.06,80,V-2023.12-SP3,V-2023.12-SP4,3.693,7.505000000000001,0.02516,11.2,11.198,25.195500000000003,0.0,0.0,0.0,0.0,0.0,0.0,0.0,0.0,3.693,7.505000000000001,0.02516,11.2,0.0,0.0,0.0,0.0,0.0,0.0,0.0,0.0,0.0,0.0,0.0,0.0,0.0,0.0,0.0,0.0,vectored,random,2,2026-08-08T15:32:46+00:00
foldedclos_32_8_4_4_1p0_20nm_TT_0V9_25C_444p444MHz,foldedclos,data_width=32;terminals_per_leaf=8;num_leaves=4;num_spines=4;oversubscription=1.0,20nm,TT,0.9,25.0,2.25,444.44444444444446,32,8,4,4,1.0,V-2023.12-SP4,49809,49809,0,19941.820692,19941.820692,0.0,0.0,0.0,2.05,0.0,0.0,0,V-2023.12-SP4,47635,47635,0,20812.18,20812.18,0.0,28340.928,0.7344,0.0,0.0,2.17,-0.12,-2.06,80,V-2023.12-SP3,V-2023.12-SP4,1.7409999999999999,4.411,0.024810000000000002,6.176,6.151999999999999,13.841999999999999,0.0,0.0,0.0,0.0,0.0,0.0,0.0,0.0,1.7409999999999999,4.411,0.024810000000000002,6.176,0.0,0.0,0.0,0.0,0.0,0.0,0.0,0.0,0.0,0.0,0.0,0.0,0.0,0.0,0.0,0.0,vectored,fixed_route,2,2026-08-08T15:32:57+00:00
foldedclos_32_4_8_4_1p0_20nm_TT_0V9_25C_444p444MHz,foldedclos,data_width=32;terminals_per_leaf=4;num_leaves=8;num_spines=4;oversubscription=1.0,20nm,TT,0.9,25.0,2.25,444.44444444444446,32,4,8,4,1.0,V-2023.12-SP4,49809,49809,0,19941.820692,19941.820692,0.0,0.0,0.0,2.05,0.0,0.0,0,V-2023.12-SP4,47635,47635,0,20812.18,20812.18,0.0,28340.928,0.7344,0.0,0.0,2.19,-0.14,-2.07,77,V-2023.12-SP3,V-2023.12-SP4,2.402,5.18,0.0255,7.6080000000000005,7.582,17.0595,0.0,0.0,0.0,0.0,0.0,0.0,0.0,0.0,2.402,5.18,0.0255,7.6080000000000005,0.0,0.0,0.0,0.0,0.0,0.0,0.0,0.0,0.0,0.0,0.0,0.0,0.0,0.0,0.0,0.0,unvectored,none,2,2026-08-08T17:47:36+00:00
foldedclos_32_4_8_4_1p0_20nm_TT_0V9_25C_444p444MHz,foldedclos,data_width=32;terminals_per_leaf=4;num_leaves=8;num_spines=4;oversubscription=1.0,20nm,TT,0.9,25.0,2.25,444.44444444444446,32,4,8,4,1.0,V-2023.12-SP4,49809,49809,0,19941.820692,19941.820692,0.0,0.0,0.0,2.05,0.0,0.0,0,V-2023.12-SP4,47635,47635,0,20812.18,20812.18,0.0,28340.928,0.7344,0.0,0.0,2.19,-0.14,-2.07,77,V-2023.12-SP3,V-2023.12-SP4,3.693,7.507,0.02516,11.2,11.2,25.2,0.0,0.0,0.0,0.0,0.0,0.0,0.0,0.0,3.693,7.507,0.02516,11.2,0.0,0.0,0.0,0.0,0.0,0.0,0.0,0.0,0.0,0.0,0.0,0.0,0.0,0.0,0.0,0.0,vectored,random,2,2026-08-08T17:47:49+00:00
foldedclos_32_4_8_4_1p0_20nm_TT_0V9_25C_444p444MHz,foldedclos,data_width=32;terminals_per_leaf=4;num_leaves=8;num_spines=4;oversubscription=1.0,20nm,TT,0.9,25.0,2.25,444.44444444444446,32,4,8,4,1.0,V-2023.12-SP4,49809,49809,0,19941.820692,19941.820692,0.0,0.0,0.0,2.05,0.0,0.0,0,V-2023.12-SP4,47635,47635,0,20812.18,20812.18,0.0,28340.928,0.7344,0.0,0.0,2.19,-0.14,-2.07,77,V-2023.12-SP3,V-2023.12-SP4,1.7409999999999999,4.412,0.024810000000000002,6.178,6.153,13.844249999999999,0.0,0.0,0.0,0.0,0.0,0.0,0.0,0.0,1.7409999999999999,4.412,0.024810000000000002,6.178,0.0,0.0,0.0,0.0,0.0,0.0,0.0,0.0,0.0,0.0,0.0,0.0,0.0,0.0,0.0,0.0,vectored,fixed_route,2,2026-08-08T17:48:02+00:00
foldedclos_64_8_4_4_1p0_20nm_TT_0V9_25C_400MHz,foldedclos,data_width=64;terminals_per_leaf=8;num_leaves=4;num_spines=4;oversubscription=1.0,20nm,TT,0.9,25.0,2.5,400.0,64,8,4,4,1.0,V-2023.12-SP4,92509,92509,0,37283.663798,37283.663798,0.0,0.0,0.0,2.3,0.0,0.0,0,V-2023.12-SP4,87867,87867,0,39344.66,39344.66,0.0,53161.5744,0.7401,0.0,0.0,2.57,-0.27,-6.35,135,V-2023.12-SP3,V-2023.12-SP4,4.252,9.464,0.04845,13.799999999999999,13.716000000000001,34.290000000000006,0.0,0.0,0.0,0.0,0.0,0.0,0.0,0.0,4.252,9.464,0.04845,13.799999999999999,0.0,0.0,0.0,0.0,0.0,0.0,0.0,0.0,0.0,0.0,0.0,0.0,0.0,0.0,0.0,0.0,unvectored,none,2,2026-08-08T17:50:48+00:00
foldedclos_64_8_4_4_1p0_20nm_TT_0V9_25C_400MHz,foldedclos,data_width=64;terminals_per_leaf=8;num_leaves=4;num_spines=4;oversubscription=1.0,20nm,TT,0.9,25.0,2.5,400.0,64,8,4,4,1.0,V-2023.12-SP4,92509,92509,0,37283.663798,37283.663798,0.0,0.0,0.0,2.3,0.0,0.0,0,V-2023.12-SP4,87867,87867,0,39344.66,39344.66,0.0,53161.5744,0.7401,0.0,0.0,2.57,-0.27,-6.35,135,V-2023.12-SP3,V-2023.12-SP4,6.732,14.200000000000001,0.04778,20.9,20.932000000000002,52.330000000000005,0.0,0.0,0.0,0.0,0.0,0.0,0.0,0.0,6.732,14.200000000000001,0.04778,20.9,0.0,0.0,0.0,0.0,0.0,0.0,0.0,0.0,0.0,0.0,0.0,0.0,0.0,0.0,0.0,0.0,vectored,random,2,2026-08-08T17:51:06+00:00
foldedclos_64_8_4_4_1p0_20nm_TT_0V9_25C_400MHz,foldedclos,data_width=64;terminals_per_leaf=8;num_leaves=4;num_spines=4;oversubscription=1.0,20nm,TT,0.9,25.0,2.5,400.0,64,8,4,4,1.0,V-2023.12-SP4,92509,92509,0,37283.663798,37283.663798,0.0,0.0,0.0,2.3,0.0,0.0,0,V-2023.12-SP4,87867,87867,0,39344.66,39344.66,0.0,53161.5744,0.7401,0.0,0.0,2.57,-0.27,-6.35,135,V-2023.12-SP3,V-2023.12-SP4,3.283,8.319999999999999,0.047080000000000004,11.700000000000001,11.602999999999998,29.007499999999993,0.0,0.0,0.0,0.0,0.0,0.0,0.0,0.0,3.283,8.319999999999999,0.047080000000000004,11.700000000000001,0.0,0.0,0.0,0.0,0.0,0.0,0.0,0.0,0.0,0.0,0.0,0.0,0.0,0.0,0.0,0.0,vectored,fixed_route,2,2026-08-08T17:51:25+00:00
foldedclos_32_8_8_4_1p0_16nm_TT_0V85_25C_444p444MHz,foldedclos,data_width=32;terminals_per_leaf=8;num_leaves=8;num_spines=4;oversubscription=1.0,16nm,TT,0.85,25.0,2.25,444.44444444444446,32,8,8,4,1.0,V-2023.12-SP4,194694,194694,0,47504.95372,47504.95372,0.0,0.0,0.0,2.05,0.0,0.0,0,V-2023.12-SP4,180627,180627,0,47065.64,47065.64,0.0,67820.6546,0.694,0.0,0.0,2.17,-0.12,-5.44,231,V-2023.12-SP3,V-2023.12-SP4,6.942,19.7,0.07880000000000001,26.700000000000003,26.642,59.9445,0.0,0.0,0.0,0.0,0.0,0.0,0.0,0.0,6.942,19.7,0.07880000000000001,26.700000000000003,0.0,0.0,0.0,0.0,0.0,0.0,0.0,0.0,0.0,0.0,0.0,0.0,0.0,0.0,0.0,0.0,unvectored,none,2,2026-08-08T18:58:14+00:00
foldedclos_32_8_8_4_1p0_16nm_TT_0V85_25C_444p444MHz,foldedclos,data_width=32;terminals_per_leaf=8;num_leaves=8;num_spines=4;oversubscription=1.0,16nm,TT,0.85,25.0,2.25,444.44444444444446,32,8,8,4,1.0,V-2023.12-SP4,194694,194694,0,47504.95372,47504.95372,0.0,0.0,0.0,2.05,0.0,0.0,0,V-2023.12-SP4,180627,180627,0,47065.64,47065.64,0.0,67820.6546,0.694,0.0,0.0,2.17,-0.12,-5.44,231,V-2023.12-SP3,V-2023.12-SP4,9.839,26.3,0.0779,36.3,36.139,81.31275000000001,0.0,0.0,0.0,0.0,0.0,0.0,0.0,0.0,9.839,26.3,0.0779,36.3,0.0,0.0,0.0,0.0,0.0,0.0,0.0,0.0,0.0,0.0,0.0,0.0,0.0,0.0,0.0,0.0,vectored,random,2,2026-08-08T18:58:43+00:00
foldedclos_32_8_8_4_1p0_16nm_TT_0V85_25C_444p444MHz,foldedclos,data_width=32;terminals_per_leaf=8;num_leaves=8;num_spines=4;oversubscription=1.0,16nm,TT,0.85,25.0,2.25,444.44444444444446,32,8,8,4,1.0,V-2023.12-SP4,194694,194694,0,47504.95372,47504.95372,0.0,0.0,0.0,2.05,0.0,0.0,0,V-2023.12-SP4,180627,180627,0,47065.64,47065.64,0.0,67820.6546,0.694,0.0,0.0,2.17,-0.12,-5.44,231,V-2023.12-SP3,V-2023.12-SP4,5.4079999999999995,18.599999999999998,0.07701,24.1,24.007999999999996,54.01799999999999,0.0,0.0,0.0,0.0,0.0,0.0,0.0,0.0,5.4079999999999995,18.599999999999998,0.07701,24.1,0.0,0.0,0.0,0.0,0.0,0.0,0.0,0.0,0.0,0.0,0.0,0.0,0.0,0.0,0.0,0.0,vectored,fixed_route,2,2026-08-08T18:59:12+00:00
foldedclos_64_4_8_4_1p0_20nm_TT_0V9_25C_400MHz,foldedclos,data_width=64;terminals_per_leaf=4;num_leaves=8;num_spines=4;oversubscription=1.0,20nm,TT,0.9,25.0,2.5,400.0,64,4,8,4,1.0,V-2023.12-SP4,92509,92509,0,37283.663798,37283.663798,0.0,0.0,0.0,2.3,0.0,0.0,0,V-2023.12-SP4,87867,87867,0,39344.66,39344.66,0.0,53161.5744,0.7401,0.0,0.0,2.58,-0.28,-6.47,138,V-2023.12-SP3,V-2023.12-SP4,4.252,9.463,0.04845,13.799999999999999,13.715,34.2875,0.0,0.0,0.0,0.0,0.0,0.0,0.0,0.0,4.252,9.463,0.04845,13.799999999999999,0.0,0.0,0.0,0.0,0.0,0.0,0.0,0.0,0.0,0.0,0.0,0.0,0.0,0.0,0.0,0.0,unvectored,none,2,2026-08-08T19:53:00+00:00
foldedclos_64_4_8_4_1p0_20nm_TT_0V9_25C_400MHz,foldedclos,data_width=64;terminals_per_leaf=4;num_leaves=8;num_spines=4;oversubscription=1.0,20nm,TT,0.9,25.0,2.5,400.0,64,4,8,4,1.0,V-2023.12-SP4,92509,92509,0,37283.663798,37283.663798,0.0,0.0,0.0,2.3,0.0,0.0,0,V-2023.12-SP4,87867,87867,0,39344.66,39344.66,0.0,53161.5744,0.7401,0.0,0.0,2.58,-0.28,-6.47,138,V-2023.12-SP3,V-2023.12-SP4,6.7330000000000005,14.1,0.04778,20.9,20.833,52.082499999999996,0.0,0.0,0.0,0.0,0.0,0.0,0.0,0.0,6.7330000000000005,14.1,0.04778,20.9,0.0,0.0,0.0,0.0,0.0,0.0,0.0,0.0,0.0,0.0,0.0,0.0,0.0,0.0,0.0,0.0,vectored,random,2,2026-08-08T19:53:14+00:00
foldedclos_64_4_8_4_1p0_20nm_TT_0V9_25C_400MHz,foldedclos,data_width=64;terminals_per_leaf=4;num_leaves=8;num_spines=4;oversubscription=1.0,20nm,TT,0.9,25.0,2.5,400.0,64,4,8,4,1.0,V-2023.12-SP4,92509,92509,0,37283.663798,37283.663798,0.0,0.0,0.0,2.3,0.0,0.0,0,V-2023.12-SP4,87867,87867,0,39344.66,39344.66,0.0,53161.5744,0.7401,0.0,0.0,2.58,-0.28,-6.47,138,V-2023.12-SP3,V-2023.12-SP4,3.283,8.318000000000001,0.047080000000000004,11.6,11.601,29.0025,0.0,0.0,0.0,0.0,0.0,0.0,0.0,0.0,3.283,8.318000000000001,0.047080000000000004,11.6,0.0,0.0,0.0,0.0,0.0,0.0,0.0,0.0,0.0,0.0,0.0,0.0,0.0,0.0,0.0,0.0,vectored,fixed_route,2,2026-08-08T19:53:27+00:00
foldedclos_32_4_4_4_0p5_20nm_TT_0V9_25C_400MHz,foldedclos,data_width=32;terminals_per_leaf=4;num_leaves=4;num_spines=4;oversubscription=0.5,20nm,TT,0.9,25.0,2.5,400.0,32,4,4,4,0.5,V-2023.12-SP4,12767,12767,0,5018.428773,5018.428773,0.0,0.0,0.0,2.3,0.0,0.0,0,V-2023.12-SP4,11247,11247,0,4720.64,4720.64,0.0,7107.408,0.6642,0.0,0.0,2.39,-0.09,-0.31,11,V-2023.12-SP3,V-2023.12-SP4,0.6056,1.166,0.0053809999999999995,1.777,1.7715999999999998,4.428999999999999,0.0,0.0,0.0,0.0,0.0,0.0,0.0,0.0,0.6056,1.166,0.0053809999999999995,1.777,0.0,0.0,0.0,0.0,0.0,0.0,0.0,0.0,0.0,0.0,0.0,0.0,0.0,0.0,0.0,0.0,unvectored,none,2,2026-08-08T20:03:00+00:00
foldedclos_32_4_4_4_0p5_20nm_TT_0V9_25C_400MHz,foldedclos,data_width=32;terminals_per_leaf=4;num_leaves=4;num_spines=4;oversubscription=0.5,20nm,TT,0.9,25.0,2.5,400.0,32,4,4,4,0.5,V-2023.12-SP4,12767,12767,0,5018.428773,5018.428773,0.0,0.0,0.0,2.3,0.0,0.0,0,V-2023.12-SP4,11247,11247,0,4720.64,4720.64,0.0,7107.408,0.6642,0.0,0.0,2.39,-0.09,-0.31,11,V-2023.12-SP3,V-2023.12-SP4,1.0230000000000001,1.8439999999999999,0.005308,2.872,2.867,7.1675,0.0,0.0,0.0,0.0,0.0,0.0,0.0,0.0,1.0230000000000001,1.8439999999999999,0.005308,2.872,0.0,0.0,0.0,0.0,0.0,0.0,0.0,0.0,0.0,0.0,0.0,0.0,0.0,0.0,0.0,0.0,vectored,random,2,2026-08-08T20:03:07+00:00
foldedclos_32_4_4_4_0p5_20nm_TT_0V9_25C_400MHz,foldedclos,data_width=32;terminals_per_leaf=4;num_leaves=4;num_spines=4;oversubscription=0.5,20nm,TT,0.9,25.0,2.5,400.0,32,4,4,4,0.5,V-2023.12-SP4,12767,12767,0,5018.428773,5018.428773,0.0,0.0,0.0,2.3,0.0,0.0,0,V-2023.12-SP4,11247,11247,0,4720.64,4720.64,0.0,7107.408,0.6642,0.0,0.0,2.39,-0.09,-0.31,11,V-2023.12-SP3,V-2023.12-SP4,0.449,0.9380000000000001,0.005195,1.392,1.387,3.4675000000000002,0.0,0.0,0.0,0.0,0.0,0.0,0.0,0.0,0.449,0.9380000000000001,0.005195,1.392,0.0,0.0,0.0,0.0,0.0,0.0,0.0,0.0,0.0,0.0,0.0,0.0,0.0,0.0,0.0,0.0,vectored,fixed_route,2,2026-08-08T20:03:14+00:00
foldedclos_32_8_4_4_0p5_20nm_TT_0V9_25C_444p444MHz,foldedclos,data_width=32;terminals_per_leaf=8;num_leaves=4;num_spines=4;oversubscription=0.5,20nm,TT,0.9,25.0,2.25,444.44444444444446,32,8,4,4,0.5,V-2023.12-SP4,49809,49809,0,19941.820692,19941.820692,0.0,0.0,0.0,2.05,0.0,0.0,0,V-2023.12-SP4,47635,47635,0,20812.18,20812.18,0.0,28340.928,0.7344,0.0,0.0,2.18,-0.13,-1.94,78,V-2023.12-SP3,V-2023.12-SP4,2.402,5.178999999999999,0.0255,7.606,7.5809999999999995,17.05725,0.0,0.0,0.0,0.0,0.0,0.0,0.0,0.0,2.402,5.178999999999999,0.0255,7.606,0.0,0.0,0.0,0.0,0.0,0.0,0.0,0.0,0.0,0.0,0.0,0.0,0.0,0.0,0.0,0.0,unvectored,none,2,2026-08-08T20:57:47+00:00
foldedclos_32_8_4_4_0p5_20nm_TT_0V9_25C_444p444MHz,foldedclos,data_width=32;terminals_per_leaf=8;num_leaves=4;num_spines=4;oversubscription=0.5,20nm,TT,0.9,25.0,2.25,444.44444444444446,32,8,4,4,0.5,V-2023.12-SP4,49809,49809,0,19941.820692,19941.820692,0.0,0.0,0.0,2.05,0.0,0.0,0,V-2023.12-SP4,47635,47635,0,20812.18,20812.18,0.0,28340.928,0.7344,0.0,0.0,2.18,-0.13,-1.94,78,V-2023.12-SP3,V-2023.12-SP4,3.692,7.502,0.02516,11.2,11.193999999999999,25.1865,0.0,0.0,0.0,0.0,0.0,0.0,0.0,0.0,3.692,7.502,0.02516,11.2,0.0,0.0,0.0,0.0,0.0,0.0,0.0,0.0,0.0,0.0,0.0,0.0,0.0,0.0,0.0,0.0,vectored,random,2,2026-08-08T20:57:58+00:00
foldedclos_32_8_4_4_0p5_20nm_TT_0V9_25C_444p444MHz,foldedclos,data_width=32;terminals_per_leaf=8;num_leaves=4;num_spines=4;oversubscription=0.5,20nm,TT,0.9,25.0,2.25,444.44444444444446,32,8,4,4,0.5,V-2023.12-SP4,49809,49809,0,19941.820692,19941.820692,0.0,0.0,0.0,2.05,0.0,0.0,0,V-2023.12-SP4,47635,47635,0,20812.18,20812.18,0.0,28340.928,0.7344,0.0,0.0,2.18,-0.13,-1.94,78,V-2023.12-SP3,V-2023.12-SP4,1.7409999999999999,4.41,0.024810000000000002,6.176,6.151,13.839749999999999,0.0,0.0,0.0,0.0,0.0,0.0,0.0,0.0,1.7409999999999999,4.41,0.024810000000000002,6.176,0.0,0.0,0.0,0.0,0.0,0.0,0.0,0.0,0.0,0.0,0.0,0.0,0.0,0.0,0.0,0.0,vectored,fixed_route,2,2026-08-08T20:58:09+00:00
foldedclos_32_4_4_4_0p25_20nm_TT_0V9_25C_400MHz,foldedclos,data_width=32;terminals_per_leaf=4;num_leaves=4;num_spines=4;oversubscription=0.25,20nm,TT,0.9,25.0,2.5,400.0,32,4,4,4,0.25,V-2023.12-SP4,12767,12767,0,5018.428773,5018.428773,0.0,0.0,0.0,2.3,0.0,0.0,0,V-2023.12-SP4,11247,11247,0,4720.64,4720.64,0.0,7107.408,0.6642,0.0,0.0,2.39,-0.09,-0.31,11,V-2023.12-SP3,V-2023.12-SP4,0.6056,1.166,0.0053809999999999995,1.777,1.7715999999999998,4.428999999999999,0.0,0.0,0.0,0.0,0.0,0.0,0.0,0.0,0.6056,1.166,0.0053809999999999995,1.777,0.0,0.0,0.0,0.0,0.0,0.0,0.0,0.0,0.0,0.0,0.0,0.0,0.0,0.0,0.0,0.0,unvectored,none,2,2026-08-08T21:08:56+00:00
foldedclos_32_4_4_4_0p25_20nm_TT_0V9_25C_400MHz,foldedclos,data_width=32;terminals_per_leaf=4;num_leaves=4;num_spines=4;oversubscription=0.25,20nm,TT,0.9,25.0,2.5,400.0,32,4,4,4,0.25,V-2023.12-SP4,12767,12767,0,5018.428773,5018.428773,0.0,0.0,0.0,2.3,0.0,0.0,0,V-2023.12-SP4,11247,11247,0,4720.64,4720.64,0.0,7107.408,0.6642,0.0,0.0,2.39,-0.09,-0.31,11,V-2023.12-SP3,V-2023.12-SP4,1.0230000000000001,1.8439999999999999,0.005308,2.873,2.867,7.1675,0.0,0.0,0.0,0.0,0.0,0.0,0.0,0.0,1.0230000000000001,1.8439999999999999,0.005308,2.873,0.0,0.0,0.0,0.0,0.0,0.0,0.0,0.0,0.0,0.0,0.0,0.0,0.0,0.0,0.0,0.0,vectored,random,2,2026-08-08T21:09:03+00:00
foldedclos_32_4_4_4_0p25_20nm_TT_0V9_25C_400MHz,foldedclos,data_width=32;terminals_per_leaf=4;num_leaves=4;num_spines=4;oversubscription=0.25,20nm,TT,0.9,25.0,2.5,400.0,32,4,4,4,0.25,V-2023.12-SP4,12767,12767,0,5018.428773,5018.428773,0.0,0.0,0.0,2.3,0.0,0.0,0,V-2023.12-SP4,11247,11247,0,4720.64,4720.64,0.0,7107.408,0.6642,0.0,0.0,2.39,-0.09,-0.31,11,V-2023.12-SP3,V-2023.12-SP4,0.4489,0.9380999999999999,0.005195,1.392,1.387,3.4675000000000002,0.0,0.0,0.0,0.0,0.0,0.0,0.0,0.0,0.4489,0.9380999999999999,0.005195,1.392,0.0,0.0,0.0,0.0,0.0,0.0,0.0,0.0,0.0,0.0,0.0,0.0,0.0,0.0,0.0,0.0,vectored,fixed_route,2,2026-08-08T21:09:11+00:00
foldedclos_32_4_8_4_0p5_20nm_TT_0V9_25C_444p444MHz,foldedclos,data_width=32;terminals_per_leaf=4;num_leaves=8;num_spines=4;oversubscription=0.5,20nm,TT,0.9,25.0,2.25,444.44444444444446,32,4,8,4,0.5,V-2023.12-SP4,49809,49809,0,19941.820692,19941.820692,0.0,0.0,0.0,2.05,0.0,0.0,0,V-2023.12-SP4,47635,47635,0,20812.18,20812.18,0.0,28340.928,0.7344,0.0,0.0,2.19,-0.14,-2.09,82,V-2023.12-SP3,V-2023.12-SP4,2.402,5.178999999999999,0.0255,7.607,7.5809999999999995,17.05725,0.0,0.0,0.0,0.0,0.0,0.0,0.0,0.0,2.402,5.178999999999999,0.0255,7.607,0.0,0.0,0.0,0.0,0.0,0.0,0.0,0.0,0.0,0.0,0.0,0.0,0.0,0.0,0.0,0.0,unvectored,none,2,2026-08-08T22:07:29+00:00
foldedclos_32_4_8_4_0p5_20nm_TT_0V9_25C_444p444MHz,foldedclos,data_width=32;terminals_per_leaf=4;num_leaves=8;num_spines=4;oversubscription=0.5,20nm,TT,0.9,25.0,2.25,444.44444444444446,32,4,8,4,0.5,V-2023.12-SP4,49809,49809,0,19941.820692,19941.820692,0.0,0.0,0.0,2.05,0.0,0.0,0,V-2023.12-SP4,47635,47635,0,20812.18,20812.18,0.0,28340.928,0.7344,0.0,0.0,2.19,-0.14,-2.09,82,V-2023.12-SP3,V-2023.12-SP4,3.693,7.505000000000001,0.02516,11.2,11.198,25.195500000000003,0.0,0.0,0.0,0.0,0.0,0.0,0.0,0.0,3.693,7.505000000000001,0.02516,11.2,0.0,0.0,0.0,0.0,0.0,0.0,0.0,0.0,0.0,0.0,0.0,0.0,0.0,0.0,0.0,0.0,vectored,random,2,2026-08-08T22:07:41+00:00
foldedclos_32_4_8_4_0p5_20nm_TT_0V9_25C_444p444MHz,foldedclos,data_width=32;terminals_per_leaf=4;num_leaves=8;num_spines=4;oversubscription=0.5,20nm,TT,0.9,25.0,2.25,444.44444444444446,32,4,8,4,0.5,V-2023.12-SP4,49809,49809,0,19941.820692,19941.820692,0.0,0.0,0.0,2.05,0.0,0.0,0,V-2023.12-SP4,47635,47635,0,20812.18,20812.18,0.0,28340.928,0.7344,0.0,0.0,2.19,-0.14,-2.09,82,V-2023.12-SP3,V-2023.12-SP4,1.7409999999999999,4.411,0.024810000000000002,6.176,6.151999999999999,13.841999999999999,0.0,0.0,0.0,0.0,0.0,0.0,0.0,0.0,1.7409999999999999,4.411,0.024810000000000002,6.176,0.0,0.0,0.0,0.0,0.0,0.0,0.0,0.0,0.0,0.0,0.0,0.0,0.0,0.0,0.0,0.0,vectored,fixed_route,2,2026-08-08T22:07:52+00:00
foldedclos_32_8_8_4_1p0_20nm_TT_0V9_25C_200MHz,foldedclos,data_width=32;terminals_per_leaf=8;num_leaves=8;num_spines=4;oversubscription=1.0,20nm,TT,0.9,25.0,5.0,200.0,32,8,8,4,1.0,V-2023.12-SP4,198462,198462,0,80169.724366,80169.724366,0.0,0.0,0.0,4.8,0.0,0.0,0,V-2023.12-SP4,186021,186021,0,83733.41,83733.41,0.0,114486.1344,0.7314,0.0,0.0,4.78,0.02,0.0,0,V-2023.12-SP3,V-2023.12-SP4,4.385,11.9,0.1041,16.400000000000002,16.285,81.425,0.0,0.0,0.0,0.0,0.0,0.0,0.0,0.0,4.385,11.9,0.1041,16.400000000000002,0.0,0.0,0.0,0.0,0.0,0.0,0.0,0.0,0.0,0.0,0.0,0.0,0.0,0.0,0.0,0.0,unvectored,none,2,2026-08-09T09:42:10+00:00
foldedclos_32_8_8_4_1p0_20nm_TT_0V9_25C_200MHz,foldedclos,data_width=32;terminals_per_leaf=8;num_leaves=8;num_spines=4;oversubscription=1.0,20nm,TT,0.9,25.0,5.0,200.0,32,8,8,4,1.0,V-2023.12-SP4,198462,198462,0,80169.724366,80169.724366,0.0,0.0,0.0,4.8,0.0,0.0,0,V-2023.12-SP4,186021,186021,0,83733.41,83733.41,0.0,114486.1344,0.7314,0.0,0.0,4.78,0.02,0.0,0,V-2023.12-SP3,V-2023.12-SP4,6.315,16.299999999999997,0.1027,22.700000000000003,22.615,113.07499999999999,0.0,0.0,0.0,0.0,0.0,0.0,0.0,0.0,6.315,16.299999999999997,0.1027,22.700000000000003,0.0,0.0,0.0,0.0,0.0,0.0,0.0,0.0,0.0,0.0,0.0,0.0,0.0,0.0,0.0,0.0,vectored,random,2,2026-08-09T09:42:34+00:00
foldedclos_32_8_8_4_1p0_20nm_TT_0V9_25C_200MHz,foldedclos,data_width=32;terminals_per_leaf=8;num_leaves=8;num_spines=4;oversubscription=1.0,20nm,TT,0.9,25.0,5.0,200.0,32,8,8,4,1.0,V-2023.12-SP4,198462,198462,0,80169.724366,80169.724366,0.0,0.0,0.0,4.8,0.0,0.0,0,V-2023.12-SP4,186021,186021,0,83733.41,83733.41,0.0,114486.1344,0.7314,0.0,0.0,4.78,0.02,0.0,0,V-2023.12-SP3,V-2023.12-SP4,3.4610000000000003,11.2,0.1017,14.8,14.661,73.30499999999999,0.0,0.0,0.0,0.0,0.0,0.0,0.0,0.0,3.4610000000000003,11.2,0.1017,14.8,0.0,0.0,0.0,0.0,0.0,0.0,0.0,0.0,0.0,0.0,0.0,0.0,0.0,0.0,0.0,0.0,vectored,fixed_route,2,2026-08-09T09:42:57+00:00
foldedclos_32_2_2_2_0p5_5nm_TT_0V7_25C_1333p33MHz,foldedclos,data_width=32;terminals_per_leaf=2;num_leaves=2;num_spines=2;oversubscription=0.5,5nm,TT,0.7,25.0,0.75,1333.3333333333333,32,2,2,2,0.5,V-2023.12-SP4,463,463,0,16.1784,16.1784,0.0,0.0,0.0,0.54,0.01,0.0,0,V-2023.12-SP4,456,456,0,16.0,16.0,0.0,22.5792,0.7087,0.0,0.0,0.49,0.06,0.0,0,V-2023.12-SP3,V-2023.12-SP4,0.0626,0.08535,0.00010949999999999999,0.14809999999999998,0.14795,0.11096249999999999,0.0,0.0,0.0,0.0,0.0,0.0,0.0,0.0,0.0626,0.08535,0.00010949999999999999,0.14809999999999998,0.0,0.0,0.0,0.0,0.0,0.0,0.0,0.0,0.0,0.0,0.0,0.0,0.0,0.0,0.0,0.0,unvectored,none,2,2026-08-18T20:22:35+00:00
foldedclos_32_2_2_2_0p5_5nm_TT_0V7_25C_1333p33MHz,foldedclos,data_width=32;terminals_per_leaf=2;num_leaves=2;num_spines=2;oversubscription=0.5,5nm,TT,0.7,25.0,0.75,1333.3333333333333,32,2,2,2,0.5,V-2023.12-SP4,463,463,0,16.1784,16.1784,0.0,0.0,0.0,0.54,0.01,0.0,0,V-2023.12-SP4,456,456,0,16.0,16.0,0.0,22.5792,0.7087,0.0,0.0,0.49,0.06,0.0,0,V-2023.12-SP3,V-2023.12-SP4,0.1168,0.1427,0.0001092,0.2596,0.2595,0.194625,0.0,0.0,0.0,0.0,0.0,0.0,0.0,0.0,0.1168,0.1427,0.0001092,0.2596,0.0,0.0,0.0,0.0,0.0,0.0,0.0,0.0,0.0,0.0,0.0,0.0,0.0,0.0,0.0,0.0,vectored,random,2,2026-08-18T20:22:41+00:00
foldedclos_32_2_2_2_0p5_5nm_TT_0V7_25C_1333p33MHz,foldedclos,data_width=32;terminals_per_leaf=2;num_leaves=2;num_spines=2;oversubscription=0.5,5nm,TT,0.7,25.0,0.75,1333.3333333333333,32,2,2,2,0.5,V-2023.12-SP4,463,463,0,16.1784,16.1784,0.0,0.0,0.0,0.54,0.01,0.0,0,V-2023.12-SP4,456,456,0,16.0,16.0,0.0,22.5792,0.7087,0.0,0.0,0.49,0.06,0.0,0,V-2023.12-SP3,V-2023.12-SP4,0.05141,0.03435,0.0001093,0.08585999999999999,0.08576,0.06432,0.0,0.0,0.0,0.0,0.0,0.0,0.0,0.0,0.05141,0.03435,0.0001093,0.08585999999999999,0.0,0.0,0.0,0.0,0.0,0.0,0.0,0.0,0.0,0.0,0.0,0.0,0.0,0.0,0.0,0.0,vectored,fixed_route,2,2026-08-18T20:22:47+00:00
foldedclos_32_2_2_2_0p5_5nm_TT_0V7_25C_800MHz,foldedclos,data_width=32;terminals_per_leaf=2;num_leaves=2;num_spines=2;oversubscription=0.5,5nm,TT,0.7,25.0,1.25,800.0,32,2,2,2,0.5,V-2023.12-SP4,466,466,0,16.1196,16.1196,0.0,0.0,0.0,0.71,0.34,0.0,0,V-2023.12-SP4,455,455,0,16.0,16.0,0.0,22.344,0.7162,0.0,0.0,0.53,0.52,0.0,0,V-2023.12-SP3,V-2023.12-SP4,0.0374,0.05169,0.0001097,0.0892,0.08909,0.1113625,0.0,0.0,0.0,0.0,0.0,0.0,0.0,0.0,0.0374,0.05169,0.0001097,0.0892,0.0,0.0,0.0,0.0,0.0,0.0,0.0,0.0,0.0,0.0,0.0,0.0,0.0,0.0,0.0,0.0,unvectored,none,2,2026-08-18T20:25:14+00:00
foldedclos_32_2_2_2_0p5_5nm_TT_0V7_25C_800MHz,foldedclos,data_width=32;terminals_per_leaf=2;num_leaves=2;num_spines=2;oversubscription=0.5,5nm,TT,0.7,25.0,1.25,800.0,32,2,2,2,0.5,V-2023.12-SP4,466,466,0,16.1196,16.1196,0.0,0.0,0.0,0.71,0.34,0.0,0,V-2023.12-SP4,455,455,0,16.0,16.0,0.0,22.344,0.7162,0.0,0.0,0.53,0.52,0.0,0,V-2023.12-SP3,V-2023.12-SP4,0.06964000000000001,0.08712,0.0001094,0.15689999999999998,0.15676,0.19595,0.0,0.0,0.0,0.0,0.0,0.0,0.0,0.0,0.06964000000000001,0.08712,0.0001094,0.15689999999999998,0.0,0.0,0.0,0.0,0.0,0.0,0.0,0.0,0.0,0.0,0.0,0.0,0.0,0.0,0.0,0.0,vectored,random,2,2026-08-18T20:25:20+00:00
foldedclos_32_2_2_2_0p5_5nm_TT_0V7_25C_800MHz,foldedclos,data_width=32;terminals_per_leaf=2;num_leaves=2;num_spines=2;oversubscription=0.5,5nm,TT,0.7,25.0,1.25,800.0,32,2,2,2,0.5,V-2023.12-SP4,466,466,0,16.1196,16.1196,0.0,0.0,0.0,0.71,0.34,0.0,0,V-2023.12-SP4,455,455,0,16.0,16.0,0.0,22.344,0.7162,0.0,0.0,0.53,0.52,0.0,0,V-2023.12-SP3,V-2023.12-SP4,0.031180000000000003,0.02104,0.0001101,0.05232,0.05222,0.065275,0.0,0.0,0.0,0.0,0.0,0.0,0.0,0.0,0.031180000000000003,0.02104,0.0001101,0.05232,0.0,0.0,0.0,0.0,0.0,0.0,0.0,0.0,0.0,0.0,0.0,0.0,0.0,0.0,0.0,0.0,vectored,fixed_route,2,2026-08-18T20:25:26+00:00
foldedclos_64_2_2_2_0p5_5nm_TT_0V7_25C_1333p33MHz,foldedclos,data_width=64;terminals_per_leaf=2;num_leaves=2;num_spines=2;oversubscription=0.5,5nm,TT,0.7,25.0,0.75,1333.3333333333333,64,2,2,2,0.5,V-2023.12-SP4,856,856,0,30.5676,30.5676,0.0,0.0,0.0,0.54,0.01,0.0,0,V-2023.12-SP4,857,857,0,30.53,30.53,0.0,43.2432,0.7061,0.0,0.0,0.56,-0.01,-0.05,17,V-2023.12-SP3,V-2023.12-SP4,0.1207,0.17229999999999998,0.00021360000000000001,0.2932,0.293,0.21975,0.0,0.0,0.0,0.0,0.0,0.0,0.0,0.0,0.1207,0.17229999999999998,0.00021360000000000001,0.2932,0.0,0.0,0.0,0.0,0.0,0.0,0.0,0.0,0.0,0.0,0.0,0.0,0.0,0.0,0.0,0.0,unvectored,none,2,2026-08-18T20:28:54+00:00
foldedclos_64_2_2_2_0p5_5nm_TT_0V7_25C_1333p33MHz,foldedclos,data_width=64;terminals_per_leaf=2;num_leaves=2;num_spines=2;oversubscription=0.5,5nm,TT,0.7,25.0,0.75,1333.3333333333333,64,2,2,2,0.5,V-2023.12-SP4,856,856,0,30.5676,30.5676,0.0,0.0,0.0,0.54,0.01,0.0,0,V-2023.12-SP4,857,857,0,30.53,30.53,0.0,43.2432,0.7061,0.0,0.0,0.56,-0.01,-0.05,17,V-2023.12-SP3,V-2023.12-SP4,0.22269999999999998,0.29159999999999997,0.00021260000000000002,0.5146000000000001,0.5143,0.385725,0.0,0.0,0.0,0.0,0.0,0.0,0.0,0.0,0.22269999999999998,0.29159999999999997,0.00021260000000000002,0.5146000000000001,0.0,0.0,0.0,0.0,0.0,0.0,0.0,0.0,0.0,0.0,0.0,0.0,0.0,0.0,0.0,0.0,vectored,random,2,2026-08-18T20:29:00+00:00
foldedclos_64_2_2_2_0p5_5nm_TT_0V7_25C_1333p33MHz,foldedclos,data_width=64;terminals_per_leaf=2;num_leaves=2;num_spines=2;oversubscription=0.5,5nm,TT,0.7,25.0,0.75,1333.3333333333333,64,2,2,2,0.5,V-2023.12-SP4,856,856,0,30.5676,30.5676,0.0,0.0,0.0,0.54,0.01,0.0,0,V-2023.12-SP4,857,857,0,30.53,30.53,0.0,43.2432,0.7061,0.0,0.0,0.56,-0.01,-0.05,17,V-2023.12-SP3,V-2023.12-SP4,0.10450000000000001,0.07965,0.00021360000000000001,0.1844,0.18415,0.1381125,0.0,0.0,0.0,0.0,0.0,0.0,0.0,0.0,0.10450000000000001,0.07965,0.00021360000000000001,0.1844,0.0,0.0,0.0,0.0,0.0,0.0,0.0,0.0,0.0,0.0,0.0,0.0,0.0,0.0,0.0,0.0,vectored,fixed_route,2,2026-08-18T20:29:06+00:00
foldedclos_64_2_2_2_0p5_5nm_TT_0V7_25C_800MHz,foldedclos,data_width=64;terminals_per_leaf=2;num_leaves=2;num_spines=2;oversubscription=0.5,5nm,TT,0.7,25.0,1.25,800.0,64,2,2,2,0.5,V-2023.12-SP4,848,848,0,30.2148,30.2148,0.0,0.0,0.0,0.71,0.34,0.0,0,V-2023.12-SP4,858,858,0,30.58,30.58,0.0,42.9156,0.7125,0.0,0.0,0.6,0.45,0.0,0,V-2023.12-SP3,V-2023.12-SP4,0.07143,0.1036,0.00021239999999999999,0.1752,0.17503,0.2187875,0.0,0.0,0.0,0.0,0.0,0.0,0.0,0.0,0.07143,0.1036,0.00021239999999999999,0.1752,0.0,0.0,0.0,0.0,0.0,0.0,0.0,0.0,0.0,0.0,0.0,0.0,0.0,0.0,0.0,0.0,unvectored,none,2,2026-08-18T20:32:24+00:00
foldedclos_64_2_2_2_0p5_5nm_TT_0V7_25C_800MHz,foldedclos,data_width=64;terminals_per_leaf=2;num_leaves=2;num_spines=2;oversubscription=0.5,5nm,TT,0.7,25.0,1.25,800.0,64,2,2,2,0.5,V-2023.12-SP4,848,848,0,30.2148,30.2148,0.0,0.0,0.0,0.71,0.34,0.0,0,V-2023.12-SP4,858,858,0,30.58,30.58,0.0,42.9156,0.7125,0.0,0.0,0.6,0.45,0.0,0,V-2023.12-SP3,V-2023.12-SP4,0.1332,0.1782,0.0002114,0.3116,0.3114,0.38925,0.0,0.0,0.0,0.0,0.0,0.0,0.0,0.0,0.1332,0.1782,0.0002114,0.3116,0.0,0.0,0.0,0.0,0.0,0.0,0.0,0.0,0.0,0.0,0.0,0.0,0.0,0.0,0.0,0.0,vectored,random,2,2026-08-18T20:32:30+00:00
foldedclos_64_2_2_2_0p5_5nm_TT_0V7_25C_800MHz,foldedclos,data_width=64;terminals_per_leaf=2;num_leaves=2;num_spines=2;oversubscription=0.5,5nm,TT,0.7,25.0,1.25,800.0,64,2,2,2,0.5,V-2023.12-SP4,848,848,0,30.2148,30.2148,0.0,0.0,0.0,0.71,0.34,0.0,0,V-2023.12-SP4,858,858,0,30.58,30.58,0.0,42.9156,0.7125,0.0,0.0,0.6,0.45,0.0,0,V-2023.12-SP3,V-2023.12-SP4,0.06238,0.04841,0.0002128,0.111,0.11079,0.13848749999999999,0.0,0.0,0.0,0.0,0.0,0.0,0.0,0.0,0.06238,0.04841,0.0002128,0.111,0.0,0.0,0.0,0.0,0.0,0.0,0.0,0.0,0.0,0.0,0.0,0.0,0.0,0.0,0.0,0.0,vectored,fixed_route,2,2026-08-18T20:32:36+00:00
foldedclos_128_2_2_2_1p0_5nm_TT_0V7_25C_1333p33MHz,foldedclos,data_width=128;terminals_per_leaf=2;num_leaves=2;num_spines=2;oversubscription=1.0,5nm,TT,0.7,25.0,0.75,1333.3333333333333,128,2,2,2,1.0,V-2023.12-SP4,1657,1657,0,59.471999,59.471999,0.0,0.0,0.0,0.55,0.0,0.0,0,V-2023.12-SP4,1674,1674,0,60.19,60.19,0.0,83.4624,0.7212,0.0,0.0,0.55,-0.0,-0.08,43,V-2023.12-SP3,V-2023.12-SP4,0.2368,0.35159999999999997,0.0004282,0.5889,0.5884,0.4413,0.0,0.0,0.0,0.0,0.0,0.0,0.0,0.0,0.2368,0.35159999999999997,0.0004282,0.5889,0.0,0.0,0.0,0.0,0.0,0.0,0.0,0.0,0.0,0.0,0.0,0.0,0.0,0.0,0.0,0.0,unvectored,none,2,2026-08-18T20:40:10+00:00
foldedclos_128_2_2_2_1p0_5nm_TT_0V7_25C_1333p33MHz,foldedclos,data_width=128;terminals_per_leaf=2;num_leaves=2;num_spines=2;oversubscription=1.0,5nm,TT,0.7,25.0,0.75,1333.3333333333333,128,2,2,2,1.0,V-2023.12-SP4,1657,1657,0,59.471999,59.471999,0.0,0.0,0.0,0.55,0.0,0.0,0,V-2023.12-SP4,1674,1674,0,60.19,60.19,0.0,83.4624,0.7212,0.0,0.0,0.55,-0.0,-0.08,43,V-2023.12-SP3,V-2023.12-SP4,0.43570000000000003,0.6019000000000001,0.000426,1.038,1.0376,0.7782,0.0,0.0,0.0,0.0,0.0,0.0,0.0,0.0,0.43570000000000003,0.6019000000000001,0.000426,1.038,0.0,0.0,0.0,0.0,0.0,0.0,0.0,0.0,0.0,0.0,0.0,0.0,0.0,0.0,0.0,0.0,vectored,random,2,2026-08-18T20:40:16+00:00
foldedclos_128_2_2_2_1p0_5nm_TT_0V7_25C_1333p33MHz,foldedclos,data_width=128;terminals_per_leaf=2;num_leaves=2;num_spines=2;oversubscription=1.0,5nm,TT,0.7,25.0,0.75,1333.3333333333333,128,2,2,2,1.0,V-2023.12-SP4,1657,1657,0,59.471999,59.471999,0.0,0.0,0.0,0.55,0.0,0.0,0,V-2023.12-SP4,1674,1674,0,60.19,60.19,0.0,83.4624,0.7212,0.0,0.0,0.55,-0.0,-0.08,43,V-2023.12-SP3,V-2023.12-SP4,0.20900000000000002,0.18159999999999998,0.0004276,0.3911,0.3906,0.29295,0.0,0.0,0.0,0.0,0.0,0.0,0.0,0.0,0.20900000000000002,0.18159999999999998,0.0004276,0.3911,0.0,0.0,0.0,0.0,0.0,0.0,0.0,0.0,0.0,0.0,0.0,0.0,0.0,0.0,0.0,0.0,vectored,fixed_route,2,2026-08-18T20:40:22+00:00
foldedclos_128_2_2_2_1p0_5nm_TT_0V7_25C_800MHz,foldedclos,data_width=128;terminals_per_leaf=2;num_leaves=2;num_spines=2;oversubscription=1.0,5nm,TT,0.7,25.0,1.25,800.0,128,2,2,2,1.0,V-2023.12-SP4,1636,1636,0,58.993199,58.993199,0.0,0.0,0.0,0.81,0.24,0.0,0,V-2023.12-SP4,1665,1665,0,59.44,59.44,0.0,83.0088,0.716,0.0,0.0,0.76,0.29,0.0,0,V-2023.12-SP3,V-2023.12-SP4,0.1385,0.2122,0.00040970000000000004,0.3512,0.3507,0.438375,0.0,0.0,0.0,0.0,0.0,0.0,0.0,0.0,0.1385,0.2122,0.00040970000000000004,0.3512,0.0,0.0,0.0,0.0,0.0,0.0,0.0,0.0,0.0,0.0,0.0,0.0,0.0,0.0,0.0,0.0,unvectored,none,2,2026-08-18T20:47:25+00:00
foldedclos_128_2_2_2_1p0_5nm_TT_0V7_25C_800MHz,foldedclos,data_width=128;terminals_per_leaf=2;num_leaves=2;num_spines=2;oversubscription=1.0,5nm,TT,0.7,25.0,1.25,800.0,128,2,2,2,1.0,V-2023.12-SP4,1636,1636,0,58.993199,58.993199,0.0,0.0,0.0,0.81,0.24,0.0,0,V-2023.12-SP4,1665,1665,0,59.44,59.44,0.0,83.0088,0.716,0.0,0.0,0.76,0.29,0.0,0,V-2023.12-SP3,V-2023.12-SP4,0.2582,0.36689999999999995,0.0004078,0.6255,0.6251,0.7813749999999999,0.0,0.0,0.0,0.0,0.0,0.0,0.0,0.0,0.2582,0.36689999999999995,0.0004078,0.6255,0.0,0.0,0.0,0.0,0.0,0.0,0.0,0.0,0.0,0.0,0.0,0.0,0.0,0.0,0.0,0.0,vectored,random,2,2026-08-18T20:47:31+00:00
foldedclos_128_2_2_2_1p0_5nm_TT_0V7_25C_800MHz,foldedclos,data_width=128;terminals_per_leaf=2;num_leaves=2;num_spines=2;oversubscription=1.0,5nm,TT,0.7,25.0,1.25,800.0,128,2,2,2,1.0,V-2023.12-SP4,1636,1636,0,58.993199,58.993199,0.0,0.0,0.0,0.81,0.24,0.0,0,V-2023.12-SP4,1665,1665,0,59.44,59.44,0.0,83.0088,0.716,0.0,0.0,0.76,0.29,0.0,0,V-2023.12-SP3,V-2023.12-SP4,0.12530000000000002,0.1101,0.0004098,0.2359,0.23540000000000003,0.29425,0.0,0.0,0.0,0.0,0.0,0.0,0.0,0.0,0.12530000000000002,0.1101,0.0004098,0.2359,0.0,0.0,0.0,0.0,0.0,0.0,0.0,0.0,0.0,0.0,0.0,0.0,0.0,0.0,0.0,0.0,vectored,fixed_route,2,2026-08-18T20:47:37+00:00
foldedclos_128_2_2_2_0p5_5nm_TT_0V7_25C_1333p33MHz,foldedclos,data_width=128;terminals_per_leaf=2;num_leaves=2;num_spines=2;oversubscription=0.5,5nm,TT,0.7,25.0,0.75,1333.3333333333333,128,2,2,2,0.5,V-2023.12-SP4,1657,1657,0,59.471999,59.471999,0.0,0.0,0.0,0.55,0.0,0.0,0,V-2023.12-SP4,1674,1674,0,60.19,60.19,0.0,83.4624,0.7212,0.0,0.0,0.55,-0.0,-0.0,1,V-2023.12-SP3,V-2023.12-SP4,0.2368,0.35169999999999996,0.0004282,0.5889,0.5885,0.441375,0.0,0.0,0.0,0.0,0.0,0.0,0.0,0.0,0.2368,0.35169999999999996,0.0004282,0.5889,0.0,0.0,0.0,0.0,0.0,0.0,0.0,0.0,0.0,0.0,0.0,0.0,0.0,0.0,0.0,0.0,unvectored,none,2,2026-08-18T20:55:18+00:00
foldedclos_128_2_2_2_0p5_5nm_TT_0V7_25C_1333p33MHz,foldedclos,data_width=128;terminals_per_leaf=2;num_leaves=2;num_spines=2;oversubscription=0.5,5nm,TT,0.7,25.0,0.75,1333.3333333333333,128,2,2,2,0.5,V-2023.12-SP4,1657,1657,0,59.471999,59.471999,0.0,0.0,0.0,0.55,0.0,0.0,0,V-2023.12-SP4,1674,1674,0,60.19,60.19,0.0,83.4624,0.7212,0.0,0.0,0.55,-0.0,-0.0,1,V-2023.12-SP3,V-2023.12-SP4,0.4386,0.6062,0.000426,1.045,1.0448,0.7836,0.0,0.0,0.0,0.0,0.0,0.0,0.0,0.0,0.4386,0.6062,0.000426,1.045,0.0,0.0,0.0,0.0,0.0,0.0,0.0,0.0,0.0,0.0,0.0,0.0,0.0,0.0,0.0,0.0,vectored,random,2,2026-08-18T20:55:25+00:00
foldedclos_128_2_2_2_0p5_5nm_TT_0V7_25C_1333p33MHz,foldedclos,data_width=128;terminals_per_leaf=2;num_leaves=2;num_spines=2;oversubscription=0.5,5nm,TT,0.7,25.0,0.75,1333.3333333333333,128,2,2,2,0.5,V-2023.12-SP4,1657,1657,0,59.471999,59.471999,0.0,0.0,0.0,0.55,0.0,0.0,0,V-2023.12-SP4,1674,1674,0,60.19,60.19,0.0,83.4624,0.7212,0.0,0.0,0.55,-0.0,-0.0,1,V-2023.12-SP3,V-2023.12-SP4,0.20900000000000002,0.1819,0.0004276,0.39130000000000004,0.3909,0.293175,0.0,0.0,0.0,0.0,0.0,0.0,0.0,0.0,0.20900000000000002,0.1819,0.0004276,0.39130000000000004,0.0,0.0,0.0,0.0,0.0,0.0,0.0,0.0,0.0,0.0,0.0,0.0,0.0,0.0,0.0,0.0,vectored,fixed_route,2,2026-08-18T20:55:32+00:00
foldedclos_128_2_2_2_0p5_5nm_TT_0V7_25C_800MHz,foldedclos,data_width=128;terminals_per_leaf=2;num_leaves=2;num_spines=2;oversubscription=0.5,5nm,TT,0.7,25.0,1.25,800.0,128,2,2,2,0.5,V-2023.12-SP4,1636,1636,0,58.993199,58.993199,0.0,0.0,0.0,0.81,0.24,0.0,0,V-2023.12-SP4,1665,1665,0,59.44,59.44,0.0,83.0088,0.716,0.0,0.0,0.75,0.3,0.0,0,V-2023.12-SP3,V-2023.12-SP4,0.1385,0.21230000000000002,0.00040970000000000004,0.3513,0.3508,0.4385,0.0,0.0,0.0,0.0,0.0,0.0,0.0,0.0,0.1385,0.21230000000000002,0.00040970000000000004,0.3513,0.0,0.0,0.0,0.0,0.0,0.0,0.0,0.0,0.0,0.0,0.0,0.0,0.0,0.0,0.0,0.0,unvectored,none,2,2026-08-18T21:03:11+00:00
foldedclos_128_2_2_2_0p5_5nm_TT_0V7_25C_800MHz,foldedclos,data_width=128;terminals_per_leaf=2;num_leaves=2;num_spines=2;oversubscription=0.5,5nm,TT,0.7,25.0,1.25,800.0,128,2,2,2,0.5,V-2023.12-SP4,1636,1636,0,58.993199,58.993199,0.0,0.0,0.0,0.81,0.24,0.0,0,V-2023.12-SP4,1665,1665,0,59.44,59.44,0.0,83.0088,0.716,0.0,0.0,0.75,0.3,0.0,0,V-2023.12-SP3,V-2023.12-SP4,0.25880000000000003,0.3683,0.0004078,0.6275000000000001,0.6271,0.783875,0.0,0.0,0.0,0.0,0.0,0.0,0.0,0.0,0.25880000000000003,0.3683,0.0004078,0.6275000000000001,0.0,0.0,0.0,0.0,0.0,0.0,0.0,0.0,0.0,0.0,0.0,0.0,0.0,0.0,0.0,0.0,vectored,random,2,2026-08-18T21:03:18+00:00
foldedclos_128_2_2_2_0p5_5nm_TT_0V7_25C_800MHz,foldedclos,data_width=128;terminals_per_leaf=2;num_leaves=2;num_spines=2;oversubscription=0.5,5nm,TT,0.7,25.0,1.25,800.0,128,2,2,2,0.5,V-2023.12-SP4,1636,1636,0,58.993199,58.993199,0.0,0.0,0.0,0.81,0.24,0.0,0,V-2023.12-SP4,1665,1665,0,59.44,59.44,0.0,83.0088,0.716,0.0,0.0,0.75,0.3,0.0,0,V-2023.12-SP3,V-2023.12-SP4,0.12530000000000002,0.1103,0.0004098,0.2361,0.23560000000000003,0.29450000000000004,0.0,0.0,0.0,0.0,0.0,0.0,0.0,0.0,0.12530000000000002,0.1103,0.0004098,0.2361,0.0,0.0,0.0,0.0,0.0,0.0,0.0,0.0,0.0,0.0,0.0,0.0,0.0,0.0,0.0,0.0,vectored,fixed_route,2,2026-08-18T21:03:24+00:00
foldedclos_32_2_4_2_1p0_5nm_TT_0V7_25C_1333p33MHz,foldedclos,data_width=32;terminals_per_leaf=2;num_leaves=4;num_spines=2;oversubscription=1.0,5nm,TT,0.7,25.0,0.75,1333.3333333333333,32,2,4,2,1.0,V-2023.12-SP4,3920,3920,0,133.467598,133.467598,0.0,0.0,0.0,0.54,0.01,0.0,0,V-2023.12-SP4,3001,3001,0,93.16,93.16,0.0,190.1088,0.4901,0.0,0.0,0.55,-0.0,-0.0,2,V-2023.12-SP3,V-2023.12-SP4,0.2942,0.6021000000000001,0.0006743999999999999,0.8968999999999999,0.8963000000000001,0.6722250000000001,0.0,0.0,0.0,0.0,0.0,0.0,0.0,0.0,0.2942,0.6021000000000001,0.0006743999999999999,0.8968999999999999,0.0,0.0,0.0,0.0,0.0,0.0,0.0,0.0,0.0,0.0,0.0,0.0,0.0,0.0,0.0,0.0,unvectored,none,2,2026-08-18T21:08:08+00:00
foldedclos_32_2_4_2_1p0_5nm_TT_0V7_25C_1333p33MHz,foldedclos,data_width=32;terminals_per_leaf=2;num_leaves=4;num_spines=2;oversubscription=1.0,5nm,TT,0.7,25.0,0.75,1333.3333333333333,32,2,4,2,1.0,V-2023.12-SP4,3920,3920,0,133.467598,133.467598,0.0,0.0,0.0,0.54,0.01,0.0,0,V-2023.12-SP4,3001,3001,0,93.16,93.16,0.0,190.1088,0.4901,0.0,0.0,0.55,-0.0,-0.0,2,V-2023.12-SP3,V-2023.12-SP4,0.5107999999999999,0.92,0.0006630000000000001,1.431,1.4308,1.0731000000000002,0.0,0.0,0.0,0.0,0.0,0.0,0.0,0.0,0.5107999999999999,0.92,0.0006630000000000001,1.431,0.0,0.0,0.0,0.0,0.0,0.0,0.0,0.0,0.0,0.0,0.0,0.0,0.0,0.0,0.0,0.0,vectored,random,2,2026-08-18T21:08:15+00:00
foldedclos_32_2_4_2_1p0_5nm_TT_0V7_25C_1333p33MHz,foldedclos,data_width=32;terminals_per_leaf=2;num_leaves=4;num_spines=2;oversubscription=1.0,5nm,TT,0.7,25.0,0.75,1333.3333333333333,32,2,4,2,1.0,V-2023.12-SP4,3920,3920,0,133.467598,133.467598,0.0,0.0,0.0,0.54,0.01,0.0,0,V-2023.12-SP4,3001,3001,0,93.16,93.16,0.0,190.1088,0.4901,0.0,0.0,0.55,-0.0,-0.0,2,V-2023.12-SP3,V-2023.12-SP4,0.2226,0.4744,0.0006504,0.6977,0.697,0.5227499999999999,0.0,0.0,0.0,0.0,0.0,0.0,0.0,0.0,0.2226,0.4744,0.0006504,0.6977,0.0,0.0,0.0,0.0,0.0,0.0,0.0,0.0,0.0,0.0,0.0,0.0,0.0,0.0,0.0,0.0,vectored,fixed_route,2,2026-08-18T21:08:22+00:00
foldedclos_32_2_4_2_1p0_5nm_TT_0V7_25C_800MHz,foldedclos,data_width=32;terminals_per_leaf=2;num_leaves=4;num_spines=2;oversubscription=1.0,5nm,TT,0.7,25.0,1.25,800.0,32,2,4,2,1.0,V-2023.12-SP4,1924,1924,0,68.888399,68.888399,0.0,0.0,0.0,1.04,0.01,0.0,0,V-2023.12-SP4,1909,1909,0,68.62,68.62,0.0,98.1288,0.6993,0.0,0.0,1.03,0.02,0.0,0,V-2023.12-SP3,V-2023.12-SP4,0.12219999999999999,0.19210000000000002,0.00041600000000000003,0.3147,0.3143,0.39287500000000003,0.0,0.0,0.0,0.0,0.0,0.0,0.0,0.0,0.12219999999999999,0.19210000000000002,0.00041600000000000003,0.3147,0.0,0.0,0.0,0.0,0.0,0.0,0.0,0.0,0.0,0.0,0.0,0.0,0.0,0.0,0.0,0.0,unvectored,none,2,2026-08-18T21:13:26+00:00
foldedclos_32_2_4_2_1p0_5nm_TT_0V7_25C_800MHz,foldedclos,data_width=32;terminals_per_leaf=2;num_leaves=4;num_spines=2;oversubscription=1.0,5nm,TT,0.7,25.0,1.25,800.0,32,2,4,2,1.0,V-2023.12-SP4,1924,1924,0,68.888399,68.888399,0.0,0.0,0.0,1.04,0.01,0.0,0,V-2023.12-SP4,1909,1909,0,68.62,68.62,0.0,98.1288,0.6993,0.0,0.0,1.03,0.02,0.0,0,V-2023.12-SP3,V-2023.12-SP4,0.2179,0.3039,0.0004124,0.5220999999999999,0.5218,0.65225,0.0,0.0,0.0,0.0,0.0,0.0,0.0,0.0,0.2179,0.3039,0.0004124,0.5220999999999999,0.0,0.0,0.0,0.0,0.0,0.0,0.0,0.0,0.0,0.0,0.0,0.0,0.0,0.0,0.0,0.0,vectored,random,2,2026-08-18T21:13:32+00:00
foldedclos_32_2_4_2_1p0_5nm_TT_0V7_25C_800MHz,foldedclos,data_width=32;terminals_per_leaf=2;num_leaves=4;num_spines=2;oversubscription=1.0,5nm,TT,0.7,25.0,1.25,800.0,32,2,4,2,1.0,V-2023.12-SP4,1924,1924,0,68.888399,68.888399,0.0,0.0,0.0,1.04,0.01,0.0,0,V-2023.12-SP4,1909,1909,0,68.62,68.62,0.0,98.1288,0.6993,0.0,0.0,1.03,0.02,0.0,0,V-2023.12-SP3,V-2023.12-SP4,0.09559,0.1106,0.0004045,0.2066,0.20618999999999998,0.25773749999999995,0.0,0.0,0.0,0.0,0.0,0.0,0.0,0.0,0.09559,0.1106,0.0004045,0.2066,0.0,0.0,0.0,0.0,0.0,0.0,0.0,0.0,0.0,0.0,0.0,0.0,0.0,0.0,0.0,0.0,vectored,fixed_route,2,2026-08-18T21:13:39+00:00
foldedclos_32_2_4_2_0p5_5nm_TT_0V7_25C_1333p33MHz,foldedclos,data_width=32;terminals_per_leaf=2;num_leaves=4;num_spines=2;oversubscription=0.5,5nm,TT,0.7,25.0,0.75,1333.3333333333333,32,2,4,2,0.5,V-2023.12-SP4,3920,3920,0,133.467598,133.467598,0.0,0.0,0.0,0.54,0.01,0.0,0,V-2023.12-SP4,3001,3001,0,93.16,93.16,0.0,190.1088,0.4901,0.0,0.0,0.55,-0.0,-0.0,2,V-2023.12-SP3,V-2023.12-SP4,0.2942,0.602,0.0006743999999999999,0.8968999999999999,0.8962,0.67215,0.0,0.0,0.0,0.0,0.0,0.0,0.0,0.0,0.2942,0.602,0.0006743999999999999,0.8968999999999999,0.0,0.0,0.0,0.0,0.0,0.0,0.0,0.0,0.0,0.0,0.0,0.0,0.0,0.0,0.0,0.0,unvectored,none,2,2026-08-18T21:17:59+00:00
foldedclos_32_2_4_2_0p5_5nm_TT_0V7_25C_1333p33MHz,foldedclos,data_width=32;terminals_per_leaf=2;num_leaves=4;num_spines=2;oversubscription=0.5,5nm,TT,0.7,25.0,0.75,1333.3333333333333,32,2,4,2,0.5,V-2023.12-SP4,3920,3920,0,133.467598,133.467598,0.0,0.0,0.0,0.54,0.01,0.0,0,V-2023.12-SP4,3001,3001,0,93.16,93.16,0.0,190.1088,0.4901,0.0,0.0,0.55,-0.0,-0.0,2,V-2023.12-SP3,V-2023.12-SP4,0.5106,0.9196,0.0006630999999999999,1.431,1.4302000000000001,1.07265,0.0,0.0,0.0,0.0,0.0,0.0,0.0,0.0,0.5106,0.9196,0.0006630999999999999,1.431,0.0,0.0,0.0,0.0,0.0,0.0,0.0,0.0,0.0,0.0,0.0,0.0,0.0,0.0,0.0,0.0,vectored,random,2,2026-08-18T21:18:05+00:00
foldedclos_32_2_4_2_0p5_5nm_TT_0V7_25C_1333p33MHz,foldedclos,data_width=32;terminals_per_leaf=2;num_leaves=4;num_spines=2;oversubscription=0.5,5nm,TT,0.7,25.0,0.75,1333.3333333333333,32,2,4,2,0.5,V-2023.12-SP4,3920,3920,0,133.467598,133.467598,0.0,0.0,0.0,0.54,0.01,0.0,0,V-2023.12-SP4,3001,3001,0,93.16,93.16,0.0,190.1088,0.4901,0.0,0.0,0.55,-0.0,-0.0,2,V-2023.12-SP3,V-2023.12-SP4,0.2226,0.4743,0.0006504,0.6976,0.6969,0.522675,0.0,0.0,0.0,0.0,0.0,0.0,0.0,0.0,0.2226,0.4743,0.0006504,0.6976,0.0,0.0,0.0,0.0,0.0,0.0,0.0,0.0,0.0,0.0,0.0,0.0,0.0,0.0,0.0,0.0,vectored,fixed_route,2,2026-08-18T21:18:12+00:00
foldedclos_32_2_4_2_0p5_5nm_TT_0V7_25C_800MHz,foldedclos,data_width=32;terminals_per_leaf=2;num_leaves=4;num_spines=2;oversubscription=0.5,5nm,TT,0.7,25.0,1.25,800.0,32,2,4,2,0.5,V-2023.12-SP4,1924,1924,0,68.888399,68.888399,0.0,0.0,0.0,1.04,0.01,0.0,0,V-2023.12-SP4,1909,1909,0,68.62,68.62,0.0,98.1288,0.6993,0.0,0.0,1.03,0.02,0.0,0,V-2023.12-SP3,V-2023.12-SP4,0.12219999999999999,0.192,0.00041600000000000003,0.3146,0.3142,0.39275,0.0,0.0,0.0,0.0,0.0,0.0,0.0,0.0,0.12219999999999999,0.192,0.00041600000000000003,0.3146,0.0,0.0,0.0,0.0,0.0,0.0,0.0,0.0,0.0,0.0,0.0,0.0,0.0,0.0,0.0,0.0,unvectored,none,2,2026-08-18T21:23:14+00:00
foldedclos_32_2_4_2_0p5_5nm_TT_0V7_25C_800MHz,foldedclos,data_width=32;terminals_per_leaf=2;num_leaves=4;num_spines=2;oversubscription=0.5,5nm,TT,0.7,25.0,1.25,800.0,32,2,4,2,0.5,V-2023.12-SP4,1924,1924,0,68.888399,68.888399,0.0,0.0,0.0,1.04,0.01,0.0,0,V-2023.12-SP4,1909,1909,0,68.62,68.62,0.0,98.1288,0.6993,0.0,0.0,1.03,0.02,0.0,0,V-2023.12-SP3,V-2023.12-SP4,0.21800000000000003,0.304,0.0004125,0.5224,0.522,0.6525000000000001,0.0,0.0,0.0,0.0,0.0,0.0,0.0,0.0,0.21800000000000003,0.304,0.0004125,0.5224,0.0,0.0,0.0,0.0,0.0,0.0,0.0,0.0,0.0,0.0,0.0,0.0,0.0,0.0,0.0,0.0,vectored,random,2,2026-08-18T21:23:21+00:00
foldedclos_32_2_4_2_0p5_5nm_TT_0V7_25C_800MHz,foldedclos,data_width=32;terminals_per_leaf=2;num_leaves=4;num_spines=2;oversubscription=0.5,5nm,TT,0.7,25.0,1.25,800.0,32,2,4,2,0.5,V-2023.12-SP4,1924,1924,0,68.888399,68.888399,0.0,0.0,0.0,1.04,0.01,0.0,0,V-2023.12-SP4,1909,1909,0,68.62,68.62,0.0,98.1288,0.6993,0.0,0.0,1.03,0.02,0.0,0,V-2023.12-SP3,V-2023.12-SP4,0.09559,0.1105,0.0004045,0.20650000000000002,0.20609,0.2576125,0.0,0.0,0.0,0.0,0.0,0.0,0.0,0.0,0.09559,0.1105,0.0004045,0.20650000000000002,0.0,0.0,0.0,0.0,0.0,0.0,0.0,0.0,0.0,0.0,0.0,0.0,0.0,0.0,0.0,0.0,vectored,fixed_route,2,2026-08-18T21:23:27+00:00
foldedclos_64_2_4_2_1p0_5nm_TT_0V7_25C_1333p33MHz,foldedclos,data_width=64;terminals_per_leaf=2;num_leaves=4;num_spines=2;oversubscription=1.0,5nm,TT,0.7,25.0,0.75,1333.3333333333333,64,2,4,2,1.0,V-2023.12-SP4,4008,4008,0,140.162398,140.162398,0.0,0.0,0.0,0.54,0.01,0.0,0,V-2023.12-SP4,3921,3921,0,136.84,136.84,0.0,199.6848,0.6853,0.0,0.0,0.56,-0.01,-0.07,19,V-2023.12-SP3,V-2023.12-SP4,0.4045,0.6757,0.0008577,1.081,1.0802,0.81015,0.0,0.0,0.0,0.0,0.0,0.0,0.0,0.0,0.4045,0.6757,0.0008577,1.081,0.0,0.0,0.0,0.0,0.0,0.0,0.0,0.0,0.0,0.0,0.0,0.0,0.0,0.0,0.0,0.0,unvectored,none,2,2026-08-18T21:36:05+00:00
foldedclos_64_2_4_2_1p0_5nm_TT_0V7_25C_1333p33MHz,foldedclos,data_width=64;terminals_per_leaf=2;num_leaves=4;num_spines=2;oversubscription=1.0,5nm,TT,0.7,25.0,0.75,1333.3333333333333,64,2,4,2,1.0,V-2023.12-SP4,4008,4008,0,140.162398,140.162398,0.0,0.0,0.0,0.54,0.01,0.0,0,V-2023.12-SP4,3921,3921,0,136.84,136.84,0.0,199.6848,0.6853,0.0,0.0,0.56,-0.01,-0.07,19,V-2023.12-SP3,V-2023.12-SP4,0.6671999999999999,1.0070000000000001,0.0008511,1.675,1.6742,1.25565,0.0,0.0,0.0,0.0,0.0,0.0,0.0,0.0,0.6671999999999999,1.0070000000000001,0.0008511,1.675,0.0,0.0,0.0,0.0,0.0,0.0,0.0,0.0,0.0,0.0,0.0,0.0,0.0,0.0,0.0,0.0,vectored,random,2,2026-08-18T21:36:13+00:00
foldedclos_64_2_4_2_1p0_5nm_TT_0V7_25C_1333p33MHz,foldedclos,data_width=64;terminals_per_leaf=2;num_leaves=4;num_spines=2;oversubscription=1.0,5nm,TT,0.7,25.0,0.75,1333.3333333333333,64,2,4,2,1.0,V-2023.12-SP4,4008,4008,0,140.162398,140.162398,0.0,0.0,0.0,0.54,0.01,0.0,0,V-2023.12-SP4,3921,3921,0,136.84,136.84,0.0,199.6848,0.6853,0.0,0.0,0.56,-0.01,-0.07,19,V-2023.12-SP3,V-2023.12-SP4,0.382,0.46890000000000004,0.0008206,0.8517,0.8509,0.6381749999999999,0.0,0.0,0.0,0.0,0.0,0.0,0.0,0.0,0.382,0.46890000000000004,0.0008206,0.8517,0.0,0.0,0.0,0.0,0.0,0.0,0.0,0.0,0.0,0.0,0.0,0.0,0.0,0.0,0.0,0.0,vectored,fixed_route,2,2026-08-18T21:36:20+00:00
foldedclos_64_2_4_2_1p0_5nm_TT_0V7_25C_800MHz,foldedclos,data_width=64;terminals_per_leaf=2;num_leaves=4;num_spines=2;oversubscription=1.0,5nm,TT,0.7,25.0,1.25,800.0,64,2,4,2,1.0,V-2023.12-SP4,3983,3983,0,139.675198,139.675198,0.0,0.0,0.0,0.7,0.35,0.0,0,V-2023.12-SP4,3926,3926,0,136.28,136.28,0.0,198.9792,0.6849,0.0,0.0,0.65,0.4,0.0,0,V-2023.12-SP3,V-2023.12-SP4,0.2396,0.40440000000000004,0.0008437,0.6447999999999999,0.644,0.805,0.0,0.0,0.0,0.0,0.0,0.0,0.0,0.0,0.2396,0.40440000000000004,0.0008437,0.6447999999999999,0.0,0.0,0.0,0.0,0.0,0.0,0.0,0.0,0.0,0.0,0.0,0.0,0.0,0.0,0.0,0.0,unvectored,none,2,2026-08-18T21:50:15+00:00
foldedclos_64_2_4_2_1p0_5nm_TT_0V7_25C_800MHz,foldedclos,data_width=64;terminals_per_leaf=2;num_leaves=4;num_spines=2;oversubscription=1.0,5nm,TT,0.7,25.0,1.25,800.0,64,2,4,2,1.0,V-2023.12-SP4,3983,3983,0,139.675198,139.675198,0.0,0.0,0.0,0.7,0.35,0.0,0,V-2023.12-SP4,3926,3926,0,136.28,136.28,0.0,198.9792,0.6849,0.0,0.0,0.65,0.4,0.0,0,V-2023.12-SP3,V-2023.12-SP4,0.40099999999999997,0.6095999999999999,0.0008362,1.011,1.0106,1.26325,0.0,0.0,0.0,0.0,0.0,0.0,0.0,0.0,0.40099999999999997,0.6095999999999999,0.0008362,1.011,0.0,0.0,0.0,0.0,0.0,0.0,0.0,0.0,0.0,0.0,0.0,0.0,0.0,0.0,0.0,0.0,vectored,random,2,2026-08-18T21:50:22+00:00
foldedclos_64_2_4_2_1p0_5nm_TT_0V7_25C_800MHz,foldedclos,data_width=64;terminals_per_leaf=2;num_leaves=4;num_spines=2;oversubscription=1.0,5nm,TT,0.7,25.0,1.25,800.0,64,2,4,2,1.0,V-2023.12-SP4,3983,3983,0,139.675198,139.675198,0.0,0.0,0.0,0.7,0.35,0.0,0,V-2023.12-SP4,3926,3926,0,136.28,136.28,0.0,198.9792,0.6849,0.0,0.0,0.65,0.4,0.0,0,V-2023.12-SP3,V-2023.12-SP4,0.2275,0.279,0.0008066,0.5074,0.5065000000000001,0.633125,0.0,0.0,0.0,0.0,0.0,0.0,0.0,0.0,0.2275,0.279,0.0008066,0.5074,0.0,0.0,0.0,0.0,0.0,0.0,0.0,0.0,0.0,0.0,0.0,0.0,0.0,0.0,0.0,0.0,vectored,fixed_route,2,2026-08-18T21:50:30+00:00
foldedclos_64_2_4_2_0p5_5nm_TT_0V7_25C_1333p33MHz,foldedclos,data_width=64;terminals_per_leaf=2;num_leaves=4;num_spines=2;oversubscription=0.5,5nm,TT,0.7,25.0,0.75,1333.3333333333333,64,2,4,2,0.5,V-2023.12-SP4,4008,4008,0,140.162398,140.162398,0.0,0.0,0.0,0.54,0.01,0.0,0,V-2023.12-SP4,3921,3921,0,136.84,136.84,0.0,199.6848,0.6853,0.0,0.0,0.56,-0.01,-0.05,20,V-2023.12-SP3,V-2023.12-SP4,0.4045,0.6752,0.0008577,1.081,1.0797,0.8097750000000001,0.0,0.0,0.0,0.0,0.0,0.0,0.0,0.0,0.4045,0.6752,0.0008577,1.081,0.0,0.0,0.0,0.0,0.0,0.0,0.0,0.0,0.0,0.0,0.0,0.0,0.0,0.0,0.0,0.0,unvectored,none,2,2026-08-18T22:04:45+00:00
foldedclos_64_2_4_2_0p5_5nm_TT_0V7_25C_1333p33MHz,foldedclos,data_width=64;terminals_per_leaf=2;num_leaves=4;num_spines=2;oversubscription=0.5,5nm,TT,0.7,25.0,0.75,1333.3333333333333,64,2,4,2,0.5,V-2023.12-SP4,4008,4008,0,140.162398,140.162398,0.0,0.0,0.0,0.54,0.01,0.0,0,V-2023.12-SP4,3921,3921,0,136.84,136.84,0.0,199.6848,0.6853,0.0,0.0,0.56,-0.01,-0.05,20,V-2023.12-SP3,V-2023.12-SP4,0.6664,1.0050000000000001,0.0008511,1.6720000000000002,1.6714000000000002,1.2535500000000002,0.0,0.0,0.0,0.0,0.0,0.0,0.0,0.0,0.6664,1.0050000000000001,0.0008511,1.6720000000000002,0.0,0.0,0.0,0.0,0.0,0.0,0.0,0.0,0.0,0.0,0.0,0.0,0.0,0.0,0.0,0.0,vectored,random,2,2026-08-18T22:04:53+00:00
foldedclos_64_2_4_2_0p5_5nm_TT_0V7_25C_1333p33MHz,foldedclos,data_width=64;terminals_per_leaf=2;num_leaves=4;num_spines=2;oversubscription=0.5,5nm,TT,0.7,25.0,0.75,1333.3333333333333,64,2,4,2,0.5,V-2023.12-SP4,4008,4008,0,140.162398,140.162398,0.0,0.0,0.0,0.54,0.01,0.0,0,V-2023.12-SP4,3921,3921,0,136.84,136.84,0.0,199.6848,0.6853,0.0,0.0,0.56,-0.01,-0.05,20,V-2023.12-SP3,V-2023.12-SP4,0.382,0.4687,0.0008206,0.8515,0.8507,0.6380250000000001,0.0,0.0,0.0,0.0,0.0,0.0,0.0,0.0,0.382,0.4687,0.0008206,0.8515,0.0,0.0,0.0,0.0,0.0,0.0,0.0,0.0,0.0,0.0,0.0,0.0,0.0,0.0,0.0,0.0,vectored,fixed_route,2,2026-08-18T22:05:01+00:00
foldedclos_64_2_4_2_0p5_5nm_TT_0V7_25C_800MHz,foldedclos,data_width=64;terminals_per_leaf=2;num_leaves=4;num_spines=2;oversubscription=0.5,5nm,TT,0.7,25.0,1.25,800.0,64,2,4,2,0.5,V-2023.12-SP4,3983,3983,0,139.675198,139.675198,0.0,0.0,0.0,0.7,0.35,0.0,0,V-2023.12-SP4,3926,3926,0,136.28,136.28,0.0,198.9792,0.6849,0.0,0.0,0.65,0.4,0.0,0,V-2023.12-SP3,V-2023.12-SP4,0.2396,0.40440000000000004,0.0008437,0.6447999999999999,0.644,0.805,0.0,0.0,0.0,0.0,0.0,0.0,0.0,0.0,0.2396,0.40440000000000004,0.0008437,0.6447999999999999,0.0,0.0,0.0,0.0,0.0,0.0,0.0,0.0,0.0,0.0,0.0,0.0,0.0,0.0,0.0,0.0,unvectored,none,2,2026-08-18T22:19:03+00:00
foldedclos_64_2_4_2_0p5_5nm_TT_0V7_25C_800MHz,foldedclos,data_width=64;terminals_per_leaf=2;num_leaves=4;num_spines=2;oversubscription=0.5,5nm,TT,0.7,25.0,1.25,800.0,64,2,4,2,0.5,V-2023.12-SP4,3983,3983,0,139.675198,139.675198,0.0,0.0,0.0,0.7,0.35,0.0,0,V-2023.12-SP4,3926,3926,0,136.28,136.28,0.0,198.9792,0.6849,0.0,0.0,0.65,0.4,0.0,0,V-2023.12-SP3,V-2023.12-SP4,0.4008,0.6095999999999999,0.0008362,1.011,1.0104,1.263,0.0,0.0,0.0,0.0,0.0,0.0,0.0,0.0,0.4008,0.6095999999999999,0.0008362,1.011,0.0,0.0,0.0,0.0,0.0,0.0,0.0,0.0,0.0,0.0,0.0,0.0,0.0,0.0,0.0,0.0,vectored,random,2,2026-08-18T22:19:11+00:00
foldedclos_64_2_4_2_0p5_5nm_TT_0V7_25C_800MHz,foldedclos,data_width=64;terminals_per_leaf=2;num_leaves=4;num_spines=2;oversubscription=0.5,5nm,TT,0.7,25.0,1.25,800.0,64,2,4,2,0.5,V-2023.12-SP4,3983,3983,0,139.675198,139.675198,0.0,0.0,0.0,0.7,0.35,0.0,0,V-2023.12-SP4,3926,3926,0,136.28,136.28,0.0,198.9792,0.6849,0.0,0.0,0.65,0.4,0.0,0,V-2023.12-SP3,V-2023.12-SP4,0.2275,0.2792,0.0008065,0.5075000000000001,0.5067,0.633375,0.0,0.0,0.0,0.0,0.0,0.0,0.0,0.0,0.2275,0.2792,0.0008065,0.5075000000000001,0.0,0.0,0.0,0.0,0.0,0.0,0.0,0.0,0.0,0.0,0.0,0.0,0.0,0.0,0.0,0.0,vectored,fixed_route,2,2026-08-18T22:19:19+00:00
foldedclos_128_2_4_2_1p0_5nm_TT_0V7_25C_1333p33MHz,foldedclos,data_width=128;terminals_per_leaf=2;num_leaves=4;num_spines=2;oversubscription=1.0,5nm,TT,0.7,25.0,0.75,1333.3333333333333,128,2,4,2,1.0,V-2023.12-SP4,14164,14164,0,507.485994,507.485994,0.0,0.0,0.0,0.55,0.0,0.0,0,V-2023.12-SP4,11674,11674,0,370.98,370.98,0.0,723.072,0.5131,0.0,0.0,0.59,-0.04,-3.5,312,V-2023.12-SP3,V-2023.12-SP4,1.143,2.1159999999999997,0.002789,3.262,3.2589999999999995,2.4442499999999994,0.0,0.0,0.0,0.0,0.0,0.0,0.0,0.0,1.143,2.1159999999999997,0.002789,3.262,0.0,0.0,0.0,0.0,0.0,0.0,0.0,0.0,0.0,0.0,0.0,0.0,0.0,0.0,0.0,0.0,unvectored,none,2,2026-08-18T22:36:51+00:00
foldedclos_128_2_4_2_1p0_5nm_TT_0V7_25C_1333p33MHz,foldedclos,data_width=128;terminals_per_leaf=2;num_leaves=4;num_spines=2;oversubscription=1.0,5nm,TT,0.7,25.0,0.75,1333.3333333333333,128,2,4,2,1.0,V-2023.12-SP4,14164,14164,0,507.485994,507.485994,0.0,0.0,0.0,0.55,0.0,0.0,0,V-2023.12-SP4,11674,11674,0,370.98,370.98,0.0,723.072,0.5131,0.0,0.0,0.59,-0.04,-3.5,312,V-2023.12-SP3,V-2023.12-SP4,1.9789999999999999,3.352,0.0027489999999999997,5.333,5.3309999999999995,3.9982499999999996,0.0,0.0,0.0,0.0,0.0,0.0,0.0,0.0,1.9789999999999999,3.352,0.0027489999999999997,5.333,0.0,0.0,0.0,0.0,0.0,0.0,0.0,0.0,0.0,0.0,0.0,0.0,0.0,0.0,0.0,0.0,vectored,random,2,2026-08-18T22:37:02+00:00
foldedclos_128_2_4_2_1p0_5nm_TT_0V7_25C_1333p33MHz,foldedclos,data_width=128;terminals_per_leaf=2;num_leaves=4;num_spines=2;oversubscription=1.0,5nm,TT,0.7,25.0,0.75,1333.3333333333333,128,2,4,2,1.0,V-2023.12-SP4,14164,14164,0,507.485994,507.485994,0.0,0.0,0.0,0.55,0.0,0.0,0,V-2023.12-SP4,11674,11674,0,370.98,370.98,0.0,723.072,0.5131,0.0,0.0,0.59,-0.04,-3.5,312,V-2023.12-SP3,V-2023.12-SP4,1.047,1.7489999999999999,0.002704,2.799,2.796,2.097,0.0,0.0,0.0,0.0,0.0,0.0,0.0,0.0,1.047,1.7489999999999999,0.002704,2.799,0.0,0.0,0.0,0.0,0.0,0.0,0.0,0.0,0.0,0.0,0.0,0.0,0.0,0.0,0.0,0.0,vectored,fixed_route,2,2026-08-18T22:37:12+00:00
foldedclos_128_2_4_2_1p0_5nm_TT_0V7_25C_800MHz,foldedclos,data_width=128;terminals_per_leaf=2;num_leaves=4;num_spines=2;oversubscription=1.0,5nm,TT,0.7,25.0,1.25,800.0,128,2,4,2,1.0,V-2023.12-SP4,6838,6838,0,250.084796,250.084796,0.0,0.0,0.0,1.05,0.0,0.0,0,V-2023.12-SP4,6968,6968,0,254.35,254.35,0.0,355.6224,0.7152,0.0,0.0,1.05,0.0,0.0,0,V-2023.12-SP3,V-2023.12-SP4,0.4487,0.7586,0.001555,1.209,1.2073,1.509125,0.0,0.0,0.0,0.0,0.0,0.0,0.0,0.0,0.4487,0.7586,0.001555,1.209,0.0,0.0,0.0,0.0,0.0,0.0,0.0,0.0,0.0,0.0,0.0,0.0,0.0,0.0,0.0,0.0,unvectored,none,2,2026-08-18T23:29:18+00:00
foldedclos_128_2_4_2_1p0_5nm_TT_0V7_25C_800MHz,foldedclos,data_width=128;terminals_per_leaf=2;num_leaves=4;num_spines=2;oversubscription=1.0,5nm,TT,0.7,25.0,1.25,800.0,128,2,4,2,1.0,V-2023.12-SP4,6838,6838,0,250.084796,250.084796,0.0,0.0,0.0,1.05,0.0,0.0,0,V-2023.12-SP4,6968,6968,0,254.35,254.35,0.0,355.6224,0.7152,0.0,0.0,1.05,0.0,0.0,0,V-2023.12-SP3,V-2023.12-SP4,0.8,1.222,0.0015409999999999998,2.024,2.0220000000000002,2.5275000000000003,0.0,0.0,0.0,0.0,0.0,0.0,0.0,0.0,0.8,1.222,0.0015409999999999998,2.024,0.0,0.0,0.0,0.0,0.0,0.0,0.0,0.0,0.0,0.0,0.0,0.0,0.0,0.0,0.0,0.0,vectored,random,2,2026-08-18T23:29:28+00:00
foldedclos_128_2_4_2_1p0_5nm_TT_0V7_25C_800MHz,foldedclos,data_width=128;terminals_per_leaf=2;num_leaves=4;num_spines=2;oversubscription=1.0,5nm,TT,0.7,25.0,1.25,800.0,128,2,4,2,1.0,V-2023.12-SP4,6838,6838,0,250.084796,250.084796,0.0,0.0,0.0,1.05,0.0,0.0,0,V-2023.12-SP4,6968,6968,0,254.35,254.35,0.0,355.6224,0.7152,0.0,0.0,1.05,0.0,0.0,0,V-2023.12-SP3,V-2023.12-SP4,0.3859,0.533,0.001523,0.9204,0.9189,1.148625,0.0,0.0,0.0,0.0,0.0,0.0,0.0,0.0,0.3859,0.533,0.001523,0.9204,0.0,0.0,0.0,0.0,0.0,0.0,0.0,0.0,0.0,0.0,0.0,0.0,0.0,0.0,0.0,0.0,vectored,fixed_route,2,2026-08-18T23:29:42+00:00
foldedclos_128_2_4_2_0p5_5nm_TT_0V7_25C_1333p33MHz,foldedclos,data_width=128;terminals_per_leaf=2;num_leaves=4;num_spines=2;oversubscription=0.5,5nm,TT,0.7,25.0,0.75,1333.3333333333333,128,2,4,2,0.5,V-2023.12-SP4,14164,14164,0,507.485994,507.485994,0.0,0.0,0.0,0.55,0.0,0.0,0,V-2023.12-SP4,11674,11674,0,370.98,370.98,0.0,723.072,0.5131,0.0,0.0,0.59,-0.04,-3.48,331,V-2023.12-SP3,V-2023.12-SP4,1.143,2.1159999999999997,0.002789,3.262,3.2589999999999995,2.4442499999999994,0.0,0.0,0.0,0.0,0.0,0.0,0.0,0.0,1.143,2.1159999999999997,0.002789,3.262,0.0,0.0,0.0,0.0,0.0,0.0,0.0,0.0,0.0,0.0,0.0,0.0,0.0,0.0,0.0,0.0,unvectored,none,2,2026-08-18T23:52:53+00:00
foldedclos_128_2_4_2_0p5_5nm_TT_0V7_25C_1333p33MHz,foldedclos,data_width=128;terminals_per_leaf=2;num_leaves=4;num_spines=2;oversubscription=0.5,5nm,TT,0.7,25.0,0.75,1333.3333333333333,128,2,4,2,0.5,V-2023.12-SP4,14164,14164,0,507.485994,507.485994,0.0,0.0,0.0,0.55,0.0,0.0,0,V-2023.12-SP4,11674,11674,0,370.98,370.98,0.0,723.072,0.5131,0.0,0.0,0.59,-0.04,-3.48,331,V-2023.12-SP3,V-2023.12-SP4,1.977,3.348,0.0027489999999999997,5.328,5.325,3.9937500000000004,0.0,0.0,0.0,0.0,0.0,0.0,0.0,0.0,1.977,3.348,0.0027489999999999997,5.328,0.0,0.0,0.0,0.0,0.0,0.0,0.0,0.0,0.0,0.0,0.0,0.0,0.0,0.0,0.0,0.0,vectored,random,2,2026-08-18T23:53:07+00:00
foldedclos_128_2_4_2_0p5_5nm_TT_0V7_25C_1333p33MHz,foldedclos,data_width=128;terminals_per_leaf=2;num_leaves=4;num_spines=2;oversubscription=0.5,5nm,TT,0.7,25.0,0.75,1333.3333333333333,128,2,4,2,0.5,V-2023.12-SP4,14164,14164,0,507.485994,507.485994,0.0,0.0,0.0,0.55,0.0,0.0,0,V-2023.12-SP4,11674,11674,0,370.98,370.98,0.0,723.072,0.5131,0.0,0.0,0.59,-0.04,-3.48,331,V-2023.12-SP3,V-2023.12-SP4,1.047,1.75,0.002704,2.8,2.7969999999999997,2.0977499999999996,0.0,0.0,0.0,0.0,0.0,0.0,0.0,0.0,1.047,1.75,0.002704,2.8,0.0,0.0,0.0,0.0,0.0,0.0,0.0,0.0,0.0,0.0,0.0,0.0,0.0,0.0,0.0,0.0,vectored,fixed_route,2,2026-08-18T23:53:22+00:00
foldedclos_128_2_4_2_0p5_5nm_TT_0V7_25C_800MHz,foldedclos,data_width=128;terminals_per_leaf=2;num_leaves=4;num_spines=2;oversubscription=0.5,5nm,TT,0.7,25.0,1.25,800.0,128,2,4,2,0.5,V-2023.12-SP4,6838,6838,0,250.084796,250.084796,0.0,0.0,0.0,1.05,0.0,0.0,0,V-2023.12-SP4,6968,6968,0,254.35,254.35,0.0,355.6224,0.7152,0.0,0.0,1.06,-0.01,-0.05,13,V-2023.12-SP3,V-2023.12-SP4,0.4486,0.7586,0.001555,1.209,1.2072,1.5090000000000001,0.0,0.0,0.0,0.0,0.0,0.0,0.0,0.0,0.4486,0.7586,0.001555,1.209,0.0,0.0,0.0,0.0,0.0,0.0,0.0,0.0,0.0,0.0,0.0,0.0,0.0,0.0,0.0,0.0,unvectored,none,2,2026-08-19T00:39:24+00:00
foldedclos_128_2_4_2_0p5_5nm_TT_0V7_25C_800MHz,foldedclos,data_width=128;terminals_per_leaf=2;num_leaves=4;num_spines=2;oversubscription=0.5,5nm,TT,0.7,25.0,1.25,800.0,128,2,4,2,0.5,V-2023.12-SP4,6838,6838,0,250.084796,250.084796,0.0,0.0,0.0,1.05,0.0,0.0,0,V-2023.12-SP4,6968,6968,0,254.35,254.35,0.0,355.6224,0.7152,0.0,0.0,1.06,-0.01,-0.05,13,V-2023.12-SP3,V-2023.12-SP4,0.8006000000000001,1.2229999999999999,0.0015409999999999998,2.025,2.0236,2.5295,0.0,0.0,0.0,0.0,0.0,0.0,0.0,0.0,0.8006000000000001,1.2229999999999999,0.0015409999999999998,2.025,0.0,0.0,0.0,0.0,0.0,0.0,0.0,0.0,0.0,0.0,0.0,0.0,0.0,0.0,0.0,0.0,vectored,random,2,2026-08-19T00:39:33+00:00
foldedclos_128_2_4_2_0p5_5nm_TT_0V7_25C_800MHz,foldedclos,data_width=128;terminals_per_leaf=2;num_leaves=4;num_spines=2;oversubscription=0.5,5nm,TT,0.7,25.0,1.25,800.0,128,2,4,2,0.5,V-2023.12-SP4,6838,6838,0,250.084796,250.084796,0.0,0.0,0.0,1.05,0.0,0.0,0,V-2023.12-SP4,6968,6968,0,254.35,254.35,0.0,355.6224,0.7152,0.0,0.0,1.06,-0.01,-0.05,13,V-2023.12-SP3,V-2023.12-SP4,0.3859,0.5328,0.001523,0.9202,0.9187000000000001,1.1483750000000001,0.0,0.0,0.0,0.0,0.0,0.0,0.0,0.0,0.3859,0.5328,0.001523,0.9202,0.0,0.0,0.0,0.0,0.0,0.0,0.0,0.0,0.0,0.0,0.0,0.0,0.0,0.0,0.0,0.0,vectored,fixed_route,2,2026-08-19T00:39:41+00:00
foldedclos_32_4_2_2_1p0_5nm_TT_0V7_25C_1333p33MHz,foldedclos,data_width=32;terminals_per_leaf=4;num_leaves=2;num_spines=2;oversubscription=1.0,5nm,TT,0.7,25.0,0.75,1333.3333333333333,32,4,2,2,1.0,V-2023.12-SP4,3920,3920,0,133.467598,133.467598,0.0,0.0,0.0,0.54,0.01,0.0,0,V-2023.12-SP4,3001,3001,0,93.16,93.16,0.0,190.1088,0.4901,0.0,0.0,0.55,-0.0,-0.0,2,V-2023.12-SP3,V-2023.12-SP4,0.2942,0.6017,0.0006743999999999999,0.8965000000000001,0.8959,0.671925,0.0,0.0,0.0,0.0,0.0,0.0,0.0,0.0,0.2942,0.6017,0.0006743999999999999,0.8965000000000001,0.0,0.0,0.0,0.0,0.0,0.0,0.0,0.0,0.0,0.0,0.0,0.0,0.0,0.0,0.0,0.0,unvectored,none,2,2026-08-19T00:44:28+00:00
foldedclos_32_4_2_2_1p0_5nm_TT_0V7_25C_1333p33MHz,foldedclos,data_width=32;terminals_per_leaf=4;num_leaves=2;num_spines=2;oversubscription=1.0,5nm,TT,0.7,25.0,0.75,1333.3333333333333,32,4,2,2,1.0,V-2023.12-SP4,3920,3920,0,133.467598,133.467598,0.0,0.0,0.0,0.54,0.01,0.0,0,V-2023.12-SP4,3001,3001,0,93.16,93.16,0.0,190.1088,0.4901,0.0,0.0,0.55,-0.0,-0.0,2,V-2023.12-SP3,V-2023.12-SP4,0.5107999999999999,0.9193,0.0006630000000000001,1.431,1.4301,1.072575,0.0,0.0,0.0,0.0,0.0,0.0,0.0,0.0,0.5107999999999999,0.9193,0.0006630000000000001,1.431,0.0,0.0,0.0,0.0,0.0,0.0,0.0,0.0,0.0,0.0,0.0,0.0,0.0,0.0,0.0,0.0,vectored,random,2,2026-08-19T00:44:36+00:00
foldedclos_32_4_2_2_1p0_5nm_TT_0V7_25C_1333p33MHz,foldedclos,data_width=32;terminals_per_leaf=4;num_leaves=2;num_spines=2;oversubscription=1.0,5nm,TT,0.7,25.0,0.75,1333.3333333333333,32,4,2,2,1.0,V-2023.12-SP4,3920,3920,0,133.467598,133.467598,0.0,0.0,0.0,0.54,0.01,0.0,0,V-2023.12-SP4,3001,3001,0,93.16,93.16,0.0,190.1088,0.4901,0.0,0.0,0.55,-0.0,-0.0,2,V-2023.12-SP3,V-2023.12-SP4,0.2226,0.47390000000000004,0.0006504,0.6972,0.6965,0.522375,0.0,0.0,0.0,0.0,0.0,0.0,0.0,0.0,0.2226,0.47390000000000004,0.0006504,0.6972,0.0,0.0,0.0,0.0,0.0,0.0,0.0,0.0,0.0,0.0,0.0,0.0,0.0,0.0,0.0,0.0,vectored,fixed_route,2,2026-08-19T00:44:43+00:00
foldedclos_32_4_2_2_1p0_5nm_TT_0V7_25C_800MHz,foldedclos,data_width=32;terminals_per_leaf=4;num_leaves=2;num_spines=2;oversubscription=1.0,5nm,TT,0.7,25.0,1.25,800.0,32,4,2,2,1.0,V-2023.12-SP4,1924,1924,0,68.888399,68.888399,0.0,0.0,0.0,1.04,0.01,0.0,0,V-2023.12-SP4,1909,1909,0,68.62,68.62,0.0,98.1288,0.6993,0.0,0.0,1.03,0.02,0.0,0,V-2023.12-SP3,V-2023.12-SP4,0.12219999999999999,0.1922,0.00041600000000000003,0.3148,0.3144,0.393,0.0,0.0,0.0,0.0,0.0,0.0,0.0,0.0,0.12219999999999999,0.1922,0.00041600000000000003,0.3148,0.0,0.0,0.0,0.0,0.0,0.0,0.0,0.0,0.0,0.0,0.0,0.0,0.0,0.0,0.0,0.0,unvectored,none,2,2026-08-19T00:50:51+00:00
foldedclos_32_4_2_2_1p0_5nm_TT_0V7_25C_800MHz,foldedclos,data_width=32;terminals_per_leaf=4;num_leaves=2;num_spines=2;oversubscription=1.0,5nm,TT,0.7,25.0,1.25,800.0,32,4,2,2,1.0,V-2023.12-SP4,1924,1924,0,68.888399,68.888399,0.0,0.0,0.0,1.04,0.01,0.0,0,V-2023.12-SP4,1909,1909,0,68.62,68.62,0.0,98.1288,0.6993,0.0,0.0,1.03,0.02,0.0,0,V-2023.12-SP3,V-2023.12-SP4,0.21800000000000003,0.30410000000000004,0.0004125,0.5225,0.5221,0.652625,0.0,0.0,0.0,0.0,0.0,0.0,0.0,0.0,0.21800000000000003,0.30410000000000004,0.0004125,0.5225,0.0,0.0,0.0,0.0,0.0,0.0,0.0,0.0,0.0,0.0,0.0,0.0,0.0,0.0,0.0,0.0,vectored,random,2,2026-08-19T00:50:59+00:00
foldedclos_32_4_2_2_1p0_5nm_TT_0V7_25C_800MHz,foldedclos,data_width=32;terminals_per_leaf=4;num_leaves=2;num_spines=2;oversubscription=1.0,5nm,TT,0.7,25.0,1.25,800.0,32,4,2,2,1.0,V-2023.12-SP4,1924,1924,0,68.888399,68.888399,0.0,0.0,0.0,1.04,0.01,0.0,0,V-2023.12-SP4,1909,1909,0,68.62,68.62,0.0,98.1288,0.6993,0.0,0.0,1.03,0.02,0.0,0,V-2023.12-SP3,V-2023.12-SP4,0.09559,0.1106,0.0004045,0.2066,0.20618999999999998,0.25773749999999995,0.0,0.0,0.0,0.0,0.0,0.0,0.0,0.0,0.09559,0.1106,0.0004045,0.2066,0.0,0.0,0.0,0.0,0.0,0.0,0.0,0.0,0.0,0.0,0.0,0.0,0.0,0.0,0.0,0.0,vectored,fixed_route,2,2026-08-19T00:51:06+00:00
foldedclos_32_4_2_2_0p5_5nm_TT_0V7_25C_1333p33MHz,foldedclos,data_width=32;terminals_per_leaf=4;num_leaves=2;num_spines=2;oversubscription=0.5,5nm,TT,0.7,25.0,0.75,1333.3333333333333,32,4,2,2,0.5,V-2023.12-SP4,3920,3920,0,133.467598,133.467598,0.0,0.0,0.0,0.54,0.01,0.0,0,V-2023.12-SP4,3001,3001,0,93.16,93.16,0.0,190.1088,0.4901,0.0,0.0,0.55,-0.0,-0.01,2,V-2023.12-SP3,V-2023.12-SP4,0.2942,0.6017,0.0006743999999999999,0.8965000000000001,0.8959,0.671925,0.0,0.0,0.0,0.0,0.0,0.0,0.0,0.0,0.2942,0.6017,0.0006743999999999999,0.8965000000000001,0.0,0.0,0.0,0.0,0.0,0.0,0.0,0.0,0.0,0.0,0.0,0.0,0.0,0.0,0.0,0.0,unvectored,none,2,2026-08-19T00:56:18+00:00
foldedclos_32_4_2_2_0p5_5nm_TT_0V7_25C_1333p33MHz,foldedclos,data_width=32;terminals_per_leaf=4;num_leaves=2;num_spines=2;oversubscription=0.5,5nm,TT,0.7,25.0,0.75,1333.3333333333333,32,4,2,2,0.5,V-2023.12-SP4,3920,3920,0,133.467598,133.467598,0.0,0.0,0.0,0.54,0.01,0.0,0,V-2023.12-SP4,3001,3001,0,93.16,93.16,0.0,190.1088,0.4901,0.0,0.0,0.55,-0.0,-0.01,2,V-2023.12-SP3,V-2023.12-SP4,0.5105,0.9190999999999999,0.0006630000000000001,1.4300000000000002,1.4295999999999998,1.0721999999999998,0.0,0.0,0.0,0.0,0.0,0.0,0.0,0.0,0.5105,0.9190999999999999,0.0006630000000000001,1.4300000000000002,0.0,0.0,0.0,0.0,0.0,0.0,0.0,0.0,0.0,0.0,0.0,0.0,0.0,0.0,0.0,0.0,vectored,random,2,2026-08-19T00:56:25+00:00
foldedclos_32_4_2_2_0p5_5nm_TT_0V7_25C_1333p33MHz,foldedclos,data_width=32;terminals_per_leaf=4;num_leaves=2;num_spines=2;oversubscription=0.5,5nm,TT,0.7,25.0,0.75,1333.3333333333333,32,4,2,2,0.5,V-2023.12-SP4,3920,3920,0,133.467598,133.467598,0.0,0.0,0.0,0.54,0.01,0.0,0,V-2023.12-SP4,3001,3001,0,93.16,93.16,0.0,190.1088,0.4901,0.0,0.0,0.55,-0.0,-0.01,2,V-2023.12-SP3,V-2023.12-SP4,0.2226,0.474,0.0006504,0.6973,0.6966,0.52245,0.0,0.0,0.0,0.0,0.0,0.0,0.0,0.0,0.2226,0.474,0.0006504,0.6973,0.0,0.0,0.0,0.0,0.0,0.0,0.0,0.0,0.0,0.0,0.0,0.0,0.0,0.0,0.0,0.0,vectored,fixed_route,2,2026-08-19T00:56:33+00:00
foldedclos_32_4_2_2_0p5_5nm_TT_0V7_25C_800MHz,foldedclos,data_width=32;terminals_per_leaf=4;num_leaves=2;num_spines=2;oversubscription=0.5,5nm,TT,0.7,25.0,1.25,800.0,32,4,2,2,0.5,V-2023.12-SP4,1924,1924,0,68.888399,68.888399,0.0,0.0,0.0,1.04,0.01,0.0,0,V-2023.12-SP4,1909,1909,0,68.62,68.62,0.0,98.1288,0.6993,0.0,0.0,1.03,0.02,0.0,0,V-2023.12-SP3,V-2023.12-SP4,0.12219999999999999,0.19210000000000002,0.00041600000000000003,0.3147,0.3143,0.39287500000000003,0.0,0.0,0.0,0.0,0.0,0.0,0.0,0.0,0.12219999999999999,0.19210000000000002,0.00041600000000000003,0.3147,0.0,0.0,0.0,0.0,0.0,0.0,0.0,0.0,0.0,0.0,0.0,0.0,0.0,0.0,0.0,0.0,unvectored,none,2,2026-08-19T01:02:02+00:00
foldedclos_32_4_2_2_0p5_5nm_TT_0V7_25C_800MHz,foldedclos,data_width=32;terminals_per_leaf=4;num_leaves=2;num_spines=2;oversubscription=0.5,5nm,TT,0.7,25.0,1.25,800.0,32,4,2,2,0.5,V-2023.12-SP4,1924,1924,0,68.888399,68.888399,0.0,0.0,0.0,1.04,0.01,0.0,0,V-2023.12-SP4,1909,1909,0,68.62,68.62,0.0,98.1288,0.6993,0.0,0.0,1.03,0.02,0.0,0,V-2023.12-SP3,V-2023.12-SP4,0.2181,0.30410000000000004,0.0004125,0.5226000000000001,0.5222,0.6527499999999999,0.0,0.0,0.0,0.0,0.0,0.0,0.0,0.0,0.2181,0.30410000000000004,0.0004125,0.5226000000000001,0.0,0.0,0.0,0.0,0.0,0.0,0.0,0.0,0.0,0.0,0.0,0.0,0.0,0.0,0.0,0.0,vectored,random,2,2026-08-19T01:02:09+00:00
foldedclos_32_4_2_2_0p5_5nm_TT_0V7_25C_800MHz,foldedclos,data_width=32;terminals_per_leaf=4;num_leaves=2;num_spines=2;oversubscription=0.5,5nm,TT,0.7,25.0,1.25,800.0,32,4,2,2,0.5,V-2023.12-SP4,1924,1924,0,68.888399,68.888399,0.0,0.0,0.0,1.04,0.01,0.0,0,V-2023.12-SP4,1909,1909,0,68.62,68.62,0.0,98.1288,0.6993,0.0,0.0,1.03,0.02,0.0,0,V-2023.12-SP3,V-2023.12-SP4,0.09559,0.1106,0.0004045,0.2066,0.20618999999999998,0.25773749999999995,0.0,0.0,0.0,0.0,0.0,0.0,0.0,0.0,0.09559,0.1106,0.0004045,0.2066,0.0,0.0,0.0,0.0,0.0,0.0,0.0,0.0,0.0,0.0,0.0,0.0,0.0,0.0,0.0,0.0,vectored,fixed_route,2,2026-08-19T01:02:16+00:00
foldedclos_64_4_2_2_1p0_5nm_TT_0V7_25C_1333p33MHz,foldedclos,data_width=64;terminals_per_leaf=4;num_leaves=2;num_spines=2;oversubscription=1.0,5nm,TT,0.7,25.0,0.75,1333.3333333333333,64,4,2,2,1.0,V-2023.12-SP4,4008,4008,0,140.162398,140.162398,0.0,0.0,0.0,0.54,0.01,0.0,0,V-2023.12-SP4,3921,3921,0,136.84,136.84,0.0,199.6848,0.6853,0.0,0.0,0.56,-0.01,-0.04,14,V-2023.12-SP3,V-2023.12-SP4,0.4045,0.675,0.0008577,1.08,1.0795000000000001,0.809625,0.0,0.0,0.0,0.0,0.0,0.0,0.0,0.0,0.4045,0.675,0.0008577,1.08,0.0,0.0,0.0,0.0,0.0,0.0,0.0,0.0,0.0,0.0,0.0,0.0,0.0,0.0,0.0,0.0,unvectored,none,2,2026-08-19T01:15:15+00:00
foldedclos_64_4_2_2_1p0_5nm_TT_0V7_25C_1333p33MHz,foldedclos,data_width=64;terminals_per_leaf=4;num_leaves=2;num_spines=2;oversubscription=1.0,5nm,TT,0.7,25.0,0.75,1333.3333333333333,64,4,2,2,1.0,V-2023.12-SP4,4008,4008,0,140.162398,140.162398,0.0,0.0,0.0,0.54,0.01,0.0,0,V-2023.12-SP4,3921,3921,0,136.84,136.84,0.0,199.6848,0.6853,0.0,0.0,0.56,-0.01,-0.04,14,V-2023.12-SP3,V-2023.12-SP4,0.6673,1.0050000000000001,0.0008511,1.674,1.6723000000000001,1.2542250000000001,0.0,0.0,0.0,0.0,0.0,0.0,0.0,0.0,0.6673,1.0050000000000001,0.0008511,1.674,0.0,0.0,0.0,0.0,0.0,0.0,0.0,0.0,0.0,0.0,0.0,0.0,0.0,0.0,0.0,0.0,vectored,random,2,2026-08-19T01:15:21+00:00
foldedclos_64_4_2_2_1p0_5nm_TT_0V7_25C_1333p33MHz,foldedclos,data_width=64;terminals_per_leaf=4;num_leaves=2;num_spines=2;oversubscription=1.0,5nm,TT,0.7,25.0,0.75,1333.3333333333333,64,4,2,2,1.0,V-2023.12-SP4,4008,4008,0,140.162398,140.162398,0.0,0.0,0.0,0.54,0.01,0.0,0,V-2023.12-SP4,3921,3921,0,136.84,136.84,0.0,199.6848,0.6853,0.0,0.0,0.56,-0.01,-0.04,14,V-2023.12-SP3,V-2023.12-SP4,0.382,0.4681,0.0008206,0.8509,0.8501000000000001,0.637575,0.0,0.0,0.0,0.0,0.0,0.0,0.0,0.0,0.382,0.4681,0.0008206,0.8509,0.0,0.0,0.0,0.0,0.0,0.0,0.0,0.0,0.0,0.0,0.0,0.0,0.0,0.0,0.0,0.0,vectored,fixed_route,2,2026-08-19T01:15:28+00:00
foldedclos_64_4_2_2_1p0_5nm_TT_0V7_25C_800MHz,foldedclos,data_width=64;terminals_per_leaf=4;num_leaves=2;num_spines=2;oversubscription=1.0,5nm,TT,0.7,25.0,1.25,800.0,64,4,2,2,1.0,V-2023.12-SP4,3983,3983,0,139.675198,139.675198,0.0,0.0,0.0,0.7,0.35,0.0,0,V-2023.12-SP4,3926,3926,0,136.28,136.28,0.0,198.9792,0.6849,0.0,0.0,0.65,0.4,0.0,0,V-2023.12-SP3,V-2023.12-SP4,0.2396,0.4047,0.0008437,0.6451,0.6443,0.805375,0.0,0.0,0.0,0.0,0.0,0.0,0.0,0.0,0.2396,0.4047,0.0008437,0.6451,0.0,0.0,0.0,0.0,0.0,0.0,0.0,0.0,0.0,0.0,0.0,0.0,0.0,0.0,0.0,0.0,unvectored,none,2,2026-08-19T01:27:13+00:00
foldedclos_64_4_2_2_1p0_5nm_TT_0V7_25C_800MHz,foldedclos,data_width=64;terminals_per_leaf=4;num_leaves=2;num_spines=2;oversubscription=1.0,5nm,TT,0.7,25.0,1.25,800.0,64,4,2,2,1.0,V-2023.12-SP4,3983,3983,0,139.675198,139.675198,0.0,0.0,0.0,0.7,0.35,0.0,0,V-2023.12-SP4,3926,3926,0,136.28,136.28,0.0,198.9792,0.6849,0.0,0.0,0.65,0.4,0.0,0,V-2023.12-SP3,V-2023.12-SP4,0.4007,0.6095,0.0008362,1.011,1.0102,1.26275,0.0,0.0,0.0,0.0,0.0,0.0,0.0,0.0,0.4007,0.6095,0.0008362,1.011,0.0,0.0,0.0,0.0,0.0,0.0,0.0,0.0,0.0,0.0,0.0,0.0,0.0,0.0,0.0,0.0,vectored,random,2,2026-08-19T01:27:20+00:00
foldedclos_64_4_2_2_1p0_5nm_TT_0V7_25C_800MHz,foldedclos,data_width=64;terminals_per_leaf=4;num_leaves=2;num_spines=2;oversubscription=1.0,5nm,TT,0.7,25.0,1.25,800.0,64,4,2,2,1.0,V-2023.12-SP4,3983,3983,0,139.675198,139.675198,0.0,0.0,0.0,0.7,0.35,0.0,0,V-2023.12-SP4,3926,3926,0,136.28,136.28,0.0,198.9792,0.6849,0.0,0.0,0.65,0.4,0.0,0,V-2023.12-SP3,V-2023.12-SP4,0.2275,0.27940000000000004,0.0008066,0.5077,0.5069,0.633625,0.0,0.0,0.0,0.0,0.0,0.0,0.0,0.0,0.2275,0.27940000000000004,0.0008066,0.5077,0.0,0.0,0.0,0.0,0.0,0.0,0.0,0.0,0.0,0.0,0.0,0.0,0.0,0.0,0.0,0.0,vectored,fixed_route,2,2026-08-19T01:27:28+00:00
foldedclos_64_4_2_2_0p5_5nm_TT_0V7_25C_1333p33MHz,foldedclos,data_width=64;terminals_per_leaf=4;num_leaves=2;num_spines=2;oversubscription=0.5,5nm,TT,0.7,25.0,0.75,1333.3333333333333,64,4,2,2,0.5,V-2023.12-SP4,4008,4008,0,140.162398,140.162398,0.0,0.0,0.0,0.54,0.01,0.0,0,V-2023.12-SP4,3921,3921,0,136.84,136.84,0.0,199.6848,0.6853,0.0,0.0,0.56,-0.01,-0.07,20,V-2023.12-SP3,V-2023.12-SP4,0.4045,0.6752,0.0008577,1.081,1.0797,0.8097750000000001,0.0,0.0,0.0,0.0,0.0,0.0,0.0,0.0,0.4045,0.6752,0.0008577,1.081,0.0,0.0,0.0,0.0,0.0,0.0,0.0,0.0,0.0,0.0,0.0,0.0,0.0,0.0,0.0,0.0,unvectored,none,2,2026-08-19T01:39:26+00:00
foldedclos_64_4_2_2_0p5_5nm_TT_0V7_25C_1333p33MHz,foldedclos,data_width=64;terminals_per_leaf=4;num_leaves=2;num_spines=2;oversubscription=0.5,5nm,TT,0.7,25.0,0.75,1333.3333333333333,64,4,2,2,0.5,V-2023.12-SP4,4008,4008,0,140.162398,140.162398,0.0,0.0,0.0,0.54,0.01,0.0,0,V-2023.12-SP4,3921,3921,0,136.84,136.84,0.0,199.6848,0.6853,0.0,0.0,0.56,-0.01,-0.07,20,V-2023.12-SP3,V-2023.12-SP4,0.6675,1.0070000000000001,0.0008511,1.675,1.6745,1.255875,0.0,0.0,0.0,0.0,0.0,0.0,0.0,0.0,0.6675,1.0070000000000001,0.0008511,1.675,0.0,0.0,0.0,0.0,0.0,0.0,0.0,0.0,0.0,0.0,0.0,0.0,0.0,0.0,0.0,0.0,vectored,random,2,2026-08-19T01:39:33+00:00
foldedclos_64_4_2_2_0p5_5nm_TT_0V7_25C_1333p33MHz,foldedclos,data_width=64;terminals_per_leaf=4;num_leaves=2;num_spines=2;oversubscription=0.5,5nm,TT,0.7,25.0,0.75,1333.3333333333333,64,4,2,2,0.5,V-2023.12-SP4,4008,4008,0,140.162398,140.162398,0.0,0.0,0.0,0.54,0.01,0.0,0,V-2023.12-SP4,3921,3921,0,136.84,136.84,0.0,199.6848,0.6853,0.0,0.0,0.56,-0.01,-0.07,20,V-2023.12-SP3,V-2023.12-SP4,0.382,0.4684,0.0008206,0.8512,0.8504,0.6378,0.0,0.0,0.0,0.0,0.0,0.0,0.0,0.0,0.382,0.4684,0.0008206,0.8512,0.0,0.0,0.0,0.0,0.0,0.0,0.0,0.0,0.0,0.0,0.0,0.0,0.0,0.0,0.0,0.0,vectored,fixed_route,2,2026-08-19T01:39:40+00:00
foldedclos_64_4_2_2_0p5_5nm_TT_0V7_25C_800MHz,foldedclos,data_width=64;terminals_per_leaf=4;num_leaves=2;num_spines=2;oversubscription=0.5,5nm,TT,0.7,25.0,1.25,800.0,64,4,2,2,0.5,V-2023.12-SP4,3983,3983,0,139.675198,139.675198,0.0,0.0,0.0,0.7,0.35,0.0,0,V-2023.12-SP4,3926,3926,0,136.28,136.28,0.0,198.9792,0.6849,0.0,0.0,0.65,0.4,0.0,0,V-2023.12-SP3,V-2023.12-SP4,0.2395,0.4042,0.0008437,0.6446,0.6436999999999999,0.8046249999999999,0.0,0.0,0.0,0.0,0.0,0.0,0.0,0.0,0.2395,0.4042,0.0008437,0.6446,0.0,0.0,0.0,0.0,0.0,0.0,0.0,0.0,0.0,0.0,0.0,0.0,0.0,0.0,0.0,0.0,unvectored,none,2,2026-08-19T01:52:06+00:00
foldedclos_64_4_2_2_0p5_5nm_TT_0V7_25C_800MHz,foldedclos,data_width=64;terminals_per_leaf=4;num_leaves=2;num_spines=2;oversubscription=0.5,5nm,TT,0.7,25.0,1.25,800.0,64,4,2,2,0.5,V-2023.12-SP4,3983,3983,0,139.675198,139.675198,0.0,0.0,0.0,0.7,0.35,0.0,0,V-2023.12-SP4,3926,3926,0,136.28,136.28,0.0,198.9792,0.6849,0.0,0.0,0.65,0.4,0.0,0,V-2023.12-SP3,V-2023.12-SP4,0.40059999999999996,0.6088,0.0008362,1.01,1.0093999999999999,1.2617499999999997,0.0,0.0,0.0,0.0,0.0,0.0,0.0,0.0,0.40059999999999996,0.6088,0.0008362,1.01,0.0,0.0,0.0,0.0,0.0,0.0,0.0,0.0,0.0,0.0,0.0,0.0,0.0,0.0,0.0,0.0,vectored,random,2,2026-08-19T01:52:13+00:00
foldedclos_64_4_2_2_0p5_5nm_TT_0V7_25C_800MHz,foldedclos,data_width=64;terminals_per_leaf=4;num_leaves=2;num_spines=2;oversubscription=0.5,5nm,TT,0.7,25.0,1.25,800.0,64,4,2,2,0.5,V-2023.12-SP4,3983,3983,0,139.675198,139.675198,0.0,0.0,0.0,0.7,0.35,0.0,0,V-2023.12-SP4,3926,3926,0,136.28,136.28,0.0,198.9792,0.6849,0.0,0.0,0.65,0.4,0.0,0,V-2023.12-SP3,V-2023.12-SP4,0.2275,0.279,0.0008066,0.5074,0.5065000000000001,0.633125,0.0,0.0,0.0,0.0,0.0,0.0,0.0,0.0,0.2275,0.279,0.0008066,0.5074,0.0,0.0,0.0,0.0,0.0,0.0,0.0,0.0,0.0,0.0,0.0,0.0,0.0,0.0,0.0,0.0,vectored,fixed_route,2,2026-08-19T01:52:20+00:00
foldedclos_128_4_2_2_1p0_5nm_TT_0V7_25C_1333p33MHz,foldedclos,data_width=128;terminals_per_leaf=4;num_leaves=2;num_spines=2;oversubscription=1.0,5nm,TT,0.7,25.0,0.75,1333.3333333333333,128,4,2,2,1.0,V-2023.12-SP4,14164,14164,0,507.485994,507.485994,0.0,0.0,0.0,0.55,0.0,0.0,0,V-2023.12-SP4,11674,11674,0,370.98,370.98,0.0,723.072,0.5131,0.0,0.0,0.58,-0.03,-3.39,325,V-2023.12-SP3,V-2023.12-SP4,1.143,2.1159999999999997,0.002789,3.262,3.2589999999999995,2.4442499999999994,0.0,0.0,0.0,0.0,0.0,0.0,0.0,0.0,1.143,2.1159999999999997,0.002789,3.262,0.0,0.0,0.0,0.0,0.0,0.0,0.0,0.0,0.0,0.0,0.0,0.0,0.0,0.0,0.0,0.0,unvectored,none,2,2026-08-19T02:05:13+00:00
foldedclos_128_4_2_2_1p0_5nm_TT_0V7_25C_1333p33MHz,foldedclos,data_width=128;terminals_per_leaf=4;num_leaves=2;num_spines=2;oversubscription=1.0,5nm,TT,0.7,25.0,0.75,1333.3333333333333,128,4,2,2,1.0,V-2023.12-SP4,14164,14164,0,507.485994,507.485994,0.0,0.0,0.0,0.55,0.0,0.0,0,V-2023.12-SP4,11674,11674,0,370.98,370.98,0.0,723.072,0.5131,0.0,0.0,0.58,-0.03,-3.39,325,V-2023.12-SP3,V-2023.12-SP4,1.9780000000000002,3.35,0.0027489999999999997,5.33,5.328,3.9960000000000004,0.0,0.0,0.0,0.0,0.0,0.0,0.0,0.0,1.9780000000000002,3.35,0.0027489999999999997,5.33,0.0,0.0,0.0,0.0,0.0,0.0,0.0,0.0,0.0,0.0,0.0,0.0,0.0,0.0,0.0,0.0,vectored,random,2,2026-08-19T02:05:22+00:00
foldedclos_128_4_2_2_1p0_5nm_TT_0V7_25C_1333p33MHz,foldedclos,data_width=128;terminals_per_leaf=4;num_leaves=2;num_spines=2;oversubscription=1.0,5nm,TT,0.7,25.0,0.75,1333.3333333333333,128,4,2,2,1.0,V-2023.12-SP4,14164,14164,0,507.485994,507.485994,0.0,0.0,0.0,0.55,0.0,0.0,0,V-2023.12-SP4,11674,11674,0,370.98,370.98,0.0,723.072,0.5131,0.0,0.0,0.58,-0.03,-3.39,325,V-2023.12-SP3,V-2023.12-SP4,1.047,1.75,0.002704,2.8,2.7969999999999997,2.0977499999999996,0.0,0.0,0.0,0.0,0.0,0.0,0.0,0.0,1.047,1.75,0.002704,2.8,0.0,0.0,0.0,0.0,0.0,0.0,0.0,0.0,0.0,0.0,0.0,0.0,0.0,0.0,0.0,0.0,vectored,fixed_route,2,2026-08-19T02:05:30+00:00
foldedclos_128_4_2_2_1p0_5nm_TT_0V7_25C_800MHz,foldedclos,data_width=128;terminals_per_leaf=4;num_leaves=2;num_spines=2;oversubscription=1.0,5nm,TT,0.7,25.0,1.25,800.0,128,4,2,2,1.0,V-2023.12-SP4,6838,6838,0,250.084796,250.084796,0.0,0.0,0.0,1.05,0.0,0.0,0,V-2023.12-SP4,6968,6968,0,254.35,254.35,0.0,355.6224,0.7152,0.0,0.0,1.05,-0.0,-0.02,8,V-2023.12-SP3,V-2023.12-SP4,0.4487,0.7586,0.001555,1.209,1.2073,1.509125,0.0,0.0,0.0,0.0,0.0,0.0,0.0,0.0,0.4487,0.7586,0.001555,1.209,0.0,0.0,0.0,0.0,0.0,0.0,0.0,0.0,0.0,0.0,0.0,0.0,0.0,0.0,0.0,0.0,unvectored,none,2,2026-08-19T02:36:27+00:00
foldedclos_128_4_2_2_1p0_5nm_TT_0V7_25C_800MHz,foldedclos,data_width=128;terminals_per_leaf=4;num_leaves=2;num_spines=2;oversubscription=1.0,5nm,TT,0.7,25.0,1.25,800.0,128,4,2,2,1.0,V-2023.12-SP4,6838,6838,0,250.084796,250.084796,0.0,0.0,0.0,1.05,0.0,0.0,0,V-2023.12-SP4,6968,6968,0,254.35,254.35,0.0,355.6224,0.7152,0.0,0.0,1.05,-0.0,-0.02,8,V-2023.12-SP3,V-2023.12-SP4,0.8004,1.222,0.0015409999999999998,2.024,2.0224,2.5280000000000005,0.0,0.0,0.0,0.0,0.0,0.0,0.0,0.0,0.8004,1.222,0.0015409999999999998,2.024,0.0,0.0,0.0,0.0,0.0,0.0,0.0,0.0,0.0,0.0,0.0,0.0,0.0,0.0,0.0,0.0,vectored,random,2,2026-08-19T02:36:35+00:00
foldedclos_128_4_2_2_1p0_5nm_TT_0V7_25C_800MHz,foldedclos,data_width=128;terminals_per_leaf=4;num_leaves=2;num_spines=2;oversubscription=1.0,5nm,TT,0.7,25.0,1.25,800.0,128,4,2,2,1.0,V-2023.12-SP4,6838,6838,0,250.084796,250.084796,0.0,0.0,0.0,1.05,0.0,0.0,0,V-2023.12-SP4,6968,6968,0,254.35,254.35,0.0,355.6224,0.7152,0.0,0.0,1.05,-0.0,-0.02,8,V-2023.12-SP3,V-2023.12-SP4,0.3859,0.5328,0.001523,0.9203,0.9187000000000001,1.1483750000000001,0.0,0.0,0.0,0.0,0.0,0.0,0.0,0.0,0.3859,0.5328,0.001523,0.9203,0.0,0.0,0.0,0.0,0.0,0.0,0.0,0.0,0.0,0.0,0.0,0.0,0.0,0.0,0.0,0.0,vectored,fixed_route,2,2026-08-19T02:36:42+00:00
foldedclos_128_4_2_2_0p5_5nm_TT_0V7_25C_1333p33MHz,foldedclos,data_width=128;terminals_per_leaf=4;num_leaves=2;num_spines=2;oversubscription=0.5,5nm,TT,0.7,25.0,0.75,1333.3333333333333,128,4,2,2,0.5,V-2023.12-SP4,14164,14164,0,507.485994,507.485994,0.0,0.0,0.0,0.55,0.0,0.0,0,V-2023.12-SP4,11674,11674,0,370.98,370.98,0.0,723.072,0.5131,0.0,0.0,0.59,-0.04,-3.53,327,V-2023.12-SP3,V-2023.12-SP4,1.143,2.1159999999999997,0.002789,3.262,3.2589999999999995,2.4442499999999994,0.0,0.0,0.0,0.0,0.0,0.0,0.0,0.0,1.143,2.1159999999999997,0.002789,3.262,0.0,0.0,0.0,0.0,0.0,0.0,0.0,0.0,0.0,0.0,0.0,0.0,0.0,0.0,0.0,0.0,unvectored,none,2,2026-08-19T02:48:07+00:00
foldedclos_128_4_2_2_0p5_5nm_TT_0V7_25C_1333p33MHz,foldedclos,data_width=128;terminals_per_leaf=4;num_leaves=2;num_spines=2;oversubscription=0.5,5nm,TT,0.7,25.0,0.75,1333.3333333333333,128,4,2,2,0.5,V-2023.12-SP4,14164,14164,0,507.485994,507.485994,0.0,0.0,0.0,0.55,0.0,0.0,0,V-2023.12-SP4,11674,11674,0,370.98,370.98,0.0,723.072,0.5131,0.0,0.0,0.59,-0.04,-3.53,327,V-2023.12-SP3,V-2023.12-SP4,1.9789999999999999,3.353,0.0027489999999999997,5.335,5.332,3.9989999999999997,0.0,0.0,0.0,0.0,0.0,0.0,0.0,0.0,1.9789999999999999,3.353,0.0027489999999999997,5.335,0.0,0.0,0.0,0.0,0.0,0.0,0.0,0.0,0.0,0.0,0.0,0.0,0.0,0.0,0.0,0.0,vectored,random,2,2026-08-19T02:48:15+00:00
foldedclos_128_4_2_2_0p5_5nm_TT_0V7_25C_1333p33MHz,foldedclos,data_width=128;terminals_per_leaf=4;num_leaves=2;num_spines=2;oversubscription=0.5,5nm,TT,0.7,25.0,0.75,1333.3333333333333,128,4,2,2,0.5,V-2023.12-SP4,14164,14164,0,507.485994,507.485994,0.0,0.0,0.0,0.55,0.0,0.0,0,V-2023.12-SP4,11674,11674,0,370.98,370.98,0.0,723.072,0.5131,0.0,0.0,0.59,-0.04,-3.53,327,V-2023.12-SP3,V-2023.12-SP4,1.048,1.75,0.002704,2.801,2.798,2.0985,0.0,0.0,0.0,0.0,0.0,0.0,0.0,0.0,1.048,1.75,0.002704,2.801,0.0,0.0,0.0,0.0,0.0,0.0,0.0,0.0,0.0,0.0,0.0,0.0,0.0,0.0,0.0,0.0,vectored,fixed_route,2,2026-08-19T02:48:23+00:00
foldedclos_128_4_2_2_0p5_5nm_TT_0V7_25C_800MHz,foldedclos,data_width=128;terminals_per_leaf=4;num_leaves=2;num_spines=2;oversubscription=0.5,5nm,TT,0.7,25.0,1.25,800.0,128,4,2,2,0.5,V-2023.12-SP4,6838,6838,0,250.084796,250.084796,0.0,0.0,0.0,1.05,0.0,0.0,0,V-2023.12-SP4,6968,6968,0,254.35,254.35,0.0,355.6224,0.7152,0.0,0.0,1.06,-0.01,-0.06,14,V-2023.12-SP3,V-2023.12-SP4,0.4487,0.7584,0.001555,1.209,1.2071,1.5088750000000002,0.0,0.0,0.0,0.0,0.0,0.0,0.0,0.0,0.4487,0.7584,0.001555,1.209,0.0,0.0,0.0,0.0,0.0,0.0,0.0,0.0,0.0,0.0,0.0,0.0,0.0,0.0,0.0,0.0,unvectored,none,2,2026-08-19T03:19:58+00:00
foldedclos_128_4_2_2_0p5_5nm_TT_0V7_25C_800MHz,foldedclos,data_width=128;terminals_per_leaf=4;num_leaves=2;num_spines=2;oversubscription=0.5,5nm,TT,0.7,25.0,1.25,800.0,128,4,2,2,0.5,V-2023.12-SP4,6838,6838,0,250.084796,250.084796,0.0,0.0,0.0,1.05,0.0,0.0,0,V-2023.12-SP4,6968,6968,0,254.35,254.35,0.0,355.6224,0.7152,0.0,0.0,1.06,-0.01,-0.06,14,V-2023.12-SP3,V-2023.12-SP4,0.8007,1.222,0.0015409999999999998,2.024,2.0227,2.528375,0.0,0.0,0.0,0.0,0.0,0.0,0.0,0.0,0.8007,1.222,0.0015409999999999998,2.024,0.0,0.0,0.0,0.0,0.0,0.0,0.0,0.0,0.0,0.0,0.0,0.0,0.0,0.0,0.0,0.0,vectored,random,2,2026-08-19T03:20:06+00:00
foldedclos_128_4_2_2_0p5_5nm_TT_0V7_25C_800MHz,foldedclos,data_width=128;terminals_per_leaf=4;num_leaves=2;num_spines=2;oversubscription=0.5,5nm,TT,0.7,25.0,1.25,800.0,128,4,2,2,0.5,V-2023.12-SP4,6838,6838,0,250.084796,250.084796,0.0,0.0,0.0,1.05,0.0,0.0,0,V-2023.12-SP4,6968,6968,0,254.35,254.35,0.0,355.6224,0.7152,0.0,0.0,1.06,-0.01,-0.06,14,V-2023.12-SP3,V-2023.12-SP4,0.3859,0.5328,0.001523,0.9203,0.9187000000000001,1.1483750000000001,0.0,0.0,0.0,0.0,0.0,0.0,0.0,0.0,0.3859,0.5328,0.001523,0.9203,0.0,0.0,0.0,0.0,0.0,0.0,0.0,0.0,0.0,0.0,0.0,0.0,0.0,0.0,0.0,0.0,vectored,fixed_route,2,2026-08-19T03:20:14+00:00
foldedclos_32_2_8_4_1p0_5nm_TT_0V7_25C_1333p33MHz,foldedclos,data_width=32;terminals_per_leaf=2;num_leaves=8;num_spines=4;oversubscription=1.0,5nm,TT,0.7,25.0,0.75,1333.3333333333333,32,2,8,4,1.0,V-2023.12-SP4,15763,15763,0,563.102394,563.102394,0.0,0.0,0.0,0.55,0.0,0.0,0,V-2023.12-SP4,12097,12097,0,394.44,394.44,0.0,800.1504,0.493,0.0,0.0,0.57,-0.02,-0.65,136,V-2023.12-SP3,V-2023.12-SP4,0.895,2.025,0.002904,2.9229999999999996,2.92,2.19,0.0,0.0,0.0,0.0,0.0,0.0,0.0,0.0,0.895,2.025,0.002904,2.9229999999999996,0.0,0.0,0.0,0.0,0.0,0.0,0.0,0.0,0.0,0.0,0.0,0.0,0.0,0.0,0.0,0.0,unvectored,none,2,2026-08-19T03:32:22+00:00
foldedclos_32_2_8_4_1p0_5nm_TT_0V7_25C_1333p33MHz,foldedclos,data_width=32;terminals_per_leaf=2;num_leaves=8;num_spines=4;oversubscription=1.0,5nm,TT,0.7,25.0,0.75,1333.3333333333333,32,2,8,4,1.0,V-2023.12-SP4,15763,15763,0,563.102394,563.102394,0.0,0.0,0.0,0.55,0.0,0.0,0,V-2023.12-SP4,12097,12097,0,394.44,394.44,0.0,800.1504,0.493,0.0,0.0,0.57,-0.02,-0.65,136,V-2023.12-SP3,V-2023.12-SP4,1.438,2.927,0.0028710000000000003,4.367,4.365,3.27375,0.0,0.0,0.0,0.0,0.0,0.0,0.0,0.0,1.438,2.927,0.0028710000000000003,4.367,0.0,0.0,0.0,0.0,0.0,0.0,0.0,0.0,0.0,0.0,0.0,0.0,0.0,0.0,0.0,0.0,vectored,random,2,2026-08-19T03:32:31+00:00
foldedclos_32_2_8_4_1p0_5nm_TT_0V7_25C_1333p33MHz,foldedclos,data_width=32;terminals_per_leaf=2;num_leaves=8;num_spines=4;oversubscription=1.0,5nm,TT,0.7,25.0,0.75,1333.3333333333333,32,2,8,4,1.0,V-2023.12-SP4,15763,15763,0,563.102394,563.102394,0.0,0.0,0.0,0.55,0.0,0.0,0,V-2023.12-SP4,12097,12097,0,394.44,394.44,0.0,800.1504,0.493,0.0,0.0,0.57,-0.02,-0.65,136,V-2023.12-SP3,V-2023.12-SP4,0.6786,1.645,0.002824,2.326,2.3236,1.7427,0.0,0.0,0.0,0.0,0.0,0.0,0.0,0.0,0.6786,1.645,0.002824,2.326,0.0,0.0,0.0,0.0,0.0,0.0,0.0,0.0,0.0,0.0,0.0,0.0,0.0,0.0,0.0,0.0,vectored,fixed_route,2,2026-08-19T03:32:40+00:00
foldedclos_32_2_8_4_1p0_5nm_TT_0V7_25C_800MHz,foldedclos,data_width=32;terminals_per_leaf=2;num_leaves=8;num_spines=4;oversubscription=1.0,5nm,TT,0.7,25.0,1.25,800.0,32,2,8,4,1.0,V-2023.12-SP4,15675,15675,0,554.341194,554.341194,0.0,0.0,0.0,1.01,0.04,0.0,0,V-2023.12-SP4,11876,11876,0,389.61,389.61,0.0,788.3736,0.4942,0.0,0.0,1.04,0.01,0.0,0,V-2023.12-SP3,V-2023.12-SP4,0.6374,1.359,0.002861,1.9989999999999999,1.9964,2.4955,0.0,0.0,0.0,0.0,0.0,0.0,0.0,0.0,0.6374,1.359,0.002861,1.9989999999999999,0.0,0.0,0.0,0.0,0.0,0.0,0.0,0.0,0.0,0.0,0.0,0.0,0.0,0.0,0.0,0.0,unvectored,none,2,2026-08-19T03:43:17+00:00
foldedclos_32_2_8_4_1p0_5nm_TT_0V7_25C_800MHz,foldedclos,data_width=32;terminals_per_leaf=2;num_leaves=8;num_spines=4;oversubscription=1.0,5nm,TT,0.7,25.0,1.25,800.0,32,2,8,4,1.0,V-2023.12-SP4,15675,15675,0,554.341194,554.341194,0.0,0.0,0.0,1.01,0.04,0.0,0,V-2023.12-SP4,11876,11876,0,389.61,389.61,0.0,788.3736,0.4942,0.0,0.0,1.04,0.01,0.0,0,V-2023.12-SP3,V-2023.12-SP4,1.0759999999999998,2.024,0.0028020000000000002,3.1029999999999998,3.0999999999999996,3.8749999999999996,0.0,0.0,0.0,0.0,0.0,0.0,0.0,0.0,1.0759999999999998,2.024,0.0028020000000000002,3.1029999999999998,0.0,0.0,0.0,0.0,0.0,0.0,0.0,0.0,0.0,0.0,0.0,0.0,0.0,0.0,0.0,0.0,vectored,random,2,2026-08-19T03:43:26+00:00
foldedclos_32_2_8_4_1p0_5nm_TT_0V7_25C_800MHz,foldedclos,data_width=32;terminals_per_leaf=2;num_leaves=8;num_spines=4;oversubscription=1.0,5nm,TT,0.7,25.0,1.25,800.0,32,2,8,4,1.0,V-2023.12-SP4,15675,15675,0,554.341194,554.341194,0.0,0.0,0.0,1.01,0.04,0.0,0,V-2023.12-SP4,11876,11876,0,389.61,389.61,0.0,788.3736,0.4942,0.0,0.0,1.04,0.01,0.0,0,V-2023.12-SP3,V-2023.12-SP4,0.4973,1.147,0.00276,1.647,1.6443,2.055375,0.0,0.0,0.0,0.0,0.0,0.0,0.0,0.0,0.4973,1.147,0.00276,1.647,0.0,0.0,0.0,0.0,0.0,0.0,0.0,0.0,0.0,0.0,0.0,0.0,0.0,0.0,0.0,0.0,vectored,fixed_route,2,2026-08-19T03:43:35+00:00
foldedclos_32_2_8_4_0p5_5nm_TT_0V7_25C_1333p33MHz,foldedclos,data_width=32;terminals_per_leaf=2;num_leaves=8;num_spines=4;oversubscription=0.5,5nm,TT,0.7,25.0,0.75,1333.3333333333333,32,2,8,4,0.5,V-2023.12-SP4,15763,15763,0,563.102394,563.102394,0.0,0.0,0.0,0.55,0.0,0.0,0,V-2023.12-SP4,12097,12097,0,394.44,394.44,0.0,800.1504,0.493,0.0,0.0,0.57,-0.02,-0.62,127,V-2023.12-SP3,V-2023.12-SP4,0.895,2.026,0.002904,2.924,2.921,2.19075,0.0,0.0,0.0,0.0,0.0,0.0,0.0,0.0,0.895,2.026,0.002904,2.924,0.0,0.0,0.0,0.0,0.0,0.0,0.0,0.0,0.0,0.0,0.0,0.0,0.0,0.0,0.0,0.0,unvectored,none,2,2026-08-19T03:55:02+00:00
foldedclos_32_2_8_4_0p5_5nm_TT_0V7_25C_1333p33MHz,foldedclos,data_width=32;terminals_per_leaf=2;num_leaves=8;num_spines=4;oversubscription=0.5,5nm,TT,0.7,25.0,0.75,1333.3333333333333,32,2,8,4,0.5,V-2023.12-SP4,15763,15763,0,563.102394,563.102394,0.0,0.0,0.0,0.55,0.0,0.0,0,V-2023.12-SP4,12097,12097,0,394.44,394.44,0.0,800.1504,0.493,0.0,0.0,0.57,-0.02,-0.62,127,V-2023.12-SP3,V-2023.12-SP4,1.4369999999999998,2.927,0.0028710000000000003,4.367,4.364,3.2729999999999997,0.0,0.0,0.0,0.0,0.0,0.0,0.0,0.0,1.4369999999999998,2.927,0.0028710000000000003,4.367,0.0,0.0,0.0,0.0,0.0,0.0,0.0,0.0,0.0,0.0,0.0,0.0,0.0,0.0,0.0,0.0,vectored,random,2,2026-08-19T03:55:11+00:00
foldedclos_32_2_8_4_0p5_5nm_TT_0V7_25C_1333p33MHz,foldedclos,data_width=32;terminals_per_leaf=2;num_leaves=8;num_spines=4;oversubscription=0.5,5nm,TT,0.7,25.0,0.75,1333.3333333333333,32,2,8,4,0.5,V-2023.12-SP4,15763,15763,0,563.102394,563.102394,0.0,0.0,0.0,0.55,0.0,0.0,0,V-2023.12-SP4,12097,12097,0,394.44,394.44,0.0,800.1504,0.493,0.0,0.0,0.57,-0.02,-0.62,127,V-2023.12-SP3,V-2023.12-SP4,0.6786,1.645,0.002824,2.326,2.3236,1.7427,0.0,0.0,0.0,0.0,0.0,0.0,0.0,0.0,0.6786,1.645,0.002824,2.326,0.0,0.0,0.0,0.0,0.0,0.0,0.0,0.0,0.0,0.0,0.0,0.0,0.0,0.0,0.0,0.0,vectored,fixed_route,2,2026-08-19T03:55:20+00:00
foldedclos_32_2_8_4_0p5_5nm_TT_0V7_25C_800MHz,foldedclos,data_width=32;terminals_per_leaf=2;num_leaves=8;num_spines=4;oversubscription=0.5,5nm,TT,0.7,25.0,1.25,800.0,32,2,8,4,0.5,V-2023.12-SP4,15675,15675,0,554.341194,554.341194,0.0,0.0,0.0,1.01,0.04,0.0,0,V-2023.12-SP4,11876,11876,0,389.61,389.61,0.0,788.3736,0.4942,0.0,0.0,1.04,0.01,0.0,0,V-2023.12-SP3,V-2023.12-SP4,0.6374,1.358,0.002861,1.9989999999999999,1.9954,2.49425,0.0,0.0,0.0,0.0,0.0,0.0,0.0,0.0,0.6374,1.358,0.002861,1.9989999999999999,0.0,0.0,0.0,0.0,0.0,0.0,0.0,0.0,0.0,0.0,0.0,0.0,0.0,0.0,0.0,0.0,unvectored,none,2,2026-08-19T04:05:55+00:00
foldedclos_32_2_8_4_0p5_5nm_TT_0V7_25C_800MHz,foldedclos,data_width=32;terminals_per_leaf=2;num_leaves=8;num_spines=4;oversubscription=0.5,5nm,TT,0.7,25.0,1.25,800.0,32,2,8,4,0.5,V-2023.12-SP4,15675,15675,0,554.341194,554.341194,0.0,0.0,0.0,1.01,0.04,0.0,0,V-2023.12-SP4,11876,11876,0,389.61,389.61,0.0,788.3736,0.4942,0.0,0.0,1.04,0.01,0.0,0,V-2023.12-SP3,V-2023.12-SP4,1.0759999999999998,2.024,0.0028020000000000002,3.1020000000000003,3.0999999999999996,3.8749999999999996,0.0,0.0,0.0,0.0,0.0,0.0,0.0,0.0,1.0759999999999998,2.024,0.0028020000000000002,3.1020000000000003,0.0,0.0,0.0,0.0,0.0,0.0,0.0,0.0,0.0,0.0,0.0,0.0,0.0,0.0,0.0,0.0,vectored,random,2,2026-08-19T04:06:04+00:00
foldedclos_32_2_8_4_0p5_5nm_TT_0V7_25C_800MHz,foldedclos,data_width=32;terminals_per_leaf=2;num_leaves=8;num_spines=4;oversubscription=0.5,5nm,TT,0.7,25.0,1.25,800.0,32,2,8,4,0.5,V-2023.12-SP4,15675,15675,0,554.341194,554.341194,0.0,0.0,0.0,1.01,0.04,0.0,0,V-2023.12-SP4,11876,11876,0,389.61,389.61,0.0,788.3736,0.4942,0.0,0.0,1.04,0.01,0.0,0,V-2023.12-SP3,V-2023.12-SP4,0.49720000000000003,1.147,0.00276,1.647,1.6442,2.05525,0.0,0.0,0.0,0.0,0.0,0.0,0.0,0.0,0.49720000000000003,1.147,0.00276,1.647,0.0,0.0,0.0,0.0,0.0,0.0,0.0,0.0,0.0,0.0,0.0,0.0,0.0,0.0,0.0,0.0,vectored,fixed_route,2,2026-08-19T04:06:13+00:00
foldedclos_64_2_8_4_1p0_5nm_TT_0V7_25C_1333p33MHz,foldedclos,data_width=64;terminals_per_leaf=2;num_leaves=8;num_spines=4;oversubscription=1.0,5nm,TT,0.7,25.0,0.75,1333.3333333333333,64,2,8,4,1.0,V-2023.12-SP4,27283,27283,0,973.551589,973.551589,0.0,0.0,0.0,0.55,0.0,0.0,0,V-2023.12-SP4,22201,22201,0,724.26,724.26,0.0,1383.018,0.5237,0.0,0.0,0.64,-0.09,-48.02,1064,V-2023.12-SP3,V-2023.12-SP4,1.728,3.69,0.005435,5.423,5.418,4.0635,0.0,0.0,0.0,0.0,0.0,0.0,0.0,0.0,1.728,3.69,0.005435,5.423,0.0,0.0,0.0,0.0,0.0,0.0,0.0,0.0,0.0,0.0,0.0,0.0,0.0,0.0,0.0,0.0,unvectored,none,2,2026-08-19T04:33:43+00:00
foldedclos_64_2_8_4_1p0_5nm_TT_0V7_25C_1333p33MHz,foldedclos,data_width=64;terminals_per_leaf=2;num_leaves=8;num_spines=4;oversubscription=1.0,5nm,TT,0.7,25.0,0.75,1333.3333333333333,64,2,8,4,1.0,V-2023.12-SP4,27283,27283,0,973.551589,973.551589,0.0,0.0,0.0,0.55,0.0,0.0,0,V-2023.12-SP4,22201,22201,0,724.26,724.26,0.0,1383.018,0.5237,0.0,0.0,0.64,-0.09,-48.02,1064,V-2023.12-SP3,V-2023.12-SP4,2.812,5.558999999999999,0.005353,8.377,8.370999999999999,6.278249999999999,0.0,0.0,0.0,0.0,0.0,0.0,0.0,0.0,2.812,5.558999999999999,0.005353,8.377,0.0,0.0,0.0,0.0,0.0,0.0,0.0,0.0,0.0,0.0,0.0,0.0,0.0,0.0,0.0,0.0,vectored,random,2,2026-08-19T04:33:52+00:00
foldedclos_64_2_8_4_1p0_5nm_TT_0V7_25C_1333p33MHz,foldedclos,data_width=64;terminals_per_leaf=2;num_leaves=8;num_spines=4;oversubscription=1.0,5nm,TT,0.7,25.0,0.75,1333.3333333333333,64,2,8,4,1.0,V-2023.12-SP4,27283,27283,0,973.551589,973.551589,0.0,0.0,0.0,0.55,0.0,0.0,0,V-2023.12-SP4,22201,22201,0,724.26,724.26,0.0,1383.018,0.5237,0.0,0.0,0.64,-0.09,-48.02,1064,V-2023.12-SP3,V-2023.12-SP4,1.279,2.92,0.0053040000000000006,4.204000000000001,4.199,3.14925,0.0,0.0,0.0,0.0,0.0,0.0,0.0,0.0,1.279,2.92,0.0053040000000000006,4.204000000000001,0.0,0.0,0.0,0.0,0.0,0.0,0.0,0.0,0.0,0.0,0.0,0.0,0.0,0.0,0.0,0.0,vectored,fixed_route,2,2026-08-19T04:34:02+00:00
foldedclos_64_2_8_4_1p0_5nm_TT_0V7_25C_800MHz,foldedclos,data_width=64;terminals_per_leaf=2;num_leaves=8;num_spines=4;oversubscription=1.0,5nm,TT,0.7,25.0,1.25,800.0,64,2,8,4,1.0,V-2023.12-SP4,14020,14020,0,522.152391,522.152391,0.0,0.0,0.0,1.04,0.01,0.0,0,V-2023.12-SP4,14105,14105,0,526.97,526.97,0.0,742.9968,0.7093,0.0,0.0,1.06,-0.01,-0.01,4,V-2023.12-SP3,V-2023.12-SP4,0.7514000000000001,1.373,0.003466,2.128,2.1244,2.6555,0.0,0.0,0.0,0.0,0.0,0.0,0.0,0.0,0.7514000000000001,1.373,0.003466,2.128,0.0,0.0,0.0,0.0,0.0,0.0,0.0,0.0,0.0,0.0,0.0,0.0,0.0,0.0,0.0,0.0,unvectored,none,2,2026-08-19T05:42:36+00:00
foldedclos_64_2_8_4_1p0_5nm_TT_0V7_25C_800MHz,foldedclos,data_width=64;terminals_per_leaf=2;num_leaves=8;num_spines=4;oversubscription=1.0,5nm,TT,0.7,25.0,1.25,800.0,64,2,8,4,1.0,V-2023.12-SP4,14020,14020,0,522.152391,522.152391,0.0,0.0,0.0,1.04,0.01,0.0,0,V-2023.12-SP4,14105,14105,0,526.97,526.97,0.0,742.9968,0.7093,0.0,0.0,1.06,-0.01,-0.01,4,V-2023.12-SP3,V-2023.12-SP4,1.246,2.101,0.003418,3.351,3.347,4.18375,0.0,0.0,0.0,0.0,0.0,0.0,0.0,0.0,1.246,2.101,0.003418,3.351,0.0,0.0,0.0,0.0,0.0,0.0,0.0,0.0,0.0,0.0,0.0,0.0,0.0,0.0,0.0,0.0,vectored,random,2,2026-08-19T05:42:46+00:00
foldedclos_64_2_8_4_1p0_5nm_TT_0V7_25C_800MHz,foldedclos,data_width=64;terminals_per_leaf=2;num_leaves=8;num_spines=4;oversubscription=1.0,5nm,TT,0.7,25.0,1.25,800.0,64,2,8,4,1.0,V-2023.12-SP4,14020,14020,0,522.152391,522.152391,0.0,0.0,0.0,1.04,0.01,0.0,0,V-2023.12-SP4,14105,14105,0,526.97,526.97,0.0,742.9968,0.7093,0.0,0.0,1.06,-0.01,-0.01,4,V-2023.12-SP3,V-2023.12-SP4,0.6212,0.9927,0.003359,1.617,1.6139000000000001,2.0173750000000004,0.0,0.0,0.0,0.0,0.0,0.0,0.0,0.0,0.6212,0.9927,0.003359,1.617,0.0,0.0,0.0,0.0,0.0,0.0,0.0,0.0,0.0,0.0,0.0,0.0,0.0,0.0,0.0,0.0,vectored,fixed_route,2,2026-08-19T05:42:57+00:00
foldedclos_64_2_8_4_0p5_5nm_TT_0V7_25C_1333p33MHz,foldedclos,data_width=64;terminals_per_leaf=2;num_leaves=8;num_spines=4;oversubscription=0.5,5nm,TT,0.7,25.0,0.75,1333.3333333333333,64,2,8,4,0.5,V-2023.12-SP4,27283,27283,0,973.551589,973.551589,0.0,0.0,0.0,0.55,0.0,0.0,0,V-2023.12-SP4,22201,22201,0,724.26,724.26,0.0,1383.018,0.5237,0.0,0.0,0.64,-0.09,-48.39,1065,V-2023.12-SP3,V-2023.12-SP4,1.728,3.689,0.005435,5.422,5.417,4.062749999999999,0.0,0.0,0.0,0.0,0.0,0.0,0.0,0.0,1.728,3.689,0.005435,5.422,0.0,0.0,0.0,0.0,0.0,0.0,0.0,0.0,0.0,0.0,0.0,0.0,0.0,0.0,0.0,0.0,unvectored,none,2,2026-08-19T06:12:38+00:00
foldedclos_64_2_8_4_0p5_5nm_TT_0V7_25C_1333p33MHz,foldedclos,data_width=64;terminals_per_leaf=2;num_leaves=8;num_spines=4;oversubscription=0.5,5nm,TT,0.7,25.0,0.75,1333.3333333333333,64,2,8,4,0.5,V-2023.12-SP4,27283,27283,0,973.551589,973.551589,0.0,0.0,0.0,0.55,0.0,0.0,0,V-2023.12-SP4,22201,22201,0,724.26,724.26,0.0,1383.018,0.5237,0.0,0.0,0.64,-0.09,-48.39,1065,V-2023.12-SP3,V-2023.12-SP4,2.814,5.561,0.005353,8.381,8.375,6.28125,0.0,0.0,0.0,0.0,0.0,0.0,0.0,0.0,2.814,5.561,0.005353,8.381,0.0,0.0,0.0,0.0,0.0,0.0,0.0,0.0,0.0,0.0,0.0,0.0,0.0,0.0,0.0,0.0,vectored,random,2,2026-08-19T06:12:52+00:00
foldedclos_64_2_8_4_0p5_5nm_TT_0V7_25C_1333p33MHz,foldedclos,data_width=64;terminals_per_leaf=2;num_leaves=8;num_spines=4;oversubscription=0.5,5nm,TT,0.7,25.0,0.75,1333.3333333333333,64,2,8,4,0.5,V-2023.12-SP4,27283,27283,0,973.551589,973.551589,0.0,0.0,0.0,0.55,0.0,0.0,0,V-2023.12-SP4,22201,22201,0,724.26,724.26,0.0,1383.018,0.5237,0.0,0.0,0.64,-0.09,-48.39,1065,V-2023.12-SP3,V-2023.12-SP4,1.279,2.92,0.0053040000000000006,4.204000000000001,4.199,3.14925,0.0,0.0,0.0,0.0,0.0,0.0,0.0,0.0,1.279,2.92,0.0053040000000000006,4.204000000000001,0.0,0.0,0.0,0.0,0.0,0.0,0.0,0.0,0.0,0.0,0.0,0.0,0.0,0.0,0.0,0.0,vectored,fixed_route,2,2026-08-19T06:13:04+00:00
foldedclos_64_2_8_4_0p5_5nm_TT_0V7_25C_800MHz,foldedclos,data_width=64;terminals_per_leaf=2;num_leaves=8;num_spines=4;oversubscription=0.5,5nm,TT,0.7,25.0,1.25,800.0,64,2,8,4,0.5,V-2023.12-SP4,14020,14020,0,522.152391,522.152391,0.0,0.0,0.0,1.04,0.01,0.0,0,V-2023.12-SP4,14105,14105,0,526.97,526.97,0.0,742.9968,0.7093,0.0,0.0,1.06,-0.01,-0.01,5,V-2023.12-SP3,V-2023.12-SP4,0.7514000000000001,1.374,0.003466,2.128,2.1254,2.6567499999999997,0.0,0.0,0.0,0.0,0.0,0.0,0.0,0.0,0.7514000000000001,1.374,0.003466,2.128,0.0,0.0,0.0,0.0,0.0,0.0,0.0,0.0,0.0,0.0,0.0,0.0,0.0,0.0,0.0,0.0,unvectored,none,2,2026-08-19T07:12:17+00:00
foldedclos_64_2_8_4_0p5_5nm_TT_0V7_25C_800MHz,foldedclos,data_width=64;terminals_per_leaf=2;num_leaves=8;num_spines=4;oversubscription=0.5,5nm,TT,0.7,25.0,1.25,800.0,64,2,8,4,0.5,V-2023.12-SP4,14020,14020,0,522.152391,522.152391,0.0,0.0,0.0,1.04,0.01,0.0,0,V-2023.12-SP4,14105,14105,0,526.97,526.97,0.0,742.9968,0.7093,0.0,0.0,1.06,-0.01,-0.01,5,V-2023.12-SP3,V-2023.12-SP4,1.245,2.101,0.003418,3.349,3.346,4.1825,0.0,0.0,0.0,0.0,0.0,0.0,0.0,0.0,1.245,2.101,0.003418,3.349,0.0,0.0,0.0,0.0,0.0,0.0,0.0,0.0,0.0,0.0,0.0,0.0,0.0,0.0,0.0,0.0,vectored,random,2,2026-08-19T07:12:27+00:00
foldedclos_64_2_8_4_0p5_5nm_TT_0V7_25C_800MHz,foldedclos,data_width=64;terminals_per_leaf=2;num_leaves=8;num_spines=4;oversubscription=0.5,5nm,TT,0.7,25.0,1.25,800.0,64,2,8,4,0.5,V-2023.12-SP4,14020,14020,0,522.152391,522.152391,0.0,0.0,0.0,1.04,0.01,0.0,0,V-2023.12-SP4,14105,14105,0,526.97,526.97,0.0,742.9968,0.7093,0.0,0.0,1.06,-0.01,-0.01,5,V-2023.12-SP3,V-2023.12-SP4,0.6213,0.9927,0.003359,1.617,1.6139999999999999,2.0175,0.0,0.0,0.0,0.0,0.0,0.0,0.0,0.0,0.6213,0.9927,0.003359,1.617,0.0,0.0,0.0,0.0,0.0,0.0,0.0,0.0,0.0,0.0,0.0,0.0,0.0,0.0,0.0,0.0,vectored,fixed_route,2,2026-08-19T07:12:36+00:00
foldedclos_32_4_4_2_0p5_5nm_TT_0V7_25C_1333p33MHz,foldedclos,data_width=32;terminals_per_leaf=4;num_leaves=4;num_spines=2;oversubscription=0.5,5nm,TT,0.7,25.0,0.75,1333.3333333333333,32,4,4,2,0.5,V-2023.12-SP4,15763,15763,0,563.102394,563.102394,0.0,0.0,0.0,0.55,0.0,0.0,0,V-2023.12-SP4,12097,12097,0,394.44,394.44,0.0,800.1504,0.493,0.0,0.0,0.57,-0.02,-0.69,126,V-2023.12-SP3,V-2023.12-SP4,0.895,2.025,0.002904,2.9229999999999996,2.92,2.19,0.0,0.0,0.0,0.0,0.0,0.0,0.0,0.0,0.895,2.025,0.002904,2.9229999999999996,0.0,0.0,0.0,0.0,0.0,0.0,0.0,0.0,0.0,0.0,0.0,0.0,0.0,0.0,0.0,0.0,unvectored,none,2,2026-08-19T07:24:10+00:00
foldedclos_32_4_4_2_0p5_5nm_TT_0V7_25C_1333p33MHz,foldedclos,data_width=32;terminals_per_leaf=4;num_leaves=4;num_spines=2;oversubscription=0.5,5nm,TT,0.7,25.0,0.75,1333.3333333333333,32,4,4,2,0.5,V-2023.12-SP4,15763,15763,0,563.102394,563.102394,0.0,0.0,0.0,0.55,0.0,0.0,0,V-2023.12-SP4,12097,12097,0,394.44,394.44,0.0,800.1504,0.493,0.0,0.0,0.57,-0.02,-0.69,126,V-2023.12-SP3,V-2023.12-SP4,1.438,2.927,0.0028710000000000003,4.368,4.365,3.27375,0.0,0.0,0.0,0.0,0.0,0.0,0.0,0.0,1.438,2.927,0.0028710000000000003,4.368,0.0,0.0,0.0,0.0,0.0,0.0,0.0,0.0,0.0,0.0,0.0,0.0,0.0,0.0,0.0,0.0,vectored,random,2,2026-08-19T07:24:19+00:00
foldedclos_32_4_4_2_0p5_5nm_TT_0V7_25C_1333p33MHz,foldedclos,data_width=32;terminals_per_leaf=4;num_leaves=4;num_spines=2;oversubscription=0.5,5nm,TT,0.7,25.0,0.75,1333.3333333333333,32,4,4,2,0.5,V-2023.12-SP4,15763,15763,0,563.102394,563.102394,0.0,0.0,0.0,0.55,0.0,0.0,0,V-2023.12-SP4,12097,12097,0,394.44,394.44,0.0,800.1504,0.493,0.0,0.0,0.57,-0.02,-0.69,126,V-2023.12-SP3,V-2023.12-SP4,0.6786,1.6440000000000001,0.002824,2.3249999999999997,2.3226,1.74195,0.0,0.0,0.0,0.0,0.0,0.0,0.0,0.0,0.6786,1.6440000000000001,0.002824,2.3249999999999997,0.0,0.0,0.0,0.0,0.0,0.0,0.0,0.0,0.0,0.0,0.0,0.0,0.0,0.0,0.0,0.0,vectored,fixed_route,2,2026-08-19T07:24:28+00:00
foldedclos_32_4_4_2_0p5_5nm_TT_0V7_25C_800MHz,foldedclos,data_width=32;terminals_per_leaf=4;num_leaves=4;num_spines=2;oversubscription=0.5,5nm,TT,0.7,25.0,1.25,800.0,32,4,4,2,0.5,V-2023.12-SP4,15675,15675,0,554.341194,554.341194,0.0,0.0,0.0,1.01,0.04,0.0,0,V-2023.12-SP4,11876,11876,0,389.61,389.61,0.0,788.3736,0.4942,0.0,0.0,1.04,0.01,0.0,0,V-2023.12-SP3,V-2023.12-SP4,0.6374,1.359,0.002861,1.9989999999999999,1.9964,2.4955,0.0,0.0,0.0,0.0,0.0,0.0,0.0,0.0,0.6374,1.359,0.002861,1.9989999999999999,0.0,0.0,0.0,0.0,0.0,0.0,0.0,0.0,0.0,0.0,0.0,0.0,0.0,0.0,0.0,0.0,unvectored,none,2,2026-08-19T07:34:54+00:00
foldedclos_32_4_4_2_0p5_5nm_TT_0V7_25C_800MHz,foldedclos,data_width=32;terminals_per_leaf=4;num_leaves=4;num_spines=2;oversubscription=0.5,5nm,TT,0.7,25.0,1.25,800.0,32,4,4,2,0.5,V-2023.12-SP4,15675,15675,0,554.341194,554.341194,0.0,0.0,0.0,1.01,0.04,0.0,0,V-2023.12-SP4,11876,11876,0,389.61,389.61,0.0,788.3736,0.4942,0.0,0.0,1.04,0.01,0.0,0,V-2023.12-SP3,V-2023.12-SP4,1.075,2.023,0.0028020000000000002,3.101,3.098,3.8724999999999996,0.0,0.0,0.0,0.0,0.0,0.0,0.0,0.0,1.075,2.023,0.0028020000000000002,3.101,0.0,0.0,0.0,0.0,0.0,0.0,0.0,0.0,0.0,0.0,0.0,0.0,0.0,0.0,0.0,0.0,vectored,random,2,2026-08-19T07:35:02+00:00
foldedclos_32_4_4_2_0p5_5nm_TT_0V7_25C_800MHz,foldedclos,data_width=32;terminals_per_leaf=4;num_leaves=4;num_spines=2;oversubscription=0.5,5nm,TT,0.7,25.0,1.25,800.0,32,4,4,2,0.5,V-2023.12-SP4,15675,15675,0,554.341194,554.341194,0.0,0.0,0.0,1.01,0.04,0.0,0,V-2023.12-SP4,11876,11876,0,389.61,389.61,0.0,788.3736,0.4942,0.0,0.0,1.04,0.01,0.0,0,V-2023.12-SP3,V-2023.12-SP4,0.4973,1.147,0.00276,1.647,1.6443,2.055375,0.0,0.0,0.0,0.0,0.0,0.0,0.0,0.0,0.4973,1.147,0.00276,1.647,0.0,0.0,0.0,0.0,0.0,0.0,0.0,0.0,0.0,0.0,0.0,0.0,0.0,0.0,0.0,0.0,vectored,fixed_route,2,2026-08-19T07:35:10+00:00
foldedclos_64_4_4_2_0p5_5nm_TT_0V7_25C_1333p33MHz,foldedclos,data_width=64;terminals_per_leaf=4;num_leaves=4;num_spines=2;oversubscription=0.5,5nm,TT,0.7,25.0,0.75,1333.3333333333333,64,4,4,2,0.5,V-2023.12-SP4,27283,27283,0,973.551589,973.551589,0.0,0.0,0.0,0.55,0.0,0.0,0,V-2023.12-SP4,22201,22201,0,724.26,724.26,0.0,1383.018,0.5237,0.0,0.0,0.64,-0.09,-48.2,1063,V-2023.12-SP3,V-2023.12-SP4,1.728,3.69,0.005435,5.423,5.418,4.0635,0.0,0.0,0.0,0.0,0.0,0.0,0.0,0.0,1.728,3.69,0.005435,5.423,0.0,0.0,0.0,0.0,0.0,0.0,0.0,0.0,0.0,0.0,0.0,0.0,0.0,0.0,0.0,0.0,unvectored,none,2,2026-08-19T07:56:42+00:00
foldedclos_64_4_4_2_0p5_5nm_TT_0V7_25C_1333p33MHz,foldedclos,data_width=64;terminals_per_leaf=4;num_leaves=4;num_spines=2;oversubscription=0.5,5nm,TT,0.7,25.0,0.75,1333.3333333333333,64,4,4,2,0.5,V-2023.12-SP4,27283,27283,0,973.551589,973.551589,0.0,0.0,0.0,0.55,0.0,0.0,0,V-2023.12-SP4,22201,22201,0,724.26,724.26,0.0,1383.018,0.5237,0.0,0.0,0.64,-0.09,-48.2,1063,V-2023.12-SP3,V-2023.12-SP4,2.815,5.564,0.005353,8.385,8.379,6.28425,0.0,0.0,0.0,0.0,0.0,0.0,0.0,0.0,2.815,5.564,0.005353,8.385,0.0,0.0,0.0,0.0,0.0,0.0,0.0,0.0,0.0,0.0,0.0,0.0,0.0,0.0,0.0,0.0,vectored,random,2,2026-08-19T07:56:51+00:00
foldedclos_64_4_4_2_0p5_5nm_TT_0V7_25C_1333p33MHz,foldedclos,data_width=64;terminals_per_leaf=4;num_leaves=4;num_spines=2;oversubscription=0.5,5nm,TT,0.7,25.0,0.75,1333.3333333333333,64,4,4,2,0.5,V-2023.12-SP4,27283,27283,0,973.551589,973.551589,0.0,0.0,0.0,0.55,0.0,0.0,0,V-2023.12-SP4,22201,22201,0,724.26,724.26,0.0,1383.018,0.5237,0.0,0.0,0.64,-0.09,-48.2,1063,V-2023.12-SP3,V-2023.12-SP4,1.279,2.921,0.0053040000000000006,4.205,4.199999999999999,3.1499999999999995,0.0,0.0,0.0,0.0,0.0,0.0,0.0,0.0,1.279,2.921,0.0053040000000000006,4.205,0.0,0.0,0.0,0.0,0.0,0.0,0.0,0.0,0.0,0.0,0.0,0.0,0.0,0.0,0.0,0.0,vectored,fixed_route,2,2026-08-19T07:56:59+00:00
foldedclos_64_4_4_2_0p5_5nm_TT_0V7_25C_800MHz,foldedclos,data_width=64;terminals_per_leaf=4;num_leaves=4;num_spines=2;oversubscription=0.5,5nm,TT,0.7,25.0,1.25,800.0,64,4,4,2,0.5,V-2023.12-SP4,14020,14020,0,522.152391,522.152391,0.0,0.0,0.0,1.04,0.01,0.0,0,V-2023.12-SP4,14105,14105,0,526.97,526.97,0.0,742.9968,0.7093,0.0,0.0,1.06,-0.01,-0.05,12,V-2023.12-SP3,V-2023.12-SP4,0.7513,1.373,0.003466,2.128,2.1243,2.655375,0.0,0.0,0.0,0.0,0.0,0.0,0.0,0.0,0.7513,1.373,0.003466,2.128,0.0,0.0,0.0,0.0,0.0,0.0,0.0,0.0,0.0,0.0,0.0,0.0,0.0,0.0,0.0,0.0,unvectored,none,2,2026-08-19T08:42:52+00:00
foldedclos_64_4_4_2_0p5_5nm_TT_0V7_25C_800MHz,foldedclos,data_width=64;terminals_per_leaf=4;num_leaves=4;num_spines=2;oversubscription=0.5,5nm,TT,0.7,25.0,1.25,800.0,64,4,4,2,0.5,V-2023.12-SP4,14020,14020,0,522.152391,522.152391,0.0,0.0,0.0,1.04,0.01,0.0,0,V-2023.12-SP4,14105,14105,0,526.97,526.97,0.0,742.9968,0.7093,0.0,0.0,1.06,-0.01,-0.05,12,V-2023.12-SP3,V-2023.12-SP4,1.246,2.101,0.003418,3.351,3.347,4.18375,0.0,0.0,0.0,0.0,0.0,0.0,0.0,0.0,1.246,2.101,0.003418,3.351,0.0,0.0,0.0,0.0,0.0,0.0,0.0,0.0,0.0,0.0,0.0,0.0,0.0,0.0,0.0,0.0,vectored,random,2,2026-08-19T08:43:00+00:00
foldedclos_64_4_4_2_0p5_5nm_TT_0V7_25C_800MHz,foldedclos,data_width=64;terminals_per_leaf=4;num_leaves=4;num_spines=2;oversubscription=0.5,5nm,TT,0.7,25.0,1.25,800.0,64,4,4,2,0.5,V-2023.12-SP4,14020,14020,0,522.152391,522.152391,0.0,0.0,0.0,1.04,0.01,0.0,0,V-2023.12-SP4,14105,14105,0,526.97,526.97,0.0,742.9968,0.7093,0.0,0.0,1.06,-0.01,-0.05,12,V-2023.12-SP3,V-2023.12-SP4,0.6212,0.9925999999999999,0.003359,1.617,1.6138,2.0172499999999998,0.0,0.0,0.0,0.0,0.0,0.0,0.0,0.0,0.6212,0.9925999999999999,0.003359,1.617,0.0,0.0,0.0,0.0,0.0,0.0,0.0,0.0,0.0,0.0,0.0,0.0,0.0,0.0,0.0,0.0,vectored,fixed_route,2,2026-08-19T08:43:07+00:00
foldedclos_64_4_4_4_0p5_5nm_TT_0V7_25C_1333p33MHz,foldedclos,data_width=64;terminals_per_leaf=4;num_leaves=4;num_spines=4;oversubscription=0.5,5nm,TT,0.7,25.0,0.75,1333.3333333333333,64,4,4,4,0.5,V-2023.12-SP4,27283,27283,0,973.551589,973.551589,0.0,0.0,0.0,0.55,0.0,0.0,0,V-2023.12-SP4,22201,22201,0,724.26,724.26,0.0,1383.018,0.5237,0.0,0.0,0.64,-0.09,-47.82,1064,V-2023.12-SP3,V-2023.12-SP4,1.728,3.689,0.005435,5.422,5.417,4.062749999999999,0.0,0.0,0.0,0.0,0.0,0.0,0.0,0.0,1.728,3.689,0.005435,5.422,0.0,0.0,0.0,0.0,0.0,0.0,0.0,0.0,0.0,0.0,0.0,0.0,0.0,0.0,0.0,0.0,unvectored,none,2,2026-08-19T09:03:17+00:00
foldedclos_64_4_4_4_0p5_5nm_TT_0V7_25C_1333p33MHz,foldedclos,data_width=64;terminals_per_leaf=4;num_leaves=4;num_spines=4;oversubscription=0.5,5nm,TT,0.7,25.0,0.75,1333.3333333333333,64,4,4,4,0.5,V-2023.12-SP4,27283,27283,0,973.551589,973.551589,0.0,0.0,0.0,0.55,0.0,0.0,0,V-2023.12-SP4,22201,22201,0,724.26,724.26,0.0,1383.018,0.5237,0.0,0.0,0.64,-0.09,-47.82,1064,V-2023.12-SP3,V-2023.12-SP4,2.814,5.56,0.005353,8.379,8.373999999999999,6.280499999999999,0.0,0.0,0.0,0.0,0.0,0.0,0.0,0.0,2.814,5.56,0.005353,8.379,0.0,0.0,0.0,0.0,0.0,0.0,0.0,0.0,0.0,0.0,0.0,0.0,0.0,0.0,0.0,0.0,vectored,random,2,2026-08-19T09:03:26+00:00
foldedclos_64_4_4_4_0p5_5nm_TT_0V7_25C_1333p33MHz,foldedclos,data_width=64;terminals_per_leaf=4;num_leaves=4;num_spines=4;oversubscription=0.5,5nm,TT,0.7,25.0,0.75,1333.3333333333333,64,4,4,4,0.5,V-2023.12-SP4,27283,27283,0,973.551589,973.551589,0.0,0.0,0.0,0.55,0.0,0.0,0,V-2023.12-SP4,22201,22201,0,724.26,724.26,0.0,1383.018,0.5237,0.0,0.0,0.64,-0.09,-47.82,1064,V-2023.12-SP3,V-2023.12-SP4,1.279,2.919,0.0053040000000000006,4.203,4.198,3.1485000000000003,0.0,0.0,0.0,0.0,0.0,0.0,0.0,0.0,1.279,2.919,0.0053040000000000006,4.203,0.0,0.0,0.0,0.0,0.0,0.0,0.0,0.0,0.0,0.0,0.0,0.0,0.0,0.0,0.0,0.0,vectored,fixed_route,2,2026-08-19T09:03:35+00:00
foldedclos_64_4_4_4_0p5_5nm_TT_0V7_25C_800MHz,foldedclos,data_width=64;terminals_per_leaf=4;num_leaves=4;num_spines=4;oversubscription=0.5,5nm,TT,0.7,25.0,1.25,800.0,64,4,4,4,0.5,V-2023.12-SP4,14020,14020,0,522.152391,522.152391,0.0,0.0,0.0,1.04,0.01,0.0,0,V-2023.12-SP4,14105,14105,0,526.97,526.97,0.0,742.9968,0.7093,0.0,0.0,1.06,-0.01,-0.04,11,V-2023.12-SP3,V-2023.12-SP4,0.7513,1.374,0.003466,2.129,2.1253,2.656625,0.0,0.0,0.0,0.0,0.0,0.0,0.0,0.0,0.7513,1.374,0.003466,2.129,0.0,0.0,0.0,0.0,0.0,0.0,0.0,0.0,0.0,0.0,0.0,0.0,0.0,0.0,0.0,0.0,unvectored,none,2,2026-08-19T09:48:49+00:00
foldedclos_64_4_4_4_0p5_5nm_TT_0V7_25C_800MHz,foldedclos,data_width=64;terminals_per_leaf=4;num_leaves=4;num_spines=4;oversubscription=0.5,5nm,TT,0.7,25.0,1.25,800.0,64,4,4,4,0.5,V-2023.12-SP4,14020,14020,0,522.152391,522.152391,0.0,0.0,0.0,1.04,0.01,0.0,0,V-2023.12-SP4,14105,14105,0,526.97,526.97,0.0,742.9968,0.7093,0.0,0.0,1.06,-0.01,-0.04,11,V-2023.12-SP3,V-2023.12-SP4,1.246,2.1020000000000003,0.003418,3.351,3.3480000000000003,4.1850000000000005,0.0,0.0,0.0,0.0,0.0,0.0,0.0,0.0,1.246,2.1020000000000003,0.003418,3.351,0.0,0.0,0.0,0.0,0.0,0.0,0.0,0.0,0.0,0.0,0.0,0.0,0.0,0.0,0.0,0.0,vectored,random,2,2026-08-19T09:49:00+00:00
foldedclos_64_4_4_4_0p5_5nm_TT_0V7_25C_800MHz,foldedclos,data_width=64;terminals_per_leaf=4;num_leaves=4;num_spines=4;oversubscription=0.5,5nm,TT,0.7,25.0,1.25,800.0,64,4,4,4,0.5,V-2023.12-SP4,14020,14020,0,522.152391,522.152391,0.0,0.0,0.0,1.04,0.01,0.0,0,V-2023.12-SP4,14105,14105,0,526.97,526.97,0.0,742.9968,0.7093,0.0,0.0,1.06,-0.01,-0.04,11,V-2023.12-SP3,V-2023.12-SP4,0.6212,0.9933,0.003359,1.618,1.6145,2.018125,0.0,0.0,0.0,0.0,0.0,0.0,0.0,0.0,0.6212,0.9933,0.003359,1.618,0.0,0.0,0.0,0.0,0.0,0.0,0.0,0.0,0.0,0.0,0.0,0.0,0.0,0.0,0.0,0.0,vectored,fixed_route,2,2026-08-19T09:49:10+00:00
foldedclos_32_4_4_8_1p0_5nm_TT_0V7_25C_1333p33MHz,foldedclos,data_width=32;terminals_per_leaf=4;num_leaves=4;num_spines=8;oversubscription=1.0,5nm,TT,0.7,25.0,0.75,1333.3333333333333,32,4,4,8,1.0,V-2023.12-SP4,15763,15763,0,563.102394,563.102394,0.0,0.0,0.0,0.55,0.0,0.0,0,V-2023.12-SP4,12097,12097,0,394.44,394.44,0.0,800.1504,0.493,0.0,0.0,0.57,-0.02,-0.71,142,V-2023.12-SP3,V-2023.12-SP4,0.895,2.026,0.002904,2.924,2.921,2.19075,0.0,0.0,0.0,0.0,0.0,0.0,0.0,0.0,0.895,2.026,0.002904,2.924,0.0,0.0,0.0,0.0,0.0,0.0,0.0,0.0,0.0,0.0,0.0,0.0,0.0,0.0,0.0,0.0,unvectored,none,2,2026-08-19T10:02:00+00:00
foldedclos_32_4_4_8_1p0_5nm_TT_0V7_25C_1333p33MHz,foldedclos,data_width=32;terminals_per_leaf=4;num_leaves=4;num_spines=8;oversubscription=1.0,5nm,TT,0.7,25.0,0.75,1333.3333333333333,32,4,4,8,1.0,V-2023.12-SP4,15763,15763,0,563.102394,563.102394,0.0,0.0,0.0,0.55,0.0,0.0,0,V-2023.12-SP4,12097,12097,0,394.44,394.44,0.0,800.1504,0.493,0.0,0.0,0.57,-0.02,-0.71,142,V-2023.12-SP3,V-2023.12-SP4,1.438,2.9290000000000003,0.0028710000000000003,4.37,4.367,3.2752499999999998,0.0,0.0,0.0,0.0,0.0,0.0,0.0,0.0,1.438,2.9290000000000003,0.0028710000000000003,4.37,0.0,0.0,0.0,0.0,0.0,0.0,0.0,0.0,0.0,0.0,0.0,0.0,0.0,0.0,0.0,0.0,vectored,random,2,2026-08-19T10:02:09+00:00
foldedclos_32_4_4_8_1p0_5nm_TT_0V7_25C_1333p33MHz,foldedclos,data_width=32;terminals_per_leaf=4;num_leaves=4;num_spines=8;oversubscription=1.0,5nm,TT,0.7,25.0,0.75,1333.3333333333333,32,4,4,8,1.0,V-2023.12-SP4,15763,15763,0,563.102394,563.102394,0.0,0.0,0.0,0.55,0.0,0.0,0,V-2023.12-SP4,12097,12097,0,394.44,394.44,0.0,800.1504,0.493,0.0,0.0,0.57,-0.02,-0.71,142,V-2023.12-SP3,V-2023.12-SP4,0.6786,1.645,0.002824,2.327,2.3236,1.7427,0.0,0.0,0.0,0.0,0.0,0.0,0.0,0.0,0.6786,1.645,0.002824,2.327,0.0,0.0,0.0,0.0,0.0,0.0,0.0,0.0,0.0,0.0,0.0,0.0,0.0,0.0,0.0,0.0,vectored,fixed_route,2,2026-08-19T10:02:18+00:00
foldedclos_32_4_4_8_1p0_5nm_TT_0V7_25C_800MHz,foldedclos,data_width=32;terminals_per_leaf=4;num_leaves=4;num_spines=8;oversubscription=1.0,5nm,TT,0.7,25.0,1.25,800.0,32,4,4,8,1.0,V-2023.12-SP4,15675,15675,0,554.341194,554.341194,0.0,0.0,0.0,1.01,0.04,0.0,0,V-2023.12-SP4,11876,11876,0,389.61,389.61,0.0,788.3736,0.4942,0.0,0.0,1.04,0.01,0.0,0,V-2023.12-SP3,V-2023.12-SP4,0.6374,1.359,0.002861,1.9989999999999999,1.9964,2.4955,0.0,0.0,0.0,0.0,0.0,0.0,0.0,0.0,0.6374,1.359,0.002861,1.9989999999999999,0.0,0.0,0.0,0.0,0.0,0.0,0.0,0.0,0.0,0.0,0.0,0.0,0.0,0.0,0.0,0.0,unvectored,none,2,2026-08-19T10:13:05+00:00
foldedclos_32_4_4_8_1p0_5nm_TT_0V7_25C_800MHz,foldedclos,data_width=32;terminals_per_leaf=4;num_leaves=4;num_spines=8;oversubscription=1.0,5nm,TT,0.7,25.0,1.25,800.0,32,4,4,8,1.0,V-2023.12-SP4,15675,15675,0,554.341194,554.341194,0.0,0.0,0.0,1.01,0.04,0.0,0,V-2023.12-SP4,11876,11876,0,389.61,389.61,0.0,788.3736,0.4942,0.0,0.0,1.04,0.01,0.0,0,V-2023.12-SP3,V-2023.12-SP4,1.075,2.024,0.0028020000000000002,3.1020000000000003,3.099,3.8737500000000002,0.0,0.0,0.0,0.0,0.0,0.0,0.0,0.0,1.075,2.024,0.0028020000000000002,3.1020000000000003,0.0,0.0,0.0,0.0,0.0,0.0,0.0,0.0,0.0,0.0,0.0,0.0,0.0,0.0,0.0,0.0,vectored,random,2,2026-08-19T10:13:14+00:00
foldedclos_32_4_4_8_1p0_5nm_TT_0V7_25C_800MHz,foldedclos,data_width=32;terminals_per_leaf=4;num_leaves=4;num_spines=8;oversubscription=1.0,5nm,TT,0.7,25.0,1.25,800.0,32,4,4,8,1.0,V-2023.12-SP4,15675,15675,0,554.341194,554.341194,0.0,0.0,0.0,1.01,0.04,0.0,0,V-2023.12-SP4,11876,11876,0,389.61,389.61,0.0,788.3736,0.4942,0.0,0.0,1.04,0.01,0.0,0,V-2023.12-SP3,V-2023.12-SP4,0.4973,1.147,0.00276,1.647,1.6443,2.055375,0.0,0.0,0.0,0.0,0.0,0.0,0.0,0.0,0.4973,1.147,0.00276,1.647,0.0,0.0,0.0,0.0,0.0,0.0,0.0,0.0,0.0,0.0,0.0,0.0,0.0,0.0,0.0,0.0,vectored,fixed_route,2,2026-08-19T10:13:22+00:00
foldedclos_32_4_4_8_0p5_5nm_TT_0V7_25C_1333p33MHz,foldedclos,data_width=32;terminals_per_leaf=4;num_leaves=4;num_spines=8;oversubscription=0.5,5nm,TT,0.7,25.0,0.75,1333.3333333333333,32,4,4,8,0.5,V-2023.12-SP4,15763,15763,0,563.102394,563.102394,0.0,0.0,0.0,0.55,0.0,0.0,0,V-2023.12-SP4,12097,12097,0,394.44,394.44,0.0,800.1504,0.493,0.0,0.0,0.57,-0.02,-0.63,125,V-2023.12-SP3,V-2023.12-SP4,0.895,2.026,0.002904,2.924,2.921,2.19075,0.0,0.0,0.0,0.0,0.0,0.0,0.0,0.0,0.895,2.026,0.002904,2.924,0.0,0.0,0.0,0.0,0.0,0.0,0.0,0.0,0.0,0.0,0.0,0.0,0.0,0.0,0.0,0.0,unvectored,none,2,2026-08-19T10:24:41+00:00
foldedclos_32_4_4_8_0p5_5nm_TT_0V7_25C_1333p33MHz,foldedclos,data_width=32;terminals_per_leaf=4;num_leaves=4;num_spines=8;oversubscription=0.5,5nm,TT,0.7,25.0,0.75,1333.3333333333333,32,4,4,8,0.5,V-2023.12-SP4,15763,15763,0,563.102394,563.102394,0.0,0.0,0.0,0.55,0.0,0.0,0,V-2023.12-SP4,12097,12097,0,394.44,394.44,0.0,800.1504,0.493,0.0,0.0,0.57,-0.02,-0.63,125,V-2023.12-SP3,V-2023.12-SP4,1.438,2.928,0.0028710000000000003,4.369,4.366,3.2744999999999997,0.0,0.0,0.0,0.0,0.0,0.0,0.0,0.0,1.438,2.928,0.0028710000000000003,4.369,0.0,0.0,0.0,0.0,0.0,0.0,0.0,0.0,0.0,0.0,0.0,0.0,0.0,0.0,0.0,0.0,vectored,random,2,2026-08-19T10:24:50+00:00
foldedclos_32_4_4_8_0p5_5nm_TT_0V7_25C_1333p33MHz,foldedclos,data_width=32;terminals_per_leaf=4;num_leaves=4;num_spines=8;oversubscription=0.5,5nm,TT,0.7,25.0,0.75,1333.3333333333333,32,4,4,8,0.5,V-2023.12-SP4,15763,15763,0,563.102394,563.102394,0.0,0.0,0.0,0.55,0.0,0.0,0,V-2023.12-SP4,12097,12097,0,394.44,394.44,0.0,800.1504,0.493,0.0,0.0,0.57,-0.02,-0.63,125,V-2023.12-SP3,V-2023.12-SP4,0.6786,1.645,0.002824,2.326,2.3236,1.7427,0.0,0.0,0.0,0.0,0.0,0.0,0.0,0.0,0.6786,1.645,0.002824,2.326,0.0,0.0,0.0,0.0,0.0,0.0,0.0,0.0,0.0,0.0,0.0,0.0,0.0,0.0,0.0,0.0,vectored,fixed_route,2,2026-08-19T10:24:58+00:00
foldedclos_32_4_4_8_0p5_5nm_TT_0V7_25C_800MHz,foldedclos,data_width=32;terminals_per_leaf=4;num_leaves=4;num_spines=8;oversubscription=0.5,5nm,TT,0.7,25.0,1.25,800.0,32,4,4,8,0.5,V-2023.12-SP4,15675,15675,0,554.341194,554.341194,0.0,0.0,0.0,1.01,0.04,0.0,0,V-2023.12-SP4,11876,11876,0,389.61,389.61,0.0,788.3736,0.4942,0.0,0.0,1.04,0.01,0.0,0,V-2023.12-SP3,V-2023.12-SP4,0.6374,1.358,0.002861,1.9989999999999999,1.9954,2.49425,0.0,0.0,0.0,0.0,0.0,0.0,0.0,0.0,0.6374,1.358,0.002861,1.9989999999999999,0.0,0.0,0.0,0.0,0.0,0.0,0.0,0.0,0.0,0.0,0.0,0.0,0.0,0.0,0.0,0.0,unvectored,none,2,2026-08-19T10:35:57+00:00
foldedclos_32_4_4_8_0p5_5nm_TT_0V7_25C_800MHz,foldedclos,data_width=32;terminals_per_leaf=4;num_leaves=4;num_spines=8;oversubscription=0.5,5nm,TT,0.7,25.0,1.25,800.0,32,4,4,8,0.5,V-2023.12-SP4,15675,15675,0,554.341194,554.341194,0.0,0.0,0.0,1.01,0.04,0.0,0,V-2023.12-SP4,11876,11876,0,389.61,389.61,0.0,788.3736,0.4942,0.0,0.0,1.04,0.01,0.0,0,V-2023.12-SP3,V-2023.12-SP4,1.0759999999999998,2.024,0.0028020000000000002,3.1029999999999998,3.0999999999999996,3.8749999999999996,0.0,0.0,0.0,0.0,0.0,0.0,0.0,0.0,1.0759999999999998,2.024,0.0028020000000000002,3.1029999999999998,0.0,0.0,0.0,0.0,0.0,0.0,0.0,0.0,0.0,0.0,0.0,0.0,0.0,0.0,0.0,0.0,vectored,random,2,2026-08-19T10:36:06+00:00
foldedclos_32_4_4_8_0p5_5nm_TT_0V7_25C_800MHz,foldedclos,data_width=32;terminals_per_leaf=4;num_leaves=4;num_spines=8;oversubscription=0.5,5nm,TT,0.7,25.0,1.25,800.0,32,4,4,8,0.5,V-2023.12-SP4,15675,15675,0,554.341194,554.341194,0.0,0.0,0.0,1.01,0.04,0.0,0,V-2023.12-SP4,11876,11876,0,389.61,389.61,0.0,788.3736,0.4942,0.0,0.0,1.04,0.01,0.0,0,V-2023.12-SP3,V-2023.12-SP4,0.49720000000000003,1.147,0.00276,1.647,1.6442,2.05525,0.0,0.0,0.0,0.0,0.0,0.0,0.0,0.0,0.49720000000000003,1.147,0.00276,1.647,0.0,0.0,0.0,0.0,0.0,0.0,0.0,0.0,0.0,0.0,0.0,0.0,0.0,0.0,0.0,0.0,vectored,fixed_route,2,2026-08-19T10:36:14+00:00
foldedclos_64_4_4_8_1p0_5nm_TT_0V7_25C_1333p33MHz,foldedclos,data_width=64;terminals_per_leaf=4;num_leaves=4;num_spines=8;oversubscription=1.0,5nm,TT,0.7,25.0,0.75,1333.3333333333333,64,4,4,8,1.0,V-2023.12-SP4,27283,27283,0,973.551589,973.551589,0.0,0.0,0.0,0.55,0.0,0.0,0,V-2023.12-SP4,22201,22201,0,724.26,724.26,0.0,1383.018,0.5237,0.0,0.0,0.63,-0.08,-47.99,1064,V-2023.12-SP3,V-2023.12-SP4,1.728,3.689,0.005435,5.422,5.417,4.062749999999999,0.0,0.0,0.0,0.0,0.0,0.0,0.0,0.0,1.728,3.689,0.005435,5.422,0.0,0.0,0.0,0.0,0.0,0.0,0.0,0.0,0.0,0.0,0.0,0.0,0.0,0.0,0.0,0.0,unvectored,none,2,2026-08-19T11:06:04+00:00
foldedclos_64_4_4_8_1p0_5nm_TT_0V7_25C_1333p33MHz,foldedclos,data_width=64;terminals_per_leaf=4;num_leaves=4;num_spines=8;oversubscription=1.0,5nm,TT,0.7,25.0,0.75,1333.3333333333333,64,4,4,8,1.0,V-2023.12-SP4,27283,27283,0,973.551589,973.551589,0.0,0.0,0.0,0.55,0.0,0.0,0,V-2023.12-SP4,22201,22201,0,724.26,724.26,0.0,1383.018,0.5237,0.0,0.0,0.63,-0.08,-47.99,1064,V-2023.12-SP3,V-2023.12-SP4,2.814,5.561,0.005353,8.381,8.375,6.28125,0.0,0.0,0.0,0.0,0.0,0.0,0.0,0.0,2.814,5.561,0.005353,8.381,0.0,0.0,0.0,0.0,0.0,0.0,0.0,0.0,0.0,0.0,0.0,0.0,0.0,0.0,0.0,0.0,vectored,random,2,2026-08-19T11:06:15+00:00
foldedclos_64_4_4_8_1p0_5nm_TT_0V7_25C_1333p33MHz,foldedclos,data_width=64;terminals_per_leaf=4;num_leaves=4;num_spines=8;oversubscription=1.0,5nm,TT,0.7,25.0,0.75,1333.3333333333333,64,4,4,8,1.0,V-2023.12-SP4,27283,27283,0,973.551589,973.551589,0.0,0.0,0.0,0.55,0.0,0.0,0,V-2023.12-SP4,22201,22201,0,724.26,724.26,0.0,1383.018,0.5237,0.0,0.0,0.63,-0.08,-47.99,1064,V-2023.12-SP3,V-2023.12-SP4,1.279,2.92,0.005305,4.203,4.199,3.14925,0.0,0.0,0.0,0.0,0.0,0.0,0.0,0.0,1.279,2.92,0.005305,4.203,0.0,0.0,0.0,0.0,0.0,0.0,0.0,0.0,0.0,0.0,0.0,0.0,0.0,0.0,0.0,0.0,vectored,fixed_route,2,2026-08-19T11:06:33+00:00
foldedclos_64_4_4_8_1p0_5nm_TT_0V7_25C_800MHz,foldedclos,data_width=64;terminals_per_leaf=4;num_leaves=4;num_spines=8;oversubscription=1.0,5nm,TT,0.7,25.0,1.25,800.0,64,4,4,8,1.0,V-2023.12-SP4,14020,14020,0,522.152391,522.152391,0.0,0.0,0.0,1.04,0.01,0.0,0,V-2023.12-SP4,14105,14105,0,526.97,526.97,0.0,742.9968,0.7093,0.0,0.0,1.06,-0.01,-0.02,6,V-2023.12-SP3,V-2023.12-SP4,0.7514000000000001,1.374,0.003466,2.129,2.1254,2.6567499999999997,0.0,0.0,0.0,0.0,0.0,0.0,0.0,0.0,0.7514000000000001,1.374,0.003466,2.129,0.0,0.0,0.0,0.0,0.0,0.0,0.0,0.0,0.0,0.0,0.0,0.0,0.0,0.0,0.0,0.0,unvectored,none,2,2026-08-19T12:22:55+00:00
foldedclos_64_4_4_8_1p0_5nm_TT_0V7_25C_800MHz,foldedclos,data_width=64;terminals_per_leaf=4;num_leaves=4;num_spines=8;oversubscription=1.0,5nm,TT,0.7,25.0,1.25,800.0,64,4,4,8,1.0,V-2023.12-SP4,14020,14020,0,522.152391,522.152391,0.0,0.0,0.0,1.04,0.01,0.0,0,V-2023.12-SP4,14105,14105,0,526.97,526.97,0.0,742.9968,0.7093,0.0,0.0,1.06,-0.01,-0.02,6,V-2023.12-SP3,V-2023.12-SP4,1.245,2.1020000000000003,0.003418,3.35,3.3470000000000004,4.183750000000001,0.0,0.0,0.0,0.0,0.0,0.0,0.0,0.0,1.245,2.1020000000000003,0.003418,3.35,0.0,0.0,0.0,0.0,0.0,0.0,0.0,0.0,0.0,0.0,0.0,0.0,0.0,0.0,0.0,0.0,vectored,random,2,2026-08-19T12:23:10+00:00
foldedclos_64_4_4_8_1p0_5nm_TT_0V7_25C_800MHz,foldedclos,data_width=64;terminals_per_leaf=4;num_leaves=4;num_spines=8;oversubscription=1.0,5nm,TT,0.7,25.0,1.25,800.0,64,4,4,8,1.0,V-2023.12-SP4,14020,14020,0,522.152391,522.152391,0.0,0.0,0.0,1.04,0.01,0.0,0,V-2023.12-SP4,14105,14105,0,526.97,526.97,0.0,742.9968,0.7093,0.0,0.0,1.06,-0.01,-0.02,6,V-2023.12-SP3,V-2023.12-SP4,0.6213,0.9931,0.003359,1.618,1.6143999999999998,2.018,0.0,0.0,0.0,0.0,0.0,0.0,0.0,0.0,0.6213,0.9931,0.003359,1.618,0.0,0.0,0.0,0.0,0.0,0.0,0.0,0.0,0.0,0.0,0.0,0.0,0.0,0.0,0.0,0.0,vectored,fixed_route,2,2026-08-19T12:23:29+00:00
foldedclos_64_4_4_8_0p5_5nm_TT_0V7_25C_1333p33MHz,foldedclos,data_width=64;terminals_per_leaf=4;num_leaves=4;num_spines=8;oversubscription=0.5,5nm,TT,0.7,25.0,0.75,1333.3333333333333,64,4,4,8,0.5,V-2023.12-SP4,27283,27283,0,973.551589,973.551589,0.0,0.0,0.0,0.55,0.0,0.0,0,V-2023.12-SP4,22201,22201,0,724.26,724.26,0.0,1383.018,0.5237,0.0,0.0,0.64,-0.09,-48.01,1064,V-2023.12-SP3,V-2023.12-SP4,1.728,3.689,0.005435,5.422,5.417,4.062749999999999,0.0,0.0,0.0,0.0,0.0,0.0,0.0,0.0,1.728,3.689,0.005435,5.422,0.0,0.0,0.0,0.0,0.0,0.0,0.0,0.0,0.0,0.0,0.0,0.0,0.0,0.0,0.0,0.0,unvectored,none,2,2026-08-19T13:05:24+00:00
foldedclos_64_4_4_8_0p5_5nm_TT_0V7_25C_1333p33MHz,foldedclos,data_width=64;terminals_per_leaf=4;num_leaves=4;num_spines=8;oversubscription=0.5,5nm,TT,0.7,25.0,0.75,1333.3333333333333,64,4,4,8,0.5,V-2023.12-SP4,27283,27283,0,973.551589,973.551589,0.0,0.0,0.0,0.55,0.0,0.0,0,V-2023.12-SP4,22201,22201,0,724.26,724.26,0.0,1383.018,0.5237,0.0,0.0,0.64,-0.09,-48.01,1064,V-2023.12-SP3,V-2023.12-SP4,2.812,5.558,0.005353,8.375,8.37,6.2775,0.0,0.0,0.0,0.0,0.0,0.0,0.0,0.0,2.812,5.558,0.005353,8.375,0.0,0.0,0.0,0.0,0.0,0.0,0.0,0.0,0.0,0.0,0.0,0.0,0.0,0.0,0.0,0.0,vectored,random,2,2026-08-19T13:05:36+00:00
foldedclos_64_4_4_8_0p5_5nm_TT_0V7_25C_1333p33MHz,foldedclos,data_width=64;terminals_per_leaf=4;num_leaves=4;num_spines=8;oversubscription=0.5,5nm,TT,0.7,25.0,0.75,1333.3333333333333,64,4,4,8,0.5,V-2023.12-SP4,27283,27283,0,973.551589,973.551589,0.0,0.0,0.0,0.55,0.0,0.0,0,V-2023.12-SP4,22201,22201,0,724.26,724.26,0.0,1383.018,0.5237,0.0,0.0,0.64,-0.09,-48.01,1064,V-2023.12-SP3,V-2023.12-SP4,1.279,2.92,0.0053040000000000006,4.204000000000001,4.199,3.14925,0.0,0.0,0.0,0.0,0.0,0.0,0.0,0.0,1.279,2.92,0.0053040000000000006,4.204000000000001,0.0,0.0,0.0,0.0,0.0,0.0,0.0,0.0,0.0,0.0,0.0,0.0,0.0,0.0,0.0,0.0,vectored,fixed_route,2,2026-08-19T13:05:53+00:00
foldedclos_64_4_4_8_0p5_5nm_TT_0V7_25C_800MHz,foldedclos,data_width=64;terminals_per_leaf=4;num_leaves=4;num_spines=8;oversubscription=0.5,5nm,TT,0.7,25.0,1.25,800.0,64,4,4,8,0.5,V-2023.12-SP4,14020,14020,0,522.152391,522.152391,0.0,0.0,0.0,1.04,0.01,0.0,0,V-2023.12-SP4,14105,14105,0,526.97,526.97,0.0,742.9968,0.7093,0.0,0.0,1.06,-0.01,-0.04,11,V-2023.12-SP3,V-2023.12-SP4,0.7514000000000001,1.373,0.003466,2.128,2.1244,2.6555,0.0,0.0,0.0,0.0,0.0,0.0,0.0,0.0,0.7514000000000001,1.373,0.003466,2.128,0.0,0.0,0.0,0.0,0.0,0.0,0.0,0.0,0.0,0.0,0.0,0.0,0.0,0.0,0.0,0.0,unvectored,none,2,2026-08-19T14:15:30+00:00
foldedclos_64_4_4_8_0p5_5nm_TT_0V7_25C_800MHz,foldedclos,data_width=64;terminals_per_leaf=4;num_leaves=4;num_spines=8;oversubscription=0.5,5nm,TT,0.7,25.0,1.25,800.0,64,4,4,8,0.5,V-2023.12-SP4,14020,14020,0,522.152391,522.152391,0.0,0.0,0.0,1.04,0.01,0.0,0,V-2023.12-SP4,14105,14105,0,526.97,526.97,0.0,742.9968,0.7093,0.0,0.0,1.06,-0.01,-0.04,11,V-2023.12-SP3,V-2023.12-SP4,1.246,2.101,0.003418,3.35,3.347,4.18375,0.0,0.0,0.0,0.0,0.0,0.0,0.0,0.0,1.246,2.101,0.003418,3.35,0.0,0.0,0.0,0.0,0.0,0.0,0.0,0.0,0.0,0.0,0.0,0.0,0.0,0.0,0.0,0.0,vectored,random,2,2026-08-19T14:15:43+00:00
foldedclos_64_4_4_8_0p5_5nm_TT_0V7_25C_800MHz,foldedclos,data_width=64;terminals_per_leaf=4;num_leaves=4;num_spines=8;oversubscription=0.5,5nm,TT,0.7,25.0,1.25,800.0,64,4,4,8,0.5,V-2023.12-SP4,14020,14020,0,522.152391,522.152391,0.0,0.0,0.0,1.04,0.01,0.0,0,V-2023.12-SP4,14105,14105,0,526.97,526.97,0.0,742.9968,0.7093,0.0,0.0,1.06,-0.01,-0.04,11,V-2023.12-SP3,V-2023.12-SP4,0.6212,0.9931,0.003359,1.618,1.6143,2.017875,0.0,0.0,0.0,0.0,0.0,0.0,0.0,0.0,0.6212,0.9931,0.003359,1.618,0.0,0.0,0.0,0.0,0.0,0.0,0.0,0.0,0.0,0.0,0.0,0.0,0.0,0.0,0.0,0.0,vectored,fixed_route,2,2026-08-19T14:15:57+00:00
foldedclos_32_2_2_2_0p5_7nm_TT_0V75_25C_1333p33MHz,foldedclos,data_width=32;terminals_per_leaf=2;num_leaves=2;num_spines=2;oversubscription=0.5,7nm,TT,0.75,25.0,0.75,1333.3333333333333,32,2,2,2,0.5,V-2023.12-SP4,467,467,0,31.014145,31.014145,0.0,0.0,0.0,0.54,0.01,0.0,0,V-2023.12-SP4,460,460,0,30.93,30.93,0.0,43.6101,0.7093,0.0,0.0,0.5,0.05,0.0,0,V-2023.12-SP3,V-2023.12-SP4,0.06655,0.0906,0.0001104,0.1573,0.15715,0.11786250000000001,0.0,0.0,0.0,0.0,0.0,0.0,0.0,0.0,0.06655,0.0906,0.0001104,0.1573,0.0,0.0,0.0,0.0,0.0,0.0,0.0,0.0,0.0,0.0,0.0,0.0,0.0,0.0,0.0,0.0,unvectored,none,2,2026-08-19T14:58:36+00:00
foldedclos_32_2_2_2_0p5_7nm_TT_0V75_25C_1333p33MHz,foldedclos,data_width=32;terminals_per_leaf=2;num_leaves=2;num_spines=2;oversubscription=0.5,7nm,TT,0.75,25.0,0.75,1333.3333333333333,32,2,2,2,0.5,V-2023.12-SP4,467,467,0,31.014145,31.014145,0.0,0.0,0.0,0.54,0.01,0.0,0,V-2023.12-SP4,460,460,0,30.93,30.93,0.0,43.6101,0.7093,0.0,0.0,0.5,0.05,0.0,0,V-2023.12-SP3,V-2023.12-SP4,0.12530000000000002,0.156,0.0001098,0.2814,0.2813,0.210975,0.0,0.0,0.0,0.0,0.0,0.0,0.0,0.0,0.12530000000000002,0.156,0.0001098,0.2814,0.0,0.0,0.0,0.0,0.0,0.0,0.0,0.0,0.0,0.0,0.0,0.0,0.0,0.0,0.0,0.0,vectored,random,2,2026-08-19T14:58:47+00:00
foldedclos_32_2_2_2_0p5_7nm_TT_0V75_25C_1333p33MHz,foldedclos,data_width=32;terminals_per_leaf=2;num_leaves=2;num_spines=2;oversubscription=0.5,7nm,TT,0.75,25.0,0.75,1333.3333333333333,32,2,2,2,0.5,V-2023.12-SP4,467,467,0,31.014145,31.014145,0.0,0.0,0.0,0.54,0.01,0.0,0,V-2023.12-SP4,460,460,0,30.93,30.93,0.0,43.6101,0.7093,0.0,0.0,0.5,0.05,0.0,0,V-2023.12-SP3,V-2023.12-SP4,0.05242,0.03778,0.0001089,0.09030999999999999,0.0902,0.06765,0.0,0.0,0.0,0.0,0.0,0.0,0.0,0.0,0.05242,0.03778,0.0001089,0.09030999999999999,0.0,0.0,0.0,0.0,0.0,0.0,0.0,0.0,0.0,0.0,0.0,0.0,0.0,0.0,0.0,0.0,vectored,fixed_route,2,2026-08-19T14:58:54+00:00
foldedclos_32_2_2_2_0p5_7nm_TT_0V75_25C_800MHz,foldedclos,data_width=32;terminals_per_leaf=2;num_leaves=2;num_spines=2;oversubscription=0.5,7nm,TT,0.75,25.0,1.25,800.0,32,2,2,2,0.5,V-2023.12-SP4,467,467,0,30.998017,30.998017,0.0,0.0,0.0,0.61,0.44,0.0,0,V-2023.12-SP4,458,458,0,30.87,30.87,0.0,43.1908,0.7147,0.0,0.0,0.57,0.48,0.0,0,V-2023.12-SP3,V-2023.12-SP4,0.03986,0.05342,0.0001097,0.09338,0.09328,0.11660000000000001,0.0,0.0,0.0,0.0,0.0,0.0,0.0,0.0,0.03986,0.05342,0.0001097,0.09338,0.0,0.0,0.0,0.0,0.0,0.0,0.0,0.0,0.0,0.0,0.0,0.0,0.0,0.0,0.0,0.0,unvectored,none,2,2026-08-19T15:03:11+00:00
foldedclos_32_2_2_2_0p5_7nm_TT_0V75_25C_800MHz,foldedclos,data_width=32;terminals_per_leaf=2;num_leaves=2;num_spines=2;oversubscription=0.5,7nm,TT,0.75,25.0,1.25,800.0,32,2,2,2,0.5,V-2023.12-SP4,467,467,0,30.998017,30.998017,0.0,0.0,0.0,0.61,0.44,0.0,0,V-2023.12-SP4,458,458,0,30.87,30.87,0.0,43.1908,0.7147,0.0,0.0,0.57,0.48,0.0,0,V-2023.12-SP3,V-2023.12-SP4,0.07566,0.09303,0.00010899999999999999,0.1688,0.16869,0.2108625,0.0,0.0,0.0,0.0,0.0,0.0,0.0,0.0,0.07566,0.09303,0.00010899999999999999,0.1688,0.0,0.0,0.0,0.0,0.0,0.0,0.0,0.0,0.0,0.0,0.0,0.0,0.0,0.0,0.0,0.0,vectored,random,2,2026-08-19T15:03:18+00:00
foldedclos_32_2_2_2_0p5_7nm_TT_0V75_25C_800MHz,foldedclos,data_width=32;terminals_per_leaf=2;num_leaves=2;num_spines=2;oversubscription=0.5,7nm,TT,0.75,25.0,1.25,800.0,32,2,2,2,0.5,V-2023.12-SP4,467,467,0,30.998017,30.998017,0.0,0.0,0.0,0.61,0.44,0.0,0,V-2023.12-SP4,458,458,0,30.87,30.87,0.0,43.1908,0.7147,0.0,0.0,0.57,0.48,0.0,0,V-2023.12-SP3,V-2023.12-SP4,0.0314,0.02222,0.00010879999999999999,0.05373,0.05362,0.067025,0.0,0.0,0.0,0.0,0.0,0.0,0.0,0.0,0.0314,0.02222,0.00010879999999999999,0.05373,0.0,0.0,0.0,0.0,0.0,0.0,0.0,0.0,0.0,0.0,0.0,0.0,0.0,0.0,0.0,0.0,vectored,fixed_route,2,2026-08-19T15:03:26+00:00
foldedclos_32_8_4_4_0p25_5nm_TT_0V7_25C_1333p33MHz,foldedclos,data_width=32;terminals_per_leaf=8;num_leaves=4;num_spines=4;oversubscription=0.25,5nm,TT,0.7,25.0,0.75,1333.3333333333333,32,8,4,4,0.25,V-2023.12-SP4,61502,61502,0,2226.571176,2226.571176,0.0,0.0,0.0,0.55,0.0,0.0,0,V-2023.12-SP4,48381,48381,0,1618.51,1618.51,0.0,3171.378,0.5103,0.0,0.0,0.75,-0.2,-47.2,1054,V-2023.12-SP3,V-2023.12-SP4,2.662,7.356,0.0123,10.0,10.018,7.5135000000000005,0.0,0.0,0.0,0.0,0.0,0.0,0.0,0.0,2.662,7.356,0.0123,10.0,0.0,0.0,0.0,0.0,0.0,0.0,0.0,0.0,0.0,0.0,0.0,0.0,0.0,0.0,0.0,0.0,unvectored,none,2,2026-08-19T15:03:42+00:00
foldedclos_32_8_4_4_0p25_5nm_TT_0V7_25C_1333p33MHz,foldedclos,data_width=32;terminals_per_leaf=8;num_leaves=4;num_spines=4;oversubscription=0.25,5nm,TT,0.7,25.0,0.75,1333.3333333333333,32,8,4,4,0.25,V-2023.12-SP4,61502,61502,0,2226.571176,2226.571176,0.0,0.0,0.0,0.55,0.0,0.0,0,V-2023.12-SP4,48381,48381,0,1618.51,1618.51,0.0,3171.378,0.5103,0.0,0.0,0.75,-0.2,-47.2,1054,V-2023.12-SP3,V-2023.12-SP4,3.9160000000000004,10.1,0.01219,14.0,14.016,10.512,0.0,0.0,0.0,0.0,0.0,0.0,0.0,0.0,3.9160000000000004,10.1,0.01219,14.0,0.0,0.0,0.0,0.0,0.0,0.0,0.0,0.0,0.0,0.0,0.0,0.0,0.0,0.0,0.0,0.0,vectored,random,2,2026-08-19T15:03:56+00:00
foldedclos_32_8_4_4_0p25_5nm_TT_0V7_25C_1333p33MHz,foldedclos,data_width=32;terminals_per_leaf=8;num_leaves=4;num_spines=4;oversubscription=0.25,5nm,TT,0.7,25.0,0.75,1333.3333333333333,32,8,4,4,0.25,V-2023.12-SP4,61502,61502,0,2226.571176,2226.571176,0.0,0.0,0.0,0.55,0.0,0.0,0,V-2023.12-SP4,48381,48381,0,1618.51,1618.51,0.0,3171.378,0.5103,0.0,0.0,0.75,-0.2,-47.2,1054,V-2023.12-SP3,V-2023.12-SP4,1.8259999999999998,6.218999999999999,0.012,8.057,8.045,6.0337499999999995,0.0,0.0,0.0,0.0,0.0,0.0,0.0,0.0,1.8259999999999998,6.218999999999999,0.012,8.057,0.0,0.0,0.0,0.0,0.0,0.0,0.0,0.0,0.0,0.0,0.0,0.0,0.0,0.0,0.0,0.0,vectored,fixed_route,2,2026-08-19T15:04:08+00:00
foldedclos_64_2_2_2_0p5_7nm_TT_0V75_25C_1333p33MHz,foldedclos,data_width=64;terminals_per_leaf=2;num_leaves=2;num_spines=2;oversubscription=0.5,7nm,TT,0.75,25.0,0.75,1333.3333333333333,64,2,2,2,0.5,V-2023.12-SP4,844,844,0,58.044673,58.044673,0.0,0.0,0.0,0.54,0.01,0.0,0,V-2023.12-SP4,860,860,0,58.87,58.87,0.0,82.4463,0.714,0.0,0.0,0.54,0.01,0.0,0,V-2023.12-SP3,V-2023.12-SP4,0.1275,0.1815,0.0002127,0.3092,0.309,0.23175,0.0,0.0,0.0,0.0,0.0,0.0,0.0,0.0,0.1275,0.1815,0.0002127,0.3092,0.0,0.0,0.0,0.0,0.0,0.0,0.0,0.0,0.0,0.0,0.0,0.0,0.0,0.0,0.0,0.0,unvectored,none,2,2026-08-19T15:09:41+00:00
foldedclos_64_2_2_2_0p5_7nm_TT_0V75_25C_1333p33MHz,foldedclos,data_width=64;terminals_per_leaf=2;num_leaves=2;num_spines=2;oversubscription=0.5,7nm,TT,0.75,25.0,0.75,1333.3333333333333,64,2,2,2,0.5,V-2023.12-SP4,844,844,0,58.044673,58.044673,0.0,0.0,0.0,0.54,0.01,0.0,0,V-2023.12-SP4,860,860,0,58.87,58.87,0.0,82.4463,0.714,0.0,0.0,0.54,0.01,0.0,0,V-2023.12-SP3,V-2023.12-SP4,0.2392,0.316,0.0002111,0.5553999999999999,0.5552,0.4164,0.0,0.0,0.0,0.0,0.0,0.0,0.0,0.0,0.2392,0.316,0.0002111,0.5553999999999999,0.0,0.0,0.0,0.0,0.0,0.0,0.0,0.0,0.0,0.0,0.0,0.0,0.0,0.0,0.0,0.0,vectored,random,2,2026-08-19T15:09:48+00:00
foldedclos_64_2_2_2_0p5_7nm_TT_0V75_25C_1333p33MHz,foldedclos,data_width=64;terminals_per_leaf=2;num_leaves=2;num_spines=2;oversubscription=0.5,7nm,TT,0.75,25.0,0.75,1333.3333333333333,64,2,2,2,0.5,V-2023.12-SP4,844,844,0,58.044673,58.044673,0.0,0.0,0.0,0.54,0.01,0.0,0,V-2023.12-SP4,860,860,0,58.87,58.87,0.0,82.4463,0.714,0.0,0.0,0.54,0.01,0.0,0,V-2023.12-SP3,V-2023.12-SP4,0.1048,0.08915,0.00021,0.1942,0.19395,0.1454625,0.0,0.0,0.0,0.0,0.0,0.0,0.0,0.0,0.1048,0.08915,0.00021,0.1942,0.0,0.0,0.0,0.0,0.0,0.0,0.0,0.0,0.0,0.0,0.0,0.0,0.0,0.0,0.0,0.0,vectored,fixed_route,2,2026-08-19T15:09:55+00:00
foldedclos_64_2_2_2_0p5_7nm_TT_0V75_25C_800MHz,foldedclos,data_width=64;terminals_per_leaf=2;num_leaves=2;num_spines=2;oversubscription=0.5,7nm,TT,0.75,25.0,1.25,800.0,64,2,2,2,0.5,V-2023.12-SP4,847,847,0,58.076929,58.076929,0.0,0.0,0.0,0.66,0.39,0.0,0,V-2023.12-SP4,863,863,0,58.96,58.96,0.0,82.4463,0.7152,0.0,0.0,0.56,0.49,0.0,0,V-2023.12-SP3,V-2023.12-SP4,0.07564,0.1081,0.00021250000000000002,0.184,0.18374000000000001,0.22967500000000002,0.0,0.0,0.0,0.0,0.0,0.0,0.0,0.0,0.07564,0.1081,0.00021250000000000002,0.184,0.0,0.0,0.0,0.0,0.0,0.0,0.0,0.0,0.0,0.0,0.0,0.0,0.0,0.0,0.0,0.0,unvectored,none,2,2026-08-19T15:16:11+00:00
foldedclos_64_2_2_2_0p5_7nm_TT_0V75_25C_800MHz,foldedclos,data_width=64;terminals_per_leaf=2;num_leaves=2;num_spines=2;oversubscription=0.5,7nm,TT,0.75,25.0,1.25,800.0,64,2,2,2,0.5,V-2023.12-SP4,847,847,0,58.076929,58.076929,0.0,0.0,0.0,0.66,0.39,0.0,0,V-2023.12-SP4,863,863,0,58.96,58.96,0.0,82.4463,0.7152,0.0,0.0,0.56,0.49,0.0,0,V-2023.12-SP3,V-2023.12-SP4,0.1406,0.1855,0.00021089999999999998,0.32630000000000003,0.3261,0.407625,0.0,0.0,0.0,0.0,0.0,0.0,0.0,0.0,0.1406,0.1855,0.00021089999999999998,0.32630000000000003,0.0,0.0,0.0,0.0,0.0,0.0,0.0,0.0,0.0,0.0,0.0,0.0,0.0,0.0,0.0,0.0,vectored,random,2,2026-08-19T15:16:17+00:00
foldedclos_64_2_2_2_0p5_7nm_TT_0V75_25C_800MHz,foldedclos,data_width=64;terminals_per_leaf=2;num_leaves=2;num_spines=2;oversubscription=0.5,7nm,TT,0.75,25.0,1.25,800.0,64,2,2,2,0.5,V-2023.12-SP4,847,847,0,58.076929,58.076929,0.0,0.0,0.0,0.66,0.39,0.0,0,V-2023.12-SP4,863,863,0,58.96,58.96,0.0,82.4463,0.7152,0.0,0.0,0.56,0.49,0.0,0,V-2023.12-SP3,V-2023.12-SP4,0.0629,0.05283,0.0002104,0.1159,0.11573,0.1446625,0.0,0.0,0.0,0.0,0.0,0.0,0.0,0.0,0.0629,0.05283,0.0002104,0.1159,0.0,0.0,0.0,0.0,0.0,0.0,0.0,0.0,0.0,0.0,0.0,0.0,0.0,0.0,0.0,0.0,vectored,fixed_route,2,2026-08-19T15:16:24+00:00
foldedclos_128_2_2_2_1p0_7nm_TT_0V75_25C_1333p33MHz,foldedclos,data_width=128;terminals_per_leaf=2;num_leaves=2;num_spines=2;oversubscription=1.0,7nm,TT,0.75,25.0,0.75,1333.3333333333333,128,2,2,2,1.0,V-2023.12-SP4,2673,2673,0,154.328833,154.328833,0.0,0.0,0.0,0.55,0.0,0.0,0,V-2023.12-SP4,2322,2322,0,138.75,138.75,0.0,217.0184,0.6393,0.0,0.0,0.55,-0.0,-0.01,2,V-2023.12-SP3,V-2023.12-SP4,0.2716,0.4301,0.0004835,0.7023,0.7017,0.526275,0.0,0.0,0.0,0.0,0.0,0.0,0.0,0.0,0.2716,0.4301,0.0004835,0.7023,0.0,0.0,0.0,0.0,0.0,0.0,0.0,0.0,0.0,0.0,0.0,0.0,0.0,0.0,0.0,0.0,unvectored,none,2,2026-08-19T15:27:33+00:00
foldedclos_128_2_2_2_1p0_7nm_TT_0V75_25C_1333p33MHz,foldedclos,data_width=128;terminals_per_leaf=2;num_leaves=2;num_spines=2;oversubscription=1.0,7nm,TT,0.75,25.0,0.75,1333.3333333333333,128,2,2,2,1.0,V-2023.12-SP4,2673,2673,0,154.328833,154.328833,0.0,0.0,0.0,0.55,0.0,0.0,0,V-2023.12-SP4,2322,2322,0,138.75,138.75,0.0,217.0184,0.6393,0.0,0.0,0.55,-0.0,-0.01,2,V-2023.12-SP3,V-2023.12-SP4,0.48040000000000005,0.7171000000000001,0.0004818,1.198,1.1975000000000002,0.8981250000000002,0.0,0.0,0.0,0.0,0.0,0.0,0.0,0.0,0.48040000000000005,0.7171000000000001,0.0004818,1.198,0.0,0.0,0.0,0.0,0.0,0.0,0.0,0.0,0.0,0.0,0.0,0.0,0.0,0.0,0.0,0.0,vectored,random,2,2026-08-19T15:27:40+00:00
foldedclos_128_2_2_2_1p0_7nm_TT_0V75_25C_1333p33MHz,foldedclos,data_width=128;terminals_per_leaf=2;num_leaves=2;num_spines=2;oversubscription=1.0,7nm,TT,0.75,25.0,0.75,1333.3333333333333,128,2,2,2,1.0,V-2023.12-SP4,2673,2673,0,154.328833,154.328833,0.0,0.0,0.0,0.55,0.0,0.0,0,V-2023.12-SP4,2322,2322,0,138.75,138.75,0.0,217.0184,0.6393,0.0,0.0,0.55,-0.0,-0.01,2,V-2023.12-SP3,V-2023.12-SP4,0.22440000000000002,0.24130000000000001,0.00048530000000000003,0.4662,0.4657,0.349275,0.0,0.0,0.0,0.0,0.0,0.0,0.0,0.0,0.22440000000000002,0.24130000000000001,0.00048530000000000003,0.4662,0.0,0.0,0.0,0.0,0.0,0.0,0.0,0.0,0.0,0.0,0.0,0.0,0.0,0.0,0.0,0.0,vectored,fixed_route,2,2026-08-19T15:27:46+00:00
foldedclos_128_2_2_2_1p0_7nm_TT_0V75_25C_800MHz,foldedclos,data_width=128;terminals_per_leaf=2;num_leaves=2;num_spines=2;oversubscription=1.0,7nm,TT,0.75,25.0,1.25,800.0,128,2,2,2,1.0,V-2023.12-SP4,1639,1639,0,113.008899,113.008899,0.0,0.0,0.0,0.75,0.3,0.0,0,V-2023.12-SP4,1673,1673,0,114.59,114.59,0.0,159.6672,0.7177,0.0,0.0,0.85,0.2,0.0,0,V-2023.12-SP3,V-2023.12-SP4,0.1466,0.22,0.0004089,0.367,0.36660000000000004,0.45825000000000005,0.0,0.0,0.0,0.0,0.0,0.0,0.0,0.0,0.1466,0.22,0.0004089,0.367,0.0,0.0,0.0,0.0,0.0,0.0,0.0,0.0,0.0,0.0,0.0,0.0,0.0,0.0,0.0,0.0,unvectored,none,2,2026-08-19T15:42:26+00:00
foldedclos_128_2_2_2_1p0_7nm_TT_0V75_25C_800MHz,foldedclos,data_width=128;terminals_per_leaf=2;num_leaves=2;num_spines=2;oversubscription=1.0,7nm,TT,0.75,25.0,1.25,800.0,128,2,2,2,1.0,V-2023.12-SP4,1639,1639,0,113.008899,113.008899,0.0,0.0,0.0,0.75,0.3,0.0,0,V-2023.12-SP4,1673,1673,0,114.59,114.59,0.0,159.6672,0.7177,0.0,0.0,0.85,0.2,0.0,0,V-2023.12-SP3,V-2023.12-SP4,0.2773,0.391,0.0004057,0.6687000000000001,0.6683,0.835375,0.0,0.0,0.0,0.0,0.0,0.0,0.0,0.0,0.2773,0.391,0.0004057,0.6687000000000001,0.0,0.0,0.0,0.0,0.0,0.0,0.0,0.0,0.0,0.0,0.0,0.0,0.0,0.0,0.0,0.0,vectored,random,2,2026-08-19T15:42:34+00:00
foldedclos_128_2_2_2_1p0_7nm_TT_0V75_25C_800MHz,foldedclos,data_width=128;terminals_per_leaf=2;num_leaves=2;num_spines=2;oversubscription=1.0,7nm,TT,0.75,25.0,1.25,800.0,128,2,2,2,1.0,V-2023.12-SP4,1639,1639,0,113.008899,113.008899,0.0,0.0,0.0,0.75,0.3,0.0,0,V-2023.12-SP4,1673,1673,0,114.59,114.59,0.0,159.6672,0.7177,0.0,0.0,0.85,0.2,0.0,0,V-2023.12-SP3,V-2023.12-SP4,0.1256,0.1181,0.0004052,0.24409999999999998,0.24369999999999997,0.304625,0.0,0.0,0.0,0.0,0.0,0.0,0.0,0.0,0.1256,0.1181,0.0004052,0.24409999999999998,0.0,0.0,0.0,0.0,0.0,0.0,0.0,0.0,0.0,0.0,0.0,0.0,0.0,0.0,0.0,0.0,vectored,fixed_route,2,2026-08-19T15:42:42+00:00
foldedclos_32_8_4_4_0p25_5nm_TT_0V7_25C_800MHz,foldedclos,data_width=32;terminals_per_leaf=8;num_leaves=4;num_spines=4;oversubscription=0.25,5nm,TT,0.7,25.0,1.25,800.0,32,8,4,4,0.25,V-2023.12-SP4,63521,63521,0,2343.045574,2343.045574,0.0,0.0,0.0,1.05,0.0,0.0,0,V-2023.12-SP4,49965,49965,0,1653.07,1653.07,0.0,3343.2672,0.4944,0.0,0.0,1.19,-0.14,-87.27,1182,V-2023.12-SP3,V-2023.12-SP4,1.921,5.118,0.012490000000000001,7.051,7.039000000000001,8.79875,0.0,0.0,0.0,0.0,0.0,0.0,0.0,0.0,1.921,5.118,0.012490000000000001,7.051,0.0,0.0,0.0,0.0,0.0,0.0,0.0,0.0,0.0,0.0,0.0,0.0,0.0,0.0,0.0,0.0,unvectored,none,2,2026-08-19T15:43:46+00:00
foldedclos_32_8_4_4_0p25_5nm_TT_0V7_25C_800MHz,foldedclos,data_width=32;terminals_per_leaf=8;num_leaves=4;num_spines=4;oversubscription=0.25,5nm,TT,0.7,25.0,1.25,800.0,32,8,4,4,0.25,V-2023.12-SP4,63521,63521,0,2343.045574,2343.045574,0.0,0.0,0.0,1.05,0.0,0.0,0,V-2023.12-SP4,49965,49965,0,1653.07,1653.07,0.0,3343.2672,0.4944,0.0,0.0,1.19,-0.14,-87.27,1182,V-2023.12-SP3,V-2023.12-SP4,3.0469999999999997,7.29,0.012310000000000001,10.3,10.337,12.92125,0.0,0.0,0.0,0.0,0.0,0.0,0.0,0.0,3.0469999999999997,7.29,0.012310000000000001,10.3,0.0,0.0,0.0,0.0,0.0,0.0,0.0,0.0,0.0,0.0,0.0,0.0,0.0,0.0,0.0,0.0,vectored,random,2,2026-08-19T15:43:58+00:00
foldedclos_32_8_4_4_0p25_5nm_TT_0V7_25C_800MHz,foldedclos,data_width=32;terminals_per_leaf=8;num_leaves=4;num_spines=4;oversubscription=0.25,5nm,TT,0.7,25.0,1.25,800.0,32,8,4,4,0.25,V-2023.12-SP4,63521,63521,0,2343.045574,2343.045574,0.0,0.0,0.0,1.05,0.0,0.0,0,V-2023.12-SP4,49965,49965,0,1653.07,1653.07,0.0,3343.2672,0.4944,0.0,0.0,1.19,-0.14,-87.27,1182,V-2023.12-SP3,V-2023.12-SP4,1.425,4.460000000000001,0.012119999999999999,5.897,5.885000000000001,7.356250000000001,0.0,0.0,0.0,0.0,0.0,0.0,0.0,0.0,1.425,4.460000000000001,0.012119999999999999,5.897,0.0,0.0,0.0,0.0,0.0,0.0,0.0,0.0,0.0,0.0,0.0,0.0,0.0,0.0,0.0,0.0,vectored,fixed_route,2,2026-08-19T15:44:11+00:00
foldedclos_128_2_2_2_0p5_7nm_TT_0V75_25C_1333p33MHz,foldedclos,data_width=128;terminals_per_leaf=2;num_leaves=2;num_spines=2;oversubscription=0.5,7nm,TT,0.75,25.0,0.75,1333.3333333333333,128,2,2,2,0.5,V-2023.12-SP4,2673,2673,0,154.328833,154.328833,0.0,0.0,0.0,0.55,0.0,0.0,0,V-2023.12-SP4,2322,2322,0,138.75,138.75,0.0,217.0184,0.6393,0.0,0.0,0.55,-0.0,-0.0,1,V-2023.12-SP3,V-2023.12-SP4,0.2717,0.4299,0.0004835,0.7021,0.7016,0.5262,0.0,0.0,0.0,0.0,0.0,0.0,0.0,0.0,0.2717,0.4299,0.0004835,0.7021,0.0,0.0,0.0,0.0,0.0,0.0,0.0,0.0,0.0,0.0,0.0,0.0,0.0,0.0,0.0,0.0,unvectored,none,2,2026-08-19T15:53:35+00:00
foldedclos_128_2_2_2_0p5_7nm_TT_0V75_25C_1333p33MHz,foldedclos,data_width=128;terminals_per_leaf=2;num_leaves=2;num_spines=2;oversubscription=0.5,7nm,TT,0.75,25.0,0.75,1333.3333333333333,128,2,2,2,0.5,V-2023.12-SP4,2673,2673,0,154.328833,154.328833,0.0,0.0,0.0,0.55,0.0,0.0,0,V-2023.12-SP4,2322,2322,0,138.75,138.75,0.0,217.0184,0.6393,0.0,0.0,0.55,-0.0,-0.0,1,V-2023.12-SP3,V-2023.12-SP4,0.48069999999999996,0.7171000000000001,0.0004818,1.198,1.1978,0.89835,0.0,0.0,0.0,0.0,0.0,0.0,0.0,0.0,0.48069999999999996,0.7171000000000001,0.0004818,1.198,0.0,0.0,0.0,0.0,0.0,0.0,0.0,0.0,0.0,0.0,0.0,0.0,0.0,0.0,0.0,0.0,vectored,random,2,2026-08-19T15:53:42+00:00
foldedclos_128_2_2_2_0p5_7nm_TT_0V75_25C_1333p33MHz,foldedclos,data_width=128;terminals_per_leaf=2;num_leaves=2;num_spines=2;oversubscription=0.5,7nm,TT,0.75,25.0,0.75,1333.3333333333333,128,2,2,2,0.5,V-2023.12-SP4,2673,2673,0,154.328833,154.328833,0.0,0.0,0.0,0.55,0.0,0.0,0,V-2023.12-SP4,2322,2322,0,138.75,138.75,0.0,217.0184,0.6393,0.0,0.0,0.55,-0.0,-0.0,1,V-2023.12-SP3,V-2023.12-SP4,0.22440000000000002,0.2415,0.00048530000000000003,0.4663,0.4659,0.349425,0.0,0.0,0.0,0.0,0.0,0.0,0.0,0.0,0.22440000000000002,0.2415,0.00048530000000000003,0.4663,0.0,0.0,0.0,0.0,0.0,0.0,0.0,0.0,0.0,0.0,0.0,0.0,0.0,0.0,0.0,0.0,vectored,fixed_route,2,2026-08-19T15:53:48+00:00
foldedclos_128_2_2_2_0p5_7nm_TT_0V75_25C_800MHz,foldedclos,data_width=128;terminals_per_leaf=2;num_leaves=2;num_spines=2;oversubscription=0.5,7nm,TT,0.75,25.0,1.25,800.0,128,2,2,2,0.5,V-2023.12-SP4,1639,1639,0,113.008899,113.008899,0.0,0.0,0.0,0.75,0.3,0.0,0,V-2023.12-SP4,1673,1673,0,114.59,114.59,0.0,159.6672,0.7177,0.0,0.0,0.85,0.2,0.0,0,V-2023.12-SP3,V-2023.12-SP4,0.14650000000000002,0.2206,0.0004089,0.3675,0.3671,0.458875,0.0,0.0,0.0,0.0,0.0,0.0,0.0,0.0,0.14650000000000002,0.2206,0.0004089,0.3675,0.0,0.0,0.0,0.0,0.0,0.0,0.0,0.0,0.0,0.0,0.0,0.0,0.0,0.0,0.0,0.0,unvectored,none,2,2026-08-19T16:06:50+00:00
foldedclos_128_2_2_2_0p5_7nm_TT_0V75_25C_800MHz,foldedclos,data_width=128;terminals_per_leaf=2;num_leaves=2;num_spines=2;oversubscription=0.5,7nm,TT,0.75,25.0,1.25,800.0,128,2,2,2,0.5,V-2023.12-SP4,1639,1639,0,113.008899,113.008899,0.0,0.0,0.0,0.75,0.3,0.0,0,V-2023.12-SP4,1673,1673,0,114.59,114.59,0.0,159.6672,0.7177,0.0,0.0,0.85,0.2,0.0,0,V-2023.12-SP3,V-2023.12-SP4,0.2776,0.3926,0.0004057,0.6705,0.6702,0.83775,0.0,0.0,0.0,0.0,0.0,0.0,0.0,0.0,0.2776,0.3926,0.0004057,0.6705,0.0,0.0,0.0,0.0,0.0,0.0,0.0,0.0,0.0,0.0,0.0,0.0,0.0,0.0,0.0,0.0,vectored,random,2,2026-08-19T16:06:57+00:00
foldedclos_128_2_2_2_0p5_7nm_TT_0V75_25C_800MHz,foldedclos,data_width=128;terminals_per_leaf=2;num_leaves=2;num_spines=2;oversubscription=0.5,7nm,TT,0.75,25.0,1.25,800.0,128,2,2,2,0.5,V-2023.12-SP4,1639,1639,0,113.008899,113.008899,0.0,0.0,0.0,0.75,0.3,0.0,0,V-2023.12-SP4,1673,1673,0,114.59,114.59,0.0,159.6672,0.7177,0.0,0.0,0.85,0.2,0.0,0,V-2023.12-SP3,V-2023.12-SP4,0.1256,0.1186,0.0004052,0.24449999999999997,0.24419999999999997,0.30524999999999997,0.0,0.0,0.0,0.0,0.0,0.0,0.0,0.0,0.1256,0.1186,0.0004052,0.24449999999999997,0.0,0.0,0.0,0.0,0.0,0.0,0.0,0.0,0.0,0.0,0.0,0.0,0.0,0.0,0.0,0.0,vectored,fixed_route,2,2026-08-19T16:07:05+00:00
foldedclos_32_2_4_2_1p0_7nm_TT_0V75_25C_1333p33MHz,foldedclos,data_width=32;terminals_per_leaf=2;num_leaves=4;num_spines=2;oversubscription=1.0,7nm,TT,0.75,25.0,0.75,1333.3333333333333,32,2,4,2,1.0,V-2023.12-SP4,3622,3622,0,216.792575,216.792575,0.0,0.0,0.0,0.55,0.0,0.0,0,V-2023.12-SP4,3015,3015,0,179.05,179.05,0.0,304.916,0.5872,0.0,0.0,0.56,-0.01,-0.13,36,V-2023.12-SP3,V-2023.12-SP4,0.3032,0.6267999999999999,0.0006665,0.9307,0.9299999999999999,0.6975,0.0,0.0,0.0,0.0,0.0,0.0,0.0,0.0,0.3032,0.6267999999999999,0.0006665,0.9307,0.0,0.0,0.0,0.0,0.0,0.0,0.0,0.0,0.0,0.0,0.0,0.0,0.0,0.0,0.0,0.0,unvectored,none,2,2026-08-19T16:15:41+00:00
foldedclos_32_2_4_2_1p0_7nm_TT_0V75_25C_1333p33MHz,foldedclos,data_width=32;terminals_per_leaf=2;num_leaves=4;num_spines=2;oversubscription=1.0,7nm,TT,0.75,25.0,0.75,1333.3333333333333,32,2,4,2,1.0,V-2023.12-SP4,3622,3622,0,216.792575,216.792575,0.0,0.0,0.0,0.55,0.0,0.0,0,V-2023.12-SP4,3015,3015,0,179.05,179.05,0.0,304.916,0.5872,0.0,0.0,0.56,-0.01,-0.13,36,V-2023.12-SP3,V-2023.12-SP4,0.5261,0.9659,0.0006606,1.4929999999999999,1.492,1.119,0.0,0.0,0.0,0.0,0.0,0.0,0.0,0.0,0.5261,0.9659,0.0006606,1.4929999999999999,0.0,0.0,0.0,0.0,0.0,0.0,0.0,0.0,0.0,0.0,0.0,0.0,0.0,0.0,0.0,0.0,vectored,random,2,2026-08-19T16:15:48+00:00
foldedclos_32_2_4_2_1p0_7nm_TT_0V75_25C_1333p33MHz,foldedclos,data_width=32;terminals_per_leaf=2;num_leaves=4;num_spines=2;oversubscription=1.0,7nm,TT,0.75,25.0,0.75,1333.3333333333333,32,2,4,2,1.0,V-2023.12-SP4,3622,3622,0,216.792575,216.792575,0.0,0.0,0.0,0.55,0.0,0.0,0,V-2023.12-SP4,3015,3015,0,179.05,179.05,0.0,304.916,0.5872,0.0,0.0,0.56,-0.01,-0.13,36,V-2023.12-SP3,V-2023.12-SP4,0.2636,0.5284000000000001,0.0006482,0.7926,0.792,0.5940000000000001,0.0,0.0,0.0,0.0,0.0,0.0,0.0,0.0,0.2636,0.5284000000000001,0.0006482,0.7926,0.0,0.0,0.0,0.0,0.0,0.0,0.0,0.0,0.0,0.0,0.0,0.0,0.0,0.0,0.0,0.0,vectored,fixed_route,2,2026-08-19T16:15:55+00:00
foldedclos_32_2_4_2_1p0_7nm_TT_0V75_25C_800MHz,foldedclos,data_width=32;terminals_per_leaf=2;num_leaves=4;num_spines=2;oversubscription=1.0,7nm,TT,0.75,25.0,1.25,800.0,32,2,4,2,1.0,V-2023.12-SP4,1989,1989,0,133.943042,133.943042,0.0,0.0,0.0,1.05,0.0,0.0,0,V-2023.12-SP4,1984,1984,0,133.94,133.94,0.0,188.117,0.712,0.0,0.0,0.99,0.06,0.0,0,V-2023.12-SP3,V-2023.12-SP4,0.1442,0.2668,0.0004902999999999999,0.4115,0.411,0.5137499999999999,0.0,0.0,0.0,0.0,0.0,0.0,0.0,0.0,0.1442,0.2668,0.0004902999999999999,0.4115,0.0,0.0,0.0,0.0,0.0,0.0,0.0,0.0,0.0,0.0,0.0,0.0,0.0,0.0,0.0,0.0,unvectored,none,2,2026-08-19T16:24:13+00:00
foldedclos_32_2_4_2_1p0_7nm_TT_0V75_25C_800MHz,foldedclos,data_width=32;terminals_per_leaf=2;num_leaves=4;num_spines=2;oversubscription=1.0,7nm,TT,0.75,25.0,1.25,800.0,32,2,4,2,1.0,V-2023.12-SP4,1989,1989,0,133.943042,133.943042,0.0,0.0,0.0,1.05,0.0,0.0,0,V-2023.12-SP4,1984,1984,0,133.94,133.94,0.0,188.117,0.712,0.0,0.0,0.99,0.06,0.0,0,V-2023.12-SP3,V-2023.12-SP4,0.2474,0.4067,0.0004848,0.6546,0.6541,0.817625,0.0,0.0,0.0,0.0,0.0,0.0,0.0,0.0,0.2474,0.4067,0.0004848,0.6546,0.0,0.0,0.0,0.0,0.0,0.0,0.0,0.0,0.0,0.0,0.0,0.0,0.0,0.0,0.0,0.0,vectored,random,2,2026-08-19T16:24:20+00:00
foldedclos_32_2_4_2_1p0_7nm_TT_0V75_25C_800MHz,foldedclos,data_width=32;terminals_per_leaf=2;num_leaves=4;num_spines=2;oversubscription=1.0,7nm,TT,0.75,25.0,1.25,800.0,32,2,4,2,1.0,V-2023.12-SP4,1989,1989,0,133.943042,133.943042,0.0,0.0,0.0,1.05,0.0,0.0,0,V-2023.12-SP4,1984,1984,0,133.94,133.94,0.0,188.117,0.712,0.0,0.0,0.99,0.06,0.0,0,V-2023.12-SP3,V-2023.12-SP4,0.1133,0.1976,0.00047240000000000004,0.31129999999999997,0.3109,0.388625,0.0,0.0,0.0,0.0,0.0,0.0,0.0,0.0,0.1133,0.1976,0.00047240000000000004,0.31129999999999997,0.0,0.0,0.0,0.0,0.0,0.0,0.0,0.0,0.0,0.0,0.0,0.0,0.0,0.0,0.0,0.0,vectored,fixed_route,2,2026-08-19T16:24:27+00:00
foldedclos_32_2_4_2_0p5_7nm_TT_0V75_25C_1333p33MHz,foldedclos,data_width=32;terminals_per_leaf=2;num_leaves=4;num_spines=2;oversubscription=0.5,7nm,TT,0.75,25.0,0.75,1333.3333333333333,32,2,4,2,0.5,V-2023.12-SP4,3622,3622,0,216.792575,216.792575,0.0,0.0,0.0,0.55,0.0,0.0,0,V-2023.12-SP4,3015,3015,0,179.05,179.05,0.0,304.916,0.5872,0.0,0.0,0.56,-0.01,-0.09,31,V-2023.12-SP3,V-2023.12-SP4,0.3032,0.627,0.0006665,0.9308,0.9302,0.69765,0.0,0.0,0.0,0.0,0.0,0.0,0.0,0.0,0.3032,0.627,0.0006665,0.9308,0.0,0.0,0.0,0.0,0.0,0.0,0.0,0.0,0.0,0.0,0.0,0.0,0.0,0.0,0.0,0.0,unvectored,none,2,2026-08-19T16:33:14+00:00
foldedclos_32_2_4_2_0p5_7nm_TT_0V75_25C_1333p33MHz,foldedclos,data_width=32;terminals_per_leaf=2;num_leaves=4;num_spines=2;oversubscription=0.5,7nm,TT,0.75,25.0,0.75,1333.3333333333333,32,2,4,2,0.5,V-2023.12-SP4,3622,3622,0,216.792575,216.792575,0.0,0.0,0.0,0.55,0.0,0.0,0,V-2023.12-SP4,3015,3015,0,179.05,179.05,0.0,304.916,0.5872,0.0,0.0,0.56,-0.01,-0.09,31,V-2023.12-SP3,V-2023.12-SP4,0.5264,0.9666,0.0006606,1.494,1.4929999999999999,1.1197499999999998,0.0,0.0,0.0,0.0,0.0,0.0,0.0,0.0,0.5264,0.9666,0.0006606,1.494,0.0,0.0,0.0,0.0,0.0,0.0,0.0,0.0,0.0,0.0,0.0,0.0,0.0,0.0,0.0,0.0,vectored,random,2,2026-08-19T16:33:22+00:00
foldedclos_32_2_4_2_0p5_7nm_TT_0V75_25C_1333p33MHz,foldedclos,data_width=32;terminals_per_leaf=2;num_leaves=4;num_spines=2;oversubscription=0.5,7nm,TT,0.75,25.0,0.75,1333.3333333333333,32,2,4,2,0.5,V-2023.12-SP4,3622,3622,0,216.792575,216.792575,0.0,0.0,0.0,0.55,0.0,0.0,0,V-2023.12-SP4,3015,3015,0,179.05,179.05,0.0,304.916,0.5872,0.0,0.0,0.56,-0.01,-0.09,31,V-2023.12-SP3,V-2023.12-SP4,0.2636,0.5287,0.0006482,0.7929,0.7923,0.594225,0.0,0.0,0.0,0.0,0.0,0.0,0.0,0.0,0.2636,0.5287,0.0006482,0.7929,0.0,0.0,0.0,0.0,0.0,0.0,0.0,0.0,0.0,0.0,0.0,0.0,0.0,0.0,0.0,0.0,vectored,fixed_route,2,2026-08-19T16:33:30+00:00
foldedclos_32_2_4_2_0p5_7nm_TT_0V75_25C_800MHz,foldedclos,data_width=32;terminals_per_leaf=2;num_leaves=4;num_spines=2;oversubscription=0.5,7nm,TT,0.75,25.0,1.25,800.0,32,2,4,2,0.5,V-2023.12-SP4,1989,1989,0,133.943042,133.943042,0.0,0.0,0.0,1.05,0.0,0.0,0,V-2023.12-SP4,1984,1984,0,133.94,133.94,0.0,188.117,0.712,0.0,0.0,0.98,0.07,0.0,0,V-2023.12-SP3,V-2023.12-SP4,0.1443,0.26689999999999997,0.0004902999999999999,0.41159999999999997,0.4112,0.514,0.0,0.0,0.0,0.0,0.0,0.0,0.0,0.0,0.1443,0.26689999999999997,0.0004902999999999999,0.41159999999999997,0.0,0.0,0.0,0.0,0.0,0.0,0.0,0.0,0.0,0.0,0.0,0.0,0.0,0.0,0.0,0.0,unvectored,none,2,2026-08-19T16:43:12+00:00
foldedclos_32_2_4_2_0p5_7nm_TT_0V75_25C_800MHz,foldedclos,data_width=32;terminals_per_leaf=2;num_leaves=4;num_spines=2;oversubscription=0.5,7nm,TT,0.75,25.0,1.25,800.0,32,2,4,2,0.5,V-2023.12-SP4,1989,1989,0,133.943042,133.943042,0.0,0.0,0.0,1.05,0.0,0.0,0,V-2023.12-SP4,1984,1984,0,133.94,133.94,0.0,188.117,0.712,0.0,0.0,0.98,0.07,0.0,0,V-2023.12-SP3,V-2023.12-SP4,0.2477,0.40709999999999996,0.0004848,0.6552,0.6547999999999999,0.8184999999999999,0.0,0.0,0.0,0.0,0.0,0.0,0.0,0.0,0.2477,0.40709999999999996,0.0004848,0.6552,0.0,0.0,0.0,0.0,0.0,0.0,0.0,0.0,0.0,0.0,0.0,0.0,0.0,0.0,0.0,0.0,vectored,random,2,2026-08-19T16:43:20+00:00
foldedclos_32_2_4_2_0p5_7nm_TT_0V75_25C_800MHz,foldedclos,data_width=32;terminals_per_leaf=2;num_leaves=4;num_spines=2;oversubscription=0.5,7nm,TT,0.75,25.0,1.25,800.0,32,2,4,2,0.5,V-2023.12-SP4,1989,1989,0,133.943042,133.943042,0.0,0.0,0.0,1.05,0.0,0.0,0,V-2023.12-SP4,1984,1984,0,133.94,133.94,0.0,188.117,0.712,0.0,0.0,0.98,0.07,0.0,0,V-2023.12-SP3,V-2023.12-SP4,0.1133,0.1975,0.00047240000000000004,0.3112,0.3108,0.3885,0.0,0.0,0.0,0.0,0.0,0.0,0.0,0.0,0.1133,0.1975,0.00047240000000000004,0.3112,0.0,0.0,0.0,0.0,0.0,0.0,0.0,0.0,0.0,0.0,0.0,0.0,0.0,0.0,0.0,0.0,vectored,fixed_route,2,2026-08-19T16:43:28+00:00
foldedclos_64_2_4_2_1p0_7nm_TT_0V75_25C_1333p33MHz,foldedclos,data_width=64;terminals_per_leaf=2;num_leaves=4;num_spines=2;oversubscription=1.0,7nm,TT,0.75,25.0,0.75,1333.3333333333333,64,2,4,2,1.0,V-2023.12-SP4,3934,3934,0,262.063876,262.063876,0.0,0.0,0.0,0.54,0.01,0.0,0,V-2023.12-SP4,3909,3909,0,262.66,262.66,0.0,370.1699,0.7096,0.0,0.0,0.56,-0.01,-0.03,21,V-2023.12-SP3,V-2023.12-SP4,0.4642,0.8906,0.0009397,1.356,1.3548,1.0161,0.0,0.0,0.0,0.0,0.0,0.0,0.0,0.0,0.4642,0.8906,0.0009397,1.356,0.0,0.0,0.0,0.0,0.0,0.0,0.0,0.0,0.0,0.0,0.0,0.0,0.0,0.0,0.0,0.0,unvectored,none,2,2026-08-19T17:20:29+00:00
foldedclos_64_2_4_2_1p0_7nm_TT_0V75_25C_1333p33MHz,foldedclos,data_width=64;terminals_per_leaf=2;num_leaves=4;num_spines=2;oversubscription=1.0,7nm,TT,0.75,25.0,0.75,1333.3333333333333,64,2,4,2,1.0,V-2023.12-SP4,3934,3934,0,262.063876,262.063876,0.0,0.0,0.0,0.54,0.01,0.0,0,V-2023.12-SP4,3909,3909,0,262.66,262.66,0.0,370.1699,0.7096,0.0,0.0,0.56,-0.01,-0.03,21,V-2023.12-SP3,V-2023.12-SP4,0.7314,1.2899999999999998,0.0009327,2.022,2.0214,1.51605,0.0,0.0,0.0,0.0,0.0,0.0,0.0,0.0,0.7314,1.2899999999999998,0.0009327,2.022,0.0,0.0,0.0,0.0,0.0,0.0,0.0,0.0,0.0,0.0,0.0,0.0,0.0,0.0,0.0,0.0,vectored,random,2,2026-08-19T17:20:41+00:00
foldedclos_64_2_4_2_1p0_7nm_TT_0V75_25C_1333p33MHz,foldedclos,data_width=64;terminals_per_leaf=2;num_leaves=4;num_spines=2;oversubscription=1.0,7nm,TT,0.75,25.0,0.75,1333.3333333333333,64,2,4,2,1.0,V-2023.12-SP4,3934,3934,0,262.063876,262.063876,0.0,0.0,0.0,0.54,0.01,0.0,0,V-2023.12-SP4,3909,3909,0,262.66,262.66,0.0,370.1699,0.7096,0.0,0.0,0.56,-0.01,-0.03,21,V-2023.12-SP3,V-2023.12-SP4,0.3967,0.7105,0.0009138000000000001,1.108,1.1072,0.8304,0.0,0.0,0.0,0.0,0.0,0.0,0.0,0.0,0.3967,0.7105,0.0009138000000000001,1.108,0.0,0.0,0.0,0.0,0.0,0.0,0.0,0.0,0.0,0.0,0.0,0.0,0.0,0.0,0.0,0.0,vectored,fixed_route,2,2026-08-19T17:20:51+00:00
foldedclos_64_2_4_2_1p0_7nm_TT_0V75_25C_800MHz,foldedclos,data_width=64;terminals_per_leaf=2;num_leaves=4;num_spines=2;oversubscription=1.0,7nm,TT,0.75,25.0,1.25,800.0,64,2,4,2,1.0,V-2023.12-SP4,3928,3928,0,261.096196,261.096196,0.0,0.0,0.0,0.71,0.34,0.0,0,V-2023.12-SP4,3879,3879,0,260.85,260.85,0.0,368.9441,0.707,0.0,0.0,0.63,0.42,0.0,0,V-2023.12-SP3,V-2023.12-SP4,0.2795,0.5358,0.0009313,0.8162,0.8153000000000001,1.0191250000000003,0.0,0.0,0.0,0.0,0.0,0.0,0.0,0.0,0.2795,0.5358,0.0009313,0.8162,0.0,0.0,0.0,0.0,0.0,0.0,0.0,0.0,0.0,0.0,0.0,0.0,0.0,0.0,0.0,0.0,unvectored,none,2,2026-08-19T17:54:34+00:00
foldedclos_64_2_4_2_1p0_7nm_TT_0V75_25C_800MHz,foldedclos,data_width=64;terminals_per_leaf=2;num_leaves=4;num_spines=2;oversubscription=1.0,7nm,TT,0.75,25.0,1.25,800.0,64,2,4,2,1.0,V-2023.12-SP4,3928,3928,0,261.096196,261.096196,0.0,0.0,0.0,0.71,0.34,0.0,0,V-2023.12-SP4,3879,3879,0,260.85,260.85,0.0,368.9441,0.707,0.0,0.0,0.63,0.42,0.0,0,V-2023.12-SP3,V-2023.12-SP4,0.4387,0.7712,0.0009235000000000001,1.211,1.2099,1.512375,0.0,0.0,0.0,0.0,0.0,0.0,0.0,0.0,0.4387,0.7712,0.0009235000000000001,1.211,0.0,0.0,0.0,0.0,0.0,0.0,0.0,0.0,0.0,0.0,0.0,0.0,0.0,0.0,0.0,0.0,vectored,random,2,2026-08-19T17:54:49+00:00
foldedclos_64_2_4_2_1p0_7nm_TT_0V75_25C_800MHz,foldedclos,data_width=64;terminals_per_leaf=2;num_leaves=4;num_spines=2;oversubscription=1.0,7nm,TT,0.75,25.0,1.25,800.0,64,2,4,2,1.0,V-2023.12-SP4,3928,3928,0,261.096196,261.096196,0.0,0.0,0.0,0.71,0.34,0.0,0,V-2023.12-SP4,3879,3879,0,260.85,260.85,0.0,368.9441,0.707,0.0,0.0,0.63,0.42,0.0,0,V-2023.12-SP3,V-2023.12-SP4,0.2375,0.4279,0.0009069999999999999,0.6663,0.6654,0.83175,0.0,0.0,0.0,0.0,0.0,0.0,0.0,0.0,0.2375,0.4279,0.0009069999999999999,0.6663,0.0,0.0,0.0,0.0,0.0,0.0,0.0,0.0,0.0,0.0,0.0,0.0,0.0,0.0,0.0,0.0,vectored,fixed_route,2,2026-08-19T17:55:03+00:00
foldedclos_64_2_4_2_0p5_7nm_TT_0V75_25C_1333p33MHz,foldedclos,data_width=64;terminals_per_leaf=2;num_leaves=4;num_spines=2;oversubscription=0.5,7nm,TT,0.75,25.0,0.75,1333.3333333333333,64,2,4,2,0.5,V-2023.12-SP4,3934,3934,0,262.063876,262.063876,0.0,0.0,0.0,0.54,0.01,0.0,0,V-2023.12-SP4,3909,3909,0,262.66,262.66,0.0,370.1699,0.7096,0.0,0.0,0.56,-0.01,-0.05,21,V-2023.12-SP3,V-2023.12-SP4,0.4642,0.8903,0.0009397,1.355,1.3545,1.015875,0.0,0.0,0.0,0.0,0.0,0.0,0.0,0.0,0.4642,0.8903,0.0009397,1.355,0.0,0.0,0.0,0.0,0.0,0.0,0.0,0.0,0.0,0.0,0.0,0.0,0.0,0.0,0.0,0.0,unvectored,none,2,2026-08-19T18:34:52+00:00
foldedclos_64_2_4_2_0p5_7nm_TT_0V75_25C_1333p33MHz,foldedclos,data_width=64;terminals_per_leaf=2;num_leaves=4;num_spines=2;oversubscription=0.5,7nm,TT,0.75,25.0,0.75,1333.3333333333333,64,2,4,2,0.5,V-2023.12-SP4,3934,3934,0,262.063876,262.063876,0.0,0.0,0.0,0.54,0.01,0.0,0,V-2023.12-SP4,3909,3909,0,262.66,262.66,0.0,370.1699,0.7096,0.0,0.0,0.56,-0.01,-0.05,21,V-2023.12-SP3,V-2023.12-SP4,0.7321,1.2899999999999998,0.0009328,2.023,2.0221,1.516575,0.0,0.0,0.0,0.0,0.0,0.0,0.0,0.0,0.7321,1.2899999999999998,0.0009328,2.023,0.0,0.0,0.0,0.0,0.0,0.0,0.0,0.0,0.0,0.0,0.0,0.0,0.0,0.0,0.0,0.0,vectored,random,2,2026-08-19T18:35:04+00:00
foldedclos_64_2_4_2_0p5_7nm_TT_0V75_25C_1333p33MHz,foldedclos,data_width=64;terminals_per_leaf=2;num_leaves=4;num_spines=2;oversubscription=0.5,7nm,TT,0.75,25.0,0.75,1333.3333333333333,64,2,4,2,0.5,V-2023.12-SP4,3934,3934,0,262.063876,262.063876,0.0,0.0,0.0,0.54,0.01,0.0,0,V-2023.12-SP4,3909,3909,0,262.66,262.66,0.0,370.1699,0.7096,0.0,0.0,0.56,-0.01,-0.05,21,V-2023.12-SP3,V-2023.12-SP4,0.3967,0.7106,0.0009139,1.108,1.1073,0.830475,0.0,0.0,0.0,0.0,0.0,0.0,0.0,0.0,0.3967,0.7106,0.0009139,1.108,0.0,0.0,0.0,0.0,0.0,0.0,0.0,0.0,0.0,0.0,0.0,0.0,0.0,0.0,0.0,0.0,vectored,fixed_route,2,2026-08-19T18:35:17+00:00
foldedclos_64_2_4_2_0p5_7nm_TT_0V75_25C_800MHz,foldedclos,data_width=64;terminals_per_leaf=2;num_leaves=4;num_spines=2;oversubscription=0.5,7nm,TT,0.75,25.0,1.25,800.0,64,2,4,2,0.5,V-2023.12-SP4,3928,3928,0,261.096196,261.096196,0.0,0.0,0.0,0.71,0.34,0.0,0,V-2023.12-SP4,3879,3879,0,260.85,260.85,0.0,368.9441,0.707,0.0,0.0,0.63,0.42,0.0,0,V-2023.12-SP3,V-2023.12-SP4,0.2795,0.5361,0.0009313,0.8165,0.8156000000000001,1.0195,0.0,0.0,0.0,0.0,0.0,0.0,0.0,0.0,0.2795,0.5361,0.0009313,0.8165,0.0,0.0,0.0,0.0,0.0,0.0,0.0,0.0,0.0,0.0,0.0,0.0,0.0,0.0,0.0,0.0,unvectored,none,2,2026-08-19T19:18:00+00:00
foldedclos_64_2_4_2_0p5_7nm_TT_0V75_25C_800MHz,foldedclos,data_width=64;terminals_per_leaf=2;num_leaves=4;num_spines=2;oversubscription=0.5,7nm,TT,0.75,25.0,1.25,800.0,64,2,4,2,0.5,V-2023.12-SP4,3928,3928,0,261.096196,261.096196,0.0,0.0,0.0,0.71,0.34,0.0,0,V-2023.12-SP4,3879,3879,0,260.85,260.85,0.0,368.9441,0.707,0.0,0.0,0.63,0.42,0.0,0,V-2023.12-SP3,V-2023.12-SP4,0.4396,0.773,0.0009235000000000001,1.213,1.2126000000000001,1.5157500000000002,0.0,0.0,0.0,0.0,0.0,0.0,0.0,0.0,0.4396,0.773,0.0009235000000000001,1.213,0.0,0.0,0.0,0.0,0.0,0.0,0.0,0.0,0.0,0.0,0.0,0.0,0.0,0.0,0.0,0.0,vectored,random,2,2026-08-19T19:18:11+00:00
foldedclos_64_2_4_2_0p5_7nm_TT_0V75_25C_800MHz,foldedclos,data_width=64;terminals_per_leaf=2;num_leaves=4;num_spines=2;oversubscription=0.5,7nm,TT,0.75,25.0,1.25,800.0,64,2,4,2,0.5,V-2023.12-SP4,3928,3928,0,261.096196,261.096196,0.0,0.0,0.0,0.71,0.34,0.0,0,V-2023.12-SP4,3879,3879,0,260.85,260.85,0.0,368.9441,0.707,0.0,0.0,0.63,0.42,0.0,0,V-2023.12-SP3,V-2023.12-SP4,0.2375,0.4282,0.0009071,0.6667,0.6657,0.832125,0.0,0.0,0.0,0.0,0.0,0.0,0.0,0.0,0.2375,0.4282,0.0009071,0.6667,0.0,0.0,0.0,0.0,0.0,0.0,0.0,0.0,0.0,0.0,0.0,0.0,0.0,0.0,0.0,0.0,vectored,fixed_route,2,2026-08-19T19:18:25+00:00
foldedclos_128_2_4_2_1p0_7nm_TT_0V75_25C_1333p33MHz,foldedclos,data_width=128;terminals_per_leaf=2;num_leaves=4;num_spines=2;oversubscription=1.0,7nm,TT,0.75,25.0,0.75,1333.3333333333333,128,2,4,2,1.0,V-2023.12-SP4,7253,7253,0,493.58132,493.58132,0.0,0.0,0.0,0.53,0.02,0.0,0,V-2023.12-SP4,7384,7384,0,502.55,502.55,0.0,701.0842,0.7168,0.0,0.0,0.56,-0.01,-0.02,6,V-2023.12-SP3,V-2023.12-SP4,0.9068,1.785,0.001823,2.6940000000000004,2.6917999999999997,2.0188499999999996,0.0,0.0,0.0,0.0,0.0,0.0,0.0,0.0,0.9068,1.785,0.001823,2.6940000000000004,0.0,0.0,0.0,0.0,0.0,0.0,0.0,0.0,0.0,0.0,0.0,0.0,0.0,0.0,0.0,0.0,unvectored,none,2,2026-08-19T20:49:30+00:00
foldedclos_128_2_4_2_1p0_7nm_TT_0V75_25C_1333p33MHz,foldedclos,data_width=128;terminals_per_leaf=2;num_leaves=4;num_spines=2;oversubscription=1.0,7nm,TT,0.75,25.0,0.75,1333.3333333333333,128,2,4,2,1.0,V-2023.12-SP4,7253,7253,0,493.58132,493.58132,0.0,0.0,0.0,0.53,0.02,0.0,0,V-2023.12-SP4,7384,7384,0,502.55,502.55,0.0,701.0842,0.7168,0.0,0.0,0.56,-0.01,-0.02,6,V-2023.12-SP3,V-2023.12-SP4,1.424,2.6519999999999997,0.001807,4.077,4.076,3.0569999999999995,0.0,0.0,0.0,0.0,0.0,0.0,0.0,0.0,1.424,2.6519999999999997,0.001807,4.077,0.0,0.0,0.0,0.0,0.0,0.0,0.0,0.0,0.0,0.0,0.0,0.0,0.0,0.0,0.0,0.0,vectored,random,2,2026-08-19T20:49:40+00:00
foldedclos_128_2_4_2_1p0_7nm_TT_0V75_25C_1333p33MHz,foldedclos,data_width=128;terminals_per_leaf=2;num_leaves=4;num_spines=2;oversubscription=1.0,7nm,TT,0.75,25.0,0.75,1333.3333333333333,128,2,4,2,1.0,V-2023.12-SP4,7253,7253,0,493.58132,493.58132,0.0,0.0,0.0,0.53,0.02,0.0,0,V-2023.12-SP4,7384,7384,0,502.55,502.55,0.0,701.0842,0.7168,0.0,0.0,0.56,-0.01,-0.02,6,V-2023.12-SP3,V-2023.12-SP4,0.8206,1.454,0.001772,2.277,2.2746,1.70595,0.0,0.0,0.0,0.0,0.0,0.0,0.0,0.0,0.8206,1.454,0.001772,2.277,0.0,0.0,0.0,0.0,0.0,0.0,0.0,0.0,0.0,0.0,0.0,0.0,0.0,0.0,0.0,0.0,vectored,fixed_route,2,2026-08-19T20:49:48+00:00
foldedclos_128_2_4_2_1p0_7nm_TT_0V75_25C_800MHz,foldedclos,data_width=128;terminals_per_leaf=2;num_leaves=4;num_spines=2;oversubscription=1.0,7nm,TT,0.75,25.0,1.25,800.0,128,2,4,2,1.0,V-2023.12-SP4,7266,7266,0,493.387784,493.387784,0.0,0.0,0.0,0.87,0.18,0.0,0,V-2023.12-SP4,7383,7383,0,499.65,499.65,0.0,701.0842,0.7127,0.0,0.0,0.77,0.28,0.0,0,V-2023.12-SP3,V-2023.12-SP4,0.5398999999999999,1.065,0.001793,1.606,1.6048999999999998,2.006125,0.0,0.0,0.0,0.0,0.0,0.0,0.0,0.0,0.5398999999999999,1.065,0.001793,1.606,0.0,0.0,0.0,0.0,0.0,0.0,0.0,0.0,0.0,0.0,0.0,0.0,0.0,0.0,0.0,0.0,unvectored,none,2,2026-08-19T21:41:39+00:00
foldedclos_128_2_4_2_1p0_7nm_TT_0V75_25C_800MHz,foldedclos,data_width=128;terminals_per_leaf=2;num_leaves=4;num_spines=2;oversubscription=1.0,7nm,TT,0.75,25.0,1.25,800.0,128,2,4,2,1.0,V-2023.12-SP4,7266,7266,0,493.387784,493.387784,0.0,0.0,0.0,0.87,0.18,0.0,0,V-2023.12-SP4,7383,7383,0,499.65,499.65,0.0,701.0842,0.7127,0.0,0.0,0.77,0.28,0.0,0,V-2023.12-SP3,V-2023.12-SP4,0.8446,1.568,0.0017770000000000002,2.4139999999999997,2.4126000000000003,3.0157500000000006,0.0,0.0,0.0,0.0,0.0,0.0,0.0,0.0,0.8446,1.568,0.0017770000000000002,2.4139999999999997,0.0,0.0,0.0,0.0,0.0,0.0,0.0,0.0,0.0,0.0,0.0,0.0,0.0,0.0,0.0,0.0,vectored,random,2,2026-08-19T21:41:46+00:00
foldedclos_128_2_4_2_1p0_7nm_TT_0V75_25C_800MHz,foldedclos,data_width=128;terminals_per_leaf=2;num_leaves=4;num_spines=2;oversubscription=1.0,7nm,TT,0.75,25.0,1.25,800.0,128,2,4,2,1.0,V-2023.12-SP4,7266,7266,0,493.387784,493.387784,0.0,0.0,0.0,0.87,0.18,0.0,0,V-2023.12-SP4,7383,7383,0,499.65,499.65,0.0,701.0842,0.7127,0.0,0.0,0.77,0.28,0.0,0,V-2023.12-SP3,V-2023.12-SP4,0.49280000000000007,0.8721,0.001741,1.367,1.3649,1.7061250000000001,0.0,0.0,0.0,0.0,0.0,0.0,0.0,0.0,0.49280000000000007,0.8721,0.001741,1.367,0.0,0.0,0.0,0.0,0.0,0.0,0.0,0.0,0.0,0.0,0.0,0.0,0.0,0.0,0.0,0.0,vectored,fixed_route,2,2026-08-19T21:41:54+00:00
foldedclos_128_2_4_2_0p5_7nm_TT_0V75_25C_1333p33MHz,foldedclos,data_width=128;terminals_per_leaf=2;num_leaves=4;num_spines=2;oversubscription=0.5,7nm,TT,0.75,25.0,0.75,1333.3333333333333,128,2,4,2,0.5,V-2023.12-SP4,7253,7253,0,493.58132,493.58132,0.0,0.0,0.0,0.53,0.02,0.0,0,V-2023.12-SP4,7384,7384,0,502.55,502.55,0.0,701.0842,0.7168,0.0,0.0,0.56,-0.01,-0.01,4,V-2023.12-SP3,V-2023.12-SP4,0.9068,1.7830000000000001,0.001823,2.692,2.6898,2.01735,0.0,0.0,0.0,0.0,0.0,0.0,0.0,0.0,0.9068,1.7830000000000001,0.001823,2.692,0.0,0.0,0.0,0.0,0.0,0.0,0.0,0.0,0.0,0.0,0.0,0.0,0.0,0.0,0.0,0.0,unvectored,none,2,2026-08-19T22:30:47+00:00
foldedclos_128_2_4_2_0p5_7nm_TT_0V75_25C_1333p33MHz,foldedclos,data_width=128;terminals_per_leaf=2;num_leaves=4;num_spines=2;oversubscription=0.5,7nm,TT,0.75,25.0,0.75,1333.3333333333333,128,2,4,2,0.5,V-2023.12-SP4,7253,7253,0,493.58132,493.58132,0.0,0.0,0.0,0.53,0.02,0.0,0,V-2023.12-SP4,7384,7384,0,502.55,502.55,0.0,701.0842,0.7168,0.0,0.0,0.56,-0.01,-0.01,4,V-2023.12-SP3,V-2023.12-SP4,1.423,2.648,0.0018080000000000001,4.073,4.071,3.05325,0.0,0.0,0.0,0.0,0.0,0.0,0.0,0.0,1.423,2.648,0.0018080000000000001,4.073,0.0,0.0,0.0,0.0,0.0,0.0,0.0,0.0,0.0,0.0,0.0,0.0,0.0,0.0,0.0,0.0,vectored,random,2,2026-08-19T22:30:54+00:00
foldedclos_128_2_4_2_0p5_7nm_TT_0V75_25C_1333p33MHz,foldedclos,data_width=128;terminals_per_leaf=2;num_leaves=4;num_spines=2;oversubscription=0.5,7nm,TT,0.75,25.0,0.75,1333.3333333333333,128,2,4,2,0.5,V-2023.12-SP4,7253,7253,0,493.58132,493.58132,0.0,0.0,0.0,0.53,0.02,0.0,0,V-2023.12-SP4,7384,7384,0,502.55,502.55,0.0,701.0842,0.7168,0.0,0.0,0.56,-0.01,-0.01,4,V-2023.12-SP3,V-2023.12-SP4,0.8205,1.453,0.001772,2.275,2.2735000000000003,1.7051250000000002,0.0,0.0,0.0,0.0,0.0,0.0,0.0,0.0,0.8205,1.453,0.001772,2.275,0.0,0.0,0.0,0.0,0.0,0.0,0.0,0.0,0.0,0.0,0.0,0.0,0.0,0.0,0.0,0.0,vectored,fixed_route,2,2026-08-19T22:31:01+00:00
foldedclos_128_2_4_2_0p5_7nm_TT_0V75_25C_800MHz,foldedclos,data_width=128;terminals_per_leaf=2;num_leaves=4;num_spines=2;oversubscription=0.5,7nm,TT,0.75,25.0,1.25,800.0,128,2,4,2,0.5,V-2023.12-SP4,7266,7266,0,493.387784,493.387784,0.0,0.0,0.0,0.87,0.18,0.0,0,V-2023.12-SP4,7383,7383,0,499.65,499.65,0.0,701.0842,0.7127,0.0,0.0,0.77,0.28,0.0,0,V-2023.12-SP3,V-2023.12-SP4,0.5398000000000001,1.066,0.001793,1.607,1.6058000000000001,2.00725,0.0,0.0,0.0,0.0,0.0,0.0,0.0,0.0,0.5398000000000001,1.066,0.001793,1.607,0.0,0.0,0.0,0.0,0.0,0.0,0.0,0.0,0.0,0.0,0.0,0.0,0.0,0.0,0.0,0.0,unvectored,none,2,2026-08-19T23:20:04+00:00
foldedclos_128_2_4_2_0p5_7nm_TT_0V75_25C_800MHz,foldedclos,data_width=128;terminals_per_leaf=2;num_leaves=4;num_spines=2;oversubscription=0.5,7nm,TT,0.75,25.0,1.25,800.0,128,2,4,2,0.5,V-2023.12-SP4,7266,7266,0,493.387784,493.387784,0.0,0.0,0.0,0.87,0.18,0.0,0,V-2023.12-SP4,7383,7383,0,499.65,499.65,0.0,701.0842,0.7127,0.0,0.0,0.77,0.28,0.0,0,V-2023.12-SP3,V-2023.12-SP4,0.8439,1.5690000000000002,0.0017770000000000002,2.4139999999999997,2.4129,3.016125,0.0,0.0,0.0,0.0,0.0,0.0,0.0,0.0,0.8439,1.5690000000000002,0.0017770000000000002,2.4139999999999997,0.0,0.0,0.0,0.0,0.0,0.0,0.0,0.0,0.0,0.0,0.0,0.0,0.0,0.0,0.0,0.0,vectored,random,2,2026-08-19T23:20:11+00:00
foldedclos_128_2_4_2_0p5_7nm_TT_0V75_25C_800MHz,foldedclos,data_width=128;terminals_per_leaf=2;num_leaves=4;num_spines=2;oversubscription=0.5,7nm,TT,0.75,25.0,1.25,800.0,128,2,4,2,0.5,V-2023.12-SP4,7266,7266,0,493.387784,493.387784,0.0,0.0,0.0,0.87,0.18,0.0,0,V-2023.12-SP4,7383,7383,0,499.65,499.65,0.0,701.0842,0.7127,0.0,0.0,0.77,0.28,0.0,0,V-2023.12-SP3,V-2023.12-SP4,0.49280000000000007,0.8735999999999999,0.001741,1.368,1.3664,1.7080000000000002,0.0,0.0,0.0,0.0,0.0,0.0,0.0,0.0,0.49280000000000007,0.8735999999999999,0.001741,1.368,0.0,0.0,0.0,0.0,0.0,0.0,0.0,0.0,0.0,0.0,0.0,0.0,0.0,0.0,0.0,0.0,vectored,fixed_route,2,2026-08-19T23:20:19+00:00
foldedclos_32_4_2_2_1p0_7nm_TT_0V75_25C_1333p33MHz,foldedclos,data_width=32;terminals_per_leaf=4;num_leaves=2;num_spines=2;oversubscription=1.0,7nm,TT,0.75,25.0,0.75,1333.3333333333333,32,4,2,2,1.0,V-2023.12-SP4,3622,3622,0,216.792575,216.792575,0.0,0.0,0.0,0.55,0.0,0.0,0,V-2023.12-SP4,3015,3015,0,179.05,179.05,0.0,304.916,0.5872,0.0,0.0,0.56,-0.01,-0.1,32,V-2023.12-SP3,V-2023.12-SP4,0.3032,0.6269,0.0006665,0.9307,0.9301,0.6975750000000001,0.0,0.0,0.0,0.0,0.0,0.0,0.0,0.0,0.3032,0.6269,0.0006665,0.9307,0.0,0.0,0.0,0.0,0.0,0.0,0.0,0.0,0.0,0.0,0.0,0.0,0.0,0.0,0.0,0.0,unvectored,none,2,2026-08-19T23:28:13+00:00
foldedclos_32_4_2_2_1p0_7nm_TT_0V75_25C_1333p33MHz,foldedclos,data_width=32;terminals_per_leaf=4;num_leaves=2;num_spines=2;oversubscription=1.0,7nm,TT,0.75,25.0,0.75,1333.3333333333333,32,4,2,2,1.0,V-2023.12-SP4,3622,3622,0,216.792575,216.792575,0.0,0.0,0.0,0.55,0.0,0.0,0,V-2023.12-SP4,3015,3015,0,179.05,179.05,0.0,304.916,0.5872,0.0,0.0,0.56,-0.01,-0.1,32,V-2023.12-SP3,V-2023.12-SP4,0.5257999999999999,0.9658,0.0006606,1.492,1.4916,1.1187,0.0,0.0,0.0,0.0,0.0,0.0,0.0,0.0,0.5257999999999999,0.9658,0.0006606,1.492,0.0,0.0,0.0,0.0,0.0,0.0,0.0,0.0,0.0,0.0,0.0,0.0,0.0,0.0,0.0,0.0,vectored,random,2,2026-08-19T23:28:19+00:00
foldedclos_32_4_2_2_1p0_7nm_TT_0V75_25C_1333p33MHz,foldedclos,data_width=32;terminals_per_leaf=4;num_leaves=2;num_spines=2;oversubscription=1.0,7nm,TT,0.75,25.0,0.75,1333.3333333333333,32,4,2,2,1.0,V-2023.12-SP4,3622,3622,0,216.792575,216.792575,0.0,0.0,0.0,0.55,0.0,0.0,0,V-2023.12-SP4,3015,3015,0,179.05,179.05,0.0,304.916,0.5872,0.0,0.0,0.56,-0.01,-0.1,32,V-2023.12-SP3,V-2023.12-SP4,0.2636,0.5286,0.0006482,0.7928,0.7922,0.59415,0.0,0.0,0.0,0.0,0.0,0.0,0.0,0.0,0.2636,0.5286,0.0006482,0.7928,0.0,0.0,0.0,0.0,0.0,0.0,0.0,0.0,0.0,0.0,0.0,0.0,0.0,0.0,0.0,0.0,vectored,fixed_route,2,2026-08-19T23:28:26+00:00
foldedclos_32_4_2_2_1p0_7nm_TT_0V75_25C_800MHz,foldedclos,data_width=32;terminals_per_leaf=4;num_leaves=2;num_spines=2;oversubscription=1.0,7nm,TT,0.75,25.0,1.25,800.0,32,4,2,2,1.0,V-2023.12-SP4,1989,1989,0,133.943042,133.943042,0.0,0.0,0.0,1.05,0.0,0.0,0,V-2023.12-SP4,1984,1984,0,133.94,133.94,0.0,188.117,0.712,0.0,0.0,0.99,0.06,0.0,0,V-2023.12-SP3,V-2023.12-SP4,0.1442,0.2671,0.0004902999999999999,0.4118,0.4113,0.5141249999999999,0.0,0.0,0.0,0.0,0.0,0.0,0.0,0.0,0.1442,0.2671,0.0004902999999999999,0.4118,0.0,0.0,0.0,0.0,0.0,0.0,0.0,0.0,0.0,0.0,0.0,0.0,0.0,0.0,0.0,0.0,unvectored,none,2,2026-08-19T23:36:21+00:00
foldedclos_32_4_2_2_1p0_7nm_TT_0V75_25C_800MHz,foldedclos,data_width=32;terminals_per_leaf=4;num_leaves=2;num_spines=2;oversubscription=1.0,7nm,TT,0.75,25.0,1.25,800.0,32,4,2,2,1.0,V-2023.12-SP4,1989,1989,0,133.943042,133.943042,0.0,0.0,0.0,1.05,0.0,0.0,0,V-2023.12-SP4,1984,1984,0,133.94,133.94,0.0,188.117,0.712,0.0,0.0,0.99,0.06,0.0,0,V-2023.12-SP3,V-2023.12-SP4,0.24760000000000001,0.4073,0.0004848,0.6553,0.6549,0.818625,0.0,0.0,0.0,0.0,0.0,0.0,0.0,0.0,0.24760000000000001,0.4073,0.0004848,0.6553,0.0,0.0,0.0,0.0,0.0,0.0,0.0,0.0,0.0,0.0,0.0,0.0,0.0,0.0,0.0,0.0,vectored,random,2,2026-08-19T23:36:28+00:00
foldedclos_32_4_2_2_1p0_7nm_TT_0V75_25C_800MHz,foldedclos,data_width=32;terminals_per_leaf=4;num_leaves=2;num_spines=2;oversubscription=1.0,7nm,TT,0.75,25.0,1.25,800.0,32,4,2,2,1.0,V-2023.12-SP4,1989,1989,0,133.943042,133.943042,0.0,0.0,0.0,1.05,0.0,0.0,0,V-2023.12-SP4,1984,1984,0,133.94,133.94,0.0,188.117,0.712,0.0,0.0,0.99,0.06,0.0,0,V-2023.12-SP3,V-2023.12-SP4,0.1133,0.19790000000000002,0.00047240000000000004,0.3117,0.31120000000000003,0.389,0.0,0.0,0.0,0.0,0.0,0.0,0.0,0.0,0.1133,0.19790000000000002,0.00047240000000000004,0.3117,0.0,0.0,0.0,0.0,0.0,0.0,0.0,0.0,0.0,0.0,0.0,0.0,0.0,0.0,0.0,0.0,vectored,fixed_route,2,2026-08-19T23:36:36+00:00
foldedclos_32_4_2_2_0p5_7nm_TT_0V75_25C_1333p33MHz,foldedclos,data_width=32;terminals_per_leaf=4;num_leaves=2;num_spines=2;oversubscription=0.5,7nm,TT,0.75,25.0,0.75,1333.3333333333333,32,4,2,2,0.5,V-2023.12-SP4,3622,3622,0,216.792575,216.792575,0.0,0.0,0.0,0.55,0.0,0.0,0,V-2023.12-SP4,3015,3015,0,179.05,179.05,0.0,304.916,0.5872,0.0,0.0,0.56,-0.01,-0.12,42,V-2023.12-SP3,V-2023.12-SP4,0.3032,0.6267999999999999,0.0006665,0.9306,0.9299999999999999,0.6975,0.0,0.0,0.0,0.0,0.0,0.0,0.0,0.0,0.3032,0.6267999999999999,0.0006665,0.9306,0.0,0.0,0.0,0.0,0.0,0.0,0.0,0.0,0.0,0.0,0.0,0.0,0.0,0.0,0.0,0.0,unvectored,none,2,2026-08-19T23:45:27+00:00
foldedclos_32_4_2_2_0p5_7nm_TT_0V75_25C_1333p33MHz,foldedclos,data_width=32;terminals_per_leaf=4;num_leaves=2;num_spines=2;oversubscription=0.5,7nm,TT,0.75,25.0,0.75,1333.3333333333333,32,4,2,2,0.5,V-2023.12-SP4,3622,3622,0,216.792575,216.792575,0.0,0.0,0.0,0.55,0.0,0.0,0,V-2023.12-SP4,3015,3015,0,179.05,179.05,0.0,304.916,0.5872,0.0,0.0,0.56,-0.01,-0.12,42,V-2023.12-SP3,V-2023.12-SP4,0.5264,0.9665,0.0006606,1.494,1.4929000000000001,1.119675,0.0,0.0,0.0,0.0,0.0,0.0,0.0,0.0,0.5264,0.9665,0.0006606,1.494,0.0,0.0,0.0,0.0,0.0,0.0,0.0,0.0,0.0,0.0,0.0,0.0,0.0,0.0,0.0,0.0,vectored,random,2,2026-08-19T23:45:35+00:00
foldedclos_32_4_2_2_0p5_7nm_TT_0V75_25C_1333p33MHz,foldedclos,data_width=32;terminals_per_leaf=4;num_leaves=2;num_spines=2;oversubscription=0.5,7nm,TT,0.75,25.0,0.75,1333.3333333333333,32,4,2,2,0.5,V-2023.12-SP4,3622,3622,0,216.792575,216.792575,0.0,0.0,0.0,0.55,0.0,0.0,0,V-2023.12-SP4,3015,3015,0,179.05,179.05,0.0,304.916,0.5872,0.0,0.0,0.56,-0.01,-0.12,42,V-2023.12-SP3,V-2023.12-SP4,0.2636,0.5285,0.0006482,0.7928,0.7921,0.594075,0.0,0.0,0.0,0.0,0.0,0.0,0.0,0.0,0.2636,0.5285,0.0006482,0.7928,0.0,0.0,0.0,0.0,0.0,0.0,0.0,0.0,0.0,0.0,0.0,0.0,0.0,0.0,0.0,0.0,vectored,fixed_route,2,2026-08-19T23:45:42+00:00
foldedclos_32_4_2_2_0p5_7nm_TT_0V75_25C_800MHz,foldedclos,data_width=32;terminals_per_leaf=4;num_leaves=2;num_spines=2;oversubscription=0.5,7nm,TT,0.75,25.0,1.25,800.0,32,4,2,2,0.5,V-2023.12-SP4,1989,1989,0,133.943042,133.943042,0.0,0.0,0.0,1.05,0.0,0.0,0,V-2023.12-SP4,1984,1984,0,133.94,133.94,0.0,188.117,0.712,0.0,0.0,0.98,0.07,0.0,0,V-2023.12-SP3,V-2023.12-SP4,0.1442,0.2668,0.0004902999999999999,0.4115,0.411,0.5137499999999999,0.0,0.0,0.0,0.0,0.0,0.0,0.0,0.0,0.1442,0.2668,0.0004902999999999999,0.4115,0.0,0.0,0.0,0.0,0.0,0.0,0.0,0.0,0.0,0.0,0.0,0.0,0.0,0.0,0.0,0.0,unvectored,none,2,2026-08-19T23:54:52+00:00
foldedclos_32_4_2_2_0p5_7nm_TT_0V75_25C_800MHz,foldedclos,data_width=32;terminals_per_leaf=4;num_leaves=2;num_spines=2;oversubscription=0.5,7nm,TT,0.75,25.0,1.25,800.0,32,4,2,2,0.5,V-2023.12-SP4,1989,1989,0,133.943042,133.943042,0.0,0.0,0.0,1.05,0.0,0.0,0,V-2023.12-SP4,1984,1984,0,133.94,133.94,0.0,188.117,0.712,0.0,0.0,0.98,0.07,0.0,0,V-2023.12-SP3,V-2023.12-SP4,0.2475,0.40700000000000003,0.0004848,0.6549,0.6545000000000001,0.8181250000000001,0.0,0.0,0.0,0.0,0.0,0.0,0.0,0.0,0.2475,0.40700000000000003,0.0004848,0.6549,0.0,0.0,0.0,0.0,0.0,0.0,0.0,0.0,0.0,0.0,0.0,0.0,0.0,0.0,0.0,0.0,vectored,random,2,2026-08-19T23:54:59+00:00
foldedclos_32_4_2_2_0p5_7nm_TT_0V75_25C_800MHz,foldedclos,data_width=32;terminals_per_leaf=4;num_leaves=2;num_spines=2;oversubscription=0.5,7nm,TT,0.75,25.0,1.25,800.0,32,4,2,2,0.5,V-2023.12-SP4,1989,1989,0,133.943042,133.943042,0.0,0.0,0.0,1.05,0.0,0.0,0,V-2023.12-SP4,1984,1984,0,133.94,133.94,0.0,188.117,0.712,0.0,0.0,0.98,0.07,0.0,0,V-2023.12-SP3,V-2023.12-SP4,0.1133,0.1976,0.00047240000000000004,0.31139999999999995,0.3109,0.388625,0.0,0.0,0.0,0.0,0.0,0.0,0.0,0.0,0.1133,0.1976,0.00047240000000000004,0.31139999999999995,0.0,0.0,0.0,0.0,0.0,0.0,0.0,0.0,0.0,0.0,0.0,0.0,0.0,0.0,0.0,0.0,vectored,fixed_route,2,2026-08-19T23:55:07+00:00
foldedclos_64_4_2_2_1p0_7nm_TT_0V75_25C_1333p33MHz,foldedclos,data_width=64;terminals_per_leaf=4;num_leaves=2;num_spines=2;oversubscription=1.0,7nm,TT,0.75,25.0,0.75,1333.3333333333333,64,4,2,2,1.0,V-2023.12-SP4,3934,3934,0,262.063876,262.063876,0.0,0.0,0.0,0.54,0.01,0.0,0,V-2023.12-SP4,3909,3909,0,262.66,262.66,0.0,370.1699,0.7096,0.0,0.0,0.56,-0.01,-0.04,22,V-2023.12-SP3,V-2023.12-SP4,0.4641,0.8901,0.0009397,1.355,1.3542,1.01565,0.0,0.0,0.0,0.0,0.0,0.0,0.0,0.0,0.4641,0.8901,0.0009397,1.355,0.0,0.0,0.0,0.0,0.0,0.0,0.0,0.0,0.0,0.0,0.0,0.0,0.0,0.0,0.0,0.0,unvectored,none,2,2026-08-20T00:21:03+00:00
foldedclos_64_4_2_2_1p0_7nm_TT_0V75_25C_1333p33MHz,foldedclos,data_width=64;terminals_per_leaf=4;num_leaves=2;num_spines=2;oversubscription=1.0,7nm,TT,0.75,25.0,0.75,1333.3333333333333,64,4,2,2,1.0,V-2023.12-SP4,3934,3934,0,262.063876,262.063876,0.0,0.0,0.0,0.54,0.01,0.0,0,V-2023.12-SP4,3909,3909,0,262.66,262.66,0.0,370.1699,0.7096,0.0,0.0,0.56,-0.01,-0.04,22,V-2023.12-SP3,V-2023.12-SP4,0.7319,1.289,0.0009328,2.022,2.0209,1.515675,0.0,0.0,0.0,0.0,0.0,0.0,0.0,0.0,0.7319,1.289,0.0009328,2.022,0.0,0.0,0.0,0.0,0.0,0.0,0.0,0.0,0.0,0.0,0.0,0.0,0.0,0.0,0.0,0.0,vectored,random,2,2026-08-20T00:21:12+00:00
foldedclos_64_4_2_2_1p0_7nm_TT_0V75_25C_1333p33MHz,foldedclos,data_width=64;terminals_per_leaf=4;num_leaves=2;num_spines=2;oversubscription=1.0,7nm,TT,0.75,25.0,0.75,1333.3333333333333,64,4,2,2,1.0,V-2023.12-SP4,3934,3934,0,262.063876,262.063876,0.0,0.0,0.0,0.54,0.01,0.0,0,V-2023.12-SP4,3909,3909,0,262.66,262.66,0.0,370.1699,0.7096,0.0,0.0,0.56,-0.01,-0.04,22,V-2023.12-SP3,V-2023.12-SP4,0.3967,0.7107,0.0009139,1.108,1.1074,0.8305499999999999,0.0,0.0,0.0,0.0,0.0,0.0,0.0,0.0,0.3967,0.7107,0.0009139,1.108,0.0,0.0,0.0,0.0,0.0,0.0,0.0,0.0,0.0,0.0,0.0,0.0,0.0,0.0,0.0,0.0,vectored,fixed_route,2,2026-08-20T00:21:20+00:00
foldedclos_64_4_2_2_1p0_7nm_TT_0V75_25C_800MHz,foldedclos,data_width=64;terminals_per_leaf=4;num_leaves=2;num_spines=2;oversubscription=1.0,7nm,TT,0.75,25.0,1.25,800.0,64,4,2,2,1.0,V-2023.12-SP4,3928,3928,0,261.096196,261.096196,0.0,0.0,0.0,0.71,0.34,0.0,0,V-2023.12-SP4,3879,3879,0,260.85,260.85,0.0,368.9441,0.707,0.0,0.0,0.63,0.42,0.0,0,V-2023.12-SP3,V-2023.12-SP4,0.2795,0.5367,0.0009313,0.8170999999999999,0.8162,1.02025,0.0,0.0,0.0,0.0,0.0,0.0,0.0,0.0,0.2795,0.5367,0.0009313,0.8170999999999999,0.0,0.0,0.0,0.0,0.0,0.0,0.0,0.0,0.0,0.0,0.0,0.0,0.0,0.0,0.0,0.0,unvectored,none,2,2026-08-20T00:50:03+00:00
foldedclos_64_4_2_2_1p0_7nm_TT_0V75_25C_800MHz,foldedclos,data_width=64;terminals_per_leaf=4;num_leaves=2;num_spines=2;oversubscription=1.0,7nm,TT,0.75,25.0,1.25,800.0,64,4,2,2,1.0,V-2023.12-SP4,3928,3928,0,261.096196,261.096196,0.0,0.0,0.0,0.71,0.34,0.0,0,V-2023.12-SP4,3879,3879,0,260.85,260.85,0.0,368.9441,0.707,0.0,0.0,0.63,0.42,0.0,0,V-2023.12-SP3,V-2023.12-SP4,0.4385,0.7721,0.0009235000000000001,1.211,1.2106,1.5132499999999998,0.0,0.0,0.0,0.0,0.0,0.0,0.0,0.0,0.4385,0.7721,0.0009235000000000001,1.211,0.0,0.0,0.0,0.0,0.0,0.0,0.0,0.0,0.0,0.0,0.0,0.0,0.0,0.0,0.0,0.0,vectored,random,2,2026-08-20T00:50:11+00:00
foldedclos_64_4_2_2_1p0_7nm_TT_0V75_25C_800MHz,foldedclos,data_width=64;terminals_per_leaf=4;num_leaves=2;num_spines=2;oversubscription=1.0,7nm,TT,0.75,25.0,1.25,800.0,64,4,2,2,1.0,V-2023.12-SP4,3928,3928,0,261.096196,261.096196,0.0,0.0,0.0,0.71,0.34,0.0,0,V-2023.12-SP4,3879,3879,0,260.85,260.85,0.0,368.9441,0.707,0.0,0.0,0.63,0.42,0.0,0,V-2023.12-SP3,V-2023.12-SP4,0.2375,0.4288,0.0009071,0.6671999999999999,0.6663,0.832875,0.0,0.0,0.0,0.0,0.0,0.0,0.0,0.0,0.2375,0.4288,0.0009071,0.6671999999999999,0.0,0.0,0.0,0.0,0.0,0.0,0.0,0.0,0.0,0.0,0.0,0.0,0.0,0.0,0.0,0.0,vectored,fixed_route,2,2026-08-20T00:50:19+00:00
foldedclos_32_2_2_2_0p5_10nm_TT_0V8_25C_1333p33MHz,foldedclos,data_width=32;terminals_per_leaf=2;num_leaves=2;num_spines=2;oversubscription=0.5,10nm,TT,0.8,25.0,0.75,1333.3333333333333,32,2,2,2,0.5,V-2023.12-SP4,472,472,0,59.443202,59.443202,0.0,0.0,0.0,0.54,0.01,0.0,0,V-2023.12-SP4,471,471,0,59.63,59.63,0.0,81.2544,0.7338,0.0,0.0,0.53,0.02,0.0,0,V-2023.12-SP3,V-2023.12-SP4,0.08284,0.1106,0.0001509,0.1936,0.19344,0.14508,0.0,0.0,0.0,0.0,0.0,0.0,0.0,0.0,0.08284,0.1106,0.0001509,0.1936,0.0,0.0,0.0,0.0,0.0,0.0,0.0,0.0,0.0,0.0,0.0,0.0,0.0,0.0,0.0,0.0,unvectored,none,2,2026-08-20T00:50:34+00:00
foldedclos_32_2_2_2_0p5_10nm_TT_0V8_25C_1333p33MHz,foldedclos,data_width=32;terminals_per_leaf=2;num_leaves=2;num_spines=2;oversubscription=0.5,10nm,TT,0.8,25.0,0.75,1333.3333333333333,32,2,2,2,0.5,V-2023.12-SP4,472,472,0,59.443202,59.443202,0.0,0.0,0.0,0.54,0.01,0.0,0,V-2023.12-SP4,471,471,0,59.63,59.63,0.0,81.2544,0.7338,0.0,0.0,0.53,0.02,0.0,0,V-2023.12-SP3,V-2023.12-SP4,0.1542,0.18560000000000001,0.0001504,0.34,0.3398,0.25485,0.0,0.0,0.0,0.0,0.0,0.0,0.0,0.0,0.1542,0.18560000000000001,0.0001504,0.34,0.0,0.0,0.0,0.0,0.0,0.0,0.0,0.0,0.0,0.0,0.0,0.0,0.0,0.0,0.0,0.0,vectored,random,2,2026-08-20T00:50:41+00:00
foldedclos_32_2_2_2_0p5_10nm_TT_0V8_25C_1333p33MHz,foldedclos,data_width=32;terminals_per_leaf=2;num_leaves=2;num_spines=2;oversubscription=0.5,10nm,TT,0.8,25.0,0.75,1333.3333333333333,32,2,2,2,0.5,V-2023.12-SP4,472,472,0,59.443202,59.443202,0.0,0.0,0.0,0.54,0.01,0.0,0,V-2023.12-SP4,471,471,0,59.63,59.63,0.0,81.2544,0.7338,0.0,0.0,0.53,0.02,0.0,0,V-2023.12-SP3,V-2023.12-SP4,0.06266,0.04781,0.0001509,0.1106,0.11046999999999998,0.0828525,0.0,0.0,0.0,0.0,0.0,0.0,0.0,0.0,0.06266,0.04781,0.0001509,0.1106,0.0,0.0,0.0,0.0,0.0,0.0,0.0,0.0,0.0,0.0,0.0,0.0,0.0,0.0,0.0,0.0,vectored,fixed_route,2,2026-08-20T00:50:48+00:00
foldedclos_32_2_2_2_0p5_10nm_TT_0V8_25C_800MHz,foldedclos,data_width=32;terminals_per_leaf=2;num_leaves=2;num_spines=2;oversubscription=0.5,10nm,TT,0.8,25.0,1.25,800.0,32,2,2,2,0.5,V-2023.12-SP4,457,457,0,58.521602,58.521602,0.0,0.0,0.0,0.66,0.39,0.0,0,V-2023.12-SP4,459,459,0,58.86,58.86,0.0,80.5478,0.7307,0.0,0.0,0.72,0.33,0.0,0,V-2023.12-SP3,V-2023.12-SP4,0.05127,0.06482,0.0001488,0.11620000000000001,0.11609,0.1451125,0.0,0.0,0.0,0.0,0.0,0.0,0.0,0.0,0.05127,0.06482,0.0001488,0.11620000000000001,0.0,0.0,0.0,0.0,0.0,0.0,0.0,0.0,0.0,0.0,0.0,0.0,0.0,0.0,0.0,0.0,unvectored,none,2,2026-08-20T00:53:32+00:00
foldedclos_32_2_2_2_0p5_10nm_TT_0V8_25C_800MHz,foldedclos,data_width=32;terminals_per_leaf=2;num_leaves=2;num_spines=2;oversubscription=0.5,10nm,TT,0.8,25.0,1.25,800.0,32,2,2,2,0.5,V-2023.12-SP4,457,457,0,58.521602,58.521602,0.0,0.0,0.0,0.66,0.39,0.0,0,V-2023.12-SP4,459,459,0,58.86,58.86,0.0,80.5478,0.7307,0.0,0.0,0.72,0.33,0.0,0,V-2023.12-SP3,V-2023.12-SP4,0.09835,0.1134,0.0001483,0.2119,0.21175,0.26468749999999996,0.0,0.0,0.0,0.0,0.0,0.0,0.0,0.0,0.09835,0.1134,0.0001483,0.2119,0.0,0.0,0.0,0.0,0.0,0.0,0.0,0.0,0.0,0.0,0.0,0.0,0.0,0.0,0.0,0.0,vectored,random,2,2026-08-20T00:53:39+00:00
foldedclos_32_2_2_2_0p5_10nm_TT_0V8_25C_800MHz,foldedclos,data_width=32;terminals_per_leaf=2;num_leaves=2;num_spines=2;oversubscription=0.5,10nm,TT,0.8,25.0,1.25,800.0,32,2,2,2,0.5,V-2023.12-SP4,457,457,0,58.521602,58.521602,0.0,0.0,0.0,0.66,0.39,0.0,0,V-2023.12-SP4,459,459,0,58.86,58.86,0.0,80.5478,0.7307,0.0,0.0,0.72,0.33,0.0,0,V-2023.12-SP3,V-2023.12-SP4,0.038149999999999996,0.0277,0.0001483,0.066,0.06584999999999999,0.08231249999999998,0.0,0.0,0.0,0.0,0.0,0.0,0.0,0.0,0.038149999999999996,0.0277,0.0001483,0.066,0.0,0.0,0.0,0.0,0.0,0.0,0.0,0.0,0.0,0.0,0.0,0.0,0.0,0.0,0.0,0.0,vectored,fixed_route,2,2026-08-20T00:53:46+00:00
foldedclos_64_2_2_2_0p5_10nm_TT_0V8_25C_1333p33MHz,foldedclos,data_width=64;terminals_per_leaf=2;num_leaves=2;num_spines=2;oversubscription=0.5,10nm,TT,0.8,25.0,0.75,1333.3333333333333,64,2,2,2,0.5,V-2023.12-SP4,856,856,0,111.820804,111.820804,0.0,0.0,0.0,0.55,0.0,0.0,0,V-2023.12-SP4,866,866,0,114.4,114.4,0.0,154.3373,0.7412,0.0,0.0,0.54,0.01,0.0,0,V-2023.12-SP3,V-2023.12-SP4,0.1607,0.2179,0.0003009,0.3789,0.37860000000000005,0.28395000000000004,0.0,0.0,0.0,0.0,0.0,0.0,0.0,0.0,0.1607,0.2179,0.0003009,0.3789,0.0,0.0,0.0,0.0,0.0,0.0,0.0,0.0,0.0,0.0,0.0,0.0,0.0,0.0,0.0,0.0,unvectored,none,2,2026-08-20T00:57:44+00:00
foldedclos_64_2_2_2_0p5_10nm_TT_0V8_25C_1333p33MHz,foldedclos,data_width=64;terminals_per_leaf=2;num_leaves=2;num_spines=2;oversubscription=0.5,10nm,TT,0.8,25.0,0.75,1333.3333333333333,64,2,2,2,0.5,V-2023.12-SP4,856,856,0,111.820804,111.820804,0.0,0.0,0.0,0.55,0.0,0.0,0,V-2023.12-SP4,866,866,0,114.4,114.4,0.0,154.3373,0.7412,0.0,0.0,0.54,0.01,0.0,0,V-2023.12-SP3,V-2023.12-SP4,0.298,0.3741,0.0002993,0.6724,0.6720999999999999,0.5040749999999999,0.0,0.0,0.0,0.0,0.0,0.0,0.0,0.0,0.298,0.3741,0.0002993,0.6724,0.0,0.0,0.0,0.0,0.0,0.0,0.0,0.0,0.0,0.0,0.0,0.0,0.0,0.0,0.0,0.0,vectored,random,2,2026-08-20T00:57:51+00:00
foldedclos_64_2_2_2_0p5_10nm_TT_0V8_25C_1333p33MHz,foldedclos,data_width=64;terminals_per_leaf=2;num_leaves=2;num_spines=2;oversubscription=0.5,10nm,TT,0.8,25.0,0.75,1333.3333333333333,64,2,2,2,0.5,V-2023.12-SP4,856,856,0,111.820804,111.820804,0.0,0.0,0.0,0.55,0.0,0.0,0,V-2023.12-SP4,866,866,0,114.4,114.4,0.0,154.3373,0.7412,0.0,0.0,0.54,0.01,0.0,0,V-2023.12-SP3,V-2023.12-SP4,0.1257,0.1082,0.0002995,0.2341,0.2339,0.175425,0.0,0.0,0.0,0.0,0.0,0.0,0.0,0.0,0.1257,0.1082,0.0002995,0.2341,0.0,0.0,0.0,0.0,0.0,0.0,0.0,0.0,0.0,0.0,0.0,0.0,0.0,0.0,0.0,0.0,vectored,fixed_route,2,2026-08-20T00:57:59+00:00
foldedclos_64_2_2_2_0p5_10nm_TT_0V8_25C_800MHz,foldedclos,data_width=64;terminals_per_leaf=2;num_leaves=2;num_spines=2;oversubscription=0.5,10nm,TT,0.8,25.0,1.25,800.0,64,2,2,2,0.5,V-2023.12-SP4,848,848,0,111.083524,111.083524,0.0,0.0,0.0,0.74,0.31,0.0,0,V-2023.12-SP4,862,862,0,112.07,112.07,0.0,154.3373,0.7261,0.0,0.0,0.71,0.34,0.0,0,V-2023.12-SP3,V-2023.12-SP4,0.09525,0.1296,0.0002833,0.2251,0.22485,0.2810625,0.0,0.0,0.0,0.0,0.0,0.0,0.0,0.0,0.09525,0.1296,0.0002833,0.2251,0.0,0.0,0.0,0.0,0.0,0.0,0.0,0.0,0.0,0.0,0.0,0.0,0.0,0.0,0.0,0.0,unvectored,none,2,2026-08-20T01:01:45+00:00
foldedclos_64_2_2_2_0p5_10nm_TT_0V8_25C_800MHz,foldedclos,data_width=64;terminals_per_leaf=2;num_leaves=2;num_spines=2;oversubscription=0.5,10nm,TT,0.8,25.0,1.25,800.0,64,2,2,2,0.5,V-2023.12-SP4,848,848,0,111.083524,111.083524,0.0,0.0,0.0,0.74,0.31,0.0,0,V-2023.12-SP4,862,862,0,112.07,112.07,0.0,154.3373,0.7261,0.0,0.0,0.71,0.34,0.0,0,V-2023.12-SP3,V-2023.12-SP4,0.1817,0.2284,0.0002819,0.4103,0.4101,0.512625,0.0,0.0,0.0,0.0,0.0,0.0,0.0,0.0,0.1817,0.2284,0.0002819,0.4103,0.0,0.0,0.0,0.0,0.0,0.0,0.0,0.0,0.0,0.0,0.0,0.0,0.0,0.0,0.0,0.0,vectored,random,2,2026-08-20T01:01:52+00:00
foldedclos_64_2_2_2_0p5_10nm_TT_0V8_25C_800MHz,foldedclos,data_width=64;terminals_per_leaf=2;num_leaves=2;num_spines=2;oversubscription=0.5,10nm,TT,0.8,25.0,1.25,800.0,64,2,2,2,0.5,V-2023.12-SP4,848,848,0,111.083524,111.083524,0.0,0.0,0.0,0.74,0.31,0.0,0,V-2023.12-SP4,862,862,0,112.07,112.07,0.0,154.3373,0.7261,0.0,0.0,0.71,0.34,0.0,0,V-2023.12-SP3,V-2023.12-SP4,0.07579000000000001,0.06380000000000001,0.000282,0.13990000000000002,0.13959000000000002,0.17448750000000002,0.0,0.0,0.0,0.0,0.0,0.0,0.0,0.0,0.07579000000000001,0.06380000000000001,0.000282,0.13990000000000002,0.0,0.0,0.0,0.0,0.0,0.0,0.0,0.0,0.0,0.0,0.0,0.0,0.0,0.0,0.0,0.0,vectored,fixed_route,2,2026-08-20T01:01:59+00:00
foldedclos_128_2_2_2_1p0_10nm_TT_0V8_25C_1333p33MHz,foldedclos,data_width=128;terminals_per_leaf=2;num_leaves=2;num_spines=2;oversubscription=1.0,10nm,TT,0.8,25.0,0.75,1333.3333333333333,128,2,2,2,1.0,V-2023.12-SP4,2670,2670,0,307.752963,307.752963,0.0,0.0,0.0,0.54,0.01,0.0,0,V-2023.12-SP4,2440,2440,0,269.91,269.91,0.0,434.6266,0.621,0.0,0.0,0.56,-0.01,-0.19,48,V-2023.12-SP3,V-2023.12-SP4,0.3623,0.5706,0.0007233000000000001,0.9336,0.9329000000000001,0.699675,0.0,0.0,0.0,0.0,0.0,0.0,0.0,0.0,0.3623,0.5706,0.0007233000000000001,0.9336,0.0,0.0,0.0,0.0,0.0,0.0,0.0,0.0,0.0,0.0,0.0,0.0,0.0,0.0,0.0,0.0,unvectored,none,2,2026-08-20T01:07:53+00:00
foldedclos_128_2_2_2_1p0_10nm_TT_0V8_25C_1333p33MHz,foldedclos,data_width=128;terminals_per_leaf=2;num_leaves=2;num_spines=2;oversubscription=1.0,10nm,TT,0.8,25.0,0.75,1333.3333333333333,128,2,2,2,1.0,V-2023.12-SP4,2670,2670,0,307.752963,307.752963,0.0,0.0,0.0,0.54,0.01,0.0,0,V-2023.12-SP4,2440,2440,0,269.91,269.91,0.0,434.6266,0.621,0.0,0.0,0.56,-0.01,-0.19,48,V-2023.12-SP3,V-2023.12-SP4,0.6545,0.9699,0.0007188,1.625,1.6244,1.2183000000000002,0.0,0.0,0.0,0.0,0.0,0.0,0.0,0.0,0.6545,0.9699,0.0007188,1.625,0.0,0.0,0.0,0.0,0.0,0.0,0.0,0.0,0.0,0.0,0.0,0.0,0.0,0.0,0.0,0.0,vectored,random,2,2026-08-20T01:08:01+00:00
foldedclos_128_2_2_2_1p0_10nm_TT_0V8_25C_1333p33MHz,foldedclos,data_width=128;terminals_per_leaf=2;num_leaves=2;num_spines=2;oversubscription=1.0,10nm,TT,0.8,25.0,0.75,1333.3333333333333,128,2,2,2,1.0,V-2023.12-SP4,2670,2670,0,307.752963,307.752963,0.0,0.0,0.0,0.54,0.01,0.0,0,V-2023.12-SP4,2440,2440,0,269.91,269.91,0.0,434.6266,0.621,0.0,0.0,0.56,-0.01,-0.19,48,V-2023.12-SP3,V-2023.12-SP4,0.2906,0.3438,0.0007317000000000001,0.6352000000000001,0.6344000000000001,0.47580000000000006,0.0,0.0,0.0,0.0,0.0,0.0,0.0,0.0,0.2906,0.3438,0.0007317000000000001,0.6352000000000001,0.0,0.0,0.0,0.0,0.0,0.0,0.0,0.0,0.0,0.0,0.0,0.0,0.0,0.0,0.0,0.0,vectored,fixed_route,2,2026-08-20T01:08:08+00:00
foldedclos_64_4_2_2_0p5_7nm_TT_0V75_25C_1333p33MHz,foldedclos,data_width=64;terminals_per_leaf=4;num_leaves=2;num_spines=2;oversubscription=0.5,7nm,TT,0.75,25.0,0.75,1333.3333333333333,64,4,2,2,0.5,V-2023.12-SP4,3934,3934,0,262.063876,262.063876,0.0,0.0,0.0,0.54,0.01,0.0,0,V-2023.12-SP4,3909,3909,0,262.66,262.66,0.0,370.1699,0.7096,0.0,0.0,0.56,-0.01,-0.11,33,V-2023.12-SP3,V-2023.12-SP4,0.4641,0.8902,0.0009397,1.355,1.3543,1.015725,0.0,0.0,0.0,0.0,0.0,0.0,0.0,0.0,0.4641,0.8902,0.0009397,1.355,0.0,0.0,0.0,0.0,0.0,0.0,0.0,0.0,0.0,0.0,0.0,0.0,0.0,0.0,0.0,0.0,unvectored,none,2,2026-08-20T01:15:37+00:00
foldedclos_64_4_2_2_0p5_7nm_TT_0V75_25C_1333p33MHz,foldedclos,data_width=64;terminals_per_leaf=4;num_leaves=2;num_spines=2;oversubscription=0.5,7nm,TT,0.75,25.0,0.75,1333.3333333333333,64,4,2,2,0.5,V-2023.12-SP4,3934,3934,0,262.063876,262.063876,0.0,0.0,0.0,0.54,0.01,0.0,0,V-2023.12-SP4,3909,3909,0,262.66,262.66,0.0,370.1699,0.7096,0.0,0.0,0.56,-0.01,-0.11,33,V-2023.12-SP3,V-2023.12-SP4,0.7307,1.288,0.0009327,2.019,2.0187,1.514025,0.0,0.0,0.0,0.0,0.0,0.0,0.0,0.0,0.7307,1.288,0.0009327,2.019,0.0,0.0,0.0,0.0,0.0,0.0,0.0,0.0,0.0,0.0,0.0,0.0,0.0,0.0,0.0,0.0,vectored,random,2,2026-08-20T01:15:45+00:00
foldedclos_64_4_2_2_0p5_7nm_TT_0V75_25C_1333p33MHz,foldedclos,data_width=64;terminals_per_leaf=4;num_leaves=2;num_spines=2;oversubscription=0.5,7nm,TT,0.75,25.0,0.75,1333.3333333333333,64,4,2,2,0.5,V-2023.12-SP4,3934,3934,0,262.063876,262.063876,0.0,0.0,0.0,0.54,0.01,0.0,0,V-2023.12-SP4,3909,3909,0,262.66,262.66,0.0,370.1699,0.7096,0.0,0.0,0.56,-0.01,-0.11,33,V-2023.12-SP3,V-2023.12-SP4,0.3967,0.7109,0.0009139,1.109,1.1076,0.8307,0.0,0.0,0.0,0.0,0.0,0.0,0.0,0.0,0.3967,0.7109,0.0009139,1.109,0.0,0.0,0.0,0.0,0.0,0.0,0.0,0.0,0.0,0.0,0.0,0.0,0.0,0.0,0.0,0.0,vectored,fixed_route,2,2026-08-20T01:15:53+00:00
foldedclos_128_2_2_2_1p0_10nm_TT_0V8_25C_800MHz,foldedclos,data_width=128;terminals_per_leaf=2;num_leaves=2;num_spines=2;oversubscription=1.0,10nm,TT,0.8,25.0,1.25,800.0,128,2,2,2,1.0,V-2023.12-SP4,1642,1642,0,216.268808,216.268808,0.0,0.0,0.0,0.88,0.17,0.0,0,V-2023.12-SP4,1671,1671,0,219.16,219.16,0.0,302.7456,0.7239,0.0,0.0,0.79,0.26,0.0,0,V-2023.12-SP3,V-2023.12-SP4,0.1853,0.2693,0.0005594,0.4551,0.4546,0.56825,0.0,0.0,0.0,0.0,0.0,0.0,0.0,0.0,0.1853,0.2693,0.0005594,0.4551,0.0,0.0,0.0,0.0,0.0,0.0,0.0,0.0,0.0,0.0,0.0,0.0,0.0,0.0,0.0,0.0,unvectored,none,2,2026-08-20T01:18:45+00:00
foldedclos_128_2_2_2_1p0_10nm_TT_0V8_25C_800MHz,foldedclos,data_width=128;terminals_per_leaf=2;num_leaves=2;num_spines=2;oversubscription=1.0,10nm,TT,0.8,25.0,1.25,800.0,128,2,2,2,1.0,V-2023.12-SP4,1642,1642,0,216.268808,216.268808,0.0,0.0,0.0,0.88,0.17,0.0,0,V-2023.12-SP4,1671,1671,0,219.16,219.16,0.0,302.7456,0.7239,0.0,0.0,0.79,0.26,0.0,0,V-2023.12-SP3,V-2023.12-SP4,0.3499,0.4727,0.0005562,0.8231999999999999,0.8226,1.0282499999999999,0.0,0.0,0.0,0.0,0.0,0.0,0.0,0.0,0.3499,0.4727,0.0005562,0.8231999999999999,0.0,0.0,0.0,0.0,0.0,0.0,0.0,0.0,0.0,0.0,0.0,0.0,0.0,0.0,0.0,0.0,vectored,random,2,2026-08-20T01:18:53+00:00
foldedclos_128_2_2_2_1p0_10nm_TT_0V8_25C_800MHz,foldedclos,data_width=128;terminals_per_leaf=2;num_leaves=2;num_spines=2;oversubscription=1.0,10nm,TT,0.8,25.0,1.25,800.0,128,2,2,2,1.0,V-2023.12-SP4,1642,1642,0,216.268808,216.268808,0.0,0.0,0.0,0.88,0.17,0.0,0,V-2023.12-SP4,1671,1671,0,219.16,219.16,0.0,302.7456,0.7239,0.0,0.0,0.79,0.26,0.0,0,V-2023.12-SP3,V-2023.12-SP4,0.1519,0.14889999999999998,0.0005582,0.3014,0.30079999999999996,0.37599999999999995,0.0,0.0,0.0,0.0,0.0,0.0,0.0,0.0,0.1519,0.14889999999999998,0.0005582,0.3014,0.0,0.0,0.0,0.0,0.0,0.0,0.0,0.0,0.0,0.0,0.0,0.0,0.0,0.0,0.0,0.0,vectored,fixed_route,2,2026-08-20T01:19:00+00:00
foldedclos_128_2_2_2_0p5_10nm_TT_0V8_25C_1333p33MHz,foldedclos,data_width=128;terminals_per_leaf=2;num_leaves=2;num_spines=2;oversubscription=0.5,10nm,TT,0.8,25.0,0.75,1333.3333333333333,128,2,2,2,0.5,V-2023.12-SP4,2670,2670,0,307.752963,307.752963,0.0,0.0,0.0,0.54,0.01,0.0,0,V-2023.12-SP4,2440,2440,0,269.91,269.91,0.0,434.6266,0.621,0.0,0.0,0.56,-0.01,-0.09,29,V-2023.12-SP3,V-2023.12-SP4,0.3618,0.5703,0.0007233000000000001,0.9328,0.9321,0.699075,0.0,0.0,0.0,0.0,0.0,0.0,0.0,0.0,0.3618,0.5703,0.0007233000000000001,0.9328,0.0,0.0,0.0,0.0,0.0,0.0,0.0,0.0,0.0,0.0,0.0,0.0,0.0,0.0,0.0,0.0,unvectored,none,2,2026-08-20T01:24:42+00:00
foldedclos_128_2_2_2_0p5_10nm_TT_0V8_25C_1333p33MHz,foldedclos,data_width=128;terminals_per_leaf=2;num_leaves=2;num_spines=2;oversubscription=0.5,10nm,TT,0.8,25.0,0.75,1333.3333333333333,128,2,2,2,0.5,V-2023.12-SP4,2670,2670,0,307.752963,307.752963,0.0,0.0,0.0,0.54,0.01,0.0,0,V-2023.12-SP4,2440,2440,0,269.91,269.91,0.0,434.6266,0.621,0.0,0.0,0.56,-0.01,-0.09,29,V-2023.12-SP3,V-2023.12-SP4,0.6554,0.9726,0.0007188,1.629,1.6280000000000001,1.221,0.0,0.0,0.0,0.0,0.0,0.0,0.0,0.0,0.6554,0.9726,0.0007188,1.629,0.0,0.0,0.0,0.0,0.0,0.0,0.0,0.0,0.0,0.0,0.0,0.0,0.0,0.0,0.0,0.0,vectored,random,2,2026-08-20T01:24:49+00:00
foldedclos_128_2_2_2_0p5_10nm_TT_0V8_25C_1333p33MHz,foldedclos,data_width=128;terminals_per_leaf=2;num_leaves=2;num_spines=2;oversubscription=0.5,10nm,TT,0.8,25.0,0.75,1333.3333333333333,128,2,2,2,0.5,V-2023.12-SP4,2670,2670,0,307.752963,307.752963,0.0,0.0,0.0,0.54,0.01,0.0,0,V-2023.12-SP4,2440,2440,0,269.91,269.91,0.0,434.6266,0.621,0.0,0.0,0.56,-0.01,-0.09,29,V-2023.12-SP3,V-2023.12-SP4,0.29050000000000004,0.3435,0.0007317000000000001,0.6348,0.6340000000000001,0.4755000000000001,0.0,0.0,0.0,0.0,0.0,0.0,0.0,0.0,0.29050000000000004,0.3435,0.0007317000000000001,0.6348,0.0,0.0,0.0,0.0,0.0,0.0,0.0,0.0,0.0,0.0,0.0,0.0,0.0,0.0,0.0,0.0,vectored,fixed_route,2,2026-08-20T01:24:57+00:00
foldedclos_128_2_2_2_0p5_10nm_TT_0V8_25C_800MHz,foldedclos,data_width=128;terminals_per_leaf=2;num_leaves=2;num_spines=2;oversubscription=0.5,10nm,TT,0.8,25.0,1.25,800.0,128,2,2,2,0.5,V-2023.12-SP4,1642,1642,0,216.268808,216.268808,0.0,0.0,0.0,0.88,0.17,0.0,0,V-2023.12-SP4,1671,1671,0,219.16,219.16,0.0,302.7456,0.7239,0.0,0.0,0.79,0.26,0.0,0,V-2023.12-SP3,V-2023.12-SP4,0.1853,0.2691,0.0005594,0.45489999999999997,0.4544,0.5680000000000001,0.0,0.0,0.0,0.0,0.0,0.0,0.0,0.0,0.1853,0.2691,0.0005594,0.45489999999999997,0.0,0.0,0.0,0.0,0.0,0.0,0.0,0.0,0.0,0.0,0.0,0.0,0.0,0.0,0.0,0.0,unvectored,none,2,2026-08-20T01:35:27+00:00
foldedclos_128_2_2_2_0p5_10nm_TT_0V8_25C_800MHz,foldedclos,data_width=128;terminals_per_leaf=2;num_leaves=2;num_spines=2;oversubscription=0.5,10nm,TT,0.8,25.0,1.25,800.0,128,2,2,2,0.5,V-2023.12-SP4,1642,1642,0,216.268808,216.268808,0.0,0.0,0.0,0.88,0.17,0.0,0,V-2023.12-SP4,1671,1671,0,219.16,219.16,0.0,302.7456,0.7239,0.0,0.0,0.79,0.26,0.0,0,V-2023.12-SP3,V-2023.12-SP4,0.3498,0.4729,0.0005562,0.8231999999999999,0.8227,1.028375,0.0,0.0,0.0,0.0,0.0,0.0,0.0,0.0,0.3498,0.4729,0.0005562,0.8231999999999999,0.0,0.0,0.0,0.0,0.0,0.0,0.0,0.0,0.0,0.0,0.0,0.0,0.0,0.0,0.0,0.0,vectored,random,2,2026-08-20T01:35:34+00:00
foldedclos_128_2_2_2_0p5_10nm_TT_0V8_25C_800MHz,foldedclos,data_width=128;terminals_per_leaf=2;num_leaves=2;num_spines=2;oversubscription=0.5,10nm,TT,0.8,25.0,1.25,800.0,128,2,2,2,0.5,V-2023.12-SP4,1642,1642,0,216.268808,216.268808,0.0,0.0,0.0,0.88,0.17,0.0,0,V-2023.12-SP4,1671,1671,0,219.16,219.16,0.0,302.7456,0.7239,0.0,0.0,0.79,0.26,0.0,0,V-2023.12-SP3,V-2023.12-SP4,0.1519,0.1493,0.0005582,0.3018,0.3012,0.37650000000000006,0.0,0.0,0.0,0.0,0.0,0.0,0.0,0.0,0.1519,0.1493,0.0005582,0.3018,0.0,0.0,0.0,0.0,0.0,0.0,0.0,0.0,0.0,0.0,0.0,0.0,0.0,0.0,0.0,0.0,vectored,fixed_route,2,2026-08-20T01:35:41+00:00
foldedclos_32_2_4_2_1p0_10nm_TT_0V8_25C_1333p33MHz,foldedclos,data_width=32;terminals_per_leaf=2;num_leaves=4;num_spines=2;oversubscription=1.0,10nm,TT,0.8,25.0,0.75,1333.3333333333333,32,2,4,2,1.0,V-2023.12-SP4,3812,3812,0,446.576634,446.576634,0.0,0.0,0.0,0.55,0.0,0.0,0,V-2023.12-SP4,2919,2919,0,339.95,339.95,0.0,628.992,0.5405,0.0,0.0,0.57,-0.02,-0.05,8,V-2023.12-SP3,V-2023.12-SP4,0.4056,0.8055,0.000909,1.212,1.2111,0.908325,0.0,0.0,0.0,0.0,0.0,0.0,0.0,0.0,0.4056,0.8055,0.000909,1.212,0.0,0.0,0.0,0.0,0.0,0.0,0.0,0.0,0.0,0.0,0.0,0.0,0.0,0.0,0.0,0.0,unvectored,none,2,2026-08-20T01:39:12+00:00
foldedclos_32_2_4_2_1p0_10nm_TT_0V8_25C_1333p33MHz,foldedclos,data_width=32;terminals_per_leaf=2;num_leaves=4;num_spines=2;oversubscription=1.0,10nm,TT,0.8,25.0,0.75,1333.3333333333333,32,2,4,2,1.0,V-2023.12-SP4,3812,3812,0,446.576634,446.576634,0.0,0.0,0.0,0.55,0.0,0.0,0,V-2023.12-SP4,2919,2919,0,339.95,339.95,0.0,628.992,0.5405,0.0,0.0,0.57,-0.02,-0.05,8,V-2023.12-SP3,V-2023.12-SP4,0.6889,1.1800000000000002,0.0008975,1.8699999999999999,1.8689,1.401675,0.0,0.0,0.0,0.0,0.0,0.0,0.0,0.0,0.6889,1.1800000000000002,0.0008975,1.8699999999999999,0.0,0.0,0.0,0.0,0.0,0.0,0.0,0.0,0.0,0.0,0.0,0.0,0.0,0.0,0.0,0.0,vectored,random,2,2026-08-20T01:39:19+00:00
foldedclos_32_2_4_2_1p0_10nm_TT_0V8_25C_1333p33MHz,foldedclos,data_width=32;terminals_per_leaf=2;num_leaves=4;num_spines=2;oversubscription=1.0,10nm,TT,0.8,25.0,0.75,1333.3333333333333,32,2,4,2,1.0,V-2023.12-SP4,3812,3812,0,446.576634,446.576634,0.0,0.0,0.0,0.55,0.0,0.0,0,V-2023.12-SP4,2919,2919,0,339.95,339.95,0.0,628.992,0.5405,0.0,0.0,0.57,-0.02,-0.05,8,V-2023.12-SP3,V-2023.12-SP4,0.3241,0.6790999999999999,0.0008870000000000001,1.004,1.0031999999999999,0.7524,0.0,0.0,0.0,0.0,0.0,0.0,0.0,0.0,0.3241,0.6790999999999999,0.0008870000000000001,1.004,0.0,0.0,0.0,0.0,0.0,0.0,0.0,0.0,0.0,0.0,0.0,0.0,0.0,0.0,0.0,0.0,vectored,fixed_route,2,2026-08-20T01:39:27+00:00
foldedclos_64_4_2_2_0p5_7nm_TT_0V75_25C_800MHz,foldedclos,data_width=64;terminals_per_leaf=4;num_leaves=2;num_spines=2;oversubscription=0.5,7nm,TT,0.75,25.0,1.25,800.0,64,4,2,2,0.5,V-2023.12-SP4,3928,3928,0,261.096196,261.096196,0.0,0.0,0.0,0.71,0.34,0.0,0,V-2023.12-SP4,3879,3879,0,260.85,260.85,0.0,368.9441,0.707,0.0,0.0,0.63,0.42,0.0,0,V-2023.12-SP3,V-2023.12-SP4,0.2795,0.5357,0.0009313,0.8161,0.8151999999999999,1.019,0.0,0.0,0.0,0.0,0.0,0.0,0.0,0.0,0.2795,0.5357,0.0009313,0.8161,0.0,0.0,0.0,0.0,0.0,0.0,0.0,0.0,0.0,0.0,0.0,0.0,0.0,0.0,0.0,0.0,unvectored,none,2,2026-08-20T01:41:49+00:00
foldedclos_64_4_2_2_0p5_7nm_TT_0V75_25C_800MHz,foldedclos,data_width=64;terminals_per_leaf=4;num_leaves=2;num_spines=2;oversubscription=0.5,7nm,TT,0.75,25.0,1.25,800.0,64,4,2,2,0.5,V-2023.12-SP4,3928,3928,0,261.096196,261.096196,0.0,0.0,0.0,0.71,0.34,0.0,0,V-2023.12-SP4,3879,3879,0,260.85,260.85,0.0,368.9441,0.707,0.0,0.0,0.63,0.42,0.0,0,V-2023.12-SP3,V-2023.12-SP4,0.438,0.7697999999999999,0.0009235000000000001,1.209,1.2078,1.50975,0.0,0.0,0.0,0.0,0.0,0.0,0.0,0.0,0.438,0.7697999999999999,0.0009235000000000001,1.209,0.0,0.0,0.0,0.0,0.0,0.0,0.0,0.0,0.0,0.0,0.0,0.0,0.0,0.0,0.0,0.0,vectored,random,2,2026-08-20T01:41:56+00:00
foldedclos_64_4_2_2_0p5_7nm_TT_0V75_25C_800MHz,foldedclos,data_width=64;terminals_per_leaf=4;num_leaves=2;num_spines=2;oversubscription=0.5,7nm,TT,0.75,25.0,1.25,800.0,64,4,2,2,0.5,V-2023.12-SP4,3928,3928,0,261.096196,261.096196,0.0,0.0,0.0,0.71,0.34,0.0,0,V-2023.12-SP4,3879,3879,0,260.85,260.85,0.0,368.9441,0.707,0.0,0.0,0.63,0.42,0.0,0,V-2023.12-SP3,V-2023.12-SP4,0.2375,0.42769999999999997,0.0009071,0.6661,0.6652,0.8315,0.0,0.0,0.0,0.0,0.0,0.0,0.0,0.0,0.2375,0.42769999999999997,0.0009071,0.6661,0.0,0.0,0.0,0.0,0.0,0.0,0.0,0.0,0.0,0.0,0.0,0.0,0.0,0.0,0.0,0.0,vectored,fixed_route,2,2026-08-20T01:42:03+00:00
foldedclos_32_2_4_2_1p0_10nm_TT_0V8_25C_800MHz,foldedclos,data_width=32;terminals_per_leaf=2;num_leaves=4;num_spines=2;oversubscription=1.0,10nm,TT,0.8,25.0,1.25,800.0,32,2,4,2,1.0,V-2023.12-SP4,1998,1998,0,256.788483,256.788483,0.0,0.0,0.0,1.05,0.0,0.0,0,V-2023.12-SP4,1983,1983,0,256.63,256.63,0.0,359.7619,0.7133,0.0,0.0,1.02,0.03,0.0,0,V-2023.12-SP3,V-2023.12-SP4,0.1874,0.3302,0.0006764,0.5183,0.5176000000000001,0.647,0.0,0.0,0.0,0.0,0.0,0.0,0.0,0.0,0.1874,0.3302,0.0006764,0.5183,0.0,0.0,0.0,0.0,0.0,0.0,0.0,0.0,0.0,0.0,0.0,0.0,0.0,0.0,0.0,0.0,unvectored,none,2,2026-08-20T01:44:40+00:00
foldedclos_32_2_4_2_1p0_10nm_TT_0V8_25C_800MHz,foldedclos,data_width=32;terminals_per_leaf=2;num_leaves=4;num_spines=2;oversubscription=1.0,10nm,TT,0.8,25.0,1.25,800.0,32,2,4,2,1.0,V-2023.12-SP4,1998,1998,0,256.788483,256.788483,0.0,0.0,0.0,1.05,0.0,0.0,0,V-2023.12-SP4,1983,1983,0,256.63,256.63,0.0,359.7619,0.7133,0.0,0.0,1.02,0.03,0.0,0,V-2023.12-SP3,V-2023.12-SP4,0.3207,0.503,0.0006692,0.8244,0.8237,1.029625,0.0,0.0,0.0,0.0,0.0,0.0,0.0,0.0,0.3207,0.503,0.0006692,0.8244,0.0,0.0,0.0,0.0,0.0,0.0,0.0,0.0,0.0,0.0,0.0,0.0,0.0,0.0,0.0,0.0,vectored,random,2,2026-08-20T01:44:48+00:00
foldedclos_32_2_4_2_1p0_10nm_TT_0V8_25C_800MHz,foldedclos,data_width=32;terminals_per_leaf=2;num_leaves=4;num_spines=2;oversubscription=1.0,10nm,TT,0.8,25.0,1.25,800.0,32,2,4,2,1.0,V-2023.12-SP4,1998,1998,0,256.788483,256.788483,0.0,0.0,0.0,1.05,0.0,0.0,0,V-2023.12-SP4,1983,1983,0,256.63,256.63,0.0,359.7619,0.7133,0.0,0.0,1.02,0.03,0.0,0,V-2023.12-SP3,V-2023.12-SP4,0.1444,0.2504,0.0006501,0.3955,0.39480000000000004,0.49350000000000005,0.0,0.0,0.0,0.0,0.0,0.0,0.0,0.0,0.1444,0.2504,0.0006501,0.3955,0.0,0.0,0.0,0.0,0.0,0.0,0.0,0.0,0.0,0.0,0.0,0.0,0.0,0.0,0.0,0.0,vectored,fixed_route,2,2026-08-20T01:44:55+00:00
foldedclos_32_2_4_2_0p5_10nm_TT_0V8_25C_1333p33MHz,foldedclos,data_width=32;terminals_per_leaf=2;num_leaves=4;num_spines=2;oversubscription=0.5,10nm,TT,0.8,25.0,0.75,1333.3333333333333,32,2,4,2,0.5,V-2023.12-SP4,3812,3812,0,446.576634,446.576634,0.0,0.0,0.0,0.55,0.0,0.0,0,V-2023.12-SP4,2919,2919,0,339.95,339.95,0.0,628.992,0.5405,0.0,0.0,0.57,-0.02,-0.07,12,V-2023.12-SP3,V-2023.12-SP4,0.4057,0.8056,0.000909,1.212,1.2113,0.908475,0.0,0.0,0.0,0.0,0.0,0.0,0.0,0.0,0.4057,0.8056,0.000909,1.212,0.0,0.0,0.0,0.0,0.0,0.0,0.0,0.0,0.0,0.0,0.0,0.0,0.0,0.0,0.0,0.0,unvectored,none,2,2026-08-20T01:48:26+00:00
foldedclos_32_2_4_2_0p5_10nm_TT_0V8_25C_1333p33MHz,foldedclos,data_width=32;terminals_per_leaf=2;num_leaves=4;num_spines=2;oversubscription=0.5,10nm,TT,0.8,25.0,0.75,1333.3333333333333,32,2,4,2,0.5,V-2023.12-SP4,3812,3812,0,446.576634,446.576634,0.0,0.0,0.0,0.55,0.0,0.0,0,V-2023.12-SP4,2919,2919,0,339.95,339.95,0.0,628.992,0.5405,0.0,0.0,0.57,-0.02,-0.07,12,V-2023.12-SP3,V-2023.12-SP4,0.6885,1.1800000000000002,0.0008974,1.869,1.8685,1.401375,0.0,0.0,0.0,0.0,0.0,0.0,0.0,0.0,0.6885,1.1800000000000002,0.0008974,1.869,0.0,0.0,0.0,0.0,0.0,0.0,0.0,0.0,0.0,0.0,0.0,0.0,0.0,0.0,0.0,0.0,vectored,random,2,2026-08-20T01:48:34+00:00
foldedclos_32_2_4_2_0p5_10nm_TT_0V8_25C_1333p33MHz,foldedclos,data_width=32;terminals_per_leaf=2;num_leaves=4;num_spines=2;oversubscription=0.5,10nm,TT,0.8,25.0,0.75,1333.3333333333333,32,2,4,2,0.5,V-2023.12-SP4,3812,3812,0,446.576634,446.576634,0.0,0.0,0.0,0.55,0.0,0.0,0,V-2023.12-SP4,2919,2919,0,339.95,339.95,0.0,628.992,0.5405,0.0,0.0,0.57,-0.02,-0.07,12,V-2023.12-SP3,V-2023.12-SP4,0.3241,0.6792,0.0008870000000000001,1.004,1.0033,0.752475,0.0,0.0,0.0,0.0,0.0,0.0,0.0,0.0,0.3241,0.6792,0.0008870000000000001,1.004,0.0,0.0,0.0,0.0,0.0,0.0,0.0,0.0,0.0,0.0,0.0,0.0,0.0,0.0,0.0,0.0,vectored,fixed_route,2,2026-08-20T01:48:42+00:00
foldedclos_32_2_4_2_0p5_10nm_TT_0V8_25C_800MHz,foldedclos,data_width=32;terminals_per_leaf=2;num_leaves=4;num_spines=2;oversubscription=0.5,10nm,TT,0.8,25.0,1.25,800.0,32,2,4,2,0.5,V-2023.12-SP4,1998,1998,0,256.788483,256.788483,0.0,0.0,0.0,1.05,0.0,0.0,0,V-2023.12-SP4,1983,1983,0,256.63,256.63,0.0,359.7619,0.7133,0.0,0.0,1.02,0.03,0.0,0,V-2023.12-SP3,V-2023.12-SP4,0.1874,0.3302,0.0006764,0.5182,0.5176000000000001,0.647,0.0,0.0,0.0,0.0,0.0,0.0,0.0,0.0,0.1874,0.3302,0.0006764,0.5182,0.0,0.0,0.0,0.0,0.0,0.0,0.0,0.0,0.0,0.0,0.0,0.0,0.0,0.0,0.0,0.0,unvectored,none,2,2026-08-20T01:54:03+00:00
foldedclos_32_2_4_2_0p5_10nm_TT_0V8_25C_800MHz,foldedclos,data_width=32;terminals_per_leaf=2;num_leaves=4;num_spines=2;oversubscription=0.5,10nm,TT,0.8,25.0,1.25,800.0,32,2,4,2,0.5,V-2023.12-SP4,1998,1998,0,256.788483,256.788483,0.0,0.0,0.0,1.05,0.0,0.0,0,V-2023.12-SP4,1983,1983,0,256.63,256.63,0.0,359.7619,0.7133,0.0,0.0,1.02,0.03,0.0,0,V-2023.12-SP3,V-2023.12-SP4,0.3211,0.5034,0.0006692,0.8252,0.8245,1.0306250000000001,0.0,0.0,0.0,0.0,0.0,0.0,0.0,0.0,0.3211,0.5034,0.0006692,0.8252,0.0,0.0,0.0,0.0,0.0,0.0,0.0,0.0,0.0,0.0,0.0,0.0,0.0,0.0,0.0,0.0,vectored,random,2,2026-08-20T01:54:10+00:00
foldedclos_32_2_4_2_0p5_10nm_TT_0V8_25C_800MHz,foldedclos,data_width=32;terminals_per_leaf=2;num_leaves=4;num_spines=2;oversubscription=0.5,10nm,TT,0.8,25.0,1.25,800.0,32,2,4,2,0.5,V-2023.12-SP4,1998,1998,0,256.788483,256.788483,0.0,0.0,0.0,1.05,0.0,0.0,0,V-2023.12-SP4,1983,1983,0,256.63,256.63,0.0,359.7619,0.7133,0.0,0.0,1.02,0.03,0.0,0,V-2023.12-SP3,V-2023.12-SP4,0.1444,0.2503,0.0006501,0.39540000000000003,0.39470000000000005,0.49337500000000006,0.0,0.0,0.0,0.0,0.0,0.0,0.0,0.0,0.1444,0.2503,0.0006501,0.39540000000000003,0.0,0.0,0.0,0.0,0.0,0.0,0.0,0.0,0.0,0.0,0.0,0.0,0.0,0.0,0.0,0.0,vectored,fixed_route,2,2026-08-20T01:54:17+00:00
foldedclos_64_2_4_2_1p0_10nm_TT_0V8_25C_1333p33MHz,foldedclos,data_width=64;terminals_per_leaf=2;num_leaves=4;num_spines=2;oversubscription=1.0,10nm,TT,0.8,25.0,0.75,1333.3333333333333,64,2,4,2,1.0,V-2023.12-SP4,3942,3942,0,502.640646,502.640646,0.0,0.0,0.0,0.54,0.01,0.0,0,V-2023.12-SP4,3876,3876,0,504.08,504.08,0.0,707.9731,0.712,0.0,0.0,0.55,-0.0,-0.0,2,V-2023.12-SP3,V-2023.12-SP4,0.5987,1.098,0.001316,1.6980000000000002,1.6967,1.2725250000000001,0.0,0.0,0.0,0.0,0.0,0.0,0.0,0.0,0.5987,1.098,0.001316,1.6980000000000002,0.0,0.0,0.0,0.0,0.0,0.0,0.0,0.0,0.0,0.0,0.0,0.0,0.0,0.0,0.0,0.0,unvectored,none,2,2026-08-20T02:09:10+00:00
foldedclos_64_2_4_2_1p0_10nm_TT_0V8_25C_1333p33MHz,foldedclos,data_width=64;terminals_per_leaf=2;num_leaves=4;num_spines=2;oversubscription=1.0,10nm,TT,0.8,25.0,0.75,1333.3333333333333,64,2,4,2,1.0,V-2023.12-SP4,3942,3942,0,502.640646,502.640646,0.0,0.0,0.0,0.54,0.01,0.0,0,V-2023.12-SP4,3876,3876,0,504.08,504.08,0.0,707.9731,0.712,0.0,0.0,0.55,-0.0,-0.0,2,V-2023.12-SP3,V-2023.12-SP4,0.9388000000000001,1.603,0.001307,2.543,2.5418000000000003,1.9063500000000002,0.0,0.0,0.0,0.0,0.0,0.0,0.0,0.0,0.9388000000000001,1.603,0.001307,2.543,0.0,0.0,0.0,0.0,0.0,0.0,0.0,0.0,0.0,0.0,0.0,0.0,0.0,0.0,0.0,0.0,vectored,random,2,2026-08-20T02:09:18+00:00
foldedclos_64_2_4_2_1p0_10nm_TT_0V8_25C_1333p33MHz,foldedclos,data_width=64;terminals_per_leaf=2;num_leaves=4;num_spines=2;oversubscription=1.0,10nm,TT,0.8,25.0,0.75,1333.3333333333333,64,2,4,2,1.0,V-2023.12-SP4,3942,3942,0,502.640646,502.640646,0.0,0.0,0.0,0.54,0.01,0.0,0,V-2023.12-SP4,3876,3876,0,504.08,504.08,0.0,707.9731,0.712,0.0,0.0,0.55,-0.0,-0.0,2,V-2023.12-SP3,V-2023.12-SP4,0.5002,0.8677,0.001282,1.369,1.3679000000000001,1.025925,0.0,0.0,0.0,0.0,0.0,0.0,0.0,0.0,0.5002,0.8677,0.001282,1.369,0.0,0.0,0.0,0.0,0.0,0.0,0.0,0.0,0.0,0.0,0.0,0.0,0.0,0.0,0.0,0.0,vectored,fixed_route,2,2026-08-20T02:09:25+00:00
foldedclos_64_2_4_2_1p0_10nm_TT_0V8_25C_800MHz,foldedclos,data_width=64;terminals_per_leaf=2;num_leaves=4;num_spines=2;oversubscription=1.0,10nm,TT,0.8,25.0,1.25,800.0,64,2,4,2,1.0,V-2023.12-SP4,3940,3940,0,500.090886,500.090886,0.0,0.0,0.0,0.92,0.13,0.0,0,V-2023.12-SP4,3858,3858,0,497.6,497.6,0.0,707.9731,0.7029,0.0,0.0,0.76,0.29,0.0,0,V-2023.12-SP3,V-2023.12-SP4,0.3584,0.6568999999999999,0.001279,1.017,1.0152999999999999,1.2691249999999998,0.0,0.0,0.0,0.0,0.0,0.0,0.0,0.0,0.3584,0.6568999999999999,0.001279,1.017,0.0,0.0,0.0,0.0,0.0,0.0,0.0,0.0,0.0,0.0,0.0,0.0,0.0,0.0,0.0,0.0,unvectored,none,2,2026-08-20T02:28:03+00:00
foldedclos_64_2_4_2_1p0_10nm_TT_0V8_25C_800MHz,foldedclos,data_width=64;terminals_per_leaf=2;num_leaves=4;num_spines=2;oversubscription=1.0,10nm,TT,0.8,25.0,1.25,800.0,64,2,4,2,1.0,V-2023.12-SP4,3940,3940,0,500.090886,500.090886,0.0,0.0,0.0,0.92,0.13,0.0,0,V-2023.12-SP4,3858,3858,0,497.6,497.6,0.0,707.9731,0.7029,0.0,0.0,0.76,0.29,0.0,0,V-2023.12-SP3,V-2023.12-SP4,0.5719,0.958,0.001269,1.531,1.5299,1.912375,0.0,0.0,0.0,0.0,0.0,0.0,0.0,0.0,0.5719,0.958,0.001269,1.531,0.0,0.0,0.0,0.0,0.0,0.0,0.0,0.0,0.0,0.0,0.0,0.0,0.0,0.0,0.0,0.0,vectored,random,2,2026-08-20T02:28:11+00:00
foldedclos_64_2_4_2_1p0_10nm_TT_0V8_25C_800MHz,foldedclos,data_width=64;terminals_per_leaf=2;num_leaves=4;num_spines=2;oversubscription=1.0,10nm,TT,0.8,25.0,1.25,800.0,64,2,4,2,1.0,V-2023.12-SP4,3940,3940,0,500.090886,500.090886,0.0,0.0,0.0,0.92,0.13,0.0,0,V-2023.12-SP4,3858,3858,0,497.6,497.6,0.0,707.9731,0.7029,0.0,0.0,0.76,0.29,0.0,0,V-2023.12-SP3,V-2023.12-SP4,0.3019,0.5262,0.0012419999999999998,0.8293,0.8281000000000001,1.035125,0.0,0.0,0.0,0.0,0.0,0.0,0.0,0.0,0.3019,0.5262,0.0012419999999999998,0.8293,0.0,0.0,0.0,0.0,0.0,0.0,0.0,0.0,0.0,0.0,0.0,0.0,0.0,0.0,0.0,0.0,vectored,fixed_route,2,2026-08-20T02:28:19+00:00
foldedclos_64_2_4_2_0p5_10nm_TT_0V8_25C_1333p33MHz,foldedclos,data_width=64;terminals_per_leaf=2;num_leaves=4;num_spines=2;oversubscription=0.5,10nm,TT,0.8,25.0,0.75,1333.3333333333333,64,2,4,2,0.5,V-2023.12-SP4,3942,3942,0,502.640646,502.640646,0.0,0.0,0.0,0.54,0.01,0.0,0,V-2023.12-SP4,3876,3876,0,504.08,504.08,0.0,707.9731,0.712,0.0,0.0,0.55,0.0,0.0,0,V-2023.12-SP3,V-2023.12-SP4,0.5989,1.098,0.001316,1.6980000000000002,1.6969,1.272675,0.0,0.0,0.0,0.0,0.0,0.0,0.0,0.0,0.5989,1.098,0.001316,1.6980000000000002,0.0,0.0,0.0,0.0,0.0,0.0,0.0,0.0,0.0,0.0,0.0,0.0,0.0,0.0,0.0,0.0,unvectored,none,2,2026-08-20T02:41:40+00:00
foldedclos_64_2_4_2_0p5_10nm_TT_0V8_25C_1333p33MHz,foldedclos,data_width=64;terminals_per_leaf=2;num_leaves=4;num_spines=2;oversubscription=0.5,10nm,TT,0.8,25.0,0.75,1333.3333333333333,64,2,4,2,0.5,V-2023.12-SP4,3942,3942,0,502.640646,502.640646,0.0,0.0,0.0,0.54,0.01,0.0,0,V-2023.12-SP4,3876,3876,0,504.08,504.08,0.0,707.9731,0.712,0.0,0.0,0.55,0.0,0.0,0,V-2023.12-SP3,V-2023.12-SP4,0.9383,1.6019999999999999,0.001307,2.541,2.5403,1.9052249999999997,0.0,0.0,0.0,0.0,0.0,0.0,0.0,0.0,0.9383,1.6019999999999999,0.001307,2.541,0.0,0.0,0.0,0.0,0.0,0.0,0.0,0.0,0.0,0.0,0.0,0.0,0.0,0.0,0.0,0.0,vectored,random,2,2026-08-20T02:41:46+00:00
foldedclos_64_2_4_2_0p5_10nm_TT_0V8_25C_1333p33MHz,foldedclos,data_width=64;terminals_per_leaf=2;num_leaves=4;num_spines=2;oversubscription=0.5,10nm,TT,0.8,25.0,0.75,1333.3333333333333,64,2,4,2,0.5,V-2023.12-SP4,3942,3942,0,502.640646,502.640646,0.0,0.0,0.0,0.54,0.01,0.0,0,V-2023.12-SP4,3876,3876,0,504.08,504.08,0.0,707.9731,0.712,0.0,0.0,0.55,0.0,0.0,0,V-2023.12-SP3,V-2023.12-SP4,0.5002,0.8675,0.001282,1.369,1.3677000000000001,1.025775,0.0,0.0,0.0,0.0,0.0,0.0,0.0,0.0,0.5002,0.8675,0.001282,1.369,0.0,0.0,0.0,0.0,0.0,0.0,0.0,0.0,0.0,0.0,0.0,0.0,0.0,0.0,0.0,0.0,vectored,fixed_route,2,2026-08-20T02:41:53+00:00
foldedclos_128_4_2_2_1p0_7nm_TT_0V75_25C_1333p33MHz,foldedclos,data_width=128;terminals_per_leaf=4;num_leaves=2;num_spines=2;oversubscription=1.0,7nm,TT,0.75,25.0,0.75,1333.3333333333333,128,4,2,2,1.0,V-2023.12-SP4,7253,7253,0,493.58132,493.58132,0.0,0.0,0.0,0.53,0.02,0.0,0,V-2023.12-SP4,7384,7384,0,502.55,502.55,0.0,701.0842,0.7168,0.0,0.0,0.56,-0.01,-0.01,4,V-2023.12-SP3,V-2023.12-SP4,0.907,1.784,0.001823,2.693,2.691,2.01825,0.0,0.0,0.0,0.0,0.0,0.0,0.0,0.0,0.907,1.784,0.001823,2.693,0.0,0.0,0.0,0.0,0.0,0.0,0.0,0.0,0.0,0.0,0.0,0.0,0.0,0.0,0.0,0.0,unvectored,none,2,2026-08-20T02:42:38+00:00
foldedclos_128_4_2_2_1p0_7nm_TT_0V75_25C_1333p33MHz,foldedclos,data_width=128;terminals_per_leaf=4;num_leaves=2;num_spines=2;oversubscription=1.0,7nm,TT,0.75,25.0,0.75,1333.3333333333333,128,4,2,2,1.0,V-2023.12-SP4,7253,7253,0,493.58132,493.58132,0.0,0.0,0.0,0.53,0.02,0.0,0,V-2023.12-SP4,7384,7384,0,502.55,502.55,0.0,701.0842,0.7168,0.0,0.0,0.56,-0.01,-0.01,4,V-2023.12-SP3,V-2023.12-SP4,1.423,2.649,0.001807,4.073,4.072,3.0540000000000003,0.0,0.0,0.0,0.0,0.0,0.0,0.0,0.0,1.423,2.649,0.001807,4.073,0.0,0.0,0.0,0.0,0.0,0.0,0.0,0.0,0.0,0.0,0.0,0.0,0.0,0.0,0.0,0.0,vectored,random,2,2026-08-20T02:42:45+00:00
foldedclos_128_4_2_2_1p0_7nm_TT_0V75_25C_1333p33MHz,foldedclos,data_width=128;terminals_per_leaf=4;num_leaves=2;num_spines=2;oversubscription=1.0,7nm,TT,0.75,25.0,0.75,1333.3333333333333,128,4,2,2,1.0,V-2023.12-SP4,7253,7253,0,493.58132,493.58132,0.0,0.0,0.0,0.53,0.02,0.0,0,V-2023.12-SP4,7384,7384,0,502.55,502.55,0.0,701.0842,0.7168,0.0,0.0,0.56,-0.01,-0.01,4,V-2023.12-SP3,V-2023.12-SP4,0.8206,1.454,0.001772,2.276,2.2746,1.70595,0.0,0.0,0.0,0.0,0.0,0.0,0.0,0.0,0.8206,1.454,0.001772,2.276,0.0,0.0,0.0,0.0,0.0,0.0,0.0,0.0,0.0,0.0,0.0,0.0,0.0,0.0,0.0,0.0,vectored,fixed_route,2,2026-08-20T02:42:53+00:00
foldedclos_32_2_2_2_0p5_16nm_TT_0V85_25C_1333p33MHz,foldedclos,data_width=32;terminals_per_leaf=2;num_leaves=2;num_spines=2;oversubscription=0.5,16nm,TT,0.85,25.0,0.75,1333.3333333333333,32,2,2,2,0.5,V-2023.12-SP4,793,793,0,171.072004,171.072004,0.0,0.0,0.0,0.54,0.01,0.0,0,V-2023.12-SP4,646,646,0,147.5,147.5,0.0,241.8647,0.6098,0.0,0.0,0.54,0.01,0.0,0,V-2023.12-SP3,V-2023.12-SP4,0.1449,0.1854,0.0002217,0.3306,0.33030000000000004,0.24772500000000003,0.0,0.0,0.0,0.0,0.0,0.0,0.0,0.0,0.1449,0.1854,0.0002217,0.3306,0.0,0.0,0.0,0.0,0.0,0.0,0.0,0.0,0.0,0.0,0.0,0.0,0.0,0.0,0.0,0.0,unvectored,none,2,2026-08-20T02:45:21+00:00
foldedclos_32_2_2_2_0p5_16nm_TT_0V85_25C_1333p33MHz,foldedclos,data_width=32;terminals_per_leaf=2;num_leaves=2;num_spines=2;oversubscription=0.5,16nm,TT,0.85,25.0,0.75,1333.3333333333333,32,2,2,2,0.5,V-2023.12-SP4,793,793,0,171.072004,171.072004,0.0,0.0,0.0,0.54,0.01,0.0,0,V-2023.12-SP4,646,646,0,147.5,147.5,0.0,241.8647,0.6098,0.0,0.0,0.54,0.01,0.0,0,V-2023.12-SP3,V-2023.12-SP4,0.244,0.2903,0.0002217,0.5345000000000001,0.5343,0.400725,0.0,0.0,0.0,0.0,0.0,0.0,0.0,0.0,0.244,0.2903,0.0002217,0.5345000000000001,0.0,0.0,0.0,0.0,0.0,0.0,0.0,0.0,0.0,0.0,0.0,0.0,0.0,0.0,0.0,0.0,vectored,random,2,2026-08-20T02:45:27+00:00
foldedclos_32_2_2_2_0p5_16nm_TT_0V85_25C_1333p33MHz,foldedclos,data_width=32;terminals_per_leaf=2;num_leaves=2;num_spines=2;oversubscription=0.5,16nm,TT,0.85,25.0,0.75,1333.3333333333333,32,2,2,2,0.5,V-2023.12-SP4,793,793,0,171.072004,171.072004,0.0,0.0,0.0,0.54,0.01,0.0,0,V-2023.12-SP4,646,646,0,147.5,147.5,0.0,241.8647,0.6098,0.0,0.0,0.54,0.01,0.0,0,V-2023.12-SP3,V-2023.12-SP4,0.1044,0.1209,0.00022579999999999999,0.2256,0.2253,0.168975,0.0,0.0,0.0,0.0,0.0,0.0,0.0,0.0,0.1044,0.1209,0.00022579999999999999,0.2256,0.0,0.0,0.0,0.0,0.0,0.0,0.0,0.0,0.0,0.0,0.0,0.0,0.0,0.0,0.0,0.0,vectored,fixed_route,2,2026-08-20T02:45:34+00:00
foldedclos_32_2_2_2_0p5_16nm_TT_0V85_25C_800MHz,foldedclos,data_width=32;terminals_per_leaf=2;num_leaves=2;num_spines=2;oversubscription=0.5,16nm,TT,0.85,25.0,1.25,800.0,32,2,2,2,0.5,V-2023.12-SP4,467,467,0,119.874821,119.874821,0.0,0.0,0.0,0.92,0.13,0.0,0,V-2023.12-SP4,468,468,0,120.25,120.25,0.0,165.5977,0.7261,0.0,0.0,0.95,0.1,0.0,0,V-2023.12-SP3,V-2023.12-SP4,0.07297000000000001,0.08089,0.000169,0.154,0.15386,0.192325,0.0,0.0,0.0,0.0,0.0,0.0,0.0,0.0,0.07297000000000001,0.08089,0.000169,0.154,0.0,0.0,0.0,0.0,0.0,0.0,0.0,0.0,0.0,0.0,0.0,0.0,0.0,0.0,0.0,0.0,unvectored,none,2,2026-08-20T02:47:50+00:00
foldedclos_32_2_2_2_0p5_16nm_TT_0V85_25C_800MHz,foldedclos,data_width=32;terminals_per_leaf=2;num_leaves=2;num_spines=2;oversubscription=0.5,16nm,TT,0.85,25.0,1.25,800.0,32,2,2,2,0.5,V-2023.12-SP4,467,467,0,119.874821,119.874821,0.0,0.0,0.0,0.92,0.13,0.0,0,V-2023.12-SP4,468,468,0,120.25,120.25,0.0,165.5977,0.7261,0.0,0.0,0.95,0.1,0.0,0,V-2023.12-SP3,V-2023.12-SP4,0.1268,0.1262,0.0001688,0.25310000000000005,0.253,0.31625000000000003,0.0,0.0,0.0,0.0,0.0,0.0,0.0,0.0,0.1268,0.1262,0.0001688,0.25310000000000005,0.0,0.0,0.0,0.0,0.0,0.0,0.0,0.0,0.0,0.0,0.0,0.0,0.0,0.0,0.0,0.0,vectored,random,2,2026-08-20T02:47:56+00:00
foldedclos_32_2_2_2_0p5_16nm_TT_0V85_25C_800MHz,foldedclos,data_width=32;terminals_per_leaf=2;num_leaves=2;num_spines=2;oversubscription=0.5,16nm,TT,0.85,25.0,1.25,800.0,32,2,2,2,0.5,V-2023.12-SP4,467,467,0,119.874821,119.874821,0.0,0.0,0.0,0.92,0.13,0.0,0,V-2023.12-SP4,468,468,0,120.25,120.25,0.0,165.5977,0.7261,0.0,0.0,0.95,0.1,0.0,0,V-2023.12-SP3,V-2023.12-SP4,0.0537,0.03592,0.00016859999999999998,0.08979000000000001,0.08962,0.11202500000000001,0.0,0.0,0.0,0.0,0.0,0.0,0.0,0.0,0.0537,0.03592,0.00016859999999999998,0.08979000000000001,0.0,0.0,0.0,0.0,0.0,0.0,0.0,0.0,0.0,0.0,0.0,0.0,0.0,0.0,0.0,0.0,vectored,fixed_route,2,2026-08-20T02:48:03+00:00
foldedclos_64_2_2_2_0p5_16nm_TT_0V85_25C_1333p33MHz,foldedclos,data_width=64;terminals_per_leaf=2;num_leaves=2;num_spines=2;oversubscription=0.5,16nm,TT,0.85,25.0,0.75,1333.3333333333333,64,2,2,2,0.5,V-2023.12-SP4,1642,1642,0,349.671174,349.671174,0.0,0.0,0.0,0.54,0.01,0.0,0,V-2023.12-SP4,1314,1314,0,302.08,302.08,0.0,486.9642,0.6203,0.0,0.0,0.54,0.01,0.0,0,V-2023.12-SP3,V-2023.12-SP4,0.2767,0.4217,0.00045359999999999997,0.6988,0.6984,0.5238,0.0,0.0,0.0,0.0,0.0,0.0,0.0,0.0,0.2767,0.4217,0.00045359999999999997,0.6988,0.0,0.0,0.0,0.0,0.0,0.0,0.0,0.0,0.0,0.0,0.0,0.0,0.0,0.0,0.0,0.0,unvectored,none,2,2026-08-20T02:50:48+00:00
foldedclos_64_2_2_2_0p5_16nm_TT_0V85_25C_1333p33MHz,foldedclos,data_width=64;terminals_per_leaf=2;num_leaves=2;num_spines=2;oversubscription=0.5,16nm,TT,0.85,25.0,0.75,1333.3333333333333,64,2,2,2,0.5,V-2023.12-SP4,1642,1642,0,349.671174,349.671174,0.0,0.0,0.0,0.54,0.01,0.0,0,V-2023.12-SP4,1314,1314,0,302.08,302.08,0.0,486.9642,0.6203,0.0,0.0,0.54,0.01,0.0,0,V-2023.12-SP3,V-2023.12-SP4,0.4718,0.6552,0.00045559999999999996,1.127,1.127,0.8452500000000001,0.0,0.0,0.0,0.0,0.0,0.0,0.0,0.0,0.4718,0.6552,0.00045559999999999996,1.127,0.0,0.0,0.0,0.0,0.0,0.0,0.0,0.0,0.0,0.0,0.0,0.0,0.0,0.0,0.0,0.0,vectored,random,2,2026-08-20T02:50:54+00:00
foldedclos_64_2_2_2_0p5_16nm_TT_0V85_25C_1333p33MHz,foldedclos,data_width=64;terminals_per_leaf=2;num_leaves=2;num_spines=2;oversubscription=0.5,16nm,TT,0.85,25.0,0.75,1333.3333333333333,64,2,2,2,0.5,V-2023.12-SP4,1642,1642,0,349.671174,349.671174,0.0,0.0,0.0,0.54,0.01,0.0,0,V-2023.12-SP4,1314,1314,0,302.08,302.08,0.0,486.9642,0.6203,0.0,0.0,0.54,0.01,0.0,0,V-2023.12-SP3,V-2023.12-SP4,0.2198,0.2902,0.0004625,0.5104000000000001,0.51,0.3825,0.0,0.0,0.0,0.0,0.0,0.0,0.0,0.0,0.2198,0.2902,0.0004625,0.5104000000000001,0.0,0.0,0.0,0.0,0.0,0.0,0.0,0.0,0.0,0.0,0.0,0.0,0.0,0.0,0.0,0.0,vectored,fixed_route,2,2026-08-20T02:51:01+00:00
foldedclos_64_2_2_2_0p5_16nm_TT_0V85_25C_800MHz,foldedclos,data_width=64;terminals_per_leaf=2;num_leaves=2;num_spines=2;oversubscription=0.5,16nm,TT,0.85,25.0,1.25,800.0,64,2,2,2,0.5,V-2023.12-SP4,855,855,0,227.370249,227.370249,0.0,0.0,0.0,1.03,0.02,0.0,0,V-2023.12-SP4,865,865,0,232.78,232.78,0.0,320.1224,0.7272,0.0,0.0,1.05,0.0,0.0,0,V-2023.12-SP3,V-2023.12-SP4,0.12990000000000002,0.1729,0.0003375,0.3031,0.3028,0.3785,0.0,0.0,0.0,0.0,0.0,0.0,0.0,0.0,0.12990000000000002,0.1729,0.0003375,0.3031,0.0,0.0,0.0,0.0,0.0,0.0,0.0,0.0,0.0,0.0,0.0,0.0,0.0,0.0,0.0,0.0,unvectored,none,2,2026-08-20T02:53:58+00:00
foldedclos_64_2_2_2_0p5_16nm_TT_0V85_25C_800MHz,foldedclos,data_width=64;terminals_per_leaf=2;num_leaves=2;num_spines=2;oversubscription=0.5,16nm,TT,0.85,25.0,1.25,800.0,64,2,2,2,0.5,V-2023.12-SP4,855,855,0,227.370249,227.370249,0.0,0.0,0.0,1.03,0.02,0.0,0,V-2023.12-SP4,865,865,0,232.78,232.78,0.0,320.1224,0.7272,0.0,0.0,1.05,0.0,0.0,0,V-2023.12-SP3,V-2023.12-SP4,0.2454,0.3072,0.0003369,0.5529000000000001,0.5526,0.69075,0.0,0.0,0.0,0.0,0.0,0.0,0.0,0.0,0.2454,0.3072,0.0003369,0.5529000000000001,0.0,0.0,0.0,0.0,0.0,0.0,0.0,0.0,0.0,0.0,0.0,0.0,0.0,0.0,0.0,0.0,vectored,random,2,2026-08-20T02:54:04+00:00
foldedclos_64_2_2_2_0p5_16nm_TT_0V85_25C_800MHz,foldedclos,data_width=64;terminals_per_leaf=2;num_leaves=2;num_spines=2;oversubscription=0.5,16nm,TT,0.85,25.0,1.25,800.0,64,2,2,2,0.5,V-2023.12-SP4,855,855,0,227.370249,227.370249,0.0,0.0,0.0,1.03,0.02,0.0,0,V-2023.12-SP4,865,865,0,232.78,232.78,0.0,320.1224,0.7272,0.0,0.0,1.05,0.0,0.0,0,V-2023.12-SP3,V-2023.12-SP4,0.1035,0.08914,0.0003387,0.193,0.19263999999999998,0.24079999999999996,0.0,0.0,0.0,0.0,0.0,0.0,0.0,0.0,0.1035,0.08914,0.0003387,0.193,0.0,0.0,0.0,0.0,0.0,0.0,0.0,0.0,0.0,0.0,0.0,0.0,0.0,0.0,0.0,0.0,vectored,fixed_route,2,2026-08-20T02:54:11+00:00
foldedclos_64_2_4_2_0p5_10nm_TT_0V8_25C_800MHz,foldedclos,data_width=64;terminals_per_leaf=2;num_leaves=4;num_spines=2;oversubscription=0.5,10nm,TT,0.8,25.0,1.25,800.0,64,2,4,2,0.5,V-2023.12-SP4,3940,3940,0,500.090886,500.090886,0.0,0.0,0.0,0.92,0.13,0.0,0,V-2023.12-SP4,3858,3858,0,497.6,497.6,0.0,707.9731,0.7029,0.0,0.0,0.76,0.29,0.0,0,V-2023.12-SP3,V-2023.12-SP4,0.3586,0.6558999999999999,0.001279,1.016,1.0145,1.268125,0.0,0.0,0.0,0.0,0.0,0.0,0.0,0.0,0.3586,0.6558999999999999,0.001279,1.016,0.0,0.0,0.0,0.0,0.0,0.0,0.0,0.0,0.0,0.0,0.0,0.0,0.0,0.0,0.0,0.0,unvectored,none,2,2026-08-20T02:57:06+00:00
foldedclos_64_2_4_2_0p5_10nm_TT_0V8_25C_800MHz,foldedclos,data_width=64;terminals_per_leaf=2;num_leaves=4;num_spines=2;oversubscription=0.5,10nm,TT,0.8,25.0,1.25,800.0,64,2,4,2,0.5,V-2023.12-SP4,3940,3940,0,500.090886,500.090886,0.0,0.0,0.0,0.92,0.13,0.0,0,V-2023.12-SP4,3858,3858,0,497.6,497.6,0.0,707.9731,0.7029,0.0,0.0,0.76,0.29,0.0,0,V-2023.12-SP3,V-2023.12-SP4,0.5724,0.9567,0.001269,1.5299999999999998,1.5291000000000001,1.911375,0.0,0.0,0.0,0.0,0.0,0.0,0.0,0.0,0.5724,0.9567,0.001269,1.5299999999999998,0.0,0.0,0.0,0.0,0.0,0.0,0.0,0.0,0.0,0.0,0.0,0.0,0.0,0.0,0.0,0.0,vectored,random,2,2026-08-20T02:57:13+00:00
foldedclos_64_2_4_2_0p5_10nm_TT_0V8_25C_800MHz,foldedclos,data_width=64;terminals_per_leaf=2;num_leaves=4;num_spines=2;oversubscription=0.5,10nm,TT,0.8,25.0,1.25,800.0,64,2,4,2,0.5,V-2023.12-SP4,3940,3940,0,500.090886,500.090886,0.0,0.0,0.0,0.92,0.13,0.0,0,V-2023.12-SP4,3858,3858,0,497.6,497.6,0.0,707.9731,0.7029,0.0,0.0,0.76,0.29,0.0,0,V-2023.12-SP3,V-2023.12-SP4,0.3019,0.5247999999999999,0.0012419999999999998,0.8279,0.8267,1.033375,0.0,0.0,0.0,0.0,0.0,0.0,0.0,0.0,0.3019,0.5247999999999999,0.0012419999999999998,0.8279,0.0,0.0,0.0,0.0,0.0,0.0,0.0,0.0,0.0,0.0,0.0,0.0,0.0,0.0,0.0,0.0,vectored,fixed_route,2,2026-08-20T02:57:21+00:00
foldedclos_128_2_2_2_1p0_16nm_TT_0V85_25C_1333p33MHz,foldedclos,data_width=128;terminals_per_leaf=2;num_leaves=2;num_spines=2;oversubscription=1.0,16nm,TT,0.85,25.0,0.75,1333.3333333333333,128,2,2,2,1.0,V-2023.12-SP4,3192,3192,0,690.882059,690.882059,0.0,0.0,0.0,0.55,0.0,0.0,0,V-2023.12-SP4,2510,2510,0,592.59,592.59,0.0,974.1773,0.6083,0.0,0.0,0.59,-0.04,-0.07,10,V-2023.12-SP3,V-2023.12-SP4,0.5228,0.8878,0.0008566,1.411,1.4106,1.05795,0.0,0.0,0.0,0.0,0.0,0.0,0.0,0.0,0.5228,0.8878,0.0008566,1.411,0.0,0.0,0.0,0.0,0.0,0.0,0.0,0.0,0.0,0.0,0.0,0.0,0.0,0.0,0.0,0.0,unvectored,none,2,2026-08-20T02:58:44+00:00
foldedclos_128_2_2_2_1p0_16nm_TT_0V85_25C_1333p33MHz,foldedclos,data_width=128;terminals_per_leaf=2;num_leaves=2;num_spines=2;oversubscription=1.0,16nm,TT,0.85,25.0,0.75,1333.3333333333333,128,2,2,2,1.0,V-2023.12-SP4,3192,3192,0,690.882059,690.882059,0.0,0.0,0.0,0.55,0.0,0.0,0,V-2023.12-SP4,2510,2510,0,592.59,592.59,0.0,974.1773,0.6083,0.0,0.0,0.59,-0.04,-0.07,10,V-2023.12-SP3,V-2023.12-SP4,0.8989,1.385,0.0008592,2.285,2.2839,1.712925,0.0,0.0,0.0,0.0,0.0,0.0,0.0,0.0,0.8989,1.385,0.0008592,2.285,0.0,0.0,0.0,0.0,0.0,0.0,0.0,0.0,0.0,0.0,0.0,0.0,0.0,0.0,0.0,0.0,vectored,random,2,2026-08-20T02:58:50+00:00
foldedclos_128_2_2_2_1p0_16nm_TT_0V85_25C_1333p33MHz,foldedclos,data_width=128;terminals_per_leaf=2;num_leaves=2;num_spines=2;oversubscription=1.0,16nm,TT,0.85,25.0,0.75,1333.3333333333333,128,2,2,2,1.0,V-2023.12-SP4,3192,3192,0,690.882059,690.882059,0.0,0.0,0.0,0.55,0.0,0.0,0,V-2023.12-SP4,2510,2510,0,592.59,592.59,0.0,974.1773,0.6083,0.0,0.0,0.59,-0.04,-0.07,10,V-2023.12-SP3,V-2023.12-SP4,0.4062,0.6658000000000001,0.0008613000000000001,1.073,1.072,0.804,0.0,0.0,0.0,0.0,0.0,0.0,0.0,0.0,0.4062,0.6658000000000001,0.0008613000000000001,1.073,0.0,0.0,0.0,0.0,0.0,0.0,0.0,0.0,0.0,0.0,0.0,0.0,0.0,0.0,0.0,0.0,vectored,fixed_route,2,2026-08-20T02:58:57+00:00
foldedclos_128_2_2_2_1p0_16nm_TT_0V85_25C_800MHz,foldedclos,data_width=128;terminals_per_leaf=2;num_leaves=2;num_spines=2;oversubscription=1.0,16nm,TT,0.85,25.0,1.25,800.0,128,2,2,2,1.0,V-2023.12-SP4,1653,1653,0,440.432658,440.432658,0.0,0.0,0.0,1.05,0.0,0.0,0,V-2023.12-SP4,1683,1683,0,459.72,459.72,0.0,620.587,0.7408,0.0,0.0,1.04,0.01,0.0,0,V-2023.12-SP3,V-2023.12-SP4,0.2557,0.3549,0.0006784,0.6113,0.6106,0.76325,0.0,0.0,0.0,0.0,0.0,0.0,0.0,0.0,0.2557,0.3549,0.0006784,0.6113,0.0,0.0,0.0,0.0,0.0,0.0,0.0,0.0,0.0,0.0,0.0,0.0,0.0,0.0,0.0,0.0,unvectored,none,2,2026-08-20T03:08:41+00:00
foldedclos_128_2_2_2_1p0_16nm_TT_0V85_25C_800MHz,foldedclos,data_width=128;terminals_per_leaf=2;num_leaves=2;num_spines=2;oversubscription=1.0,16nm,TT,0.85,25.0,1.25,800.0,128,2,2,2,1.0,V-2023.12-SP4,1653,1653,0,440.432658,440.432658,0.0,0.0,0.0,1.05,0.0,0.0,0,V-2023.12-SP4,1683,1683,0,459.72,459.72,0.0,620.587,0.7408,0.0,0.0,1.04,0.01,0.0,0,V-2023.12-SP3,V-2023.12-SP4,0.4863,0.6447,0.0006762,1.132,1.131,1.41375,0.0,0.0,0.0,0.0,0.0,0.0,0.0,0.0,0.4863,0.6447,0.0006762,1.132,0.0,0.0,0.0,0.0,0.0,0.0,0.0,0.0,0.0,0.0,0.0,0.0,0.0,0.0,0.0,0.0,vectored,random,2,2026-08-20T03:08:48+00:00
foldedclos_128_2_2_2_1p0_16nm_TT_0V85_25C_800MHz,foldedclos,data_width=128;terminals_per_leaf=2;num_leaves=2;num_spines=2;oversubscription=1.0,16nm,TT,0.85,25.0,1.25,800.0,128,2,2,2,1.0,V-2023.12-SP4,1653,1653,0,440.432658,440.432658,0.0,0.0,0.0,1.05,0.0,0.0,0,V-2023.12-SP4,1683,1683,0,459.72,459.72,0.0,620.587,0.7408,0.0,0.0,1.04,0.01,0.0,0,V-2023.12-SP3,V-2023.12-SP4,0.2063,0.20729999999999998,0.0006811,0.4142,0.41359999999999997,0.5169999999999999,0.0,0.0,0.0,0.0,0.0,0.0,0.0,0.0,0.2063,0.20729999999999998,0.0006811,0.4142,0.0,0.0,0.0,0.0,0.0,0.0,0.0,0.0,0.0,0.0,0.0,0.0,0.0,0.0,0.0,0.0,vectored,fixed_route,2,2026-08-20T03:08:54+00:00
foldedclos_128_2_2_2_0p5_16nm_TT_0V85_25C_1333p33MHz,foldedclos,data_width=128;terminals_per_leaf=2;num_leaves=2;num_spines=2;oversubscription=0.5,16nm,TT,0.85,25.0,0.75,1333.3333333333333,128,2,2,2,0.5,V-2023.12-SP4,3192,3192,0,690.882059,690.882059,0.0,0.0,0.0,0.55,0.0,0.0,0,V-2023.12-SP4,2510,2510,0,592.59,592.59,0.0,974.1773,0.6083,0.0,0.0,0.59,-0.04,-0.06,9,V-2023.12-SP3,V-2023.12-SP4,0.5228999999999999,0.8876,0.0008566,1.411,1.4104999999999999,1.057875,0.0,0.0,0.0,0.0,0.0,0.0,0.0,0.0,0.5228999999999999,0.8876,0.0008566,1.411,0.0,0.0,0.0,0.0,0.0,0.0,0.0,0.0,0.0,0.0,0.0,0.0,0.0,0.0,0.0,0.0,unvectored,none,2,2026-08-20T03:13:04+00:00
foldedclos_128_2_2_2_0p5_16nm_TT_0V85_25C_1333p33MHz,foldedclos,data_width=128;terminals_per_leaf=2;num_leaves=2;num_spines=2;oversubscription=0.5,16nm,TT,0.85,25.0,0.75,1333.3333333333333,128,2,2,2,0.5,V-2023.12-SP4,3192,3192,0,690.882059,690.882059,0.0,0.0,0.0,0.55,0.0,0.0,0,V-2023.12-SP4,2510,2510,0,592.59,592.59,0.0,974.1773,0.6083,0.0,0.0,0.59,-0.04,-0.06,9,V-2023.12-SP3,V-2023.12-SP4,0.8989999999999999,1.385,0.0008592,2.285,2.284,1.7129999999999999,0.0,0.0,0.0,0.0,0.0,0.0,0.0,0.0,0.8989999999999999,1.385,0.0008592,2.285,0.0,0.0,0.0,0.0,0.0,0.0,0.0,0.0,0.0,0.0,0.0,0.0,0.0,0.0,0.0,0.0,vectored,random,2,2026-08-20T03:13:10+00:00
foldedclos_128_2_2_2_0p5_16nm_TT_0V85_25C_1333p33MHz,foldedclos,data_width=128;terminals_per_leaf=2;num_leaves=2;num_spines=2;oversubscription=0.5,16nm,TT,0.85,25.0,0.75,1333.3333333333333,128,2,2,2,0.5,V-2023.12-SP4,3192,3192,0,690.882059,690.882059,0.0,0.0,0.0,0.55,0.0,0.0,0,V-2023.12-SP4,2510,2510,0,592.59,592.59,0.0,974.1773,0.6083,0.0,0.0,0.59,-0.04,-0.06,9,V-2023.12-SP3,V-2023.12-SP4,0.4063,0.6653,0.0008613000000000001,1.072,1.0716,0.8037000000000001,0.0,0.0,0.0,0.0,0.0,0.0,0.0,0.0,0.4063,0.6653,0.0008613000000000001,1.072,0.0,0.0,0.0,0.0,0.0,0.0,0.0,0.0,0.0,0.0,0.0,0.0,0.0,0.0,0.0,0.0,vectored,fixed_route,2,2026-08-20T03:13:16+00:00
foldedclos_128_2_2_2_0p5_16nm_TT_0V85_25C_800MHz,foldedclos,data_width=128;terminals_per_leaf=2;num_leaves=2;num_spines=2;oversubscription=0.5,16nm,TT,0.85,25.0,1.25,800.0,128,2,2,2,0.5,V-2023.12-SP4,1653,1653,0,440.432658,440.432658,0.0,0.0,0.0,1.05,0.0,0.0,0,V-2023.12-SP4,1683,1683,0,459.72,459.72,0.0,620.587,0.7408,0.0,0.0,1.05,-0.0,-0.0,1,V-2023.12-SP3,V-2023.12-SP4,0.2557,0.3556,0.0006784,0.612,0.6113,0.7641249999999999,0.0,0.0,0.0,0.0,0.0,0.0,0.0,0.0,0.2557,0.3556,0.0006784,0.612,0.0,0.0,0.0,0.0,0.0,0.0,0.0,0.0,0.0,0.0,0.0,0.0,0.0,0.0,0.0,0.0,unvectored,none,2,2026-08-20T03:22:29+00:00
foldedclos_128_2_2_2_0p5_16nm_TT_0V85_25C_800MHz,foldedclos,data_width=128;terminals_per_leaf=2;num_leaves=2;num_spines=2;oversubscription=0.5,16nm,TT,0.85,25.0,1.25,800.0,128,2,2,2,0.5,V-2023.12-SP4,1653,1653,0,440.432658,440.432658,0.0,0.0,0.0,1.05,0.0,0.0,0,V-2023.12-SP4,1683,1683,0,459.72,459.72,0.0,620.587,0.7408,0.0,0.0,1.05,-0.0,-0.0,1,V-2023.12-SP3,V-2023.12-SP4,0.4865,0.6461,0.0006762,1.1329999999999998,1.1326,1.41575,0.0,0.0,0.0,0.0,0.0,0.0,0.0,0.0,0.4865,0.6461,0.0006762,1.1329999999999998,0.0,0.0,0.0,0.0,0.0,0.0,0.0,0.0,0.0,0.0,0.0,0.0,0.0,0.0,0.0,0.0,vectored,random,2,2026-08-20T03:22:35+00:00
foldedclos_128_2_2_2_0p5_16nm_TT_0V85_25C_800MHz,foldedclos,data_width=128;terminals_per_leaf=2;num_leaves=2;num_spines=2;oversubscription=0.5,16nm,TT,0.85,25.0,1.25,800.0,128,2,2,2,0.5,V-2023.12-SP4,1653,1653,0,440.432658,440.432658,0.0,0.0,0.0,1.05,0.0,0.0,0,V-2023.12-SP4,1683,1683,0,459.72,459.72,0.0,620.587,0.7408,0.0,0.0,1.05,-0.0,-0.0,1,V-2023.12-SP3,V-2023.12-SP4,0.2063,0.2078,0.0006811,0.4147,0.4141,0.517625,0.0,0.0,0.0,0.0,0.0,0.0,0.0,0.0,0.2063,0.2078,0.0006811,0.4147,0.0,0.0,0.0,0.0,0.0,0.0,0.0,0.0,0.0,0.0,0.0,0.0,0.0,0.0,0.0,0.0,vectored,fixed_route,2,2026-08-20T03:22:41+00:00
foldedclos_128_2_4_2_1p0_10nm_TT_0V8_25C_1333p33MHz,foldedclos,data_width=128;terminals_per_leaf=2;num_leaves=4;num_spines=2;oversubscription=1.0,10nm,TT,0.8,25.0,0.75,1333.3333333333333,128,2,4,2,1.0,V-2023.12-SP4,10507,10507,0,1250.181122,1250.181122,0.0,0.0,0.0,0.55,0.0,0.0,0,V-2023.12-SP4,9303,9303,0,1129.48,1129.48,0.0,1784.2176,0.633,0.0,0.0,0.6,-0.05,-0.63,85,V-2023.12-SP3,V-2023.12-SP4,1.258,2.448,0.0030819999999999997,3.709,3.706,2.7795,0.0,0.0,0.0,0.0,0.0,0.0,0.0,0.0,1.258,2.448,0.0030819999999999997,3.709,0.0,0.0,0.0,0.0,0.0,0.0,0.0,0.0,0.0,0.0,0.0,0.0,0.0,0.0,0.0,0.0,unvectored,none,2,2026-08-20T03:24:25+00:00
foldedclos_128_2_4_2_1p0_10nm_TT_0V8_25C_1333p33MHz,foldedclos,data_width=128;terminals_per_leaf=2;num_leaves=4;num_spines=2;oversubscription=1.0,10nm,TT,0.8,25.0,0.75,1333.3333333333333,128,2,4,2,1.0,V-2023.12-SP4,10507,10507,0,1250.181122,1250.181122,0.0,0.0,0.0,0.55,0.0,0.0,0,V-2023.12-SP4,9303,9303,0,1129.48,1129.48,0.0,1784.2176,0.633,0.0,0.0,0.6,-0.05,-0.63,85,V-2023.12-SP3,V-2023.12-SP4,2.057,3.75,0.0030580000000000004,5.809,5.807,4.35525,0.0,0.0,0.0,0.0,0.0,0.0,0.0,0.0,2.057,3.75,0.0030580000000000004,5.809,0.0,0.0,0.0,0.0,0.0,0.0,0.0,0.0,0.0,0.0,0.0,0.0,0.0,0.0,0.0,0.0,vectored,random,2,2026-08-20T03:24:32+00:00
foldedclos_128_2_4_2_1p0_10nm_TT_0V8_25C_1333p33MHz,foldedclos,data_width=128;terminals_per_leaf=2;num_leaves=4;num_spines=2;oversubscription=1.0,10nm,TT,0.8,25.0,0.75,1333.3333333333333,128,2,4,2,1.0,V-2023.12-SP4,10507,10507,0,1250.181122,1250.181122,0.0,0.0,0.0,0.55,0.0,0.0,0,V-2023.12-SP4,9303,9303,0,1129.48,1129.48,0.0,1784.2176,0.633,0.0,0.0,0.6,-0.05,-0.63,85,V-2023.12-SP3,V-2023.12-SP4,1.078,2.0300000000000002,0.002971,3.111,3.1080000000000005,2.3310000000000004,0.0,0.0,0.0,0.0,0.0,0.0,0.0,0.0,1.078,2.0300000000000002,0.002971,3.111,0.0,0.0,0.0,0.0,0.0,0.0,0.0,0.0,0.0,0.0,0.0,0.0,0.0,0.0,0.0,0.0,vectored,fixed_route,2,2026-08-20T03:24:39+00:00
foldedclos_32_2_4_2_1p0_16nm_TT_0V85_25C_1333p33MHz,foldedclos,data_width=32;terminals_per_leaf=2;num_leaves=4;num_spines=2;oversubscription=1.0,16nm,TT,0.85,25.0,0.75,1333.3333333333333,32,2,4,2,1.0,V-2023.12-SP4,3089,3089,0,717.196047,717.196047,0.0,0.0,0.0,0.55,0.0,0.0,0,V-2023.12-SP4,2759,2759,0,673.28,673.28,0.0,1012.7462,0.6648,0.0,0.0,0.57,-0.02,-0.03,5,V-2023.12-SP3,V-2023.12-SP4,0.4973,0.8220000000000001,0.001038,1.32,1.3193000000000001,0.9894750000000001,0.0,0.0,0.0,0.0,0.0,0.0,0.0,0.0,0.4973,0.8220000000000001,0.001038,1.32,0.0,0.0,0.0,0.0,0.0,0.0,0.0,0.0,0.0,0.0,0.0,0.0,0.0,0.0,0.0,0.0,unvectored,none,2,2026-08-20T03:26:08+00:00
foldedclos_32_2_4_2_1p0_16nm_TT_0V85_25C_1333p33MHz,foldedclos,data_width=32;terminals_per_leaf=2;num_leaves=4;num_spines=2;oversubscription=1.0,16nm,TT,0.85,25.0,0.75,1333.3333333333333,32,2,4,2,1.0,V-2023.12-SP4,3089,3089,0,717.196047,717.196047,0.0,0.0,0.0,0.55,0.0,0.0,0,V-2023.12-SP4,2759,2759,0,673.28,673.28,0.0,1012.7462,0.6648,0.0,0.0,0.57,-0.02,-0.03,5,V-2023.12-SP3,V-2023.12-SP4,0.7765,1.191,0.001033,1.9689999999999999,1.9675,1.475625,0.0,0.0,0.0,0.0,0.0,0.0,0.0,0.0,0.7765,1.191,0.001033,1.9689999999999999,0.0,0.0,0.0,0.0,0.0,0.0,0.0,0.0,0.0,0.0,0.0,0.0,0.0,0.0,0.0,0.0,vectored,random,2,2026-08-20T03:26:15+00:00
foldedclos_32_2_4_2_1p0_16nm_TT_0V85_25C_1333p33MHz,foldedclos,data_width=32;terminals_per_leaf=2;num_leaves=4;num_spines=2;oversubscription=1.0,16nm,TT,0.85,25.0,0.75,1333.3333333333333,32,2,4,2,1.0,V-2023.12-SP4,3089,3089,0,717.196047,717.196047,0.0,0.0,0.0,0.55,0.0,0.0,0,V-2023.12-SP4,2759,2759,0,673.28,673.28,0.0,1012.7462,0.6648,0.0,0.0,0.57,-0.02,-0.03,5,V-2023.12-SP3,V-2023.12-SP4,0.35819999999999996,0.5959,0.00101,0.9551,0.9541,0.715575,0.0,0.0,0.0,0.0,0.0,0.0,0.0,0.0,0.35819999999999996,0.5959,0.00101,0.9551,0.0,0.0,0.0,0.0,0.0,0.0,0.0,0.0,0.0,0.0,0.0,0.0,0.0,0.0,0.0,0.0,vectored,fixed_route,2,2026-08-20T03:26:21+00:00
foldedclos_32_2_4_2_1p0_16nm_TT_0V85_25C_800MHz,foldedclos,data_width=32;terminals_per_leaf=2;num_leaves=4;num_spines=2;oversubscription=1.0,16nm,TT,0.85,25.0,1.25,800.0,32,2,4,2,1.0,V-2023.12-SP4,3627,3627,0,809.699342,809.699342,0.0,0.0,0.0,1.05,0.0,0.0,0,V-2023.12-SP4,2839,2839,0,676.01,676.01,0.0,1152.4654,0.5866,0.0,0.0,1.05,0.0,0.0,0,V-2023.12-SP3,V-2023.12-SP4,0.32830000000000004,0.5247,0.001032,0.8541,0.8530000000000001,1.0662500000000001,0.0,0.0,0.0,0.0,0.0,0.0,0.0,0.0,0.32830000000000004,0.5247,0.001032,0.8541,0.0,0.0,0.0,0.0,0.0,0.0,0.0,0.0,0.0,0.0,0.0,0.0,0.0,0.0,0.0,0.0,unvectored,none,2,2026-08-20T03:29:24+00:00
foldedclos_32_2_4_2_1p0_16nm_TT_0V85_25C_800MHz,foldedclos,data_width=32;terminals_per_leaf=2;num_leaves=4;num_spines=2;oversubscription=1.0,16nm,TT,0.85,25.0,1.25,800.0,32,2,4,2,1.0,V-2023.12-SP4,3627,3627,0,809.699342,809.699342,0.0,0.0,0.0,1.05,0.0,0.0,0,V-2023.12-SP4,2839,2839,0,676.01,676.01,0.0,1152.4654,0.5866,0.0,0.0,1.05,0.0,0.0,0,V-2023.12-SP3,V-2023.12-SP4,0.5492,0.7996,0.001018,1.35,1.3488,1.686,0.0,0.0,0.0,0.0,0.0,0.0,0.0,0.0,0.5492,0.7996,0.001018,1.35,0.0,0.0,0.0,0.0,0.0,0.0,0.0,0.0,0.0,0.0,0.0,0.0,0.0,0.0,0.0,0.0,vectored,random,2,2026-08-20T03:29:30+00:00
foldedclos_32_2_4_2_1p0_16nm_TT_0V85_25C_800MHz,foldedclos,data_width=32;terminals_per_leaf=2;num_leaves=4;num_spines=2;oversubscription=1.0,16nm,TT,0.85,25.0,1.25,800.0,32,2,4,2,1.0,V-2023.12-SP4,3627,3627,0,809.699342,809.699342,0.0,0.0,0.0,1.05,0.0,0.0,0,V-2023.12-SP4,2839,2839,0,676.01,676.01,0.0,1152.4654,0.5866,0.0,0.0,1.05,0.0,0.0,0,V-2023.12-SP3,V-2023.12-SP4,0.2689,0.4171,0.0009854999999999998,0.687,0.6859999999999999,0.8574999999999999,0.0,0.0,0.0,0.0,0.0,0.0,0.0,0.0,0.2689,0.4171,0.0009854999999999998,0.687,0.0,0.0,0.0,0.0,0.0,0.0,0.0,0.0,0.0,0.0,0.0,0.0,0.0,0.0,0.0,0.0,vectored,fixed_route,2,2026-08-20T03:29:37+00:00
foldedclos_128_4_2_2_1p0_7nm_TT_0V75_25C_800MHz,foldedclos,data_width=128;terminals_per_leaf=4;num_leaves=2;num_spines=2;oversubscription=1.0,7nm,TT,0.75,25.0,1.25,800.0,128,4,2,2,1.0,V-2023.12-SP4,7266,7266,0,493.387784,493.387784,0.0,0.0,0.0,0.87,0.18,0.0,0,V-2023.12-SP4,7383,7383,0,499.65,499.65,0.0,701.0842,0.7127,0.0,0.0,0.77,0.28,0.0,0,V-2023.12-SP3,V-2023.12-SP4,0.5398000000000001,1.065,0.001793,1.607,1.6048,2.0060000000000002,0.0,0.0,0.0,0.0,0.0,0.0,0.0,0.0,0.5398000000000001,1.065,0.001793,1.607,0.0,0.0,0.0,0.0,0.0,0.0,0.0,0.0,0.0,0.0,0.0,0.0,0.0,0.0,0.0,0.0,unvectored,none,2,2026-08-20T03:30:26+00:00
foldedclos_128_4_2_2_1p0_7nm_TT_0V75_25C_800MHz,foldedclos,data_width=128;terminals_per_leaf=4;num_leaves=2;num_spines=2;oversubscription=1.0,7nm,TT,0.75,25.0,1.25,800.0,128,4,2,2,1.0,V-2023.12-SP4,7266,7266,0,493.387784,493.387784,0.0,0.0,0.0,0.87,0.18,0.0,0,V-2023.12-SP4,7383,7383,0,499.65,499.65,0.0,701.0842,0.7127,0.0,0.0,0.77,0.28,0.0,0,V-2023.12-SP3,V-2023.12-SP4,0.8434,1.567,0.0017770000000000002,2.4130000000000003,2.4104,3.013,0.0,0.0,0.0,0.0,0.0,0.0,0.0,0.0,0.8434,1.567,0.0017770000000000002,2.4130000000000003,0.0,0.0,0.0,0.0,0.0,0.0,0.0,0.0,0.0,0.0,0.0,0.0,0.0,0.0,0.0,0.0,vectored,random,2,2026-08-20T03:30:33+00:00
foldedclos_128_4_2_2_1p0_7nm_TT_0V75_25C_800MHz,foldedclos,data_width=128;terminals_per_leaf=4;num_leaves=2;num_spines=2;oversubscription=1.0,7nm,TT,0.75,25.0,1.25,800.0,128,4,2,2,1.0,V-2023.12-SP4,7266,7266,0,493.387784,493.387784,0.0,0.0,0.0,0.87,0.18,0.0,0,V-2023.12-SP4,7383,7383,0,499.65,499.65,0.0,701.0842,0.7127,0.0,0.0,0.77,0.28,0.0,0,V-2023.12-SP3,V-2023.12-SP4,0.49280000000000007,0.8724,0.001741,1.367,1.3652,1.7065,0.0,0.0,0.0,0.0,0.0,0.0,0.0,0.0,0.49280000000000007,0.8724,0.001741,1.367,0.0,0.0,0.0,0.0,0.0,0.0,0.0,0.0,0.0,0.0,0.0,0.0,0.0,0.0,0.0,0.0,vectored,fixed_route,2,2026-08-20T03:30:40+00:00
foldedclos_32_2_4_2_0p5_16nm_TT_0V85_25C_1333p33MHz,foldedclos,data_width=32;terminals_per_leaf=2;num_leaves=4;num_spines=2;oversubscription=0.5,16nm,TT,0.85,25.0,0.75,1333.3333333333333,32,2,4,2,0.5,V-2023.12-SP4,3089,3089,0,717.196047,717.196047,0.0,0.0,0.0,0.55,0.0,0.0,0,V-2023.12-SP4,2759,2759,0,673.28,673.28,0.0,1012.7462,0.6648,0.0,0.0,0.56,-0.01,-0.03,5,V-2023.12-SP3,V-2023.12-SP4,0.4973,0.8216,0.001038,1.32,1.3189,0.9891749999999999,0.0,0.0,0.0,0.0,0.0,0.0,0.0,0.0,0.4973,0.8216,0.001038,1.32,0.0,0.0,0.0,0.0,0.0,0.0,0.0,0.0,0.0,0.0,0.0,0.0,0.0,0.0,0.0,0.0,unvectored,none,2,2026-08-20T03:33:14+00:00
foldedclos_32_2_4_2_0p5_16nm_TT_0V85_25C_1333p33MHz,foldedclos,data_width=32;terminals_per_leaf=2;num_leaves=4;num_spines=2;oversubscription=0.5,16nm,TT,0.85,25.0,0.75,1333.3333333333333,32,2,4,2,0.5,V-2023.12-SP4,3089,3089,0,717.196047,717.196047,0.0,0.0,0.0,0.55,0.0,0.0,0,V-2023.12-SP4,2759,2759,0,673.28,673.28,0.0,1012.7462,0.6648,0.0,0.0,0.56,-0.01,-0.03,5,V-2023.12-SP3,V-2023.12-SP4,0.7771,1.192,0.001033,1.97,1.9691,1.476825,0.0,0.0,0.0,0.0,0.0,0.0,0.0,0.0,0.7771,1.192,0.001033,1.97,0.0,0.0,0.0,0.0,0.0,0.0,0.0,0.0,0.0,0.0,0.0,0.0,0.0,0.0,0.0,0.0,vectored,random,2,2026-08-20T03:33:20+00:00
foldedclos_32_2_4_2_0p5_16nm_TT_0V85_25C_1333p33MHz,foldedclos,data_width=32;terminals_per_leaf=2;num_leaves=4;num_spines=2;oversubscription=0.5,16nm,TT,0.85,25.0,0.75,1333.3333333333333,32,2,4,2,0.5,V-2023.12-SP4,3089,3089,0,717.196047,717.196047,0.0,0.0,0.0,0.55,0.0,0.0,0,V-2023.12-SP4,2759,2759,0,673.28,673.28,0.0,1012.7462,0.6648,0.0,0.0,0.56,-0.01,-0.03,5,V-2023.12-SP3,V-2023.12-SP4,0.35819999999999996,0.5957,0.00101,0.9549,0.9539,0.715425,0.0,0.0,0.0,0.0,0.0,0.0,0.0,0.0,0.35819999999999996,0.5957,0.00101,0.9549,0.0,0.0,0.0,0.0,0.0,0.0,0.0,0.0,0.0,0.0,0.0,0.0,0.0,0.0,0.0,0.0,vectored,fixed_route,2,2026-08-20T03:33:27+00:00
foldedclos_32_2_4_2_0p5_16nm_TT_0V85_25C_800MHz,foldedclos,data_width=32;terminals_per_leaf=2;num_leaves=4;num_spines=2;oversubscription=0.5,16nm,TT,0.85,25.0,1.25,800.0,32,2,4,2,0.5,V-2023.12-SP4,3627,3627,0,809.699342,809.699342,0.0,0.0,0.0,1.05,0.0,0.0,0,V-2023.12-SP4,2839,2839,0,676.01,676.01,0.0,1152.4654,0.5866,0.0,0.0,1.05,0.0,0.0,0,V-2023.12-SP3,V-2023.12-SP4,0.32830000000000004,0.525,0.001032,0.8543999999999999,0.8533000000000001,1.0666250000000002,0.0,0.0,0.0,0.0,0.0,0.0,0.0,0.0,0.32830000000000004,0.525,0.001032,0.8543999999999999,0.0,0.0,0.0,0.0,0.0,0.0,0.0,0.0,0.0,0.0,0.0,0.0,0.0,0.0,0.0,0.0,unvectored,none,2,2026-08-20T03:36:32+00:00
foldedclos_32_2_4_2_0p5_16nm_TT_0V85_25C_800MHz,foldedclos,data_width=32;terminals_per_leaf=2;num_leaves=4;num_spines=2;oversubscription=0.5,16nm,TT,0.85,25.0,1.25,800.0,32,2,4,2,0.5,V-2023.12-SP4,3627,3627,0,809.699342,809.699342,0.0,0.0,0.0,1.05,0.0,0.0,0,V-2023.12-SP4,2839,2839,0,676.01,676.01,0.0,1152.4654,0.5866,0.0,0.0,1.05,0.0,0.0,0,V-2023.12-SP3,V-2023.12-SP4,0.5490999999999999,0.8,0.001018,1.35,1.3491,1.686375,0.0,0.0,0.0,0.0,0.0,0.0,0.0,0.0,0.5490999999999999,0.8,0.001018,1.35,0.0,0.0,0.0,0.0,0.0,0.0,0.0,0.0,0.0,0.0,0.0,0.0,0.0,0.0,0.0,0.0,vectored,random,2,2026-08-20T03:36:38+00:00
foldedclos_32_2_4_2_0p5_16nm_TT_0V85_25C_800MHz,foldedclos,data_width=32;terminals_per_leaf=2;num_leaves=4;num_spines=2;oversubscription=0.5,16nm,TT,0.85,25.0,1.25,800.0,32,2,4,2,0.5,V-2023.12-SP4,3627,3627,0,809.699342,809.699342,0.0,0.0,0.0,1.05,0.0,0.0,0,V-2023.12-SP4,2839,2839,0,676.01,676.01,0.0,1152.4654,0.5866,0.0,0.0,1.05,0.0,0.0,0,V-2023.12-SP3,V-2023.12-SP4,0.2689,0.4174,0.0009854999999999998,0.6872999999999999,0.6862999999999999,0.8578749999999999,0.0,0.0,0.0,0.0,0.0,0.0,0.0,0.0,0.2689,0.4174,0.0009854999999999998,0.6872999999999999,0.0,0.0,0.0,0.0,0.0,0.0,0.0,0.0,0.0,0.0,0.0,0.0,0.0,0.0,0.0,0.0,vectored,fixed_route,2,2026-08-20T03:36:45+00:00
foldedclos_64_2_4_2_1p0_16nm_TT_0V85_25C_1333p33MHz,foldedclos,data_width=64;terminals_per_leaf=2;num_leaves=4;num_spines=2;oversubscription=1.0,16nm,TT,0.85,25.0,0.75,1333.3333333333333,64,2,4,2,1.0,V-2023.12-SP4,5825,5825,0,1366.958623,1366.958623,0.0,0.0,0.0,0.55,0.0,0.0,0,V-2023.12-SP4,5643,5643,0,1419.59,1419.59,0.0,1933.6735,0.7341,0.0,0.0,0.62,-0.07,-1.0,131,V-2023.12-SP3,V-2023.12-SP4,1.059,1.51,0.002371,2.5709999999999997,2.569,1.92675,0.0,0.0,0.0,0.0,0.0,0.0,0.0,0.0,1.059,1.51,0.002371,2.5709999999999997,0.0,0.0,0.0,0.0,0.0,0.0,0.0,0.0,0.0,0.0,0.0,0.0,0.0,0.0,0.0,0.0,unvectored,none,2,2026-08-20T03:46:06+00:00
foldedclos_64_2_4_2_1p0_16nm_TT_0V85_25C_1333p33MHz,foldedclos,data_width=64;terminals_per_leaf=2;num_leaves=4;num_spines=2;oversubscription=1.0,16nm,TT,0.85,25.0,0.75,1333.3333333333333,64,2,4,2,1.0,V-2023.12-SP4,5825,5825,0,1366.958623,1366.958623,0.0,0.0,0.0,0.55,0.0,0.0,0,V-2023.12-SP4,5643,5643,0,1419.59,1419.59,0.0,1933.6735,0.7341,0.0,0.0,0.62,-0.07,-1.0,131,V-2023.12-SP3,V-2023.12-SP4,1.6949999999999998,2.301,0.002346,3.999,3.996,2.997,0.0,0.0,0.0,0.0,0.0,0.0,0.0,0.0,1.6949999999999998,2.301,0.002346,3.999,0.0,0.0,0.0,0.0,0.0,0.0,0.0,0.0,0.0,0.0,0.0,0.0,0.0,0.0,0.0,0.0,vectored,random,2,2026-08-20T03:46:14+00:00
foldedclos_64_2_4_2_1p0_16nm_TT_0V85_25C_1333p33MHz,foldedclos,data_width=64;terminals_per_leaf=2;num_leaves=4;num_spines=2;oversubscription=1.0,16nm,TT,0.85,25.0,0.75,1333.3333333333333,64,2,4,2,1.0,V-2023.12-SP4,5825,5825,0,1366.958623,1366.958623,0.0,0.0,0.0,0.55,0.0,0.0,0,V-2023.12-SP4,5643,5643,0,1419.59,1419.59,0.0,1933.6735,0.7341,0.0,0.0,0.62,-0.07,-1.0,131,V-2023.12-SP3,V-2023.12-SP4,0.8223,1.13,0.00233,1.954,1.9523,1.4642249999999999,0.0,0.0,0.0,0.0,0.0,0.0,0.0,0.0,0.8223,1.13,0.00233,1.954,0.0,0.0,0.0,0.0,0.0,0.0,0.0,0.0,0.0,0.0,0.0,0.0,0.0,0.0,0.0,0.0,vectored,fixed_route,2,2026-08-20T03:46:20+00:00
foldedclos_64_2_4_2_1p0_16nm_TT_0V85_25C_800MHz,foldedclos,data_width=64;terminals_per_leaf=2;num_leaves=4;num_spines=2;oversubscription=1.0,16nm,TT,0.85,25.0,1.25,800.0,64,2,4,2,1.0,V-2023.12-SP4,4029,4029,0,1027.116316,1027.116316,0.0,0.0,0.0,1.04,0.01,0.0,0,V-2023.12-SP4,3819,3819,0,1023.45,1023.45,0.0,1453.4277,0.7042,0.0,0.0,1.05,0.0,0.0,0,V-2023.12-SP3,V-2023.12-SP4,0.4641,0.893,0.001494,1.359,1.3571,1.696375,0.0,0.0,0.0,0.0,0.0,0.0,0.0,0.0,0.4641,0.893,0.001494,1.359,0.0,0.0,0.0,0.0,0.0,0.0,0.0,0.0,0.0,0.0,0.0,0.0,0.0,0.0,0.0,0.0,unvectored,none,2,2026-08-20T03:59:46+00:00
foldedclos_64_2_4_2_1p0_16nm_TT_0V85_25C_800MHz,foldedclos,data_width=64;terminals_per_leaf=2;num_leaves=4;num_spines=2;oversubscription=1.0,16nm,TT,0.85,25.0,1.25,800.0,64,2,4,2,1.0,V-2023.12-SP4,4029,4029,0,1027.116316,1027.116316,0.0,0.0,0.0,1.04,0.01,0.0,0,V-2023.12-SP4,3819,3819,0,1023.45,1023.45,0.0,1453.4277,0.7042,0.0,0.0,1.05,0.0,0.0,0,V-2023.12-SP3,V-2023.12-SP4,0.745,1.3179999999999998,0.001485,2.065,2.0629999999999997,2.5787499999999994,0.0,0.0,0.0,0.0,0.0,0.0,0.0,0.0,0.745,1.3179999999999998,0.001485,2.065,0.0,0.0,0.0,0.0,0.0,0.0,0.0,0.0,0.0,0.0,0.0,0.0,0.0,0.0,0.0,0.0,vectored,random,2,2026-08-20T03:59:52+00:00
foldedclos_64_2_4_2_1p0_16nm_TT_0V85_25C_800MHz,foldedclos,data_width=64;terminals_per_leaf=2;num_leaves=4;num_spines=2;oversubscription=1.0,16nm,TT,0.85,25.0,1.25,800.0,64,2,4,2,1.0,V-2023.12-SP4,4029,4029,0,1027.116316,1027.116316,0.0,0.0,0.0,1.04,0.01,0.0,0,V-2023.12-SP4,3819,3819,0,1023.45,1023.45,0.0,1453.4277,0.7042,0.0,0.0,1.05,0.0,0.0,0,V-2023.12-SP3,V-2023.12-SP4,0.3967,0.7321,0.0014500000000000001,1.13,1.1288,1.411,0.0,0.0,0.0,0.0,0.0,0.0,0.0,0.0,0.3967,0.7321,0.0014500000000000001,1.13,0.0,0.0,0.0,0.0,0.0,0.0,0.0,0.0,0.0,0.0,0.0,0.0,0.0,0.0,0.0,0.0,vectored,fixed_route,2,2026-08-20T03:59:59+00:00
foldedclos_128_2_4_2_1p0_10nm_TT_0V8_25C_800MHz,foldedclos,data_width=128;terminals_per_leaf=2;num_leaves=4;num_spines=2;oversubscription=1.0,10nm,TT,0.8,25.0,1.25,800.0,128,2,4,2,1.0,V-2023.12-SP4,7308,7308,0,943.411212,943.411212,0.0,0.0,0.0,0.79,0.26,0.0,0,V-2023.12-SP4,7404,7404,0,961.26,961.26,0.0,1336.6272,0.7192,0.0,0.0,0.78,0.27,0.0,0,V-2023.12-SP3,V-2023.12-SP4,0.6868,1.3159999999999998,0.002496,2.005,2.0027999999999997,2.5035,0.0,0.0,0.0,0.0,0.0,0.0,0.0,0.0,0.6868,1.3159999999999998,0.002496,2.005,0.0,0.0,0.0,0.0,0.0,0.0,0.0,0.0,0.0,0.0,0.0,0.0,0.0,0.0,0.0,0.0,unvectored,none,2,2026-08-20T04:03:29+00:00
foldedclos_128_2_4_2_1p0_10nm_TT_0V8_25C_800MHz,foldedclos,data_width=128;terminals_per_leaf=2;num_leaves=4;num_spines=2;oversubscription=1.0,10nm,TT,0.8,25.0,1.25,800.0,128,2,4,2,1.0,V-2023.12-SP4,7308,7308,0,943.411212,943.411212,0.0,0.0,0.0,0.79,0.26,0.0,0,V-2023.12-SP4,7404,7404,0,961.26,961.26,0.0,1336.6272,0.7192,0.0,0.0,0.78,0.27,0.0,0,V-2023.12-SP3,V-2023.12-SP4,1.085,1.964,0.002475,3.052,3.049,3.81125,0.0,0.0,0.0,0.0,0.0,0.0,0.0,0.0,1.085,1.964,0.002475,3.052,0.0,0.0,0.0,0.0,0.0,0.0,0.0,0.0,0.0,0.0,0.0,0.0,0.0,0.0,0.0,0.0,vectored,random,2,2026-08-20T04:03:36+00:00
foldedclos_128_2_4_2_1p0_10nm_TT_0V8_25C_800MHz,foldedclos,data_width=128;terminals_per_leaf=2;num_leaves=4;num_spines=2;oversubscription=1.0,10nm,TT,0.8,25.0,1.25,800.0,128,2,4,2,1.0,V-2023.12-SP4,7308,7308,0,943.411212,943.411212,0.0,0.0,0.0,0.79,0.26,0.0,0,V-2023.12-SP4,7404,7404,0,961.26,961.26,0.0,1336.6272,0.7192,0.0,0.0,0.78,0.27,0.0,0,V-2023.12-SP3,V-2023.12-SP4,0.6053999999999999,1.08,0.002426,1.688,1.6854,2.10675,0.0,0.0,0.0,0.0,0.0,0.0,0.0,0.0,0.6053999999999999,1.08,0.002426,1.688,0.0,0.0,0.0,0.0,0.0,0.0,0.0,0.0,0.0,0.0,0.0,0.0,0.0,0.0,0.0,0.0,vectored,fixed_route,2,2026-08-20T04:03:43+00:00
foldedclos_64_2_4_2_0p5_16nm_TT_0V85_25C_1333p33MHz,foldedclos,data_width=64;terminals_per_leaf=2;num_leaves=4;num_spines=2;oversubscription=0.5,16nm,TT,0.85,25.0,0.75,1333.3333333333333,64,2,4,2,0.5,V-2023.12-SP4,5825,5825,0,1366.958623,1366.958623,0.0,0.0,0.0,0.55,0.0,0.0,0,V-2023.12-SP4,5643,5643,0,1419.59,1419.59,0.0,1933.6735,0.7341,0.0,0.0,0.62,-0.07,-0.95,122,V-2023.12-SP3,V-2023.12-SP4,1.059,1.512,0.002371,2.5730000000000004,2.5709999999999997,1.9282499999999998,0.0,0.0,0.0,0.0,0.0,0.0,0.0,0.0,1.059,1.512,0.002371,2.5730000000000004,0.0,0.0,0.0,0.0,0.0,0.0,0.0,0.0,0.0,0.0,0.0,0.0,0.0,0.0,0.0,0.0,unvectored,none,2,2026-08-20T04:09:13+00:00
foldedclos_64_2_4_2_0p5_16nm_TT_0V85_25C_1333p33MHz,foldedclos,data_width=64;terminals_per_leaf=2;num_leaves=4;num_spines=2;oversubscription=0.5,16nm,TT,0.85,25.0,0.75,1333.3333333333333,64,2,4,2,0.5,V-2023.12-SP4,5825,5825,0,1366.958623,1366.958623,0.0,0.0,0.0,0.55,0.0,0.0,0,V-2023.12-SP4,5643,5643,0,1419.59,1419.59,0.0,1933.6735,0.7341,0.0,0.0,0.62,-0.07,-0.95,122,V-2023.12-SP3,V-2023.12-SP4,1.696,2.306,0.002346,4.005,4.002,3.0015,0.0,0.0,0.0,0.0,0.0,0.0,0.0,0.0,1.696,2.306,0.002346,4.005,0.0,0.0,0.0,0.0,0.0,0.0,0.0,0.0,0.0,0.0,0.0,0.0,0.0,0.0,0.0,0.0,vectored,random,2,2026-08-20T04:09:20+00:00
foldedclos_64_2_4_2_0p5_16nm_TT_0V85_25C_1333p33MHz,foldedclos,data_width=64;terminals_per_leaf=2;num_leaves=4;num_spines=2;oversubscription=0.5,16nm,TT,0.85,25.0,0.75,1333.3333333333333,64,2,4,2,0.5,V-2023.12-SP4,5825,5825,0,1366.958623,1366.958623,0.0,0.0,0.0,0.55,0.0,0.0,0,V-2023.12-SP4,5643,5643,0,1419.59,1419.59,0.0,1933.6735,0.7341,0.0,0.0,0.62,-0.07,-0.95,122,V-2023.12-SP3,V-2023.12-SP4,0.8224,1.131,0.00233,1.9559999999999997,1.9534,1.46505,0.0,0.0,0.0,0.0,0.0,0.0,0.0,0.0,0.8224,1.131,0.00233,1.9559999999999997,0.0,0.0,0.0,0.0,0.0,0.0,0.0,0.0,0.0,0.0,0.0,0.0,0.0,0.0,0.0,0.0,vectored,fixed_route,2,2026-08-20T04:09:26+00:00
foldedclos_128_4_2_2_0p5_7nm_TT_0V75_25C_1333p33MHz,foldedclos,data_width=128;terminals_per_leaf=4;num_leaves=2;num_spines=2;oversubscription=0.5,7nm,TT,0.75,25.0,0.75,1333.3333333333333,128,4,2,2,0.5,V-2023.12-SP4,7253,7253,0,493.58132,493.58132,0.0,0.0,0.0,0.53,0.02,0.0,0,V-2023.12-SP4,7384,7384,0,502.55,502.55,0.0,701.0842,0.7168,0.0,0.0,0.56,-0.01,-0.02,4,V-2023.12-SP3,V-2023.12-SP4,0.907,1.786,0.001823,2.695,2.693,2.01975,0.0,0.0,0.0,0.0,0.0,0.0,0.0,0.0,0.907,1.786,0.001823,2.695,0.0,0.0,0.0,0.0,0.0,0.0,0.0,0.0,0.0,0.0,0.0,0.0,0.0,0.0,0.0,0.0,unvectored,none,2,2026-08-20T04:18:39+00:00
foldedclos_128_4_2_2_0p5_7nm_TT_0V75_25C_1333p33MHz,foldedclos,data_width=128;terminals_per_leaf=4;num_leaves=2;num_spines=2;oversubscription=0.5,7nm,TT,0.75,25.0,0.75,1333.3333333333333,128,4,2,2,0.5,V-2023.12-SP4,7253,7253,0,493.58132,493.58132,0.0,0.0,0.0,0.53,0.02,0.0,0,V-2023.12-SP4,7384,7384,0,502.55,502.55,0.0,701.0842,0.7168,0.0,0.0,0.56,-0.01,-0.02,4,V-2023.12-SP3,V-2023.12-SP4,1.425,2.655,0.001807,4.082,4.08,3.06,0.0,0.0,0.0,0.0,0.0,0.0,0.0,0.0,1.425,2.655,0.001807,4.082,0.0,0.0,0.0,0.0,0.0,0.0,0.0,0.0,0.0,0.0,0.0,0.0,0.0,0.0,0.0,0.0,vectored,random,2,2026-08-20T04:18:46+00:00
foldedclos_128_4_2_2_0p5_7nm_TT_0V75_25C_1333p33MHz,foldedclos,data_width=128;terminals_per_leaf=4;num_leaves=2;num_spines=2;oversubscription=0.5,7nm,TT,0.75,25.0,0.75,1333.3333333333333,128,4,2,2,0.5,V-2023.12-SP4,7253,7253,0,493.58132,493.58132,0.0,0.0,0.0,0.53,0.02,0.0,0,V-2023.12-SP4,7384,7384,0,502.55,502.55,0.0,701.0842,0.7168,0.0,0.0,0.56,-0.01,-0.02,4,V-2023.12-SP3,V-2023.12-SP4,0.8206,1.456,0.001772,2.278,2.2766,1.7074500000000001,0.0,0.0,0.0,0.0,0.0,0.0,0.0,0.0,0.8206,1.456,0.001772,2.278,0.0,0.0,0.0,0.0,0.0,0.0,0.0,0.0,0.0,0.0,0.0,0.0,0.0,0.0,0.0,0.0,vectored,fixed_route,2,2026-08-20T04:18:54+00:00
foldedclos_64_2_4_2_0p5_16nm_TT_0V85_25C_800MHz,foldedclos,data_width=64;terminals_per_leaf=2;num_leaves=4;num_spines=2;oversubscription=0.5,16nm,TT,0.85,25.0,1.25,800.0,64,2,4,2,0.5,V-2023.12-SP4,4029,4029,0,1027.116316,1027.116316,0.0,0.0,0.0,1.04,0.01,0.0,0,V-2023.12-SP4,3819,3819,0,1023.45,1023.45,0.0,1453.4277,0.7042,0.0,0.0,1.04,0.01,0.0,0,V-2023.12-SP3,V-2023.12-SP4,0.4642,0.8935,0.001494,1.359,1.3577,1.6971249999999998,0.0,0.0,0.0,0.0,0.0,0.0,0.0,0.0,0.4642,0.8935,0.001494,1.359,0.0,0.0,0.0,0.0,0.0,0.0,0.0,0.0,0.0,0.0,0.0,0.0,0.0,0.0,0.0,0.0,unvectored,none,2,2026-08-20T04:23:18+00:00
foldedclos_64_2_4_2_0p5_16nm_TT_0V85_25C_800MHz,foldedclos,data_width=64;terminals_per_leaf=2;num_leaves=4;num_spines=2;oversubscription=0.5,16nm,TT,0.85,25.0,1.25,800.0,64,2,4,2,0.5,V-2023.12-SP4,4029,4029,0,1027.116316,1027.116316,0.0,0.0,0.0,1.04,0.01,0.0,0,V-2023.12-SP4,3819,3819,0,1023.45,1023.45,0.0,1453.4277,0.7042,0.0,0.0,1.04,0.01,0.0,0,V-2023.12-SP3,V-2023.12-SP4,0.7448999999999999,1.3179999999999998,0.001485,2.065,2.0629,2.5786249999999997,0.0,0.0,0.0,0.0,0.0,0.0,0.0,0.0,0.7448999999999999,1.3179999999999998,0.001485,2.065,0.0,0.0,0.0,0.0,0.0,0.0,0.0,0.0,0.0,0.0,0.0,0.0,0.0,0.0,0.0,0.0,vectored,random,2,2026-08-20T04:23:25+00:00
foldedclos_64_2_4_2_0p5_16nm_TT_0V85_25C_800MHz,foldedclos,data_width=64;terminals_per_leaf=2;num_leaves=4;num_spines=2;oversubscription=0.5,16nm,TT,0.85,25.0,1.25,800.0,64,2,4,2,0.5,V-2023.12-SP4,4029,4029,0,1027.116316,1027.116316,0.0,0.0,0.0,1.04,0.01,0.0,0,V-2023.12-SP4,3819,3819,0,1023.45,1023.45,0.0,1453.4277,0.7042,0.0,0.0,1.04,0.01,0.0,0,V-2023.12-SP3,V-2023.12-SP4,0.3968,0.7327,0.0014500000000000001,1.131,1.1295,1.411875,0.0,0.0,0.0,0.0,0.0,0.0,0.0,0.0,0.3968,0.7327,0.0014500000000000001,1.131,0.0,0.0,0.0,0.0,0.0,0.0,0.0,0.0,0.0,0.0,0.0,0.0,0.0,0.0,0.0,0.0,vectored,fixed_route,2,2026-08-20T04:23:32+00:00
foldedclos_128_2_4_2_0p5_10nm_TT_0V8_25C_1333p33MHz,foldedclos,data_width=128;terminals_per_leaf=2;num_leaves=4;num_spines=2;oversubscription=0.5,10nm,TT,0.8,25.0,0.75,1333.3333333333333,128,2,4,2,0.5,V-2023.12-SP4,10507,10507,0,1250.181122,1250.181122,0.0,0.0,0.0,0.55,0.0,0.0,0,V-2023.12-SP4,9303,9303,0,1129.48,1129.48,0.0,1784.2176,0.633,0.0,0.0,0.59,-0.04,-0.36,64,V-2023.12-SP3,V-2023.12-SP4,1.2570000000000001,2.447,0.0030819999999999997,3.707,3.704,2.778,0.0,0.0,0.0,0.0,0.0,0.0,0.0,0.0,1.2570000000000001,2.447,0.0030819999999999997,3.707,0.0,0.0,0.0,0.0,0.0,0.0,0.0,0.0,0.0,0.0,0.0,0.0,0.0,0.0,0.0,0.0,unvectored,none,2,2026-08-20T04:30:06+00:00
foldedclos_128_2_4_2_0p5_10nm_TT_0V8_25C_1333p33MHz,foldedclos,data_width=128;terminals_per_leaf=2;num_leaves=4;num_spines=2;oversubscription=0.5,10nm,TT,0.8,25.0,0.75,1333.3333333333333,128,2,4,2,0.5,V-2023.12-SP4,10507,10507,0,1250.181122,1250.181122,0.0,0.0,0.0,0.55,0.0,0.0,0,V-2023.12-SP4,9303,9303,0,1129.48,1129.48,0.0,1784.2176,0.633,0.0,0.0,0.59,-0.04,-0.36,64,V-2023.12-SP3,V-2023.12-SP4,2.058,3.751,0.0030580000000000004,5.812,5.808999999999999,4.35675,0.0,0.0,0.0,0.0,0.0,0.0,0.0,0.0,2.058,3.751,0.0030580000000000004,5.812,0.0,0.0,0.0,0.0,0.0,0.0,0.0,0.0,0.0,0.0,0.0,0.0,0.0,0.0,0.0,0.0,vectored,random,2,2026-08-20T04:30:13+00:00
foldedclos_128_2_4_2_0p5_10nm_TT_0V8_25C_1333p33MHz,foldedclos,data_width=128;terminals_per_leaf=2;num_leaves=4;num_spines=2;oversubscription=0.5,10nm,TT,0.8,25.0,0.75,1333.3333333333333,128,2,4,2,0.5,V-2023.12-SP4,10507,10507,0,1250.181122,1250.181122,0.0,0.0,0.0,0.55,0.0,0.0,0,V-2023.12-SP4,9303,9303,0,1129.48,1129.48,0.0,1784.2176,0.633,0.0,0.0,0.59,-0.04,-0.36,64,V-2023.12-SP3,V-2023.12-SP4,1.078,2.028,0.002971,3.109,3.106,2.3295,0.0,0.0,0.0,0.0,0.0,0.0,0.0,0.0,1.078,2.028,0.002971,3.109,0.0,0.0,0.0,0.0,0.0,0.0,0.0,0.0,0.0,0.0,0.0,0.0,0.0,0.0,0.0,0.0,vectored,fixed_route,2,2026-08-20T04:30:19+00:00
foldedclos_128_2_4_2_1p0_16nm_TT_0V85_25C_1000MHz,foldedclos,data_width=128;terminals_per_leaf=2;num_leaves=4;num_spines=2;oversubscription=1.0,16nm,TT,0.85,25.0,1.0,1000.0,128,2,4,2,1.0,V-2023.12-SP4,11693,11693,0,2662.626875,2662.626875,0.0,0.0,0.0,0.8,0.0,0.0,0,V-2023.12-SP4,10114,10114,0,2449.75,2449.75,0.0,3800.7222,0.6445,0.0,0.0,0.83,-0.03,-0.11,11,V-2023.12-SP3,V-2023.12-SP4,1.297,2.3489999999999998,0.003689,3.649,3.646,3.646,0.0,0.0,0.0,0.0,0.0,0.0,0.0,0.0,1.297,2.3489999999999998,0.003689,3.649,0.0,0.0,0.0,0.0,0.0,0.0,0.0,0.0,0.0,0.0,0.0,0.0,0.0,0.0,0.0,0.0,unvectored,none,2,2026-08-20T04:45:43+00:00
foldedclos_128_2_4_2_1p0_16nm_TT_0V85_25C_1000MHz,foldedclos,data_width=128;terminals_per_leaf=2;num_leaves=4;num_spines=2;oversubscription=1.0,16nm,TT,0.85,25.0,1.0,1000.0,128,2,4,2,1.0,V-2023.12-SP4,11693,11693,0,2662.626875,2662.626875,0.0,0.0,0.0,0.8,0.0,0.0,0,V-2023.12-SP4,10114,10114,0,2449.75,2449.75,0.0,3800.7222,0.6445,0.0,0.0,0.83,-0.03,-0.11,11,V-2023.12-SP3,V-2023.12-SP4,2.15,3.742,0.003643,5.896,5.8919999999999995,5.8919999999999995,0.0,0.0,0.0,0.0,0.0,0.0,0.0,0.0,2.15,3.742,0.003643,5.896,0.0,0.0,0.0,0.0,0.0,0.0,0.0,0.0,0.0,0.0,0.0,0.0,0.0,0.0,0.0,0.0,vectored,random,2,2026-08-20T04:45:50+00:00
foldedclos_128_2_4_2_1p0_16nm_TT_0V85_25C_1000MHz,foldedclos,data_width=128;terminals_per_leaf=2;num_leaves=4;num_spines=2;oversubscription=1.0,16nm,TT,0.85,25.0,1.0,1000.0,128,2,4,2,1.0,V-2023.12-SP4,11693,11693,0,2662.626875,2662.626875,0.0,0.0,0.0,0.8,0.0,0.0,0,V-2023.12-SP4,10114,10114,0,2449.75,2449.75,0.0,3800.7222,0.6445,0.0,0.0,0.83,-0.03,-0.11,11,V-2023.12-SP3,V-2023.12-SP4,0.9873,1.776,0.0035870000000000003,2.767,2.7633,2.7633,0.0,0.0,0.0,0.0,0.0,0.0,0.0,0.0,0.9873,1.776,0.0035870000000000003,2.767,0.0,0.0,0.0,0.0,0.0,0.0,0.0,0.0,0.0,0.0,0.0,0.0,0.0,0.0,0.0,0.0,vectored,fixed_route,2,2026-08-20T04:45:57+00:00
foldedclos_128_4_2_2_0p5_7nm_TT_0V75_25C_800MHz,foldedclos,data_width=128;terminals_per_leaf=4;num_leaves=2;num_spines=2;oversubscription=0.5,7nm,TT,0.75,25.0,1.25,800.0,128,4,2,2,0.5,V-2023.12-SP4,7266,7266,0,493.387784,493.387784,0.0,0.0,0.0,0.87,0.18,0.0,0,V-2023.12-SP4,7383,7383,0,499.65,499.65,0.0,701.0842,0.7127,0.0,0.0,0.77,0.28,0.0,0,V-2023.12-SP3,V-2023.12-SP4,0.5398000000000001,1.065,0.001793,1.607,1.6048,2.0060000000000002,0.0,0.0,0.0,0.0,0.0,0.0,0.0,0.0,0.5398000000000001,1.065,0.001793,1.607,0.0,0.0,0.0,0.0,0.0,0.0,0.0,0.0,0.0,0.0,0.0,0.0,0.0,0.0,0.0,0.0,unvectored,none,2,2026-08-20T05:04:06+00:00
foldedclos_128_4_2_2_0p5_7nm_TT_0V75_25C_800MHz,foldedclos,data_width=128;terminals_per_leaf=4;num_leaves=2;num_spines=2;oversubscription=0.5,7nm,TT,0.75,25.0,1.25,800.0,128,4,2,2,0.5,V-2023.12-SP4,7266,7266,0,493.387784,493.387784,0.0,0.0,0.0,0.87,0.18,0.0,0,V-2023.12-SP4,7383,7383,0,499.65,499.65,0.0,701.0842,0.7127,0.0,0.0,0.77,0.28,0.0,0,V-2023.12-SP3,V-2023.12-SP4,0.8439,1.568,0.0017770000000000002,2.4139999999999997,2.4119,3.014875,0.0,0.0,0.0,0.0,0.0,0.0,0.0,0.0,0.8439,1.568,0.0017770000000000002,2.4139999999999997,0.0,0.0,0.0,0.0,0.0,0.0,0.0,0.0,0.0,0.0,0.0,0.0,0.0,0.0,0.0,0.0,vectored,random,2,2026-08-20T05:04:13+00:00
foldedclos_128_4_2_2_0p5_7nm_TT_0V75_25C_800MHz,foldedclos,data_width=128;terminals_per_leaf=4;num_leaves=2;num_spines=2;oversubscription=0.5,7nm,TT,0.75,25.0,1.25,800.0,128,4,2,2,0.5,V-2023.12-SP4,7266,7266,0,493.387784,493.387784,0.0,0.0,0.0,0.87,0.18,0.0,0,V-2023.12-SP4,7383,7383,0,499.65,499.65,0.0,701.0842,0.7127,0.0,0.0,0.77,0.28,0.0,0,V-2023.12-SP3,V-2023.12-SP4,0.49280000000000007,0.8719,0.001741,1.366,1.3647,1.705875,0.0,0.0,0.0,0.0,0.0,0.0,0.0,0.0,0.49280000000000007,0.8719,0.001741,1.366,0.0,0.0,0.0,0.0,0.0,0.0,0.0,0.0,0.0,0.0,0.0,0.0,0.0,0.0,0.0,0.0,vectored,fixed_route,2,2026-08-20T05:04:19+00:00
foldedclos_128_2_4_2_0p5_10nm_TT_0V8_25C_800MHz,foldedclos,data_width=128;terminals_per_leaf=2;num_leaves=4;num_spines=2;oversubscription=0.5,10nm,TT,0.8,25.0,1.25,800.0,128,2,4,2,0.5,V-2023.12-SP4,7308,7308,0,943.411212,943.411212,0.0,0.0,0.0,0.79,0.26,0.0,0,V-2023.12-SP4,7404,7404,0,961.26,961.26,0.0,1336.6272,0.7192,0.0,0.0,0.78,0.27,0.0,0,V-2023.12-SP3,V-2023.12-SP4,0.6864,1.315,0.002496,2.004,2.0014,2.50175,0.0,0.0,0.0,0.0,0.0,0.0,0.0,0.0,0.6864,1.315,0.002496,2.004,0.0,0.0,0.0,0.0,0.0,0.0,0.0,0.0,0.0,0.0,0.0,0.0,0.0,0.0,0.0,0.0,unvectored,none,2,2026-08-20T05:07:04+00:00
foldedclos_128_2_4_2_0p5_10nm_TT_0V8_25C_800MHz,foldedclos,data_width=128;terminals_per_leaf=2;num_leaves=4;num_spines=2;oversubscription=0.5,10nm,TT,0.8,25.0,1.25,800.0,128,2,4,2,0.5,V-2023.12-SP4,7308,7308,0,943.411212,943.411212,0.0,0.0,0.0,0.79,0.26,0.0,0,V-2023.12-SP4,7404,7404,0,961.26,961.26,0.0,1336.6272,0.7192,0.0,0.0,0.78,0.27,0.0,0,V-2023.12-SP3,V-2023.12-SP4,1.083,1.9620000000000002,0.002475,3.048,3.045,3.80625,0.0,0.0,0.0,0.0,0.0,0.0,0.0,0.0,1.083,1.9620000000000002,0.002475,3.048,0.0,0.0,0.0,0.0,0.0,0.0,0.0,0.0,0.0,0.0,0.0,0.0,0.0,0.0,0.0,0.0,vectored,random,2,2026-08-20T05:07:11+00:00
foldedclos_128_2_4_2_0p5_10nm_TT_0V8_25C_800MHz,foldedclos,data_width=128;terminals_per_leaf=2;num_leaves=4;num_spines=2;oversubscription=0.5,10nm,TT,0.8,25.0,1.25,800.0,128,2,4,2,0.5,V-2023.12-SP4,7308,7308,0,943.411212,943.411212,0.0,0.0,0.0,0.79,0.26,0.0,0,V-2023.12-SP4,7404,7404,0,961.26,961.26,0.0,1336.6272,0.7192,0.0,0.0,0.78,0.27,0.0,0,V-2023.12-SP3,V-2023.12-SP4,0.6052,1.0790000000000002,0.002426,1.6869999999999998,1.6842000000000001,2.1052500000000003,0.0,0.0,0.0,0.0,0.0,0.0,0.0,0.0,0.6052,1.0790000000000002,0.002426,1.6869999999999998,0.0,0.0,0.0,0.0,0.0,0.0,0.0,0.0,0.0,0.0,0.0,0.0,0.0,0.0,0.0,0.0,vectored,fixed_route,2,2026-08-20T05:07:19+00:00
foldedclos_32_4_2_2_1p0_10nm_TT_0V8_25C_1333p33MHz,foldedclos,data_width=32;terminals_per_leaf=4;num_leaves=2;num_spines=2;oversubscription=1.0,10nm,TT,0.8,25.0,0.75,1333.3333333333333,32,4,2,2,1.0,V-2023.12-SP4,3812,3812,0,446.576634,446.576634,0.0,0.0,0.0,0.55,0.0,0.0,0,V-2023.12-SP4,2919,2919,0,339.95,339.95,0.0,628.992,0.5405,0.0,0.0,0.57,-0.02,-0.04,8,V-2023.12-SP3,V-2023.12-SP4,0.4057,0.8054,0.000909,1.212,1.2111,0.908325,0.0,0.0,0.0,0.0,0.0,0.0,0.0,0.0,0.4057,0.8054,0.000909,1.212,0.0,0.0,0.0,0.0,0.0,0.0,0.0,0.0,0.0,0.0,0.0,0.0,0.0,0.0,0.0,0.0,unvectored,none,2,2026-08-20T05:10:23+00:00
foldedclos_32_4_2_2_1p0_10nm_TT_0V8_25C_1333p33MHz,foldedclos,data_width=32;terminals_per_leaf=4;num_leaves=2;num_spines=2;oversubscription=1.0,10nm,TT,0.8,25.0,0.75,1333.3333333333333,32,4,2,2,1.0,V-2023.12-SP4,3812,3812,0,446.576634,446.576634,0.0,0.0,0.0,0.55,0.0,0.0,0,V-2023.12-SP4,2919,2919,0,339.95,339.95,0.0,628.992,0.5405,0.0,0.0,0.57,-0.02,-0.04,8,V-2023.12-SP3,V-2023.12-SP4,0.6882,1.1789999999999998,0.0008975,1.868,1.8672,1.4003999999999999,0.0,0.0,0.0,0.0,0.0,0.0,0.0,0.0,0.6882,1.1789999999999998,0.0008975,1.868,0.0,0.0,0.0,0.0,0.0,0.0,0.0,0.0,0.0,0.0,0.0,0.0,0.0,0.0,0.0,0.0,vectored,random,2,2026-08-20T05:10:29+00:00
foldedclos_32_4_2_2_1p0_10nm_TT_0V8_25C_1333p33MHz,foldedclos,data_width=32;terminals_per_leaf=4;num_leaves=2;num_spines=2;oversubscription=1.0,10nm,TT,0.8,25.0,0.75,1333.3333333333333,32,4,2,2,1.0,V-2023.12-SP4,3812,3812,0,446.576634,446.576634,0.0,0.0,0.0,0.55,0.0,0.0,0,V-2023.12-SP4,2919,2919,0,339.95,339.95,0.0,628.992,0.5405,0.0,0.0,0.57,-0.02,-0.04,8,V-2023.12-SP3,V-2023.12-SP4,0.3241,0.679,0.0008870000000000001,1.004,1.0031,0.7523250000000001,0.0,0.0,0.0,0.0,0.0,0.0,0.0,0.0,0.3241,0.679,0.0008870000000000001,1.004,0.0,0.0,0.0,0.0,0.0,0.0,0.0,0.0,0.0,0.0,0.0,0.0,0.0,0.0,0.0,0.0,vectored,fixed_route,2,2026-08-20T05:10:36+00:00
foldedclos_32_4_2_2_1p0_10nm_TT_0V8_25C_800MHz,foldedclos,data_width=32;terminals_per_leaf=4;num_leaves=2;num_spines=2;oversubscription=1.0,10nm,TT,0.8,25.0,1.25,800.0,32,4,2,2,1.0,V-2023.12-SP4,1998,1998,0,256.788483,256.788483,0.0,0.0,0.0,1.05,0.0,0.0,0,V-2023.12-SP4,1983,1983,0,256.63,256.63,0.0,359.7619,0.7133,0.0,0.0,1.02,0.03,0.0,0,V-2023.12-SP3,V-2023.12-SP4,0.1873,0.3301,0.0006764,0.5181,0.5174,0.6467499999999999,0.0,0.0,0.0,0.0,0.0,0.0,0.0,0.0,0.1873,0.3301,0.0006764,0.5181,0.0,0.0,0.0,0.0,0.0,0.0,0.0,0.0,0.0,0.0,0.0,0.0,0.0,0.0,0.0,0.0,unvectored,none,2,2026-08-20T05:15:03+00:00
foldedclos_32_4_2_2_1p0_10nm_TT_0V8_25C_800MHz,foldedclos,data_width=32;terminals_per_leaf=4;num_leaves=2;num_spines=2;oversubscription=1.0,10nm,TT,0.8,25.0,1.25,800.0,32,4,2,2,1.0,V-2023.12-SP4,1998,1998,0,256.788483,256.788483,0.0,0.0,0.0,1.05,0.0,0.0,0,V-2023.12-SP4,1983,1983,0,256.63,256.63,0.0,359.7619,0.7133,0.0,0.0,1.02,0.03,0.0,0,V-2023.12-SP3,V-2023.12-SP4,0.3208,0.503,0.0006692,0.8244,0.8238,1.02975,0.0,0.0,0.0,0.0,0.0,0.0,0.0,0.0,0.3208,0.503,0.0006692,0.8244,0.0,0.0,0.0,0.0,0.0,0.0,0.0,0.0,0.0,0.0,0.0,0.0,0.0,0.0,0.0,0.0,vectored,random,2,2026-08-20T05:15:10+00:00
foldedclos_32_4_2_2_1p0_10nm_TT_0V8_25C_800MHz,foldedclos,data_width=32;terminals_per_leaf=4;num_leaves=2;num_spines=2;oversubscription=1.0,10nm,TT,0.8,25.0,1.25,800.0,32,4,2,2,1.0,V-2023.12-SP4,1998,1998,0,256.788483,256.788483,0.0,0.0,0.0,1.05,0.0,0.0,0,V-2023.12-SP4,1983,1983,0,256.63,256.63,0.0,359.7619,0.7133,0.0,0.0,1.02,0.03,0.0,0,V-2023.12-SP3,V-2023.12-SP4,0.1444,0.25020000000000003,0.0006501,0.39530000000000004,0.39460000000000006,0.4932500000000001,0.0,0.0,0.0,0.0,0.0,0.0,0.0,0.0,0.1444,0.25020000000000003,0.0006501,0.39530000000000004,0.0,0.0,0.0,0.0,0.0,0.0,0.0,0.0,0.0,0.0,0.0,0.0,0.0,0.0,0.0,0.0,vectored,fixed_route,2,2026-08-20T05:15:16+00:00
foldedclos_32_4_2_2_0p5_10nm_TT_0V8_25C_1333p33MHz,foldedclos,data_width=32;terminals_per_leaf=4;num_leaves=2;num_spines=2;oversubscription=0.5,10nm,TT,0.8,25.0,0.75,1333.3333333333333,32,4,2,2,0.5,V-2023.12-SP4,3812,3812,0,446.576634,446.576634,0.0,0.0,0.0,0.55,0.0,0.0,0,V-2023.12-SP4,2919,2919,0,339.95,339.95,0.0,628.992,0.5405,0.0,0.0,0.57,-0.02,-0.05,9,V-2023.12-SP3,V-2023.12-SP4,0.4057,0.8056,0.000909,1.212,1.2113,0.908475,0.0,0.0,0.0,0.0,0.0,0.0,0.0,0.0,0.4057,0.8056,0.000909,1.212,0.0,0.0,0.0,0.0,0.0,0.0,0.0,0.0,0.0,0.0,0.0,0.0,0.0,0.0,0.0,0.0,unvectored,none,2,2026-08-20T05:18:10+00:00
foldedclos_32_4_2_2_0p5_10nm_TT_0V8_25C_1333p33MHz,foldedclos,data_width=32;terminals_per_leaf=4;num_leaves=2;num_spines=2;oversubscription=0.5,10nm,TT,0.8,25.0,0.75,1333.3333333333333,32,4,2,2,0.5,V-2023.12-SP4,3812,3812,0,446.576634,446.576634,0.0,0.0,0.0,0.55,0.0,0.0,0,V-2023.12-SP4,2919,2919,0,339.95,339.95,0.0,628.992,0.5405,0.0,0.0,0.57,-0.02,-0.05,9,V-2023.12-SP3,V-2023.12-SP4,0.6883,1.1789999999999998,0.0008975,1.869,1.8672999999999997,1.4004749999999997,0.0,0.0,0.0,0.0,0.0,0.0,0.0,0.0,0.6883,1.1789999999999998,0.0008975,1.869,0.0,0.0,0.0,0.0,0.0,0.0,0.0,0.0,0.0,0.0,0.0,0.0,0.0,0.0,0.0,0.0,vectored,random,2,2026-08-20T05:18:16+00:00
foldedclos_32_4_2_2_0p5_10nm_TT_0V8_25C_1333p33MHz,foldedclos,data_width=32;terminals_per_leaf=4;num_leaves=2;num_spines=2;oversubscription=0.5,10nm,TT,0.8,25.0,0.75,1333.3333333333333,32,4,2,2,0.5,V-2023.12-SP4,3812,3812,0,446.576634,446.576634,0.0,0.0,0.0,0.55,0.0,0.0,0,V-2023.12-SP4,2919,2919,0,339.95,339.95,0.0,628.992,0.5405,0.0,0.0,0.57,-0.02,-0.05,9,V-2023.12-SP3,V-2023.12-SP4,0.3241,0.6790999999999999,0.0008870000000000001,1.004,1.0031999999999999,0.7524,0.0,0.0,0.0,0.0,0.0,0.0,0.0,0.0,0.3241,0.6790999999999999,0.0008870000000000001,1.004,0.0,0.0,0.0,0.0,0.0,0.0,0.0,0.0,0.0,0.0,0.0,0.0,0.0,0.0,0.0,0.0,vectored,fixed_route,2,2026-08-20T05:18:22+00:00
foldedclos_128_2_4_2_1p0_16nm_TT_0V85_25C_666p667MHz,foldedclos,data_width=128;terminals_per_leaf=2;num_leaves=4;num_spines=2;oversubscription=1.0,16nm,TT,0.85,25.0,1.5,666.6666666666666,128,2,4,2,1.0,V-2023.12-SP4,7286,7286,0,1911.216437,1911.216437,0.0,0.0,0.0,1.26,0.04,0.0,0,V-2023.12-SP4,7388,7388,0,1980.14,1980.14,0.0,2704.1818,0.7323,0.0,0.0,1.29,0.01,0.0,0,V-2023.12-SP3,V-2023.12-SP4,0.746,1.49,0.002943,2.2390000000000003,2.2359999999999998,3.3539999999999996,0.0,0.0,0.0,0.0,0.0,0.0,0.0,0.0,0.746,1.49,0.002943,2.2390000000000003,0.0,0.0,0.0,0.0,0.0,0.0,0.0,0.0,0.0,0.0,0.0,0.0,0.0,0.0,0.0,0.0,unvectored,none,2,2026-08-20T05:20:00+00:00
foldedclos_128_2_4_2_1p0_16nm_TT_0V85_25C_666p667MHz,foldedclos,data_width=128;terminals_per_leaf=2;num_leaves=4;num_spines=2;oversubscription=1.0,16nm,TT,0.85,25.0,1.5,666.6666666666666,128,2,4,2,1.0,V-2023.12-SP4,7286,7286,0,1911.216437,1911.216437,0.0,0.0,0.0,1.26,0.04,0.0,0,V-2023.12-SP4,7388,7388,0,1980.14,1980.14,0.0,2704.1818,0.7323,0.0,0.0,1.29,0.01,0.0,0,V-2023.12-SP3,V-2023.12-SP4,1.198,2.271,0.0029189999999999997,3.472,3.469,5.2035,0.0,0.0,0.0,0.0,0.0,0.0,0.0,0.0,1.198,2.271,0.0029189999999999997,3.472,0.0,0.0,0.0,0.0,0.0,0.0,0.0,0.0,0.0,0.0,0.0,0.0,0.0,0.0,0.0,0.0,vectored,random,2,2026-08-20T05:20:07+00:00
foldedclos_128_2_4_2_1p0_16nm_TT_0V85_25C_666p667MHz,foldedclos,data_width=128;terminals_per_leaf=2;num_leaves=4;num_spines=2;oversubscription=1.0,16nm,TT,0.85,25.0,1.5,666.6666666666666,128,2,4,2,1.0,V-2023.12-SP4,7286,7286,0,1911.216437,1911.216437,0.0,0.0,0.0,1.26,0.04,0.0,0,V-2023.12-SP4,7388,7388,0,1980.14,1980.14,0.0,2704.1818,0.7323,0.0,0.0,1.29,0.01,0.0,0,V-2023.12-SP3,V-2023.12-SP4,0.6524,1.236,0.0028569999999999997,1.891,1.8883999999999999,2.8326,0.0,0.0,0.0,0.0,0.0,0.0,0.0,0.0,0.6524,1.236,0.0028569999999999997,1.891,0.0,0.0,0.0,0.0,0.0,0.0,0.0,0.0,0.0,0.0,0.0,0.0,0.0,0.0,0.0,0.0,vectored,fixed_route,2,2026-08-20T05:20:14+00:00
foldedclos_32_2_8_4_1p0_7nm_TT_0V75_25C_1333p33MHz,foldedclos,data_width=32;terminals_per_leaf=2;num_leaves=8;num_spines=4;oversubscription=1.0,7nm,TT,0.75,25.0,0.75,1333.3333333333333,32,2,8,4,1.0,V-2023.12-SP4,14964,14964,0,901.458427,901.458427,0.0,0.0,0.0,0.55,0.0,0.0,0,V-2023.12-SP4,11409,11409,0,709.39,709.39,0.0,1282.4986,0.5531,0.0,0.0,0.58,-0.03,-1.24,137,V-2023.12-SP3,V-2023.12-SP4,0.9546,2.156,0.002761,3.113,3.1106000000000003,2.3329500000000003,0.0,0.0,0.0,0.0,0.0,0.0,0.0,0.0,0.9546,2.156,0.002761,3.113,0.0,0.0,0.0,0.0,0.0,0.0,0.0,0.0,0.0,0.0,0.0,0.0,0.0,0.0,0.0,0.0,unvectored,none,2,2026-08-20T05:22:22+00:00
foldedclos_32_2_8_4_1p0_7nm_TT_0V75_25C_1333p33MHz,foldedclos,data_width=32;terminals_per_leaf=2;num_leaves=8;num_spines=4;oversubscription=1.0,7nm,TT,0.75,25.0,0.75,1333.3333333333333,32,2,8,4,1.0,V-2023.12-SP4,14964,14964,0,901.458427,901.458427,0.0,0.0,0.0,0.55,0.0,0.0,0,V-2023.12-SP4,11409,11409,0,709.39,709.39,0.0,1282.4986,0.5531,0.0,0.0,0.58,-0.03,-1.24,137,V-2023.12-SP3,V-2023.12-SP4,1.555,3.19,0.0027240000000000003,4.747999999999999,4.745,3.55875,0.0,0.0,0.0,0.0,0.0,0.0,0.0,0.0,1.555,3.19,0.0027240000000000003,4.747999999999999,0.0,0.0,0.0,0.0,0.0,0.0,0.0,0.0,0.0,0.0,0.0,0.0,0.0,0.0,0.0,0.0,vectored,random,2,2026-08-20T05:22:29+00:00
foldedclos_32_2_8_4_1p0_7nm_TT_0V75_25C_1333p33MHz,foldedclos,data_width=32;terminals_per_leaf=2;num_leaves=8;num_spines=4;oversubscription=1.0,7nm,TT,0.75,25.0,0.75,1333.3333333333333,32,2,8,4,1.0,V-2023.12-SP4,14964,14964,0,901.458427,901.458427,0.0,0.0,0.0,0.55,0.0,0.0,0,V-2023.12-SP4,11409,11409,0,709.39,709.39,0.0,1282.4986,0.5531,0.0,0.0,0.58,-0.03,-1.24,137,V-2023.12-SP3,V-2023.12-SP4,0.7162,1.7810000000000001,0.002653,2.5,2.4972000000000003,1.8729000000000002,0.0,0.0,0.0,0.0,0.0,0.0,0.0,0.0,0.7162,1.7810000000000001,0.002653,2.5,0.0,0.0,0.0,0.0,0.0,0.0,0.0,0.0,0.0,0.0,0.0,0.0,0.0,0.0,0.0,0.0,vectored,fixed_route,2,2026-08-20T05:22:37+00:00
foldedclos_32_4_2_2_0p5_10nm_TT_0V8_25C_800MHz,foldedclos,data_width=32;terminals_per_leaf=4;num_leaves=2;num_spines=2;oversubscription=0.5,10nm,TT,0.8,25.0,1.25,800.0,32,4,2,2,0.5,V-2023.12-SP4,1998,1998,0,256.788483,256.788483,0.0,0.0,0.0,1.05,0.0,0.0,0,V-2023.12-SP4,1983,1983,0,256.63,256.63,0.0,359.7619,0.7133,0.0,0.0,1.02,0.03,0.0,0,V-2023.12-SP3,V-2023.12-SP4,0.1874,0.32989999999999997,0.0006764,0.518,0.5173,0.646625,0.0,0.0,0.0,0.0,0.0,0.0,0.0,0.0,0.1874,0.32989999999999997,0.0006764,0.518,0.0,0.0,0.0,0.0,0.0,0.0,0.0,0.0,0.0,0.0,0.0,0.0,0.0,0.0,0.0,0.0,unvectored,none,2,2026-08-20T05:22:42+00:00
foldedclos_32_4_2_2_0p5_10nm_TT_0V8_25C_800MHz,foldedclos,data_width=32;terminals_per_leaf=4;num_leaves=2;num_spines=2;oversubscription=0.5,10nm,TT,0.8,25.0,1.25,800.0,32,4,2,2,0.5,V-2023.12-SP4,1998,1998,0,256.788483,256.788483,0.0,0.0,0.0,1.05,0.0,0.0,0,V-2023.12-SP4,1983,1983,0,256.63,256.63,0.0,359.7619,0.7133,0.0,0.0,1.02,0.03,0.0,0,V-2023.12-SP3,V-2023.12-SP4,0.3205,0.5022,0.0006692,0.8233999999999999,0.8227,1.028375,0.0,0.0,0.0,0.0,0.0,0.0,0.0,0.0,0.3205,0.5022,0.0006692,0.8233999999999999,0.0,0.0,0.0,0.0,0.0,0.0,0.0,0.0,0.0,0.0,0.0,0.0,0.0,0.0,0.0,0.0,vectored,random,2,2026-08-20T05:22:48+00:00
foldedclos_32_4_2_2_0p5_10nm_TT_0V8_25C_800MHz,foldedclos,data_width=32;terminals_per_leaf=4;num_leaves=2;num_spines=2;oversubscription=0.5,10nm,TT,0.8,25.0,1.25,800.0,32,4,2,2,0.5,V-2023.12-SP4,1998,1998,0,256.788483,256.788483,0.0,0.0,0.0,1.05,0.0,0.0,0,V-2023.12-SP4,1983,1983,0,256.63,256.63,0.0,359.7619,0.7133,0.0,0.0,1.02,0.03,0.0,0,V-2023.12-SP3,V-2023.12-SP4,0.1444,0.2498,0.0006501,0.3948,0.3942,0.49275,0.0,0.0,0.0,0.0,0.0,0.0,0.0,0.0,0.1444,0.2498,0.0006501,0.3948,0.0,0.0,0.0,0.0,0.0,0.0,0.0,0.0,0.0,0.0,0.0,0.0,0.0,0.0,0.0,0.0,vectored,fixed_route,2,2026-08-20T05:22:55+00:00
foldedclos_64_4_2_2_1p0_10nm_TT_0V8_25C_1333p33MHz,foldedclos,data_width=64;terminals_per_leaf=4;num_leaves=2;num_spines=2;oversubscription=1.0,10nm,TT,0.8,25.0,0.75,1333.3333333333333,64,4,2,2,1.0,V-2023.12-SP4,3942,3942,0,502.640646,502.640646,0.0,0.0,0.0,0.54,0.01,0.0,0,V-2023.12-SP4,3876,3876,0,504.08,504.08,0.0,707.9731,0.712,0.0,0.0,0.55,-0.0,-0.0,1,V-2023.12-SP3,V-2023.12-SP4,0.5986,1.0970000000000002,0.001316,1.6969999999999998,1.6956000000000002,1.2717,0.0,0.0,0.0,0.0,0.0,0.0,0.0,0.0,0.5986,1.0970000000000002,0.001316,1.6969999999999998,0.0,0.0,0.0,0.0,0.0,0.0,0.0,0.0,0.0,0.0,0.0,0.0,0.0,0.0,0.0,0.0,unvectored,none,2,2026-08-20T05:34:57+00:00
foldedclos_64_4_2_2_1p0_10nm_TT_0V8_25C_1333p33MHz,foldedclos,data_width=64;terminals_per_leaf=4;num_leaves=2;num_spines=2;oversubscription=1.0,10nm,TT,0.8,25.0,0.75,1333.3333333333333,64,4,2,2,1.0,V-2023.12-SP4,3942,3942,0,502.640646,502.640646,0.0,0.0,0.0,0.54,0.01,0.0,0,V-2023.12-SP4,3876,3876,0,504.08,504.08,0.0,707.9731,0.712,0.0,0.0,0.55,-0.0,-0.0,1,V-2023.12-SP3,V-2023.12-SP4,0.9409000000000001,1.605,0.001307,2.5469999999999997,2.5459,1.9094250000000001,0.0,0.0,0.0,0.0,0.0,0.0,0.0,0.0,0.9409000000000001,1.605,0.001307,2.5469999999999997,0.0,0.0,0.0,0.0,0.0,0.0,0.0,0.0,0.0,0.0,0.0,0.0,0.0,0.0,0.0,0.0,vectored,random,2,2026-08-20T05:35:04+00:00
foldedclos_64_4_2_2_1p0_10nm_TT_0V8_25C_1333p33MHz,foldedclos,data_width=64;terminals_per_leaf=4;num_leaves=2;num_spines=2;oversubscription=1.0,10nm,TT,0.8,25.0,0.75,1333.3333333333333,64,4,2,2,1.0,V-2023.12-SP4,3942,3942,0,502.640646,502.640646,0.0,0.0,0.0,0.54,0.01,0.0,0,V-2023.12-SP4,3876,3876,0,504.08,504.08,0.0,707.9731,0.712,0.0,0.0,0.55,-0.0,-0.0,1,V-2023.12-SP3,V-2023.12-SP4,0.5001,0.8668,0.001282,1.368,1.3669,1.025175,0.0,0.0,0.0,0.0,0.0,0.0,0.0,0.0,0.5001,0.8668,0.001282,1.368,0.0,0.0,0.0,0.0,0.0,0.0,0.0,0.0,0.0,0.0,0.0,0.0,0.0,0.0,0.0,0.0,vectored,fixed_route,2,2026-08-20T05:35:10+00:00
foldedclos_32_2_8_4_1p0_7nm_TT_0V75_25C_800MHz,foldedclos,data_width=32;terminals_per_leaf=2;num_leaves=8;num_spines=4;oversubscription=1.0,7nm,TT,0.75,25.0,1.25,800.0,32,2,8,4,1.0,V-2023.12-SP4,16281,16281,0,988.275449,988.275449,0.0,0.0,0.0,1.05,0.0,0.0,0,V-2023.12-SP4,12580,12580,0,760.87,760.87,0.0,1410.6033,0.5394,0.0,0.0,1.07,-0.02,-0.27,50,V-2023.12-SP3,V-2023.12-SP4,0.6513,1.4649999999999999,0.003108,2.1189999999999998,2.1163,2.6453749999999996,0.0,0.0,0.0,0.0,0.0,0.0,0.0,0.0,0.6513,1.4649999999999999,0.003108,2.1189999999999998,0.0,0.0,0.0,0.0,0.0,0.0,0.0,0.0,0.0,0.0,0.0,0.0,0.0,0.0,0.0,0.0,unvectored,none,2,2026-08-20T05:37:50+00:00
foldedclos_32_2_8_4_1p0_7nm_TT_0V75_25C_800MHz,foldedclos,data_width=32;terminals_per_leaf=2;num_leaves=8;num_spines=4;oversubscription=1.0,7nm,TT,0.75,25.0,1.25,800.0,32,2,8,4,1.0,V-2023.12-SP4,16281,16281,0,988.275449,988.275449,0.0,0.0,0.0,1.05,0.0,0.0,0,V-2023.12-SP4,12580,12580,0,760.87,760.87,0.0,1410.6033,0.5394,0.0,0.0,1.07,-0.02,-0.27,50,V-2023.12-SP3,V-2023.12-SP4,1.129,2.251,0.00305,3.383,3.38,4.225,0.0,0.0,0.0,0.0,0.0,0.0,0.0,0.0,1.129,2.251,0.00305,3.383,0.0,0.0,0.0,0.0,0.0,0.0,0.0,0.0,0.0,0.0,0.0,0.0,0.0,0.0,0.0,0.0,vectored,random,2,2026-08-20T05:37:57+00:00
foldedclos_32_2_8_4_1p0_7nm_TT_0V75_25C_800MHz,foldedclos,data_width=32;terminals_per_leaf=2;num_leaves=8;num_spines=4;oversubscription=1.0,7nm,TT,0.75,25.0,1.25,800.0,32,2,8,4,1.0,V-2023.12-SP4,16281,16281,0,988.275449,988.275449,0.0,0.0,0.0,1.05,0.0,0.0,0,V-2023.12-SP4,12580,12580,0,760.87,760.87,0.0,1410.6033,0.5394,0.0,0.0,1.07,-0.02,-0.27,50,V-2023.12-SP3,V-2023.12-SP4,0.5096,1.254,0.0030350000000000004,1.767,1.7636,2.2045,0.0,0.0,0.0,0.0,0.0,0.0,0.0,0.0,0.5096,1.254,0.0030350000000000004,1.767,0.0,0.0,0.0,0.0,0.0,0.0,0.0,0.0,0.0,0.0,0.0,0.0,0.0,0.0,0.0,0.0,vectored,fixed_route,2,2026-08-20T05:38:04+00:00
foldedclos_128_2_4_2_0p5_16nm_TT_0V85_25C_1000MHz,foldedclos,data_width=128;terminals_per_leaf=2;num_leaves=4;num_spines=2;oversubscription=0.5,16nm,TT,0.85,25.0,1.0,1000.0,128,2,4,2,0.5,V-2023.12-SP4,11693,11693,0,2662.626875,2662.626875,0.0,0.0,0.0,0.8,0.0,0.0,0,V-2023.12-SP4,10114,10114,0,2449.75,2449.75,0.0,3800.7222,0.6445,0.0,0.0,0.83,-0.03,-0.12,12,V-2023.12-SP3,V-2023.12-SP4,1.297,2.3489999999999998,0.003689,3.65,3.646,3.646,0.0,0.0,0.0,0.0,0.0,0.0,0.0,0.0,1.297,2.3489999999999998,0.003689,3.65,0.0,0.0,0.0,0.0,0.0,0.0,0.0,0.0,0.0,0.0,0.0,0.0,0.0,0.0,0.0,0.0,unvectored,none,2,2026-08-20T05:42:33+00:00
foldedclos_128_2_4_2_0p5_16nm_TT_0V85_25C_1000MHz,foldedclos,data_width=128;terminals_per_leaf=2;num_leaves=4;num_spines=2;oversubscription=0.5,16nm,TT,0.85,25.0,1.0,1000.0,128,2,4,2,0.5,V-2023.12-SP4,11693,11693,0,2662.626875,2662.626875,0.0,0.0,0.0,0.8,0.0,0.0,0,V-2023.12-SP4,10114,10114,0,2449.75,2449.75,0.0,3800.7222,0.6445,0.0,0.0,0.83,-0.03,-0.12,12,V-2023.12-SP3,V-2023.12-SP4,2.149,3.742,0.003643,5.8950000000000005,5.891,5.891,0.0,0.0,0.0,0.0,0.0,0.0,0.0,0.0,2.149,3.742,0.003643,5.8950000000000005,0.0,0.0,0.0,0.0,0.0,0.0,0.0,0.0,0.0,0.0,0.0,0.0,0.0,0.0,0.0,0.0,vectored,random,2,2026-08-20T05:42:40+00:00
foldedclos_128_2_4_2_0p5_16nm_TT_0V85_25C_1000MHz,foldedclos,data_width=128;terminals_per_leaf=2;num_leaves=4;num_spines=2;oversubscription=0.5,16nm,TT,0.85,25.0,1.0,1000.0,128,2,4,2,0.5,V-2023.12-SP4,11693,11693,0,2662.626875,2662.626875,0.0,0.0,0.0,0.8,0.0,0.0,0,V-2023.12-SP4,10114,10114,0,2449.75,2449.75,0.0,3800.7222,0.6445,0.0,0.0,0.83,-0.03,-0.12,12,V-2023.12-SP3,V-2023.12-SP4,0.9873,1.776,0.0035870000000000003,2.767,2.7633,2.7633,0.0,0.0,0.0,0.0,0.0,0.0,0.0,0.0,0.9873,1.776,0.0035870000000000003,2.767,0.0,0.0,0.0,0.0,0.0,0.0,0.0,0.0,0.0,0.0,0.0,0.0,0.0,0.0,0.0,0.0,vectored,fixed_route,2,2026-08-20T05:42:48+00:00
foldedclos_64_4_2_2_1p0_10nm_TT_0V8_25C_800MHz,foldedclos,data_width=64;terminals_per_leaf=4;num_leaves=2;num_spines=2;oversubscription=1.0,10nm,TT,0.8,25.0,1.25,800.0,64,4,2,2,1.0,V-2023.12-SP4,3940,3940,0,500.090886,500.090886,0.0,0.0,0.0,0.92,0.13,0.0,0,V-2023.12-SP4,3858,3858,0,497.6,497.6,0.0,707.9731,0.7029,0.0,0.0,0.75,0.3,0.0,0,V-2023.12-SP3,V-2023.12-SP4,0.3585,0.6563,0.001279,1.016,1.0148,1.2685,0.0,0.0,0.0,0.0,0.0,0.0,0.0,0.0,0.3585,0.6563,0.001279,1.016,0.0,0.0,0.0,0.0,0.0,0.0,0.0,0.0,0.0,0.0,0.0,0.0,0.0,0.0,0.0,0.0,unvectored,none,2,2026-08-20T05:50:14+00:00
foldedclos_64_4_2_2_1p0_10nm_TT_0V8_25C_800MHz,foldedclos,data_width=64;terminals_per_leaf=4;num_leaves=2;num_spines=2;oversubscription=1.0,10nm,TT,0.8,25.0,1.25,800.0,64,4,2,2,1.0,V-2023.12-SP4,3940,3940,0,500.090886,500.090886,0.0,0.0,0.0,0.92,0.13,0.0,0,V-2023.12-SP4,3858,3858,0,497.6,497.6,0.0,707.9731,0.7029,0.0,0.0,0.75,0.3,0.0,0,V-2023.12-SP3,V-2023.12-SP4,0.5722,0.9573,0.001269,1.531,1.5295,1.9118750000000002,0.0,0.0,0.0,0.0,0.0,0.0,0.0,0.0,0.5722,0.9573,0.001269,1.531,0.0,0.0,0.0,0.0,0.0,0.0,0.0,0.0,0.0,0.0,0.0,0.0,0.0,0.0,0.0,0.0,vectored,random,2,2026-08-20T05:50:21+00:00
foldedclos_64_4_2_2_1p0_10nm_TT_0V8_25C_800MHz,foldedclos,data_width=64;terminals_per_leaf=4;num_leaves=2;num_spines=2;oversubscription=1.0,10nm,TT,0.8,25.0,1.25,800.0,64,4,2,2,1.0,V-2023.12-SP4,3940,3940,0,500.090886,500.090886,0.0,0.0,0.0,0.92,0.13,0.0,0,V-2023.12-SP4,3858,3858,0,497.6,497.6,0.0,707.9731,0.7029,0.0,0.0,0.75,0.3,0.0,0,V-2023.12-SP3,V-2023.12-SP4,0.3019,0.5252,0.0012419999999999998,0.8283,0.8271,1.0338749999999999,0.0,0.0,0.0,0.0,0.0,0.0,0.0,0.0,0.3019,0.5252,0.0012419999999999998,0.8283,0.0,0.0,0.0,0.0,0.0,0.0,0.0,0.0,0.0,0.0,0.0,0.0,0.0,0.0,0.0,0.0,vectored,fixed_route,2,2026-08-20T05:50:28+00:00
foldedclos_32_2_8_4_0p5_7nm_TT_0V75_25C_1333p33MHz,foldedclos,data_width=32;terminals_per_leaf=2;num_leaves=8;num_spines=4;oversubscription=0.5,7nm,TT,0.75,25.0,0.75,1333.3333333333333,32,2,8,4,0.5,V-2023.12-SP4,14964,14964,0,901.458427,901.458427,0.0,0.0,0.0,0.55,0.0,0.0,0,V-2023.12-SP4,11409,11409,0,709.39,709.39,0.0,1282.4986,0.5531,0.0,0.0,0.58,-0.03,-1.27,142,V-2023.12-SP3,V-2023.12-SP4,0.9545,2.156,0.002761,3.113,3.1105,2.332875,0.0,0.0,0.0,0.0,0.0,0.0,0.0,0.0,0.9545,2.156,0.002761,3.113,0.0,0.0,0.0,0.0,0.0,0.0,0.0,0.0,0.0,0.0,0.0,0.0,0.0,0.0,0.0,0.0,unvectored,none,2,2026-08-20T05:56:58+00:00
foldedclos_32_2_8_4_0p5_7nm_TT_0V75_25C_1333p33MHz,foldedclos,data_width=32;terminals_per_leaf=2;num_leaves=8;num_spines=4;oversubscription=0.5,7nm,TT,0.75,25.0,0.75,1333.3333333333333,32,2,8,4,0.5,V-2023.12-SP4,14964,14964,0,901.458427,901.458427,0.0,0.0,0.0,0.55,0.0,0.0,0,V-2023.12-SP4,11409,11409,0,709.39,709.39,0.0,1282.4986,0.5531,0.0,0.0,0.58,-0.03,-1.27,142,V-2023.12-SP3,V-2023.12-SP4,1.556,3.191,0.0027240000000000003,4.75,4.747,3.56025,0.0,0.0,0.0,0.0,0.0,0.0,0.0,0.0,1.556,3.191,0.0027240000000000003,4.75,0.0,0.0,0.0,0.0,0.0,0.0,0.0,0.0,0.0,0.0,0.0,0.0,0.0,0.0,0.0,0.0,vectored,random,2,2026-08-20T05:57:06+00:00
foldedclos_32_2_8_4_0p5_7nm_TT_0V75_25C_1333p33MHz,foldedclos,data_width=32;terminals_per_leaf=2;num_leaves=8;num_spines=4;oversubscription=0.5,7nm,TT,0.75,25.0,0.75,1333.3333333333333,32,2,8,4,0.5,V-2023.12-SP4,14964,14964,0,901.458427,901.458427,0.0,0.0,0.0,0.55,0.0,0.0,0,V-2023.12-SP4,11409,11409,0,709.39,709.39,0.0,1282.4986,0.5531,0.0,0.0,0.58,-0.03,-1.27,142,V-2023.12-SP3,V-2023.12-SP4,0.7162,1.7810000000000001,0.002653,2.5,2.4972000000000003,1.8729000000000002,0.0,0.0,0.0,0.0,0.0,0.0,0.0,0.0,0.7162,1.7810000000000001,0.002653,2.5,0.0,0.0,0.0,0.0,0.0,0.0,0.0,0.0,0.0,0.0,0.0,0.0,0.0,0.0,0.0,0.0,vectored,fixed_route,2,2026-08-20T05:57:14+00:00
foldedclos_64_4_2_2_0p5_10nm_TT_0V8_25C_1333p33MHz,foldedclos,data_width=64;terminals_per_leaf=4;num_leaves=2;num_spines=2;oversubscription=0.5,10nm,TT,0.8,25.0,0.75,1333.3333333333333,64,4,2,2,0.5,V-2023.12-SP4,3942,3942,0,502.640646,502.640646,0.0,0.0,0.0,0.54,0.01,0.0,0,V-2023.12-SP4,3876,3876,0,504.08,504.08,0.0,707.9731,0.712,0.0,0.0,0.55,0.0,0.0,0,V-2023.12-SP3,V-2023.12-SP4,0.5987,1.0970000000000002,0.001316,1.6969999999999998,1.6957000000000002,1.271775,0.0,0.0,0.0,0.0,0.0,0.0,0.0,0.0,0.5987,1.0970000000000002,0.001316,1.6969999999999998,0.0,0.0,0.0,0.0,0.0,0.0,0.0,0.0,0.0,0.0,0.0,0.0,0.0,0.0,0.0,0.0,unvectored,none,2,2026-08-20T06:03:48+00:00
foldedclos_64_4_2_2_0p5_10nm_TT_0V8_25C_1333p33MHz,foldedclos,data_width=64;terminals_per_leaf=4;num_leaves=2;num_spines=2;oversubscription=0.5,10nm,TT,0.8,25.0,0.75,1333.3333333333333,64,4,2,2,0.5,V-2023.12-SP4,3942,3942,0,502.640646,502.640646,0.0,0.0,0.0,0.54,0.01,0.0,0,V-2023.12-SP4,3876,3876,0,504.08,504.08,0.0,707.9731,0.712,0.0,0.0,0.55,0.0,0.0,0,V-2023.12-SP3,V-2023.12-SP4,0.9391999999999999,1.6019999999999999,0.001307,2.543,2.5412,1.9059,0.0,0.0,0.0,0.0,0.0,0.0,0.0,0.0,0.9391999999999999,1.6019999999999999,0.001307,2.543,0.0,0.0,0.0,0.0,0.0,0.0,0.0,0.0,0.0,0.0,0.0,0.0,0.0,0.0,0.0,0.0,vectored,random,2,2026-08-20T06:03:55+00:00
foldedclos_64_4_2_2_0p5_10nm_TT_0V8_25C_1333p33MHz,foldedclos,data_width=64;terminals_per_leaf=4;num_leaves=2;num_spines=2;oversubscription=0.5,10nm,TT,0.8,25.0,0.75,1333.3333333333333,64,4,2,2,0.5,V-2023.12-SP4,3942,3942,0,502.640646,502.640646,0.0,0.0,0.0,0.54,0.01,0.0,0,V-2023.12-SP4,3876,3876,0,504.08,504.08,0.0,707.9731,0.712,0.0,0.0,0.55,0.0,0.0,0,V-2023.12-SP3,V-2023.12-SP4,0.5002,0.8663,0.001282,1.368,1.3664999999999998,1.0248749999999998,0.0,0.0,0.0,0.0,0.0,0.0,0.0,0.0,0.5002,0.8663,0.001282,1.368,0.0,0.0,0.0,0.0,0.0,0.0,0.0,0.0,0.0,0.0,0.0,0.0,0.0,0.0,0.0,0.0,vectored,fixed_route,2,2026-08-20T06:04:02+00:00
foldedclos_32_2_8_4_0p5_7nm_TT_0V75_25C_800MHz,foldedclos,data_width=32;terminals_per_leaf=2;num_leaves=8;num_spines=4;oversubscription=0.5,7nm,TT,0.75,25.0,1.25,800.0,32,2,8,4,0.5,V-2023.12-SP4,16281,16281,0,988.275449,988.275449,0.0,0.0,0.0,1.05,0.0,0.0,0,V-2023.12-SP4,12580,12580,0,760.87,760.87,0.0,1410.6033,0.5394,0.0,0.0,1.07,-0.02,-0.29,55,V-2023.12-SP3,V-2023.12-SP4,0.6513,1.4649999999999999,0.003108,2.1189999999999998,2.1163,2.6453749999999996,0.0,0.0,0.0,0.0,0.0,0.0,0.0,0.0,0.6513,1.4649999999999999,0.003108,2.1189999999999998,0.0,0.0,0.0,0.0,0.0,0.0,0.0,0.0,0.0,0.0,0.0,0.0,0.0,0.0,0.0,0.0,unvectored,none,2,2026-08-20T06:14:08+00:00
foldedclos_32_2_8_4_0p5_7nm_TT_0V75_25C_800MHz,foldedclos,data_width=32;terminals_per_leaf=2;num_leaves=8;num_spines=4;oversubscription=0.5,7nm,TT,0.75,25.0,1.25,800.0,32,2,8,4,0.5,V-2023.12-SP4,16281,16281,0,988.275449,988.275449,0.0,0.0,0.0,1.05,0.0,0.0,0,V-2023.12-SP4,12580,12580,0,760.87,760.87,0.0,1410.6033,0.5394,0.0,0.0,1.07,-0.02,-0.29,55,V-2023.12-SP3,V-2023.12-SP4,1.13,2.25,0.00305,3.383,3.38,4.225,0.0,0.0,0.0,0.0,0.0,0.0,0.0,0.0,1.13,2.25,0.00305,3.383,0.0,0.0,0.0,0.0,0.0,0.0,0.0,0.0,0.0,0.0,0.0,0.0,0.0,0.0,0.0,0.0,vectored,random,2,2026-08-20T06:14:16+00:00
foldedclos_32_2_8_4_0p5_7nm_TT_0V75_25C_800MHz,foldedclos,data_width=32;terminals_per_leaf=2;num_leaves=8;num_spines=4;oversubscription=0.5,7nm,TT,0.75,25.0,1.25,800.0,32,2,8,4,0.5,V-2023.12-SP4,16281,16281,0,988.275449,988.275449,0.0,0.0,0.0,1.05,0.0,0.0,0,V-2023.12-SP4,12580,12580,0,760.87,760.87,0.0,1410.6033,0.5394,0.0,0.0,1.07,-0.02,-0.29,55,V-2023.12-SP3,V-2023.12-SP4,0.5096,1.254,0.0030350000000000004,1.767,1.7636,2.2045,0.0,0.0,0.0,0.0,0.0,0.0,0.0,0.0,0.5096,1.254,0.0030350000000000004,1.767,0.0,0.0,0.0,0.0,0.0,0.0,0.0,0.0,0.0,0.0,0.0,0.0,0.0,0.0,0.0,0.0,vectored,fixed_route,2,2026-08-20T06:14:24+00:00
foldedclos_64_4_2_2_0p5_10nm_TT_0V8_25C_800MHz,foldedclos,data_width=64;terminals_per_leaf=4;num_leaves=2;num_spines=2;oversubscription=0.5,10nm,TT,0.8,25.0,1.25,800.0,64,4,2,2,0.5,V-2023.12-SP4,3940,3940,0,500.090886,500.090886,0.0,0.0,0.0,0.92,0.13,0.0,0,V-2023.12-SP4,3858,3858,0,497.6,497.6,0.0,707.9731,0.7029,0.0,0.0,0.76,0.29,0.0,0,V-2023.12-SP3,V-2023.12-SP4,0.3586,0.6567,0.001279,1.017,1.0152999999999999,1.2691249999999998,0.0,0.0,0.0,0.0,0.0,0.0,0.0,0.0,0.3586,0.6567,0.001279,1.017,0.0,0.0,0.0,0.0,0.0,0.0,0.0,0.0,0.0,0.0,0.0,0.0,0.0,0.0,0.0,0.0,unvectored,none,2,2026-08-20T06:19:52+00:00
foldedclos_64_4_2_2_0p5_10nm_TT_0V8_25C_800MHz,foldedclos,data_width=64;terminals_per_leaf=4;num_leaves=2;num_spines=2;oversubscription=0.5,10nm,TT,0.8,25.0,1.25,800.0,64,4,2,2,0.5,V-2023.12-SP4,3940,3940,0,500.090886,500.090886,0.0,0.0,0.0,0.92,0.13,0.0,0,V-2023.12-SP4,3858,3858,0,497.6,497.6,0.0,707.9731,0.7029,0.0,0.0,0.76,0.29,0.0,0,V-2023.12-SP3,V-2023.12-SP4,0.5720000000000001,0.9575,0.001269,1.531,1.5295,1.9118750000000002,0.0,0.0,0.0,0.0,0.0,0.0,0.0,0.0,0.5720000000000001,0.9575,0.001269,1.531,0.0,0.0,0.0,0.0,0.0,0.0,0.0,0.0,0.0,0.0,0.0,0.0,0.0,0.0,0.0,0.0,vectored,random,2,2026-08-20T06:19:59+00:00
foldedclos_64_4_2_2_0p5_10nm_TT_0V8_25C_800MHz,foldedclos,data_width=64;terminals_per_leaf=4;num_leaves=2;num_spines=2;oversubscription=0.5,10nm,TT,0.8,25.0,1.25,800.0,64,4,2,2,0.5,V-2023.12-SP4,3940,3940,0,500.090886,500.090886,0.0,0.0,0.0,0.92,0.13,0.0,0,V-2023.12-SP4,3858,3858,0,497.6,497.6,0.0,707.9731,0.7029,0.0,0.0,0.76,0.29,0.0,0,V-2023.12-SP3,V-2023.12-SP4,0.3019,0.5257000000000001,0.0012419999999999998,0.8289000000000001,0.8276000000000001,1.0345000000000002,0.0,0.0,0.0,0.0,0.0,0.0,0.0,0.0,0.3019,0.5257000000000001,0.0012419999999999998,0.8289000000000001,0.0,0.0,0.0,0.0,0.0,0.0,0.0,0.0,0.0,0.0,0.0,0.0,0.0,0.0,0.0,0.0,vectored,fixed_route,2,2026-08-20T06:20:06+00:00
foldedclos_128_2_4_2_0p5_16nm_TT_0V85_25C_666p667MHz,foldedclos,data_width=128;terminals_per_leaf=2;num_leaves=4;num_spines=2;oversubscription=0.5,16nm,TT,0.85,25.0,1.5,666.6666666666666,128,2,4,2,0.5,V-2023.12-SP4,7286,7286,0,1911.216437,1911.216437,0.0,0.0,0.0,1.26,0.04,0.0,0,V-2023.12-SP4,7388,7388,0,1980.14,1980.14,0.0,2704.1818,0.7323,0.0,0.0,1.29,0.01,0.0,0,V-2023.12-SP3,V-2023.12-SP4,0.7461,1.489,0.002943,2.238,2.2351,3.35265,0.0,0.0,0.0,0.0,0.0,0.0,0.0,0.0,0.7461,1.489,0.002943,2.238,0.0,0.0,0.0,0.0,0.0,0.0,0.0,0.0,0.0,0.0,0.0,0.0,0.0,0.0,0.0,0.0,unvectored,none,2,2026-08-20T06:20:11+00:00
foldedclos_128_2_4_2_0p5_16nm_TT_0V85_25C_666p667MHz,foldedclos,data_width=128;terminals_per_leaf=2;num_leaves=4;num_spines=2;oversubscription=0.5,16nm,TT,0.85,25.0,1.5,666.6666666666666,128,2,4,2,0.5,V-2023.12-SP4,7286,7286,0,1911.216437,1911.216437,0.0,0.0,0.0,1.26,0.04,0.0,0,V-2023.12-SP4,7388,7388,0,1980.14,1980.14,0.0,2704.1818,0.7323,0.0,0.0,1.29,0.01,0.0,0,V-2023.12-SP3,V-2023.12-SP4,1.198,2.271,0.0029189999999999997,3.472,3.469,5.2035,0.0,0.0,0.0,0.0,0.0,0.0,0.0,0.0,1.198,2.271,0.0029189999999999997,3.472,0.0,0.0,0.0,0.0,0.0,0.0,0.0,0.0,0.0,0.0,0.0,0.0,0.0,0.0,0.0,0.0,vectored,random,2,2026-08-20T06:20:19+00:00
foldedclos_128_2_4_2_0p5_16nm_TT_0V85_25C_666p667MHz,foldedclos,data_width=128;terminals_per_leaf=2;num_leaves=4;num_spines=2;oversubscription=0.5,16nm,TT,0.85,25.0,1.5,666.6666666666666,128,2,4,2,0.5,V-2023.12-SP4,7286,7286,0,1911.216437,1911.216437,0.0,0.0,0.0,1.26,0.04,0.0,0,V-2023.12-SP4,7388,7388,0,1980.14,1980.14,0.0,2704.1818,0.7323,0.0,0.0,1.29,0.01,0.0,0,V-2023.12-SP3,V-2023.12-SP4,0.6523,1.2349999999999999,0.0028569999999999997,1.89,1.8872999999999998,2.8309499999999996,0.0,0.0,0.0,0.0,0.0,0.0,0.0,0.0,0.6523,1.2349999999999999,0.0028569999999999997,1.89,0.0,0.0,0.0,0.0,0.0,0.0,0.0,0.0,0.0,0.0,0.0,0.0,0.0,0.0,0.0,0.0,vectored,fixed_route,2,2026-08-20T06:20:27+00:00
foldedclos_32_4_2_2_1p0_16nm_TT_0V85_25C_1333p33MHz,foldedclos,data_width=32;terminals_per_leaf=4;num_leaves=2;num_spines=2;oversubscription=1.0,16nm,TT,0.85,25.0,0.75,1333.3333333333333,32,4,2,2,1.0,V-2023.12-SP4,3089,3089,0,717.196047,717.196047,0.0,0.0,0.0,0.55,0.0,0.0,0,V-2023.12-SP4,2759,2759,0,673.28,673.28,0.0,1012.7462,0.6648,0.0,0.0,0.57,-0.02,-0.03,5,V-2023.12-SP3,V-2023.12-SP4,0.4973,0.8224,0.001038,1.321,1.3197,0.9897750000000001,0.0,0.0,0.0,0.0,0.0,0.0,0.0,0.0,0.4973,0.8224,0.001038,1.321,0.0,0.0,0.0,0.0,0.0,0.0,0.0,0.0,0.0,0.0,0.0,0.0,0.0,0.0,0.0,0.0,unvectored,none,2,2026-08-20T06:24:26+00:00
foldedclos_32_4_2_2_1p0_16nm_TT_0V85_25C_1333p33MHz,foldedclos,data_width=32;terminals_per_leaf=4;num_leaves=2;num_spines=2;oversubscription=1.0,16nm,TT,0.85,25.0,0.75,1333.3333333333333,32,4,2,2,1.0,V-2023.12-SP4,3089,3089,0,717.196047,717.196047,0.0,0.0,0.0,0.55,0.0,0.0,0,V-2023.12-SP4,2759,2759,0,673.28,673.28,0.0,1012.7462,0.6648,0.0,0.0,0.57,-0.02,-0.03,5,V-2023.12-SP3,V-2023.12-SP4,0.778,1.194,0.001033,1.9729999999999999,1.972,1.479,0.0,0.0,0.0,0.0,0.0,0.0,0.0,0.0,0.778,1.194,0.001033,1.9729999999999999,0.0,0.0,0.0,0.0,0.0,0.0,0.0,0.0,0.0,0.0,0.0,0.0,0.0,0.0,0.0,0.0,vectored,random,2,2026-08-20T06:24:33+00:00
foldedclos_32_4_2_2_1p0_16nm_TT_0V85_25C_1333p33MHz,foldedclos,data_width=32;terminals_per_leaf=4;num_leaves=2;num_spines=2;oversubscription=1.0,16nm,TT,0.85,25.0,0.75,1333.3333333333333,32,4,2,2,1.0,V-2023.12-SP4,3089,3089,0,717.196047,717.196047,0.0,0.0,0.0,0.55,0.0,0.0,0,V-2023.12-SP4,2759,2759,0,673.28,673.28,0.0,1012.7462,0.6648,0.0,0.0,0.57,-0.02,-0.03,5,V-2023.12-SP3,V-2023.12-SP4,0.35819999999999996,0.5963,0.00101,0.9555,0.9545,0.715875,0.0,0.0,0.0,0.0,0.0,0.0,0.0,0.0,0.35819999999999996,0.5963,0.00101,0.9555,0.0,0.0,0.0,0.0,0.0,0.0,0.0,0.0,0.0,0.0,0.0,0.0,0.0,0.0,0.0,0.0,vectored,fixed_route,2,2026-08-20T06:24:39+00:00
foldedclos_32_4_2_2_1p0_16nm_TT_0V85_25C_800MHz,foldedclos,data_width=32;terminals_per_leaf=4;num_leaves=2;num_spines=2;oversubscription=1.0,16nm,TT,0.85,25.0,1.25,800.0,32,4,2,2,1.0,V-2023.12-SP4,3627,3627,0,809.699342,809.699342,0.0,0.0,0.0,1.05,0.0,0.0,0,V-2023.12-SP4,2839,2839,0,676.01,676.01,0.0,1152.4654,0.5866,0.0,0.0,1.05,0.0,0.0,0,V-2023.12-SP3,V-2023.12-SP4,0.3284,0.525,0.001032,0.8543999999999999,0.8534,1.06675,0.0,0.0,0.0,0.0,0.0,0.0,0.0,0.0,0.3284,0.525,0.001032,0.8543999999999999,0.0,0.0,0.0,0.0,0.0,0.0,0.0,0.0,0.0,0.0,0.0,0.0,0.0,0.0,0.0,0.0,unvectored,none,2,2026-08-20T06:27:58+00:00
foldedclos_32_4_2_2_1p0_16nm_TT_0V85_25C_800MHz,foldedclos,data_width=32;terminals_per_leaf=4;num_leaves=2;num_spines=2;oversubscription=1.0,16nm,TT,0.85,25.0,1.25,800.0,32,4,2,2,1.0,V-2023.12-SP4,3627,3627,0,809.699342,809.699342,0.0,0.0,0.0,1.05,0.0,0.0,0,V-2023.12-SP4,2839,2839,0,676.01,676.01,0.0,1152.4654,0.5866,0.0,0.0,1.05,0.0,0.0,0,V-2023.12-SP3,V-2023.12-SP4,0.549,0.7998000000000001,0.001018,1.35,1.3488000000000002,1.6860000000000004,0.0,0.0,0.0,0.0,0.0,0.0,0.0,0.0,0.549,0.7998000000000001,0.001018,1.35,0.0,0.0,0.0,0.0,0.0,0.0,0.0,0.0,0.0,0.0,0.0,0.0,0.0,0.0,0.0,0.0,vectored,random,2,2026-08-20T06:28:05+00:00
foldedclos_32_4_2_2_1p0_16nm_TT_0V85_25C_800MHz,foldedclos,data_width=32;terminals_per_leaf=4;num_leaves=2;num_spines=2;oversubscription=1.0,16nm,TT,0.85,25.0,1.25,800.0,32,4,2,2,1.0,V-2023.12-SP4,3627,3627,0,809.699342,809.699342,0.0,0.0,0.0,1.05,0.0,0.0,0,V-2023.12-SP4,2839,2839,0,676.01,676.01,0.0,1152.4654,0.5866,0.0,0.0,1.05,0.0,0.0,0,V-2023.12-SP3,V-2023.12-SP4,0.2689,0.4174,0.0009854999999999998,0.6872999999999999,0.6862999999999999,0.8578749999999999,0.0,0.0,0.0,0.0,0.0,0.0,0.0,0.0,0.2689,0.4174,0.0009854999999999998,0.6872999999999999,0.0,0.0,0.0,0.0,0.0,0.0,0.0,0.0,0.0,0.0,0.0,0.0,0.0,0.0,0.0,0.0,vectored,fixed_route,2,2026-08-20T06:28:11+00:00
foldedclos_32_4_2_2_0p5_16nm_TT_0V85_25C_1333p33MHz,foldedclos,data_width=32;terminals_per_leaf=4;num_leaves=2;num_spines=2;oversubscription=0.5,16nm,TT,0.85,25.0,0.75,1333.3333333333333,32,4,2,2,0.5,V-2023.12-SP4,3089,3089,0,717.196047,717.196047,0.0,0.0,0.0,0.55,0.0,0.0,0,V-2023.12-SP4,2759,2759,0,673.28,673.28,0.0,1012.7462,0.6648,0.0,0.0,0.57,-0.02,-0.03,5,V-2023.12-SP3,V-2023.12-SP4,0.4973,0.8225,0.001038,1.321,1.3198,0.9898500000000001,0.0,0.0,0.0,0.0,0.0,0.0,0.0,0.0,0.4973,0.8225,0.001038,1.321,0.0,0.0,0.0,0.0,0.0,0.0,0.0,0.0,0.0,0.0,0.0,0.0,0.0,0.0,0.0,0.0,unvectored,none,2,2026-08-20T06:32:05+00:00
foldedclos_32_4_2_2_0p5_16nm_TT_0V85_25C_1333p33MHz,foldedclos,data_width=32;terminals_per_leaf=4;num_leaves=2;num_spines=2;oversubscription=0.5,16nm,TT,0.85,25.0,0.75,1333.3333333333333,32,4,2,2,0.5,V-2023.12-SP4,3089,3089,0,717.196047,717.196047,0.0,0.0,0.0,0.55,0.0,0.0,0,V-2023.12-SP4,2759,2759,0,673.28,673.28,0.0,1012.7462,0.6648,0.0,0.0,0.57,-0.02,-0.03,5,V-2023.12-SP3,V-2023.12-SP4,0.778,1.194,0.001033,1.9729999999999999,1.972,1.479,0.0,0.0,0.0,0.0,0.0,0.0,0.0,0.0,0.778,1.194,0.001033,1.9729999999999999,0.0,0.0,0.0,0.0,0.0,0.0,0.0,0.0,0.0,0.0,0.0,0.0,0.0,0.0,0.0,0.0,vectored,random,2,2026-08-20T06:32:12+00:00
foldedclos_32_4_2_2_0p5_16nm_TT_0V85_25C_1333p33MHz,foldedclos,data_width=32;terminals_per_leaf=4;num_leaves=2;num_spines=2;oversubscription=0.5,16nm,TT,0.85,25.0,0.75,1333.3333333333333,32,4,2,2,0.5,V-2023.12-SP4,3089,3089,0,717.196047,717.196047,0.0,0.0,0.0,0.55,0.0,0.0,0,V-2023.12-SP4,2759,2759,0,673.28,673.28,0.0,1012.7462,0.6648,0.0,0.0,0.57,-0.02,-0.03,5,V-2023.12-SP3,V-2023.12-SP4,0.35819999999999996,0.5965,0.00101,0.9557,0.9547,0.716025,0.0,0.0,0.0,0.0,0.0,0.0,0.0,0.0,0.35819999999999996,0.5965,0.00101,0.9557,0.0,0.0,0.0,0.0,0.0,0.0,0.0,0.0,0.0,0.0,0.0,0.0,0.0,0.0,0.0,0.0,vectored,fixed_route,2,2026-08-20T06:32:19+00:00
foldedclos_32_4_2_2_0p5_16nm_TT_0V85_25C_800MHz,foldedclos,data_width=32;terminals_per_leaf=4;num_leaves=2;num_spines=2;oversubscription=0.5,16nm,TT,0.85,25.0,1.25,800.0,32,4,2,2,0.5,V-2023.12-SP4,3627,3627,0,809.699342,809.699342,0.0,0.0,0.0,1.05,0.0,0.0,0,V-2023.12-SP4,2839,2839,0,676.01,676.01,0.0,1152.4654,0.5866,0.0,0.0,1.05,0.0,0.0,0,V-2023.12-SP3,V-2023.12-SP4,0.32830000000000004,0.525,0.001032,0.8543,0.8533000000000001,1.0666250000000002,0.0,0.0,0.0,0.0,0.0,0.0,0.0,0.0,0.32830000000000004,0.525,0.001032,0.8543,0.0,0.0,0.0,0.0,0.0,0.0,0.0,0.0,0.0,0.0,0.0,0.0,0.0,0.0,0.0,0.0,unvectored,none,2,2026-08-20T06:35:38+00:00
foldedclos_32_4_2_2_0p5_16nm_TT_0V85_25C_800MHz,foldedclos,data_width=32;terminals_per_leaf=4;num_leaves=2;num_spines=2;oversubscription=0.5,16nm,TT,0.85,25.0,1.25,800.0,32,4,2,2,0.5,V-2023.12-SP4,3627,3627,0,809.699342,809.699342,0.0,0.0,0.0,1.05,0.0,0.0,0,V-2023.12-SP4,2839,2839,0,676.01,676.01,0.0,1152.4654,0.5866,0.0,0.0,1.05,0.0,0.0,0,V-2023.12-SP3,V-2023.12-SP4,0.5490999999999999,0.8,0.001018,1.35,1.3491,1.686375,0.0,0.0,0.0,0.0,0.0,0.0,0.0,0.0,0.5490999999999999,0.8,0.001018,1.35,0.0,0.0,0.0,0.0,0.0,0.0,0.0,0.0,0.0,0.0,0.0,0.0,0.0,0.0,0.0,0.0,vectored,random,2,2026-08-20T06:35:44+00:00
foldedclos_32_4_2_2_0p5_16nm_TT_0V85_25C_800MHz,foldedclos,data_width=32;terminals_per_leaf=4;num_leaves=2;num_spines=2;oversubscription=0.5,16nm,TT,0.85,25.0,1.25,800.0,32,4,2,2,0.5,V-2023.12-SP4,3627,3627,0,809.699342,809.699342,0.0,0.0,0.0,1.05,0.0,0.0,0,V-2023.12-SP4,2839,2839,0,676.01,676.01,0.0,1152.4654,0.5866,0.0,0.0,1.05,0.0,0.0,0,V-2023.12-SP3,V-2023.12-SP4,0.2689,0.4174,0.0009854999999999998,0.6872999999999999,0.6862999999999999,0.8578749999999999,0.0,0.0,0.0,0.0,0.0,0.0,0.0,0.0,0.2689,0.4174,0.0009854999999999998,0.6872999999999999,0.0,0.0,0.0,0.0,0.0,0.0,0.0,0.0,0.0,0.0,0.0,0.0,0.0,0.0,0.0,0.0,vectored,fixed_route,2,2026-08-20T06:35:51+00:00
foldedclos_64_4_2_2_1p0_16nm_TT_0V85_25C_1333p33MHz,foldedclos,data_width=64;terminals_per_leaf=4;num_leaves=2;num_spines=2;oversubscription=1.0,16nm,TT,0.85,25.0,0.75,1333.3333333333333,64,4,2,2,1.0,V-2023.12-SP4,5825,5825,0,1366.958623,1366.958623,0.0,0.0,0.0,0.55,0.0,0.0,0,V-2023.12-SP4,5643,5643,0,1419.59,1419.59,0.0,1933.6735,0.7341,0.0,0.0,0.62,-0.07,-0.9,121,V-2023.12-SP3,V-2023.12-SP4,1.059,1.51,0.002371,2.5709999999999997,2.569,1.92675,0.0,0.0,0.0,0.0,0.0,0.0,0.0,0.0,1.059,1.51,0.002371,2.5709999999999997,0.0,0.0,0.0,0.0,0.0,0.0,0.0,0.0,0.0,0.0,0.0,0.0,0.0,0.0,0.0,0.0,unvectored,none,2,2026-08-20T06:46:13+00:00
foldedclos_64_4_2_2_1p0_16nm_TT_0V85_25C_1333p33MHz,foldedclos,data_width=64;terminals_per_leaf=4;num_leaves=2;num_spines=2;oversubscription=1.0,16nm,TT,0.85,25.0,0.75,1333.3333333333333,64,4,2,2,1.0,V-2023.12-SP4,5825,5825,0,1366.958623,1366.958623,0.0,0.0,0.0,0.55,0.0,0.0,0,V-2023.12-SP4,5643,5643,0,1419.59,1419.59,0.0,1933.6735,0.7341,0.0,0.0,0.62,-0.07,-0.9,121,V-2023.12-SP3,V-2023.12-SP4,1.6949999999999998,2.301,0.002346,3.999,3.996,2.997,0.0,0.0,0.0,0.0,0.0,0.0,0.0,0.0,1.6949999999999998,2.301,0.002346,3.999,0.0,0.0,0.0,0.0,0.0,0.0,0.0,0.0,0.0,0.0,0.0,0.0,0.0,0.0,0.0,0.0,vectored,random,2,2026-08-20T06:46:21+00:00
foldedclos_64_4_2_2_1p0_16nm_TT_0V85_25C_1333p33MHz,foldedclos,data_width=64;terminals_per_leaf=4;num_leaves=2;num_spines=2;oversubscription=1.0,16nm,TT,0.85,25.0,0.75,1333.3333333333333,64,4,2,2,1.0,V-2023.12-SP4,5825,5825,0,1366.958623,1366.958623,0.0,0.0,0.0,0.55,0.0,0.0,0,V-2023.12-SP4,5643,5643,0,1419.59,1419.59,0.0,1933.6735,0.7341,0.0,0.0,0.62,-0.07,-0.9,121,V-2023.12-SP3,V-2023.12-SP4,0.8223,1.129,0.00233,1.954,1.9513,1.463475,0.0,0.0,0.0,0.0,0.0,0.0,0.0,0.0,0.8223,1.129,0.00233,1.954,0.0,0.0,0.0,0.0,0.0,0.0,0.0,0.0,0.0,0.0,0.0,0.0,0.0,0.0,0.0,0.0,vectored,fixed_route,2,2026-08-20T06:46:28+00:00
foldedclos_128_4_2_2_1p0_10nm_TT_0V8_25C_1333p33MHz,foldedclos,data_width=128;terminals_per_leaf=4;num_leaves=2;num_spines=2;oversubscription=1.0,10nm,TT,0.8,25.0,0.75,1333.3333333333333,128,4,2,2,1.0,V-2023.12-SP4,10507,10507,0,1250.181122,1250.181122,0.0,0.0,0.0,0.55,0.0,0.0,0,V-2023.12-SP4,9303,9303,0,1129.48,1129.48,0.0,1784.2176,0.633,0.0,0.0,0.59,-0.04,-0.53,77,V-2023.12-SP3,V-2023.12-SP4,1.2570000000000001,2.4459999999999997,0.0030819999999999997,3.707,3.703,2.77725,0.0,0.0,0.0,0.0,0.0,0.0,0.0,0.0,1.2570000000000001,2.4459999999999997,0.0030819999999999997,3.707,0.0,0.0,0.0,0.0,0.0,0.0,0.0,0.0,0.0,0.0,0.0,0.0,0.0,0.0,0.0,0.0,unvectored,none,2,2026-08-20T06:50:06+00:00
foldedclos_128_4_2_2_1p0_10nm_TT_0V8_25C_1333p33MHz,foldedclos,data_width=128;terminals_per_leaf=4;num_leaves=2;num_spines=2;oversubscription=1.0,10nm,TT,0.8,25.0,0.75,1333.3333333333333,128,4,2,2,1.0,V-2023.12-SP4,10507,10507,0,1250.181122,1250.181122,0.0,0.0,0.0,0.55,0.0,0.0,0,V-2023.12-SP4,9303,9303,0,1129.48,1129.48,0.0,1784.2176,0.633,0.0,0.0,0.59,-0.04,-0.53,77,V-2023.12-SP3,V-2023.12-SP4,2.057,3.745,0.0030580000000000004,5.805000000000001,5.802,4.3515,0.0,0.0,0.0,0.0,0.0,0.0,0.0,0.0,2.057,3.745,0.0030580000000000004,5.805000000000001,0.0,0.0,0.0,0.0,0.0,0.0,0.0,0.0,0.0,0.0,0.0,0.0,0.0,0.0,0.0,0.0,vectored,random,2,2026-08-20T06:50:14+00:00
foldedclos_128_4_2_2_1p0_10nm_TT_0V8_25C_1333p33MHz,foldedclos,data_width=128;terminals_per_leaf=4;num_leaves=2;num_spines=2;oversubscription=1.0,10nm,TT,0.8,25.0,0.75,1333.3333333333333,128,4,2,2,1.0,V-2023.12-SP4,10507,10507,0,1250.181122,1250.181122,0.0,0.0,0.0,0.55,0.0,0.0,0,V-2023.12-SP4,9303,9303,0,1129.48,1129.48,0.0,1784.2176,0.633,0.0,0.0,0.59,-0.04,-0.53,77,V-2023.12-SP3,V-2023.12-SP4,1.078,2.028,0.002971,3.109,3.106,2.3295,0.0,0.0,0.0,0.0,0.0,0.0,0.0,0.0,1.078,2.028,0.002971,3.109,0.0,0.0,0.0,0.0,0.0,0.0,0.0,0.0,0.0,0.0,0.0,0.0,0.0,0.0,0.0,0.0,vectored,fixed_route,2,2026-08-20T06:50:20+00:00
foldedclos_64_2_8_4_1p0_7nm_TT_0V75_25C_1333p33MHz,foldedclos,data_width=64;terminals_per_leaf=2;num_leaves=8;num_spines=4;oversubscription=1.0,7nm,TT,0.75,25.0,0.75,1333.3333333333333,64,2,8,4,1.0,V-2023.12-SP4,27145,27145,0,1668.780281,1668.780281,0.0,0.0,0.0,0.55,0.0,0.0,0,V-2023.12-SP4,22307,22307,0,1374.7,1374.7,0.0,2371.8804,0.5796,0.0,0.0,0.61,-0.06,-7.4,645,V-2023.12-SP3,V-2023.12-SP4,1.9009999999999998,4.15,0.005540000000000001,6.0569999999999995,6.051,4.53825,0.0,0.0,0.0,0.0,0.0,0.0,0.0,0.0,1.9009999999999998,4.15,0.005540000000000001,6.0569999999999995,0.0,0.0,0.0,0.0,0.0,0.0,0.0,0.0,0.0,0.0,0.0,0.0,0.0,0.0,0.0,0.0,unvectored,none,2,2026-08-20T06:51:50+00:00
foldedclos_64_2_8_4_1p0_7nm_TT_0V75_25C_1333p33MHz,foldedclos,data_width=64;terminals_per_leaf=2;num_leaves=8;num_spines=4;oversubscription=1.0,7nm,TT,0.75,25.0,0.75,1333.3333333333333,64,2,8,4,1.0,V-2023.12-SP4,27145,27145,0,1668.780281,1668.780281,0.0,0.0,0.0,0.55,0.0,0.0,0,V-2023.12-SP4,22307,22307,0,1374.7,1374.7,0.0,2371.8804,0.5796,0.0,0.0,0.61,-0.06,-7.4,645,V-2023.12-SP3,V-2023.12-SP4,3.2070000000000003,6.361999999999999,0.005445,9.575,9.568999999999999,7.176749999999999,0.0,0.0,0.0,0.0,0.0,0.0,0.0,0.0,3.2070000000000003,6.361999999999999,0.005445,9.575,0.0,0.0,0.0,0.0,0.0,0.0,0.0,0.0,0.0,0.0,0.0,0.0,0.0,0.0,0.0,0.0,vectored,random,2,2026-08-20T06:51:59+00:00
foldedclos_64_2_8_4_1p0_7nm_TT_0V75_25C_1333p33MHz,foldedclos,data_width=64;terminals_per_leaf=2;num_leaves=8;num_spines=4;oversubscription=1.0,7nm,TT,0.75,25.0,0.75,1333.3333333333333,64,2,8,4,1.0,V-2023.12-SP4,27145,27145,0,1668.780281,1668.780281,0.0,0.0,0.0,0.55,0.0,0.0,0,V-2023.12-SP4,22307,22307,0,1374.7,1374.7,0.0,2371.8804,0.5796,0.0,0.0,0.61,-0.06,-7.4,645,V-2023.12-SP3,V-2023.12-SP4,1.511,3.528,0.005366,5.044,5.039,3.7792499999999998,0.0,0.0,0.0,0.0,0.0,0.0,0.0,0.0,1.511,3.528,0.005366,5.044,0.0,0.0,0.0,0.0,0.0,0.0,0.0,0.0,0.0,0.0,0.0,0.0,0.0,0.0,0.0,0.0,vectored,fixed_route,2,2026-08-20T06:52:08+00:00
foldedclos_64_4_2_2_1p0_16nm_TT_0V85_25C_800MHz,foldedclos,data_width=64;terminals_per_leaf=4;num_leaves=2;num_spines=2;oversubscription=1.0,16nm,TT,0.85,25.0,1.25,800.0,64,4,2,2,1.0,V-2023.12-SP4,4029,4029,0,1027.116316,1027.116316,0.0,0.0,0.0,1.04,0.01,0.0,0,V-2023.12-SP4,3819,3819,0,1023.45,1023.45,0.0,1453.4277,0.7042,0.0,0.0,1.05,0.0,0.0,0,V-2023.12-SP3,V-2023.12-SP4,0.4642,0.8934000000000001,0.001494,1.359,1.3576000000000001,1.697,0.0,0.0,0.0,0.0,0.0,0.0,0.0,0.0,0.4642,0.8934000000000001,0.001494,1.359,0.0,0.0,0.0,0.0,0.0,0.0,0.0,0.0,0.0,0.0,0.0,0.0,0.0,0.0,0.0,0.0,unvectored,none,2,2026-08-20T07:01:11+00:00
foldedclos_64_4_2_2_1p0_16nm_TT_0V85_25C_800MHz,foldedclos,data_width=64;terminals_per_leaf=4;num_leaves=2;num_spines=2;oversubscription=1.0,16nm,TT,0.85,25.0,1.25,800.0,64,4,2,2,1.0,V-2023.12-SP4,4029,4029,0,1027.116316,1027.116316,0.0,0.0,0.0,1.04,0.01,0.0,0,V-2023.12-SP4,3819,3819,0,1023.45,1023.45,0.0,1453.4277,0.7042,0.0,0.0,1.05,0.0,0.0,0,V-2023.12-SP3,V-2023.12-SP4,0.7452,1.3190000000000002,0.001485,2.065,2.0642,2.58025,0.0,0.0,0.0,0.0,0.0,0.0,0.0,0.0,0.7452,1.3190000000000002,0.001485,2.065,0.0,0.0,0.0,0.0,0.0,0.0,0.0,0.0,0.0,0.0,0.0,0.0,0.0,0.0,0.0,0.0,vectored,random,2,2026-08-20T07:01:18+00:00
foldedclos_64_4_2_2_1p0_16nm_TT_0V85_25C_800MHz,foldedclos,data_width=64;terminals_per_leaf=4;num_leaves=2;num_spines=2;oversubscription=1.0,16nm,TT,0.85,25.0,1.25,800.0,64,4,2,2,1.0,V-2023.12-SP4,4029,4029,0,1027.116316,1027.116316,0.0,0.0,0.0,1.04,0.01,0.0,0,V-2023.12-SP4,3819,3819,0,1023.45,1023.45,0.0,1453.4277,0.7042,0.0,0.0,1.05,0.0,0.0,0,V-2023.12-SP3,V-2023.12-SP4,0.3968,0.733,0.0014500000000000001,1.131,1.1298,1.4122499999999998,0.0,0.0,0.0,0.0,0.0,0.0,0.0,0.0,0.3968,0.733,0.0014500000000000001,1.131,0.0,0.0,0.0,0.0,0.0,0.0,0.0,0.0,0.0,0.0,0.0,0.0,0.0,0.0,0.0,0.0,vectored,fixed_route,2,2026-08-20T07:01:24+00:00
foldedclos_64_4_2_2_0p5_16nm_TT_0V85_25C_1333p33MHz,foldedclos,data_width=64;terminals_per_leaf=4;num_leaves=2;num_spines=2;oversubscription=0.5,16nm,TT,0.85,25.0,0.75,1333.3333333333333,64,4,2,2,0.5,V-2023.12-SP4,5825,5825,0,1366.958623,1366.958623,0.0,0.0,0.0,0.55,0.0,0.0,0,V-2023.12-SP4,5643,5643,0,1419.59,1419.59,0.0,1933.6735,0.7341,0.0,0.0,0.62,-0.07,-0.94,114,V-2023.12-SP3,V-2023.12-SP4,1.059,1.51,0.002371,2.5709999999999997,2.569,1.92675,0.0,0.0,0.0,0.0,0.0,0.0,0.0,0.0,1.059,1.51,0.002371,2.5709999999999997,0.0,0.0,0.0,0.0,0.0,0.0,0.0,0.0,0.0,0.0,0.0,0.0,0.0,0.0,0.0,0.0,unvectored,none,2,2026-08-20T07:11:37+00:00
foldedclos_64_4_2_2_0p5_16nm_TT_0V85_25C_1333p33MHz,foldedclos,data_width=64;terminals_per_leaf=4;num_leaves=2;num_spines=2;oversubscription=0.5,16nm,TT,0.85,25.0,0.75,1333.3333333333333,64,4,2,2,0.5,V-2023.12-SP4,5825,5825,0,1366.958623,1366.958623,0.0,0.0,0.0,0.55,0.0,0.0,0,V-2023.12-SP4,5643,5643,0,1419.59,1419.59,0.0,1933.6735,0.7341,0.0,0.0,0.62,-0.07,-0.94,114,V-2023.12-SP3,V-2023.12-SP4,1.6949999999999998,2.3,0.002346,3.997,3.9949999999999997,2.99625,0.0,0.0,0.0,0.0,0.0,0.0,0.0,0.0,1.6949999999999998,2.3,0.002346,3.997,0.0,0.0,0.0,0.0,0.0,0.0,0.0,0.0,0.0,0.0,0.0,0.0,0.0,0.0,0.0,0.0,vectored,random,2,2026-08-20T07:11:44+00:00
foldedclos_64_4_2_2_0p5_16nm_TT_0V85_25C_1333p33MHz,foldedclos,data_width=64;terminals_per_leaf=4;num_leaves=2;num_spines=2;oversubscription=0.5,16nm,TT,0.85,25.0,0.75,1333.3333333333333,64,4,2,2,0.5,V-2023.12-SP4,5825,5825,0,1366.958623,1366.958623,0.0,0.0,0.0,0.55,0.0,0.0,0,V-2023.12-SP4,5643,5643,0,1419.59,1419.59,0.0,1933.6735,0.7341,0.0,0.0,0.62,-0.07,-0.94,114,V-2023.12-SP3,V-2023.12-SP4,0.8223,1.129,0.00233,1.954,1.9513,1.463475,0.0,0.0,0.0,0.0,0.0,0.0,0.0,0.0,0.8223,1.129,0.00233,1.954,0.0,0.0,0.0,0.0,0.0,0.0,0.0,0.0,0.0,0.0,0.0,0.0,0.0,0.0,0.0,0.0,vectored,fixed_route,2,2026-08-20T07:11:51+00:00
foldedclos_64_4_2_2_0p5_16nm_TT_0V85_25C_800MHz,foldedclos,data_width=64;terminals_per_leaf=4;num_leaves=2;num_spines=2;oversubscription=0.5,16nm,TT,0.85,25.0,1.25,800.0,64,4,2,2,0.5,V-2023.12-SP4,4029,4029,0,1027.116316,1027.116316,0.0,0.0,0.0,1.04,0.01,0.0,0,V-2023.12-SP4,3819,3819,0,1023.45,1023.45,0.0,1453.4277,0.7042,0.0,0.0,1.05,0.0,0.0,0,V-2023.12-SP3,V-2023.12-SP4,0.4642,0.8933,0.001494,1.359,1.3575,1.696875,0.0,0.0,0.0,0.0,0.0,0.0,0.0,0.0,0.4642,0.8933,0.001494,1.359,0.0,0.0,0.0,0.0,0.0,0.0,0.0,0.0,0.0,0.0,0.0,0.0,0.0,0.0,0.0,0.0,unvectored,none,2,2026-08-20T07:26:29+00:00
foldedclos_64_4_2_2_0p5_16nm_TT_0V85_25C_800MHz,foldedclos,data_width=64;terminals_per_leaf=4;num_leaves=2;num_spines=2;oversubscription=0.5,16nm,TT,0.85,25.0,1.25,800.0,64,4,2,2,0.5,V-2023.12-SP4,4029,4029,0,1027.116316,1027.116316,0.0,0.0,0.0,1.04,0.01,0.0,0,V-2023.12-SP4,3819,3819,0,1023.45,1023.45,0.0,1453.4277,0.7042,0.0,0.0,1.05,0.0,0.0,0,V-2023.12-SP3,V-2023.12-SP4,0.745,1.3179999999999998,0.001485,2.065,2.0629999999999997,2.5787499999999994,0.0,0.0,0.0,0.0,0.0,0.0,0.0,0.0,0.745,1.3179999999999998,0.001485,2.065,0.0,0.0,0.0,0.0,0.0,0.0,0.0,0.0,0.0,0.0,0.0,0.0,0.0,0.0,0.0,0.0,vectored,random,2,2026-08-20T07:26:36+00:00
foldedclos_64_4_2_2_0p5_16nm_TT_0V85_25C_800MHz,foldedclos,data_width=64;terminals_per_leaf=4;num_leaves=2;num_spines=2;oversubscription=0.5,16nm,TT,0.85,25.0,1.25,800.0,64,4,2,2,0.5,V-2023.12-SP4,4029,4029,0,1027.116316,1027.116316,0.0,0.0,0.0,1.04,0.01,0.0,0,V-2023.12-SP4,3819,3819,0,1023.45,1023.45,0.0,1453.4277,0.7042,0.0,0.0,1.05,0.0,0.0,0,V-2023.12-SP3,V-2023.12-SP4,0.3968,0.7326,0.0014500000000000001,1.131,1.1294,1.41175,0.0,0.0,0.0,0.0,0.0,0.0,0.0,0.0,0.3968,0.7326,0.0014500000000000001,1.131,0.0,0.0,0.0,0.0,0.0,0.0,0.0,0.0,0.0,0.0,0.0,0.0,0.0,0.0,0.0,0.0,vectored,fixed_route,2,2026-08-20T07:26:43+00:00
foldedclos_128_4_2_2_1p0_10nm_TT_0V8_25C_800MHz,foldedclos,data_width=128;terminals_per_leaf=4;num_leaves=2;num_spines=2;oversubscription=1.0,10nm,TT,0.8,25.0,1.25,800.0,128,4,2,2,1.0,V-2023.12-SP4,7308,7308,0,943.411212,943.411212,0.0,0.0,0.0,0.79,0.26,0.0,0,V-2023.12-SP4,7404,7404,0,961.26,961.26,0.0,1336.6272,0.7192,0.0,0.0,0.77,0.28,0.0,0,V-2023.12-SP3,V-2023.12-SP4,0.6867000000000001,1.314,0.002496,2.003,2.0007,2.500875,0.0,0.0,0.0,0.0,0.0,0.0,0.0,0.0,0.6867000000000001,1.314,0.002496,2.003,0.0,0.0,0.0,0.0,0.0,0.0,0.0,0.0,0.0,0.0,0.0,0.0,0.0,0.0,0.0,0.0,unvectored,none,2,2026-08-20T07:33:33+00:00
foldedclos_128_4_2_2_1p0_10nm_TT_0V8_25C_800MHz,foldedclos,data_width=128;terminals_per_leaf=4;num_leaves=2;num_spines=2;oversubscription=1.0,10nm,TT,0.8,25.0,1.25,800.0,128,4,2,2,1.0,V-2023.12-SP4,7308,7308,0,943.411212,943.411212,0.0,0.0,0.0,0.79,0.26,0.0,0,V-2023.12-SP4,7404,7404,0,961.26,961.26,0.0,1336.6272,0.7192,0.0,0.0,0.77,0.28,0.0,0,V-2023.12-SP3,V-2023.12-SP4,1.085,1.9620000000000002,0.002475,3.049,3.047,3.8087500000000003,0.0,0.0,0.0,0.0,0.0,0.0,0.0,0.0,1.085,1.9620000000000002,0.002475,3.049,0.0,0.0,0.0,0.0,0.0,0.0,0.0,0.0,0.0,0.0,0.0,0.0,0.0,0.0,0.0,0.0,vectored,random,2,2026-08-20T07:33:40+00:00
foldedclos_128_4_2_2_1p0_10nm_TT_0V8_25C_800MHz,foldedclos,data_width=128;terminals_per_leaf=4;num_leaves=2;num_spines=2;oversubscription=1.0,10nm,TT,0.8,25.0,1.25,800.0,128,4,2,2,1.0,V-2023.12-SP4,7308,7308,0,943.411212,943.411212,0.0,0.0,0.0,0.79,0.26,0.0,0,V-2023.12-SP4,7404,7404,0,961.26,961.26,0.0,1336.6272,0.7192,0.0,0.0,0.77,0.28,0.0,0,V-2023.12-SP3,V-2023.12-SP4,0.6053000000000001,1.0790000000000002,0.002426,1.6869999999999998,1.6843000000000004,2.1053750000000004,0.0,0.0,0.0,0.0,0.0,0.0,0.0,0.0,0.6053000000000001,1.0790000000000002,0.002426,1.6869999999999998,0.0,0.0,0.0,0.0,0.0,0.0,0.0,0.0,0.0,0.0,0.0,0.0,0.0,0.0,0.0,0.0,vectored,fixed_route,2,2026-08-20T07:33:47+00:00
foldedclos_64_2_8_4_1p0_7nm_TT_0V75_25C_800MHz,foldedclos,data_width=64;terminals_per_leaf=2;num_leaves=8;num_spines=4;oversubscription=1.0,7nm,TT,0.75,25.0,1.25,800.0,64,2,8,4,1.0,V-2023.12-SP4,15409,15409,0,1078.092307,1078.092307,0.0,0.0,0.0,1.05,0.0,0.0,0,V-2023.12-SP4,15665,15665,0,1101.16,1101.16,0.0,1532.4019,0.7186,0.0,0.0,1.08,-0.03,-1.92,164,V-2023.12-SP3,V-2023.12-SP4,0.8088000000000001,1.7,0.004388,2.513,2.5088,3.136,0.0,0.0,0.0,0.0,0.0,0.0,0.0,0.0,0.8088000000000001,1.7,0.004388,2.513,0.0,0.0,0.0,0.0,0.0,0.0,0.0,0.0,0.0,0.0,0.0,0.0,0.0,0.0,0.0,0.0,unvectored,none,2,2026-08-20T07:50:09+00:00
foldedclos_64_2_8_4_1p0_7nm_TT_0V75_25C_800MHz,foldedclos,data_width=64;terminals_per_leaf=2;num_leaves=8;num_spines=4;oversubscription=1.0,7nm,TT,0.75,25.0,1.25,800.0,64,2,8,4,1.0,V-2023.12-SP4,15409,15409,0,1078.092307,1078.092307,0.0,0.0,0.0,1.05,0.0,0.0,0,V-2023.12-SP4,15665,15665,0,1101.16,1101.16,0.0,1532.4019,0.7186,0.0,0.0,1.08,-0.03,-1.92,164,V-2023.12-SP3,V-2023.12-SP4,1.315,2.545,0.004322,3.864,3.86,4.825,0.0,0.0,0.0,0.0,0.0,0.0,0.0,0.0,1.315,2.545,0.004322,3.864,0.0,0.0,0.0,0.0,0.0,0.0,0.0,0.0,0.0,0.0,0.0,0.0,0.0,0.0,0.0,0.0,vectored,random,2,2026-08-20T07:50:18+00:00
foldedclos_64_2_8_4_1p0_7nm_TT_0V75_25C_800MHz,foldedclos,data_width=64;terminals_per_leaf=2;num_leaves=8;num_spines=4;oversubscription=1.0,7nm,TT,0.75,25.0,1.25,800.0,64,2,8,4,1.0,V-2023.12-SP4,15409,15409,0,1078.092307,1078.092307,0.0,0.0,0.0,1.05,0.0,0.0,0,V-2023.12-SP4,15665,15665,0,1101.16,1101.16,0.0,1532.4019,0.7186,0.0,0.0,1.08,-0.03,-1.92,164,V-2023.12-SP3,V-2023.12-SP4,0.6724,1.373,0.00423,2.0500000000000003,2.0454,2.55675,0.0,0.0,0.0,0.0,0.0,0.0,0.0,0.0,0.6724,1.373,0.00423,2.0500000000000003,0.0,0.0,0.0,0.0,0.0,0.0,0.0,0.0,0.0,0.0,0.0,0.0,0.0,0.0,0.0,0.0,vectored,fixed_route,2,2026-08-20T07:50:26+00:00
foldedclos_128_4_2_2_1p0_16nm_TT_0V85_25C_1000MHz,foldedclos,data_width=128;terminals_per_leaf=4;num_leaves=2;num_spines=2;oversubscription=1.0,16nm,TT,0.85,25.0,1.0,1000.0,128,4,2,2,1.0,V-2023.12-SP4,11693,11693,0,2662.626875,2662.626875,0.0,0.0,0.0,0.8,0.0,0.0,0,V-2023.12-SP4,10114,10114,0,2449.75,2449.75,0.0,3800.7222,0.6445,0.0,0.0,0.83,-0.03,-0.11,12,V-2023.12-SP3,V-2023.12-SP4,1.297,2.347,0.003689,3.6470000000000002,3.644,3.644,0.0,0.0,0.0,0.0,0.0,0.0,0.0,0.0,1.297,2.347,0.003689,3.6470000000000002,0.0,0.0,0.0,0.0,0.0,0.0,0.0,0.0,0.0,0.0,0.0,0.0,0.0,0.0,0.0,0.0,unvectored,none,2,2026-08-20T07:51:46+00:00
foldedclos_128_4_2_2_1p0_16nm_TT_0V85_25C_1000MHz,foldedclos,data_width=128;terminals_per_leaf=4;num_leaves=2;num_spines=2;oversubscription=1.0,16nm,TT,0.85,25.0,1.0,1000.0,128,4,2,2,1.0,V-2023.12-SP4,11693,11693,0,2662.626875,2662.626875,0.0,0.0,0.0,0.8,0.0,0.0,0,V-2023.12-SP4,10114,10114,0,2449.75,2449.75,0.0,3800.7222,0.6445,0.0,0.0,0.83,-0.03,-0.11,12,V-2023.12-SP3,V-2023.12-SP4,2.148,3.7369999999999997,0.003642,5.889,5.885,5.885,0.0,0.0,0.0,0.0,0.0,0.0,0.0,0.0,2.148,3.7369999999999997,0.003642,5.889,0.0,0.0,0.0,0.0,0.0,0.0,0.0,0.0,0.0,0.0,0.0,0.0,0.0,0.0,0.0,0.0,vectored,random,2,2026-08-20T07:51:53+00:00
foldedclos_128_4_2_2_1p0_16nm_TT_0V85_25C_1000MHz,foldedclos,data_width=128;terminals_per_leaf=4;num_leaves=2;num_spines=2;oversubscription=1.0,16nm,TT,0.85,25.0,1.0,1000.0,128,4,2,2,1.0,V-2023.12-SP4,11693,11693,0,2662.626875,2662.626875,0.0,0.0,0.0,0.8,0.0,0.0,0,V-2023.12-SP4,10114,10114,0,2449.75,2449.75,0.0,3800.7222,0.6445,0.0,0.0,0.83,-0.03,-0.11,12,V-2023.12-SP3,V-2023.12-SP4,0.9873,1.7750000000000001,0.0035870000000000003,2.765,2.7623,2.7623,0.0,0.0,0.0,0.0,0.0,0.0,0.0,0.0,0.9873,1.7750000000000001,0.0035870000000000003,2.765,0.0,0.0,0.0,0.0,0.0,0.0,0.0,0.0,0.0,0.0,0.0,0.0,0.0,0.0,0.0,0.0,vectored,fixed_route,2,2026-08-20T07:52:01+00:00
foldedclos_128_4_2_2_0p5_10nm_TT_0V8_25C_1333p33MHz,foldedclos,data_width=128;terminals_per_leaf=4;num_leaves=2;num_spines=2;oversubscription=0.5,10nm,TT,0.8,25.0,0.75,1333.3333333333333,128,4,2,2,0.5,V-2023.12-SP4,10507,10507,0,1250.181122,1250.181122,0.0,0.0,0.0,0.55,0.0,0.0,0,V-2023.12-SP4,9303,9303,0,1129.48,1129.48,0.0,1784.2176,0.633,0.0,0.0,0.59,-0.04,-0.84,83,V-2023.12-SP3,V-2023.12-SP4,1.2570000000000001,2.447,0.0030819999999999997,3.707,3.704,2.778,0.0,0.0,0.0,0.0,0.0,0.0,0.0,0.0,1.2570000000000001,2.447,0.0030819999999999997,3.707,0.0,0.0,0.0,0.0,0.0,0.0,0.0,0.0,0.0,0.0,0.0,0.0,0.0,0.0,0.0,0.0,unvectored,none,2,2026-08-20T08:03:52+00:00
foldedclos_128_4_2_2_0p5_10nm_TT_0V8_25C_1333p33MHz,foldedclos,data_width=128;terminals_per_leaf=4;num_leaves=2;num_spines=2;oversubscription=0.5,10nm,TT,0.8,25.0,0.75,1333.3333333333333,128,4,2,2,0.5,V-2023.12-SP4,10507,10507,0,1250.181122,1250.181122,0.0,0.0,0.0,0.55,0.0,0.0,0,V-2023.12-SP4,9303,9303,0,1129.48,1129.48,0.0,1784.2176,0.633,0.0,0.0,0.59,-0.04,-0.84,83,V-2023.12-SP3,V-2023.12-SP4,2.058,3.751,0.0030580000000000004,5.812,5.808999999999999,4.35675,0.0,0.0,0.0,0.0,0.0,0.0,0.0,0.0,2.058,3.751,0.0030580000000000004,5.812,0.0,0.0,0.0,0.0,0.0,0.0,0.0,0.0,0.0,0.0,0.0,0.0,0.0,0.0,0.0,0.0,vectored,random,2,2026-08-20T08:03:59+00:00
foldedclos_128_4_2_2_0p5_10nm_TT_0V8_25C_1333p33MHz,foldedclos,data_width=128;terminals_per_leaf=4;num_leaves=2;num_spines=2;oversubscription=0.5,10nm,TT,0.8,25.0,0.75,1333.3333333333333,128,4,2,2,0.5,V-2023.12-SP4,10507,10507,0,1250.181122,1250.181122,0.0,0.0,0.0,0.55,0.0,0.0,0,V-2023.12-SP4,9303,9303,0,1129.48,1129.48,0.0,1784.2176,0.633,0.0,0.0,0.59,-0.04,-0.84,83,V-2023.12-SP3,V-2023.12-SP4,1.078,2.0300000000000002,0.002971,3.11,3.1080000000000005,2.3310000000000004,0.0,0.0,0.0,0.0,0.0,0.0,0.0,0.0,1.078,2.0300000000000002,0.002971,3.11,0.0,0.0,0.0,0.0,0.0,0.0,0.0,0.0,0.0,0.0,0.0,0.0,0.0,0.0,0.0,0.0,vectored,fixed_route,2,2026-08-20T08:04:07+00:00
foldedclos_64_2_8_4_0p5_7nm_TT_0V75_25C_1333p33MHz,foldedclos,data_width=64;terminals_per_leaf=2;num_leaves=8;num_spines=4;oversubscription=0.5,7nm,TT,0.75,25.0,0.75,1333.3333333333333,64,2,8,4,0.5,V-2023.12-SP4,27145,27145,0,1668.780281,1668.780281,0.0,0.0,0.0,0.55,0.0,0.0,0,V-2023.12-SP4,22307,22307,0,1374.7,1374.7,0.0,2371.8804,0.5796,0.0,0.0,0.61,-0.06,-7.27,634,V-2023.12-SP3,V-2023.12-SP4,1.9009999999999998,4.15,0.005540000000000001,6.0569999999999995,6.051,4.53825,0.0,0.0,0.0,0.0,0.0,0.0,0.0,0.0,1.9009999999999998,4.15,0.005540000000000001,6.0569999999999995,0.0,0.0,0.0,0.0,0.0,0.0,0.0,0.0,0.0,0.0,0.0,0.0,0.0,0.0,0.0,0.0,unvectored,none,2,2026-08-20T08:27:50+00:00
foldedclos_64_2_8_4_0p5_7nm_TT_0V75_25C_1333p33MHz,foldedclos,data_width=64;terminals_per_leaf=2;num_leaves=8;num_spines=4;oversubscription=0.5,7nm,TT,0.75,25.0,0.75,1333.3333333333333,64,2,8,4,0.5,V-2023.12-SP4,27145,27145,0,1668.780281,1668.780281,0.0,0.0,0.0,0.55,0.0,0.0,0,V-2023.12-SP4,22307,22307,0,1374.7,1374.7,0.0,2371.8804,0.5796,0.0,0.0,0.61,-0.06,-7.27,634,V-2023.12-SP3,V-2023.12-SP4,3.2070000000000003,6.361000000000001,0.005445,9.574,9.568000000000001,7.176000000000001,0.0,0.0,0.0,0.0,0.0,0.0,0.0,0.0,3.2070000000000003,6.361000000000001,0.005445,9.574,0.0,0.0,0.0,0.0,0.0,0.0,0.0,0.0,0.0,0.0,0.0,0.0,0.0,0.0,0.0,0.0,vectored,random,2,2026-08-20T08:27:58+00:00
foldedclos_64_2_8_4_0p5_7nm_TT_0V75_25C_1333p33MHz,foldedclos,data_width=64;terminals_per_leaf=2;num_leaves=8;num_spines=4;oversubscription=0.5,7nm,TT,0.75,25.0,0.75,1333.3333333333333,64,2,8,4,0.5,V-2023.12-SP4,27145,27145,0,1668.780281,1668.780281,0.0,0.0,0.0,0.55,0.0,0.0,0,V-2023.12-SP4,22307,22307,0,1374.7,1374.7,0.0,2371.8804,0.5796,0.0,0.0,0.61,-0.06,-7.27,634,V-2023.12-SP3,V-2023.12-SP4,1.511,3.527,0.005366,5.043,5.038,3.7785,0.0,0.0,0.0,0.0,0.0,0.0,0.0,0.0,1.511,3.527,0.005366,5.043,0.0,0.0,0.0,0.0,0.0,0.0,0.0,0.0,0.0,0.0,0.0,0.0,0.0,0.0,0.0,0.0,vectored,fixed_route,2,2026-08-20T08:28:07+00:00
foldedclos_128_4_2_2_1p0_16nm_TT_0V85_25C_666p667MHz,foldedclos,data_width=128;terminals_per_leaf=4;num_leaves=2;num_spines=2;oversubscription=1.0,16nm,TT,0.85,25.0,1.5,666.6666666666666,128,4,2,2,1.0,V-2023.12-SP4,7286,7286,0,1911.216437,1911.216437,0.0,0.0,0.0,1.26,0.04,0.0,0,V-2023.12-SP4,7388,7388,0,1980.14,1980.14,0.0,2704.1818,0.7323,0.0,0.0,1.29,0.01,0.0,0,V-2023.12-SP3,V-2023.12-SP4,0.7459,1.489,0.002943,2.238,2.2349,3.3523500000000004,0.0,0.0,0.0,0.0,0.0,0.0,0.0,0.0,0.7459,1.489,0.002943,2.238,0.0,0.0,0.0,0.0,0.0,0.0,0.0,0.0,0.0,0.0,0.0,0.0,0.0,0.0,0.0,0.0,unvectored,none,2,2026-08-20T08:29:18+00:00
foldedclos_128_4_2_2_1p0_16nm_TT_0V85_25C_666p667MHz,foldedclos,data_width=128;terminals_per_leaf=4;num_leaves=2;num_spines=2;oversubscription=1.0,16nm,TT,0.85,25.0,1.5,666.6666666666666,128,4,2,2,1.0,V-2023.12-SP4,7286,7286,0,1911.216437,1911.216437,0.0,0.0,0.0,1.26,0.04,0.0,0,V-2023.12-SP4,7388,7388,0,1980.14,1980.14,0.0,2704.1818,0.7323,0.0,0.0,1.29,0.01,0.0,0,V-2023.12-SP3,V-2023.12-SP4,1.199,2.271,0.0029189999999999997,3.473,3.4699999999999998,5.205,0.0,0.0,0.0,0.0,0.0,0.0,0.0,0.0,1.199,2.271,0.0029189999999999997,3.473,0.0,0.0,0.0,0.0,0.0,0.0,0.0,0.0,0.0,0.0,0.0,0.0,0.0,0.0,0.0,0.0,vectored,random,2,2026-08-20T08:29:25+00:00
foldedclos_128_4_2_2_1p0_16nm_TT_0V85_25C_666p667MHz,foldedclos,data_width=128;terminals_per_leaf=4;num_leaves=2;num_spines=2;oversubscription=1.0,16nm,TT,0.85,25.0,1.5,666.6666666666666,128,4,2,2,1.0,V-2023.12-SP4,7286,7286,0,1911.216437,1911.216437,0.0,0.0,0.0,1.26,0.04,0.0,0,V-2023.12-SP4,7388,7388,0,1980.14,1980.14,0.0,2704.1818,0.7323,0.0,0.0,1.29,0.01,0.0,0,V-2023.12-SP3,V-2023.12-SP4,0.6524,1.236,0.0028569999999999997,1.891,1.8883999999999999,2.8326,0.0,0.0,0.0,0.0,0.0,0.0,0.0,0.0,0.6524,1.236,0.0028569999999999997,1.891,0.0,0.0,0.0,0.0,0.0,0.0,0.0,0.0,0.0,0.0,0.0,0.0,0.0,0.0,0.0,0.0,vectored,fixed_route,2,2026-08-20T08:29:33+00:00
foldedclos_128_4_2_2_0p5_10nm_TT_0V8_25C_800MHz,foldedclos,data_width=128;terminals_per_leaf=4;num_leaves=2;num_spines=2;oversubscription=0.5,10nm,TT,0.8,25.0,1.25,800.0,128,4,2,2,0.5,V-2023.12-SP4,7308,7308,0,943.411212,943.411212,0.0,0.0,0.0,0.79,0.26,0.0,0,V-2023.12-SP4,7404,7404,0,961.26,961.26,0.0,1336.6272,0.7192,0.0,0.0,0.77,0.28,0.0,0,V-2023.12-SP3,V-2023.12-SP4,0.6868,1.315,0.002496,2.004,2.0018,2.5022499999999996,0.0,0.0,0.0,0.0,0.0,0.0,0.0,0.0,0.6868,1.315,0.002496,2.004,0.0,0.0,0.0,0.0,0.0,0.0,0.0,0.0,0.0,0.0,0.0,0.0,0.0,0.0,0.0,0.0,unvectored,none,2,2026-08-20T08:46:29+00:00
foldedclos_128_4_2_2_0p5_10nm_TT_0V8_25C_800MHz,foldedclos,data_width=128;terminals_per_leaf=4;num_leaves=2;num_spines=2;oversubscription=0.5,10nm,TT,0.8,25.0,1.25,800.0,128,4,2,2,0.5,V-2023.12-SP4,7308,7308,0,943.411212,943.411212,0.0,0.0,0.0,0.79,0.26,0.0,0,V-2023.12-SP4,7404,7404,0,961.26,961.26,0.0,1336.6272,0.7192,0.0,0.0,0.77,0.28,0.0,0,V-2023.12-SP3,V-2023.12-SP4,1.0839999999999999,1.9620000000000002,0.002475,3.049,3.0460000000000003,3.8075,0.0,0.0,0.0,0.0,0.0,0.0,0.0,0.0,1.0839999999999999,1.9620000000000002,0.002475,3.049,0.0,0.0,0.0,0.0,0.0,0.0,0.0,0.0,0.0,0.0,0.0,0.0,0.0,0.0,0.0,0.0,vectored,random,2,2026-08-20T08:46:36+00:00
foldedclos_128_4_2_2_0p5_10nm_TT_0V8_25C_800MHz,foldedclos,data_width=128;terminals_per_leaf=4;num_leaves=2;num_spines=2;oversubscription=0.5,10nm,TT,0.8,25.0,1.25,800.0,128,4,2,2,0.5,V-2023.12-SP4,7308,7308,0,943.411212,943.411212,0.0,0.0,0.0,0.79,0.26,0.0,0,V-2023.12-SP4,7404,7404,0,961.26,961.26,0.0,1336.6272,0.7192,0.0,0.0,0.77,0.28,0.0,0,V-2023.12-SP3,V-2023.12-SP4,0.6053000000000001,1.08,0.002426,1.6869999999999998,1.6853000000000002,2.106625,0.0,0.0,0.0,0.0,0.0,0.0,0.0,0.0,0.6053000000000001,1.08,0.002426,1.6869999999999998,0.0,0.0,0.0,0.0,0.0,0.0,0.0,0.0,0.0,0.0,0.0,0.0,0.0,0.0,0.0,0.0,vectored,fixed_route,2,2026-08-20T08:46:43+00:00
foldedclos_128_4_2_2_0p5_16nm_TT_0V85_25C_1000MHz,foldedclos,data_width=128;terminals_per_leaf=4;num_leaves=2;num_spines=2;oversubscription=0.5,16nm,TT,0.85,25.0,1.0,1000.0,128,4,2,2,0.5,V-2023.12-SP4,11693,11693,0,2662.626875,2662.626875,0.0,0.0,0.0,0.8,0.0,0.0,0,V-2023.12-SP4,10114,10114,0,2449.75,2449.75,0.0,3800.7222,0.6445,0.0,0.0,0.82,-0.02,-0.13,14,V-2023.12-SP3,V-2023.12-SP4,1.297,2.348,0.003689,3.648,3.6449999999999996,3.6449999999999996,0.0,0.0,0.0,0.0,0.0,0.0,0.0,0.0,1.297,2.348,0.003689,3.648,0.0,0.0,0.0,0.0,0.0,0.0,0.0,0.0,0.0,0.0,0.0,0.0,0.0,0.0,0.0,0.0,unvectored,none,2,2026-08-20T08:52:45+00:00
foldedclos_128_4_2_2_0p5_16nm_TT_0V85_25C_1000MHz,foldedclos,data_width=128;terminals_per_leaf=4;num_leaves=2;num_spines=2;oversubscription=0.5,16nm,TT,0.85,25.0,1.0,1000.0,128,4,2,2,0.5,V-2023.12-SP4,11693,11693,0,2662.626875,2662.626875,0.0,0.0,0.0,0.8,0.0,0.0,0,V-2023.12-SP4,10114,10114,0,2449.75,2449.75,0.0,3800.7222,0.6445,0.0,0.0,0.82,-0.02,-0.13,14,V-2023.12-SP3,V-2023.12-SP4,2.149,3.742,0.003643,5.8950000000000005,5.891,5.891,0.0,0.0,0.0,0.0,0.0,0.0,0.0,0.0,2.149,3.742,0.003643,5.8950000000000005,0.0,0.0,0.0,0.0,0.0,0.0,0.0,0.0,0.0,0.0,0.0,0.0,0.0,0.0,0.0,0.0,vectored,random,2,2026-08-20T08:52:52+00:00
foldedclos_128_4_2_2_0p5_16nm_TT_0V85_25C_1000MHz,foldedclos,data_width=128;terminals_per_leaf=4;num_leaves=2;num_spines=2;oversubscription=0.5,16nm,TT,0.85,25.0,1.0,1000.0,128,4,2,2,0.5,V-2023.12-SP4,11693,11693,0,2662.626875,2662.626875,0.0,0.0,0.0,0.8,0.0,0.0,0,V-2023.12-SP4,10114,10114,0,2449.75,2449.75,0.0,3800.7222,0.6445,0.0,0.0,0.82,-0.02,-0.13,14,V-2023.12-SP3,V-2023.12-SP4,0.9873,1.776,0.0035870000000000003,2.767,2.7633,2.7633,0.0,0.0,0.0,0.0,0.0,0.0,0.0,0.0,0.9873,1.776,0.0035870000000000003,2.767,0.0,0.0,0.0,0.0,0.0,0.0,0.0,0.0,0.0,0.0,0.0,0.0,0.0,0.0,0.0,0.0,vectored,fixed_route,2,2026-08-20T08:52:59+00:00
foldedclos_32_2_8_4_1p0_10nm_TT_0V8_25C_1333p33MHz,foldedclos,data_width=32;terminals_per_leaf=2;num_leaves=8;num_spines=4;oversubscription=1.0,10nm,TT,0.8,25.0,0.75,1333.3333333333333,32,2,8,4,1.0,V-2023.12-SP4,13725,13725,0,1590.190079,1590.190079,0.0,0.0,0.0,0.55,0.0,0.0,0,V-2023.12-SP4,11406,11406,0,1345.35,1345.35,0.0,2266.5216,0.5936,0.0,0.0,0.62,-0.07,-11.56,458,V-2023.12-SP3,V-2023.12-SP4,1.211,2.35,0.003791,3.565,3.561,2.67075,0.0,0.0,0.0,0.0,0.0,0.0,0.0,0.0,1.211,2.35,0.003791,3.565,0.0,0.0,0.0,0.0,0.0,0.0,0.0,0.0,0.0,0.0,0.0,0.0,0.0,0.0,0.0,0.0,unvectored,none,2,2026-08-20T08:58:02+00:00
foldedclos_32_2_8_4_1p0_10nm_TT_0V8_25C_1333p33MHz,foldedclos,data_width=32;terminals_per_leaf=2;num_leaves=8;num_spines=4;oversubscription=1.0,10nm,TT,0.8,25.0,0.75,1333.3333333333333,32,2,8,4,1.0,V-2023.12-SP4,13725,13725,0,1590.190079,1590.190079,0.0,0.0,0.0,0.55,0.0,0.0,0,V-2023.12-SP4,11406,11406,0,1345.35,1345.35,0.0,2266.5216,0.5936,0.0,0.0,0.62,-0.07,-11.56,458,V-2023.12-SP3,V-2023.12-SP4,1.95,3.535,0.0037359999999999997,5.489,5.485,4.1137500000000005,0.0,0.0,0.0,0.0,0.0,0.0,0.0,0.0,1.95,3.535,0.0037359999999999997,5.489,0.0,0.0,0.0,0.0,0.0,0.0,0.0,0.0,0.0,0.0,0.0,0.0,0.0,0.0,0.0,0.0,vectored,random,2,2026-08-20T08:58:10+00:00
foldedclos_32_2_8_4_1p0_10nm_TT_0V8_25C_1333p33MHz,foldedclos,data_width=32;terminals_per_leaf=2;num_leaves=8;num_spines=4;oversubscription=1.0,10nm,TT,0.8,25.0,0.75,1333.3333333333333,32,2,8,4,1.0,V-2023.12-SP4,13725,13725,0,1590.190079,1590.190079,0.0,0.0,0.0,0.55,0.0,0.0,0,V-2023.12-SP4,11406,11406,0,1345.35,1345.35,0.0,2266.5216,0.5936,0.0,0.0,0.62,-0.07,-11.56,458,V-2023.12-SP3,V-2023.12-SP4,0.9051,1.829,0.003681,2.738,2.7340999999999998,2.050575,0.0,0.0,0.0,0.0,0.0,0.0,0.0,0.0,0.9051,1.829,0.003681,2.738,0.0,0.0,0.0,0.0,0.0,0.0,0.0,0.0,0.0,0.0,0.0,0.0,0.0,0.0,0.0,0.0,vectored,fixed_route,2,2026-08-20T08:58:17+00:00
foldedclos_32_2_8_4_1p0_10nm_TT_0V8_25C_800MHz,foldedclos,data_width=32;terminals_per_leaf=2;num_leaves=8;num_spines=4;oversubscription=1.0,10nm,TT,0.8,25.0,1.25,800.0,32,2,8,4,1.0,V-2023.12-SP4,8281,8281,0,1084.3853,1084.3853,0.0,0.0,0.0,1.05,0.0,0.0,0,V-2023.12-SP4,8225,8225,0,1091.79,1091.79,0.0,1538.519,0.7096,0.0,0.0,1.04,0.01,0.0,0,V-2023.12-SP3,V-2023.12-SP4,0.5373,1.062,0.003062,1.6019999999999999,1.5993,1.9991249999999998,0.0,0.0,0.0,0.0,0.0,0.0,0.0,0.0,0.5373,1.062,0.003062,1.6019999999999999,0.0,0.0,0.0,0.0,0.0,0.0,0.0,0.0,0.0,0.0,0.0,0.0,0.0,0.0,0.0,0.0,unvectored,none,2,2026-08-20T09:19:39+00:00
foldedclos_32_2_8_4_1p0_10nm_TT_0V8_25C_800MHz,foldedclos,data_width=32;terminals_per_leaf=2;num_leaves=8;num_spines=4;oversubscription=1.0,10nm,TT,0.8,25.0,1.25,800.0,32,2,8,4,1.0,V-2023.12-SP4,8281,8281,0,1084.3853,1084.3853,0.0,0.0,0.0,1.05,0.0,0.0,0,V-2023.12-SP4,8225,8225,0,1091.79,1091.79,0.0,1538.519,0.7096,0.0,0.0,1.04,0.01,0.0,0,V-2023.12-SP3,V-2023.12-SP4,0.8621,1.557,0.003017,2.422,2.4191,3.023875,0.0,0.0,0.0,0.0,0.0,0.0,0.0,0.0,0.8621,1.557,0.003017,2.422,0.0,0.0,0.0,0.0,0.0,0.0,0.0,0.0,0.0,0.0,0.0,0.0,0.0,0.0,0.0,0.0,vectored,random,2,2026-08-20T09:19:46+00:00
foldedclos_32_2_8_4_1p0_10nm_TT_0V8_25C_800MHz,foldedclos,data_width=32;terminals_per_leaf=2;num_leaves=8;num_spines=4;oversubscription=1.0,10nm,TT,0.8,25.0,1.25,800.0,32,2,8,4,1.0,V-2023.12-SP4,8281,8281,0,1084.3853,1084.3853,0.0,0.0,0.0,1.05,0.0,0.0,0,V-2023.12-SP4,8225,8225,0,1091.79,1091.79,0.0,1538.519,0.7096,0.0,0.0,1.04,0.01,0.0,0,V-2023.12-SP3,V-2023.12-SP4,0.4027,0.7699,0.002957,1.176,1.1726,1.46575,0.0,0.0,0.0,0.0,0.0,0.0,0.0,0.0,0.4027,0.7699,0.002957,1.176,0.0,0.0,0.0,0.0,0.0,0.0,0.0,0.0,0.0,0.0,0.0,0.0,0.0,0.0,0.0,0.0,vectored,fixed_route,2,2026-08-20T09:19:53+00:00
foldedclos_64_2_8_4_0p5_7nm_TT_0V75_25C_800MHz,foldedclos,data_width=64;terminals_per_leaf=2;num_leaves=8;num_spines=4;oversubscription=0.5,7nm,TT,0.75,25.0,1.25,800.0,64,2,8,4,0.5,V-2023.12-SP4,15409,15409,0,1078.092307,1078.092307,0.0,0.0,0.0,1.05,0.0,0.0,0,V-2023.12-SP4,15665,15665,0,1101.16,1101.16,0.0,1532.4019,0.7186,0.0,0.0,1.09,-0.04,-2.17,169,V-2023.12-SP3,V-2023.12-SP4,0.8088000000000001,1.7,0.004388,2.513,2.5088,3.136,0.0,0.0,0.0,0.0,0.0,0.0,0.0,0.0,0.8088000000000001,1.7,0.004388,2.513,0.0,0.0,0.0,0.0,0.0,0.0,0.0,0.0,0.0,0.0,0.0,0.0,0.0,0.0,0.0,0.0,unvectored,none,2,2026-08-20T09:22:17+00:00
foldedclos_64_2_8_4_0p5_7nm_TT_0V75_25C_800MHz,foldedclos,data_width=64;terminals_per_leaf=2;num_leaves=8;num_spines=4;oversubscription=0.5,7nm,TT,0.75,25.0,1.25,800.0,64,2,8,4,0.5,V-2023.12-SP4,15409,15409,0,1078.092307,1078.092307,0.0,0.0,0.0,1.05,0.0,0.0,0,V-2023.12-SP4,15665,15665,0,1101.16,1101.16,0.0,1532.4019,0.7186,0.0,0.0,1.09,-0.04,-2.17,169,V-2023.12-SP3,V-2023.12-SP4,1.315,2.545,0.004322,3.864,3.86,4.825,0.0,0.0,0.0,0.0,0.0,0.0,0.0,0.0,1.315,2.545,0.004322,3.864,0.0,0.0,0.0,0.0,0.0,0.0,0.0,0.0,0.0,0.0,0.0,0.0,0.0,0.0,0.0,0.0,vectored,random,2,2026-08-20T09:22:26+00:00
foldedclos_64_2_8_4_0p5_7nm_TT_0V75_25C_800MHz,foldedclos,data_width=64;terminals_per_leaf=2;num_leaves=8;num_spines=4;oversubscription=0.5,7nm,TT,0.75,25.0,1.25,800.0,64,2,8,4,0.5,V-2023.12-SP4,15409,15409,0,1078.092307,1078.092307,0.0,0.0,0.0,1.05,0.0,0.0,0,V-2023.12-SP4,15665,15665,0,1101.16,1101.16,0.0,1532.4019,0.7186,0.0,0.0,1.09,-0.04,-2.17,169,V-2023.12-SP3,V-2023.12-SP4,0.6724,1.374,0.00423,2.0509999999999997,2.0464,2.5580000000000003,0.0,0.0,0.0,0.0,0.0,0.0,0.0,0.0,0.6724,1.374,0.00423,2.0509999999999997,0.0,0.0,0.0,0.0,0.0,0.0,0.0,0.0,0.0,0.0,0.0,0.0,0.0,0.0,0.0,0.0,vectored,fixed_route,2,2026-08-20T09:22:35+00:00
foldedclos_128_4_2_2_0p5_16nm_TT_0V85_25C_666p667MHz,foldedclos,data_width=128;terminals_per_leaf=4;num_leaves=2;num_spines=2;oversubscription=0.5,16nm,TT,0.85,25.0,1.5,666.6666666666666,128,4,2,2,0.5,V-2023.12-SP4,7286,7286,0,1911.216437,1911.216437,0.0,0.0,0.0,1.26,0.04,0.0,0,V-2023.12-SP4,7388,7388,0,1980.14,1980.14,0.0,2704.1818,0.7323,0.0,0.0,1.3,0.0,0.0,0,V-2023.12-SP3,V-2023.12-SP4,0.746,1.49,0.002943,2.2390000000000003,2.2359999999999998,3.3539999999999996,0.0,0.0,0.0,0.0,0.0,0.0,0.0,0.0,0.746,1.49,0.002943,2.2390000000000003,0.0,0.0,0.0,0.0,0.0,0.0,0.0,0.0,0.0,0.0,0.0,0.0,0.0,0.0,0.0,0.0,unvectored,none,2,2026-08-20T09:27:54+00:00
foldedclos_128_4_2_2_0p5_16nm_TT_0V85_25C_666p667MHz,foldedclos,data_width=128;terminals_per_leaf=4;num_leaves=2;num_spines=2;oversubscription=0.5,16nm,TT,0.85,25.0,1.5,666.6666666666666,128,4,2,2,0.5,V-2023.12-SP4,7286,7286,0,1911.216437,1911.216437,0.0,0.0,0.0,1.26,0.04,0.0,0,V-2023.12-SP4,7388,7388,0,1980.14,1980.14,0.0,2704.1818,0.7323,0.0,0.0,1.3,0.0,0.0,0,V-2023.12-SP3,V-2023.12-SP4,1.2,2.275,0.0029189999999999997,3.478,3.4749999999999996,5.2124999999999995,0.0,0.0,0.0,0.0,0.0,0.0,0.0,0.0,1.2,2.275,0.0029189999999999997,3.478,0.0,0.0,0.0,0.0,0.0,0.0,0.0,0.0,0.0,0.0,0.0,0.0,0.0,0.0,0.0,0.0,vectored,random,2,2026-08-20T09:28:01+00:00
foldedclos_128_4_2_2_0p5_16nm_TT_0V85_25C_666p667MHz,foldedclos,data_width=128;terminals_per_leaf=4;num_leaves=2;num_spines=2;oversubscription=0.5,16nm,TT,0.85,25.0,1.5,666.6666666666666,128,4,2,2,0.5,V-2023.12-SP4,7286,7286,0,1911.216437,1911.216437,0.0,0.0,0.0,1.26,0.04,0.0,0,V-2023.12-SP4,7388,7388,0,1980.14,1980.14,0.0,2704.1818,0.7323,0.0,0.0,1.3,0.0,0.0,0,V-2023.12-SP3,V-2023.12-SP4,0.6524,1.236,0.0028569999999999997,1.891,1.8883999999999999,2.8326,0.0,0.0,0.0,0.0,0.0,0.0,0.0,0.0,0.6524,1.236,0.0028569999999999997,1.891,0.0,0.0,0.0,0.0,0.0,0.0,0.0,0.0,0.0,0.0,0.0,0.0,0.0,0.0,0.0,0.0,vectored,fixed_route,2,2026-08-20T09:28:09+00:00
foldedclos_32_2_8_4_0p5_10nm_TT_0V8_25C_1333p33MHz,foldedclos,data_width=32;terminals_per_leaf=2;num_leaves=8;num_spines=4;oversubscription=0.5,10nm,TT,0.8,25.0,0.75,1333.3333333333333,32,2,8,4,0.5,V-2023.12-SP4,13725,13725,0,1590.190079,1590.190079,0.0,0.0,0.0,0.55,0.0,0.0,0,V-2023.12-SP4,11406,11406,0,1345.35,1345.35,0.0,2266.5216,0.5936,0.0,0.0,0.61,-0.06,-11.19,458,V-2023.12-SP3,V-2023.12-SP4,1.211,2.35,0.003791,3.565,3.561,2.67075,0.0,0.0,0.0,0.0,0.0,0.0,0.0,0.0,1.211,2.35,0.003791,3.565,0.0,0.0,0.0,0.0,0.0,0.0,0.0,0.0,0.0,0.0,0.0,0.0,0.0,0.0,0.0,0.0,unvectored,none,2,2026-08-20T09:31:36+00:00
foldedclos_32_2_8_4_0p5_10nm_TT_0V8_25C_1333p33MHz,foldedclos,data_width=32;terminals_per_leaf=2;num_leaves=8;num_spines=4;oversubscription=0.5,10nm,TT,0.8,25.0,0.75,1333.3333333333333,32,2,8,4,0.5,V-2023.12-SP4,13725,13725,0,1590.190079,1590.190079,0.0,0.0,0.0,0.55,0.0,0.0,0,V-2023.12-SP4,11406,11406,0,1345.35,1345.35,0.0,2266.5216,0.5936,0.0,0.0,0.61,-0.06,-11.19,458,V-2023.12-SP3,V-2023.12-SP4,1.951,3.5370000000000004,0.0037359999999999997,5.492,5.488,4.1160000000000005,0.0,0.0,0.0,0.0,0.0,0.0,0.0,0.0,1.951,3.5370000000000004,0.0037359999999999997,5.492,0.0,0.0,0.0,0.0,0.0,0.0,0.0,0.0,0.0,0.0,0.0,0.0,0.0,0.0,0.0,0.0,vectored,random,2,2026-08-20T09:31:44+00:00
foldedclos_32_2_8_4_0p5_10nm_TT_0V8_25C_1333p33MHz,foldedclos,data_width=32;terminals_per_leaf=2;num_leaves=8;num_spines=4;oversubscription=0.5,10nm,TT,0.8,25.0,0.75,1333.3333333333333,32,2,8,4,0.5,V-2023.12-SP4,13725,13725,0,1590.190079,1590.190079,0.0,0.0,0.0,0.55,0.0,0.0,0,V-2023.12-SP4,11406,11406,0,1345.35,1345.35,0.0,2266.5216,0.5936,0.0,0.0,0.61,-0.06,-11.19,458,V-2023.12-SP3,V-2023.12-SP4,0.9051,1.829,0.003681,2.738,2.7340999999999998,2.050575,0.0,0.0,0.0,0.0,0.0,0.0,0.0,0.0,0.9051,1.829,0.003681,2.738,0.0,0.0,0.0,0.0,0.0,0.0,0.0,0.0,0.0,0.0,0.0,0.0,0.0,0.0,0.0,0.0,vectored,fixed_route,2,2026-08-20T09:31:51+00:00
foldedclos_32_4_4_2_0p5_7nm_TT_0V75_25C_1333p33MHz,foldedclos,data_width=32;terminals_per_leaf=4;num_leaves=4;num_spines=2;oversubscription=0.5,7nm,TT,0.75,25.0,0.75,1333.3333333333333,32,4,4,2,0.5,V-2023.12-SP4,14964,14964,0,901.458427,901.458427,0.0,0.0,0.0,0.55,0.0,0.0,0,V-2023.12-SP4,11409,11409,0,709.39,709.39,0.0,1282.4986,0.5531,0.0,0.0,0.58,-0.03,-1.28,140,V-2023.12-SP3,V-2023.12-SP4,0.9544,2.155,0.002761,3.112,3.1094,2.3320499999999997,0.0,0.0,0.0,0.0,0.0,0.0,0.0,0.0,0.9544,2.155,0.002761,3.112,0.0,0.0,0.0,0.0,0.0,0.0,0.0,0.0,0.0,0.0,0.0,0.0,0.0,0.0,0.0,0.0,unvectored,none,2,2026-08-20T09:40:53+00:00
foldedclos_32_4_4_2_0p5_7nm_TT_0V75_25C_1333p33MHz,foldedclos,data_width=32;terminals_per_leaf=4;num_leaves=4;num_spines=2;oversubscription=0.5,7nm,TT,0.75,25.0,0.75,1333.3333333333333,32,4,4,2,0.5,V-2023.12-SP4,14964,14964,0,901.458427,901.458427,0.0,0.0,0.0,0.55,0.0,0.0,0,V-2023.12-SP4,11409,11409,0,709.39,709.39,0.0,1282.4986,0.5531,0.0,0.0,0.58,-0.03,-1.28,140,V-2023.12-SP3,V-2023.12-SP4,1.555,3.189,0.0027240000000000003,4.747000000000001,4.744,3.558,0.0,0.0,0.0,0.0,0.0,0.0,0.0,0.0,1.555,3.189,0.0027240000000000003,4.747000000000001,0.0,0.0,0.0,0.0,0.0,0.0,0.0,0.0,0.0,0.0,0.0,0.0,0.0,0.0,0.0,0.0,vectored,random,2,2026-08-20T09:41:00+00:00
foldedclos_32_4_4_2_0p5_7nm_TT_0V75_25C_1333p33MHz,foldedclos,data_width=32;terminals_per_leaf=4;num_leaves=4;num_spines=2;oversubscription=0.5,7nm,TT,0.75,25.0,0.75,1333.3333333333333,32,4,4,2,0.5,V-2023.12-SP4,14964,14964,0,901.458427,901.458427,0.0,0.0,0.0,0.55,0.0,0.0,0,V-2023.12-SP4,11409,11409,0,709.39,709.39,0.0,1282.4986,0.5531,0.0,0.0,0.58,-0.03,-1.28,140,V-2023.12-SP3,V-2023.12-SP4,0.7161,1.7810000000000001,0.002653,2.5,2.4971,1.8728250000000002,0.0,0.0,0.0,0.0,0.0,0.0,0.0,0.0,0.7161,1.7810000000000001,0.002653,2.5,0.0,0.0,0.0,0.0,0.0,0.0,0.0,0.0,0.0,0.0,0.0,0.0,0.0,0.0,0.0,0.0,vectored,fixed_route,2,2026-08-20T09:41:07+00:00
foldedclos_32_2_8_4_1p0_16nm_TT_0V85_25C_1000MHz,foldedclos,data_width=32;terminals_per_leaf=2;num_leaves=8;num_spines=4;oversubscription=1.0,16nm,TT,0.85,25.0,1.0,1000.0,32,2,8,4,1.0,V-2023.12-SP4,13236,13236,0,3101.317699,3101.317699,0.0,0.0,0.0,0.8,0.0,0.0,0,V-2023.12-SP4,11465,11465,0,2825.67,2825.67,0.0,4406.8147,0.6412,0.0,0.0,0.88,-0.08,-1.98,142,V-2023.12-SP3,V-2023.12-SP4,1.1260000000000001,2.175,0.004423,3.306,3.301,3.301,0.0,0.0,0.0,0.0,0.0,0.0,0.0,0.0,1.1260000000000001,2.175,0.004423,3.306,0.0,0.0,0.0,0.0,0.0,0.0,0.0,0.0,0.0,0.0,0.0,0.0,0.0,0.0,0.0,0.0,unvectored,none,2,2026-08-20T09:41:11+00:00
foldedclos_32_2_8_4_1p0_16nm_TT_0V85_25C_1000MHz,foldedclos,data_width=32;terminals_per_leaf=2;num_leaves=8;num_spines=4;oversubscription=1.0,16nm,TT,0.85,25.0,1.0,1000.0,32,2,8,4,1.0,V-2023.12-SP4,13236,13236,0,3101.317699,3101.317699,0.0,0.0,0.0,0.8,0.0,0.0,0,V-2023.12-SP4,11465,11465,0,2825.67,2825.67,0.0,4406.8147,0.6412,0.0,0.0,0.88,-0.08,-1.98,142,V-2023.12-SP3,V-2023.12-SP4,1.746,3.198,0.004377,4.948,4.944,4.944,0.0,0.0,0.0,0.0,0.0,0.0,0.0,0.0,1.746,3.198,0.004377,4.948,0.0,0.0,0.0,0.0,0.0,0.0,0.0,0.0,0.0,0.0,0.0,0.0,0.0,0.0,0.0,0.0,vectored,random,2,2026-08-20T09:41:18+00:00
foldedclos_32_2_8_4_1p0_16nm_TT_0V85_25C_1000MHz,foldedclos,data_width=32;terminals_per_leaf=2;num_leaves=8;num_spines=4;oversubscription=1.0,16nm,TT,0.85,25.0,1.0,1000.0,32,2,8,4,1.0,V-2023.12-SP4,13236,13236,0,3101.317699,3101.317699,0.0,0.0,0.0,0.8,0.0,0.0,0,V-2023.12-SP4,11465,11465,0,2825.67,2825.67,0.0,4406.8147,0.6412,0.0,0.0,0.88,-0.08,-1.98,142,V-2023.12-SP3,V-2023.12-SP4,0.7867,1.6509999999999998,0.004299,2.442,2.4376999999999995,2.4376999999999995,0.0,0.0,0.0,0.0,0.0,0.0,0.0,0.0,0.7867,1.6509999999999998,0.004299,2.442,0.0,0.0,0.0,0.0,0.0,0.0,0.0,0.0,0.0,0.0,0.0,0.0,0.0,0.0,0.0,0.0,vectored,fixed_route,2,2026-08-20T09:41:26+00:00
foldedclos_32_2_8_4_1p0_16nm_TT_0V85_25C_666p667MHz,foldedclos,data_width=32;terminals_per_leaf=2;num_leaves=8;num_spines=4;oversubscription=1.0,16nm,TT,0.85,25.0,1.5,666.6666666666666,32,2,8,4,1.0,V-2023.12-SP4,13141,13141,0,3084.272703,3084.272703,0.0,0.0,0.0,1.3,0.0,0.0,0,V-2023.12-SP4,11227,11227,0,2735.47,2735.47,0.0,4392.5069,0.6228,0.0,0.0,1.35,-0.05,-0.28,16,V-2023.12-SP3,V-2023.12-SP4,0.8262,1.5790000000000002,0.004223,2.4090000000000003,2.4052000000000002,3.6078,0.0,0.0,0.0,0.0,0.0,0.0,0.0,0.0,0.8262,1.5790000000000002,0.004223,2.4090000000000003,0.0,0.0,0.0,0.0,0.0,0.0,0.0,0.0,0.0,0.0,0.0,0.0,0.0,0.0,0.0,0.0,unvectored,none,2,2026-08-20T09:52:58+00:00
foldedclos_32_2_8_4_1p0_16nm_TT_0V85_25C_666p667MHz,foldedclos,data_width=32;terminals_per_leaf=2;num_leaves=8;num_spines=4;oversubscription=1.0,16nm,TT,0.85,25.0,1.5,666.6666666666666,32,2,8,4,1.0,V-2023.12-SP4,13141,13141,0,3084.272703,3084.272703,0.0,0.0,0.0,1.3,0.0,0.0,0,V-2023.12-SP4,11227,11227,0,2735.47,2735.47,0.0,4392.5069,0.6228,0.0,0.0,1.35,-0.05,-0.28,16,V-2023.12-SP3,V-2023.12-SP4,1.359,2.411,0.004159,3.7729999999999997,3.77,5.655,0.0,0.0,0.0,0.0,0.0,0.0,0.0,0.0,1.359,2.411,0.004159,3.7729999999999997,0.0,0.0,0.0,0.0,0.0,0.0,0.0,0.0,0.0,0.0,0.0,0.0,0.0,0.0,0.0,0.0,vectored,random,2,2026-08-20T09:53:05+00:00
foldedclos_32_2_8_4_1p0_16nm_TT_0V85_25C_666p667MHz,foldedclos,data_width=32;terminals_per_leaf=2;num_leaves=8;num_spines=4;oversubscription=1.0,16nm,TT,0.85,25.0,1.5,666.6666666666666,32,2,8,4,1.0,V-2023.12-SP4,13141,13141,0,3084.272703,3084.272703,0.0,0.0,0.0,1.3,0.0,0.0,0,V-2023.12-SP4,11227,11227,0,2735.47,2735.47,0.0,4392.5069,0.6228,0.0,0.0,1.35,-0.05,-0.28,16,V-2023.12-SP3,V-2023.12-SP4,0.6073,1.258,0.004076,1.8699999999999999,1.8653,2.79795,0.0,0.0,0.0,0.0,0.0,0.0,0.0,0.0,0.6073,1.258,0.004076,1.8699999999999999,0.0,0.0,0.0,0.0,0.0,0.0,0.0,0.0,0.0,0.0,0.0,0.0,0.0,0.0,0.0,0.0,vectored,fixed_route,2,2026-08-20T09:53:13+00:00
foldedclos_32_2_8_4_0p5_10nm_TT_0V8_25C_800MHz,foldedclos,data_width=32;terminals_per_leaf=2;num_leaves=8;num_spines=4;oversubscription=0.5,10nm,TT,0.8,25.0,1.25,800.0,32,2,8,4,0.5,V-2023.12-SP4,8281,8281,0,1084.3853,1084.3853,0.0,0.0,0.0,1.05,0.0,0.0,0,V-2023.12-SP4,8225,8225,0,1091.79,1091.79,0.0,1538.519,0.7096,0.0,0.0,1.03,0.02,0.0,0,V-2023.12-SP3,V-2023.12-SP4,0.5373,1.0610000000000002,0.003062,1.601,1.5983,1.997875,0.0,0.0,0.0,0.0,0.0,0.0,0.0,0.0,0.5373,1.0610000000000002,0.003062,1.601,0.0,0.0,0.0,0.0,0.0,0.0,0.0,0.0,0.0,0.0,0.0,0.0,0.0,0.0,0.0,0.0,unvectored,none,2,2026-08-20T09:53:56+00:00
foldedclos_32_2_8_4_0p5_10nm_TT_0V8_25C_800MHz,foldedclos,data_width=32;terminals_per_leaf=2;num_leaves=8;num_spines=4;oversubscription=0.5,10nm,TT,0.8,25.0,1.25,800.0,32,2,8,4,0.5,V-2023.12-SP4,8281,8281,0,1084.3853,1084.3853,0.0,0.0,0.0,1.05,0.0,0.0,0,V-2023.12-SP4,8225,8225,0,1091.79,1091.79,0.0,1538.519,0.7096,0.0,0.0,1.03,0.02,0.0,0,V-2023.12-SP3,V-2023.12-SP4,0.8621,1.556,0.003017,2.421,2.4181,3.0226249999999997,0.0,0.0,0.0,0.0,0.0,0.0,0.0,0.0,0.8621,1.556,0.003017,2.421,0.0,0.0,0.0,0.0,0.0,0.0,0.0,0.0,0.0,0.0,0.0,0.0,0.0,0.0,0.0,0.0,vectored,random,2,2026-08-20T09:54:03+00:00
foldedclos_32_2_8_4_0p5_10nm_TT_0V8_25C_800MHz,foldedclos,data_width=32;terminals_per_leaf=2;num_leaves=8;num_spines=4;oversubscription=0.5,10nm,TT,0.8,25.0,1.25,800.0,32,2,8,4,0.5,V-2023.12-SP4,8281,8281,0,1084.3853,1084.3853,0.0,0.0,0.0,1.05,0.0,0.0,0,V-2023.12-SP4,8225,8225,0,1091.79,1091.79,0.0,1538.519,0.7096,0.0,0.0,1.03,0.02,0.0,0,V-2023.12-SP3,V-2023.12-SP4,0.4027,0.7701,0.002957,1.176,1.1728,1.4660000000000002,0.0,0.0,0.0,0.0,0.0,0.0,0.0,0.0,0.4027,0.7701,0.002957,1.176,0.0,0.0,0.0,0.0,0.0,0.0,0.0,0.0,0.0,0.0,0.0,0.0,0.0,0.0,0.0,0.0,vectored,fixed_route,2,2026-08-20T09:54:10+00:00
foldedclos_32_4_4_2_0p5_7nm_TT_0V75_25C_800MHz,foldedclos,data_width=32;terminals_per_leaf=4;num_leaves=4;num_spines=2;oversubscription=0.5,7nm,TT,0.75,25.0,1.25,800.0,32,4,4,2,0.5,V-2023.12-SP4,16281,16281,0,988.275449,988.275449,0.0,0.0,0.0,1.05,0.0,0.0,0,V-2023.12-SP4,12580,12580,0,760.87,760.87,0.0,1410.6033,0.5394,0.0,0.0,1.07,-0.02,-0.26,56,V-2023.12-SP3,V-2023.12-SP4,0.6513,1.4649999999999999,0.003108,2.1189999999999998,2.1163,2.6453749999999996,0.0,0.0,0.0,0.0,0.0,0.0,0.0,0.0,0.6513,1.4649999999999999,0.003108,2.1189999999999998,0.0,0.0,0.0,0.0,0.0,0.0,0.0,0.0,0.0,0.0,0.0,0.0,0.0,0.0,0.0,0.0,unvectored,none,2,2026-08-20T09:57:04+00:00
foldedclos_32_4_4_2_0p5_7nm_TT_0V75_25C_800MHz,foldedclos,data_width=32;terminals_per_leaf=4;num_leaves=4;num_spines=2;oversubscription=0.5,7nm,TT,0.75,25.0,1.25,800.0,32,4,4,2,0.5,V-2023.12-SP4,16281,16281,0,988.275449,988.275449,0.0,0.0,0.0,1.05,0.0,0.0,0,V-2023.12-SP4,12580,12580,0,760.87,760.87,0.0,1410.6033,0.5394,0.0,0.0,1.07,-0.02,-0.26,56,V-2023.12-SP3,V-2023.12-SP4,1.13,2.251,0.00305,3.384,3.381,4.226249999999999,0.0,0.0,0.0,0.0,0.0,0.0,0.0,0.0,1.13,2.251,0.00305,3.384,0.0,0.0,0.0,0.0,0.0,0.0,0.0,0.0,0.0,0.0,0.0,0.0,0.0,0.0,0.0,0.0,vectored,random,2,2026-08-20T09:57:11+00:00
foldedclos_32_4_4_2_0p5_7nm_TT_0V75_25C_800MHz,foldedclos,data_width=32;terminals_per_leaf=4;num_leaves=4;num_spines=2;oversubscription=0.5,7nm,TT,0.75,25.0,1.25,800.0,32,4,4,2,0.5,V-2023.12-SP4,16281,16281,0,988.275449,988.275449,0.0,0.0,0.0,1.05,0.0,0.0,0,V-2023.12-SP4,12580,12580,0,760.87,760.87,0.0,1410.6033,0.5394,0.0,0.0,1.07,-0.02,-0.26,56,V-2023.12-SP3,V-2023.12-SP4,0.5096,1.254,0.0030350000000000004,1.766,1.7636,2.2045,0.0,0.0,0.0,0.0,0.0,0.0,0.0,0.0,0.5096,1.254,0.0030350000000000004,1.766,0.0,0.0,0.0,0.0,0.0,0.0,0.0,0.0,0.0,0.0,0.0,0.0,0.0,0.0,0.0,0.0,vectored,fixed_route,2,2026-08-20T09:57:19+00:00
foldedclos_32_2_8_4_0p5_16nm_TT_0V85_25C_1000MHz,foldedclos,data_width=32;terminals_per_leaf=2;num_leaves=8;num_spines=4;oversubscription=0.5,16nm,TT,0.85,25.0,1.0,1000.0,32,2,8,4,0.5,V-2023.12-SP4,13236,13236,0,3101.317699,3101.317699,0.0,0.0,0.0,0.8,0.0,0.0,0,V-2023.12-SP4,11465,11465,0,2825.67,2825.67,0.0,4406.8147,0.6412,0.0,0.0,0.87,-0.07,-2.07,143,V-2023.12-SP3,V-2023.12-SP4,1.1260000000000001,2.174,0.004423,3.3040000000000003,3.3,3.3,0.0,0.0,0.0,0.0,0.0,0.0,0.0,0.0,1.1260000000000001,2.174,0.004423,3.3040000000000003,0.0,0.0,0.0,0.0,0.0,0.0,0.0,0.0,0.0,0.0,0.0,0.0,0.0,0.0,0.0,0.0,unvectored,none,2,2026-08-20T10:06:36+00:00
foldedclos_32_2_8_4_0p5_16nm_TT_0V85_25C_1000MHz,foldedclos,data_width=32;terminals_per_leaf=2;num_leaves=8;num_spines=4;oversubscription=0.5,16nm,TT,0.85,25.0,1.0,1000.0,32,2,8,4,0.5,V-2023.12-SP4,13236,13236,0,3101.317699,3101.317699,0.0,0.0,0.0,0.8,0.0,0.0,0,V-2023.12-SP4,11465,11465,0,2825.67,2825.67,0.0,4406.8147,0.6412,0.0,0.0,0.87,-0.07,-2.07,143,V-2023.12-SP3,V-2023.12-SP4,1.746,3.196,0.004377,4.946,4.942,4.942,0.0,0.0,0.0,0.0,0.0,0.0,0.0,0.0,1.746,3.196,0.004377,4.946,0.0,0.0,0.0,0.0,0.0,0.0,0.0,0.0,0.0,0.0,0.0,0.0,0.0,0.0,0.0,0.0,vectored,random,2,2026-08-20T10:06:43+00:00
foldedclos_32_2_8_4_0p5_16nm_TT_0V85_25C_1000MHz,foldedclos,data_width=32;terminals_per_leaf=2;num_leaves=8;num_spines=4;oversubscription=0.5,16nm,TT,0.85,25.0,1.0,1000.0,32,2,8,4,0.5,V-2023.12-SP4,13236,13236,0,3101.317699,3101.317699,0.0,0.0,0.0,0.8,0.0,0.0,0,V-2023.12-SP4,11465,11465,0,2825.67,2825.67,0.0,4406.8147,0.6412,0.0,0.0,0.87,-0.07,-2.07,143,V-2023.12-SP3,V-2023.12-SP4,0.7867,1.65,0.004299,2.441,2.4367,2.4367,0.0,0.0,0.0,0.0,0.0,0.0,0.0,0.0,0.7867,1.65,0.004299,2.441,0.0,0.0,0.0,0.0,0.0,0.0,0.0,0.0,0.0,0.0,0.0,0.0,0.0,0.0,0.0,0.0,vectored,fixed_route,2,2026-08-20T10:06:51+00:00
foldedclos_32_2_8_4_0p5_16nm_TT_0V85_25C_666p667MHz,foldedclos,data_width=32;terminals_per_leaf=2;num_leaves=8;num_spines=4;oversubscription=0.5,16nm,TT,0.85,25.0,1.5,666.6666666666666,32,2,8,4,0.5,V-2023.12-SP4,13141,13141,0,3084.272703,3084.272703,0.0,0.0,0.0,1.3,0.0,0.0,0,V-2023.12-SP4,11227,11227,0,2735.47,2735.47,0.0,4392.5069,0.6228,0.0,0.0,1.35,-0.05,-0.28,16,V-2023.12-SP3,V-2023.12-SP4,0.8261,1.578,0.004223,2.4090000000000003,2.4041,3.6061500000000004,0.0,0.0,0.0,0.0,0.0,0.0,0.0,0.0,0.8261,1.578,0.004223,2.4090000000000003,0.0,0.0,0.0,0.0,0.0,0.0,0.0,0.0,0.0,0.0,0.0,0.0,0.0,0.0,0.0,0.0,unvectored,none,2,2026-08-20T10:18:18+00:00
foldedclos_32_2_8_4_0p5_16nm_TT_0V85_25C_666p667MHz,foldedclos,data_width=32;terminals_per_leaf=2;num_leaves=8;num_spines=4;oversubscription=0.5,16nm,TT,0.85,25.0,1.5,666.6666666666666,32,2,8,4,0.5,V-2023.12-SP4,13141,13141,0,3084.272703,3084.272703,0.0,0.0,0.0,1.3,0.0,0.0,0,V-2023.12-SP4,11227,11227,0,2735.47,2735.47,0.0,4392.5069,0.6228,0.0,0.0,1.35,-0.05,-0.28,16,V-2023.12-SP3,V-2023.12-SP4,1.359,2.4099999999999997,0.004159,3.7720000000000002,3.7689999999999997,5.653499999999999,0.0,0.0,0.0,0.0,0.0,0.0,0.0,0.0,1.359,2.4099999999999997,0.004159,3.7720000000000002,0.0,0.0,0.0,0.0,0.0,0.0,0.0,0.0,0.0,0.0,0.0,0.0,0.0,0.0,0.0,0.0,vectored,random,2,2026-08-20T10:18:25+00:00
foldedclos_32_2_8_4_0p5_16nm_TT_0V85_25C_666p667MHz,foldedclos,data_width=32;terminals_per_leaf=2;num_leaves=8;num_spines=4;oversubscription=0.5,16nm,TT,0.85,25.0,1.5,666.6666666666666,32,2,8,4,0.5,V-2023.12-SP4,13141,13141,0,3084.272703,3084.272703,0.0,0.0,0.0,1.3,0.0,0.0,0,V-2023.12-SP4,11227,11227,0,2735.47,2735.47,0.0,4392.5069,0.6228,0.0,0.0,1.35,-0.05,-0.28,16,V-2023.12-SP3,V-2023.12-SP4,0.6073,1.258,0.004076,1.869,1.8653,2.79795,0.0,0.0,0.0,0.0,0.0,0.0,0.0,0.0,0.6073,1.258,0.004076,1.869,0.0,0.0,0.0,0.0,0.0,0.0,0.0,0.0,0.0,0.0,0.0,0.0,0.0,0.0,0.0,0.0,vectored,fixed_route,2,2026-08-20T10:18:32+00:00
foldedclos_64_2_8_4_1p0_10nm_TT_0V8_25C_1333p33MHz,foldedclos,data_width=64;terminals_per_leaf=2;num_leaves=8;num_spines=4;oversubscription=1.0,10nm,TT,0.8,25.0,0.75,1333.3333333333333,64,2,8,4,1.0,V-2023.12-SP4,26127,26127,0,3016.519674,3016.519674,0.0,0.0,0.0,0.55,0.0,0.0,0,V-2023.12-SP4,21750,21750,0,2627.14,2627.14,0.0,4282.368,0.6135,0.0,0.0,0.69,-0.14,-2.38,196,V-2023.12-SP3,V-2023.12-SP4,2.346,4.713,0.007627,7.066,7.059,5.29425,0.0,0.0,0.0,0.0,0.0,0.0,0.0,0.0,2.346,4.713,0.007627,7.066,0.0,0.0,0.0,0.0,0.0,0.0,0.0,0.0,0.0,0.0,0.0,0.0,0.0,0.0,0.0,0.0,unvectored,none,2,2026-08-20T10:28:12+00:00
foldedclos_64_2_8_4_1p0_10nm_TT_0V8_25C_1333p33MHz,foldedclos,data_width=64;terminals_per_leaf=2;num_leaves=8;num_spines=4;oversubscription=1.0,10nm,TT,0.8,25.0,0.75,1333.3333333333333,64,2,8,4,1.0,V-2023.12-SP4,26127,26127,0,3016.519674,3016.519674,0.0,0.0,0.0,0.55,0.0,0.0,0,V-2023.12-SP4,21750,21750,0,2627.14,2627.14,0.0,4282.368,0.6135,0.0,0.0,0.69,-0.14,-2.38,196,V-2023.12-SP3,V-2023.12-SP4,3.827,7.2059999999999995,0.0075179999999999995,11.0,11.033,8.27475,0.0,0.0,0.0,0.0,0.0,0.0,0.0,0.0,3.827,7.2059999999999995,0.0075179999999999995,11.0,0.0,0.0,0.0,0.0,0.0,0.0,0.0,0.0,0.0,0.0,0.0,0.0,0.0,0.0,0.0,0.0,vectored,random,2,2026-08-20T10:28:20+00:00
foldedclos_64_2_8_4_1p0_10nm_TT_0V8_25C_1333p33MHz,foldedclos,data_width=64;terminals_per_leaf=2;num_leaves=8;num_spines=4;oversubscription=1.0,10nm,TT,0.8,25.0,0.75,1333.3333333333333,64,2,8,4,1.0,V-2023.12-SP4,26127,26127,0,3016.519674,3016.519674,0.0,0.0,0.0,0.55,0.0,0.0,0,V-2023.12-SP4,21750,21750,0,2627.14,2627.14,0.0,4282.368,0.6135,0.0,0.0,0.69,-0.14,-2.38,196,V-2023.12-SP3,V-2023.12-SP4,1.825,3.885,0.007390000000000001,5.717,5.71,4.2825,0.0,0.0,0.0,0.0,0.0,0.0,0.0,0.0,1.825,3.885,0.007390000000000001,5.717,0.0,0.0,0.0,0.0,0.0,0.0,0.0,0.0,0.0,0.0,0.0,0.0,0.0,0.0,0.0,0.0,vectored,fixed_route,2,2026-08-20T10:28:28+00:00
foldedclos_64_4_4_2_0p5_7nm_TT_0V75_25C_1333p33MHz,foldedclos,data_width=64;terminals_per_leaf=4;num_leaves=4;num_spines=2;oversubscription=0.5,7nm,TT,0.75,25.0,0.75,1333.3333333333333,64,4,4,2,0.5,V-2023.12-SP4,27145,27145,0,1668.780281,1668.780281,0.0,0.0,0.0,0.55,0.0,0.0,0,V-2023.12-SP4,22307,22307,0,1374.7,1374.7,0.0,2371.8804,0.5796,0.0,0.0,0.61,-0.06,-7.18,627,V-2023.12-SP3,V-2023.12-SP4,1.9009999999999998,4.15,0.005540000000000001,6.0569999999999995,6.051,4.53825,0.0,0.0,0.0,0.0,0.0,0.0,0.0,0.0,1.9009999999999998,4.15,0.005540000000000001,6.0569999999999995,0.0,0.0,0.0,0.0,0.0,0.0,0.0,0.0,0.0,0.0,0.0,0.0,0.0,0.0,0.0,0.0,unvectored,none,2,2026-08-20T10:32:18+00:00
foldedclos_64_4_4_2_0p5_7nm_TT_0V75_25C_1333p33MHz,foldedclos,data_width=64;terminals_per_leaf=4;num_leaves=4;num_spines=2;oversubscription=0.5,7nm,TT,0.75,25.0,0.75,1333.3333333333333,64,4,4,2,0.5,V-2023.12-SP4,27145,27145,0,1668.780281,1668.780281,0.0,0.0,0.0,0.55,0.0,0.0,0,V-2023.12-SP4,22307,22307,0,1374.7,1374.7,0.0,2371.8804,0.5796,0.0,0.0,0.61,-0.06,-7.18,627,V-2023.12-SP3,V-2023.12-SP4,3.206,6.36,0.005445,9.571,9.566,7.1745,0.0,0.0,0.0,0.0,0.0,0.0,0.0,0.0,3.206,6.36,0.005445,9.571,0.0,0.0,0.0,0.0,0.0,0.0,0.0,0.0,0.0,0.0,0.0,0.0,0.0,0.0,0.0,0.0,vectored,random,2,2026-08-20T10:32:27+00:00
foldedclos_64_4_4_2_0p5_7nm_TT_0V75_25C_1333p33MHz,foldedclos,data_width=64;terminals_per_leaf=4;num_leaves=4;num_spines=2;oversubscription=0.5,7nm,TT,0.75,25.0,0.75,1333.3333333333333,64,4,4,2,0.5,V-2023.12-SP4,27145,27145,0,1668.780281,1668.780281,0.0,0.0,0.0,0.55,0.0,0.0,0,V-2023.12-SP4,22307,22307,0,1374.7,1374.7,0.0,2371.8804,0.5796,0.0,0.0,0.61,-0.06,-7.18,627,V-2023.12-SP3,V-2023.12-SP4,1.511,3.528,0.005366,5.044,5.039,3.7792499999999998,0.0,0.0,0.0,0.0,0.0,0.0,0.0,0.0,1.511,3.528,0.005366,5.044,0.0,0.0,0.0,0.0,0.0,0.0,0.0,0.0,0.0,0.0,0.0,0.0,0.0,0.0,0.0,0.0,vectored,fixed_route,2,2026-08-20T10:32:35+00:00
foldedclos_64_2_8_4_1p0_16nm_TT_0V85_25C_1000MHz,foldedclos,data_width=64;terminals_per_leaf=2;num_leaves=8;num_spines=4;oversubscription=1.0,16nm,TT,0.85,25.0,1.0,1000.0,64,2,8,4,1.0,V-2023.12-SP4,23619,23619,0,5573.463677,5573.463677,0.0,0.0,0.0,0.8,0.0,0.0,0,V-2023.12-SP4,22944,22944,0,5903.6,5903.6,0.0,7913.1064,0.7461,0.0,0.0,0.86,-0.06,-2.35,203,V-2023.12-SP3,V-2023.12-SP4,2.66,4.528,0.01029,7.198,7.188,7.188,0.0,0.0,0.0,0.0,0.0,0.0,0.0,0.0,2.66,4.528,0.01029,7.198,0.0,0.0,0.0,0.0,0.0,0.0,0.0,0.0,0.0,0.0,0.0,0.0,0.0,0.0,0.0,0.0,unvectored,none,2,2026-08-20T11:06:44+00:00
foldedclos_64_2_8_4_1p0_16nm_TT_0V85_25C_1000MHz,foldedclos,data_width=64;terminals_per_leaf=2;num_leaves=8;num_spines=4;oversubscription=1.0,16nm,TT,0.85,25.0,1.0,1000.0,64,2,8,4,1.0,V-2023.12-SP4,23619,23619,0,5573.463677,5573.463677,0.0,0.0,0.0,0.8,0.0,0.0,0,V-2023.12-SP4,22944,22944,0,5903.6,5903.6,0.0,7913.1064,0.7461,0.0,0.0,0.86,-0.06,-2.35,203,V-2023.12-SP3,V-2023.12-SP4,4.186999999999999,6.859,0.010169999999999998,11.1,11.046,11.046,0.0,0.0,0.0,0.0,0.0,0.0,0.0,0.0,4.186999999999999,6.859,0.010169999999999998,11.1,0.0,0.0,0.0,0.0,0.0,0.0,0.0,0.0,0.0,0.0,0.0,0.0,0.0,0.0,0.0,0.0,vectored,random,2,2026-08-20T11:06:52+00:00
foldedclos_64_2_8_4_1p0_16nm_TT_0V85_25C_1000MHz,foldedclos,data_width=64;terminals_per_leaf=2;num_leaves=8;num_spines=4;oversubscription=1.0,16nm,TT,0.85,25.0,1.0,1000.0,64,2,8,4,1.0,V-2023.12-SP4,23619,23619,0,5573.463677,5573.463677,0.0,0.0,0.0,0.8,0.0,0.0,0,V-2023.12-SP4,22944,22944,0,5903.6,5903.6,0.0,7913.1064,0.7461,0.0,0.0,0.86,-0.06,-2.35,203,V-2023.12-SP3,V-2023.12-SP4,2.088,3.72,0.009973,5.8180000000000005,5.808,5.808,0.0,0.0,0.0,0.0,0.0,0.0,0.0,0.0,2.088,3.72,0.009973,5.8180000000000005,0.0,0.0,0.0,0.0,0.0,0.0,0.0,0.0,0.0,0.0,0.0,0.0,0.0,0.0,0.0,0.0,vectored,fixed_route,2,2026-08-20T11:07:01+00:00
foldedclos_64_2_8_4_1p0_10nm_TT_0V8_25C_800MHz,foldedclos,data_width=64;terminals_per_leaf=2;num_leaves=8;num_spines=4;oversubscription=1.0,10nm,TT,0.8,25.0,1.25,800.0,64,2,8,4,1.0,V-2023.12-SP4,15232,15232,0,2030.438437,2030.438437,0.0,0.0,0.0,1.05,0.0,0.0,0,V-2023.12-SP4,15344,15344,0,2079.5,2079.5,0.0,2894.4384,0.7184,0.0,0.0,1.08,-0.03,-0.05,3,V-2023.12-SP3,V-2023.12-SP4,1.0050000000000001,2.055,0.0058390000000000004,3.0660000000000003,3.0600000000000005,3.8250000000000006,0.0,0.0,0.0,0.0,0.0,0.0,0.0,0.0,1.0050000000000001,2.055,0.0058390000000000004,3.0660000000000003,0.0,0.0,0.0,0.0,0.0,0.0,0.0,0.0,0.0,0.0,0.0,0.0,0.0,0.0,0.0,0.0,unvectored,none,2,2026-08-20T11:18:07+00:00
foldedclos_64_2_8_4_1p0_10nm_TT_0V8_25C_800MHz,foldedclos,data_width=64;terminals_per_leaf=2;num_leaves=8;num_spines=4;oversubscription=1.0,10nm,TT,0.8,25.0,1.25,800.0,64,2,8,4,1.0,V-2023.12-SP4,15232,15232,0,2030.438437,2030.438437,0.0,0.0,0.0,1.05,0.0,0.0,0,V-2023.12-SP4,15344,15344,0,2079.5,2079.5,0.0,2894.4384,0.7184,0.0,0.0,1.08,-0.03,-0.05,3,V-2023.12-SP3,V-2023.12-SP4,1.623,3.091,0.005755,4.719,4.714,5.8925,0.0,0.0,0.0,0.0,0.0,0.0,0.0,0.0,1.623,3.091,0.005755,4.719,0.0,0.0,0.0,0.0,0.0,0.0,0.0,0.0,0.0,0.0,0.0,0.0,0.0,0.0,0.0,0.0,vectored,random,2,2026-08-20T11:18:15+00:00
foldedclos_64_2_8_4_1p0_10nm_TT_0V8_25C_800MHz,foldedclos,data_width=64;terminals_per_leaf=2;num_leaves=8;num_spines=4;oversubscription=1.0,10nm,TT,0.8,25.0,1.25,800.0,64,2,8,4,1.0,V-2023.12-SP4,15232,15232,0,2030.438437,2030.438437,0.0,0.0,0.0,1.05,0.0,0.0,0,V-2023.12-SP4,15344,15344,0,2079.5,2079.5,0.0,2894.4384,0.7184,0.0,0.0,1.08,-0.03,-0.05,3,V-2023.12-SP3,V-2023.12-SP4,0.8375,1.656,0.005628,2.5,2.4935,3.1168750000000003,0.0,0.0,0.0,0.0,0.0,0.0,0.0,0.0,0.8375,1.656,0.005628,2.5,0.0,0.0,0.0,0.0,0.0,0.0,0.0,0.0,0.0,0.0,0.0,0.0,0.0,0.0,0.0,0.0,vectored,fixed_route,2,2026-08-20T11:18:23+00:00
foldedclos_64_4_4_2_0p5_7nm_TT_0V75_25C_800MHz,foldedclos,data_width=64;terminals_per_leaf=4;num_leaves=4;num_spines=2;oversubscription=0.5,7nm,TT,0.75,25.0,1.25,800.0,64,4,4,2,0.5,V-2023.12-SP4,15409,15409,0,1078.092307,1078.092307,0.0,0.0,0.0,1.05,0.0,0.0,0,V-2023.12-SP4,15665,15665,0,1101.16,1101.16,0.0,1532.4019,0.7186,0.0,0.0,1.08,-0.03,-1.82,153,V-2023.12-SP3,V-2023.12-SP4,0.8088000000000001,1.7,0.004388,2.513,2.5088,3.136,0.0,0.0,0.0,0.0,0.0,0.0,0.0,0.0,0.8088000000000001,1.7,0.004388,2.513,0.0,0.0,0.0,0.0,0.0,0.0,0.0,0.0,0.0,0.0,0.0,0.0,0.0,0.0,0.0,0.0,unvectored,none,2,2026-08-20T11:27:15+00:00
foldedclos_64_4_4_2_0p5_7nm_TT_0V75_25C_800MHz,foldedclos,data_width=64;terminals_per_leaf=4;num_leaves=4;num_spines=2;oversubscription=0.5,7nm,TT,0.75,25.0,1.25,800.0,64,4,4,2,0.5,V-2023.12-SP4,15409,15409,0,1078.092307,1078.092307,0.0,0.0,0.0,1.05,0.0,0.0,0,V-2023.12-SP4,15665,15665,0,1101.16,1101.16,0.0,1532.4019,0.7186,0.0,0.0,1.08,-0.03,-1.82,153,V-2023.12-SP3,V-2023.12-SP4,1.314,2.543,0.004322,3.8609999999999998,3.857,4.82125,0.0,0.0,0.0,0.0,0.0,0.0,0.0,0.0,1.314,2.543,0.004322,3.8609999999999998,0.0,0.0,0.0,0.0,0.0,0.0,0.0,0.0,0.0,0.0,0.0,0.0,0.0,0.0,0.0,0.0,vectored,random,2,2026-08-20T11:27:23+00:00
foldedclos_64_4_4_2_0p5_7nm_TT_0V75_25C_800MHz,foldedclos,data_width=64;terminals_per_leaf=4;num_leaves=4;num_spines=2;oversubscription=0.5,7nm,TT,0.75,25.0,1.25,800.0,64,4,4,2,0.5,V-2023.12-SP4,15409,15409,0,1078.092307,1078.092307,0.0,0.0,0.0,1.05,0.0,0.0,0,V-2023.12-SP4,15665,15665,0,1101.16,1101.16,0.0,1532.4019,0.7186,0.0,0.0,1.08,-0.03,-1.82,153,V-2023.12-SP3,V-2023.12-SP4,0.6724,1.373,0.00423,2.0500000000000003,2.0454,2.55675,0.0,0.0,0.0,0.0,0.0,0.0,0.0,0.0,0.6724,1.373,0.00423,2.0500000000000003,0.0,0.0,0.0,0.0,0.0,0.0,0.0,0.0,0.0,0.0,0.0,0.0,0.0,0.0,0.0,0.0,vectored,fixed_route,2,2026-08-20T11:27:31+00:00
foldedclos_64_2_8_4_1p0_16nm_TT_0V85_25C_666p667MHz,foldedclos,data_width=64;terminals_per_leaf=2;num_leaves=8;num_spines=4;oversubscription=1.0,16nm,TT,0.85,25.0,1.5,666.6666666666666,64,2,8,4,1.0,V-2023.12-SP4,23611,23611,0,5600.026491,5600.026491,0.0,0.0,0.0,1.3,0.0,0.0,0,V-2023.12-SP4,20132,20132,0,5040.47,5040.47,0.0,7983.7747,0.6313,0.0,0.0,1.33,-0.03,-0.28,30,V-2023.12-SP3,V-2023.12-SP4,1.5590000000000002,3.0300000000000002,0.007668,4.597,4.589,6.883500000000001,0.0,0.0,0.0,0.0,0.0,0.0,0.0,0.0,1.5590000000000002,3.0300000000000002,0.007668,4.597,0.0,0.0,0.0,0.0,0.0,0.0,0.0,0.0,0.0,0.0,0.0,0.0,0.0,0.0,0.0,0.0,unvectored,none,2,2026-08-20T11:43:10+00:00
foldedclos_64_2_8_4_1p0_16nm_TT_0V85_25C_666p667MHz,foldedclos,data_width=64;terminals_per_leaf=2;num_leaves=8;num_spines=4;oversubscription=1.0,16nm,TT,0.85,25.0,1.5,666.6666666666666,64,2,8,4,1.0,V-2023.12-SP4,23611,23611,0,5600.026491,5600.026491,0.0,0.0,0.0,1.3,0.0,0.0,0,V-2023.12-SP4,20132,20132,0,5040.47,5040.47,0.0,7983.7747,0.6313,0.0,0.0,1.33,-0.03,-0.28,30,V-2023.12-SP3,V-2023.12-SP4,2.5820000000000003,4.787,0.007526,7.3759999999999994,7.369,11.0535,0.0,0.0,0.0,0.0,0.0,0.0,0.0,0.0,2.5820000000000003,4.787,0.007526,7.3759999999999994,0.0,0.0,0.0,0.0,0.0,0.0,0.0,0.0,0.0,0.0,0.0,0.0,0.0,0.0,0.0,0.0,vectored,random,2,2026-08-20T11:43:18+00:00
foldedclos_64_2_8_4_1p0_16nm_TT_0V85_25C_666p667MHz,foldedclos,data_width=64;terminals_per_leaf=2;num_leaves=8;num_spines=4;oversubscription=1.0,16nm,TT,0.85,25.0,1.5,666.6666666666666,64,2,8,4,1.0,V-2023.12-SP4,23611,23611,0,5600.026491,5600.026491,0.0,0.0,0.0,1.3,0.0,0.0,0,V-2023.12-SP4,20132,20132,0,5040.47,5040.47,0.0,7983.7747,0.6313,0.0,0.0,1.33,-0.03,-0.28,30,V-2023.12-SP3,V-2023.12-SP4,1.22,2.487,0.007421,3.714,3.707,5.560499999999999,0.0,0.0,0.0,0.0,0.0,0.0,0.0,0.0,1.22,2.487,0.007421,3.714,0.0,0.0,0.0,0.0,0.0,0.0,0.0,0.0,0.0,0.0,0.0,0.0,0.0,0.0,0.0,0.0,vectored,fixed_route,2,2026-08-20T11:43:26+00:00
foldedclos_64_2_8_4_0p5_10nm_TT_0V8_25C_1333p33MHz,foldedclos,data_width=64;terminals_per_leaf=2;num_leaves=8;num_spines=4;oversubscription=0.5,10nm,TT,0.8,25.0,0.75,1333.3333333333333,64,2,8,4,0.5,V-2023.12-SP4,26127,26127,0,3016.519674,3016.519674,0.0,0.0,0.0,0.55,0.0,0.0,0,V-2023.12-SP4,21750,21750,0,2627.14,2627.14,0.0,4282.368,0.6135,0.0,0.0,0.69,-0.14,-2.15,182,V-2023.12-SP3,V-2023.12-SP4,2.346,4.715,0.007627,7.068,7.061,5.29575,0.0,0.0,0.0,0.0,0.0,0.0,0.0,0.0,2.346,4.715,0.007627,7.068,0.0,0.0,0.0,0.0,0.0,0.0,0.0,0.0,0.0,0.0,0.0,0.0,0.0,0.0,0.0,0.0,unvectored,none,2,2026-08-20T11:51:49+00:00
foldedclos_64_2_8_4_0p5_10nm_TT_0V8_25C_1333p33MHz,foldedclos,data_width=64;terminals_per_leaf=2;num_leaves=8;num_spines=4;oversubscription=0.5,10nm,TT,0.8,25.0,0.75,1333.3333333333333,64,2,8,4,0.5,V-2023.12-SP4,26127,26127,0,3016.519674,3016.519674,0.0,0.0,0.0,0.55,0.0,0.0,0,V-2023.12-SP4,21750,21750,0,2627.14,2627.14,0.0,4282.368,0.6135,0.0,0.0,0.69,-0.14,-2.15,182,V-2023.12-SP3,V-2023.12-SP4,3.8249999999999997,7.2059999999999995,0.0075179999999999995,11.0,11.030999999999999,8.273249999999999,0.0,0.0,0.0,0.0,0.0,0.0,0.0,0.0,3.8249999999999997,7.2059999999999995,0.0075179999999999995,11.0,0.0,0.0,0.0,0.0,0.0,0.0,0.0,0.0,0.0,0.0,0.0,0.0,0.0,0.0,0.0,0.0,vectored,random,2,2026-08-20T11:51:57+00:00
foldedclos_64_2_8_4_0p5_10nm_TT_0V8_25C_1333p33MHz,foldedclos,data_width=64;terminals_per_leaf=2;num_leaves=8;num_spines=4;oversubscription=0.5,10nm,TT,0.8,25.0,0.75,1333.3333333333333,64,2,8,4,0.5,V-2023.12-SP4,26127,26127,0,3016.519674,3016.519674,0.0,0.0,0.0,0.55,0.0,0.0,0,V-2023.12-SP4,21750,21750,0,2627.14,2627.14,0.0,4282.368,0.6135,0.0,0.0,0.69,-0.14,-2.15,182,V-2023.12-SP3,V-2023.12-SP4,1.825,3.887,0.007390000000000001,5.720000000000001,5.712,4.284,0.0,0.0,0.0,0.0,0.0,0.0,0.0,0.0,1.825,3.887,0.007390000000000001,5.720000000000001,0.0,0.0,0.0,0.0,0.0,0.0,0.0,0.0,0.0,0.0,0.0,0.0,0.0,0.0,0.0,0.0,vectored,fixed_route,2,2026-08-20T11:52:05+00:00
foldedclos_64_4_4_4_0p5_7nm_TT_0V75_25C_1333p33MHz,foldedclos,data_width=64;terminals_per_leaf=4;num_leaves=4;num_spines=4;oversubscription=0.5,7nm,TT,0.75,25.0,0.75,1333.3333333333333,64,4,4,4,0.5,V-2023.12-SP4,27145,27145,0,1668.780281,1668.780281,0.0,0.0,0.0,0.55,0.0,0.0,0,V-2023.12-SP4,22307,22307,0,1374.7,1374.7,0.0,2371.8804,0.5796,0.0,0.0,0.61,-0.06,-7.29,628,V-2023.12-SP3,V-2023.12-SP4,1.9009999999999998,4.153,0.005540000000000001,6.0600000000000005,6.053999999999999,4.5405,0.0,0.0,0.0,0.0,0.0,0.0,0.0,0.0,1.9009999999999998,4.153,0.005540000000000001,6.0600000000000005,0.0,0.0,0.0,0.0,0.0,0.0,0.0,0.0,0.0,0.0,0.0,0.0,0.0,0.0,0.0,0.0,unvectored,none,2,2026-08-20T12:02:02+00:00
foldedclos_64_4_4_4_0p5_7nm_TT_0V75_25C_1333p33MHz,foldedclos,data_width=64;terminals_per_leaf=4;num_leaves=4;num_spines=4;oversubscription=0.5,7nm,TT,0.75,25.0,0.75,1333.3333333333333,64,4,4,4,0.5,V-2023.12-SP4,27145,27145,0,1668.780281,1668.780281,0.0,0.0,0.0,0.55,0.0,0.0,0,V-2023.12-SP4,22307,22307,0,1374.7,1374.7,0.0,2371.8804,0.5796,0.0,0.0,0.61,-0.06,-7.29,628,V-2023.12-SP3,V-2023.12-SP4,3.2079999999999997,6.368,0.005445,9.582,9.576,7.182,0.0,0.0,0.0,0.0,0.0,0.0,0.0,0.0,3.2079999999999997,6.368,0.005445,9.582,0.0,0.0,0.0,0.0,0.0,0.0,0.0,0.0,0.0,0.0,0.0,0.0,0.0,0.0,0.0,0.0,vectored,random,2,2026-08-20T12:02:11+00:00
foldedclos_64_4_4_4_0p5_7nm_TT_0V75_25C_1333p33MHz,foldedclos,data_width=64;terminals_per_leaf=4;num_leaves=4;num_spines=4;oversubscription=0.5,7nm,TT,0.75,25.0,0.75,1333.3333333333333,64,4,4,4,0.5,V-2023.12-SP4,27145,27145,0,1668.780281,1668.780281,0.0,0.0,0.0,0.55,0.0,0.0,0,V-2023.12-SP4,22307,22307,0,1374.7,1374.7,0.0,2371.8804,0.5796,0.0,0.0,0.61,-0.06,-7.29,628,V-2023.12-SP3,V-2023.12-SP4,1.511,3.5300000000000002,0.005366,5.046,5.041,3.7807500000000003,0.0,0.0,0.0,0.0,0.0,0.0,0.0,0.0,1.511,3.5300000000000002,0.005366,5.046,0.0,0.0,0.0,0.0,0.0,0.0,0.0,0.0,0.0,0.0,0.0,0.0,0.0,0.0,0.0,0.0,vectored,fixed_route,2,2026-08-20T12:02:19+00:00
foldedclos_64_2_8_4_0p5_16nm_TT_0V85_25C_1000MHz,foldedclos,data_width=64;terminals_per_leaf=2;num_leaves=8;num_spines=4;oversubscription=0.5,16nm,TT,0.85,25.0,1.0,1000.0,64,2,8,4,0.5,V-2023.12-SP4,23619,23619,0,5573.463677,5573.463677,0.0,0.0,0.0,0.8,0.0,0.0,0,V-2023.12-SP4,22944,22944,0,5903.6,5903.6,0.0,7913.1064,0.7461,0.0,0.0,0.86,-0.06,-2.76,205,V-2023.12-SP3,V-2023.12-SP4,2.66,4.53,0.01029,7.2,7.19,7.19,0.0,0.0,0.0,0.0,0.0,0.0,0.0,0.0,2.66,4.53,0.01029,7.2,0.0,0.0,0.0,0.0,0.0,0.0,0.0,0.0,0.0,0.0,0.0,0.0,0.0,0.0,0.0,0.0,unvectored,none,2,2026-08-20T12:32:23+00:00
foldedclos_64_2_8_4_0p5_16nm_TT_0V85_25C_1000MHz,foldedclos,data_width=64;terminals_per_leaf=2;num_leaves=8;num_spines=4;oversubscription=0.5,16nm,TT,0.85,25.0,1.0,1000.0,64,2,8,4,0.5,V-2023.12-SP4,23619,23619,0,5573.463677,5573.463677,0.0,0.0,0.0,0.8,0.0,0.0,0,V-2023.12-SP4,22944,22944,0,5903.6,5903.6,0.0,7913.1064,0.7461,0.0,0.0,0.86,-0.06,-2.76,205,V-2023.12-SP3,V-2023.12-SP4,4.1850000000000005,6.8580000000000005,0.010169999999999998,11.1,11.043000000000001,11.043000000000001,0.0,0.0,0.0,0.0,0.0,0.0,0.0,0.0,4.1850000000000005,6.8580000000000005,0.010169999999999998,11.1,0.0,0.0,0.0,0.0,0.0,0.0,0.0,0.0,0.0,0.0,0.0,0.0,0.0,0.0,0.0,0.0,vectored,random,2,2026-08-20T12:32:31+00:00
foldedclos_64_2_8_4_0p5_16nm_TT_0V85_25C_1000MHz,foldedclos,data_width=64;terminals_per_leaf=2;num_leaves=8;num_spines=4;oversubscription=0.5,16nm,TT,0.85,25.0,1.0,1000.0,64,2,8,4,0.5,V-2023.12-SP4,23619,23619,0,5573.463677,5573.463677,0.0,0.0,0.0,0.8,0.0,0.0,0,V-2023.12-SP4,22944,22944,0,5903.6,5903.6,0.0,7913.1064,0.7461,0.0,0.0,0.86,-0.06,-2.76,205,V-2023.12-SP3,V-2023.12-SP4,2.088,3.7230000000000003,0.009973,5.821,5.811,5.811,0.0,0.0,0.0,0.0,0.0,0.0,0.0,0.0,2.088,3.7230000000000003,0.009973,5.821,0.0,0.0,0.0,0.0,0.0,0.0,0.0,0.0,0.0,0.0,0.0,0.0,0.0,0.0,0.0,0.0,vectored,fixed_route,2,2026-08-20T12:32:40+00:00
foldedclos_64_2_8_4_0p5_10nm_TT_0V8_25C_800MHz,foldedclos,data_width=64;terminals_per_leaf=2;num_leaves=8;num_spines=4;oversubscription=0.5,10nm,TT,0.8,25.0,1.25,800.0,64,2,8,4,0.5,V-2023.12-SP4,15232,15232,0,2030.438437,2030.438437,0.0,0.0,0.0,1.05,0.0,0.0,0,V-2023.12-SP4,15344,15344,0,2079.5,2079.5,0.0,2894.4384,0.7184,0.0,0.0,1.09,-0.04,-0.06,4,V-2023.12-SP3,V-2023.12-SP4,1.0050000000000001,2.055,0.0058390000000000004,3.0660000000000003,3.0600000000000005,3.8250000000000006,0.0,0.0,0.0,0.0,0.0,0.0,0.0,0.0,1.0050000000000001,2.055,0.0058390000000000004,3.0660000000000003,0.0,0.0,0.0,0.0,0.0,0.0,0.0,0.0,0.0,0.0,0.0,0.0,0.0,0.0,0.0,0.0,unvectored,none,2,2026-08-20T12:41:57+00:00
foldedclos_64_2_8_4_0p5_10nm_TT_0V8_25C_800MHz,foldedclos,data_width=64;terminals_per_leaf=2;num_leaves=8;num_spines=4;oversubscription=0.5,10nm,TT,0.8,25.0,1.25,800.0,64,2,8,4,0.5,V-2023.12-SP4,15232,15232,0,2030.438437,2030.438437,0.0,0.0,0.0,1.05,0.0,0.0,0,V-2023.12-SP4,15344,15344,0,2079.5,2079.5,0.0,2894.4384,0.7184,0.0,0.0,1.09,-0.04,-0.06,4,V-2023.12-SP3,V-2023.12-SP4,1.624,3.092,0.005755,4.721,4.716,5.8950000000000005,0.0,0.0,0.0,0.0,0.0,0.0,0.0,0.0,1.624,3.092,0.005755,4.721,0.0,0.0,0.0,0.0,0.0,0.0,0.0,0.0,0.0,0.0,0.0,0.0,0.0,0.0,0.0,0.0,vectored,random,2,2026-08-20T12:42:04+00:00
foldedclos_64_2_8_4_0p5_10nm_TT_0V8_25C_800MHz,foldedclos,data_width=64;terminals_per_leaf=2;num_leaves=8;num_spines=4;oversubscription=0.5,10nm,TT,0.8,25.0,1.25,800.0,64,2,8,4,0.5,V-2023.12-SP4,15232,15232,0,2030.438437,2030.438437,0.0,0.0,0.0,1.05,0.0,0.0,0,V-2023.12-SP4,15344,15344,0,2079.5,2079.5,0.0,2894.4384,0.7184,0.0,0.0,1.09,-0.04,-0.06,4,V-2023.12-SP3,V-2023.12-SP4,0.8375,1.655,0.005628,2.499,2.4925,3.115625,0.0,0.0,0.0,0.0,0.0,0.0,0.0,0.0,0.8375,1.655,0.005628,2.499,0.0,0.0,0.0,0.0,0.0,0.0,0.0,0.0,0.0,0.0,0.0,0.0,0.0,0.0,0.0,0.0,vectored,fixed_route,2,2026-08-20T12:42:12+00:00
foldedclos_32_4_4_2_0p5_10nm_TT_0V8_25C_1333p33MHz,foldedclos,data_width=32;terminals_per_leaf=4;num_leaves=4;num_spines=2;oversubscription=0.5,10nm,TT,0.8,25.0,0.75,1333.3333333333333,32,4,4,2,0.5,V-2023.12-SP4,13725,13725,0,1590.190079,1590.190079,0.0,0.0,0.0,0.55,0.0,0.0,0,V-2023.12-SP4,11406,11406,0,1345.35,1345.35,0.0,2266.5216,0.5936,0.0,0.0,0.61,-0.06,-11.79,461,V-2023.12-SP3,V-2023.12-SP4,1.211,2.35,0.003791,3.565,3.561,2.67075,0.0,0.0,0.0,0.0,0.0,0.0,0.0,0.0,1.211,2.35,0.003791,3.565,0.0,0.0,0.0,0.0,0.0,0.0,0.0,0.0,0.0,0.0,0.0,0.0,0.0,0.0,0.0,0.0,unvectored,none,2,2026-08-20T12:53:37+00:00
foldedclos_32_4_4_2_0p5_10nm_TT_0V8_25C_1333p33MHz,foldedclos,data_width=32;terminals_per_leaf=4;num_leaves=4;num_spines=2;oversubscription=0.5,10nm,TT,0.8,25.0,0.75,1333.3333333333333,32,4,4,2,0.5,V-2023.12-SP4,13725,13725,0,1590.190079,1590.190079,0.0,0.0,0.0,0.55,0.0,0.0,0,V-2023.12-SP4,11406,11406,0,1345.35,1345.35,0.0,2266.5216,0.5936,0.0,0.0,0.61,-0.06,-11.79,461,V-2023.12-SP3,V-2023.12-SP4,1.95,3.535,0.0037359999999999997,5.489,5.485,4.1137500000000005,0.0,0.0,0.0,0.0,0.0,0.0,0.0,0.0,1.95,3.535,0.0037359999999999997,5.489,0.0,0.0,0.0,0.0,0.0,0.0,0.0,0.0,0.0,0.0,0.0,0.0,0.0,0.0,0.0,0.0,vectored,random,2,2026-08-20T12:53:44+00:00
foldedclos_32_4_4_2_0p5_10nm_TT_0V8_25C_1333p33MHz,foldedclos,data_width=32;terminals_per_leaf=4;num_leaves=4;num_spines=2;oversubscription=0.5,10nm,TT,0.8,25.0,0.75,1333.3333333333333,32,4,4,2,0.5,V-2023.12-SP4,13725,13725,0,1590.190079,1590.190079,0.0,0.0,0.0,0.55,0.0,0.0,0,V-2023.12-SP4,11406,11406,0,1345.35,1345.35,0.0,2266.5216,0.5936,0.0,0.0,0.61,-0.06,-11.79,461,V-2023.12-SP3,V-2023.12-SP4,0.9051,1.828,0.003681,2.7369999999999997,2.7331000000000003,2.0498250000000002,0.0,0.0,0.0,0.0,0.0,0.0,0.0,0.0,0.9051,1.828,0.003681,2.7369999999999997,0.0,0.0,0.0,0.0,0.0,0.0,0.0,0.0,0.0,0.0,0.0,0.0,0.0,0.0,0.0,0.0,vectored,fixed_route,2,2026-08-20T12:53:51+00:00
foldedclos_64_4_4_4_0p5_7nm_TT_0V75_25C_800MHz,foldedclos,data_width=64;terminals_per_leaf=4;num_leaves=4;num_spines=4;oversubscription=0.5,7nm,TT,0.75,25.0,1.25,800.0,64,4,4,4,0.5,V-2023.12-SP4,15409,15409,0,1078.092307,1078.092307,0.0,0.0,0.0,1.05,0.0,0.0,0,V-2023.12-SP4,15665,15665,0,1101.16,1101.16,0.0,1532.4019,0.7186,0.0,0.0,1.08,-0.03,-1.97,150,V-2023.12-SP3,V-2023.12-SP4,0.8088000000000001,1.7,0.004388,2.513,2.5088,3.136,0.0,0.0,0.0,0.0,0.0,0.0,0.0,0.0,0.8088000000000001,1.7,0.004388,2.513,0.0,0.0,0.0,0.0,0.0,0.0,0.0,0.0,0.0,0.0,0.0,0.0,0.0,0.0,0.0,0.0,unvectored,none,2,2026-08-20T12:58:13+00:00
foldedclos_64_4_4_4_0p5_7nm_TT_0V75_25C_800MHz,foldedclos,data_width=64;terminals_per_leaf=4;num_leaves=4;num_spines=4;oversubscription=0.5,7nm,TT,0.75,25.0,1.25,800.0,64,4,4,4,0.5,V-2023.12-SP4,15409,15409,0,1078.092307,1078.092307,0.0,0.0,0.0,1.05,0.0,0.0,0,V-2023.12-SP4,15665,15665,0,1101.16,1101.16,0.0,1532.4019,0.7186,0.0,0.0,1.08,-0.03,-1.97,150,V-2023.12-SP3,V-2023.12-SP4,1.314,2.543,0.004322,3.862,3.857,4.82125,0.0,0.0,0.0,0.0,0.0,0.0,0.0,0.0,1.314,2.543,0.004322,3.862,0.0,0.0,0.0,0.0,0.0,0.0,0.0,0.0,0.0,0.0,0.0,0.0,0.0,0.0,0.0,0.0,vectored,random,2,2026-08-20T12:58:21+00:00
foldedclos_64_4_4_4_0p5_7nm_TT_0V75_25C_800MHz,foldedclos,data_width=64;terminals_per_leaf=4;num_leaves=4;num_spines=4;oversubscription=0.5,7nm,TT,0.75,25.0,1.25,800.0,64,4,4,4,0.5,V-2023.12-SP4,15409,15409,0,1078.092307,1078.092307,0.0,0.0,0.0,1.05,0.0,0.0,0,V-2023.12-SP4,15665,15665,0,1101.16,1101.16,0.0,1532.4019,0.7186,0.0,0.0,1.08,-0.03,-1.97,150,V-2023.12-SP3,V-2023.12-SP4,0.6724,1.373,0.00423,2.049,2.0454,2.55675,0.0,0.0,0.0,0.0,0.0,0.0,0.0,0.0,0.6724,1.373,0.00423,2.049,0.0,0.0,0.0,0.0,0.0,0.0,0.0,0.0,0.0,0.0,0.0,0.0,0.0,0.0,0.0,0.0,vectored,fixed_route,2,2026-08-20T12:58:29+00:00
foldedclos_64_2_8_4_0p5_16nm_TT_0V85_25C_666p667MHz,foldedclos,data_width=64;terminals_per_leaf=2;num_leaves=8;num_spines=4;oversubscription=0.5,16nm,TT,0.85,25.0,1.5,666.6666666666666,64,2,8,4,0.5,V-2023.12-SP4,23611,23611,0,5600.026491,5600.026491,0.0,0.0,0.0,1.3,0.0,0.0,0,V-2023.12-SP4,20132,20132,0,5040.47,5040.47,0.0,7983.7747,0.6313,0.0,0.0,1.33,-0.03,-0.19,15,V-2023.12-SP3,V-2023.12-SP4,1.5579999999999998,3.0309999999999997,0.007668,4.597,4.5889999999999995,6.8835,0.0,0.0,0.0,0.0,0.0,0.0,0.0,0.0,1.5579999999999998,3.0309999999999997,0.007668,4.597,0.0,0.0,0.0,0.0,0.0,0.0,0.0,0.0,0.0,0.0,0.0,0.0,0.0,0.0,0.0,0.0,unvectored,none,2,2026-08-20T13:08:07+00:00
foldedclos_64_2_8_4_0p5_16nm_TT_0V85_25C_666p667MHz,foldedclos,data_width=64;terminals_per_leaf=2;num_leaves=8;num_spines=4;oversubscription=0.5,16nm,TT,0.85,25.0,1.5,666.6666666666666,64,2,8,4,0.5,V-2023.12-SP4,23611,23611,0,5600.026491,5600.026491,0.0,0.0,0.0,1.3,0.0,0.0,0,V-2023.12-SP4,20132,20132,0,5040.47,5040.47,0.0,7983.7747,0.6313,0.0,0.0,1.33,-0.03,-0.19,15,V-2023.12-SP3,V-2023.12-SP4,2.5820000000000003,4.789,0.007526,7.378,7.371,11.0565,0.0,0.0,0.0,0.0,0.0,0.0,0.0,0.0,2.5820000000000003,4.789,0.007526,7.378,0.0,0.0,0.0,0.0,0.0,0.0,0.0,0.0,0.0,0.0,0.0,0.0,0.0,0.0,0.0,0.0,vectored,random,2,2026-08-20T13:08:15+00:00
foldedclos_64_2_8_4_0p5_16nm_TT_0V85_25C_666p667MHz,foldedclos,data_width=64;terminals_per_leaf=2;num_leaves=8;num_spines=4;oversubscription=0.5,16nm,TT,0.85,25.0,1.5,666.6666666666666,64,2,8,4,0.5,V-2023.12-SP4,23611,23611,0,5600.026491,5600.026491,0.0,0.0,0.0,1.3,0.0,0.0,0,V-2023.12-SP4,20132,20132,0,5040.47,5040.47,0.0,7983.7747,0.6313,0.0,0.0,1.33,-0.03,-0.19,15,V-2023.12-SP3,V-2023.12-SP4,1.22,2.488,0.007421,3.715,3.708,5.562,0.0,0.0,0.0,0.0,0.0,0.0,0.0,0.0,1.22,2.488,0.007421,3.715,0.0,0.0,0.0,0.0,0.0,0.0,0.0,0.0,0.0,0.0,0.0,0.0,0.0,0.0,0.0,0.0,vectored,fixed_route,2,2026-08-20T13:08:23+00:00
foldedclos_32_4_4_2_0p5_10nm_TT_0V8_25C_800MHz,foldedclos,data_width=32;terminals_per_leaf=4;num_leaves=4;num_spines=2;oversubscription=0.5,10nm,TT,0.8,25.0,1.25,800.0,32,4,4,2,0.5,V-2023.12-SP4,8281,8281,0,1084.3853,1084.3853,0.0,0.0,0.0,1.05,0.0,0.0,0,V-2023.12-SP4,8225,8225,0,1091.79,1091.79,0.0,1538.519,0.7096,0.0,0.0,1.04,0.01,0.0,0,V-2023.12-SP3,V-2023.12-SP4,0.5372,1.0610000000000002,0.003062,1.6019999999999999,1.5982000000000003,1.9977500000000004,0.0,0.0,0.0,0.0,0.0,0.0,0.0,0.0,0.5372,1.0610000000000002,0.003062,1.6019999999999999,0.0,0.0,0.0,0.0,0.0,0.0,0.0,0.0,0.0,0.0,0.0,0.0,0.0,0.0,0.0,0.0,unvectored,none,2,2026-08-20T13:15:21+00:00
foldedclos_32_4_4_2_0p5_10nm_TT_0V8_25C_800MHz,foldedclos,data_width=32;terminals_per_leaf=4;num_leaves=4;num_spines=2;oversubscription=0.5,10nm,TT,0.8,25.0,1.25,800.0,32,4,4,2,0.5,V-2023.12-SP4,8281,8281,0,1084.3853,1084.3853,0.0,0.0,0.0,1.05,0.0,0.0,0,V-2023.12-SP4,8225,8225,0,1091.79,1091.79,0.0,1538.519,0.7096,0.0,0.0,1.04,0.01,0.0,0,V-2023.12-SP3,V-2023.12-SP4,0.8614,1.556,0.003017,2.42,2.4174,3.0217500000000004,0.0,0.0,0.0,0.0,0.0,0.0,0.0,0.0,0.8614,1.556,0.003017,2.42,0.0,0.0,0.0,0.0,0.0,0.0,0.0,0.0,0.0,0.0,0.0,0.0,0.0,0.0,0.0,0.0,vectored,random,2,2026-08-20T13:15:28+00:00
foldedclos_32_4_4_2_0p5_10nm_TT_0V8_25C_800MHz,foldedclos,data_width=32;terminals_per_leaf=4;num_leaves=4;num_spines=2;oversubscription=0.5,10nm,TT,0.8,25.0,1.25,800.0,32,4,4,2,0.5,V-2023.12-SP4,8281,8281,0,1084.3853,1084.3853,0.0,0.0,0.0,1.05,0.0,0.0,0,V-2023.12-SP4,8225,8225,0,1091.79,1091.79,0.0,1538.519,0.7096,0.0,0.0,1.04,0.01,0.0,0,V-2023.12-SP3,V-2023.12-SP4,0.4027,0.7705000000000001,0.002957,1.176,1.1732,1.4665,0.0,0.0,0.0,0.0,0.0,0.0,0.0,0.0,0.4027,0.7705000000000001,0.002957,1.176,0.0,0.0,0.0,0.0,0.0,0.0,0.0,0.0,0.0,0.0,0.0,0.0,0.0,0.0,0.0,0.0,vectored,fixed_route,2,2026-08-20T13:15:34+00:00
foldedclos_32_4_4_8_1p0_7nm_TT_0V75_25C_1333p33MHz,foldedclos,data_width=32;terminals_per_leaf=4;num_leaves=4;num_spines=8;oversubscription=1.0,7nm,TT,0.75,25.0,0.75,1333.3333333333333,32,4,4,8,1.0,V-2023.12-SP4,14964,14964,0,901.458427,901.458427,0.0,0.0,0.0,0.55,0.0,0.0,0,V-2023.12-SP4,11409,11409,0,709.39,709.39,0.0,1282.4986,0.5531,0.0,0.0,0.58,-0.03,-1.19,126,V-2023.12-SP3,V-2023.12-SP4,0.9544,2.156,0.002761,3.113,3.1104000000000003,2.3328,0.0,0.0,0.0,0.0,0.0,0.0,0.0,0.0,0.9544,2.156,0.002761,3.113,0.0,0.0,0.0,0.0,0.0,0.0,0.0,0.0,0.0,0.0,0.0,0.0,0.0,0.0,0.0,0.0,unvectored,none,2,2026-08-20T13:15:59+00:00
foldedclos_32_4_4_8_1p0_7nm_TT_0V75_25C_1333p33MHz,foldedclos,data_width=32;terminals_per_leaf=4;num_leaves=4;num_spines=8;oversubscription=1.0,7nm,TT,0.75,25.0,0.75,1333.3333333333333,32,4,4,8,1.0,V-2023.12-SP4,14964,14964,0,901.458427,901.458427,0.0,0.0,0.0,0.55,0.0,0.0,0,V-2023.12-SP4,11409,11409,0,709.39,709.39,0.0,1282.4986,0.5531,0.0,0.0,0.58,-0.03,-1.19,126,V-2023.12-SP3,V-2023.12-SP4,1.556,3.192,0.0027240000000000003,4.75,4.748,3.561,0.0,0.0,0.0,0.0,0.0,0.0,0.0,0.0,1.556,3.192,0.0027240000000000003,4.75,0.0,0.0,0.0,0.0,0.0,0.0,0.0,0.0,0.0,0.0,0.0,0.0,0.0,0.0,0.0,0.0,vectored,random,2,2026-08-20T13:16:06+00:00
foldedclos_32_4_4_8_1p0_7nm_TT_0V75_25C_1333p33MHz,foldedclos,data_width=32;terminals_per_leaf=4;num_leaves=4;num_spines=8;oversubscription=1.0,7nm,TT,0.75,25.0,0.75,1333.3333333333333,32,4,4,8,1.0,V-2023.12-SP4,14964,14964,0,901.458427,901.458427,0.0,0.0,0.0,0.55,0.0,0.0,0,V-2023.12-SP4,11409,11409,0,709.39,709.39,0.0,1282.4986,0.5531,0.0,0.0,0.58,-0.03,-1.19,126,V-2023.12-SP3,V-2023.12-SP4,0.7162,1.782,0.002653,2.5010000000000003,2.4981999999999998,1.8736499999999998,0.0,0.0,0.0,0.0,0.0,0.0,0.0,0.0,0.7162,1.782,0.002653,2.5010000000000003,0.0,0.0,0.0,0.0,0.0,0.0,0.0,0.0,0.0,0.0,0.0,0.0,0.0,0.0,0.0,0.0,vectored,fixed_route,2,2026-08-20T13:16:14+00:00
foldedclos_32_4_4_2_0p5_16nm_TT_0V85_25C_1000MHz,foldedclos,data_width=32;terminals_per_leaf=4;num_leaves=4;num_spines=2;oversubscription=0.5,16nm,TT,0.85,25.0,1.0,1000.0,32,4,4,2,0.5,V-2023.12-SP4,13236,13236,0,3101.317699,3101.317699,0.0,0.0,0.0,0.8,0.0,0.0,0,V-2023.12-SP4,11465,11465,0,2825.67,2825.67,0.0,4406.8147,0.6412,0.0,0.0,0.88,-0.08,-1.99,142,V-2023.12-SP3,V-2023.12-SP4,1.1260000000000001,2.173,0.004423,3.3040000000000003,3.2990000000000004,3.2990000000000004,0.0,0.0,0.0,0.0,0.0,0.0,0.0,0.0,1.1260000000000001,2.173,0.004423,3.3040000000000003,0.0,0.0,0.0,0.0,0.0,0.0,0.0,0.0,0.0,0.0,0.0,0.0,0.0,0.0,0.0,0.0,unvectored,none,2,2026-08-20T13:20:56+00:00
foldedclos_32_4_4_2_0p5_16nm_TT_0V85_25C_1000MHz,foldedclos,data_width=32;terminals_per_leaf=4;num_leaves=4;num_spines=2;oversubscription=0.5,16nm,TT,0.85,25.0,1.0,1000.0,32,4,4,2,0.5,V-2023.12-SP4,13236,13236,0,3101.317699,3101.317699,0.0,0.0,0.0,0.8,0.0,0.0,0,V-2023.12-SP4,11465,11465,0,2825.67,2825.67,0.0,4406.8147,0.6412,0.0,0.0,0.88,-0.08,-1.99,142,V-2023.12-SP3,V-2023.12-SP4,1.745,3.195,0.004377,4.944999999999999,4.9399999999999995,4.9399999999999995,0.0,0.0,0.0,0.0,0.0,0.0,0.0,0.0,1.745,3.195,0.004377,4.944999999999999,0.0,0.0,0.0,0.0,0.0,0.0,0.0,0.0,0.0,0.0,0.0,0.0,0.0,0.0,0.0,0.0,vectored,random,2,2026-08-20T13:21:04+00:00
foldedclos_32_4_4_2_0p5_16nm_TT_0V85_25C_1000MHz,foldedclos,data_width=32;terminals_per_leaf=4;num_leaves=4;num_spines=2;oversubscription=0.5,16nm,TT,0.85,25.0,1.0,1000.0,32,4,4,2,0.5,V-2023.12-SP4,13236,13236,0,3101.317699,3101.317699,0.0,0.0,0.0,0.8,0.0,0.0,0,V-2023.12-SP4,11465,11465,0,2825.67,2825.67,0.0,4406.8147,0.6412,0.0,0.0,0.88,-0.08,-1.99,142,V-2023.12-SP3,V-2023.12-SP4,0.7868,1.65,0.004299,2.441,2.4368,2.4368,0.0,0.0,0.0,0.0,0.0,0.0,0.0,0.0,0.7868,1.65,0.004299,2.441,0.0,0.0,0.0,0.0,0.0,0.0,0.0,0.0,0.0,0.0,0.0,0.0,0.0,0.0,0.0,0.0,vectored,fixed_route,2,2026-08-20T13:21:11+00:00
foldedclos_32_4_4_8_1p0_7nm_TT_0V75_25C_800MHz,foldedclos,data_width=32;terminals_per_leaf=4;num_leaves=4;num_spines=8;oversubscription=1.0,7nm,TT,0.75,25.0,1.25,800.0,32,4,4,8,1.0,V-2023.12-SP4,16281,16281,0,988.275449,988.275449,0.0,0.0,0.0,1.05,0.0,0.0,0,V-2023.12-SP4,12580,12580,0,760.87,760.87,0.0,1410.6033,0.5394,0.0,0.0,1.07,-0.02,-0.24,49,V-2023.12-SP3,V-2023.12-SP4,0.6513,1.464,0.003108,2.1189999999999998,2.1153,2.644125,0.0,0.0,0.0,0.0,0.0,0.0,0.0,0.0,0.6513,1.464,0.003108,2.1189999999999998,0.0,0.0,0.0,0.0,0.0,0.0,0.0,0.0,0.0,0.0,0.0,0.0,0.0,0.0,0.0,0.0,unvectored,none,2,2026-08-20T13:31:54+00:00
foldedclos_32_4_4_8_1p0_7nm_TT_0V75_25C_800MHz,foldedclos,data_width=32;terminals_per_leaf=4;num_leaves=4;num_spines=8;oversubscription=1.0,7nm,TT,0.75,25.0,1.25,800.0,32,4,4,8,1.0,V-2023.12-SP4,16281,16281,0,988.275449,988.275449,0.0,0.0,0.0,1.05,0.0,0.0,0,V-2023.12-SP4,12580,12580,0,760.87,760.87,0.0,1410.6033,0.5394,0.0,0.0,1.07,-0.02,-0.24,49,V-2023.12-SP3,V-2023.12-SP4,1.129,2.249,0.00305,3.382,3.378,4.2225,0.0,0.0,0.0,0.0,0.0,0.0,0.0,0.0,1.129,2.249,0.00305,3.382,0.0,0.0,0.0,0.0,0.0,0.0,0.0,0.0,0.0,0.0,0.0,0.0,0.0,0.0,0.0,0.0,vectored,random,2,2026-08-20T13:32:01+00:00
foldedclos_32_4_4_8_1p0_7nm_TT_0V75_25C_800MHz,foldedclos,data_width=32;terminals_per_leaf=4;num_leaves=4;num_spines=8;oversubscription=1.0,7nm,TT,0.75,25.0,1.25,800.0,32,4,4,8,1.0,V-2023.12-SP4,16281,16281,0,988.275449,988.275449,0.0,0.0,0.0,1.05,0.0,0.0,0,V-2023.12-SP4,12580,12580,0,760.87,760.87,0.0,1410.6033,0.5394,0.0,0.0,1.07,-0.02,-0.24,49,V-2023.12-SP3,V-2023.12-SP4,0.5096,1.254,0.0030350000000000004,1.766,1.7636,2.2045,0.0,0.0,0.0,0.0,0.0,0.0,0.0,0.0,0.5096,1.254,0.0030350000000000004,1.766,0.0,0.0,0.0,0.0,0.0,0.0,0.0,0.0,0.0,0.0,0.0,0.0,0.0,0.0,0.0,0.0,vectored,fixed_route,2,2026-08-20T13:32:09+00:00
foldedclos_32_4_4_2_0p5_16nm_TT_0V85_25C_666p667MHz,foldedclos,data_width=32;terminals_per_leaf=4;num_leaves=4;num_spines=2;oversubscription=0.5,16nm,TT,0.85,25.0,1.5,666.6666666666666,32,4,4,2,0.5,V-2023.12-SP4,13141,13141,0,3084.272703,3084.272703,0.0,0.0,0.0,1.3,0.0,0.0,0,V-2023.12-SP4,11227,11227,0,2735.47,2735.47,0.0,4392.5069,0.6228,0.0,0.0,1.34,-0.04,-0.27,16,V-2023.12-SP3,V-2023.12-SP4,0.8261,1.578,0.004223,2.408,2.4041,3.6061500000000004,0.0,0.0,0.0,0.0,0.0,0.0,0.0,0.0,0.8261,1.578,0.004223,2.408,0.0,0.0,0.0,0.0,0.0,0.0,0.0,0.0,0.0,0.0,0.0,0.0,0.0,0.0,0.0,0.0,unvectored,none,2,2026-08-20T13:32:34+00:00
foldedclos_32_4_4_2_0p5_16nm_TT_0V85_25C_666p667MHz,foldedclos,data_width=32;terminals_per_leaf=4;num_leaves=4;num_spines=2;oversubscription=0.5,16nm,TT,0.85,25.0,1.5,666.6666666666666,32,4,4,2,0.5,V-2023.12-SP4,13141,13141,0,3084.272703,3084.272703,0.0,0.0,0.0,1.3,0.0,0.0,0,V-2023.12-SP4,11227,11227,0,2735.47,2735.47,0.0,4392.5069,0.6228,0.0,0.0,1.34,-0.04,-0.27,16,V-2023.12-SP3,V-2023.12-SP4,1.358,2.4090000000000003,0.004159,3.771,3.7670000000000003,5.650500000000001,0.0,0.0,0.0,0.0,0.0,0.0,0.0,0.0,1.358,2.4090000000000003,0.004159,3.771,0.0,0.0,0.0,0.0,0.0,0.0,0.0,0.0,0.0,0.0,0.0,0.0,0.0,0.0,0.0,0.0,vectored,random,2,2026-08-20T13:32:41+00:00
foldedclos_32_4_4_2_0p5_16nm_TT_0V85_25C_666p667MHz,foldedclos,data_width=32;terminals_per_leaf=4;num_leaves=4;num_spines=2;oversubscription=0.5,16nm,TT,0.85,25.0,1.5,666.6666666666666,32,4,4,2,0.5,V-2023.12-SP4,13141,13141,0,3084.272703,3084.272703,0.0,0.0,0.0,1.3,0.0,0.0,0,V-2023.12-SP4,11227,11227,0,2735.47,2735.47,0.0,4392.5069,0.6228,0.0,0.0,1.34,-0.04,-0.27,16,V-2023.12-SP3,V-2023.12-SP4,0.6073,1.258,0.004076,1.8699999999999999,1.8653,2.79795,0.0,0.0,0.0,0.0,0.0,0.0,0.0,0.0,0.6073,1.258,0.004076,1.8699999999999999,0.0,0.0,0.0,0.0,0.0,0.0,0.0,0.0,0.0,0.0,0.0,0.0,0.0,0.0,0.0,0.0,vectored,fixed_route,2,2026-08-20T13:32:48+00:00
foldedclos_64_4_4_2_0p5_10nm_TT_0V8_25C_1333p33MHz,foldedclos,data_width=64;terminals_per_leaf=4;num_leaves=4;num_spines=2;oversubscription=0.5,10nm,TT,0.8,25.0,0.75,1333.3333333333333,64,4,4,2,0.5,V-2023.12-SP4,26127,26127,0,3016.519674,3016.519674,0.0,0.0,0.0,0.55,0.0,0.0,0,V-2023.12-SP4,21750,21750,0,2627.14,2627.14,0.0,4282.368,0.6135,0.0,0.0,0.69,-0.14,-2.09,176,V-2023.12-SP3,V-2023.12-SP4,2.346,4.714,0.007627,7.067,7.0600000000000005,5.295,0.0,0.0,0.0,0.0,0.0,0.0,0.0,0.0,2.346,4.714,0.007627,7.067,0.0,0.0,0.0,0.0,0.0,0.0,0.0,0.0,0.0,0.0,0.0,0.0,0.0,0.0,0.0,0.0,unvectored,none,2,2026-08-20T13:49:00+00:00
foldedclos_64_4_4_2_0p5_10nm_TT_0V8_25C_1333p33MHz,foldedclos,data_width=64;terminals_per_leaf=4;num_leaves=4;num_spines=2;oversubscription=0.5,10nm,TT,0.8,25.0,0.75,1333.3333333333333,64,4,4,2,0.5,V-2023.12-SP4,26127,26127,0,3016.519674,3016.519674,0.0,0.0,0.0,0.55,0.0,0.0,0,V-2023.12-SP4,21750,21750,0,2627.14,2627.14,0.0,4282.368,0.6135,0.0,0.0,0.69,-0.14,-2.09,176,V-2023.12-SP3,V-2023.12-SP4,3.8249999999999997,7.204999999999999,0.0075179999999999995,11.0,11.03,8.272499999999999,0.0,0.0,0.0,0.0,0.0,0.0,0.0,0.0,3.8249999999999997,7.204999999999999,0.0075179999999999995,11.0,0.0,0.0,0.0,0.0,0.0,0.0,0.0,0.0,0.0,0.0,0.0,0.0,0.0,0.0,0.0,0.0,vectored,random,2,2026-08-20T13:49:08+00:00
foldedclos_64_4_4_2_0p5_10nm_TT_0V8_25C_1333p33MHz,foldedclos,data_width=64;terminals_per_leaf=4;num_leaves=4;num_spines=2;oversubscription=0.5,10nm,TT,0.8,25.0,0.75,1333.3333333333333,64,4,4,2,0.5,V-2023.12-SP4,26127,26127,0,3016.519674,3016.519674,0.0,0.0,0.0,0.55,0.0,0.0,0,V-2023.12-SP4,21750,21750,0,2627.14,2627.14,0.0,4282.368,0.6135,0.0,0.0,0.69,-0.14,-2.09,176,V-2023.12-SP3,V-2023.12-SP4,1.825,3.886,0.007390000000000001,5.719,5.711,4.283250000000001,0.0,0.0,0.0,0.0,0.0,0.0,0.0,0.0,1.825,3.886,0.007390000000000001,5.719,0.0,0.0,0.0,0.0,0.0,0.0,0.0,0.0,0.0,0.0,0.0,0.0,0.0,0.0,0.0,0.0,vectored,fixed_route,2,2026-08-20T13:49:16+00:00
foldedclos_32_4_4_8_0p5_7nm_TT_0V75_25C_1333p33MHz,foldedclos,data_width=32;terminals_per_leaf=4;num_leaves=4;num_spines=8;oversubscription=0.5,7nm,TT,0.75,25.0,0.75,1333.3333333333333,32,4,4,8,0.5,V-2023.12-SP4,14964,14964,0,901.458427,901.458427,0.0,0.0,0.0,0.55,0.0,0.0,0,V-2023.12-SP4,11409,11409,0,709.39,709.39,0.0,1282.4986,0.5531,0.0,0.0,0.58,-0.03,-1.34,140,V-2023.12-SP3,V-2023.12-SP4,0.9545,2.157,0.002761,3.114,3.1115,2.333625,0.0,0.0,0.0,0.0,0.0,0.0,0.0,0.0,0.9545,2.157,0.002761,3.114,0.0,0.0,0.0,0.0,0.0,0.0,0.0,0.0,0.0,0.0,0.0,0.0,0.0,0.0,0.0,0.0,unvectored,none,2,2026-08-20T13:49:31+00:00
foldedclos_32_4_4_8_0p5_7nm_TT_0V75_25C_1333p33MHz,foldedclos,data_width=32;terminals_per_leaf=4;num_leaves=4;num_spines=8;oversubscription=0.5,7nm,TT,0.75,25.0,0.75,1333.3333333333333,32,4,4,8,0.5,V-2023.12-SP4,14964,14964,0,901.458427,901.458427,0.0,0.0,0.0,0.55,0.0,0.0,0,V-2023.12-SP4,11409,11409,0,709.39,709.39,0.0,1282.4986,0.5531,0.0,0.0,0.58,-0.03,-1.34,140,V-2023.12-SP3,V-2023.12-SP4,1.555,3.19,0.0027240000000000003,4.747000000000001,4.745,3.55875,0.0,0.0,0.0,0.0,0.0,0.0,0.0,0.0,1.555,3.19,0.0027240000000000003,4.747000000000001,0.0,0.0,0.0,0.0,0.0,0.0,0.0,0.0,0.0,0.0,0.0,0.0,0.0,0.0,0.0,0.0,vectored,random,2,2026-08-20T13:49:38+00:00
foldedclos_32_4_4_8_0p5_7nm_TT_0V75_25C_1333p33MHz,foldedclos,data_width=32;terminals_per_leaf=4;num_leaves=4;num_spines=8;oversubscription=0.5,7nm,TT,0.75,25.0,0.75,1333.3333333333333,32,4,4,8,0.5,V-2023.12-SP4,14964,14964,0,901.458427,901.458427,0.0,0.0,0.0,0.55,0.0,0.0,0,V-2023.12-SP4,11409,11409,0,709.39,709.39,0.0,1282.4986,0.5531,0.0,0.0,0.58,-0.03,-1.34,140,V-2023.12-SP3,V-2023.12-SP4,0.7162,1.782,0.002653,2.5010000000000003,2.4981999999999998,1.8736499999999998,0.0,0.0,0.0,0.0,0.0,0.0,0.0,0.0,0.7162,1.782,0.002653,2.5010000000000003,0.0,0.0,0.0,0.0,0.0,0.0,0.0,0.0,0.0,0.0,0.0,0.0,0.0,0.0,0.0,0.0,vectored,fixed_route,2,2026-08-20T13:49:45+00:00
foldedclos_32_4_4_8_0p5_7nm_TT_0V75_25C_800MHz,foldedclos,data_width=32;terminals_per_leaf=4;num_leaves=4;num_spines=8;oversubscription=0.5,7nm,TT,0.75,25.0,1.25,800.0,32,4,4,8,0.5,V-2023.12-SP4,16281,16281,0,988.275449,988.275449,0.0,0.0,0.0,1.05,0.0,0.0,0,V-2023.12-SP4,12580,12580,0,760.87,760.87,0.0,1410.6033,0.5394,0.0,0.0,1.07,-0.02,-0.27,54,V-2023.12-SP3,V-2023.12-SP4,0.6513,1.4649999999999999,0.003108,2.1189999999999998,2.1163,2.6453749999999996,0.0,0.0,0.0,0.0,0.0,0.0,0.0,0.0,0.6513,1.4649999999999999,0.003108,2.1189999999999998,0.0,0.0,0.0,0.0,0.0,0.0,0.0,0.0,0.0,0.0,0.0,0.0,0.0,0.0,0.0,0.0,unvectored,none,2,2026-08-20T14:05:48+00:00
foldedclos_32_4_4_8_0p5_7nm_TT_0V75_25C_800MHz,foldedclos,data_width=32;terminals_per_leaf=4;num_leaves=4;num_spines=8;oversubscription=0.5,7nm,TT,0.75,25.0,1.25,800.0,32,4,4,8,0.5,V-2023.12-SP4,16281,16281,0,988.275449,988.275449,0.0,0.0,0.0,1.05,0.0,0.0,0,V-2023.12-SP4,12580,12580,0,760.87,760.87,0.0,1410.6033,0.5394,0.0,0.0,1.07,-0.02,-0.27,54,V-2023.12-SP3,V-2023.12-SP4,1.13,2.25,0.00305,3.383,3.38,4.225,0.0,0.0,0.0,0.0,0.0,0.0,0.0,0.0,1.13,2.25,0.00305,3.383,0.0,0.0,0.0,0.0,0.0,0.0,0.0,0.0,0.0,0.0,0.0,0.0,0.0,0.0,0.0,0.0,vectored,random,2,2026-08-20T14:05:56+00:00
foldedclos_32_4_4_8_0p5_7nm_TT_0V75_25C_800MHz,foldedclos,data_width=32;terminals_per_leaf=4;num_leaves=4;num_spines=8;oversubscription=0.5,7nm,TT,0.75,25.0,1.25,800.0,32,4,4,8,0.5,V-2023.12-SP4,16281,16281,0,988.275449,988.275449,0.0,0.0,0.0,1.05,0.0,0.0,0,V-2023.12-SP4,12580,12580,0,760.87,760.87,0.0,1410.6033,0.5394,0.0,0.0,1.07,-0.02,-0.27,54,V-2023.12-SP3,V-2023.12-SP4,0.5096,1.254,0.0030350000000000004,1.767,1.7636,2.2045,0.0,0.0,0.0,0.0,0.0,0.0,0.0,0.0,0.5096,1.254,0.0030350000000000004,1.767,0.0,0.0,0.0,0.0,0.0,0.0,0.0,0.0,0.0,0.0,0.0,0.0,0.0,0.0,0.0,0.0,vectored,fixed_route,2,2026-08-20T14:06:03+00:00
foldedclos_64_4_4_2_0p5_16nm_TT_0V85_25C_1000MHz,foldedclos,data_width=64;terminals_per_leaf=4;num_leaves=4;num_spines=2;oversubscription=0.5,16nm,TT,0.85,25.0,1.0,1000.0,64,4,4,2,0.5,V-2023.12-SP4,23619,23619,0,5573.463677,5573.463677,0.0,0.0,0.0,0.8,0.0,0.0,0,V-2023.12-SP4,22944,22944,0,5903.6,5903.6,0.0,7913.1064,0.7461,0.0,0.0,0.86,-0.06,-2.47,202,V-2023.12-SP3,V-2023.12-SP4,2.66,4.526,0.01029,7.195,7.186,7.186,0.0,0.0,0.0,0.0,0.0,0.0,0.0,0.0,2.66,4.526,0.01029,7.195,0.0,0.0,0.0,0.0,0.0,0.0,0.0,0.0,0.0,0.0,0.0,0.0,0.0,0.0,0.0,0.0,unvectored,none,2,2026-08-20T14:19:47+00:00
foldedclos_64_4_4_2_0p5_16nm_TT_0V85_25C_1000MHz,foldedclos,data_width=64;terminals_per_leaf=4;num_leaves=4;num_spines=2;oversubscription=0.5,16nm,TT,0.85,25.0,1.0,1000.0,64,4,4,2,0.5,V-2023.12-SP4,23619,23619,0,5573.463677,5573.463677,0.0,0.0,0.0,0.8,0.0,0.0,0,V-2023.12-SP4,22944,22944,0,5903.6,5903.6,0.0,7913.1064,0.7461,0.0,0.0,0.86,-0.06,-2.47,202,V-2023.12-SP3,V-2023.12-SP4,4.19,6.859999999999999,0.010169999999999998,11.1,11.05,11.05,0.0,0.0,0.0,0.0,0.0,0.0,0.0,0.0,4.19,6.859999999999999,0.010169999999999998,11.1,0.0,0.0,0.0,0.0,0.0,0.0,0.0,0.0,0.0,0.0,0.0,0.0,0.0,0.0,0.0,0.0,vectored,random,2,2026-08-20T14:19:55+00:00
foldedclos_64_4_4_2_0p5_16nm_TT_0V85_25C_1000MHz,foldedclos,data_width=64;terminals_per_leaf=4;num_leaves=4;num_spines=2;oversubscription=0.5,16nm,TT,0.85,25.0,1.0,1000.0,64,4,4,2,0.5,V-2023.12-SP4,23619,23619,0,5573.463677,5573.463677,0.0,0.0,0.0,0.8,0.0,0.0,0,V-2023.12-SP4,22944,22944,0,5903.6,5903.6,0.0,7913.1064,0.7461,0.0,0.0,0.86,-0.06,-2.47,202,V-2023.12-SP3,V-2023.12-SP4,2.088,3.7190000000000003,0.009973,5.816,5.807,5.807,0.0,0.0,0.0,0.0,0.0,0.0,0.0,0.0,2.088,3.7190000000000003,0.009973,5.816,0.0,0.0,0.0,0.0,0.0,0.0,0.0,0.0,0.0,0.0,0.0,0.0,0.0,0.0,0.0,0.0,vectored,fixed_route,2,2026-08-20T14:20:03+00:00
foldedclos_64_4_4_2_0p5_10nm_TT_0V8_25C_800MHz,foldedclos,data_width=64;terminals_per_leaf=4;num_leaves=4;num_spines=2;oversubscription=0.5,10nm,TT,0.8,25.0,1.25,800.0,64,4,4,2,0.5,V-2023.12-SP4,15232,15232,0,2030.438437,2030.438437,0.0,0.0,0.0,1.05,0.0,0.0,0,V-2023.12-SP4,15344,15344,0,2079.5,2079.5,0.0,2894.4384,0.7184,0.0,0.0,1.08,-0.03,-0.06,4,V-2023.12-SP3,V-2023.12-SP4,1.0050000000000001,2.054,0.0058390000000000004,3.065,3.059,3.8237500000000004,0.0,0.0,0.0,0.0,0.0,0.0,0.0,0.0,1.0050000000000001,2.054,0.0058390000000000004,3.065,0.0,0.0,0.0,0.0,0.0,0.0,0.0,0.0,0.0,0.0,0.0,0.0,0.0,0.0,0.0,0.0,unvectored,none,2,2026-08-20T14:39:04+00:00
foldedclos_64_4_4_2_0p5_10nm_TT_0V8_25C_800MHz,foldedclos,data_width=64;terminals_per_leaf=4;num_leaves=4;num_spines=2;oversubscription=0.5,10nm,TT,0.8,25.0,1.25,800.0,64,4,4,2,0.5,V-2023.12-SP4,15232,15232,0,2030.438437,2030.438437,0.0,0.0,0.0,1.05,0.0,0.0,0,V-2023.12-SP4,15344,15344,0,2079.5,2079.5,0.0,2894.4384,0.7184,0.0,0.0,1.08,-0.03,-0.06,4,V-2023.12-SP3,V-2023.12-SP4,1.623,3.088,0.005755,4.715999999999999,4.711,5.88875,0.0,0.0,0.0,0.0,0.0,0.0,0.0,0.0,1.623,3.088,0.005755,4.715999999999999,0.0,0.0,0.0,0.0,0.0,0.0,0.0,0.0,0.0,0.0,0.0,0.0,0.0,0.0,0.0,0.0,vectored,random,2,2026-08-20T14:39:12+00:00
foldedclos_64_4_4_2_0p5_10nm_TT_0V8_25C_800MHz,foldedclos,data_width=64;terminals_per_leaf=4;num_leaves=4;num_spines=2;oversubscription=0.5,10nm,TT,0.8,25.0,1.25,800.0,64,4,4,2,0.5,V-2023.12-SP4,15232,15232,0,2030.438437,2030.438437,0.0,0.0,0.0,1.05,0.0,0.0,0,V-2023.12-SP4,15344,15344,0,2079.5,2079.5,0.0,2894.4384,0.7184,0.0,0.0,1.08,-0.03,-0.06,4,V-2023.12-SP3,V-2023.12-SP4,0.8376,1.655,0.005628,2.4979999999999998,2.4926,3.11575,0.0,0.0,0.0,0.0,0.0,0.0,0.0,0.0,0.8376,1.655,0.005628,2.4979999999999998,0.0,0.0,0.0,0.0,0.0,0.0,0.0,0.0,0.0,0.0,0.0,0.0,0.0,0.0,0.0,0.0,vectored,fixed_route,2,2026-08-20T14:39:20+00:00
foldedclos_64_4_4_8_1p0_7nm_TT_0V75_25C_1333p33MHz,foldedclos,data_width=64;terminals_per_leaf=4;num_leaves=4;num_spines=8;oversubscription=1.0,7nm,TT,0.75,25.0,0.75,1333.3333333333333,64,4,4,8,1.0,V-2023.12-SP4,27145,27145,0,1668.780281,1668.780281,0.0,0.0,0.0,0.55,0.0,0.0,0,V-2023.12-SP4,22307,22307,0,1374.7,1374.7,0.0,2371.8804,0.5796,0.0,0.0,0.61,-0.06,-7.2,640,V-2023.12-SP3,V-2023.12-SP4,1.9009999999999998,4.15,0.005540000000000001,6.056,6.051,4.53825,0.0,0.0,0.0,0.0,0.0,0.0,0.0,0.0,1.9009999999999998,4.15,0.005540000000000001,6.056,0.0,0.0,0.0,0.0,0.0,0.0,0.0,0.0,0.0,0.0,0.0,0.0,0.0,0.0,0.0,0.0,unvectored,none,2,2026-08-20T14:40:30+00:00
foldedclos_64_4_4_8_1p0_7nm_TT_0V75_25C_1333p33MHz,foldedclos,data_width=64;terminals_per_leaf=4;num_leaves=4;num_spines=8;oversubscription=1.0,7nm,TT,0.75,25.0,0.75,1333.3333333333333,64,4,4,8,1.0,V-2023.12-SP4,27145,27145,0,1668.780281,1668.780281,0.0,0.0,0.0,0.55,0.0,0.0,0,V-2023.12-SP4,22307,22307,0,1374.7,1374.7,0.0,2371.8804,0.5796,0.0,0.0,0.61,-0.06,-7.2,640,V-2023.12-SP3,V-2023.12-SP4,3.2070000000000003,6.361000000000001,0.005445,9.574,9.568000000000001,7.176000000000001,0.0,0.0,0.0,0.0,0.0,0.0,0.0,0.0,3.2070000000000003,6.361000000000001,0.005445,9.574,0.0,0.0,0.0,0.0,0.0,0.0,0.0,0.0,0.0,0.0,0.0,0.0,0.0,0.0,0.0,0.0,vectored,random,2,2026-08-20T14:40:39+00:00
foldedclos_64_4_4_8_1p0_7nm_TT_0V75_25C_1333p33MHz,foldedclos,data_width=64;terminals_per_leaf=4;num_leaves=4;num_spines=8;oversubscription=1.0,7nm,TT,0.75,25.0,0.75,1333.3333333333333,64,4,4,8,1.0,V-2023.12-SP4,27145,27145,0,1668.780281,1668.780281,0.0,0.0,0.0,0.55,0.0,0.0,0,V-2023.12-SP4,22307,22307,0,1374.7,1374.7,0.0,2371.8804,0.5796,0.0,0.0,0.61,-0.06,-7.2,640,V-2023.12-SP3,V-2023.12-SP4,1.511,3.528,0.005366,5.044,5.039,3.7792499999999998,0.0,0.0,0.0,0.0,0.0,0.0,0.0,0.0,1.511,3.528,0.005366,5.044,0.0,0.0,0.0,0.0,0.0,0.0,0.0,0.0,0.0,0.0,0.0,0.0,0.0,0.0,0.0,0.0,vectored,fixed_route,2,2026-08-20T14:40:48+00:00
foldedclos_64_4_4_2_0p5_16nm_TT_0V85_25C_666p667MHz,foldedclos,data_width=64;terminals_per_leaf=4;num_leaves=4;num_spines=2;oversubscription=0.5,16nm,TT,0.85,25.0,1.5,666.6666666666666,64,4,4,2,0.5,V-2023.12-SP4,23611,23611,0,5600.026491,5600.026491,0.0,0.0,0.0,1.3,0.0,0.0,0,V-2023.12-SP4,20132,20132,0,5040.47,5040.47,0.0,7983.7747,0.6313,0.0,0.0,1.34,-0.04,-0.24,19,V-2023.12-SP3,V-2023.12-SP4,1.5590000000000002,3.032,0.007668,4.599,4.591,6.8865,0.0,0.0,0.0,0.0,0.0,0.0,0.0,0.0,1.5590000000000002,3.032,0.007668,4.599,0.0,0.0,0.0,0.0,0.0,0.0,0.0,0.0,0.0,0.0,0.0,0.0,0.0,0.0,0.0,0.0,unvectored,none,2,2026-08-20T14:55:40+00:00
foldedclos_64_4_4_2_0p5_16nm_TT_0V85_25C_666p667MHz,foldedclos,data_width=64;terminals_per_leaf=4;num_leaves=4;num_spines=2;oversubscription=0.5,16nm,TT,0.85,25.0,1.5,666.6666666666666,64,4,4,2,0.5,V-2023.12-SP4,23611,23611,0,5600.026491,5600.026491,0.0,0.0,0.0,1.3,0.0,0.0,0,V-2023.12-SP4,20132,20132,0,5040.47,5040.47,0.0,7983.7747,0.6313,0.0,0.0,1.34,-0.04,-0.24,19,V-2023.12-SP3,V-2023.12-SP4,2.5820000000000003,4.791,0.007526,7.38,7.373000000000001,11.059500000000002,0.0,0.0,0.0,0.0,0.0,0.0,0.0,0.0,2.5820000000000003,4.791,0.007526,7.38,0.0,0.0,0.0,0.0,0.0,0.0,0.0,0.0,0.0,0.0,0.0,0.0,0.0,0.0,0.0,0.0,vectored,random,2,2026-08-20T14:55:48+00:00
foldedclos_64_4_4_2_0p5_16nm_TT_0V85_25C_666p667MHz,foldedclos,data_width=64;terminals_per_leaf=4;num_leaves=4;num_spines=2;oversubscription=0.5,16nm,TT,0.85,25.0,1.5,666.6666666666666,64,4,4,2,0.5,V-2023.12-SP4,23611,23611,0,5600.026491,5600.026491,0.0,0.0,0.0,1.3,0.0,0.0,0,V-2023.12-SP4,20132,20132,0,5040.47,5040.47,0.0,7983.7747,0.6313,0.0,0.0,1.34,-0.04,-0.24,19,V-2023.12-SP3,V-2023.12-SP4,1.22,2.489,0.007421,3.716,3.7089999999999996,5.5634999999999994,0.0,0.0,0.0,0.0,0.0,0.0,0.0,0.0,1.22,2.489,0.007421,3.716,0.0,0.0,0.0,0.0,0.0,0.0,0.0,0.0,0.0,0.0,0.0,0.0,0.0,0.0,0.0,0.0,vectored,fixed_route,2,2026-08-20T14:55:56+00:00
foldedclos_64_4_4_4_0p5_10nm_TT_0V8_25C_1333p33MHz,foldedclos,data_width=64;terminals_per_leaf=4;num_leaves=4;num_spines=4;oversubscription=0.5,10nm,TT,0.8,25.0,0.75,1333.3333333333333,64,4,4,4,0.5,V-2023.12-SP4,26127,26127,0,3016.519674,3016.519674,0.0,0.0,0.0,0.55,0.0,0.0,0,V-2023.12-SP4,21750,21750,0,2627.14,2627.14,0.0,4282.368,0.6135,0.0,0.0,0.69,-0.14,-2.24,180,V-2023.12-SP3,V-2023.12-SP4,2.346,4.714,0.007627,7.067,7.0600000000000005,5.295,0.0,0.0,0.0,0.0,0.0,0.0,0.0,0.0,2.346,4.714,0.007627,7.067,0.0,0.0,0.0,0.0,0.0,0.0,0.0,0.0,0.0,0.0,0.0,0.0,0.0,0.0,0.0,0.0,unvectored,none,2,2026-08-20T15:12:56+00:00
foldedclos_64_4_4_4_0p5_10nm_TT_0V8_25C_1333p33MHz,foldedclos,data_width=64;terminals_per_leaf=4;num_leaves=4;num_spines=4;oversubscription=0.5,10nm,TT,0.8,25.0,0.75,1333.3333333333333,64,4,4,4,0.5,V-2023.12-SP4,26127,26127,0,3016.519674,3016.519674,0.0,0.0,0.0,0.55,0.0,0.0,0,V-2023.12-SP4,21750,21750,0,2627.14,2627.14,0.0,4282.368,0.6135,0.0,0.0,0.69,-0.14,-2.24,180,V-2023.12-SP3,V-2023.12-SP4,3.8240000000000003,7.202,0.0075179999999999995,11.0,11.026,8.2695,0.0,0.0,0.0,0.0,0.0,0.0,0.0,0.0,3.8240000000000003,7.202,0.0075179999999999995,11.0,0.0,0.0,0.0,0.0,0.0,0.0,0.0,0.0,0.0,0.0,0.0,0.0,0.0,0.0,0.0,0.0,vectored,random,2,2026-08-20T15:13:05+00:00
foldedclos_64_4_4_4_0p5_10nm_TT_0V8_25C_1333p33MHz,foldedclos,data_width=64;terminals_per_leaf=4;num_leaves=4;num_spines=4;oversubscription=0.5,10nm,TT,0.8,25.0,0.75,1333.3333333333333,64,4,4,4,0.5,V-2023.12-SP4,26127,26127,0,3016.519674,3016.519674,0.0,0.0,0.0,0.55,0.0,0.0,0,V-2023.12-SP4,21750,21750,0,2627.14,2627.14,0.0,4282.368,0.6135,0.0,0.0,0.69,-0.14,-2.24,180,V-2023.12-SP3,V-2023.12-SP4,1.825,3.886,0.007390000000000001,5.719,5.711,4.283250000000001,0.0,0.0,0.0,0.0,0.0,0.0,0.0,0.0,1.825,3.886,0.007390000000000001,5.719,0.0,0.0,0.0,0.0,0.0,0.0,0.0,0.0,0.0,0.0,0.0,0.0,0.0,0.0,0.0,0.0,vectored,fixed_route,2,2026-08-20T15:13:13+00:00
foldedclos_64_4_4_8_1p0_7nm_TT_0V75_25C_800MHz,foldedclos,data_width=64;terminals_per_leaf=4;num_leaves=4;num_spines=8;oversubscription=1.0,7nm,TT,0.75,25.0,1.25,800.0,64,4,4,8,1.0,V-2023.12-SP4,15409,15409,0,1078.092307,1078.092307,0.0,0.0,0.0,1.05,0.0,0.0,0,V-2023.12-SP4,15665,15665,0,1101.16,1101.16,0.0,1532.4019,0.7186,0.0,0.0,1.08,-0.03,-1.74,164,V-2023.12-SP3,V-2023.12-SP4,0.8088000000000001,1.7,0.004388,2.513,2.5088,3.136,0.0,0.0,0.0,0.0,0.0,0.0,0.0,0.0,0.8088000000000001,1.7,0.004388,2.513,0.0,0.0,0.0,0.0,0.0,0.0,0.0,0.0,0.0,0.0,0.0,0.0,0.0,0.0,0.0,0.0,unvectored,none,2,2026-08-20T15:37:33+00:00
foldedclos_64_4_4_8_1p0_7nm_TT_0V75_25C_800MHz,foldedclos,data_width=64;terminals_per_leaf=4;num_leaves=4;num_spines=8;oversubscription=1.0,7nm,TT,0.75,25.0,1.25,800.0,64,4,4,8,1.0,V-2023.12-SP4,15409,15409,0,1078.092307,1078.092307,0.0,0.0,0.0,1.05,0.0,0.0,0,V-2023.12-SP4,15665,15665,0,1101.16,1101.16,0.0,1532.4019,0.7186,0.0,0.0,1.08,-0.03,-1.74,164,V-2023.12-SP3,V-2023.12-SP4,1.314,2.543,0.004322,3.8609999999999998,3.857,4.82125,0.0,0.0,0.0,0.0,0.0,0.0,0.0,0.0,1.314,2.543,0.004322,3.8609999999999998,0.0,0.0,0.0,0.0,0.0,0.0,0.0,0.0,0.0,0.0,0.0,0.0,0.0,0.0,0.0,0.0,vectored,random,2,2026-08-20T15:37:42+00:00
foldedclos_64_4_4_8_1p0_7nm_TT_0V75_25C_800MHz,foldedclos,data_width=64;terminals_per_leaf=4;num_leaves=4;num_spines=8;oversubscription=1.0,7nm,TT,0.75,25.0,1.25,800.0,64,4,4,8,1.0,V-2023.12-SP4,15409,15409,0,1078.092307,1078.092307,0.0,0.0,0.0,1.05,0.0,0.0,0,V-2023.12-SP4,15665,15665,0,1101.16,1101.16,0.0,1532.4019,0.7186,0.0,0.0,1.08,-0.03,-1.74,164,V-2023.12-SP3,V-2023.12-SP4,0.6724,1.3719999999999999,0.00423,2.049,2.0444,2.5555,0.0,0.0,0.0,0.0,0.0,0.0,0.0,0.0,0.6724,1.3719999999999999,0.00423,2.049,0.0,0.0,0.0,0.0,0.0,0.0,0.0,0.0,0.0,0.0,0.0,0.0,0.0,0.0,0.0,0.0,vectored,fixed_route,2,2026-08-20T15:37:51+00:00
foldedclos_64_4_4_4_0p5_16nm_TT_0V85_25C_1000MHz,foldedclos,data_width=64;terminals_per_leaf=4;num_leaves=4;num_spines=4;oversubscription=0.5,16nm,TT,0.85,25.0,1.0,1000.0,64,4,4,4,0.5,V-2023.12-SP4,23619,23619,0,5573.463677,5573.463677,0.0,0.0,0.0,0.8,0.0,0.0,0,V-2023.12-SP4,22944,22944,0,5903.6,5903.6,0.0,7913.1064,0.7461,0.0,0.0,0.86,-0.06,-2.72,203,V-2023.12-SP3,V-2023.12-SP4,2.66,4.529,0.01029,7.199,7.189,7.189,0.0,0.0,0.0,0.0,0.0,0.0,0.0,0.0,2.66,4.529,0.01029,7.199,0.0,0.0,0.0,0.0,0.0,0.0,0.0,0.0,0.0,0.0,0.0,0.0,0.0,0.0,0.0,0.0,unvectored,none,2,2026-08-20T15:46:07+00:00
foldedclos_64_4_4_4_0p5_16nm_TT_0V85_25C_1000MHz,foldedclos,data_width=64;terminals_per_leaf=4;num_leaves=4;num_spines=4;oversubscription=0.5,16nm,TT,0.85,25.0,1.0,1000.0,64,4,4,4,0.5,V-2023.12-SP4,23619,23619,0,5573.463677,5573.463677,0.0,0.0,0.0,0.8,0.0,0.0,0,V-2023.12-SP4,22944,22944,0,5903.6,5903.6,0.0,7913.1064,0.7461,0.0,0.0,0.86,-0.06,-2.72,203,V-2023.12-SP3,V-2023.12-SP4,4.188,6.862,0.010169999999999998,11.1,11.05,11.05,0.0,0.0,0.0,0.0,0.0,0.0,0.0,0.0,4.188,6.862,0.010169999999999998,11.1,0.0,0.0,0.0,0.0,0.0,0.0,0.0,0.0,0.0,0.0,0.0,0.0,0.0,0.0,0.0,0.0,vectored,random,2,2026-08-20T15:46:16+00:00
foldedclos_64_4_4_4_0p5_16nm_TT_0V85_25C_1000MHz,foldedclos,data_width=64;terminals_per_leaf=4;num_leaves=4;num_spines=4;oversubscription=0.5,16nm,TT,0.85,25.0,1.0,1000.0,64,4,4,4,0.5,V-2023.12-SP4,23619,23619,0,5573.463677,5573.463677,0.0,0.0,0.0,0.8,0.0,0.0,0,V-2023.12-SP4,22944,22944,0,5903.6,5903.6,0.0,7913.1064,0.7461,0.0,0.0,0.86,-0.06,-2.72,203,V-2023.12-SP3,V-2023.12-SP4,2.088,3.7239999999999998,0.009973,5.822,5.811999999999999,5.811999999999999,0.0,0.0,0.0,0.0,0.0,0.0,0.0,0.0,2.088,3.7239999999999998,0.009973,5.822,0.0,0.0,0.0,0.0,0.0,0.0,0.0,0.0,0.0,0.0,0.0,0.0,0.0,0.0,0.0,0.0,vectored,fixed_route,2,2026-08-20T15:46:25+00:00
foldedclos_64_4_4_4_0p5_10nm_TT_0V8_25C_800MHz,foldedclos,data_width=64;terminals_per_leaf=4;num_leaves=4;num_spines=4;oversubscription=0.5,10nm,TT,0.8,25.0,1.25,800.0,64,4,4,4,0.5,V-2023.12-SP4,15232,15232,0,2030.438437,2030.438437,0.0,0.0,0.0,1.05,0.0,0.0,0,V-2023.12-SP4,15344,15344,0,2079.5,2079.5,0.0,2894.4384,0.7184,0.0,0.0,1.08,-0.03,-0.04,2,V-2023.12-SP3,V-2023.12-SP4,1.0050000000000001,2.055,0.0058390000000000004,3.065,3.0600000000000005,3.8250000000000006,0.0,0.0,0.0,0.0,0.0,0.0,0.0,0.0,1.0050000000000001,2.055,0.0058390000000000004,3.065,0.0,0.0,0.0,0.0,0.0,0.0,0.0,0.0,0.0,0.0,0.0,0.0,0.0,0.0,0.0,0.0,unvectored,none,2,2026-08-20T16:07:15+00:00
foldedclos_64_4_4_4_0p5_10nm_TT_0V8_25C_800MHz,foldedclos,data_width=64;terminals_per_leaf=4;num_leaves=4;num_spines=4;oversubscription=0.5,10nm,TT,0.8,25.0,1.25,800.0,64,4,4,4,0.5,V-2023.12-SP4,15232,15232,0,2030.438437,2030.438437,0.0,0.0,0.0,1.05,0.0,0.0,0,V-2023.12-SP4,15344,15344,0,2079.5,2079.5,0.0,2894.4384,0.7184,0.0,0.0,1.08,-0.03,-0.04,2,V-2023.12-SP3,V-2023.12-SP4,1.623,3.09,0.005755,4.718,4.713,5.89125,0.0,0.0,0.0,0.0,0.0,0.0,0.0,0.0,1.623,3.09,0.005755,4.718,0.0,0.0,0.0,0.0,0.0,0.0,0.0,0.0,0.0,0.0,0.0,0.0,0.0,0.0,0.0,0.0,vectored,random,2,2026-08-20T16:07:24+00:00
foldedclos_64_4_4_4_0p5_10nm_TT_0V8_25C_800MHz,foldedclos,data_width=64;terminals_per_leaf=4;num_leaves=4;num_spines=4;oversubscription=0.5,10nm,TT,0.8,25.0,1.25,800.0,64,4,4,4,0.5,V-2023.12-SP4,15232,15232,0,2030.438437,2030.438437,0.0,0.0,0.0,1.05,0.0,0.0,0,V-2023.12-SP4,15344,15344,0,2079.5,2079.5,0.0,2894.4384,0.7184,0.0,0.0,1.08,-0.03,-0.04,2,V-2023.12-SP3,V-2023.12-SP4,0.8376,1.656,0.005628,2.499,2.4936,3.117,0.0,0.0,0.0,0.0,0.0,0.0,0.0,0.0,0.8376,1.656,0.005628,2.499,0.0,0.0,0.0,0.0,0.0,0.0,0.0,0.0,0.0,0.0,0.0,0.0,0.0,0.0,0.0,0.0,vectored,fixed_route,2,2026-08-20T16:07:33+00:00
foldedclos_64_4_4_8_0p5_7nm_TT_0V75_25C_1333p33MHz,foldedclos,data_width=64;terminals_per_leaf=4;num_leaves=4;num_spines=8;oversubscription=0.5,7nm,TT,0.75,25.0,0.75,1333.3333333333333,64,4,4,8,0.5,V-2023.12-SP4,27145,27145,0,1668.780281,1668.780281,0.0,0.0,0.0,0.55,0.0,0.0,0,V-2023.12-SP4,22307,22307,0,1374.7,1374.7,0.0,2371.8804,0.5796,0.0,0.0,0.61,-0.06,-7.12,634,V-2023.12-SP3,V-2023.12-SP4,1.9009999999999998,4.151,0.005540000000000001,6.0569999999999995,6.052,4.539,0.0,0.0,0.0,0.0,0.0,0.0,0.0,0.0,1.9009999999999998,4.151,0.005540000000000001,6.0569999999999995,0.0,0.0,0.0,0.0,0.0,0.0,0.0,0.0,0.0,0.0,0.0,0.0,0.0,0.0,0.0,0.0,unvectored,none,2,2026-08-20T16:16:11+00:00
foldedclos_64_4_4_8_0p5_7nm_TT_0V75_25C_1333p33MHz,foldedclos,data_width=64;terminals_per_leaf=4;num_leaves=4;num_spines=8;oversubscription=0.5,7nm,TT,0.75,25.0,0.75,1333.3333333333333,64,4,4,8,0.5,V-2023.12-SP4,27145,27145,0,1668.780281,1668.780281,0.0,0.0,0.0,0.55,0.0,0.0,0,V-2023.12-SP4,22307,22307,0,1374.7,1374.7,0.0,2371.8804,0.5796,0.0,0.0,0.61,-0.06,-7.12,634,V-2023.12-SP3,V-2023.12-SP4,3.2070000000000003,6.3629999999999995,0.005445,9.575999999999999,9.57,7.1775,0.0,0.0,0.0,0.0,0.0,0.0,0.0,0.0,3.2070000000000003,6.3629999999999995,0.005445,9.575999999999999,0.0,0.0,0.0,0.0,0.0,0.0,0.0,0.0,0.0,0.0,0.0,0.0,0.0,0.0,0.0,0.0,vectored,random,2,2026-08-20T16:16:20+00:00
foldedclos_64_4_4_8_0p5_7nm_TT_0V75_25C_1333p33MHz,foldedclos,data_width=64;terminals_per_leaf=4;num_leaves=4;num_spines=8;oversubscription=0.5,7nm,TT,0.75,25.0,0.75,1333.3333333333333,64,4,4,8,0.5,V-2023.12-SP4,27145,27145,0,1668.780281,1668.780281,0.0,0.0,0.0,0.55,0.0,0.0,0,V-2023.12-SP4,22307,22307,0,1374.7,1374.7,0.0,2371.8804,0.5796,0.0,0.0,0.61,-0.06,-7.12,634,V-2023.12-SP3,V-2023.12-SP4,1.511,3.528,0.005366,5.045,5.039,3.7792499999999998,0.0,0.0,0.0,0.0,0.0,0.0,0.0,0.0,1.511,3.528,0.005366,5.045,0.0,0.0,0.0,0.0,0.0,0.0,0.0,0.0,0.0,0.0,0.0,0.0,0.0,0.0,0.0,0.0,vectored,fixed_route,2,2026-08-20T16:16:29+00:00
foldedclos_32_4_4_8_1p0_10nm_TT_0V8_25C_1333p33MHz,foldedclos,data_width=32;terminals_per_leaf=4;num_leaves=4;num_spines=8;oversubscription=1.0,10nm,TT,0.8,25.0,0.75,1333.3333333333333,32,4,4,8,1.0,V-2023.12-SP4,13725,13725,0,1590.190079,1590.190079,0.0,0.0,0.0,0.55,0.0,0.0,0,V-2023.12-SP4,11406,11406,0,1345.35,1345.35,0.0,2266.5216,0.5936,0.0,0.0,0.61,-0.06,-11.52,455,V-2023.12-SP3,V-2023.12-SP4,1.211,2.35,0.003791,3.5660000000000003,3.561,2.67075,0.0,0.0,0.0,0.0,0.0,0.0,0.0,0.0,1.211,2.35,0.003791,3.5660000000000003,0.0,0.0,0.0,0.0,0.0,0.0,0.0,0.0,0.0,0.0,0.0,0.0,0.0,0.0,0.0,0.0,unvectored,none,2,2026-08-20T16:20:31+00:00
foldedclos_32_4_4_8_1p0_10nm_TT_0V8_25C_1333p33MHz,foldedclos,data_width=32;terminals_per_leaf=4;num_leaves=4;num_spines=8;oversubscription=1.0,10nm,TT,0.8,25.0,0.75,1333.3333333333333,32,4,4,8,1.0,V-2023.12-SP4,13725,13725,0,1590.190079,1590.190079,0.0,0.0,0.0,0.55,0.0,0.0,0,V-2023.12-SP4,11406,11406,0,1345.35,1345.35,0.0,2266.5216,0.5936,0.0,0.0,0.61,-0.06,-11.52,455,V-2023.12-SP3,V-2023.12-SP4,1.951,3.5370000000000004,0.0037359999999999997,5.4910000000000005,5.488,4.1160000000000005,0.0,0.0,0.0,0.0,0.0,0.0,0.0,0.0,1.951,3.5370000000000004,0.0037359999999999997,5.4910000000000005,0.0,0.0,0.0,0.0,0.0,0.0,0.0,0.0,0.0,0.0,0.0,0.0,0.0,0.0,0.0,0.0,vectored,random,2,2026-08-20T16:20:40+00:00
foldedclos_32_4_4_8_1p0_10nm_TT_0V8_25C_1333p33MHz,foldedclos,data_width=32;terminals_per_leaf=4;num_leaves=4;num_spines=8;oversubscription=1.0,10nm,TT,0.8,25.0,0.75,1333.3333333333333,32,4,4,8,1.0,V-2023.12-SP4,13725,13725,0,1590.190079,1590.190079,0.0,0.0,0.0,0.55,0.0,0.0,0,V-2023.12-SP4,11406,11406,0,1345.35,1345.35,0.0,2266.5216,0.5936,0.0,0.0,0.61,-0.06,-11.52,455,V-2023.12-SP3,V-2023.12-SP4,0.9051,1.829,0.003681,2.738,2.7340999999999998,2.050575,0.0,0.0,0.0,0.0,0.0,0.0,0.0,0.0,0.9051,1.829,0.003681,2.738,0.0,0.0,0.0,0.0,0.0,0.0,0.0,0.0,0.0,0.0,0.0,0.0,0.0,0.0,0.0,0.0,vectored,fixed_route,2,2026-08-20T16:20:48+00:00
foldedclos_64_4_4_4_0p5_16nm_TT_0V85_25C_666p667MHz,foldedclos,data_width=64;terminals_per_leaf=4;num_leaves=4;num_spines=4;oversubscription=0.5,16nm,TT,0.85,25.0,1.5,666.6666666666666,64,4,4,4,0.5,V-2023.12-SP4,23611,23611,0,5600.026491,5600.026491,0.0,0.0,0.0,1.3,0.0,0.0,0,V-2023.12-SP4,20132,20132,0,5040.47,5040.47,0.0,7983.7747,0.6313,0.0,0.0,1.34,-0.04,-0.2,16,V-2023.12-SP3,V-2023.12-SP4,1.5590000000000002,3.032,0.007668,4.598,4.591,6.8865,0.0,0.0,0.0,0.0,0.0,0.0,0.0,0.0,1.5590000000000002,3.032,0.007668,4.598,0.0,0.0,0.0,0.0,0.0,0.0,0.0,0.0,0.0,0.0,0.0,0.0,0.0,0.0,0.0,0.0,unvectored,none,2,2026-08-20T16:26:38+00:00
foldedclos_64_4_4_4_0p5_16nm_TT_0V85_25C_666p667MHz,foldedclos,data_width=64;terminals_per_leaf=4;num_leaves=4;num_spines=4;oversubscription=0.5,16nm,TT,0.85,25.0,1.5,666.6666666666666,64,4,4,4,0.5,V-2023.12-SP4,23611,23611,0,5600.026491,5600.026491,0.0,0.0,0.0,1.3,0.0,0.0,0,V-2023.12-SP4,20132,20132,0,5040.47,5040.47,0.0,7983.7747,0.6313,0.0,0.0,1.34,-0.04,-0.2,16,V-2023.12-SP3,V-2023.12-SP4,2.5820000000000003,4.789,0.007526,7.3790000000000004,7.371,11.0565,0.0,0.0,0.0,0.0,0.0,0.0,0.0,0.0,2.5820000000000003,4.789,0.007526,7.3790000000000004,0.0,0.0,0.0,0.0,0.0,0.0,0.0,0.0,0.0,0.0,0.0,0.0,0.0,0.0,0.0,0.0,vectored,random,2,2026-08-20T16:26:47+00:00
foldedclos_64_4_4_4_0p5_16nm_TT_0V85_25C_666p667MHz,foldedclos,data_width=64;terminals_per_leaf=4;num_leaves=4;num_spines=4;oversubscription=0.5,16nm,TT,0.85,25.0,1.5,666.6666666666666,64,4,4,4,0.5,V-2023.12-SP4,23611,23611,0,5600.026491,5600.026491,0.0,0.0,0.0,1.3,0.0,0.0,0,V-2023.12-SP4,20132,20132,0,5040.47,5040.47,0.0,7983.7747,0.6313,0.0,0.0,1.34,-0.04,-0.2,16,V-2023.12-SP3,V-2023.12-SP4,1.22,2.489,0.007421,3.716,3.7089999999999996,5.5634999999999994,0.0,0.0,0.0,0.0,0.0,0.0,0.0,0.0,1.22,2.489,0.007421,3.716,0.0,0.0,0.0,0.0,0.0,0.0,0.0,0.0,0.0,0.0,0.0,0.0,0.0,0.0,0.0,0.0,vectored,fixed_route,2,2026-08-20T16:26:55+00:00
foldedclos_32_4_4_8_1p0_16nm_TT_0V85_25C_1000MHz,foldedclos,data_width=32;terminals_per_leaf=4;num_leaves=4;num_spines=8;oversubscription=1.0,16nm,TT,0.85,25.0,1.0,1000.0,32,4,4,8,1.0,V-2023.12-SP4,13236,13236,0,3101.317699,3101.317699,0.0,0.0,0.0,0.8,0.0,0.0,0,V-2023.12-SP4,11465,11465,0,2825.67,2825.67,0.0,4406.8147,0.6412,0.0,0.0,0.87,-0.07,-2.05,147,V-2023.12-SP3,V-2023.12-SP4,1.1260000000000001,2.175,0.004423,3.306,3.301,3.301,0.0,0.0,0.0,0.0,0.0,0.0,0.0,0.0,1.1260000000000001,2.175,0.004423,3.306,0.0,0.0,0.0,0.0,0.0,0.0,0.0,0.0,0.0,0.0,0.0,0.0,0.0,0.0,0.0,0.0,unvectored,none,2,2026-08-20T16:40:59+00:00
foldedclos_32_4_4_8_1p0_16nm_TT_0V85_25C_1000MHz,foldedclos,data_width=32;terminals_per_leaf=4;num_leaves=4;num_spines=8;oversubscription=1.0,16nm,TT,0.85,25.0,1.0,1000.0,32,4,4,8,1.0,V-2023.12-SP4,13236,13236,0,3101.317699,3101.317699,0.0,0.0,0.0,0.8,0.0,0.0,0,V-2023.12-SP4,11465,11465,0,2825.67,2825.67,0.0,4406.8147,0.6412,0.0,0.0,0.87,-0.07,-2.05,147,V-2023.12-SP3,V-2023.12-SP4,1.746,3.199,0.004377,4.949,4.945,4.945,0.0,0.0,0.0,0.0,0.0,0.0,0.0,0.0,1.746,3.199,0.004377,4.949,0.0,0.0,0.0,0.0,0.0,0.0,0.0,0.0,0.0,0.0,0.0,0.0,0.0,0.0,0.0,0.0,vectored,random,2,2026-08-20T16:41:07+00:00
foldedclos_32_4_4_8_1p0_16nm_TT_0V85_25C_1000MHz,foldedclos,data_width=32;terminals_per_leaf=4;num_leaves=4;num_spines=8;oversubscription=1.0,16nm,TT,0.85,25.0,1.0,1000.0,32,4,4,8,1.0,V-2023.12-SP4,13236,13236,0,3101.317699,3101.317699,0.0,0.0,0.0,0.8,0.0,0.0,0,V-2023.12-SP4,11465,11465,0,2825.67,2825.67,0.0,4406.8147,0.6412,0.0,0.0,0.87,-0.07,-2.05,147,V-2023.12-SP3,V-2023.12-SP4,0.7867,1.6509999999999998,0.004299,2.442,2.4376999999999995,2.4376999999999995,0.0,0.0,0.0,0.0,0.0,0.0,0.0,0.0,0.7867,1.6509999999999998,0.004299,2.442,0.0,0.0,0.0,0.0,0.0,0.0,0.0,0.0,0.0,0.0,0.0,0.0,0.0,0.0,0.0,0.0,vectored,fixed_route,2,2026-08-20T16:41:15+00:00
foldedclos_32_4_4_8_1p0_10nm_TT_0V8_25C_800MHz,foldedclos,data_width=32;terminals_per_leaf=4;num_leaves=4;num_spines=8;oversubscription=1.0,10nm,TT,0.8,25.0,1.25,800.0,32,4,4,8,1.0,V-2023.12-SP4,8281,8281,0,1084.3853,1084.3853,0.0,0.0,0.0,1.05,0.0,0.0,0,V-2023.12-SP4,8225,8225,0,1091.79,1091.79,0.0,1538.519,0.7096,0.0,0.0,1.03,0.02,0.0,0,V-2023.12-SP3,V-2023.12-SP4,0.5373,1.06,0.003062,1.601,1.5973000000000002,1.9966250000000003,0.0,0.0,0.0,0.0,0.0,0.0,0.0,0.0,0.5373,1.06,0.003062,1.601,0.0,0.0,0.0,0.0,0.0,0.0,0.0,0.0,0.0,0.0,0.0,0.0,0.0,0.0,0.0,0.0,unvectored,none,2,2026-08-20T16:44:31+00:00
foldedclos_32_4_4_8_1p0_10nm_TT_0V8_25C_800MHz,foldedclos,data_width=32;terminals_per_leaf=4;num_leaves=4;num_spines=8;oversubscription=1.0,10nm,TT,0.8,25.0,1.25,800.0,32,4,4,8,1.0,V-2023.12-SP4,8281,8281,0,1084.3853,1084.3853,0.0,0.0,0.0,1.05,0.0,0.0,0,V-2023.12-SP4,8225,8225,0,1091.79,1091.79,0.0,1538.519,0.7096,0.0,0.0,1.03,0.02,0.0,0,V-2023.12-SP3,V-2023.12-SP4,0.862,1.556,0.003017,2.421,2.418,3.0225,0.0,0.0,0.0,0.0,0.0,0.0,0.0,0.0,0.862,1.556,0.003017,2.421,0.0,0.0,0.0,0.0,0.0,0.0,0.0,0.0,0.0,0.0,0.0,0.0,0.0,0.0,0.0,0.0,vectored,random,2,2026-08-20T16:44:38+00:00
foldedclos_32_4_4_8_1p0_10nm_TT_0V8_25C_800MHz,foldedclos,data_width=32;terminals_per_leaf=4;num_leaves=4;num_spines=8;oversubscription=1.0,10nm,TT,0.8,25.0,1.25,800.0,32,4,4,8,1.0,V-2023.12-SP4,8281,8281,0,1084.3853,1084.3853,0.0,0.0,0.0,1.05,0.0,0.0,0,V-2023.12-SP4,8225,8225,0,1091.79,1091.79,0.0,1538.519,0.7096,0.0,0.0,1.03,0.02,0.0,0,V-2023.12-SP3,V-2023.12-SP4,0.4027,0.7699,0.002957,1.176,1.1726,1.46575,0.0,0.0,0.0,0.0,0.0,0.0,0.0,0.0,0.4027,0.7699,0.002957,1.176,0.0,0.0,0.0,0.0,0.0,0.0,0.0,0.0,0.0,0.0,0.0,0.0,0.0,0.0,0.0,0.0,vectored,fixed_route,2,2026-08-20T16:44:46+00:00
foldedclos_32_4_4_8_1p0_16nm_TT_0V85_25C_666p667MHz,foldedclos,data_width=32;terminals_per_leaf=4;num_leaves=4;num_spines=8;oversubscription=1.0,16nm,TT,0.85,25.0,1.5,666.6666666666666,32,4,4,8,1.0,V-2023.12-SP4,13141,13141,0,3084.272703,3084.272703,0.0,0.0,0.0,1.3,0.0,0.0,0,V-2023.12-SP4,11227,11227,0,2735.47,2735.47,0.0,4392.5069,0.6228,0.0,0.0,1.34,-0.04,-0.25,14,V-2023.12-SP3,V-2023.12-SP4,0.8262,1.5790000000000002,0.004223,2.4090000000000003,2.4052000000000002,3.6078,0.0,0.0,0.0,0.0,0.0,0.0,0.0,0.0,0.8262,1.5790000000000002,0.004223,2.4090000000000003,0.0,0.0,0.0,0.0,0.0,0.0,0.0,0.0,0.0,0.0,0.0,0.0,0.0,0.0,0.0,0.0,unvectored,none,2,2026-08-20T16:53:40+00:00
foldedclos_32_4_4_8_1p0_16nm_TT_0V85_25C_666p667MHz,foldedclos,data_width=32;terminals_per_leaf=4;num_leaves=4;num_spines=8;oversubscription=1.0,16nm,TT,0.85,25.0,1.5,666.6666666666666,32,4,4,8,1.0,V-2023.12-SP4,13141,13141,0,3084.272703,3084.272703,0.0,0.0,0.0,1.3,0.0,0.0,0,V-2023.12-SP4,11227,11227,0,2735.47,2735.47,0.0,4392.5069,0.6228,0.0,0.0,1.34,-0.04,-0.25,14,V-2023.12-SP3,V-2023.12-SP4,1.359,2.4099999999999997,0.004159,3.7729999999999997,3.7689999999999997,5.653499999999999,0.0,0.0,0.0,0.0,0.0,0.0,0.0,0.0,1.359,2.4099999999999997,0.004159,3.7729999999999997,0.0,0.0,0.0,0.0,0.0,0.0,0.0,0.0,0.0,0.0,0.0,0.0,0.0,0.0,0.0,0.0,vectored,random,2,2026-08-20T16:53:48+00:00
foldedclos_32_4_4_8_1p0_16nm_TT_0V85_25C_666p667MHz,foldedclos,data_width=32;terminals_per_leaf=4;num_leaves=4;num_spines=8;oversubscription=1.0,16nm,TT,0.85,25.0,1.5,666.6666666666666,32,4,4,8,1.0,V-2023.12-SP4,13141,13141,0,3084.272703,3084.272703,0.0,0.0,0.0,1.3,0.0,0.0,0,V-2023.12-SP4,11227,11227,0,2735.47,2735.47,0.0,4392.5069,0.6228,0.0,0.0,1.34,-0.04,-0.25,14,V-2023.12-SP3,V-2023.12-SP4,0.6073,1.259,0.004076,1.8699999999999999,1.8662999999999998,2.7994499999999998,0.0,0.0,0.0,0.0,0.0,0.0,0.0,0.0,0.6073,1.259,0.004076,1.8699999999999999,0.0,0.0,0.0,0.0,0.0,0.0,0.0,0.0,0.0,0.0,0.0,0.0,0.0,0.0,0.0,0.0,vectored,fixed_route,2,2026-08-20T16:53:56+00:00
foldedclos_32_4_4_8_0p5_10nm_TT_0V8_25C_1333p33MHz,foldedclos,data_width=32;terminals_per_leaf=4;num_leaves=4;num_spines=8;oversubscription=0.5,10nm,TT,0.8,25.0,0.75,1333.3333333333333,32,4,4,8,0.5,V-2023.12-SP4,13725,13725,0,1590.190079,1590.190079,0.0,0.0,0.0,0.55,0.0,0.0,0,V-2023.12-SP4,11406,11406,0,1345.35,1345.35,0.0,2266.5216,0.5936,0.0,0.0,0.61,-0.06,-11.26,456,V-2023.12-SP3,V-2023.12-SP4,1.211,2.35,0.003791,3.565,3.561,2.67075,0.0,0.0,0.0,0.0,0.0,0.0,0.0,0.0,1.211,2.35,0.003791,3.565,0.0,0.0,0.0,0.0,0.0,0.0,0.0,0.0,0.0,0.0,0.0,0.0,0.0,0.0,0.0,0.0,unvectored,none,2,2026-08-20T16:57:32+00:00
foldedclos_32_4_4_8_0p5_10nm_TT_0V8_25C_1333p33MHz,foldedclos,data_width=32;terminals_per_leaf=4;num_leaves=4;num_spines=8;oversubscription=0.5,10nm,TT,0.8,25.0,0.75,1333.3333333333333,32,4,4,8,0.5,V-2023.12-SP4,13725,13725,0,1590.190079,1590.190079,0.0,0.0,0.0,0.55,0.0,0.0,0,V-2023.12-SP4,11406,11406,0,1345.35,1345.35,0.0,2266.5216,0.5936,0.0,0.0,0.61,-0.06,-11.26,456,V-2023.12-SP3,V-2023.12-SP4,1.949,3.533,0.0037359999999999997,5.486000000000001,5.482,4.1115,0.0,0.0,0.0,0.0,0.0,0.0,0.0,0.0,1.949,3.533,0.0037359999999999997,5.486000000000001,0.0,0.0,0.0,0.0,0.0,0.0,0.0,0.0,0.0,0.0,0.0,0.0,0.0,0.0,0.0,0.0,vectored,random,2,2026-08-20T16:57:40+00:00
foldedclos_32_4_4_8_0p5_10nm_TT_0V8_25C_1333p33MHz,foldedclos,data_width=32;terminals_per_leaf=4;num_leaves=4;num_spines=8;oversubscription=0.5,10nm,TT,0.8,25.0,0.75,1333.3333333333333,32,4,4,8,0.5,V-2023.12-SP4,13725,13725,0,1590.190079,1590.190079,0.0,0.0,0.0,0.55,0.0,0.0,0,V-2023.12-SP4,11406,11406,0,1345.35,1345.35,0.0,2266.5216,0.5936,0.0,0.0,0.61,-0.06,-11.26,456,V-2023.12-SP3,V-2023.12-SP4,0.9051,1.829,0.003681,2.738,2.7340999999999998,2.050575,0.0,0.0,0.0,0.0,0.0,0.0,0.0,0.0,0.9051,1.829,0.003681,2.738,0.0,0.0,0.0,0.0,0.0,0.0,0.0,0.0,0.0,0.0,0.0,0.0,0.0,0.0,0.0,0.0,vectored,fixed_route,2,2026-08-20T16:57:48+00:00
foldedclos_32_4_4_8_0p5_16nm_TT_0V85_25C_1000MHz,foldedclos,data_width=32;terminals_per_leaf=4;num_leaves=4;num_spines=8;oversubscription=0.5,16nm,TT,0.85,25.0,1.0,1000.0,32,4,4,8,0.5,V-2023.12-SP4,13236,13236,0,3101.317699,3101.317699,0.0,0.0,0.0,0.8,0.0,0.0,0,V-2023.12-SP4,11465,11465,0,2825.67,2825.67,0.0,4406.8147,0.6412,0.0,0.0,0.88,-0.08,-2.05,148,V-2023.12-SP3,V-2023.12-SP4,1.1260000000000001,2.176,0.004423,3.306,3.3020000000000005,3.3020000000000005,0.0,0.0,0.0,0.0,0.0,0.0,0.0,0.0,1.1260000000000001,2.176,0.004423,3.306,0.0,0.0,0.0,0.0,0.0,0.0,0.0,0.0,0.0,0.0,0.0,0.0,0.0,0.0,0.0,0.0,unvectored,none,2,2026-08-20T17:07:50+00:00
foldedclos_32_4_4_8_0p5_16nm_TT_0V85_25C_1000MHz,foldedclos,data_width=32;terminals_per_leaf=4;num_leaves=4;num_spines=8;oversubscription=0.5,16nm,TT,0.85,25.0,1.0,1000.0,32,4,4,8,0.5,V-2023.12-SP4,13236,13236,0,3101.317699,3101.317699,0.0,0.0,0.0,0.8,0.0,0.0,0,V-2023.12-SP4,11465,11465,0,2825.67,2825.67,0.0,4406.8147,0.6412,0.0,0.0,0.88,-0.08,-2.05,148,V-2023.12-SP3,V-2023.12-SP4,1.747,3.2,0.004377,4.951,4.947,4.947,0.0,0.0,0.0,0.0,0.0,0.0,0.0,0.0,1.747,3.2,0.004377,4.951,0.0,0.0,0.0,0.0,0.0,0.0,0.0,0.0,0.0,0.0,0.0,0.0,0.0,0.0,0.0,0.0,vectored,random,2,2026-08-20T17:07:58+00:00
foldedclos_32_4_4_8_0p5_16nm_TT_0V85_25C_1000MHz,foldedclos,data_width=32;terminals_per_leaf=4;num_leaves=4;num_spines=8;oversubscription=0.5,16nm,TT,0.85,25.0,1.0,1000.0,32,4,4,8,0.5,V-2023.12-SP4,13236,13236,0,3101.317699,3101.317699,0.0,0.0,0.0,0.8,0.0,0.0,0,V-2023.12-SP4,11465,11465,0,2825.67,2825.67,0.0,4406.8147,0.6412,0.0,0.0,0.88,-0.08,-2.05,148,V-2023.12-SP3,V-2023.12-SP4,0.7868,1.6509999999999998,0.004299,2.442,2.4377999999999997,2.4377999999999997,0.0,0.0,0.0,0.0,0.0,0.0,0.0,0.0,0.7868,1.6509999999999998,0.004299,2.442,0.0,0.0,0.0,0.0,0.0,0.0,0.0,0.0,0.0,0.0,0.0,0.0,0.0,0.0,0.0,0.0,vectored,fixed_route,2,2026-08-20T17:08:05+00:00
foldedclos_64_4_4_8_0p5_7nm_TT_0V75_25C_800MHz,foldedclos,data_width=64;terminals_per_leaf=4;num_leaves=4;num_spines=8;oversubscription=0.5,7nm,TT,0.75,25.0,1.25,800.0,64,4,4,8,0.5,V-2023.12-SP4,15409,15409,0,1078.092307,1078.092307,0.0,0.0,0.0,1.05,0.0,0.0,0,V-2023.12-SP4,15665,15665,0,1101.16,1101.16,0.0,1532.4019,0.7186,0.0,0.0,1.08,-0.03,-2.11,185,V-2023.12-SP3,V-2023.12-SP4,0.8089,1.7,0.004388,2.513,2.5088999999999997,3.136125,0.0,0.0,0.0,0.0,0.0,0.0,0.0,0.0,0.8089,1.7,0.004388,2.513,0.0,0.0,0.0,0.0,0.0,0.0,0.0,0.0,0.0,0.0,0.0,0.0,0.0,0.0,0.0,0.0,unvectored,none,2,2026-08-20T17:15:12+00:00
foldedclos_64_4_4_8_0p5_7nm_TT_0V75_25C_800MHz,foldedclos,data_width=64;terminals_per_leaf=4;num_leaves=4;num_spines=8;oversubscription=0.5,7nm,TT,0.75,25.0,1.25,800.0,64,4,4,8,0.5,V-2023.12-SP4,15409,15409,0,1078.092307,1078.092307,0.0,0.0,0.0,1.05,0.0,0.0,0,V-2023.12-SP4,15665,15665,0,1101.16,1101.16,0.0,1532.4019,0.7186,0.0,0.0,1.08,-0.03,-2.11,185,V-2023.12-SP3,V-2023.12-SP4,1.315,2.545,0.004322,3.864,3.86,4.825,0.0,0.0,0.0,0.0,0.0,0.0,0.0,0.0,1.315,2.545,0.004322,3.864,0.0,0.0,0.0,0.0,0.0,0.0,0.0,0.0,0.0,0.0,0.0,0.0,0.0,0.0,0.0,0.0,vectored,random,2,2026-08-20T17:15:20+00:00
foldedclos_64_4_4_8_0p5_7nm_TT_0V75_25C_800MHz,foldedclos,data_width=64;terminals_per_leaf=4;num_leaves=4;num_spines=8;oversubscription=0.5,7nm,TT,0.75,25.0,1.25,800.0,64,4,4,8,0.5,V-2023.12-SP4,15409,15409,0,1078.092307,1078.092307,0.0,0.0,0.0,1.05,0.0,0.0,0,V-2023.12-SP4,15665,15665,0,1101.16,1101.16,0.0,1532.4019,0.7186,0.0,0.0,1.08,-0.03,-2.11,185,V-2023.12-SP3,V-2023.12-SP4,0.6725,1.373,0.00423,2.0500000000000003,2.0455,2.5568750000000002,0.0,0.0,0.0,0.0,0.0,0.0,0.0,0.0,0.6725,1.373,0.00423,2.0500000000000003,0.0,0.0,0.0,0.0,0.0,0.0,0.0,0.0,0.0,0.0,0.0,0.0,0.0,0.0,0.0,0.0,vectored,fixed_route,2,2026-08-20T17:15:28+00:00
foldedclos_32_4_4_8_0p5_16nm_TT_0V85_25C_666p667MHz,foldedclos,data_width=32;terminals_per_leaf=4;num_leaves=4;num_spines=8;oversubscription=0.5,16nm,TT,0.85,25.0,1.5,666.6666666666666,32,4,4,8,0.5,V-2023.12-SP4,13141,13141,0,3084.272703,3084.272703,0.0,0.0,0.0,1.3,0.0,0.0,0,V-2023.12-SP4,11227,11227,0,2735.47,2735.47,0.0,4392.5069,0.6228,0.0,0.0,1.34,-0.04,-0.27,16,V-2023.12-SP3,V-2023.12-SP4,0.8262,1.5790000000000002,0.004223,2.4090000000000003,2.4052000000000002,3.6078,0.0,0.0,0.0,0.0,0.0,0.0,0.0,0.0,0.8262,1.5790000000000002,0.004223,2.4090000000000003,0.0,0.0,0.0,0.0,0.0,0.0,0.0,0.0,0.0,0.0,0.0,0.0,0.0,0.0,0.0,0.0,unvectored,none,2,2026-08-20T17:20:12+00:00
foldedclos_32_4_4_8_0p5_16nm_TT_0V85_25C_666p667MHz,foldedclos,data_width=32;terminals_per_leaf=4;num_leaves=4;num_spines=8;oversubscription=0.5,16nm,TT,0.85,25.0,1.5,666.6666666666666,32,4,4,8,0.5,V-2023.12-SP4,13141,13141,0,3084.272703,3084.272703,0.0,0.0,0.0,1.3,0.0,0.0,0,V-2023.12-SP4,11227,11227,0,2735.47,2735.47,0.0,4392.5069,0.6228,0.0,0.0,1.34,-0.04,-0.27,16,V-2023.12-SP3,V-2023.12-SP4,1.358,2.4090000000000003,0.004159,3.7720000000000002,3.7670000000000003,5.650500000000001,0.0,0.0,0.0,0.0,0.0,0.0,0.0,0.0,1.358,2.4090000000000003,0.004159,3.7720000000000002,0.0,0.0,0.0,0.0,0.0,0.0,0.0,0.0,0.0,0.0,0.0,0.0,0.0,0.0,0.0,0.0,vectored,random,2,2026-08-20T17:20:20+00:00
foldedclos_32_4_4_8_0p5_16nm_TT_0V85_25C_666p667MHz,foldedclos,data_width=32;terminals_per_leaf=4;num_leaves=4;num_spines=8;oversubscription=0.5,16nm,TT,0.85,25.0,1.5,666.6666666666666,32,4,4,8,0.5,V-2023.12-SP4,13141,13141,0,3084.272703,3084.272703,0.0,0.0,0.0,1.3,0.0,0.0,0,V-2023.12-SP4,11227,11227,0,2735.47,2735.47,0.0,4392.5069,0.6228,0.0,0.0,1.34,-0.04,-0.27,16,V-2023.12-SP3,V-2023.12-SP4,0.6073,1.258,0.004076,1.869,1.8653,2.79795,0.0,0.0,0.0,0.0,0.0,0.0,0.0,0.0,0.6073,1.258,0.004076,1.869,0.0,0.0,0.0,0.0,0.0,0.0,0.0,0.0,0.0,0.0,0.0,0.0,0.0,0.0,0.0,0.0,vectored,fixed_route,2,2026-08-20T17:20:28+00:00
foldedclos_32_4_4_8_0p5_10nm_TT_0V8_25C_800MHz,foldedclos,data_width=32;terminals_per_leaf=4;num_leaves=4;num_spines=8;oversubscription=0.5,10nm,TT,0.8,25.0,1.25,800.0,32,4,4,8,0.5,V-2023.12-SP4,8281,8281,0,1084.3853,1084.3853,0.0,0.0,0.0,1.05,0.0,0.0,0,V-2023.12-SP4,8225,8225,0,1091.79,1091.79,0.0,1538.519,0.7096,0.0,0.0,1.04,0.01,0.0,0,V-2023.12-SP3,V-2023.12-SP4,0.5373,1.0610000000000002,0.003062,1.601,1.5983,1.997875,0.0,0.0,0.0,0.0,0.0,0.0,0.0,0.0,0.5373,1.0610000000000002,0.003062,1.601,0.0,0.0,0.0,0.0,0.0,0.0,0.0,0.0,0.0,0.0,0.0,0.0,0.0,0.0,0.0,0.0,unvectored,none,2,2026-08-20T17:21:32+00:00
foldedclos_32_4_4_8_0p5_10nm_TT_0V8_25C_800MHz,foldedclos,data_width=32;terminals_per_leaf=4;num_leaves=4;num_spines=8;oversubscription=0.5,10nm,TT,0.8,25.0,1.25,800.0,32,4,4,8,0.5,V-2023.12-SP4,8281,8281,0,1084.3853,1084.3853,0.0,0.0,0.0,1.05,0.0,0.0,0,V-2023.12-SP4,8225,8225,0,1091.79,1091.79,0.0,1538.519,0.7096,0.0,0.0,1.04,0.01,0.0,0,V-2023.12-SP3,V-2023.12-SP4,0.8616999999999999,1.555,0.003017,2.42,2.4166999999999996,3.0208749999999993,0.0,0.0,0.0,0.0,0.0,0.0,0.0,0.0,0.8616999999999999,1.555,0.003017,2.42,0.0,0.0,0.0,0.0,0.0,0.0,0.0,0.0,0.0,0.0,0.0,0.0,0.0,0.0,0.0,0.0,vectored,random,2,2026-08-20T17:21:40+00:00
foldedclos_32_4_4_8_0p5_10nm_TT_0V8_25C_800MHz,foldedclos,data_width=32;terminals_per_leaf=4;num_leaves=4;num_spines=8;oversubscription=0.5,10nm,TT,0.8,25.0,1.25,800.0,32,4,4,8,0.5,V-2023.12-SP4,8281,8281,0,1084.3853,1084.3853,0.0,0.0,0.0,1.05,0.0,0.0,0,V-2023.12-SP4,8225,8225,0,1091.79,1091.79,0.0,1538.519,0.7096,0.0,0.0,1.04,0.01,0.0,0,V-2023.12-SP3,V-2023.12-SP4,0.4027,0.7691,0.002957,1.175,1.1718,1.46475,0.0,0.0,0.0,0.0,0.0,0.0,0.0,0.0,0.4027,0.7691,0.002957,1.175,0.0,0.0,0.0,0.0,0.0,0.0,0.0,0.0,0.0,0.0,0.0,0.0,0.0,0.0,0.0,0.0,vectored,fixed_route,2,2026-08-20T17:21:47+00:00
foldedclos_64_4_4_8_1p0_10nm_TT_0V8_25C_1333p33MHz,foldedclos,data_width=64;terminals_per_leaf=4;num_leaves=4;num_spines=8;oversubscription=1.0,10nm,TT,0.8,25.0,0.75,1333.3333333333333,64,4,4,8,1.0,V-2023.12-SP4,26127,26127,0,3016.519674,3016.519674,0.0,0.0,0.0,0.55,0.0,0.0,0,V-2023.12-SP4,21750,21750,0,2627.14,2627.14,0.0,4282.368,0.6135,0.0,0.0,0.69,-0.14,-2.0,174,V-2023.12-SP3,V-2023.12-SP4,2.346,4.715,0.007627,7.068,7.061,5.29575,0.0,0.0,0.0,0.0,0.0,0.0,0.0,0.0,2.346,4.715,0.007627,7.068,0.0,0.0,0.0,0.0,0.0,0.0,0.0,0.0,0.0,0.0,0.0,0.0,0.0,0.0,0.0,0.0,unvectored,none,2,2026-08-20T17:57:12+00:00
foldedclos_64_4_4_8_1p0_10nm_TT_0V8_25C_1333p33MHz,foldedclos,data_width=64;terminals_per_leaf=4;num_leaves=4;num_spines=8;oversubscription=1.0,10nm,TT,0.8,25.0,0.75,1333.3333333333333,64,4,4,8,1.0,V-2023.12-SP4,26127,26127,0,3016.519674,3016.519674,0.0,0.0,0.0,0.55,0.0,0.0,0,V-2023.12-SP4,21750,21750,0,2627.14,2627.14,0.0,4282.368,0.6135,0.0,0.0,0.69,-0.14,-2.0,174,V-2023.12-SP3,V-2023.12-SP4,3.8240000000000003,7.204000000000001,0.0075179999999999995,11.0,11.028,8.271,0.0,0.0,0.0,0.0,0.0,0.0,0.0,0.0,3.8240000000000003,7.204000000000001,0.0075179999999999995,11.0,0.0,0.0,0.0,0.0,0.0,0.0,0.0,0.0,0.0,0.0,0.0,0.0,0.0,0.0,0.0,0.0,vectored,random,2,2026-08-20T17:57:20+00:00
foldedclos_64_4_4_8_1p0_10nm_TT_0V8_25C_1333p33MHz,foldedclos,data_width=64;terminals_per_leaf=4;num_leaves=4;num_spines=8;oversubscription=1.0,10nm,TT,0.8,25.0,0.75,1333.3333333333333,64,4,4,8,1.0,V-2023.12-SP4,26127,26127,0,3016.519674,3016.519674,0.0,0.0,0.0,0.55,0.0,0.0,0,V-2023.12-SP4,21750,21750,0,2627.14,2627.14,0.0,4282.368,0.6135,0.0,0.0,0.69,-0.14,-2.0,174,V-2023.12-SP3,V-2023.12-SP4,1.825,3.887,0.007390000000000001,5.720000000000001,5.712,4.284,0.0,0.0,0.0,0.0,0.0,0.0,0.0,0.0,1.825,3.887,0.007390000000000001,5.720000000000001,0.0,0.0,0.0,0.0,0.0,0.0,0.0,0.0,0.0,0.0,0.0,0.0,0.0,0.0,0.0,0.0,vectored,fixed_route,2,2026-08-20T17:57:29+00:00
foldedclos_64_4_4_8_1p0_16nm_TT_0V85_25C_1000MHz,foldedclos,data_width=64;terminals_per_leaf=4;num_leaves=4;num_spines=8;oversubscription=1.0,16nm,TT,0.85,25.0,1.0,1000.0,64,4,4,8,1.0,V-2023.12-SP4,23619,23619,0,5573.463677,5573.463677,0.0,0.0,0.0,0.8,0.0,0.0,0,V-2023.12-SP4,22944,22944,0,5903.6,5903.6,0.0,7913.1064,0.7461,0.0,0.0,0.85,-0.05,-2.7,198,V-2023.12-SP3,V-2023.12-SP4,2.659,4.528,0.01029,7.198,7.186999999999999,7.186999999999999,0.0,0.0,0.0,0.0,0.0,0.0,0.0,0.0,2.659,4.528,0.01029,7.198,0.0,0.0,0.0,0.0,0.0,0.0,0.0,0.0,0.0,0.0,0.0,0.0,0.0,0.0,0.0,0.0,unvectored,none,2,2026-08-20T18:11:28+00:00
foldedclos_64_4_4_8_1p0_16nm_TT_0V85_25C_1000MHz,foldedclos,data_width=64;terminals_per_leaf=4;num_leaves=4;num_spines=8;oversubscription=1.0,16nm,TT,0.85,25.0,1.0,1000.0,64,4,4,8,1.0,V-2023.12-SP4,23619,23619,0,5573.463677,5573.463677,0.0,0.0,0.0,0.8,0.0,0.0,0,V-2023.12-SP4,22944,22944,0,5903.6,5903.6,0.0,7913.1064,0.7461,0.0,0.0,0.85,-0.05,-2.7,198,V-2023.12-SP3,V-2023.12-SP4,4.189,6.862,0.010169999999999998,11.1,11.051,11.051,0.0,0.0,0.0,0.0,0.0,0.0,0.0,0.0,4.189,6.862,0.010169999999999998,11.1,0.0,0.0,0.0,0.0,0.0,0.0,0.0,0.0,0.0,0.0,0.0,0.0,0.0,0.0,0.0,0.0,vectored,random,2,2026-08-20T18:11:37+00:00
foldedclos_64_4_4_8_1p0_16nm_TT_0V85_25C_1000MHz,foldedclos,data_width=64;terminals_per_leaf=4;num_leaves=4;num_spines=8;oversubscription=1.0,16nm,TT,0.85,25.0,1.0,1000.0,64,4,4,8,1.0,V-2023.12-SP4,23619,23619,0,5573.463677,5573.463677,0.0,0.0,0.0,0.8,0.0,0.0,0,V-2023.12-SP4,22944,22944,0,5903.6,5903.6,0.0,7913.1064,0.7461,0.0,0.0,0.85,-0.05,-2.7,198,V-2023.12-SP3,V-2023.12-SP4,2.088,3.7230000000000003,0.009973,5.821,5.811,5.811,0.0,0.0,0.0,0.0,0.0,0.0,0.0,0.0,2.088,3.7230000000000003,0.009973,5.821,0.0,0.0,0.0,0.0,0.0,0.0,0.0,0.0,0.0,0.0,0.0,0.0,0.0,0.0,0.0,0.0,vectored,fixed_route,2,2026-08-20T18:11:45+00:00
foldedclos_32_8_4_4_0p25_7nm_TT_0V75_25C_1333p33MHz,foldedclos,data_width=32;terminals_per_leaf=8;num_leaves=4;num_spines=4;oversubscription=0.25,7nm,TT,0.75,25.0,0.75,1333.3333333333333,32,8,4,4,0.25,V-2023.12-SP4,55291,55291,0,3438.18316,3438.18316,0.0,0.0,0.0,0.55,0.0,0.0,0,V-2023.12-SP4,45283,45283,0,2934.28,2934.28,0.0,4909.5245,0.5977,0.0,0.0,0.61,-0.06,-7.83,569,V-2023.12-SP3,V-2023.12-SP4,2.822,7.228,0.01196,10.1,10.05,7.5375000000000005,0.0,0.0,0.0,0.0,0.0,0.0,0.0,0.0,2.822,7.228,0.01196,10.1,0.0,0.0,0.0,0.0,0.0,0.0,0.0,0.0,0.0,0.0,0.0,0.0,0.0,0.0,0.0,0.0,unvectored,none,2,2026-08-20T18:14:24+00:00
foldedclos_32_8_4_4_0p25_7nm_TT_0V75_25C_1333p33MHz,foldedclos,data_width=32;terminals_per_leaf=8;num_leaves=4;num_spines=4;oversubscription=0.25,7nm,TT,0.75,25.0,0.75,1333.3333333333333,32,8,4,4,0.25,V-2023.12-SP4,55291,55291,0,3438.18316,3438.18316,0.0,0.0,0.0,0.55,0.0,0.0,0,V-2023.12-SP4,45283,45283,0,2934.28,2934.28,0.0,4909.5245,0.5977,0.0,0.0,0.61,-0.06,-7.83,569,V-2023.12-SP3,V-2023.12-SP4,4.31,10.200000000000001,0.01185,14.5,14.510000000000002,10.8825,0.0,0.0,0.0,0.0,0.0,0.0,0.0,0.0,4.31,10.200000000000001,0.01185,14.5,0.0,0.0,0.0,0.0,0.0,0.0,0.0,0.0,0.0,0.0,0.0,0.0,0.0,0.0,0.0,0.0,vectored,random,2,2026-08-20T18:14:34+00:00
foldedclos_32_8_4_4_0p25_7nm_TT_0V75_25C_1333p33MHz,foldedclos,data_width=32;terminals_per_leaf=8;num_leaves=4;num_spines=4;oversubscription=0.25,7nm,TT,0.75,25.0,0.75,1333.3333333333333,32,8,4,4,0.25,V-2023.12-SP4,55291,55291,0,3438.18316,3438.18316,0.0,0.0,0.0,0.55,0.0,0.0,0,V-2023.12-SP4,45283,45283,0,2934.28,2934.28,0.0,4909.5245,0.5977,0.0,0.0,0.61,-0.06,-7.83,569,V-2023.12-SP3,V-2023.12-SP4,2.0300000000000002,6.183,0.0117,8.224,8.213000000000001,6.159750000000001,0.0,0.0,0.0,0.0,0.0,0.0,0.0,0.0,2.0300000000000002,6.183,0.0117,8.224,0.0,0.0,0.0,0.0,0.0,0.0,0.0,0.0,0.0,0.0,0.0,0.0,0.0,0.0,0.0,0.0,vectored,fixed_route,2,2026-08-20T18:14:45+00:00
foldedclos_64_4_4_8_1p0_10nm_TT_0V8_25C_800MHz,foldedclos,data_width=64;terminals_per_leaf=4;num_leaves=4;num_spines=8;oversubscription=1.0,10nm,TT,0.8,25.0,1.25,800.0,64,4,4,8,1.0,V-2023.12-SP4,15232,15232,0,2030.438437,2030.438437,0.0,0.0,0.0,1.05,0.0,0.0,0,V-2023.12-SP4,15344,15344,0,2079.5,2079.5,0.0,2894.4384,0.7184,0.0,0.0,1.09,-0.04,-0.06,4,V-2023.12-SP3,V-2023.12-SP4,1.0050000000000001,2.055,0.0058390000000000004,3.0660000000000003,3.0600000000000005,3.8250000000000006,0.0,0.0,0.0,0.0,0.0,0.0,0.0,0.0,1.0050000000000001,2.055,0.0058390000000000004,3.0660000000000003,0.0,0.0,0.0,0.0,0.0,0.0,0.0,0.0,0.0,0.0,0.0,0.0,0.0,0.0,0.0,0.0,unvectored,none,2,2026-08-20T18:46:18+00:00
foldedclos_64_4_4_8_1p0_10nm_TT_0V8_25C_800MHz,foldedclos,data_width=64;terminals_per_leaf=4;num_leaves=4;num_spines=8;oversubscription=1.0,10nm,TT,0.8,25.0,1.25,800.0,64,4,4,8,1.0,V-2023.12-SP4,15232,15232,0,2030.438437,2030.438437,0.0,0.0,0.0,1.05,0.0,0.0,0,V-2023.12-SP4,15344,15344,0,2079.5,2079.5,0.0,2894.4384,0.7184,0.0,0.0,1.09,-0.04,-0.06,4,V-2023.12-SP3,V-2023.12-SP4,1.623,3.091,0.005755,4.720000000000001,4.714,5.8925,0.0,0.0,0.0,0.0,0.0,0.0,0.0,0.0,1.623,3.091,0.005755,4.720000000000001,0.0,0.0,0.0,0.0,0.0,0.0,0.0,0.0,0.0,0.0,0.0,0.0,0.0,0.0,0.0,0.0,vectored,random,2,2026-08-20T18:46:26+00:00
foldedclos_64_4_4_8_1p0_10nm_TT_0V8_25C_800MHz,foldedclos,data_width=64;terminals_per_leaf=4;num_leaves=4;num_spines=8;oversubscription=1.0,10nm,TT,0.8,25.0,1.25,800.0,64,4,4,8,1.0,V-2023.12-SP4,15232,15232,0,2030.438437,2030.438437,0.0,0.0,0.0,1.05,0.0,0.0,0,V-2023.12-SP4,15344,15344,0,2079.5,2079.5,0.0,2894.4384,0.7184,0.0,0.0,1.09,-0.04,-0.06,4,V-2023.12-SP3,V-2023.12-SP4,0.8375,1.6540000000000001,0.005628,2.497,2.4915000000000003,3.1143750000000003,0.0,0.0,0.0,0.0,0.0,0.0,0.0,0.0,0.8375,1.6540000000000001,0.005628,2.497,0.0,0.0,0.0,0.0,0.0,0.0,0.0,0.0,0.0,0.0,0.0,0.0,0.0,0.0,0.0,0.0,vectored,fixed_route,2,2026-08-20T18:46:34+00:00
foldedclos_64_4_4_8_1p0_16nm_TT_0V85_25C_666p667MHz,foldedclos,data_width=64;terminals_per_leaf=4;num_leaves=4;num_spines=8;oversubscription=1.0,16nm,TT,0.85,25.0,1.5,666.6666666666666,64,4,4,8,1.0,V-2023.12-SP4,23611,23611,0,5600.026491,5600.026491,0.0,0.0,0.0,1.3,0.0,0.0,0,V-2023.12-SP4,20132,20132,0,5040.47,5040.47,0.0,7983.7747,0.6313,0.0,0.0,1.34,-0.04,-0.18,15,V-2023.12-SP3,V-2023.12-SP4,1.5590000000000002,3.0300000000000002,0.007668,4.596,4.589,6.883500000000001,0.0,0.0,0.0,0.0,0.0,0.0,0.0,0.0,1.5590000000000002,3.0300000000000002,0.007668,4.596,0.0,0.0,0.0,0.0,0.0,0.0,0.0,0.0,0.0,0.0,0.0,0.0,0.0,0.0,0.0,0.0,unvectored,none,2,2026-08-20T18:47:46+00:00
foldedclos_64_4_4_8_1p0_16nm_TT_0V85_25C_666p667MHz,foldedclos,data_width=64;terminals_per_leaf=4;num_leaves=4;num_spines=8;oversubscription=1.0,16nm,TT,0.85,25.0,1.5,666.6666666666666,64,4,4,8,1.0,V-2023.12-SP4,23611,23611,0,5600.026491,5600.026491,0.0,0.0,0.0,1.3,0.0,0.0,0,V-2023.12-SP4,20132,20132,0,5040.47,5040.47,0.0,7983.7747,0.6313,0.0,0.0,1.34,-0.04,-0.18,15,V-2023.12-SP3,V-2023.12-SP4,2.5829999999999997,4.787,0.007526,7.377,7.369999999999999,11.055,0.0,0.0,0.0,0.0,0.0,0.0,0.0,0.0,2.5829999999999997,4.787,0.007526,7.377,0.0,0.0,0.0,0.0,0.0,0.0,0.0,0.0,0.0,0.0,0.0,0.0,0.0,0.0,0.0,0.0,vectored,random,2,2026-08-20T18:47:54+00:00
foldedclos_64_4_4_8_1p0_16nm_TT_0V85_25C_666p667MHz,foldedclos,data_width=64;terminals_per_leaf=4;num_leaves=4;num_spines=8;oversubscription=1.0,16nm,TT,0.85,25.0,1.5,666.6666666666666,64,4,4,8,1.0,V-2023.12-SP4,23611,23611,0,5600.026491,5600.026491,0.0,0.0,0.0,1.3,0.0,0.0,0,V-2023.12-SP4,20132,20132,0,5040.47,5040.47,0.0,7983.7747,0.6313,0.0,0.0,1.34,-0.04,-0.18,15,V-2023.12-SP3,V-2023.12-SP4,1.22,2.487,0.00742,3.714,3.707,5.560499999999999,0.0,0.0,0.0,0.0,0.0,0.0,0.0,0.0,1.22,2.487,0.00742,3.714,0.0,0.0,0.0,0.0,0.0,0.0,0.0,0.0,0.0,0.0,0.0,0.0,0.0,0.0,0.0,0.0,vectored,fixed_route,2,2026-08-20T18:48:02+00:00
foldedclos_32_8_4_4_0p25_7nm_TT_0V75_25C_800MHz,foldedclos,data_width=32;terminals_per_leaf=8;num_leaves=4;num_spines=4;oversubscription=0.25,7nm,TT,0.75,25.0,1.25,800.0,32,8,4,4,0.25,V-2023.12-SP4,57088,57088,0,3527.693554,3527.693554,0.0,0.0,0.0,1.05,0.0,0.0,0,V-2023.12-SP4,45953,45953,0,2913.93,2913.93,0.0,5025.9525,0.5798,0.0,0.0,1.09,-0.04,-0.32,47,V-2023.12-SP3,V-2023.12-SP4,1.941,4.827,0.01166,6.779999999999999,6.768,8.459999999999999,0.0,0.0,0.0,0.0,0.0,0.0,0.0,0.0,1.941,4.827,0.01166,6.779999999999999,0.0,0.0,0.0,0.0,0.0,0.0,0.0,0.0,0.0,0.0,0.0,0.0,0.0,0.0,0.0,0.0,unvectored,none,2,2026-08-20T19:05:03+00:00
foldedclos_32_8_4_4_0p25_7nm_TT_0V75_25C_800MHz,foldedclos,data_width=32;terminals_per_leaf=8;num_leaves=4;num_spines=4;oversubscription=0.25,7nm,TT,0.75,25.0,1.25,800.0,32,8,4,4,0.25,V-2023.12-SP4,57088,57088,0,3527.693554,3527.693554,0.0,0.0,0.0,1.05,0.0,0.0,0,V-2023.12-SP4,45953,45953,0,2913.93,2913.93,0.0,5025.9525,0.5798,0.0,0.0,1.09,-0.04,-0.32,47,V-2023.12-SP3,V-2023.12-SP4,3.093,6.971,0.01149,10.1,10.064,12.58,0.0,0.0,0.0,0.0,0.0,0.0,0.0,0.0,3.093,6.971,0.01149,10.1,0.0,0.0,0.0,0.0,0.0,0.0,0.0,0.0,0.0,0.0,0.0,0.0,0.0,0.0,0.0,0.0,vectored,random,2,2026-08-20T19:05:13+00:00
foldedclos_32_8_4_4_0p25_7nm_TT_0V75_25C_800MHz,foldedclos,data_width=32;terminals_per_leaf=8;num_leaves=4;num_spines=4;oversubscription=0.25,7nm,TT,0.75,25.0,1.25,800.0,32,8,4,4,0.25,V-2023.12-SP4,57088,57088,0,3527.693554,3527.693554,0.0,0.0,0.0,1.05,0.0,0.0,0,V-2023.12-SP4,45953,45953,0,2913.93,2913.93,0.0,5025.9525,0.5798,0.0,0.0,1.09,-0.04,-0.32,47,V-2023.12-SP3,V-2023.12-SP4,1.432,4.157,0.011250000000000001,5.601,5.589,6.98625,0.0,0.0,0.0,0.0,0.0,0.0,0.0,0.0,1.432,4.157,0.011250000000000001,5.601,0.0,0.0,0.0,0.0,0.0,0.0,0.0,0.0,0.0,0.0,0.0,0.0,0.0,0.0,0.0,0.0,vectored,fixed_route,2,2026-08-20T19:05:24+00:00
foldedclos_64_4_4_8_0p5_10nm_TT_0V8_25C_1333p33MHz,foldedclos,data_width=64;terminals_per_leaf=4;num_leaves=4;num_spines=8;oversubscription=0.5,10nm,TT,0.8,25.0,0.75,1333.3333333333333,64,4,4,8,0.5,V-2023.12-SP4,26127,26127,0,3016.519674,3016.519674,0.0,0.0,0.0,0.55,0.0,0.0,0,V-2023.12-SP4,21750,21750,0,2627.14,2627.14,0.0,4282.368,0.6135,0.0,0.0,0.69,-0.14,-2.14,176,V-2023.12-SP3,V-2023.12-SP4,2.346,4.713,0.007627,7.067,7.059,5.29425,0.0,0.0,0.0,0.0,0.0,0.0,0.0,0.0,2.346,4.713,0.007627,7.067,0.0,0.0,0.0,0.0,0.0,0.0,0.0,0.0,0.0,0.0,0.0,0.0,0.0,0.0,0.0,0.0,unvectored,none,2,2026-08-20T19:20:45+00:00
foldedclos_64_4_4_8_0p5_10nm_TT_0V8_25C_1333p33MHz,foldedclos,data_width=64;terminals_per_leaf=4;num_leaves=4;num_spines=8;oversubscription=0.5,10nm,TT,0.8,25.0,0.75,1333.3333333333333,64,4,4,8,0.5,V-2023.12-SP4,26127,26127,0,3016.519674,3016.519674,0.0,0.0,0.0,0.55,0.0,0.0,0,V-2023.12-SP4,21750,21750,0,2627.14,2627.14,0.0,4282.368,0.6135,0.0,0.0,0.69,-0.14,-2.14,176,V-2023.12-SP3,V-2023.12-SP4,3.826,7.204000000000001,0.0075179999999999995,11.0,11.030000000000001,8.2725,0.0,0.0,0.0,0.0,0.0,0.0,0.0,0.0,3.826,7.204000000000001,0.0075179999999999995,11.0,0.0,0.0,0.0,0.0,0.0,0.0,0.0,0.0,0.0,0.0,0.0,0.0,0.0,0.0,0.0,0.0,vectored,random,2,2026-08-20T19:20:53+00:00
foldedclos_64_4_4_8_0p5_10nm_TT_0V8_25C_1333p33MHz,foldedclos,data_width=64;terminals_per_leaf=4;num_leaves=4;num_spines=8;oversubscription=0.5,10nm,TT,0.8,25.0,0.75,1333.3333333333333,64,4,4,8,0.5,V-2023.12-SP4,26127,26127,0,3016.519674,3016.519674,0.0,0.0,0.0,0.55,0.0,0.0,0,V-2023.12-SP4,21750,21750,0,2627.14,2627.14,0.0,4282.368,0.6135,0.0,0.0,0.69,-0.14,-2.14,176,V-2023.12-SP3,V-2023.12-SP4,1.825,3.887,0.007390000000000001,5.719,5.712,4.284,0.0,0.0,0.0,0.0,0.0,0.0,0.0,0.0,1.825,3.887,0.007390000000000001,5.719,0.0,0.0,0.0,0.0,0.0,0.0,0.0,0.0,0.0,0.0,0.0,0.0,0.0,0.0,0.0,0.0,vectored,fixed_route,2,2026-08-20T19:21:01+00:00
foldedclos_64_4_4_8_0p5_16nm_TT_0V85_25C_1000MHz,foldedclos,data_width=64;terminals_per_leaf=4;num_leaves=4;num_spines=8;oversubscription=0.5,16nm,TT,0.85,25.0,1.0,1000.0,64,4,4,8,0.5,V-2023.12-SP4,23619,23619,0,5573.463677,5573.463677,0.0,0.0,0.0,0.8,0.0,0.0,0,V-2023.12-SP4,22944,22944,0,5903.6,5903.6,0.0,7913.1064,0.7461,0.0,0.0,0.85,-0.05,-2.74,204,V-2023.12-SP3,V-2023.12-SP4,2.66,4.528,0.01029,7.198,7.188,7.188,0.0,0.0,0.0,0.0,0.0,0.0,0.0,0.0,2.66,4.528,0.01029,7.198,0.0,0.0,0.0,0.0,0.0,0.0,0.0,0.0,0.0,0.0,0.0,0.0,0.0,0.0,0.0,0.0,unvectored,none,2,2026-08-20T19:35:42+00:00
foldedclos_64_4_4_8_0p5_16nm_TT_0V85_25C_1000MHz,foldedclos,data_width=64;terminals_per_leaf=4;num_leaves=4;num_spines=8;oversubscription=0.5,16nm,TT,0.85,25.0,1.0,1000.0,64,4,4,8,0.5,V-2023.12-SP4,23619,23619,0,5573.463677,5573.463677,0.0,0.0,0.0,0.8,0.0,0.0,0,V-2023.12-SP4,22944,22944,0,5903.6,5903.6,0.0,7913.1064,0.7461,0.0,0.0,0.85,-0.05,-2.74,204,V-2023.12-SP3,V-2023.12-SP4,4.186999999999999,6.859,0.010169999999999998,11.1,11.046,11.046,0.0,0.0,0.0,0.0,0.0,0.0,0.0,0.0,4.186999999999999,6.859,0.010169999999999998,11.1,0.0,0.0,0.0,0.0,0.0,0.0,0.0,0.0,0.0,0.0,0.0,0.0,0.0,0.0,0.0,0.0,vectored,random,2,2026-08-20T19:35:51+00:00
foldedclos_64_4_4_8_0p5_16nm_TT_0V85_25C_1000MHz,foldedclos,data_width=64;terminals_per_leaf=4;num_leaves=4;num_spines=8;oversubscription=0.5,16nm,TT,0.85,25.0,1.0,1000.0,64,4,4,8,0.5,V-2023.12-SP4,23619,23619,0,5573.463677,5573.463677,0.0,0.0,0.0,0.8,0.0,0.0,0,V-2023.12-SP4,22944,22944,0,5903.6,5903.6,0.0,7913.1064,0.7461,0.0,0.0,0.85,-0.05,-2.74,204,V-2023.12-SP3,V-2023.12-SP4,2.088,3.722,0.009973,5.819999999999999,5.8100000000000005,5.8100000000000005,0.0,0.0,0.0,0.0,0.0,0.0,0.0,0.0,2.088,3.722,0.009973,5.819999999999999,0.0,0.0,0.0,0.0,0.0,0.0,0.0,0.0,0.0,0.0,0.0,0.0,0.0,0.0,0.0,0.0,vectored,fixed_route,2,2026-08-20T19:35:59+00:00
foldedclos_64_4_4_8_0p5_10nm_TT_0V8_25C_800MHz,foldedclos,data_width=64;terminals_per_leaf=4;num_leaves=4;num_spines=8;oversubscription=0.5,10nm,TT,0.8,25.0,1.25,800.0,64,4,4,8,0.5,V-2023.12-SP4,15232,15232,0,2030.438437,2030.438437,0.0,0.0,0.0,1.05,0.0,0.0,0,V-2023.12-SP4,15344,15344,0,2079.5,2079.5,0.0,2894.4384,0.7184,0.0,0.0,1.09,-0.04,-0.06,4,V-2023.12-SP3,V-2023.12-SP4,1.0050000000000001,2.056,0.0058390000000000004,3.0669999999999997,3.061,3.82625,0.0,0.0,0.0,0.0,0.0,0.0,0.0,0.0,1.0050000000000001,2.056,0.0058390000000000004,3.0669999999999997,0.0,0.0,0.0,0.0,0.0,0.0,0.0,0.0,0.0,0.0,0.0,0.0,0.0,0.0,0.0,0.0,unvectored,none,2,2026-08-20T20:09:05+00:00
foldedclos_64_4_4_8_0p5_10nm_TT_0V8_25C_800MHz,foldedclos,data_width=64;terminals_per_leaf=4;num_leaves=4;num_spines=8;oversubscription=0.5,10nm,TT,0.8,25.0,1.25,800.0,64,4,4,8,0.5,V-2023.12-SP4,15232,15232,0,2030.438437,2030.438437,0.0,0.0,0.0,1.05,0.0,0.0,0,V-2023.12-SP4,15344,15344,0,2079.5,2079.5,0.0,2894.4384,0.7184,0.0,0.0,1.09,-0.04,-0.06,4,V-2023.12-SP3,V-2023.12-SP4,1.623,3.094,0.005755,4.723,4.717,5.896249999999999,0.0,0.0,0.0,0.0,0.0,0.0,0.0,0.0,1.623,3.094,0.005755,4.723,0.0,0.0,0.0,0.0,0.0,0.0,0.0,0.0,0.0,0.0,0.0,0.0,0.0,0.0,0.0,0.0,vectored,random,2,2026-08-20T20:09:13+00:00
foldedclos_64_4_4_8_0p5_10nm_TT_0V8_25C_800MHz,foldedclos,data_width=64;terminals_per_leaf=4;num_leaves=4;num_spines=8;oversubscription=0.5,10nm,TT,0.8,25.0,1.25,800.0,64,4,4,8,0.5,V-2023.12-SP4,15232,15232,0,2030.438437,2030.438437,0.0,0.0,0.0,1.05,0.0,0.0,0,V-2023.12-SP4,15344,15344,0,2079.5,2079.5,0.0,2894.4384,0.7184,0.0,0.0,1.09,-0.04,-0.06,4,V-2023.12-SP3,V-2023.12-SP4,0.8376,1.657,0.005628,2.5,2.4946,3.11825,0.0,0.0,0.0,0.0,0.0,0.0,0.0,0.0,0.8376,1.657,0.005628,2.5,0.0,0.0,0.0,0.0,0.0,0.0,0.0,0.0,0.0,0.0,0.0,0.0,0.0,0.0,0.0,0.0,vectored,fixed_route,2,2026-08-20T20:09:21+00:00
foldedclos_64_4_4_8_0p5_16nm_TT_0V85_25C_666p667MHz,foldedclos,data_width=64;terminals_per_leaf=4;num_leaves=4;num_spines=8;oversubscription=0.5,16nm,TT,0.85,25.0,1.5,666.6666666666666,64,4,4,8,0.5,V-2023.12-SP4,23611,23611,0,5600.026491,5600.026491,0.0,0.0,0.0,1.3,0.0,0.0,0,V-2023.12-SP4,20132,20132,0,5040.47,5040.47,0.0,7983.7747,0.6313,0.0,0.0,1.34,-0.04,-0.21,14,V-2023.12-SP3,V-2023.12-SP4,1.5579999999999998,3.0300000000000002,0.007668,4.597,4.588,6.882,0.0,0.0,0.0,0.0,0.0,0.0,0.0,0.0,1.5579999999999998,3.0300000000000002,0.007668,4.597,0.0,0.0,0.0,0.0,0.0,0.0,0.0,0.0,0.0,0.0,0.0,0.0,0.0,0.0,0.0,0.0,unvectored,none,2,2026-08-20T20:10:48+00:00
foldedclos_64_4_4_8_0p5_16nm_TT_0V85_25C_666p667MHz,foldedclos,data_width=64;terminals_per_leaf=4;num_leaves=4;num_spines=8;oversubscription=0.5,16nm,TT,0.85,25.0,1.5,666.6666666666666,64,4,4,8,0.5,V-2023.12-SP4,23611,23611,0,5600.026491,5600.026491,0.0,0.0,0.0,1.3,0.0,0.0,0,V-2023.12-SP4,20132,20132,0,5040.47,5040.47,0.0,7983.7747,0.6313,0.0,0.0,1.34,-0.04,-0.21,14,V-2023.12-SP3,V-2023.12-SP4,2.581,4.785,0.007526,7.373,7.366,11.049,0.0,0.0,0.0,0.0,0.0,0.0,0.0,0.0,2.581,4.785,0.007526,7.373,0.0,0.0,0.0,0.0,0.0,0.0,0.0,0.0,0.0,0.0,0.0,0.0,0.0,0.0,0.0,0.0,vectored,random,2,2026-08-20T20:10:55+00:00
foldedclos_64_4_4_8_0p5_16nm_TT_0V85_25C_666p667MHz,foldedclos,data_width=64;terminals_per_leaf=4;num_leaves=4;num_spines=8;oversubscription=0.5,16nm,TT,0.85,25.0,1.5,666.6666666666666,64,4,4,8,0.5,V-2023.12-SP4,23611,23611,0,5600.026491,5600.026491,0.0,0.0,0.0,1.3,0.0,0.0,0,V-2023.12-SP4,20132,20132,0,5040.47,5040.47,0.0,7983.7747,0.6313,0.0,0.0,1.34,-0.04,-0.21,14,V-2023.12-SP3,V-2023.12-SP4,1.22,2.488,0.007421,3.715,3.708,5.562,0.0,0.0,0.0,0.0,0.0,0.0,0.0,0.0,1.22,2.488,0.007421,3.715,0.0,0.0,0.0,0.0,0.0,0.0,0.0,0.0,0.0,0.0,0.0,0.0,0.0,0.0,0.0,0.0,vectored,fixed_route,2,2026-08-20T20:11:03+00:00
foldedclos_32_8_4_4_0p25_16nm_TT_0V85_25C_1000MHz,foldedclos,data_width=32;terminals_per_leaf=8;num_leaves=4;num_spines=4;oversubscription=0.25,16nm,TT,0.85,25.0,1.0,1000.0,32,8,4,4,0.25,V-2023.12-SP4,49530,49530,0,11998.554912,11998.554912,0.0,0.0,0.0,0.8,0.0,0.0,0,V-2023.12-SP4,53484,53484,0,14615.21,14615.21,0.0,17114.9138,0.8539,0.0,0.0,0.99,-0.19,-81.77,1183,V-2023.12-SP3,V-2023.12-SP4,5.09,9.205,0.02883,14.3,14.295,14.295,0.0,0.0,0.0,0.0,0.0,0.0,0.0,0.0,5.09,9.205,0.02883,14.3,0.0,0.0,0.0,0.0,0.0,0.0,0.0,0.0,0.0,0.0,0.0,0.0,0.0,0.0,0.0,0.0,unvectored,none,2,2026-08-20T21:27:44+00:00
foldedclos_32_8_4_4_0p25_16nm_TT_0V85_25C_1000MHz,foldedclos,data_width=32;terminals_per_leaf=8;num_leaves=4;num_spines=4;oversubscription=0.25,16nm,TT,0.85,25.0,1.0,1000.0,32,8,4,4,0.25,V-2023.12-SP4,49530,49530,0,11998.554912,11998.554912,0.0,0.0,0.0,0.8,0.0,0.0,0,V-2023.12-SP4,53484,53484,0,14615.21,14615.21,0.0,17114.9138,0.8539,0.0,0.0,0.99,-0.19,-81.77,1183,V-2023.12-SP3,V-2023.12-SP4,7.532,13.100000000000001,0.0286,20.7,20.632,20.632,0.0,0.0,0.0,0.0,0.0,0.0,0.0,0.0,7.532,13.100000000000001,0.0286,20.7,0.0,0.0,0.0,0.0,0.0,0.0,0.0,0.0,0.0,0.0,0.0,0.0,0.0,0.0,0.0,0.0,vectored,random,2,2026-08-20T21:27:55+00:00
foldedclos_32_8_4_4_0p25_16nm_TT_0V85_25C_1000MHz,foldedclos,data_width=32;terminals_per_leaf=8;num_leaves=4;num_spines=4;oversubscription=0.25,16nm,TT,0.85,25.0,1.0,1000.0,32,8,4,4,0.25,V-2023.12-SP4,49530,49530,0,11998.554912,11998.554912,0.0,0.0,0.0,0.8,0.0,0.0,0,V-2023.12-SP4,53484,53484,0,14615.21,14615.21,0.0,17114.9138,0.8539,0.0,0.0,0.99,-0.19,-81.77,1183,V-2023.12-SP3,V-2023.12-SP4,3.292,7.263999999999999,0.028249999999999997,10.6,10.556,10.556,0.0,0.0,0.0,0.0,0.0,0.0,0.0,0.0,3.292,7.263999999999999,0.028249999999999997,10.6,0.0,0.0,0.0,0.0,0.0,0.0,0.0,0.0,0.0,0.0,0.0,0.0,0.0,0.0,0.0,0.0,vectored,fixed_route,2,2026-08-20T21:28:07+00:00
foldedclos_32_8_4_4_0p25_10nm_TT_0V8_25C_666p667MHz,foldedclos,data_width=32;terminals_per_leaf=8;num_leaves=4;num_spines=4;oversubscription=0.25,10nm,TT,0.8,25.0,1.5,666.6666666666666,32,8,4,4,0.25,V-2023.12-SP4,56510,56510,0,6604.799976,6604.799976,0.0,0.0,0.0,1.3,0.0,0.0,0,V-2023.12-SP4,46380,46380,0,5557.13,5557.13,0.0,9398.1082,0.5913,0.0,0.0,1.32,-0.02,-0.08,7,V-2023.12-SP3,V-2023.12-SP4,2.1350000000000002,5.138,0.01582,7.289000000000001,7.273,10.9095,0.0,0.0,0.0,0.0,0.0,0.0,0.0,0.0,2.1350000000000002,5.138,0.01582,7.289000000000001,0.0,0.0,0.0,0.0,0.0,0.0,0.0,0.0,0.0,0.0,0.0,0.0,0.0,0.0,0.0,0.0,unvectored,none,2,2026-08-20T21:54:38+00:00
foldedclos_32_8_4_4_0p25_10nm_TT_0V8_25C_666p667MHz,foldedclos,data_width=32;terminals_per_leaf=8;num_leaves=4;num_spines=4;oversubscription=0.25,10nm,TT,0.8,25.0,1.5,666.6666666666666,32,8,4,4,0.25,V-2023.12-SP4,56510,56510,0,6604.799976,6604.799976,0.0,0.0,0.0,1.3,0.0,0.0,0,V-2023.12-SP4,46380,46380,0,5557.13,5557.13,0.0,9398.1082,0.5913,0.0,0.0,1.32,-0.02,-0.08,7,V-2023.12-SP3,V-2023.12-SP4,3.402,7.462,0.015560000000000001,10.9,10.864,16.296,0.0,0.0,0.0,0.0,0.0,0.0,0.0,0.0,3.402,7.462,0.015560000000000001,10.9,0.0,0.0,0.0,0.0,0.0,0.0,0.0,0.0,0.0,0.0,0.0,0.0,0.0,0.0,0.0,0.0,vectored,random,2,2026-08-20T21:54:49+00:00
foldedclos_32_8_4_4_0p25_10nm_TT_0V8_25C_666p667MHz,foldedclos,data_width=32;terminals_per_leaf=8;num_leaves=4;num_spines=4;oversubscription=0.25,10nm,TT,0.8,25.0,1.5,666.6666666666666,32,8,4,4,0.25,V-2023.12-SP4,56510,56510,0,6604.799976,6604.799976,0.0,0.0,0.0,1.3,0.0,0.0,0,V-2023.12-SP4,46380,46380,0,5557.13,5557.13,0.0,9398.1082,0.5913,0.0,0.0,1.32,-0.02,-0.08,7,V-2023.12-SP3,V-2023.12-SP4,1.618,4.525,0.0152,6.157,6.143000000000001,9.214500000000001,0.0,0.0,0.0,0.0,0.0,0.0,0.0,0.0,1.618,4.525,0.0152,6.157,0.0,0.0,0.0,0.0,0.0,0.0,0.0,0.0,0.0,0.0,0.0,0.0,0.0,0.0,0.0,0.0,vectored,fixed_route,2,2026-08-20T21:55:01+00:00
foldedclos_32_8_4_4_0p25_16nm_TT_0V85_25C_571p429MHz,foldedclos,data_width=32;terminals_per_leaf=8;num_leaves=4;num_spines=4;oversubscription=0.25,16nm,TT,0.85,25.0,1.75,571.4285714285714,32,8,4,4,0.25,V-2023.12-SP4,50577,50577,0,12074.884108,12074.884108,0.0,0.0,0.0,1.55,0.0,0.0,0,V-2023.12-SP4,43985,43985,0,11174.55,11174.55,0.0,17247.0436,0.6479,0.0,0.0,1.63,-0.08,-4.78,310,V-2023.12-SP3,V-2023.12-SP4,2.271,5.131,0.017900000000000003,7.420000000000001,7.402,12.9535,0.0,0.0,0.0,0.0,0.0,0.0,0.0,0.0,2.271,5.131,0.017900000000000003,7.420000000000001,0.0,0.0,0.0,0.0,0.0,0.0,0.0,0.0,0.0,0.0,0.0,0.0,0.0,0.0,0.0,0.0,unvectored,none,2,2026-08-20T22:24:04+00:00
foldedclos_32_8_4_4_0p25_16nm_TT_0V85_25C_571p429MHz,foldedclos,data_width=32;terminals_per_leaf=8;num_leaves=4;num_spines=4;oversubscription=0.25,16nm,TT,0.85,25.0,1.75,571.4285714285714,32,8,4,4,0.25,V-2023.12-SP4,50577,50577,0,12074.884108,12074.884108,0.0,0.0,0.0,1.55,0.0,0.0,0,V-2023.12-SP4,43985,43985,0,11174.55,11174.55,0.0,17247.0436,0.6479,0.0,0.0,1.63,-0.08,-4.78,310,V-2023.12-SP3,V-2023.12-SP4,3.521,7.464,0.01765,11.0,10.985,19.22375,0.0,0.0,0.0,0.0,0.0,0.0,0.0,0.0,3.521,7.464,0.01765,11.0,0.0,0.0,0.0,0.0,0.0,0.0,0.0,0.0,0.0,0.0,0.0,0.0,0.0,0.0,0.0,0.0,vectored,random,2,2026-08-20T22:24:16+00:00
foldedclos_32_8_4_4_0p25_16nm_TT_0V85_25C_571p429MHz,foldedclos,data_width=32;terminals_per_leaf=8;num_leaves=4;num_spines=4;oversubscription=0.25,16nm,TT,0.85,25.0,1.75,571.4285714285714,32,8,4,4,0.25,V-2023.12-SP4,50577,50577,0,12074.884108,12074.884108,0.0,0.0,0.0,1.55,0.0,0.0,0,V-2023.12-SP4,43985,43985,0,11174.55,11174.55,0.0,17247.0436,0.6479,0.0,0.0,1.63,-0.08,-4.78,310,V-2023.12-SP3,V-2023.12-SP4,1.633,4.2459999999999996,0.01735,5.897,5.879,10.28825,0.0,0.0,0.0,0.0,0.0,0.0,0.0,0.0,1.633,4.2459999999999996,0.01735,5.897,0.0,0.0,0.0,0.0,0.0,0.0,0.0,0.0,0.0,0.0,0.0,0.0,0.0,0.0,0.0,0.0,vectored,fixed_route,2,2026-08-20T22:24:28+00:00
foldedclos_32_8_4_4_0p25_10nm_TT_0V8_25C_800MHz,foldedclos,data_width=32;terminals_per_leaf=8;num_leaves=4;num_spines=4;oversubscription=0.25,10nm,TT,0.8,25.0,1.25,800.0,32,8,4,4,0.25,V-2023.12-SP4,56232,56232,0,6572.17534,6572.17534,0.0,0.0,0.0,1.05,0.0,0.0,0,V-2023.12-SP4,46544,46544,0,5574.82,5574.82,0.0,9374.8838,0.5947,0.0,0.0,1.08,-0.03,-0.33,28,V-2023.12-SP3,V-2023.12-SP4,2.396,5.9670000000000005,0.0158,8.378,8.363,10.45375,0.0,0.0,0.0,0.0,0.0,0.0,0.0,0.0,2.396,5.9670000000000005,0.0158,8.378,0.0,0.0,0.0,0.0,0.0,0.0,0.0,0.0,0.0,0.0,0.0,0.0,0.0,0.0,0.0,0.0,unvectored,none,2,2026-08-20T22:41:50+00:00
foldedclos_32_8_4_4_0p25_10nm_TT_0V8_25C_800MHz,foldedclos,data_width=32;terminals_per_leaf=8;num_leaves=4;num_spines=4;oversubscription=0.25,10nm,TT,0.8,25.0,1.25,800.0,32,8,4,4,0.25,V-2023.12-SP4,56232,56232,0,6572.17534,6572.17534,0.0,0.0,0.0,1.05,0.0,0.0,0,V-2023.12-SP4,46544,46544,0,5574.82,5574.82,0.0,9374.8838,0.5947,0.0,0.0,1.08,-0.03,-0.33,28,V-2023.12-SP3,V-2023.12-SP4,3.7230000000000003,8.541,0.01558,12.3,12.264000000000001,15.330000000000002,0.0,0.0,0.0,0.0,0.0,0.0,0.0,0.0,3.7230000000000003,8.541,0.01558,12.3,0.0,0.0,0.0,0.0,0.0,0.0,0.0,0.0,0.0,0.0,0.0,0.0,0.0,0.0,0.0,0.0,vectored,random,2,2026-08-20T22:42:00+00:00
foldedclos_32_8_4_4_0p25_10nm_TT_0V8_25C_800MHz,foldedclos,data_width=32;terminals_per_leaf=8;num_leaves=4;num_spines=4;oversubscription=0.25,10nm,TT,0.8,25.0,1.25,800.0,32,8,4,4,0.25,V-2023.12-SP4,56232,56232,0,6572.17534,6572.17534,0.0,0.0,0.0,1.05,0.0,0.0,0,V-2023.12-SP4,46544,46544,0,5574.82,5574.82,0.0,9374.8838,0.5947,0.0,0.0,1.08,-0.03,-0.33,28,V-2023.12-SP3,V-2023.12-SP4,1.7570000000000001,5.176,0.01526,6.948,6.933,8.66625,0.0,0.0,0.0,0.0,0.0,0.0,0.0,0.0,1.7570000000000001,5.176,0.01526,6.948,0.0,0.0,0.0,0.0,0.0,0.0,0.0,0.0,0.0,0.0,0.0,0.0,0.0,0.0,0.0,0.0,vectored,fixed_route,2,2026-08-20T22:42:10+00:00
foldedclos_32_2_2_2_0p5_20nm_TT_0V9_25C_1333p33MHz,foldedclos,data_width=32;terminals_per_leaf=2;num_leaves=2;num_spines=2;oversubscription=0.5,20nm,TT,0.9,25.0,0.75,1333.3333333333333,32,2,2,2,0.5,V-2023.12-SP4,732,732,0,294.940798,294.940798,0.0,0.0,0.0,0.55,0.0,0.0,0,V-2023.12-SP4,654,654,0,268.33,268.33,0.0,409.2,0.6557,0.0,0.0,0.55,-0.0,-0.0,1,V-2023.12-SP3,V-2023.12-SP4,0.1795,0.24869999999999998,0.0002759,0.4285,0.42819999999999997,0.32115,0.0,0.0,0.0,0.0,0.0,0.0,0.0,0.0,0.1795,0.24869999999999998,0.0002759,0.4285,0.0,0.0,0.0,0.0,0.0,0.0,0.0,0.0,0.0,0.0,0.0,0.0,0.0,0.0,0.0,0.0,unvectored,none,2,2026-08-22T05:07:07+00:00
foldedclos_32_2_2_2_0p5_20nm_TT_0V9_25C_1333p33MHz,foldedclos,data_width=32;terminals_per_leaf=2;num_leaves=2;num_spines=2;oversubscription=0.5,20nm,TT,0.9,25.0,0.75,1333.3333333333333,32,2,2,2,0.5,V-2023.12-SP4,732,732,0,294.940798,294.940798,0.0,0.0,0.0,0.55,0.0,0.0,0,V-2023.12-SP4,654,654,0,268.33,268.33,0.0,409.2,0.6557,0.0,0.0,0.55,-0.0,-0.0,1,V-2023.12-SP3,V-2023.12-SP4,0.28459999999999996,0.3613,0.0002769,0.6462,0.6458999999999999,0.48442499999999994,0.0,0.0,0.0,0.0,0.0,0.0,0.0,0.0,0.28459999999999996,0.3613,0.0002769,0.6462,0.0,0.0,0.0,0.0,0.0,0.0,0.0,0.0,0.0,0.0,0.0,0.0,0.0,0.0,0.0,0.0,vectored,random,2,2026-08-22T05:07:13+00:00
foldedclos_32_2_2_2_0p5_20nm_TT_0V9_25C_1333p33MHz,foldedclos,data_width=32;terminals_per_leaf=2;num_leaves=2;num_spines=2;oversubscription=0.5,20nm,TT,0.9,25.0,0.75,1333.3333333333333,32,2,2,2,0.5,V-2023.12-SP4,732,732,0,294.940798,294.940798,0.0,0.0,0.0,0.55,0.0,0.0,0,V-2023.12-SP4,654,654,0,268.33,268.33,0.0,409.2,0.6557,0.0,0.0,0.55,-0.0,-0.0,1,V-2023.12-SP3,V-2023.12-SP4,0.13640000000000002,0.1855,0.00027959999999999997,0.32220000000000004,0.3219,0.241425,0.0,0.0,0.0,0.0,0.0,0.0,0.0,0.0,0.13640000000000002,0.1855,0.00027959999999999997,0.32220000000000004,0.0,0.0,0.0,0.0,0.0,0.0,0.0,0.0,0.0,0.0,0.0,0.0,0.0,0.0,0.0,0.0,vectored,fixed_route,2,2026-08-22T05:07:19+00:00
foldedclos_32_2_2_2_0p5_20nm_TT_0V9_25C_800MHz,foldedclos,data_width=32;terminals_per_leaf=2;num_leaves=2;num_spines=2;oversubscription=0.5,20nm,TT,0.9,25.0,1.25,800.0,32,2,2,2,0.5,V-2023.12-SP4,459,459,0,203.174399,203.174399,0.0,0.0,0.0,1.03,0.02,0.0,0,V-2023.12-SP4,464,464,0,205.92,205.92,0.0,286.0704,0.7198,0.0,0.0,1.05,-0.0,-0.0,2,V-2023.12-SP3,V-2023.12-SP4,0.09223,0.09447,0.0002087,0.18689999999999998,0.1867,0.233375,0.0,0.0,0.0,0.0,0.0,0.0,0.0,0.0,0.09223,0.09447,0.0002087,0.18689999999999998,0.0,0.0,0.0,0.0,0.0,0.0,0.0,0.0,0.0,0.0,0.0,0.0,0.0,0.0,0.0,0.0,unvectored,none,2,2026-08-22T05:09:18+00:00
foldedclos_32_2_2_2_0p5_20nm_TT_0V9_25C_800MHz,foldedclos,data_width=32;terminals_per_leaf=2;num_leaves=2;num_spines=2;oversubscription=0.5,20nm,TT,0.9,25.0,1.25,800.0,32,2,2,2,0.5,V-2023.12-SP4,459,459,0,203.174399,203.174399,0.0,0.0,0.0,1.03,0.02,0.0,0,V-2023.12-SP4,464,464,0,205.92,205.92,0.0,286.0704,0.7198,0.0,0.0,1.05,-0.0,-0.0,2,V-2023.12-SP3,V-2023.12-SP4,0.16369999999999998,0.152,0.0002087,0.31589999999999996,0.3157,0.394625,0.0,0.0,0.0,0.0,0.0,0.0,0.0,0.0,0.16369999999999998,0.152,0.0002087,0.31589999999999996,0.0,0.0,0.0,0.0,0.0,0.0,0.0,0.0,0.0,0.0,0.0,0.0,0.0,0.0,0.0,0.0,vectored,random,2,2026-08-22T05:09:24+00:00
foldedclos_32_2_2_2_0p5_20nm_TT_0V9_25C_800MHz,foldedclos,data_width=32;terminals_per_leaf=2;num_leaves=2;num_spines=2;oversubscription=0.5,20nm,TT,0.9,25.0,1.25,800.0,32,2,2,2,0.5,V-2023.12-SP4,459,459,0,203.174399,203.174399,0.0,0.0,0.0,1.03,0.02,0.0,0,V-2023.12-SP4,464,464,0,205.92,205.92,0.0,286.0704,0.7198,0.0,0.0,1.05,-0.0,-0.0,2,V-2023.12-SP3,V-2023.12-SP4,0.06376,0.043680000000000004,0.000209,0.1077,0.10744000000000001,0.1343,0.0,0.0,0.0,0.0,0.0,0.0,0.0,0.0,0.06376,0.043680000000000004,0.000209,0.1077,0.0,0.0,0.0,0.0,0.0,0.0,0.0,0.0,0.0,0.0,0.0,0.0,0.0,0.0,0.0,0.0,vectored,fixed_route,2,2026-08-22T05:09:29+00:00
foldedclos_64_2_2_2_0p5_20nm_TT_0V9_25C_1333p33MHz,foldedclos,data_width=64;terminals_per_leaf=2;num_leaves=2;num_spines=2;oversubscription=0.5,20nm,TT,0.9,25.0,0.75,1333.3333333333333,64,2,2,2,0.5,V-2023.12-SP4,1460,1460,0,566.015997,566.015997,0.0,0.0,0.0,0.55,0.0,0.0,0,V-2023.12-SP4,1496,1496,0,560.31,560.31,0.0,794.64,0.7051,0.0,0.0,0.57,-0.02,-0.04,6,V-2023.12-SP3,V-2023.12-SP4,0.3992,0.6153000000000001,0.0006356,1.0150000000000001,1.0145,0.760875,0.0,0.0,0.0,0.0,0.0,0.0,0.0,0.0,0.3992,0.6153000000000001,0.0006356,1.0150000000000001,0.0,0.0,0.0,0.0,0.0,0.0,0.0,0.0,0.0,0.0,0.0,0.0,0.0,0.0,0.0,0.0,unvectored,none,2,2026-08-22T05:12:11+00:00
foldedclos_64_2_2_2_0p5_20nm_TT_0V9_25C_1333p33MHz,foldedclos,data_width=64;terminals_per_leaf=2;num_leaves=2;num_spines=2;oversubscription=0.5,20nm,TT,0.9,25.0,0.75,1333.3333333333333,64,2,2,2,0.5,V-2023.12-SP4,1460,1460,0,566.015997,566.015997,0.0,0.0,0.0,0.55,0.0,0.0,0,V-2023.12-SP4,1496,1496,0,560.31,560.31,0.0,794.64,0.7051,0.0,0.0,0.57,-0.02,-0.04,6,V-2023.12-SP3,V-2023.12-SP4,0.6281,0.9146,0.0006345,1.5430000000000001,1.5427,1.157025,0.0,0.0,0.0,0.0,0.0,0.0,0.0,0.0,0.6281,0.9146,0.0006345,1.5430000000000001,0.0,0.0,0.0,0.0,0.0,0.0,0.0,0.0,0.0,0.0,0.0,0.0,0.0,0.0,0.0,0.0,vectored,random,2,2026-08-22T05:12:17+00:00
foldedclos_64_2_2_2_0p5_20nm_TT_0V9_25C_1333p33MHz,foldedclos,data_width=64;terminals_per_leaf=2;num_leaves=2;num_spines=2;oversubscription=0.5,20nm,TT,0.9,25.0,0.75,1333.3333333333333,64,2,2,2,0.5,V-2023.12-SP4,1460,1460,0,566.015997,566.015997,0.0,0.0,0.0,0.55,0.0,0.0,0,V-2023.12-SP4,1496,1496,0,560.31,560.31,0.0,794.64,0.7051,0.0,0.0,0.57,-0.02,-0.04,6,V-2023.12-SP3,V-2023.12-SP4,0.3028,0.5006999999999999,0.0006446000000000001,0.8042,0.8034999999999999,0.602625,0.0,0.0,0.0,0.0,0.0,0.0,0.0,0.0,0.3028,0.5006999999999999,0.0006446000000000001,0.8042,0.0,0.0,0.0,0.0,0.0,0.0,0.0,0.0,0.0,0.0,0.0,0.0,0.0,0.0,0.0,0.0,vectored,fixed_route,2,2026-08-22T05:12:23+00:00
foldedclos_64_2_2_2_0p5_20nm_TT_0V9_25C_800MHz,foldedclos,data_width=64;terminals_per_leaf=2;num_leaves=2;num_spines=2;oversubscription=0.5,20nm,TT,0.9,25.0,1.25,800.0,64,2,2,2,0.5,V-2023.12-SP4,858,858,0,389.769598,389.769598,0.0,0.0,0.0,1.05,0.0,0.0,0,V-2023.12-SP4,892,892,0,412.47,412.47,0.0,545.1072,0.7567,0.0,0.0,1.08,-0.03,-0.05,5,V-2023.12-SP3,V-2023.12-SP4,0.1607,0.2066,0.0004432,0.3678,0.3673,0.459125,0.0,0.0,0.0,0.0,0.0,0.0,0.0,0.0,0.1607,0.2066,0.0004432,0.3678,0.0,0.0,0.0,0.0,0.0,0.0,0.0,0.0,0.0,0.0,0.0,0.0,0.0,0.0,0.0,0.0,unvectored,none,2,2026-08-22T05:14:54+00:00
foldedclos_64_2_2_2_0p5_20nm_TT_0V9_25C_800MHz,foldedclos,data_width=64;terminals_per_leaf=2;num_leaves=2;num_spines=2;oversubscription=0.5,20nm,TT,0.9,25.0,1.25,800.0,64,2,2,2,0.5,V-2023.12-SP4,858,858,0,389.769598,389.769598,0.0,0.0,0.0,1.05,0.0,0.0,0,V-2023.12-SP4,892,892,0,412.47,412.47,0.0,545.1072,0.7567,0.0,0.0,1.08,-0.03,-0.05,5,V-2023.12-SP3,V-2023.12-SP4,0.3014,0.368,0.00044280000000000003,0.6698000000000001,0.6694,0.83675,0.0,0.0,0.0,0.0,0.0,0.0,0.0,0.0,0.3014,0.368,0.00044280000000000003,0.6698000000000001,0.0,0.0,0.0,0.0,0.0,0.0,0.0,0.0,0.0,0.0,0.0,0.0,0.0,0.0,0.0,0.0,vectored,random,2,2026-08-22T05:15:00+00:00
foldedclos_64_2_2_2_0p5_20nm_TT_0V9_25C_800MHz,foldedclos,data_width=64;terminals_per_leaf=2;num_leaves=2;num_spines=2;oversubscription=0.5,20nm,TT,0.9,25.0,1.25,800.0,64,2,2,2,0.5,V-2023.12-SP4,858,858,0,389.769598,389.769598,0.0,0.0,0.0,1.05,0.0,0.0,0,V-2023.12-SP4,892,892,0,412.47,412.47,0.0,545.1072,0.7567,0.0,0.0,1.08,-0.03,-0.05,5,V-2023.12-SP3,V-2023.12-SP4,0.12210000000000001,0.1099,0.0004455,0.23240000000000002,0.232,0.29000000000000004,0.0,0.0,0.0,0.0,0.0,0.0,0.0,0.0,0.12210000000000001,0.1099,0.0004455,0.23240000000000002,0.0,0.0,0.0,0.0,0.0,0.0,0.0,0.0,0.0,0.0,0.0,0.0,0.0,0.0,0.0,0.0,vectored,fixed_route,2,2026-08-22T05:15:06+00:00
foldedclos_128_2_2_2_1p0_20nm_TT_0V9_25C_1333p33MHz,foldedclos,data_width=128;terminals_per_leaf=2;num_leaves=2;num_spines=2;oversubscription=1.0,20nm,TT,0.9,25.0,0.75,1333.3333333333333,128,2,2,2,1.0,V-2023.12-SP4,2979,2979,0,1100.140795,1100.140795,0.0,0.0,0.0,0.55,0.0,0.0,0,V-2023.12-SP4,2980,2980,0,1155.69,1155.69,0.0,1552.32,0.7445,0.0,0.0,0.61,-0.06,-0.35,20,V-2023.12-SP3,V-2023.12-SP4,0.8388,1.368,0.001382,2.2079999999999997,2.2068000000000003,1.6551000000000002,0.0,0.0,0.0,0.0,0.0,0.0,0.0,0.0,0.8388,1.368,0.001382,2.2079999999999997,0.0,0.0,0.0,0.0,0.0,0.0,0.0,0.0,0.0,0.0,0.0,0.0,0.0,0.0,0.0,0.0,unvectored,none,2,2026-08-22T05:20:35+00:00
foldedclos_128_2_2_2_1p0_20nm_TT_0V9_25C_1333p33MHz,foldedclos,data_width=128;terminals_per_leaf=2;num_leaves=2;num_spines=2;oversubscription=1.0,20nm,TT,0.9,25.0,0.75,1333.3333333333333,128,2,2,2,1.0,V-2023.12-SP4,2979,2979,0,1100.140795,1100.140795,0.0,0.0,0.0,0.55,0.0,0.0,0,V-2023.12-SP4,2980,2980,0,1155.69,1155.69,0.0,1552.32,0.7445,0.0,0.0,0.61,-0.06,-0.35,20,V-2023.12-SP3,V-2023.12-SP4,1.324,2.033,0.001376,3.3579999999999997,3.357,2.5177500000000004,0.0,0.0,0.0,0.0,0.0,0.0,0.0,0.0,1.324,2.033,0.001376,3.3579999999999997,0.0,0.0,0.0,0.0,0.0,0.0,0.0,0.0,0.0,0.0,0.0,0.0,0.0,0.0,0.0,0.0,vectored,random,2,2026-08-22T05:20:41+00:00
foldedclos_128_2_2_2_1p0_20nm_TT_0V9_25C_1333p33MHz,foldedclos,data_width=128;terminals_per_leaf=2;num_leaves=2;num_spines=2;oversubscription=1.0,20nm,TT,0.9,25.0,0.75,1333.3333333333333,128,2,2,2,1.0,V-2023.12-SP4,2979,2979,0,1100.140795,1100.140795,0.0,0.0,0.0,0.55,0.0,0.0,0,V-2023.12-SP4,2980,2980,0,1155.69,1155.69,0.0,1552.32,0.7445,0.0,0.0,0.61,-0.06,-0.35,20,V-2023.12-SP3,V-2023.12-SP4,0.7219,1.174,0.00139,1.897,1.8959,1.4219249999999999,0.0,0.0,0.0,0.0,0.0,0.0,0.0,0.0,0.7219,1.174,0.00139,1.897,0.0,0.0,0.0,0.0,0.0,0.0,0.0,0.0,0.0,0.0,0.0,0.0,0.0,0.0,0.0,0.0,vectored,fixed_route,2,2026-08-22T05:20:48+00:00
foldedclos_128_2_2_2_1p0_20nm_TT_0V9_25C_800MHz,foldedclos,data_width=128;terminals_per_leaf=2;num_leaves=2;num_spines=2;oversubscription=1.0,20nm,TT,0.9,25.0,1.25,800.0,128,2,2,2,1.0,V-2023.12-SP4,2927,2927,0,1148.399994,1148.399994,0.0,0.0,0.0,1.03,0.02,0.0,0,V-2023.12-SP4,2591,2591,0,1013.65,1013.65,0.0,1615.68,0.6274,0.0,0.0,1.11,-0.06,-0.36,15,V-2023.12-SP3,V-2023.12-SP4,0.414,0.6964,0.0010780000000000002,1.1119999999999999,1.1104,1.3880000000000001,0.0,0.0,0.0,0.0,0.0,0.0,0.0,0.0,0.414,0.6964,0.0010780000000000002,1.1119999999999999,0.0,0.0,0.0,0.0,0.0,0.0,0.0,0.0,0.0,0.0,0.0,0.0,0.0,0.0,0.0,0.0,unvectored,none,2,2026-08-22T05:24:36+00:00
foldedclos_128_2_2_2_1p0_20nm_TT_0V9_25C_800MHz,foldedclos,data_width=128;terminals_per_leaf=2;num_leaves=2;num_spines=2;oversubscription=1.0,20nm,TT,0.9,25.0,1.25,800.0,128,2,2,2,1.0,V-2023.12-SP4,2927,2927,0,1148.399994,1148.399994,0.0,0.0,0.0,1.03,0.02,0.0,0,V-2023.12-SP4,2591,2591,0,1013.65,1013.65,0.0,1615.68,0.6274,0.0,0.0,1.11,-0.06,-0.36,15,V-2023.12-SP3,V-2023.12-SP4,0.7232999999999999,1.157,0.001075,1.881,1.8803,2.350375,0.0,0.0,0.0,0.0,0.0,0.0,0.0,0.0,0.7232999999999999,1.157,0.001075,1.881,0.0,0.0,0.0,0.0,0.0,0.0,0.0,0.0,0.0,0.0,0.0,0.0,0.0,0.0,0.0,0.0,vectored,random,2,2026-08-22T05:24:43+00:00
foldedclos_128_2_2_2_1p0_20nm_TT_0V9_25C_800MHz,foldedclos,data_width=128;terminals_per_leaf=2;num_leaves=2;num_spines=2;oversubscription=1.0,20nm,TT,0.9,25.0,1.25,800.0,128,2,2,2,1.0,V-2023.12-SP4,2927,2927,0,1148.399994,1148.399994,0.0,0.0,0.0,1.03,0.02,0.0,0,V-2023.12-SP4,2591,2591,0,1013.65,1013.65,0.0,1615.68,0.6274,0.0,0.0,1.11,-0.06,-0.36,15,V-2023.12-SP3,V-2023.12-SP4,0.3519,0.5628,0.0010869999999999999,0.9158000000000001,0.9147,1.143375,0.0,0.0,0.0,0.0,0.0,0.0,0.0,0.0,0.3519,0.5628,0.0010869999999999999,0.9158000000000001,0.0,0.0,0.0,0.0,0.0,0.0,0.0,0.0,0.0,0.0,0.0,0.0,0.0,0.0,0.0,0.0,vectored,fixed_route,2,2026-08-22T05:24:49+00:00
foldedclos_128_2_2_2_0p5_20nm_TT_0V9_25C_1333p33MHz,foldedclos,data_width=128;terminals_per_leaf=2;num_leaves=2;num_spines=2;oversubscription=0.5,20nm,TT,0.9,25.0,0.75,1333.3333333333333,128,2,2,2,0.5,V-2023.12-SP4,2979,2979,0,1100.140795,1100.140795,0.0,0.0,0.0,0.55,0.0,0.0,0,V-2023.12-SP4,2980,2980,0,1155.69,1155.69,0.0,1552.32,0.7445,0.0,0.0,0.62,-0.07,-0.35,22,V-2023.12-SP3,V-2023.12-SP4,0.8388,1.369,0.001382,2.209,2.2077999999999998,1.6558499999999998,0.0,0.0,0.0,0.0,0.0,0.0,0.0,0.0,0.8388,1.369,0.001382,2.209,0.0,0.0,0.0,0.0,0.0,0.0,0.0,0.0,0.0,0.0,0.0,0.0,0.0,0.0,0.0,0.0,unvectored,none,2,2026-08-22T05:30:17+00:00
foldedclos_128_2_2_2_0p5_20nm_TT_0V9_25C_1333p33MHz,foldedclos,data_width=128;terminals_per_leaf=2;num_leaves=2;num_spines=2;oversubscription=0.5,20nm,TT,0.9,25.0,0.75,1333.3333333333333,128,2,2,2,0.5,V-2023.12-SP4,2979,2979,0,1100.140795,1100.140795,0.0,0.0,0.0,0.55,0.0,0.0,0,V-2023.12-SP4,2980,2980,0,1155.69,1155.69,0.0,1552.32,0.7445,0.0,0.0,0.62,-0.07,-0.35,22,V-2023.12-SP3,V-2023.12-SP4,1.324,2.0349999999999997,0.001376,3.3600000000000003,3.359,2.51925,0.0,0.0,0.0,0.0,0.0,0.0,0.0,0.0,1.324,2.0349999999999997,0.001376,3.3600000000000003,0.0,0.0,0.0,0.0,0.0,0.0,0.0,0.0,0.0,0.0,0.0,0.0,0.0,0.0,0.0,0.0,vectored,random,2,2026-08-22T05:30:24+00:00
foldedclos_128_2_2_2_0p5_20nm_TT_0V9_25C_1333p33MHz,foldedclos,data_width=128;terminals_per_leaf=2;num_leaves=2;num_spines=2;oversubscription=0.5,20nm,TT,0.9,25.0,0.75,1333.3333333333333,128,2,2,2,0.5,V-2023.12-SP4,2979,2979,0,1100.140795,1100.140795,0.0,0.0,0.0,0.55,0.0,0.0,0,V-2023.12-SP4,2980,2980,0,1155.69,1155.69,0.0,1552.32,0.7445,0.0,0.0,0.62,-0.07,-0.35,22,V-2023.12-SP3,V-2023.12-SP4,0.722,1.175,0.00139,1.898,1.897,1.42275,0.0,0.0,0.0,0.0,0.0,0.0,0.0,0.0,0.722,1.175,0.00139,1.898,0.0,0.0,0.0,0.0,0.0,0.0,0.0,0.0,0.0,0.0,0.0,0.0,0.0,0.0,0.0,0.0,vectored,fixed_route,2,2026-08-22T05:30:30+00:00
foldedclos_128_2_2_2_0p5_20nm_TT_0V9_25C_800MHz,foldedclos,data_width=128;terminals_per_leaf=2;num_leaves=2;num_spines=2;oversubscription=0.5,20nm,TT,0.9,25.0,1.25,800.0,128,2,2,2,0.5,V-2023.12-SP4,2927,2927,0,1148.399994,1148.399994,0.0,0.0,0.0,1.03,0.02,0.0,0,V-2023.12-SP4,2591,2591,0,1013.65,1013.65,0.0,1615.68,0.6274,0.0,0.0,1.12,-0.07,-0.48,23,V-2023.12-SP3,V-2023.12-SP4,0.414,0.6954,0.0010780000000000002,1.11,1.1094,1.38675,0.0,0.0,0.0,0.0,0.0,0.0,0.0,0.0,0.414,0.6954,0.0010780000000000002,1.11,0.0,0.0,0.0,0.0,0.0,0.0,0.0,0.0,0.0,0.0,0.0,0.0,0.0,0.0,0.0,0.0,unvectored,none,2,2026-08-22T05:34:14+00:00
foldedclos_128_2_2_2_0p5_20nm_TT_0V9_25C_800MHz,foldedclos,data_width=128;terminals_per_leaf=2;num_leaves=2;num_spines=2;oversubscription=0.5,20nm,TT,0.9,25.0,1.25,800.0,128,2,2,2,0.5,V-2023.12-SP4,2927,2927,0,1148.399994,1148.399994,0.0,0.0,0.0,1.03,0.02,0.0,0,V-2023.12-SP4,2591,2591,0,1013.65,1013.65,0.0,1615.68,0.6274,0.0,0.0,1.12,-0.07,-0.48,23,V-2023.12-SP3,V-2023.12-SP4,0.7229,1.1540000000000001,0.001075,1.878,1.8769,2.346125,0.0,0.0,0.0,0.0,0.0,0.0,0.0,0.0,0.7229,1.1540000000000001,0.001075,1.878,0.0,0.0,0.0,0.0,0.0,0.0,0.0,0.0,0.0,0.0,0.0,0.0,0.0,0.0,0.0,0.0,vectored,random,2,2026-08-22T05:34:20+00:00
foldedclos_128_2_2_2_0p5_20nm_TT_0V9_25C_800MHz,foldedclos,data_width=128;terminals_per_leaf=2;num_leaves=2;num_spines=2;oversubscription=0.5,20nm,TT,0.9,25.0,1.25,800.0,128,2,2,2,0.5,V-2023.12-SP4,2927,2927,0,1148.399994,1148.399994,0.0,0.0,0.0,1.03,0.02,0.0,0,V-2023.12-SP4,2591,2591,0,1013.65,1013.65,0.0,1615.68,0.6274,0.0,0.0,1.12,-0.07,-0.48,23,V-2023.12-SP3,V-2023.12-SP4,0.3519,0.5619000000000001,0.0010869999999999999,0.9148999999999999,0.9138000000000001,1.14225,0.0,0.0,0.0,0.0,0.0,0.0,0.0,0.0,0.3519,0.5619000000000001,0.0010869999999999999,0.9148999999999999,0.0,0.0,0.0,0.0,0.0,0.0,0.0,0.0,0.0,0.0,0.0,0.0,0.0,0.0,0.0,0.0,vectored,fixed_route,2,2026-08-22T05:34:26+00:00
foldedclos_32_2_4_2_1p0_20nm_TT_0V9_25C_1000MHz,foldedclos,data_width=32;terminals_per_leaf=2;num_leaves=4;num_spines=2;oversubscription=1.0,20nm,TT,0.9,25.0,1.0,1000.0,32,2,4,2,1.0,V-2023.12-SP4,2946,2946,0,1164.767994,1164.767994,0.0,0.0,0.0,0.8,0.0,0.0,0,V-2023.12-SP4,2683,2683,0,1132.67,1132.67,0.0,1631.52,0.6942,0.0,0.0,0.85,-0.05,-0.22,9,V-2023.12-SP3,V-2023.12-SP4,0.4331,0.6690999999999999,0.00128,1.1039999999999999,1.1021999999999998,1.1021999999999998,0.0,0.0,0.0,0.0,0.0,0.0,0.0,0.0,0.4331,0.6690999999999999,0.00128,1.1039999999999999,0.0,0.0,0.0,0.0,0.0,0.0,0.0,0.0,0.0,0.0,0.0,0.0,0.0,0.0,0.0,0.0,unvectored,none,2,2026-08-22T05:37:33+00:00
foldedclos_32_2_4_2_1p0_20nm_TT_0V9_25C_1000MHz,foldedclos,data_width=32;terminals_per_leaf=2;num_leaves=4;num_spines=2;oversubscription=1.0,20nm,TT,0.9,25.0,1.0,1000.0,32,2,4,2,1.0,V-2023.12-SP4,2946,2946,0,1164.767994,1164.767994,0.0,0.0,0.0,0.8,0.0,0.0,0,V-2023.12-SP4,2683,2683,0,1132.67,1132.67,0.0,1631.52,0.6942,0.0,0.0,0.85,-0.05,-0.22,9,V-2023.12-SP3,V-2023.12-SP4,0.6801,0.9974000000000001,0.001268,1.6789999999999998,1.6775000000000002,1.6775000000000002,0.0,0.0,0.0,0.0,0.0,0.0,0.0,0.0,0.6801,0.9974000000000001,0.001268,1.6789999999999998,0.0,0.0,0.0,0.0,0.0,0.0,0.0,0.0,0.0,0.0,0.0,0.0,0.0,0.0,0.0,0.0,vectored,random,2,2026-08-22T05:37:39+00:00
foldedclos_32_2_4_2_1p0_20nm_TT_0V9_25C_1000MHz,foldedclos,data_width=32;terminals_per_leaf=2;num_leaves=4;num_spines=2;oversubscription=1.0,20nm,TT,0.9,25.0,1.0,1000.0,32,2,4,2,1.0,V-2023.12-SP4,2946,2946,0,1164.767994,1164.767994,0.0,0.0,0.0,0.8,0.0,0.0,0,V-2023.12-SP4,2683,2683,0,1132.67,1132.67,0.0,1631.52,0.6942,0.0,0.0,0.85,-0.05,-0.22,9,V-2023.12-SP3,V-2023.12-SP4,0.3214,0.48460000000000003,0.001244,0.8072,0.806,0.806,0.0,0.0,0.0,0.0,0.0,0.0,0.0,0.0,0.3214,0.48460000000000003,0.001244,0.8072,0.0,0.0,0.0,0.0,0.0,0.0,0.0,0.0,0.0,0.0,0.0,0.0,0.0,0.0,0.0,0.0,vectored,fixed_route,2,2026-08-22T05:37:45+00:00
foldedclos_32_2_4_2_1p0_20nm_TT_0V9_25C_666p667MHz,foldedclos,data_width=32;terminals_per_leaf=2;num_leaves=4;num_spines=2;oversubscription=1.0,20nm,TT,0.9,25.0,1.5,666.6666666666666,32,2,4,2,1.0,V-2023.12-SP4,3360,3360,0,1272.268793,1272.268793,0.0,0.0,0.0,1.3,0.0,0.0,0,V-2023.12-SP4,2914,2914,0,1155.48,1155.48,0.0,1802.1696,0.6412,0.0,0.0,1.3,0.0,0.0,0,V-2023.12-SP3,V-2023.12-SP4,0.30679999999999996,0.46059999999999995,0.001277,0.7686999999999999,0.7673999999999999,1.1510999999999998,0.0,0.0,0.0,0.0,0.0,0.0,0.0,0.0,0.30679999999999996,0.46059999999999995,0.001277,0.7686999999999999,0.0,0.0,0.0,0.0,0.0,0.0,0.0,0.0,0.0,0.0,0.0,0.0,0.0,0.0,0.0,0.0,unvectored,none,2,2026-08-22T05:40:44+00:00
foldedclos_32_2_4_2_1p0_20nm_TT_0V9_25C_666p667MHz,foldedclos,data_width=32;terminals_per_leaf=2;num_leaves=4;num_spines=2;oversubscription=1.0,20nm,TT,0.9,25.0,1.5,666.6666666666666,32,2,4,2,1.0,V-2023.12-SP4,3360,3360,0,1272.268793,1272.268793,0.0,0.0,0.0,1.3,0.0,0.0,0,V-2023.12-SP4,2914,2914,0,1155.48,1155.48,0.0,1802.1696,0.6412,0.0,0.0,1.3,0.0,0.0,0,V-2023.12-SP3,V-2023.12-SP4,0.5194000000000001,0.7303999999999999,0.001259,1.251,1.2498,1.8747,0.0,0.0,0.0,0.0,0.0,0.0,0.0,0.0,0.5194000000000001,0.7303999999999999,0.001259,1.251,0.0,0.0,0.0,0.0,0.0,0.0,0.0,0.0,0.0,0.0,0.0,0.0,0.0,0.0,0.0,0.0,vectored,random,2,2026-08-22T05:40:49+00:00
foldedclos_32_2_4_2_1p0_20nm_TT_0V9_25C_666p667MHz,foldedclos,data_width=32;terminals_per_leaf=2;num_leaves=4;num_spines=2;oversubscription=1.0,20nm,TT,0.9,25.0,1.5,666.6666666666666,32,2,4,2,1.0,V-2023.12-SP4,3360,3360,0,1272.268793,1272.268793,0.0,0.0,0.0,1.3,0.0,0.0,0,V-2023.12-SP4,2914,2914,0,1155.48,1155.48,0.0,1802.1696,0.6412,0.0,0.0,1.3,0.0,0.0,0,V-2023.12-SP3,V-2023.12-SP4,0.2221,0.3256,0.001232,0.5488999999999999,0.5477,0.82155,0.0,0.0,0.0,0.0,0.0,0.0,0.0,0.0,0.2221,0.3256,0.001232,0.5488999999999999,0.0,0.0,0.0,0.0,0.0,0.0,0.0,0.0,0.0,0.0,0.0,0.0,0.0,0.0,0.0,0.0,vectored,fixed_route,2,2026-08-22T05:40:55+00:00
foldedclos_32_2_4_2_0p5_20nm_TT_0V9_25C_1000MHz,foldedclos,data_width=32;terminals_per_leaf=2;num_leaves=4;num_spines=2;oversubscription=0.5,20nm,TT,0.9,25.0,1.0,1000.0,32,2,4,2,0.5,V-2023.12-SP4,2946,2946,0,1164.767994,1164.767994,0.0,0.0,0.0,0.8,0.0,0.0,0,V-2023.12-SP4,2683,2683,0,1132.67,1132.67,0.0,1631.52,0.6942,0.0,0.0,0.85,-0.05,-0.22,9,V-2023.12-SP3,V-2023.12-SP4,0.4331,0.6687000000000001,0.00128,1.103,1.1018000000000001,1.1018000000000001,0.0,0.0,0.0,0.0,0.0,0.0,0.0,0.0,0.4331,0.6687000000000001,0.00128,1.103,0.0,0.0,0.0,0.0,0.0,0.0,0.0,0.0,0.0,0.0,0.0,0.0,0.0,0.0,0.0,0.0,unvectored,none,2,2026-08-22T05:44:02+00:00
foldedclos_32_2_4_2_0p5_20nm_TT_0V9_25C_1000MHz,foldedclos,data_width=32;terminals_per_leaf=2;num_leaves=4;num_spines=2;oversubscription=0.5,20nm,TT,0.9,25.0,1.0,1000.0,32,2,4,2,0.5,V-2023.12-SP4,2946,2946,0,1164.767994,1164.767994,0.0,0.0,0.0,0.8,0.0,0.0,0,V-2023.12-SP4,2683,2683,0,1132.67,1132.67,0.0,1631.52,0.6942,0.0,0.0,0.85,-0.05,-0.22,9,V-2023.12-SP3,V-2023.12-SP4,0.6799,0.9962000000000001,0.001268,1.677,1.6761,1.6761,0.0,0.0,0.0,0.0,0.0,0.0,0.0,0.0,0.6799,0.9962000000000001,0.001268,1.677,0.0,0.0,0.0,0.0,0.0,0.0,0.0,0.0,0.0,0.0,0.0,0.0,0.0,0.0,0.0,0.0,vectored,random,2,2026-08-22T05:44:08+00:00
foldedclos_32_2_4_2_0p5_20nm_TT_0V9_25C_1000MHz,foldedclos,data_width=32;terminals_per_leaf=2;num_leaves=4;num_spines=2;oversubscription=0.5,20nm,TT,0.9,25.0,1.0,1000.0,32,2,4,2,0.5,V-2023.12-SP4,2946,2946,0,1164.767994,1164.767994,0.0,0.0,0.0,0.8,0.0,0.0,0,V-2023.12-SP4,2683,2683,0,1132.67,1132.67,0.0,1631.52,0.6942,0.0,0.0,0.85,-0.05,-0.22,9,V-2023.12-SP3,V-2023.12-SP4,0.3214,0.4844,0.001244,0.8069999999999999,0.8058000000000001,0.8058000000000001,0.0,0.0,0.0,0.0,0.0,0.0,0.0,0.0,0.3214,0.4844,0.001244,0.8069999999999999,0.0,0.0,0.0,0.0,0.0,0.0,0.0,0.0,0.0,0.0,0.0,0.0,0.0,0.0,0.0,0.0,vectored,fixed_route,2,2026-08-22T05:44:14+00:00
foldedclos_32_2_4_2_0p5_20nm_TT_0V9_25C_666p667MHz,foldedclos,data_width=32;terminals_per_leaf=2;num_leaves=4;num_spines=2;oversubscription=0.5,20nm,TT,0.9,25.0,1.5,666.6666666666666,32,2,4,2,0.5,V-2023.12-SP4,3360,3360,0,1272.268793,1272.268793,0.0,0.0,0.0,1.3,0.0,0.0,0,V-2023.12-SP4,2914,2914,0,1155.48,1155.48,0.0,1802.1696,0.6412,0.0,0.0,1.3,0.0,0.0,0,V-2023.12-SP3,V-2023.12-SP4,0.30679999999999996,0.4609,0.001277,0.769,0.7676999999999999,1.1515499999999999,0.0,0.0,0.0,0.0,0.0,0.0,0.0,0.0,0.30679999999999996,0.4609,0.001277,0.769,0.0,0.0,0.0,0.0,0.0,0.0,0.0,0.0,0.0,0.0,0.0,0.0,0.0,0.0,0.0,0.0,unvectored,none,2,2026-08-22T05:47:12+00:00
foldedclos_32_2_4_2_0p5_20nm_TT_0V9_25C_666p667MHz,foldedclos,data_width=32;terminals_per_leaf=2;num_leaves=4;num_spines=2;oversubscription=0.5,20nm,TT,0.9,25.0,1.5,666.6666666666666,32,2,4,2,0.5,V-2023.12-SP4,3360,3360,0,1272.268793,1272.268793,0.0,0.0,0.0,1.3,0.0,0.0,0,V-2023.12-SP4,2914,2914,0,1155.48,1155.48,0.0,1802.1696,0.6412,0.0,0.0,1.3,0.0,0.0,0,V-2023.12-SP3,V-2023.12-SP4,0.5193,0.7308,0.001259,1.251,1.2501,1.87515,0.0,0.0,0.0,0.0,0.0,0.0,0.0,0.0,0.5193,0.7308,0.001259,1.251,0.0,0.0,0.0,0.0,0.0,0.0,0.0,0.0,0.0,0.0,0.0,0.0,0.0,0.0,0.0,0.0,vectored,random,2,2026-08-22T05:47:18+00:00
foldedclos_32_2_4_2_0p5_20nm_TT_0V9_25C_666p667MHz,foldedclos,data_width=32;terminals_per_leaf=2;num_leaves=4;num_spines=2;oversubscription=0.5,20nm,TT,0.9,25.0,1.5,666.6666666666666,32,2,4,2,0.5,V-2023.12-SP4,3360,3360,0,1272.268793,1272.268793,0.0,0.0,0.0,1.3,0.0,0.0,0,V-2023.12-SP4,2914,2914,0,1155.48,1155.48,0.0,1802.1696,0.6412,0.0,0.0,1.3,0.0,0.0,0,V-2023.12-SP3,V-2023.12-SP4,0.2221,0.3258,0.001232,0.5492,0.5478999999999999,0.82185,0.0,0.0,0.0,0.0,0.0,0.0,0.0,0.0,0.2221,0.3258,0.001232,0.5492,0.0,0.0,0.0,0.0,0.0,0.0,0.0,0.0,0.0,0.0,0.0,0.0,0.0,0.0,0.0,0.0,vectored,fixed_route,2,2026-08-22T05:47:24+00:00
foldedclos_64_2_4_2_1p0_20nm_TT_0V9_25C_1000MHz,foldedclos,data_width=64;terminals_per_leaf=2;num_leaves=4;num_spines=2;oversubscription=1.0,20nm,TT,0.9,25.0,1.0,1000.0,64,2,4,2,1.0,V-2023.12-SP4,5915,5915,0,2293.315188,2293.315188,0.0,0.0,0.0,0.8,0.0,0.0,0,V-2023.12-SP4,5752,5752,0,2404.62,2404.62,0.0,3246.4608,0.7407,0.0,0.0,1.0,-0.2,-1.03,56,V-2023.12-SP3,V-2023.12-SP4,0.9138,1.492,0.002831,2.408,2.4058,2.4058,0.0,0.0,0.0,0.0,0.0,0.0,0.0,0.0,0.9138,1.492,0.002831,2.408,0.0,0.0,0.0,0.0,0.0,0.0,0.0,0.0,0.0,0.0,0.0,0.0,0.0,0.0,0.0,0.0,unvectored,none,2,2026-08-22T05:59:16+00:00
foldedclos_64_2_4_2_1p0_20nm_TT_0V9_25C_1000MHz,foldedclos,data_width=64;terminals_per_leaf=2;num_leaves=4;num_spines=2;oversubscription=1.0,20nm,TT,0.9,25.0,1.0,1000.0,64,2,4,2,1.0,V-2023.12-SP4,5915,5915,0,2293.315188,2293.315188,0.0,0.0,0.0,0.8,0.0,0.0,0,V-2023.12-SP4,5752,5752,0,2404.62,2404.62,0.0,3246.4608,0.7407,0.0,0.0,1.0,-0.2,-1.03,56,V-2023.12-SP3,V-2023.12-SP4,1.461,2.267,0.002803,3.731,3.7279999999999998,3.7279999999999998,0.0,0.0,0.0,0.0,0.0,0.0,0.0,0.0,1.461,2.267,0.002803,3.731,0.0,0.0,0.0,0.0,0.0,0.0,0.0,0.0,0.0,0.0,0.0,0.0,0.0,0.0,0.0,0.0,vectored,random,2,2026-08-22T05:59:23+00:00
foldedclos_64_2_4_2_1p0_20nm_TT_0V9_25C_1000MHz,foldedclos,data_width=64;terminals_per_leaf=2;num_leaves=4;num_spines=2;oversubscription=1.0,20nm,TT,0.9,25.0,1.0,1000.0,64,2,4,2,1.0,V-2023.12-SP4,5915,5915,0,2293.315188,2293.315188,0.0,0.0,0.0,0.8,0.0,0.0,0,V-2023.12-SP4,5752,5752,0,2404.62,2404.62,0.0,3246.4608,0.7407,0.0,0.0,1.0,-0.2,-1.03,56,V-2023.12-SP3,V-2023.12-SP4,0.6784,1.141,0.0027530000000000002,1.822,1.8194,1.8194,0.0,0.0,0.0,0.0,0.0,0.0,0.0,0.0,0.6784,1.141,0.0027530000000000002,1.822,0.0,0.0,0.0,0.0,0.0,0.0,0.0,0.0,0.0,0.0,0.0,0.0,0.0,0.0,0.0,0.0,vectored,fixed_route,2,2026-08-22T05:59:29+00:00
foldedclos_64_2_4_2_1p0_20nm_TT_0V9_25C_666p667MHz,foldedclos,data_width=64;terminals_per_leaf=2;num_leaves=4;num_spines=2;oversubscription=1.0,20nm,TT,0.9,25.0,1.5,666.6666666666666,64,2,4,2,1.0,V-2023.12-SP4,4057,4057,0,1758.23999,1758.23999,0.0,0.0,0.0,1.3,0.0,0.0,0,V-2023.12-SP4,3902,3902,0,1812.84,1812.84,0.0,2481.3888,0.7306,0.0,0.0,1.4,-0.1,-0.22,6,V-2023.12-SP3,V-2023.12-SP4,0.4838,0.8997,0.001983,1.3860000000000001,1.3835000000000002,2.0752500000000005,0.0,0.0,0.0,0.0,0.0,0.0,0.0,0.0,0.4838,0.8997,0.001983,1.3860000000000001,0.0,0.0,0.0,0.0,0.0,0.0,0.0,0.0,0.0,0.0,0.0,0.0,0.0,0.0,0.0,0.0,unvectored,none,2,2026-08-22T06:09:29+00:00
foldedclos_64_2_4_2_1p0_20nm_TT_0V9_25C_666p667MHz,foldedclos,data_width=64;terminals_per_leaf=2;num_leaves=4;num_spines=2;oversubscription=1.0,20nm,TT,0.9,25.0,1.5,666.6666666666666,64,2,4,2,1.0,V-2023.12-SP4,4057,4057,0,1758.23999,1758.23999,0.0,0.0,0.0,1.3,0.0,0.0,0,V-2023.12-SP4,3902,3902,0,1812.84,1812.84,0.0,2481.3888,0.7306,0.0,0.0,1.4,-0.1,-0.22,6,V-2023.12-SP3,V-2023.12-SP4,0.768,1.327,0.001972,2.097,2.0949999999999998,3.1424999999999996,0.0,0.0,0.0,0.0,0.0,0.0,0.0,0.0,0.768,1.327,0.001972,2.097,0.0,0.0,0.0,0.0,0.0,0.0,0.0,0.0,0.0,0.0,0.0,0.0,0.0,0.0,0.0,0.0,vectored,random,2,2026-08-22T06:09:36+00:00
foldedclos_64_2_4_2_1p0_20nm_TT_0V9_25C_666p667MHz,foldedclos,data_width=64;terminals_per_leaf=2;num_leaves=4;num_spines=2;oversubscription=1.0,20nm,TT,0.9,25.0,1.5,666.6666666666666,64,2,4,2,1.0,V-2023.12-SP4,4057,4057,0,1758.23999,1758.23999,0.0,0.0,0.0,1.3,0.0,0.0,0,V-2023.12-SP4,3902,3902,0,1812.84,1812.84,0.0,2481.3888,0.7306,0.0,0.0,1.4,-0.1,-0.22,6,V-2023.12-SP3,V-2023.12-SP4,0.43429999999999996,0.7334,0.001951,1.17,1.1677,1.75155,0.0,0.0,0.0,0.0,0.0,0.0,0.0,0.0,0.43429999999999996,0.7334,0.001951,1.17,0.0,0.0,0.0,0.0,0.0,0.0,0.0,0.0,0.0,0.0,0.0,0.0,0.0,0.0,0.0,0.0,vectored,fixed_route,2,2026-08-22T06:09:42+00:00
foldedclos_64_2_4_2_0p5_20nm_TT_0V9_25C_1000MHz,foldedclos,data_width=64;terminals_per_leaf=2;num_leaves=4;num_spines=2;oversubscription=0.5,20nm,TT,0.9,25.0,1.0,1000.0,64,2,4,2,0.5,V-2023.12-SP4,5915,5915,0,2293.315188,2293.315188,0.0,0.0,0.0,0.8,0.0,0.0,0,V-2023.12-SP4,5752,5752,0,2404.62,2404.62,0.0,3246.4608,0.7407,0.0,0.0,0.99,-0.19,-1.02,54,V-2023.12-SP3,V-2023.12-SP4,0.914,1.494,0.002831,2.411,2.408,2.408,0.0,0.0,0.0,0.0,0.0,0.0,0.0,0.0,0.914,1.494,0.002831,2.411,0.0,0.0,0.0,0.0,0.0,0.0,0.0,0.0,0.0,0.0,0.0,0.0,0.0,0.0,0.0,0.0,unvectored,none,2,2026-08-22T06:21:20+00:00
foldedclos_64_2_4_2_0p5_20nm_TT_0V9_25C_1000MHz,foldedclos,data_width=64;terminals_per_leaf=2;num_leaves=4;num_spines=2;oversubscription=0.5,20nm,TT,0.9,25.0,1.0,1000.0,64,2,4,2,0.5,V-2023.12-SP4,5915,5915,0,2293.315188,2293.315188,0.0,0.0,0.0,0.8,0.0,0.0,0,V-2023.12-SP4,5752,5752,0,2404.62,2404.62,0.0,3246.4608,0.7407,0.0,0.0,0.99,-0.19,-1.02,54,V-2023.12-SP3,V-2023.12-SP4,1.462,2.271,0.002803,3.735,3.7329999999999997,3.7329999999999997,0.0,0.0,0.0,0.0,0.0,0.0,0.0,0.0,1.462,2.271,0.002803,3.735,0.0,0.0,0.0,0.0,0.0,0.0,0.0,0.0,0.0,0.0,0.0,0.0,0.0,0.0,0.0,0.0,vectored,random,2,2026-08-22T06:21:27+00:00
foldedclos_64_2_4_2_0p5_20nm_TT_0V9_25C_1000MHz,foldedclos,data_width=64;terminals_per_leaf=2;num_leaves=4;num_spines=2;oversubscription=0.5,20nm,TT,0.9,25.0,1.0,1000.0,64,2,4,2,0.5,V-2023.12-SP4,5915,5915,0,2293.315188,2293.315188,0.0,0.0,0.0,0.8,0.0,0.0,0,V-2023.12-SP4,5752,5752,0,2404.62,2404.62,0.0,3246.4608,0.7407,0.0,0.0,0.99,-0.19,-1.02,54,V-2023.12-SP3,V-2023.12-SP4,0.6786,1.1440000000000001,0.0027530000000000002,1.825,1.8226,1.8226,0.0,0.0,0.0,0.0,0.0,0.0,0.0,0.0,0.6786,1.1440000000000001,0.0027530000000000002,1.825,0.0,0.0,0.0,0.0,0.0,0.0,0.0,0.0,0.0,0.0,0.0,0.0,0.0,0.0,0.0,0.0,vectored,fixed_route,2,2026-08-22T06:21:33+00:00
foldedclos_64_2_4_2_0p5_20nm_TT_0V9_25C_666p667MHz,foldedclos,data_width=64;terminals_per_leaf=2;num_leaves=4;num_spines=2;oversubscription=0.5,20nm,TT,0.9,25.0,1.5,666.6666666666666,64,2,4,2,0.5,V-2023.12-SP4,4057,4057,0,1758.23999,1758.23999,0.0,0.0,0.0,1.3,0.0,0.0,0,V-2023.12-SP4,3902,3902,0,1812.84,1812.84,0.0,2481.3888,0.7306,0.0,0.0,1.4,-0.1,-0.22,5,V-2023.12-SP3,V-2023.12-SP4,0.4837,0.8985,0.001983,1.3840000000000001,1.3822,2.0733,0.0,0.0,0.0,0.0,0.0,0.0,0.0,0.0,0.4837,0.8985,0.001983,1.3840000000000001,0.0,0.0,0.0,0.0,0.0,0.0,0.0,0.0,0.0,0.0,0.0,0.0,0.0,0.0,0.0,0.0,unvectored,none,2,2026-08-22T06:31:19+00:00
foldedclos_64_2_4_2_0p5_20nm_TT_0V9_25C_666p667MHz,foldedclos,data_width=64;terminals_per_leaf=2;num_leaves=4;num_spines=2;oversubscription=0.5,20nm,TT,0.9,25.0,1.5,666.6666666666666,64,2,4,2,0.5,V-2023.12-SP4,4057,4057,0,1758.23999,1758.23999,0.0,0.0,0.0,1.3,0.0,0.0,0,V-2023.12-SP4,3902,3902,0,1812.84,1812.84,0.0,2481.3888,0.7306,0.0,0.0,1.4,-0.1,-0.22,5,V-2023.12-SP3,V-2023.12-SP4,0.7675,1.324,0.001972,2.094,2.0915,3.13725,0.0,0.0,0.0,0.0,0.0,0.0,0.0,0.0,0.7675,1.324,0.001972,2.094,0.0,0.0,0.0,0.0,0.0,0.0,0.0,0.0,0.0,0.0,0.0,0.0,0.0,0.0,0.0,0.0,vectored,random,2,2026-08-22T06:31:25+00:00
foldedclos_64_2_4_2_0p5_20nm_TT_0V9_25C_666p667MHz,foldedclos,data_width=64;terminals_per_leaf=2;num_leaves=4;num_spines=2;oversubscription=0.5,20nm,TT,0.9,25.0,1.5,666.6666666666666,64,2,4,2,0.5,V-2023.12-SP4,4057,4057,0,1758.23999,1758.23999,0.0,0.0,0.0,1.3,0.0,0.0,0,V-2023.12-SP4,3902,3902,0,1812.84,1812.84,0.0,2481.3888,0.7306,0.0,0.0,1.4,-0.1,-0.22,5,V-2023.12-SP3,V-2023.12-SP4,0.4341,0.7318,0.001951,1.168,1.1659,1.74885,0.0,0.0,0.0,0.0,0.0,0.0,0.0,0.0,0.4341,0.7318,0.001951,1.168,0.0,0.0,0.0,0.0,0.0,0.0,0.0,0.0,0.0,0.0,0.0,0.0,0.0,0.0,0.0,0.0,vectored,fixed_route,2,2026-08-22T06:31:31+00:00
foldedclos_128_2_4_2_1p0_20nm_TT_0V9_25C_1000MHz,foldedclos,data_width=128;terminals_per_leaf=2;num_leaves=4;num_spines=2;oversubscription=1.0,20nm,TT,0.9,25.0,1.0,1000.0,128,2,4,2,1.0,V-2023.12-SP4,10799,10799,0,4302.671977,4302.671977,0.0,0.0,0.0,0.8,0.0,0.0,0,V-2023.12-SP4,11419,11419,0,5109.98,5109.98,0.0,6136.8384,0.8327,0.0,0.0,0.89,-0.09,-13.66,641,V-2023.12-SP3,V-2023.12-SP4,1.996,3.3040000000000003,0.0066159999999999995,5.306,5.300000000000001,5.300000000000001,0.0,0.0,0.0,0.0,0.0,0.0,0.0,0.0,1.996,3.3040000000000003,0.0066159999999999995,5.306,0.0,0.0,0.0,0.0,0.0,0.0,0.0,0.0,0.0,0.0,0.0,0.0,0.0,0.0,0.0,0.0,unvectored,none,2,2026-08-22T06:58:58+00:00
foldedclos_128_2_4_2_1p0_20nm_TT_0V9_25C_1000MHz,foldedclos,data_width=128;terminals_per_leaf=2;num_leaves=4;num_spines=2;oversubscription=1.0,20nm,TT,0.9,25.0,1.0,1000.0,128,2,4,2,1.0,V-2023.12-SP4,10799,10799,0,4302.671977,4302.671977,0.0,0.0,0.0,0.8,0.0,0.0,0,V-2023.12-SP4,11419,11419,0,5109.98,5109.98,0.0,6136.8384,0.8327,0.0,0.0,0.89,-0.09,-13.66,641,V-2023.12-SP3,V-2023.12-SP4,3.2369999999999997,5.141,0.00654,8.384,8.378,8.378,0.0,0.0,0.0,0.0,0.0,0.0,0.0,0.0,3.2369999999999997,5.141,0.00654,8.384,0.0,0.0,0.0,0.0,0.0,0.0,0.0,0.0,0.0,0.0,0.0,0.0,0.0,0.0,0.0,0.0,vectored,random,2,2026-08-22T06:59:05+00:00
foldedclos_128_2_4_2_1p0_20nm_TT_0V9_25C_1000MHz,foldedclos,data_width=128;terminals_per_leaf=2;num_leaves=4;num_spines=2;oversubscription=1.0,20nm,TT,0.9,25.0,1.0,1000.0,128,2,4,2,1.0,V-2023.12-SP4,10799,10799,0,4302.671977,4302.671977,0.0,0.0,0.0,0.8,0.0,0.0,0,V-2023.12-SP4,11419,11419,0,5109.98,5109.98,0.0,6136.8384,0.8327,0.0,0.0,0.89,-0.09,-13.66,641,V-2023.12-SP3,V-2023.12-SP4,1.63,2.618,0.0064860000000000004,4.254,4.247999999999999,4.247999999999999,0.0,0.0,0.0,0.0,0.0,0.0,0.0,0.0,1.63,2.618,0.0064860000000000004,4.254,0.0,0.0,0.0,0.0,0.0,0.0,0.0,0.0,0.0,0.0,0.0,0.0,0.0,0.0,0.0,0.0,vectored,fixed_route,2,2026-08-22T06:59:13+00:00
foldedclos_128_2_4_2_1p0_20nm_TT_0V9_25C_666p667MHz,foldedclos,data_width=128;terminals_per_leaf=2;num_leaves=4;num_spines=2;oversubscription=1.0,20nm,TT,0.9,25.0,1.5,666.6666666666666,128,2,4,2,1.0,V-2023.12-SP4,8864,8864,0,3672.23998,3672.23998,0.0,0.0,0.0,1.3,0.0,0.0,0,V-2023.12-SP4,8653,8653,0,3784.07,3784.07,0.0,5208.192,0.7266,0.0,0.0,1.34,-0.04,-0.1,13,V-2023.12-SP3,V-2023.12-SP4,0.9898000000000001,1.965,0.004267,2.96,2.9548,4.4322,0.0,0.0,0.0,0.0,0.0,0.0,0.0,0.0,0.9898000000000001,1.965,0.004267,2.96,0.0,0.0,0.0,0.0,0.0,0.0,0.0,0.0,0.0,0.0,0.0,0.0,0.0,0.0,0.0,0.0,unvectored,none,2,2026-08-22T07:26:41+00:00
foldedclos_128_2_4_2_1p0_20nm_TT_0V9_25C_666p667MHz,foldedclos,data_width=128;terminals_per_leaf=2;num_leaves=4;num_spines=2;oversubscription=1.0,20nm,TT,0.9,25.0,1.5,666.6666666666666,128,2,4,2,1.0,V-2023.12-SP4,8864,8864,0,3672.23998,3672.23998,0.0,0.0,0.0,1.3,0.0,0.0,0,V-2023.12-SP4,8653,8653,0,3784.07,3784.07,0.0,5208.192,0.7266,0.0,0.0,1.34,-0.04,-0.1,13,V-2023.12-SP3,V-2023.12-SP4,1.611,3.054,0.00423,4.6690000000000005,4.665,6.9975000000000005,0.0,0.0,0.0,0.0,0.0,0.0,0.0,0.0,1.611,3.054,0.00423,4.6690000000000005,0.0,0.0,0.0,0.0,0.0,0.0,0.0,0.0,0.0,0.0,0.0,0.0,0.0,0.0,0.0,0.0,vectored,random,2,2026-08-22T07:26:48+00:00
foldedclos_128_2_4_2_1p0_20nm_TT_0V9_25C_666p667MHz,foldedclos,data_width=128;terminals_per_leaf=2;num_leaves=4;num_spines=2;oversubscription=1.0,20nm,TT,0.9,25.0,1.5,666.6666666666666,128,2,4,2,1.0,V-2023.12-SP4,8864,8864,0,3672.23998,3672.23998,0.0,0.0,0.0,1.3,0.0,0.0,0,V-2023.12-SP4,8653,8653,0,3784.07,3784.07,0.0,5208.192,0.7266,0.0,0.0,1.34,-0.04,-0.1,13,V-2023.12-SP3,V-2023.12-SP4,0.7722,1.55,0.004173,2.327,2.3222,3.4833,0.0,0.0,0.0,0.0,0.0,0.0,0.0,0.0,0.7722,1.55,0.004173,2.327,0.0,0.0,0.0,0.0,0.0,0.0,0.0,0.0,0.0,0.0,0.0,0.0,0.0,0.0,0.0,0.0,vectored,fixed_route,2,2026-08-22T07:26:55+00:00
foldedclos_128_2_4_2_0p5_20nm_TT_0V9_25C_1000MHz,foldedclos,data_width=128;terminals_per_leaf=2;num_leaves=4;num_spines=2;oversubscription=0.5,20nm,TT,0.9,25.0,1.0,1000.0,128,2,4,2,0.5,V-2023.12-SP4,10799,10799,0,4302.671977,4302.671977,0.0,0.0,0.0,0.8,0.0,0.0,0,V-2023.12-SP4,11419,11419,0,5109.98,5109.98,0.0,6136.8384,0.8327,0.0,0.0,0.89,-0.09,-13.41,642,V-2023.12-SP3,V-2023.12-SP4,1.9949999999999999,3.303,0.0066159999999999995,5.305,5.298,5.298,0.0,0.0,0.0,0.0,0.0,0.0,0.0,0.0,1.9949999999999999,3.303,0.0066159999999999995,5.305,0.0,0.0,0.0,0.0,0.0,0.0,0.0,0.0,0.0,0.0,0.0,0.0,0.0,0.0,0.0,0.0,unvectored,none,2,2026-08-22T07:54:02+00:00
foldedclos_128_2_4_2_0p5_20nm_TT_0V9_25C_1000MHz,foldedclos,data_width=128;terminals_per_leaf=2;num_leaves=4;num_spines=2;oversubscription=0.5,20nm,TT,0.9,25.0,1.0,1000.0,128,2,4,2,0.5,V-2023.12-SP4,10799,10799,0,4302.671977,4302.671977,0.0,0.0,0.0,0.8,0.0,0.0,0,V-2023.12-SP4,11419,11419,0,5109.98,5109.98,0.0,6136.8384,0.8327,0.0,0.0,0.89,-0.09,-13.41,642,V-2023.12-SP3,V-2023.12-SP4,3.234,5.135,0.00654,8.376,8.369,8.369,0.0,0.0,0.0,0.0,0.0,0.0,0.0,0.0,3.234,5.135,0.00654,8.376,0.0,0.0,0.0,0.0,0.0,0.0,0.0,0.0,0.0,0.0,0.0,0.0,0.0,0.0,0.0,0.0,vectored,random,2,2026-08-22T07:54:09+00:00
foldedclos_128_2_4_2_0p5_20nm_TT_0V9_25C_1000MHz,foldedclos,data_width=128;terminals_per_leaf=2;num_leaves=4;num_spines=2;oversubscription=0.5,20nm,TT,0.9,25.0,1.0,1000.0,128,2,4,2,0.5,V-2023.12-SP4,10799,10799,0,4302.671977,4302.671977,0.0,0.0,0.0,0.8,0.0,0.0,0,V-2023.12-SP4,11419,11419,0,5109.98,5109.98,0.0,6136.8384,0.8327,0.0,0.0,0.89,-0.09,-13.41,642,V-2023.12-SP3,V-2023.12-SP4,1.63,2.6159999999999997,0.0064860000000000004,4.252,4.2459999999999996,4.2459999999999996,0.0,0.0,0.0,0.0,0.0,0.0,0.0,0.0,1.63,2.6159999999999997,0.0064860000000000004,4.252,0.0,0.0,0.0,0.0,0.0,0.0,0.0,0.0,0.0,0.0,0.0,0.0,0.0,0.0,0.0,0.0,vectored,fixed_route,2,2026-08-22T07:54:16+00:00
foldedclos_128_2_4_2_0p5_20nm_TT_0V9_25C_666p667MHz,foldedclos,data_width=128;terminals_per_leaf=2;num_leaves=4;num_spines=2;oversubscription=0.5,20nm,TT,0.9,25.0,1.5,666.6666666666666,128,2,4,2,0.5,V-2023.12-SP4,8864,8864,0,3672.23998,3672.23998,0.0,0.0,0.0,1.3,0.0,0.0,0,V-2023.12-SP4,8653,8653,0,3784.07,3784.07,0.0,5208.192,0.7266,0.0,0.0,1.34,-0.04,-0.08,5,V-2023.12-SP3,V-2023.12-SP4,0.9898999999999999,1.964,0.004267,2.958,2.9539,4.4308499999999995,0.0,0.0,0.0,0.0,0.0,0.0,0.0,0.0,0.9898999999999999,1.964,0.004267,2.958,0.0,0.0,0.0,0.0,0.0,0.0,0.0,0.0,0.0,0.0,0.0,0.0,0.0,0.0,0.0,0.0,unvectored,none,2,2026-08-22T08:21:55+00:00
foldedclos_128_2_4_2_0p5_20nm_TT_0V9_25C_666p667MHz,foldedclos,data_width=128;terminals_per_leaf=2;num_leaves=4;num_spines=2;oversubscription=0.5,20nm,TT,0.9,25.0,1.5,666.6666666666666,128,2,4,2,0.5,V-2023.12-SP4,8864,8864,0,3672.23998,3672.23998,0.0,0.0,0.0,1.3,0.0,0.0,0,V-2023.12-SP4,8653,8653,0,3784.07,3784.07,0.0,5208.192,0.7266,0.0,0.0,1.34,-0.04,-0.08,5,V-2023.12-SP3,V-2023.12-SP4,1.609,3.048,0.00423,4.6610000000000005,4.657,6.9855,0.0,0.0,0.0,0.0,0.0,0.0,0.0,0.0,1.609,3.048,0.00423,4.6610000000000005,0.0,0.0,0.0,0.0,0.0,0.0,0.0,0.0,0.0,0.0,0.0,0.0,0.0,0.0,0.0,0.0,vectored,random,2,2026-08-22T08:22:01+00:00
foldedclos_128_2_4_2_0p5_20nm_TT_0V9_25C_666p667MHz,foldedclos,data_width=128;terminals_per_leaf=2;num_leaves=4;num_spines=2;oversubscription=0.5,20nm,TT,0.9,25.0,1.5,666.6666666666666,128,2,4,2,0.5,V-2023.12-SP4,8864,8864,0,3672.23998,3672.23998,0.0,0.0,0.0,1.3,0.0,0.0,0,V-2023.12-SP4,8653,8653,0,3784.07,3784.07,0.0,5208.192,0.7266,0.0,0.0,1.34,-0.04,-0.08,5,V-2023.12-SP3,V-2023.12-SP4,0.772,1.5479999999999998,0.004173,2.3240000000000003,2.32,3.4799999999999995,0.0,0.0,0.0,0.0,0.0,0.0,0.0,0.0,0.772,1.5479999999999998,0.004173,2.3240000000000003,0.0,0.0,0.0,0.0,0.0,0.0,0.0,0.0,0.0,0.0,0.0,0.0,0.0,0.0,0.0,0.0,vectored,fixed_route,2,2026-08-22T08:22:08+00:00
foldedclos_32_4_2_2_1p0_20nm_TT_0V9_25C_1000MHz,foldedclos,data_width=32;terminals_per_leaf=4;num_leaves=2;num_spines=2;oversubscription=1.0,20nm,TT,0.9,25.0,1.0,1000.0,32,4,2,2,1.0,V-2023.12-SP4,2946,2946,0,1164.767994,1164.767994,0.0,0.0,0.0,0.8,0.0,0.0,0,V-2023.12-SP4,2683,2683,0,1132.67,1132.67,0.0,1631.52,0.6942,0.0,0.0,0.85,-0.05,-0.24,10,V-2023.12-SP3,V-2023.12-SP4,0.4331,0.6693,0.00128,1.1039999999999999,1.1024,1.1024,0.0,0.0,0.0,0.0,0.0,0.0,0.0,0.0,0.4331,0.6693,0.00128,1.1039999999999999,0.0,0.0,0.0,0.0,0.0,0.0,0.0,0.0,0.0,0.0,0.0,0.0,0.0,0.0,0.0,0.0,unvectored,none,2,2026-08-22T08:25:16+00:00
foldedclos_32_4_2_2_1p0_20nm_TT_0V9_25C_1000MHz,foldedclos,data_width=32;terminals_per_leaf=4;num_leaves=2;num_spines=2;oversubscription=1.0,20nm,TT,0.9,25.0,1.0,1000.0,32,4,2,2,1.0,V-2023.12-SP4,2946,2946,0,1164.767994,1164.767994,0.0,0.0,0.0,0.8,0.0,0.0,0,V-2023.12-SP4,2683,2683,0,1132.67,1132.67,0.0,1631.52,0.6942,0.0,0.0,0.85,-0.05,-0.24,10,V-2023.12-SP3,V-2023.12-SP4,0.6795,0.9969,0.001268,1.678,1.6764000000000001,1.6764000000000001,0.0,0.0,0.0,0.0,0.0,0.0,0.0,0.0,0.6795,0.9969,0.001268,1.678,0.0,0.0,0.0,0.0,0.0,0.0,0.0,0.0,0.0,0.0,0.0,0.0,0.0,0.0,0.0,0.0,vectored,random,2,2026-08-22T08:25:22+00:00
foldedclos_32_4_2_2_1p0_20nm_TT_0V9_25C_1000MHz,foldedclos,data_width=32;terminals_per_leaf=4;num_leaves=2;num_spines=2;oversubscription=1.0,20nm,TT,0.9,25.0,1.0,1000.0,32,4,2,2,1.0,V-2023.12-SP4,2946,2946,0,1164.767994,1164.767994,0.0,0.0,0.0,0.8,0.0,0.0,0,V-2023.12-SP4,2683,2683,0,1132.67,1132.67,0.0,1631.52,0.6942,0.0,0.0,0.85,-0.05,-0.24,10,V-2023.12-SP3,V-2023.12-SP4,0.3215,0.4845,0.001244,0.8072,0.806,0.806,0.0,0.0,0.0,0.0,0.0,0.0,0.0,0.0,0.3215,0.4845,0.001244,0.8072,0.0,0.0,0.0,0.0,0.0,0.0,0.0,0.0,0.0,0.0,0.0,0.0,0.0,0.0,0.0,0.0,vectored,fixed_route,2,2026-08-22T08:25:28+00:00
foldedclos_32_4_2_2_1p0_20nm_TT_0V9_25C_666p667MHz,foldedclos,data_width=32;terminals_per_leaf=4;num_leaves=2;num_spines=2;oversubscription=1.0,20nm,TT,0.9,25.0,1.5,666.6666666666666,32,4,2,2,1.0,V-2023.12-SP4,3360,3360,0,1272.268793,1272.268793,0.0,0.0,0.0,1.3,0.0,0.0,0,V-2023.12-SP4,2914,2914,0,1155.48,1155.48,0.0,1802.1696,0.6412,0.0,0.0,1.3,0.0,0.0,0,V-2023.12-SP3,V-2023.12-SP4,0.30679999999999996,0.46059999999999995,0.001277,0.7686999999999999,0.7673999999999999,1.1510999999999998,0.0,0.0,0.0,0.0,0.0,0.0,0.0,0.0,0.30679999999999996,0.46059999999999995,0.001277,0.7686999999999999,0.0,0.0,0.0,0.0,0.0,0.0,0.0,0.0,0.0,0.0,0.0,0.0,0.0,0.0,0.0,0.0,unvectored,none,2,2026-08-22T08:28:28+00:00
foldedclos_32_4_2_2_1p0_20nm_TT_0V9_25C_666p667MHz,foldedclos,data_width=32;terminals_per_leaf=4;num_leaves=2;num_spines=2;oversubscription=1.0,20nm,TT,0.9,25.0,1.5,666.6666666666666,32,4,2,2,1.0,V-2023.12-SP4,3360,3360,0,1272.268793,1272.268793,0.0,0.0,0.0,1.3,0.0,0.0,0,V-2023.12-SP4,2914,2914,0,1155.48,1155.48,0.0,1802.1696,0.6412,0.0,0.0,1.3,0.0,0.0,0,V-2023.12-SP3,V-2023.12-SP4,0.5192,0.7303000000000001,0.001259,1.251,1.2495,1.87425,0.0,0.0,0.0,0.0,0.0,0.0,0.0,0.0,0.5192,0.7303000000000001,0.001259,1.251,0.0,0.0,0.0,0.0,0.0,0.0,0.0,0.0,0.0,0.0,0.0,0.0,0.0,0.0,0.0,0.0,vectored,random,2,2026-08-22T08:28:34+00:00
foldedclos_32_4_2_2_1p0_20nm_TT_0V9_25C_666p667MHz,foldedclos,data_width=32;terminals_per_leaf=4;num_leaves=2;num_spines=2;oversubscription=1.0,20nm,TT,0.9,25.0,1.5,666.6666666666666,32,4,2,2,1.0,V-2023.12-SP4,3360,3360,0,1272.268793,1272.268793,0.0,0.0,0.0,1.3,0.0,0.0,0,V-2023.12-SP4,2914,2914,0,1155.48,1155.48,0.0,1802.1696,0.6412,0.0,0.0,1.3,0.0,0.0,0,V-2023.12-SP3,V-2023.12-SP4,0.2221,0.3255,0.001232,0.5488,0.5476,0.8213999999999999,0.0,0.0,0.0,0.0,0.0,0.0,0.0,0.0,0.2221,0.3255,0.001232,0.5488,0.0,0.0,0.0,0.0,0.0,0.0,0.0,0.0,0.0,0.0,0.0,0.0,0.0,0.0,0.0,0.0,vectored,fixed_route,2,2026-08-22T08:28:40+00:00
foldedclos_32_4_2_2_0p5_20nm_TT_0V9_25C_1000MHz,foldedclos,data_width=32;terminals_per_leaf=4;num_leaves=2;num_spines=2;oversubscription=0.5,20nm,TT,0.9,25.0,1.0,1000.0,32,4,2,2,0.5,V-2023.12-SP4,2946,2946,0,1164.767994,1164.767994,0.0,0.0,0.0,0.8,0.0,0.0,0,V-2023.12-SP4,2683,2683,0,1132.67,1132.67,0.0,1631.52,0.6942,0.0,0.0,0.85,-0.05,-0.23,10,V-2023.12-SP3,V-2023.12-SP4,0.43320000000000003,0.6690999999999999,0.00128,1.1039999999999999,1.1023,1.1023,0.0,0.0,0.0,0.0,0.0,0.0,0.0,0.0,0.43320000000000003,0.6690999999999999,0.00128,1.1039999999999999,0.0,0.0,0.0,0.0,0.0,0.0,0.0,0.0,0.0,0.0,0.0,0.0,0.0,0.0,0.0,0.0,unvectored,none,2,2026-08-22T08:31:50+00:00
foldedclos_32_4_2_2_0p5_20nm_TT_0V9_25C_1000MHz,foldedclos,data_width=32;terminals_per_leaf=4;num_leaves=2;num_spines=2;oversubscription=0.5,20nm,TT,0.9,25.0,1.0,1000.0,32,4,2,2,0.5,V-2023.12-SP4,2946,2946,0,1164.767994,1164.767994,0.0,0.0,0.0,0.8,0.0,0.0,0,V-2023.12-SP4,2683,2683,0,1132.67,1132.67,0.0,1631.52,0.6942,0.0,0.0,0.85,-0.05,-0.23,10,V-2023.12-SP3,V-2023.12-SP4,0.6801,0.9969,0.001268,1.678,1.677,1.677,0.0,0.0,0.0,0.0,0.0,0.0,0.0,0.0,0.6801,0.9969,0.001268,1.678,0.0,0.0,0.0,0.0,0.0,0.0,0.0,0.0,0.0,0.0,0.0,0.0,0.0,0.0,0.0,0.0,vectored,random,2,2026-08-22T08:31:56+00:00
foldedclos_32_4_2_2_0p5_20nm_TT_0V9_25C_1000MHz,foldedclos,data_width=32;terminals_per_leaf=4;num_leaves=2;num_spines=2;oversubscription=0.5,20nm,TT,0.9,25.0,1.0,1000.0,32,4,2,2,0.5,V-2023.12-SP4,2946,2946,0,1164.767994,1164.767994,0.0,0.0,0.0,0.8,0.0,0.0,0,V-2023.12-SP4,2683,2683,0,1132.67,1132.67,0.0,1631.52,0.6942,0.0,0.0,0.85,-0.05,-0.23,10,V-2023.12-SP3,V-2023.12-SP4,0.3215,0.4847,0.001244,0.8075,0.8062,0.8062,0.0,0.0,0.0,0.0,0.0,0.0,0.0,0.0,0.3215,0.4847,0.001244,0.8075,0.0,0.0,0.0,0.0,0.0,0.0,0.0,0.0,0.0,0.0,0.0,0.0,0.0,0.0,0.0,0.0,vectored,fixed_route,2,2026-08-22T08:32:02+00:00
foldedclos_32_4_2_2_0p5_20nm_TT_0V9_25C_666p667MHz,foldedclos,data_width=32;terminals_per_leaf=4;num_leaves=2;num_spines=2;oversubscription=0.5,20nm,TT,0.9,25.0,1.5,666.6666666666666,32,4,2,2,0.5,V-2023.12-SP4,3360,3360,0,1272.268793,1272.268793,0.0,0.0,0.0,1.3,0.0,0.0,0,V-2023.12-SP4,2914,2914,0,1155.48,1155.48,0.0,1802.1696,0.6412,0.0,0.0,1.3,0.0,0.0,0,V-2023.12-SP3,V-2023.12-SP4,0.30679999999999996,0.4608,0.001277,0.7689,0.7676,1.1514,0.0,0.0,0.0,0.0,0.0,0.0,0.0,0.0,0.30679999999999996,0.4608,0.001277,0.7689,0.0,0.0,0.0,0.0,0.0,0.0,0.0,0.0,0.0,0.0,0.0,0.0,0.0,0.0,0.0,0.0,unvectored,none,2,2026-08-22T08:34:59+00:00
foldedclos_32_4_2_2_0p5_20nm_TT_0V9_25C_666p667MHz,foldedclos,data_width=32;terminals_per_leaf=4;num_leaves=2;num_spines=2;oversubscription=0.5,20nm,TT,0.9,25.0,1.5,666.6666666666666,32,4,2,2,0.5,V-2023.12-SP4,3360,3360,0,1272.268793,1272.268793,0.0,0.0,0.0,1.3,0.0,0.0,0,V-2023.12-SP4,2914,2914,0,1155.48,1155.48,0.0,1802.1696,0.6412,0.0,0.0,1.3,0.0,0.0,0,V-2023.12-SP3,V-2023.12-SP4,0.5193,0.7307,0.001259,1.251,1.25,1.875,0.0,0.0,0.0,0.0,0.0,0.0,0.0,0.0,0.5193,0.7307,0.001259,1.251,0.0,0.0,0.0,0.0,0.0,0.0,0.0,0.0,0.0,0.0,0.0,0.0,0.0,0.0,0.0,0.0,vectored,random,2,2026-08-22T08:35:05+00:00
foldedclos_32_4_2_2_0p5_20nm_TT_0V9_25C_666p667MHz,foldedclos,data_width=32;terminals_per_leaf=4;num_leaves=2;num_spines=2;oversubscription=0.5,20nm,TT,0.9,25.0,1.5,666.6666666666666,32,4,2,2,0.5,V-2023.12-SP4,3360,3360,0,1272.268793,1272.268793,0.0,0.0,0.0,1.3,0.0,0.0,0,V-2023.12-SP4,2914,2914,0,1155.48,1155.48,0.0,1802.1696,0.6412,0.0,0.0,1.3,0.0,0.0,0,V-2023.12-SP3,V-2023.12-SP4,0.2221,0.3257,0.001232,0.549,0.5478,0.8216999999999999,0.0,0.0,0.0,0.0,0.0,0.0,0.0,0.0,0.2221,0.3257,0.001232,0.549,0.0,0.0,0.0,0.0,0.0,0.0,0.0,0.0,0.0,0.0,0.0,0.0,0.0,0.0,0.0,0.0,vectored,fixed_route,2,2026-08-22T08:35:10+00:00
foldedclos_64_4_2_2_1p0_20nm_TT_0V9_25C_1000MHz,foldedclos,data_width=64;terminals_per_leaf=4;num_leaves=2;num_spines=2;oversubscription=1.0,20nm,TT,0.9,25.0,1.0,1000.0,64,4,2,2,1.0,V-2023.12-SP4,5915,5915,0,2293.315188,2293.315188,0.0,0.0,0.0,0.8,0.0,0.0,0,V-2023.12-SP4,5752,5752,0,2404.62,2404.62,0.0,3246.4608,0.7407,0.0,0.0,1.0,-0.2,-1.15,57,V-2023.12-SP3,V-2023.12-SP4,0.9138,1.492,0.002831,2.4090000000000003,2.4058,2.4058,0.0,0.0,0.0,0.0,0.0,0.0,0.0,0.0,0.9138,1.492,0.002831,2.4090000000000003,0.0,0.0,0.0,0.0,0.0,0.0,0.0,0.0,0.0,0.0,0.0,0.0,0.0,0.0,0.0,0.0,unvectored,none,2,2026-08-22T08:46:52+00:00
foldedclos_64_4_2_2_1p0_20nm_TT_0V9_25C_1000MHz,foldedclos,data_width=64;terminals_per_leaf=4;num_leaves=2;num_spines=2;oversubscription=1.0,20nm,TT,0.9,25.0,1.0,1000.0,64,4,2,2,1.0,V-2023.12-SP4,5915,5915,0,2293.315188,2293.315188,0.0,0.0,0.0,0.8,0.0,0.0,0,V-2023.12-SP4,5752,5752,0,2404.62,2404.62,0.0,3246.4608,0.7407,0.0,0.0,1.0,-0.2,-1.15,57,V-2023.12-SP3,V-2023.12-SP4,1.461,2.267,0.002803,3.731,3.7279999999999998,3.7279999999999998,0.0,0.0,0.0,0.0,0.0,0.0,0.0,0.0,1.461,2.267,0.002803,3.731,0.0,0.0,0.0,0.0,0.0,0.0,0.0,0.0,0.0,0.0,0.0,0.0,0.0,0.0,0.0,0.0,vectored,random,2,2026-08-22T08:46:58+00:00
foldedclos_64_4_2_2_1p0_20nm_TT_0V9_25C_1000MHz,foldedclos,data_width=64;terminals_per_leaf=4;num_leaves=2;num_spines=2;oversubscription=1.0,20nm,TT,0.9,25.0,1.0,1000.0,64,4,2,2,1.0,V-2023.12-SP4,5915,5915,0,2293.315188,2293.315188,0.0,0.0,0.0,0.8,0.0,0.0,0,V-2023.12-SP4,5752,5752,0,2404.62,2404.62,0.0,3246.4608,0.7407,0.0,0.0,1.0,-0.2,-1.15,57,V-2023.12-SP3,V-2023.12-SP4,0.6784,1.142,0.0027530000000000002,1.823,1.8203999999999998,1.8203999999999998,0.0,0.0,0.0,0.0,0.0,0.0,0.0,0.0,0.6784,1.142,0.0027530000000000002,1.823,0.0,0.0,0.0,0.0,0.0,0.0,0.0,0.0,0.0,0.0,0.0,0.0,0.0,0.0,0.0,0.0,vectored,fixed_route,2,2026-08-22T08:47:05+00:00
foldedclos_64_4_2_2_1p0_20nm_TT_0V9_25C_666p667MHz,foldedclos,data_width=64;terminals_per_leaf=4;num_leaves=2;num_spines=2;oversubscription=1.0,20nm,TT,0.9,25.0,1.5,666.6666666666666,64,4,2,2,1.0,V-2023.12-SP4,4057,4057,0,1758.23999,1758.23999,0.0,0.0,0.0,1.3,0.0,0.0,0,V-2023.12-SP4,3902,3902,0,1812.84,1812.84,0.0,2481.3888,0.7306,0.0,0.0,1.4,-0.1,-0.23,6,V-2023.12-SP3,V-2023.12-SP4,0.4839,0.9,0.001983,1.3860000000000001,1.3839000000000001,2.07585,0.0,0.0,0.0,0.0,0.0,0.0,0.0,0.0,0.4839,0.9,0.001983,1.3860000000000001,0.0,0.0,0.0,0.0,0.0,0.0,0.0,0.0,0.0,0.0,0.0,0.0,0.0,0.0,0.0,0.0,unvectored,none,2,2026-08-22T08:57:02+00:00
foldedclos_64_4_2_2_1p0_20nm_TT_0V9_25C_666p667MHz,foldedclos,data_width=64;terminals_per_leaf=4;num_leaves=2;num_spines=2;oversubscription=1.0,20nm,TT,0.9,25.0,1.5,666.6666666666666,64,4,2,2,1.0,V-2023.12-SP4,4057,4057,0,1758.23999,1758.23999,0.0,0.0,0.0,1.3,0.0,0.0,0,V-2023.12-SP4,3902,3902,0,1812.84,1812.84,0.0,2481.3888,0.7306,0.0,0.0,1.4,-0.1,-0.23,6,V-2023.12-SP3,V-2023.12-SP4,0.7678999999999999,1.327,0.001972,2.097,2.0949,3.14235,0.0,0.0,0.0,0.0,0.0,0.0,0.0,0.0,0.7678999999999999,1.327,0.001972,2.097,0.0,0.0,0.0,0.0,0.0,0.0,0.0,0.0,0.0,0.0,0.0,0.0,0.0,0.0,0.0,0.0,vectored,random,2,2026-08-22T08:57:09+00:00
foldedclos_64_4_2_2_1p0_20nm_TT_0V9_25C_666p667MHz,foldedclos,data_width=64;terminals_per_leaf=4;num_leaves=2;num_spines=2;oversubscription=1.0,20nm,TT,0.9,25.0,1.5,666.6666666666666,64,4,2,2,1.0,V-2023.12-SP4,4057,4057,0,1758.23999,1758.23999,0.0,0.0,0.0,1.3,0.0,0.0,0,V-2023.12-SP4,3902,3902,0,1812.84,1812.84,0.0,2481.3888,0.7306,0.0,0.0,1.4,-0.1,-0.23,6,V-2023.12-SP3,V-2023.12-SP4,0.43429999999999996,0.7329,0.001951,1.1689999999999998,1.1672,1.7508,0.0,0.0,0.0,0.0,0.0,0.0,0.0,0.0,0.43429999999999996,0.7329,0.001951,1.1689999999999998,0.0,0.0,0.0,0.0,0.0,0.0,0.0,0.0,0.0,0.0,0.0,0.0,0.0,0.0,0.0,0.0,vectored,fixed_route,2,2026-08-22T08:57:15+00:00
foldedclos_64_4_2_2_0p5_20nm_TT_0V9_25C_1000MHz,foldedclos,data_width=64;terminals_per_leaf=4;num_leaves=2;num_spines=2;oversubscription=0.5,20nm,TT,0.9,25.0,1.0,1000.0,64,4,2,2,0.5,V-2023.12-SP4,5915,5915,0,2293.315188,2293.315188,0.0,0.0,0.0,0.8,0.0,0.0,0,V-2023.12-SP4,5752,5752,0,2404.62,2404.62,0.0,3246.4608,0.7407,0.0,0.0,1.0,-0.2,-1.13,56,V-2023.12-SP3,V-2023.12-SP4,0.914,1.4929999999999999,0.002831,2.4099999999999997,2.407,2.407,0.0,0.0,0.0,0.0,0.0,0.0,0.0,0.0,0.914,1.4929999999999999,0.002831,2.4099999999999997,0.0,0.0,0.0,0.0,0.0,0.0,0.0,0.0,0.0,0.0,0.0,0.0,0.0,0.0,0.0,0.0,unvectored,none,2,2026-08-22T09:09:05+00:00
foldedclos_64_4_2_2_0p5_20nm_TT_0V9_25C_1000MHz,foldedclos,data_width=64;terminals_per_leaf=4;num_leaves=2;num_spines=2;oversubscription=0.5,20nm,TT,0.9,25.0,1.0,1000.0,64,4,2,2,0.5,V-2023.12-SP4,5915,5915,0,2293.315188,2293.315188,0.0,0.0,0.0,0.8,0.0,0.0,0,V-2023.12-SP4,5752,5752,0,2404.62,2404.62,0.0,3246.4608,0.7407,0.0,0.0,1.0,-0.2,-1.13,56,V-2023.12-SP3,V-2023.12-SP4,1.461,2.269,0.002803,3.733,3.7300000000000004,3.7300000000000004,0.0,0.0,0.0,0.0,0.0,0.0,0.0,0.0,1.461,2.269,0.002803,3.733,0.0,0.0,0.0,0.0,0.0,0.0,0.0,0.0,0.0,0.0,0.0,0.0,0.0,0.0,0.0,0.0,vectored,random,2,2026-08-22T09:09:11+00:00
foldedclos_64_4_2_2_0p5_20nm_TT_0V9_25C_1000MHz,foldedclos,data_width=64;terminals_per_leaf=4;num_leaves=2;num_spines=2;oversubscription=0.5,20nm,TT,0.9,25.0,1.0,1000.0,64,4,2,2,0.5,V-2023.12-SP4,5915,5915,0,2293.315188,2293.315188,0.0,0.0,0.0,0.8,0.0,0.0,0,V-2023.12-SP4,5752,5752,0,2404.62,2404.62,0.0,3246.4608,0.7407,0.0,0.0,1.0,-0.2,-1.13,56,V-2023.12-SP3,V-2023.12-SP4,0.6785,1.1440000000000001,0.0027530000000000002,1.825,1.8225000000000002,1.8225000000000002,0.0,0.0,0.0,0.0,0.0,0.0,0.0,0.0,0.6785,1.1440000000000001,0.0027530000000000002,1.825,0.0,0.0,0.0,0.0,0.0,0.0,0.0,0.0,0.0,0.0,0.0,0.0,0.0,0.0,0.0,0.0,vectored,fixed_route,2,2026-08-22T09:09:17+00:00
foldedclos_64_4_2_2_0p5_20nm_TT_0V9_25C_666p667MHz,foldedclos,data_width=64;terminals_per_leaf=4;num_leaves=2;num_spines=2;oversubscription=0.5,20nm,TT,0.9,25.0,1.5,666.6666666666666,64,4,2,2,0.5,V-2023.12-SP4,4057,4057,0,1758.23999,1758.23999,0.0,0.0,0.0,1.3,0.0,0.0,0,V-2023.12-SP4,3902,3902,0,1812.84,1812.84,0.0,2481.3888,0.7306,0.0,0.0,1.36,-0.06,-0.18,5,V-2023.12-SP3,V-2023.12-SP4,0.4838,0.8995,0.001983,1.385,1.3833,2.07495,0.0,0.0,0.0,0.0,0.0,0.0,0.0,0.0,0.4838,0.8995,0.001983,1.385,0.0,0.0,0.0,0.0,0.0,0.0,0.0,0.0,0.0,0.0,0.0,0.0,0.0,0.0,0.0,0.0,unvectored,none,2,2026-08-22T09:19:12+00:00
foldedclos_64_4_2_2_0p5_20nm_TT_0V9_25C_666p667MHz,foldedclos,data_width=64;terminals_per_leaf=4;num_leaves=2;num_spines=2;oversubscription=0.5,20nm,TT,0.9,25.0,1.5,666.6666666666666,64,4,2,2,0.5,V-2023.12-SP4,4057,4057,0,1758.23999,1758.23999,0.0,0.0,0.0,1.3,0.0,0.0,0,V-2023.12-SP4,3902,3902,0,1812.84,1812.84,0.0,2481.3888,0.7306,0.0,0.0,1.36,-0.06,-0.18,5,V-2023.12-SP3,V-2023.12-SP4,0.768,1.327,0.001972,2.097,2.0949999999999998,3.1424999999999996,0.0,0.0,0.0,0.0,0.0,0.0,0.0,0.0,0.768,1.327,0.001972,2.097,0.0,0.0,0.0,0.0,0.0,0.0,0.0,0.0,0.0,0.0,0.0,0.0,0.0,0.0,0.0,0.0,vectored,random,2,2026-08-22T09:19:18+00:00
foldedclos_64_4_2_2_0p5_20nm_TT_0V9_25C_666p667MHz,foldedclos,data_width=64;terminals_per_leaf=4;num_leaves=2;num_spines=2;oversubscription=0.5,20nm,TT,0.9,25.0,1.5,666.6666666666666,64,4,2,2,0.5,V-2023.12-SP4,4057,4057,0,1758.23999,1758.23999,0.0,0.0,0.0,1.3,0.0,0.0,0,V-2023.12-SP4,3902,3902,0,1812.84,1812.84,0.0,2481.3888,0.7306,0.0,0.0,1.36,-0.06,-0.18,5,V-2023.12-SP3,V-2023.12-SP4,0.4341,0.7324,0.001951,1.168,1.1665,1.7497500000000001,0.0,0.0,0.0,0.0,0.0,0.0,0.0,0.0,0.4341,0.7324,0.001951,1.168,0.0,0.0,0.0,0.0,0.0,0.0,0.0,0.0,0.0,0.0,0.0,0.0,0.0,0.0,0.0,0.0,vectored,fixed_route,2,2026-08-22T09:19:25+00:00
foldedclos_128_4_2_2_1p0_20nm_TT_0V9_25C_1000MHz,foldedclos,data_width=128;terminals_per_leaf=4;num_leaves=2;num_spines=2;oversubscription=1.0,20nm,TT,0.9,25.0,1.0,1000.0,128,4,2,2,1.0,V-2023.12-SP4,10799,10799,0,4302.671977,4302.671977,0.0,0.0,0.0,0.8,0.0,0.0,0,V-2023.12-SP4,11419,11419,0,5109.98,5109.98,0.0,6136.8384,0.8327,0.0,0.0,0.89,-0.09,-13.18,638,V-2023.12-SP3,V-2023.12-SP4,1.996,3.303,0.0066159999999999995,5.305,5.2989999999999995,5.2989999999999995,0.0,0.0,0.0,0.0,0.0,0.0,0.0,0.0,1.996,3.303,0.0066159999999999995,5.305,0.0,0.0,0.0,0.0,0.0,0.0,0.0,0.0,0.0,0.0,0.0,0.0,0.0,0.0,0.0,0.0,unvectored,none,2,2026-08-22T09:46:36+00:00
foldedclos_128_4_2_2_1p0_20nm_TT_0V9_25C_1000MHz,foldedclos,data_width=128;terminals_per_leaf=4;num_leaves=2;num_spines=2;oversubscription=1.0,20nm,TT,0.9,25.0,1.0,1000.0,128,4,2,2,1.0,V-2023.12-SP4,10799,10799,0,4302.671977,4302.671977,0.0,0.0,0.0,0.8,0.0,0.0,0,V-2023.12-SP4,11419,11419,0,5109.98,5109.98,0.0,6136.8384,0.8327,0.0,0.0,0.89,-0.09,-13.18,638,V-2023.12-SP3,V-2023.12-SP4,3.236,5.136,0.00654,8.379,8.372,8.372,0.0,0.0,0.0,0.0,0.0,0.0,0.0,0.0,3.236,5.136,0.00654,8.379,0.0,0.0,0.0,0.0,0.0,0.0,0.0,0.0,0.0,0.0,0.0,0.0,0.0,0.0,0.0,0.0,vectored,random,2,2026-08-22T09:46:43+00:00
foldedclos_128_4_2_2_1p0_20nm_TT_0V9_25C_1000MHz,foldedclos,data_width=128;terminals_per_leaf=4;num_leaves=2;num_spines=2;oversubscription=1.0,20nm,TT,0.9,25.0,1.0,1000.0,128,4,2,2,1.0,V-2023.12-SP4,10799,10799,0,4302.671977,4302.671977,0.0,0.0,0.0,0.8,0.0,0.0,0,V-2023.12-SP4,11419,11419,0,5109.98,5109.98,0.0,6136.8384,0.8327,0.0,0.0,0.89,-0.09,-13.18,638,V-2023.12-SP3,V-2023.12-SP4,1.63,2.6159999999999997,0.0064860000000000004,4.252,4.2459999999999996,4.2459999999999996,0.0,0.0,0.0,0.0,0.0,0.0,0.0,0.0,1.63,2.6159999999999997,0.0064860000000000004,4.252,0.0,0.0,0.0,0.0,0.0,0.0,0.0,0.0,0.0,0.0,0.0,0.0,0.0,0.0,0.0,0.0,vectored,fixed_route,2,2026-08-22T09:46:50+00:00
foldedclos_128_4_2_2_1p0_20nm_TT_0V9_25C_666p667MHz,foldedclos,data_width=128;terminals_per_leaf=4;num_leaves=2;num_spines=2;oversubscription=1.0,20nm,TT,0.9,25.0,1.5,666.6666666666666,128,4,2,2,1.0,V-2023.12-SP4,8864,8864,0,3672.23998,3672.23998,0.0,0.0,0.0,1.3,0.0,0.0,0,V-2023.12-SP4,8653,8653,0,3784.07,3784.07,0.0,5208.192,0.7266,0.0,0.0,1.34,-0.04,-0.08,7,V-2023.12-SP3,V-2023.12-SP4,0.9898999999999999,1.967,0.004267,2.9619999999999997,2.9569,4.43535,0.0,0.0,0.0,0.0,0.0,0.0,0.0,0.0,0.9898999999999999,1.967,0.004267,2.9619999999999997,0.0,0.0,0.0,0.0,0.0,0.0,0.0,0.0,0.0,0.0,0.0,0.0,0.0,0.0,0.0,0.0,unvectored,none,2,2026-08-22T10:14:34+00:00
foldedclos_128_4_2_2_1p0_20nm_TT_0V9_25C_666p667MHz,foldedclos,data_width=128;terminals_per_leaf=4;num_leaves=2;num_spines=2;oversubscription=1.0,20nm,TT,0.9,25.0,1.5,666.6666666666666,128,4,2,2,1.0,V-2023.12-SP4,8864,8864,0,3672.23998,3672.23998,0.0,0.0,0.0,1.3,0.0,0.0,0,V-2023.12-SP4,8653,8653,0,3784.07,3784.07,0.0,5208.192,0.7266,0.0,0.0,1.34,-0.04,-0.08,7,V-2023.12-SP3,V-2023.12-SP4,1.608,3.054,0.00423,4.666,4.662,6.993,0.0,0.0,0.0,0.0,0.0,0.0,0.0,0.0,1.608,3.054,0.00423,4.666,0.0,0.0,0.0,0.0,0.0,0.0,0.0,0.0,0.0,0.0,0.0,0.0,0.0,0.0,0.0,0.0,vectored,random,2,2026-08-22T10:14:41+00:00
foldedclos_128_4_2_2_1p0_20nm_TT_0V9_25C_666p667MHz,foldedclos,data_width=128;terminals_per_leaf=4;num_leaves=2;num_spines=2;oversubscription=1.0,20nm,TT,0.9,25.0,1.5,666.6666666666666,128,4,2,2,1.0,V-2023.12-SP4,8864,8864,0,3672.23998,3672.23998,0.0,0.0,0.0,1.3,0.0,0.0,0,V-2023.12-SP4,8653,8653,0,3784.07,3784.07,0.0,5208.192,0.7266,0.0,0.0,1.34,-0.04,-0.08,7,V-2023.12-SP3,V-2023.12-SP4,0.7722,1.552,0.004173,2.3289999999999997,2.3242000000000003,3.4863000000000004,0.0,0.0,0.0,0.0,0.0,0.0,0.0,0.0,0.7722,1.552,0.004173,2.3289999999999997,0.0,0.0,0.0,0.0,0.0,0.0,0.0,0.0,0.0,0.0,0.0,0.0,0.0,0.0,0.0,0.0,vectored,fixed_route,2,2026-08-22T10:14:48+00:00
foldedclos_128_4_2_2_0p5_20nm_TT_0V9_25C_1000MHz,foldedclos,data_width=128;terminals_per_leaf=4;num_leaves=2;num_spines=2;oversubscription=0.5,20nm,TT,0.9,25.0,1.0,1000.0,128,4,2,2,0.5,V-2023.12-SP4,10799,10799,0,4302.671977,4302.671977,0.0,0.0,0.0,0.8,0.0,0.0,0,V-2023.12-SP4,11419,11419,0,5109.98,5109.98,0.0,6136.8384,0.8327,0.0,0.0,0.89,-0.09,-13.57,640,V-2023.12-SP3,V-2023.12-SP4,1.996,3.3040000000000003,0.0066159999999999995,5.306,5.300000000000001,5.300000000000001,0.0,0.0,0.0,0.0,0.0,0.0,0.0,0.0,1.996,3.3040000000000003,0.0066159999999999995,5.306,0.0,0.0,0.0,0.0,0.0,0.0,0.0,0.0,0.0,0.0,0.0,0.0,0.0,0.0,0.0,0.0,unvectored,none,2,2026-08-22T10:42:16+00:00
foldedclos_128_4_2_2_0p5_20nm_TT_0V9_25C_1000MHz,foldedclos,data_width=128;terminals_per_leaf=4;num_leaves=2;num_spines=2;oversubscription=0.5,20nm,TT,0.9,25.0,1.0,1000.0,128,4,2,2,0.5,V-2023.12-SP4,10799,10799,0,4302.671977,4302.671977,0.0,0.0,0.0,0.8,0.0,0.0,0,V-2023.12-SP4,11419,11419,0,5109.98,5109.98,0.0,6136.8384,0.8327,0.0,0.0,0.89,-0.09,-13.57,640,V-2023.12-SP3,V-2023.12-SP4,3.235,5.1370000000000005,0.00654,8.379,8.372,8.372,0.0,0.0,0.0,0.0,0.0,0.0,0.0,0.0,3.235,5.1370000000000005,0.00654,8.379,0.0,0.0,0.0,0.0,0.0,0.0,0.0,0.0,0.0,0.0,0.0,0.0,0.0,0.0,0.0,0.0,vectored,random,2,2026-08-22T10:42:23+00:00
foldedclos_128_4_2_2_0p5_20nm_TT_0V9_25C_1000MHz,foldedclos,data_width=128;terminals_per_leaf=4;num_leaves=2;num_spines=2;oversubscription=0.5,20nm,TT,0.9,25.0,1.0,1000.0,128,4,2,2,0.5,V-2023.12-SP4,10799,10799,0,4302.671977,4302.671977,0.0,0.0,0.0,0.8,0.0,0.0,0,V-2023.12-SP4,11419,11419,0,5109.98,5109.98,0.0,6136.8384,0.8327,0.0,0.0,0.89,-0.09,-13.57,640,V-2023.12-SP3,V-2023.12-SP4,1.63,2.617,0.0064860000000000004,4.253,4.247,4.247,0.0,0.0,0.0,0.0,0.0,0.0,0.0,0.0,1.63,2.617,0.0064860000000000004,4.253,0.0,0.0,0.0,0.0,0.0,0.0,0.0,0.0,0.0,0.0,0.0,0.0,0.0,0.0,0.0,0.0,vectored,fixed_route,2,2026-08-22T10:42:30+00:00
foldedclos_128_4_2_2_0p5_20nm_TT_0V9_25C_666p667MHz,foldedclos,data_width=128;terminals_per_leaf=4;num_leaves=2;num_spines=2;oversubscription=0.5,20nm,TT,0.9,25.0,1.5,666.6666666666666,128,4,2,2,0.5,V-2023.12-SP4,8864,8864,0,3672.23998,3672.23998,0.0,0.0,0.0,1.3,0.0,0.0,0,V-2023.12-SP4,8653,8653,0,3784.07,3784.07,0.0,5208.192,0.7266,0.0,0.0,1.34,-0.04,-0.08,6,V-2023.12-SP3,V-2023.12-SP4,0.9898999999999999,1.964,0.004267,2.9589999999999996,2.9539,4.4308499999999995,0.0,0.0,0.0,0.0,0.0,0.0,0.0,0.0,0.9898999999999999,1.964,0.004267,2.9589999999999996,0.0,0.0,0.0,0.0,0.0,0.0,0.0,0.0,0.0,0.0,0.0,0.0,0.0,0.0,0.0,0.0,unvectored,none,2,2026-08-22T11:10:47+00:00
foldedclos_128_4_2_2_0p5_20nm_TT_0V9_25C_666p667MHz,foldedclos,data_width=128;terminals_per_leaf=4;num_leaves=2;num_spines=2;oversubscription=0.5,20nm,TT,0.9,25.0,1.5,666.6666666666666,128,4,2,2,0.5,V-2023.12-SP4,8864,8864,0,3672.23998,3672.23998,0.0,0.0,0.0,1.3,0.0,0.0,0,V-2023.12-SP4,8653,8653,0,3784.07,3784.07,0.0,5208.192,0.7266,0.0,0.0,1.34,-0.04,-0.08,6,V-2023.12-SP3,V-2023.12-SP4,1.608,3.048,0.00423,4.66,4.656000000000001,6.984000000000001,0.0,0.0,0.0,0.0,0.0,0.0,0.0,0.0,1.608,3.048,0.00423,4.66,0.0,0.0,0.0,0.0,0.0,0.0,0.0,0.0,0.0,0.0,0.0,0.0,0.0,0.0,0.0,0.0,vectored,random,2,2026-08-22T11:10:54+00:00
foldedclos_128_4_2_2_0p5_20nm_TT_0V9_25C_666p667MHz,foldedclos,data_width=128;terminals_per_leaf=4;num_leaves=2;num_spines=2;oversubscription=0.5,20nm,TT,0.9,25.0,1.5,666.6666666666666,128,4,2,2,0.5,V-2023.12-SP4,8864,8864,0,3672.23998,3672.23998,0.0,0.0,0.0,1.3,0.0,0.0,0,V-2023.12-SP4,8653,8653,0,3784.07,3784.07,0.0,5208.192,0.7266,0.0,0.0,1.34,-0.04,-0.08,6,V-2023.12-SP3,V-2023.12-SP4,0.7722,1.55,0.004173,2.326,2.3222,3.4833,0.0,0.0,0.0,0.0,0.0,0.0,0.0,0.0,0.7722,1.55,0.004173,2.326,0.0,0.0,0.0,0.0,0.0,0.0,0.0,0.0,0.0,0.0,0.0,0.0,0.0,0.0,0.0,0.0,vectored,fixed_route,2,2026-08-22T11:11:00+00:00
foldedclos_32_2_8_4_1p0_20nm_TT_0V9_25C_400MHz,foldedclos,data_width=32;terminals_per_leaf=2;num_leaves=8;num_spines=4;oversubscription=1.0,20nm,TT,0.9,25.0,2.5,400.0,32,2,8,4,1.0,V-2023.12-SP4,12767,12767,0,5018.428773,5018.428773,0.0,0.0,0.0,2.3,0.0,0.0,0,V-2023.12-SP4,11247,11247,0,4720.64,4720.64,0.0,7107.408,0.6642,0.0,0.0,2.39,-0.09,-0.3,10,V-2023.12-SP3,V-2023.12-SP4,0.6056,1.166,0.0053809999999999995,1.776,1.7715999999999998,4.428999999999999,0.0,0.0,0.0,0.0,0.0,0.0,0.0,0.0,0.6056,1.166,0.0053809999999999995,1.776,0.0,0.0,0.0,0.0,0.0,0.0,0.0,0.0,0.0,0.0,0.0,0.0,0.0,0.0,0.0,0.0,unvectored,none,2,2026-08-22T11:33:11+00:00
foldedclos_32_2_8_4_1p0_20nm_TT_0V9_25C_400MHz,foldedclos,data_width=32;terminals_per_leaf=2;num_leaves=8;num_spines=4;oversubscription=1.0,20nm,TT,0.9,25.0,2.5,400.0,32,2,8,4,1.0,V-2023.12-SP4,12767,12767,0,5018.428773,5018.428773,0.0,0.0,0.0,2.3,0.0,0.0,0,V-2023.12-SP4,11247,11247,0,4720.64,4720.64,0.0,7107.408,0.6642,0.0,0.0,2.39,-0.09,-0.3,10,V-2023.12-SP3,V-2023.12-SP4,1.0230000000000001,1.843,0.005308,2.871,2.866,7.165,0.0,0.0,0.0,0.0,0.0,0.0,0.0,0.0,1.0230000000000001,1.843,0.005308,2.871,0.0,0.0,0.0,0.0,0.0,0.0,0.0,0.0,0.0,0.0,0.0,0.0,0.0,0.0,0.0,0.0,vectored,random,2,2026-08-22T11:33:18+00:00
foldedclos_32_2_8_4_1p0_20nm_TT_0V9_25C_400MHz,foldedclos,data_width=32;terminals_per_leaf=2;num_leaves=8;num_spines=4;oversubscription=1.0,20nm,TT,0.9,25.0,2.5,400.0,32,2,8,4,1.0,V-2023.12-SP4,12767,12767,0,5018.428773,5018.428773,0.0,0.0,0.0,2.3,0.0,0.0,0,V-2023.12-SP4,11247,11247,0,4720.64,4720.64,0.0,7107.408,0.6642,0.0,0.0,2.39,-0.09,-0.3,10,V-2023.12-SP3,V-2023.12-SP4,0.449,0.9377,0.005195,1.392,1.3867,3.46675,0.0,0.0,0.0,0.0,0.0,0.0,0.0,0.0,0.449,0.9377,0.005195,1.392,0.0,0.0,0.0,0.0,0.0,0.0,0.0,0.0,0.0,0.0,0.0,0.0,0.0,0.0,0.0,0.0,vectored,fixed_route,2,2026-08-22T11:33:24+00:00
foldedclos_32_2_8_4_1p0_20nm_TT_0V9_25C_571p429MHz,foldedclos,data_width=32;terminals_per_leaf=2;num_leaves=8;num_spines=4;oversubscription=1.0,20nm,TT,0.9,25.0,1.75,571.4285714285714,32,2,8,4,1.0,V-2023.12-SP4,13122,13122,0,5058.979173,5058.979173,0.0,0.0,0.0,1.55,0.0,0.0,0,V-2023.12-SP4,11779,11779,0,4808.92,4808.92,0.0,7208.6784,0.6671,0.0,0.0,1.78,-0.23,-0.78,20,V-2023.12-SP3,V-2023.12-SP4,0.8734,1.692,0.005493,2.5709999999999997,2.5654,4.48945,0.0,0.0,0.0,0.0,0.0,0.0,0.0,0.0,0.8734,1.692,0.005493,2.5709999999999997,0.0,0.0,0.0,0.0,0.0,0.0,0.0,0.0,0.0,0.0,0.0,0.0,0.0,0.0,0.0,0.0,unvectored,none,2,2026-08-22T11:41:49+00:00
foldedclos_32_2_8_4_1p0_20nm_TT_0V9_25C_571p429MHz,foldedclos,data_width=32;terminals_per_leaf=2;num_leaves=8;num_spines=4;oversubscription=1.0,20nm,TT,0.9,25.0,1.75,571.4285714285714,32,2,8,4,1.0,V-2023.12-SP4,13122,13122,0,5058.979173,5058.979173,0.0,0.0,0.0,1.55,0.0,0.0,0,V-2023.12-SP4,11779,11779,0,4808.92,4808.92,0.0,7208.6784,0.6671,0.0,0.0,1.78,-0.23,-0.78,20,V-2023.12-SP3,V-2023.12-SP4,1.423,2.564,0.0054199999999999995,3.992,3.987,6.97725,0.0,0.0,0.0,0.0,0.0,0.0,0.0,0.0,1.423,2.564,0.0054199999999999995,3.992,0.0,0.0,0.0,0.0,0.0,0.0,0.0,0.0,0.0,0.0,0.0,0.0,0.0,0.0,0.0,0.0,vectored,random,2,2026-08-22T11:41:56+00:00
foldedclos_32_2_8_4_1p0_20nm_TT_0V9_25C_571p429MHz,foldedclos,data_width=32;terminals_per_leaf=2;num_leaves=8;num_spines=4;oversubscription=1.0,20nm,TT,0.9,25.0,1.75,571.4285714285714,32,2,8,4,1.0,V-2023.12-SP4,13122,13122,0,5058.979173,5058.979173,0.0,0.0,0.0,1.55,0.0,0.0,0,V-2023.12-SP4,11779,11779,0,4808.92,4808.92,0.0,7208.6784,0.6671,0.0,0.0,1.78,-0.23,-0.78,20,V-2023.12-SP3,V-2023.12-SP4,0.6037,1.366,0.005331000000000001,1.975,1.9697,3.446975,0.0,0.0,0.0,0.0,0.0,0.0,0.0,0.0,0.6037,1.366,0.005331000000000001,1.975,0.0,0.0,0.0,0.0,0.0,0.0,0.0,0.0,0.0,0.0,0.0,0.0,0.0,0.0,0.0,0.0,vectored,fixed_route,2,2026-08-22T11:42:03+00:00
foldedclos_32_2_8_4_0p5_20nm_TT_0V9_25C_400MHz,foldedclos,data_width=32;terminals_per_leaf=2;num_leaves=8;num_spines=4;oversubscription=0.5,20nm,TT,0.9,25.0,2.5,400.0,32,2,8,4,0.5,V-2023.12-SP4,12767,12767,0,5018.428773,5018.428773,0.0,0.0,0.0,2.3,0.0,0.0,0,V-2023.12-SP4,11247,11247,0,4720.64,4720.64,0.0,7107.408,0.6642,0.0,0.0,2.38,-0.08,-0.25,10,V-2023.12-SP3,V-2023.12-SP4,0.6056,1.166,0.0053809999999999995,1.777,1.7715999999999998,4.428999999999999,0.0,0.0,0.0,0.0,0.0,0.0,0.0,0.0,0.6056,1.166,0.0053809999999999995,1.777,0.0,0.0,0.0,0.0,0.0,0.0,0.0,0.0,0.0,0.0,0.0,0.0,0.0,0.0,0.0,0.0,unvectored,none,2,2026-08-22T12:04:03+00:00
foldedclos_32_2_8_4_0p5_20nm_TT_0V9_25C_400MHz,foldedclos,data_width=32;terminals_per_leaf=2;num_leaves=8;num_spines=4;oversubscription=0.5,20nm,TT,0.9,25.0,2.5,400.0,32,2,8,4,0.5,V-2023.12-SP4,12767,12767,0,5018.428773,5018.428773,0.0,0.0,0.0,2.3,0.0,0.0,0,V-2023.12-SP4,11247,11247,0,4720.64,4720.64,0.0,7107.408,0.6642,0.0,0.0,2.38,-0.08,-0.25,10,V-2023.12-SP3,V-2023.12-SP4,1.0219999999999998,1.8439999999999999,0.005308,2.871,2.8659999999999997,7.164999999999999,0.0,0.0,0.0,0.0,0.0,0.0,0.0,0.0,1.0219999999999998,1.8439999999999999,0.005308,2.871,0.0,0.0,0.0,0.0,0.0,0.0,0.0,0.0,0.0,0.0,0.0,0.0,0.0,0.0,0.0,0.0,vectored,random,2,2026-08-22T12:04:10+00:00
foldedclos_32_2_8_4_0p5_20nm_TT_0V9_25C_400MHz,foldedclos,data_width=32;terminals_per_leaf=2;num_leaves=8;num_spines=4;oversubscription=0.5,20nm,TT,0.9,25.0,2.5,400.0,32,2,8,4,0.5,V-2023.12-SP4,12767,12767,0,5018.428773,5018.428773,0.0,0.0,0.0,2.3,0.0,0.0,0,V-2023.12-SP4,11247,11247,0,4720.64,4720.64,0.0,7107.408,0.6642,0.0,0.0,2.38,-0.08,-0.25,10,V-2023.12-SP3,V-2023.12-SP4,0.449,0.9380000000000001,0.005195,1.392,1.387,3.4675000000000002,0.0,0.0,0.0,0.0,0.0,0.0,0.0,0.0,0.449,0.9380000000000001,0.005195,1.392,0.0,0.0,0.0,0.0,0.0,0.0,0.0,0.0,0.0,0.0,0.0,0.0,0.0,0.0,0.0,0.0,vectored,fixed_route,2,2026-08-22T12:04:17+00:00
foldedclos_32_2_8_4_0p5_20nm_TT_0V9_25C_571p429MHz,foldedclos,data_width=32;terminals_per_leaf=2;num_leaves=8;num_spines=4;oversubscription=0.5,20nm,TT,0.9,25.0,1.75,571.4285714285714,32,2,8,4,0.5,V-2023.12-SP4,13122,13122,0,5058.979173,5058.979173,0.0,0.0,0.0,1.55,0.0,0.0,0,V-2023.12-SP4,11779,11779,0,4808.92,4808.92,0.0,7208.6784,0.6671,0.0,0.0,1.79,-0.24,-0.79,22,V-2023.12-SP3,V-2023.12-SP4,0.8735,1.692,0.005493,2.5709999999999997,2.5655,4.489625,0.0,0.0,0.0,0.0,0.0,0.0,0.0,0.0,0.8735,1.692,0.005493,2.5709999999999997,0.0,0.0,0.0,0.0,0.0,0.0,0.0,0.0,0.0,0.0,0.0,0.0,0.0,0.0,0.0,0.0,unvectored,none,2,2026-08-22T12:12:42+00:00
foldedclos_32_2_8_4_0p5_20nm_TT_0V9_25C_571p429MHz,foldedclos,data_width=32;terminals_per_leaf=2;num_leaves=8;num_spines=4;oversubscription=0.5,20nm,TT,0.9,25.0,1.75,571.4285714285714,32,2,8,4,0.5,V-2023.12-SP4,13122,13122,0,5058.979173,5058.979173,0.0,0.0,0.0,1.55,0.0,0.0,0,V-2023.12-SP4,11779,11779,0,4808.92,4808.92,0.0,7208.6784,0.6671,0.0,0.0,1.79,-0.24,-0.79,22,V-2023.12-SP3,V-2023.12-SP4,1.424,2.564,0.0054210000000000005,3.993,3.988,6.979,0.0,0.0,0.0,0.0,0.0,0.0,0.0,0.0,1.424,2.564,0.0054210000000000005,3.993,0.0,0.0,0.0,0.0,0.0,0.0,0.0,0.0,0.0,0.0,0.0,0.0,0.0,0.0,0.0,0.0,vectored,random,2,2026-08-22T12:12:49+00:00
foldedclos_32_2_8_4_0p5_20nm_TT_0V9_25C_571p429MHz,foldedclos,data_width=32;terminals_per_leaf=2;num_leaves=8;num_spines=4;oversubscription=0.5,20nm,TT,0.9,25.0,1.75,571.4285714285714,32,2,8,4,0.5,V-2023.12-SP4,13122,13122,0,5058.979173,5058.979173,0.0,0.0,0.0,1.55,0.0,0.0,0,V-2023.12-SP4,11779,11779,0,4808.92,4808.92,0.0,7208.6784,0.6671,0.0,0.0,1.79,-0.24,-0.79,22,V-2023.12-SP3,V-2023.12-SP4,0.6037,1.366,0.005331000000000001,1.975,1.9697,3.446975,0.0,0.0,0.0,0.0,0.0,0.0,0.0,0.0,0.6037,1.366,0.005331000000000001,1.975,0.0,0.0,0.0,0.0,0.0,0.0,0.0,0.0,0.0,0.0,0.0,0.0,0.0,0.0,0.0,0.0,vectored,fixed_route,2,2026-08-22T12:12:56+00:00
foldedclos_64_2_8_4_1p0_20nm_TT_0V9_25C_800MHz,foldedclos,data_width=64;terminals_per_leaf=2;num_leaves=8;num_spines=4;oversubscription=1.0,20nm,TT,0.9,25.0,1.25,800.0,64,2,8,4,1.0,V-2023.12-SP4,22727,22727,0,9132.710351,9132.710351,0.0,0.0,0.0,1.05,0.0,0.0,0,V-2023.12-SP4,24467,24467,0,11377.34,11377.34,0.0,12970.848,0.8771,0.0,0.0,1.3,-0.25,-80.79,998,V-2023.12-SP3,V-2023.12-SP4,3.056,4.904999999999999,0.0156,7.976999999999999,7.960999999999999,9.95125,0.0,0.0,0.0,0.0,0.0,0.0,0.0,0.0,3.056,4.904999999999999,0.0156,7.976999999999999,0.0,0.0,0.0,0.0,0.0,0.0,0.0,0.0,0.0,0.0,0.0,0.0,0.0,0.0,0.0,0.0,unvectored,none,2,2026-08-22T13:04:02+00:00
foldedclos_64_2_8_4_1p0_20nm_TT_0V9_25C_800MHz,foldedclos,data_width=64;terminals_per_leaf=2;num_leaves=8;num_spines=4;oversubscription=1.0,20nm,TT,0.9,25.0,1.25,800.0,64,2,8,4,1.0,V-2023.12-SP4,22727,22727,0,9132.710351,9132.710351,0.0,0.0,0.0,1.05,0.0,0.0,0,V-2023.12-SP4,24467,24467,0,11377.34,11377.34,0.0,12970.848,0.8771,0.0,0.0,1.3,-0.25,-80.79,998,V-2023.12-SP3,V-2023.12-SP4,4.926,7.5329999999999995,0.01541,12.5,12.459,15.57375,0.0,0.0,0.0,0.0,0.0,0.0,0.0,0.0,4.926,7.5329999999999995,0.01541,12.5,0.0,0.0,0.0,0.0,0.0,0.0,0.0,0.0,0.0,0.0,0.0,0.0,0.0,0.0,0.0,0.0,vectored,random,2,2026-08-22T13:04:10+00:00
foldedclos_64_2_8_4_1p0_20nm_TT_0V9_25C_800MHz,foldedclos,data_width=64;terminals_per_leaf=2;num_leaves=8;num_spines=4;oversubscription=1.0,20nm,TT,0.9,25.0,1.25,800.0,64,2,8,4,1.0,V-2023.12-SP4,22727,22727,0,9132.710351,9132.710351,0.0,0.0,0.0,1.05,0.0,0.0,0,V-2023.12-SP4,24467,24467,0,11377.34,11377.34,0.0,12970.848,0.8771,0.0,0.0,1.3,-0.25,-80.79,998,V-2023.12-SP3,V-2023.12-SP4,2.213,3.908,0.01512,6.1370000000000005,6.121,7.651250000000001,0.0,0.0,0.0,0.0,0.0,0.0,0.0,0.0,2.213,3.908,0.01512,6.1370000000000005,0.0,0.0,0.0,0.0,0.0,0.0,0.0,0.0,0.0,0.0,0.0,0.0,0.0,0.0,0.0,0.0,vectored,fixed_route,2,2026-08-22T13:04:18+00:00
foldedclos_64_2_8_4_1p0_20nm_TT_0V9_25C_500MHz,foldedclos,data_width=64;terminals_per_leaf=2;num_leaves=8;num_spines=4;oversubscription=1.0,20nm,TT,0.9,25.0,2.0,500.0,64,2,8,4,1.0,V-2023.12-SP4,19780,19780,0,8196.671956,8196.671956,0.0,0.0,0.0,1.8,0.0,0.0,0,V-2023.12-SP4,19093,19093,0,8529.63,8529.63,0.0,11675.664,0.7305,0.0,0.0,1.97,-0.17,-1.21,33,V-2023.12-SP3,V-2023.12-SP4,1.4549999999999998,2.677,0.009843999999999999,4.1419999999999995,4.132,8.264,0.0,0.0,0.0,0.0,0.0,0.0,0.0,0.0,1.4549999999999998,2.677,0.009843999999999999,4.1419999999999995,0.0,0.0,0.0,0.0,0.0,0.0,0.0,0.0,0.0,0.0,0.0,0.0,0.0,0.0,0.0,0.0,unvectored,none,2,2026-08-22T13:43:08+00:00
foldedclos_64_2_8_4_1p0_20nm_TT_0V9_25C_500MHz,foldedclos,data_width=64;terminals_per_leaf=2;num_leaves=8;num_spines=4;oversubscription=1.0,20nm,TT,0.9,25.0,2.0,500.0,64,2,8,4,1.0,V-2023.12-SP4,19780,19780,0,8196.671956,8196.671956,0.0,0.0,0.0,1.8,0.0,0.0,0,V-2023.12-SP4,19093,19093,0,8529.63,8529.63,0.0,11675.664,0.7305,0.0,0.0,1.97,-0.17,-1.21,33,V-2023.12-SP3,V-2023.12-SP4,2.3930000000000002,4.17,0.009708,6.5729999999999995,6.563000000000001,13.126000000000001,0.0,0.0,0.0,0.0,0.0,0.0,0.0,0.0,2.3930000000000002,4.17,0.009708,6.5729999999999995,0.0,0.0,0.0,0.0,0.0,0.0,0.0,0.0,0.0,0.0,0.0,0.0,0.0,0.0,0.0,0.0,vectored,random,2,2026-08-22T13:43:16+00:00
foldedclos_64_2_8_4_1p0_20nm_TT_0V9_25C_500MHz,foldedclos,data_width=64;terminals_per_leaf=2;num_leaves=8;num_spines=4;oversubscription=1.0,20nm,TT,0.9,25.0,2.0,500.0,64,2,8,4,1.0,V-2023.12-SP4,19780,19780,0,8196.671956,8196.671956,0.0,0.0,0.0,1.8,0.0,0.0,0,V-2023.12-SP4,19093,19093,0,8529.63,8529.63,0.0,11675.664,0.7305,0.0,0.0,1.97,-0.17,-1.21,33,V-2023.12-SP3,V-2023.12-SP4,1.167,2.245,0.009513,3.421,3.412,6.824,0.0,0.0,0.0,0.0,0.0,0.0,0.0,0.0,1.167,2.245,0.009513,3.421,0.0,0.0,0.0,0.0,0.0,0.0,0.0,0.0,0.0,0.0,0.0,0.0,0.0,0.0,0.0,0.0,vectored,fixed_route,2,2026-08-22T13:43:24+00:00
foldedclos_64_2_8_4_0p5_20nm_TT_0V9_25C_800MHz,foldedclos,data_width=64;terminals_per_leaf=2;num_leaves=8;num_spines=4;oversubscription=0.5,20nm,TT,0.9,25.0,1.25,800.0,64,2,8,4,0.5,V-2023.12-SP4,22727,22727,0,9132.710351,9132.710351,0.0,0.0,0.0,1.05,0.0,0.0,0,V-2023.12-SP4,24467,24467,0,11377.34,11377.34,0.0,12970.848,0.8771,0.0,0.0,1.3,-0.25,-81.57,1013,V-2023.12-SP3,V-2023.12-SP4,3.056,4.906,0.0156,7.978000000000001,7.962,9.9525,0.0,0.0,0.0,0.0,0.0,0.0,0.0,0.0,3.056,4.906,0.0156,7.978000000000001,0.0,0.0,0.0,0.0,0.0,0.0,0.0,0.0,0.0,0.0,0.0,0.0,0.0,0.0,0.0,0.0,unvectored,none,2,2026-08-22T14:34:02+00:00
foldedclos_64_2_8_4_0p5_20nm_TT_0V9_25C_800MHz,foldedclos,data_width=64;terminals_per_leaf=2;num_leaves=8;num_spines=4;oversubscription=0.5,20nm,TT,0.9,25.0,1.25,800.0,64,2,8,4,0.5,V-2023.12-SP4,22727,22727,0,9132.710351,9132.710351,0.0,0.0,0.0,1.05,0.0,0.0,0,V-2023.12-SP4,24467,24467,0,11377.34,11377.34,0.0,12970.848,0.8771,0.0,0.0,1.3,-0.25,-81.57,1013,V-2023.12-SP3,V-2023.12-SP4,4.924,7.5329999999999995,0.01541,12.5,12.457,15.571250000000001,0.0,0.0,0.0,0.0,0.0,0.0,0.0,0.0,4.924,7.5329999999999995,0.01541,12.5,0.0,0.0,0.0,0.0,0.0,0.0,0.0,0.0,0.0,0.0,0.0,0.0,0.0,0.0,0.0,0.0,vectored,random,2,2026-08-22T14:34:10+00:00
foldedclos_64_2_8_4_0p5_20nm_TT_0V9_25C_800MHz,foldedclos,data_width=64;terminals_per_leaf=2;num_leaves=8;num_spines=4;oversubscription=0.5,20nm,TT,0.9,25.0,1.25,800.0,64,2,8,4,0.5,V-2023.12-SP4,22727,22727,0,9132.710351,9132.710351,0.0,0.0,0.0,1.05,0.0,0.0,0,V-2023.12-SP4,24467,24467,0,11377.34,11377.34,0.0,12970.848,0.8771,0.0,0.0,1.3,-0.25,-81.57,1013,V-2023.12-SP3,V-2023.12-SP4,2.213,3.91,0.01512,6.139,6.123,7.6537500000000005,0.0,0.0,0.0,0.0,0.0,0.0,0.0,0.0,2.213,3.91,0.01512,6.139,0.0,0.0,0.0,0.0,0.0,0.0,0.0,0.0,0.0,0.0,0.0,0.0,0.0,0.0,0.0,0.0,vectored,fixed_route,2,2026-08-22T14:34:18+00:00
foldedclos_64_2_8_4_0p5_20nm_TT_0V9_25C_500MHz,foldedclos,data_width=64;terminals_per_leaf=2;num_leaves=8;num_spines=4;oversubscription=0.5,20nm,TT,0.9,25.0,2.0,500.0,64,2,8,4,0.5,V-2023.12-SP4,19780,19780,0,8196.671956,8196.671956,0.0,0.0,0.0,1.8,0.0,0.0,0,V-2023.12-SP4,19093,19093,0,8529.63,8529.63,0.0,11675.664,0.7305,0.0,0.0,1.96,-0.16,-1.11,32,V-2023.12-SP3,V-2023.12-SP4,1.4549999999999998,2.678,0.009843999999999999,4.143,4.133,8.266,0.0,0.0,0.0,0.0,0.0,0.0,0.0,0.0,1.4549999999999998,2.678,0.009843999999999999,4.143,0.0,0.0,0.0,0.0,0.0,0.0,0.0,0.0,0.0,0.0,0.0,0.0,0.0,0.0,0.0,0.0,unvectored,none,2,2026-08-22T15:12:05+00:00
foldedclos_64_2_8_4_0p5_20nm_TT_0V9_25C_500MHz,foldedclos,data_width=64;terminals_per_leaf=2;num_leaves=8;num_spines=4;oversubscription=0.5,20nm,TT,0.9,25.0,2.0,500.0,64,2,8,4,0.5,V-2023.12-SP4,19780,19780,0,8196.671956,8196.671956,0.0,0.0,0.0,1.8,0.0,0.0,0,V-2023.12-SP4,19093,19093,0,8529.63,8529.63,0.0,11675.664,0.7305,0.0,0.0,1.96,-0.16,-1.11,32,V-2023.12-SP3,V-2023.12-SP4,2.3930000000000002,4.171,0.009708,6.574,6.564,13.128,0.0,0.0,0.0,0.0,0.0,0.0,0.0,0.0,2.3930000000000002,4.171,0.009708,6.574,0.0,0.0,0.0,0.0,0.0,0.0,0.0,0.0,0.0,0.0,0.0,0.0,0.0,0.0,0.0,0.0,vectored,random,2,2026-08-22T15:12:13+00:00
foldedclos_64_2_8_4_0p5_20nm_TT_0V9_25C_500MHz,foldedclos,data_width=64;terminals_per_leaf=2;num_leaves=8;num_spines=4;oversubscription=0.5,20nm,TT,0.9,25.0,2.0,500.0,64,2,8,4,0.5,V-2023.12-SP4,19780,19780,0,8196.671956,8196.671956,0.0,0.0,0.0,1.8,0.0,0.0,0,V-2023.12-SP4,19093,19093,0,8529.63,8529.63,0.0,11675.664,0.7305,0.0,0.0,1.96,-0.16,-1.11,32,V-2023.12-SP3,V-2023.12-SP4,1.167,2.248,0.009513,3.424,3.415,6.83,0.0,0.0,0.0,0.0,0.0,0.0,0.0,0.0,1.167,2.248,0.009513,3.424,0.0,0.0,0.0,0.0,0.0,0.0,0.0,0.0,0.0,0.0,0.0,0.0,0.0,0.0,0.0,0.0,vectored,fixed_route,2,2026-08-22T15:12:21+00:00
foldedclos_32_4_4_2_0p5_20nm_TT_0V9_25C_400MHz,foldedclos,data_width=32;terminals_per_leaf=4;num_leaves=4;num_spines=2;oversubscription=0.5,20nm,TT,0.9,25.0,2.5,400.0,32,4,4,2,0.5,V-2023.12-SP4,12767,12767,0,5018.428773,5018.428773,0.0,0.0,0.0,2.3,0.0,0.0,0,V-2023.12-SP4,11247,11247,0,4720.64,4720.64,0.0,7107.408,0.6642,0.0,0.0,2.39,-0.09,-0.29,9,V-2023.12-SP3,V-2023.12-SP4,0.6056,1.166,0.0053809999999999995,1.777,1.7715999999999998,4.428999999999999,0.0,0.0,0.0,0.0,0.0,0.0,0.0,0.0,0.6056,1.166,0.0053809999999999995,1.777,0.0,0.0,0.0,0.0,0.0,0.0,0.0,0.0,0.0,0.0,0.0,0.0,0.0,0.0,0.0,0.0,unvectored,none,2,2026-08-22T15:34:31+00:00
foldedclos_32_4_4_2_0p5_20nm_TT_0V9_25C_400MHz,foldedclos,data_width=32;terminals_per_leaf=4;num_leaves=4;num_spines=2;oversubscription=0.5,20nm,TT,0.9,25.0,2.5,400.0,32,4,4,2,0.5,V-2023.12-SP4,12767,12767,0,5018.428773,5018.428773,0.0,0.0,0.0,2.3,0.0,0.0,0,V-2023.12-SP4,11247,11247,0,4720.64,4720.64,0.0,7107.408,0.6642,0.0,0.0,2.39,-0.09,-0.29,9,V-2023.12-SP3,V-2023.12-SP4,1.0230000000000001,1.845,0.005308,2.873,2.8680000000000003,7.170000000000001,0.0,0.0,0.0,0.0,0.0,0.0,0.0,0.0,1.0230000000000001,1.845,0.005308,2.873,0.0,0.0,0.0,0.0,0.0,0.0,0.0,0.0,0.0,0.0,0.0,0.0,0.0,0.0,0.0,0.0,vectored,random,2,2026-08-22T15:34:38+00:00
foldedclos_32_4_4_2_0p5_20nm_TT_0V9_25C_400MHz,foldedclos,data_width=32;terminals_per_leaf=4;num_leaves=4;num_spines=2;oversubscription=0.5,20nm,TT,0.9,25.0,2.5,400.0,32,4,4,2,0.5,V-2023.12-SP4,12767,12767,0,5018.428773,5018.428773,0.0,0.0,0.0,2.3,0.0,0.0,0,V-2023.12-SP4,11247,11247,0,4720.64,4720.64,0.0,7107.408,0.6642,0.0,0.0,2.39,-0.09,-0.29,9,V-2023.12-SP3,V-2023.12-SP4,0.449,0.9382,0.005195,1.392,1.3872,3.468,0.0,0.0,0.0,0.0,0.0,0.0,0.0,0.0,0.449,0.9382,0.005195,1.392,0.0,0.0,0.0,0.0,0.0,0.0,0.0,0.0,0.0,0.0,0.0,0.0,0.0,0.0,0.0,0.0,vectored,fixed_route,2,2026-08-22T15:34:45+00:00
foldedclos_32_4_4_2_0p5_20nm_TT_0V9_25C_571p429MHz,foldedclos,data_width=32;terminals_per_leaf=4;num_leaves=4;num_spines=2;oversubscription=0.5,20nm,TT,0.9,25.0,1.75,571.4285714285714,32,4,4,2,0.5,V-2023.12-SP4,13122,13122,0,5058.979173,5058.979173,0.0,0.0,0.0,1.55,0.0,0.0,0,V-2023.12-SP4,11779,11779,0,4808.92,4808.92,0.0,7208.6784,0.6671,0.0,0.0,1.78,-0.23,-0.75,22,V-2023.12-SP3,V-2023.12-SP4,0.8734,1.691,0.005493,2.57,2.5644,4.4877,0.0,0.0,0.0,0.0,0.0,0.0,0.0,0.0,0.8734,1.691,0.005493,2.57,0.0,0.0,0.0,0.0,0.0,0.0,0.0,0.0,0.0,0.0,0.0,0.0,0.0,0.0,0.0,0.0,unvectored,none,2,2026-08-22T15:43:10+00:00
foldedclos_32_4_4_2_0p5_20nm_TT_0V9_25C_571p429MHz,foldedclos,data_width=32;terminals_per_leaf=4;num_leaves=4;num_spines=2;oversubscription=0.5,20nm,TT,0.9,25.0,1.75,571.4285714285714,32,4,4,2,0.5,V-2023.12-SP4,13122,13122,0,5058.979173,5058.979173,0.0,0.0,0.0,1.55,0.0,0.0,0,V-2023.12-SP4,11779,11779,0,4808.92,4808.92,0.0,7208.6784,0.6671,0.0,0.0,1.78,-0.23,-0.75,22,V-2023.12-SP3,V-2023.12-SP4,1.423,2.562,0.0054199999999999995,3.9909999999999997,3.985,6.97375,0.0,0.0,0.0,0.0,0.0,0.0,0.0,0.0,1.423,2.562,0.0054199999999999995,3.9909999999999997,0.0,0.0,0.0,0.0,0.0,0.0,0.0,0.0,0.0,0.0,0.0,0.0,0.0,0.0,0.0,0.0,vectored,random,2,2026-08-22T15:43:17+00:00
foldedclos_32_4_4_2_0p5_20nm_TT_0V9_25C_571p429MHz,foldedclos,data_width=32;terminals_per_leaf=4;num_leaves=4;num_spines=2;oversubscription=0.5,20nm,TT,0.9,25.0,1.75,571.4285714285714,32,4,4,2,0.5,V-2023.12-SP4,13122,13122,0,5058.979173,5058.979173,0.0,0.0,0.0,1.55,0.0,0.0,0,V-2023.12-SP4,11779,11779,0,4808.92,4808.92,0.0,7208.6784,0.6671,0.0,0.0,1.78,-0.23,-0.75,22,V-2023.12-SP3,V-2023.12-SP4,0.6037,1.366,0.005331000000000001,1.975,1.9697,3.446975,0.0,0.0,0.0,0.0,0.0,0.0,0.0,0.0,0.6037,1.366,0.005331000000000001,1.975,0.0,0.0,0.0,0.0,0.0,0.0,0.0,0.0,0.0,0.0,0.0,0.0,0.0,0.0,0.0,0.0,vectored,fixed_route,2,2026-08-22T15:43:24+00:00
foldedclos_64_4_4_2_0p5_20nm_TT_0V9_25C_800MHz,foldedclos,data_width=64;terminals_per_leaf=4;num_leaves=4;num_spines=2;oversubscription=0.5,20nm,TT,0.9,25.0,1.25,800.0,64,4,4,2,0.5,V-2023.12-SP4,22727,22727,0,9132.710351,9132.710351,0.0,0.0,0.0,1.05,0.0,0.0,0,V-2023.12-SP4,24467,24467,0,11377.34,11377.34,0.0,12970.848,0.8771,0.0,0.0,1.3,-0.25,-81.16,1004,V-2023.12-SP3,V-2023.12-SP4,3.056,4.904000000000001,0.0156,7.976000000000001,7.960000000000001,9.950000000000001,0.0,0.0,0.0,0.0,0.0,0.0,0.0,0.0,3.056,4.904000000000001,0.0156,7.976000000000001,0.0,0.0,0.0,0.0,0.0,0.0,0.0,0.0,0.0,0.0,0.0,0.0,0.0,0.0,0.0,0.0,unvectored,none,2,2026-08-22T16:34:29+00:00
foldedclos_64_4_4_2_0p5_20nm_TT_0V9_25C_800MHz,foldedclos,data_width=64;terminals_per_leaf=4;num_leaves=4;num_spines=2;oversubscription=0.5,20nm,TT,0.9,25.0,1.25,800.0,64,4,4,2,0.5,V-2023.12-SP4,22727,22727,0,9132.710351,9132.710351,0.0,0.0,0.0,1.05,0.0,0.0,0,V-2023.12-SP4,24467,24467,0,11377.34,11377.34,0.0,12970.848,0.8771,0.0,0.0,1.3,-0.25,-81.16,1004,V-2023.12-SP3,V-2023.12-SP4,4.925,7.532,0.01541,12.5,12.457,15.571250000000001,0.0,0.0,0.0,0.0,0.0,0.0,0.0,0.0,4.925,7.532,0.01541,12.5,0.0,0.0,0.0,0.0,0.0,0.0,0.0,0.0,0.0,0.0,0.0,0.0,0.0,0.0,0.0,0.0,vectored,random,2,2026-08-22T16:34:37+00:00
foldedclos_64_4_4_2_0p5_20nm_TT_0V9_25C_800MHz,foldedclos,data_width=64;terminals_per_leaf=4;num_leaves=4;num_spines=2;oversubscription=0.5,20nm,TT,0.9,25.0,1.25,800.0,64,4,4,2,0.5,V-2023.12-SP4,22727,22727,0,9132.710351,9132.710351,0.0,0.0,0.0,1.05,0.0,0.0,0,V-2023.12-SP4,24467,24467,0,11377.34,11377.34,0.0,12970.848,0.8771,0.0,0.0,1.3,-0.25,-81.16,1004,V-2023.12-SP3,V-2023.12-SP4,2.214,3.91,0.01512,6.138,6.1240000000000006,7.655000000000001,0.0,0.0,0.0,0.0,0.0,0.0,0.0,0.0,2.214,3.91,0.01512,6.138,0.0,0.0,0.0,0.0,0.0,0.0,0.0,0.0,0.0,0.0,0.0,0.0,0.0,0.0,0.0,0.0,vectored,fixed_route,2,2026-08-22T16:34:45+00:00
foldedclos_64_4_4_2_0p5_20nm_TT_0V9_25C_500MHz,foldedclos,data_width=64;terminals_per_leaf=4;num_leaves=4;num_spines=2;oversubscription=0.5,20nm,TT,0.9,25.0,2.0,500.0,64,4,4,2,0.5,V-2023.12-SP4,19780,19780,0,8196.671956,8196.671956,0.0,0.0,0.0,1.8,0.0,0.0,0,V-2023.12-SP4,19093,19093,0,8529.63,8529.63,0.0,11675.664,0.7305,0.0,0.0,1.96,-0.16,-1.12,30,V-2023.12-SP3,V-2023.12-SP4,1.4549999999999998,2.68,0.009843999999999999,4.1450000000000005,4.135,8.27,0.0,0.0,0.0,0.0,0.0,0.0,0.0,0.0,1.4549999999999998,2.68,0.009843999999999999,4.1450000000000005,0.0,0.0,0.0,0.0,0.0,0.0,0.0,0.0,0.0,0.0,0.0,0.0,0.0,0.0,0.0,0.0,unvectored,none,2,2026-08-22T17:12:21+00:00
foldedclos_64_4_4_2_0p5_20nm_TT_0V9_25C_500MHz,foldedclos,data_width=64;terminals_per_leaf=4;num_leaves=4;num_spines=2;oversubscription=0.5,20nm,TT,0.9,25.0,2.0,500.0,64,4,4,2,0.5,V-2023.12-SP4,19780,19780,0,8196.671956,8196.671956,0.0,0.0,0.0,1.8,0.0,0.0,0,V-2023.12-SP4,19093,19093,0,8529.63,8529.63,0.0,11675.664,0.7305,0.0,0.0,1.96,-0.16,-1.12,30,V-2023.12-SP3,V-2023.12-SP4,2.396,4.18,0.009708,6.585999999999999,6.576,13.152,0.0,0.0,0.0,0.0,0.0,0.0,0.0,0.0,2.396,4.18,0.009708,6.585999999999999,0.0,0.0,0.0,0.0,0.0,0.0,0.0,0.0,0.0,0.0,0.0,0.0,0.0,0.0,0.0,0.0,vectored,random,2,2026-08-22T17:12:28+00:00
foldedclos_64_4_4_2_0p5_20nm_TT_0V9_25C_500MHz,foldedclos,data_width=64;terminals_per_leaf=4;num_leaves=4;num_spines=2;oversubscription=0.5,20nm,TT,0.9,25.0,2.0,500.0,64,4,4,2,0.5,V-2023.12-SP4,19780,19780,0,8196.671956,8196.671956,0.0,0.0,0.0,1.8,0.0,0.0,0,V-2023.12-SP4,19093,19093,0,8529.63,8529.63,0.0,11675.664,0.7305,0.0,0.0,1.96,-0.16,-1.12,30,V-2023.12-SP3,V-2023.12-SP4,1.167,2.249,0.009513,3.4259999999999997,3.4160000000000004,6.832000000000001,0.0,0.0,0.0,0.0,0.0,0.0,0.0,0.0,1.167,2.249,0.009513,3.4259999999999997,0.0,0.0,0.0,0.0,0.0,0.0,0.0,0.0,0.0,0.0,0.0,0.0,0.0,0.0,0.0,0.0,vectored,fixed_route,2,2026-08-22T17:12:36+00:00
foldedclos_64_4_4_4_0p5_20nm_TT_0V9_25C_800MHz,foldedclos,data_width=64;terminals_per_leaf=4;num_leaves=4;num_spines=4;oversubscription=0.5,20nm,TT,0.9,25.0,1.25,800.0,64,4,4,4,0.5,V-2023.12-SP4,22727,22727,0,9132.710351,9132.710351,0.0,0.0,0.0,1.05,0.0,0.0,0,V-2023.12-SP4,24467,24467,0,11377.34,11377.34,0.0,12970.848,0.8771,0.0,0.0,1.32,-0.27,-81.19,1002,V-2023.12-SP3,V-2023.12-SP4,3.056,4.9030000000000005,0.0156,7.975,7.9590000000000005,9.94875,0.0,0.0,0.0,0.0,0.0,0.0,0.0,0.0,3.056,4.9030000000000005,0.0156,7.975,0.0,0.0,0.0,0.0,0.0,0.0,0.0,0.0,0.0,0.0,0.0,0.0,0.0,0.0,0.0,0.0,unvectored,none,2,2026-08-22T18:02:39+00:00
foldedclos_64_4_4_4_0p5_20nm_TT_0V9_25C_800MHz,foldedclos,data_width=64;terminals_per_leaf=4;num_leaves=4;num_spines=4;oversubscription=0.5,20nm,TT,0.9,25.0,1.25,800.0,64,4,4,4,0.5,V-2023.12-SP4,22727,22727,0,9132.710351,9132.710351,0.0,0.0,0.0,1.05,0.0,0.0,0,V-2023.12-SP4,24467,24467,0,11377.34,11377.34,0.0,12970.848,0.8771,0.0,0.0,1.32,-0.27,-81.19,1002,V-2023.12-SP3,V-2023.12-SP4,4.925,7.53,0.015400000000000002,12.5,12.455,15.56875,0.0,0.0,0.0,0.0,0.0,0.0,0.0,0.0,4.925,7.53,0.015400000000000002,12.5,0.0,0.0,0.0,0.0,0.0,0.0,0.0,0.0,0.0,0.0,0.0,0.0,0.0,0.0,0.0,0.0,vectored,random,2,2026-08-22T18:02:47+00:00
foldedclos_64_4_4_4_0p5_20nm_TT_0V9_25C_800MHz,foldedclos,data_width=64;terminals_per_leaf=4;num_leaves=4;num_spines=4;oversubscription=0.5,20nm,TT,0.9,25.0,1.25,800.0,64,4,4,4,0.5,V-2023.12-SP4,22727,22727,0,9132.710351,9132.710351,0.0,0.0,0.0,1.05,0.0,0.0,0,V-2023.12-SP4,24467,24467,0,11377.34,11377.34,0.0,12970.848,0.8771,0.0,0.0,1.32,-0.27,-81.19,1002,V-2023.12-SP3,V-2023.12-SP4,2.213,3.907,0.01512,6.136,6.12,7.65,0.0,0.0,0.0,0.0,0.0,0.0,0.0,0.0,2.213,3.907,0.01512,6.136,0.0,0.0,0.0,0.0,0.0,0.0,0.0,0.0,0.0,0.0,0.0,0.0,0.0,0.0,0.0,0.0,vectored,fixed_route,2,2026-08-22T18:02:55+00:00
foldedclos_64_4_4_4_0p5_20nm_TT_0V9_25C_500MHz,foldedclos,data_width=64;terminals_per_leaf=4;num_leaves=4;num_spines=4;oversubscription=0.5,20nm,TT,0.9,25.0,2.0,500.0,64,4,4,4,0.5,V-2023.12-SP4,19780,19780,0,8196.671956,8196.671956,0.0,0.0,0.0,1.8,0.0,0.0,0,V-2023.12-SP4,19093,19093,0,8529.63,8529.63,0.0,11675.664,0.7305,0.0,0.0,1.96,-0.16,-1.24,36,V-2023.12-SP3,V-2023.12-SP4,1.4549999999999998,2.677,0.009843999999999999,4.1419999999999995,4.132,8.264,0.0,0.0,0.0,0.0,0.0,0.0,0.0,0.0,1.4549999999999998,2.677,0.009843999999999999,4.1419999999999995,0.0,0.0,0.0,0.0,0.0,0.0,0.0,0.0,0.0,0.0,0.0,0.0,0.0,0.0,0.0,0.0,unvectored,none,2,2026-08-22T18:41:33+00:00
foldedclos_64_4_4_4_0p5_20nm_TT_0V9_25C_500MHz,foldedclos,data_width=64;terminals_per_leaf=4;num_leaves=4;num_spines=4;oversubscription=0.5,20nm,TT,0.9,25.0,2.0,500.0,64,4,4,4,0.5,V-2023.12-SP4,19780,19780,0,8196.671956,8196.671956,0.0,0.0,0.0,1.8,0.0,0.0,0,V-2023.12-SP4,19093,19093,0,8529.63,8529.63,0.0,11675.664,0.7305,0.0,0.0,1.96,-0.16,-1.24,36,V-2023.12-SP3,V-2023.12-SP4,2.3939999999999997,4.172000000000001,0.009708,6.5760000000000005,6.566000000000001,13.132000000000001,0.0,0.0,0.0,0.0,0.0,0.0,0.0,0.0,2.3939999999999997,4.172000000000001,0.009708,6.5760000000000005,0.0,0.0,0.0,0.0,0.0,0.0,0.0,0.0,0.0,0.0,0.0,0.0,0.0,0.0,0.0,0.0,vectored,random,2,2026-08-22T18:41:41+00:00
foldedclos_64_4_4_4_0p5_20nm_TT_0V9_25C_500MHz,foldedclos,data_width=64;terminals_per_leaf=4;num_leaves=4;num_spines=4;oversubscription=0.5,20nm,TT,0.9,25.0,2.0,500.0,64,4,4,4,0.5,V-2023.12-SP4,19780,19780,0,8196.671956,8196.671956,0.0,0.0,0.0,1.8,0.0,0.0,0,V-2023.12-SP4,19093,19093,0,8529.63,8529.63,0.0,11675.664,0.7305,0.0,0.0,1.96,-0.16,-1.24,36,V-2023.12-SP3,V-2023.12-SP4,1.166,2.245,0.009513,3.421,3.411,6.822,0.0,0.0,0.0,0.0,0.0,0.0,0.0,0.0,1.166,2.245,0.009513,3.421,0.0,0.0,0.0,0.0,0.0,0.0,0.0,0.0,0.0,0.0,0.0,0.0,0.0,0.0,0.0,0.0,vectored,fixed_route,2,2026-08-22T18:41:48+00:00
foldedclos_32_4_4_8_1p0_20nm_TT_0V9_25C_400MHz,foldedclos,data_width=32;terminals_per_leaf=4;num_leaves=4;num_spines=8;oversubscription=1.0,20nm,TT,0.9,25.0,2.5,400.0,32,4,4,8,1.0,V-2023.12-SP4,12767,12767,0,5018.428773,5018.428773,0.0,0.0,0.0,2.3,0.0,0.0,0,V-2023.12-SP4,11247,11247,0,4720.64,4720.64,0.0,7107.408,0.6642,0.0,0.0,2.38,-0.08,-0.26,9,V-2023.12-SP3,V-2023.12-SP4,0.6056,1.167,0.0053809999999999995,1.778,1.7726000000000002,4.431500000000001,0.0,0.0,0.0,0.0,0.0,0.0,0.0,0.0,0.6056,1.167,0.0053809999999999995,1.778,0.0,0.0,0.0,0.0,0.0,0.0,0.0,0.0,0.0,0.0,0.0,0.0,0.0,0.0,0.0,0.0,unvectored,none,2,2026-08-22T19:03:56+00:00
foldedclos_32_4_4_8_1p0_20nm_TT_0V9_25C_400MHz,foldedclos,data_width=32;terminals_per_leaf=4;num_leaves=4;num_spines=8;oversubscription=1.0,20nm,TT,0.9,25.0,2.5,400.0,32,4,4,8,1.0,V-2023.12-SP4,12767,12767,0,5018.428773,5018.428773,0.0,0.0,0.0,2.3,0.0,0.0,0,V-2023.12-SP4,11247,11247,0,4720.64,4720.64,0.0,7107.408,0.6642,0.0,0.0,2.38,-0.08,-0.26,9,V-2023.12-SP3,V-2023.12-SP4,1.0230000000000001,1.845,0.005308,2.873,2.8680000000000003,7.170000000000001,0.0,0.0,0.0,0.0,0.0,0.0,0.0,0.0,1.0230000000000001,1.845,0.005308,2.873,0.0,0.0,0.0,0.0,0.0,0.0,0.0,0.0,0.0,0.0,0.0,0.0,0.0,0.0,0.0,0.0,vectored,random,2,2026-08-22T19:04:03+00:00
foldedclos_32_4_4_8_1p0_20nm_TT_0V9_25C_400MHz,foldedclos,data_width=32;terminals_per_leaf=4;num_leaves=4;num_spines=8;oversubscription=1.0,20nm,TT,0.9,25.0,2.5,400.0,32,4,4,8,1.0,V-2023.12-SP4,12767,12767,0,5018.428773,5018.428773,0.0,0.0,0.0,2.3,0.0,0.0,0,V-2023.12-SP4,11247,11247,0,4720.64,4720.64,0.0,7107.408,0.6642,0.0,0.0,2.38,-0.08,-0.26,9,V-2023.12-SP3,V-2023.12-SP4,0.449,0.9389,0.005195,1.393,1.3879,3.46975,0.0,0.0,0.0,0.0,0.0,0.0,0.0,0.0,0.449,0.9389,0.005195,1.393,0.0,0.0,0.0,0.0,0.0,0.0,0.0,0.0,0.0,0.0,0.0,0.0,0.0,0.0,0.0,0.0,vectored,fixed_route,2,2026-08-22T19:04:10+00:00
foldedclos_32_4_4_8_1p0_20nm_TT_0V9_25C_571p429MHz,foldedclos,data_width=32;terminals_per_leaf=4;num_leaves=4;num_spines=8;oversubscription=1.0,20nm,TT,0.9,25.0,1.75,571.4285714285714,32,4,4,8,1.0,V-2023.12-SP4,13122,13122,0,5058.979173,5058.979173,0.0,0.0,0.0,1.55,0.0,0.0,0,V-2023.12-SP4,11779,11779,0,4808.92,4808.92,0.0,7208.6784,0.6671,0.0,0.0,1.78,-0.23,-0.77,22,V-2023.12-SP3,V-2023.12-SP4,0.8734,1.691,0.005493,2.57,2.5644,4.4877,0.0,0.0,0.0,0.0,0.0,0.0,0.0,0.0,0.8734,1.691,0.005493,2.57,0.0,0.0,0.0,0.0,0.0,0.0,0.0,0.0,0.0,0.0,0.0,0.0,0.0,0.0,0.0,0.0,unvectored,none,2,2026-08-22T19:12:52+00:00
foldedclos_32_4_4_8_1p0_20nm_TT_0V9_25C_571p429MHz,foldedclos,data_width=32;terminals_per_leaf=4;num_leaves=4;num_spines=8;oversubscription=1.0,20nm,TT,0.9,25.0,1.75,571.4285714285714,32,4,4,8,1.0,V-2023.12-SP4,13122,13122,0,5058.979173,5058.979173,0.0,0.0,0.0,1.55,0.0,0.0,0,V-2023.12-SP4,11779,11779,0,4808.92,4808.92,0.0,7208.6784,0.6671,0.0,0.0,1.78,-0.23,-0.77,22,V-2023.12-SP3,V-2023.12-SP4,1.423,2.562,0.0054199999999999995,3.9909999999999997,3.985,6.97375,0.0,0.0,0.0,0.0,0.0,0.0,0.0,0.0,1.423,2.562,0.0054199999999999995,3.9909999999999997,0.0,0.0,0.0,0.0,0.0,0.0,0.0,0.0,0.0,0.0,0.0,0.0,0.0,0.0,0.0,0.0,vectored,random,2,2026-08-22T19:12:59+00:00
foldedclos_32_4_4_8_1p0_20nm_TT_0V9_25C_571p429MHz,foldedclos,data_width=32;terminals_per_leaf=4;num_leaves=4;num_spines=8;oversubscription=1.0,20nm,TT,0.9,25.0,1.75,571.4285714285714,32,4,4,8,1.0,V-2023.12-SP4,13122,13122,0,5058.979173,5058.979173,0.0,0.0,0.0,1.55,0.0,0.0,0,V-2023.12-SP4,11779,11779,0,4808.92,4808.92,0.0,7208.6784,0.6671,0.0,0.0,1.78,-0.23,-0.77,22,V-2023.12-SP3,V-2023.12-SP4,0.6037,1.366,0.005331000000000001,1.975,1.9697,3.446975,0.0,0.0,0.0,0.0,0.0,0.0,0.0,0.0,0.6037,1.366,0.005331000000000001,1.975,0.0,0.0,0.0,0.0,0.0,0.0,0.0,0.0,0.0,0.0,0.0,0.0,0.0,0.0,0.0,0.0,vectored,fixed_route,2,2026-08-22T19:13:06+00:00
foldedclos_32_4_4_8_0p5_20nm_TT_0V9_25C_400MHz,foldedclos,data_width=32;terminals_per_leaf=4;num_leaves=4;num_spines=8;oversubscription=0.5,20nm,TT,0.9,25.0,2.5,400.0,32,4,4,8,0.5,V-2023.12-SP4,12767,12767,0,5018.428773,5018.428773,0.0,0.0,0.0,2.3,0.0,0.0,0,V-2023.12-SP4,11247,11247,0,4720.64,4720.64,0.0,7107.408,0.6642,0.0,0.0,2.39,-0.09,-0.26,10,V-2023.12-SP3,V-2023.12-SP4,0.6056,1.166,0.0053809999999999995,1.777,1.7715999999999998,4.428999999999999,0.0,0.0,0.0,0.0,0.0,0.0,0.0,0.0,0.6056,1.166,0.0053809999999999995,1.777,0.0,0.0,0.0,0.0,0.0,0.0,0.0,0.0,0.0,0.0,0.0,0.0,0.0,0.0,0.0,0.0,unvectored,none,2,2026-08-22T19:35:41+00:00
foldedclos_32_4_4_8_0p5_20nm_TT_0V9_25C_400MHz,foldedclos,data_width=32;terminals_per_leaf=4;num_leaves=4;num_spines=8;oversubscription=0.5,20nm,TT,0.9,25.0,2.5,400.0,32,4,4,8,0.5,V-2023.12-SP4,12767,12767,0,5018.428773,5018.428773,0.0,0.0,0.0,2.3,0.0,0.0,0,V-2023.12-SP4,11247,11247,0,4720.64,4720.64,0.0,7107.408,0.6642,0.0,0.0,2.39,-0.09,-0.26,10,V-2023.12-SP3,V-2023.12-SP4,1.0230000000000001,1.8439999999999999,0.005308,2.872,2.867,7.1675,0.0,0.0,0.0,0.0,0.0,0.0,0.0,0.0,1.0230000000000001,1.8439999999999999,0.005308,2.872,0.0,0.0,0.0,0.0,0.0,0.0,0.0,0.0,0.0,0.0,0.0,0.0,0.0,0.0,0.0,0.0,vectored,random,2,2026-08-22T19:35:48+00:00
foldedclos_32_4_4_8_0p5_20nm_TT_0V9_25C_400MHz,foldedclos,data_width=32;terminals_per_leaf=4;num_leaves=4;num_spines=8;oversubscription=0.5,20nm,TT,0.9,25.0,2.5,400.0,32,4,4,8,0.5,V-2023.12-SP4,12767,12767,0,5018.428773,5018.428773,0.0,0.0,0.0,2.3,0.0,0.0,0,V-2023.12-SP4,11247,11247,0,4720.64,4720.64,0.0,7107.408,0.6642,0.0,0.0,2.39,-0.09,-0.26,10,V-2023.12-SP3,V-2023.12-SP4,0.449,0.9387,0.005195,1.393,1.3877,3.4692499999999997,0.0,0.0,0.0,0.0,0.0,0.0,0.0,0.0,0.449,0.9387,0.005195,1.393,0.0,0.0,0.0,0.0,0.0,0.0,0.0,0.0,0.0,0.0,0.0,0.0,0.0,0.0,0.0,0.0,vectored,fixed_route,2,2026-08-22T19:35:55+00:00
foldedclos_32_4_4_8_0p5_20nm_TT_0V9_25C_571p429MHz,foldedclos,data_width=32;terminals_per_leaf=4;num_leaves=4;num_spines=8;oversubscription=0.5,20nm,TT,0.9,25.0,1.75,571.4285714285714,32,4,4,8,0.5,V-2023.12-SP4,13122,13122,0,5058.979173,5058.979173,0.0,0.0,0.0,1.55,0.0,0.0,0,V-2023.12-SP4,11779,11779,0,4808.92,4808.92,0.0,7208.6784,0.6671,0.0,0.0,1.78,-0.23,-0.81,24,V-2023.12-SP3,V-2023.12-SP4,0.8734,1.692,0.005493,2.57,2.5654,4.48945,0.0,0.0,0.0,0.0,0.0,0.0,0.0,0.0,0.8734,1.692,0.005493,2.57,0.0,0.0,0.0,0.0,0.0,0.0,0.0,0.0,0.0,0.0,0.0,0.0,0.0,0.0,0.0,0.0,unvectored,none,2,2026-08-22T19:44:27+00:00
foldedclos_32_4_4_8_0p5_20nm_TT_0V9_25C_571p429MHz,foldedclos,data_width=32;terminals_per_leaf=4;num_leaves=4;num_spines=8;oversubscription=0.5,20nm,TT,0.9,25.0,1.75,571.4285714285714,32,4,4,8,0.5,V-2023.12-SP4,13122,13122,0,5058.979173,5058.979173,0.0,0.0,0.0,1.55,0.0,0.0,0,V-2023.12-SP4,11779,11779,0,4808.92,4808.92,0.0,7208.6784,0.6671,0.0,0.0,1.78,-0.23,-0.81,24,V-2023.12-SP3,V-2023.12-SP4,1.423,2.563,0.0054199999999999995,3.992,3.986,6.9755,0.0,0.0,0.0,0.0,0.0,0.0,0.0,0.0,1.423,2.563,0.0054199999999999995,3.992,0.0,0.0,0.0,0.0,0.0,0.0,0.0,0.0,0.0,0.0,0.0,0.0,0.0,0.0,0.0,0.0,vectored,random,2,2026-08-22T19:44:34+00:00
foldedclos_32_4_4_8_0p5_20nm_TT_0V9_25C_571p429MHz,foldedclos,data_width=32;terminals_per_leaf=4;num_leaves=4;num_spines=8;oversubscription=0.5,20nm,TT,0.9,25.0,1.75,571.4285714285714,32,4,4,8,0.5,V-2023.12-SP4,13122,13122,0,5058.979173,5058.979173,0.0,0.0,0.0,1.55,0.0,0.0,0,V-2023.12-SP4,11779,11779,0,4808.92,4808.92,0.0,7208.6784,0.6671,0.0,0.0,1.78,-0.23,-0.81,24,V-2023.12-SP3,V-2023.12-SP4,0.6038,1.366,0.005331000000000001,1.976,1.9698000000000002,3.4471500000000006,0.0,0.0,0.0,0.0,0.0,0.0,0.0,0.0,0.6038,1.366,0.005331000000000001,1.976,0.0,0.0,0.0,0.0,0.0,0.0,0.0,0.0,0.0,0.0,0.0,0.0,0.0,0.0,0.0,0.0,vectored,fixed_route,2,2026-08-22T19:44:41+00:00
foldedclos_64_4_4_8_1p0_20nm_TT_0V9_25C_800MHz,foldedclos,data_width=64;terminals_per_leaf=4;num_leaves=4;num_spines=8;oversubscription=1.0,20nm,TT,0.9,25.0,1.25,800.0,64,4,4,8,1.0,V-2023.12-SP4,22727,22727,0,9132.710351,9132.710351,0.0,0.0,0.0,1.05,0.0,0.0,0,V-2023.12-SP4,24467,24467,0,11377.34,11377.34,0.0,12970.848,0.8771,0.0,0.0,1.31,-0.26,-82.25,1005,V-2023.12-SP3,V-2023.12-SP4,3.056,4.904999999999999,0.0156,7.976999999999999,7.960999999999999,9.95125,0.0,0.0,0.0,0.0,0.0,0.0,0.0,0.0,3.056,4.904999999999999,0.0156,7.976999999999999,0.0,0.0,0.0,0.0,0.0,0.0,0.0,0.0,0.0,0.0,0.0,0.0,0.0,0.0,0.0,0.0,unvectored,none,2,2026-08-22T20:35:14+00:00
foldedclos_64_4_4_8_1p0_20nm_TT_0V9_25C_800MHz,foldedclos,data_width=64;terminals_per_leaf=4;num_leaves=4;num_spines=8;oversubscription=1.0,20nm,TT,0.9,25.0,1.25,800.0,64,4,4,8,1.0,V-2023.12-SP4,22727,22727,0,9132.710351,9132.710351,0.0,0.0,0.0,1.05,0.0,0.0,0,V-2023.12-SP4,24467,24467,0,11377.34,11377.34,0.0,12970.848,0.8771,0.0,0.0,1.31,-0.26,-82.25,1005,V-2023.12-SP3,V-2023.12-SP4,4.923,7.53,0.015400000000000002,12.5,12.453,15.56625,0.0,0.0,0.0,0.0,0.0,0.0,0.0,0.0,4.923,7.53,0.015400000000000002,12.5,0.0,0.0,0.0,0.0,0.0,0.0,0.0,0.0,0.0,0.0,0.0,0.0,0.0,0.0,0.0,0.0,vectored,random,2,2026-08-22T20:35:22+00:00
foldedclos_64_4_4_8_1p0_20nm_TT_0V9_25C_800MHz,foldedclos,data_width=64;terminals_per_leaf=4;num_leaves=4;num_spines=8;oversubscription=1.0,20nm,TT,0.9,25.0,1.25,800.0,64,4,4,8,1.0,V-2023.12-SP4,22727,22727,0,9132.710351,9132.710351,0.0,0.0,0.0,1.05,0.0,0.0,0,V-2023.12-SP4,24467,24467,0,11377.34,11377.34,0.0,12970.848,0.8771,0.0,0.0,1.31,-0.26,-82.25,1005,V-2023.12-SP3,V-2023.12-SP4,2.213,3.908,0.01512,6.1370000000000005,6.121,7.651250000000001,0.0,0.0,0.0,0.0,0.0,0.0,0.0,0.0,2.213,3.908,0.01512,6.1370000000000005,0.0,0.0,0.0,0.0,0.0,0.0,0.0,0.0,0.0,0.0,0.0,0.0,0.0,0.0,0.0,0.0,vectored,fixed_route,2,2026-08-22T20:35:31+00:00
foldedclos_64_4_4_8_1p0_20nm_TT_0V9_25C_500MHz,foldedclos,data_width=64;terminals_per_leaf=4;num_leaves=4;num_spines=8;oversubscription=1.0,20nm,TT,0.9,25.0,2.0,500.0,64,4,4,8,1.0,V-2023.12-SP4,19780,19780,0,8196.671956,8196.671956,0.0,0.0,0.0,1.8,0.0,0.0,0,V-2023.12-SP4,19093,19093,0,8529.63,8529.63,0.0,11675.664,0.7305,0.0,0.0,1.96,-0.16,-1.15,32,V-2023.12-SP3,V-2023.12-SP4,1.4549999999999998,2.676,0.009843999999999999,4.14,4.131,8.262,0.0,0.0,0.0,0.0,0.0,0.0,0.0,0.0,1.4549999999999998,2.676,0.009843999999999999,4.14,0.0,0.0,0.0,0.0,0.0,0.0,0.0,0.0,0.0,0.0,0.0,0.0,0.0,0.0,0.0,0.0,unvectored,none,2,2026-08-22T21:13:31+00:00
foldedclos_64_4_4_8_1p0_20nm_TT_0V9_25C_500MHz,foldedclos,data_width=64;terminals_per_leaf=4;num_leaves=4;num_spines=8;oversubscription=1.0,20nm,TT,0.9,25.0,2.0,500.0,64,4,4,8,1.0,V-2023.12-SP4,19780,19780,0,8196.671956,8196.671956,0.0,0.0,0.0,1.8,0.0,0.0,0,V-2023.12-SP4,19093,19093,0,8529.63,8529.63,0.0,11675.664,0.7305,0.0,0.0,1.96,-0.16,-1.15,32,V-2023.12-SP3,V-2023.12-SP4,2.3939999999999997,4.17,0.009708,6.5729999999999995,6.564,13.128,0.0,0.0,0.0,0.0,0.0,0.0,0.0,0.0,2.3939999999999997,4.17,0.009708,6.5729999999999995,0.0,0.0,0.0,0.0,0.0,0.0,0.0,0.0,0.0,0.0,0.0,0.0,0.0,0.0,0.0,0.0,vectored,random,2,2026-08-22T21:13:39+00:00
foldedclos_64_4_4_8_1p0_20nm_TT_0V9_25C_500MHz,foldedclos,data_width=64;terminals_per_leaf=4;num_leaves=4;num_spines=8;oversubscription=1.0,20nm,TT,0.9,25.0,2.0,500.0,64,4,4,8,1.0,V-2023.12-SP4,19780,19780,0,8196.671956,8196.671956,0.0,0.0,0.0,1.8,0.0,0.0,0,V-2023.12-SP4,19093,19093,0,8529.63,8529.63,0.0,11675.664,0.7305,0.0,0.0,1.96,-0.16,-1.15,32,V-2023.12-SP3,V-2023.12-SP4,1.167,2.246,0.009513,3.422,3.4130000000000003,6.8260000000000005,0.0,0.0,0.0,0.0,0.0,0.0,0.0,0.0,1.167,2.246,0.009513,3.422,0.0,0.0,0.0,0.0,0.0,0.0,0.0,0.0,0.0,0.0,0.0,0.0,0.0,0.0,0.0,0.0,vectored,fixed_route,2,2026-08-22T21:13:47+00:00
foldedclos_64_4_4_8_0p5_20nm_TT_0V9_25C_800MHz,foldedclos,data_width=64;terminals_per_leaf=4;num_leaves=4;num_spines=8;oversubscription=0.5,20nm,TT,0.9,25.0,1.25,800.0,64,4,4,8,0.5,V-2023.12-SP4,22727,22727,0,9132.710351,9132.710351,0.0,0.0,0.0,1.05,0.0,0.0,0,V-2023.12-SP4,24467,24467,0,11377.34,11377.34,0.0,12970.848,0.8771,0.0,0.0,1.3,-0.25,-81.79,1007,V-2023.12-SP3,V-2023.12-SP4,3.056,4.904999999999999,0.0156,7.976999999999999,7.960999999999999,9.95125,0.0,0.0,0.0,0.0,0.0,0.0,0.0,0.0,3.056,4.904999999999999,0.0156,7.976999999999999,0.0,0.0,0.0,0.0,0.0,0.0,0.0,0.0,0.0,0.0,0.0,0.0,0.0,0.0,0.0,0.0,unvectored,none,2,2026-08-22T22:04:40+00:00
foldedclos_64_4_4_8_0p5_20nm_TT_0V9_25C_800MHz,foldedclos,data_width=64;terminals_per_leaf=4;num_leaves=4;num_spines=8;oversubscription=0.5,20nm,TT,0.9,25.0,1.25,800.0,64,4,4,8,0.5,V-2023.12-SP4,22727,22727,0,9132.710351,9132.710351,0.0,0.0,0.0,1.05,0.0,0.0,0,V-2023.12-SP4,24467,24467,0,11377.34,11377.34,0.0,12970.848,0.8771,0.0,0.0,1.3,-0.25,-81.79,1007,V-2023.12-SP3,V-2023.12-SP4,4.923,7.531000000000001,0.015400000000000002,12.5,12.454,15.5675,0.0,0.0,0.0,0.0,0.0,0.0,0.0,0.0,4.923,7.531000000000001,0.015400000000000002,12.5,0.0,0.0,0.0,0.0,0.0,0.0,0.0,0.0,0.0,0.0,0.0,0.0,0.0,0.0,0.0,0.0,vectored,random,2,2026-08-22T22:04:48+00:00
foldedclos_64_4_4_8_0p5_20nm_TT_0V9_25C_800MHz,foldedclos,data_width=64;terminals_per_leaf=4;num_leaves=4;num_spines=8;oversubscription=0.5,20nm,TT,0.9,25.0,1.25,800.0,64,4,4,8,0.5,V-2023.12-SP4,22727,22727,0,9132.710351,9132.710351,0.0,0.0,0.0,1.05,0.0,0.0,0,V-2023.12-SP4,24467,24467,0,11377.34,11377.34,0.0,12970.848,0.8771,0.0,0.0,1.3,-0.25,-81.79,1007,V-2023.12-SP3,V-2023.12-SP4,2.213,3.91,0.01512,6.138,6.123,7.6537500000000005,0.0,0.0,0.0,0.0,0.0,0.0,0.0,0.0,2.213,3.91,0.01512,6.138,0.0,0.0,0.0,0.0,0.0,0.0,0.0,0.0,0.0,0.0,0.0,0.0,0.0,0.0,0.0,0.0,vectored,fixed_route,2,2026-08-22T22:04:56+00:00
foldedclos_64_4_4_8_0p5_20nm_TT_0V9_25C_500MHz,foldedclos,data_width=64;terminals_per_leaf=4;num_leaves=4;num_spines=8;oversubscription=0.5,20nm,TT,0.9,25.0,2.0,500.0,64,4,4,8,0.5,V-2023.12-SP4,19780,19780,0,8196.671956,8196.671956,0.0,0.0,0.0,1.8,0.0,0.0,0,V-2023.12-SP4,19093,19093,0,8529.63,8529.63,0.0,11675.664,0.7305,0.0,0.0,1.97,-0.17,-1.21,31,V-2023.12-SP3,V-2023.12-SP4,1.4549999999999998,2.677,0.009843999999999999,4.1419999999999995,4.132,8.264,0.0,0.0,0.0,0.0,0.0,0.0,0.0,0.0,1.4549999999999998,2.677,0.009843999999999999,4.1419999999999995,0.0,0.0,0.0,0.0,0.0,0.0,0.0,0.0,0.0,0.0,0.0,0.0,0.0,0.0,0.0,0.0,unvectored,none,2,2026-08-22T22:42:53+00:00
foldedclos_64_4_4_8_0p5_20nm_TT_0V9_25C_500MHz,foldedclos,data_width=64;terminals_per_leaf=4;num_leaves=4;num_spines=8;oversubscription=0.5,20nm,TT,0.9,25.0,2.0,500.0,64,4,4,8,0.5,V-2023.12-SP4,19780,19780,0,8196.671956,8196.671956,0.0,0.0,0.0,1.8,0.0,0.0,0,V-2023.12-SP4,19093,19093,0,8529.63,8529.63,0.0,11675.664,0.7305,0.0,0.0,1.97,-0.17,-1.21,31,V-2023.12-SP3,V-2023.12-SP4,2.396,4.175,0.009708,6.58,6.571,13.142,0.0,0.0,0.0,0.0,0.0,0.0,0.0,0.0,2.396,4.175,0.009708,6.58,0.0,0.0,0.0,0.0,0.0,0.0,0.0,0.0,0.0,0.0,0.0,0.0,0.0,0.0,0.0,0.0,vectored,random,2,2026-08-22T22:43:01+00:00
foldedclos_64_4_4_8_0p5_20nm_TT_0V9_25C_500MHz,foldedclos,data_width=64;terminals_per_leaf=4;num_leaves=4;num_spines=8;oversubscription=0.5,20nm,TT,0.9,25.0,2.0,500.0,64,4,4,8,0.5,V-2023.12-SP4,19780,19780,0,8196.671956,8196.671956,0.0,0.0,0.0,1.8,0.0,0.0,0,V-2023.12-SP4,19093,19093,0,8529.63,8529.63,0.0,11675.664,0.7305,0.0,0.0,1.97,-0.17,-1.21,31,V-2023.12-SP3,V-2023.12-SP4,1.167,2.246,0.009513,3.422,3.4130000000000003,6.8260000000000005,0.0,0.0,0.0,0.0,0.0,0.0,0.0,0.0,1.167,2.246,0.009513,3.422,0.0,0.0,0.0,0.0,0.0,0.0,0.0,0.0,0.0,0.0,0.0,0.0,0.0,0.0,0.0,0.0,vectored,fixed_route,2,2026-08-22T22:43:09+00:00
foldedclos_32_8_4_4_0p25_20nm_TT_0V9_25C_444p444MHz,foldedclos,data_width=32;terminals_per_leaf=8;num_leaves=4;num_spines=4;oversubscription=0.25,20nm,TT,0.9,25.0,2.25,444.44444444444446,32,8,4,4,0.25,V-2023.12-SP4,49809,49809,0,19941.820692,19941.820692,0.0,0.0,0.0,2.05,0.0,0.0,0,V-2023.12-SP4,47635,47635,0,20812.18,20812.18,0.0,28340.928,0.7344,0.0,0.0,2.16,-0.11,-1.95,75,V-2023.12-SP3,V-2023.12-SP4,2.402,5.178,0.0255,7.606,7.58,17.055,0.0,0.0,0.0,0.0,0.0,0.0,0.0,0.0,2.402,5.178,0.0255,7.606,0.0,0.0,0.0,0.0,0.0,0.0,0.0,0.0,0.0,0.0,0.0,0.0,0.0,0.0,0.0,0.0,unvectored,none,2,2026-08-23T00:37:25+00:00
foldedclos_32_8_4_4_0p25_20nm_TT_0V9_25C_444p444MHz,foldedclos,data_width=32;terminals_per_leaf=8;num_leaves=4;num_spines=4;oversubscription=0.25,20nm,TT,0.9,25.0,2.25,444.44444444444446,32,8,4,4,0.25,V-2023.12-SP4,49809,49809,0,19941.820692,19941.820692,0.0,0.0,0.0,2.05,0.0,0.0,0,V-2023.12-SP4,47635,47635,0,20812.18,20812.18,0.0,28340.928,0.7344,0.0,0.0,2.16,-0.11,-1.95,75,V-2023.12-SP3,V-2023.12-SP4,3.694,7.505000000000001,0.02516,11.2,11.199000000000002,25.197750000000003,0.0,0.0,0.0,0.0,0.0,0.0,0.0,0.0,3.694,7.505000000000001,0.02516,11.2,0.0,0.0,0.0,0.0,0.0,0.0,0.0,0.0,0.0,0.0,0.0,0.0,0.0,0.0,0.0,0.0,vectored,random,2,2026-08-23T00:37:35+00:00
foldedclos_32_8_4_4_0p25_20nm_TT_0V9_25C_444p444MHz,foldedclos,data_width=32;terminals_per_leaf=8;num_leaves=4;num_spines=4;oversubscription=0.25,20nm,TT,0.9,25.0,2.25,444.44444444444446,32,8,4,4,0.25,V-2023.12-SP4,49809,49809,0,19941.820692,19941.820692,0.0,0.0,0.0,2.05,0.0,0.0,0,V-2023.12-SP4,47635,47635,0,20812.18,20812.18,0.0,28340.928,0.7344,0.0,0.0,2.16,-0.11,-1.95,75,V-2023.12-SP3,V-2023.12-SP4,1.7409999999999999,4.41,0.024810000000000002,6.176,6.151,13.839749999999999,0.0,0.0,0.0,0.0,0.0,0.0,0.0,0.0,1.7409999999999999,4.41,0.024810000000000002,6.176,0.0,0.0,0.0,0.0,0.0,0.0,0.0,0.0,0.0,0.0,0.0,0.0,0.0,0.0,0.0,0.0,vectored,fixed_route,2,2026-08-23T00:37:45+00:00
foldedclos_32_8_4_4_0p25_20nm_TT_0V9_25C_500MHz,foldedclos,data_width=32;terminals_per_leaf=8;num_leaves=4;num_spines=4;oversubscription=0.25,20nm,TT,0.9,25.0,2.0,500.0,32,8,4,4,0.25,V-2023.12-SP4,49514,49514,0,19973.183892,19973.183892,0.0,0.0,0.0,1.8,0.0,0.0,0,V-2023.12-SP4,48652,48652,0,21210.82,21210.82,0.0,28498.1664,0.7443,0.0,0.0,2.02,-0.22,-35.15,760,V-2023.12-SP3,V-2023.12-SP4,2.664,5.697,0.026420000000000003,8.387,8.361,16.722,0.0,0.0,0.0,0.0,0.0,0.0,0.0,0.0,2.664,5.697,0.026420000000000003,8.387,0.0,0.0,0.0,0.0,0.0,0.0,0.0,0.0,0.0,0.0,0.0,0.0,0.0,0.0,0.0,0.0,unvectored,none,2,2026-08-23T01:27:44+00:00
foldedclos_32_8_4_4_0p25_20nm_TT_0V9_25C_500MHz,foldedclos,data_width=32;terminals_per_leaf=8;num_leaves=4;num_spines=4;oversubscription=0.25,20nm,TT,0.9,25.0,2.0,500.0,32,8,4,4,0.25,V-2023.12-SP4,49514,49514,0,19973.183892,19973.183892,0.0,0.0,0.0,1.8,0.0,0.0,0,V-2023.12-SP4,48652,48652,0,21210.82,21210.82,0.0,28498.1664,0.7443,0.0,0.0,2.02,-0.22,-35.15,760,V-2023.12-SP3,V-2023.12-SP4,4.073,8.243,0.0261,12.3,12.316,24.632,0.0,0.0,0.0,0.0,0.0,0.0,0.0,0.0,4.073,8.243,0.0261,12.3,0.0,0.0,0.0,0.0,0.0,0.0,0.0,0.0,0.0,0.0,0.0,0.0,0.0,0.0,0.0,0.0,vectored,random,2,2026-08-23T01:27:54+00:00
foldedclos_32_8_4_4_0p25_20nm_TT_0V9_25C_500MHz,foldedclos,data_width=32;terminals_per_leaf=8;num_leaves=4;num_spines=4;oversubscription=0.25,20nm,TT,0.9,25.0,2.0,500.0,32,8,4,4,0.25,V-2023.12-SP4,49514,49514,0,19973.183892,19973.183892,0.0,0.0,0.0,1.8,0.0,0.0,0,V-2023.12-SP4,48652,48652,0,21210.82,21210.82,0.0,28498.1664,0.7443,0.0,0.0,2.02,-0.22,-35.15,760,V-2023.12-SP3,V-2023.12-SP4,1.909,4.816,0.02563,6.751,6.725,13.45,0.0,0.0,0.0,0.0,0.0,0.0,0.0,0.0,1.909,4.816,0.02563,6.751,0.0,0.0,0.0,0.0,0.0,0.0,0.0,0.0,0.0,0.0,0.0,0.0,0.0,0.0,0.0,0.0,vectored,fixed_route,2,2026-08-23T01:28:04+00:00
