flow_run_id,rtl_name,arch_params,node,corner,vdd_V,temperature_C,clock_period_ns,clock_freq_mhz,exp_bits,mantissa_bits,pipeline_stages,dc_version,syn_total_cells,syn_comb_cells,syn_seq_cells,syn_total_area_um2,syn_comb_area_um2,syn_seq_area_um2,syn_scr,syn_sar,syn_crit_path_ns,syn_wns_ns,syn_tns_ns,syn_violating_paths,icc2_version,pnr_total_cells,pnr_comb_cells,pnr_seq_cells,pnr_total_area_um2,pnr_comb_area_um2,pnr_seq_area_um2,pnr_core_area_um2,pnr_utilization,pnr_scr,pnr_sar,pnr_crit_path_ns,pnr_wns_ns,pnr_tns_ns,pnr_violating_paths,starrc_version,pt_version,internal_power_mW,switching_power_mW,leak_power_mW,total_power_mW,dyn_power_mW,dyn_energy_pJ,clock_network_internal_power_mW,clock_network_switching_power_mW,clock_network_leak_power_mW,clock_network_total_power_mW,register_internal_power_mW,register_switching_power_mW,register_leak_power_mW,register_total_power_mW,combinational_internal_power_mW,combinational_switching_power_mW,combinational_leak_power_mW,combinational_total_power_mW,sequential_internal_power_mW,sequential_switching_power_mW,sequential_leak_power_mW,sequential_total_power_mW,memory_internal_power_mW,memory_switching_power_mW,memory_leak_power_mW,memory_total_power_mW,io_pad_internal_power_mW,io_pad_switching_power_mW,io_pad_leak_power_mW,io_pad_total_power_mW,black_box_internal_power_mW,black_box_switching_power_mW,black_box_leak_power_mW,black_box_total_power_mW,power_activity_mode,stim_mode,collector_schema,collected_at
fpmul_4_3_2_10nm_TT_0V8_25C_800MHz,fpmul,exp_bits=4;mantissa_bits=3;pipeline_stages=2,10nm,TT,0.8,25.0,1.25,800.0,4,3,2,V-2023.12-SP4,346,320,26,56.371201,40.3968,15.974401,0.07514450867052024,0.2833787593065473,0.94,0.09,0.0,0,V-2023.12-SP4,320,294,26,53.36,37.39,15.97,79.1347,0.6743,0.08125,0.299287856071964,0.45,0.59,0.0,0,V-2023.12-SP3,V-2023.12-SP4,0.1274,0.054119999999999994,0.0001466,0.1817,0.18152000000000001,0.22690000000000002,0.07349,0.0,0.0,0.07349,0.013940000000000001,0.0035540000000000003,3.79e-05,0.01753,0.03998,0.05057,0.0001087,0.09066,0.0,0.0,0.0,0.0,0.0,0.0,0.0,0.0,0.0,0.0,0.0,0.0,0.0,0.0,0.0,0.0,unvectored,none,2,2026-07-25T08:30:08+00:00
fpmul_4_3_2_10nm_TT_0V8_25C_800MHz,fpmul,exp_bits=4;mantissa_bits=3;pipeline_stages=2,10nm,TT,0.8,25.0,1.25,800.0,4,3,2,V-2023.12-SP4,346,320,26,56.371201,40.3968,15.974401,0.07514450867052024,0.2833787593065473,0.94,0.09,0.0,0,V-2023.12-SP4,320,294,26,53.36,37.39,15.97,79.1347,0.6743,0.08125,0.299287856071964,0.45,0.59,0.0,0,V-2023.12-SP3,V-2023.12-SP4,0.1854,0.11,0.0001509,0.2956,0.2954,0.36924999999999997,0.07344,0.0,0.0,0.07344,0.0327,0.008854,4.057e-05,0.04159,0.07932,0.10110000000000001,0.0001103,0.1805,0.0,0.0,0.0,0.0,0.0,0.0,0.0,0.0,0.0,0.0,0.0,0.0,0.0,0.0,0.0,0.0,vectored,random,2,2026-07-25T08:30:14+00:00
fpmul_4_3_2_10nm_TT_0V8_25C_500MHz,fpmul,exp_bits=4;mantissa_bits=3;pipeline_stages=2,10nm,TT,0.8,25.0,2.0,500.0,4,3,2,V-2023.12-SP4,308,282,26,57.231361,41.25696,15.974401,0.08441558441558442,0.279119712005451,1.28,0.5,0.0,0,V-2023.12-SP4,288,262,26,54.87,38.89,15.97,79.8413,0.6872,0.09027777777777778,0.29105157645343543,0.82,0.96,0.0,0,V-2023.12-SP3,V-2023.12-SP4,0.0802,0.03467,0.00013780000000000002,0.115,0.11487,0.22974,0.04584,0.0,0.0,0.04584,0.008723,0.002448,3.7879999999999996e-05,0.01121,0.02563,0.03222,9.988e-05,0.05795,0.0,0.0,0.0,0.0,0.0,0.0,0.0,0.0,0.0,0.0,0.0,0.0,0.0,0.0,0.0,0.0,unvectored,none,2,2026-07-25T08:31:30+00:00
fpmul_4_3_2_10nm_TT_0V8_25C_500MHz,fpmul,exp_bits=4;mantissa_bits=3;pipeline_stages=2,10nm,TT,0.8,25.0,2.0,500.0,4,3,2,V-2023.12-SP4,308,282,26,57.231361,41.25696,15.974401,0.08441558441558442,0.279119712005451,1.28,0.5,0.0,0,V-2023.12-SP4,288,262,26,54.87,38.89,15.97,79.8413,0.6872,0.09027777777777778,0.29105157645343543,0.82,0.96,0.0,0,V-2023.12-SP3,V-2023.12-SP4,0.11900000000000001,0.07175,0.000142,0.19090000000000001,0.19075,0.3815,0.04581,0.0,0.0,0.04581,0.02099,0.0061059999999999994,4.059e-05,0.02714,0.052210000000000006,0.06565,0.0001015,0.118,0.0,0.0,0.0,0.0,0.0,0.0,0.0,0.0,0.0,0.0,0.0,0.0,0.0,0.0,0.0,0.0,vectored,random,2,2026-07-25T08:31:36+00:00
fpmul_4_3_3_10nm_TT_0V8_25C_800MHz,fpmul,exp_bits=4;mantissa_bits=3;pipeline_stages=3,10nm,TT,0.8,25.0,1.25,800.0,4,3,3,V-2023.12-SP4,366,330,36,63.744001,41.6256,22.118401,0.09836065573770492,0.34698796205151916,0.94,0.09,0.0,0,V-2023.12-SP4,339,303,36,60.7,38.58,22.12,87.7363,0.6919,0.10619469026548672,0.3644151565074135,0.45,0.59,0.0,0,V-2023.12-SP3,V-2023.12-SP4,0.1615,0.0549,0.0001661,0.21660000000000001,0.2164,0.2705,0.10110000000000001,0.0,0.0,0.10110000000000001,0.0189,0.004092999999999999,5.2560000000000005e-05,0.02305,0.04146,0.05081,0.00011350000000000001,0.09238,0.0,0.0,0.0,0.0,0.0,0.0,0.0,0.0,0.0,0.0,0.0,0.0,0.0,0.0,0.0,0.0,unvectored,none,2,2026-07-25T08:32:38+00:00
fpmul_4_3_3_10nm_TT_0V8_25C_800MHz,fpmul,exp_bits=4;mantissa_bits=3;pipeline_stages=3,10nm,TT,0.8,25.0,1.25,800.0,4,3,3,V-2023.12-SP4,366,330,36,63.744001,41.6256,22.118401,0.09836065573770492,0.34698796205151916,0.94,0.09,0.0,0,V-2023.12-SP4,339,303,36,60.7,38.58,22.12,87.7363,0.6919,0.10619469026548672,0.3644151565074135,0.45,0.59,0.0,0,V-2023.12-SP3,V-2023.12-SP4,0.22690000000000002,0.114,0.0001716,0.3411,0.34090000000000004,0.42612500000000003,0.10110000000000001,0.0,0.0,0.10110000000000001,0.04288,0.01005,5.5969999999999994e-05,0.05298,0.08299000000000001,0.1039,0.0001156,0.187,0.0,0.0,0.0,0.0,0.0,0.0,0.0,0.0,0.0,0.0,0.0,0.0,0.0,0.0,0.0,0.0,vectored,random,2,2026-07-25T08:32:45+00:00
fpmul_4_3_3_10nm_TT_0V8_25C_500MHz,fpmul,exp_bits=4;mantissa_bits=3;pipeline_stages=3,10nm,TT,0.8,25.0,2.0,500.0,4,3,3,V-2023.12-SP4,328,292,36,64.604161,42.48576,22.118401,0.10975609756097561,0.34236805582847823,1.28,0.5,0.0,0,V-2023.12-SP4,307,271,36,62.21,40.09,22.12,92.16,0.675,0.11726384364820847,0.35556984407651504,0.82,0.96,0.0,0,V-2023.12-SP3,V-2023.12-SP4,0.1017,0.035120000000000005,0.0001571,0.13699999999999998,0.13682,0.27364,0.0633,0.0,0.0,0.0633,0.01182,0.002741,5.2560000000000005e-05,0.014610000000000001,0.02656,0.03238,0.0001046,0.05905,0.0,0.0,0.0,0.0,0.0,0.0,0.0,0.0,0.0,0.0,0.0,0.0,0.0,0.0,0.0,0.0,unvectored,none,2,2026-07-25T08:32:49+00:00
fpmul_4_3_3_10nm_TT_0V8_25C_500MHz,fpmul,exp_bits=4;mantissa_bits=3;pipeline_stages=3,10nm,TT,0.8,25.0,2.0,500.0,4,3,3,V-2023.12-SP4,328,292,36,64.604161,42.48576,22.118401,0.10975609756097561,0.34236805582847823,1.28,0.5,0.0,0,V-2023.12-SP4,307,271,36,62.21,40.09,22.12,92.16,0.675,0.11726384364820847,0.35556984407651504,0.82,0.96,0.0,0,V-2023.12-SP3,V-2023.12-SP4,0.1447,0.07302,0.0001626,0.21780000000000002,0.21772,0.43544,0.06326,0.0,0.0,0.06326,0.027379999999999998,0.006752,5.598e-05,0.034190000000000005,0.05403,0.06626,0.0001066,0.1204,0.0,0.0,0.0,0.0,0.0,0.0,0.0,0.0,0.0,0.0,0.0,0.0,0.0,0.0,0.0,0.0,vectored,random,2,2026-07-25T08:32:55+00:00
fpmul_4_3_5_10nm_TT_0V8_25C_800MHz,fpmul,exp_bits=4;mantissa_bits=3;pipeline_stages=5,10nm,TT,0.8,25.0,1.25,800.0,4,3,5,V-2023.12-SP4,406,350,56,78.489601,44.0832,34.406402,0.13793103448275862,0.43835618427974943,0.94,0.09,0.0,0,V-2023.12-SP4,380,324,56,75.23,40.83,34.41,109.4861,0.6871,0.14736842105263157,0.4573973149009703,0.45,0.59,0.0,0,V-2023.12-SP3,V-2023.12-SP4,0.2309,0.05897,0.0002043,0.2901,0.28987,0.36233750000000003,0.1574,0.0,0.0,0.1574,0.02882,0.005135,8.182e-05,0.03403,0.044629999999999996,0.053829999999999996,0.00012240000000000002,0.09859,0.0,0.0,0.0,0.0,0.0,0.0,0.0,0.0,0.0,0.0,0.0,0.0,0.0,0.0,0.0,0.0,unvectored,none,2,2026-07-25T08:33:59+00:00
fpmul_4_3_5_10nm_TT_0V8_25C_800MHz,fpmul,exp_bits=4;mantissa_bits=3;pipeline_stages=5,10nm,TT,0.8,25.0,1.25,800.0,4,3,5,V-2023.12-SP4,406,350,56,78.489601,44.0832,34.406402,0.13793103448275862,0.43835618427974943,0.94,0.09,0.0,0,V-2023.12-SP4,380,324,56,75.23,40.83,34.41,109.4861,0.6871,0.14736842105263157,0.4573973149009703,0.45,0.59,0.0,0,V-2023.12-SP3,V-2023.12-SP4,0.3036,0.1128,0.000212,0.4167,0.4164,0.5205,0.1573,0.0,0.0,0.1573,0.06286,0.01241,8.676e-05,0.07536,0.08344,0.1004,0.0001252,0.184,0.0,0.0,0.0,0.0,0.0,0.0,0.0,0.0,0.0,0.0,0.0,0.0,0.0,0.0,0.0,0.0,vectored,random,2,2026-07-25T08:34:06+00:00
fpmul_4_3_5_10nm_TT_0V8_25C_500MHz,fpmul,exp_bits=4;mantissa_bits=3;pipeline_stages=5,10nm,TT,0.8,25.0,2.0,500.0,4,3,5,V-2023.12-SP4,368,312,56,79.349762,44.94336,34.406402,0.15217391304347827,0.4336043503192864,1.28,0.5,0.0,0,V-2023.12-SP4,349,293,56,77.14,42.73,34.41,110.3155,0.6992,0.16045845272206305,0.44607207674358307,0.82,0.96,0.0,0,V-2023.12-SP3,V-2023.12-SP4,0.14579999999999999,0.038389999999999994,0.00019749999999999998,0.1844,0.18418999999999996,0.36837999999999993,0.09852,0.0,0.0,0.09852,0.01806,0.003436,8.186e-05,0.02158,0.02926,0.03495,0.0001157,0.06433,0.0,0.0,0.0,0.0,0.0,0.0,0.0,0.0,0.0,0.0,0.0,0.0,0.0,0.0,0.0,0.0,unvectored,none,2,2026-07-25T08:35:09+00:00
fpmul_4_3_5_10nm_TT_0V8_25C_500MHz,fpmul,exp_bits=4;mantissa_bits=3;pipeline_stages=5,10nm,TT,0.8,25.0,2.0,500.0,4,3,5,V-2023.12-SP4,368,312,56,79.349762,44.94336,34.406402,0.15217391304347827,0.4336043503192864,1.28,0.5,0.0,0,V-2023.12-SP4,349,293,56,77.14,42.73,34.41,110.3155,0.6992,0.16045845272206305,0.44607207674358307,0.82,0.96,0.0,0,V-2023.12-SP3,V-2023.12-SP4,0.1949,0.07545,0.0002052,0.2706,0.27035,0.5407,0.09845,0.0,0.0,0.09845,0.039830000000000004,0.008328,8.678e-05,0.04825,0.05667,0.06712,0.0001184,0.1239,0.0,0.0,0.0,0.0,0.0,0.0,0.0,0.0,0.0,0.0,0.0,0.0,0.0,0.0,0.0,0.0,vectored,random,2,2026-07-25T08:35:16+00:00
fpmul_5_2_2_10nm_TT_0V8_25C_1000MHz,fpmul,exp_bits=5;mantissa_bits=2;pipeline_stages=2,10nm,TT,0.8,25.0,1.0,1000.0,5,2,2,V-2023.12-SP4,349,323,26,53.483521,37.50912,15.974401,0.07449856733524356,0.29867893327367134,0.78,0.0,0.0,0,V-2023.12-SP4,332,306,26,51.82,35.85,15.97,73.6666,0.7035,0.0783132530120482,0.30818216904670015,0.32,0.46,0.0,0,V-2023.12-SP3,V-2023.12-SP4,0.163,0.06583,0.00014920000000000002,0.229,0.22883,0.22883,0.10239999999999999,0.007608,3.836e-06,0.1101,0.01727,0.003831,3.7879999999999996e-05,0.021140000000000003,0.04333,0.05439,0.0001074,0.09783,0.0,0.0,0.0,0.0,0.0,0.0,0.0,0.0,0.0,0.0,0.0,0.0,0.0,0.0,0.0,0.0,unvectored,none,2,2026-07-25T08:35:22+00:00
fpmul_5_2_2_10nm_TT_0V8_25C_1000MHz,fpmul,exp_bits=5;mantissa_bits=2;pipeline_stages=2,10nm,TT,0.8,25.0,1.0,1000.0,5,2,2,V-2023.12-SP4,349,323,26,53.483521,37.50912,15.974401,0.07449856733524356,0.29867893327367134,0.78,0.0,0.0,0,V-2023.12-SP4,332,306,26,51.82,35.85,15.97,73.6666,0.7035,0.0783132530120482,0.30818216904670015,0.32,0.46,0.0,0,V-2023.12-SP3,V-2023.12-SP4,0.2263,0.1197,0.0001538,0.3462,0.346,0.346,0.10239999999999999,0.007608,3.836e-06,0.11,0.03947,0.009512,4.056e-05,0.04902,0.08449,0.1025,0.0001094,0.1871,0.0,0.0,0.0,0.0,0.0,0.0,0.0,0.0,0.0,0.0,0.0,0.0,0.0,0.0,0.0,0.0,vectored,random,2,2026-07-25T08:35:29+00:00
fpmul_5_2_2_10nm_TT_0V8_25C_571p429MHz,fpmul,exp_bits=5;mantissa_bits=2;pipeline_stages=2,10nm,TT,0.8,25.0,1.75,571.4285714285714,5,2,2,V-2023.12-SP4,251,225,26,49.459201,33.4848,15.974401,0.10358565737051793,0.3229813801480538,1.19,0.35,0.0,0,V-2023.12-SP4,231,205,26,47.46,31.49,15.97,67.7376,0.7007,0.11255411255411256,0.3364938895912347,0.7,0.84,0.0,0,V-2023.12-SP3,V-2023.12-SP4,0.08388000000000001,0.02667,0.0001238,0.11069999999999999,0.11055000000000001,0.1934625,0.052509999999999994,0.0,0.0,0.052509999999999994,0.009911999999999999,0.0027559999999999998,3.787e-05,0.01271,0.02145,0.02391,8.595e-05,0.04545,0.0,0.0,0.0,0.0,0.0,0.0,0.0,0.0,0.0,0.0,0.0,0.0,0.0,0.0,0.0,0.0,unvectored,none,2,2026-07-25T08:36:23+00:00
fpmul_5_2_2_10nm_TT_0V8_25C_571p429MHz,fpmul,exp_bits=5;mantissa_bits=2;pipeline_stages=2,10nm,TT,0.8,25.0,1.75,571.4285714285714,5,2,2,V-2023.12-SP4,251,225,26,49.459201,33.4848,15.974401,0.10358565737051793,0.3229813801480538,1.19,0.35,0.0,0,V-2023.12-SP4,231,205,26,47.46,31.49,15.97,67.7376,0.7007,0.11255411255411256,0.3364938895912347,0.7,0.84,0.0,0,V-2023.12-SP3,V-2023.12-SP4,0.12010000000000001,0.05792,0.00012800000000000002,0.17809999999999998,0.17802,0.311535,0.052469999999999996,0.0,0.0,0.052469999999999996,0.02319,0.006881,4.056e-05,0.03011,0.04441,0.05103,8.748e-05,0.09553,0.0,0.0,0.0,0.0,0.0,0.0,0.0,0.0,0.0,0.0,0.0,0.0,0.0,0.0,0.0,0.0,vectored,random,2,2026-07-25T08:36:30+00:00
fpmul_5_2_3_10nm_TT_0V8_25C_1000MHz,fpmul,exp_bits=5;mantissa_bits=2;pipeline_stages=3,10nm,TT,0.8,25.0,1.0,1000.0,5,2,3,V-2023.12-SP4,369,333,36,60.887041,38.76864,22.118401,0.0975609756097561,0.363269435280982,0.78,0.0,0.0,0,V-2023.12-SP4,348,312,36,58.28,36.16,22.12,85.5245,0.6814,0.10344827586206896,0.3795470144131778,0.32,0.46,0.0,0,V-2023.12-SP3,V-2023.12-SP4,0.2016,0.07486,0.0001627,0.2766,0.27646,0.27646,0.1326,0.0144,1.454e-06,0.147,0.02355,0.004524,5.255e-05,0.02812,0.04543,0.05593,0.0001087,0.1015,0.0,0.0,0.0,0.0,0.0,0.0,0.0,0.0,0.0,0.0,0.0,0.0,0.0,0.0,0.0,0.0,unvectored,none,2,2026-07-25T08:37:36+00:00
fpmul_5_2_3_10nm_TT_0V8_25C_1000MHz,fpmul,exp_bits=5;mantissa_bits=2;pipeline_stages=3,10nm,TT,0.8,25.0,1.0,1000.0,5,2,3,V-2023.12-SP4,369,333,36,60.887041,38.76864,22.118401,0.0975609756097561,0.363269435280982,0.78,0.0,0.0,0,V-2023.12-SP4,348,312,36,58.28,36.16,22.12,85.5245,0.6814,0.10344827586206896,0.3795470144131778,0.32,0.46,0.0,0,V-2023.12-SP3,V-2023.12-SP4,0.2672,0.1252,0.0001688,0.3925,0.39239999999999997,0.39239999999999997,0.1326,0.0144,1.454e-06,0.147,0.052210000000000006,0.0111,5.622e-05,0.06337,0.08239,0.09972,0.0001112,0.1822,0.0,0.0,0.0,0.0,0.0,0.0,0.0,0.0,0.0,0.0,0.0,0.0,0.0,0.0,0.0,0.0,vectored,random,2,2026-07-25T08:37:42+00:00
fpmul_5_2_3_10nm_TT_0V8_25C_571p429MHz,fpmul,exp_bits=5;mantissa_bits=2;pipeline_stages=3,10nm,TT,0.8,25.0,1.75,571.4285714285714,5,2,3,V-2023.12-SP4,271,235,36,56.832001,34.7136,22.118401,0.13284132841328414,0.3891891999368454,1.19,0.35,0.0,0,V-2023.12-SP4,251,215,36,54.84,32.72,22.12,79.1347,0.6929,0.14342629482071714,0.4033552151714077,0.7,0.84,0.0,0,V-2023.12-SP3,V-2023.12-SP4,0.10830000000000001,0.027379999999999998,0.0001434,0.1358,0.13568,0.23743999999999998,0.07235,0.0,0.0,0.07235,0.01345,0.0031420000000000003,5.2520000000000005e-05,0.01664,0.022500000000000003,0.024239999999999998,9.088e-05,0.04682,0.0,0.0,0.0,0.0,0.0,0.0,0.0,0.0,0.0,0.0,0.0,0.0,0.0,0.0,0.0,0.0,unvectored,none,2,2026-07-25T08:37:48+00:00
fpmul_5_2_3_10nm_TT_0V8_25C_571p429MHz,fpmul,exp_bits=5;mantissa_bits=2;pipeline_stages=3,10nm,TT,0.8,25.0,1.75,571.4285714285714,5,2,3,V-2023.12-SP4,271,235,36,56.832001,34.7136,22.118401,0.13284132841328414,0.3891891999368454,1.19,0.35,0.0,0,V-2023.12-SP4,251,215,36,54.84,32.72,22.12,79.1347,0.6929,0.14342629482071714,0.4033552151714077,0.7,0.84,0.0,0,V-2023.12-SP3,V-2023.12-SP4,0.1496,0.06002,0.0001488,0.2097,0.20962,0.366835,0.07229000000000001,0.0,0.0,0.07229000000000001,0.03046,0.007748,5.5910000000000005e-05,0.03827,0.04682,0.05227,9.284e-05,0.09917999999999999,0.0,0.0,0.0,0.0,0.0,0.0,0.0,0.0,0.0,0.0,0.0,0.0,0.0,0.0,0.0,0.0,vectored,random,2,2026-07-25T08:37:54+00:00
fpmul_5_2_5_10nm_TT_0V8_25C_1000MHz,fpmul,exp_bits=5;mantissa_bits=2;pipeline_stages=5,10nm,TT,0.8,25.0,1.0,1000.0,5,2,5,V-2023.12-SP4,409,353,56,75.632641,41.22624,34.406402,0.13691931540342298,0.45491472392191085,0.78,0.0,0.0,0,V-2023.12-SP4,387,331,56,72.87,38.46,34.41,106.9978,0.681,0.14470284237726097,0.47221078633182373,0.32,0.46,0.0,0,V-2023.12-SP3,V-2023.12-SP4,0.2874,0.07997,0.000202,0.3676,0.36737,0.36737,0.2028,0.01484,1.454e-06,0.2177,0.03597,0.005832,8.187e-05,0.04188,0.04862,0.0593,0.0001187,0.108,0.0,0.0,0.0,0.0,0.0,0.0,0.0,0.0,0.0,0.0,0.0,0.0,0.0,0.0,0.0,0.0,unvectored,none,2,2026-07-25T08:38:56+00:00
fpmul_5_2_5_10nm_TT_0V8_25C_1000MHz,fpmul,exp_bits=5;mantissa_bits=2;pipeline_stages=5,10nm,TT,0.8,25.0,1.0,1000.0,5,2,5,V-2023.12-SP4,409,353,56,75.632641,41.22624,34.406402,0.13691931540342298,0.45491472392191085,0.78,0.0,0.0,0,V-2023.12-SP4,387,331,56,72.87,38.46,34.41,106.9978,0.681,0.14470284237726097,0.47221078633182373,0.32,0.46,0.0,0,V-2023.12-SP3,V-2023.12-SP4,0.36479999999999996,0.129,0.00021,0.494,0.49379999999999996,0.49379999999999996,0.2027,0.01484,1.454e-06,0.21760000000000002,0.07671,0.01397,8.659e-05,0.09077,0.08539,0.1002,0.0001219,0.18569999999999998,0.0,0.0,0.0,0.0,0.0,0.0,0.0,0.0,0.0,0.0,0.0,0.0,0.0,0.0,0.0,0.0,vectored,random,2,2026-07-25T08:39:04+00:00
fpmul_5_2_5_10nm_TT_0V8_25C_571p429MHz,fpmul,exp_bits=5;mantissa_bits=2;pipeline_stages=5,10nm,TT,0.8,25.0,1.75,571.4285714285714,5,2,5,V-2023.12-SP4,311,255,56,71.577602,37.1712,34.406402,0.18006430868167203,0.48068670978946737,1.19,0.35,0.0,0,V-2023.12-SP4,292,236,56,69.67,35.27,34.41,100.6387,0.6923,0.1917808219178082,0.49389981340605704,0.7,0.84,0.0,0,V-2023.12-SP3,V-2023.12-SP4,0.159,0.03005,0.0001831,0.18919999999999998,0.18905,0.3308375,0.11309999999999999,0.0,0.0,0.11309999999999999,0.020550000000000002,0.0038970000000000003,8.184e-05,0.02453,0.025320000000000002,0.02616,0.00010120000000000001,0.05158,0.0,0.0,0.0,0.0,0.0,0.0,0.0,0.0,0.0,0.0,0.0,0.0,0.0,0.0,0.0,0.0,unvectored,none,2,2026-07-25T08:40:02+00:00
fpmul_5_2_5_10nm_TT_0V8_25C_571p429MHz,fpmul,exp_bits=5;mantissa_bits=2;pipeline_stages=5,10nm,TT,0.8,25.0,1.75,571.4285714285714,5,2,5,V-2023.12-SP4,311,255,56,71.577602,37.1712,34.406402,0.18006430868167203,0.48068670978946737,1.19,0.35,0.0,0,V-2023.12-SP4,292,236,56,69.67,35.27,34.41,100.6387,0.6923,0.1917808219178082,0.49389981340605704,0.7,0.84,0.0,0,V-2023.12-SP3,V-2023.12-SP4,0.2105,0.06558,0.0001906,0.2762,0.27608,0.48314,0.11299999999999999,0.0,0.0,0.11299999999999999,0.04498,0.009415999999999999,8.659e-05,0.05448,0.052469999999999996,0.05617,0.00010400000000000001,0.1087,0.0,0.0,0.0,0.0,0.0,0.0,0.0,0.0,0.0,0.0,0.0,0.0,0.0,0.0,0.0,0.0,vectored,random,2,2026-07-25T08:40:08+00:00
fpmul_5_10_2_10nm_TT_0V8_25C_363p636MHz,fpmul,exp_bits=5;mantissa_bits=10;pipeline_stages=2,10nm,TT,0.8,25.0,2.75,363.6363636363636,5,10,2,V-2023.12-SP4,1070,1020,50,183.306243,152.586241,30.720001,0.04672897196261682,0.16758840559511112,2.37,0.16,0.0,0,V-2023.12-SP4,983,933,50,175.6,144.88,30.72,260.6285,0.6737,0.0508646998982706,0.17494305239179955,1.2,1.43,0.0,0,V-2023.12-SP3,V-2023.12-SP4,0.1884,0.1421,0.0004707,0.331,0.3305,0.9088750000000001,0.08445000000000001,0.01626,1.791e-05,0.1007,0.0125,0.005566,7.281e-05,0.01814,0.09140999999999999,0.12029999999999999,0.0003799,0.2121,0.0,0.0,0.0,0.0,0.0,0.0,0.0,0.0,0.0,0.0,0.0,0.0,0.0,0.0,0.0,0.0,unvectored,none,2,2026-07-25T08:41:48+00:00
fpmul_5_10_2_10nm_TT_0V8_25C_363p636MHz,fpmul,exp_bits=5;mantissa_bits=10;pipeline_stages=2,10nm,TT,0.8,25.0,2.75,363.6363636363636,5,10,2,V-2023.12-SP4,1070,1020,50,183.306243,152.586241,30.720001,0.04672897196261682,0.16758840559511112,2.37,0.16,0.0,0,V-2023.12-SP4,983,933,50,175.6,144.88,30.72,260.6285,0.6737,0.0508646998982706,0.17494305239179955,1.2,1.43,0.0,0,V-2023.12-SP3,V-2023.12-SP4,0.33940000000000003,0.3341,0.0004785,0.674,0.6735,1.852125,0.08441,0.01626,1.791e-05,0.1007,0.03301,0.013869999999999999,7.82e-05,0.046959999999999995,0.222,0.304,0.00038239999999999997,0.5264,0.0,0.0,0.0,0.0,0.0,0.0,0.0,0.0,0.0,0.0,0.0,0.0,0.0,0.0,0.0,0.0,vectored,random,2,2026-07-25T08:41:55+00:00
fpmul_5_10_3_10nm_TT_0V8_25C_363p636MHz,fpmul,exp_bits=5;mantissa_bits=10;pipeline_stages=3,10nm,TT,0.8,25.0,2.75,363.6363636363636,5,10,3,V-2023.12-SP4,1106,1038,68,196.577283,154.798081,41.779202,0.06148282097649186,0.21253321524440846,2.37,0.16,0.0,0,V-2023.12-SP4,1020,952,68,186.87,145.09,41.78,276.0806,0.6769,0.06666666666666667,0.22357788837159523,1.2,1.43,0.0,0,V-2023.12-SP3,V-2023.12-SP4,0.21589999999999998,0.1459,0.000489,0.3623,0.3618,0.99495,0.1062,0.01715,4.362e-06,0.12329999999999999,0.0166,0.006221,9.916999999999999e-05,0.02292,0.09315,0.1225,0.0003855,0.216,0.0,0.0,0.0,0.0,0.0,0.0,0.0,0.0,0.0,0.0,0.0,0.0,0.0,0.0,0.0,0.0,unvectored,none,2,2026-07-25T08:42:58+00:00
fpmul_5_10_3_10nm_TT_0V8_25C_363p636MHz,fpmul,exp_bits=5;mantissa_bits=10;pipeline_stages=3,10nm,TT,0.8,25.0,2.75,363.6363636363636,5,10,3,V-2023.12-SP4,1106,1038,68,196.577283,154.798081,41.779202,0.06148282097649186,0.21253321524440846,2.37,0.16,0.0,0,V-2023.12-SP4,1020,952,68,186.87,145.09,41.78,276.0806,0.6769,0.06666666666666667,0.22357788837159523,1.2,1.43,0.0,0,V-2023.12-SP3,V-2023.12-SP4,0.36860000000000004,0.3332,0.0004994,0.7023,0.7018,1.9299499999999998,0.1061,0.01715,4.362e-06,0.12329999999999999,0.04131,0.01543,0.00010630000000000001,0.05685,0.2212,0.3006,0.00038879999999999996,0.5222,0.0,0.0,0.0,0.0,0.0,0.0,0.0,0.0,0.0,0.0,0.0,0.0,0.0,0.0,0.0,0.0,vectored,random,2,2026-07-25T08:43:05+00:00
fpmul_5_10_5_10nm_TT_0V8_25C_571p429MHz,fpmul,exp_bits=5;mantissa_bits=10;pipeline_stages=5,10nm,TT,0.8,25.0,1.75,571.4285714285714,5,10,5,V-2023.12-SP4,1248,1144,104,232.550404,168.652801,63.897603,0.08333333333333333,0.27476883248072104,1.53,0.0,0.0,0,V-2023.12-SP4,1161,1057,104,223.09,159.19,63.9,327.7517,0.6807,0.08957795004306632,0.28643148505087634,0.7,0.84,0.0,0,V-2023.12-SP3,V-2023.12-SP4,0.4176,0.2292,0.0005979000000000001,0.6474,0.6468,1.1319000000000001,0.2229,0.01451,7.27e-07,0.2374,0.03884,0.009876,0.00015209999999999998,0.04887,0.1558,0.20479999999999998,0.0004451,0.3611,0.0,0.0,0.0,0.0,0.0,0.0,0.0,0.0,0.0,0.0,0.0,0.0,0.0,0.0,0.0,0.0,unvectored,none,2,2026-07-25T08:44:46+00:00
fpmul_5_10_5_10nm_TT_0V8_25C_363p636MHz,fpmul,exp_bits=5;mantissa_bits=10;pipeline_stages=5,10nm,TT,0.8,25.0,2.75,363.6363636363636,5,10,5,V-2023.12-SP4,1178,1074,104,223.119364,159.221761,63.897603,0.08828522920203735,0.2863830456239558,2.37,0.16,0.0,0,V-2023.12-SP4,1083,979,104,212.86,148.96,63.9,315.1258,0.6755,0.09602954755309326,0.3001973127877478,1.2,1.42,0.0,0,V-2023.12-SP3,V-2023.12-SP4,0.2706,0.1578,0.000561,0.429,0.4284,1.1781,0.14980000000000002,0.02665,3.635e-06,0.17650000000000002,0.024790000000000003,0.007069000000000001,0.000152,0.03201,0.09605999999999999,0.1241,0.00040540000000000004,0.2206,0.0,0.0,0.0,0.0,0.0,0.0,0.0,0.0,0.0,0.0,0.0,0.0,0.0,0.0,0.0,0.0,unvectored,none,2,2026-07-25T08:44:52+00:00
fpmul_5_10_5_10nm_TT_0V8_25C_571p429MHz,fpmul,exp_bits=5;mantissa_bits=10;pipeline_stages=5,10nm,TT,0.8,25.0,1.75,571.4285714285714,5,10,5,V-2023.12-SP4,1248,1144,104,232.550404,168.652801,63.897603,0.08333333333333333,0.27476883248072104,1.53,0.0,0.0,0,V-2023.12-SP4,1161,1057,104,223.09,159.19,63.9,327.7517,0.6807,0.08957795004306632,0.28643148505087634,0.7,0.84,0.0,0,V-2023.12-SP3,V-2023.12-SP4,0.6654,0.5123000000000001,0.0006123000000000001,1.178,1.1777000000000002,2.0609750000000004,0.2228,0.01451,7.27e-07,0.23729999999999998,0.09186000000000001,0.02422,0.0001614,0.11620000000000001,0.3508,0.4736,0.0004501,0.8248,0.0,0.0,0.0,0.0,0.0,0.0,0.0,0.0,0.0,0.0,0.0,0.0,0.0,0.0,0.0,0.0,vectored,random,2,2026-07-25T08:44:53+00:00
fpmul_5_10_5_10nm_TT_0V8_25C_363p636MHz,fpmul,exp_bits=5;mantissa_bits=10;pipeline_stages=5,10nm,TT,0.8,25.0,2.75,363.6363636363636,5,10,5,V-2023.12-SP4,1178,1074,104,223.119364,159.221761,63.897603,0.08828522920203735,0.2863830456239558,2.37,0.16,0.0,0,V-2023.12-SP4,1083,979,104,212.86,148.96,63.9,315.1258,0.6755,0.09602954755309326,0.3001973127877478,1.2,1.42,0.0,0,V-2023.12-SP3,V-2023.12-SP4,0.4211,0.3239,0.0005753,0.7456,0.745,2.04875,0.1497,0.02665,3.635e-06,0.1764,0.05769,0.017329999999999998,0.00016150000000000002,0.07519,0.2137,0.2799,0.0004101,0.494,0.0,0.0,0.0,0.0,0.0,0.0,0.0,0.0,0.0,0.0,0.0,0.0,0.0,0.0,0.0,0.0,vectored,random,2,2026-07-25T08:44:59+00:00
fpmul_8_7_2_10nm_TT_0V8_25C_400MHz,fpmul,exp_bits=8;mantissa_bits=7;pipeline_stages=2,10nm,TT,0.8,25.0,2.5,400.0,8,7,2,V-2023.12-SP4,726,676,50,138.608643,107.888641,30.720001,0.06887052341597796,0.22163120809140308,2.09,0.19,0.0,0,V-2023.12-SP4,714,664,50,137.66,106.94,30.72,193.536,0.7113,0.0700280112044818,0.22315850646520413,1.07,1.29,0.0,0,V-2023.12-SP3,V-2023.12-SP4,0.16540000000000002,0.09602000000000001,0.00035269999999999995,0.26180000000000003,0.26142000000000004,0.6535500000000001,0.09648,0.017750000000000002,1.791e-05,0.1142,0.01357,0.0052569999999999995,7.285e-05,0.0189,0.05533,0.07300999999999999,0.00026199999999999997,0.12860000000000002,0.0,0.0,0.0,0.0,0.0,0.0,0.0,0.0,0.0,0.0,0.0,0.0,0.0,0.0,0.0,0.0,unvectored,none,2,2026-07-25T08:47:29+00:00
fpmul_8_7_2_10nm_TT_0V8_25C_400MHz,fpmul,exp_bits=8;mantissa_bits=7;pipeline_stages=2,10nm,TT,0.8,25.0,2.5,400.0,8,7,2,V-2023.12-SP4,726,676,50,138.608643,107.888641,30.720001,0.06887052341597796,0.22163120809140308,2.09,0.19,0.0,0,V-2023.12-SP4,714,664,50,137.66,106.94,30.72,193.536,0.7113,0.0700280112044818,0.22315850646520413,1.07,1.29,0.0,0,V-2023.12-SP3,V-2023.12-SP4,0.2353,0.178,0.0003612,0.4136,0.4133,1.03325,0.09643,0.017750000000000002,1.791e-05,0.1142,0.032780000000000004,0.01313,7.833e-05,0.045989999999999996,0.1061,0.1471,0.000265,0.25339999999999996,0.0,0.0,0.0,0.0,0.0,0.0,0.0,0.0,0.0,0.0,0.0,0.0,0.0,0.0,0.0,0.0,vectored,random,2,2026-07-25T08:47:37+00:00
fpmul_8_7_3_10nm_TT_0V8_25C_400MHz,fpmul,exp_bits=8;mantissa_bits=7;pipeline_stages=3,10nm,TT,0.8,25.0,2.5,400.0,8,7,3,V-2023.12-SP4,762,694,68,151.879683,110.100481,41.779202,0.08923884514435695,0.2750809138836562,2.09,0.19,0.0,0,V-2023.12-SP4,751,683,68,150.37,108.6,41.78,214.7942,0.7001,0.09054593874833555,0.2778479749950123,1.08,1.3,0.0,0,V-2023.12-SP3,V-2023.12-SP4,0.1995,0.1002,0.0003838,0.3,0.2997,0.7492500000000001,0.1239,0.018850000000000002,1.308e-05,0.1428,0.018099999999999998,0.005719,9.928999999999999e-05,0.02392,0.05745,0.07558000000000001,0.0002714,0.13329999999999997,0.0,0.0,0.0,0.0,0.0,0.0,0.0,0.0,0.0,0.0,0.0,0.0,0.0,0.0,0.0,0.0,unvectored,none,2,2026-07-25T08:47:43+00:00
fpmul_8_7_3_10nm_TT_0V8_25C_400MHz,fpmul,exp_bits=8;mantissa_bits=7;pipeline_stages=3,10nm,TT,0.8,25.0,2.5,400.0,8,7,3,V-2023.12-SP4,762,694,68,151.879683,110.100481,41.779202,0.08923884514435695,0.2750809138836562,2.09,0.19,0.0,0,V-2023.12-SP4,751,683,68,150.37,108.6,41.78,214.7942,0.7001,0.09054593874833555,0.2778479749950123,1.08,1.3,0.0,0,V-2023.12-SP3,V-2023.12-SP4,0.2722,0.1784,0.0003946,0.451,0.4506,1.1265,0.1239,0.018850000000000002,1.308e-05,0.1427,0.041999999999999996,0.01418,0.00010630000000000001,0.05629,0.10629999999999999,0.1453,0.00027529999999999997,0.252,0.0,0.0,0.0,0.0,0.0,0.0,0.0,0.0,0.0,0.0,0.0,0.0,0.0,0.0,0.0,0.0,vectored,random,2,2026-07-25T08:47:50+00:00
fpmul_8_7_5_10nm_TT_0V8_25C_400MHz,fpmul,exp_bits=8;mantissa_bits=7;pipeline_stages=5,10nm,TT,0.8,25.0,2.5,400.0,8,7,5,V-2023.12-SP4,834,730,104,178.421764,114.524161,63.897603,0.12470023980815348,0.35812673054841,2.09,0.19,0.0,0,V-2023.12-SP4,828,724,104,177.72,113.82,63.9,250.6445,0.709,0.12560386473429952,0.3595543551654288,1.08,1.29,0.0,0,V-2023.12-SP3,V-2023.12-SP4,0.2652,0.1183,0.0004603,0.384,0.3835,0.95875,0.17670000000000002,0.03294,1.817e-05,0.2097,0.02702,0.0068000000000000005,0.0001519,0.03398,0.06151,0.07854,0.0002902,0.1403,0.0,0.0,0.0,0.0,0.0,0.0,0.0,0.0,0.0,0.0,0.0,0.0,0.0,0.0,0.0,0.0,unvectored,none,2,2026-07-25T08:50:14+00:00
fpmul_8_7_5_10nm_TT_0V8_25C_400MHz,fpmul,exp_bits=8;mantissa_bits=7;pipeline_stages=5,10nm,TT,0.8,25.0,2.5,400.0,8,7,5,V-2023.12-SP4,834,730,104,178.421764,114.524161,63.897603,0.12470023980815348,0.35812673054841,2.09,0.19,0.0,0,V-2023.12-SP4,828,724,104,177.72,113.82,63.9,250.6445,0.709,0.12560386473429952,0.3595543551654288,1.08,1.29,0.0,0,V-2023.12-SP3,V-2023.12-SP4,0.3504,0.2,0.0004751,0.5508000000000001,0.5504,1.376,0.1766,0.03294,1.8180000000000002e-05,0.2096,0.06047,0.01666,0.0001616,0.0773,0.1133,0.1504,0.0002953,0.264,0.0,0.0,0.0,0.0,0.0,0.0,0.0,0.0,0.0,0.0,0.0,0.0,0.0,0.0,0.0,0.0,vectored,random,2,2026-07-25T08:50:21+00:00
fpmul_8_10_2_10nm_TT_0V8_25C_333p333MHz,fpmul,exp_bits=8;mantissa_bits=10;pipeline_stages=2,10nm,TT,0.8,25.0,3.0,333.3333333333333,8,10,2,V-2023.12-SP4,1174,1115,59,197.621763,161.372161,36.249602,0.05025553662691652,0.18342920055824016,2.59,0.19,0.0,0,V-2023.12-SP4,1087,1028,59,188.34,152.09,36.25,277.4016,0.679,0.05427782888684453,0.19247106297122227,1.33,1.53,0.0,0,V-2023.12-SP3,V-2023.12-SP4,0.1834,0.13190000000000002,0.0005022000000000001,0.31579999999999997,0.3153,0.9459000000000001,0.0872,0.01417,1.4999999999999999e-05,0.1014,0.01351,0.005357,8.603e-05,0.01895,0.08267000000000001,0.1124,0.0004012,0.1955,0.0,0.0,0.0,0.0,0.0,0.0,0.0,0.0,0.0,0.0,0.0,0.0,0.0,0.0,0.0,0.0,unvectored,none,2,2026-07-25T08:51:41+00:00
fpmul_8_10_2_10nm_TT_0V8_25C_333p333MHz,fpmul,exp_bits=8;mantissa_bits=10;pipeline_stages=2,10nm,TT,0.8,25.0,3.0,333.3333333333333,8,10,2,V-2023.12-SP4,1174,1115,59,197.621763,161.372161,36.249602,0.05025553662691652,0.18342920055824016,2.59,0.19,0.0,0,V-2023.12-SP4,1087,1028,59,188.34,152.09,36.25,277.4016,0.679,0.05427782888684453,0.19247106297122227,1.33,1.53,0.0,0,V-2023.12-SP3,V-2023.12-SP4,0.3011,0.2789,0.0005118,0.5804,0.58,1.7399999999999998,0.08716,0.01417,1.4999999999999999e-05,0.1013,0.03361,0.01332,9.243000000000001e-05,0.04703,0.1803,0.2514,0.0004044,0.4321,0.0,0.0,0.0,0.0,0.0,0.0,0.0,0.0,0.0,0.0,0.0,0.0,0.0,0.0,0.0,0.0,vectored,random,2,2026-07-25T08:51:49+00:00
fpmul_8_10_3_10nm_TT_0V8_25C_363p636MHz,fpmul,exp_bits=8;mantissa_bits=10;pipeline_stages=3,10nm,TT,0.8,25.0,2.75,363.6363636363636,8,10,3,V-2023.12-SP4,1234,1154,80,212.613123,163.461121,49.152002,0.06482982171799027,0.2311804713954557,2.42,0.11,0.0,0,V-2023.12-SP4,1155,1075,80,205.27,156.12,49.15,299.9808,0.6843,0.06926406926406926,0.23944073659083157,1.2,1.41,0.0,0,V-2023.12-SP3,V-2023.12-SP4,0.24000000000000002,0.1497,0.0005486,0.3902,0.38970000000000005,1.0716750000000002,0.1301,0.020190000000000003,1.454e-05,0.1503,0.01951,0.005959,0.0001168,0.02558,0.09040000000000001,0.1235,0.0004173,0.21430000000000002,0.0,0.0,0.0,0.0,0.0,0.0,0.0,0.0,0.0,0.0,0.0,0.0,0.0,0.0,0.0,0.0,unvectored,none,2,2026-07-25T08:53:17+00:00
fpmul_8_10_3_10nm_TT_0V8_25C_363p636MHz,fpmul,exp_bits=8;mantissa_bits=10;pipeline_stages=3,10nm,TT,0.8,25.0,2.75,363.6363636363636,8,10,3,V-2023.12-SP4,1234,1154,80,212.613123,163.461121,49.152002,0.06482982171799027,0.2311804713954557,2.42,0.11,0.0,0,V-2023.12-SP4,1155,1075,80,205.27,156.12,49.15,299.9808,0.6843,0.06926406926406926,0.23944073659083157,1.2,1.41,0.0,0,V-2023.12-SP3,V-2023.12-SP4,0.3853,0.3303,0.0005611,0.7162,0.7156,1.9679,0.12999999999999998,0.020190000000000003,1.454e-05,0.1502,0.0467,0.014769999999999998,0.0001248,0.06159,0.2087,0.2953,0.00042179999999999995,0.5044,0.0,0.0,0.0,0.0,0.0,0.0,0.0,0.0,0.0,0.0,0.0,0.0,0.0,0.0,0.0,0.0,vectored,random,2,2026-07-25T08:53:24+00:00
fpmul_4_3_2_5nm_TT_0V7_25C_1000MHz,fpmul,exp_bits=4;mantissa_bits=3;pipeline_stages=2,5nm,TT,0.7,25.0,1.0,1000.0,4,3,2,V-2023.12-SP4,396,370,26,17.6652,13.2972,4.368,0.06565656565656566,0.24726581074655257,0.78,0.0,0.0,0,V-2023.12-SP4,363,337,26,15.69,11.32,4.37,24.36,0.6441,0.07162534435261708,0.278521351179095,0.32,0.47,0.0,0,V-2023.12-SP3,V-2023.12-SP4,0.1126,0.06272,0.0001319,0.1754,0.17532,0.17532,0.06248,0.0,0.0,0.06248,0.01284,0.003996,4.815e-05,0.016880000000000003,0.03725,0.058730000000000004,8.371e-05,0.09605999999999999,0.0,0.0,0.0,0.0,0.0,0.0,0.0,0.0,0.0,0.0,0.0,0.0,0.0,0.0,0.0,0.0,unvectored,none,2,2026-07-25T08:54:48+00:00
fpmul_4_3_2_5nm_TT_0V7_25C_1000MHz,fpmul,exp_bits=4;mantissa_bits=3;pipeline_stages=2,5nm,TT,0.7,25.0,1.0,1000.0,4,3,2,V-2023.12-SP4,396,370,26,17.6652,13.2972,4.368,0.06565656565656566,0.24726581074655257,0.78,0.0,0.0,0,V-2023.12-SP4,363,337,26,15.69,11.32,4.37,24.36,0.6441,0.07162534435261708,0.278521351179095,0.32,0.47,0.0,0,V-2023.12-SP3,V-2023.12-SP4,0.1714,0.1289,0.0001292,0.3005,0.3003,0.3003,0.06282,0.0,0.0,0.06282,0.03133,0.009944,4.42e-05,0.041319999999999996,0.07726,0.11900000000000001,8.495e-05,0.1963,0.0,0.0,0.0,0.0,0.0,0.0,0.0,0.0,0.0,0.0,0.0,0.0,0.0,0.0,0.0,0.0,vectored,random,2,2026-07-25T08:54:55+00:00
fpmul_8_10_5_10nm_TT_0V8_25C_363p636MHz,fpmul,exp_bits=8;mantissa_bits=10;pipeline_stages=5,10nm,TT,0.8,25.0,2.75,363.6363636363636,8,10,5,V-2023.12-SP4,1322,1200,122,243.671044,168.714241,74.956804,0.09228441754916793,0.3076147365297947,2.51,0.02,0.0,0,V-2023.12-SP4,1234,1112,122,235.01,160.05,74.96,343.5725,0.684,0.09886547811993517,0.3189651504191311,1.2,1.42,0.0,0,V-2023.12-SP3,V-2023.12-SP4,0.299,0.1646,0.0006216,0.4641,0.4636,1.2749000000000001,0.1759,0.031139999999999998,4.362e-06,0.2071,0.02903,0.006904,0.0001783,0.036109999999999996,0.09401,0.1265,0.0004389,0.221,0.0,0.0,0.0,0.0,0.0,0.0,0.0,0.0,0.0,0.0,0.0,0.0,0.0,0.0,0.0,0.0,unvectored,none,2,2026-07-25T08:55:11+00:00
fpmul_8_10_5_10nm_TT_0V8_25C_363p636MHz,fpmul,exp_bits=8;mantissa_bits=10;pipeline_stages=5,10nm,TT,0.8,25.0,2.75,363.6363636363636,8,10,5,V-2023.12-SP4,1322,1200,122,243.671044,168.714241,74.956804,0.09228441754916793,0.3076147365297947,2.51,0.02,0.0,0,V-2023.12-SP4,1234,1112,122,235.01,160.05,74.96,343.5725,0.684,0.09886547811993517,0.3189651504191311,1.2,1.42,0.0,0,V-2023.12-SP3,V-2023.12-SP4,0.4473,0.3337,0.0006385,0.7817,0.7809999999999999,2.14775,0.17579999999999998,0.031139999999999998,4.362e-06,0.207,0.06588999999999999,0.016909999999999998,0.0001895,0.08299000000000001,0.2056,0.2856,0.0004446,0.49169999999999997,0.0,0.0,0.0,0.0,0.0,0.0,0.0,0.0,0.0,0.0,0.0,0.0,0.0,0.0,0.0,0.0,vectored,random,2,2026-07-25T08:55:19+00:00
fpmul_4_3_2_5nm_TT_0V7_25C_571p429MHz,fpmul,exp_bits=4;mantissa_bits=3;pipeline_stages=2,5nm,TT,0.7,25.0,1.75,571.4285714285714,4,3,2,V-2023.12-SP4,306,280,26,16.1196,11.7516,4.368,0.08496732026143791,0.27097446586763946,1.0,0.53,0.0,0,V-2023.12-SP4,282,256,26,14.99,10.62,4.37,22.344,0.6707,0.09219858156028368,0.2915276851234156,0.69,0.84,0.0,0,V-2023.12-SP3,V-2023.12-SP4,0.06365,0.03161,0.00012009999999999999,0.09537999999999999,0.09526,0.166705,0.03567,0.0,0.0,0.03567,0.007312,0.002434,4.819e-05,0.009793999999999999,0.020659999999999998,0.029179999999999998,7.193e-05,0.04991,0.0,0.0,0.0,0.0,0.0,0.0,0.0,0.0,0.0,0.0,0.0,0.0,0.0,0.0,0.0,0.0,unvectored,none,2,2026-07-25T08:56:24+00:00
fpmul_4_3_2_5nm_TT_0V7_25C_571p429MHz,fpmul,exp_bits=4;mantissa_bits=3;pipeline_stages=2,5nm,TT,0.7,25.0,1.75,571.4285714285714,4,3,2,V-2023.12-SP4,306,280,26,16.1196,11.7516,4.368,0.08496732026143791,0.27097446586763946,1.0,0.53,0.0,0,V-2023.12-SP4,282,256,26,14.99,10.62,4.37,22.344,0.6707,0.09219858156028368,0.2915276851234156,0.69,0.84,0.0,0,V-2023.12-SP3,V-2023.12-SP4,0.09629,0.06582,0.00011740000000000001,0.1622,0.16211,0.2836925,0.03587,0.0,0.0,0.03587,0.01751,0.006064,4.415e-05,0.023620000000000002,0.042910000000000004,0.059750000000000004,7.327e-05,0.1027,0.0,0.0,0.0,0.0,0.0,0.0,0.0,0.0,0.0,0.0,0.0,0.0,0.0,0.0,0.0,0.0,vectored,random,2,2026-07-25T08:56:31+00:00
fpmul_4_3_3_5nm_TT_0V7_25C_1000MHz,fpmul,exp_bits=4;mantissa_bits=3;pipeline_stages=3,5nm,TT,0.7,25.0,1.0,1000.0,4,3,3,V-2023.12-SP4,416,380,36,19.7652,13.7172,6.048,0.08653846153846154,0.3059923501912452,0.78,0.0,0.0,0,V-2023.12-SP4,383,347,36,17.79,11.74,6.05,27.6024,0.6446,0.09399477806788512,0.34007869589657114,0.32,0.47,0.0,0,V-2023.12-SP3,V-2023.12-SP4,0.1418,0.06379,0.0001539,0.20579999999999998,0.20559,0.20559,0.0857,0.0,0.0,0.0857,0.01737,0.004508,6.654999999999999e-05,0.02194,0.038779999999999995,0.05928,8.733e-05,0.09815,0.0,0.0,0.0,0.0,0.0,0.0,0.0,0.0,0.0,0.0,0.0,0.0,0.0,0.0,0.0,0.0,unvectored,none,2,2026-07-25T08:57:32+00:00
fpmul_4_3_3_5nm_TT_0V7_25C_571p429MHz,fpmul,exp_bits=4;mantissa_bits=3;pipeline_stages=3,5nm,TT,0.7,25.0,1.75,571.4285714285714,4,3,3,V-2023.12-SP4,332,296,36,18.4632,12.4152,6.048,0.10843373493975904,0.3275705186533212,0.98,0.55,0.0,0,V-2023.12-SP4,308,272,36,17.33,11.28,6.05,25.704,0.6742,0.11688311688311688,0.3491055972302366,0.69,0.84,0.0,0,V-2023.12-SP3,V-2023.12-SP4,0.08156,0.03333,0.0001441,0.115,0.11488999999999999,0.2010575,0.049280000000000004,0.0,0.0,0.049280000000000004,0.009909,0.002738,6.654999999999999e-05,0.01271,0.02237,0.0306,7.758e-05,0.053040000000000004,0.0,0.0,0.0,0.0,0.0,0.0,0.0,0.0,0.0,0.0,0.0,0.0,0.0,0.0,0.0,0.0,unvectored,none,2,2026-07-25T08:57:39+00:00
fpmul_4_3_3_5nm_TT_0V7_25C_1000MHz,fpmul,exp_bits=4;mantissa_bits=3;pipeline_stages=3,5nm,TT,0.7,25.0,1.0,1000.0,4,3,3,V-2023.12-SP4,416,380,36,19.7652,13.7172,6.048,0.08653846153846154,0.3059923501912452,0.78,0.0,0.0,0,V-2023.12-SP4,383,347,36,17.79,11.74,6.05,27.6024,0.6446,0.09399477806788512,0.34007869589657114,0.32,0.47,0.0,0,V-2023.12-SP3,V-2023.12-SP4,0.2071,0.13369999999999999,0.0001504,0.34099999999999997,0.3408,0.3408,0.08613,0.0,0.0,0.08613,0.04023,0.011090000000000001,6.149000000000001e-05,0.05139,0.08077,0.1226,8.896e-05,0.2034,0.0,0.0,0.0,0.0,0.0,0.0,0.0,0.0,0.0,0.0,0.0,0.0,0.0,0.0,0.0,0.0,vectored,random,2,2026-07-25T08:57:39+00:00
fpmul_8_23_2_10nm_TT_0V8_25C_285p714MHz,fpmul,exp_bits=8;mantissa_bits=23;pipeline_stages=2,10nm,TT,0.8,25.0,3.5,285.7142857142857,8,23,2,V-2023.12-SP4,3113,3015,98,592.896011,532.684808,60.211203,0.03148088660456152,0.10155440732084803,3.28,0.0,0.0,0,V-2023.12-SP4,2921,2823,98,576.77,516.56,60.21,836.352,0.6896,0.03355015405682985,0.10439169859736117,1.57,1.79,0.0,0,V-2023.12-SP3,V-2023.12-SP4,0.4268,0.41340000000000005,0.00147,0.8416,0.8402000000000001,2.9407,0.11560000000000001,0.01965,2.6449999999999997e-06,0.1353,0.01951,0.0071860000000000005,0.0001428,0.02684,0.29159999999999997,0.3865,0.001325,0.6795,0.0,0.0,0.0,0.0,0.0,0.0,0.0,0.0,0.0,0.0,0.0,0.0,0.0,0.0,0.0,0.0,unvectored,none,2,2026-07-25T08:57:45+00:00
fpmul_4_3_3_5nm_TT_0V7_25C_571p429MHz,fpmul,exp_bits=4;mantissa_bits=3;pipeline_stages=3,5nm,TT,0.7,25.0,1.75,571.4285714285714,4,3,3,V-2023.12-SP4,332,296,36,18.4632,12.4152,6.048,0.10843373493975904,0.3275705186533212,0.98,0.55,0.0,0,V-2023.12-SP4,308,272,36,17.33,11.28,6.05,25.704,0.6742,0.11688311688311688,0.3491055972302366,0.69,0.84,0.0,0,V-2023.12-SP3,V-2023.12-SP4,0.1197,0.07151,0.00014079999999999998,0.1914,0.19121,0.3346175,0.049539999999999994,0.0,0.0,0.049539999999999994,0.02276,0.006749,6.146999999999999e-05,0.02957,0.04745,0.06476,7.936e-05,0.11230000000000001,0.0,0.0,0.0,0.0,0.0,0.0,0.0,0.0,0.0,0.0,0.0,0.0,0.0,0.0,0.0,0.0,vectored,random,2,2026-07-25T08:57:46+00:00
fpmul_8_23_2_10nm_TT_0V8_25C_285p714MHz,fpmul,exp_bits=8;mantissa_bits=23;pipeline_stages=2,10nm,TT,0.8,25.0,3.5,285.7142857142857,8,23,2,V-2023.12-SP4,3113,3015,98,592.896011,532.684808,60.211203,0.03148088660456152,0.10155440732084803,3.28,0.0,0.0,0,V-2023.12-SP4,2921,2823,98,576.77,516.56,60.21,836.352,0.6896,0.03355015405682985,0.10439169859736117,1.57,1.79,0.0,0,V-2023.12-SP3,V-2023.12-SP4,0.7699999999999999,0.889,0.0014869999999999998,1.66,1.6589999999999998,5.8065,0.11560000000000001,0.01965,2.646e-06,0.13520000000000001,0.05044,0.01791,0.0001537,0.06849999999999999,0.6040000000000001,0.8513999999999999,0.0013310000000000002,1.4569999999999999,0.0,0.0,0.0,0.0,0.0,0.0,0.0,0.0,0.0,0.0,0.0,0.0,0.0,0.0,0.0,0.0,vectored,random,2,2026-07-25T08:57:52+00:00
fpmul_4_3_5_5nm_TT_0V7_25C_1000MHz,fpmul,exp_bits=4;mantissa_bits=3;pipeline_stages=5,5nm,TT,0.7,25.0,1.0,1000.0,4,3,5,V-2023.12-SP4,456,400,56,23.9652,14.5572,9.408,0.12280701754385964,0.39256922537679634,0.78,0.0,0.0,0,V-2023.12-SP4,424,368,56,22.04,12.62,9.42,33.4152,0.6596,0.1320754716981132,0.42740471869328495,0.32,0.47,0.0,0,V-2023.12-SP3,V-2023.12-SP4,0.20220000000000002,0.06806,0.0001983,0.27040000000000003,0.27026,0.27026,0.13329999999999997,0.0,0.0,0.13329999999999997,0.02655,0.0056500000000000005,0.0001032,0.0323,0.04233,0.06240999999999999,9.51e-05,0.1048,0.0,0.0,0.0,0.0,0.0,0.0,0.0,0.0,0.0,0.0,0.0,0.0,0.0,0.0,0.0,0.0,unvectored,none,2,2026-07-25T08:59:12+00:00
fpmul_4_3_5_5nm_TT_0V7_25C_1000MHz,fpmul,exp_bits=4;mantissa_bits=3;pipeline_stages=5,5nm,TT,0.7,25.0,1.0,1000.0,4,3,5,V-2023.12-SP4,456,400,56,23.9652,14.5572,9.408,0.12280701754385964,0.39256922537679634,0.78,0.0,0.0,0,V-2023.12-SP4,424,368,56,22.04,12.62,9.42,33.4152,0.6596,0.1320754716981132,0.42740471869328495,0.32,0.47,0.0,0,V-2023.12-SP3,V-2023.12-SP4,0.2764,0.13549999999999998,0.00019329999999999998,0.41209999999999997,0.41189999999999993,0.41189999999999993,0.1339,0.0,0.0,0.1339,0.05872,0.013649999999999999,9.584e-05,0.07247,0.0838,0.1218,9.743000000000001e-05,0.20570000000000002,0.0,0.0,0.0,0.0,0.0,0.0,0.0,0.0,0.0,0.0,0.0,0.0,0.0,0.0,0.0,0.0,vectored,random,2,2026-07-25T08:59:19+00:00
fpmul_4_3_5_5nm_TT_0V7_25C_666p667MHz,fpmul,exp_bits=4;mantissa_bits=3;pipeline_stages=5,5nm,TT,0.7,25.0,1.5,666.6666666666666,4,3,5,V-2023.12-SP4,372,316,56,22.6632,13.2552,9.408,0.15053763440860216,0.4151223128243143,0.98,0.3,0.0,0,V-2023.12-SP4,350,294,56,21.97,12.55,9.42,31.3236,0.7015,0.16,0.42876649977241693,0.57,0.74,0.0,0,V-2023.12-SP3,V-2023.12-SP4,0.15259999999999999,0.061279999999999994,0.0001967,0.2141,0.21388,0.32082,0.1064,0.01954,8.582e-06,0.12589999999999998,0.017689999999999997,0.003951,0.0001031,0.02175,0.02858,0.037790000000000004,8.505e-05,0.06645999999999999,0.0,0.0,0.0,0.0,0.0,0.0,0.0,0.0,0.0,0.0,0.0,0.0,0.0,0.0,0.0,0.0,unvectored,none,2,2026-07-25T09:00:14+00:00
fpmul_5_2_2_5nm_TT_0V7_25C_1000MHz,fpmul,exp_bits=5;mantissa_bits=2;pipeline_stages=2,5nm,TT,0.7,25.0,1.0,1000.0,5,2,2,V-2023.12-SP4,304,278,26,14.1624,9.7944,4.368,0.08552631578947369,0.3084223013048636,0.74,0.04,0.0,0,V-2023.12-SP4,262,236,26,12.74,8.37,4.37,19.4376,0.6556,0.09923664122137404,0.34301412872841447,0.32,0.47,0.0,0,V-2023.12-SP3,V-2023.12-SP4,0.10160000000000001,0.04115,0.0001103,0.1429,0.14275000000000002,0.14275000000000002,0.06261,0.0,0.0,0.06261,0.01271,0.003629,4.82e-05,0.016390000000000002,0.02632,0.03752,6.206e-05,0.0639,0.0,0.0,0.0,0.0,0.0,0.0,0.0,0.0,0.0,0.0,0.0,0.0,0.0,0.0,0.0,0.0,unvectored,none,2,2026-07-25T09:00:17+00:00
fpmul_4_3_5_5nm_TT_0V7_25C_666p667MHz,fpmul,exp_bits=4;mantissa_bits=3;pipeline_stages=5,5nm,TT,0.7,25.0,1.5,666.6666666666666,4,3,5,V-2023.12-SP4,372,316,56,22.6632,13.2552,9.408,0.15053763440860216,0.4151223128243143,0.98,0.3,0.0,0,V-2023.12-SP4,350,294,56,21.97,12.55,9.42,31.3236,0.7015,0.16,0.42876649977241693,0.57,0.74,0.0,0,V-2023.12-SP3,V-2023.12-SP4,0.2031,0.1043,0.000192,0.3076,0.3074,0.4611,0.10679999999999999,0.01954,8.582e-06,0.1263,0.038810000000000004,0.009565,9.581999999999999e-05,0.04847,0.05749,0.07522,8.756e-05,0.1328,0.0,0.0,0.0,0.0,0.0,0.0,0.0,0.0,0.0,0.0,0.0,0.0,0.0,0.0,0.0,0.0,vectored,random,2,2026-07-25T09:00:21+00:00
fpmul_5_2_2_5nm_TT_0V7_25C_1000MHz,fpmul,exp_bits=5;mantissa_bits=2;pipeline_stages=2,5nm,TT,0.7,25.0,1.0,1000.0,5,2,2,V-2023.12-SP4,304,278,26,14.1624,9.7944,4.368,0.08552631578947369,0.3084223013048636,0.74,0.04,0.0,0,V-2023.12-SP4,262,236,26,12.74,8.37,4.37,19.4376,0.6556,0.09923664122137404,0.34301412872841447,0.32,0.47,0.0,0,V-2023.12-SP3,V-2023.12-SP4,0.1518,0.09129,0.0001074,0.2431,0.24308999999999997,0.24308999999999997,0.06295999999999999,0.0,0.0,0.06295999999999999,0.030950000000000002,0.009062,4.42e-05,0.04006,0.05784,0.08222,6.322000000000001e-05,0.1401,0.0,0.0,0.0,0.0,0.0,0.0,0.0,0.0,0.0,0.0,0.0,0.0,0.0,0.0,0.0,0.0,vectored,random,2,2026-07-25T09:00:25+00:00
fpmul_5_2_2_5nm_TT_0V7_25C_666p667MHz,fpmul,exp_bits=5;mantissa_bits=2;pipeline_stages=2,5nm,TT,0.7,25.0,1.5,666.6666666666666,5,2,2,V-2023.12-SP4,261,235,26,14.4648,10.0968,4.368,0.09961685823754789,0.30197444831591175,0.97,0.31,0.0,0,V-2023.12-SP4,236,210,26,13.36,8.99,4.37,20.412,0.6543,0.11016949152542373,0.32709580838323354,0.57,0.72,0.0,0,V-2023.12-SP3,V-2023.12-SP4,0.06896000000000001,0.02756,0.0001105,0.09663000000000001,0.09652000000000001,0.14478000000000002,0.04174,0.0,0.0,0.04174,0.008472,0.002577,4.821e-05,0.0111,0.01875,0.024980000000000002,6.233000000000001e-05,0.0438,0.0,0.0,0.0,0.0,0.0,0.0,0.0,0.0,0.0,0.0,0.0,0.0,0.0,0.0,0.0,0.0,unvectored,none,2,2026-07-25T09:01:50+00:00
fpmul_5_2_2_5nm_TT_0V7_25C_666p667MHz,fpmul,exp_bits=5;mantissa_bits=2;pipeline_stages=2,5nm,TT,0.7,25.0,1.5,666.6666666666666,5,2,2,V-2023.12-SP4,261,235,26,14.4648,10.0968,4.368,0.09961685823754789,0.30197444831591175,0.97,0.31,0.0,0,V-2023.12-SP4,236,210,26,13.36,8.99,4.37,20.412,0.6543,0.11016949152542373,0.32709580838323354,0.57,0.72,0.0,0,V-2023.12-SP3,V-2023.12-SP4,0.1005,0.05917,0.0001077,0.1598,0.15967,0.23950500000000002,0.04197,0.0,0.0,0.04197,0.01945,0.006432,4.42e-05,0.02593,0.039060000000000004,0.05274,6.355e-05,0.09186000000000001,0.0,0.0,0.0,0.0,0.0,0.0,0.0,0.0,0.0,0.0,0.0,0.0,0.0,0.0,0.0,0.0,vectored,random,2,2026-07-25T09:01:57+00:00
fpmul_8_23_5_10nm_TT_0V8_25C_285p714MHz,fpmul,exp_bits=8;mantissa_bits=23;pipeline_stages=5,10nm,TT,0.8,25.0,3.5,285.7142857142857,8,23,5,V-2023.12-SP4,3309,3109,200,668.590094,545.710088,122.880006,0.060441220912662436,0.1837897496578823,3.28,0.0,0.0,0,V-2023.12-SP4,3083,2883,200,655.6,532.72,122.88,948.6336,0.6911,0.06487187804086929,0.187431360585723,1.58,1.73,0.0,0,V-2023.12-SP3,V-2023.12-SP4,0.5797000000000001,0.4434,0.001701,1.0250000000000001,1.0231000000000001,3.5808500000000003,0.2475,0.05218,5.799e-05,0.2997,0.0376,0.010339999999999998,0.0002923,0.048229999999999995,0.29460000000000003,0.3809,0.001351,0.6769000000000001,0.0,0.0,0.0,0.0,0.0,0.0,0.0,0.0,0.0,0.0,0.0,0.0,0.0,0.0,0.0,0.0,unvectored,none,2,2026-07-25T09:02:19+00:00
fpmul_8_23_5_10nm_TT_0V8_25C_285p714MHz,fpmul,exp_bits=8;mantissa_bits=23;pipeline_stages=5,10nm,TT,0.8,25.0,3.5,285.7142857142857,8,23,5,V-2023.12-SP4,3309,3109,200,668.590094,545.710088,122.880006,0.060441220912662436,0.1837897496578823,3.28,0.0,0.0,0,V-2023.12-SP4,3083,2883,200,655.6,532.72,122.88,948.6336,0.6911,0.06487187804086929,0.187431360585723,1.58,1.73,0.0,0,V-2023.12-SP3,V-2023.12-SP4,1.0050000000000001,0.9941,0.001728,2.0010000000000003,1.9991,6.99685,0.2474,0.05218,5.8e-05,0.29960000000000003,0.08941,0.025449999999999997,0.0003093,0.1152,0.6679,0.9165,0.001361,1.5859999999999999,0.0,0.0,0.0,0.0,0.0,0.0,0.0,0.0,0.0,0.0,0.0,0.0,0.0,0.0,0.0,0.0,vectored,random,2,2026-07-25T09:02:26+00:00
fpmul_5_2_3_5nm_TT_0V7_25C_1000MHz,fpmul,exp_bits=5;mantissa_bits=2;pipeline_stages=3,5nm,TT,0.7,25.0,1.0,1000.0,5,2,3,V-2023.12-SP4,324,288,36,16.2624,10.2144,6.048,0.1111111111111111,0.37190082644628103,0.74,0.04,0.0,0,V-2023.12-SP4,282,246,36,14.86,8.79,6.06,22.5792,0.6581,0.1276595744680851,0.4078061911170929,0.32,0.47,0.0,0,V-2023.12-SP3,V-2023.12-SP4,0.1316,0.04246,0.00013199999999999998,0.1741,0.17406,0.17406,0.08618,0.0,0.0,0.08618,0.017390000000000003,0.004184,6.628999999999999e-05,0.02164,0.02799,0.03827,6.565999999999999e-05,0.06633,0.0,0.0,0.0,0.0,0.0,0.0,0.0,0.0,0.0,0.0,0.0,0.0,0.0,0.0,0.0,0.0,unvectored,none,2,2026-07-25T09:02:49+00:00
fpmul_5_2_3_5nm_TT_0V7_25C_666p667MHz,fpmul,exp_bits=5;mantissa_bits=2;pipeline_stages=3,5nm,TT,0.7,25.0,1.5,666.6666666666666,5,2,3,V-2023.12-SP4,281,245,36,16.5648,10.5168,6.048,0.12811387900355872,0.3651115618661257,0.97,0.31,0.0,0,V-2023.12-SP4,256,220,36,15.47,9.41,6.06,22.8144,0.6782,0.140625,0.3917259211376858,0.57,0.72,0.0,0,V-2023.12-SP3,V-2023.12-SP4,0.08881,0.02819,0.0001323,0.1171,0.11699999999999999,0.1755,0.057519999999999995,0.0,0.0,0.057519999999999995,0.011569999999999999,0.0029119999999999997,6.636000000000001e-05,0.01455,0.01972,0.025279999999999997,6.594e-05,0.045059999999999996,0.0,0.0,0.0,0.0,0.0,0.0,0.0,0.0,0.0,0.0,0.0,0.0,0.0,0.0,0.0,0.0,unvectored,none,2,2026-07-25T09:02:49+00:00
fpmul_5_2_3_5nm_TT_0V7_25C_1000MHz,fpmul,exp_bits=5;mantissa_bits=2;pipeline_stages=3,5nm,TT,0.7,25.0,1.0,1000.0,5,2,3,V-2023.12-SP4,324,288,36,16.2624,10.2144,6.048,0.1111111111111111,0.37190082644628103,0.74,0.04,0.0,0,V-2023.12-SP4,282,246,36,14.86,8.79,6.06,22.5792,0.6581,0.1276595744680851,0.4078061911170929,0.32,0.47,0.0,0,V-2023.12-SP3,V-2023.12-SP4,0.1871,0.09388,0.00012849999999999998,0.2811,0.28098,0.28098,0.08660999999999999,0.0,0.0,0.08660999999999999,0.040080000000000005,0.0103,6.124e-05,0.05045,0.06041,0.08358,6.721e-05,0.1441,0.0,0.0,0.0,0.0,0.0,0.0,0.0,0.0,0.0,0.0,0.0,0.0,0.0,0.0,0.0,0.0,vectored,random,2,2026-07-25T09:02:55+00:00
fpmul_5_2_3_5nm_TT_0V7_25C_666p667MHz,fpmul,exp_bits=5;mantissa_bits=2;pipeline_stages=3,5nm,TT,0.7,25.0,1.5,666.6666666666666,5,2,3,V-2023.12-SP4,281,245,36,16.5648,10.5168,6.048,0.12811387900355872,0.3651115618661257,0.97,0.31,0.0,0,V-2023.12-SP4,256,220,36,15.47,9.41,6.06,22.8144,0.6782,0.140625,0.3917259211376858,0.57,0.72,0.0,0,V-2023.12-SP3,V-2023.12-SP4,0.12449999999999999,0.06119,0.0001288,0.18589999999999998,0.18569,0.278535,0.05781,0.0,0.0,0.05781,0.025599999999999998,0.007170999999999999,6.124e-05,0.032830000000000005,0.04114,0.05402,6.754e-05,0.09522,0.0,0.0,0.0,0.0,0.0,0.0,0.0,0.0,0.0,0.0,0.0,0.0,0.0,0.0,0.0,0.0,vectored,random,2,2026-07-25T09:02:57+00:00
fpmul_4_3_2_20nm_TT_0V9_25C_266p667MHz,fpmul,exp_bits=4;mantissa_bits=3;pipeline_stages=2,20nm,TT,0.9,25.0,3.75,266.6666666666667,4,3,2,V-2023.12-SP4,297,271,26,192.191999,137.279999,54.912,0.08754208754208755,0.2857142872008943,3.0,0.49,0.0,0,V-2023.12-SP4,282,256,26,186.91,132.0,54.91,264.0,0.708,0.09219858156028368,0.293777753999251,1.74,1.77,0.0,0,V-2023.12-SP3,V-2023.12-SP4,0.07032000000000001,0.02435,0.000166,0.09483,0.09467,0.3550125,0.04087,0.0,0.0,0.04087,0.007651,0.001773,3.886e-05,0.009463000000000001,0.0218,0.02258,0.0001272,0.0445,0.0,0.0,0.0,0.0,0.0,0.0,0.0,0.0,0.0,0.0,0.0,0.0,0.0,0.0,0.0,0.0,unvectored,none,2,2026-07-25T09:04:14+00:00
fpmul_4_3_2_20nm_TT_0V9_25C_266p667MHz,fpmul,exp_bits=4;mantissa_bits=3;pipeline_stages=2,20nm,TT,0.9,25.0,3.75,266.6666666666667,4,3,2,V-2023.12-SP4,297,271,26,192.191999,137.279999,54.912,0.08754208754208755,0.2857142872008943,3.0,0.49,0.0,0,V-2023.12-SP4,282,256,26,186.91,132.0,54.91,264.0,0.708,0.09219858156028368,0.293777753999251,1.74,1.77,0.0,0,V-2023.12-SP3,V-2023.12-SP4,0.1007,0.047639999999999995,0.0001762,0.1485,0.14834,0.556275,0.04111,0.0,0.0,0.04111,0.01804,0.004422000000000001,4.6240000000000005e-05,0.02251,0.041550000000000004,0.04322,0.00013,0.08489,0.0,0.0,0.0,0.0,0.0,0.0,0.0,0.0,0.0,0.0,0.0,0.0,0.0,0.0,0.0,0.0,vectored,random,2,2026-07-25T09:04:21+00:00
fpmul_4_3_2_20nm_TT_0V9_25C_444p444MHz,fpmul,exp_bits=4;mantissa_bits=3;pipeline_stages=2,20nm,TT,0.9,25.0,2.25,444.44444444444446,4,3,2,V-2023.12-SP4,422,396,26,214.367999,159.455999,54.912,0.061611374407582936,0.25615763666292374,2.01,0.0,0.0,0,V-2023.12-SP4,386,360,26,205.39,150.48,54.91,292.7232,0.7017,0.06735751295336788,0.26734505087881594,0.99,1.02,0.0,0,V-2023.12-SP3,V-2023.12-SP4,0.132,0.0543,0.01464,0.2009,0.18630000000000002,0.4191750000000001,0.07792,0.0034850000000000003,6.367e-06,0.08141,0.01267,0.002315,3.882e-05,0.01502,0.041359999999999994,0.0485,0.014589999999999999,0.10450000000000001,0.0,0.0,0.0,0.0,0.0,0.0,0.0,0.0,0.0,0.0,0.0,0.0,0.0,0.0,0.0,0.0,unvectored,none,2,2026-07-25T09:04:21+00:00
fpmul_5_2_5_5nm_TT_0V7_25C_1000MHz,fpmul,exp_bits=5;mantissa_bits=2;pipeline_stages=5,5nm,TT,0.7,25.0,1.0,1000.0,5,2,5,V-2023.12-SP4,364,308,56,20.4624,11.0544,9.408,0.15384615384615385,0.45977011494252873,0.74,0.04,0.0,0,V-2023.12-SP4,327,271,56,19.21,9.75,9.46,29.0304,0.6617,0.1712538226299694,0.4924518479958355,0.32,0.47,0.0,0,V-2023.12-SP3,V-2023.12-SP4,0.1916,0.04896,0.00017700000000000002,0.2408,0.24056,0.24056,0.133,0.0,0.0,0.133,0.02655,0.005217,0.0001027,0.031869999999999996,0.03205,0.04374,7.432e-05,0.07587,0.0,0.0,0.0,0.0,0.0,0.0,0.0,0.0,0.0,0.0,0.0,0.0,0.0,0.0,0.0,0.0,unvectored,none,2,2026-07-25T09:04:24+00:00
fpmul_4_3_2_20nm_TT_0V9_25C_444p444MHz,fpmul,exp_bits=4;mantissa_bits=3;pipeline_stages=2,20nm,TT,0.9,25.0,2.25,444.44444444444446,4,3,2,V-2023.12-SP4,422,396,26,214.367999,159.455999,54.912,0.061611374407582936,0.25615763666292374,2.01,0.0,0.0,0,V-2023.12-SP4,386,360,26,205.39,150.48,54.91,292.7232,0.7017,0.06735751295336788,0.26734505087881594,0.99,1.02,0.0,0,V-2023.12-SP3,V-2023.12-SP4,0.1863,0.1,0.01521,0.3015,0.2863,0.6441749999999999,0.07828,0.0034850000000000003,6.367e-06,0.08177,0.029419999999999998,0.005763,4.625e-05,0.03523,0.07858,0.09078,0.01515,0.18450000000000003,0.0,0.0,0.0,0.0,0.0,0.0,0.0,0.0,0.0,0.0,0.0,0.0,0.0,0.0,0.0,0.0,vectored,random,2,2026-07-25T09:04:29+00:00
fpmul_5_2_5_5nm_TT_0V7_25C_1000MHz,fpmul,exp_bits=5;mantissa_bits=2;pipeline_stages=5,5nm,TT,0.7,25.0,1.0,1000.0,5,2,5,V-2023.12-SP4,364,308,56,20.4624,11.0544,9.408,0.15384615384615385,0.45977011494252873,0.74,0.04,0.0,0,V-2023.12-SP4,327,271,56,19.21,9.75,9.46,29.0304,0.6617,0.1712538226299694,0.4924518479958355,0.32,0.47,0.0,0,V-2023.12-SP3,V-2023.12-SP4,0.2576,0.09725,0.000172,0.355,0.35485,0.35485,0.13369999999999999,0.0,0.0,0.13369999999999999,0.058390000000000004,0.01258,9.53e-05,0.07106,0.06556000000000001,0.08467,7.666e-05,0.1503,0.0,0.0,0.0,0.0,0.0,0.0,0.0,0.0,0.0,0.0,0.0,0.0,0.0,0.0,0.0,0.0,vectored,random,2,2026-07-25T09:04:32+00:00
fpmul_5_2_5_5nm_TT_0V7_25C_666p667MHz,fpmul,exp_bits=5;mantissa_bits=2;pipeline_stages=5,5nm,TT,0.7,25.0,1.5,666.6666666666666,5,2,5,V-2023.12-SP4,321,265,56,20.7648,11.3568,9.408,0.17445482866043613,0.4530744336569579,0.97,0.31,0.0,0,V-2023.12-SP4,297,241,56,19.71,10.26,9.46,29.0304,0.6791,0.18855218855218855,0.4799594114662608,0.57,0.72,0.0,0,V-2023.12-SP3,V-2023.12-SP4,0.12840000000000001,0.030580000000000003,0.000176,0.15919999999999998,0.15898,0.23847000000000002,0.08867,0.0,0.0,0.08867,0.01778,0.0036320000000000002,0.0001026,0.021509999999999998,0.021990000000000003,0.02695,7.342e-05,0.04902,0.0,0.0,0.0,0.0,0.0,0.0,0.0,0.0,0.0,0.0,0.0,0.0,0.0,0.0,0.0,0.0,unvectored,none,2,2026-07-25T09:05:28+00:00
fpmul_5_2_5_5nm_TT_0V7_25C_666p667MHz,fpmul,exp_bits=5;mantissa_bits=2;pipeline_stages=5,5nm,TT,0.7,25.0,1.5,666.6666666666666,5,2,5,V-2023.12-SP4,321,265,56,20.7648,11.3568,9.408,0.17445482866043613,0.4530744336569579,0.97,0.31,0.0,0,V-2023.12-SP4,297,241,56,19.71,10.26,9.46,29.0304,0.6791,0.18855218855218855,0.4799594114662608,0.57,0.72,0.0,0,V-2023.12-SP3,V-2023.12-SP4,0.17029999999999998,0.06319,0.000171,0.2337,0.23348999999999998,0.35023499999999996,0.08907,0.0,0.0,0.08907,0.037809999999999996,0.008769,9.532e-05,0.04668,0.04343,0.05443,7.572e-05,0.09794,0.0,0.0,0.0,0.0,0.0,0.0,0.0,0.0,0.0,0.0,0.0,0.0,0.0,0.0,0.0,0.0,vectored,random,2,2026-07-25T09:05:35+00:00
fpmul_4_3_3_20nm_TT_0V9_25C_444p444MHz,fpmul,exp_bits=4;mantissa_bits=3;pipeline_stages=3,20nm,TT,0.9,25.0,2.25,444.44444444444446,4,3,3,V-2023.12-SP4,439,403,36,238.339199,162.307199,76.032,0.08200455580865604,0.3190075334607464,2.01,0.0,0.0,0,V-2023.12-SP4,392,356,36,225.88,149.85,76.03,337.6032,0.6691,0.09183673469387756,0.3365946520276253,0.99,1.02,0.0,0,V-2023.12-SP3,V-2023.12-SP4,0.1589,0.0596,0.0002227,0.2187,0.21850000000000003,0.4916250000000001,0.1008,0.01009,4.059999999999999e-06,0.1109,0.01727,0.002865,5.393e-05,0.020190000000000003,0.04088,0.04664,0.00016470000000000002,0.08768,0.0,0.0,0.0,0.0,0.0,0.0,0.0,0.0,0.0,0.0,0.0,0.0,0.0,0.0,0.0,0.0,unvectored,none,2,2026-07-25T09:06:50+00:00
fpmul_4_3_3_20nm_TT_0V9_25C_266p667MHz,fpmul,exp_bits=4;mantissa_bits=3;pipeline_stages=3,20nm,TT,0.9,25.0,3.75,266.6666666666667,4,3,3,V-2023.12-SP4,316,280,36,217.113599,141.081599,76.032,0.11392405063291139,0.3501945541421383,3.01,0.49,0.0,0,V-2023.12-SP4,300,264,36,211.62,135.59,76.03,308.9856,0.6849,0.12,0.3592760608638125,1.74,1.77,0.0,0,V-2023.12-SP3,V-2023.12-SP4,0.08922000000000001,0.02476,0.0001861,0.1142,0.11398000000000001,0.42742500000000005,0.056530000000000004,0.0,0.0,0.056530000000000004,0.0104,0.001953,5.4e-05,0.01241,0.0223,0.02281,0.00013209999999999999,0.04524,0.0,0.0,0.0,0.0,0.0,0.0,0.0,0.0,0.0,0.0,0.0,0.0,0.0,0.0,0.0,0.0,unvectored,none,2,2026-07-25T09:06:52+00:00
fpmul_4_3_3_20nm_TT_0V9_25C_444p444MHz,fpmul,exp_bits=4;mantissa_bits=3;pipeline_stages=3,20nm,TT,0.9,25.0,2.25,444.44444444444446,4,3,3,V-2023.12-SP4,439,403,36,238.339199,162.307199,76.032,0.08200455580865604,0.3190075334607464,2.01,0.0,0.0,0,V-2023.12-SP4,392,356,36,225.88,149.85,76.03,337.6032,0.6691,0.09183673469387756,0.3365946520276253,0.99,1.02,0.0,0,V-2023.12-SP3,V-2023.12-SP4,0.2187,0.1047,0.00023620000000000002,0.3236,0.3234,0.72765,0.10110000000000001,0.01009,4.059999999999999e-06,0.11120000000000001,0.03981,0.007041,6.342e-05,0.04691,0.0778,0.08754,0.0001687,0.1655,0.0,0.0,0.0,0.0,0.0,0.0,0.0,0.0,0.0,0.0,0.0,0.0,0.0,0.0,0.0,0.0,vectored,random,2,2026-07-25T09:06:58+00:00
fpmul_4_3_3_20nm_TT_0V9_25C_266p667MHz,fpmul,exp_bits=4;mantissa_bits=3;pipeline_stages=3,20nm,TT,0.9,25.0,3.75,266.6666666666667,4,3,3,V-2023.12-SP4,316,280,36,217.113599,141.081599,76.032,0.11392405063291139,0.3501945541421383,3.01,0.49,0.0,0,V-2023.12-SP4,300,264,36,211.62,135.59,76.03,308.9856,0.6849,0.12,0.3592760608638125,1.74,1.77,0.0,0,V-2023.12-SP3,V-2023.12-SP4,0.12310000000000001,0.0485,0.0001993,0.1718,0.17160000000000003,0.6435000000000001,0.05682,0.0,0.0,0.05682,0.02385,0.004818,6.343000000000001e-05,0.028730000000000002,0.042429999999999995,0.043680000000000004,0.00013580000000000002,0.08625,0.0,0.0,0.0,0.0,0.0,0.0,0.0,0.0,0.0,0.0,0.0,0.0,0.0,0.0,0.0,0.0,vectored,random,2,2026-07-25T09:07:00+00:00
fpmul_4_3_5_20nm_TT_0V9_25C_444p444MHz,fpmul,exp_bits=4;mantissa_bits=3;pipeline_stages=5,20nm,TT,0.9,25.0,2.25,444.44444444444446,4,3,5,V-2023.12-SP4,484,428,56,288.499198,170.227199,118.271999,0.11570247933884298,0.4099560755104768,2.01,0.0,0.0,0,V-2023.12-SP4,437,381,56,277.62,159.35,118.27,403.92,0.6873,0.12814645308924486,0.42601397593833296,0.99,1.02,0.0,0,V-2023.12-SP3,V-2023.12-SP4,0.229,0.0641,0.0002668,0.2934,0.2931,0.659475,0.15760000000000002,0.01011,5.226e-06,0.1678,0.02644,0.003323,8.429999999999999e-05,0.02984,0.04494,0.05067,0.0001772,0.09579,0.0,0.0,0.0,0.0,0.0,0.0,0.0,0.0,0.0,0.0,0.0,0.0,0.0,0.0,0.0,0.0,unvectored,none,2,2026-07-25T09:07:40+00:00
fpmul_4_3_5_20nm_TT_0V9_25C_444p444MHz,fpmul,exp_bits=4;mantissa_bits=3;pipeline_stages=5,20nm,TT,0.9,25.0,2.25,444.44444444444446,4,3,5,V-2023.12-SP4,484,428,56,288.499198,170.227199,118.271999,0.11570247933884298,0.4099560755104768,2.01,0.0,0.0,0,V-2023.12-SP4,437,381,56,277.62,159.35,118.27,403.92,0.6873,0.12814645308924486,0.42601397593833296,0.99,1.02,0.0,0,V-2023.12-SP3,V-2023.12-SP4,0.2997,0.1101,0.0002861,0.4101,0.40980000000000005,0.9220500000000001,0.1581,0.01011,5.226e-06,0.1682,0.058159999999999996,0.007994,9.801e-05,0.06625,0.08346,0.09204000000000001,0.0001829,0.1757,0.0,0.0,0.0,0.0,0.0,0.0,0.0,0.0,0.0,0.0,0.0,0.0,0.0,0.0,0.0,0.0,vectored,random,2,2026-07-25T09:07:47+00:00
fpmul_5_10_3_5nm_TT_0V7_25C_444p444MHz,fpmul,exp_bits=5;mantissa_bits=10;pipeline_stages=3,5nm,TT,0.7,25.0,2.25,444.44444444444446,5,10,3,V-2023.12-SP4,1169,1101,68,56.859599,45.4356,11.424,0.058169375534645,0.2009159438496919,1.84,0.19,0.0,0,V-2023.12-SP4,1002,934,68,52.67,41.23,11.44,80.136,0.6572,0.06786427145708583,0.21720144294664892,0.94,1.18,0.0,0,V-2023.12-SP3,V-2023.12-SP4,0.1978,0.156,0.0004232,0.3542,0.3538,0.79605,0.09944,0.02033,1.824e-05,0.1198,0.01492,0.0057740000000000005,0.00012550000000000001,0.02082,0.08345,0.12990000000000002,0.00027939999999999996,0.21359999999999998,0.0,0.0,0.0,0.0,0.0,0.0,0.0,0.0,0.0,0.0,0.0,0.0,0.0,0.0,0.0,0.0,unvectored,none,2,2026-07-25T09:08:48+00:00
fpmul_5_10_3_5nm_TT_0V7_25C_444p444MHz,fpmul,exp_bits=5;mantissa_bits=10;pipeline_stages=3,5nm,TT,0.7,25.0,2.25,444.44444444444446,5,10,3,V-2023.12-SP4,1169,1101,68,56.859599,45.4356,11.424,0.058169375534645,0.2009159438496919,1.84,0.19,0.0,0,V-2023.12-SP4,1002,934,68,52.67,41.23,11.44,80.136,0.6572,0.06786427145708583,0.21720144294664892,0.94,1.18,0.0,0,V-2023.12-SP3,V-2023.12-SP4,0.3321,0.3418,0.0004158,0.6743,0.6738999999999999,1.5162749999999998,0.09981,0.02033,1.824e-05,0.1202,0.03689,0.01432,0.0001154,0.051320000000000005,0.19540000000000002,0.3071,0.00028220000000000003,0.5028,0.0,0.0,0.0,0.0,0.0,0.0,0.0,0.0,0.0,0.0,0.0,0.0,0.0,0.0,0.0,0.0,vectored,random,2,2026-07-25T09:08:55+00:00
fpmul_4_3_5_20nm_TT_0V9_25C_266p667MHz,fpmul,exp_bits=4;mantissa_bits=3;pipeline_stages=5,20nm,TT,0.9,25.0,3.75,266.6666666666667,4,3,5,V-2023.12-SP4,359,303,56,269.174399,150.902399,118.271999,0.15598885793871867,0.43938799320956223,3.02,0.48,0.0,0,V-2023.12-SP4,344,288,56,264.11,145.83,118.27,375.0912,0.7041,0.16279069767441862,0.4478058384763924,1.74,1.77,0.0,0,V-2023.12-SP3,V-2023.12-SP4,0.1285,0.02709,0.00023160000000000002,0.1558,0.15559,0.5834625,0.08761,0.0,0.0,0.08761,0.015889999999999998,0.002465,8.442999999999999e-05,0.018439999999999998,0.025,0.02463,0.0001471,0.04977,0.0,0.0,0.0,0.0,0.0,0.0,0.0,0.0,0.0,0.0,0.0,0.0,0.0,0.0,0.0,0.0,unvectored,none,2,2026-07-25T09:09:26+00:00
fpmul_5_2_2_20nm_TT_0V9_25C_500MHz,fpmul,exp_bits=5;mantissa_bits=2;pipeline_stages=2,20nm,TT,0.9,25.0,2.0,500.0,5,2,2,V-2023.12-SP4,364,338,26,184.060799,129.148799,54.912,0.07142857142857142,0.2983362035715166,1.75,0.0,0.0,0,V-2023.12-SP4,347,321,26,181.63,126.72,54.91,257.664,0.7049,0.07492795389048991,0.3023178990254914,0.86,0.9,0.0,0,V-2023.12-SP3,V-2023.12-SP4,0.1291,0.045939999999999995,0.02804,0.2031,0.17503999999999997,0.35007999999999995,0.07866,0.001741,1.153e-06,0.0804,0.014209999999999999,0.0023309999999999997,3.884e-05,0.01658,0.036199999999999996,0.04187,0.028,0.1061,0.0,0.0,0.0,0.0,0.0,0.0,0.0,0.0,0.0,0.0,0.0,0.0,0.0,0.0,0.0,0.0,unvectored,none,2,2026-07-25T09:09:29+00:00
fpmul_4_3_5_20nm_TT_0V9_25C_266p667MHz,fpmul,exp_bits=4;mantissa_bits=3;pipeline_stages=5,20nm,TT,0.9,25.0,3.75,266.6666666666667,4,3,5,V-2023.12-SP4,359,303,56,269.174399,150.902399,118.271999,0.15598885793871867,0.43938799320956223,3.02,0.48,0.0,0,V-2023.12-SP4,344,288,56,264.11,145.83,118.27,375.0912,0.7041,0.16279069767441862,0.4478058384763924,1.74,1.77,0.0,0,V-2023.12-SP3,V-2023.12-SP4,0.1681,0.05031,0.00025069999999999997,0.2186,0.21841,0.8190375,0.08796000000000001,0.0,0.0,0.08796000000000001,0.034730000000000004,0.005966,9.784e-05,0.04079,0.04539,0.04435,0.0001529,0.08989,0.0,0.0,0.0,0.0,0.0,0.0,0.0,0.0,0.0,0.0,0.0,0.0,0.0,0.0,0.0,0.0,vectored,random,2,2026-07-25T09:09:34+00:00
fpmul_5_2_2_20nm_TT_0V9_25C_500MHz,fpmul,exp_bits=5;mantissa_bits=2;pipeline_stages=2,20nm,TT,0.9,25.0,2.0,500.0,5,2,2,V-2023.12-SP4,364,338,26,184.060799,129.148799,54.912,0.07142857142857142,0.2983362035715166,1.75,0.0,0.0,0,V-2023.12-SP4,347,321,26,181.63,126.72,54.91,257.664,0.7049,0.07492795389048991,0.3023178990254914,0.86,0.9,0.0,0,V-2023.12-SP3,V-2023.12-SP4,0.1817,0.08568,0.02801,0.29540000000000005,0.26738,0.53476,0.0791,0.001741,1.153e-06,0.08084000000000001,0.03243,0.005795000000000001,4.615e-05,0.03827,0.07015,0.07815,0.02796,0.1763,0.0,0.0,0.0,0.0,0.0,0.0,0.0,0.0,0.0,0.0,0.0,0.0,0.0,0.0,0.0,0.0,vectored,random,2,2026-07-25T09:09:36+00:00
fpmul_5_2_2_20nm_TT_0V9_25C_307p692MHz,fpmul,exp_bits=5;mantissa_bits=2;pipeline_stages=2,20nm,TT,0.9,25.0,3.25,307.6923076923077,5,2,2,V-2023.12-SP4,267,241,26,157.132799,102.220799,54.912,0.09737827715355805,0.3494623678153916,2.42,0.58,0.0,0,V-2023.12-SP4,250,224,26,149.85,94.93,54.91,214.7904,0.6976,0.104,0.36643309976643307,1.48,1.54,0.0,0,V-2023.12-SP3,V-2023.12-SP4,0.07229000000000001,0.01962,0.00013979999999999998,0.09204000000000001,0.09191,0.2987075,0.046950000000000006,0.0,0.0,0.046950000000000006,0.008797000000000001,0.0020090000000000004,3.881e-05,0.01085,0.01654,0.01761,0.000101,0.034249999999999996,0.0,0.0,0.0,0.0,0.0,0.0,0.0,0.0,0.0,0.0,0.0,0.0,0.0,0.0,0.0,0.0,unvectored,none,2,2026-07-25T09:10:10+00:00
fpmul_5_2_2_20nm_TT_0V9_25C_307p692MHz,fpmul,exp_bits=5;mantissa_bits=2;pipeline_stages=2,20nm,TT,0.9,25.0,3.25,307.6923076923077,5,2,2,V-2023.12-SP4,267,241,26,157.132799,102.220799,54.912,0.09737827715355805,0.3494623678153916,2.42,0.58,0.0,0,V-2023.12-SP4,250,224,26,149.85,94.93,54.91,214.7904,0.6976,0.104,0.36643309976643307,1.48,1.54,0.0,0,V-2023.12-SP3,V-2023.12-SP4,0.10110000000000001,0.04226,0.0001499,0.1435,0.14336000000000002,0.46592000000000006,0.04717,0.0,0.0,0.04717,0.020190000000000003,0.005021,4.611e-05,0.02525,0.03378,0.03724,0.0001038,0.07112,0.0,0.0,0.0,0.0,0.0,0.0,0.0,0.0,0.0,0.0,0.0,0.0,0.0,0.0,0.0,0.0,vectored,random,2,2026-07-25T09:10:17+00:00
fpmul_5_2_3_20nm_TT_0V9_25C_307p692MHz,fpmul,exp_bits=5;mantissa_bits=2;pipeline_stages=3,20nm,TT,0.9,25.0,3.25,307.6923076923077,5,2,3,V-2023.12-SP4,287,251,36,182.476799,106.444799,76.032,0.1254355400696864,0.41666666895006194,2.42,0.58,0.0,0,V-2023.12-SP4,270,234,36,175.19,99.16,76.03,257.664,0.6799,0.13333333333333333,0.43398595810263146,1.48,1.53,0.0,0,V-2023.12-SP3,V-2023.12-SP4,0.09459000000000001,0.02009,0.0001608,0.1148,0.11468,0.37271,0.06504,0.0,0.0,0.06504,0.01197,0.0022749999999999997,5.395e-05,0.01429,0.017589999999999998,0.01781,0.0001069,0.03551,0.0,0.0,0.0,0.0,0.0,0.0,0.0,0.0,0.0,0.0,0.0,0.0,0.0,0.0,0.0,0.0,unvectored,none,2,2026-07-25T09:12:05+00:00
fpmul_5_2_3_20nm_TT_0V9_25C_500MHz,fpmul,exp_bits=5;mantissa_bits=2;pipeline_stages=3,20nm,TT,0.9,25.0,2.0,500.0,5,2,3,V-2023.12-SP4,383,347,36,209.615999,133.583999,76.032,0.09399477806788512,0.3627204047530742,1.75,0.0,0.0,0,V-2023.12-SP4,357,321,36,204.23,128.2,76.03,290.5056,0.703,0.10084033613445378,0.3722763550898497,0.87,0.89,0.0,0,V-2023.12-SP3,V-2023.12-SP4,0.1694,0.056440000000000004,0.0002062,0.22599999999999998,0.22583999999999999,0.45167999999999997,0.1137,0.01182,4.355e-06,0.1255,0.01941,0.002982,5.396e-05,0.02245,0.03628,0.04164,0.0001479,0.07807,0.0,0.0,0.0,0.0,0.0,0.0,0.0,0.0,0.0,0.0,0.0,0.0,0.0,0.0,0.0,0.0,unvectored,none,2,2026-07-25T09:12:08+00:00
fpmul_8_7_2_5nm_TT_0V7_25C_444p444MHz,fpmul,exp_bits=8;mantissa_bits=7;pipeline_stages=2,5nm,TT,0.7,25.0,2.25,444.44444444444446,8,7,2,V-2023.12-SP4,665,615,50,39.0264,30.6264,8.4,0.07518796992481203,0.2152389151958674,1.79,0.24,0.0,0,V-2023.12-SP4,628,578,50,38.17,29.75,8.42,55.0704,0.6931,0.07961783439490445,0.22059208802724653,0.94,1.18,0.0,0,V-2023.12-SP3,V-2023.12-SP4,0.128,0.08783,0.0002894,0.2161,0.21583000000000002,0.48561750000000004,0.06830000000000001,0.01586,1.019e-05,0.08417000000000001,0.01115,0.0055910000000000005,9.211e-05,0.01683,0.048510000000000005,0.06639,0.0001871,0.11510000000000001,0.0,0.0,0.0,0.0,0.0,0.0,0.0,0.0,0.0,0.0,0.0,0.0,0.0,0.0,0.0,0.0,unvectored,none,2,2026-07-25T09:12:10+00:00
fpmul_5_2_3_20nm_TT_0V9_25C_307p692MHz,fpmul,exp_bits=5;mantissa_bits=2;pipeline_stages=3,20nm,TT,0.9,25.0,3.25,307.6923076923077,5,2,3,V-2023.12-SP4,287,251,36,182.476799,106.444799,76.032,0.1254355400696864,0.41666666895006194,2.42,0.58,0.0,0,V-2023.12-SP4,270,234,36,175.19,99.16,76.03,257.664,0.6799,0.13333333333333333,0.43398595810263146,1.48,1.53,0.0,0,V-2023.12-SP3,V-2023.12-SP4,0.1273,0.04304,0.0001737,0.17049999999999998,0.17034,0.553605,0.06532,0.0,0.0,0.06532,0.02656,0.0056040000000000005,6.318e-05,0.03222,0.035379999999999995,0.03744,0.0001105,0.07293,0.0,0.0,0.0,0.0,0.0,0.0,0.0,0.0,0.0,0.0,0.0,0.0,0.0,0.0,0.0,0.0,vectored,random,2,2026-07-25T09:12:13+00:00
fpmul_5_2_3_20nm_TT_0V9_25C_500MHz,fpmul,exp_bits=5;mantissa_bits=2;pipeline_stages=3,20nm,TT,0.9,25.0,2.0,500.0,5,2,3,V-2023.12-SP4,383,347,36,209.615999,133.583999,76.032,0.09399477806788512,0.3627204047530742,1.75,0.0,0.0,0,V-2023.12-SP4,357,321,36,204.23,128.2,76.03,290.5056,0.703,0.10084033613445378,0.3722763550898497,0.87,0.89,0.0,0,V-2023.12-SP3,V-2023.12-SP4,0.2253,0.09555000000000001,0.00021930000000000002,0.3211,0.32085,0.6417,0.114,0.01182,4.355e-06,0.1258,0.042629999999999994,0.007287,6.327999999999999e-05,0.04998,0.06867000000000001,0.07644000000000001,0.0001517,0.1453,0.0,0.0,0.0,0.0,0.0,0.0,0.0,0.0,0.0,0.0,0.0,0.0,0.0,0.0,0.0,0.0,vectored,random,2,2026-07-25T09:12:15+00:00
fpmul_8_7_2_5nm_TT_0V7_25C_444p444MHz,fpmul,exp_bits=8;mantissa_bits=7;pipeline_stages=2,5nm,TT,0.7,25.0,2.25,444.44444444444446,8,7,2,V-2023.12-SP4,665,615,50,39.0264,30.6264,8.4,0.07518796992481203,0.2152389151958674,1.79,0.24,0.0,0,V-2023.12-SP4,628,578,50,38.17,29.75,8.42,55.0704,0.6931,0.07961783439490445,0.22059208802724653,0.94,1.18,0.0,0,V-2023.12-SP3,V-2023.12-SP4,0.1922,0.16799999999999998,0.0002838,0.3605,0.36019999999999996,0.8104499999999999,0.0686,0.01586,1.02e-05,0.08446000000000001,0.027370000000000002,0.01396,8.399e-05,0.041409999999999995,0.09621,0.1382,0.0001896,0.2346,0.0,0.0,0.0,0.0,0.0,0.0,0.0,0.0,0.0,0.0,0.0,0.0,0.0,0.0,0.0,0.0,vectored,random,2,2026-07-25T09:12:17+00:00
fpmul_5_2_5_20nm_TT_0V9_25C_500MHz,fpmul,exp_bits=5;mantissa_bits=2;pipeline_stages=5,20nm,TT,0.9,25.0,2.0,500.0,5,2,5,V-2023.12-SP4,427,371,56,261.043199,142.771199,118.271999,0.13114754098360656,0.4530744315618044,1.75,0.0,0.0,0,V-2023.12-SP4,397,341,56,254.71,136.44,118.27,370.0224,0.6884,0.14105793450881612,0.46433198539515524,0.86,0.91,0.0,0,V-2023.12-SP3,V-2023.12-SP4,0.2472,0.05998,0.0002487,0.3074,0.30718,0.61436,0.1773,0.011770000000000001,5.226e-06,0.1891,0.029750000000000002,0.003868,8.444e-05,0.0337,0.04011,0.04434,0.00015900000000000002,0.08461,0.0,0.0,0.0,0.0,0.0,0.0,0.0,0.0,0.0,0.0,0.0,0.0,0.0,0.0,0.0,0.0,unvectored,none,2,2026-07-25T09:12:53+00:00
fpmul_5_2_5_20nm_TT_0V9_25C_500MHz,fpmul,exp_bits=5;mantissa_bits=2;pipeline_stages=5,20nm,TT,0.9,25.0,2.0,500.0,5,2,5,V-2023.12-SP4,427,371,56,261.043199,142.771199,118.271999,0.13114754098360656,0.4530744315618044,1.75,0.0,0.0,0,V-2023.12-SP4,397,341,56,254.71,136.44,118.27,370.0224,0.6884,0.14105793450881612,0.46433198539515524,0.86,0.91,0.0,0,V-2023.12-SP3,V-2023.12-SP4,0.3122,0.09594000000000001,0.00026740000000000005,0.4084,0.40814,0.81628,0.1777,0.011770000000000001,5.226e-06,0.1895,0.06347,0.009287,9.758e-05,0.07286000000000001,0.07098,0.07488,0.00016460000000000002,0.146,0.0,0.0,0.0,0.0,0.0,0.0,0.0,0.0,0.0,0.0,0.0,0.0,0.0,0.0,0.0,0.0,vectored,random,2,2026-07-25T09:13:00+00:00
fpmul_3_2_2_10nm_TT_0V8_25C_1000MHz,fpmul,exp_bits=3;mantissa_bits=2;pipeline_stages=2,10nm,TT,0.8,25.0,1.0,1000.0,3,2,2,V-2023.12-SP4,241,221,20,37.81632,25.52832,12.288001,0.08298755186721991,0.3249391003672489,0.78,0.01,0.0,0,V-2023.12-SP4,215,195,20,35.08,22.79,12.29,53.1149,0.6605,0.09302325581395349,0.3503420752565564,0.32,0.46,0.0,0,V-2023.12-SP3,V-2023.12-SP4,0.1134,0.040729999999999995,9.796e-05,0.1542,0.15413,0.15413,0.0706,0.0,0.0,0.0706,0.0133,0.003166,2.915e-05,0.0165,0.02949,0.037559999999999996,6.879999999999999e-05,0.06712,0.0,0.0,0.0,0.0,0.0,0.0,0.0,0.0,0.0,0.0,0.0,0.0,0.0,0.0,0.0,0.0,unvectored,none,2,2026-07-25T09:13:31+00:00
fpmul_3_2_2_10nm_TT_0V8_25C_1000MHz,fpmul,exp_bits=3;mantissa_bits=2;pipeline_stages=2,10nm,TT,0.8,25.0,1.0,1000.0,3,2,2,V-2023.12-SP4,241,221,20,37.81632,25.52832,12.288001,0.08298755186721991,0.3249391003672489,0.78,0.01,0.0,0,V-2023.12-SP4,215,195,20,35.08,22.79,12.29,53.1149,0.6605,0.09302325581395349,0.3503420752565564,0.32,0.46,0.0,0,V-2023.12-SP3,V-2023.12-SP4,0.1675,0.0923,0.0001009,0.25989999999999996,0.25980000000000003,0.25980000000000003,0.07054999999999999,0.0,0.0,0.07054999999999999,0.031139999999999998,0.007878,3.1219999999999996e-05,0.03905,0.06579,0.08442,6.963999999999999e-05,0.1503,0.0,0.0,0.0,0.0,0.0,0.0,0.0,0.0,0.0,0.0,0.0,0.0,0.0,0.0,0.0,0.0,vectored,random,2,2026-07-25T09:13:37+00:00
fpmul_8_7_3_5nm_TT_0V7_25C_444p444MHz,fpmul,exp_bits=8;mantissa_bits=7;pipeline_stages=3,5nm,TT,0.7,25.0,2.25,444.44444444444446,8,7,3,V-2023.12-SP4,701,633,68,42.806399,31.3824,11.424,0.09700427960057062,0.26687598739618346,1.79,0.24,0.0,0,V-2023.12-SP4,665,597,68,42.02,30.56,11.46,60.2784,0.697,0.10225563909774436,0.2727272727272727,0.95,1.18,0.0,0,V-2023.12-SP3,V-2023.12-SP4,0.1556,0.09401999999999999,0.0003301,0.2499,0.24961999999999998,0.561645,0.09108000000000001,0.020149999999999998,1.18e-05,0.11120000000000001,0.014769999999999998,0.006024,0.0001251,0.02092,0.049729999999999996,0.06784,0.0001932,0.1178,0.0,0.0,0.0,0.0,0.0,0.0,0.0,0.0,0.0,0.0,0.0,0.0,0.0,0.0,0.0,0.0,unvectored,none,2,2026-07-25T09:14:03+00:00
fpmul_8_7_3_5nm_TT_0V7_25C_444p444MHz,fpmul,exp_bits=8;mantissa_bits=7;pipeline_stages=3,5nm,TT,0.7,25.0,2.25,444.44444444444446,8,7,3,V-2023.12-SP4,701,633,68,42.806399,31.3824,11.424,0.09700427960057062,0.26687598739618346,1.79,0.24,0.0,0,V-2023.12-SP4,665,597,68,42.02,30.56,11.46,60.2784,0.697,0.10225563909774436,0.2727272727272727,0.95,1.18,0.0,0,V-2023.12-SP3,V-2023.12-SP4,0.2257,0.17670000000000002,0.00032300000000000004,0.4027,0.40240000000000004,0.9054000000000001,0.09146,0.020149999999999998,1.18e-05,0.1116,0.03456,0.01495,0.0001148,0.049620000000000004,0.09972,0.1416,0.0001963,0.2415,0.0,0.0,0.0,0.0,0.0,0.0,0.0,0.0,0.0,0.0,0.0,0.0,0.0,0.0,0.0,0.0,vectored,random,2,2026-07-25T09:14:10+00:00
fpmul_5_2_5_20nm_TT_0V9_25C_307p692MHz,fpmul,exp_bits=5;mantissa_bits=2;pipeline_stages=5,20nm,TT,0.9,25.0,3.25,307.6923076923077,5,2,5,V-2023.12-SP4,327,271,56,233.164799,114.892799,118.271999,0.1712538226299694,0.5072463746982665,2.42,0.58,0.0,0,V-2023.12-SP4,311,255,56,226.72,108.45,118.27,320.6016,0.7072,0.18006430868167203,0.5216566690190543,1.48,1.53,0.0,0,V-2023.12-SP3,V-2023.12-SP4,0.1389,0.022600000000000002,0.00020459999999999999,0.1617,0.1615,0.524875,0.10060000000000001,0.0,0.0,0.10060000000000001,0.01828,0.002799,8.424e-05,0.021169999999999998,0.020020000000000003,0.0198,0.0001204,0.03994,0.0,0.0,0.0,0.0,0.0,0.0,0.0,0.0,0.0,0.0,0.0,0.0,0.0,0.0,0.0,0.0,unvectored,none,2,2026-07-25T09:14:34+00:00
fpmul_5_2_5_20nm_TT_0V9_25C_307p692MHz,fpmul,exp_bits=5;mantissa_bits=2;pipeline_stages=5,20nm,TT,0.9,25.0,3.25,307.6923076923077,5,2,5,V-2023.12-SP4,327,271,56,233.164799,114.892799,118.271999,0.1712538226299694,0.5072463746982665,2.42,0.58,0.0,0,V-2023.12-SP4,311,255,56,226.72,108.45,118.27,320.6016,0.7072,0.18006430868167203,0.5216566690190543,1.48,1.53,0.0,0,V-2023.12-SP3,V-2023.12-SP4,0.1785,0.045540000000000004,0.0002231,0.2242,0.22404,0.7281299999999999,0.1009,0.0,0.0,0.1009,0.03938,0.006766,9.732e-05,0.04625,0.03818,0.038770000000000006,0.0001258,0.07708,0.0,0.0,0.0,0.0,0.0,0.0,0.0,0.0,0.0,0.0,0.0,0.0,0.0,0.0,0.0,0.0,vectored,random,2,2026-07-25T09:14:40+00:00
fpmul_11_52_5_10nm_TT_0V8_25C_235p294MHz,fpmul,exp_bits=11;mantissa_bits=52;pipeline_stages=5,10nm,TT,0.8,25.0,4.25,235.2941176470588,11,52,5,V-2023.12-SP4,9788,9396,392,2253.189171,2012.344359,240.844811,0.04004903964037597,0.10689063044498362,4.03,0.0,0.0,0,V-2023.12-SP4,9383,8991,392,2235.83,1994.99,240.84,3201.7306,0.6983,0.041777683043802624,0.10771838646050907,1.97,2.11,0.0,0,V-2023.12-SP3,V-2023.12-SP4,1.503,1.413,0.005686,2.922,2.916,12.392999999999999,0.386,0.08326,7.168e-05,0.46940000000000004,0.06089,0.0189,0.0005727,0.08036,1.056,1.3110000000000002,0.0050409999999999995,2.372,0.0,0.0,0.0,0.0,0.0,0.0,0.0,0.0,0.0,0.0,0.0,0.0,0.0,0.0,0.0,0.0,unvectored,none,2,2026-07-25T09:15:20+00:00
fpmul_11_52_5_10nm_TT_0V8_25C_235p294MHz,fpmul,exp_bits=11;mantissa_bits=52;pipeline_stages=5,10nm,TT,0.8,25.0,4.25,235.2941176470588,11,52,5,V-2023.12-SP4,9788,9396,392,2253.189171,2012.344359,240.844811,0.04004903964037597,0.10689063044498362,4.03,0.0,0.0,0,V-2023.12-SP4,9383,8991,392,2235.83,1994.99,240.84,3201.7306,0.6983,0.041777683043802624,0.10771838646050907,1.97,2.11,0.0,0,V-2023.12-SP3,V-2023.12-SP4,2.645,2.9450000000000003,0.005738,5.596,5.59,23.7575,0.3859,0.08326,7.168e-05,0.4692,0.1494,0.0466,0.0006051,0.1966,2.109,2.816,0.005062,4.930000000000001,0.0,0.0,0.0,0.0,0.0,0.0,0.0,0.0,0.0,0.0,0.0,0.0,0.0,0.0,0.0,0.0,vectored,random,2,2026-07-25T09:15:27+00:00
fpmul_8_7_5_5nm_TT_0V7_25C_444p444MHz,fpmul,exp_bits=8;mantissa_bits=7;pipeline_stages=5,5nm,TT,0.7,25.0,2.25,444.44444444444446,8,7,5,V-2023.12-SP4,773,669,104,50.366399,32.8944,17.472,0.13454075032341525,0.3468979388421237,1.79,0.24,0.0,0,V-2023.12-SP4,740,636,104,49.64,32.1,17.54,70.98,0.6993,0.14054054054054055,0.35334407735697015,0.94,1.18,0.0,0,V-2023.12-SP3,V-2023.12-SP4,0.2047,0.1033,0.0004086,0.3084,0.308,0.693,0.1301,0.02599,1.1259999999999999e-05,0.1561,0.02213,0.0068639999999999994,0.0001907,0.029179999999999998,0.05248,0.07049,0.0002066,0.12320000000000002,0.0,0.0,0.0,0.0,0.0,0.0,0.0,0.0,0.0,0.0,0.0,0.0,0.0,0.0,0.0,0.0,unvectored,none,2,2026-07-25T09:15:28+00:00
fpmul_8_7_5_5nm_TT_0V7_25C_444p444MHz,fpmul,exp_bits=8;mantissa_bits=7;pipeline_stages=5,5nm,TT,0.7,25.0,2.25,444.44444444444446,8,7,5,V-2023.12-SP4,773,669,104,50.366399,32.8944,17.472,0.13454075032341525,0.3468979388421237,1.79,0.24,0.0,0,V-2023.12-SP4,740,636,104,49.64,32.1,17.54,70.98,0.6993,0.14054054054054055,0.35334407735697015,0.94,1.18,0.0,0,V-2023.12-SP3,V-2023.12-SP4,0.28200000000000003,0.184,0.0003989,0.4664,0.466,1.0485,0.1306,0.02599,1.1259999999999999e-05,0.15660000000000002,0.04931,0.01685,0.0001765,0.06634000000000001,0.1021,0.1412,0.0002112,0.24350000000000002,0.0,0.0,0.0,0.0,0.0,0.0,0.0,0.0,0.0,0.0,0.0,0.0,0.0,0.0,0.0,0.0,vectored,random,2,2026-07-25T09:15:35+00:00
fpmul_3_2_2_10nm_TT_0V8_25C_666p667MHz,fpmul,exp_bits=3;mantissa_bits=2;pipeline_stages=2,10nm,TT,0.8,25.0,1.5,666.6666666666666,3,2,2,V-2023.12-SP4,185,165,20,35.389441,23.10144,12.288001,0.10810810810810811,0.34722224066777435,0.92,0.36,0.0,0,V-2023.12-SP4,170,150,20,33.98,21.69,12.29,48.6605,0.6982,0.11764705882352941,0.3616833431430253,0.57,0.71,0.0,0,V-2023.12-SP3,V-2023.12-SP4,0.07386,0.02459,8.8e-05,0.09852999999999999,0.09845,0.147675,0.04718,0.0,0.0,0.04718,0.008881,0.0025069999999999997,2.917e-05,0.011420000000000001,0.0178,0.02208,5.8840000000000006e-05,0.03994,0.0,0.0,0.0,0.0,0.0,0.0,0.0,0.0,0.0,0.0,0.0,0.0,0.0,0.0,0.0,0.0,unvectored,none,2,2026-07-25T09:15:42+00:00
fpmul_5_10_2_20nm_TT_0V9_25C_173p913MHz,fpmul,exp_bits=5;mantissa_bits=10;pipeline_stages=2,20nm,TT,0.9,25.0,5.75,173.91304347826087,5,10,2,V-2023.12-SP4,1044,994,50,613.852797,508.252797,105.599999,0.04789272030651341,0.17202821183854602,5.36,0.16,0.0,0,V-2023.12-SP4,991,941,50,602.03,496.43,105.6,875.2128,0.6879,0.050454086781029264,0.17540654120226568,2.74,2.77,0.0,0,V-2023.12-SP3,V-2023.12-SP4,0.1347,0.08391,0.0005748,0.21919999999999998,0.21860999999999997,1.2570074999999998,0.05504,0.001645,6.966e-06,0.056690000000000004,0.009840000000000002,0.0035480000000000004,7.478e-05,0.01346,0.06985000000000001,0.07872000000000001,0.0004931,0.14909999999999998,0.0,0.0,0.0,0.0,0.0,0.0,0.0,0.0,0.0,0.0,0.0,0.0,0.0,0.0,0.0,0.0,unvectored,none,2,2026-07-25T09:15:45+00:00
fpmul_3_2_2_10nm_TT_0V8_25C_666p667MHz,fpmul,exp_bits=3;mantissa_bits=2;pipeline_stages=2,10nm,TT,0.8,25.0,1.5,666.6666666666666,3,2,2,V-2023.12-SP4,185,165,20,35.389441,23.10144,12.288001,0.10810810810810811,0.34722224066777435,0.92,0.36,0.0,0,V-2023.12-SP4,170,150,20,33.98,21.69,12.29,48.6605,0.6982,0.11764705882352941,0.3616833431430253,0.57,0.71,0.0,0,V-2023.12-SP3,V-2023.12-SP4,0.1064,0.054110000000000005,9.133e-05,0.1606,0.16050999999999999,0.24076499999999998,0.04714,0.0,0.0,0.04714,0.020849999999999997,0.006239,3.128e-05,0.027120000000000002,0.038439999999999995,0.04787,6.0049999999999996e-05,0.08638,0.0,0.0,0.0,0.0,0.0,0.0,0.0,0.0,0.0,0.0,0.0,0.0,0.0,0.0,0.0,0.0,vectored,random,2,2026-07-25T09:15:49+00:00
fpmul_5_10_2_20nm_TT_0V9_25C_173p913MHz,fpmul,exp_bits=5;mantissa_bits=10;pipeline_stages=2,20nm,TT,0.9,25.0,5.75,173.91304347826087,5,10,2,V-2023.12-SP4,1044,994,50,613.852797,508.252797,105.599999,0.04789272030651341,0.17202821183854602,5.36,0.16,0.0,0,V-2023.12-SP4,991,941,50,602.03,496.43,105.6,875.2128,0.6879,0.050454086781029264,0.17540654120226568,2.74,2.77,0.0,0,V-2023.12-SP3,V-2023.12-SP4,0.23020000000000002,0.1895,0.0005934,0.4203,0.4197,2.413275,0.05524,0.001645,6.966e-06,0.056889999999999996,0.02443,0.008808999999999999,8.854e-05,0.03333,0.1506,0.179,0.0004979,0.3301,0.0,0.0,0.0,0.0,0.0,0.0,0.0,0.0,0.0,0.0,0.0,0.0,0.0,0.0,0.0,0.0,vectored,random,2,2026-07-25T09:15:52+00:00
fpmul_3_2_3_10nm_TT_0V8_25C_1000MHz,fpmul,exp_bits=3;mantissa_bits=2;pipeline_stages=3,10nm,TT,0.8,25.0,1.0,1000.0,3,2,3,V-2023.12-SP4,257,229,28,43.714561,26.51136,17.203201,0.10894941634241245,0.3935347995373898,0.78,0.01,0.0,0,V-2023.12-SP4,232,204,28,41.04,23.84,17.2,60.2112,0.6816,0.1206896551724138,0.4191033138401559,0.32,0.46,0.0,0,V-2023.12-SP3,V-2023.12-SP4,0.1479,0.04226,0.000114,0.1903,0.19016,0.19016,0.09825,0.0,0.0,0.09825,0.018269999999999998,0.003686,4.0860000000000005e-05,0.022,0.03139,0.03857,7.319e-05,0.07004,0.0,0.0,0.0,0.0,0.0,0.0,0.0,0.0,0.0,0.0,0.0,0.0,0.0,0.0,0.0,0.0,unvectored,none,2,2026-07-25T09:15:55+00:00
fpmul_3_2_3_10nm_TT_0V8_25C_1000MHz,fpmul,exp_bits=3;mantissa_bits=2;pipeline_stages=3,10nm,TT,0.8,25.0,1.0,1000.0,3,2,3,V-2023.12-SP4,257,229,28,43.714561,26.51136,17.203201,0.10894941634241245,0.3935347995373898,0.78,0.01,0.0,0,V-2023.12-SP4,232,204,28,41.04,23.84,17.2,60.2112,0.6816,0.1206896551724138,0.4191033138401559,0.32,0.46,0.0,0,V-2023.12-SP3,V-2023.12-SP4,0.2086,0.09541,0.000118,0.30410000000000004,0.30401,0.30401,0.09817000000000001,0.0,0.0,0.09817000000000001,0.04128,0.009013,4.359e-05,0.05034,0.06910999999999999,0.0864,7.444e-05,0.1556,0.0,0.0,0.0,0.0,0.0,0.0,0.0,0.0,0.0,0.0,0.0,0.0,0.0,0.0,0.0,0.0,vectored,random,2,2026-07-25T09:16:02+00:00
fpmul_5_10_3_20nm_TT_0V9_25C_166p667MHz,fpmul,exp_bits=5;mantissa_bits=10;pipeline_stages=3,20nm,TT,0.9,25.0,6.0,166.66666666666666,5,10,3,V-2023.12-SP4,1065,997,68,655.987196,512.371197,143.615999,0.06384976525821597,0.21893110090520726,5.42,0.35,0.0,0,V-2023.12-SP4,1010,942,68,639.3,495.69,143.62,926.9568,0.6897,0.06732673267326733,0.22465196308462382,2.87,2.89,0.0,0,V-2023.12-SP3,V-2023.12-SP4,0.14750000000000002,0.08035,0.0006026,0.2284,0.22785000000000002,1.3671000000000002,0.06574,0.0,0.0,0.06574,0.0125,0.0036509999999999997,0.000102,0.016249999999999997,0.06922,0.07669999999999999,0.0005006,0.1464,0.0,0.0,0.0,0.0,0.0,0.0,0.0,0.0,0.0,0.0,0.0,0.0,0.0,0.0,0.0,0.0,unvectored,none,2,2026-07-25T09:17:25+00:00
fpmul_5_10_3_20nm_TT_0V9_25C_166p667MHz,fpmul,exp_bits=5;mantissa_bits=10;pipeline_stages=3,20nm,TT,0.9,25.0,6.0,166.66666666666666,5,10,3,V-2023.12-SP4,1065,997,68,655.987196,512.371197,143.615999,0.06384976525821597,0.21893110090520726,5.42,0.35,0.0,0,V-2023.12-SP4,1010,942,68,639.3,495.69,143.62,926.9568,0.6897,0.06732673267326733,0.22465196308462382,2.87,2.89,0.0,0,V-2023.12-SP3,V-2023.12-SP4,0.2586,0.1958,0.0006265,0.455,0.4544,2.7264,0.06585,0.0,0.0,0.06585,0.03126,0.009061,0.0001194,0.04044,0.1615,0.1868,0.0005071,0.3488,0.0,0.0,0.0,0.0,0.0,0.0,0.0,0.0,0.0,0.0,0.0,0.0,0.0,0.0,0.0,0.0,vectored,random,2,2026-07-25T09:17:33+00:00
fpmul_8_10_2_5nm_TT_0V7_25C_400MHz,fpmul,exp_bits=8;mantissa_bits=10;pipeline_stages=2,5nm,TT,0.7,25.0,2.5,400.0,8,10,2,V-2023.12-SP4,1248,1189,59,57.145199,47.2332,9.912,0.047275641025641024,0.17345289146687548,1.92,0.36,0.0,0,V-2023.12-SP4,1104,1045,59,52.94,43.01,9.93,80.136,0.6606,0.05344202898550725,0.1875708349074424,1.07,1.3,0.0,0,V-2023.12-SP3,V-2023.12-SP4,0.1613,0.1441,0.0004196,0.3059,0.3054,0.7635000000000001,0.07108,0.01686,1.18e-05,0.08795,0.01199,0.005016,0.0001089,0.01711,0.07822000000000001,0.12229999999999999,0.000299,0.2008,0.0,0.0,0.0,0.0,0.0,0.0,0.0,0.0,0.0,0.0,0.0,0.0,0.0,0.0,0.0,0.0,unvectored,none,2,2026-07-25T09:17:45+00:00
fpmul_3_2_3_10nm_TT_0V8_25C_666p667MHz,fpmul,exp_bits=3;mantissa_bits=2;pipeline_stages=3,10nm,TT,0.8,25.0,1.5,666.6666666666666,3,2,3,V-2023.12-SP4,198,170,28,40.980481,23.77728,17.203201,0.1414141414141414,0.41979011910572744,0.92,0.36,0.0,0,V-2023.12-SP4,182,154,28,39.54,22.33,17.2,55.4496,0.713,0.15384615384615385,0.4350025290844714,0.57,0.71,0.0,0,V-2023.12-SP3,V-2023.12-SP4,0.09645999999999999,0.02463,0.00010290000000000001,0.1212,0.12108999999999999,0.181635,0.06582,0.0,0.0,0.06582,0.01218,0.0028150000000000002,4.0900000000000005e-05,0.01504,0.01846,0.02181,6.196e-05,0.040330000000000005,0.0,0.0,0.0,0.0,0.0,0.0,0.0,0.0,0.0,0.0,0.0,0.0,0.0,0.0,0.0,0.0,unvectored,none,2,2026-07-25T09:17:49+00:00
fpmul_8_10_2_5nm_TT_0V7_25C_400MHz,fpmul,exp_bits=8;mantissa_bits=10;pipeline_stages=2,5nm,TT,0.7,25.0,2.5,400.0,8,10,2,V-2023.12-SP4,1248,1189,59,57.145199,47.2332,9.912,0.047275641025641024,0.17345289146687548,1.92,0.36,0.0,0,V-2023.12-SP4,1104,1045,59,52.94,43.01,9.93,80.136,0.6606,0.05344202898550725,0.1875708349074424,1.07,1.3,0.0,0,V-2023.12-SP3,V-2023.12-SP4,0.2695,0.28909999999999997,0.0004131,0.559,0.5586,1.3965,0.0714,0.01686,1.1809999999999999e-05,0.08826999999999999,0.02864,0.0125,9.919e-05,0.04124,0.1694,0.25980000000000003,0.00030209999999999997,0.4295,0.0,0.0,0.0,0.0,0.0,0.0,0.0,0.0,0.0,0.0,0.0,0.0,0.0,0.0,0.0,0.0,vectored,random,2,2026-07-25T09:17:52+00:00
fpmul_3_2_3_10nm_TT_0V8_25C_666p667MHz,fpmul,exp_bits=3;mantissa_bits=2;pipeline_stages=3,10nm,TT,0.8,25.0,1.5,666.6666666666666,3,2,3,V-2023.12-SP4,198,170,28,40.980481,23.77728,17.203201,0.1414141414141414,0.41979011910572744,0.92,0.36,0.0,0,V-2023.12-SP4,182,154,28,39.54,22.33,17.2,55.4496,0.713,0.15384615384615385,0.4350025290844714,0.57,0.71,0.0,0,V-2023.12-SP3,V-2023.12-SP4,0.1328,0.054740000000000004,0.0001071,0.18760000000000002,0.18754,0.28131,0.06577000000000001,0.0,0.0,0.06577000000000001,0.02722,0.006906,4.363e-05,0.03417,0.039799999999999995,0.047830000000000004,6.348999999999999e-05,0.0877,0.0,0.0,0.0,0.0,0.0,0.0,0.0,0.0,0.0,0.0,0.0,0.0,0.0,0.0,0.0,0.0,vectored,random,2,2026-07-25T09:17:55+00:00
fpmul_3_2_5_10nm_TT_0V8_25C_1000MHz,fpmul,exp_bits=3;mantissa_bits=2;pipeline_stages=5,10nm,TT,0.8,25.0,1.0,1000.0,3,2,5,V-2023.12-SP4,289,245,44,55.511041,28.47744,27.033601,0.1522491349480969,0.4869950286106146,0.78,0.01,0.0,0,V-2023.12-SP4,265,221,44,52.78,25.74,27.03,78.4282,0.6729,0.1660377358490566,0.5121258052292536,0.32,0.46,0.0,0,V-2023.12-SP3,V-2023.12-SP4,0.2181,0.046959999999999995,0.0001453,0.2652,0.26505999999999996,0.26505999999999996,0.1545,0.0,0.0,0.1545,0.02824,0.004552,6.432e-05,0.03286,0.03544,0.0424,8.099e-05,0.07792,0.0,0.0,0.0,0.0,0.0,0.0,0.0,0.0,0.0,0.0,0.0,0.0,0.0,0.0,0.0,0.0,unvectored,none,2,2026-07-25T09:18:22+00:00
fpmul_3_2_5_10nm_TT_0V8_25C_666p667MHz,fpmul,exp_bits=3;mantissa_bits=2;pipeline_stages=5,10nm,TT,0.8,25.0,1.5,666.6666666666666,3,2,5,V-2023.12-SP4,230,186,44,52.776961,25.74336,27.033601,0.19130434782608696,0.5122235249581726,0.92,0.36,0.0,0,V-2023.12-SP4,215,171,44,51.39,24.36,27.03,72.9907,0.7041,0.20465116279069767,0.5259778166958552,0.57,0.71,0.0,0,V-2023.12-SP3,V-2023.12-SP4,0.1425,0.0261,0.00013440000000000001,0.16870000000000002,0.1686,0.2529,0.103,0.0,0.0,0.103,0.01881,0.003473,6.432e-05,0.022350000000000002,0.0207,0.022629999999999997,7.005e-05,0.0434,0.0,0.0,0.0,0.0,0.0,0.0,0.0,0.0,0.0,0.0,0.0,0.0,0.0,0.0,0.0,0.0,unvectored,none,2,2026-07-25T09:18:26+00:00
fpmul_3_2_5_10nm_TT_0V8_25C_1000MHz,fpmul,exp_bits=3;mantissa_bits=2;pipeline_stages=5,10nm,TT,0.8,25.0,1.0,1000.0,3,2,5,V-2023.12-SP4,289,245,44,55.511041,28.47744,27.033601,0.1522491349480969,0.4869950286106146,0.78,0.01,0.0,0,V-2023.12-SP4,265,221,44,52.78,25.74,27.03,78.4282,0.6729,0.1660377358490566,0.5121258052292536,0.32,0.46,0.0,0,V-2023.12-SP3,V-2023.12-SP4,0.2898,0.1007,0.0001511,0.3907,0.3905,0.3905,0.15430000000000002,0.0,0.0,0.15430000000000002,0.06059,0.010839999999999999,6.829999999999999e-05,0.07150000000000001,0.07488,0.08990000000000001,8.282e-05,0.1649,0.0,0.0,0.0,0.0,0.0,0.0,0.0,0.0,0.0,0.0,0.0,0.0,0.0,0.0,0.0,0.0,vectored,random,2,2026-07-25T09:18:29+00:00
fpmul_3_2_5_10nm_TT_0V8_25C_666p667MHz,fpmul,exp_bits=3;mantissa_bits=2;pipeline_stages=5,10nm,TT,0.8,25.0,1.5,666.6666666666666,3,2,5,V-2023.12-SP4,230,186,44,52.776961,25.74336,27.033601,0.19130434782608696,0.5122235249581726,0.92,0.36,0.0,0,V-2023.12-SP4,215,171,44,51.39,24.36,27.03,72.9907,0.7041,0.20465116279069767,0.5259778166958552,0.57,0.71,0.0,0,V-2023.12-SP3,V-2023.12-SP4,0.1867,0.05781,0.0001406,0.24469999999999997,0.24451,0.366765,0.10289999999999999,0.0,0.0,0.10289999999999999,0.04028,0.008326,6.835e-05,0.04867,0.04351,0.04948,7.227e-05,0.09307,0.0,0.0,0.0,0.0,0.0,0.0,0.0,0.0,0.0,0.0,0.0,0.0,0.0,0.0,0.0,0.0,vectored,random,2,2026-07-25T09:18:32+00:00
fpmul_5_10_5_20nm_TT_0V9_25C_173p913MHz,fpmul,exp_bits=5;mantissa_bits=10;pipeline_stages=5,20nm,TT,0.9,25.0,5.75,173.91304347826087,5,10,5,V-2023.12-SP4,1152,1048,104,750.710396,531.062397,219.647999,0.09027777777777778,0.2925868619514895,5.36,0.16,0.0,0,V-2023.12-SP4,1108,1004,104,751.77,532.12,219.65,1047.552,0.7176,0.09386281588447654,0.29217712864306905,2.74,2.81,0.0,0,V-2023.12-SP3,V-2023.12-SP4,0.2148,0.1031,0.1038,0.4218,0.31789999999999996,1.8279249999999998,0.12010000000000001,0.01678,0.1031,0.2399,0.019559999999999998,0.004464,0.0001567,0.02418,0.07522,0.08188,0.0005343,0.15760000000000002,0.0,0.0,0.0,0.0,0.0,0.0,0.0,0.0,0.0,0.0,0.0,0.0,0.0,0.0,0.0,0.0,unvectored,none,2,2026-07-25T09:19:26+00:00
fpmul_5_10_5_20nm_TT_0V9_25C_173p913MHz,fpmul,exp_bits=5;mantissa_bits=10;pipeline_stages=5,20nm,TT,0.9,25.0,5.75,173.91304347826087,5,10,5,V-2023.12-SP4,1152,1048,104,750.710396,531.062397,219.647999,0.09027777777777778,0.2925868619514895,5.36,0.16,0.0,0,V-2023.12-SP4,1108,1004,104,751.77,532.12,219.65,1047.552,0.7176,0.09386281588447654,0.29217712864306905,2.74,2.81,0.0,0,V-2023.12-SP3,V-2023.12-SP4,0.324,0.2069,0.1038,0.6346999999999999,0.5309,3.0526750000000002,0.1202,0.01678,0.1031,0.24000000000000002,0.04512,0.01095,0.0001807,0.05625,0.15880000000000002,0.17909999999999998,0.0005438,0.3384,0.0,0.0,0.0,0.0,0.0,0.0,0.0,0.0,0.0,0.0,0.0,0.0,0.0,0.0,0.0,0.0,vectored,random,2,2026-07-25T09:19:34+00:00
fpmul_8_10_3_5nm_TT_0V7_25C_400MHz,fpmul,exp_bits=8;mantissa_bits=10;pipeline_stages=3,5nm,TT,0.7,25.0,2.5,400.0,8,10,3,V-2023.12-SP4,1289,1209,80,61.538399,48.098399,13.44,0.062063615205585725,0.21840022194922556,1.92,0.36,0.0,0,V-2023.12-SP4,1142,1062,80,57.29,43.81,13.47,86.394,0.6631,0.07005253940455342,0.2351195671146797,1.07,1.31,0.0,0,V-2023.12-SP3,V-2023.12-SP4,0.189,0.1466,0.00046479999999999997,0.3361,0.3356,0.839,0.09367,0.018099999999999998,1.073e-05,0.1118,0.01582,0.005417,0.0001472,0.02139,0.07951,0.12310000000000001,0.0003069,0.2029,0.0,0.0,0.0,0.0,0.0,0.0,0.0,0.0,0.0,0.0,0.0,0.0,0.0,0.0,0.0,0.0,unvectored,none,2,2026-07-25T09:19:47+00:00
fpmul_8_10_3_5nm_TT_0V7_25C_400MHz,fpmul,exp_bits=8;mantissa_bits=10;pipeline_stages=3,5nm,TT,0.7,25.0,2.5,400.0,8,10,3,V-2023.12-SP4,1289,1209,80,61.538399,48.098399,13.44,0.062063615205585725,0.21840022194922556,1.92,0.36,0.0,0,V-2023.12-SP4,1142,1062,80,57.29,43.81,13.47,86.394,0.6631,0.07005253940455342,0.2351195671146797,1.07,1.31,0.0,0,V-2023.12-SP3,V-2023.12-SP4,0.2972,0.28459999999999996,0.0004565,0.5823,0.5818,1.4545,0.09408,0.018099999999999998,1.073e-05,0.11220000000000001,0.03635,0.01342,0.000135,0.0499,0.16670000000000001,0.25310000000000005,0.0003107,0.4202,0.0,0.0,0.0,0.0,0.0,0.0,0.0,0.0,0.0,0.0,0.0,0.0,0.0,0.0,0.0,0.0,vectored,random,2,2026-07-25T09:19:55+00:00
fpmul_8_7_2_20nm_TT_0V9_25C_307p692MHz,fpmul,exp_bits=8;mantissa_bits=7;pipeline_stages=2,20nm,TT,0.9,25.0,3.25,307.6923076923077,8,7,2,V-2023.12-SP4,1002,952,50,534.863997,429.263998,105.599999,0.0499001996007984,0.1974333654766447,3.01,0.0,0.0,0,V-2023.12-SP4,951,901,50,521.56,415.96,105.6,750.3936,0.695,0.052576235541535225,0.20246951453332312,1.49,1.52,0.0,0,V-2023.12-SP3,V-2023.12-SP4,0.2115,0.1235,0.0005241,0.3355,0.33499999999999996,1.0887499999999999,0.09785,0.006713,5.226e-06,0.1046,0.0172,0.004684000000000001,7.477e-05,0.02196,0.09643,0.1121,0.0004441,0.20900000000000002,0.0,0.0,0.0,0.0,0.0,0.0,0.0,0.0,0.0,0.0,0.0,0.0,0.0,0.0,0.0,0.0,unvectored,none,2,2026-07-25T09:20:16+00:00
fpmul_8_7_2_20nm_TT_0V9_25C_307p692MHz,fpmul,exp_bits=8;mantissa_bits=7;pipeline_stages=2,20nm,TT,0.9,25.0,3.25,307.6923076923077,8,7,2,V-2023.12-SP4,1002,952,50,534.863997,429.263998,105.599999,0.0499001996007984,0.1974333654766447,3.01,0.0,0.0,0,V-2023.12-SP4,951,901,50,521.56,415.96,105.6,750.3936,0.695,0.052576235541535225,0.20246951453332312,1.49,1.52,0.0,0,V-2023.12-SP3,V-2023.12-SP4,0.3303,0.24409999999999998,0.0005442,0.575,0.5744,1.8668,0.09817000000000001,0.006713,5.226e-06,0.10490000000000001,0.03992,0.01161,8.900000000000001e-05,0.05162,0.1922,0.2258,0.00045,0.4185,0.0,0.0,0.0,0.0,0.0,0.0,0.0,0.0,0.0,0.0,0.0,0.0,0.0,0.0,0.0,0.0,vectored,random,2,2026-07-25T09:20:24+00:00
fpmul_8_7_2_20nm_TT_0V9_25C_190p476MHz,fpmul,exp_bits=8;mantissa_bits=7;pipeline_stages=2,20nm,TT,0.9,25.0,5.25,190.47619047619048,8,7,2,V-2023.12-SP4,941,891,50,510.047997,404.447998,105.599999,0.053134962805526036,0.20703933673128413,4.51,0.5,0.0,0,V-2023.12-SP4,877,827,50,519.34,413.74,105.6,710.8992,0.7305,0.05701254275940707,0.20333500211807293,2.49,2.53,0.0,0,V-2023.12-SP3,V-2023.12-SP4,0.17149999999999999,0.06821999999999999,0.3097,0.5495,0.23972,1.25853,0.1077,0.004717,0.30929999999999996,0.4217,0.01072,0.00276,7.486e-05,0.013550000000000001,0.053149999999999996,0.06075,0.000393,0.1143,0.0,0.0,0.0,0.0,0.0,0.0,0.0,0.0,0.0,0.0,0.0,0.0,0.0,0.0,0.0,0.0,unvectored,none,2,2026-07-25T09:20:45+00:00
fpmul_8_7_2_20nm_TT_0V9_25C_190p476MHz,fpmul,exp_bits=8;mantissa_bits=7;pipeline_stages=2,20nm,TT,0.9,25.0,5.25,190.47619047619048,8,7,2,V-2023.12-SP4,941,891,50,510.047997,404.447998,105.599999,0.053134962805526036,0.20703933673128413,4.51,0.5,0.0,0,V-2023.12-SP4,877,827,50,519.34,413.74,105.6,710.8992,0.7305,0.05701254275940707,0.20333500211807293,2.49,2.53,0.0,0,V-2023.12-SP3,V-2023.12-SP4,0.247,0.14329999999999998,0.3098,0.7001000000000001,0.3903,2.0490749999999998,0.1077,0.004717,0.30929999999999996,0.4217,0.02582,0.0068920000000000006,8.897e-05,0.032799999999999996,0.1134,0.1317,0.0003992,0.2455,0.0,0.0,0.0,0.0,0.0,0.0,0.0,0.0,0.0,0.0,0.0,0.0,0.0,0.0,0.0,0.0,vectored,random,2,2026-07-25T09:20:52+00:00
fpmul_4_6_2_10nm_TT_0V8_25C_444p444MHz,fpmul,exp_bits=4;mantissa_bits=6;pipeline_stages=2,10nm,TT,0.8,25.0,2.25,444.44444444444446,4,6,2,V-2023.12-SP4,537,502,35,94.433282,72.929281,21.504001,0.06517690875232775,0.22771633628067695,1.81,0.22,0.0,0,V-2023.12-SP4,515,480,35,93.39,71.88,21.5,133.632,0.6989,0.06796116504854369,0.2302173680265553,0.95,1.18,0.0,0,V-2023.12-SP3,V-2023.12-SP4,0.1375,0.08566,0.00023480000000000002,0.22340000000000002,0.22316000000000003,0.5021100000000001,0.07776999999999999,0.010750000000000001,1.236e-05,0.08853,0.01064,0.005683,5.1e-05,0.01637,0.04912,0.06923,0.00017140000000000002,0.1185,0.0,0.0,0.0,0.0,0.0,0.0,0.0,0.0,0.0,0.0,0.0,0.0,0.0,0.0,0.0,0.0,unvectored,none,2,2026-07-25T09:20:59+00:00
fpmul_4_6_2_10nm_TT_0V8_25C_444p444MHz,fpmul,exp_bits=4;mantissa_bits=6;pipeline_stages=2,10nm,TT,0.8,25.0,2.25,444.44444444444446,4,6,2,V-2023.12-SP4,537,502,35,94.433282,72.929281,21.504001,0.06517690875232775,0.22771633628067695,1.81,0.22,0.0,0,V-2023.12-SP4,515,480,35,93.39,71.88,21.5,133.632,0.6989,0.06796116504854369,0.2302173680265553,0.95,1.18,0.0,0,V-2023.12-SP3,V-2023.12-SP4,0.2301,0.204,0.0002409,0.43429999999999996,0.4341,0.976725,0.07773000000000001,0.010750000000000001,1.236e-05,0.08849,0.027739999999999997,0.014209999999999999,5.4970000000000004e-05,0.041999999999999996,0.12459999999999999,0.179,0.0001736,0.3038,0.0,0.0,0.0,0.0,0.0,0.0,0.0,0.0,0.0,0.0,0.0,0.0,0.0,0.0,0.0,0.0,vectored,random,2,2026-07-25T09:21:06+00:00
fpmul_8_10_5_5nm_TT_0V7_25C_400MHz,fpmul,exp_bits=8;mantissa_bits=10;pipeline_stages=5,5nm,TT,0.7,25.0,2.5,400.0,8,10,5,V-2023.12-SP4,1374,1252,122,70.375199,49.879199,20.496,0.08879184861717612,0.2912389633171766,1.92,0.36,0.0,0,V-2023.12-SP4,1243,1121,122,66.65,46.08,20.56,99.12,0.6724,0.09814963797264682,0.3084771192798199,1.07,1.31,0.0,0,V-2023.12-SP3,V-2023.12-SP4,0.2403,0.1634,0.000557,0.4043,0.4037,1.00925,0.1341,0.030199999999999998,9.807e-06,0.1643,0.02343,0.006332,0.000224,0.02999,0.08278,0.12689999999999999,0.0003232,0.21000000000000002,0.0,0.0,0.0,0.0,0.0,0.0,0.0,0.0,0.0,0.0,0.0,0.0,0.0,0.0,0.0,0.0,unvectored,none,2,2026-07-25T09:21:40+00:00
fpmul_8_10_5_5nm_TT_0V7_25C_400MHz,fpmul,exp_bits=8;mantissa_bits=10;pipeline_stages=5,5nm,TT,0.7,25.0,2.5,400.0,8,10,5,V-2023.12-SP4,1374,1252,122,70.375199,49.879199,20.496,0.08879184861717612,0.2912389633171766,1.92,0.36,0.0,0,V-2023.12-SP4,1243,1121,122,66.65,46.08,20.56,99.12,0.6724,0.09814963797264682,0.3084771192798199,1.07,1.31,0.0,0,V-2023.12-SP3,V-2023.12-SP4,0.3587,0.30269999999999997,0.0005455,0.662,0.6614,1.6535,0.1347,0.030199999999999998,9.807e-06,0.1649,0.052110000000000004,0.0155,0.000207,0.06781999999999999,0.1719,0.257,0.0003287,0.4292,0.0,0.0,0.0,0.0,0.0,0.0,0.0,0.0,0.0,0.0,0.0,0.0,0.0,0.0,0.0,0.0,vectored,random,2,2026-07-25T09:21:48+00:00
fpmul_4_6_3_10nm_TT_0V8_25C_444p444MHz,fpmul,exp_bits=4;mantissa_bits=6;pipeline_stages=3,10nm,TT,0.8,25.0,2.25,444.44444444444446,4,6,3,V-2023.12-SP4,563,515,48,104.017922,74.526721,29.491201,0.0852575488454707,0.2835203821895231,1.81,0.22,0.0,0,V-2023.12-SP4,543,495,48,103.4,73.91,29.49,144.7526,0.7143,0.08839779005524862,0.28520309477756284,0.95,1.18,0.0,0,V-2023.12-SP3,V-2023.12-SP4,0.16440000000000002,0.09453,0.0002627,0.2592,0.25893,0.5825925,0.09997,0.018240000000000003,1.454e-05,0.1182,0.014199999999999999,0.00605,7.005999999999999e-05,0.020319999999999998,0.050210000000000005,0.07023,0.00017810000000000002,0.1206,0.0,0.0,0.0,0.0,0.0,0.0,0.0,0.0,0.0,0.0,0.0,0.0,0.0,0.0,0.0,0.0,unvectored,none,2,2026-07-25T09:22:16+00:00
fpmul_4_6_3_10nm_TT_0V8_25C_444p444MHz,fpmul,exp_bits=4;mantissa_bits=6;pipeline_stages=3,10nm,TT,0.8,25.0,2.25,444.44444444444446,4,6,3,V-2023.12-SP4,563,515,48,104.017922,74.526721,29.491201,0.0852575488454707,0.2835203821895231,1.81,0.22,0.0,0,V-2023.12-SP4,543,495,48,103.4,73.91,29.49,144.7526,0.7143,0.08839779005524862,0.28520309477756284,0.95,1.18,0.0,0,V-2023.12-SP3,V-2023.12-SP4,0.25930000000000003,0.2115,0.0002701,0.4711,0.4708,1.0593,0.09992000000000001,0.018240000000000003,1.454e-05,0.1182,0.03523,0.01501,7.479999999999999e-05,0.05032,0.1242,0.1783,0.0001807,0.3026,0.0,0.0,0.0,0.0,0.0,0.0,0.0,0.0,0.0,0.0,0.0,0.0,0.0,0.0,0.0,0.0,vectored,random,2,2026-07-25T09:22:23+00:00
fpmul_8_7_3_20nm_TT_0V9_25C_307p692MHz,fpmul,exp_bits=8;mantissa_bits=7;pipeline_stages=3,20nm,TT,0.9,25.0,3.25,307.6923076923077,8,7,3,V-2023.12-SP4,1035,967,68,576.998397,433.382398,143.615999,0.06570048309178744,0.24890190292851022,3.01,0.0,0.0,0,V-2023.12-SP4,968,900,68,560.1,416.49,143.62,802.032,0.6984,0.07024793388429752,0.2564184966970184,1.49,1.52,0.0,0,V-2023.12-SP3,V-2023.12-SP4,0.2516,0.12769999999999998,0.0005529,0.3798,0.37929999999999997,1.2327249999999998,0.1315,0.01204,5.226e-06,0.1436,0.02293,0.0050100000000000006,0.000102,0.02804,0.09717,0.1106,0.0004457,0.2082,0.0,0.0,0.0,0.0,0.0,0.0,0.0,0.0,0.0,0.0,0.0,0.0,0.0,0.0,0.0,0.0,unvectored,none,2,2026-07-25T09:22:25+00:00
fpmul_8_7_3_20nm_TT_0V9_25C_307p692MHz,fpmul,exp_bits=8;mantissa_bits=7;pipeline_stages=3,20nm,TT,0.9,25.0,3.25,307.6923076923077,8,7,3,V-2023.12-SP4,1035,967,68,576.998397,433.382398,143.615999,0.06570048309178744,0.24890190292851022,3.01,0.0,0.0,0,V-2023.12-SP4,968,900,68,560.1,416.49,143.62,802.032,0.6984,0.07024793388429752,0.2564184966970184,1.49,1.52,0.0,0,V-2023.12-SP3,V-2023.12-SP4,0.3682,0.2362,0.0005782000000000001,0.6051,0.6044,1.9643000000000002,0.13190000000000002,0.01204,5.226e-06,0.1439,0.05254,0.01237,0.0001197,0.06503,0.1838,0.2118,0.0004532,0.39609999999999995,0.0,0.0,0.0,0.0,0.0,0.0,0.0,0.0,0.0,0.0,0.0,0.0,0.0,0.0,0.0,0.0,vectored,random,2,2026-07-25T09:22:31+00:00
fpmul_8_7_3_20nm_TT_0V9_25C_190p476MHz,fpmul,exp_bits=8;mantissa_bits=7;pipeline_stages=3,20nm,TT,0.9,25.0,5.25,190.47619047619048,8,7,3,V-2023.12-SP4,959,891,68,549.225597,405.609598,143.615999,0.07090719499478623,0.26148817495845883,4.21,0.8,0.0,0,V-2023.12-SP4,904,836,68,525.78,382.17,143.62,783.552,0.671,0.0752212389380531,0.2731560728821941,2.49,2.52,0.0,0,V-2023.12-SP3,V-2023.12-SP4,0.1365,0.0566,0.0004942999999999999,0.1936,0.1931,1.0137749999999999,0.07582,0.0,0.0,0.07582,0.0141,0.003439,0.0001022,0.01764,0.04657,0.05316,0.0003922,0.1001,0.0,0.0,0.0,0.0,0.0,0.0,0.0,0.0,0.0,0.0,0.0,0.0,0.0,0.0,0.0,0.0,unvectored,none,2,2026-07-25T09:23:03+00:00
fpmul_8_7_3_20nm_TT_0V9_25C_190p476MHz,fpmul,exp_bits=8;mantissa_bits=7;pipeline_stages=3,20nm,TT,0.9,25.0,5.25,190.47619047619048,8,7,3,V-2023.12-SP4,959,891,68,549.225597,405.609598,143.615999,0.07090719499478623,0.26148817495845883,4.21,0.8,0.0,0,V-2023.12-SP4,904,836,68,525.78,382.17,143.62,783.552,0.671,0.0752212389380531,0.2731560728821941,2.49,2.52,0.0,0,V-2023.12-SP3,V-2023.12-SP4,0.1871,0.1007,0.0005195999999999999,0.2883,0.2878,1.51095,0.07609,0.0,0.0,0.07609,0.03195,0.00852,0.0001197,0.04059,0.07907,0.09216999999999999,0.00039989999999999996,0.1716,0.0,0.0,0.0,0.0,0.0,0.0,0.0,0.0,0.0,0.0,0.0,0.0,0.0,0.0,0.0,0.0,vectored,random,2,2026-07-25T09:23:10+00:00
fpmul_4_6_5_10nm_TT_0V8_25C_444p444MHz,fpmul,exp_bits=4;mantissa_bits=6;pipeline_stages=5,10nm,TT,0.8,25.0,2.25,444.44444444444446,4,6,5,V-2023.12-SP4,610,536,74,123.525123,78.059521,45.465602,0.12131147540983607,0.36806765211640385,1.89,0.15,0.0,0,V-2023.12-SP4,592,518,74,121.25,75.79,45.47,173.3837,0.6993,0.125,0.3750103092783505,0.95,1.18,0.0,0,V-2023.12-SP3,V-2023.12-SP4,0.20479999999999998,0.1038,0.0003018,0.30889999999999995,0.3086,0.69435,0.1293,0.02306,2.6449999999999997e-06,0.15239999999999998,0.02139,0.006849,0.0001081,0.02835,0.054079999999999996,0.0739,0.0001911,0.1282,0.0,0.0,0.0,0.0,0.0,0.0,0.0,0.0,0.0,0.0,0.0,0.0,0.0,0.0,0.0,0.0,unvectored,none,2,2026-07-25T09:23:40+00:00
fpmul_4_6_5_10nm_TT_0V8_25C_444p444MHz,fpmul,exp_bits=4;mantissa_bits=6;pipeline_stages=5,10nm,TT,0.8,25.0,2.25,444.44444444444446,4,6,5,V-2023.12-SP4,610,536,74,123.525123,78.059521,45.465602,0.12131147540983607,0.36806765211640385,1.89,0.15,0.0,0,V-2023.12-SP4,592,518,74,121.25,75.79,45.47,173.3837,0.6993,0.125,0.3750103092783505,0.95,1.18,0.0,0,V-2023.12-SP3,V-2023.12-SP4,0.3104,0.2205,0.0003125,0.5312,0.5309,1.194525,0.1293,0.02306,2.6449999999999997e-06,0.1523,0.05044,0.01683,0.000115,0.06738,0.1307,0.1806,0.0001948,0.3115,0.0,0.0,0.0,0.0,0.0,0.0,0.0,0.0,0.0,0.0,0.0,0.0,0.0,0.0,0.0,0.0,vectored,random,2,2026-07-25T09:23:47+00:00
fpmul_6_5_2_10nm_TT_0V8_25C_444p444MHz,fpmul,exp_bits=6;mantissa_bits=5;pipeline_stages=2,10nm,TT,0.8,25.0,2.25,444.44444444444446,6,5,2,V-2023.12-SP4,466,428,38,91.054082,67.706881,23.347201,0.0815450643776824,0.2564102617606973,1.81,0.22,0.0,0,V-2023.12-SP4,440,402,38,88.35,65.0,23.35,126.505,0.6984,0.08636363636363636,0.2642897566496888,0.95,1.18,0.0,0,V-2023.12-SP3,V-2023.12-SP4,0.1212,0.06426,0.0002163,0.18569999999999998,0.18546,0.417285,0.07135,0.01167,1.191e-06,0.08301,0.011420000000000001,0.004103000000000001,5.536e-05,0.01558,0.038470000000000004,0.04849,0.0001597,0.08712,0.0,0.0,0.0,0.0,0.0,0.0,0.0,0.0,0.0,0.0,0.0,0.0,0.0,0.0,0.0,0.0,unvectored,none,2,2026-07-25T09:24:48+00:00
fpmul_8_23_2_5nm_TT_0V7_25C_333p333MHz,fpmul,exp_bits=8;mantissa_bits=23;pipeline_stages=2,5nm,TT,0.7,25.0,3.0,333.3333333333333,8,23,2,V-2023.12-SP4,3396,3298,98,172.989598,156.525599,16.464,0.028857479387514724,0.09517335256192687,2.64,0.14,0.0,0,V-2023.12-SP4,3046,2948,98,161.03,144.55,16.48,245.2968,0.6565,0.03217334208798424,0.10234117866236105,1.32,1.54,0.0,0,V-2023.12-SP3,V-2023.12-SP4,0.36010000000000003,0.3986,0.00117,0.7599,0.7587,2.2761,0.09558,0.02172,1.341e-05,0.1173,0.01672,0.005423,0.0001812,0.022330000000000003,0.2478,0.3715,0.0009758000000000001,0.6203,0.0,0.0,0.0,0.0,0.0,0.0,0.0,0.0,0.0,0.0,0.0,0.0,0.0,0.0,0.0,0.0,unvectored,none,2,2026-07-25T09:24:51+00:00
fpmul_6_5_2_10nm_TT_0V8_25C_444p444MHz,fpmul,exp_bits=6;mantissa_bits=5;pipeline_stages=2,10nm,TT,0.8,25.0,2.25,444.44444444444446,6,5,2,V-2023.12-SP4,466,428,38,91.054082,67.706881,23.347201,0.0815450643776824,0.2564102617606973,1.81,0.22,0.0,0,V-2023.12-SP4,440,402,38,88.35,65.0,23.35,126.505,0.6984,0.08636363636363636,0.2642897566496888,0.95,1.18,0.0,0,V-2023.12-SP3,V-2023.12-SP4,0.1701,0.1173,0.0002231,0.2877,0.2874,0.64665,0.0713,0.01167,1.191e-06,0.08297,0.02692,0.01023,5.972e-05,0.03721,0.07193,0.09543,0.0001622,0.1675,0.0,0.0,0.0,0.0,0.0,0.0,0.0,0.0,0.0,0.0,0.0,0.0,0.0,0.0,0.0,0.0,vectored,random,2,2026-07-25T09:24:55+00:00
fpmul_8_23_2_5nm_TT_0V7_25C_333p333MHz,fpmul,exp_bits=8;mantissa_bits=23;pipeline_stages=2,5nm,TT,0.7,25.0,3.0,333.3333333333333,8,23,2,V-2023.12-SP4,3396,3298,98,172.989598,156.525599,16.464,0.028857479387514724,0.09517335256192687,2.64,0.14,0.0,0,V-2023.12-SP4,3046,2948,98,161.03,144.55,16.48,245.2968,0.6565,0.03217334208798424,0.10234117866236105,1.32,1.54,0.0,0,V-2023.12-SP3,V-2023.12-SP4,0.7137,0.9351999999999999,0.001159,1.65,1.6488999999999998,4.9467,0.09603,0.02172,1.341e-05,0.1178,0.04264,0.013560000000000001,0.0001658,0.056369999999999996,0.575,0.8999,0.0009797999999999999,1.4760000000000002,0.0,0.0,0.0,0.0,0.0,0.0,0.0,0.0,0.0,0.0,0.0,0.0,0.0,0.0,0.0,0.0,vectored,random,2,2026-07-25T09:24:59+00:00
fpmul_8_7_5_20nm_TT_0V9_25C_181p818MHz,fpmul,exp_bits=8;mantissa_bits=7;pipeline_stages=5,20nm,TT,0.9,25.0,5.5,181.8181818181818,8,7,5,V-2023.12-SP4,979,875,104,631.382397,411.734398,219.647999,0.1062308478038815,0.34788426165134284,4.64,0.62,0.0,0,V-2023.12-SP4,933,829,104,620.72,401.07,219.65,886.9344,0.6998,0.11146838156484459,0.3538632555741719,2.62,2.69,0.0,0,V-2023.12-SP3,V-2023.12-SP4,0.1936,0.07235,0.05212,0.3181,0.26595,1.462725,0.1266,0.017839999999999998,0.05156,0.196,0.02026,0.003967,0.0001565,0.02438,0.04679,0.05054,0.00040040000000000003,0.09773,0.0,0.0,0.0,0.0,0.0,0.0,0.0,0.0,0.0,0.0,0.0,0.0,0.0,0.0,0.0,0.0,unvectored,none,2,2026-07-25T09:25:10+00:00
fpmul_8_7_5_20nm_TT_0V9_25C_181p818MHz,fpmul,exp_bits=8;mantissa_bits=7;pipeline_stages=5,20nm,TT,0.9,25.0,5.5,181.8181818181818,8,7,5,V-2023.12-SP4,979,875,104,631.382397,411.734398,219.647999,0.1062308478038815,0.34788426165134284,4.64,0.62,0.0,0,V-2023.12-SP4,933,829,104,620.72,401.07,219.65,886.9344,0.6998,0.11146838156484459,0.3538632555741719,2.62,2.69,0.0,0,V-2023.12-SP3,V-2023.12-SP4,0.25070000000000003,0.1152,0.05215,0.41800000000000004,0.3659,2.01245,0.12669999999999998,0.017839999999999998,0.05156,0.1961,0.04437,0.009714,0.0001815,0.05427,0.07962,0.08765,0.00041119999999999997,0.16770000000000002,0.0,0.0,0.0,0.0,0.0,0.0,0.0,0.0,0.0,0.0,0.0,0.0,0.0,0.0,0.0,0.0,vectored,random,2,2026-07-25T09:25:17+00:00
fpmul_8_10_2_20nm_TT_0V9_25C_173p913MHz,fpmul,exp_bits=8;mantissa_bits=10;pipeline_stages=2,20nm,TT,0.9,25.0,5.75,173.91304347826087,8,10,2,V-2023.12-SP4,1217,1158,59,680.697596,556.089597,124.607999,0.04847986852917009,0.18305926116418958,4.96,0.56,0.0,0,V-2023.12-SP4,1154,1095,59,673.52,548.91,124.61,947.0208,0.7112,0.0511265164644714,0.18501306568476067,2.73,2.78,0.0,0,V-2023.12-SP3,V-2023.12-SP4,0.1646,0.09176999999999999,0.1037,0.36010000000000003,0.25637,1.4741274999999998,0.0805,0.003482,0.1031,0.1871,0.011569999999999999,0.004035,8.834e-05,0.01569,0.07258999999999999,0.08426,0.000538,0.1574,0.0,0.0,0.0,0.0,0.0,0.0,0.0,0.0,0.0,0.0,0.0,0.0,0.0,0.0,0.0,0.0,unvectored,none,2,2026-07-25T09:25:57+00:00
fpmul_8_10_2_20nm_TT_0V9_25C_173p913MHz,fpmul,exp_bits=8;mantissa_bits=10;pipeline_stages=2,20nm,TT,0.9,25.0,5.75,173.91304347826087,8,10,2,V-2023.12-SP4,1217,1158,59,680.697596,556.089597,124.607999,0.04847986852917009,0.18305926116418958,4.96,0.56,0.0,0,V-2023.12-SP4,1154,1095,59,673.52,548.91,124.61,947.0208,0.7112,0.0511265164644714,0.18501306568476067,2.73,2.78,0.0,0,V-2023.12-SP3,V-2023.12-SP4,0.2671,0.2043,0.1038,0.5751000000000001,0.47140000000000004,2.7105500000000005,0.08059,0.003482,0.1031,0.1872,0.028419999999999997,0.01004,0.0001051,0.03856,0.1581,0.1908,0.0005446,0.3494,0.0,0.0,0.0,0.0,0.0,0.0,0.0,0.0,0.0,0.0,0.0,0.0,0.0,0.0,0.0,0.0,vectored,random,2,2026-07-25T09:26:04+00:00
fpmul_8_10_2_20nm_TT_0V9_25C_285p714MHz,fpmul,exp_bits=8;mantissa_bits=10;pipeline_stages=2,20nm,TT,0.9,25.0,3.5,285.7142857142857,8,10,2,V-2023.12-SP4,1362,1303,59,735.292796,610.051197,125.241599,0.04331864904552129,0.1703288807959435,3.26,0.0,0.0,0,V-2023.12-SP4,1303,1244,59,726.63,601.81,124.82,1034.88,0.7021,0.04528012279355334,0.17177930996518173,1.62,1.64,0.0,0,V-2023.12-SP3,V-2023.12-SP4,0.2766,0.17679999999999998,0.05227,0.5056,0.4534,1.5869,0.115,0.007146,0.05155,0.1737,0.01904,0.0059499999999999996,8.862e-05,0.02508,0.1425,0.16369999999999998,0.0006393999999999999,0.30679999999999996,0.0,0.0,0.0,0.0,0.0,0.0,0.0,0.0,0.0,0.0,0.0,0.0,0.0,0.0,0.0,0.0,unvectored,none,2,2026-07-25T09:26:05+00:00
fpmul_8_10_2_20nm_TT_0V9_25C_285p714MHz,fpmul,exp_bits=8;mantissa_bits=10;pipeline_stages=2,20nm,TT,0.9,25.0,3.5,285.7142857142857,8,10,2,V-2023.12-SP4,1362,1303,59,735.292796,610.051197,125.241599,0.04331864904552129,0.1703288807959435,3.26,0.0,0.0,0,V-2023.12-SP4,1303,1244,59,726.63,601.81,124.82,1034.88,0.7021,0.04528012279355334,0.17177930996518173,1.62,1.64,0.0,0,V-2023.12-SP3,V-2023.12-SP4,0.4568,0.3663,0.0523,0.8754000000000001,0.8230999999999999,2.8808499999999997,0.1152,0.007146,0.05155,0.1739,0.04712,0.01482,0.0001058,0.06205,0.2944,0.34440000000000004,0.0006455,0.6395,0.0,0.0,0.0,0.0,0.0,0.0,0.0,0.0,0.0,0.0,0.0,0.0,0.0,0.0,0.0,0.0,vectored,random,2,2026-07-25T09:26:12+00:00
fpmul_6_5_3_10nm_TT_0V8_25C_444p444MHz,fpmul,exp_bits=6;mantissa_bits=5;pipeline_stages=3,10nm,TT,0.8,25.0,2.25,444.44444444444446,6,5,3,V-2023.12-SP4,495,443,52,101.437442,69.488641,31.948802,0.10505050505050505,0.31496064342789715,1.81,0.22,0.0,0,V-2023.12-SP4,471,419,52,101.1,69.15,31.95,142.848,0.7077,0.11040339702760085,0.3160237388724036,0.95,1.18,0.0,0,V-2023.12-SP3,V-2023.12-SP4,0.1618,0.0747,0.0002615,0.2368,0.2365,0.532125,0.1062,0.02026,1.791e-05,0.1265,0.015290000000000002,0.004438,7.591e-05,0.0198,0.04027,0.05,0.0001677,0.09043999999999999,0.0,0.0,0.0,0.0,0.0,0.0,0.0,0.0,0.0,0.0,0.0,0.0,0.0,0.0,0.0,0.0,unvectored,none,2,2026-07-25T09:26:35+00:00
fpmul_6_5_3_10nm_TT_0V8_25C_444p444MHz,fpmul,exp_bits=6;mantissa_bits=5;pipeline_stages=3,10nm,TT,0.8,25.0,2.25,444.44444444444446,6,5,3,V-2023.12-SP4,495,443,52,101.437442,69.488641,31.948802,0.10505050505050505,0.31496064342789715,1.81,0.22,0.0,0,V-2023.12-SP4,471,419,52,101.1,69.15,31.95,142.848,0.7077,0.11040339702760085,0.3160237388724036,0.95,1.18,0.0,0,V-2023.12-SP3,V-2023.12-SP4,0.216,0.128,0.00027,0.3442,0.344,0.7739999999999999,0.1062,0.02026,1.791e-05,0.1265,0.03489,0.01096,8.138000000000001e-05,0.045930000000000006,0.07490000000000001,0.09676,0.0001707,0.1718,0.0,0.0,0.0,0.0,0.0,0.0,0.0,0.0,0.0,0.0,0.0,0.0,0.0,0.0,0.0,0.0,vectored,random,2,2026-07-25T09:26:42+00:00
fpmul_6_5_5_10nm_TT_0V8_25C_444p444MHz,fpmul,exp_bits=6;mantissa_bits=5;pipeline_stages=5,10nm,TT,0.8,25.0,2.25,444.44444444444446,6,5,5,V-2023.12-SP4,550,470,80,122.019843,72.867841,49.152002,0.14545454545454545,0.4028197446541544,1.81,0.22,0.0,0,V-2023.12-SP4,527,447,80,121.93,72.78,49.15,172.3392,0.7075,0.15180265654648956,0.40310013942425976,0.95,1.17,0.0,0,V-2023.12-SP3,V-2023.12-SP4,0.2307,0.0837,0.00031769999999999997,0.3147,0.3144,0.7074,0.16469999999999999,0.02663,1.936e-05,0.1913,0.02308,0.005181,0.0001169,0.02838,0.04294,0.05189,0.0001814,0.09501,0.0,0.0,0.0,0.0,0.0,0.0,0.0,0.0,0.0,0.0,0.0,0.0,0.0,0.0,0.0,0.0,unvectored,none,2,2026-07-25T09:28:08+00:00
fpmul_6_5_5_10nm_TT_0V8_25C_444p444MHz,fpmul,exp_bits=6;mantissa_bits=5;pipeline_stages=5,10nm,TT,0.8,25.0,2.25,444.44444444444446,6,5,5,V-2023.12-SP4,550,470,80,122.019843,72.867841,49.152002,0.14545454545454545,0.4028197446541544,1.81,0.22,0.0,0,V-2023.12-SP4,527,447,80,121.93,72.78,49.15,172.3392,0.7075,0.15180265654648956,0.40310013942425976,0.95,1.17,0.0,0,V-2023.12-SP3,V-2023.12-SP4,0.2938,0.1375,0.0003295,0.4316,0.4313,0.9704250000000001,0.1646,0.02663,1.936e-05,0.1912,0.05059,0.01261,0.0001246,0.06333000000000001,0.07865,0.09820999999999999,0.00018549999999999998,0.177,0.0,0.0,0.0,0.0,0.0,0.0,0.0,0.0,0.0,0.0,0.0,0.0,0.0,0.0,0.0,0.0,vectored,random,2,2026-07-25T09:28:16+00:00
fpmul_8_10_3_20nm_TT_0V9_25C_166p667MHz,fpmul,exp_bits=8;mantissa_bits=10;pipeline_stages=3,20nm,TT,0.9,25.0,6.0,166.66666666666666,8,10,3,V-2023.12-SP4,1218,1138,80,724.415996,555.455997,168.959999,0.06568144499178982,0.2332361515109338,5.59,0.17,0.0,0,V-2023.12-SP4,1169,1089,80,711.64,542.68,168.96,1026.432,0.6933,0.06843455945252352,0.23742341633410152,2.87,2.89,0.0,0,V-2023.12-SP3,V-2023.12-SP4,0.1632,0.08383,0.0006779,0.2477,0.24703000000000003,1.48218,0.07721,0.0,0.0,0.07721,0.014709999999999999,0.0038160000000000004,0.00012020000000000001,0.01864,0.07129,0.08001,0.0005577,0.1519,0.0,0.0,0.0,0.0,0.0,0.0,0.0,0.0,0.0,0.0,0.0,0.0,0.0,0.0,0.0,0.0,unvectored,none,2,2026-07-25T09:28:58+00:00
fpmul_8_10_3_20nm_TT_0V9_25C_166p667MHz,fpmul,exp_bits=8;mantissa_bits=10;pipeline_stages=3,20nm,TT,0.9,25.0,6.0,166.66666666666666,8,10,3,V-2023.12-SP4,1218,1138,80,724.415996,555.455997,168.959999,0.06568144499178982,0.2332361515109338,5.59,0.17,0.0,0,V-2023.12-SP4,1169,1089,80,711.64,542.68,168.96,1026.432,0.6933,0.06843455945252352,0.23742341633410152,2.87,2.89,0.0,0,V-2023.12-SP3,V-2023.12-SP4,0.2783,0.2016,0.0007072,0.48050000000000004,0.4799,2.8794,0.07729,0.0,0.0,0.07729,0.03521,0.009470000000000001,0.0001409,0.04482,0.1657,0.19210000000000002,0.0005662,0.3584,0.0,0.0,0.0,0.0,0.0,0.0,0.0,0.0,0.0,0.0,0.0,0.0,0.0,0.0,0.0,0.0,vectored,random,2,2026-07-25T09:29:05+00:00
fpmul_8_10_5_20nm_TT_0V9_25C_285p714MHz,fpmul,exp_bits=8;mantissa_bits=10;pipeline_stages=5,20nm,TT,0.9,25.0,3.5,285.7142857142857,8,10,5,V-2023.12-SP4,1460,1338,122,892.953595,634.655997,258.297599,0.08356164383561644,0.28926206294068396,3.26,0.0,0.0,0,V-2023.12-SP4,1388,1266,122,879.65,621.98,257.66,1254.528,0.7012,0.08789625360230548,0.2929119536179163,1.62,1.64,0.0,0,V-2023.12-SP3,V-2023.12-SP4,0.3976,0.1851,0.015420000000000001,0.598,0.5827,2.03945,0.211,0.012140000000000001,3.483e-06,0.2232,0.03761,0.007267,0.0001836,0.045059999999999996,0.14889999999999998,0.1657,0.01523,0.3298,0.0,0.0,0.0,0.0,0.0,0.0,0.0,0.0,0.0,0.0,0.0,0.0,0.0,0.0,0.0,0.0,unvectored,none,2,2026-07-25T09:29:25+00:00
fpmul_8_10_5_20nm_TT_0V9_25C_285p714MHz,fpmul,exp_bits=8;mantissa_bits=10;pipeline_stages=5,20nm,TT,0.9,25.0,3.5,285.7142857142857,8,10,5,V-2023.12-SP4,1460,1338,122,892.953595,634.655997,258.297599,0.08356164383561644,0.28926206294068396,3.26,0.0,0.0,0,V-2023.12-SP4,1388,1266,122,879.65,621.98,257.66,1254.528,0.7012,0.08789625360230548,0.2929119536179163,1.62,1.64,0.0,0,V-2023.12-SP3,V-2023.12-SP4,0.6047,0.3781,0.015889999999999998,0.9986999999999999,0.9828,3.4398,0.21139999999999998,0.012140000000000001,3.483e-06,0.2235,0.08595,0.01781,0.0002128,0.104,0.3074,0.3482,0.01568,0.6713,0.0,0.0,0.0,0.0,0.0,0.0,0.0,0.0,0.0,0.0,0.0,0.0,0.0,0.0,0.0,0.0,vectored,random,2,2026-07-25T09:29:32+00:00
fpmul_6_12_2_10nm_TT_0V8_25C_333p333MHz,fpmul,exp_bits=6;mantissa_bits=12;pipeline_stages=2,10nm,TT,0.8,25.0,3.0,333.3333333333333,6,12,2,V-2023.12-SP4,1304,1245,59,231.874563,195.624962,36.249602,0.04524539877300614,0.15633280999434165,2.77,0.01,0.0,0,V-2023.12-SP4,1170,1111,59,220.6,184.35,36.25,327.7517,0.6731,0.05042735042735043,0.164324569356301,1.32,1.54,0.0,0,V-2023.12-SP3,V-2023.12-SP4,0.2069,0.1613,0.000588,0.3688,0.36819999999999997,1.1046,0.08608,0.01435,1.4999999999999999e-05,0.1004,0.013529999999999999,0.006094,8.598e-05,0.01971,0.1073,0.1409,0.00048699999999999997,0.24869999999999998,0.0,0.0,0.0,0.0,0.0,0.0,0.0,0.0,0.0,0.0,0.0,0.0,0.0,0.0,0.0,0.0,unvectored,none,2,2026-07-25T09:29:55+00:00
fpmul_6_12_2_10nm_TT_0V8_25C_333p333MHz,fpmul,exp_bits=6;mantissa_bits=12;pipeline_stages=2,10nm,TT,0.8,25.0,3.0,333.3333333333333,6,12,2,V-2023.12-SP4,1304,1245,59,231.874563,195.624962,36.249602,0.04524539877300614,0.15633280999434165,2.77,0.01,0.0,0,V-2023.12-SP4,1170,1111,59,220.6,184.35,36.25,327.7517,0.6731,0.05042735042735043,0.164324569356301,1.32,1.54,0.0,0,V-2023.12-SP3,V-2023.12-SP4,0.37520000000000003,0.3791,0.0005983,0.7549,0.7543,2.2629,0.08603999999999999,0.01435,1.4999999999999999e-05,0.1004,0.03556,0.01519,9.258e-05,0.05084,0.2536,0.3495,0.0004907000000000001,0.6037,0.0,0.0,0.0,0.0,0.0,0.0,0.0,0.0,0.0,0.0,0.0,0.0,0.0,0.0,0.0,0.0,vectored,random,2,2026-07-25T09:30:02+00:00
fpmul_8_10_5_20nm_TT_0V9_25C_166p667MHz,fpmul,exp_bits=8;mantissa_bits=10;pipeline_stages=5,20nm,TT,0.9,25.0,6.0,166.66666666666666,8,10,5,V-2023.12-SP4,1314,1192,122,829.382396,571.718397,257.663999,0.0928462709284627,0.31066972272703025,5.27,0.49,0.0,0,V-2023.12-SP4,1255,1133,122,813.96,555.88,258.09,1180.608,0.6894,0.09721115537848606,0.31707946336429305,2.87,2.9,0.0,0,V-2023.12-SP3,V-2023.12-SP4,0.2154,0.08757000000000001,0.0007642,0.3037,0.30297,1.8178200000000002,0.1182,0.0,0.0,0.1182,0.02205,0.004647,0.0001846,0.02688,0.07518,0.08292,0.0005796,0.1587,0.0,0.0,0.0,0.0,0.0,0.0,0.0,0.0,0.0,0.0,0.0,0.0,0.0,0.0,0.0,0.0,unvectored,none,2,2026-07-25T09:30:30+00:00
fpmul_8_10_5_20nm_TT_0V9_25C_166p667MHz,fpmul,exp_bits=8;mantissa_bits=10;pipeline_stages=5,20nm,TT,0.9,25.0,6.0,166.66666666666666,8,10,5,V-2023.12-SP4,1314,1192,122,829.382396,571.718397,257.663999,0.0928462709284627,0.31066972272703025,5.27,0.49,0.0,0,V-2023.12-SP4,1255,1133,122,813.96,555.88,258.09,1180.608,0.6894,0.09721115537848606,0.31707946336429305,2.87,2.9,0.0,0,V-2023.12-SP3,V-2023.12-SP4,0.3343,0.1985,0.0008052000000000001,0.5336,0.5327999999999999,3.1967999999999996,0.1183,0.0,0.0,0.1183,0.050559999999999994,0.011399999999999999,0.00021360000000000001,0.062180000000000006,0.1655,0.1871,0.0005915,0.3532,0.0,0.0,0.0,0.0,0.0,0.0,0.0,0.0,0.0,0.0,0.0,0.0,0.0,0.0,0.0,0.0,vectored,random,2,2026-07-25T09:30:37+00:00
fpmul_6_12_3_10nm_TT_0V8_25C_571p429MHz,fpmul,exp_bits=6;mantissa_bits=12;pipeline_stages=3,10nm,TT,0.8,25.0,1.75,571.4285714285714,6,12,3,V-2023.12-SP4,1489,1409,80,261.550084,211.353602,50.196482,0.053727333781061114,0.19191919663080664,1.54,0.0,0.0,0,V-2023.12-SP4,1378,1298,80,255.65,205.46,50.2,370.176,0.6906,0.05805515239477504,0.19636221396440445,0.7,0.84,0.0,0,V-2023.12-SP3,V-2023.12-SP4,0.44670000000000004,0.31629999999999997,0.003903,0.7669,0.763,1.33525,0.2071,0.029539999999999997,4.065e-05,0.2367,0.03087,0.011519999999999999,0.000116,0.0425,0.2087,0.27530000000000004,0.003747,0.48769999999999997,0.0,0.0,0.0,0.0,0.0,0.0,0.0,0.0,0.0,0.0,0.0,0.0,0.0,0.0,0.0,0.0,unvectored,none,2,2026-07-25T09:31:12+00:00
fpmul_6_12_3_10nm_TT_0V8_25C_571p429MHz,fpmul,exp_bits=6;mantissa_bits=12;pipeline_stages=3,10nm,TT,0.8,25.0,1.75,571.4285714285714,6,12,3,V-2023.12-SP4,1489,1409,80,261.550084,211.353602,50.196482,0.053727333781061114,0.19191919663080664,1.54,0.0,0.0,0,V-2023.12-SP4,1378,1298,80,255.65,205.46,50.2,370.176,0.6906,0.05805515239477504,0.19636221396440445,0.7,0.84,0.0,0,V-2023.12-SP3,V-2023.12-SP4,0.7793,0.7464999999999999,0.004504,1.5299999999999998,1.5257999999999998,2.6701499999999996,0.2079,0.029539999999999997,4.068e-05,0.2374,0.07442,0.0286,0.0001227,0.1031,0.49700000000000005,0.6884,0.004340999999999999,1.1900000000000002,0.0,0.0,0.0,0.0,0.0,0.0,0.0,0.0,0.0,0.0,0.0,0.0,0.0,0.0,0.0,0.0,vectored,random,2,2026-07-25T09:31:20+00:00
fpmul_6_12_3_10nm_TT_0V8_25C_333p333MHz,fpmul,exp_bits=6;mantissa_bits=12;pipeline_stages=3,10nm,TT,0.8,25.0,3.0,333.3333333333333,6,12,3,V-2023.12-SP4,1328,1248,80,248.463364,199.311362,49.152002,0.060240963855421686,0.19782394156105848,2.78,0.0,0.0,0,V-2023.12-SP4,1200,1120,80,236.42,187.27,49.15,353.7408,0.6683,0.06666666666666667,0.20789273327129684,1.32,1.55,0.0,0,V-2023.12-SP3,V-2023.12-SP4,0.23570000000000002,0.16899999999999998,0.0006244,0.4053,0.4047,1.2141,0.1066,0.01898,2.908e-06,0.1256,0.017900000000000003,0.006814000000000001,0.0001168,0.02484,0.1111,0.14320000000000002,0.0005048,0.2549,0.0,0.0,0.0,0.0,0.0,0.0,0.0,0.0,0.0,0.0,0.0,0.0,0.0,0.0,0.0,0.0,unvectored,none,2,2026-07-25T09:31:57+00:00
fpmul_6_12_3_10nm_TT_0V8_25C_333p333MHz,fpmul,exp_bits=6;mantissa_bits=12;pipeline_stages=3,10nm,TT,0.8,25.0,3.0,333.3333333333333,6,12,3,V-2023.12-SP4,1328,1248,80,248.463364,199.311362,49.152002,0.060240963855421686,0.19782394156105848,2.78,0.0,0.0,0,V-2023.12-SP4,1200,1120,80,236.42,187.27,49.15,353.7408,0.6683,0.06666666666666667,0.20789273327129684,1.32,1.55,0.0,0,V-2023.12-SP3,V-2023.12-SP4,0.41659999999999997,0.3948,0.000637,0.812,0.8113999999999999,2.4341999999999997,0.1066,0.01898,2.908e-06,0.1256,0.0449,0.016900000000000002,0.0001248,0.06192,0.2651,0.3589,0.0005093000000000001,0.6244999999999999,0.0,0.0,0.0,0.0,0.0,0.0,0.0,0.0,0.0,0.0,0.0,0.0,0.0,0.0,0.0,0.0,vectored,random,2,2026-07-25T09:32:05+00:00
fpmul_8_23_2_20nm_TT_0V9_25C_222p222MHz,fpmul,exp_bits=8;mantissa_bits=23;pipeline_stages=2,20nm,TT,0.9,25.0,4.5,222.22222222222223,8,23,2,V-2023.12-SP4,3364,3266,98,2107.459189,1900.27199,207.187199,0.029131985731272295,0.09831136948294185,4.26,0.0,0.0,0,V-2023.12-SP4,3290,3192,98,2122.45,1914.63,207.82,2980.032,0.7122,0.029787234042553193,0.09791514523310325,2.13,2.13,0.0,0,V-2023.12-SP3,V-2023.12-SP4,0.5663,0.4647,0.05364,1.085,1.0310000000000001,4.639500000000001,0.1419,0.01184,0.05155,0.2053,0.02508,0.006657,0.00014810000000000002,0.03189,0.3993,0.4462,0.0019429999999999998,0.8474,0.0,0.0,0.0,0.0,0.0,0.0,0.0,0.0,0.0,0.0,0.0,0.0,0.0,0.0,0.0,0.0,unvectored,none,2,2026-07-25T09:33:27+00:00
fpmul_8_23_2_20nm_TT_0V9_25C_137p931MHz,fpmul,exp_bits=8;mantissa_bits=23;pipeline_stages=2,20nm,TT,0.9,25.0,7.25,137.93103448275863,8,23,2,V-2023.12-SP4,3026,2928,98,2009.145589,1802.16959,206.975999,0.03238598810310641,0.10301692427526714,7.01,0.0,0.0,0,V-2023.12-SP4,2937,2839,98,2010.84,1803.44,207.4,2822.688,0.7124,0.033367381681988426,0.10314097591056474,3.5,3.51,0.0,0,V-2023.12-SP3,V-2023.12-SP4,0.3318,0.2664,0.0019199999999999998,0.6002,0.5982000000000001,4.336950000000001,0.08337,0.00532,6.9669999999999995e-06,0.0887,0.01552,0.0041659999999999996,0.0001473,0.01983,0.2329,0.2569,0.001766,0.49160000000000004,0.0,0.0,0.0,0.0,0.0,0.0,0.0,0.0,0.0,0.0,0.0,0.0,0.0,0.0,0.0,0.0,unvectored,none,2,2026-07-25T09:33:34+00:00
fpmul_8_23_2_20nm_TT_0V9_25C_222p222MHz,fpmul,exp_bits=8;mantissa_bits=23;pipeline_stages=2,20nm,TT,0.9,25.0,4.5,222.22222222222223,8,23,2,V-2023.12-SP4,3364,3266,98,2107.459189,1900.27199,207.187199,0.029131985731272295,0.09831136948294185,4.26,0.0,0.0,0,V-2023.12-SP4,3290,3192,98,2122.45,1914.63,207.82,2980.032,0.7122,0.029787234042553193,0.09791514523310325,2.13,2.13,0.0,0,V-2023.12-SP3,V-2023.12-SP4,0.8932,0.8578,0.05368,1.805,1.751,7.879499999999999,0.1422,0.01184,0.05155,0.20550000000000002,0.06323000000000001,0.01654,0.00017590000000000002,0.07994,0.6878,0.8294,0.001953,1.519,0.0,0.0,0.0,0.0,0.0,0.0,0.0,0.0,0.0,0.0,0.0,0.0,0.0,0.0,0.0,0.0,vectored,random,2,2026-07-25T09:33:35+00:00
fpmul_8_23_2_20nm_TT_0V9_25C_137p931MHz,fpmul,exp_bits=8;mantissa_bits=23;pipeline_stages=2,20nm,TT,0.9,25.0,7.25,137.93103448275863,8,23,2,V-2023.12-SP4,3026,2928,98,2009.145589,1802.16959,206.975999,0.03238598810310641,0.10301692427526714,7.01,0.0,0.0,0,V-2023.12-SP4,2937,2839,98,2010.84,1803.44,207.4,2822.688,0.7124,0.033367381681988426,0.10314097591056474,3.5,3.51,0.0,0,V-2023.12-SP3,V-2023.12-SP4,0.5267,0.501,0.001957,1.03,1.0276999999999998,7.450824999999999,0.08352,0.00532,6.9669999999999995e-06,0.08885,0.039700000000000006,0.0104,0.0001751,0.05028,0.40349999999999997,0.48529999999999995,0.0017749999999999999,0.8905000000000001,0.0,0.0,0.0,0.0,0.0,0.0,0.0,0.0,0.0,0.0,0.0,0.0,0.0,0.0,0.0,0.0,vectored,random,2,2026-07-25T09:33:42+00:00
fpmul_6_12_5_10nm_TT_0V8_25C_333p333MHz,fpmul,exp_bits=6;mantissa_bits=12;pipeline_stages=5,10nm,TT,0.8,25.0,3.0,333.3333333333333,6,12,5,V-2023.12-SP4,1430,1308,122,278.323205,203.366402,74.956804,0.08531468531468532,0.26931568282278157,2.77,0.01,0.0,0,V-2023.12-SP4,1314,1192,122,267.72,192.77,74.96,390.1133,0.6863,0.0928462709284627,0.2799940236067533,1.32,1.55,0.0,0,V-2023.12-SP3,V-2023.12-SP4,0.30610000000000004,0.1827,0.0007105,0.48939999999999995,0.4888,1.4664000000000001,0.1657,0.02993,7.997e-06,0.19560000000000002,0.026619999999999998,0.007429000000000001,0.0001783,0.03422,0.1138,0.1453,0.0005242,0.2596,0.0,0.0,0.0,0.0,0.0,0.0,0.0,0.0,0.0,0.0,0.0,0.0,0.0,0.0,0.0,0.0,unvectored,none,2,2026-07-25T09:34:29+00:00
fpmul_6_12_5_10nm_TT_0V8_25C_333p333MHz,fpmul,exp_bits=6;mantissa_bits=12;pipeline_stages=5,10nm,TT,0.8,25.0,3.0,333.3333333333333,6,12,5,V-2023.12-SP4,1430,1308,122,278.323205,203.366402,74.956804,0.08531468531468532,0.26931568282278157,2.77,0.01,0.0,0,V-2023.12-SP4,1314,1192,122,267.72,192.77,74.96,390.1133,0.6863,0.0928462709284627,0.2799940236067533,1.32,1.55,0.0,0,V-2023.12-SP3,V-2023.12-SP4,0.5009,0.4115,0.0007281,0.9131,0.9124,2.7372,0.1656,0.02993,7.997e-06,0.19560000000000002,0.06251,0.01823,0.0001895,0.08093,0.2727,0.3634,0.0005306000000000001,0.6367,0.0,0.0,0.0,0.0,0.0,0.0,0.0,0.0,0.0,0.0,0.0,0.0,0.0,0.0,0.0,0.0,vectored,random,2,2026-07-25T09:34:37+00:00
fpmul_7_15_2_10nm_TT_0V8_25C_500MHz,fpmul,exp_bits=7;mantissa_bits=15;pipeline_stages=2,10nm,TT,0.8,25.0,2.0,500.0,7,15,2,V-2023.12-SP4,2007,1936,71,342.804485,299.120643,43.683842,0.03537618335824614,0.1274307773423676,1.78,0.0,0.0,0,V-2023.12-SP4,1833,1762,71,329.69,286.0,43.68,483.287,0.6822,0.03873431533006001,0.13248809487700566,0.82,0.96,0.0,0,V-2023.12-SP3,V-2023.12-SP4,0.4376,0.38029999999999997,0.0008763,0.8187,0.8179,1.6358,0.1517,0.01501,1.719e-05,0.16670000000000001,0.024620000000000003,0.01261,0.0001071,0.03734,0.2612,0.3526,0.0007521,0.6145999999999999,0.0,0.0,0.0,0.0,0.0,0.0,0.0,0.0,0.0,0.0,0.0,0.0,0.0,0.0,0.0,0.0,unvectored,none,2,2026-07-25T09:35:30+00:00
fpmul_7_15_2_10nm_TT_0V8_25C_500MHz,fpmul,exp_bits=7;mantissa_bits=15;pipeline_stages=2,10nm,TT,0.8,25.0,2.0,500.0,7,15,2,V-2023.12-SP4,2007,1936,71,342.804485,299.120643,43.683842,0.03537618335824614,0.1274307773423676,1.78,0.0,0.0,0,V-2023.12-SP4,1833,1762,71,329.69,286.0,43.68,483.287,0.6822,0.03873431533006001,0.13248809487700566,0.82,0.96,0.0,0,V-2023.12-SP3,V-2023.12-SP4,0.8411,0.9395,0.0008882,1.782,1.7806,3.5612,0.1516,0.01501,1.7179999999999998e-05,0.16670000000000001,0.0663,0.031420000000000003,0.0001149,0.09784,0.6232,0.8931,0.0007561,1.517,0.0,0.0,0.0,0.0,0.0,0.0,0.0,0.0,0.0,0.0,0.0,0.0,0.0,0.0,0.0,0.0,vectored,random,2,2026-07-25T09:35:37+00:00
fpmul_8_23_3_20nm_TT_0V9_25C_133p333MHz,fpmul,exp_bits=8;mantissa_bits=23;pipeline_stages=3,20nm,TT,0.9,25.0,7.5,133.33333333333334,8,23,3,V-2023.12-SP4,3048,2916,132,2090.457589,1811.46239,278.995198,0.04330708661417323,0.13346130505975073,7.26,0.0,0.0,0,V-2023.12-SP4,2985,2853,132,2110.94,1831.74,279.21,2965.6704,0.7118,0.044221105527638194,0.1322680890977479,3.63,3.63,0.0,0,V-2023.12-SP3,V-2023.12-SP4,0.3519,0.26180000000000003,0.05355,0.6671999999999999,0.6137,4.60275,0.1081,0.008327,0.05155,0.1679,0.019639999999999998,0.004707,0.0001988,0.02455,0.2241,0.24869999999999998,0.001803,0.4747,0.0,0.0,0.0,0.0,0.0,0.0,0.0,0.0,0.0,0.0,0.0,0.0,0.0,0.0,0.0,0.0,unvectored,none,2,2026-07-25T09:37:21+00:00
fpmul_8_23_3_20nm_TT_0V9_25C_133p333MHz,fpmul,exp_bits=8;mantissa_bits=23;pipeline_stages=3,20nm,TT,0.9,25.0,7.5,133.33333333333334,8,23,3,V-2023.12-SP4,3048,2916,132,2090.457589,1811.46239,278.995198,0.04330708661417323,0.13346130505975073,7.26,0.0,0.0,0,V-2023.12-SP4,2985,2853,132,2110.94,1831.74,279.21,2965.6704,0.7118,0.044221105527638194,0.1322680890977479,3.63,3.63,0.0,0,V-2023.12-SP3,V-2023.12-SP4,0.5543,0.503,0.05359,1.111,1.0573000000000001,7.929750000000001,0.1082,0.008327,0.05155,0.1681,0.04713,0.011640000000000001,0.00023260000000000002,0.059,0.399,0.4831,0.001815,0.8838,0.0,0.0,0.0,0.0,0.0,0.0,0.0,0.0,0.0,0.0,0.0,0.0,0.0,0.0,0.0,0.0,vectored,random,2,2026-07-25T09:37:29+00:00
fpmul_7_15_3_10nm_TT_0V8_25C_307p692MHz,fpmul,exp_bits=7;mantissa_bits=15;pipeline_stages=3,10nm,TT,0.8,25.0,3.25,307.6923076923077,7,15,3,V-2023.12-SP4,1851,1755,96,345.231366,286.248963,58.982403,0.05186385737439222,0.17084891121972967,3.03,0.0,0.0,0,V-2023.12-SP4,1722,1626,96,335.12,276.14,58.98,485.0381,0.6909,0.05574912891986063,0.17599665791358318,1.45,1.67,0.0,0,V-2023.12-SP3,V-2023.12-SP4,0.3076,0.2294,0.0008810000000000001,0.5378,0.5369999999999999,1.7452499999999997,0.132,0.0206,1.381e-05,0.15259999999999999,0.01991,0.008494,0.00014000000000000001,0.028540000000000003,0.15569999999999998,0.20029999999999998,0.0007272,0.3567,0.0,0.0,0.0,0.0,0.0,0.0,0.0,0.0,0.0,0.0,0.0,0.0,0.0,0.0,0.0,0.0,unvectored,none,2,2026-07-25T09:38:10+00:00
fpmul_8_23_5_20nm_TT_0V9_25C_133p333MHz,fpmul,exp_bits=8;mantissa_bits=23;pipeline_stages=5,20nm,TT,0.9,25.0,7.5,133.33333333333334,8,23,5,V-2023.12-SP4,3269,3069,200,2278.742388,1856.34239,422.399998,0.06118078923218109,0.1853654016462698,7.25,0.0,0.0,0,V-2023.12-SP4,3150,2950,200,2283.39,1860.57,422.82,3238.9632,0.705,0.06349206349206349,0.1851720468251153,3.63,3.63,0.0,0,V-2023.12-SP3,V-2023.12-SP4,0.4369,0.2788,0.0537,0.7694000000000001,0.7157,5.36775,0.1763,0.01959,0.05158,0.2474,0.029070000000000002,0.005621,0.0003019,0.034999999999999996,0.2316,0.2536,0.001827,0.48700000000000004,0.0,0.0,0.0,0.0,0.0,0.0,0.0,0.0,0.0,0.0,0.0,0.0,0.0,0.0,0.0,0.0,unvectored,none,2,2026-07-25T09:38:16+00:00
fpmul_7_15_3_10nm_TT_0V8_25C_307p692MHz,fpmul,exp_bits=7;mantissa_bits=15;pipeline_stages=3,10nm,TT,0.8,25.0,3.25,307.6923076923077,7,15,3,V-2023.12-SP4,1851,1755,96,345.231366,286.248963,58.982403,0.05186385737439222,0.17084891121972967,3.03,0.0,0.0,0,V-2023.12-SP4,1722,1626,96,335.12,276.14,58.98,485.0381,0.6909,0.05574912891986063,0.17599665791358318,1.45,1.67,0.0,0,V-2023.12-SP3,V-2023.12-SP4,0.5647,0.5548000000000001,0.0008953,1.1199999999999999,1.1195,3.638375,0.13190000000000002,0.0206,1.381e-05,0.15259999999999999,0.05209,0.02113,0.0001497,0.07336999999999999,0.3807,0.5131,0.0007318,0.8945,0.0,0.0,0.0,0.0,0.0,0.0,0.0,0.0,0.0,0.0,0.0,0.0,0.0,0.0,0.0,0.0,vectored,random,2,2026-07-25T09:38:18+00:00
fpmul_8_23_5_20nm_TT_0V9_25C_133p333MHz,fpmul,exp_bits=8;mantissa_bits=23;pipeline_stages=5,20nm,TT,0.9,25.0,7.5,133.33333333333334,8,23,5,V-2023.12-SP4,3269,3069,200,2278.742388,1856.34239,422.399998,0.06118078923218109,0.1853654016462698,7.25,0.0,0.0,0,V-2023.12-SP4,3150,2950,200,2283.39,1860.57,422.82,3238.9632,0.705,0.06349206349206349,0.1851720468251153,3.63,3.63,0.0,0,V-2023.12-SP3,V-2023.12-SP4,0.6345,0.4929,0.053770000000000005,1.181,1.1274,8.455499999999999,0.1764,0.01959,0.05158,0.24760000000000001,0.06705,0.013819999999999999,0.0003479,0.08122,0.391,0.4595,0.001846,0.8524,0.0,0.0,0.0,0.0,0.0,0.0,0.0,0.0,0.0,0.0,0.0,0.0,0.0,0.0,0.0,0.0,vectored,random,2,2026-07-25T09:38:24+00:00
fpmul_7_15_5_10nm_TT_0V8_25C_333p333MHz,fpmul,exp_bits=7;mantissa_bits=15;pipeline_stages=5,10nm,TT,0.8,25.0,3.0,333.3333333333333,7,15,5,V-2023.12-SP4,1978,1832,146,382.986247,293.283843,89.702404,0.07381193124368049,0.2342183425714501,2.78,0.0,0.0,0,V-2023.12-SP4,1865,1719,146,375.0,285.3,89.7,538.2144,0.6967,0.07828418230563003,0.2392,1.32,1.53,0.0,0,V-2023.12-SP3,V-2023.12-SP4,0.4249,0.2689,0.0009961,0.6948,0.6938,2.0814,0.2167,0.033769999999999994,2.71e-05,0.2505,0.03195,0.01003,0.00021339999999999998,0.04219,0.1762,0.2251,0.0007556,0.402,0.0,0.0,0.0,0.0,0.0,0.0,0.0,0.0,0.0,0.0,0.0,0.0,0.0,0.0,0.0,0.0,unvectored,none,2,2026-07-25T09:40:21+00:00
fpmul_7_15_5_10nm_TT_0V8_25C_333p333MHz,fpmul,exp_bits=7;mantissa_bits=15;pipeline_stages=5,10nm,TT,0.8,25.0,3.0,333.3333333333333,7,15,5,V-2023.12-SP4,1978,1832,146,382.986247,293.283843,89.702404,0.07381193124368049,0.2342183425714501,2.78,0.0,0.0,0,V-2023.12-SP4,1865,1719,146,375.0,285.3,89.7,538.2144,0.6967,0.07828418230563003,0.2392,1.32,1.53,0.0,0,V-2023.12-SP3,V-2023.12-SP4,0.7154,0.6262000000000001,0.0010160000000000002,1.343,1.3416000000000001,4.024800000000001,0.21660000000000001,0.033769999999999994,2.71e-05,0.2504,0.07551999999999999,0.02466,0.0002269,0.1004,0.4233,0.5678000000000001,0.0007623,0.9919,0.0,0.0,0.0,0.0,0.0,0.0,0.0,0.0,0.0,0.0,0.0,0.0,0.0,0.0,0.0,0.0,vectored,random,2,2026-07-25T09:40:30+00:00
fpmul_9_31_2_10nm_TT_0V8_25C_266p667MHz,fpmul,exp_bits=9;mantissa_bits=31;pipeline_stages=2,10nm,TT,0.8,25.0,3.75,266.6666666666667,9,31,2,V-2023.12-SP4,4571,4446,125,930.447379,853.585935,76.861444,0.02734631371691096,0.08260697567078644,3.53,0.0,0.0,0,V-2023.12-SP4,4184,4059,125,894.63,817.77,76.86,1313.8944,0.6809,0.02987571701720841,0.08591261191777606,1.7,1.83,0.0,0,V-2023.12-SP3,V-2023.12-SP4,0.6152,0.6217,0.0022689999999999997,1.239,1.2368999999999999,4.638375,0.1255,0.009151,2.382e-06,0.1347,0.023280000000000002,0.008688000000000001,0.00018570000000000001,0.032150000000000005,0.4664,0.6039,0.002081,1.072,0.0,0.0,0.0,0.0,0.0,0.0,0.0,0.0,0.0,0.0,0.0,0.0,0.0,0.0,0.0,0.0,unvectored,none,2,2026-07-25T09:43:26+00:00
fpmul_9_31_2_10nm_TT_0V8_25C_266p667MHz,fpmul,exp_bits=9;mantissa_bits=31;pipeline_stages=2,10nm,TT,0.8,25.0,3.75,266.6666666666667,9,31,2,V-2023.12-SP4,4571,4446,125,930.447379,853.585935,76.861444,0.02734631371691096,0.08260697567078644,3.53,0.0,0.0,0,V-2023.12-SP4,4184,4059,125,894.63,817.77,76.86,1313.8944,0.6809,0.02987571701720841,0.08591261191777606,1.7,1.83,0.0,0,V-2023.12-SP3,V-2023.12-SP4,1.052,1.217,0.00229,2.27,2.269,8.508750000000001,0.1254,0.009151,2.382e-06,0.1346,0.062299999999999994,0.02157,0.0001993,0.08407,0.8639,1.186,0.002088,2.052,0.0,0.0,0.0,0.0,0.0,0.0,0.0,0.0,0.0,0.0,0.0,0.0,0.0,0.0,0.0,0.0,vectored,random,2,2026-07-25T09:43:34+00:00
fpmul_3_2_2_5nm_TT_0V7_25C_1000MHz,fpmul,exp_bits=3;mantissa_bits=2;pipeline_stages=2,5nm,TT,0.7,25.0,1.0,1000.0,3,2,2,V-2023.12-SP4,205,185,20,10.2732,6.9132,3.36,0.0975609756097561,0.3270645952575634,0.74,0.04,0.0,0,V-2023.12-SP4,190,170,20,9.65,6.29,3.36,14.0448,0.6872,0.10526315789473684,0.3481865284974093,0.32,0.47,0.0,0,V-2023.12-SP3,V-2023.12-SP4,0.07833999999999999,0.03438,8.258e-05,0.1128,0.11271999999999999,0.11271999999999999,0.048319999999999995,0.0,0.0,0.048319999999999995,0.009795,0.002937,3.702e-05,0.01277,0.02023,0.031439999999999996,4.555e-05,0.05172,0.0,0.0,0.0,0.0,0.0,0.0,0.0,0.0,0.0,0.0,0.0,0.0,0.0,0.0,0.0,0.0,unvectored,none,2,2026-07-25T09:43:52+00:00
fpmul_3_2_2_5nm_TT_0V7_25C_1000MHz,fpmul,exp_bits=3;mantissa_bits=2;pipeline_stages=2,5nm,TT,0.7,25.0,1.0,1000.0,3,2,2,V-2023.12-SP4,205,185,20,10.2732,6.9132,3.36,0.0975609756097561,0.3270645952575634,0.74,0.04,0.0,0,V-2023.12-SP4,190,170,20,9.65,6.29,3.36,14.0448,0.6872,0.10526315789473684,0.3481865284974093,0.32,0.47,0.0,0,V-2023.12-SP3,V-2023.12-SP4,0.1154,0.07393000000000001,8.052e-05,0.18939999999999999,0.18933,0.18933,0.04859,0.0,0.0,0.04859,0.023459999999999998,0.007316,3.391e-05,0.030809999999999997,0.04332,0.06662,4.6609999999999996e-05,0.11,0.0,0.0,0.0,0.0,0.0,0.0,0.0,0.0,0.0,0.0,0.0,0.0,0.0,0.0,0.0,0.0,vectored,random,2,2026-07-25T09:43:59+00:00
fpmul_11_52_2_20nm_TT_0V9_25C_108p108MHz,fpmul,exp_bits=11;mantissa_bits=52;pipeline_stages=2,20nm,TT,0.9,25.0,9.25,108.10810810810811,11,52,2,V-2023.12-SP4,9678,9484,194,7223.673561,6813.311963,410.361598,0.020045463938830336,0.056807882379335005,9.03,0.0,0.0,0,V-2023.12-SP4,9419,9225,194,7317.02,6906.24,410.78,10232.0064,0.7151,0.020596666312772058,0.05614034128648001,4.52,4.49,0.0,0,V-2023.12-SP3,V-2023.12-SP4,0.9534,0.86,0.1616,1.975,1.8134000000000001,16.773950000000003,0.14889999999999998,0.01121,0.1546,0.3147,0.024300000000000002,0.01079,0.0002915,0.03539,0.7803,0.838,0.006686999999999999,1.625,0.0,0.0,0.0,0.0,0.0,0.0,0.0,0.0,0.0,0.0,0.0,0.0,0.0,0.0,0.0,0.0,unvectored,none,2,2026-07-25T09:44:27+00:00
fpmul_11_52_2_20nm_TT_0V9_25C_108p108MHz,fpmul,exp_bits=11;mantissa_bits=52;pipeline_stages=2,20nm,TT,0.9,25.0,9.25,108.10810810810811,11,52,2,V-2023.12-SP4,9678,9484,194,7223.673561,6813.311963,410.361598,0.020045463938830336,0.056807882379335005,9.03,0.0,0.0,0,V-2023.12-SP4,9419,9225,194,7317.02,6906.24,410.78,10232.0064,0.7151,0.020596666312772058,0.05614034128648001,4.52,4.49,0.0,0,V-2023.12-SP3,V-2023.12-SP4,1.5299999999999998,1.5839999999999999,0.1617,3.276,3.114,28.804499999999997,0.149,0.01121,0.1546,0.3148,0.06185,0.0268,0.00034770000000000005,0.089,1.32,1.546,0.006705,2.872,0.0,0.0,0.0,0.0,0.0,0.0,0.0,0.0,0.0,0.0,0.0,0.0,0.0,0.0,0.0,0.0,vectored,random,2,2026-07-25T09:44:36+00:00
fpmul_3_2_2_5nm_TT_0V7_25C_666p667MHz,fpmul,exp_bits=3;mantissa_bits=2;pipeline_stages=2,5nm,TT,0.7,25.0,1.5,666.6666666666666,3,2,2,V-2023.12-SP4,189,169,20,9.7692,6.4092,3.36,0.10582010582010581,0.34393809114359414,0.75,0.53,0.0,0,V-2023.12-SP4,181,161,20,9.25,5.89,3.36,13.6752,0.6763,0.11049723756906077,0.36324324324324325,0.57,0.72,0.0,0,V-2023.12-SP3,V-2023.12-SP4,0.05134,0.02129,7.952e-05,0.07271,0.07263,0.108945,0.03222,0.0,0.0,0.03222,0.006523,0.001964,3.703e-05,0.008524,0.01259,0.01933,4.2499999999999996e-05,0.03196,0.0,0.0,0.0,0.0,0.0,0.0,0.0,0.0,0.0,0.0,0.0,0.0,0.0,0.0,0.0,0.0,unvectored,none,2,2026-07-25T09:45:57+00:00
fpmul_3_2_2_5nm_TT_0V7_25C_666p667MHz,fpmul,exp_bits=3;mantissa_bits=2;pipeline_stages=2,5nm,TT,0.7,25.0,1.5,666.6666666666666,3,2,2,V-2023.12-SP4,189,169,20,9.7692,6.4092,3.36,0.10582010582010581,0.34393809114359414,0.75,0.53,0.0,0,V-2023.12-SP4,181,161,20,9.25,5.89,3.36,13.6752,0.6763,0.11049723756906077,0.36324324324324325,0.57,0.72,0.0,0,V-2023.12-SP3,V-2023.12-SP4,0.07497,0.04614,7.748e-05,0.1212,0.12111,0.181665,0.0324,0.0,0.0,0.0324,0.015290000000000002,0.004886000000000001,3.389e-05,0.020210000000000002,0.02728,0.04125,4.359e-05,0.06857,0.0,0.0,0.0,0.0,0.0,0.0,0.0,0.0,0.0,0.0,0.0,0.0,0.0,0.0,0.0,0.0,vectored,random,2,2026-07-25T09:46:04+00:00
fpmul_3_2_3_5nm_TT_0V7_25C_1000MHz,fpmul,exp_bits=3;mantissa_bits=2;pipeline_stages=3,5nm,TT,0.7,25.0,1.0,1000.0,3,2,3,V-2023.12-SP4,221,193,28,11.9532,7.2492,4.704,0.12669683257918551,0.3935347856640899,0.74,0.04,0.0,0,V-2023.12-SP4,205,177,28,11.31,6.61,4.7,16.5312,0.6845,0.13658536585365855,0.41556145004420864,0.32,0.47,0.0,0,V-2023.12-SP3,V-2023.12-SP4,0.10239999999999999,0.03537,0.00010010000000000001,0.1379,0.13777,0.13777,0.06741,0.0,0.0,0.06741,0.01341,0.003323,5.1790000000000004e-05,0.01678,0.02159,0.03204,4.83e-05,0.05368,0.0,0.0,0.0,0.0,0.0,0.0,0.0,0.0,0.0,0.0,0.0,0.0,0.0,0.0,0.0,0.0,unvectored,none,2,2026-07-25T09:46:19+00:00
fpmul_3_2_3_5nm_TT_0V7_25C_666p667MHz,fpmul,exp_bits=3;mantissa_bits=2;pipeline_stages=3,5nm,TT,0.7,25.0,1.5,666.6666666666666,3,2,3,V-2023.12-SP4,213,185,28,11.6676,6.9636,4.704,0.13145539906103287,0.40316774658027354,0.77,0.51,0.0,0,V-2023.12-SP4,199,171,28,11.1,6.39,4.7,16.3296,0.6795,0.1407035175879397,0.42342342342342343,0.57,0.72,0.0,0,V-2023.12-SP3,V-2023.12-SP4,0.06771,0.022269999999999998,9.841e-05,0.09008000000000001,0.08998,0.13497,0.0449,0.0,0.0,0.0449,0.008938,0.002223,5.176e-05,0.01121,0.013869999999999999,0.02005,4.664e-05,0.03397,0.0,0.0,0.0,0.0,0.0,0.0,0.0,0.0,0.0,0.0,0.0,0.0,0.0,0.0,0.0,0.0,unvectored,none,2,2026-07-25T09:46:24+00:00
fpmul_3_2_3_5nm_TT_0V7_25C_1000MHz,fpmul,exp_bits=3;mantissa_bits=2;pipeline_stages=3,5nm,TT,0.7,25.0,1.0,1000.0,3,2,3,V-2023.12-SP4,221,193,28,11.9532,7.2492,4.704,0.12669683257918551,0.3935347856640899,0.74,0.04,0.0,0,V-2023.12-SP4,205,177,28,11.31,6.61,4.7,16.5312,0.6845,0.13658536585365855,0.41556145004420864,0.32,0.47,0.0,0,V-2023.12-SP3,V-2023.12-SP4,0.14320000000000002,0.07554999999999999,9.733e-05,0.2189,0.21875,0.21875,0.06777,0.0,0.0,0.06777,0.03053,0.008142,4.768e-05,0.038720000000000004,0.04494,0.06741,4.965e-05,0.1124,0.0,0.0,0.0,0.0,0.0,0.0,0.0,0.0,0.0,0.0,0.0,0.0,0.0,0.0,0.0,0.0,vectored,random,2,2026-07-25T09:46:26+00:00
fpmul_3_2_3_5nm_TT_0V7_25C_666p667MHz,fpmul,exp_bits=3;mantissa_bits=2;pipeline_stages=3,5nm,TT,0.7,25.0,1.5,666.6666666666666,3,2,3,V-2023.12-SP4,213,185,28,11.6676,6.9636,4.704,0.13145539906103287,0.40316774658027354,0.77,0.51,0.0,0,V-2023.12-SP4,199,171,28,11.1,6.39,4.7,16.3296,0.6795,0.1407035175879397,0.42342342342342343,0.57,0.72,0.0,0,V-2023.12-SP3,V-2023.12-SP4,0.09433,0.04833,9.570000000000001e-05,0.1428,0.14266,0.21399,0.04514,0.0,0.0,0.04514,0.02011,0.005443,4.765e-05,0.02561,0.029070000000000002,0.04289,4.8049999999999996e-05,0.07200999999999999,0.0,0.0,0.0,0.0,0.0,0.0,0.0,0.0,0.0,0.0,0.0,0.0,0.0,0.0,0.0,0.0,vectored,random,2,2026-07-25T09:46:31+00:00
fpmul_3_2_5_5nm_TT_0V7_25C_1000MHz,fpmul,exp_bits=3;mantissa_bits=2;pipeline_stages=5,5nm,TT,0.7,25.0,1.0,1000.0,3,2,5,V-2023.12-SP4,253,209,44,15.3132,7.9212,7.392,0.17391304347826086,0.48272078990674716,0.74,0.04,0.0,0,V-2023.12-SP4,238,194,44,14.69,7.3,7.39,21.0924,0.6965,0.18487394957983194,0.5030633083730429,0.32,0.47,0.0,0,V-2023.12-SP3,V-2023.12-SP4,0.14980000000000002,0.03739,0.0001354,0.1873,0.18719000000000002,0.18719000000000002,0.10490000000000001,0.0,0.0,0.10490000000000001,0.02064,0.004212,8.115999999999999e-05,0.02493,0.02426,0.033179999999999994,5.424e-05,0.0575,0.0,0.0,0.0,0.0,0.0,0.0,0.0,0.0,0.0,0.0,0.0,0.0,0.0,0.0,0.0,0.0,unvectored,none,2,2026-07-25T09:48:33+00:00
fpmul_3_2_5_5nm_TT_0V7_25C_1000MHz,fpmul,exp_bits=3;mantissa_bits=2;pipeline_stages=5,5nm,TT,0.7,25.0,1.0,1000.0,3,2,5,V-2023.12-SP4,253,209,44,15.3132,7.9212,7.392,0.17391304347826086,0.48272078990674716,0.74,0.04,0.0,0,V-2023.12-SP4,238,194,44,14.69,7.3,7.39,21.0924,0.6965,0.18487394957983194,0.5030633083730429,0.32,0.47,0.0,0,V-2023.12-SP3,V-2023.12-SP4,0.19870000000000002,0.07926,0.0001315,0.27809999999999996,0.27796,0.27796,0.1054,0.0,0.0,0.1054,0.0446,0.01007,7.527e-05,0.054740000000000004,0.04875,0.06919,5.62e-05,0.118,0.0,0.0,0.0,0.0,0.0,0.0,0.0,0.0,0.0,0.0,0.0,0.0,0.0,0.0,0.0,0.0,vectored,random,2,2026-07-25T09:48:40+00:00
fpmul_3_2_5_5nm_TT_0V7_25C_666p667MHz,fpmul,exp_bits=3;mantissa_bits=2;pipeline_stages=5,5nm,TT,0.7,25.0,1.5,666.6666666666666,3,2,5,V-2023.12-SP4,243,199,44,15.0024,7.6104,7.392,0.18106995884773663,0.49272116461366183,0.76,0.52,0.0,0,V-2023.12-SP4,230,186,44,14.46,7.06,7.39,20.8656,0.6928,0.19130434782608696,0.5110650069156293,0.57,0.72,0.0,0,V-2023.12-SP3,V-2023.12-SP4,0.09925,0.023540000000000002,0.00013370000000000002,0.12290000000000001,0.12279000000000001,0.18418500000000002,0.06978999999999999,0.0,0.0,0.06978999999999999,0.01374,0.002814,8.121e-05,0.01663,0.015719999999999998,0.02073,5.25e-05,0.0365,0.0,0.0,0.0,0.0,0.0,0.0,0.0,0.0,0.0,0.0,0.0,0.0,0.0,0.0,0.0,0.0,unvectored,none,2,2026-07-25T09:48:54+00:00
fpmul_3_2_5_5nm_TT_0V7_25C_666p667MHz,fpmul,exp_bits=3;mantissa_bits=2;pipeline_stages=5,5nm,TT,0.7,25.0,1.5,666.6666666666666,3,2,5,V-2023.12-SP4,243,199,44,15.0024,7.6104,7.392,0.18106995884773663,0.49272116461366183,0.76,0.52,0.0,0,V-2023.12-SP4,230,186,44,14.46,7.06,7.39,20.8656,0.6928,0.19130434782608696,0.5110650069156293,0.57,0.72,0.0,0,V-2023.12-SP3,V-2023.12-SP4,0.1306,0.049190000000000005,0.0001298,0.1799,0.17979,0.269685,0.07013,0.0,0.0,0.07013,0.02878,0.0067209999999999995,7.523000000000001e-05,0.03558,0.03166,0.04247,5.452e-05,0.07418,0.0,0.0,0.0,0.0,0.0,0.0,0.0,0.0,0.0,0.0,0.0,0.0,0.0,0.0,0.0,0.0,vectored,random,2,2026-07-25T09:49:01+00:00
fpmul_9_31_5_10nm_TT_0V8_25C_266p667MHz,fpmul,exp_bits=9;mantissa_bits=31;pipeline_stages=5,10nm,TT,0.8,25.0,3.75,266.6666666666667,9,31,5,V-2023.12-SP4,4969,4715,254,1021.562902,865.505294,156.057607,0.051116924934594486,0.15276358087639325,3.53,0.0,0.0,0,V-2023.12-SP4,4653,4399,254,995.85,839.79,156.06,1450.6906,0.6865,0.054588437567160975,0.15671034794396746,1.7,1.91,0.0,0,V-2023.12-SP3,V-2023.12-SP4,0.7998999999999999,0.6821,0.05206,1.534,1.482,5.5575,0.27849999999999997,0.05165,2.585e-05,0.3302,0.04469,0.01027,0.00037119999999999997,0.05533,0.4767,0.6202,0.05166,1.149,0.0,0.0,0.0,0.0,0.0,0.0,0.0,0.0,0.0,0.0,0.0,0.0,0.0,0.0,0.0,0.0,unvectored,none,2,2026-07-25T09:49:50+00:00
fpmul_9_31_5_10nm_TT_0V8_25C_266p667MHz,fpmul,exp_bits=9;mantissa_bits=31;pipeline_stages=5,10nm,TT,0.8,25.0,3.75,266.6666666666667,9,31,5,V-2023.12-SP4,4969,4715,254,1021.562902,865.505294,156.057607,0.051116924934594486,0.15276358087639325,3.53,0.0,0.0,0,V-2023.12-SP4,4653,4399,254,995.85,839.79,156.06,1450.6906,0.6865,0.054588437567160975,0.15671034794396746,1.7,1.91,0.0,0,V-2023.12-SP3,V-2023.12-SP4,1.24,1.254,0.05291,2.548,2.4939999999999998,9.3525,0.2784,0.05165,2.585e-05,0.3301,0.1067,0.02518,0.0003939,0.1323,0.8551,1.178,0.05249,2.085,0.0,0.0,0.0,0.0,0.0,0.0,0.0,0.0,0.0,0.0,0.0,0.0,0.0,0.0,0.0,0.0,vectored,random,2,2026-07-25T09:49:59+00:00
fpmul_11_52_3_20nm_TT_0V9_25C_108p108MHz,fpmul,exp_bits=11;mantissa_bits=52;pipeline_stages=3,20nm,TT,0.9,25.0,9.25,108.10810810810811,11,52,3,V-2023.12-SP4,9685,9425,260,7388.30396,6839.183963,549.119997,0.026845637583892617,0.07432287571991014,9.01,0.0,0.0,0,V-2023.12-SP4,9472,9212,260,7485.03,6933.17,551.87,10516.0704,0.7118,0.027449324324324325,0.07372983141016135,4.54,4.49,0.0,0,V-2023.12-SP3,V-2023.12-SP4,0.975,0.847,0.007119,1.829,1.822,16.8535,0.17029999999999998,0.01675,1.413e-05,0.187,0.03179,0.01127,0.0003951,0.04346,0.7728999999999999,0.819,0.00671,1.599,0.0,0.0,0.0,0.0,0.0,0.0,0.0,0.0,0.0,0.0,0.0,0.0,0.0,0.0,0.0,0.0,unvectored,none,2,2026-07-25T09:51:23+00:00
fpmul_11_52_3_20nm_TT_0V9_25C_108p108MHz,fpmul,exp_bits=11;mantissa_bits=52;pipeline_stages=3,20nm,TT,0.9,25.0,9.25,108.10810810810811,11,52,3,V-2023.12-SP4,9685,9425,260,7388.30396,6839.183963,549.119997,0.026845637583892617,0.07432287571991014,9.01,0.0,0.0,0,V-2023.12-SP4,9472,9212,260,7485.03,6933.17,551.87,10516.0704,0.7118,0.027449324324324325,0.07372983141016135,4.54,4.49,0.0,0,V-2023.12-SP3,V-2023.12-SP4,1.633,1.6440000000000001,0.007209999999999999,3.285,3.277,30.312250000000002,0.1704,0.01675,1.413e-05,0.1872,0.08016000000000001,0.02787,0.000463,0.1085,1.383,1.6,0.006732999999999999,2.989,0.0,0.0,0.0,0.0,0.0,0.0,0.0,0.0,0.0,0.0,0.0,0.0,0.0,0.0,0.0,0.0,vectored,random,2,2026-07-25T09:51:33+00:00
fpmul_11_52_5_20nm_TT_0V9_25C_111p111MHz,fpmul,exp_bits=11;mantissa_bits=52;pipeline_stages=5,20nm,TT,0.9,25.0,9.0,111.11111111111111,11,52,5,V-2023.12-SP4,10042,9650,392,7722.422358,6894.095963,828.326396,0.03903604859589723,0.10726250878286915,8.76,0.0,0.0,0,V-2023.12-SP4,9872,9480,392,7883.25,7053.66,829.59,10997.712,0.7168,0.03970826580226904,0.1052345162211017,4.4,4.42,0.0,0,V-2023.12-SP3,V-2023.12-SP4,1.156,0.9417,0.11069999999999999,2.209,2.0976999999999997,18.879299999999997,0.289,0.05736,0.1032,0.44949999999999996,0.047689999999999996,0.01296,0.0005932,0.06125,0.8195,0.8714000000000001,0.0068909999999999996,1.6980000000000002,0.0,0.0,0.0,0.0,0.0,0.0,0.0,0.0,0.0,0.0,0.0,0.0,0.0,0.0,0.0,0.0,unvectored,none,2,2026-07-25T09:52:55+00:00
fpmul_11_52_5_20nm_TT_0V9_25C_111p111MHz,fpmul,exp_bits=11;mantissa_bits=52;pipeline_stages=5,20nm,TT,0.9,25.0,9.0,111.11111111111111,11,52,5,V-2023.12-SP4,10042,9650,392,7722.422358,6894.095963,828.326396,0.03903604859589723,0.10726250878286915,8.76,0.0,0.0,0,V-2023.12-SP4,9872,9480,392,7883.25,7053.66,829.59,10997.712,0.7168,0.03970826580226904,0.1052345162211017,4.4,4.42,0.0,0,V-2023.12-SP3,V-2023.12-SP4,1.779,1.689,0.1108,3.579,3.468,31.212,0.28919999999999996,0.05736,0.1032,0.4497,0.1145,0.03194,0.0006839,0.1471,1.375,1.6,0.0069240000000000005,2.9819999999999998,0.0,0.0,0.0,0.0,0.0,0.0,0.0,0.0,0.0,0.0,0.0,0.0,0.0,0.0,0.0,0.0,vectored,random,2,2026-07-25T09:53:04+00:00
fpmul_3_2_2_20nm_TT_0V9_25C_571p429MHz,fpmul,exp_bits=3;mantissa_bits=2;pipeline_stages=2,20nm,TT,0.9,25.0,1.75,571.4285714285714,3,2,2,V-2023.12-SP4,281,261,20,144.249599,102.009599,42.24,0.0711743772241993,0.29282577069763643,1.51,0.0,0.0,0,V-2023.12-SP4,264,244,20,139.08,96.84,42.24,193.8816,0.7173,0.07575757575757576,0.30371009490940465,0.73,0.78,0.0,0,V-2023.12-SP3,V-2023.12-SP4,0.1181,0.04338,0.00014639999999999998,0.1616,0.16148,0.28259,0.0703,0.001464,1.448e-06,0.07177,0.01253,0.002716,2.999e-05,0.01528,0.035250000000000004,0.0392,0.000115,0.07456,0.0,0.0,0.0,0.0,0.0,0.0,0.0,0.0,0.0,0.0,0.0,0.0,0.0,0.0,0.0,0.0,unvectored,none,2,2026-07-25T09:54:01+00:00
fpmul_3_2_2_20nm_TT_0V9_25C_571p429MHz,fpmul,exp_bits=3;mantissa_bits=2;pipeline_stages=2,20nm,TT,0.9,25.0,1.75,571.4285714285714,3,2,2,V-2023.12-SP4,281,261,20,144.249599,102.009599,42.24,0.0711743772241993,0.29282577069763643,1.51,0.0,0.0,0,V-2023.12-SP4,264,244,20,139.08,96.84,42.24,193.8816,0.7173,0.07575757575757576,0.30371009490940465,0.73,0.78,0.0,0,V-2023.12-SP3,V-2023.12-SP4,0.1608,0.0752,0.00015480000000000002,0.2362,0.236,0.413,0.07071000000000001,0.001464,1.448e-06,0.07218000000000001,0.02714,0.006716,3.571e-05,0.0339,0.06295999999999999,0.06702000000000001,0.0001176,0.1301,0.0,0.0,0.0,0.0,0.0,0.0,0.0,0.0,0.0,0.0,0.0,0.0,0.0,0.0,0.0,0.0,vectored,random,2,2026-07-25T09:54:07+00:00
fpmul_3_2_2_20nm_TT_0V9_25C_363p636MHz,fpmul,exp_bits=3;mantissa_bits=2;pipeline_stages=2,20nm,TT,0.9,25.0,2.75,363.6363636363636,3,2,2,V-2023.12-SP4,222,202,20,120.383999,78.144,42.24,0.09009009009009009,0.3508771958971059,2.2,0.31,0.0,0,V-2023.12-SP4,208,188,20,116.16,73.92,42.24,167.2704,0.6944,0.09615384615384616,0.36363636363636365,1.23,1.28,0.0,0,V-2023.12-SP3,V-2023.12-SP4,0.0669,0.0195,0.0001122,0.08651,0.0864,0.2376,0.04294,0.0,0.0,0.04294,0.008009,0.001771,3.0010000000000002e-05,0.00981,0.015950000000000002,0.017730000000000003,8.218e-05,0.033760000000000005,0.0,0.0,0.0,0.0,0.0,0.0,0.0,0.0,0.0,0.0,0.0,0.0,0.0,0.0,0.0,0.0,unvectored,none,2,2026-07-25T09:54:14+00:00
fpmul_3_2_2_20nm_TT_0V9_25C_363p636MHz,fpmul,exp_bits=3;mantissa_bits=2;pipeline_stages=2,20nm,TT,0.9,25.0,2.75,363.6363636363636,3,2,2,V-2023.12-SP4,222,202,20,120.383999,78.144,42.24,0.09009009009009009,0.3508771958971059,2.2,0.31,0.0,0,V-2023.12-SP4,208,188,20,116.16,73.92,42.24,167.2704,0.6944,0.09615384615384616,0.36363636363636365,1.23,1.28,0.0,0,V-2023.12-SP3,V-2023.12-SP4,0.09386,0.0412,0.00012020000000000001,0.13520000000000001,0.13506,0.37141500000000005,0.04321,0.0,0.0,0.04321,0.01819,0.004409,3.568e-05,0.022629999999999997,0.032459999999999996,0.036789999999999996,8.456e-05,0.06933,0.0,0.0,0.0,0.0,0.0,0.0,0.0,0.0,0.0,0.0,0.0,0.0,0.0,0.0,0.0,0.0,vectored,random,2,2026-07-25T09:54:21+00:00
fpmul_3_2_3_20nm_TT_0V9_25C_571p429MHz,fpmul,exp_bits=3;mantissa_bits=2;pipeline_stages=3,20nm,TT,0.9,25.0,1.75,571.4285714285714,3,2,3,V-2023.12-SP4,297,269,28,164.524799,105.388799,59.136,0.09427609427609428,0.35943517548378834,1.51,0.0,0.0,0,V-2023.12-SP4,271,243,28,156.92,97.79,59.14,232.7424,0.6742,0.1033210332103321,0.3768799388223299,0.74,0.78,0.0,0,V-2023.12-SP3,V-2023.12-SP4,0.1492,0.04326,0.00015900000000000002,0.1926,0.19246,0.33680499999999997,0.09548,0.001283,5.767e-07,0.09676,0.01721,0.003007,4.206e-05,0.02026,0.036480000000000005,0.038970000000000005,0.0001164,0.07557,0.0,0.0,0.0,0.0,0.0,0.0,0.0,0.0,0.0,0.0,0.0,0.0,0.0,0.0,0.0,0.0,unvectored,none,2,2026-07-25T09:55:30+00:00
fpmul_3_2_3_20nm_TT_0V9_25C_571p429MHz,fpmul,exp_bits=3;mantissa_bits=2;pipeline_stages=3,20nm,TT,0.9,25.0,1.75,571.4285714285714,3,2,3,V-2023.12-SP4,297,269,28,164.524799,105.388799,59.136,0.09427609427609428,0.35943517548378834,1.51,0.0,0.0,0,V-2023.12-SP4,271,243,28,156.92,97.79,59.14,232.7424,0.6742,0.1033210332103321,0.3768799388223299,0.74,0.78,0.0,0,V-2023.12-SP3,V-2023.12-SP4,0.1955,0.07314,0.0001701,0.2688,0.26864,0.47012,0.096,0.001283,5.767e-07,0.09728,0.036489999999999995,0.007316,4.9630000000000004e-05,0.04385,0.06303,0.06454,0.0001198,0.12769999999999998,0.0,0.0,0.0,0.0,0.0,0.0,0.0,0.0,0.0,0.0,0.0,0.0,0.0,0.0,0.0,0.0,vectored,random,2,2026-07-25T09:55:37+00:00
fpmul_6_5_2_5nm_TT_0V7_25C_500MHz,fpmul,exp_bits=6;mantissa_bits=5;pipeline_stages=2,5nm,TT,0.7,25.0,2.0,500.0,6,5,2,V-2023.12-SP4,486,448,38,26.7876,20.4036,6.384,0.07818930041152264,0.2383192223267482,1.55,0.23,0.0,0,V-2023.12-SP4,447,409,38,26.03,19.63,6.4,37.1952,0.6999,0.08501118568232663,0.24587014982712255,0.82,1.06,0.0,0,V-2023.12-SP3,V-2023.12-SP4,0.1172,0.06507,0.0002095,0.18239999999999998,0.18227,0.36454,0.07375000000000001,0.014419999999999999,1.77e-05,0.08818999999999999,0.009505,0.003929,6.992e-05,0.0135,0.0339,0.04673,0.0001219,0.08075,0.0,0.0,0.0,0.0,0.0,0.0,0.0,0.0,0.0,0.0,0.0,0.0,0.0,0.0,0.0,0.0,unvectored,none,2,2026-07-25T09:55:42+00:00
fpmul_6_5_2_5nm_TT_0V7_25C_500MHz,fpmul,exp_bits=6;mantissa_bits=5;pipeline_stages=2,5nm,TT,0.7,25.0,2.0,500.0,6,5,2,V-2023.12-SP4,486,448,38,26.7876,20.4036,6.384,0.07818930041152264,0.2383192223267482,1.55,0.23,0.0,0,V-2023.12-SP4,447,409,38,26.03,19.63,6.4,37.1952,0.6999,0.08501118568232663,0.24587014982712255,0.82,1.06,0.0,0,V-2023.12-SP3,V-2023.12-SP4,0.1636,0.12029999999999999,0.0002054,0.2841,0.2839,0.5678,0.07401,0.014419999999999999,1.77e-05,0.08845,0.023119999999999998,0.009797,6.38e-05,0.03298,0.06648,0.09606999999999999,0.0001239,0.1627,0.0,0.0,0.0,0.0,0.0,0.0,0.0,0.0,0.0,0.0,0.0,0.0,0.0,0.0,0.0,0.0,vectored,random,2,2026-07-25T09:55:49+00:00
fpmul_6_5_3_5nm_TT_0V7_25C_500MHz,fpmul,exp_bits=6;mantissa_bits=5;pipeline_stages=3,5nm,TT,0.7,25.0,2.0,500.0,6,5,3,V-2023.12-SP4,517,465,52,29.6016,20.8656,8.736,0.10058027079303675,0.29511918274687854,1.54,0.24,0.0,0,V-2023.12-SP4,483,431,52,28.75,19.98,8.77,41.496,0.6929,0.10766045548654245,0.3050434782608695,0.82,1.06,0.0,0,V-2023.12-SP3,V-2023.12-SP4,0.12669999999999998,0.0713,0.0002344,0.1982,0.19799999999999998,0.39599999999999996,0.0786,0.01825,1.019e-05,0.09686,0.01267,0.004285,9.553e-05,0.017050000000000003,0.035429999999999996,0.04877,0.0001286,0.08432,0.0,0.0,0.0,0.0,0.0,0.0,0.0,0.0,0.0,0.0,0.0,0.0,0.0,0.0,0.0,0.0,unvectored,none,2,2026-07-25T09:55:54+00:00
fpmul_6_5_3_5nm_TT_0V7_25C_500MHz,fpmul,exp_bits=6;mantissa_bits=5;pipeline_stages=3,5nm,TT,0.7,25.0,2.0,500.0,6,5,3,V-2023.12-SP4,517,465,52,29.6016,20.8656,8.736,0.10058027079303675,0.29511918274687854,1.54,0.24,0.0,0,V-2023.12-SP4,483,431,52,28.75,19.98,8.77,41.496,0.6929,0.10766045548654245,0.3050434782608695,0.82,1.06,0.0,0,V-2023.12-SP3,V-2023.12-SP4,0.1753,0.12329999999999999,0.000229,0.2989,0.2986,0.5972,0.07891000000000001,0.01825,1.02e-05,0.09717,0.02933,0.01059,8.763e-05,0.04,0.0671,0.09444,0.00013120000000000002,0.1617,0.0,0.0,0.0,0.0,0.0,0.0,0.0,0.0,0.0,0.0,0.0,0.0,0.0,0.0,0.0,0.0,vectored,random,2,2026-07-25T09:56:01+00:00
fpmul_3_2_3_20nm_TT_0V9_25C_363p636MHz,fpmul,exp_bits=3;mantissa_bits=2;pipeline_stages=3,20nm,TT,0.9,25.0,2.75,363.6363636363636,3,2,3,V-2023.12-SP4,238,210,28,140.659199,81.5232,59.136,0.11764705882352941,0.4204204234093499,2.2,0.31,0.0,0,V-2023.12-SP4,224,196,28,136.44,77.3,59.14,192.0864,0.7103,0.125,0.4334506009967751,1.23,1.28,0.0,0,V-2023.12-SP3,V-2023.12-SP4,0.08788,0.02012,0.000129,0.1081,0.108,0.297,0.05999,0.0,0.0,0.05999,0.011009999999999999,0.0020269999999999997,4.2109999999999995e-05,0.01308,0.016880000000000003,0.018090000000000002,8.691e-05,0.03506,0.0,0.0,0.0,0.0,0.0,0.0,0.0,0.0,0.0,0.0,0.0,0.0,0.0,0.0,0.0,0.0,unvectored,none,2,2026-07-25T09:56:25+00:00
fpmul_3_2_3_20nm_TT_0V9_25C_363p636MHz,fpmul,exp_bits=3;mantissa_bits=2;pipeline_stages=3,20nm,TT,0.9,25.0,2.75,363.6363636363636,3,2,3,V-2023.12-SP4,238,210,28,140.659199,81.5232,59.136,0.11764705882352941,0.4204204234093499,2.2,0.31,0.0,0,V-2023.12-SP4,224,196,28,136.44,77.3,59.14,192.0864,0.7103,0.125,0.4334506009967751,1.23,1.28,0.0,0,V-2023.12-SP3,V-2023.12-SP4,0.1184,0.04245,0.0001396,0.161,0.16085,0.4423375,0.060309999999999996,0.0,0.0,0.060309999999999996,0.0242,0.0049640000000000005,4.956e-05,0.02921,0.03393,0.03748,8.999e-05,0.07151,0.0,0.0,0.0,0.0,0.0,0.0,0.0,0.0,0.0,0.0,0.0,0.0,0.0,0.0,0.0,0.0,vectored,random,2,2026-07-25T09:56:31+00:00
fpmul_3_2_5_20nm_TT_0V9_25C_571p429MHz,fpmul,exp_bits=3;mantissa_bits=2;pipeline_stages=5,20nm,TT,0.9,25.0,1.75,571.4285714285714,3,2,5,V-2023.12-SP4,337,293,44,206.975999,114.047999,92.927999,0.13056379821958458,0.44897958917449166,1.51,0.0,0.0,0,V-2023.12-SP4,317,273,44,203.6,110.67,92.93,288.288,0.7062,0.138801261829653,0.456434184675835,0.73,0.78,0.0,0,V-2023.12-SP3,V-2023.12-SP4,0.22269999999999998,0.05774,0.0002022,0.2807,0.28043999999999997,0.49076999999999993,0.1554,0.01095,2.613e-06,0.1663,0.02668,0.004204,6.64e-05,0.030950000000000002,0.040679999999999994,0.04258,0.0001332,0.08339999999999999,0.0,0.0,0.0,0.0,0.0,0.0,0.0,0.0,0.0,0.0,0.0,0.0,0.0,0.0,0.0,0.0,unvectored,none,2,2026-07-25T09:56:46+00:00
fpmul_3_2_5_20nm_TT_0V9_25C_571p429MHz,fpmul,exp_bits=3;mantissa_bits=2;pipeline_stages=5,20nm,TT,0.9,25.0,1.75,571.4285714285714,3,2,5,V-2023.12-SP4,337,293,44,206.975999,114.047999,92.927999,0.13056379821958458,0.44897958917449166,1.51,0.0,0.0,0,V-2023.12-SP4,317,273,44,203.6,110.67,92.93,288.288,0.7062,0.138801261829653,0.456434184675835,0.73,0.78,0.0,0,V-2023.12-SP3,V-2023.12-SP4,0.2868,0.09678,0.0002179,0.38380000000000003,0.38358000000000003,0.671265,0.1558,0.01095,2.613e-06,0.16679999999999998,0.055439999999999996,0.01007,7.741e-05,0.06559,0.07554,0.07576000000000001,0.00013790000000000002,0.1514,0.0,0.0,0.0,0.0,0.0,0.0,0.0,0.0,0.0,0.0,0.0,0.0,0.0,0.0,0.0,0.0,vectored,random,2,2026-07-25T09:56:52+00:00
fpmul_3_2_5_20nm_TT_0V9_25C_363p636MHz,fpmul,exp_bits=3;mantissa_bits=2;pipeline_stages=5,20nm,TT,0.9,25.0,2.75,363.6363636363636,3,2,5,V-2023.12-SP4,270,226,44,181.209599,88.2816,92.927999,0.16296296296296298,0.5128205101320268,2.2,0.31,0.0,0,V-2023.12-SP4,256,212,44,176.99,84.06,92.93,255.552,0.6926,0.171875,0.5250579128764337,1.24,1.28,0.0,0,V-2023.12-SP3,V-2023.12-SP4,0.1296,0.02139,0.0001627,0.15109999999999998,0.15098999999999999,0.41522249999999994,0.09380000000000001,0.0,0.0,0.09380000000000001,0.01699,0.002532,6.637e-05,0.01959,0.018770000000000002,0.01886,9.629e-05,0.03773,0.0,0.0,0.0,0.0,0.0,0.0,0.0,0.0,0.0,0.0,0.0,0.0,0.0,0.0,0.0,0.0,unvectored,none,2,2026-07-25T09:57:54+00:00
fpmul_3_2_5_20nm_TT_0V9_25C_363p636MHz,fpmul,exp_bits=3;mantissa_bits=2;pipeline_stages=5,20nm,TT,0.9,25.0,2.75,363.6363636363636,3,2,5,V-2023.12-SP4,270,226,44,181.209599,88.2816,92.927999,0.16296296296296298,0.5128205101320268,2.2,0.31,0.0,0,V-2023.12-SP4,256,212,44,176.99,84.06,92.93,255.552,0.6926,0.171875,0.5250579128764337,1.24,1.28,0.0,0,V-2023.12-SP3,V-2023.12-SP4,0.16679999999999998,0.04477,0.0001782,0.2118,0.21156999999999998,0.5818175,0.09416000000000001,0.0,0.0,0.09416000000000001,0.0359,0.006065,7.734e-05,0.042039999999999994,0.03678,0.03871,0.0001009,0.07559,0.0,0.0,0.0,0.0,0.0,0.0,0.0,0.0,0.0,0.0,0.0,0.0,0.0,0.0,0.0,0.0,vectored,random,2,2026-07-25T09:58:01+00:00
fpmul_6_5_5_5nm_TT_0V7_25C_500MHz,fpmul,exp_bits=6;mantissa_bits=5;pipeline_stages=5,5nm,TT,0.7,25.0,2.0,500.0,6,5,5,V-2023.12-SP4,570,490,80,35.6076,22.1676,13.44,0.14035087719298245,0.377447511205473,1.55,0.23,0.0,0,V-2023.12-SP4,535,455,80,34.68,21.17,13.51,50.0976,0.6922,0.14953271028037382,0.3895617070357555,0.82,1.06,0.0,0,V-2023.12-SP3,V-2023.12-SP4,0.1721,0.07818,0.00029560000000000003,0.25060000000000004,0.25028,0.50056,0.1154,0.02291,1.1609999999999999e-05,0.1383,0.01914,0.005043,0.00014649999999999998,0.024329999999999997,0.03759,0.050219999999999994,0.0001375,0.08794,0.0,0.0,0.0,0.0,0.0,0.0,0.0,0.0,0.0,0.0,0.0,0.0,0.0,0.0,0.0,0.0,unvectored,none,2,2026-07-25T09:58:28+00:00
fpmul_6_5_5_5nm_TT_0V7_25C_500MHz,fpmul,exp_bits=6;mantissa_bits=5;pipeline_stages=5,5nm,TT,0.7,25.0,2.0,500.0,6,5,5,V-2023.12-SP4,570,490,80,35.6076,22.1676,13.44,0.14035087719298245,0.377447511205473,1.55,0.23,0.0,0,V-2023.12-SP4,535,455,80,34.68,21.17,13.51,50.0976,0.6922,0.14953271028037382,0.3895617070357555,0.82,1.06,0.0,0,V-2023.12-SP3,V-2023.12-SP4,0.2309,0.1347,0.0002884,0.3659,0.3656,0.7312,0.1158,0.02291,1.1609999999999999e-05,0.1388,0.04253,0.01227,0.0001356,0.05493,0.07252,0.09952,0.0001412,0.17220000000000002,0.0,0.0,0.0,0.0,0.0,0.0,0.0,0.0,0.0,0.0,0.0,0.0,0.0,0.0,0.0,0.0,vectored,random,2,2026-07-25T09:58:35+00:00
fpmul_4_6_2_20nm_TT_0V9_25C_363p636MHz,fpmul,exp_bits=4;mantissa_bits=6;pipeline_stages=2,20nm,TT,0.9,25.0,2.75,363.6363636363636,4,6,2,V-2023.12-SP4,712,677,35,376.358398,302.227198,74.1312,0.04915730337078652,0.19696969801641043,2.51,0.0,0.0,0,V-2023.12-SP4,667,632,35,377.31,303.18,74.13,517.44,0.7292,0.05247376311844078,0.19646974636240755,1.24,1.27,0.0,0,V-2023.12-SP3,V-2023.12-SP4,0.21839999999999998,0.11610000000000001,0.0004007,0.33490000000000003,0.3345,0.919875,0.12219999999999999,0.015739999999999997,3.599e-05,0.13799999999999998,0.014270000000000001,0.004453,5.321e-05,0.018779999999999998,0.08191,0.0959,0.0003115,0.17809999999999998,0.0,0.0,0.0,0.0,0.0,0.0,0.0,0.0,0.0,0.0,0.0,0.0,0.0,0.0,0.0,0.0,unvectored,none,2,2026-07-25T09:59:12+00:00
fpmul_4_6_2_20nm_TT_0V9_25C_363p636MHz,fpmul,exp_bits=4;mantissa_bits=6;pipeline_stages=2,20nm,TT,0.9,25.0,2.75,363.6363636363636,4,6,2,V-2023.12-SP4,712,677,35,376.358398,302.227198,74.1312,0.04915730337078652,0.19696969801641043,2.51,0.0,0.0,0,V-2023.12-SP4,667,632,35,377.31,303.18,74.13,517.44,0.7292,0.05247376311844078,0.19646974636240755,1.24,1.27,0.0,0,V-2023.12-SP3,V-2023.12-SP4,0.3239,0.2264,0.00041380000000000003,0.5507,0.5503,1.513325,0.1225,0.015739999999999997,3.599e-05,0.1383,0.03452,0.011090000000000001,6.253e-05,0.045680000000000005,0.1669,0.1995,0.0003152,0.3667,0.0,0.0,0.0,0.0,0.0,0.0,0.0,0.0,0.0,0.0,0.0,0.0,0.0,0.0,0.0,0.0,vectored,random,2,2026-07-25T09:59:20+00:00
fpmul_4_6_2_20nm_TT_0V9_25C_210p526MHz,fpmul,exp_bits=4;mantissa_bits=6;pipeline_stages=2,20nm,TT,0.9,25.0,4.75,210.52631578947367,4,6,2,V-2023.12-SP4,624,589,35,353.443198,279.523198,73.92,0.05608974358974359,0.20914251686914626,4.11,0.4,0.0,0,V-2023.12-SP4,578,543,35,348.16,274.03,74.13,502.656,0.6926,0.06055363321799308,0.21291934742647056,2.24,2.31,0.0,0,V-2023.12-SP3,V-2023.12-SP4,0.112,0.057510000000000006,0.1034,0.27290000000000003,0.16951,0.8051725,0.06017,0.007165,0.1031,0.1704,0.008348999999999999,0.0029100000000000003,5.2770000000000005e-05,0.01131,0.04349,0.04744,0.0002669,0.09119999999999999,0.0,0.0,0.0,0.0,0.0,0.0,0.0,0.0,0.0,0.0,0.0,0.0,0.0,0.0,0.0,0.0,unvectored,none,2,2026-07-25T09:59:24+00:00
fpmul_4_6_2_20nm_TT_0V9_25C_210p526MHz,fpmul,exp_bits=4;mantissa_bits=6;pipeline_stages=2,20nm,TT,0.9,25.0,4.75,210.52631578947367,4,6,2,V-2023.12-SP4,624,589,35,353.443198,279.523198,73.92,0.05608974358974359,0.20914251686914626,4.11,0.4,0.0,0,V-2023.12-SP4,578,543,35,348.16,274.03,74.13,502.656,0.6926,0.06055363321799308,0.21291934742647056,2.24,2.31,0.0,0,V-2023.12-SP3,V-2023.12-SP4,0.1797,0.12219999999999999,0.1034,0.4054,0.3019,1.434025,0.06022,0.007165,0.1031,0.17049999999999998,0.02065,0.007274,6.246000000000001e-05,0.02799,0.09886,0.1078,0.0002707,0.2069,0.0,0.0,0.0,0.0,0.0,0.0,0.0,0.0,0.0,0.0,0.0,0.0,0.0,0.0,0.0,0.0,vectored,random,2,2026-07-25T09:59:31+00:00
fpmul_4_6_3_20nm_TT_0V9_25C_363p636MHz,fpmul,exp_bits=4;mantissa_bits=6;pipeline_stages=3,20nm,TT,0.9,25.0,2.75,363.6363636363636,4,6,3,V-2023.12-SP4,735,687,48,412.367998,308.879998,103.487999,0.0653061224489796,0.25096030609048375,2.51,0.0,0.0,0,V-2023.12-SP4,688,640,48,408.14,304.66,103.49,579.744,0.704,0.06976744186046512,0.2535649532023325,1.24,1.27,0.0,0,V-2023.12-SP3,V-2023.12-SP4,0.2174,0.11349999999999999,0.05195,0.38289999999999996,0.33089999999999997,0.909975,0.1116,0.009396,0.05155,0.1725,0.01951,0.004772,8.004e-05,0.02436,0.08632,0.09935000000000001,0.0003278,0.186,0.0,0.0,0.0,0.0,0.0,0.0,0.0,0.0,0.0,0.0,0.0,0.0,0.0,0.0,0.0,0.0,unvectored,none,2,2026-07-25T10:00:39+00:00
fpmul_4_6_3_20nm_TT_0V9_25C_363p636MHz,fpmul,exp_bits=4;mantissa_bits=6;pipeline_stages=3,20nm,TT,0.9,25.0,2.75,363.6363636363636,4,6,3,V-2023.12-SP4,735,687,48,412.367998,308.879998,103.487999,0.0653061224489796,0.25096030609048375,2.51,0.0,0.0,0,V-2023.12-SP4,688,640,48,408.14,304.66,103.49,579.744,0.704,0.06976744186046512,0.2535649532023325,1.24,1.27,0.0,0,V-2023.12-SP3,V-2023.12-SP4,0.3293,0.2235,0.051969999999999995,0.6048,0.5528,1.5202,0.1126,0.009396,0.05155,0.1736,0.04371,0.01178,9.063e-05,0.05558,0.17300000000000001,0.2023,0.0003329,0.37560000000000004,0.0,0.0,0.0,0.0,0.0,0.0,0.0,0.0,0.0,0.0,0.0,0.0,0.0,0.0,0.0,0.0,vectored,random,2,2026-07-25T10:00:46+00:00
fpmul_4_6_3_20nm_TT_0V9_25C_222p222MHz,fpmul,exp_bits=4;mantissa_bits=6;pipeline_stages=3,20nm,TT,0.9,25.0,4.5,222.22222222222223,4,6,3,V-2023.12-SP4,668,620,48,384.595198,283.219198,101.375999,0.0718562874251497,0.26359143204902935,3.85,0.41,0.0,0,V-2023.12-SP4,618,570,48,370.44,268.86,101.59,542.0448,0.6834,0.07766990291262135,0.2742414426087896,2.11,2.15,0.0,0,V-2023.12-SP3,V-2023.12-SP4,0.1264,0.055,0.0003551,0.1817,0.1814,0.8163,0.06773,0.0014190000000000001,6.966e-06,0.06916,0.01176,0.003125,7.248e-05,0.01495,0.04691,0.05045,0.00027570000000000003,0.09763,0.0,0.0,0.0,0.0,0.0,0.0,0.0,0.0,0.0,0.0,0.0,0.0,0.0,0.0,0.0,0.0,unvectored,none,2,2026-07-25T10:01:54+00:00
fpmul_4_6_3_20nm_TT_0V9_25C_222p222MHz,fpmul,exp_bits=4;mantissa_bits=6;pipeline_stages=3,20nm,TT,0.9,25.0,4.5,222.22222222222223,4,6,3,V-2023.12-SP4,668,620,48,384.595198,283.219198,101.375999,0.0718562874251497,0.26359143204902935,3.85,0.41,0.0,0,V-2023.12-SP4,618,570,48,370.44,268.86,101.59,542.0448,0.6834,0.07766990291262135,0.2742414426087896,2.11,2.15,0.0,0,V-2023.12-SP3,V-2023.12-SP4,0.1999,0.1224,0.0003722,0.3227,0.3223,1.4503499999999998,0.06795,0.0014190000000000001,6.966e-06,0.06937,0.02803,0.007747,8.454e-05,0.035859999999999996,0.104,0.1133,0.0002807,0.2175,0.0,0.0,0.0,0.0,0.0,0.0,0.0,0.0,0.0,0.0,0.0,0.0,0.0,0.0,0.0,0.0,vectored,random,2,2026-07-25T10:02:01+00:00
fpmul_4_6_5_20nm_TT_0V9_25C_363p636MHz,fpmul,exp_bits=4;mantissa_bits=6;pipeline_stages=5,20nm,TT,0.9,25.0,2.75,363.6363636363636,4,6,5,V-2023.12-SP4,788,714,74,477.945597,319.967998,157.977599,0.09390862944162437,0.33053468844907047,2.51,0.0,0.0,0,V-2023.12-SP4,739,665,74,467.07,309.3,157.77,665.7024,0.7016,0.10013531799729364,0.33778662727214337,1.24,1.27,0.0,0,V-2023.12-SP3,V-2023.12-SP4,0.27809999999999996,0.1198,0.0004567,0.3984,0.3979,1.094225,0.1597,0.010910000000000001,1.742e-06,0.1706,0.02928,0.005152,0.00011630000000000001,0.03455,0.08913,0.1038,0.0003387,0.1932,0.0,0.0,0.0,0.0,0.0,0.0,0.0,0.0,0.0,0.0,0.0,0.0,0.0,0.0,0.0,0.0,unvectored,none,2,2026-07-25T10:02:22+00:00
fpmul_4_6_5_20nm_TT_0V9_25C_363p636MHz,fpmul,exp_bits=4;mantissa_bits=6;pipeline_stages=5,20nm,TT,0.9,25.0,2.75,363.6363636363636,4,6,5,V-2023.12-SP4,788,714,74,477.945597,319.967998,157.977599,0.09390862944162437,0.33053468844907047,2.51,0.0,0.0,0,V-2023.12-SP4,739,665,74,467.07,309.3,157.77,665.7024,0.7016,0.10013531799729364,0.33778662727214337,1.24,1.27,0.0,0,V-2023.12-SP3,V-2023.12-SP4,0.4016,0.2334,0.00048019999999999996,0.6355,0.635,1.74625,0.16019999999999998,0.010910000000000001,1.742e-06,0.1711,0.06496,0.0125,0.0001327,0.07758999999999999,0.1764,0.21000000000000002,0.0003458,0.38680000000000003,0.0,0.0,0.0,0.0,0.0,0.0,0.0,0.0,0.0,0.0,0.0,0.0,0.0,0.0,0.0,0.0,vectored,random,2,2026-07-25T10:02:29+00:00
fpmul_4_6_5_20nm_TT_0V9_25C_222p222MHz,fpmul,exp_bits=4;mantissa_bits=6;pipeline_stages=5,20nm,TT,0.9,25.0,4.5,222.22222222222223,4,6,5,V-2023.12-SP4,721,647,74,450.911998,294.623998,156.287999,0.10263522884882108,0.3466042147762944,3.85,0.41,0.0,0,V-2023.12-SP4,669,595,74,433.59,277.09,156.5,628.5312,0.6899,0.11061285500747384,0.36094005858068684,2.12,2.14,0.0,0,V-2023.12-SP3,V-2023.12-SP4,0.163,0.056549999999999996,0.0004024,0.22,0.21955,0.9879749999999999,0.09544,0.0,0.0,0.09544,0.01777,0.0036880000000000003,0.00011190000000000001,0.02157,0.0498,0.05286,0.0002905,0.10289999999999999,0.0,0.0,0.0,0.0,0.0,0.0,0.0,0.0,0.0,0.0,0.0,0.0,0.0,0.0,0.0,0.0,unvectored,none,2,2026-07-25T10:03:27+00:00
fpmul_4_6_5_20nm_TT_0V9_25C_222p222MHz,fpmul,exp_bits=4;mantissa_bits=6;pipeline_stages=5,20nm,TT,0.9,25.0,4.5,222.22222222222223,4,6,5,V-2023.12-SP4,721,647,74,450.911998,294.623998,156.287999,0.10263522884882108,0.3466042147762944,3.85,0.41,0.0,0,V-2023.12-SP4,669,595,74,433.59,277.09,156.5,628.5312,0.6899,0.11061285500747384,0.36094005858068684,2.12,2.14,0.0,0,V-2023.12-SP3,V-2023.12-SP4,0.24059999999999998,0.12129999999999999,0.0004264,0.3623,0.3619,1.62855,0.09556,0.0,0.0,0.09556,0.04027,0.009016,0.0001289,0.04941,0.1047,0.11230000000000001,0.0002974,0.2173,0.0,0.0,0.0,0.0,0.0,0.0,0.0,0.0,0.0,0.0,0.0,0.0,0.0,0.0,0.0,0.0,vectored,random,2,2026-07-25T10:03:34+00:00
fpmul_6_5_2_20nm_TT_0V9_25C_333p333MHz,fpmul,exp_bits=6;mantissa_bits=5;pipeline_stages=2,20nm,TT,0.9,25.0,3.0,333.3333333333333,6,5,2,V-2023.12-SP4,601,563,38,336.230398,255.974399,80.256,0.0632279534109817,0.2386934687565043,2.75,0.01,0.0,0,V-2023.12-SP4,574,536,38,344.26,264.0,80.26,473.2992,0.7274,0.06620209059233449,0.233137744727822,1.37,1.39,0.0,0,V-2023.12-SP3,V-2023.12-SP4,0.1897,0.0748,0.1034,0.3679,0.2645,0.7935000000000001,0.1242,0.0155,0.1031,0.2428,0.01402,0.003522,5.68e-05,0.0176,0.05152,0.05579,0.0002552,0.1076,0.0,0.0,0.0,0.0,0.0,0.0,0.0,0.0,0.0,0.0,0.0,0.0,0.0,0.0,0.0,0.0,unvectored,none,2,2026-07-25T10:04:40+00:00
fpmul_6_5_2_20nm_TT_0V9_25C_333p333MHz,fpmul,exp_bits=6;mantissa_bits=5;pipeline_stages=2,20nm,TT,0.9,25.0,3.0,333.3333333333333,6,5,2,V-2023.12-SP4,601,563,38,336.230398,255.974399,80.256,0.0632279534109817,0.2386934687565043,2.75,0.01,0.0,0,V-2023.12-SP4,574,536,38,344.26,264.0,80.26,473.2992,0.7274,0.06620209059233449,0.233137744727822,1.37,1.39,0.0,0,V-2023.12-SP3,V-2023.12-SP4,0.24760000000000001,0.1236,0.1034,0.47459999999999997,0.37120000000000003,1.1136000000000001,0.12439999999999998,0.0155,0.1031,0.243,0.03254,0.008787999999999999,6.731e-05,0.0414,0.09059,0.09936,0.00025969999999999997,0.19019999999999998,0.0,0.0,0.0,0.0,0.0,0.0,0.0,0.0,0.0,0.0,0.0,0.0,0.0,0.0,0.0,0.0,vectored,random,2,2026-07-25T10:04:48+00:00
fpmul_6_5_2_20nm_TT_0V9_25C_210p526MHz,fpmul,exp_bits=6;mantissa_bits=5;pipeline_stages=2,20nm,TT,0.9,25.0,4.75,210.52631578947367,6,5,2,V-2023.12-SP4,530,492,38,331.795198,251.539199,80.256,0.07169811320754717,0.24188415168082086,3.65,0.87,0.0,0,V-2023.12-SP4,496,458,38,322.92,242.67,80.26,467.5968,0.6906,0.07661290322580645,0.2485445311532268,2.23,2.28,0.0,0,V-2023.12-SP3,V-2023.12-SP4,0.10110000000000001,0.03729,0.05184,0.19019999999999998,0.13839,0.6573525,0.06057,0.003473,0.05155,0.11560000000000001,0.008889000000000001,0.002382,5.6909999999999996e-05,0.01133,0.031619999999999995,0.031439999999999996,0.0002323,0.06329,0.0,0.0,0.0,0.0,0.0,0.0,0.0,0.0,0.0,0.0,0.0,0.0,0.0,0.0,0.0,0.0,unvectored,none,2,2026-07-25T10:04:59+00:00
fpmul_6_5_2_20nm_TT_0V9_25C_210p526MHz,fpmul,exp_bits=6;mantissa_bits=5;pipeline_stages=2,20nm,TT,0.9,25.0,4.75,210.52631578947367,6,5,2,V-2023.12-SP4,530,492,38,331.795198,251.539199,80.256,0.07169811320754717,0.24188415168082086,3.65,0.87,0.0,0,V-2023.12-SP4,496,458,38,322.92,242.67,80.26,467.5968,0.6906,0.07661290322580645,0.2485445311532268,2.23,2.28,0.0,0,V-2023.12-SP3,V-2023.12-SP4,0.1398,0.06798,0.05186,0.2596,0.20778000000000002,0.9869550000000001,0.06072,0.003473,0.05155,0.1157,0.02054,0.0059359999999999994,6.743e-05,0.02654,0.05851,0.05858,0.0002368,0.1173,0.0,0.0,0.0,0.0,0.0,0.0,0.0,0.0,0.0,0.0,0.0,0.0,0.0,0.0,0.0,0.0,vectored,random,2,2026-07-25T10:05:05+00:00
fpmul_6_5_3_20nm_TT_0V9_25C_333p333MHz,fpmul,exp_bits=6;mantissa_bits=5;pipeline_stages=3,20nm,TT,0.9,25.0,3.0,333.3333333333333,6,5,3,V-2023.12-SP4,632,580,52,372.345598,262.521599,109.823999,0.08227848101265822,0.29495178562578306,2.75,0.01,0.0,0,V-2023.12-SP4,609,557,52,399.91,290.08,109.82,514.4832,0.7773,0.08538587848932677,0.2746117876522217,1.36,1.4,0.0,0,V-2023.12-SP3,V-2023.12-SP4,0.28219999999999995,0.09292,0.3096,0.6848,0.37511999999999995,1.12536,0.2087,0.030759999999999996,0.30929999999999996,0.5487,0.018850000000000002,0.004149,7.803000000000001e-05,0.02308,0.05468,0.05801,0.0002681,0.11299999999999999,0.0,0.0,0.0,0.0,0.0,0.0,0.0,0.0,0.0,0.0,0.0,0.0,0.0,0.0,0.0,0.0,unvectored,none,2,2026-07-25T10:06:09+00:00
fpmul_6_5_3_20nm_TT_0V9_25C_333p333MHz,fpmul,exp_bits=6;mantissa_bits=5;pipeline_stages=3,20nm,TT,0.9,25.0,3.0,333.3333333333333,6,5,3,V-2023.12-SP4,632,580,52,372.345598,262.521599,109.823999,0.08227848101265822,0.29495178562578306,2.75,0.01,0.0,0,V-2023.12-SP4,609,557,52,399.91,290.08,109.82,514.4832,0.7773,0.08538587848932677,0.2746117876522217,1.36,1.4,0.0,0,V-2023.12-SP3,V-2023.12-SP4,0.34959999999999997,0.1452,0.3096,0.8044,0.49479999999999996,1.4844,0.20900000000000002,0.030759999999999996,0.30929999999999996,0.549,0.04282,0.01024,9.124e-05,0.053149999999999996,0.09773,0.1042,0.0002738,0.20220000000000002,0.0,0.0,0.0,0.0,0.0,0.0,0.0,0.0,0.0,0.0,0.0,0.0,0.0,0.0,0.0,0.0,vectored,random,2,2026-07-25T10:06:17+00:00
fpmul_6_5_3_20nm_TT_0V9_25C_210p526MHz,fpmul,exp_bits=6;mantissa_bits=5;pipeline_stages=3,20nm,TT,0.9,25.0,4.75,210.52631578947367,6,5,3,V-2023.12-SP4,558,506,52,367.065598,257.241599,109.823999,0.0931899641577061,0.2991944753155538,3.65,0.87,0.0,0,V-2023.12-SP4,526,474,52,367.38,257.56,109.82,511.5264,0.7182,0.09885931558935361,0.2989275409657575,2.24,2.27,0.0,0,V-2023.12-SP3,V-2023.12-SP4,0.135,0.04045,0.155,0.3304,0.17545,0.8333875,0.09013,0.004685,0.1546,0.2495,0.01192,0.002622,7.788e-05,0.014620000000000001,0.032920000000000005,0.033139999999999996,0.00024359999999999999,0.0663,0.0,0.0,0.0,0.0,0.0,0.0,0.0,0.0,0.0,0.0,0.0,0.0,0.0,0.0,0.0,0.0,unvectored,none,2,2026-07-25T10:07:19+00:00
fpmul_6_5_3_20nm_TT_0V9_25C_210p526MHz,fpmul,exp_bits=6;mantissa_bits=5;pipeline_stages=3,20nm,TT,0.9,25.0,4.75,210.52631578947367,6,5,3,V-2023.12-SP4,558,506,52,367.065598,257.241599,109.823999,0.0931899641577061,0.2991944753155538,3.65,0.87,0.0,0,V-2023.12-SP4,526,474,52,367.38,257.56,109.82,511.5264,0.7182,0.09885931558935361,0.2989275409657575,2.24,2.27,0.0,0,V-2023.12-SP3,V-2023.12-SP4,0.17650000000000002,0.07103,0.155,0.4025,0.24753000000000003,1.1757675,0.09022,0.004685,0.1546,0.2495,0.026869999999999998,0.006468,9.132e-05,0.033429999999999994,0.05939,0.05987,0.0002494,0.11950000000000001,0.0,0.0,0.0,0.0,0.0,0.0,0.0,0.0,0.0,0.0,0.0,0.0,0.0,0.0,0.0,0.0,vectored,random,2,2026-07-25T10:07:26+00:00
fpmul_6_5_5_20nm_TT_0V9_25C_333p333MHz,fpmul,exp_bits=6;mantissa_bits=5;pipeline_stages=5,20nm,TT,0.9,25.0,3.0,333.3333333333333,6,5,5,V-2023.12-SP4,688,608,80,442.991998,274.031999,168.959999,0.11627906976744186,0.38140643569819066,2.75,0.01,0.0,0,V-2023.12-SP4,658,578,80,435.81,266.85,168.96,621.984,0.7007,0.12158054711246201,0.3876918840779239,1.36,1.4,0.0,0,V-2023.12-SP3,V-2023.12-SP4,0.24919999999999998,0.07328,0.0004036,0.32289999999999996,0.32248,0.96744,0.164,0.009598,1.742e-06,0.1736,0.02846,0.005043,0.0001205,0.03362,0.05682,0.05863,0.0002814,0.1157,0.0,0.0,0.0,0.0,0.0,0.0,0.0,0.0,0.0,0.0,0.0,0.0,0.0,0.0,0.0,0.0,unvectored,none,2,2026-07-25T10:07:44+00:00
fpmul_6_5_5_20nm_TT_0V9_25C_333p333MHz,fpmul,exp_bits=6;mantissa_bits=5;pipeline_stages=5,20nm,TT,0.9,25.0,3.0,333.3333333333333,6,5,5,V-2023.12-SP4,688,608,80,442.991998,274.031999,168.959999,0.11627906976744186,0.38140643569819066,2.75,0.01,0.0,0,V-2023.12-SP4,658,578,80,435.81,266.85,168.96,621.984,0.7007,0.12158054711246201,0.3876918840779239,1.36,1.4,0.0,0,V-2023.12-SP3,V-2023.12-SP4,0.3257,0.12439999999999998,0.0004303,0.4505,0.45009999999999994,1.3502999999999998,0.1643,0.009598,1.742e-06,0.1739,0.06189000000000001,0.01225,0.0001391,0.07428,0.09955,0.1025,0.0002895,0.2024,0.0,0.0,0.0,0.0,0.0,0.0,0.0,0.0,0.0,0.0,0.0,0.0,0.0,0.0,0.0,0.0,vectored,random,2,2026-07-25T10:07:51+00:00
fpmul_7_15_3_5nm_TT_0V7_25C_363p636MHz,fpmul,exp_bits=7;mantissa_bits=15;pipeline_stages=3,5nm,TT,0.7,25.0,2.75,363.6363636363636,7,15,3,V-2023.12-SP4,2072,1976,96,102.463199,86.335199,16.128,0.04633204633204633,0.15740285446289842,2.34,0.19,0.0,0,V-2023.12-SP4,1805,1709,96,94.37,78.21,16.16,145.7568,0.6475,0.05318559556786703,0.17124086044293738,1.19,1.42,0.0,0,V-2023.12-SP3,V-2023.12-SP4,0.2595,0.2399,0.0007255,0.5001,0.4994,1.37335,0.102,0.019559999999999998,1.268e-05,0.1216,0.01738,0.008259,0.0001769,0.02581,0.13999999999999999,0.2121,0.0005359000000000001,0.3527,0.0,0.0,0.0,0.0,0.0,0.0,0.0,0.0,0.0,0.0,0.0,0.0,0.0,0.0,0.0,0.0,unvectored,none,2,2026-07-25T10:08:03+00:00
fpmul_7_15_3_5nm_TT_0V7_25C_363p636MHz,fpmul,exp_bits=7;mantissa_bits=15;pipeline_stages=3,5nm,TT,0.7,25.0,2.75,363.6363636363636,7,15,3,V-2023.12-SP4,2072,1976,96,102.463199,86.335199,16.128,0.04633204633204633,0.15740285446289842,2.34,0.19,0.0,0,V-2023.12-SP4,1805,1709,96,94.37,78.21,16.16,145.7568,0.6475,0.05318559556786703,0.17124086044293738,1.19,1.42,0.0,0,V-2023.12-SP3,V-2023.12-SP4,0.4691,0.5462,0.0007152,1.016,1.0153,2.792075,0.1025,0.019559999999999998,1.268e-05,0.12210000000000001,0.04273,0.02052,0.00016299999999999998,0.06341000000000001,0.3239,0.5062000000000001,0.0005394999999999999,0.8306,0.0,0.0,0.0,0.0,0.0,0.0,0.0,0.0,0.0,0.0,0.0,0.0,0.0,0.0,0.0,0.0,vectored,random,2,2026-07-25T10:08:10+00:00
fpmul_6_5_5_20nm_TT_0V9_25C_210p526MHz,fpmul,exp_bits=6;mantissa_bits=5;pipeline_stages=5,20nm,TT,0.9,25.0,4.75,210.52631578947367,6,5,5,V-2023.12-SP4,614,534,80,438.239998,269.279999,168.959999,0.13029315960912052,0.38554216815234654,3.65,0.87,0.0,0,V-2023.12-SP4,580,500,80,423.03,254.07,168.96,618.7104,0.6837,0.13793103448275862,0.39940429756754847,2.24,2.27,0.0,0,V-2023.12-SP3,V-2023.12-SP4,0.1514,0.037110000000000004,0.0003809,0.1889,0.18851,0.8954225,0.09819,0.0,0.0,0.09819,0.01797,0.003131,0.0001205,0.02123,0.03527,0.03398,0.0002604,0.06951,0.0,0.0,0.0,0.0,0.0,0.0,0.0,0.0,0.0,0.0,0.0,0.0,0.0,0.0,0.0,0.0,unvectored,none,2,2026-07-25T10:08:49+00:00
fpmul_6_5_5_20nm_TT_0V9_25C_210p526MHz,fpmul,exp_bits=6;mantissa_bits=5;pipeline_stages=5,20nm,TT,0.9,25.0,4.75,210.52631578947367,6,5,5,V-2023.12-SP4,614,534,80,438.239998,269.279999,168.959999,0.13029315960912052,0.38554216815234654,3.65,0.87,0.0,0,V-2023.12-SP4,580,500,80,423.03,254.07,168.96,618.7104,0.6837,0.13793103448275862,0.39940429756754847,2.24,2.27,0.0,0,V-2023.12-SP3,V-2023.12-SP4,0.20049999999999998,0.06798,0.00040760000000000004,0.2689,0.26848,1.27528,0.09845,0.0,0.0,0.09845,0.039029999999999995,0.0076029999999999995,0.000139,0.04677,0.06301,0.06037,0.0002686,0.1236,0.0,0.0,0.0,0.0,0.0,0.0,0.0,0.0,0.0,0.0,0.0,0.0,0.0,0.0,0.0,0.0,vectored,random,2,2026-07-25T10:08:57+00:00
fpmul_6_12_2_20nm_TT_0V9_25C_266p667MHz,fpmul,exp_bits=6;mantissa_bits=12;pipeline_stages=2,20nm,TT,0.9,25.0,3.75,266.6666666666667,6,12,2,V-2023.12-SP4,1455,1396,59,850.291195,725.471996,124.819199,0.04054982817869416,0.14679582681083742,3.51,0.0,0.0,0,V-2023.12-SP4,1389,1330,59,840.36,715.76,124.61,1198.7712,0.701,0.042476601871850254,0.1482816888000381,1.74,1.77,0.0,0,V-2023.12-SP3,V-2023.12-SP4,0.29090000000000005,0.1998,0.05237,0.5431,0.4907,1.840125,0.1087,0.007277,0.05155,0.1675,0.01782,0.0070079999999999995,8.827999999999999e-05,0.024919999999999998,0.16440000000000002,0.1855,0.0007354,0.3506,0.0,0.0,0.0,0.0,0.0,0.0,0.0,0.0,0.0,0.0,0.0,0.0,0.0,0.0,0.0,0.0,unvectored,none,2,2026-07-25T10:10:35+00:00
fpmul_6_12_2_20nm_TT_0V9_25C_266p667MHz,fpmul,exp_bits=6;mantissa_bits=12;pipeline_stages=2,20nm,TT,0.9,25.0,3.75,266.6666666666667,6,12,2,V-2023.12-SP4,1455,1396,59,850.291195,725.471996,124.819199,0.04054982817869416,0.14679582681083742,3.51,0.0,0.0,0,V-2023.12-SP4,1389,1330,59,840.36,715.76,124.61,1198.7712,0.701,0.042476601871850254,0.1482816888000381,1.74,1.77,0.0,0,V-2023.12-SP3,V-2023.12-SP4,0.4597,0.3878,0.05239,0.8999,0.8474999999999999,3.1781249999999996,0.10900000000000001,0.007277,0.05155,0.1678,0.04437,0.01744,0.0001049,0.06192,0.3063,0.3631,0.0007417000000000001,0.6700999999999999,0.0,0.0,0.0,0.0,0.0,0.0,0.0,0.0,0.0,0.0,0.0,0.0,0.0,0.0,0.0,0.0,vectored,random,2,2026-07-25T10:10:43+00:00
fpmul_6_12_2_20nm_TT_0V9_25C_160MHz,fpmul,exp_bits=6;mantissa_bits=12;pipeline_stages=2,20nm,TT,0.9,25.0,6.25,160.0,6,12,2,V-2023.12-SP4,1319,1260,59,785.980796,661.372796,124.607999,0.04473085670962851,0.15853822336900963,5.9,0.11,0.0,0,V-2023.12-SP4,1221,1162,59,780.28,655.67,124.61,1095.3888,0.7123,0.04832104832104832,0.15969908238068387,2.99,3.02,0.0,0,V-2023.12-SP3,V-2023.12-SP4,0.1714,0.1034,0.1554,0.43019999999999997,0.2748,1.7175,0.07493,0.003505,0.1546,0.2331,0.01066,0.003908,8.801e-05,0.01465,0.08582000000000001,0.09598999999999999,0.00064,0.18239999999999998,0.0,0.0,0.0,0.0,0.0,0.0,0.0,0.0,0.0,0.0,0.0,0.0,0.0,0.0,0.0,0.0,unvectored,none,2,2026-07-25T10:10:44+00:00
fpmul_7_15_5_5nm_TT_0V7_25C_363p636MHz,fpmul,exp_bits=7;mantissa_bits=15;pipeline_stages=5,5nm,TT,0.7,25.0,2.75,363.6363636363636,7,15,5,V-2023.12-SP4,2186,2040,146,113.500799,88.972799,24.528,0.06678865507776761,0.2161042055747995,2.38,0.15,0.0,0,V-2023.12-SP4,1916,1770,146,105.09,80.5,24.6,160.02,0.6567,0.07620041753653445,0.23408506994005138,1.19,1.42,0.0,0,V-2023.12-SP3,V-2023.12-SP4,0.3191,0.2551,0.0008355,0.575,0.5742,1.57905,0.15100000000000002,0.0312,1.5020000000000002e-05,0.18230000000000002,0.025660000000000002,0.009012,0.0002684,0.03494,0.1424,0.21489999999999998,0.0005520999999999999,0.3578,0.0,0.0,0.0,0.0,0.0,0.0,0.0,0.0,0.0,0.0,0.0,0.0,0.0,0.0,0.0,0.0,unvectored,none,2,2026-07-25T10:10:44+00:00
fpmul_6_12_2_20nm_TT_0V9_25C_160MHz,fpmul,exp_bits=6;mantissa_bits=12;pipeline_stages=2,20nm,TT,0.9,25.0,6.25,160.0,6,12,2,V-2023.12-SP4,1319,1260,59,785.980796,661.372796,124.607999,0.04473085670962851,0.15853822336900963,5.9,0.11,0.0,0,V-2023.12-SP4,1221,1162,59,780.28,655.67,124.61,1095.3888,0.7123,0.04832104832104832,0.15969908238068387,2.99,3.02,0.0,0,V-2023.12-SP3,V-2023.12-SP4,0.2848,0.2308,0.1554,0.6708999999999999,0.5156000000000001,3.2225,0.07501000000000001,0.003505,0.1546,0.2331,0.02633,0.009741999999999999,0.0001049,0.036180000000000004,0.1834,0.2175,0.0006459,0.4016,0.0,0.0,0.0,0.0,0.0,0.0,0.0,0.0,0.0,0.0,0.0,0.0,0.0,0.0,0.0,0.0,vectored,random,2,2026-07-25T10:10:52+00:00
fpmul_7_15_5_5nm_TT_0V7_25C_363p636MHz,fpmul,exp_bits=7;mantissa_bits=15;pipeline_stages=5,5nm,TT,0.7,25.0,2.75,363.6363636363636,7,15,5,V-2023.12-SP4,2186,2040,146,113.500799,88.972799,24.528,0.06678865507776761,0.2161042055747995,2.38,0.15,0.0,0,V-2023.12-SP4,1916,1770,146,105.09,80.5,24.6,160.02,0.6567,0.07620041753653445,0.23408506994005138,1.19,1.42,0.0,0,V-2023.12-SP3,V-2023.12-SP4,0.5291,0.5446,0.0008214,1.074,1.0737,2.952675,0.1517,0.0312,1.5020000000000002e-05,0.1829,0.05985,0.02217,0.00024859999999999997,0.08227,0.3175,0.4912,0.0005578,0.8093,0.0,0.0,0.0,0.0,0.0,0.0,0.0,0.0,0.0,0.0,0.0,0.0,0.0,0.0,0.0,0.0,vectored,random,2,2026-07-25T10:10:52+00:00
fpmul_6_12_3_20nm_TT_0V9_25C_160MHz,fpmul,exp_bits=6;mantissa_bits=12;pipeline_stages=3,20nm,TT,0.9,25.0,6.25,160.0,6,12,3,V-2023.12-SP4,1358,1278,80,839.942395,670.982396,168.959999,0.05891016200294551,0.20115665074865044,5.8,0.21,0.0,0,V-2023.12-SP4,1290,1210,80,820.41,651.45,168.96,1189.6896,0.6896,0.06201550387596899,0.2059458075840129,2.99,3.02,0.0,0,V-2023.12-SP3,V-2023.12-SP4,0.1763,0.1032,0.000776,0.2803,0.2795,1.7468750000000002,0.07475,0.0,0.0,0.07475,0.014110000000000001,0.004374,0.00011999999999999999,0.018600000000000002,0.08748,0.09883,0.000656,0.187,0.0,0.0,0.0,0.0,0.0,0.0,0.0,0.0,0.0,0.0,0.0,0.0,0.0,0.0,0.0,0.0,unvectored,none,2,2026-07-25T10:13:48+00:00
fpmul_6_12_3_20nm_TT_0V9_25C_160MHz,fpmul,exp_bits=6;mantissa_bits=12;pipeline_stages=3,20nm,TT,0.9,25.0,6.25,160.0,6,12,3,V-2023.12-SP4,1358,1278,80,839.942395,670.982396,168.959999,0.05891016200294551,0.20115665074865044,5.8,0.21,0.0,0,V-2023.12-SP4,1290,1210,80,820.41,651.45,168.96,1189.6896,0.6896,0.06201550387596899,0.2059458075840129,2.99,3.02,0.0,0,V-2023.12-SP3,V-2023.12-SP4,0.3148,0.2564,0.0008043,0.5720000000000001,0.5712,3.5700000000000003,0.07498,0.0,0.0,0.07498,0.03461,0.01085,0.00014079999999999998,0.045599999999999995,0.2052,0.2456,0.0006635,0.4515,0.0,0.0,0.0,0.0,0.0,0.0,0.0,0.0,0.0,0.0,0.0,0.0,0.0,0.0,0.0,0.0,vectored,random,2,2026-07-25T10:13:54+00:00
fpmul_6_12_5_20nm_TT_0V9_25C_166p667MHz,fpmul,exp_bits=6;mantissa_bits=12;pipeline_stages=5,20nm,TT,0.9,25.0,6.0,166.66666666666666,6,12,5,V-2023.12-SP4,1409,1287,122,940.156795,682.492796,257.663999,0.08658623136976579,0.2740649223303226,5.45,0.32,0.0,0,V-2023.12-SP4,1342,1220,122,918.93,661.27,257.66,1316.304,0.6981,0.09090909090909091,0.28039132469284933,2.87,2.91,0.0,0,V-2023.12-SP3,V-2023.12-SP4,0.23479999999999998,0.10919999999999999,0.0008562999999999999,0.3448,0.344,2.064,0.1188,0.0,0.0,0.1188,0.022019999999999998,0.004971000000000001,0.0001838,0.02718,0.09391999999999999,0.1042,0.0006725,0.1988,0.0,0.0,0.0,0.0,0.0,0.0,0.0,0.0,0.0,0.0,0.0,0.0,0.0,0.0,0.0,0.0,unvectored,none,2,2026-07-25T10:14:36+00:00
fpmul_6_12_5_20nm_TT_0V9_25C_166p667MHz,fpmul,exp_bits=6;mantissa_bits=12;pipeline_stages=5,20nm,TT,0.9,25.0,6.0,166.66666666666666,6,12,5,V-2023.12-SP4,1409,1287,122,940.156795,682.492796,257.663999,0.08658623136976579,0.2740649223303226,5.45,0.32,0.0,0,V-2023.12-SP4,1342,1220,122,918.93,661.27,257.66,1316.304,0.6981,0.09090909090909091,0.28039132469284933,2.87,2.91,0.0,0,V-2023.12-SP3,V-2023.12-SP4,0.3728,0.24689999999999998,0.0008971999999999999,0.6206999999999999,0.6197,3.7182000000000004,0.1189,0.0,0.0,0.1189,0.05053,0.0122,0.00021260000000000002,0.06294000000000001,0.2034,0.23470000000000002,0.0006847,0.43879999999999997,0.0,0.0,0.0,0.0,0.0,0.0,0.0,0.0,0.0,0.0,0.0,0.0,0.0,0.0,0.0,0.0,vectored,random,2,2026-07-25T10:14:43+00:00
fpmul_7_15_2_20nm_TT_0V9_25C_250MHz,fpmul,exp_bits=7;mantissa_bits=15;pipeline_stages=2,20nm,TT,0.9,25.0,4.0,250.0,7,15,2,V-2023.12-SP4,1864,1793,71,1153.574394,1003.622395,149.951999,0.038090128755364806,0.1299890148220471,3.76,0.0,0.0,0,V-2023.12-SP4,1835,1764,71,1170.89,1020.94,149.95,1620.96,0.7223,0.038692098092643054,0.12806497621467428,1.88,1.89,0.0,0,V-2023.12-SP3,V-2023.12-SP4,0.3734,0.2651,0.08174999999999999,0.7202000000000001,0.6385000000000001,2.5540000000000003,0.1281,0.012969999999999999,0.05156,0.1926,0.02023,0.005702,0.00010630000000000001,0.02604,0.2251,0.24640000000000004,0.030090000000000002,0.5015,0.0,0.0,0.0,0.0,0.0,0.0,0.0,0.0,0.0,0.0,0.0,0.0,0.0,0.0,0.0,0.0,unvectored,none,2,2026-07-25T10:16:49+00:00
fpmul_7_15_2_20nm_TT_0V9_25C_250MHz,fpmul,exp_bits=7;mantissa_bits=15;pipeline_stages=2,20nm,TT,0.9,25.0,4.0,250.0,7,15,2,V-2023.12-SP4,1864,1793,71,1153.574394,1003.622395,149.951999,0.038090128755364806,0.1299890148220471,3.76,0.0,0.0,0,V-2023.12-SP4,1835,1764,71,1170.89,1020.94,149.95,1620.96,0.7223,0.038692098092643054,0.12806497621467428,1.88,1.89,0.0,0,V-2023.12-SP3,V-2023.12-SP4,0.5812,0.49339999999999995,0.08169,1.156,1.0746,4.2984,0.1283,0.012969999999999999,0.05156,0.1928,0.05,0.014110000000000001,0.000126,0.06423,0.4029,0.4664,0.030000000000000002,0.8993,0.0,0.0,0.0,0.0,0.0,0.0,0.0,0.0,0.0,0.0,0.0,0.0,0.0,0.0,0.0,0.0,vectored,random,2,2026-07-25T10:16:56+00:00
fpmul_7_15_2_20nm_TT_0V9_25C_148p148MHz,fpmul,exp_bits=7;mantissa_bits=15;pipeline_stages=2,20nm,TT,0.9,25.0,6.75,148.14814814814815,7,15,2,V-2023.12-SP4,1778,1707,71,1103.942394,953.990395,149.951999,0.03993250843644545,0.1358331737371434,6.47,0.04,0.0,0,V-2023.12-SP4,1679,1608,71,1088.63,938.47,150.16,1552.32,0.7013,0.04228707564026206,0.13793483552722227,3.24,3.27,0.0,0,V-2023.12-SP3,V-2023.12-SP4,0.1959,0.13999999999999999,0.00106,0.337,0.3359,2.267325,0.06473999999999999,0.004954,6.097e-06,0.0697,0.01206,0.002938,0.00010669999999999999,0.015099999999999999,0.1191,0.13210000000000002,0.0009472,0.2521,0.0,0.0,0.0,0.0,0.0,0.0,0.0,0.0,0.0,0.0,0.0,0.0,0.0,0.0,0.0,0.0,unvectored,none,2,2026-07-25T10:17:05+00:00
fpmul_7_15_2_20nm_TT_0V9_25C_148p148MHz,fpmul,exp_bits=7;mantissa_bits=15;pipeline_stages=2,20nm,TT,0.9,25.0,6.75,148.14814814814815,7,15,2,V-2023.12-SP4,1778,1707,71,1103.942394,953.990395,149.951999,0.03993250843644545,0.1358331737371434,6.47,0.04,0.0,0,V-2023.12-SP4,1679,1608,71,1088.63,938.47,150.16,1552.32,0.7013,0.04228707564026206,0.13793483552722227,3.24,3.27,0.0,0,V-2023.12-SP3,V-2023.12-SP4,0.33780000000000004,0.2987,0.0010869999999999999,0.6377,0.6365000000000001,4.296375,0.06482,0.004954,6.097e-06,0.06978,0.0305,0.007285,0.0001265,0.03791,0.24250000000000002,0.28650000000000003,0.0009544999999999999,0.53,0.0,0.0,0.0,0.0,0.0,0.0,0.0,0.0,0.0,0.0,0.0,0.0,0.0,0.0,0.0,0.0,vectored,random,2,2026-07-25T10:17:12+00:00
fpmul_7_15_3_20nm_TT_0V9_25C_148p148MHz,fpmul,exp_bits=7;mantissa_bits=15;pipeline_stages=3,20nm,TT,0.9,25.0,6.75,148.14814814814815,7,15,3,V-2023.12-SP4,1828,1732,96,1173.532794,970.780795,202.751999,0.0525164113785558,0.17277062902427934,6.18,0.33,0.0,0,V-2023.12-SP4,1750,1654,96,1160.76,957.79,202.96,1669.536,0.6953,0.054857142857142854,0.1748509597160481,3.25,3.31,0.0,0,V-2023.12-SP3,V-2023.12-SP4,0.2339,0.1527,0.05265,0.4393,0.3866,2.60955,0.09318,0.01374,0.05155,0.1585,0.01585,0.003477,0.00014450000000000002,0.01947,0.1249,0.13549999999999998,0.0009538000000000001,0.26130000000000003,0.0,0.0,0.0,0.0,0.0,0.0,0.0,0.0,0.0,0.0,0.0,0.0,0.0,0.0,0.0,0.0,unvectored,none,2,2026-07-25T10:20:02+00:00
fpmul_7_15_3_20nm_TT_0V9_25C_148p148MHz,fpmul,exp_bits=7;mantissa_bits=15;pipeline_stages=3,20nm,TT,0.9,25.0,6.75,148.14814814814815,7,15,3,V-2023.12-SP4,1828,1732,96,1173.532794,970.780795,202.751999,0.0525164113785558,0.17277062902427934,6.18,0.33,0.0,0,V-2023.12-SP4,1750,1654,96,1160.76,957.79,202.96,1669.536,0.6953,0.054857142857142854,0.1748509597160481,3.25,3.31,0.0,0,V-2023.12-SP3,V-2023.12-SP4,0.4025,0.33330000000000004,0.05268,0.7885,0.7358,4.9666500000000005,0.09326,0.01374,0.05155,0.1585,0.039490000000000004,0.00856,0.0001691,0.048220000000000006,0.2698,0.311,0.0009628999999999999,0.5817,0.0,0.0,0.0,0.0,0.0,0.0,0.0,0.0,0.0,0.0,0.0,0.0,0.0,0.0,0.0,0.0,vectored,random,2,2026-07-25T10:20:08+00:00
fpmul_7_15_5_20nm_TT_0V9_25C_148p148MHz,fpmul,exp_bits=7;mantissa_bits=15;pipeline_stages=5,20nm,TT,0.9,25.0,6.75,148.14814814814815,7,15,5,V-2023.12-SP4,1976,1830,146,1308.278393,999.926395,308.351998,0.07388663967611336,0.23569295315878536,6.42,0.09,0.0,0,V-2023.12-SP4,1882,1736,146,1284.31,975.74,308.56,1864.6848,0.6888,0.077577045696068,0.24025352134609246,3.23,3.29,0.0,0,V-2023.12-SP3,V-2023.12-SP4,0.27849999999999997,0.1427,0.001213,0.4223,0.42119999999999996,2.8430999999999997,0.127,0.0,0.0,0.127,0.02351,0.003836,0.0002202,0.027569999999999997,0.128,0.1388,0.0009927,0.2678,0.0,0.0,0.0,0.0,0.0,0.0,0.0,0.0,0.0,0.0,0.0,0.0,0.0,0.0,0.0,0.0,unvectored,none,2,2026-07-25T10:20:25+00:00
fpmul_7_15_5_20nm_TT_0V9_25C_148p148MHz,fpmul,exp_bits=7;mantissa_bits=15;pipeline_stages=5,20nm,TT,0.9,25.0,6.75,148.14814814814815,7,15,5,V-2023.12-SP4,1976,1830,146,1308.278393,999.926395,308.351998,0.07388663967611336,0.23569295315878536,6.42,0.09,0.0,0,V-2023.12-SP4,1882,1736,146,1284.31,975.74,308.56,1864.6848,0.6888,0.077577045696068,0.24025352134609246,3.23,3.29,0.0,0,V-2023.12-SP3,V-2023.12-SP4,0.47100000000000003,0.3418,0.00126,0.8141,0.8128,5.4864,0.1271,0.0,0.0,0.1271,0.055560000000000005,0.00931,0.0002542,0.06512,0.2884,0.3325,0.001006,0.6219,0.0,0.0,0.0,0.0,0.0,0.0,0.0,0.0,0.0,0.0,0.0,0.0,0.0,0.0,0.0,0.0,vectored,random,2,2026-07-25T10:20:33+00:00
fpmul_9_31_2_20nm_TT_0V9_25C_125MHz,fpmul,exp_bits=9;mantissa_bits=31;pipeline_stages=2,20nm,TT,0.9,25.0,8.0,125.0,9,31,2,V-2023.12-SP4,4639,4514,125,3146.140783,2882.140784,263.999999,0.026945462384134512,0.08391232853485439,7.76,0.0,0.0,0,V-2023.12-SP4,4433,4308,125,3141.6,2876.97,264.63,4443.7536,0.707,0.028197608842770134,0.08423414820473644,3.88,3.88,0.0,0,V-2023.12-SP3,V-2023.12-SP4,0.4754,0.3986,0.054540000000000005,0.9286,0.874,6.992,0.1002,0.005957,0.05155,0.1577,0.01804,0.005045999999999999,0.000188,0.02327,0.3572,0.3876,0.0028,0.7475999999999999,0.0,0.0,0.0,0.0,0.0,0.0,0.0,0.0,0.0,0.0,0.0,0.0,0.0,0.0,0.0,0.0,unvectored,none,2,2026-07-25T10:24:44+00:00
fpmul_9_31_2_20nm_TT_0V9_25C_125MHz,fpmul,exp_bits=9;mantissa_bits=31;pipeline_stages=2,20nm,TT,0.9,25.0,8.0,125.0,9,31,2,V-2023.12-SP4,4639,4514,125,3146.140783,2882.140784,263.999999,0.026945462384134512,0.08391232853485439,7.76,0.0,0.0,0,V-2023.12-SP4,4433,4308,125,3141.6,2876.97,264.63,4443.7536,0.707,0.028197608842770134,0.08423414820473644,3.88,3.88,0.0,0,V-2023.12-SP3,V-2023.12-SP4,0.7672,0.7554000000000001,0.054580000000000004,1.577,1.5226000000000002,12.180800000000001,0.1003,0.005957,0.05155,0.1578,0.04595,0.01251,0.00022380000000000002,0.05868,0.621,0.737,0.0028109999999999997,1.361,0.0,0.0,0.0,0.0,0.0,0.0,0.0,0.0,0.0,0.0,0.0,0.0,0.0,0.0,0.0,0.0,vectored,random,2,2026-07-25T10:24:53+00:00
fpmul_9_31_3_20nm_TT_0V9_25C_125MHz,fpmul,exp_bits=9;mantissa_bits=31;pipeline_stages=3,20nm,TT,0.9,25.0,8.0,125.0,9,31,3,V-2023.12-SP4,4823,4655,168,3268.425582,2913.609584,354.815998,0.03483309143686502,0.10855868952747659,7.76,0.0,0.0,0,V-2023.12-SP4,4625,4457,168,3278.99,2922.9,356.08,4640.592,0.7066,0.03632432432432432,0.10859441474356434,3.88,3.88,0.0,0,V-2023.12-SP3,V-2023.12-SP4,0.5136000000000001,0.4077,0.05469,0.976,0.9213,7.3704,0.1334,0.01153,0.05156,0.1965,0.023620000000000002,0.006013,0.0002541,0.02989,0.3566,0.3902,0.002885,0.7496999999999999,0.0,0.0,0.0,0.0,0.0,0.0,0.0,0.0,0.0,0.0,0.0,0.0,0.0,0.0,0.0,0.0,unvectored,none,2,2026-07-25T10:28:45+00:00
fpmul_9_31_3_20nm_TT_0V9_25C_125MHz,fpmul,exp_bits=9;mantissa_bits=31;pipeline_stages=3,20nm,TT,0.9,25.0,8.0,125.0,9,31,3,V-2023.12-SP4,4823,4655,168,3268.425582,2913.609584,354.815998,0.03483309143686502,0.10855868952747659,7.76,0.0,0.0,0,V-2023.12-SP4,4625,4457,168,3278.99,2922.9,356.08,4640.592,0.7066,0.03632432432432432,0.10859441474356434,3.88,3.88,0.0,0,V-2023.12-SP3,V-2023.12-SP4,0.8426,0.7993,0.05475,1.6969999999999998,1.6419000000000001,13.135200000000001,0.13349999999999998,0.01153,0.05156,0.1966,0.05764,0.014830000000000001,0.00029840000000000004,0.07278000000000001,0.6515,0.7728999999999999,0.0029000000000000002,1.427,0.0,0.0,0.0,0.0,0.0,0.0,0.0,0.0,0.0,0.0,0.0,0.0,0.0,0.0,0.0,0.0,vectored,random,2,2026-07-25T10:28:54+00:00
fpmul_9_31_5_20nm_TT_0V9_25C_125MHz,fpmul,exp_bits=9;mantissa_bits=31;pipeline_stages=5,20nm,TT,0.9,25.0,8.0,125.0,9,31,5,V-2023.12-SP4,5057,4803,254,3501.590381,2965.142384,536.447997,0.0502274075538857,0.15320124247279854,7.77,0.0,0.0,0,V-2023.12-SP4,4870,4616,254,3500.43,2962.71,537.72,4971.648,0.7041,0.05215605749486653,0.15361541296355022,3.88,3.88,0.0,0,V-2023.12-SP3,V-2023.12-SP4,0.5995,0.4185,0.054849999999999996,1.073,1.018,8.144,0.19790000000000002,0.009422,0.05155,0.25880000000000003,0.034789999999999995,0.006419,0.00038480000000000003,0.0416,0.36689999999999995,0.4027,0.002916,0.7725,0.0,0.0,0.0,0.0,0.0,0.0,0.0,0.0,0.0,0.0,0.0,0.0,0.0,0.0,0.0,0.0,unvectored,none,2,2026-07-25T10:29:53+00:00
fpmul_9_31_5_20nm_TT_0V9_25C_125MHz,fpmul,exp_bits=9;mantissa_bits=31;pipeline_stages=5,20nm,TT,0.9,25.0,8.0,125.0,9,31,5,V-2023.12-SP4,5057,4803,254,3501.590381,2965.142384,536.447997,0.0502274075538857,0.15320124247279854,7.77,0.0,0.0,0,V-2023.12-SP4,4870,4616,254,3500.43,2962.71,537.72,4971.648,0.7041,0.05215605749486653,0.15361541296355022,3.88,3.88,0.0,0,V-2023.12-SP3,V-2023.12-SP4,0.9917000000000001,0.8668,0.05493,1.913,1.8585000000000003,14.868000000000002,0.19799999999999998,0.009422,0.05155,0.259,0.08184,0.01573,0.0004452,0.09802,0.7119,0.8416,0.002939,1.556,0.0,0.0,0.0,0.0,0.0,0.0,0.0,0.0,0.0,0.0,0.0,0.0,0.0,0.0,0.0,0.0,vectored,random,2,2026-07-25T10:30:00+00:00
fpmul_10_40_2_20nm_TT_0V9_25C_117p647MHz,fpmul,exp_bits=10;mantissa_bits=40;pipeline_stages=2,20nm,TT,0.9,25.0,8.5,117.6470588235294,10,40,2,V-2023.12-SP4,6404,6249,155,4605.955175,4278.595177,327.359998,0.02420362273579013,0.07107320535311115,8.28,0.0,0.0,0,V-2023.12-SP4,6262,6107,155,4659.18,4329.92,329.26,6548.6784,0.7115,0.024752475247524754,0.07066908769354263,4.14,4.12,0.0,0,V-2023.12-SP3,V-2023.12-SP4,0.6494,0.5682,0.05596,1.274,1.2176,10.3496,0.1159,0.007304,0.05155,0.17479999999999998,0.02132,0.0075120000000000004,0.0002349,0.029070000000000002,0.5121,0.5532999999999999,0.004176,1.07,0.0,0.0,0.0,0.0,0.0,0.0,0.0,0.0,0.0,0.0,0.0,0.0,0.0,0.0,0.0,0.0,unvectored,none,2,2026-07-25T10:34:30+00:00
fpmul_10_40_2_20nm_TT_0V9_25C_117p647MHz,fpmul,exp_bits=10;mantissa_bits=40;pipeline_stages=2,20nm,TT,0.9,25.0,8.5,117.6470588235294,10,40,2,V-2023.12-SP4,6404,6249,155,4605.955175,4278.595177,327.359998,0.02420362273579013,0.07107320535311115,8.28,0.0,0.0,0,V-2023.12-SP4,6262,6107,155,4659.18,4329.92,329.26,6548.6784,0.7115,0.024752475247524754,0.07066908769354263,4.14,4.12,0.0,0,V-2023.12-SP3,V-2023.12-SP4,1.1150000000000002,1.135,0.05602,2.306,2.25,19.125,0.11610000000000001,0.007304,0.05155,0.1749,0.05462,0.01863,0.00028000000000000003,0.07353,0.9443,1.109,0.004189999999999999,2.058,0.0,0.0,0.0,0.0,0.0,0.0,0.0,0.0,0.0,0.0,0.0,0.0,0.0,0.0,0.0,0.0,vectored,random,2,2026-07-25T10:34:39+00:00
fpmul_10_40_3_20nm_TT_0V9_25C_117p647MHz,fpmul,exp_bits=10;mantissa_bits=40;pipeline_stages=3,20nm,TT,0.9,25.0,8.5,117.6470588235294,10,40,3,V-2023.12-SP4,6516,6308,208,4731.724774,4292.428777,439.295998,0.03192142418661756,0.09284056427243077,8.22,0.04,0.0,0,V-2023.12-SP4,6284,6076,208,4777.66,4336.25,441.41,6699.6864,0.7131,0.033099936346276254,0.09239041706609513,4.13,4.13,0.0,0,V-2023.12-SP3,V-2023.12-SP4,0.6851,0.5649000000000001,0.05604,1.306,1.25,10.625,0.147,0.006241999999999999,0.05155,0.20479999999999998,0.02765,0.008427,0.00031580000000000003,0.036390000000000006,0.5105,0.5503,0.00418,1.065,0.0,0.0,0.0,0.0,0.0,0.0,0.0,0.0,0.0,0.0,0.0,0.0,0.0,0.0,0.0,0.0,unvectored,none,2,2026-07-25T10:39:13+00:00
fpmul_10_40_3_20nm_TT_0V9_25C_117p647MHz,fpmul,exp_bits=10;mantissa_bits=40;pipeline_stages=3,20nm,TT,0.9,25.0,8.5,117.6470588235294,10,40,3,V-2023.12-SP4,6516,6308,208,4731.724774,4292.428777,439.295998,0.03192142418661756,0.09284056427243077,8.22,0.04,0.0,0,V-2023.12-SP4,6284,6076,208,4777.66,4336.25,441.41,6699.6864,0.7131,0.033099936346276254,0.09239041706609513,4.13,4.13,0.0,0,V-2023.12-SP3,V-2023.12-SP4,1.181,1.1440000000000001,0.05611,2.381,2.325,19.762500000000003,0.1471,0.006241999999999999,0.05155,0.2049,0.06716,0.02079,0.0003702,0.08832,0.9666,1.117,0.004198,2.088,0.0,0.0,0.0,0.0,0.0,0.0,0.0,0.0,0.0,0.0,0.0,0.0,0.0,0.0,0.0,0.0,vectored,random,2,2026-07-25T10:39:21+00:00
fpmul_10_40_5_20nm_TT_0V9_25C_117p647MHz,fpmul,exp_bits=10;mantissa_bits=40;pipeline_stages=5,20nm,TT,0.9,25.0,8.5,117.6470588235294,10,40,5,V-2023.12-SP4,6765,6451,314,5010.086373,4346.918376,663.167996,0.04641537324464154,0.1323665794613637,8.28,0.0,0.0,0,V-2023.12-SP4,6663,6349,314,5137.55,4472.69,664.86,7096.32,0.724,0.04712591925559057,0.1294118792031221,4.14,4.17,0.0,0,V-2023.12-SP3,V-2023.12-SP4,0.8349,0.6223,0.3657,1.823,1.4571999999999998,12.386199999999999,0.2797,0.05753,0.3609,0.6981,0.04044,0.009163000000000001,0.0004757,0.05008,0.5148,0.5556,0.004313,1.075,0.0,0.0,0.0,0.0,0.0,0.0,0.0,0.0,0.0,0.0,0.0,0.0,0.0,0.0,0.0,0.0,unvectored,none,2,2026-07-25T10:40:30+00:00
fpmul_10_40_5_20nm_TT_0V9_25C_117p647MHz,fpmul,exp_bits=10;mantissa_bits=40;pipeline_stages=5,20nm,TT,0.9,25.0,8.5,117.6470588235294,10,40,5,V-2023.12-SP4,6765,6451,314,5010.086373,4346.918376,663.167996,0.04641537324464154,0.1323665794613637,8.28,0.0,0.0,0,V-2023.12-SP4,6663,6349,314,5137.55,4472.69,664.86,7096.32,0.724,0.04712591925559057,0.1294118792031221,4.14,4.17,0.0,0,V-2023.12-SP3,V-2023.12-SP4,1.292,1.1620000000000001,0.3658,2.82,2.454,20.859,0.27980000000000005,0.05753,0.3609,0.6983,0.09534000000000001,0.02254,0.0005488,0.1184,0.9169999999999999,1.082,0.004342,2.004,0.0,0.0,0.0,0.0,0.0,0.0,0.0,0.0,0.0,0.0,0.0,0.0,0.0,0.0,0.0,0.0,vectored,random,2,2026-07-25T10:40:39+00:00
fpmul_12_64_2_20nm_TT_0V9_25C_102p564MHz,fpmul,exp_bits=12;mantissa_bits=64;pipeline_stages=2,20nm,TT,0.9,25.0,9.75,102.56410256410257,12,64,2,V-2023.12-SP4,13209,12976,233,10219.228745,9726.499147,492.729597,0.017639488227723522,0.04821592796237971,9.51,0.0,0.0,0,V-2023.12-SP4,12997,12764,233,10432.33,9937.28,495.05,14590.224,0.715,0.017927213972455183,0.04745344520351638,4.78,4.78,0.0,0,V-2023.12-SP3,V-2023.12-SP4,1.254,1.196,0.08007,2.5300000000000002,2.45,23.887500000000003,0.159,0.03129,0.05158,0.2419,0.0279,0.0134,0.00035339999999999997,0.04165,1.0679999999999998,1.1509999999999998,0.02813,2.247,0.0,0.0,0.0,0.0,0.0,0.0,0.0,0.0,0.0,0.0,0.0,0.0,0.0,0.0,0.0,0.0,unvectored,none,2,2026-07-25T10:50:21+00:00
fpmul_12_64_2_20nm_TT_0V9_25C_102p564MHz,fpmul,exp_bits=12;mantissa_bits=64;pipeline_stages=2,20nm,TT,0.9,25.0,9.75,102.56410256410257,12,64,2,V-2023.12-SP4,13209,12976,233,10219.228745,9726.499147,492.729597,0.017639488227723522,0.04821592796237971,9.51,0.0,0.0,0,V-2023.12-SP4,12997,12764,233,10432.33,9937.28,495.05,14590.224,0.715,0.017927213972455183,0.04745344520351638,4.78,4.78,0.0,0,V-2023.12-SP3,V-2023.12-SP4,2.1189999999999998,2.294,0.07847,4.4910000000000005,4.413,43.02675,0.1591,0.03129,0.05158,0.242,0.07148,0.03332,0.0004217,0.1052,1.888,2.2300000000000004,0.02647,4.144,0.0,0.0,0.0,0.0,0.0,0.0,0.0,0.0,0.0,0.0,0.0,0.0,0.0,0.0,0.0,0.0,vectored,random,2,2026-07-25T10:50:30+00:00
fpmul_4_3_2_16nm_TT_0V85_25C_571p429MHz,fpmul,exp_bits=4;mantissa_bits=3;pipeline_stages=2,16nm,TT,0.85,25.0,1.75,571.4285714285714,4,3,2,V-2023.12-SP4,395,369,26,122.363139,90.014978,32.348161,0.06582278481012659,0.26436197423800967,1.5,0.02,0.0,0,V-2023.12-SP4,364,338,26,119.13,84.67,34.46,166.9663,0.7135,0.07142857142857142,0.2892638294300344,0.72,0.8,0.0,0,V-2023.12-SP3,V-2023.12-SP4,0.13119999999999998,0.05858,0.0001927,0.19,0.18977999999999998,0.33211499999999994,0.07085,0.0,0.0,0.07085,0.015639999999999998,0.00274,6.314e-05,0.018439999999999998,0.044719999999999996,0.05584,0.00012949999999999998,0.1007,0.0,0.0,0.0,0.0,0.0,0.0,0.0,0.0,0.0,0.0,0.0,0.0,0.0,0.0,0.0,0.0,unvectored,none,2,2026-07-25T10:58:03+00:00
fpmul_4_3_2_16nm_TT_0V85_25C_363p636MHz,fpmul,exp_bits=4;mantissa_bits=3;pipeline_stages=2,16nm,TT,0.85,25.0,2.75,363.6363636363636,4,3,2,V-2023.12-SP4,307,281,26,116.204547,83.856386,32.348161,0.08469055374592833,0.2783725924253205,2.16,0.35,0.0,0,V-2023.12-SP4,287,261,26,114.28,79.81,34.46,162.8605,0.7017,0.09059233449477352,0.3015400770038502,1.22,1.3,0.0,0,V-2023.12-SP3,V-2023.12-SP4,0.08016000000000001,0.03018,0.00017219999999999998,0.1105,0.11034000000000001,0.303435,0.04508,0.0,0.0,0.04508,0.01005,0.002086,6.321e-05,0.0122,0.02503,0.02809,0.00010899999999999999,0.05323,0.0,0.0,0.0,0.0,0.0,0.0,0.0,0.0,0.0,0.0,0.0,0.0,0.0,0.0,0.0,0.0,unvectored,none,2,2026-07-25T10:58:09+00:00
fpmul_4_3_2_16nm_TT_0V85_25C_571p429MHz,fpmul,exp_bits=4;mantissa_bits=3;pipeline_stages=2,16nm,TT,0.85,25.0,1.75,571.4285714285714,4,3,2,V-2023.12-SP4,395,369,26,122.363139,90.014978,32.348161,0.06582278481012659,0.26436197423800967,1.5,0.02,0.0,0,V-2023.12-SP4,364,338,26,119.13,84.67,34.46,166.9663,0.7135,0.07142857142857142,0.2892638294300344,0.72,0.8,0.0,0,V-2023.12-SP3,V-2023.12-SP4,0.194,0.1105,0.0001982,0.30469999999999997,0.3045,0.532875,0.07101,0.0,0.0,0.07101,0.0371,0.006833,6.616e-05,0.044,0.08589000000000001,0.1036,0.00013209999999999999,0.1896,0.0,0.0,0.0,0.0,0.0,0.0,0.0,0.0,0.0,0.0,0.0,0.0,0.0,0.0,0.0,0.0,vectored,random,2,2026-07-25T10:58:10+00:00
fpmul_4_3_2_16nm_TT_0V85_25C_363p636MHz,fpmul,exp_bits=4;mantissa_bits=3;pipeline_stages=2,16nm,TT,0.85,25.0,2.75,363.6363636363636,4,3,2,V-2023.12-SP4,307,281,26,116.204547,83.856386,32.348161,0.08469055374592833,0.2783725924253205,2.16,0.35,0.0,0,V-2023.12-SP4,287,261,26,114.28,79.81,34.46,162.8605,0.7017,0.09059233449477352,0.3015400770038502,1.22,1.3,0.0,0,V-2023.12-SP3,V-2023.12-SP4,0.1189,0.06091,0.00017739999999999998,0.18000000000000002,0.17981,0.4944775,0.04519,0.0,0.0,0.04519,0.023969999999999998,0.005201,6.601e-05,0.029240000000000002,0.04972,0.05571,0.00011140000000000001,0.1055,0.0,0.0,0.0,0.0,0.0,0.0,0.0,0.0,0.0,0.0,0.0,0.0,0.0,0.0,0.0,0.0,vectored,random,2,2026-07-25T10:58:16+00:00
fpmul_12_64_3_20nm_TT_0V9_25C_102p564MHz,fpmul,exp_bits=12;mantissa_bits=64;pipeline_stages=3,20nm,TT,0.9,25.0,9.75,102.56410256410257,12,64,3,V-2023.12-SP4,12948,12636,312,10368.335944,9709.391947,658.943996,0.024096385542168676,0.06355349590898633,9.53,0.01,0.0,0,V-2023.12-SP4,12804,12492,312,10647.65,9986.17,661.48,14799.2064,0.7195,0.02436738519212746,0.06212450634647082,4.78,4.78,0.0,0,V-2023.12-SP3,V-2023.12-SP4,1.339,1.2069999999999999,0.2164,2.762,2.546,24.8235,0.2275,0.04884,0.2063,0.48260000000000003,0.03621,0.014939999999999998,0.0004727,0.05162,1.075,1.143,0.009641,2.2279999999999998,0.0,0.0,0.0,0.0,0.0,0.0,0.0,0.0,0.0,0.0,0.0,0.0,0.0,0.0,0.0,0.0,unvectored,none,2,2026-07-25T10:58:26+00:00
fpmul_12_64_3_20nm_TT_0V9_25C_102p564MHz,fpmul,exp_bits=12;mantissa_bits=64;pipeline_stages=3,20nm,TT,0.9,25.0,9.75,102.56410256410257,12,64,3,V-2023.12-SP4,12948,12636,312,10368.335944,9709.391947,658.943996,0.024096385542168676,0.06355349590898633,9.53,0.01,0.0,0,V-2023.12-SP4,12804,12492,312,10647.65,9986.17,661.48,14799.2064,0.7195,0.02436738519212746,0.06212450634647082,4.78,4.78,0.0,0,V-2023.12-SP3,V-2023.12-SP4,2.2039999999999997,2.277,0.2165,4.697,4.481,43.68975,0.2277,0.04884,0.2063,0.4828,0.08824,0.037110000000000004,0.0005541,0.12589999999999998,1.888,2.191,0.009668,4.0889999999999995,0.0,0.0,0.0,0.0,0.0,0.0,0.0,0.0,0.0,0.0,0.0,0.0,0.0,0.0,0.0,0.0,vectored,random,2,2026-07-25T10:58:34+00:00
fpmul_4_3_3_16nm_TT_0V85_25C_571p429MHz,fpmul,exp_bits=4;mantissa_bits=3;pipeline_stages=3,16nm,TT,0.85,25.0,1.75,571.4285714285714,4,3,3,V-2023.12-SP4,415,379,36,137.29306,92.503298,44.789762,0.08674698795180723,0.326234712810684,1.5,0.02,0.0,0,V-2023.12-SP4,380,344,36,133.25,86.22,47.03,192.596,0.6919,0.09473684210526316,0.3529455909943715,0.72,0.8,0.0,0,V-2023.12-SP3,V-2023.12-SP4,0.17,0.06831999999999999,0.0002466,0.2386,0.23832,0.41706,0.1044,0.009219,2.938e-06,0.11359999999999999,0.02058,0.003437,0.0001141,0.024130000000000002,0.04505,0.05567,0.0001296,0.1008,0.0,0.0,0.0,0.0,0.0,0.0,0.0,0.0,0.0,0.0,0.0,0.0,0.0,0.0,0.0,0.0,unvectored,none,2,2026-07-25T11:00:40+00:00
fpmul_4_3_3_16nm_TT_0V85_25C_363p636MHz,fpmul,exp_bits=4;mantissa_bits=3;pipeline_stages=3,16nm,TT,0.85,25.0,2.75,363.6363636363636,4,3,3,V-2023.12-SP4,327,291,36,131.134468,86.344706,44.789762,0.11009174311926606,0.341555982062626,2.16,0.35,0.0,0,V-2023.12-SP4,307,271,36,129.27,82.24,47.03,180.2788,0.717,0.11726384364820847,0.3638121760655991,1.22,1.3,0.0,0,V-2023.12-SP3,V-2023.12-SP4,0.10189999999999999,0.03096,0.00022779999999999998,0.1331,0.13285999999999998,0.36536499999999994,0.06261,0.0,0.0,0.06261,0.013179999999999999,0.002375,0.0001143,0.01567,0.02614,0.02858,0.00011350000000000001,0.054830000000000004,0.0,0.0,0.0,0.0,0.0,0.0,0.0,0.0,0.0,0.0,0.0,0.0,0.0,0.0,0.0,0.0,unvectored,none,2,2026-07-25T11:00:47+00:00
fpmul_4_3_3_16nm_TT_0V85_25C_571p429MHz,fpmul,exp_bits=4;mantissa_bits=3;pipeline_stages=3,16nm,TT,0.85,25.0,1.75,571.4285714285714,4,3,3,V-2023.12-SP4,415,379,36,137.29306,92.503298,44.789762,0.08674698795180723,0.326234712810684,1.5,0.02,0.0,0,V-2023.12-SP4,380,344,36,133.25,86.22,47.03,192.596,0.6919,0.09473684210526316,0.3529455909943715,0.72,0.8,0.0,0,V-2023.12-SP3,V-2023.12-SP4,0.2364,0.1196,0.0002457,0.35619999999999996,0.356,0.623,0.10450000000000001,0.009219,2.938e-06,0.1137,0.04664,0.008456,0.0001101,0.05521,0.08523,0.10189999999999999,0.0001327,0.1873,0.0,0.0,0.0,0.0,0.0,0.0,0.0,0.0,0.0,0.0,0.0,0.0,0.0,0.0,0.0,0.0,vectored,random,2,2026-07-25T11:00:47+00:00
fpmul_4_3_3_16nm_TT_0V85_25C_363p636MHz,fpmul,exp_bits=4;mantissa_bits=3;pipeline_stages=3,16nm,TT,0.85,25.0,2.75,363.6363636363636,4,3,3,V-2023.12-SP4,327,291,36,131.134468,86.344706,44.789762,0.11009174311926606,0.341555982062626,2.16,0.35,0.0,0,V-2023.12-SP4,307,271,36,129.27,82.24,47.03,180.2788,0.717,0.11726384364820847,0.3638121760655991,1.22,1.3,0.0,0,V-2023.12-SP3,V-2023.12-SP4,0.1447,0.06204,0.0002265,0.207,0.20673999999999998,0.5685349999999999,0.06276999999999999,0.0,0.0,0.06276999999999999,0.03045,0.005854,0.0001099,0.03641,0.05149,0.05618,0.0001167,0.1078,0.0,0.0,0.0,0.0,0.0,0.0,0.0,0.0,0.0,0.0,0.0,0.0,0.0,0.0,0.0,0.0,vectored,random,2,2026-07-25T11:00:54+00:00
fpmul_4_3_5_16nm_TT_0V85_25C_571p429MHz,fpmul,exp_bits=4;mantissa_bits=3;pipeline_stages=5,16nm,TT,0.85,25.0,1.75,571.4285714285714,4,3,5,V-2023.12-SP4,456,400,56,167.277317,97.604354,69.672963,0.12280701754385964,0.4165117198765209,1.51,0.01,0.0,0,V-2023.12-SP4,424,368,56,167.03,94.87,72.16,231.2893,0.7222,0.1320754716981132,0.4320182003232952,0.72,0.8,0.0,0,V-2023.12-SP3,V-2023.12-SP4,0.26180000000000003,0.07326999999999999,0.06459000000000001,0.3997,0.33507000000000003,0.5863725000000001,0.183,0.0111,0.06423,0.2583,0.03042,0.004076,0.0002162,0.03471,0.04842,0.05809,0.000141,0.1067,0.0,0.0,0.0,0.0,0.0,0.0,0.0,0.0,0.0,0.0,0.0,0.0,0.0,0.0,0.0,0.0,unvectored,none,2,2026-07-25T11:03:22+00:00
fpmul_4_3_5_16nm_TT_0V85_25C_363p636MHz,fpmul,exp_bits=4;mantissa_bits=3;pipeline_stages=5,16nm,TT,0.85,25.0,2.75,363.6363636363636,4,3,5,V-2023.12-SP4,367,311,56,160.994309,91.321346,69.672963,0.15258855585831063,0.4327666203405985,2.16,0.35,0.0,0,V-2023.12-SP4,348,292,56,159.69,87.53,72.16,226.4371,0.7052,0.16091954022988506,0.4518755087982967,1.22,1.3,0.0,0,V-2023.12-SP3,V-2023.12-SP4,0.14559999999999998,0.03364,0.0003409,0.1796,0.17923999999999998,0.49290999999999996,0.09741000000000001,0.0,0.0,0.09741000000000001,0.01947,0.0029749999999999998,0.0002164,0.02266,0.028739999999999998,0.03066,0.00012450000000000002,0.05953,0.0,0.0,0.0,0.0,0.0,0.0,0.0,0.0,0.0,0.0,0.0,0.0,0.0,0.0,0.0,0.0,unvectored,none,2,2026-07-25T11:03:24+00:00
fpmul_4_3_5_16nm_TT_0V85_25C_571p429MHz,fpmul,exp_bits=4;mantissa_bits=3;pipeline_stages=5,16nm,TT,0.85,25.0,1.75,571.4285714285714,4,3,5,V-2023.12-SP4,456,400,56,167.277317,97.604354,69.672963,0.12280701754385964,0.4165117198765209,1.51,0.01,0.0,0,V-2023.12-SP4,424,368,56,167.03,94.87,72.16,231.2893,0.7222,0.1320754716981132,0.4320182003232952,0.72,0.8,0.0,0,V-2023.12-SP3,V-2023.12-SP4,0.3409,0.12669999999999998,0.06457,0.5322,0.46759999999999996,0.8182999999999999,0.18330000000000002,0.0111,0.06423,0.2586,0.06661,0.009836999999999999,0.00019749999999999998,0.07664,0.09106,0.10579999999999999,0.0001457,0.19699999999999998,0.0,0.0,0.0,0.0,0.0,0.0,0.0,0.0,0.0,0.0,0.0,0.0,0.0,0.0,0.0,0.0,vectored,random,2,2026-07-25T11:03:29+00:00
fpmul_4_3_5_16nm_TT_0V85_25C_363p636MHz,fpmul,exp_bits=4;mantissa_bits=3;pipeline_stages=5,16nm,TT,0.85,25.0,2.75,363.6363636363636,4,3,5,V-2023.12-SP4,367,311,56,160.994309,91.321346,69.672963,0.15258855585831063,0.4327666203405985,2.16,0.35,0.0,0,V-2023.12-SP4,348,292,56,159.69,87.53,72.16,226.4371,0.7052,0.16091954022988506,0.4518755087982967,1.22,1.3,0.0,0,V-2023.12-SP3,V-2023.12-SP4,0.1953,0.06416,0.0003264,0.25980000000000003,0.25946,0.7135150000000001,0.09765,0.0,0.0,0.09765,0.04319,0.007201,0.0001973,0.05059,0.054459999999999995,0.05696,0.000129,0.1116,0.0,0.0,0.0,0.0,0.0,0.0,0.0,0.0,0.0,0.0,0.0,0.0,0.0,0.0,0.0,0.0,vectored,random,2,2026-07-25T11:03:31+00:00
fpmul_5_2_2_16nm_TT_0V85_25C_400MHz,fpmul,exp_bits=5;mantissa_bits=2;pipeline_stages=2,16nm,TT,0.85,25.0,2.5,400.0,5,2,2,V-2023.12-SP4,251,225,26,98.724099,66.375937,32.348161,0.10358565737051793,0.3276622560009385,1.97,0.29,0.0,0,V-2023.12-SP4,227,201,26,95.99,61.52,34.46,135.6134,0.7078,0.1145374449339207,0.3589957287217419,1.09,1.18,0.0,0,V-2023.12-SP3,V-2023.12-SP4,0.07982,0.02171,0.0001506,0.1017,0.10153000000000001,0.253825,0.04961,0.0,0.0,0.04961,0.01106,0.0022730000000000003,6.318e-05,0.0134,0.01916,0.01943,8.74e-05,0.03868,0.0,0.0,0.0,0.0,0.0,0.0,0.0,0.0,0.0,0.0,0.0,0.0,0.0,0.0,0.0,0.0,unvectored,none,2,2026-07-25T11:05:58+00:00
fpmul_5_2_2_16nm_TT_0V85_25C_666p667MHz,fpmul,exp_bits=5;mantissa_bits=2;pipeline_stages=2,16nm,TT,0.85,25.0,1.5,666.6666666666666,5,2,2,V-2023.12-SP4,362,336,26,109.859331,76.640257,33.219073,0.0718232044198895,0.30237825679095026,1.27,0.0,0.0,0,V-2023.12-SP4,336,310,26,108.06,73.72,34.34,150.2323,0.7193,0.07738095238095238,0.31778641495465487,0.59,0.68,0.0,0,V-2023.12-SP3,V-2023.12-SP4,0.1444,0.05194,0.00019439999999999998,0.1966,0.19634000000000001,0.29451000000000005,0.08276,0.0,0.0,0.08276,0.01806,0.0033569999999999997,6.804e-05,0.02149,0.043609999999999996,0.04858,0.00012639999999999998,0.09232,0.0,0.0,0.0,0.0,0.0,0.0,0.0,0.0,0.0,0.0,0.0,0.0,0.0,0.0,0.0,0.0,unvectored,none,2,2026-07-25T11:05:59+00:00
fpmul_5_2_2_16nm_TT_0V85_25C_400MHz,fpmul,exp_bits=5;mantissa_bits=2;pipeline_stages=2,16nm,TT,0.85,25.0,2.5,400.0,5,2,2,V-2023.12-SP4,251,225,26,98.724099,66.375937,32.348161,0.10358565737051793,0.3276622560009385,1.97,0.29,0.0,0,V-2023.12-SP4,227,201,26,95.99,61.52,34.46,135.6134,0.7078,0.1145374449339207,0.3589957287217419,1.09,1.18,0.0,0,V-2023.12-SP3,V-2023.12-SP4,0.11270000000000001,0.044969999999999996,0.0001556,0.15789999999999998,0.15767,0.394175,0.04972,0.0,0.0,0.04972,0.02539,0.0056760000000000005,6.593e-05,0.03113,0.03762,0.03929,8.964e-05,0.077,0.0,0.0,0.0,0.0,0.0,0.0,0.0,0.0,0.0,0.0,0.0,0.0,0.0,0.0,0.0,0.0,vectored,random,2,2026-07-25T11:06:05+00:00
fpmul_5_2_2_16nm_TT_0V85_25C_666p667MHz,fpmul,exp_bits=5;mantissa_bits=2;pipeline_stages=2,16nm,TT,0.85,25.0,1.5,666.6666666666666,5,2,2,V-2023.12-SP4,362,336,26,109.859331,76.640257,33.219073,0.0718232044198895,0.30237825679095026,1.27,0.0,0.0,0,V-2023.12-SP4,336,310,26,108.06,73.72,34.34,150.2323,0.7193,0.07738095238095238,0.31778641495465487,0.59,0.68,0.0,0,V-2023.12-SP3,V-2023.12-SP4,0.2062,0.09380000000000001,0.00019810000000000002,0.30019999999999997,0.3,0.44999999999999996,0.08296,0.0,0.0,0.08296,0.041069999999999995,0.008301999999999999,6.918e-05,0.04944,0.08216,0.0855,0.0001289,0.1678,0.0,0.0,0.0,0.0,0.0,0.0,0.0,0.0,0.0,0.0,0.0,0.0,0.0,0.0,0.0,0.0,vectored,random,2,2026-07-25T11:06:06+00:00
fpmul_5_2_3_16nm_TT_0V85_25C_666p667MHz,fpmul,exp_bits=5;mantissa_bits=2;pipeline_stages=3,16nm,TT,0.85,25.0,1.5,666.6666666666666,5,2,3,V-2023.12-SP4,381,345,36,124.042755,78.506497,45.536258,0.09448818897637795,0.3671013111567862,1.27,0.0,0.0,0,V-2023.12-SP4,350,314,36,119.94,73.03,46.9,175.9864,0.6815,0.10285714285714286,0.3910288477572119,0.59,0.68,0.0,0,V-2023.12-SP3,V-2023.12-SP4,0.1864,0.06192,0.0002412,0.24850000000000003,0.24832,0.37248000000000003,0.12029999999999999,0.01099,1.469e-06,0.1313,0.023819999999999997,0.0036550000000000003,0.0001192,0.02759,0.042280000000000005,0.04728,0.0001206,0.08968,0.0,0.0,0.0,0.0,0.0,0.0,0.0,0.0,0.0,0.0,0.0,0.0,0.0,0.0,0.0,0.0,unvectored,none,2,2026-07-25T11:08:30+00:00
fpmul_5_2_3_16nm_TT_0V85_25C_400MHz,fpmul,exp_bits=5;mantissa_bits=2;pipeline_stages=3,16nm,TT,0.85,25.0,2.5,400.0,5,2,3,V-2023.12-SP4,271,235,36,113.654019,68.864257,44.789762,0.13284132841328414,0.3940886771456802,1.97,0.29,0.0,0,V-2023.12-SP4,246,210,36,111.29,64.26,47.03,160.1234,0.695,0.14634146341463414,0.4225896306945817,1.09,1.18,0.0,0,V-2023.12-SP3,V-2023.12-SP4,0.1036,0.022359999999999998,0.000207,0.1262,0.12596,0.31489999999999996,0.06888000000000001,0.0,0.0,0.06888000000000001,0.01453,0.002582,0.0001141,0.01723,0.02022,0.01977,9.287e-05,0.04009,0.0,0.0,0.0,0.0,0.0,0.0,0.0,0.0,0.0,0.0,0.0,0.0,0.0,0.0,0.0,0.0,unvectored,none,2,2026-07-25T11:08:34+00:00
fpmul_5_2_3_16nm_TT_0V85_25C_666p667MHz,fpmul,exp_bits=5;mantissa_bits=2;pipeline_stages=3,16nm,TT,0.85,25.0,1.5,666.6666666666666,5,2,3,V-2023.12-SP4,381,345,36,124.042755,78.506497,45.536258,0.09448818897637795,0.3671013111567862,1.27,0.0,0.0,0,V-2023.12-SP4,350,314,36,119.94,73.03,46.9,175.9864,0.6815,0.10285714285714286,0.3910288477572119,0.59,0.68,0.0,0,V-2023.12-SP3,V-2023.12-SP4,0.2543,0.1055,0.0002378,0.36010000000000003,0.3598,0.5397000000000001,0.1204,0.01099,1.469e-06,0.1314,0.05271,0.008950000000000001,0.0001125,0.06177,0.08119,0.08557,0.0001239,0.1669,0.0,0.0,0.0,0.0,0.0,0.0,0.0,0.0,0.0,0.0,0.0,0.0,0.0,0.0,0.0,0.0,vectored,random,2,2026-07-25T11:08:38+00:00
fpmul_5_2_3_16nm_TT_0V85_25C_400MHz,fpmul,exp_bits=5;mantissa_bits=2;pipeline_stages=3,16nm,TT,0.85,25.0,2.5,400.0,5,2,3,V-2023.12-SP4,271,235,36,113.654019,68.864257,44.789762,0.13284132841328414,0.3940886771456802,1.97,0.29,0.0,0,V-2023.12-SP4,246,210,36,111.29,64.26,47.03,160.1234,0.695,0.14634146341463414,0.4225896306945817,1.09,1.18,0.0,0,V-2023.12-SP3,V-2023.12-SP4,0.14109999999999998,0.046579999999999996,0.00020559999999999998,0.18780000000000002,0.18767999999999996,0.4691999999999999,0.06905,0.0,0.0,0.06905,0.032369999999999996,0.006356,0.0001097,0.03884,0.03963,0.04022,9.584e-05,0.07995000000000001,0.0,0.0,0.0,0.0,0.0,0.0,0.0,0.0,0.0,0.0,0.0,0.0,0.0,0.0,0.0,0.0,vectored,random,2,2026-07-25T11:08:42+00:00
fpmul_5_2_5_16nm_TT_0V85_25C_666p667MHz,fpmul,exp_bits=5;mantissa_bits=2;pipeline_stages=5,16nm,TT,0.85,25.0,1.5,666.6666666666666,5,2,5,V-2023.12-SP4,417,361,56,154.773509,84.229634,70.543875,0.1342925659472422,0.455787786009297,1.26,0.0,0.0,0,V-2023.12-SP4,390,334,56,151.48,79.44,72.04,213.0624,0.7109,0.14358974358974358,0.475574333245313,0.59,0.68,0.0,0,V-2023.12-SP3,V-2023.12-SP4,0.2689,0.06773,0.00035820000000000003,0.337,0.33663,0.504945,0.1847,0.01124,1.469e-06,0.1959,0.03533,0.004868,0.0002213,0.040420000000000005,0.04892,0.05162,0.0001355,0.1007,0.0,0.0,0.0,0.0,0.0,0.0,0.0,0.0,0.0,0.0,0.0,0.0,0.0,0.0,0.0,0.0,unvectored,none,2,2026-07-25T11:11:13+00:00
fpmul_5_2_5_16nm_TT_0V85_25C_400MHz,fpmul,exp_bits=5;mantissa_bits=2;pipeline_stages=5,16nm,TT,0.85,25.0,2.5,400.0,5,2,5,V-2023.12-SP4,311,255,56,143.51386,73.840897,69.672963,0.18006430868167203,0.48547898439913745,1.97,0.29,0.0,0,V-2023.12-SP4,288,232,56,141.59,69.3,72.29,197.0749,0.7184,0.19444444444444445,0.5105586552722651,1.09,1.18,0.0,0,V-2023.12-SP3,V-2023.12-SP4,0.1515,0.025259999999999998,0.0003147,0.1771,0.17676,0.4419,0.10679999999999999,0.0,0.0,0.10679999999999999,0.02159,0.003192,0.00021150000000000002,0.025,0.023180000000000003,0.02207,0.0001032,0.04536,0.0,0.0,0.0,0.0,0.0,0.0,0.0,0.0,0.0,0.0,0.0,0.0,0.0,0.0,0.0,0.0,unvectored,none,2,2026-07-25T11:11:16+00:00
fpmul_5_2_5_16nm_TT_0V85_25C_666p667MHz,fpmul,exp_bits=5;mantissa_bits=2;pipeline_stages=5,16nm,TT,0.85,25.0,1.5,666.6666666666666,5,2,5,V-2023.12-SP4,417,361,56,154.773509,84.229634,70.543875,0.1342925659472422,0.455787786009297,1.26,0.0,0.0,0,V-2023.12-SP4,390,334,56,151.48,79.44,72.04,213.0624,0.7109,0.14358974358974358,0.475574333245313,0.59,0.68,0.0,0,V-2023.12-SP3,V-2023.12-SP4,0.3542,0.1119,0.0003415,0.4664,0.4661,0.69915,0.185,0.01124,1.469e-06,0.1963,0.07632,0.01168,0.0001999,0.0882,0.09281,0.08899,0.0001402,0.1819,0.0,0.0,0.0,0.0,0.0,0.0,0.0,0.0,0.0,0.0,0.0,0.0,0.0,0.0,0.0,0.0,vectored,random,2,2026-07-25T11:11:20+00:00
fpmul_5_2_5_16nm_TT_0V85_25C_400MHz,fpmul,exp_bits=5;mantissa_bits=2;pipeline_stages=5,16nm,TT,0.85,25.0,2.5,400.0,5,2,5,V-2023.12-SP4,311,255,56,143.51386,73.840897,69.672963,0.18006430868167203,0.48547898439913745,1.97,0.29,0.0,0,V-2023.12-SP4,288,232,56,141.59,69.3,72.29,197.0749,0.7184,0.19444444444444445,0.5105586552722651,1.09,1.18,0.0,0,V-2023.12-SP3,V-2023.12-SP4,0.1964,0.048690000000000004,0.0003019,0.2453,0.24509,0.612725,0.107,0.0,0.0,0.107,0.04646,0.0077009999999999995,0.00019439999999999998,0.05436,0.042929999999999996,0.04099,0.0001075,0.08402,0.0,0.0,0.0,0.0,0.0,0.0,0.0,0.0,0.0,0.0,0.0,0.0,0.0,0.0,0.0,0.0,vectored,random,2,2026-07-25T11:11:23+00:00
fpmul_5_10_2_16nm_TT_0V85_25C_235p294MHz,fpmul,exp_bits=5;mantissa_bits=10;pipeline_stages=2,16nm,TT,0.85,25.0,4.25,235.2941176470588,5,10,2,V-2023.12-SP4,1016,966,50,360.557578,298.349576,62.208003,0.04921259842519685,0.17253278476371395,3.8,0.22,0.0,0,V-2023.12-SP4,974,924,50,374.55,308.24,66.31,509.4835,0.7352,0.0513347022587269,0.17703911360299027,1.97,2.11,0.0,0,V-2023.12-SP3,V-2023.12-SP4,0.2084,0.11120000000000001,0.4125,0.732,0.3196,1.3583,0.11649999999999999,0.0131,0.38539999999999996,0.5149,0.01271,0.004644,0.0001206,0.01747,0.07922,0.09342,0.02699,0.1996,0.0,0.0,0.0,0.0,0.0,0.0,0.0,0.0,0.0,0.0,0.0,0.0,0.0,0.0,0.0,0.0,unvectored,none,2,2026-07-25T11:14:16+00:00
fpmul_5_10_2_16nm_TT_0V85_25C_363p636MHz,fpmul,exp_bits=5;mantissa_bits=10;pipeline_stages=2,16nm,TT,0.85,25.0,2.75,363.6363636363636,5,10,2,V-2023.12-SP4,1142,1092,50,388.053515,324.476936,63.576579,0.043782837127845885,0.1638345654464694,2.52,0.0,0.0,0,V-2023.12-SP4,1058,1008,50,375.43,309.11,66.31,542.4538,0.6921,0.04725897920604915,0.17662413765548837,1.22,1.3,0.0,0,V-2023.12-SP3,V-2023.12-SP4,0.2418,0.1729,0.045290000000000004,0.46,0.41469999999999996,1.1404249999999998,0.09129,0.006228,1.219e-06,0.09751000000000001,0.01963,0.006877,0.00012069999999999999,0.02663,0.13090000000000002,0.1598,0.04517,0.3359,0.0,0.0,0.0,0.0,0.0,0.0,0.0,0.0,0.0,0.0,0.0,0.0,0.0,0.0,0.0,0.0,unvectored,none,2,2026-07-25T11:14:20+00:00
fpmul_5_10_2_16nm_TT_0V85_25C_235p294MHz,fpmul,exp_bits=5;mantissa_bits=10;pipeline_stages=2,16nm,TT,0.85,25.0,4.25,235.2941176470588,5,10,2,V-2023.12-SP4,1016,966,50,360.557578,298.349576,62.208003,0.04921259842519685,0.17253278476371395,3.8,0.22,0.0,0,V-2023.12-SP4,974,924,50,374.55,308.24,66.31,509.4835,0.7352,0.0513347022587269,0.17703911360299027,1.97,2.11,0.0,0,V-2023.12-SP3,V-2023.12-SP4,0.3248,0.235,0.4119,0.9716,0.5598,2.3791499999999997,0.11649999999999999,0.0131,0.38539999999999996,0.515,0.032830000000000005,0.01155,0.0001281,0.04451,0.1754,0.2103,0.0264,0.41209999999999997,0.0,0.0,0.0,0.0,0.0,0.0,0.0,0.0,0.0,0.0,0.0,0.0,0.0,0.0,0.0,0.0,vectored,random,2,2026-07-25T11:14:23+00:00
fpmul_5_10_2_16nm_TT_0V85_25C_363p636MHz,fpmul,exp_bits=5;mantissa_bits=10;pipeline_stages=2,16nm,TT,0.85,25.0,2.75,363.6363636363636,5,10,2,V-2023.12-SP4,1142,1092,50,388.053515,324.476936,63.576579,0.043782837127845885,0.1638345654464694,2.52,0.0,0.0,0,V-2023.12-SP4,1058,1008,50,375.43,309.11,66.31,542.4538,0.6921,0.04725897920604915,0.17662413765548837,1.22,1.3,0.0,0,V-2023.12-SP3,V-2023.12-SP4,0.3989,0.3434,0.04641,0.7887000000000001,0.7423,2.041325,0.09137999999999999,0.006228,1.219e-06,0.09761,0.048279999999999997,0.01709,0.0001289,0.0655,0.25930000000000003,0.32,0.046279999999999995,0.6256,0.0,0.0,0.0,0.0,0.0,0.0,0.0,0.0,0.0,0.0,0.0,0.0,0.0,0.0,0.0,0.0,vectored,random,2,2026-07-25T11:14:27+00:00
fpmul_5_10_3_16nm_TT_0V85_25C_235p294MHz,fpmul,exp_bits=5;mantissa_bits=10;pipeline_stages=3,16nm,TT,0.85,25.0,4.25,235.2941176470588,5,10,3,V-2023.12-SP4,1064,996,68,388.115723,303.51284,84.602884,0.06390977443609022,0.2179836553542563,3.67,0.35,0.0,0,V-2023.12-SP4,998,930,68,381.34,292.5,88.83,542.4538,0.703,0.06813627254509018,0.2329417317879058,1.97,2.13,0.0,0,V-2023.12-SP3,V-2023.12-SP4,0.18230000000000002,0.1115,0.0006325,0.2944,0.2938,1.24865,0.08465,0.01239,2.938e-06,0.09704,0.01635,0.0047870000000000005,0.0002167,0.021359999999999997,0.08125,0.09429,0.0004129,0.176,0.0,0.0,0.0,0.0,0.0,0.0,0.0,0.0,0.0,0.0,0.0,0.0,0.0,0.0,0.0,0.0,unvectored,none,2,2026-07-25T11:17:32+00:00
fpmul_5_10_3_16nm_TT_0V85_25C_235p294MHz,fpmul,exp_bits=5;mantissa_bits=10;pipeline_stages=3,16nm,TT,0.85,25.0,4.25,235.2941176470588,5,10,3,V-2023.12-SP4,1064,996,68,388.115723,303.51284,84.602884,0.06390977443609022,0.2179836553542563,3.67,0.35,0.0,0,V-2023.12-SP4,998,930,68,381.34,292.5,88.83,542.4538,0.703,0.06813627254509018,0.2329417317879058,1.97,2.13,0.0,0,V-2023.12-SP3,V-2023.12-SP4,0.304,0.2341,0.000633,0.5387000000000001,0.5381,2.286925,0.08474000000000001,0.01239,2.938e-06,0.09713,0.03991,0.01185,0.0002117,0.051969999999999995,0.1793,0.20980000000000001,0.0004184,0.3896,0.0,0.0,0.0,0.0,0.0,0.0,0.0,0.0,0.0,0.0,0.0,0.0,0.0,0.0,0.0,0.0,vectored,random,2,2026-07-25T11:17:39+00:00
fpmul_5_10_5_16nm_TT_0V85_25C_363p636MHz,fpmul,exp_bits=5;mantissa_bits=10;pipeline_stages=5,16nm,TT,0.85,25.0,2.75,363.6363636363636,5,10,5,V-2023.12-SP4,1222,1118,104,463.200782,333.06164,130.139142,0.0851063829787234,0.2809562225652719,2.52,0.0,0.0,0,V-2023.12-SP4,1156,1052,104,463.39,329.52,133.87,651.4422,0.7113,0.08996539792387544,0.28889272535013705,1.22,1.3,0.0,0,V-2023.12-SP3,V-2023.12-SP4,0.4048,0.1965,0.1936,0.7948000000000001,0.6013,1.6535749999999998,0.2344,0.02491,0.19269999999999998,0.45189999999999997,0.036399999999999995,0.008664,0.0004081,0.04547,0.134,0.1629,0.00046689999999999996,0.2974,0.0,0.0,0.0,0.0,0.0,0.0,0.0,0.0,0.0,0.0,0.0,0.0,0.0,0.0,0.0,0.0,unvectored,none,2,2026-07-25T11:20:07+00:00
fpmul_5_10_5_16nm_TT_0V85_25C_363p636MHz,fpmul,exp_bits=5;mantissa_bits=10;pipeline_stages=5,16nm,TT,0.85,25.0,2.75,363.6363636363636,5,10,5,V-2023.12-SP4,1222,1118,104,463.200782,333.06164,130.139142,0.0851063829787234,0.2809562225652719,2.52,0.0,0.0,0,V-2023.12-SP4,1156,1052,104,463.39,329.52,133.87,651.4422,0.7113,0.08996539792387544,0.28889272535013705,1.22,1.3,0.0,0,V-2023.12-SP3,V-2023.12-SP4,0.5826,0.3659,0.19349999999999998,1.142,0.9485,2.608375,0.2346,0.02491,0.19269999999999998,0.4522,0.08357,0.02128,0.0003776,0.1052,0.26449999999999996,0.31970000000000004,0.0004747,0.5846,0.0,0.0,0.0,0.0,0.0,0.0,0.0,0.0,0.0,0.0,0.0,0.0,0.0,0.0,0.0,0.0,vectored,random,2,2026-07-25T11:20:15+00:00
fpmul_5_10_5_16nm_TT_0V85_25C_222p222MHz,fpmul,exp_bits=5;mantissa_bits=10;pipeline_stages=5,16nm,TT,0.85,25.0,4.5,222.22222222222223,5,10,5,V-2023.12-SP4,1121,1017,104,439.872782,310.480136,129.392646,0.0927743086529884,0.29415924625224943,3.99,0.28,0.0,0,V-2023.12-SP4,1079,975,104,443.29,309.17,134.12,620.587,0.7143,0.0963855421686747,0.3025558889214735,2.1,2.22,0.0,0,V-2023.12-SP3,V-2023.12-SP4,0.241,0.1178,0.15589999999999998,0.5146999999999999,0.3588,1.6146,0.1398,0.022350000000000002,0.1285,0.2906,0.022350000000000002,0.005197,0.00039799999999999997,0.02794,0.07881,0.09026,0.02701,0.1961,0.0,0.0,0.0,0.0,0.0,0.0,0.0,0.0,0.0,0.0,0.0,0.0,0.0,0.0,0.0,0.0,unvectored,none,2,2026-07-25T11:20:45+00:00
fpmul_5_10_5_16nm_TT_0V85_25C_222p222MHz,fpmul,exp_bits=5;mantissa_bits=10;pipeline_stages=5,16nm,TT,0.85,25.0,4.5,222.22222222222223,5,10,5,V-2023.12-SP4,1121,1017,104,439.872782,310.480136,129.392646,0.0927743086529884,0.29415924625224943,3.99,0.28,0.0,0,V-2023.12-SP4,1079,975,104,443.29,309.17,134.12,620.587,0.7143,0.0963855421686747,0.3025558889214735,2.1,2.22,0.0,0,V-2023.12-SP3,V-2023.12-SP4,0.36450000000000005,0.23470000000000002,0.1553,0.7545,0.5992000000000001,2.6964,0.13999999999999999,0.022350000000000002,0.1285,0.2908,0.05246,0.01275,0.00037099999999999996,0.06559,0.1721,0.1996,0.02644,0.39809999999999995,0.0,0.0,0.0,0.0,0.0,0.0,0.0,0.0,0.0,0.0,0.0,0.0,0.0,0.0,0.0,0.0,vectored,random,2,2026-07-25T11:20:52+00:00
fpmul_8_7_2_16nm_TT_0V85_25C_400MHz,fpmul,exp_bits=8;mantissa_bits=7;pipeline_stages=2,16nm,TT,0.85,25.0,2.5,400.0,8,7,2,V-2023.12-SP4,916,866,50,301.211144,239.003141,62.208003,0.05458515283842795,0.20652623330563094,2.27,0.0,0.0,0,V-2023.12-SP4,846,796,50,295.43,229.11,66.31,429.9817,0.6871,0.0591016548463357,0.22445249297633957,1.09,1.22,0.0,0,V-2023.12-SP3,V-2023.12-SP4,0.2283,0.1261,0.06468,0.419,0.3544,0.886,0.12229999999999999,0.01993,0.06423,0.2064,0.0213,0.005966,0.00012020000000000001,0.02739,0.0847,0.1002,0.0003231,0.1852,0.0,0.0,0.0,0.0,0.0,0.0,0.0,0.0,0.0,0.0,0.0,0.0,0.0,0.0,0.0,0.0,unvectored,none,2,2026-07-25T11:23:12+00:00
fpmul_8_7_2_16nm_TT_0V85_25C_400MHz,fpmul,exp_bits=8;mantissa_bits=7;pipeline_stages=2,16nm,TT,0.85,25.0,2.5,400.0,8,7,2,V-2023.12-SP4,916,866,50,301.211144,239.003141,62.208003,0.05458515283842795,0.20652623330563094,2.27,0.0,0.0,0,V-2023.12-SP4,846,796,50,295.43,229.11,66.31,429.9817,0.6871,0.0591016548463357,0.22445249297633957,1.09,1.22,0.0,0,V-2023.12-SP3,V-2023.12-SP4,0.306,0.1966,0.06469000000000001,0.5672999999999999,0.5025999999999999,1.2565,0.1224,0.01993,0.06423,0.20650000000000002,0.04978,0.014830000000000001,0.0001273,0.06473999999999999,0.1339,0.1618,0.0003274,0.296,0.0,0.0,0.0,0.0,0.0,0.0,0.0,0.0,0.0,0.0,0.0,0.0,0.0,0.0,0.0,0.0,vectored,random,2,2026-07-25T11:23:19+00:00
fpmul_8_7_2_16nm_TT_0V85_25C_250MHz,fpmul,exp_bits=8;mantissa_bits=7;pipeline_stages=2,16nm,TT,0.85,25.0,4.0,250.0,8,7,2,V-2023.12-SP4,859,809,50,292.875272,230.667269,62.208003,0.05820721769499418,0.2124044224532551,3.4,0.36,0.0,0,V-2023.12-SP4,822,772,50,320.62,254.31,66.31,411.5059,0.7791,0.06082725060827251,0.20681804004740814,1.84,1.97,0.0,0,V-2023.12-SP3,V-2023.12-SP4,0.2331,0.07001,0.7711,1.074,0.30311,1.21244,0.17320000000000002,0.01059,0.7707,0.9545,0.013380000000000001,0.003668,0.00012030000000000001,0.01717,0.046529999999999995,0.05575,0.0003049,0.1026,0.0,0.0,0.0,0.0,0.0,0.0,0.0,0.0,0.0,0.0,0.0,0.0,0.0,0.0,0.0,0.0,unvectored,none,2,2026-07-25T11:23:39+00:00
fpmul_8_7_2_16nm_TT_0V85_25C_250MHz,fpmul,exp_bits=8;mantissa_bits=7;pipeline_stages=2,16nm,TT,0.85,25.0,4.0,250.0,8,7,2,V-2023.12-SP4,859,809,50,292.875272,230.667269,62.208003,0.05820721769499418,0.2124044224532551,3.4,0.36,0.0,0,V-2023.12-SP4,822,772,50,320.62,254.31,66.31,411.5059,0.7791,0.06082725060827251,0.20681804004740814,1.84,1.97,0.0,0,V-2023.12-SP3,V-2023.12-SP4,0.28219999999999995,0.118,0.7711,1.171,0.40019999999999994,1.6007999999999998,0.1733,0.01059,0.7707,0.9546,0.03108,0.00916,0.0001267,0.04036,0.0779,0.09820999999999999,0.0003097,0.1764,0.0,0.0,0.0,0.0,0.0,0.0,0.0,0.0,0.0,0.0,0.0,0.0,0.0,0.0,0.0,0.0,vectored,random,2,2026-07-25T11:23:46+00:00
fpmul_8_7_3_16nm_TT_0V85_25C_400MHz,fpmul,exp_bits=8;mantissa_bits=7;pipeline_stages=3,16nm,TT,0.85,25.0,2.5,400.0,8,7,3,V-2023.12-SP4,953,885,68,328.271625,243.668741,84.602884,0.07135362014690451,0.25772219575785754,2.27,0.0,0.0,0,V-2023.12-SP4,881,813,68,318.19,229.36,88.83,460.3392,0.6912,0.0771850170261067,0.2791728212703102,1.1,1.22,0.0,0,V-2023.12-SP3,V-2023.12-SP4,0.2582,0.1288,0.0005518,0.3875,0.387,0.9675,0.1431,0.02088,4.407e-06,0.164,0.0275,0.006402,0.0002162,0.03412,0.08757000000000001,0.1015,0.00033120000000000003,0.18939999999999999,0.0,0.0,0.0,0.0,0.0,0.0,0.0,0.0,0.0,0.0,0.0,0.0,0.0,0.0,0.0,0.0,unvectored,none,2,2026-07-25T11:26:05+00:00
fpmul_8_7_3_16nm_TT_0V85_25C_400MHz,fpmul,exp_bits=8;mantissa_bits=7;pipeline_stages=3,16nm,TT,0.85,25.0,2.5,400.0,8,7,3,V-2023.12-SP4,953,885,68,328.271625,243.668741,84.602884,0.07135362014690451,0.25772219575785754,2.27,0.0,0.0,0,V-2023.12-SP4,881,813,68,318.19,229.36,88.83,460.3392,0.6912,0.0771850170261067,0.2791728212703102,1.1,1.22,0.0,0,V-2023.12-SP3,V-2023.12-SP4,0.3433,0.19870000000000002,0.000551,0.5426,0.542,1.355,0.14320000000000002,0.02088,4.407e-06,0.1641,0.06234,0.015809999999999998,0.0002096,0.07836,0.13779999999999998,0.162,0.000337,0.3001,0.0,0.0,0.0,0.0,0.0,0.0,0.0,0.0,0.0,0.0,0.0,0.0,0.0,0.0,0.0,0.0,vectored,random,2,2026-07-25T11:26:13+00:00
fpmul_8_7_3_16nm_TT_0V85_25C_250MHz,fpmul,exp_bits=8;mantissa_bits=7;pipeline_stages=3,16nm,TT,0.85,25.0,4.0,250.0,8,7,3,V-2023.12-SP4,892,824,68,319.500297,234.897413,84.602884,0.07623318385650224,0.2647975128486344,3.4,0.36,0.0,0,V-2023.12-SP4,846,778,68,314.83,226.0,88.83,453.4341,0.6943,0.08037825059101655,0.2821522726550837,1.85,1.99,0.0,0,V-2023.12-SP3,V-2023.12-SP4,0.16190000000000002,0.07687000000000001,0.06476,0.3035,0.23877000000000004,0.9550800000000002,0.09643,0.01631,0.06423,0.177,0.0172,0.003927,0.0002162,0.02135,0.04825,0.05663,0.0003135,0.1052,0.0,0.0,0.0,0.0,0.0,0.0,0.0,0.0,0.0,0.0,0.0,0.0,0.0,0.0,0.0,0.0,unvectored,none,2,2026-07-25T11:26:33+00:00
fpmul_8_7_3_16nm_TT_0V85_25C_250MHz,fpmul,exp_bits=8;mantissa_bits=7;pipeline_stages=3,16nm,TT,0.85,25.0,4.0,250.0,8,7,3,V-2023.12-SP4,892,824,68,319.500297,234.897413,84.602884,0.07623318385650224,0.2647975128486344,3.4,0.36,0.0,0,V-2023.12-SP4,846,778,68,314.83,226.0,88.83,453.4341,0.6943,0.08037825059101655,0.2821522726550837,1.85,1.99,0.0,0,V-2023.12-SP3,V-2023.12-SP4,0.2153,0.1239,0.06476,0.404,0.3392,1.3568,0.09653,0.01631,0.06423,0.1771,0.0389,0.009726,0.0002087,0.04883,0.07988999999999999,0.09788000000000001,0.00031969999999999996,0.17809999999999998,0.0,0.0,0.0,0.0,0.0,0.0,0.0,0.0,0.0,0.0,0.0,0.0,0.0,0.0,0.0,0.0,vectored,random,2,2026-07-25T11:26:41+00:00
fpmul_8_7_5_16nm_TT_0V85_25C_400MHz,fpmul,exp_bits=8;mantissa_bits=7;pipeline_stages=5,16nm,TT,0.85,25.0,2.5,400.0,8,7,5,V-2023.12-SP4,1024,920,104,381.957131,252.564485,129.392646,0.1015625,0.3387622209362548,2.27,0.0,0.0,0,V-2023.12-SP4,967,863,104,392.1,258.1,134.0,537.4771,0.7295,0.10754912099276112,0.34174955368528437,1.09,1.22,0.0,0,V-2023.12-SP3,V-2023.12-SP4,0.4347,0.1648,0.3219,0.9214,0.5994999999999999,1.4987499999999998,0.3032,0.05203,0.3211,0.6764,0.03985,0.007594,0.0004038,0.04785,0.09162,0.1052,0.00035269999999999995,0.1972,0.0,0.0,0.0,0.0,0.0,0.0,0.0,0.0,0.0,0.0,0.0,0.0,0.0,0.0,0.0,0.0,unvectored,none,2,2026-07-25T11:29:15+00:00
fpmul_8_7_5_16nm_TT_0V85_25C_400MHz,fpmul,exp_bits=8;mantissa_bits=7;pipeline_stages=5,16nm,TT,0.85,25.0,2.5,400.0,8,7,5,V-2023.12-SP4,1024,920,104,381.957131,252.564485,129.392646,0.1015625,0.3387622209362548,2.27,0.0,0.0,0,V-2023.12-SP4,967,863,104,392.1,258.1,134.0,537.4771,0.7295,0.10754912099276112,0.34174955368528437,1.09,1.22,0.0,0,V-2023.12-SP3,V-2023.12-SP4,0.5342,0.2364,0.3219,1.093,0.7706,1.9264999999999999,0.3035,0.05203,0.3211,0.6767,0.08748,0.018539999999999997,0.00037119999999999997,0.1064,0.14320000000000002,0.1659,0.0003608,0.3095,0.0,0.0,0.0,0.0,0.0,0.0,0.0,0.0,0.0,0.0,0.0,0.0,0.0,0.0,0.0,0.0,vectored,random,2,2026-07-25T11:29:22+00:00
fpmul_8_7_5_16nm_TT_0V85_25C_250MHz,fpmul,exp_bits=8;mantissa_bits=7;pipeline_stages=5,16nm,TT,0.85,25.0,4.0,250.0,8,7,5,V-2023.12-SP4,964,860,104,373.248011,243.855365,129.392646,0.1078838174273859,0.34666667252514843,3.4,0.36,0.0,0,V-2023.12-SP4,924,820,104,366.96,232.84,134.12,530.0122,0.6924,0.11255411255411256,0.3654894266405058,1.84,1.99,0.0,0,V-2023.12-SP3,V-2023.12-SP4,0.2124,0.0833,0.0007377000000000001,0.2964,0.2957,1.1828,0.13640000000000002,0.0198,5.6249999999999995e-06,0.1562,0.02501,0.004664,0.00039799999999999997,0.03008,0.05096,0.058839999999999996,0.0003341,0.1101,0.0,0.0,0.0,0.0,0.0,0.0,0.0,0.0,0.0,0.0,0.0,0.0,0.0,0.0,0.0,0.0,unvectored,none,2,2026-07-25T11:29:40+00:00
fpmul_8_7_5_16nm_TT_0V85_25C_250MHz,fpmul,exp_bits=8;mantissa_bits=7;pipeline_stages=5,16nm,TT,0.85,25.0,4.0,250.0,8,7,5,V-2023.12-SP4,964,860,104,373.248011,243.855365,129.392646,0.1078838174273859,0.34666667252514843,3.4,0.36,0.0,0,V-2023.12-SP4,924,820,104,366.96,232.84,134.12,530.0122,0.6924,0.11255411255411256,0.3654894266405058,1.84,1.99,0.0,0,V-2023.12-SP3,V-2023.12-SP4,0.2763,0.1317,0.0007155,0.4087,0.40800000000000003,1.6320000000000001,0.1365,0.0198,5.6249999999999995e-06,0.1563,0.05518,0.011420000000000001,0.0003672,0.06695999999999999,0.08455,0.1005,0.00034270000000000004,0.1854,0.0,0.0,0.0,0.0,0.0,0.0,0.0,0.0,0.0,0.0,0.0,0.0,0.0,0.0,0.0,0.0,vectored,random,2,2026-07-25T11:29:47+00:00
fpmul_8_10_2_16nm_TT_0V85_25C_363p636MHz,fpmul,exp_bits=8;mantissa_bits=10;pipeline_stages=2,16nm,TT,0.85,25.0,2.75,363.6363636363636,8,10,2,V-2023.12-SP4,1371,1312,59,441.925643,368.271368,73.654275,0.043034281546316555,0.16666666930662813,2.52,0.0,0.0,0,V-2023.12-SP4,1271,1212,59,429.92,351.66,78.26,620.587,0.6928,0.046420141620771044,0.18203386676590994,1.22,1.3,0.0,0,V-2023.12-SP3,V-2023.12-SP4,0.2959,0.1917,0.1001,0.5878,0.48760000000000003,1.3409,0.12860000000000002,0.007647,0.06423,0.20049999999999998,0.02308,0.006876,0.000142,0.0301,0.1442,0.1772,0.03573,0.3572,0.0,0.0,0.0,0.0,0.0,0.0,0.0,0.0,0.0,0.0,0.0,0.0,0.0,0.0,0.0,0.0,unvectored,none,2,2026-07-25T11:32:35+00:00
fpmul_8_10_2_16nm_TT_0V85_25C_363p636MHz,fpmul,exp_bits=8;mantissa_bits=10;pipeline_stages=2,16nm,TT,0.85,25.0,2.75,363.6363636363636,8,10,2,V-2023.12-SP4,1371,1312,59,441.925643,368.271368,73.654275,0.043034281546316555,0.16666666930662813,2.52,0.0,0.0,0,V-2023.12-SP4,1271,1212,59,429.92,351.66,78.26,620.587,0.6928,0.046420141620771044,0.18203386676590994,1.22,1.3,0.0,0,V-2023.12-SP3,V-2023.12-SP4,0.4818,0.3911,0.1009,0.9738,0.8729,2.400475,0.1288,0.007647,0.06423,0.2006,0.0558,0.01714,0.0001505,0.07309,0.2973,0.3663,0.03651,0.7001000000000001,0.0,0.0,0.0,0.0,0.0,0.0,0.0,0.0,0.0,0.0,0.0,0.0,0.0,0.0,0.0,0.0,vectored,random,2,2026-07-25T11:32:42+00:00
fpmul_8_10_2_16nm_TT_0V85_25C_222p222MHz,fpmul,exp_bits=8;mantissa_bits=10;pipeline_stages=2,16nm,TT,0.85,25.0,4.5,222.22222222222223,8,10,2,V-2023.12-SP4,1185,1126,59,401.552651,328.147208,73.405443,0.049789029535864976,0.1828040303486877,3.91,0.36,0.0,0,V-2023.12-SP4,1135,1076,59,416.23,337.98,78.26,563.6667,0.7384,0.051982378854625554,0.18802104605626696,2.09,2.21,0.0,0,V-2023.12-SP3,V-2023.12-SP4,0.22870000000000001,0.1182,0.4502,0.7971,0.3469,1.5610499999999998,0.1296,0.01221,0.4496,0.5913999999999999,0.01418,0.004446,0.000142,0.018770000000000002,0.08488,0.10160000000000001,0.0004521,0.18689999999999998,0.0,0.0,0.0,0.0,0.0,0.0,0.0,0.0,0.0,0.0,0.0,0.0,0.0,0.0,0.0,0.0,unvectored,none,2,2026-07-25T11:32:54+00:00
fpmul_8_10_2_16nm_TT_0V85_25C_222p222MHz,fpmul,exp_bits=8;mantissa_bits=10;pipeline_stages=2,16nm,TT,0.85,25.0,4.5,222.22222222222223,8,10,2,V-2023.12-SP4,1185,1126,59,401.552651,328.147208,73.405443,0.049789029535864976,0.1828040303486877,3.91,0.36,0.0,0,V-2023.12-SP4,1135,1076,59,416.23,337.98,78.26,563.6667,0.7384,0.051982378854625554,0.18802104605626696,2.09,2.21,0.0,0,V-2023.12-SP3,V-2023.12-SP4,0.3642,0.26489999999999997,0.4502,1.0790000000000002,0.6291,2.83095,0.1297,0.01221,0.4496,0.5915,0.03533,0.01107,0.00015,0.04654,0.1993,0.24159999999999998,0.0004571,0.44129999999999997,0.0,0.0,0.0,0.0,0.0,0.0,0.0,0.0,0.0,0.0,0.0,0.0,0.0,0.0,0.0,0.0,vectored,random,2,2026-07-25T11:33:01+00:00
fpmul_8_10_3_16nm_TT_0V85_25C_363p636MHz,fpmul,exp_bits=8;mantissa_bits=10;pipeline_stages=3,16nm,TT,0.85,25.0,2.75,363.6363636363636,8,10,3,V-2023.12-SP4,1434,1354,80,477.881869,378.224648,99.65722,0.05578800557880056,0.2085394455507162,2.51,0.0,0.0,0,V-2023.12-SP4,1331,1251,80,469.3,364.79,104.51,674.6458,0.6956,0.06010518407212622,0.22269337310888557,1.22,1.3,0.0,0,V-2023.12-SP3,V-2023.12-SP4,0.3526,0.2085,0.1108,0.6719,0.5611,1.543025,0.17679999999999998,0.01961,0.06423999999999999,0.2606,0.02957,0.007528,0.0002544,0.037360000000000004,0.1463,0.1813,0.046310000000000004,0.37389999999999995,0.0,0.0,0.0,0.0,0.0,0.0,0.0,0.0,0.0,0.0,0.0,0.0,0.0,0.0,0.0,0.0,unvectored,none,2,2026-07-25T11:35:47+00:00
fpmul_8_10_3_16nm_TT_0V85_25C_363p636MHz,fpmul,exp_bits=8;mantissa_bits=10;pipeline_stages=3,16nm,TT,0.85,25.0,2.75,363.6363636363636,8,10,3,V-2023.12-SP4,1434,1354,80,477.881869,378.224648,99.65722,0.05578800557880056,0.2085394455507162,2.51,0.0,0.0,0,V-2023.12-SP4,1331,1251,80,469.3,364.79,104.51,674.6458,0.6956,0.06010518407212622,0.22269337310888557,1.22,1.3,0.0,0,V-2023.12-SP3,V-2023.12-SP4,0.5583,0.4305,0.10890000000000001,1.098,0.9888,2.7192,0.1769,0.01961,0.06423999999999999,0.2608,0.06860999999999999,0.01865,0.00024769999999999995,0.08750999999999999,0.3128,0.3922,0.04437,0.7494,0.0,0.0,0.0,0.0,0.0,0.0,0.0,0.0,0.0,0.0,0.0,0.0,0.0,0.0,0.0,0.0,vectored,random,2,2026-07-25T11:35:54+00:00
fpmul_8_10_3_16nm_TT_0V85_25C_222p222MHz,fpmul,exp_bits=8;mantissa_bits=10;pipeline_stages=3,16nm,TT,0.85,25.0,4.5,222.22222222222223,8,10,3,V-2023.12-SP4,1213,1133,80,427.74222,328.209416,99.532804,0.06595218466611706,0.23269342923408404,4.08,0.19,0.0,0,V-2023.12-SP4,1142,1062,80,418.6,314.09,104.51,595.7038,0.7027,0.07005253940455342,0.24966555183946487,2.1,2.25,0.0,0,V-2023.12-SP3,V-2023.12-SP4,0.1946,0.1172,0.0007102,0.3124,0.31179999999999997,1.4030999999999998,0.09328,0.013770000000000001,3.672e-06,0.1071,0.018199999999999997,0.0044599999999999996,0.0002544,0.02291,0.08308,0.09893,0.0004522,0.1825,0.0,0.0,0.0,0.0,0.0,0.0,0.0,0.0,0.0,0.0,0.0,0.0,0.0,0.0,0.0,0.0,unvectored,none,2,2026-07-25T11:35:57+00:00
fpmul_8_10_3_16nm_TT_0V85_25C_222p222MHz,fpmul,exp_bits=8;mantissa_bits=10;pipeline_stages=3,16nm,TT,0.85,25.0,4.5,222.22222222222223,8,10,3,V-2023.12-SP4,1213,1133,80,427.74222,328.209416,99.532804,0.06595218466611706,0.23269342923408404,4.08,0.19,0.0,0,V-2023.12-SP4,1142,1062,80,418.6,314.09,104.51,595.7038,0.7027,0.07005253940455342,0.24966555183946487,2.1,2.25,0.0,0,V-2023.12-SP3,V-2023.12-SP4,0.3265,0.2511,0.0007092,0.5783,0.5776,2.5992,0.09338,0.013770000000000001,3.672e-06,0.1072,0.04308,0.011049999999999999,0.0002471,0.05438,0.19,0.2263,0.0004585,0.4168,0.0,0.0,0.0,0.0,0.0,0.0,0.0,0.0,0.0,0.0,0.0,0.0,0.0,0.0,0.0,0.0,vectored,random,2,2026-07-25T11:36:04+00:00
fpmul_8_10_5_16nm_TT_0V85_25C_210p526MHz,fpmul,exp_bits=8;mantissa_bits=10;pipeline_stages=5,16nm,TT,0.85,25.0,4.75,210.52631578947367,8,10,5,V-2023.12-SP4,1292,1170,122,490.199055,338.411528,151.787527,0.09442724458204334,0.3096446748556054,4.21,0.3,0.0,0,V-2023.12-SP4,1231,1109,122,486.28,328.89,157.39,685.8432,0.709,0.09910641754670999,0.3236612651147487,2.22,2.37,0.0,0,V-2023.12-SP3,V-2023.12-SP4,0.2495,0.12210000000000001,0.0009592000000000001,0.3726,0.37160000000000004,1.7651000000000001,0.1421,0.02169,1.836e-05,0.1638,0.02491,0.005105,0.0004651,0.03048,0.08241000000000001,0.09536,0.0004757,0.1782,0.0,0.0,0.0,0.0,0.0,0.0,0.0,0.0,0.0,0.0,0.0,0.0,0.0,0.0,0.0,0.0,unvectored,none,2,2026-07-25T11:39:10+00:00
fpmul_8_10_5_16nm_TT_0V85_25C_210p526MHz,fpmul,exp_bits=8;mantissa_bits=10;pipeline_stages=5,16nm,TT,0.85,25.0,4.75,210.52631578947367,8,10,5,V-2023.12-SP4,1292,1170,122,490.199055,338.411528,151.787527,0.09442724458204334,0.3096446748556054,4.21,0.3,0.0,0,V-2023.12-SP4,1231,1109,122,486.28,328.89,157.39,685.8432,0.709,0.09910641754670999,0.3236612651147487,2.22,2.37,0.0,0,V-2023.12-SP3,V-2023.12-SP4,0.38499999999999995,0.24889999999999998,0.0009356,0.6348,0.6338999999999999,3.0110249999999996,0.14229999999999998,0.02169,1.836e-05,0.164,0.05733,0.01253,0.00043220000000000004,0.0703,0.1854,0.2146,0.00048510000000000003,0.40049999999999997,0.0,0.0,0.0,0.0,0.0,0.0,0.0,0.0,0.0,0.0,0.0,0.0,0.0,0.0,0.0,0.0,vectored,random,2,2026-07-25T11:39:17+00:00
fpmul_8_23_2_16nm_TT_0V85_25C_285p714MHz,fpmul,exp_bits=8;mantissa_bits=23;pipeline_stages=2,16nm,TT,0.85,25.0,3.5,285.7142857142857,8,23,2,V-2023.12-SP4,3264,3166,98,1214.797861,1092.496927,122.300933,0.03002450980392157,0.10067595352804132,3.27,0.0,0.0,0,V-2023.12-SP4,3126,3028,98,1197.94,1067.92,130.01,1724.4058,0.6947,0.03134996801023673,0.1085279730203516,1.6,1.67,0.0,0,V-2023.12-SP3,V-2023.12-SP4,0.5811,0.5091,0.001718,1.092,1.0901999999999998,3.8156999999999996,0.13870000000000002,0.008378,1.953e-06,0.1471,0.03054,0.008142,0.00023559999999999998,0.03892,0.4119,0.4925,0.00148,0.9058999999999999,0.0,0.0,0.0,0.0,0.0,0.0,0.0,0.0,0.0,0.0,0.0,0.0,0.0,0.0,0.0,0.0,unvectored,none,2,2026-07-25T11:42:21+00:00
fpmul_8_23_2_16nm_TT_0V85_25C_285p714MHz,fpmul,exp_bits=8;mantissa_bits=23;pipeline_stages=2,16nm,TT,0.85,25.0,3.5,285.7142857142857,8,23,2,V-2023.12-SP4,3264,3166,98,1214.797861,1092.496927,122.300933,0.03002450980392157,0.10067595352804132,3.27,0.0,0.0,0,V-2023.12-SP4,3126,3028,98,1197.94,1067.92,130.01,1724.4058,0.6947,0.03134996801023673,0.1085279730203516,1.6,1.67,0.0,0,V-2023.12-SP3,V-2023.12-SP4,0.9606,0.9634,0.001741,1.926,1.924,6.734,0.1388,0.008378,1.953e-06,0.1472,0.07592,0.02029,0.0002515,0.09645,0.7459,0.9347,0.001488,1.682,0.0,0.0,0.0,0.0,0.0,0.0,0.0,0.0,0.0,0.0,0.0,0.0,0.0,0.0,0.0,0.0,vectored,random,2,2026-07-25T11:42:29+00:00
fpmul_8_23_2_16nm_TT_0V85_25C_181p818MHz,fpmul,exp_bits=8;mantissa_bits=23;pipeline_stages=2,16nm,TT,0.85,25.0,5.5,181.8181818181818,8,23,2,V-2023.12-SP4,3094,2996,98,1185.435685,1063.507999,121.927685,0.03167420814479638,0.10285474492021894,5.27,0.0,0.0,0,V-2023.12-SP4,2969,2871,98,1192.47,1062.45,130.01,1682.7886,0.7086,0.033007746716066017,0.10902580358415724,2.59,2.7,0.0,0,V-2023.12-SP3,V-2023.12-SP4,0.4119,0.30929999999999996,0.4512,1.1720000000000002,0.7212,3.9665999999999997,0.1445,0.01127,0.4496,0.6053999999999999,0.01943,0.004523,0.0002361,0.02419,0.248,0.2935,0.001423,0.5429,0.0,0.0,0.0,0.0,0.0,0.0,0.0,0.0,0.0,0.0,0.0,0.0,0.0,0.0,0.0,0.0,unvectored,none,2,2026-07-25T11:42:57+00:00
fpmul_8_23_2_16nm_TT_0V85_25C_181p818MHz,fpmul,exp_bits=8;mantissa_bits=23;pipeline_stages=2,16nm,TT,0.85,25.0,5.5,181.8181818181818,8,23,2,V-2023.12-SP4,3094,2996,98,1185.435685,1063.507999,121.927685,0.03167420814479638,0.10285474492021894,5.27,0.0,0.0,0,V-2023.12-SP4,2969,2871,98,1192.47,1062.45,130.01,1682.7886,0.7086,0.033007746716066017,0.10902580358415724,2.59,2.7,0.0,0,V-2023.12-SP3,V-2023.12-SP4,0.6753,0.6218,0.45130000000000003,1.748,1.2971,7.134049999999999,0.14459999999999998,0.01127,0.4496,0.6053999999999999,0.0492,0.01127,0.00025120000000000003,0.06072,0.4816,0.5992000000000001,0.001431,1.082,0.0,0.0,0.0,0.0,0.0,0.0,0.0,0.0,0.0,0.0,0.0,0.0,0.0,0.0,0.0,0.0,vectored,random,2,2026-07-25T11:43:04+00:00
fpmul_8_23_3_16nm_TT_0V85_25C_173p913MHz,fpmul,exp_bits=8;mantissa_bits=23;pipeline_stages=3,16nm,TT,0.85,25.0,5.75,173.91304347826087,8,23,3,V-2023.12-SP4,3174,3042,132,1236.757287,1072.279327,164.477959,0.04158790170132325,0.1329912996906401,5.51,0.01,0.0,0,V-2023.12-SP4,3006,2874,132,1215.98,1043.54,172.44,1742.3217,0.6979,0.043912175648702596,0.1418115429530091,2.73,2.87,0.0,0,V-2023.12-SP3,V-2023.12-SP4,0.3826,0.3081,0.001854,0.6926,0.6907,3.9715249999999997,0.1215,0.018170000000000002,5.876e-06,0.1396,0.02361,0.005025,0.0004217,0.02906,0.2376,0.2849,0.001427,0.5239,0.0,0.0,0.0,0.0,0.0,0.0,0.0,0.0,0.0,0.0,0.0,0.0,0.0,0.0,0.0,0.0,unvectored,none,2,2026-07-25T11:46:45+00:00
fpmul_8_23_3_16nm_TT_0V85_25C_173p913MHz,fpmul,exp_bits=8;mantissa_bits=23;pipeline_stages=3,16nm,TT,0.85,25.0,5.75,173.91304347826087,8,23,3,V-2023.12-SP4,3174,3042,132,1236.757287,1072.279327,164.477959,0.04158790170132325,0.1329912996906401,5.51,0.01,0.0,0,V-2023.12-SP4,3006,2874,132,1215.98,1043.54,172.44,1742.3217,0.6979,0.043912175648702596,0.1418115429530091,2.73,2.87,0.0,0,V-2023.12-SP3,V-2023.12-SP4,0.6306,0.6055,0.001857,1.238,1.2361,7.107575,0.1216,0.018170000000000002,5.876e-06,0.1398,0.05872,0.01243,0.000414,0.07156,0.4503,0.5749000000000001,0.001437,1.027,0.0,0.0,0.0,0.0,0.0,0.0,0.0,0.0,0.0,0.0,0.0,0.0,0.0,0.0,0.0,0.0,vectored,random,2,2026-07-25T11:46:54+00:00
fpmul_8_23_5_16nm_TT_0V85_25C_173p913MHz,fpmul,exp_bits=8;mantissa_bits=23;pipeline_stages=5,16nm,TT,0.85,25.0,5.75,173.91304347826087,8,23,5,V-2023.12-SP4,3323,3123,200,1341.142315,1092.310304,248.832011,0.06018657839301836,0.18553736483961433,5.51,0.0,0.0,0,V-2023.12-SP4,3153,2953,200,1329.76,1072.09,257.67,1889.568,0.7037,0.06343165239454487,0.193771808446637,2.73,2.85,0.0,0,V-2023.12-SP3,V-2023.12-SP4,0.4743,0.3235,0.14889999999999998,0.9467,0.7978000000000001,4.587350000000001,0.19790000000000002,0.02882,0.1285,0.3552,0.033769999999999994,0.0060739999999999995,0.0007772,0.04062,0.24259999999999998,0.2887,0.01962,0.5509,0.0,0.0,0.0,0.0,0.0,0.0,0.0,0.0,0.0,0.0,0.0,0.0,0.0,0.0,0.0,0.0,unvectored,none,2,2026-07-25T11:50:46+00:00
fpmul_8_23_5_16nm_TT_0V85_25C_173p913MHz,fpmul,exp_bits=8;mantissa_bits=23;pipeline_stages=5,16nm,TT,0.85,25.0,5.75,173.91304347826087,8,23,5,V-2023.12-SP4,3323,3123,200,1341.142315,1092.310304,248.832011,0.06018657839301836,0.18553736483961433,5.51,0.0,0.0,0,V-2023.12-SP4,3153,2953,200,1329.76,1072.09,257.67,1889.568,0.7037,0.06343165239454487,0.193771808446637,2.73,2.85,0.0,0,V-2023.12-SP3,V-2023.12-SP4,0.7265,0.6062,0.1485,1.4809999999999999,1.3327,7.663025,0.1981,0.02882,0.1285,0.3554,0.07844,0.0149,0.0007299,0.09407,0.45,0.5625,0.0193,1.032,0.0,0.0,0.0,0.0,0.0,0.0,0.0,0.0,0.0,0.0,0.0,0.0,0.0,0.0,0.0,0.0,vectored,random,2,2026-07-25T11:50:54+00:00
fpmul_11_52_2_16nm_TT_0V85_25C_148p148MHz,fpmul,exp_bits=11;mantissa_bits=52;pipeline_stages=2,16nm,TT,0.85,25.0,6.75,148.14814814814815,11,52,2,V-2023.12-SP4,9434,9240,194,4276.613509,4034.499963,242.113547,0.020563917744329023,0.05661338030441133,6.54,0.0,0.0,0,V-2023.12-SP4,8996,8802,194,4273.44,4016.02,257.42,6071.8118,0.7038,0.02156514006224989,0.06023718596727696,3.25,3.3,0.0,0,V-2023.12-SP3,V-2023.12-SP4,1.062,1.0219999999999998,0.1985,2.283,2.0839999999999996,14.066999999999997,0.1606,0.02678,0.19269999999999998,0.38010000000000005,0.03126,0.01362,0.000468,0.045349999999999994,0.8701,0.982,0.0053739999999999994,1.857,0.0,0.0,0.0,0.0,0.0,0.0,0.0,0.0,0.0,0.0,0.0,0.0,0.0,0.0,0.0,0.0,unvectored,none,2,2026-07-25T11:58:10+00:00
fpmul_11_52_2_16nm_TT_0V85_25C_148p148MHz,fpmul,exp_bits=11;mantissa_bits=52;pipeline_stages=2,16nm,TT,0.85,25.0,6.75,148.14814814814815,11,52,2,V-2023.12-SP4,9434,9240,194,4276.613509,4034.499963,242.113547,0.020563917744329023,0.05661338030441133,6.54,0.0,0.0,0,V-2023.12-SP4,8996,8802,194,4273.44,4016.02,257.42,6071.8118,0.7038,0.02156514006224989,0.06023718596727696,3.25,3.3,0.0,0,V-2023.12-SP3,V-2023.12-SP4,1.885,2.047,0.1986,4.13,3.9320000000000004,26.541000000000004,0.1607,0.02678,0.19269999999999998,0.38020000000000004,0.08283,0.033800000000000004,0.0005003,0.1171,1.641,1.986,0.00539,3.633,0.0,0.0,0.0,0.0,0.0,0.0,0.0,0.0,0.0,0.0,0.0,0.0,0.0,0.0,0.0,0.0,vectored,random,2,2026-07-25T11:58:19+00:00
fpmul_11_52_3_16nm_TT_0V85_25C_153p846MHz,fpmul,exp_bits=11;mantissa_bits=52;pipeline_stages=3,16nm,TT,0.85,25.0,6.5,153.84615384615384,11,52,3,V-2023.12-SP4,9779,9519,260,4383.36244,4059.134329,324.228111,0.02658758564270375,0.07396789917285508,6.27,0.0,0.0,0,V-2023.12-SP4,9434,9174,260,4396.8,4057.02,339.78,6238.4671,0.7048,0.027559889760440957,0.07727893013100436,3.12,3.18,0.0,0,V-2023.12-SP3,V-2023.12-SP4,1.1800000000000002,1.089,0.1351,2.404,2.269,14.7485,0.2235,0.04152,0.1285,0.3935,0.041019999999999994,0.01526,0.0008274,0.0571,0.9150999999999999,1.032,0.005758,1.953,0.0,0.0,0.0,0.0,0.0,0.0,0.0,0.0,0.0,0.0,0.0,0.0,0.0,0.0,0.0,0.0,unvectored,none,2,2026-07-25T12:05:52+00:00
fpmul_11_52_3_16nm_TT_0V85_25C_153p846MHz,fpmul,exp_bits=11;mantissa_bits=52;pipeline_stages=3,16nm,TT,0.85,25.0,6.5,153.84615384615384,11,52,3,V-2023.12-SP4,9779,9519,260,4383.36244,4059.134329,324.228111,0.02658758564270375,0.07396789917285508,6.27,0.0,0.0,0,V-2023.12-SP4,9434,9174,260,4396.8,4057.02,339.78,6238.4671,0.7048,0.027559889760440957,0.07727893013100436,3.12,3.18,0.0,0,V-2023.12-SP3,V-2023.12-SP4,2.0010000000000003,2.115,0.135,4.252,4.1160000000000005,26.754000000000005,0.22369999999999998,0.04152,0.1285,0.3937,0.1043,0.037759999999999995,0.0008198999999999999,0.1429,1.674,2.036,0.005727,3.715,0.0,0.0,0.0,0.0,0.0,0.0,0.0,0.0,0.0,0.0,0.0,0.0,0.0,0.0,0.0,0.0,vectored,random,2,2026-07-25T12:06:01+00:00
fpmul_3_2_2_16nm_TT_0V85_25C_666p667MHz,fpmul,exp_bits=3;mantissa_bits=2;pipeline_stages=2,16nm,TT,0.85,25.0,1.5,666.6666666666666,3,2,2,V-2023.12-SP4,243,223,20,76.702466,51.819265,24.883201,0.0823045267489712,0.3244120078225386,1.25,0.02,0.0,0,V-2023.12-SP4,224,204,20,73.78,47.4,26.38,107.4954,0.6863,0.08928571428571429,0.3575494714014638,0.59,0.68,0.0,0,V-2023.12-SP3,V-2023.12-SP4,0.1056,0.03429,0.0001336,0.1401,0.13989000000000001,0.20983500000000002,0.06369,0.0,0.0,0.06369,0.01385,0.002637,5.461e-05,0.01654,0.0281,0.03166,7.897e-05,0.05983,0.0,0.0,0.0,0.0,0.0,0.0,0.0,0.0,0.0,0.0,0.0,0.0,0.0,0.0,0.0,0.0,unvectored,none,2,2026-07-25T12:11:58+00:00
fpmul_3_2_2_16nm_TT_0V85_25C_666p667MHz,fpmul,exp_bits=3;mantissa_bits=2;pipeline_stages=2,16nm,TT,0.85,25.0,1.5,666.6666666666666,3,2,2,V-2023.12-SP4,243,223,20,76.702466,51.819265,24.883201,0.0823045267489712,0.3244120078225386,1.25,0.02,0.0,0,V-2023.12-SP4,224,204,20,73.78,47.4,26.38,107.4954,0.6863,0.08928571428571429,0.3575494714014638,0.59,0.68,0.0,0,V-2023.12-SP3,V-2023.12-SP4,0.1502,0.06701,0.0001357,0.2173,0.21721000000000001,0.325815,0.06386,0.0,0.0,0.06386,0.03174,0.006556,5.511e-05,0.038349999999999995,0.054580000000000004,0.06046,8.055e-05,0.11510000000000001,0.0,0.0,0.0,0.0,0.0,0.0,0.0,0.0,0.0,0.0,0.0,0.0,0.0,0.0,0.0,0.0,vectored,random,2,2026-07-25T12:12:05+00:00
fpmul_11_52_5_16nm_TT_0V85_25C_142p857MHz,fpmul,exp_bits=11;mantissa_bits=52;pipeline_stages=5,16nm,TT,0.85,25.0,7.0,142.85714285714286,11,52,5,V-2023.12-SP4,9761,9369,392,4548.089233,4060.005243,488.08399,0.04015981969060547,0.10731627393292176,6.78,0.0,0.0,0,V-2023.12-SP4,9406,9014,392,4573.22,4068.34,504.88,6450.5964,0.709,0.04167552625983415,0.1103992372988835,3.37,3.45,0.0,0,V-2023.12-SP3,V-2023.12-SP4,1.209,1.0230000000000001,0.1997,2.431,2.232,15.624000000000002,0.3051,0.054119999999999994,0.19269999999999998,0.5519999999999999,0.054240000000000003,0.01543,0.001532,0.0712,0.8497,0.9531000000000001,0.005464,1.8079999999999998,0.0,0.0,0.0,0.0,0.0,0.0,0.0,0.0,0.0,0.0,0.0,0.0,0.0,0.0,0.0,0.0,unvectored,none,2,2026-07-25T12:13:22+00:00
fpmul_11_52_5_16nm_TT_0V85_25C_142p857MHz,fpmul,exp_bits=11;mantissa_bits=52;pipeline_stages=5,16nm,TT,0.85,25.0,7.0,142.85714285714286,11,52,5,V-2023.12-SP4,9761,9369,392,4548.089233,4060.005243,488.08399,0.04015981969060547,0.10731627393292176,6.78,0.0,0.0,0,V-2023.12-SP4,9406,9014,392,4573.22,4068.34,504.88,6450.5964,0.709,0.04167552625983415,0.1103992372988835,3.37,3.45,0.0,0,V-2023.12-SP3,V-2023.12-SP4,2.024,1.9989999999999999,0.1996,4.223,4.023,28.160999999999998,0.3054,0.054119999999999994,0.19269999999999998,0.5523,0.1318,0.038,0.0014470000000000002,0.17129999999999998,1.5870000000000002,1.907,0.00549,3.499,0.0,0.0,0.0,0.0,0.0,0.0,0.0,0.0,0.0,0.0,0.0,0.0,0.0,0.0,0.0,0.0,vectored,random,2,2026-07-25T12:13:30+00:00
fpmul_3_2_2_16nm_TT_0V85_25C_444p444MHz,fpmul,exp_bits=3;mantissa_bits=2;pipeline_stages=2,16nm,TT,0.85,25.0,2.25,444.44444444444446,3,2,2,V-2023.12-SP4,189,169,20,70.35725,45.474049,24.883201,0.10582010582010581,0.35366932334620815,1.53,0.49,0.0,0,V-2023.12-SP4,180,160,20,68.86,42.49,26.38,97.2933,0.7078,0.1111111111111111,0.3830961370897473,0.96,1.06,0.0,0,V-2023.12-SP3,V-2023.12-SP4,0.06715,0.019,0.00012009999999999999,0.08627,0.08615,0.1938375,0.04247,0.0,0.0,0.04247,0.009306,0.0018599999999999999,5.441e-05,0.011219999999999999,0.015379999999999998,0.01714,6.574e-05,0.032580000000000005,0.0,0.0,0.0,0.0,0.0,0.0,0.0,0.0,0.0,0.0,0.0,0.0,0.0,0.0,0.0,0.0,unvectored,none,2,2026-07-25T12:14:28+00:00
fpmul_3_2_2_16nm_TT_0V85_25C_444p444MHz,fpmul,exp_bits=3;mantissa_bits=2;pipeline_stages=2,16nm,TT,0.85,25.0,2.25,444.44444444444446,3,2,2,V-2023.12-SP4,189,169,20,70.35725,45.474049,24.883201,0.10582010582010581,0.35366932334620815,1.53,0.49,0.0,0,V-2023.12-SP4,180,160,20,68.86,42.49,26.38,97.2933,0.7078,0.1111111111111111,0.3830961370897473,0.96,1.06,0.0,0,V-2023.12-SP3,V-2023.12-SP4,0.09773,0.04256,0.0001227,0.1404,0.14029,0.3156525,0.04258,0.0,0.0,0.04258,0.02178,0.004629,5.5140000000000004e-05,0.02646,0.033370000000000004,0.03793,6.752e-05,0.07137,0.0,0.0,0.0,0.0,0.0,0.0,0.0,0.0,0.0,0.0,0.0,0.0,0.0,0.0,0.0,0.0,vectored,random,2,2026-07-25T12:14:35+00:00
fpmul_3_2_3_16nm_TT_0V85_25C_666p667MHz,fpmul,exp_bits=3;mantissa_bits=2;pipeline_stages=3,16nm,TT,0.85,25.0,1.5,666.6666666666666,3,2,3,V-2023.12-SP4,259,231,28,88.646402,53.809921,34.836482,0.10810810810810811,0.392982469835606,1.25,0.02,0.0,0,V-2023.12-SP4,240,212,28,85.78,49.46,36.33,122.923,0.6979,0.11666666666666667,0.42352529727209137,0.59,0.68,0.0,0,V-2023.12-SP3,V-2023.12-SP4,0.1374,0.03569,0.0001822,0.1733,0.17309,0.259635,0.08948,0.0,0.0,0.08948,0.01831,0.003032,9.935e-05,0.02144,0.02963,0.03266,8.287999999999999e-05,0.06237,0.0,0.0,0.0,0.0,0.0,0.0,0.0,0.0,0.0,0.0,0.0,0.0,0.0,0.0,0.0,0.0,unvectored,none,2,2026-07-25T12:15:51+00:00
fpmul_3_2_3_16nm_TT_0V85_25C_666p667MHz,fpmul,exp_bits=3;mantissa_bits=2;pipeline_stages=3,16nm,TT,0.85,25.0,1.5,666.6666666666666,3,2,3,V-2023.12-SP4,259,231,28,88.646402,53.809921,34.836482,0.10810810810810811,0.392982469835606,1.25,0.02,0.0,0,V-2023.12-SP4,240,212,28,85.78,49.46,36.33,122.923,0.6979,0.11666666666666667,0.42352529727209137,0.59,0.68,0.0,0,V-2023.12-SP3,V-2023.12-SP4,0.1837,0.06614,0.0001787,0.25,0.24984,0.37476,0.08972999999999999,0.0,0.0,0.08972999999999999,0.0401,0.007413,9.363999999999999e-05,0.04761,0.053860000000000005,0.05872,8.505e-05,0.11270000000000001,0.0,0.0,0.0,0.0,0.0,0.0,0.0,0.0,0.0,0.0,0.0,0.0,0.0,0.0,0.0,0.0,vectored,random,2,2026-07-25T12:15:59+00:00
fpmul_3_2_3_16nm_TT_0V85_25C_444p444MHz,fpmul,exp_bits=3;mantissa_bits=2;pipeline_stages=3,16nm,TT,0.85,25.0,2.25,444.44444444444446,3,2,3,V-2023.12-SP4,209,181,28,83.296515,48.460033,34.836482,0.1339712918660287,0.4182225630928256,1.6,0.42,0.0,0,V-2023.12-SP4,200,172,28,81.62,45.16,36.45,113.0941,0.7217,0.14,0.44658172016662584,0.96,1.05,0.0,0,V-2023.12-SP3,V-2023.12-SP4,0.08842,0.02006,0.0001642,0.1087,0.10848,0.24408,0.0596,0.0,0.0,0.0596,0.01244,0.0021349999999999997,9.42e-05,0.01467,0.01638,0.017929999999999998,6.997999999999999e-05,0.03438,0.0,0.0,0.0,0.0,0.0,0.0,0.0,0.0,0.0,0.0,0.0,0.0,0.0,0.0,0.0,0.0,unvectored,none,2,2026-07-25T12:16:58+00:00
fpmul_3_2_3_16nm_TT_0V85_25C_444p444MHz,fpmul,exp_bits=3;mantissa_bits=2;pipeline_stages=3,16nm,TT,0.85,25.0,2.25,444.44444444444446,3,2,3,V-2023.12-SP4,209,181,28,83.296515,48.460033,34.836482,0.1339712918660287,0.4182225630928256,1.6,0.42,0.0,0,V-2023.12-SP4,200,172,28,81.62,45.16,36.45,113.0941,0.7217,0.14,0.44658172016662584,0.96,1.05,0.0,0,V-2023.12-SP3,V-2023.12-SP4,0.1228,0.04426,0.000162,0.1673,0.16706000000000001,0.375885,0.059759999999999994,0.0,0.0,0.059759999999999994,0.028050000000000002,0.005227,8.967e-05,0.033370000000000004,0.03502,0.039029999999999995,7.234e-05,0.07413,0.0,0.0,0.0,0.0,0.0,0.0,0.0,0.0,0.0,0.0,0.0,0.0,0.0,0.0,0.0,0.0,vectored,random,2,2026-07-25T12:17:05+00:00
fpmul_3_2_5_16nm_TT_0V85_25C_800MHz,fpmul,exp_bits=3;mantissa_bits=2;pipeline_stages=5,16nm,TT,0.85,25.0,1.25,800.0,3,2,5,V-2023.12-SP4,338,294,44,124.727044,69.486337,55.240706,0.1301775147928994,0.4428927699112311,1.02,0.0,0.0,0,V-2023.12-SP4,309,265,44,120.62,63.89,56.73,175.9864,0.6854,0.1423948220064725,0.4703200132647985,0.47,0.55,0.0,0,V-2023.12-SP3,V-2023.12-SP4,0.2539,0.06722,0.03208,0.3532,0.32112,0.40140000000000003,0.1742,0.01128,1.469e-06,0.1855,0.03344,0.005181,0.0001692,0.03879,0.04632,0.05076,0.03191,0.129,0.0,0.0,0.0,0.0,0.0,0.0,0.0,0.0,0.0,0.0,0.0,0.0,0.0,0.0,0.0,0.0,unvectored,none,2,2026-07-25T12:18:30+00:00
fpmul_3_2_5_16nm_TT_0V85_25C_800MHz,fpmul,exp_bits=3;mantissa_bits=2;pipeline_stages=5,16nm,TT,0.85,25.0,1.25,800.0,3,2,5,V-2023.12-SP4,338,294,44,124.727044,69.486337,55.240706,0.1301775147928994,0.4428927699112311,1.02,0.0,0.0,0,V-2023.12-SP4,309,265,44,120.62,63.89,56.73,175.9864,0.6854,0.1423948220064725,0.4703200132647985,0.47,0.55,0.0,0,V-2023.12-SP3,V-2023.12-SP4,0.32449999999999996,0.1076,0.03274,0.46480000000000005,0.43209999999999993,0.540125,0.17450000000000002,0.01128,1.469e-06,0.1858,0.06992,0.01235,0.0001535,0.08242000000000001,0.08006,0.08397,0.032580000000000005,0.1966,0.0,0.0,0.0,0.0,0.0,0.0,0.0,0.0,0.0,0.0,0.0,0.0,0.0,0.0,0.0,0.0,vectored,random,2,2026-07-25T12:18:36+00:00
fpmul_3_2_5_16nm_TT_0V85_25C_444p444MHz,fpmul,exp_bits=3;mantissa_bits=2;pipeline_stages=5,16nm,TT,0.85,25.0,2.25,444.44444444444446,3,2,5,V-2023.12-SP4,237,193,44,106.18906,51.446017,54.743042,0.18565400843881857,0.5155243110730993,1.53,0.49,0.0,0,V-2023.12-SP4,227,183,44,105.82,48.96,56.86,148.926,0.7105,0.19383259911894274,0.5373275373275374,0.96,1.05,0.0,0,V-2023.12-SP3,V-2023.12-SP4,0.1308,0.02098,0.0002418,0.152,0.15178,0.341505,0.0937,0.0,0.0,0.0937,0.01886,0.002704,0.0001641,0.02173,0.018240000000000003,0.01828,7.768e-05,0.0366,0.0,0.0,0.0,0.0,0.0,0.0,0.0,0.0,0.0,0.0,0.0,0.0,0.0,0.0,0.0,0.0,unvectored,none,2,2026-07-25T12:19:27+00:00
fpmul_3_2_5_16nm_TT_0V85_25C_444p444MHz,fpmul,exp_bits=3;mantissa_bits=2;pipeline_stages=5,16nm,TT,0.85,25.0,2.25,444.44444444444446,3,2,5,V-2023.12-SP4,237,193,44,106.18906,51.446017,54.743042,0.18565400843881857,0.5155243110730993,1.53,0.49,0.0,0,V-2023.12-SP4,227,183,44,105.82,48.96,56.86,148.926,0.7105,0.19383259911894274,0.5373275373275374,0.96,1.05,0.0,0,V-2023.12-SP3,V-2023.12-SP4,0.1721,0.044660000000000005,0.00023239999999999998,0.217,0.21676,0.48771000000000003,0.09394999999999999,0.0,0.0,0.09394999999999999,0.04071,0.0064540000000000005,0.00015120000000000002,0.04732,0.037419999999999995,0.03821,8.119e-05,0.07571,0.0,0.0,0.0,0.0,0.0,0.0,0.0,0.0,0.0,0.0,0.0,0.0,0.0,0.0,0.0,0.0,vectored,random,2,2026-07-25T12:19:33+00:00
fpmul_4_6_2_16nm_TT_0V85_25C_444p444MHz,fpmul,exp_bits=4;mantissa_bits=6;pipeline_stages=2,16nm,TT,0.85,25.0,2.25,444.44444444444446,4,6,2,V-2023.12-SP4,659,624,35,215.73735,171.569668,44.167682,0.05311077389984825,0.20472895398038402,2.01,0.0,0.0,0,V-2023.12-SP4,608,573,35,209.08,162.67,46.41,302.3309,0.6916,0.05756578947368421,0.22197245073656013,0.97,1.05,0.0,0,V-2023.12-SP3,V-2023.12-SP4,0.1762,0.108,0.00032730000000000004,0.2845,0.2842,0.6394500000000001,0.07970999999999999,0.006364000000000001,3.672e-06,0.08608,0.01662,0.005441,8.488e-05,0.02215,0.07983,0.09624,0.00023869999999999997,0.1763,0.0,0.0,0.0,0.0,0.0,0.0,0.0,0.0,0.0,0.0,0.0,0.0,0.0,0.0,0.0,0.0,unvectored,none,2,2026-07-25T12:21:24+00:00
fpmul_4_6_2_16nm_TT_0V85_25C_444p444MHz,fpmul,exp_bits=4;mantissa_bits=6;pipeline_stages=2,16nm,TT,0.85,25.0,2.25,444.44444444444446,4,6,2,V-2023.12-SP4,659,624,35,215.73735,171.569668,44.167682,0.05311077389984825,0.20472895398038402,2.01,0.0,0.0,0,V-2023.12-SP4,608,573,35,209.08,162.67,46.41,302.3309,0.6916,0.05756578947368421,0.22197245073656013,0.97,1.05,0.0,0,V-2023.12-SP3,V-2023.12-SP4,0.2766,0.2082,0.000336,0.4851,0.4848,1.0908,0.0798,0.006364000000000001,3.672e-06,0.08617,0.03958,0.013600000000000001,9.022e-05,0.05326,0.1573,0.1882,0.00024209999999999998,0.3457,0.0,0.0,0.0,0.0,0.0,0.0,0.0,0.0,0.0,0.0,0.0,0.0,0.0,0.0,0.0,0.0,vectored,random,2,2026-07-25T12:21:31+00:00
fpmul_4_6_2_16nm_TT_0V85_25C_285p714MHz,fpmul,exp_bits=4;mantissa_bits=6;pipeline_stages=2,16nm,TT,0.85,25.0,3.5,285.7142857142857,4,6,2,V-2023.12-SP4,589,554,35,195.644166,152.098564,43.545602,0.059422750424448216,0.22257552008987583,3.15,0.11,0.0,0,V-2023.12-SP4,578,543,35,229.98,183.58,46.41,277.8209,0.8278,0.06055363321799308,0.20180015653535088,1.59,1.71,0.0,0,V-2023.12-SP3,V-2023.12-SP4,0.2294,0.07372000000000001,0.6426000000000001,0.9456,0.30312,1.06092,0.174,0.01292,0.6423000000000001,0.8291999999999999,0.010669999999999999,0.003303,8.466e-05,0.01406,0.044700000000000004,0.0575,0.00020559999999999998,0.10239999999999999,0.0,0.0,0.0,0.0,0.0,0.0,0.0,0.0,0.0,0.0,0.0,0.0,0.0,0.0,0.0,0.0,unvectored,none,2,2026-07-25T12:22:12+00:00
fpmul_4_6_2_16nm_TT_0V85_25C_285p714MHz,fpmul,exp_bits=4;mantissa_bits=6;pipeline_stages=2,16nm,TT,0.85,25.0,3.5,285.7142857142857,4,6,2,V-2023.12-SP4,589,554,35,195.644166,152.098564,43.545602,0.059422750424448216,0.22257552008987583,3.15,0.11,0.0,0,V-2023.12-SP4,578,543,35,229.98,183.58,46.41,277.8209,0.8278,0.06055363321799308,0.20180015653535088,1.59,1.71,0.0,0,V-2023.12-SP3,V-2023.12-SP4,0.3103,0.1636,0.6426000000000001,1.117,0.4739,1.65865,0.174,0.01292,0.6423000000000001,0.8291999999999999,0.02748,0.008245,9.010000000000001e-05,0.03582,0.10880000000000001,0.1424,0.0002089,0.2515,0.0,0.0,0.0,0.0,0.0,0.0,0.0,0.0,0.0,0.0,0.0,0.0,0.0,0.0,0.0,0.0,vectored,random,2,2026-07-25T12:22:19+00:00
fpmul_4_6_3_16nm_TT_0V85_25C_444p444MHz,fpmul,exp_bits=4;mantissa_bits=6;pipeline_stages=3,16nm,TT,0.85,25.0,2.25,444.44444444444446,4,6,3,V-2023.12-SP4,684,636,48,234.71079,174.493444,60.217347,0.07017543859649122,0.2565597729870024,2.01,0.0,0.0,0,V-2023.12-SP4,647,599,48,245.1,182.39,62.71,325.9077,0.7521,0.07418856259659969,0.2558547531619747,0.97,1.06,0.0,0,V-2023.12-SP3,V-2023.12-SP4,0.2898,0.11699999999999999,0.25730000000000003,0.664,0.4068,0.9153,0.1855,0.01222,0.2569,0.4546,0.02164,0.00589,0.0001526,0.02768,0.08262,0.09885000000000001,0.0002494,0.1817,0.0,0.0,0.0,0.0,0.0,0.0,0.0,0.0,0.0,0.0,0.0,0.0,0.0,0.0,0.0,0.0,unvectored,none,2,2026-07-25T12:24:09+00:00
fpmul_4_6_3_16nm_TT_0V85_25C_444p444MHz,fpmul,exp_bits=4;mantissa_bits=6;pipeline_stages=3,16nm,TT,0.85,25.0,2.25,444.44444444444446,4,6,3,V-2023.12-SP4,684,636,48,234.71079,174.493444,60.217347,0.07017543859649122,0.2565597729870024,2.01,0.0,0.0,0,V-2023.12-SP4,647,599,48,245.1,182.39,62.71,325.9077,0.7521,0.07418856259659969,0.2558547531619747,0.97,1.06,0.0,0,V-2023.12-SP3,V-2023.12-SP4,0.3988,0.22,0.25730000000000003,0.8761,0.6188,1.3923,0.18560000000000001,0.01222,0.2569,0.4548,0.049960000000000004,0.014589999999999999,0.00014920000000000002,0.06470000000000001,0.1632,0.1932,0.0002536,0.3567,0.0,0.0,0.0,0.0,0.0,0.0,0.0,0.0,0.0,0.0,0.0,0.0,0.0,0.0,0.0,0.0,vectored,random,2,2026-07-25T12:24:17+00:00
fpmul_4_6_3_16nm_TT_0V85_25C_285p714MHz,fpmul,exp_bits=4;mantissa_bits=6;pipeline_stages=3,16nm,TT,0.85,25.0,3.5,285.7142857142857,4,6,3,V-2023.12-SP4,615,567,48,215.053063,155.33338,59.719683,0.07804878048780488,0.27769743042441575,3.15,0.11,0.0,0,V-2023.12-SP4,588,540,48,229.49,166.78,62.71,302.3309,0.7591,0.08163265306122448,0.27325809403459844,1.59,1.73,0.0,0,V-2023.12-SP3,V-2023.12-SP4,0.183,0.08334,0.3215,0.5879,0.26634,0.9321900000000001,0.124,0.023710000000000002,0.3211,0.4688,0.013869999999999999,0.003404,0.0001527,0.017419999999999998,0.045219999999999996,0.05623,0.0002133,0.1017,0.0,0.0,0.0,0.0,0.0,0.0,0.0,0.0,0.0,0.0,0.0,0.0,0.0,0.0,0.0,0.0,unvectored,none,2,2026-07-25T12:25:00+00:00
fpmul_4_6_3_16nm_TT_0V85_25C_285p714MHz,fpmul,exp_bits=4;mantissa_bits=6;pipeline_stages=3,16nm,TT,0.85,25.0,3.5,285.7142857142857,4,6,3,V-2023.12-SP4,615,567,48,215.053063,155.33338,59.719683,0.07804878048780488,0.27769743042441575,3.15,0.11,0.0,0,V-2023.12-SP4,588,540,48,229.49,166.78,62.71,302.3309,0.7591,0.08163265306122448,0.27325809403459844,1.59,1.73,0.0,0,V-2023.12-SP3,V-2023.12-SP4,0.26449999999999996,0.1692,0.3215,0.7552,0.4337,1.51795,0.124,0.023710000000000002,0.3211,0.46890000000000004,0.03345,0.008426,0.0001491,0.04202,0.107,0.1371,0.0002175,0.24429999999999996,0.0,0.0,0.0,0.0,0.0,0.0,0.0,0.0,0.0,0.0,0.0,0.0,0.0,0.0,0.0,0.0,vectored,random,2,2026-07-25T12:25:08+00:00
fpmul_4_6_5_16nm_TT_0V85_25C_444p444MHz,fpmul,exp_bits=4;mantissa_bits=6;pipeline_stages=5,16nm,TT,0.85,25.0,2.25,444.44444444444446,4,6,5,V-2023.12-SP4,742,668,74,274.89716,182.08282,92.81434,0.09973045822102426,0.3376329533560842,2.02,0.0,0.0,0,V-2023.12-SP4,695,621,74,272.1,176.8,95.3,387.0582,0.703,0.10647482014388489,0.3502388827636898,0.97,1.09,0.0,0,V-2023.12-SP3,V-2023.12-SP4,0.2948,0.1328,0.06478,0.49240000000000006,0.4276,0.9621,0.1786,0.02485,0.06423,0.2676,0.03143,0.006333,0.0002885,0.03805,0.08484,0.10160000000000001,0.000263,0.1867,0.0,0.0,0.0,0.0,0.0,0.0,0.0,0.0,0.0,0.0,0.0,0.0,0.0,0.0,0.0,0.0,unvectored,none,2,2026-07-25T12:27:01+00:00
fpmul_4_6_5_16nm_TT_0V85_25C_444p444MHz,fpmul,exp_bits=4;mantissa_bits=6;pipeline_stages=5,16nm,TT,0.85,25.0,2.25,444.44444444444446,4,6,5,V-2023.12-SP4,742,668,74,274.89716,182.08282,92.81434,0.09973045822102426,0.3376329533560842,2.02,0.0,0.0,0,V-2023.12-SP4,695,621,74,272.1,176.8,95.3,387.0582,0.703,0.10647482014388489,0.3502388827636898,0.97,1.09,0.0,0,V-2023.12-SP3,V-2023.12-SP4,0.432,0.2511,0.06476,0.7479,0.6831,1.536975,0.1787,0.02485,0.06423,0.2678,0.07161999999999999,0.015460000000000002,0.0002663,0.08735,0.1817,0.2108,0.0002691,0.3927,0.0,0.0,0.0,0.0,0.0,0.0,0.0,0.0,0.0,0.0,0.0,0.0,0.0,0.0,0.0,0.0,vectored,random,2,2026-07-25T12:27:08+00:00
fpmul_4_6_5_16nm_TT_0V85_25C_285p714MHz,fpmul,exp_bits=4;mantissa_bits=6;pipeline_stages=5,16nm,TT,0.85,25.0,3.5,285.7142857142857,4,6,5,V-2023.12-SP4,656,582,74,252.999944,160.9321,92.067844,0.11280487804878049,0.3639046022871847,2.98,0.28,0.0,0,V-2023.12-SP4,633,559,74,252.69,157.26,95.43,361.3041,0.6994,0.11690363349131122,0.3776564169535795,1.59,1.72,0.0,0,V-2023.12-SP3,V-2023.12-SP4,0.18139999999999998,0.0833,0.0005170999999999999,0.2652,0.2647,0.92645,0.11,0.015950000000000002,6.61e-06,0.126,0.02035,0.004312000000000001,0.0002834,0.024939999999999997,0.05099,0.06304000000000001,0.00022700000000000002,0.1143,0.0,0.0,0.0,0.0,0.0,0.0,0.0,0.0,0.0,0.0,0.0,0.0,0.0,0.0,0.0,0.0,unvectored,none,2,2026-07-25T12:27:42+00:00
fpmul_4_6_5_16nm_TT_0V85_25C_285p714MHz,fpmul,exp_bits=4;mantissa_bits=6;pipeline_stages=5,16nm,TT,0.85,25.0,3.5,285.7142857142857,4,6,5,V-2023.12-SP4,656,582,74,252.999944,160.9321,92.067844,0.11280487804878049,0.3639046022871847,2.98,0.28,0.0,0,V-2023.12-SP4,633,559,74,252.69,157.26,95.43,361.3041,0.6994,0.11690363349131122,0.3776564169535795,1.59,1.72,0.0,0,V-2023.12-SP3,V-2023.12-SP4,0.2653,0.1618,0.0005034,0.42769999999999997,0.4271,1.49485,0.1101,0.015950000000000002,6.61e-06,0.1261,0.04681,0.01056,0.00026430000000000003,0.05763,0.10840000000000001,0.1353,0.00023249999999999999,0.244,0.0,0.0,0.0,0.0,0.0,0.0,0.0,0.0,0.0,0.0,0.0,0.0,0.0,0.0,0.0,0.0,vectored,random,2,2026-07-25T12:27:49+00:00
fpmul_6_5_2_16nm_TT_0V85_25C_500MHz,fpmul,exp_bits=6;mantissa_bits=5;pipeline_stages=2,16nm,TT,0.85,25.0,2.0,500.0,6,5,2,V-2023.12-SP4,628,590,38,204.291077,156.266499,48.024578,0.06050955414012739,0.23507917577819612,1.77,0.0,0.0,0,V-2023.12-SP4,582,544,38,198.44,148.18,50.26,285.0371,0.6962,0.06529209621993128,0.2532755492844185,0.84,0.93,0.0,0,V-2023.12-SP3,V-2023.12-SP4,0.1916,0.09278,0.00031979999999999997,0.2847,0.28437999999999997,0.5687599999999999,0.1047,0.008241,6.609e-06,0.1129,0.020020000000000003,0.005141000000000001,9.668e-05,0.025259999999999998,0.06684999999999999,0.07939,0.0002165,0.14650000000000002,0.0,0.0,0.0,0.0,0.0,0.0,0.0,0.0,0.0,0.0,0.0,0.0,0.0,0.0,0.0,0.0,unvectored,none,2,2026-07-25T12:29:52+00:00
fpmul_6_5_2_16nm_TT_0V85_25C_500MHz,fpmul,exp_bits=6;mantissa_bits=5;pipeline_stages=2,16nm,TT,0.85,25.0,2.0,500.0,6,5,2,V-2023.12-SP4,628,590,38,204.291077,156.266499,48.024578,0.06050955414012739,0.23507917577819612,1.77,0.0,0.0,0,V-2023.12-SP4,582,544,38,198.44,148.18,50.26,285.0371,0.6962,0.06529209621993128,0.2532755492844185,0.84,0.93,0.0,0,V-2023.12-SP3,V-2023.12-SP4,0.2685,0.1604,0.0003266,0.4292,0.4289,0.8578,0.1048,0.008241,6.609e-06,0.11309999999999999,0.04673,0.012799999999999999,9.989000000000001e-05,0.05963,0.11689999999999999,0.1394,0.00022009999999999998,0.2566,0.0,0.0,0.0,0.0,0.0,0.0,0.0,0.0,0.0,0.0,0.0,0.0,0.0,0.0,0.0,0.0,vectored,random,2,2026-07-25T12:29:59+00:00
fpmul_6_5_2_16nm_TT_0V85_25C_285p714MHz,fpmul,exp_bits=6;mantissa_bits=5;pipeline_stages=2,16nm,TT,0.85,25.0,3.5,285.7142857142857,6,5,2,V-2023.12-SP4,526,488,38,185.815302,138.412804,47.402498,0.07224334600760456,0.2551054595062359,2.61,0.65,0.0,0,V-2023.12-SP4,531,493,38,223.64,173.25,50.39,261.2736,0.856,0.07156308851224105,0.22531747451260956,1.59,1.75,0.0,0,V-2023.12-SP3,V-2023.12-SP4,0.2318,0.06094,0.7068000000000001,0.9994999999999999,0.29274,1.02459,0.1877,0.01726,0.7065,0.9115,0.01154,0.002915,9.173e-05,0.014539999999999999,0.03251,0.040760000000000005,0.0001872,0.07346000000000001,0.0,0.0,0.0,0.0,0.0,0.0,0.0,0.0,0.0,0.0,0.0,0.0,0.0,0.0,0.0,0.0,unvectored,none,2,2026-07-25T12:30:22+00:00
fpmul_6_5_2_16nm_TT_0V85_25C_285p714MHz,fpmul,exp_bits=6;mantissa_bits=5;pipeline_stages=2,16nm,TT,0.85,25.0,3.5,285.7142857142857,6,5,2,V-2023.12-SP4,526,488,38,185.815302,138.412804,47.402498,0.07224334600760456,0.2551054595062359,2.61,0.65,0.0,0,V-2023.12-SP4,531,493,38,223.64,173.25,50.39,261.2736,0.856,0.07156308851224105,0.22531747451260956,1.59,1.75,0.0,0,V-2023.12-SP3,V-2023.12-SP4,0.2779,0.106,0.7068000000000001,1.091,0.38389999999999996,1.3436499999999998,0.18780000000000002,0.01726,0.7065,0.9116000000000001,0.02699,0.007267999999999999,9.669e-05,0.03435,0.0631,0.0815,0.0001909,0.14479999999999998,0.0,0.0,0.0,0.0,0.0,0.0,0.0,0.0,0.0,0.0,0.0,0.0,0.0,0.0,0.0,0.0,vectored,random,2,2026-07-25T12:30:28+00:00
fpmul_6_5_3_16nm_TT_0V85_25C_500MHz,fpmul,exp_bits=6;mantissa_bits=5;pipeline_stages=3,16nm,TT,0.85,25.0,2.0,500.0,6,5,3,V-2023.12-SP4,655,603,52,225.006342,159.563523,65.442819,0.07938931297709924,0.29084877527585423,1.77,0.0,0.0,0,V-2023.12-SP4,602,550,52,217.42,149.61,67.81,320.1224,0.6792,0.08637873754152824,0.31188483120228133,0.85,0.92,0.0,0,V-2023.12-SP3,V-2023.12-SP4,0.2325,0.09787,0.0003924,0.33080000000000004,0.33037,0.66074,0.1374,0.011470000000000001,7.345e-07,0.14889999999999998,0.02613,0.005628,0.0001701,0.03193,0.06895,0.08077,0.0002216,0.1499,0.0,0.0,0.0,0.0,0.0,0.0,0.0,0.0,0.0,0.0,0.0,0.0,0.0,0.0,0.0,0.0,unvectored,none,2,2026-07-25T12:32:42+00:00
fpmul_6_5_3_16nm_TT_0V85_25C_500MHz,fpmul,exp_bits=6;mantissa_bits=5;pipeline_stages=3,16nm,TT,0.85,25.0,2.0,500.0,6,5,3,V-2023.12-SP4,655,603,52,225.006342,159.563523,65.442819,0.07938931297709924,0.29084877527585423,1.77,0.0,0.0,0,V-2023.12-SP4,602,550,52,217.42,149.61,67.81,320.1224,0.6792,0.08637873754152824,0.31188483120228133,0.85,0.92,0.0,0,V-2023.12-SP3,V-2023.12-SP4,0.3153,0.1649,0.00038930000000000003,0.48069999999999996,0.4802,0.9604,0.1376,0.011470000000000001,7.345e-07,0.149,0.05887,0.013890000000000001,0.0001624,0.07292,0.1189,0.1396,0.0002261,0.2587,0.0,0.0,0.0,0.0,0.0,0.0,0.0,0.0,0.0,0.0,0.0,0.0,0.0,0.0,0.0,0.0,vectored,random,2,2026-07-25T12:32:49+00:00
fpmul_6_5_3_16nm_TT_0V85_25C_307p692MHz,fpmul,exp_bits=6;mantissa_bits=5;pipeline_stages=3,16nm,TT,0.85,25.0,3.25,307.6923076923077,6,5,3,V-2023.12-SP4,580,528,52,213.87111,149.050371,64.820739,0.0896551724137931,0.30308319342430123,2.35,0.67,0.0,0,V-2023.12-SP4,552,500,52,211.69,143.76,67.93,300.4646,0.7046,0.09420289855072464,0.3208937597430205,1.47,1.64,0.0,0,V-2023.12-SP3,V-2023.12-SP4,0.1441,0.0612,0.0003812,0.20570000000000002,0.2053,0.6672250000000001,0.08952,0.012870000000000001,8.812999999999998e-06,0.10239999999999999,0.016050000000000002,0.003326,0.000165,0.01955,0.0385,0.045000000000000005,0.0002074,0.08370999999999999,0.0,0.0,0.0,0.0,0.0,0.0,0.0,0.0,0.0,0.0,0.0,0.0,0.0,0.0,0.0,0.0,unvectored,none,2,2026-07-25T12:33:05+00:00
fpmul_6_5_3_16nm_TT_0V85_25C_307p692MHz,fpmul,exp_bits=6;mantissa_bits=5;pipeline_stages=3,16nm,TT,0.85,25.0,3.25,307.6923076923077,6,5,3,V-2023.12-SP4,580,528,52,213.87111,149.050371,64.820739,0.0896551724137931,0.30308319342430123,2.35,0.67,0.0,0,V-2023.12-SP4,552,500,52,211.69,143.76,67.93,300.4646,0.7046,0.09420289855072464,0.3208937597430205,1.47,1.64,0.0,0,V-2023.12-SP3,V-2023.12-SP4,0.204,0.1119,0.0003803,0.3162,0.31589999999999996,1.0266749999999998,0.08961000000000001,0.012870000000000001,8.812999999999998e-06,0.1025,0.037,0.008202000000000001,0.0001596,0.04537,0.07734,0.09084,0.0002119,0.1684,0.0,0.0,0.0,0.0,0.0,0.0,0.0,0.0,0.0,0.0,0.0,0.0,0.0,0.0,0.0,0.0,vectored,random,2,2026-07-25T12:33:13+00:00
fpmul_6_5_5_16nm_TT_0V85_25C_444p444MHz,fpmul,exp_bits=6;mantissa_bits=5;pipeline_stages=5,16nm,TT,0.85,25.0,2.25,444.44444444444446,6,5,5,V-2023.12-SP4,672,592,80,263.139847,163.607043,99.532804,0.11904761904761904,0.3782505961554352,2.01,0.0,0.0,0,V-2023.12-SP4,645,565,80,262.7,159.69,103.02,367.4627,0.7149,0.12403100775193798,0.3921583555386372,0.97,1.12,0.0,0,V-2023.12-SP3,V-2023.12-SP4,0.2882,0.1033,0.0005604,0.3921,0.3915,0.8808750000000001,0.1867,0.02675,3.906e-06,0.21350000000000002,0.03393,0.005541,0.0003122,0.03978,0.06755,0.07103,0.0002443,0.1388,0.0,0.0,0.0,0.0,0.0,0.0,0.0,0.0,0.0,0.0,0.0,0.0,0.0,0.0,0.0,0.0,unvectored,none,2,2026-07-25T12:35:26+00:00
fpmul_6_5_5_16nm_TT_0V85_25C_444p444MHz,fpmul,exp_bits=6;mantissa_bits=5;pipeline_stages=5,16nm,TT,0.85,25.0,2.25,444.44444444444446,6,5,5,V-2023.12-SP4,672,592,80,263.139847,163.607043,99.532804,0.11904761904761904,0.3782505961554352,2.01,0.0,0.0,0,V-2023.12-SP4,645,565,80,262.7,159.69,103.02,367.4627,0.7149,0.12403100775193798,0.3921583555386372,0.97,1.12,0.0,0,V-2023.12-SP3,V-2023.12-SP4,0.3782,0.1633,0.0005402,0.5421,0.5415,1.218375,0.18689999999999998,0.02675,3.906e-06,0.2137,0.07367,0.01344,0.0002857,0.08739,0.1177,0.12310000000000001,0.00025059999999999997,0.241,0.0,0.0,0.0,0.0,0.0,0.0,0.0,0.0,0.0,0.0,0.0,0.0,0.0,0.0,0.0,0.0,vectored,random,2,2026-07-25T12:35:33+00:00
fpmul_6_5_5_16nm_TT_0V85_25C_285p714MHz,fpmul,exp_bits=6;mantissa_bits=5;pipeline_stages=5,16nm,TT,0.85,25.0,3.5,285.7142857142857,6,5,5,V-2023.12-SP4,609,529,80,247.339016,147.55738,99.781636,0.13136288998357964,0.40342052626262576,2.65,0.61,0.0,0,V-2023.12-SP4,597,517,80,246.84,143.7,103.14,346.3741,0.7126,0.13400335008375208,0.41784151677199804,1.59,1.75,0.0,0,V-2023.12-SP3,V-2023.12-SP4,0.178,0.06344999999999999,0.0005179000000000001,0.242,0.24145,0.845075,0.1204,0.017070000000000002,3.672e-06,0.1375,0.02188,0.003792,0.00030750000000000005,0.02598,0.03571,0.04258,0.0002068,0.0785,0.0,0.0,0.0,0.0,0.0,0.0,0.0,0.0,0.0,0.0,0.0,0.0,0.0,0.0,0.0,0.0,unvectored,none,2,2026-07-25T12:35:42+00:00
fpmul_6_5_5_16nm_TT_0V85_25C_285p714MHz,fpmul,exp_bits=6;mantissa_bits=5;pipeline_stages=5,16nm,TT,0.85,25.0,3.5,285.7142857142857,6,5,5,V-2023.12-SP4,609,529,80,247.339016,147.55738,99.781636,0.13136288998357964,0.40342052626262576,2.65,0.61,0.0,0,V-2023.12-SP4,597,517,80,246.84,143.7,103.14,346.3741,0.7126,0.13400335008375208,0.41784151677199804,1.59,1.75,0.0,0,V-2023.12-SP3,V-2023.12-SP4,0.23379999999999998,0.1048,0.0005,0.3391,0.3386,1.1851,0.1205,0.017070000000000002,3.672e-06,0.1376,0.048,0.009216,0.000283,0.05749,0.06530999999999999,0.07847,0.0002133,0.14400000000000002,0.0,0.0,0.0,0.0,0.0,0.0,0.0,0.0,0.0,0.0,0.0,0.0,0.0,0.0,0.0,0.0,vectored,random,2,2026-07-25T12:35:48+00:00
fpmul_6_12_2_16nm_TT_0V85_25C_363p636MHz,fpmul,exp_bits=6;mantissa_bits=12;pipeline_stages=2,16nm,TT,0.85,25.0,2.75,363.6363636363636,6,12,2,V-2023.12-SP4,1474,1415,59,515.268878,440.992523,74.276355,0.04002713704206241,0.14415067195267323,2.52,0.0,0.0,0,V-2023.12-SP4,1366,1307,59,503.26,425.01,78.26,733.8678,0.6858,0.04319180087847731,0.1555061002265231,1.22,1.3,0.0,0,V-2023.12-SP3,V-2023.12-SP4,0.3366,0.2408,0.1194,0.6968,0.5774,1.58785,0.1205,0.009418000000000001,0.06423,0.1942,0.02319,0.008303,0.000142,0.03164,0.1929,0.2231,0.055009999999999996,0.4709,0.0,0.0,0.0,0.0,0.0,0.0,0.0,0.0,0.0,0.0,0.0,0.0,0.0,0.0,0.0,0.0,unvectored,none,2,2026-07-25T12:38:46+00:00
fpmul_6_12_2_16nm_TT_0V85_25C_222p222MHz,fpmul,exp_bits=6;mantissa_bits=12;pipeline_stages=2,16nm,TT,0.85,25.0,4.5,222.22222222222223,6,12,2,V-2023.12-SP4,1270,1211,59,462.329869,388.551178,73.778691,0.046456692913385826,0.15958019575845314,4.27,0.02,0.0,0,V-2023.12-SP4,1209,1150,59,468.99,390.73,78.26,648.705,0.723,0.04880066170388751,0.16686922962110068,2.1,2.21,0.0,0,V-2023.12-SP3,V-2023.12-SP4,0.2196,0.1359,0.2972,0.6527,0.3555,1.59975,0.1034,0.01175,0.2569,0.3721,0.01417,0.005246000000000001,0.0001422,0.01955,0.1021,0.1189,0.0401,0.261,0.0,0.0,0.0,0.0,0.0,0.0,0.0,0.0,0.0,0.0,0.0,0.0,0.0,0.0,0.0,0.0,unvectored,none,2,2026-07-25T12:38:52+00:00
fpmul_6_12_2_16nm_TT_0V85_25C_363p636MHz,fpmul,exp_bits=6;mantissa_bits=12;pipeline_stages=2,16nm,TT,0.85,25.0,2.75,363.6363636363636,6,12,2,V-2023.12-SP4,1474,1415,59,515.268878,440.992523,74.276355,0.04002713704206241,0.14415067195267323,2.52,0.0,0.0,0,V-2023.12-SP4,1366,1307,59,503.26,425.01,78.26,733.8678,0.6858,0.04319180087847731,0.1555061002265231,1.22,1.3,0.0,0,V-2023.12-SP3,V-2023.12-SP4,0.5530999999999999,0.47459999999999997,0.1194,1.147,1.0276999999999998,2.8261749999999997,0.1206,0.009418000000000001,0.06423,0.1943,0.05722,0.020720000000000002,0.0001527,0.0781,0.3753,0.4445,0.055009999999999996,0.8746999999999999,0.0,0.0,0.0,0.0,0.0,0.0,0.0,0.0,0.0,0.0,0.0,0.0,0.0,0.0,0.0,0.0,vectored,random,2,2026-07-25T12:38:53+00:00
fpmul_6_12_2_16nm_TT_0V85_25C_222p222MHz,fpmul,exp_bits=6;mantissa_bits=12;pipeline_stages=2,16nm,TT,0.85,25.0,4.5,222.22222222222223,6,12,2,V-2023.12-SP4,1270,1211,59,462.329869,388.551178,73.778691,0.046456692913385826,0.15958019575845314,4.27,0.02,0.0,0,V-2023.12-SP4,1209,1150,59,468.99,390.73,78.26,648.705,0.723,0.04880066170388751,0.16686922962110068,2.1,2.21,0.0,0,V-2023.12-SP3,V-2023.12-SP4,0.3678,0.2989,0.2961,0.9629000000000001,0.6667000000000001,3.0001500000000005,0.1035,0.01175,0.2569,0.3721,0.03531,0.01307,0.0001516,0.04853,0.22910000000000003,0.2741,0.03909,0.5421999999999999,0.0,0.0,0.0,0.0,0.0,0.0,0.0,0.0,0.0,0.0,0.0,0.0,0.0,0.0,0.0,0.0,vectored,random,2,2026-07-25T12:38:59+00:00
fpmul_6_12_3_16nm_TT_0V85_25C_222p222MHz,fpmul,exp_bits=6;mantissa_bits=12;pipeline_stages=3,16nm,TT,0.85,25.0,4.5,222.22222222222223,6,12,3,V-2023.12-SP4,1312,1232,80,494.118158,394.212106,99.906052,0.06097560975609756,0.2021906104490902,4.24,0.05,0.0,0,V-2023.12-SP4,1246,1166,80,486.59,382.08,104.51,703.9457,0.6912,0.06420545746388442,0.21478041061263078,2.1,2.25,0.0,0,V-2023.12-SP3,V-2023.12-SP4,0.21509999999999999,0.1393,0.01003,0.3644,0.3544,1.5948,0.09322000000000001,0.014070000000000001,4.1560000000000005e-06,0.1073,0.01816,0.005339999999999999,0.00025479999999999996,0.02376,0.1037,0.1199,0.009774,0.2333,0.0,0.0,0.0,0.0,0.0,0.0,0.0,0.0,0.0,0.0,0.0,0.0,0.0,0.0,0.0,0.0,unvectored,none,2,2026-07-25T12:41:56+00:00
fpmul_6_12_3_16nm_TT_0V85_25C_222p222MHz,fpmul,exp_bits=6;mantissa_bits=12;pipeline_stages=3,16nm,TT,0.85,25.0,4.5,222.22222222222223,6,12,3,V-2023.12-SP4,1312,1232,80,494.118158,394.212106,99.906052,0.06097560975609756,0.2021906104490902,4.24,0.05,0.0,0,V-2023.12-SP4,1246,1166,80,486.59,382.08,104.51,703.9457,0.6912,0.06420545746388442,0.21478041061263078,2.1,2.25,0.0,0,V-2023.12-SP3,V-2023.12-SP4,0.3778,0.31310000000000004,0.011049999999999999,0.7020000000000001,0.6909000000000001,3.1090500000000003,0.09332,0.014070000000000001,4.1560000000000005e-06,0.1074,0.043609999999999996,0.01324,0.00024900000000000004,0.0571,0.2409,0.2858,0.01079,0.5375,0.0,0.0,0.0,0.0,0.0,0.0,0.0,0.0,0.0,0.0,0.0,0.0,0.0,0.0,0.0,0.0,vectored,random,2,2026-07-25T12:42:02+00:00
fpmul_6_12_5_16nm_TT_0V85_25C_222p222MHz,fpmul,exp_bits=6;mantissa_bits=12;pipeline_stages=5,16nm,TT,0.85,25.0,4.5,222.22222222222223,6,12,5,V-2023.12-SP4,1396,1274,122,556.699409,404.66305,152.036359,0.08739255014326648,0.27310314424996995,4.24,0.05,0.0,0,V-2023.12-SP4,1335,1213,122,562.86,405.6,157.26,779.3418,0.7222,0.09138576779026217,0.2793945208399957,2.09,2.24,0.0,0,V-2023.12-SP3,V-2023.12-SP4,0.3046,0.1573,0.203,0.6648999999999999,0.4619,2.07855,0.17129999999999998,0.02866,0.19269999999999998,0.3927,0.0262,0.006185,0.0004698,0.03285,0.1071,0.1225,0.009806,0.23929999999999998,0.0,0.0,0.0,0.0,0.0,0.0,0.0,0.0,0.0,0.0,0.0,0.0,0.0,0.0,0.0,0.0,unvectored,none,2,2026-07-25T12:45:00+00:00
fpmul_6_12_5_16nm_TT_0V85_25C_222p222MHz,fpmul,exp_bits=6;mantissa_bits=12;pipeline_stages=5,16nm,TT,0.85,25.0,4.5,222.22222222222223,6,12,5,V-2023.12-SP4,1396,1274,122,556.699409,404.66305,152.036359,0.08739255014326648,0.27310314424996995,4.24,0.05,0.0,0,V-2023.12-SP4,1335,1213,122,562.86,405.6,157.26,779.3418,0.7222,0.09138576779026217,0.2793945208399957,2.09,2.24,0.0,0,V-2023.12-SP3,V-2023.12-SP4,0.4732,0.32739999999999997,0.2037,1.004,0.8006,3.6027,0.17149999999999999,0.02866,0.19269999999999998,0.3928,0.06016,0.0152,0.0004387,0.0758,0.24159999999999998,0.28350000000000003,0.01059,0.5357,0.0,0.0,0.0,0.0,0.0,0.0,0.0,0.0,0.0,0.0,0.0,0.0,0.0,0.0,0.0,0.0,vectored,random,2,2026-07-25T12:45:07+00:00
fpmul_4_3_2_7nm_TT_0V75_25C_1000MHz,fpmul,exp_bits=4;mantissa_bits=3;pipeline_stages=2,7nm,TT,0.75,25.0,1.0,1000.0,4,3,2,V-2023.12-SP4,370,344,26,30.72384,22.33728,8.38656,0.07027027027027027,0.27296587926509186,0.78,0.0,0.0,0,V-2023.12-SP4,336,310,26,28.79,20.4,8.39,43.1908,0.6665,0.07738095238095238,0.29142063216394587,0.32,0.47,0.0,0,V-2023.12-SP3,V-2023.12-SP4,0.1224,0.05892,0.00014920000000000002,0.1815,0.18131999999999998,0.18131999999999998,0.07200999999999999,0.0,0.0,0.07200999999999999,0.013770000000000001,0.0036509999999999997,6.57e-05,0.01749,0.03666,0.05527,8.345999999999999e-05,0.09202,0.0,0.0,0.0,0.0,0.0,0.0,0.0,0.0,0.0,0.0,0.0,0.0,0.0,0.0,0.0,0.0,unvectored,none,2,2026-07-25T12:46:12+00:00
fpmul_4_3_2_7nm_TT_0V75_25C_1000MHz,fpmul,exp_bits=4;mantissa_bits=3;pipeline_stages=2,7nm,TT,0.75,25.0,1.0,1000.0,4,3,2,V-2023.12-SP4,370,344,26,30.72384,22.33728,8.38656,0.07027027027027027,0.27296587926509186,0.78,0.0,0.0,0,V-2023.12-SP4,336,310,26,28.79,20.4,8.39,43.1908,0.6665,0.07738095238095238,0.29142063216394587,0.32,0.47,0.0,0,V-2023.12-SP3,V-2023.12-SP4,0.1852,0.12999999999999998,0.00016189999999999998,0.3154,0.3152,0.3152,0.07197,0.0,0.0,0.07197,0.033850000000000005,0.009089,7.766e-05,0.04301000000000001,0.07941,0.1209,8.426e-05,0.2004,0.0,0.0,0.0,0.0,0.0,0.0,0.0,0.0,0.0,0.0,0.0,0.0,0.0,0.0,0.0,0.0,vectored,random,2,2026-07-25T12:46:19+00:00
fpmul_7_15_2_16nm_TT_0V85_25C_333p333MHz,fpmul,exp_bits=7;mantissa_bits=15;pipeline_stages=2,16nm,TT,0.85,25.0,3.0,333.3333333333333,7,15,2,V-2023.12-SP4,2039,1968,71,706.931731,618.223119,88.708612,0.03482099068170672,0.12548398679815378,2.77,0.0,0.0,0,V-2023.12-SP4,1924,1853,71,694.24,600.06,94.18,1005.9034,0.6902,0.036902286902286904,0.135659138050242,1.34,1.43,0.0,0,V-2023.12-SP3,V-2023.12-SP4,0.4034,0.3144,0.06527000000000001,0.7829999999999999,0.7178,2.1534,0.1336,0.009797,0.06423,0.2076,0.025740000000000002,0.006543,0.0001712,0.032459999999999996,0.244,0.2981,0.0008667,0.5429,0.0,0.0,0.0,0.0,0.0,0.0,0.0,0.0,0.0,0.0,0.0,0.0,0.0,0.0,0.0,0.0,unvectored,none,2,2026-07-25T12:46:56+00:00
fpmul_7_15_2_16nm_TT_0V85_25C_333p333MHz,fpmul,exp_bits=7;mantissa_bits=15;pipeline_stages=2,16nm,TT,0.85,25.0,3.0,333.3333333333333,7,15,2,V-2023.12-SP4,2039,1968,71,706.931731,618.223119,88.708612,0.03482099068170672,0.12548398679815378,2.77,0.0,0.0,0,V-2023.12-SP4,1924,1853,71,694.24,600.06,94.18,1005.9034,0.6902,0.036902286902286904,0.135659138050242,1.34,1.43,0.0,0,V-2023.12-SP3,V-2023.12-SP4,0.6482,0.5992000000000001,0.06529,1.313,1.2474,3.7422000000000004,0.13369999999999999,0.009797,0.06423,0.2078,0.06574,0.01626,0.00018409999999999998,0.08219,0.4487,0.5731999999999999,0.0008719999999999999,1.0230000000000001,0.0,0.0,0.0,0.0,0.0,0.0,0.0,0.0,0.0,0.0,0.0,0.0,0.0,0.0,0.0,0.0,vectored,random,2,2026-07-25T12:47:03+00:00
fpmul_7_15_2_16nm_TT_0V85_25C_200MHz,fpmul,exp_bits=7;mantissa_bits=15;pipeline_stages=2,16nm,TT,0.85,25.0,5.0,200.0,7,15,2,V-2023.12-SP4,1795,1724,71,660.151314,571.691534,88.45978,0.03955431754874652,0.13399924854197898,4.76,0.01,0.0,0,V-2023.12-SP4,1705,1634,71,654.74,560.56,94.18,936.3548,0.6992,0.04164222873900293,0.1438433576686929,2.34,2.42,0.0,0,V-2023.12-SP3,V-2023.12-SP4,0.2286,0.1709,0.0009677,0.40059999999999996,0.39949999999999997,1.9974999999999998,0.07565,0.00733,9.781999999999999e-06,0.08299000000000001,0.01548,0.003544,0.0001709,0.019190000000000002,0.1375,0.1601,0.000787,0.2984,0.0,0.0,0.0,0.0,0.0,0.0,0.0,0.0,0.0,0.0,0.0,0.0,0.0,0.0,0.0,0.0,unvectored,none,2,2026-07-25T12:48:19+00:00
fpmul_7_15_2_16nm_TT_0V85_25C_200MHz,fpmul,exp_bits=7;mantissa_bits=15;pipeline_stages=2,16nm,TT,0.85,25.0,5.0,200.0,7,15,2,V-2023.12-SP4,1795,1724,71,660.151314,571.691534,88.45978,0.03955431754874652,0.13399924854197898,4.76,0.01,0.0,0,V-2023.12-SP4,1705,1634,71,654.74,560.56,94.18,936.3548,0.6992,0.04164222873900293,0.1438433576686929,2.34,2.42,0.0,0,V-2023.12-SP3,V-2023.12-SP4,0.42260000000000003,0.393,0.0009850000000000002,0.8166,0.8156000000000001,4.078,0.07572,0.00733,9.781999999999999e-06,0.08306,0.039279999999999995,0.008824,0.000183,0.04829,0.3076,0.3768,0.0007923,0.6851999999999999,0.0,0.0,0.0,0.0,0.0,0.0,0.0,0.0,0.0,0.0,0.0,0.0,0.0,0.0,0.0,0.0,vectored,random,2,2026-07-25T12:48:25+00:00
fpmul_4_3_2_7nm_TT_0V75_25C_571p429MHz,fpmul,exp_bits=4;mantissa_bits=3;pipeline_stages=2,7nm,TT,0.75,25.0,1.75,571.4285714285714,4,3,2,V-2023.12-SP4,309,283,26,30.094848,21.708288,8.38656,0.08414239482200647,0.27867095391211144,1.02,0.51,0.0,0,V-2023.12-SP4,289,263,26,28.74,20.35,8.39,42.7715,0.6719,0.08996539792387544,0.2919276270006959,0.69,0.84,0.0,0,V-2023.12-SP3,V-2023.12-SP4,0.07102,0.03282,0.00014079999999999998,0.104,0.10384,0.18172,0.04124,0.0,0.0,0.04124,0.007880999999999999,0.002285,6.565e-05,0.01023,0.0219,0.03054,7.514e-05,0.052509999999999994,0.0,0.0,0.0,0.0,0.0,0.0,0.0,0.0,0.0,0.0,0.0,0.0,0.0,0.0,0.0,0.0,unvectored,none,2,2026-07-25T12:48:39+00:00
fpmul_4_3_2_7nm_TT_0V75_25C_571p429MHz,fpmul,exp_bits=4;mantissa_bits=3;pipeline_stages=2,7nm,TT,0.75,25.0,1.75,571.4285714285714,4,3,2,V-2023.12-SP4,309,283,26,30.094848,21.708288,8.38656,0.08414239482200647,0.27867095391211144,1.02,0.51,0.0,0,V-2023.12-SP4,289,263,26,28.74,20.35,8.39,42.7715,0.6719,0.08996539792387544,0.2919276270006959,0.69,0.84,0.0,0,V-2023.12-SP3,V-2023.12-SP4,0.106,0.06967999999999999,0.0001538,0.1759,0.17568,0.30744,0.04122,0.0,0.0,0.04122,0.01901,0.005702,7.775e-05,0.024790000000000003,0.04579,0.06398,7.604e-05,0.1098,0.0,0.0,0.0,0.0,0.0,0.0,0.0,0.0,0.0,0.0,0.0,0.0,0.0,0.0,0.0,0.0,vectored,random,2,2026-07-25T12:48:46+00:00
fpmul_4_3_3_7nm_TT_0V75_25C_1000MHz,fpmul,exp_bits=4;mantissa_bits=3;pipeline_stages=3,7nm,TT,0.75,25.0,1.0,1000.0,4,3,3,V-2023.12-SP4,390,354,36,34.59456,22.9824,11.61216,0.09230769230769231,0.3356643356643356,0.78,0.0,0.0,0,V-2023.12-SP4,357,321,36,32.88,21.27,11.61,47.4647,0.6928,0.10084033613445378,0.35310218978102187,0.32,0.46,0.0,0,V-2023.12-SP3,V-2023.12-SP4,0.1633,0.07143,0.0001813,0.2349,0.23473,0.23473,0.1065,0.01163,2.311e-06,0.1181,0.01865,0.0042,9.127e-05,0.022940000000000002,0.0382,0.05561,8.772e-05,0.09389,0.0,0.0,0.0,0.0,0.0,0.0,0.0,0.0,0.0,0.0,0.0,0.0,0.0,0.0,0.0,0.0,unvectored,none,2,2026-07-25T12:49:07+00:00
fpmul_4_3_3_7nm_TT_0V75_25C_1000MHz,fpmul,exp_bits=4;mantissa_bits=3;pipeline_stages=3,7nm,TT,0.75,25.0,1.0,1000.0,4,3,3,V-2023.12-SP4,390,354,36,34.59456,22.9824,11.61216,0.09230769230769231,0.3356643356643356,0.78,0.0,0.0,0,V-2023.12-SP4,357,321,36,32.88,21.27,11.61,47.4647,0.6928,0.10084033613445378,0.35310218978102187,0.32,0.46,0.0,0,V-2023.12-SP3,V-2023.12-SP4,0.2321,0.1436,0.0001976,0.37589999999999996,0.37570000000000003,0.37570000000000003,0.1064,0.01163,2.31e-06,0.1181,0.04367,0.010339999999999998,0.0001065,0.054110000000000005,0.08195999999999999,0.1217,8.875e-05,0.2037,0.0,0.0,0.0,0.0,0.0,0.0,0.0,0.0,0.0,0.0,0.0,0.0,0.0,0.0,0.0,0.0,vectored,random,2,2026-07-25T12:49:14+00:00
fpmul_4_3_3_7nm_TT_0V75_25C_571p429MHz,fpmul,exp_bits=4;mantissa_bits=3;pipeline_stages=3,7nm,TT,0.75,25.0,1.75,571.4285714285714,4,3,3,V-2023.12-SP4,329,293,36,33.965568,22.353408,11.61216,0.1094224924012158,0.3418803418803419,1.02,0.51,0.0,0,V-2023.12-SP4,309,273,36,32.61,21.0,11.61,47.0292,0.6934,0.11650485436893204,0.3560257589696412,0.69,0.84,0.0,0,V-2023.12-SP3,V-2023.12-SP4,0.09055,0.03334,0.0001704,0.1241,0.12389,0.2168075,0.057030000000000004,0.0,0.0,0.057030000000000004,0.01066,0.002604,9.125e-05,0.013349999999999999,0.022860000000000002,0.03073,7.914e-05,0.05367,0.0,0.0,0.0,0.0,0.0,0.0,0.0,0.0,0.0,0.0,0.0,0.0,0.0,0.0,0.0,0.0,unvectored,none,2,2026-07-25T12:49:23+00:00
fpmul_4_3_3_7nm_TT_0V75_25C_571p429MHz,fpmul,exp_bits=4;mantissa_bits=3;pipeline_stages=3,7nm,TT,0.75,25.0,1.75,571.4285714285714,4,3,3,V-2023.12-SP4,329,293,36,33.965568,22.353408,11.61216,0.1094224924012158,0.3418803418803419,1.02,0.51,0.0,0,V-2023.12-SP4,309,273,36,32.61,21.0,11.61,47.0292,0.6934,0.11650485436893204,0.3560257589696412,0.69,0.84,0.0,0,V-2023.12-SP3,V-2023.12-SP4,0.1285,0.06986,0.00018690000000000002,0.1986,0.19836,0.34713,0.057,0.0,0.0,0.057,0.02454,0.006423,0.00010669999999999999,0.03107,0.046990000000000004,0.06344,8.021e-05,0.1105,0.0,0.0,0.0,0.0,0.0,0.0,0.0,0.0,0.0,0.0,0.0,0.0,0.0,0.0,0.0,0.0,vectored,random,2,2026-07-25T12:49:29+00:00
fpmul_7_15_3_16nm_TT_0V85_25C_200MHz,fpmul,exp_bits=7;mantissa_bits=15;pipeline_stages=3,16nm,TT,0.85,25.0,5.0,200.0,7,15,3,V-2023.12-SP4,1856,1760,96,696.791828,577.10363,119.688197,0.05172413793103448,0.17177037989027621,4.76,0.01,0.0,0,V-2023.12-SP4,1766,1670,96,694.37,568.95,125.41,980.8957,0.7079,0.05436013590033975,0.1806097613664185,2.34,2.45,0.0,0,V-2023.12-SP3,V-2023.12-SP4,0.2743,0.185,0.06534,0.5247,0.4593,2.2965,0.11620000000000001,0.01698,0.06425,0.1974,0.01969,0.004404,0.000306,0.0244,0.1384,0.16369999999999998,0.0007891,0.3029,0.0,0.0,0.0,0.0,0.0,0.0,0.0,0.0,0.0,0.0,0.0,0.0,0.0,0.0,0.0,0.0,unvectored,none,2,2026-07-25T12:51:40+00:00
fpmul_4_3_5_7nm_TT_0V75_25C_1000MHz,fpmul,exp_bits=4;mantissa_bits=3;pipeline_stages=5,7nm,TT,0.75,25.0,1.0,1000.0,4,3,5,V-2023.12-SP4,430,374,56,42.336,24.27264,18.063361,0.13023255813953488,0.42666669028722604,0.78,0.0,0.0,0,V-2023.12-SP4,399,343,56,40.61,22.55,18.06,58.5446,0.6937,0.14035087719298245,0.44471804974144297,0.32,0.47,0.0,0,V-2023.12-SP3,V-2023.12-SP4,0.2325,0.06699,0.0002403,0.2997,0.29949000000000003,0.29949000000000003,0.16190000000000002,0.001217,2.671e-06,0.1632,0.02846,0.005279,0.0001423,0.03388,0.04205,0.0605,9.531e-05,0.1026,0.0,0.0,0.0,0.0,0.0,0.0,0.0,0.0,0.0,0.0,0.0,0.0,0.0,0.0,0.0,0.0,unvectored,none,2,2026-07-25T12:51:45+00:00
fpmul_7_15_3_16nm_TT_0V85_25C_200MHz,fpmul,exp_bits=7;mantissa_bits=15;pipeline_stages=3,16nm,TT,0.85,25.0,5.0,200.0,7,15,3,V-2023.12-SP4,1856,1760,96,696.791828,577.10363,119.688197,0.05172413793103448,0.17177037989027621,4.76,0.01,0.0,0,V-2023.12-SP4,1766,1670,96,694.37,568.95,125.41,980.8957,0.7079,0.05436013590033975,0.1806097613664185,2.34,2.45,0.0,0,V-2023.12-SP3,V-2023.12-SP4,0.4827,0.42210000000000003,0.06534,0.9702,0.9048,4.524,0.1163,0.01698,0.06425,0.1975,0.04901,0.010839999999999999,0.0002997,0.060149999999999995,0.3175,0.3943,0.0007964000000000001,0.7125,0.0,0.0,0.0,0.0,0.0,0.0,0.0,0.0,0.0,0.0,0.0,0.0,0.0,0.0,0.0,0.0,vectored,random,2,2026-07-25T12:51:47+00:00
fpmul_4_3_5_7nm_TT_0V75_25C_1000MHz,fpmul,exp_bits=4;mantissa_bits=3;pipeline_stages=5,7nm,TT,0.75,25.0,1.0,1000.0,4,3,5,V-2023.12-SP4,430,374,56,42.336,24.27264,18.063361,0.13023255813953488,0.42666669028722604,0.78,0.0,0.0,0,V-2023.12-SP4,399,343,56,40.61,22.55,18.06,58.5446,0.6937,0.14035087719298245,0.44471804974144297,0.32,0.47,0.0,0,V-2023.12-SP3,V-2023.12-SP4,0.3108,0.1353,0.0002638,0.4464,0.44610000000000005,0.44610000000000005,0.16190000000000002,0.001217,2.671e-06,0.1631,0.06355999999999999,0.01276,0.00016439999999999998,0.07648,0.08539,0.1214,9.675000000000001e-05,0.2068,0.0,0.0,0.0,0.0,0.0,0.0,0.0,0.0,0.0,0.0,0.0,0.0,0.0,0.0,0.0,0.0,vectored,random,2,2026-07-25T12:51:51+00:00
fpmul_4_3_5_7nm_TT_0V75_25C_571p429MHz,fpmul,exp_bits=4;mantissa_bits=3;pipeline_stages=5,7nm,TT,0.75,25.0,1.75,571.4285714285714,4,3,5,V-2023.12-SP4,369,313,56,41.707008,23.643648,18.063361,0.15176151761517614,0.43310133874863427,1.02,0.51,0.0,0,V-2023.12-SP4,351,295,56,40.4,22.34,18.06,58.0608,0.6958,0.15954415954415954,0.44702970297029704,0.69,0.84,0.0,0,V-2023.12-SP3,V-2023.12-SP4,0.1295,0.03612,0.0002297,0.1658,0.16562,0.28983499999999995,0.08829,0.0,0.0,0.08829,0.01626,0.003197,0.00014250000000000002,0.0196,0.024919999999999998,0.032920000000000005,8.72e-05,0.05792,0.0,0.0,0.0,0.0,0.0,0.0,0.0,0.0,0.0,0.0,0.0,0.0,0.0,0.0,0.0,0.0,unvectored,none,2,2026-07-25T12:52:07+00:00
fpmul_5_2_2_7nm_TT_0V75_25C_1000MHz,fpmul,exp_bits=5;mantissa_bits=2;pipeline_stages=2,7nm,TT,0.75,25.0,1.0,1000.0,5,2,2,V-2023.12-SP4,291,265,26,25.417728,17.031168,8.38656,0.08934707903780069,0.3299492385786802,0.74,0.05,0.0,0,V-2023.12-SP4,258,232,26,23.85,15.47,8.39,34.8687,0.6841,0.10077519379844961,0.3517819706498952,0.32,0.47,0.0,0,V-2023.12-SP3,V-2023.12-SP4,0.1148,0.04134,0.0001317,0.1563,0.15614,0.15614,0.07223,0.0,0.0,0.07223,0.013720000000000001,0.003659,6.557e-05,0.01744,0.028839999999999998,0.03768,6.612999999999999e-05,0.06659,0.0,0.0,0.0,0.0,0.0,0.0,0.0,0.0,0.0,0.0,0.0,0.0,0.0,0.0,0.0,0.0,unvectored,none,2,2026-07-25T12:52:10+00:00
fpmul_4_3_5_7nm_TT_0V75_25C_571p429MHz,fpmul,exp_bits=4;mantissa_bits=3;pipeline_stages=5,7nm,TT,0.75,25.0,1.75,571.4285714285714,4,3,5,V-2023.12-SP4,369,313,56,41.707008,23.643648,18.063361,0.15176151761517614,0.43310133874863427,1.02,0.51,0.0,0,V-2023.12-SP4,351,295,56,40.4,22.34,18.06,58.0608,0.6958,0.15954415954415954,0.44702970297029704,0.69,0.84,0.0,0,V-2023.12-SP3,V-2023.12-SP4,0.174,0.07316,0.0002531,0.2474,0.24716,0.43252999999999997,0.08825000000000001,0.0,0.0,0.08825000000000001,0.03589,0.007751999999999999,0.0001645,0.0438,0.049839999999999995,0.06541,8.859e-05,0.1153,0.0,0.0,0.0,0.0,0.0,0.0,0.0,0.0,0.0,0.0,0.0,0.0,0.0,0.0,0.0,0.0,vectored,random,2,2026-07-25T12:52:14+00:00
fpmul_5_2_2_7nm_TT_0V75_25C_1000MHz,fpmul,exp_bits=5;mantissa_bits=2;pipeline_stages=2,7nm,TT,0.75,25.0,1.0,1000.0,5,2,2,V-2023.12-SP4,291,265,26,25.417728,17.031168,8.38656,0.08934707903780069,0.3299492385786802,0.74,0.05,0.0,0,V-2023.12-SP4,258,232,26,23.85,15.47,8.39,34.8687,0.6841,0.10077519379844961,0.3517819706498952,0.32,0.47,0.0,0,V-2023.12-SP3,V-2023.12-SP4,0.16620000000000001,0.09274,0.00014450000000000002,0.2591,0.25894,0.25894,0.07219,0.0,0.0,0.07219,0.03167,0.009133,7.754e-05,0.04088,0.06237,0.0836,6.7e-05,0.146,0.0,0.0,0.0,0.0,0.0,0.0,0.0,0.0,0.0,0.0,0.0,0.0,0.0,0.0,0.0,0.0,vectored,random,2,2026-07-25T12:52:17+00:00
fpmul_5_2_2_7nm_TT_0V75_25C_666p667MHz,fpmul,exp_bits=5;mantissa_bits=2;pipeline_stages=2,7nm,TT,0.75,25.0,1.5,666.6666666666666,5,2,2,V-2023.12-SP4,255,229,26,26.030592,17.644032,8.38656,0.10196078431372549,0.322180916976456,0.97,0.31,0.0,0,V-2023.12-SP4,235,209,26,24.76,16.37,8.39,36.7718,0.6732,0.11063829787234042,0.3388529886914378,0.57,0.72,0.0,0,V-2023.12-SP3,V-2023.12-SP4,0.07622,0.02629,0.0001304,0.1026,0.10250999999999999,0.15376499999999999,0.04814,0.0,0.0,0.04814,0.009136,0.002642,6.549e-05,0.01184,0.01895,0.023649999999999997,6.488e-05,0.042660000000000003,0.0,0.0,0.0,0.0,0.0,0.0,0.0,0.0,0.0,0.0,0.0,0.0,0.0,0.0,0.0,0.0,unvectored,none,2,2026-07-25T12:54:31+00:00
fpmul_5_2_2_7nm_TT_0V75_25C_666p667MHz,fpmul,exp_bits=5;mantissa_bits=2;pipeline_stages=2,7nm,TT,0.75,25.0,1.5,666.6666666666666,5,2,2,V-2023.12-SP4,255,229,26,26.030592,17.644032,8.38656,0.10196078431372549,0.322180916976456,0.97,0.31,0.0,0,V-2023.12-SP4,235,209,26,24.76,16.37,8.39,36.7718,0.6732,0.11063829787234042,0.3388529886914378,0.57,0.72,0.0,0,V-2023.12-SP3,V-2023.12-SP4,0.1093,0.05773,0.0001433,0.1671,0.16702999999999998,0.25054499999999996,0.04811,0.0,0.0,0.04811,0.02156,0.006596,7.766e-05,0.028229999999999998,0.0396,0.05113,6.567e-05,0.09079999999999999,0.0,0.0,0.0,0.0,0.0,0.0,0.0,0.0,0.0,0.0,0.0,0.0,0.0,0.0,0.0,0.0,vectored,random,2,2026-07-25T12:54:38+00:00
fpmul_5_2_3_7nm_TT_0V75_25C_1000MHz,fpmul,exp_bits=5;mantissa_bits=2;pipeline_stages=3,7nm,TT,0.75,25.0,1.0,1000.0,5,2,3,V-2023.12-SP4,311,275,36,29.288448,17.676288,11.61216,0.1157556270096463,0.3964757709251101,0.74,0.05,0.0,0,V-2023.12-SP4,280,244,36,27.74,16.13,11.61,40.7232,0.6812,0.12857142857142856,0.4185291997116078,0.32,0.47,0.0,0,V-2023.12-SP3,V-2023.12-SP4,0.1483,0.042339999999999996,0.0001614,0.1908,0.19063999999999998,0.19063999999999998,0.09991,0.0,0.0,0.09991,0.01862,0.004227000000000001,9.112e-05,0.022940000000000002,0.02979,0.03812,7.028e-05,0.06798,0.0,0.0,0.0,0.0,0.0,0.0,0.0,0.0,0.0,0.0,0.0,0.0,0.0,0.0,0.0,0.0,unvectored,none,2,2026-07-25T12:54:57+00:00
fpmul_5_2_3_7nm_TT_0V75_25C_666p667MHz,fpmul,exp_bits=5;mantissa_bits=2;pipeline_stages=3,7nm,TT,0.75,25.0,1.5,666.6666666666666,5,2,3,V-2023.12-SP4,275,239,36,29.901312,18.289152,11.61216,0.13090909090909092,0.3883495145631068,0.97,0.31,0.0,0,V-2023.12-SP4,255,219,36,28.63,17.02,11.61,41.1264,0.6961,0.1411764705882353,0.4055186866922808,0.57,0.72,0.0,0,V-2023.12-SP3,V-2023.12-SP4,0.09888999999999999,0.026959999999999998,0.00016010000000000002,0.126,0.12585,0.18877499999999997,0.0666,0.0,0.0,0.0666,0.0124,0.00297,9.117e-05,0.015460000000000002,0.01989,0.023989999999999997,6.888e-05,0.04394,0.0,0.0,0.0,0.0,0.0,0.0,0.0,0.0,0.0,0.0,0.0,0.0,0.0,0.0,0.0,0.0,unvectored,none,2,2026-07-25T12:54:59+00:00
fpmul_5_2_3_7nm_TT_0V75_25C_1000MHz,fpmul,exp_bits=5;mantissa_bits=2;pipeline_stages=3,7nm,TT,0.75,25.0,1.0,1000.0,5,2,3,V-2023.12-SP4,311,275,36,29.288448,17.676288,11.61216,0.1157556270096463,0.3964757709251101,0.74,0.05,0.0,0,V-2023.12-SP4,280,244,36,27.74,16.13,11.61,40.7232,0.6812,0.12857142857142856,0.4185291997116078,0.32,0.47,0.0,0,V-2023.12-SP3,V-2023.12-SP4,0.2054,0.09573000000000001,0.0001775,0.3013,0.30113,0.30113,0.09985,0.0,0.0,0.09985,0.042039999999999994,0.0104,0.0001061,0.05255,0.06351,0.08533,7.133000000000001e-05,0.14889999999999998,0.0,0.0,0.0,0.0,0.0,0.0,0.0,0.0,0.0,0.0,0.0,0.0,0.0,0.0,0.0,0.0,vectored,random,2,2026-07-25T12:55:04+00:00
fpmul_5_2_3_7nm_TT_0V75_25C_666p667MHz,fpmul,exp_bits=5;mantissa_bits=2;pipeline_stages=3,7nm,TT,0.75,25.0,1.5,666.6666666666666,5,2,3,V-2023.12-SP4,275,239,36,29.901312,18.289152,11.61216,0.13090909090909092,0.3883495145631068,0.97,0.31,0.0,0,V-2023.12-SP4,255,219,36,28.63,17.02,11.61,41.1264,0.6961,0.1411764705882353,0.4055186866922808,0.57,0.72,0.0,0,V-2023.12-SP3,V-2023.12-SP4,0.13549999999999998,0.05862,0.0001762,0.1943,0.19412,0.29118,0.06656999999999999,0.0,0.0,0.06656999999999999,0.02801,0.007317000000000001,0.0001064,0.035429999999999996,0.04091,0.05131,6.984999999999999e-05,0.09228,0.0,0.0,0.0,0.0,0.0,0.0,0.0,0.0,0.0,0.0,0.0,0.0,0.0,0.0,0.0,0.0,vectored,random,2,2026-07-25T12:55:06+00:00
fpmul_7_15_5_16nm_TT_0V85_25C_200MHz,fpmul,exp_bits=7;mantissa_bits=15;pipeline_stages=5,16nm,TT,0.85,25.0,5.0,200.0,7,15,5,V-2023.12-SP4,1943,1797,146,771.752471,589.980687,181.771784,0.07514153371075656,0.23553119792991242,4.76,0.01,0.0,0,V-2023.12-SP4,1845,1699,146,775.55,587.43,188.12,1088.5778,0.7124,0.07913279132791327,0.2425633421442847,2.35,2.42,0.0,0,V-2023.12-SP3,V-2023.12-SP4,0.342,0.1899,0.1941,0.7259,0.5319,2.6595000000000004,0.17200000000000001,0.02125,0.19269999999999998,0.3859,0.02828,0.005026,0.0005669000000000001,0.03387,0.1417,0.1636,0.0008161,0.30610000000000004,0.0,0.0,0.0,0.0,0.0,0.0,0.0,0.0,0.0,0.0,0.0,0.0,0.0,0.0,0.0,0.0,unvectored,none,2,2026-07-25T12:55:10+00:00
fpmul_7_15_5_16nm_TT_0V85_25C_200MHz,fpmul,exp_bits=7;mantissa_bits=15;pipeline_stages=5,16nm,TT,0.85,25.0,5.0,200.0,7,15,5,V-2023.12-SP4,1943,1797,146,771.752471,589.980687,181.771784,0.07514153371075656,0.23553119792991242,4.76,0.01,0.0,0,V-2023.12-SP4,1845,1699,146,775.55,587.43,188.12,1088.5778,0.7124,0.07913279132791327,0.2425633421442847,2.35,2.42,0.0,0,V-2023.12-SP3,V-2023.12-SP4,0.5403,0.3966,0.194,1.131,0.9369000000000001,4.6845,0.1721,0.02125,0.19269999999999998,0.3861,0.06522,0.01225,0.0005305,0.078,0.3029,0.3631,0.0008267,0.6669,0.0,0.0,0.0,0.0,0.0,0.0,0.0,0.0,0.0,0.0,0.0,0.0,0.0,0.0,0.0,0.0,vectored,random,2,2026-07-25T12:55:17+00:00
fpmul_5_2_5_7nm_TT_0V75_25C_1000MHz,fpmul,exp_bits=5;mantissa_bits=2;pipeline_stages=5,7nm,TT,0.75,25.0,1.0,1000.0,5,2,5,V-2023.12-SP4,352,296,56,37.062145,18.998784,18.063361,0.1590909090909091,0.48738034455372187,0.74,0.04,0.0,0,V-2023.12-SP4,318,262,56,35.45,17.39,18.06,51.029,0.6947,0.1761006289308176,0.5094499294781382,0.32,0.48,0.0,0,V-2023.12-SP3,V-2023.12-SP4,0.2171,0.04834,0.0002204,0.2656,0.26544,0.26544,0.154,0.0,0.0,0.154,0.02837,0.005215,0.0001424,0.033729999999999996,0.03465,0.04312,7.802e-05,0.07784999999999999,0.0,0.0,0.0,0.0,0.0,0.0,0.0,0.0,0.0,0.0,0.0,0.0,0.0,0.0,0.0,0.0,unvectored,none,2,2026-07-25T12:57:29+00:00
fpmul_5_2_5_7nm_TT_0V75_25C_1000MHz,fpmul,exp_bits=5;mantissa_bits=2;pipeline_stages=5,7nm,TT,0.75,25.0,1.0,1000.0,5,2,5,V-2023.12-SP4,352,296,56,37.062145,18.998784,18.063361,0.1590909090909091,0.48738034455372187,0.74,0.04,0.0,0,V-2023.12-SP4,318,262,56,35.45,17.39,18.06,51.029,0.6947,0.1761006289308176,0.5094499294781382,0.32,0.48,0.0,0,V-2023.12-SP3,V-2023.12-SP4,0.2832,0.09587,0.000243,0.3793,0.37907,0.37907,0.154,0.0,0.0,0.154,0.06105000000000001,0.01257,0.00016360000000000002,0.07378,0.06817000000000001,0.08329,7.934e-05,0.1515,0.0,0.0,0.0,0.0,0.0,0.0,0.0,0.0,0.0,0.0,0.0,0.0,0.0,0.0,0.0,0.0,vectored,random,2,2026-07-25T12:57:36+00:00
fpmul_5_2_5_7nm_TT_0V75_25C_666p667MHz,fpmul,exp_bits=5;mantissa_bits=2;pipeline_stages=5,7nm,TT,0.75,25.0,1.5,666.6666666666666,5,2,5,V-2023.12-SP4,315,259,56,37.642753,19.579392,18.063361,0.17777777777777778,0.4798629101330607,0.97,0.31,0.0,0,V-2023.12-SP4,297,241,56,36.43,18.37,18.06,53.3192,0.6833,0.18855218855218855,0.49574526489157283,0.57,0.72,0.0,0,V-2023.12-SP3,V-2023.12-SP4,0.1441,0.02962,0.0002197,0.1739,0.17372,0.26058000000000003,0.1028,0.0,0.0,0.1028,0.01893,0.00364,0.0001424,0.02272,0.02234,0.02598,7.733e-05,0.0484,0.0,0.0,0.0,0.0,0.0,0.0,0.0,0.0,0.0,0.0,0.0,0.0,0.0,0.0,0.0,0.0,unvectored,none,2,2026-07-25T12:57:46+00:00
fpmul_5_2_5_7nm_TT_0V75_25C_666p667MHz,fpmul,exp_bits=5;mantissa_bits=2;pipeline_stages=5,7nm,TT,0.75,25.0,1.5,666.6666666666666,5,2,5,V-2023.12-SP4,315,259,56,37.642753,19.579392,18.063361,0.17777777777777778,0.4798629101330607,0.97,0.31,0.0,0,V-2023.12-SP4,297,241,56,36.43,18.37,18.06,53.3192,0.6833,0.18855218855218855,0.49574526489157283,0.57,0.72,0.0,0,V-2023.12-SP3,V-2023.12-SP4,0.1886,0.06234,0.0002424,0.2512,0.25094,0.37641,0.1028,0.0,0.0,0.1028,0.04097,0.008792,0.0001637,0.049920000000000006,0.04484,0.05355,7.863999999999999e-05,0.09847,0.0,0.0,0.0,0.0,0.0,0.0,0.0,0.0,0.0,0.0,0.0,0.0,0.0,0.0,0.0,0.0,vectored,random,2,2026-07-25T12:57:53+00:00
fpmul_9_31_2_16nm_TT_0V85_25C_166p667MHz,fpmul,exp_bits=9;mantissa_bits=31;pipeline_stages=2,16nm,TT,0.85,25.0,6.0,166.66666666666666,9,31,2,V-2023.12-SP4,4565,4440,125,1867.733051,1712.088628,155.644423,0.027382256297918947,0.08333333444876753,5.76,0.0,0.0,0,V-2023.12-SP4,4370,4245,125,1852.18,1686.33,165.85,2646.4527,0.6999,0.028604118993135013,0.08954313295684004,2.85,2.92,0.0,0,V-2023.12-SP3,V-2023.12-SP4,0.5165000000000001,0.46240000000000003,0.002599,0.9814999999999999,0.9789000000000001,5.8734,0.1022,0.007181000000000001,4.406e-06,0.1094,0.02282,0.0074540000000000006,0.0003009,0.03057,0.39149999999999996,0.4478,0.002294,0.8415,0.0,0.0,0.0,0.0,0.0,0.0,0.0,0.0,0.0,0.0,0.0,0.0,0.0,0.0,0.0,0.0,unvectored,none,2,2026-07-25T12:59:58+00:00
fpmul_9_31_2_16nm_TT_0V85_25C_166p667MHz,fpmul,exp_bits=9;mantissa_bits=31;pipeline_stages=2,16nm,TT,0.85,25.0,6.0,166.66666666666666,9,31,2,V-2023.12-SP4,4565,4440,125,1867.733051,1712.088628,155.644423,0.027382256297918947,0.08333333444876753,5.76,0.0,0.0,0,V-2023.12-SP4,4370,4245,125,1852.18,1686.33,165.85,2646.4527,0.6999,0.028604118993135013,0.08954313295684004,2.85,2.92,0.0,0,V-2023.12-SP3,V-2023.12-SP4,0.8876999999999999,0.915,0.00263,1.805,1.8027,10.8162,0.1023,0.007181000000000001,4.406e-06,0.1095,0.06025,0.01845,0.0003221,0.07901999999999999,0.7251,0.8894000000000001,0.002303,1.617,0.0,0.0,0.0,0.0,0.0,0.0,0.0,0.0,0.0,0.0,0.0,0.0,0.0,0.0,0.0,0.0,vectored,random,2,2026-07-25T13:00:06+00:00
fpmul_5_10_2_7nm_TT_0V75_25C_400MHz,fpmul,exp_bits=5;mantissa_bits=10;pipeline_stages=2,7nm,TT,0.75,25.0,2.5,400.0,5,10,2,V-2023.12-SP4,892,842,50,89.074944,72.946943,16.128001,0.05605381165919283,0.1810610287894203,1.99,0.29,0.0,0,V-2023.12-SP4,858,808,50,88.49,72.37,16.13,124.8952,0.7085,0.05827505827505827,0.18228048367047123,1.07,1.31,0.0,0,V-2023.12-SP3,V-2023.12-SP4,0.1521,0.1235,0.0003742,0.2759,0.2756,0.6890000000000001,0.073,0.01441,1.213e-05,0.08743,0.0109,0.007718,0.0001261,0.01874,0.06817000000000001,0.1014,0.000236,0.1698,0.0,0.0,0.0,0.0,0.0,0.0,0.0,0.0,0.0,0.0,0.0,0.0,0.0,0.0,0.0,0.0,unvectored,none,2,2026-07-25T13:01:52+00:00
fpmul_5_10_2_7nm_TT_0V75_25C_400MHz,fpmul,exp_bits=5;mantissa_bits=10;pipeline_stages=2,7nm,TT,0.75,25.0,2.5,400.0,5,10,2,V-2023.12-SP4,892,842,50,89.074944,72.946943,16.128001,0.05605381165919283,0.1810610287894203,1.99,0.29,0.0,0,V-2023.12-SP4,858,808,50,88.49,72.37,16.13,124.8952,0.7085,0.05827505827505827,0.18228048367047123,1.07,1.31,0.0,0,V-2023.12-SP3,V-2023.12-SP4,0.26170000000000004,0.28259999999999996,0.0003996,0.5447,0.5443,1.36075,0.07297999999999999,0.01441,1.213e-05,0.08739999999999999,0.029050000000000003,0.01927,0.0001491,0.04847,0.1597,0.24889999999999998,0.00023830000000000002,0.4088,0.0,0.0,0.0,0.0,0.0,0.0,0.0,0.0,0.0,0.0,0.0,0.0,0.0,0.0,0.0,0.0,vectored,random,2,2026-07-25T13:02:00+00:00
fpmul_5_10_3_7nm_TT_0V75_25C_666p667MHz,fpmul,exp_bits=5;mantissa_bits=10;pipeline_stages=3,7nm,TT,0.75,25.0,1.5,666.6666666666666,5,10,3,V-2023.12-SP4,1193,1125,68,106.52544,84.59136,21.934081,0.05699916177703269,0.20590462710128207,1.28,0.0,0.0,0,V-2023.12-SP4,1075,1007,68,102.27,80.33,21.93,148.6356,0.688,0.06325581395348837,0.21443238486359636,0.57,0.77,0.0,0,V-2023.12-SP3,V-2023.12-SP4,0.3202,0.2414,0.0005021,0.5620999999999999,0.5616,0.8424,0.1608,0.0291,1.632e-05,0.1899,0.02405,0.008861999999999998,0.00017219999999999998,0.03308,0.1353,0.20350000000000001,0.0003136,0.3391,0.0,0.0,0.0,0.0,0.0,0.0,0.0,0.0,0.0,0.0,0.0,0.0,0.0,0.0,0.0,0.0,unvectored,none,2,2026-07-25T13:02:15+00:00
fpmul_5_10_3_7nm_TT_0V75_25C_666p667MHz,fpmul,exp_bits=5;mantissa_bits=10;pipeline_stages=3,7nm,TT,0.75,25.0,1.5,666.6666666666666,5,10,3,V-2023.12-SP4,1193,1125,68,106.52544,84.59136,21.934081,0.05699916177703269,0.20590462710128207,1.28,0.0,0.0,0,V-2023.12-SP4,1075,1007,68,102.27,80.33,21.93,148.6356,0.688,0.06325581395348837,0.21443238486359636,0.57,0.77,0.0,0,V-2023.12-SP3,V-2023.12-SP4,0.4856,0.4541,0.0005327,0.9403,0.9397,1.4095499999999999,0.1608,0.0291,1.632e-05,0.1899,0.05691,0.02196,0.0002009,0.07907,0.2679,0.4031,0.00031549999999999997,0.6713,0.0,0.0,0.0,0.0,0.0,0.0,0.0,0.0,0.0,0.0,0.0,0.0,0.0,0.0,0.0,0.0,vectored,random,2,2026-07-25T13:02:22+00:00
fpmul_5_10_3_7nm_TT_0V75_25C_400MHz,fpmul,exp_bits=5;mantissa_bits=10;pipeline_stages=3,7nm,TT,0.75,25.0,2.5,400.0,5,10,3,V-2023.12-SP4,925,857,68,97.25184,75.317759,21.934081,0.07351351351351351,0.2255389820902103,2.14,0.14,0.0,0,V-2023.12-SP4,886,818,68,96.41,74.48,21.93,136.5074,0.7063,0.07674943566591422,0.22746603049476197,1.07,1.32,0.0,0,V-2023.12-SP3,V-2023.12-SP4,0.1772,0.12439999999999998,0.00042899999999999997,0.30200000000000005,0.3016,0.754,0.09335,0.015739999999999997,1.076e-05,0.1091,0.014440000000000001,0.008111,0.00017230000000000001,0.02272,0.06944,0.1005,0.0002459,0.1702,0.0,0.0,0.0,0.0,0.0,0.0,0.0,0.0,0.0,0.0,0.0,0.0,0.0,0.0,0.0,0.0,unvectored,none,2,2026-07-25T13:03:03+00:00
fpmul_5_10_3_7nm_TT_0V75_25C_400MHz,fpmul,exp_bits=5;mantissa_bits=10;pipeline_stages=3,7nm,TT,0.75,25.0,2.5,400.0,5,10,3,V-2023.12-SP4,925,857,68,97.25184,75.317759,21.934081,0.07351351351351351,0.2255389820902103,2.14,0.14,0.0,0,V-2023.12-SP4,886,818,68,96.41,74.48,21.93,136.5074,0.7063,0.07674943566591422,0.22746603049476197,1.07,1.32,0.0,0,V-2023.12-SP3,V-2023.12-SP4,0.2863,0.2695,0.0004608,0.5563,0.5558000000000001,1.3895000000000002,0.09333,0.015739999999999997,1.076e-05,0.1091,0.03557,0.02018,0.0002014,0.05595,0.1574,0.2336,0.00024859999999999997,0.39130000000000004,0.0,0.0,0.0,0.0,0.0,0.0,0.0,0.0,0.0,0.0,0.0,0.0,0.0,0.0,0.0,0.0,vectored,random,2,2026-07-25T13:03:10+00:00
fpmul_9_31_3_16nm_TT_0V85_25C_166p667MHz,fpmul,exp_bits=9;mantissa_bits=31;pipeline_stages=3,16nm,TT,0.85,25.0,6.0,166.66666666666666,9,31,3,V-2023.12-SP4,4777,4609,168,1939.707709,1730.191156,209.516553,0.03516851580489847,0.10801449725021431,5.76,0.0,0.0,0,V-2023.12-SP4,4503,4335,168,1913.7,1694.11,219.59,2756.8719,0.6942,0.037308461025982675,0.1147463029732978,2.86,2.91,0.0,0,V-2023.12-SP3,V-2023.12-SP4,0.5579,0.4704,0.002845,1.031,1.0283,6.1698,0.1408,0.01211,5.876e-06,0.1529,0.028880000000000003,0.007159,0.000532,0.03657,0.3883,0.4511,0.002307,0.8417,0.0,0.0,0.0,0.0,0.0,0.0,0.0,0.0,0.0,0.0,0.0,0.0,0.0,0.0,0.0,0.0,unvectored,none,2,2026-07-25T13:04:30+00:00
fpmul_9_31_3_16nm_TT_0V85_25C_166p667MHz,fpmul,exp_bits=9;mantissa_bits=31;pipeline_stages=3,16nm,TT,0.85,25.0,6.0,166.66666666666666,9,31,3,V-2023.12-SP4,4777,4609,168,1939.707709,1730.191156,209.516553,0.03516851580489847,0.10801449725021431,5.76,0.0,0.0,0,V-2023.12-SP4,4503,4335,168,1913.7,1694.11,219.59,2756.8719,0.6942,0.037308461025982675,0.1147463029732978,2.86,2.91,0.0,0,V-2023.12-SP3,V-2023.12-SP4,0.8922,0.8663,0.0028499999999999997,1.761,1.7585,10.551,0.1409,0.01211,5.876e-06,0.153,0.07084,0.01766,0.0005239,0.08903000000000001,0.6804,0.8365999999999999,0.0023209999999999997,1.519,0.0,0.0,0.0,0.0,0.0,0.0,0.0,0.0,0.0,0.0,0.0,0.0,0.0,0.0,0.0,0.0,vectored,random,2,2026-07-25T13:04:37+00:00
fpmul_5_10_5_7nm_TT_0V75_25C_400MHz,fpmul,exp_bits=5;mantissa_bits=10;pipeline_stages=5,7nm,TT,0.75,25.0,2.5,400.0,5,10,5,V-2023.12-SP4,1000,896,104,109.992961,76.446719,33.546241,0.104,0.30498534356212126,2.0,0.28,0.0,0,V-2023.12-SP4,970,866,104,109.43,75.88,33.55,154.103,0.7101,0.10721649484536082,0.30658868683176455,1.07,1.31,0.0,0,V-2023.12-SP3,V-2023.12-SP4,0.2304,0.1404,0.0005337,0.3713,0.3708,0.927,0.1373,0.02699,1.1910000000000001e-05,0.1643,0.02143,0.00899,0.00026409999999999997,0.03068,0.07164999999999999,0.1044,0.0002577,0.1763,0.0,0.0,0.0,0.0,0.0,0.0,0.0,0.0,0.0,0.0,0.0,0.0,0.0,0.0,0.0,0.0,unvectored,none,2,2026-07-25T13:06:42+00:00
fpmul_5_10_5_7nm_TT_0V75_25C_400MHz,fpmul,exp_bits=5;mantissa_bits=10;pipeline_stages=5,7nm,TT,0.75,25.0,2.5,400.0,5,10,5,V-2023.12-SP4,1000,896,104,109.992961,76.446719,33.546241,0.104,0.30498534356212126,2.0,0.28,0.0,0,V-2023.12-SP4,970,866,104,109.43,75.88,33.55,154.103,0.7101,0.10721649484536082,0.30658868683176455,1.07,1.31,0.0,0,V-2023.12-SP3,V-2023.12-SP4,0.34680000000000005,0.2884,0.0005786999999999999,0.6359,0.6352,1.588,0.1373,0.02699,1.193e-05,0.1643,0.04967,0.0222,0.0003055,0.07217,0.15990000000000001,0.2392,0.0002613,0.3994,0.0,0.0,0.0,0.0,0.0,0.0,0.0,0.0,0.0,0.0,0.0,0.0,0.0,0.0,0.0,0.0,vectored,random,2,2026-07-25T13:06:49+00:00
fpmul_9_31_5_16nm_TT_0V85_25C_173p913MHz,fpmul,exp_bits=9;mantissa_bits=31;pipeline_stages=5,16nm,TT,0.85,25.0,5.75,173.91304347826087,9,31,5,V-2023.12-SP4,4932,4678,254,2071.837506,1755.696436,316.14107,0.05150040551500405,0.15258970314248188,5.51,0.0,0.0,0,V-2023.12-SP4,4724,4470,254,2069.47,1742.38,327.09,2941.3187,0.7036,0.05376799322607959,0.1580549609320261,2.73,2.8,0.0,0,V-2023.12-SP3,V-2023.12-SP4,0.7242000000000001,0.5223,0.32449999999999996,1.571,1.2465000000000002,7.167375000000001,0.2678,0.03497,0.3212,0.6239,0.04289,0.008289,0.0009938,0.05218,0.41350000000000003,0.47909999999999997,0.002363,0.895,0.0,0.0,0.0,0.0,0.0,0.0,0.0,0.0,0.0,0.0,0.0,0.0,0.0,0.0,0.0,0.0,unvectored,none,2,2026-07-25T13:09:05+00:00
fpmul_9_31_5_16nm_TT_0V85_25C_173p913MHz,fpmul,exp_bits=9;mantissa_bits=31;pipeline_stages=5,16nm,TT,0.85,25.0,5.75,173.91304347826087,9,31,5,V-2023.12-SP4,4932,4678,254,2071.837506,1755.696436,316.14107,0.05150040551500405,0.15258970314248188,5.51,0.0,0.0,0,V-2023.12-SP4,4724,4470,254,2069.47,1742.38,327.09,2941.3187,0.7036,0.05376799322607959,0.1580549609320261,2.73,2.8,0.0,0,V-2023.12-SP3,V-2023.12-SP4,1.1280000000000001,0.9859000000000001,0.32449999999999996,2.438,2.1139,12.154925,0.268,0.03497,0.3212,0.6242,0.1009,0.02029,0.0009303,0.12210000000000001,0.7591,0.9306,0.002382,1.692,0.0,0.0,0.0,0.0,0.0,0.0,0.0,0.0,0.0,0.0,0.0,0.0,0.0,0.0,0.0,0.0,vectored,random,2,2026-07-25T13:09:12+00:00
fpmul_8_7_2_7nm_TT_0V75_25C_444p444MHz,fpmul,exp_bits=8;mantissa_bits=7;pipeline_stages=2,7nm,TT,0.75,25.0,2.25,444.44444444444446,8,7,2,V-2023.12-SP4,657,607,50,71.253504,55.125503,16.128001,0.076103500761035,0.22634677727568317,1.7,0.33,0.0,0,V-2023.12-SP4,623,573,50,70.66,54.53,16.13,101.2838,0.6976,0.08025682182985554,0.22827625247664873,0.94,1.19,0.0,0,V-2023.12-SP3,V-2023.12-SP4,0.1394,0.08736000000000001,0.0003222,0.2271,0.22676000000000002,0.51021,0.07982,0.01597,1.1910000000000001e-05,0.0958,0.01194,0.005462000000000001,0.0001263,0.01753,0.047630000000000006,0.06592,0.000184,0.1137,0.0,0.0,0.0,0.0,0.0,0.0,0.0,0.0,0.0,0.0,0.0,0.0,0.0,0.0,0.0,0.0,unvectored,none,2,2026-07-25T13:09:21+00:00
fpmul_8_7_2_7nm_TT_0V75_25C_444p444MHz,fpmul,exp_bits=8;mantissa_bits=7;pipeline_stages=2,7nm,TT,0.75,25.0,2.25,444.44444444444446,8,7,2,V-2023.12-SP4,657,607,50,71.253504,55.125503,16.128001,0.076103500761035,0.22634677727568317,1.7,0.33,0.0,0,V-2023.12-SP4,623,573,50,70.66,54.53,16.13,101.2838,0.6976,0.08025682182985554,0.22827625247664873,0.94,1.19,0.0,0,V-2023.12-SP3,V-2023.12-SP4,0.20320000000000002,0.17149999999999999,0.0003478,0.375,0.37470000000000003,0.843075,0.07979,0.01597,1.1910000000000001e-05,0.09577,0.029240000000000002,0.01364,0.00015,0.04303,0.09419000000000001,0.1419,0.0001859,0.2362,0.0,0.0,0.0,0.0,0.0,0.0,0.0,0.0,0.0,0.0,0.0,0.0,0.0,0.0,0.0,0.0,vectored,random,2,2026-07-25T13:09:27+00:00
fpmul_8_7_3_7nm_TT_0V75_25C_444p444MHz,fpmul,exp_bits=8;mantissa_bits=7;pipeline_stages=3,7nm,TT,0.75,25.0,2.25,444.44444444444446,8,7,3,V-2023.12-SP4,721,653,68,80.769024,58.834943,21.934081,0.09431345353675451,0.2715655075886518,1.76,0.27,0.0,0,V-2023.12-SP4,687,619,68,79.8,57.87,21.93,113.1218,0.7054,0.09898107714701601,0.27481203007518795,0.95,1.19,0.0,0,V-2023.12-SP3,V-2023.12-SP4,0.17200000000000001,0.09616999999999999,0.000386,0.2686,0.26817,0.6033825,0.1043,0.02,1.097e-05,0.12430000000000001,0.015880000000000002,0.00586,0.0001725,0.02191,0.05189,0.07031,0.0002025,0.1224,0.0,0.0,0.0,0.0,0.0,0.0,0.0,0.0,0.0,0.0,0.0,0.0,0.0,0.0,0.0,0.0,unvectored,none,2,2026-07-25T13:10:26+00:00
fpmul_8_7_3_7nm_TT_0V75_25C_444p444MHz,fpmul,exp_bits=8;mantissa_bits=7;pipeline_stages=3,7nm,TT,0.75,25.0,2.25,444.44444444444446,8,7,3,V-2023.12-SP4,721,653,68,80.769024,58.834943,21.934081,0.09431345353675451,0.2715655075886518,1.76,0.27,0.0,0,V-2023.12-SP4,687,619,68,79.8,57.87,21.93,113.1218,0.7054,0.09898107714701601,0.27481203007518795,0.95,1.19,0.0,0,V-2023.12-SP3,V-2023.12-SP4,0.2429,0.1783,0.0004178,0.4217,0.4212,0.9477,0.1042,0.02,1.097e-05,0.12430000000000001,0.03681,0.014539999999999999,0.00020209999999999998,0.05155,0.10189999999999999,0.1438,0.0002047,0.2459,0.0,0.0,0.0,0.0,0.0,0.0,0.0,0.0,0.0,0.0,0.0,0.0,0.0,0.0,0.0,0.0,vectored,random,2,2026-07-25T13:10:32+00:00
fpmul_8_7_5_7nm_TT_0V75_25C_444p444MHz,fpmul,exp_bits=8;mantissa_bits=7;pipeline_stages=5,7nm,TT,0.75,25.0,2.25,444.44444444444446,8,7,5,V-2023.12-SP4,793,689,104,94.703617,61.157375,33.546241,0.13114754098360656,0.35422344006142875,1.76,0.27,0.0,0,V-2023.12-SP4,763,659,104,93.93,60.38,33.55,134.2817,0.6995,0.1363040629095675,0.3571808793782604,0.95,1.19,0.0,0,V-2023.12-SP3,V-2023.12-SP4,0.2323,0.10569999999999999,0.0004940999999999999,0.3386,0.33799999999999997,0.7605,0.1537,0.02633,1.1690000000000002e-05,0.18009999999999998,0.02372,0.0067150000000000005,0.0002647,0.0307,0.05491,0.0727,0.0002178,0.1278,0.0,0.0,0.0,0.0,0.0,0.0,0.0,0.0,0.0,0.0,0.0,0.0,0.0,0.0,0.0,0.0,unvectored,none,2,2026-07-25T13:13:16+00:00
fpmul_8_7_5_7nm_TT_0V75_25C_444p444MHz,fpmul,exp_bits=8;mantissa_bits=7;pipeline_stages=5,7nm,TT,0.75,25.0,2.25,444.44444444444446,8,7,5,V-2023.12-SP4,793,689,104,94.703617,61.157375,33.546241,0.13114754098360656,0.35422344006142875,1.76,0.27,0.0,0,V-2023.12-SP4,763,659,104,93.93,60.38,33.55,134.2817,0.6995,0.1363040629095675,0.3571808793782604,0.95,1.19,0.0,0,V-2023.12-SP3,V-2023.12-SP4,0.3129,0.188,0.0005379,0.5014000000000001,0.5009,1.127025,0.1537,0.02633,1.1690000000000002e-05,0.18000000000000002,0.05317,0.01649,0.0003057,0.06996999999999999,0.106,0.1452,0.0002204,0.2515,0.0,0.0,0.0,0.0,0.0,0.0,0.0,0.0,0.0,0.0,0.0,0.0,0.0,0.0,0.0,0.0,vectored,random,2,2026-07-25T13:13:23+00:00
fpmul_10_40_2_16nm_TT_0V85_25C_160MHz,fpmul,exp_bits=10;mantissa_bits=40;pipeline_stages=2,16nm,TT,0.85,25.0,6.25,160.0,10,40,2,V-2023.12-SP4,6494,6339,155,2745.114713,2552.269904,192.844809,0.02386818601786264,0.07025018229174454,6.01,0.0,0.0,0,V-2023.12-SP4,6223,6068,155,2744.55,2538.9,205.66,3889.9907,0.7055,0.024907600835609833,0.07493396002987739,2.98,3.04,0.0,0,V-2023.12-SP3,V-2023.12-SP4,0.7613,0.6859999999999999,0.13329999999999997,1.581,1.4472999999999998,9.045625,0.1476,0.015639999999999998,0.1285,0.2917,0.02711,0.008899,0.00037329999999999997,0.03638,0.5865999999999999,0.6615,0.004408,1.252,0.0,0.0,0.0,0.0,0.0,0.0,0.0,0.0,0.0,0.0,0.0,0.0,0.0,0.0,0.0,0.0,unvectored,none,2,2026-07-25T13:14:12+00:00
fpmul_10_40_2_16nm_TT_0V85_25C_160MHz,fpmul,exp_bits=10;mantissa_bits=40;pipeline_stages=2,16nm,TT,0.85,25.0,6.25,160.0,10,40,2,V-2023.12-SP4,6494,6339,155,2745.114713,2552.269904,192.844809,0.02386818601786264,0.07025018229174454,6.01,0.0,0.0,0,V-2023.12-SP4,6223,6068,155,2744.55,2538.9,205.66,3889.9907,0.7055,0.024907600835609833,0.07493396002987739,2.98,3.04,0.0,0,V-2023.12-SP3,V-2023.12-SP4,1.4289999999999998,1.494,0.1332,3.056,2.923,18.26875,0.14770000000000003,0.015639999999999998,0.1285,0.2918,0.06915,0.02207,0.0003989,0.09162,1.212,1.456,0.004313,2.6719999999999997,0.0,0.0,0.0,0.0,0.0,0.0,0.0,0.0,0.0,0.0,0.0,0.0,0.0,0.0,0.0,0.0,vectored,random,2,2026-07-25T13:14:21+00:00
fpmul_10_40_3_16nm_TT_0V85_25C_250MHz,fpmul,exp_bits=10;mantissa_bits=40;pipeline_stages=3,16nm,TT,0.85,25.0,4.0,250.0,10,40,3,V-2023.12-SP4,6850,6642,208,2886.5135,2627.35496,259.15854,0.030364963503649634,0.08978254908560103,3.77,0.0,0.0,0,V-2023.12-SP4,6647,6439,208,2900.7,2628.97,271.72,4101.6223,0.7072,0.03129231232134798,0.0936739407729169,1.86,1.91,0.0,0,V-2023.12-SP3,V-2023.12-SP4,1.2930000000000001,1.119,0.06849999999999999,2.4810000000000003,2.412,9.648,0.29,0.034530000000000005,0.06426,0.38880000000000003,0.05354,0.014709999999999999,0.0006643,0.06891,0.9499000000000001,1.07,0.003574,2.023,0.0,0.0,0.0,0.0,0.0,0.0,0.0,0.0,0.0,0.0,0.0,0.0,0.0,0.0,0.0,0.0,unvectored,none,2,2026-07-25T13:15:32+00:00
fpmul_10_40_3_16nm_TT_0V85_25C_250MHz,fpmul,exp_bits=10;mantissa_bits=40;pipeline_stages=3,16nm,TT,0.85,25.0,4.0,250.0,10,40,3,V-2023.12-SP4,6850,6642,208,2886.5135,2627.35496,259.15854,0.030364963503649634,0.08978254908560103,3.77,0.0,0.0,0,V-2023.12-SP4,6647,6439,208,2900.7,2628.97,271.72,4101.6223,0.7072,0.03129231232134798,0.0936739407729169,1.86,1.91,0.0,0,V-2023.12-SP3,V-2023.12-SP4,2.248,2.261,0.06851,4.577,4.509,18.036,0.2902,0.034530000000000005,0.06426,0.389,0.1338,0.03641,0.0006573000000000001,0.1709,1.824,2.19,0.00359,4.0169999999999995,0.0,0.0,0.0,0.0,0.0,0.0,0.0,0.0,0.0,0.0,0.0,0.0,0.0,0.0,0.0,0.0,vectored,random,2,2026-07-25T13:15:40+00:00
fpmul_8_10_3_7nm_TT_0V75_25C_400MHz,fpmul,exp_bits=8;mantissa_bits=10;pipeline_stages=3,7nm,TT,0.75,25.0,2.5,400.0,8,10,3,V-2023.12-SP4,1036,956,80,106.477057,80.672256,25.804801,0.07722007722007722,0.2423508099026441,2.22,0.06,0.0,0,V-2023.12-SP4,1016,936,80,106.11,80.3,25.8,148.6356,0.7139,0.07874015748031496,0.24314390726604468,1.07,1.31,0.0,0,V-2023.12-SP3,V-2023.12-SP4,0.2094,0.1418,0.0005112,0.3518,0.3512,0.878,0.1143,0.01955,1.538e-05,0.1339,0.01694,0.005986,0.0002028,0.02313,0.07816,0.1163,0.00029299999999999997,0.1948,0.0,0.0,0.0,0.0,0.0,0.0,0.0,0.0,0.0,0.0,0.0,0.0,0.0,0.0,0.0,0.0,unvectored,none,2,2026-07-25T13:18:49+00:00
fpmul_8_10_3_7nm_TT_0V75_25C_400MHz,fpmul,exp_bits=8;mantissa_bits=10;pipeline_stages=3,7nm,TT,0.75,25.0,2.5,400.0,8,10,3,V-2023.12-SP4,1036,956,80,106.477057,80.672256,25.804801,0.07722007722007722,0.2423508099026441,2.22,0.06,0.0,0,V-2023.12-SP4,1016,936,80,106.11,80.3,25.8,148.6356,0.7139,0.07874015748031496,0.24314390726604468,1.07,1.31,0.0,0,V-2023.12-SP3,V-2023.12-SP4,0.3328,0.3024,0.0005483,0.6357,0.6352,1.588,0.1143,0.01955,1.538e-05,0.1339,0.03989,0.01486,0.0002375,0.05499,0.1786,0.268,0.0002954,0.4469,0.0,0.0,0.0,0.0,0.0,0.0,0.0,0.0,0.0,0.0,0.0,0.0,0.0,0.0,0.0,0.0,vectored,random,2,2026-07-25T13:18:57+00:00
fpmul_10_40_3_16nm_TT_0V85_25C_153p846MHz,fpmul,exp_bits=10;mantissa_bits=40;pipeline_stages=3,16nm,TT,0.85,25.0,6.5,153.84615384615384,10,40,3,V-2023.12-SP4,6667,6459,208,2821.257306,2562.098766,259.15854,0.0311984400779961,0.09185923575593215,6.27,0.0,0.0,0,V-2023.12-SP4,6405,6197,208,2816.47,2544.74,271.72,4016.7706,0.7012,0.03247462919594067,0.09647537520371247,3.1,3.17,0.0,0,V-2023.12-SP3,V-2023.12-SP4,0.7724,0.6648000000000001,0.1348,1.572,1.4372,9.341800000000001,0.1819,0.01986,0.1285,0.3302,0.032889999999999996,0.00855,0.0006649,0.04211,0.5576,0.6364,0.005697,1.2,0.0,0.0,0.0,0.0,0.0,0.0,0.0,0.0,0.0,0.0,0.0,0.0,0.0,0.0,0.0,0.0,unvectored,none,2,2026-07-25T13:19:47+00:00
fpmul_10_40_3_16nm_TT_0V85_25C_153p846MHz,fpmul,exp_bits=10;mantissa_bits=40;pipeline_stages=3,16nm,TT,0.85,25.0,6.5,153.84615384615384,10,40,3,V-2023.12-SP4,6667,6459,208,2821.257306,2562.098766,259.15854,0.0311984400779961,0.09185923575593215,6.27,0.0,0.0,0,V-2023.12-SP4,6405,6197,208,2816.47,2544.74,271.72,4016.7706,0.7012,0.03247462919594067,0.09647537520371247,3.1,3.17,0.0,0,V-2023.12-SP3,V-2023.12-SP4,1.314,1.307,0.1344,2.755,2.621,17.0365,0.182,0.01986,0.1285,0.3304,0.08022,0.021140000000000003,0.000658,0.102,1.052,1.266,0.005295,2.323,0.0,0.0,0.0,0.0,0.0,0.0,0.0,0.0,0.0,0.0,0.0,0.0,0.0,0.0,0.0,0.0,vectored,random,2,2026-07-25T13:19:55+00:00
fpmul_10_40_5_16nm_TT_0V85_25C_153p846MHz,fpmul,exp_bits=10;mantissa_bits=40;pipeline_stages=5,16nm,TT,0.85,25.0,6.5,153.84615384615384,10,40,5,V-2023.12-SP4,7053,6739,314,3014.350944,2623.56027,390.790674,0.044520062384800795,0.12964338965834765,6.26,0.03,0.0,0,V-2023.12-SP4,6792,6478,314,3020.51,2616.03,404.48,4266.9089,0.7079,0.04623085983510012,0.1339111606980278,3.11,3.2,0.0,0,V-2023.12-SP3,V-2023.12-SP4,0.9111,0.7242000000000001,0.264,1.899,1.6353,10.62945,0.2926,0.0589,0.257,0.6085,0.046869999999999995,0.01024,0.001223,0.05833,0.5716,0.655,0.005788000000000001,1.232,0.0,0.0,0.0,0.0,0.0,0.0,0.0,0.0,0.0,0.0,0.0,0.0,0.0,0.0,0.0,0.0,unvectored,none,2,2026-07-25T13:25:28+00:00
fpmul_10_40_5_16nm_TT_0V85_25C_153p846MHz,fpmul,exp_bits=10;mantissa_bits=40;pipeline_stages=5,16nm,TT,0.85,25.0,6.5,153.84615384615384,10,40,5,V-2023.12-SP4,7053,6739,314,3014.350944,2623.56027,390.790674,0.044520062384800795,0.12964338965834765,6.26,0.03,0.0,0,V-2023.12-SP4,6792,6478,314,3020.51,2616.03,404.48,4266.9089,0.7079,0.04623085983510012,0.1339111606980278,3.11,3.2,0.0,0,V-2023.12-SP3,V-2023.12-SP4,1.425,1.325,0.2635,3.0140000000000002,2.75,17.875,0.2928,0.0589,0.257,0.6087,0.1109,0.025109999999999997,0.001158,0.1372,1.021,1.2409999999999999,0.005398,2.2680000000000002,0.0,0.0,0.0,0.0,0.0,0.0,0.0,0.0,0.0,0.0,0.0,0.0,0.0,0.0,0.0,0.0,vectored,random,2,2026-07-25T13:25:36+00:00
fpmul_8_23_5_7nm_TT_0V75_25C_333p333MHz,fpmul,exp_bits=8;mantissa_bits=23;pipeline_stages=5,7nm,TT,0.75,25.0,3.0,333.3333333333333,8,23,5,V-2023.12-SP4,3319,3119,200,346.300416,281.788414,64.512002,0.06025911419102139,0.18628912649068258,2.73,0.05,0.0,0,V-2023.12-SP4,3123,2923,200,336.77,272.26,64.51,492.4846,0.6838,0.06404098623118797,0.19155506725658464,1.32,1.54,0.0,0,V-2023.12-SP3,V-2023.12-SP4,0.5019,0.4142,0.001551,0.9176,0.9161,2.7483,0.2112,0.03854,1.364e-05,0.2498,0.034570000000000004,0.007489,0.0005084,0.042570000000000004,0.256,0.3682,0.001029,0.6253,0.0,0.0,0.0,0.0,0.0,0.0,0.0,0.0,0.0,0.0,0.0,0.0,0.0,0.0,0.0,0.0,unvectored,none,2,2026-07-25T13:37:32+00:00
fpmul_8_23_5_7nm_TT_0V75_25C_333p333MHz,fpmul,exp_bits=8;mantissa_bits=23;pipeline_stages=5,7nm,TT,0.75,25.0,3.0,333.3333333333333,8,23,5,V-2023.12-SP4,3319,3119,200,346.300416,281.788414,64.512002,0.06025911419102139,0.18628912649068258,2.73,0.05,0.0,0,V-2023.12-SP4,3123,2923,200,336.77,272.26,64.51,492.4846,0.6838,0.06404098623118797,0.19155506725658464,1.32,1.54,0.0,0,V-2023.12-SP3,V-2023.12-SP4,0.9142,0.9904000000000001,0.001634,1.906,1.9046,5.7138,0.2112,0.03854,1.365e-05,0.2497,0.08268,0.018349999999999998,0.0005861,0.10160000000000001,0.6203,0.9335,0.001034,1.555,0.0,0.0,0.0,0.0,0.0,0.0,0.0,0.0,0.0,0.0,0.0,0.0,0.0,0.0,0.0,0.0,vectored,random,2,2026-07-25T13:37:41+00:00
fpmul_12_64_3_16nm_TT_0V85_25C_142p857MHz,fpmul,exp_bits=12;mantissa_bits=64;pipeline_stages=3,16nm,TT,0.85,25.0,7.0,142.85714285714286,12,64,3,V-2023.12-SP4,12887,12575,312,6094.953416,5706.526646,388.426769,0.024210444634127415,0.0637292432753189,6.78,0.0,0.0,0,V-2023.12-SP4,12685,12373,312,6182.04,5774.33,407.71,8643.3661,0.7152,0.024595979503350414,0.06595072176821891,3.37,3.44,0.0,0,V-2023.12-SP3,V-2023.12-SP4,1.502,1.435,0.09897,3.036,2.9370000000000003,20.559,0.2395,0.04274,0.06426,0.34650000000000003,0.04583,0.0216,0.0009934000000000002,0.06842999999999999,1.217,1.371,0.033710000000000004,2.621,0.0,0.0,0.0,0.0,0.0,0.0,0.0,0.0,0.0,0.0,0.0,0.0,0.0,0.0,0.0,0.0,unvectored,none,2,2026-07-25T13:41:58+00:00
fpmul_12_64_3_16nm_TT_0V85_25C_142p857MHz,fpmul,exp_bits=12;mantissa_bits=64;pipeline_stages=3,16nm,TT,0.85,25.0,7.0,142.85714285714286,12,64,3,V-2023.12-SP4,12887,12575,312,6094.953416,5706.526646,388.426769,0.024210444634127415,0.0637292432753189,6.78,0.0,0.0,0,V-2023.12-SP4,12685,12373,312,6182.04,5774.33,407.71,8643.3661,0.7152,0.024595979503350414,0.06595072176821891,3.37,3.44,0.0,0,V-2023.12-SP3,V-2023.12-SP4,2.578,2.765,0.0988,5.442,5.343,37.400999999999996,0.2397,0.04274,0.06426,0.3467,0.1114,0.053829999999999996,0.0009843,0.16620000000000001,2.226,2.669,0.03356,4.929,0.0,0.0,0.0,0.0,0.0,0.0,0.0,0.0,0.0,0.0,0.0,0.0,0.0,0.0,0.0,0.0,vectored,random,2,2026-07-25T13:42:07+00:00
fpmul_12_64_5_16nm_TT_0V85_25C_142p857MHz,fpmul,exp_bits=12;mantissa_bits=64;pipeline_stages=5,16nm,TT,0.85,25.0,7.0,142.85714285714286,12,64,5,V-2023.12-SP4,13329,12859,470,6362.883282,5778.00364,584.879642,0.03526145997449171,0.09192053603349438,6.76,0.0,0.0,0,V-2023.12-SP4,12955,12485,470,6422.98,5817.94,605.04,9053.1302,0.7095,0.03627942879197221,0.09419926576137556,3.36,3.45,0.0,0,V-2023.12-SP3,V-2023.12-SP4,1.648,1.471,0.1639,3.283,3.1189999999999998,21.833,0.3598,0.07375000000000001,0.1285,0.562,0.06498000000000001,0.02239,0.001849,0.08922000000000001,1.2229999999999999,1.375,0.03359,2.6310000000000002,0.0,0.0,0.0,0.0,0.0,0.0,0.0,0.0,0.0,0.0,0.0,0.0,0.0,0.0,0.0,0.0,unvectored,none,2,2026-07-25T13:50:58+00:00
fpmul_12_64_5_16nm_TT_0V85_25C_142p857MHz,fpmul,exp_bits=12;mantissa_bits=64;pipeline_stages=5,16nm,TT,0.85,25.0,7.0,142.85714285714286,12,64,5,V-2023.12-SP4,13329,12859,470,6362.883282,5778.00364,584.879642,0.03526145997449171,0.09192053603349438,6.76,0.0,0.0,0,V-2023.12-SP4,12955,12485,470,6422.98,5817.94,605.04,9053.1302,0.7095,0.03627942879197221,0.09419926576137556,3.36,3.45,0.0,0,V-2023.12-SP3,V-2023.12-SP4,2.747,2.806,0.1638,5.717,5.553,38.871,0.36010000000000003,0.07375000000000001,0.1285,0.5624,0.1537,0.05545,0.0017460000000000002,0.2109,2.233,2.677,0.03354,4.944,0.0,0.0,0.0,0.0,0.0,0.0,0.0,0.0,0.0,0.0,0.0,0.0,0.0,0.0,0.0,0.0,vectored,random,2,2026-07-25T13:51:08+00:00
fpmul_3_2_2_7nm_TT_0V75_25C_1333p33MHz,fpmul,exp_bits=3;mantissa_bits=2;pipeline_stages=2,7nm,TT,0.75,25.0,0.75,1333.3333333333333,3,2,2,V-2023.12-SP4,315,295,20,23.982336,17.434368,6.547968,0.06349206349206349,0.2730329522528581,0.53,0.0,0.0,0,V-2023.12-SP4,275,255,20,21.97,15.42,6.55,33.7559,0.6507,0.07272727272727272,0.298133818843878,0.19,0.34,0.0,0,V-2023.12-SP3,V-2023.12-SP4,0.1371,0.06781000000000001,0.0001189,0.205,0.20491,0.1536825,0.08472,0.0073679999999999995,4.6209999999999995e-06,0.0921,0.01422,0.0035090000000000004,4.757e-05,0.01778,0.03814,0.05694,6.67e-05,0.09514,0.0,0.0,0.0,0.0,0.0,0.0,0.0,0.0,0.0,0.0,0.0,0.0,0.0,0.0,0.0,0.0,unvectored,none,2,2026-07-25T14:04:36+00:00
fpmul_3_2_2_7nm_TT_0V75_25C_1333p33MHz,fpmul,exp_bits=3;mantissa_bits=2;pipeline_stages=2,7nm,TT,0.75,25.0,0.75,1333.3333333333333,3,2,2,V-2023.12-SP4,315,295,20,23.982336,17.434368,6.547968,0.06349206349206349,0.2730329522528581,0.53,0.0,0.0,0,V-2023.12-SP4,275,255,20,21.97,15.42,6.55,33.7559,0.6507,0.07272727272727272,0.298133818843878,0.19,0.34,0.0,0,V-2023.12-SP3,V-2023.12-SP4,0.1908,0.1227,0.0001275,0.3136,0.3135,0.235125,0.08475999999999999,0.0073679999999999995,4.609e-06,0.09213,0.031520000000000006,0.00872,5.5339999999999995e-05,0.04029,0.07449,0.1066,6.758e-05,0.1812,0.0,0.0,0.0,0.0,0.0,0.0,0.0,0.0,0.0,0.0,0.0,0.0,0.0,0.0,0.0,0.0,vectored,random,2,2026-07-25T14:04:43+00:00
fpmul_3_2_2_7nm_TT_0V75_25C_800MHz,fpmul,exp_bits=3;mantissa_bits=2;pipeline_stages=2,7nm,TT,0.75,25.0,1.25,800.0,3,2,2,V-2023.12-SP4,189,169,20,18.821376,12.370176,6.4512,0.10582010582010581,0.3427592116538132,0.77,0.26,0.0,0,V-2023.12-SP4,175,155,20,18.05,11.6,6.45,26.1274,0.6907,0.11428571428571428,0.3573407202216066,0.44,0.59,0.0,0,V-2023.12-SP3,V-2023.12-SP4,0.06996,0.02476,9.79e-05,0.09482,0.09472,0.1184,0.04451,0.0,0.0,0.04451,0.008414,0.002512,5.0530000000000006e-05,0.01098,0.01703,0.02225,4.737e-05,0.03933,0.0,0.0,0.0,0.0,0.0,0.0,0.0,0.0,0.0,0.0,0.0,0.0,0.0,0.0,0.0,0.0,unvectored,none,2,2026-07-25T14:06:36+00:00
fpmul_3_2_2_7nm_TT_0V75_25C_800MHz,fpmul,exp_bits=3;mantissa_bits=2;pipeline_stages=2,7nm,TT,0.75,25.0,1.25,800.0,3,2,2,V-2023.12-SP4,189,169,20,18.821376,12.370176,6.4512,0.10582010582010581,0.3427592116538132,0.77,0.26,0.0,0,V-2023.12-SP4,175,155,20,18.05,11.6,6.45,26.1274,0.6907,0.11428571428571428,0.3573407202216066,0.44,0.59,0.0,0,V-2023.12-SP3,V-2023.12-SP4,0.104,0.05786,0.0001079,0.162,0.16186,0.202325,0.04449,0.0,0.0,0.04449,0.020210000000000002,0.006261,6.0020000000000005e-05,0.026529999999999998,0.03934,0.0516,4.79e-05,0.09098999999999999,0.0,0.0,0.0,0.0,0.0,0.0,0.0,0.0,0.0,0.0,0.0,0.0,0.0,0.0,0.0,0.0,vectored,random,2,2026-07-25T14:06:42+00:00
fpmul_3_2_3_7nm_TT_0V75_25C_800MHz,fpmul,exp_bits=3;mantissa_bits=2;pipeline_stages=3,7nm,TT,0.75,25.0,1.25,800.0,3,2,3,V-2023.12-SP4,205,177,28,21.917952,12.886272,9.03168,0.13658536585365855,0.41206769683590877,0.77,0.26,0.0,0,V-2023.12-SP4,193,165,28,20.93,11.9,9.03,30.869,0.6782,0.14507772020725387,0.431438127090301,0.44,0.59,0.0,0,V-2023.12-SP3,V-2023.12-SP4,0.09179999999999999,0.025230000000000002,0.00012130000000000001,0.1172,0.11703,0.1462875,0.06223000000000001,0.0,0.0,0.06223000000000001,0.011559999999999999,0.0027719999999999997,7.104000000000001e-05,0.0144,0.01802,0.022459999999999997,5.029e-05,0.04053,0.0,0.0,0.0,0.0,0.0,0.0,0.0,0.0,0.0,0.0,0.0,0.0,0.0,0.0,0.0,0.0,unvectored,none,2,2026-07-25T14:07:20+00:00
fpmul_3_2_3_7nm_TT_0V75_25C_800MHz,fpmul,exp_bits=3;mantissa_bits=2;pipeline_stages=3,7nm,TT,0.75,25.0,1.25,800.0,3,2,3,V-2023.12-SP4,205,177,28,21.917952,12.886272,9.03168,0.13658536585365855,0.41206769683590877,0.77,0.26,0.0,0,V-2023.12-SP4,193,165,28,20.93,11.9,9.03,30.869,0.6782,0.14507772020725387,0.431438127090301,0.44,0.59,0.0,0,V-2023.12-SP3,V-2023.12-SP4,0.1303,0.06032,0.0001343,0.1907,0.19062,0.23827500000000001,0.06219,0.0,0.0,0.06219,0.02644,0.006797,8.333e-05,0.03332,0.04164,0.053520000000000005,5.094e-05,0.09521,0.0,0.0,0.0,0.0,0.0,0.0,0.0,0.0,0.0,0.0,0.0,0.0,0.0,0.0,0.0,0.0,vectored,random,2,2026-07-25T14:07:27+00:00
fpmul_3_2_3_7nm_TT_0V75_25C_1333p33MHz,fpmul,exp_bits=3;mantissa_bits=2;pipeline_stages=3,7nm,TT,0.75,25.0,0.75,1333.3333333333333,3,2,3,V-2023.12-SP4,324,296,28,27.078912,17.918208,9.160704,0.08641975308641975,0.3382966051220965,0.53,0.0,0.0,0,V-2023.12-SP4,293,265,28,25.82,16.66,9.16,37.546,0.6877,0.09556313993174062,0.35476374903175834,0.19,0.34,0.0,0,V-2023.12-SP3,V-2023.12-SP4,0.17650000000000002,0.06663000000000001,0.08941,0.3326,0.24313,0.1823475,0.1145,0.004238,5.342e-06,0.1188,0.01958,0.00407,6.745e-05,0.023710000000000002,0.04244,0.05832,0.08933999999999999,0.19010000000000002,0.0,0.0,0.0,0.0,0.0,0.0,0.0,0.0,0.0,0.0,0.0,0.0,0.0,0.0,0.0,0.0,unvectored,none,2,2026-07-25T14:07:28+00:00
fpmul_3_2_3_7nm_TT_0V75_25C_1333p33MHz,fpmul,exp_bits=3;mantissa_bits=2;pipeline_stages=3,7nm,TT,0.75,25.0,0.75,1333.3333333333333,3,2,3,V-2023.12-SP4,324,296,28,27.078912,17.918208,9.160704,0.08641975308641975,0.3382966051220965,0.53,0.0,0.0,0,V-2023.12-SP4,293,265,28,25.82,16.66,9.16,37.546,0.6877,0.09556313993174062,0.35476374903175834,0.19,0.34,0.0,0,V-2023.12-SP3,V-2023.12-SP4,0.2396,0.1228,0.09321,0.4555,0.3624,0.2718,0.1152,0.004238,5.342e-06,0.1194,0.04192,0.009915,7.829e-05,0.05192,0.08247,0.1086,0.09313,0.2842,0.0,0.0,0.0,0.0,0.0,0.0,0.0,0.0,0.0,0.0,0.0,0.0,0.0,0.0,0.0,0.0,vectored,random,2,2026-07-25T14:07:35+00:00
fpmul_3_2_5_7nm_TT_0V75_25C_1333p33MHz,fpmul,exp_bits=3;mantissa_bits=2;pipeline_stages=5,7nm,TT,0.75,25.0,0.75,1333.3333333333333,3,2,5,V-2023.12-SP4,356,312,44,33.272064,18.9504,14.321664,0.12359550561797752,0.43044110518662143,0.53,0.0,0.0,0,V-2023.12-SP4,320,276,44,31.06,16.74,14.32,46.5938,0.6667,0.1375,0.46104314230521576,0.19,0.34,0.0,0,V-2023.12-SP3,V-2023.12-SP4,0.237,0.08121,0.00018790000000000001,0.31839999999999996,0.31821,0.2386575,0.1626,0.01509,2.311e-06,0.1777,0.029920000000000002,0.005236,0.0001085,0.03526,0.04448,0.06089,7.717e-05,0.1055,0.0,0.0,0.0,0.0,0.0,0.0,0.0,0.0,0.0,0.0,0.0,0.0,0.0,0.0,0.0,0.0,unvectored,none,2,2026-07-25T14:09:30+00:00
fpmul_3_2_5_7nm_TT_0V75_25C_1333p33MHz,fpmul,exp_bits=3;mantissa_bits=2;pipeline_stages=5,7nm,TT,0.75,25.0,0.75,1333.3333333333333,3,2,5,V-2023.12-SP4,356,312,44,33.272064,18.9504,14.321664,0.12359550561797752,0.43044110518662143,0.53,0.0,0.0,0,V-2023.12-SP4,320,276,44,31.06,16.74,14.32,46.5938,0.6667,0.1375,0.46104314230521576,0.19,0.34,0.0,0,V-2023.12-SP3,V-2023.12-SP4,0.3091,0.1383,0.00020569999999999999,0.4476,0.4474,0.33555,0.1632,0.01509,2.311e-06,0.1783,0.06229,0.01242,0.000125,0.07483999999999999,0.08354,0.1108,7.842999999999999e-05,0.19440000000000002,0.0,0.0,0.0,0.0,0.0,0.0,0.0,0.0,0.0,0.0,0.0,0.0,0.0,0.0,0.0,0.0,vectored,random,2,2026-07-25T14:09:37+00:00
fpmul_3_2_5_7nm_TT_0V75_25C_800MHz,fpmul,exp_bits=3;mantissa_bits=2;pipeline_stages=5,7nm,TT,0.75,25.0,1.25,800.0,3,2,5,V-2023.12-SP4,237,193,44,28.111104,13.918464,14.192641,0.18565400843881857,0.5048766850280942,0.77,0.26,0.0,0,V-2023.12-SP4,223,179,44,27.34,13.14,14.19,39.9168,0.6848,0.19730941704035873,0.5190197512801755,0.44,0.59,0.0,0,V-2023.12-SP3,V-2023.12-SP4,0.13540000000000002,0.02694,0.000169,0.1625,0.16234,0.20292500000000002,0.09746,0.0,0.0,0.09746,0.01781,0.003483,0.0001121,0.0214,0.02011,0.023459999999999998,5.6949999999999995e-05,0.04362,0.0,0.0,0.0,0.0,0.0,0.0,0.0,0.0,0.0,0.0,0.0,0.0,0.0,0.0,0.0,0.0,unvectored,none,2,2026-07-25T14:10:03+00:00
fpmul_3_2_5_7nm_TT_0V75_25C_800MHz,fpmul,exp_bits=3;mantissa_bits=2;pipeline_stages=5,7nm,TT,0.75,25.0,1.25,800.0,3,2,5,V-2023.12-SP4,237,193,44,28.111104,13.918464,14.192641,0.18565400843881857,0.5048766850280942,0.77,0.26,0.0,0,V-2023.12-SP4,223,179,44,27.34,13.14,14.19,39.9168,0.6848,0.19730941704035873,0.5190197512801755,0.44,0.59,0.0,0,V-2023.12-SP3,V-2023.12-SP4,0.17980000000000002,0.06135,0.00018790000000000001,0.24130000000000001,0.24115000000000003,0.3014375,0.09741000000000001,0.0,0.0,0.09741000000000001,0.038470000000000004,0.00834,0.00013,0.04694,0.04388,0.05301,5.792e-05,0.09695,0.0,0.0,0.0,0.0,0.0,0.0,0.0,0.0,0.0,0.0,0.0,0.0,0.0,0.0,0.0,0.0,vectored,random,2,2026-07-25T14:10:09+00:00
fpmul_4_6_2_7nm_TT_0V75_25C_500MHz,fpmul,exp_bits=4;mantissa_bits=6;pipeline_stages=2,7nm,TT,0.75,25.0,2.0,500.0,4,6,2,V-2023.12-SP4,520,485,35,51.158016,39.868416,11.2896,0.0673076923076923,0.2206809583858764,1.62,0.16,0.0,0,V-2023.12-SP4,497,462,35,50.59,39.3,11.29,70.7858,0.7147,0.07042253521126761,0.22316663372207943,0.82,1.07,0.0,0,V-2023.12-SP3,V-2023.12-SP4,0.1219,0.08411,0.0002312,0.2062,0.20601,0.41202,0.06731000000000001,0.01327,1.039e-05,0.08059999999999999,0.009441,0.005477,8.819e-05,0.01501,0.04513,0.06536,0.0001326,0.1106,0.0,0.0,0.0,0.0,0.0,0.0,0.0,0.0,0.0,0.0,0.0,0.0,0.0,0.0,0.0,0.0,unvectored,none,2,2026-07-25T14:13:01+00:00
fpmul_4_6_2_7nm_TT_0V75_25C_500MHz,fpmul,exp_bits=4;mantissa_bits=6;pipeline_stages=2,7nm,TT,0.75,25.0,2.0,500.0,4,6,2,V-2023.12-SP4,520,485,35,51.158016,39.868416,11.2896,0.0673076923076923,0.2206809583858764,1.62,0.16,0.0,0,V-2023.12-SP4,497,462,35,50.59,39.3,11.29,70.7858,0.7147,0.07042253521126761,0.22316663372207943,0.82,1.07,0.0,0,V-2023.12-SP3,V-2023.12-SP4,0.2064,0.1941,0.0002487,0.4008,0.40049999999999997,0.8009999999999999,0.0673,0.01327,1.039e-05,0.08058,0.02448,0.01368,0.00010470000000000001,0.03826,0.1147,0.1672,0.00013370000000000002,0.28190000000000004,0.0,0.0,0.0,0.0,0.0,0.0,0.0,0.0,0.0,0.0,0.0,0.0,0.0,0.0,0.0,0.0,vectored,random,2,2026-07-25T14:13:07+00:00
fpmul_4_6_3_7nm_TT_0V75_25C_500MHz,fpmul,exp_bits=4;mantissa_bits=6;pipeline_stages=3,7nm,TT,0.75,25.0,2.0,500.0,4,6,3,V-2023.12-SP4,546,498,48,56.189952,40.707072,15.482881,0.08791208791208792,0.27554536796899204,1.62,0.16,0.0,0,V-2023.12-SP4,523,475,48,56.37,40.88,15.48,78.4627,0.7184,0.09177820267686425,0.27461415646620546,0.82,1.07,0.0,0,V-2023.12-SP3,V-2023.12-SP4,0.1605,0.08828,0.0002787,0.24899999999999997,0.24878,0.49756,0.10179999999999999,0.01678,1.906e-05,0.1186,0.01265,0.005791,0.00012179999999999999,0.01856,0.04604,0.0657,0.00013780000000000002,0.1119,0.0,0.0,0.0,0.0,0.0,0.0,0.0,0.0,0.0,0.0,0.0,0.0,0.0,0.0,0.0,0.0,unvectored,none,2,2026-07-25T14:13:33+00:00
fpmul_4_6_3_7nm_TT_0V75_25C_500MHz,fpmul,exp_bits=4;mantissa_bits=6;pipeline_stages=3,7nm,TT,0.75,25.0,2.0,500.0,4,6,3,V-2023.12-SP4,546,498,48,56.189952,40.707072,15.482881,0.08791208791208792,0.27554536796899204,1.62,0.16,0.0,0,V-2023.12-SP4,523,475,48,56.37,40.88,15.48,78.4627,0.7184,0.09177820267686425,0.27461415646620546,0.82,1.07,0.0,0,V-2023.12-SP3,V-2023.12-SP4,0.24760000000000001,0.1967,0.0003006,0.44470000000000004,0.44430000000000003,0.8886000000000001,0.10179999999999999,0.01678,1.906e-05,0.1186,0.03094,0.01439,0.0001424,0.04547,0.1149,0.1656,0.0001391,0.2806,0.0,0.0,0.0,0.0,0.0,0.0,0.0,0.0,0.0,0.0,0.0,0.0,0.0,0.0,0.0,0.0,vectored,random,2,2026-07-25T14:13:39+00:00
fpmul_4_6_5_7nm_TT_0V75_25C_500MHz,fpmul,exp_bits=4;mantissa_bits=6;pipeline_stages=5,7nm,TT,0.75,25.0,2.0,500.0,4,6,5,V-2023.12-SP4,567,493,74,64.302337,40.432896,23.869441,0.13051146384479717,0.37120643064652536,1.64,0.14,0.0,0,V-2023.12-SP4,548,474,74,64.17,40.3,23.87,91.3167,0.7028,0.13503649635036497,0.3719806763285024,0.82,1.07,0.0,0,V-2023.12-SP3,V-2023.12-SP4,0.19019999999999998,0.09275,0.0003413,0.2833,0.28295,0.5659,0.127,0.02281,1.263e-05,0.14980000000000002,0.019,0.006482,0.00018830000000000002,0.02567,0.04422,0.06346,0.0001403,0.1078,0.0,0.0,0.0,0.0,0.0,0.0,0.0,0.0,0.0,0.0,0.0,0.0,0.0,0.0,0.0,0.0,unvectored,none,2,2026-07-25T14:16:21+00:00
fpmul_4_6_5_7nm_TT_0V75_25C_500MHz,fpmul,exp_bits=4;mantissa_bits=6;pipeline_stages=5,7nm,TT,0.75,25.0,2.0,500.0,4,6,5,V-2023.12-SP4,567,493,74,64.302337,40.432896,23.869441,0.13051146384479717,0.37120643064652536,1.64,0.14,0.0,0,V-2023.12-SP4,548,474,74,64.17,40.3,23.87,91.3167,0.7028,0.13503649635036497,0.3719806763285024,0.82,1.07,0.0,0,V-2023.12-SP3,V-2023.12-SP4,0.2783,0.1949,0.000372,0.47350000000000003,0.47319999999999995,0.9463999999999999,0.127,0.02281,1.263e-05,0.14980000000000002,0.04355,0.01594,0.000217,0.05971,0.1078,0.1561,0.0001423,0.264,0.0,0.0,0.0,0.0,0.0,0.0,0.0,0.0,0.0,0.0,0.0,0.0,0.0,0.0,0.0,0.0,vectored,random,2,2026-07-25T14:16:27+00:00
fpmul_6_5_2_7nm_TT_0V75_25C_500MHz,fpmul,exp_bits=6;mantissa_bits=5;pipeline_stages=2,7nm,TT,0.75,25.0,2.0,500.0,6,5,2,V-2023.12-SP4,496,458,38,49.561344,37.304064,12.25728,0.07661290322580645,0.24731532704197853,1.54,0.24,0.0,0,V-2023.12-SP4,468,430,38,48.95,36.69,12.26,69.7213,0.7021,0.0811965811965812,0.25045965270684367,0.82,1.07,0.0,0,V-2023.12-SP3,V-2023.12-SP4,0.11739999999999999,0.06535,0.024769999999999997,0.2075,0.18275,0.3655,0.07306,0.014199999999999999,1.097e-05,0.08727,0.010159999999999999,0.003836,9.586e-05,0.01409,0.03415000000000001,0.04731,0.02466,0.1061,0.0,0.0,0.0,0.0,0.0,0.0,0.0,0.0,0.0,0.0,0.0,0.0,0.0,0.0,0.0,0.0,unvectored,none,2,2026-07-25T14:18:44+00:00
fpmul_6_5_2_7nm_TT_0V75_25C_500MHz,fpmul,exp_bits=6;mantissa_bits=5;pipeline_stages=2,7nm,TT,0.75,25.0,2.0,500.0,6,5,2,V-2023.12-SP4,496,458,38,49.561344,37.304064,12.25728,0.07661290322580645,0.24731532704197853,1.54,0.24,0.0,0,V-2023.12-SP4,468,430,38,48.95,36.69,12.26,69.7213,0.7021,0.0811965811965812,0.25045965270684367,0.82,1.07,0.0,0,V-2023.12-SP3,V-2023.12-SP4,0.16210000000000002,0.1176,0.02538,0.305,0.2797,0.5594,0.07304000000000001,0.014199999999999999,1.097e-05,0.08725000000000001,0.02404,0.009564,0.0001138,0.03372,0.06499,0.09382,0.025259999999999998,0.1841,0.0,0.0,0.0,0.0,0.0,0.0,0.0,0.0,0.0,0.0,0.0,0.0,0.0,0.0,0.0,0.0,vectored,random,2,2026-07-25T14:18:51+00:00
fpmul_6_5_3_7nm_TT_0V75_25C_500MHz,fpmul,exp_bits=6;mantissa_bits=5;pipeline_stages=3,7nm,TT,0.75,25.0,2.0,500.0,6,5,3,V-2023.12-SP4,524,472,52,54.980352,38.207232,16.773121,0.09923664122137404,0.30507482018303556,1.54,0.24,0.0,0,V-2023.12-SP4,498,446,52,54.56,37.79,16.77,77.8982,0.7004,0.10441767068273092,0.30736803519061584,0.82,1.06,0.0,0,V-2023.12-SP3,V-2023.12-SP4,0.14200000000000002,0.07128,0.02491,0.2382,0.21328000000000003,0.42656000000000005,0.09302,0.018179999999999998,1.1910000000000001e-05,0.11120000000000001,0.01357,0.004157,0.0001318,0.017859999999999997,0.03544,0.048940000000000004,0.024769999999999997,0.1091,0.0,0.0,0.0,0.0,0.0,0.0,0.0,0.0,0.0,0.0,0.0,0.0,0.0,0.0,0.0,0.0,unvectored,none,2,2026-07-25T14:19:41+00:00
fpmul_6_5_3_7nm_TT_0V75_25C_500MHz,fpmul,exp_bits=6;mantissa_bits=5;pipeline_stages=3,7nm,TT,0.75,25.0,2.0,500.0,6,5,3,V-2023.12-SP4,524,472,52,54.980352,38.207232,16.773121,0.09923664122137404,0.30507482018303556,1.54,0.24,0.0,0,V-2023.12-SP4,498,446,52,54.56,37.79,16.77,77.8982,0.7004,0.10441767068273092,0.30736803519061584,0.82,1.06,0.0,0,V-2023.12-SP3,V-2023.12-SP4,0.19090000000000001,0.1235,0.025490000000000002,0.33990000000000004,0.3144,0.6288,0.093,0.018179999999999998,1.1910000000000001e-05,0.11120000000000001,0.031120000000000002,0.01026,0.0001545,0.04154,0.06674000000000001,0.09506,0.02533,0.1871,0.0,0.0,0.0,0.0,0.0,0.0,0.0,0.0,0.0,0.0,0.0,0.0,0.0,0.0,0.0,0.0,vectored,random,2,2026-07-25T14:19:48+00:00
fpmul_6_5_5_7nm_TT_0V75_25C_500MHz,fpmul,exp_bits=6;mantissa_bits=5;pipeline_stages=5,7nm,TT,0.75,25.0,2.0,500.0,6,5,5,V-2023.12-SP4,580,500,80,65.818369,40.013568,25.804801,0.13793103448275862,0.39206077865587946,1.54,0.24,0.0,0,V-2023.12-SP4,555,475,80,64.58,38.77,25.8,92.5425,0.6978,0.14414414414414414,0.3995044905543512,0.82,1.06,0.0,0,V-2023.12-SP3,V-2023.12-SP4,0.1849,0.07896,0.024810000000000002,0.2887,0.26386,0.52772,0.1263,0.02308,2.455e-06,0.1494,0.02044,0.004842000000000001,0.00020349999999999999,0.02548,0.03816,0.05104,0.02461,0.1138,0.0,0.0,0.0,0.0,0.0,0.0,0.0,0.0,0.0,0.0,0.0,0.0,0.0,0.0,0.0,0.0,unvectored,none,2,2026-07-25T14:22:06+00:00
fpmul_6_5_5_7nm_TT_0V75_25C_500MHz,fpmul,exp_bits=6;mantissa_bits=5;pipeline_stages=5,7nm,TT,0.75,25.0,2.0,500.0,6,5,5,V-2023.12-SP4,580,500,80,65.818369,40.013568,25.804801,0.13793103448275862,0.39206077865587946,1.54,0.24,0.0,0,V-2023.12-SP4,555,475,80,64.58,38.77,25.8,92.5425,0.6978,0.14414414414414414,0.3995044905543512,0.82,1.06,0.0,0,V-2023.12-SP3,V-2023.12-SP4,0.2422,0.1317,0.02556,0.3995,0.3739,0.7478,0.1263,0.02308,2.455e-06,0.1494,0.045040000000000004,0.011770000000000001,0.0002349,0.05704,0.07088,0.09686,0.025320000000000002,0.1931,0.0,0.0,0.0,0.0,0.0,0.0,0.0,0.0,0.0,0.0,0.0,0.0,0.0,0.0,0.0,0.0,vectored,random,2,2026-07-25T14:22:12+00:00
fpmul_6_12_2_7nm_TT_0V75_25C_400MHz,fpmul,exp_bits=6;mantissa_bits=12;pipeline_stages=2,7nm,TT,0.75,25.0,2.5,400.0,6,12,2,V-2023.12-SP4,1299,1240,59,123.62112,104.590079,19.031041,0.04541955350269438,0.1539465182001263,2.29,0.0,0.0,0,V-2023.12-SP4,1190,1131,59,119.19,100.15,19.03,173.6018,0.6865,0.04957983193277311,0.1596610453897139,1.07,1.29,0.0,0,V-2023.12-SP3,V-2023.12-SP4,0.2041,0.16799999999999998,0.0869,0.4589,0.3721,0.93025,0.08968,0.0194,2.151e-05,0.1091,0.01286,0.006352,0.000149,0.019360000000000002,0.1015,0.1422,0.08673,0.3305,0.0,0.0,0.0,0.0,0.0,0.0,0.0,0.0,0.0,0.0,0.0,0.0,0.0,0.0,0.0,0.0,unvectored,none,2,2026-07-25T14:26:13+00:00
fpmul_6_12_2_7nm_TT_0V75_25C_400MHz,fpmul,exp_bits=6;mantissa_bits=12;pipeline_stages=2,7nm,TT,0.75,25.0,2.5,400.0,6,12,2,V-2023.12-SP4,1299,1240,59,123.62112,104.590079,19.031041,0.04541955350269438,0.1539465182001263,2.29,0.0,0.0,0,V-2023.12-SP4,1190,1131,59,119.19,100.15,19.03,173.6018,0.6865,0.04957983193277311,0.1596610453897139,1.07,1.29,0.0,0,V-2023.12-SP3,V-2023.12-SP4,0.3719,0.3927,0.08467999999999999,0.8492000000000001,0.7646,1.9114999999999998,0.08965,0.0194,2.151e-05,0.1091,0.03333,0.01586,0.00017639999999999998,0.049370000000000004,0.24889999999999998,0.3574,0.08449,0.6908,0.0,0.0,0.0,0.0,0.0,0.0,0.0,0.0,0.0,0.0,0.0,0.0,0.0,0.0,0.0,0.0,vectored,random,2,2026-07-25T14:26:20+00:00
fpmul_7_15_2_7nm_TT_0V75_25C_363p636MHz,fpmul,exp_bits=7;mantissa_bits=15;pipeline_stages=2,7nm,TT,0.75,25.0,2.75,363.6363636363636,7,15,2,V-2023.12-SP4,1771,1700,71,170.198784,147.297023,22.901761,0.04009034443817053,0.13455889908120613,2.53,0.0,0.0,0,V-2023.12-SP4,1666,1595,71,165.09,142.18,22.9,239.0653,0.6905,0.042617046818727494,0.1387122175782906,1.19,1.44,0.0,0,V-2023.12-SP3,V-2023.12-SP4,0.23929999999999998,0.2177,0.0007231,0.4577,0.45699999999999996,1.2567499999999998,0.08755,0.01568,1.1690000000000002e-05,0.1032,0.014070000000000001,0.007623,0.0001788,0.02188,0.1376,0.19440000000000002,0.0005327,0.3326,0.0,0.0,0.0,0.0,0.0,0.0,0.0,0.0,0.0,0.0,0.0,0.0,0.0,0.0,0.0,0.0,unvectored,none,2,2026-07-25T14:36:20+00:00
fpmul_7_15_2_7nm_TT_0V75_25C_363p636MHz,fpmul,exp_bits=7;mantissa_bits=15;pipeline_stages=2,7nm,TT,0.75,25.0,2.75,363.6363636363636,7,15,2,V-2023.12-SP4,1771,1700,71,170.198784,147.297023,22.901761,0.04009034443817053,0.13455889908120613,2.53,0.0,0.0,0,V-2023.12-SP4,1666,1595,71,165.09,142.18,22.9,239.0653,0.6905,0.042617046818727494,0.1387122175782906,1.19,1.44,0.0,0,V-2023.12-SP3,V-2023.12-SP4,0.453,0.5294,0.0007586,0.9831,0.9823999999999999,2.7016,0.08752,0.01568,1.1690000000000002e-05,0.1032,0.03856,0.019049999999999997,0.00021239999999999999,0.057819999999999996,0.32689999999999997,0.49470000000000003,0.0005345,0.8220999999999999,0.0,0.0,0.0,0.0,0.0,0.0,0.0,0.0,0.0,0.0,0.0,0.0,0.0,0.0,0.0,0.0,vectored,random,2,2026-07-25T14:36:27+00:00
fpmul_7_15_5_7nm_TT_0V75_25C_363p636MHz,fpmul,exp_bits=7;mantissa_bits=15;pipeline_stages=5,7nm,TT,0.75,25.0,2.75,363.6363636363636,7,15,5,V-2023.12-SP4,1925,1779,146,198.422785,151.329023,47.093762,0.07584415584415584,0.23734049494366283,2.52,0.01,0.0,0,V-2023.12-SP4,1802,1656,146,193.57,146.47,47.09,279.9498,0.6914,0.08102108768035517,0.24327116805290078,1.2,1.43,0.0,0,V-2023.12-SP3,V-2023.12-SP4,0.3392,0.2419,0.0009486,0.5821,0.5811,1.5980249999999998,0.1694,0.033389999999999996,1.4e-05,0.2028,0.027469999999999998,0.009000000000000001,0.00037109999999999997,0.03684,0.1424,0.1996,0.0005633999999999999,0.34249999999999997,0.0,0.0,0.0,0.0,0.0,0.0,0.0,0.0,0.0,0.0,0.0,0.0,0.0,0.0,0.0,0.0,unvectored,none,2,2026-07-25T14:42:24+00:00
fpmul_7_15_5_7nm_TT_0V75_25C_363p636MHz,fpmul,exp_bits=7;mantissa_bits=15;pipeline_stages=5,7nm,TT,0.75,25.0,2.75,363.6363636363636,7,15,5,V-2023.12-SP4,1925,1779,146,198.422785,151.329023,47.093762,0.07584415584415584,0.23734049494366283,2.52,0.01,0.0,0,V-2023.12-SP4,1802,1656,146,193.57,146.47,47.09,279.9498,0.6914,0.08102108768035517,0.24327116805290078,1.2,1.43,0.0,0,V-2023.12-SP3,V-2023.12-SP4,0.5799,0.5642,0.001008,1.145,1.1441,3.1462749999999997,0.1693,0.033389999999999996,1.4e-05,0.2027,0.06609999999999999,0.022160000000000003,0.0004274,0.08868,0.34450000000000003,0.5086,0.0005668,0.8537,0.0,0.0,0.0,0.0,0.0,0.0,0.0,0.0,0.0,0.0,0.0,0.0,0.0,0.0,0.0,0.0,vectored,random,2,2026-07-25T14:42:31+00:00
