flow_run_id,rtl_name,arch_params,node,corner,vdd_V,temperature_C,clock_period_ns,clock_freq_mhz,a_width,b_width,out_width,pipeline_stages,dc_version,syn_total_cells,syn_comb_cells,syn_seq_cells,syn_total_area_um2,syn_comb_area_um2,syn_seq_area_um2,syn_scr,syn_sar,syn_crit_path_ns,syn_wns_ns,syn_tns_ns,syn_violating_paths,icc2_version,pnr_total_cells,pnr_comb_cells,pnr_seq_cells,pnr_total_area_um2,pnr_comb_area_um2,pnr_seq_area_um2,pnr_core_area_um2,pnr_utilization,pnr_scr,pnr_sar,pnr_crit_path_ns,pnr_wns_ns,pnr_tns_ns,pnr_violating_paths,starrc_version,pt_version,internal_power_mW,switching_power_mW,leak_power_mW,total_power_mW,dyn_power_mW,dyn_energy_pJ,clock_network_internal_power_mW,clock_network_switching_power_mW,clock_network_leak_power_mW,clock_network_total_power_mW,register_internal_power_mW,register_switching_power_mW,register_leak_power_mW,register_total_power_mW,combinational_internal_power_mW,combinational_switching_power_mW,combinational_leak_power_mW,combinational_total_power_mW,sequential_internal_power_mW,sequential_switching_power_mW,sequential_leak_power_mW,sequential_total_power_mW,memory_internal_power_mW,memory_switching_power_mW,memory_leak_power_mW,memory_total_power_mW,io_pad_internal_power_mW,io_pad_switching_power_mW,io_pad_leak_power_mW,io_pad_total_power_mW,black_box_internal_power_mW,black_box_switching_power_mW,black_box_leak_power_mW,black_box_total_power_mW,power_activity_mode,stim_mode,collector_schema,collected_at
intmul_4_4_8_2_16nm_TT_0V85_25C_1000MHz,intmul,a_width=4;b_width=4;out_width=8;pipeline_stages=2,16nm,TT,0.85,25.0,1.0,1000.0,4,4,8,2,V-2023.12-SP4,122,104,18,50.388482,27.993601,22.394881,0.14754098360655737,0.4444444466495339,0.72,0.05,0.0,0,V-2023.12-SP4,117,99,18,50.7,27.31,23.39,67.9311,0.7463,0.15384615384615385,0.4613412228796844,0.44,0.32,0.0,0,V-2023.12-SP3,V-2023.12-SP4,0.1219,0.022289999999999997,9.614999999999999e-05,0.1443,0.14418999999999998,0.14418999999999998,0.08628,0.0,0.0,0.08628,0.017689999999999997,0.004707,5.955e-05,0.022459999999999997,0.01795,0.017580000000000002,3.6599999999999995e-05,0.03556,0.0,0.0,0.0,0.0,0.0,0.0,0.0,0.0,0.0,0.0,0.0,0.0,0.0,0.0,0.0,0.0,unvectored,none,2,2026-07-25T04:37:21+00:00
intmul_4_4_8_2_16nm_TT_0V85_25C_1000MHz,intmul,a_width=4;b_width=4;out_width=8;pipeline_stages=2,16nm,TT,0.85,25.0,1.0,1000.0,4,4,8,2,V-2023.12-SP4,122,104,18,50.388482,27.993601,22.394881,0.14754098360655737,0.4444444466495339,0.72,0.05,0.0,0,V-2023.12-SP4,117,99,18,50.7,27.31,23.39,67.9311,0.7463,0.15384615384615385,0.4613412228796844,0.44,0.32,0.0,0,V-2023.12-SP3,V-2023.12-SP4,0.13999999999999999,0.028880000000000003,8.952999999999999e-05,0.16899999999999998,0.16887999999999997,0.16887999999999997,0.08652,0.0,0.0,0.08652,0.03031,0.009375999999999999,5.096e-05,0.039740000000000004,0.02319,0.01951,3.857e-05,0.04274,0.0,0.0,0.0,0.0,0.0,0.0,0.0,0.0,0.0,0.0,0.0,0.0,0.0,0.0,0.0,0.0,vectored,random,2,2026-07-25T04:37:28+00:00
intmul_4_4_8_2_10nm_TT_0V8_25C_1333p33MHz,intmul,a_width=4;b_width=4;out_width=8;pipeline_stages=2,10nm,TT,0.8,25.0,0.75,1333.3333333333333,4,4,8,2,V-2023.12-SP4,122,104,18,24.913921,13.85472,11.059201,0.14754098360655737,0.44389644648869203,0.43,0.1,0.0,0,V-2023.12-SP4,117,99,18,24.55,13.49,11.06,34.0992,0.7198,0.15384615384615385,0.4505091649694501,0.25,0.28,0.0,0,V-2023.12-SP3,V-2023.12-SP4,0.1179,0.02476,5.938e-05,0.1427,0.14266,0.106995,0.08479,0.0,0.0,0.08479,0.01552,0.005135,2.588e-05,0.020679999999999997,0.017580000000000002,0.01962,3.35e-05,0.03724,0.0,0.0,0.0,0.0,0.0,0.0,0.0,0.0,0.0,0.0,0.0,0.0,0.0,0.0,0.0,0.0,unvectored,none,2,2026-07-25T04:37:31+00:00
intmul_4_4_8_2_10nm_TT_0V8_25C_1333p33MHz,intmul,a_width=4;b_width=4;out_width=8;pipeline_stages=2,10nm,TT,0.8,25.0,0.75,1333.3333333333333,4,4,8,2,V-2023.12-SP4,122,104,18,24.913921,13.85472,11.059201,0.14754098360655737,0.44389644648869203,0.43,0.1,0.0,0,V-2023.12-SP4,117,99,18,24.55,13.49,11.06,34.0992,0.7198,0.15384615384615385,0.4505091649694501,0.25,0.28,0.0,0,V-2023.12-SP3,V-2023.12-SP4,0.1353,0.0322,6.242e-05,0.1676,0.1675,0.12562500000000001,0.08474000000000001,0.0,0.0,0.08474000000000001,0.02779,0.01023,2.707e-05,0.03805,0.022779999999999998,0.02196,3.5350000000000005e-05,0.04478,0.0,0.0,0.0,0.0,0.0,0.0,0.0,0.0,0.0,0.0,0.0,0.0,0.0,0.0,0.0,0.0,vectored,random,2,2026-07-25T04:37:38+00:00
intmul_4_4_8_2_10nm_TT_0V8_25C_800MHz,intmul,a_width=4;b_width=4;out_width=8;pipeline_stages=2,10nm,TT,0.8,25.0,1.25,800.0,4,4,8,2,V-2023.12-SP4,122,104,18,24.913921,13.85472,11.059201,0.14754098360655737,0.44389644648869203,0.07,0.53,0.0,0,V-2023.12-SP4,117,99,18,24.55,13.49,11.06,34.0992,0.7198,0.15384615384615385,0.4505091649694501,0.51,0.53,0.0,0,V-2023.12-SP3,V-2023.12-SP4,0.07081,0.01487,5.938e-05,0.08574,0.08567999999999999,0.10709999999999999,0.050890000000000005,0.0,0.0,0.050890000000000005,0.009321,0.003089,2.588e-05,0.01244,0.0106,0.01178,3.35e-05,0.02241,0.0,0.0,0.0,0.0,0.0,0.0,0.0,0.0,0.0,0.0,0.0,0.0,0.0,0.0,0.0,0.0,unvectored,none,2,2026-07-25T04:37:43+00:00
intmul_4_4_8_2_10nm_TT_0V8_25C_800MHz,intmul,a_width=4;b_width=4;out_width=8;pipeline_stages=2,10nm,TT,0.8,25.0,1.25,800.0,4,4,8,2,V-2023.12-SP4,122,104,18,24.913921,13.85472,11.059201,0.14754098360655737,0.44389644648869203,0.07,0.53,0.0,0,V-2023.12-SP4,117,99,18,24.55,13.49,11.06,34.0992,0.7198,0.15384615384615385,0.4505091649694501,0.51,0.53,0.0,0,V-2023.12-SP3,V-2023.12-SP4,0.08132,0.01926,6.24e-05,0.10060000000000001,0.10058,0.125725,0.050859999999999995,0.0,0.0,0.050859999999999995,0.0167,0.006151,2.706e-05,0.02288,0.01376,0.01311,3.534e-05,0.0269,0.0,0.0,0.0,0.0,0.0,0.0,0.0,0.0,0.0,0.0,0.0,0.0,0.0,0.0,0.0,0.0,vectored,random,2,2026-07-25T04:37:51+00:00
intmul_4_4_8_2_16nm_TT_0V85_25C_666p667MHz,intmul,a_width=4;b_width=4;out_width=8;pipeline_stages=2,16nm,TT,0.85,25.0,1.5,666.6666666666666,4,4,8,2,V-2023.12-SP4,122,104,18,50.388482,27.993601,22.394881,0.14754098360655737,0.4444444466495339,0.72,0.55,0.0,0,V-2023.12-SP4,117,99,18,50.7,27.31,23.39,67.9311,0.7463,0.15384615384615385,0.4613412228796844,0.69,0.58,0.0,0,V-2023.12-SP3,V-2023.12-SP4,0.08133,0.01485,9.614999999999999e-05,0.09627,0.09618,0.14427,0.057510000000000006,0.0,0.0,0.057510000000000006,0.011810000000000001,0.003111,5.954e-05,0.01498,0.012,0.011739999999999999,3.6599999999999995e-05,0.02377,0.0,0.0,0.0,0.0,0.0,0.0,0.0,0.0,0.0,0.0,0.0,0.0,0.0,0.0,0.0,0.0,unvectored,none,2,2026-07-25T04:38:31+00:00
intmul_4_4_8_2_20nm_TT_0V9_25C_800MHz,intmul,a_width=4;b_width=4;out_width=8;pipeline_stages=2,20nm,TT,0.9,25.0,1.25,800.0,4,4,8,2,V-2023.12-SP4,129,111,18,88.5984,50.5824,38.016,0.13953488372093023,0.42908224076281287,0.88,0.16,0.0,0,V-2023.12-SP4,129,111,18,87.54,49.53,38.02,125.664,0.6966,0.13953488372093023,0.43431574137537127,0.66,0.35,0.0,0,V-2023.12-SP3,V-2023.12-SP4,0.1199,0.019360000000000002,7.955e-05,0.1393,0.13926,0.17407499999999998,0.08491,0.0,0.0,0.08491,0.015099999999999999,0.004058999999999999,2.595e-05,0.01918,0.019899999999999998,0.0153,5.359e-05,0.035250000000000004,0.0,0.0,0.0,0.0,0.0,0.0,0.0,0.0,0.0,0.0,0.0,0.0,0.0,0.0,0.0,0.0,unvectored,none,2,2026-07-25T04:38:35+00:00
intmul_4_4_8_2_16nm_TT_0V85_25C_666p667MHz,intmul,a_width=4;b_width=4;out_width=8;pipeline_stages=2,16nm,TT,0.85,25.0,1.5,666.6666666666666,4,4,8,2,V-2023.12-SP4,122,104,18,50.388482,27.993601,22.394881,0.14754098360655737,0.4444444466495339,0.72,0.55,0.0,0,V-2023.12-SP4,117,99,18,50.7,27.31,23.39,67.9311,0.7463,0.15384615384615385,0.4613412228796844,0.69,0.58,0.0,0,V-2023.12-SP3,V-2023.12-SP4,0.09343,0.01915,8.952999999999999e-05,0.11270000000000001,0.11258,0.16887,0.05767,0.0,0.0,0.05767,0.02022,0.006183,5.097e-05,0.026449999999999998,0.01554,0.012969999999999999,3.8560000000000004e-05,0.028540000000000003,0.0,0.0,0.0,0.0,0.0,0.0,0.0,0.0,0.0,0.0,0.0,0.0,0.0,0.0,0.0,0.0,vectored,random,2,2026-07-25T04:38:38+00:00
intmul_4_4_8_2_20nm_TT_0V9_25C_800MHz,intmul,a_width=4;b_width=4;out_width=8;pipeline_stages=2,20nm,TT,0.9,25.0,1.25,800.0,4,4,8,2,V-2023.12-SP4,129,111,18,88.5984,50.5824,38.016,0.13953488372093023,0.42908224076281287,0.88,0.16,0.0,0,V-2023.12-SP4,129,111,18,87.54,49.53,38.02,125.664,0.6966,0.13953488372093023,0.43431574137537127,0.66,0.35,0.0,0,V-2023.12-SP3,V-2023.12-SP4,0.13620000000000002,0.02578,8.363e-05,0.16210000000000002,0.16198,0.20247500000000002,0.08524000000000001,0.0,0.0,0.08524000000000001,0.026109999999999998,0.007971,2.915e-05,0.034109999999999994,0.02485,0.01781,5.448e-05,0.042719999999999994,0.0,0.0,0.0,0.0,0.0,0.0,0.0,0.0,0.0,0.0,0.0,0.0,0.0,0.0,0.0,0.0,vectored,random,2,2026-07-25T04:38:42+00:00
intmul_4_4_8_3_16nm_TT_0V85_25C_1000MHz,intmul,a_width=4;b_width=4;out_width=8;pipeline_stages=3,16nm,TT,0.85,25.0,1.0,1000.0,4,4,8,3,V-2023.12-SP4,136,105,31,67.993346,29.424385,38.568962,0.22794117647058823,0.5672461243486973,0.55,0.21,0.0,0,V-2023.12-SP4,136,105,31,69.67,29.36,40.31,96.2358,0.724,0.22794117647058823,0.5785847567102053,0.44,0.33,0.0,0,V-2023.12-SP3,V-2023.12-SP4,0.1978,0.02471,0.0001419,0.22269999999999998,0.22251,0.22251,0.1483,0.0,0.0,0.1483,0.0301,0.006856999999999999,0.0001026,0.03706,0.01942,0.01785,3.931e-05,0.03731,0.0,0.0,0.0,0.0,0.0,0.0,0.0,0.0,0.0,0.0,0.0,0.0,0.0,0.0,0.0,0.0,unvectored,none,2,2026-07-25T04:39:07+00:00
intmul_4_4_8_3_16nm_TT_0V85_25C_1000MHz,intmul,a_width=4;b_width=4;out_width=8;pipeline_stages=3,16nm,TT,0.85,25.0,1.0,1000.0,4,4,8,3,V-2023.12-SP4,136,105,31,67.993346,29.424385,38.568962,0.22794117647058823,0.5672461243486973,0.55,0.21,0.0,0,V-2023.12-SP4,136,105,31,69.67,29.36,40.31,96.2358,0.724,0.22794117647058823,0.5785847567102053,0.44,0.33,0.0,0,V-2023.12-SP3,V-2023.12-SP4,0.2231,0.03287,0.00012910000000000002,0.2561,0.25597,0.25597,0.1486,0.0,0.0,0.1486,0.04995,0.01276,8.74e-05,0.06279,0.02455,0.02011,4.168e-05,0.044700000000000004,0.0,0.0,0.0,0.0,0.0,0.0,0.0,0.0,0.0,0.0,0.0,0.0,0.0,0.0,0.0,0.0,vectored,random,2,2026-07-25T04:39:14+00:00
intmul_4_4_8_3_10nm_TT_0V8_25C_1333p33MHz,intmul,a_width=4;b_width=4;out_width=8;pipeline_stages=3,10nm,TT,0.8,25.0,0.75,1333.3333333333333,4,4,8,3,V-2023.12-SP4,137,106,31,33.669121,14.62272,19.046401,0.22627737226277372,0.5656934435561891,0.33,0.21,0.0,0,V-2023.12-SP4,137,106,31,33.64,14.59,19.05,47.5546,0.7074,0.22627737226277372,0.5662901307966707,0.25,0.28,0.0,0,V-2023.12-SP3,V-2023.12-SP4,0.1908,0.027399999999999997,8.133e-05,0.2183,0.2182,0.16365000000000002,0.1449,0.0,0.0,0.1449,0.02634,0.007391,4.4869999999999996e-05,0.033769999999999994,0.01958,0.02001,3.646e-05,0.03963,0.0,0.0,0.0,0.0,0.0,0.0,0.0,0.0,0.0,0.0,0.0,0.0,0.0,0.0,0.0,0.0,unvectored,none,2,2026-07-25T04:39:29+00:00
intmul_4_4_8_3_10nm_TT_0V8_25C_1333p33MHz,intmul,a_width=4;b_width=4;out_width=8;pipeline_stages=3,10nm,TT,0.8,25.0,0.75,1333.3333333333333,4,4,8,3,V-2023.12-SP4,137,106,31,33.669121,14.62272,19.046401,0.22627737226277372,0.5656934435561891,0.33,0.21,0.0,0,V-2023.12-SP4,137,106,31,33.64,14.59,19.05,47.5546,0.7074,0.22627737226277372,0.5662901307966707,0.25,0.28,0.0,0,V-2023.12-SP3,V-2023.12-SP4,0.21589999999999998,0.03692,8.474e-05,0.2529,0.25282,0.18961499999999998,0.14479999999999998,0.0,0.0,0.14479999999999998,0.04552,0.01371,4.643e-05,0.05928,0.02551,0.023209999999999998,3.8299999999999996e-05,0.04875,0.0,0.0,0.0,0.0,0.0,0.0,0.0,0.0,0.0,0.0,0.0,0.0,0.0,0.0,0.0,0.0,vectored,random,2,2026-07-25T04:39:35+00:00
intmul_4_4_8_3_16nm_TT_0V85_25C_666p667MHz,intmul,a_width=4;b_width=4;out_width=8;pipeline_stages=3,16nm,TT,0.85,25.0,1.5,666.6666666666666,4,4,8,3,V-2023.12-SP4,136,105,31,67.993346,29.424385,38.568962,0.22794117647058823,0.5672461243486973,0.13,0.59,0.0,0,V-2023.12-SP4,136,105,31,69.8,29.36,40.44,96.2358,0.7253,0.22794117647058823,0.5793696275071634,0.69,0.58,0.0,0,V-2023.12-SP3,V-2023.12-SP4,0.132,0.01644,0.000137,0.1486,0.14844000000000002,0.22266000000000002,0.09881,0.0,0.0,0.09881,0.02025,0.004574,9.773e-05,0.024919999999999998,0.01296,0.01187,3.931e-05,0.02487,0.0,0.0,0.0,0.0,0.0,0.0,0.0,0.0,0.0,0.0,0.0,0.0,0.0,0.0,0.0,0.0,unvectored,none,2,2026-07-25T04:39:43+00:00
intmul_4_4_8_3_16nm_TT_0V85_25C_666p667MHz,intmul,a_width=4;b_width=4;out_width=8;pipeline_stages=3,16nm,TT,0.85,25.0,1.5,666.6666666666666,4,4,8,3,V-2023.12-SP4,136,105,31,67.993346,29.424385,38.568962,0.22794117647058823,0.5672461243486973,0.13,0.59,0.0,0,V-2023.12-SP4,136,105,31,69.8,29.36,40.44,96.2358,0.7253,0.22794117647058823,0.5793696275071634,0.69,0.58,0.0,0,V-2023.12-SP3,V-2023.12-SP4,0.14909999999999998,0.0219,0.0001257,0.1711,0.17099999999999999,0.25649999999999995,0.09901,0.0,0.0,0.09901,0.033729999999999996,0.008525999999999999,8.400999999999999e-05,0.042339999999999996,0.01637,0.01337,4.167e-05,0.02978,0.0,0.0,0.0,0.0,0.0,0.0,0.0,0.0,0.0,0.0,0.0,0.0,0.0,0.0,0.0,0.0,vectored,random,2,2026-07-25T04:39:49+00:00
intmul_4_4_8_3_10nm_TT_0V8_25C_800MHz,intmul,a_width=4;b_width=4;out_width=8;pipeline_stages=3,10nm,TT,0.8,25.0,1.25,800.0,4,4,8,3,V-2023.12-SP4,137,106,31,33.669121,14.62272,19.046401,0.22627737226277372,0.5656934435561891,0.07,0.53,0.0,0,V-2023.12-SP4,137,106,31,33.64,14.59,19.05,47.5546,0.7074,0.22627737226277372,0.5662901307966707,0.5,0.53,0.0,0,V-2023.12-SP3,V-2023.12-SP4,0.1145,0.01634,8.132e-05,0.131,0.13084,0.16355000000000003,0.08703,0.0,0.0,0.08703,0.0158,0.00443,4.4869999999999996e-05,0.02027,0.01172,0.011909999999999999,3.645e-05,0.02366,0.0,0.0,0.0,0.0,0.0,0.0,0.0,0.0,0.0,0.0,0.0,0.0,0.0,0.0,0.0,0.0,unvectored,none,2,2026-07-25T04:39:51+00:00
intmul_4_4_8_3_10nm_TT_0V8_25C_800MHz,intmul,a_width=4;b_width=4;out_width=8;pipeline_stages=3,10nm,TT,0.8,25.0,1.25,800.0,4,4,8,3,V-2023.12-SP4,137,106,31,33.669121,14.62272,19.046401,0.22627737226277372,0.5656934435561891,0.07,0.53,0.0,0,V-2023.12-SP4,137,106,31,33.64,14.59,19.05,47.5546,0.7074,0.22627737226277372,0.5662901307966707,0.5,0.53,0.0,0,V-2023.12-SP3,V-2023.12-SP4,0.1298,0.022189999999999998,8.471999999999999e-05,0.1521,0.15199,0.18998749999999998,0.08699000000000001,0.0,0.0,0.08699000000000001,0.02741,0.008235,4.643e-05,0.03569,0.01545,0.01395,3.829e-05,0.02943,0.0,0.0,0.0,0.0,0.0,0.0,0.0,0.0,0.0,0.0,0.0,0.0,0.0,0.0,0.0,0.0,vectored,random,2,2026-07-25T04:39:57+00:00
intmul_4_4_8_5_10nm_TT_0V8_25C_1333p33MHz,intmul,a_width=4;b_width=4;out_width=8;pipeline_stages=5,10nm,TT,0.8,25.0,0.75,1333.3333333333333,4,4,8,5,V-2023.12-SP4,194,138,56,52.408322,18.00192,34.406402,0.28865979381443296,0.6565064609395431,0.25,0.28,0.0,0,V-2023.12-SP4,191,135,56,52.29,17.88,34.41,72.9907,0.7163,0.2931937172774869,0.6580608146873207,0.26,0.28,0.0,0,V-2023.12-SP3,V-2023.12-SP4,0.3407,0.04019,0.0001329,0.3811,0.38089,0.2856675,0.2627,0.0,0.0,0.2627,0.04709,0.01111,8.142e-05,0.05828,0.030929999999999996,0.029079999999999998,5.152e-05,0.060059999999999995,0.0,0.0,0.0,0.0,0.0,0.0,0.0,0.0,0.0,0.0,0.0,0.0,0.0,0.0,0.0,0.0,unvectored,none,2,2026-07-25T04:40:05+00:00
intmul_4_4_8_5_10nm_TT_0V8_25C_1333p33MHz,intmul,a_width=4;b_width=4;out_width=8;pipeline_stages=5,10nm,TT,0.8,25.0,0.75,1333.3333333333333,4,4,8,5,V-2023.12-SP4,194,138,56,52.408322,18.00192,34.406402,0.28865979381443296,0.6565064609395431,0.25,0.28,0.0,0,V-2023.12-SP4,191,135,56,52.29,17.88,34.41,72.9907,0.7163,0.2931937172774869,0.6580608146873207,0.26,0.28,0.0,0,V-2023.12-SP3,V-2023.12-SP4,0.379,0.045720000000000004,0.00013879999999999999,0.4248,0.42472,0.31854,0.2626,0.0,0.0,0.2626,0.07959999999999999,0.01974,8.382000000000001e-05,0.09942,0.03678,0.02598,5.4959999999999996e-05,0.06281,0.0,0.0,0.0,0.0,0.0,0.0,0.0,0.0,0.0,0.0,0.0,0.0,0.0,0.0,0.0,0.0,vectored,random,2,2026-07-25T04:40:12+00:00
intmul_4_4_8_2_20nm_TT_0V9_25C_500MHz,intmul,a_width=4;b_width=4;out_width=8;pipeline_stages=2,20nm,TT,0.9,25.0,2.0,500.0,4,4,8,2,V-2023.12-SP4,124,106,18,85.9584,47.9424,38.016,0.14516129032258066,0.44226044226044225,1.04,0.73,0.0,0,V-2023.12-SP4,119,101,18,84.8,46.78,38.02,113.9424,0.7442,0.15126050420168066,0.4483490566037736,1.0,0.76,0.0,0,V-2023.12-SP3,V-2023.12-SP4,0.07353,0.01267,7.064e-05,0.08627,0.0862,0.1724,0.05309,0.0,0.0,0.05309,0.009558,0.00268,2.592e-05,0.01226,0.010879999999999999,0.009994,4.472e-05,0.02092,0.0,0.0,0.0,0.0,0.0,0.0,0.0,0.0,0.0,0.0,0.0,0.0,0.0,0.0,0.0,0.0,unvectored,none,2,2026-07-25T04:40:46+00:00
intmul_4_4_8_5_16nm_TT_0V85_25C_1333p33MHz,intmul,a_width=4;b_width=4;out_width=8;pipeline_stages=5,16nm,TT,0.85,25.0,0.75,1333.3333333333333,4,4,8,5,V-2023.12-SP4,194,138,56,106.126852,36.453889,69.672963,0.28865979381443296,0.6565064513550255,0.43,0.08,0.0,0,V-2023.12-SP4,192,136,56,109.42,36.39,73.03,148.926,0.7348,0.2916666666666667,0.6674282580881009,0.32,0.2,0.0,0,V-2023.12-SP3,V-2023.12-SP4,0.46690000000000004,0.0493,0.0002318,0.5165000000000001,0.5162,0.38715,0.35619999999999996,0.0,0.0,0.35619999999999996,0.07266,0.01339,0.0001769,0.08621999999999999,0.038090000000000006,0.03591,5.487e-05,0.07404999999999999,0.0,0.0,0.0,0.0,0.0,0.0,0.0,0.0,0.0,0.0,0.0,0.0,0.0,0.0,0.0,0.0,unvectored,none,2,2026-07-25T04:40:48+00:00
intmul_4_4_8_3_20nm_TT_0V9_25C_500MHz,intmul,a_width=4;b_width=4;out_width=8;pipeline_stages=3,20nm,TT,0.9,25.0,2.0,500.0,4,4,8,3,V-2023.12-SP4,137,106,31,115.737599,50.2656,65.472,0.22627737226277372,0.5656934355446581,0.19,0.77,0.0,0,V-2023.12-SP4,137,106,31,115.63,50.16,65.47,163.8912,0.7055,0.22627737226277372,0.5662025425927527,1.0,0.75,0.0,0,V-2023.12-SP3,V-2023.12-SP4,0.11900000000000001,0.01385,9.353000000000001e-05,0.133,0.13285,0.2657,0.09117,0.0,0.0,0.09117,0.01628,0.003776,4.549e-05,0.0201,0.011600000000000001,0.01008,4.804e-05,0.02173,0.0,0.0,0.0,0.0,0.0,0.0,0.0,0.0,0.0,0.0,0.0,0.0,0.0,0.0,0.0,0.0,unvectored,none,2,2026-07-25T04:40:50+00:00
intmul_4_4_8_3_20nm_TT_0V9_25C_800MHz,intmul,a_width=4;b_width=4;out_width=8;pipeline_stages=3,20nm,TT,0.9,25.0,1.25,800.0,4,4,8,3,V-2023.12-SP4,137,106,31,115.737599,50.2656,65.472,0.22627737226277372,0.5656934355446581,0.79,0.21,0.0,0,V-2023.12-SP4,137,106,31,115.63,50.16,65.47,163.8912,0.7055,0.22627737226277372,0.5662025425927527,0.63,0.39,0.0,0,V-2023.12-SP3,V-2023.12-SP4,0.19019999999999998,0.02217,9.355e-05,0.2125,0.21236999999999998,0.2654625,0.14559999999999998,0.0,0.0,0.14559999999999998,0.02606,0.006087,4.551e-05,0.03219,0.01857,0.016079999999999997,4.804e-05,0.0347,0.0,0.0,0.0,0.0,0.0,0.0,0.0,0.0,0.0,0.0,0.0,0.0,0.0,0.0,0.0,0.0,unvectored,none,2,2026-07-25T04:40:51+00:00
intmul_4_4_8_2_20nm_TT_0V9_25C_500MHz,intmul,a_width=4;b_width=4;out_width=8;pipeline_stages=2,20nm,TT,0.9,25.0,2.0,500.0,4,4,8,2,V-2023.12-SP4,124,106,18,85.9584,47.9424,38.016,0.14516129032258066,0.44226044226044225,1.04,0.73,0.0,0,V-2023.12-SP4,119,101,18,84.8,46.78,38.02,113.9424,0.7442,0.15126050420168066,0.4483490566037736,1.0,0.76,0.0,0,V-2023.12-SP3,V-2023.12-SP4,0.08360999999999999,0.01611,7.595e-05,0.0998,0.09971999999999999,0.19943999999999998,0.0533,0.0,0.0,0.0533,0.01701,0.005322,2.919e-05,0.02237,0.01329,0.01079,4.6760000000000006e-05,0.024130000000000002,0.0,0.0,0.0,0.0,0.0,0.0,0.0,0.0,0.0,0.0,0.0,0.0,0.0,0.0,0.0,0.0,vectored,random,2,2026-07-25T04:40:53+00:00
intmul_4_4_8_5_16nm_TT_0V85_25C_1333p33MHz,intmul,a_width=4;b_width=4;out_width=8;pipeline_stages=5,16nm,TT,0.85,25.0,0.75,1333.3333333333333,4,4,8,5,V-2023.12-SP4,194,138,56,106.126852,36.453889,69.672963,0.28865979381443296,0.6565064513550255,0.43,0.08,0.0,0,V-2023.12-SP4,192,136,56,109.42,36.39,73.03,148.926,0.7348,0.2916666666666667,0.6674282580881009,0.32,0.2,0.0,0,V-2023.12-SP3,V-2023.12-SP4,0.5228999999999999,0.055729999999999995,0.00020879999999999998,0.5788,0.5786299999999999,0.43397249999999987,0.3568,0.0,0.0,0.3568,0.1188,0.02369,0.00014959999999999998,0.1426,0.04732,0.03204,5.922e-05,0.07943,0.0,0.0,0.0,0.0,0.0,0.0,0.0,0.0,0.0,0.0,0.0,0.0,0.0,0.0,0.0,0.0,vectored,random,2,2026-07-25T04:40:54+00:00
intmul_4_4_8_3_20nm_TT_0V9_25C_500MHz,intmul,a_width=4;b_width=4;out_width=8;pipeline_stages=3,20nm,TT,0.9,25.0,2.0,500.0,4,4,8,3,V-2023.12-SP4,137,106,31,115.737599,50.2656,65.472,0.22627737226277372,0.5656934355446581,0.19,0.77,0.0,0,V-2023.12-SP4,137,106,31,115.63,50.16,65.47,163.8912,0.7055,0.22627737226277372,0.5662025425927527,1.0,0.75,0.0,0,V-2023.12-SP3,V-2023.12-SP4,0.1339,0.01849,0.0001008,0.1525,0.15239,0.30478,0.09137999999999999,0.0,0.0,0.09137999999999999,0.02801,0.0070550000000000005,4.9800000000000004e-05,0.035120000000000005,0.01451,0.01144,5.0990000000000005e-05,0.026,0.0,0.0,0.0,0.0,0.0,0.0,0.0,0.0,0.0,0.0,0.0,0.0,0.0,0.0,0.0,0.0,vectored,random,2,2026-07-25T04:40:57+00:00
intmul_4_4_8_3_20nm_TT_0V9_25C_800MHz,intmul,a_width=4;b_width=4;out_width=8;pipeline_stages=3,20nm,TT,0.9,25.0,1.25,800.0,4,4,8,3,V-2023.12-SP4,137,106,31,115.737599,50.2656,65.472,0.22627737226277372,0.5656934355446581,0.79,0.21,0.0,0,V-2023.12-SP4,137,106,31,115.63,50.16,65.47,163.8912,0.7055,0.22627737226277372,0.5662025425927527,0.63,0.39,0.0,0,V-2023.12-SP3,V-2023.12-SP4,0.2142,0.02965,0.0001008,0.2439,0.24385,0.30481250000000004,0.1459,0.0,0.0,0.1459,0.044910000000000005,0.01133,4.981e-05,0.056280000000000004,0.02339,0.01832,5.1030000000000004e-05,0.04176,0.0,0.0,0.0,0.0,0.0,0.0,0.0,0.0,0.0,0.0,0.0,0.0,0.0,0.0,0.0,0.0,vectored,random,2,2026-07-25T04:40:58+00:00
intmul_4_4_8_5_16nm_TT_0V85_25C_800MHz,intmul,a_width=4;b_width=4;out_width=8;pipeline_stages=5,16nm,TT,0.85,25.0,1.25,800.0,4,4,8,5,V-2023.12-SP4,194,138,56,106.126852,36.453889,69.672963,0.28865979381443296,0.6565064513550255,0.13,0.46,0.0,0,V-2023.12-SP4,192,136,56,109.42,36.39,73.03,148.926,0.7348,0.2916666666666667,0.6674282580881009,0.56,0.45,0.0,0,V-2023.12-SP3,V-2023.12-SP4,0.2803,0.02962,0.0002318,0.3101,0.30992,0.38739999999999997,0.2138,0.0,0.0,0.2138,0.04362,0.008063,0.00017700000000000002,0.05186,0.02289,0.02156,5.486e-05,0.0445,0.0,0.0,0.0,0.0,0.0,0.0,0.0,0.0,0.0,0.0,0.0,0.0,0.0,0.0,0.0,0.0,unvectored,none,2,2026-07-25T04:41:24+00:00
intmul_4_4_8_5_16nm_TT_0V85_25C_800MHz,intmul,a_width=4;b_width=4;out_width=8;pipeline_stages=5,16nm,TT,0.85,25.0,1.25,800.0,4,4,8,5,V-2023.12-SP4,194,138,56,106.126852,36.453889,69.672963,0.28865979381443296,0.6565064513550255,0.13,0.46,0.0,0,V-2023.12-SP4,192,136,56,109.42,36.39,73.03,148.926,0.7348,0.2916666666666667,0.6674282580881009,0.56,0.45,0.0,0,V-2023.12-SP3,V-2023.12-SP4,0.31320000000000003,0.03335,0.0002089,0.34680000000000005,0.34655,0.43318750000000006,0.2141,0.0,0.0,0.2141,0.07085,0.014199999999999999,0.0001497,0.0852,0.0282,0.01915,5.918e-05,0.04741,0.0,0.0,0.0,0.0,0.0,0.0,0.0,0.0,0.0,0.0,0.0,0.0,0.0,0.0,0.0,0.0,vectored,random,2,2026-07-25T04:41:30+00:00
intmul_4_4_8_5_10nm_TT_0V8_25C_800MHz,intmul,a_width=4;b_width=4;out_width=8;pipeline_stages=5,10nm,TT,0.8,25.0,1.25,800.0,4,4,8,5,V-2023.12-SP4,194,138,56,52.408322,18.00192,34.406402,0.28865979381443296,0.6565064609395431,0.07,0.53,0.0,0,V-2023.12-SP4,191,135,56,52.29,17.88,34.41,72.9907,0.7163,0.2931937172774869,0.6580608146873207,0.51,0.52,0.0,0,V-2023.12-SP3,V-2023.12-SP4,0.2041,0.02405,0.000133,0.2282,0.22815,0.2851875,0.1573,0.0,0.0,0.1573,0.028249999999999997,0.006658,8.142e-05,0.03499,0.01849,0.017390000000000003,5.1529999999999996e-05,0.03594,0.0,0.0,0.0,0.0,0.0,0.0,0.0,0.0,0.0,0.0,0.0,0.0,0.0,0.0,0.0,0.0,unvectored,none,2,2026-07-25T04:41:44+00:00
intmul_4_4_8_5_10nm_TT_0V8_25C_800MHz,intmul,a_width=4;b_width=4;out_width=8;pipeline_stages=5,10nm,TT,0.8,25.0,1.25,800.0,4,4,8,5,V-2023.12-SP4,194,138,56,52.408322,18.00192,34.406402,0.28865979381443296,0.6565064609395431,0.07,0.53,0.0,0,V-2023.12-SP4,191,135,56,52.29,17.88,34.41,72.9907,0.7163,0.2931937172774869,0.6580608146873207,0.51,0.52,0.0,0,V-2023.12-SP3,V-2023.12-SP4,0.2268,0.02719,0.00013869999999999998,0.2541,0.25399,0.3174875,0.1572,0.0,0.0,0.1572,0.04751,0.01179,8.379e-05,0.05939,0.022,0.015400000000000002,5.494e-05,0.03746,0.0,0.0,0.0,0.0,0.0,0.0,0.0,0.0,0.0,0.0,0.0,0.0,0.0,0.0,0.0,0.0,vectored,random,2,2026-07-25T04:41:50+00:00
intmul_6_6_12_2_16nm_TT_0V85_25C_666p667MHz,intmul,a_width=6;b_width=6;out_width=12;pipeline_stages=2,16nm,TT,0.85,25.0,1.5,666.6666666666666,6,6,12,2,V-2023.12-SP4,210,184,26,93.934083,61.585922,32.348161,0.12380952380952381,0.34437086057464356,1.09,0.17,0.0,0,V-2023.12-SP4,207,181,26,102.21,68.74,33.47,133.1251,0.7678,0.12560386473429952,0.32746306623618043,0.71,0.59,0.0,0,V-2023.12-SP3,V-2023.12-SP4,0.1938,0.055810000000000005,0.12860000000000002,0.3782,0.24961,0.374415,0.1462,0.02077,0.1285,0.29540000000000005,0.0172,0.006588,9.942e-05,0.02389,0.0304,0.02846,7.612e-05,0.05893,0.0,0.0,0.0,0.0,0.0,0.0,0.0,0.0,0.0,0.0,0.0,0.0,0.0,0.0,0.0,0.0,unvectored,none,2,2026-07-25T04:42:01+00:00
intmul_6_6_12_2_16nm_TT_0V85_25C_666p667MHz,intmul,a_width=6;b_width=6;out_width=12;pipeline_stages=2,16nm,TT,0.85,25.0,1.5,666.6666666666666,6,6,12,2,V-2023.12-SP4,210,184,26,93.934083,61.585922,32.348161,0.12380952380952381,0.34437086057464356,1.09,0.17,0.0,0,V-2023.12-SP4,207,181,26,102.21,68.74,33.47,133.1251,0.7678,0.12560386473429952,0.32746306623618043,0.71,0.59,0.0,0,V-2023.12-SP3,V-2023.12-SP4,0.2162,0.06756,0.12860000000000002,0.4124,0.28376,0.42564,0.1463,0.02077,0.1285,0.29550000000000004,0.03256,0.01388,8.459e-05,0.04652,0.037360000000000004,0.032920000000000005,7.862e-05,0.07035999999999999,0.0,0.0,0.0,0.0,0.0,0.0,0.0,0.0,0.0,0.0,0.0,0.0,0.0,0.0,0.0,0.0,vectored,random,2,2026-07-25T04:42:07+00:00
intmul_6_6_12_2_10nm_TT_0V8_25C_1000MHz,intmul,a_width=6;b_width=6;out_width=12;pipeline_stages=2,10nm,TT,0.8,25.0,1.0,1000.0,6,6,12,2,V-2023.12-SP4,210,184,26,46.387201,30.4128,15.974401,0.12380952380952381,0.34437087506098935,0.64,0.14,0.0,0,V-2023.12-SP4,205,179,26,47.62,31.64,15.97,65.1571,0.7308,0.12682926829268293,0.33536329273414534,0.39,0.47,0.0,0,V-2023.12-SP3,V-2023.12-SP4,0.1854,0.06177,0.00012069999999999999,0.2473,0.24717,0.24717,0.13349999999999998,0.01789,1.236e-05,0.1514,0.017689999999999997,0.008097,3.76e-05,0.02583,0.03421,0.03578,7.069e-05,0.07006,0.0,0.0,0.0,0.0,0.0,0.0,0.0,0.0,0.0,0.0,0.0,0.0,0.0,0.0,0.0,0.0,unvectored,none,2,2026-07-25T04:42:08+00:00
intmul_6_6_12_2_10nm_TT_0V8_25C_1000MHz,intmul,a_width=6;b_width=6;out_width=12;pipeline_stages=2,10nm,TT,0.8,25.0,1.0,1000.0,6,6,12,2,V-2023.12-SP4,210,184,26,46.387201,30.4128,15.974401,0.12380952380952381,0.34437087506098935,0.64,0.14,0.0,0,V-2023.12-SP4,205,179,26,47.62,31.64,15.97,65.1571,0.7308,0.12682926829268293,0.33536329273414534,0.39,0.47,0.0,0,V-2023.12-SP3,V-2023.12-SP4,0.21230000000000002,0.07849,0.00012529999999999998,0.29090000000000005,0.29079,0.29079,0.13349999999999998,0.01789,1.236e-05,0.1514,0.03551,0.01712,3.994e-05,0.05267,0.04324,0.04348,7.306e-05,0.08679,0.0,0.0,0.0,0.0,0.0,0.0,0.0,0.0,0.0,0.0,0.0,0.0,0.0,0.0,0.0,0.0,vectored,random,2,2026-07-25T04:42:14+00:00
intmul_6_6_12_2_10nm_TT_0V8_25C_666p667MHz,intmul,a_width=6;b_width=6;out_width=12;pipeline_stages=2,10nm,TT,0.8,25.0,1.5,666.6666666666666,6,6,12,2,V-2023.12-SP4,210,184,26,46.387201,30.4128,15.974401,0.12380952380952381,0.34437087506098935,0.64,0.64,0.0,0,V-2023.12-SP4,206,180,26,48.05,32.07,15.97,65.1571,0.7374,0.1262135922330097,0.33236212278876176,0.64,0.73,0.0,0,V-2023.12-SP3,V-2023.12-SP4,0.1297,0.04685,0.0001236,0.17670000000000002,0.17655,0.26482500000000003,0.095,0.01749,1.526e-05,0.1125,0.0118,0.0054199999999999995,3.76e-05,0.01726,0.02289,0.02393,7.070000000000001e-05,0.04689,0.0,0.0,0.0,0.0,0.0,0.0,0.0,0.0,0.0,0.0,0.0,0.0,0.0,0.0,0.0,0.0,unvectored,none,2,2026-07-25T04:42:25+00:00
intmul_6_6_12_2_10nm_TT_0V8_25C_666p667MHz,intmul,a_width=6;b_width=6;out_width=12;pipeline_stages=2,10nm,TT,0.8,25.0,1.5,666.6666666666666,6,6,12,2,V-2023.12-SP4,210,184,26,46.387201,30.4128,15.974401,0.12380952380952381,0.34437087506098935,0.64,0.64,0.0,0,V-2023.12-SP4,206,180,26,48.05,32.07,15.97,65.1571,0.7374,0.1262135922330097,0.33236212278876176,0.64,0.73,0.0,0,V-2023.12-SP3,V-2023.12-SP4,0.1467,0.05728,0.0001281,0.2041,0.20398,0.30596999999999996,0.09497,0.01749,1.526e-05,0.1125,0.023540000000000002,0.01145,3.98e-05,0.03503,0.0282,0.02834,7.303e-05,0.05661,0.0,0.0,0.0,0.0,0.0,0.0,0.0,0.0,0.0,0.0,0.0,0.0,0.0,0.0,0.0,0.0,vectored,random,2,2026-07-25T04:42:32+00:00
intmul_4_4_8_5_20nm_TT_0V9_25C_800MHz,intmul,a_width=4;b_width=4;out_width=8;pipeline_stages=5,20nm,TT,0.9,25.0,1.25,800.0,4,4,8,5,V-2023.12-SP4,194,138,56,180.153599,61.8816,118.271999,0.28865979381443296,0.6565064459245135,0.63,0.37,0.0,0,V-2023.12-SP4,191,135,56,180.89,62.62,118.27,255.552,0.7079,0.2931937172774869,0.6538227652164299,0.63,0.38,0.0,0,V-2023.12-SP3,V-2023.12-SP4,0.3364,0.03276,0.0001511,0.36929999999999996,0.36916,0.46144999999999997,0.2614,0.0,0.0,0.2614,0.04671,0.009065,8.308999999999999e-05,0.055850000000000004,0.02824,0.02369,6.804e-05,0.052,0.0,0.0,0.0,0.0,0.0,0.0,0.0,0.0,0.0,0.0,0.0,0.0,0.0,0.0,0.0,0.0,unvectored,none,2,2026-07-25T04:43:03+00:00
intmul_6_6_12_2_16nm_TT_0V85_25C_400MHz,intmul,a_width=6;b_width=6;out_width=12;pipeline_stages=2,16nm,TT,0.85,25.0,2.5,400.0,6,6,12,2,V-2023.12-SP4,210,184,26,93.934083,61.585922,32.348161,0.12380952380952381,0.34437086057464356,0.15,1.07,0.0,0,V-2023.12-SP4,211,185,26,116.83,83.36,33.47,133.1251,0.8776,0.12322274881516587,0.28648463579560046,1.21,1.08,0.0,0,V-2023.12-SP3,V-2023.12-SP4,0.18569999999999998,0.02972,0.4498,0.6652,0.21541999999999997,0.53855,0.1571,0.007993,0.4496,0.6147,0.01032,0.004046,9.941e-05,0.01446,0.0183,0.01768,7.612e-05,0.03605,0.0,0.0,0.0,0.0,0.0,0.0,0.0,0.0,0.0,0.0,0.0,0.0,0.0,0.0,0.0,0.0,unvectored,none,2,2026-07-25T04:43:06+00:00
intmul_4_4_8_5_20nm_TT_0V9_25C_571p429MHz,intmul,a_width=4;b_width=4;out_width=8;pipeline_stages=5,20nm,TT,0.9,25.0,1.75,571.4285714285714,4,4,8,5,V-2023.12-SP4,194,138,56,180.153599,61.8816,118.271999,0.28865979381443296,0.6565064459245135,0.19,0.65,0.0,0,V-2023.12-SP4,192,136,56,181.0,62.73,118.27,255.552,0.7083,0.2916666666666667,0.6534254143646409,0.88,0.63,0.0,0,V-2023.12-SP3,V-2023.12-SP4,0.2401,0.02372,0.00015120000000000002,0.264,0.26382,0.461685,0.1864,0.0,0.0,0.1864,0.03344,0.006533,8.312e-05,0.040049999999999995,0.02026,0.01719,6.805e-05,0.03752,0.0,0.0,0.0,0.0,0.0,0.0,0.0,0.0,0.0,0.0,0.0,0.0,0.0,0.0,0.0,0.0,unvectored,none,2,2026-07-25T04:43:07+00:00
intmul_6_6_12_2_20nm_TT_0V9_25C_444p444MHz,intmul,a_width=6;b_width=6;out_width=12;pipeline_stages=2,20nm,TT,0.9,25.0,2.25,444.44444444444446,6,6,12,2,V-2023.12-SP4,210,184,26,159.455999,104.543999,54.912,0.12380952380952381,0.3443708630868131,1.56,0.45,0.0,0,V-2023.12-SP4,203,177,26,157.98,103.07,54.91,216.6912,0.729,0.12807881773399016,0.34757564248639067,1.15,0.86,0.0,0,V-2023.12-SP3,V-2023.12-SP4,0.1051,0.02623,0.0001293,0.1315,0.13133,0.2954925,0.06807,0.0,0.0,0.06807,0.012809999999999998,0.0049099999999999994,3.81e-05,0.017759999999999998,0.02425,0.02132,9.116e-05,0.04566,0.0,0.0,0.0,0.0,0.0,0.0,0.0,0.0,0.0,0.0,0.0,0.0,0.0,0.0,0.0,0.0,unvectored,none,2,2026-07-25T04:43:08+00:00
intmul_4_4_8_5_20nm_TT_0V9_25C_800MHz,intmul,a_width=4;b_width=4;out_width=8;pipeline_stages=5,20nm,TT,0.9,25.0,1.25,800.0,4,4,8,5,V-2023.12-SP4,194,138,56,180.153599,61.8816,118.271999,0.28865979381443296,0.6565064459245135,0.63,0.37,0.0,0,V-2023.12-SP4,191,135,56,180.89,62.62,118.27,255.552,0.7079,0.2931937172774869,0.6538227652164299,0.63,0.38,0.0,0,V-2023.12-SP3,V-2023.12-SP4,0.3754,0.03753,0.0001628,0.4131,0.41293,0.5161625000000001,0.26170000000000004,0.0,0.0,0.26170000000000004,0.0791,0.01609,8.978999999999999e-05,0.09527999999999999,0.03462,0.02144,7.301000000000001e-05,0.05614,0.0,0.0,0.0,0.0,0.0,0.0,0.0,0.0,0.0,0.0,0.0,0.0,0.0,0.0,0.0,0.0,vectored,random,2,2026-07-25T04:43:10+00:00
intmul_6_6_12_2_16nm_TT_0V85_25C_400MHz,intmul,a_width=6;b_width=6;out_width=12;pipeline_stages=2,16nm,TT,0.85,25.0,2.5,400.0,6,6,12,2,V-2023.12-SP4,210,184,26,93.934083,61.585922,32.348161,0.12380952380952381,0.34437086057464356,0.15,1.07,0.0,0,V-2023.12-SP4,211,185,26,116.83,83.36,33.47,133.1251,0.8776,0.12322274881516587,0.28648463579560046,1.21,1.08,0.0,0,V-2023.12-SP3,V-2023.12-SP4,0.1991,0.037,0.4497,0.6859000000000001,0.2361,0.59025,0.1572,0.007993,0.4496,0.6147,0.01949,0.008579999999999999,8.452000000000001e-05,0.02816,0.02247,0.02042,7.859e-05,0.042969999999999994,0.0,0.0,0.0,0.0,0.0,0.0,0.0,0.0,0.0,0.0,0.0,0.0,0.0,0.0,0.0,0.0,vectored,random,2,2026-07-25T04:43:13+00:00
intmul_4_4_8_5_20nm_TT_0V9_25C_571p429MHz,intmul,a_width=4;b_width=4;out_width=8;pipeline_stages=5,20nm,TT,0.9,25.0,1.75,571.4285714285714,4,4,8,5,V-2023.12-SP4,194,138,56,180.153599,61.8816,118.271999,0.28865979381443296,0.6565064459245135,0.19,0.65,0.0,0,V-2023.12-SP4,192,136,56,181.0,62.73,118.27,255.552,0.7083,0.2916666666666667,0.6534254143646409,0.88,0.63,0.0,0,V-2023.12-SP3,V-2023.12-SP4,0.2679,0.02718,0.0001627,0.2952,0.29508,0.51639,0.18660000000000002,0.0,0.0,0.18660000000000002,0.05661,0.01154,8.975e-05,0.06824,0.02471,0.015639999999999998,7.297e-05,0.040420000000000005,0.0,0.0,0.0,0.0,0.0,0.0,0.0,0.0,0.0,0.0,0.0,0.0,0.0,0.0,0.0,0.0,vectored,random,2,2026-07-25T04:43:14+00:00
intmul_6_6_12_2_20nm_TT_0V9_25C_444p444MHz,intmul,a_width=6;b_width=6;out_width=12;pipeline_stages=2,20nm,TT,0.9,25.0,2.25,444.44444444444446,6,6,12,2,V-2023.12-SP4,210,184,26,159.455999,104.543999,54.912,0.12380952380952381,0.3443708630868131,1.56,0.45,0.0,0,V-2023.12-SP4,203,177,26,157.98,103.07,54.91,216.6912,0.729,0.12807881773399016,0.34757564248639067,1.15,0.86,0.0,0,V-2023.12-SP3,V-2023.12-SP4,0.12229999999999999,0.03476,0.0001375,0.1572,0.15705999999999998,0.35338499999999995,0.06836,0.0,0.0,0.06836,0.024769999999999997,0.010360000000000001,4.335e-05,0.03517,0.029179999999999998,0.0244,9.412e-05,0.05368,0.0,0.0,0.0,0.0,0.0,0.0,0.0,0.0,0.0,0.0,0.0,0.0,0.0,0.0,0.0,0.0,vectored,random,2,2026-07-25T04:43:15+00:00
intmul_6_6_12_3_16nm_TT_0V85_25C_1000MHz,intmul,a_width=6;b_width=6;out_width=12;pipeline_stages=3,16nm,TT,0.85,25.0,1.0,1000.0,6,6,12,3,V-2023.12-SP4,299,254,45,128.708356,72.721154,55.987203,0.1505016722408027,0.4349927599106308,0.74,0.03,0.0,0,V-2023.12-SP4,304,259,45,135.92,78.07,57.85,178.848,0.76,0.14802631578947367,0.4256180105944674,0.48,0.34,0.0,0,V-2023.12-SP3,V-2023.12-SP4,0.3942,0.10569999999999999,0.1287,0.6287,0.4999,0.4999,0.29510000000000003,0.044289999999999996,0.1285,0.4678,0.04323,0.01141,0.0001758,0.05482,0.05595,0.04998,0.0001082,0.106,0.0,0.0,0.0,0.0,0.0,0.0,0.0,0.0,0.0,0.0,0.0,0.0,0.0,0.0,0.0,0.0,unvectored,none,2,2026-07-25T04:43:43+00:00
intmul_6_6_12_3_16nm_TT_0V85_25C_1000MHz,intmul,a_width=6;b_width=6;out_width=12;pipeline_stages=3,16nm,TT,0.85,25.0,1.0,1000.0,6,6,12,3,V-2023.12-SP4,299,254,45,128.708356,72.721154,55.987203,0.1505016722408027,0.4349927599106308,0.74,0.03,0.0,0,V-2023.12-SP4,304,259,45,135.92,78.07,57.85,178.848,0.76,0.14802631578947367,0.4256180105944674,0.48,0.34,0.0,0,V-2023.12-SP3,V-2023.12-SP4,0.4437,0.12689999999999999,0.1287,0.6993,0.5706,0.5706,0.2953,0.044289999999999996,0.1285,0.46799999999999997,0.07839,0.02325,0.0001485,0.10179999999999999,0.07001,0.059379999999999995,0.0001108,0.1295,0.0,0.0,0.0,0.0,0.0,0.0,0.0,0.0,0.0,0.0,0.0,0.0,0.0,0.0,0.0,0.0,vectored,random,2,2026-07-25T04:43:49+00:00
intmul_6_6_12_3_10nm_TT_0V8_25C_1000MHz,intmul,a_width=6;b_width=6;out_width=12;pipeline_stages=3,10nm,TT,0.8,25.0,1.0,1000.0,6,6,12,3,V-2023.12-SP4,249,204,45,60.119042,32.47104,27.648001,0.18072289156626506,0.45988758436969107,0.53,0.25,0.0,0,V-2023.12-SP4,250,205,45,60.33,32.69,27.65,84.7872,0.7116,0.18,0.4583126139565722,0.39,0.45,0.0,0,V-2023.12-SP3,V-2023.12-SP4,0.241,0.07425999999999999,0.00014810000000000002,0.3154,0.31526,0.31526,0.1747,0.029410000000000002,1.454e-06,0.2041,0.029709999999999997,0.009531000000000001,6.533e-05,0.039310000000000005,0.03656,0.03532,8.135e-05,0.07196,0.0,0.0,0.0,0.0,0.0,0.0,0.0,0.0,0.0,0.0,0.0,0.0,0.0,0.0,0.0,0.0,unvectored,none,2,2026-07-25T04:44:02+00:00
intmul_6_6_12_3_10nm_TT_0V8_25C_1000MHz,intmul,a_width=6;b_width=6;out_width=12;pipeline_stages=3,10nm,TT,0.8,25.0,1.0,1000.0,6,6,12,3,V-2023.12-SP4,249,204,45,60.119042,32.47104,27.648001,0.18072289156626506,0.45988758436969107,0.53,0.25,0.0,0,V-2023.12-SP4,250,205,45,60.33,32.69,27.65,84.7872,0.7116,0.18,0.4583126139565722,0.39,0.45,0.0,0,V-2023.12-SP3,V-2023.12-SP4,0.2799,0.09179,0.0001558,0.37179999999999996,0.37168999999999996,0.37168999999999996,0.17459999999999998,0.029410000000000002,1.454e-06,0.204,0.05704,0.01898,6.894e-05,0.07609,0.048229999999999995,0.0434,8.54e-05,0.09171,0.0,0.0,0.0,0.0,0.0,0.0,0.0,0.0,0.0,0.0,0.0,0.0,0.0,0.0,0.0,0.0,vectored,random,2,2026-07-25T04:44:09+00:00
intmul_6_6_12_3_16nm_TT_0V85_25C_571p429MHz,intmul,a_width=6;b_width=6;out_width=12;pipeline_stages=3,16nm,TT,0.85,25.0,1.75,571.4285714285714,6,6,12,3,V-2023.12-SP4,249,204,45,121.74106,65.753858,55.987203,0.18072289156626506,0.4598875925673721,0.89,0.63,0.0,0,V-2023.12-SP4,255,210,45,137.42,79.56,57.85,166.9663,0.823,0.17647058823529413,0.4209722020084413,0.84,0.72,0.0,0,V-2023.12-SP3,V-2023.12-SP4,0.26739999999999997,0.05057,0.25720000000000004,0.5752,0.31797,0.5564475,0.215,0.01933,0.2569,0.4912,0.024919999999999998,0.006895999999999999,0.0001755,0.03199,0.02752,0.02434,8.716e-05,0.05195,0.0,0.0,0.0,0.0,0.0,0.0,0.0,0.0,0.0,0.0,0.0,0.0,0.0,0.0,0.0,0.0,unvectored,none,2,2026-07-25T04:44:21+00:00
intmul_6_6_12_3_10nm_TT_0V8_25C_666p667MHz,intmul,a_width=6;b_width=6;out_width=12;pipeline_stages=3,10nm,TT,0.8,25.0,1.5,666.6666666666666,6,6,12,3,V-2023.12-SP4,249,204,45,60.119042,32.47104,27.648001,0.18072289156626506,0.45988758436969107,0.09,0.65,0.0,0,V-2023.12-SP4,255,210,45,62.95,35.3,27.65,84.7872,0.7424,0.17647058823529413,0.43923749007148527,0.65,0.73,0.0,0,V-2023.12-SP3,V-2023.12-SP4,0.19540000000000002,0.059660000000000005,0.000167,0.25520000000000004,0.25506,0.38259,0.1513,0.029859999999999998,2.0289999999999997e-05,0.1812,0.01978,0.0063219999999999995,6.533e-05,0.02617,0.024300000000000002,0.023479999999999997,8.135e-05,0.04786,0.0,0.0,0.0,0.0,0.0,0.0,0.0,0.0,0.0,0.0,0.0,0.0,0.0,0.0,0.0,0.0,unvectored,none,2,2026-07-25T04:44:26+00:00
intmul_6_6_12_3_16nm_TT_0V85_25C_571p429MHz,intmul,a_width=6;b_width=6;out_width=12;pipeline_stages=3,16nm,TT,0.85,25.0,1.75,571.4285714285714,6,6,12,3,V-2023.12-SP4,249,204,45,121.74106,65.753858,55.987203,0.18072289156626506,0.4598875925673721,0.89,0.63,0.0,0,V-2023.12-SP4,255,210,45,137.42,79.56,57.85,166.9663,0.823,0.17647058823529413,0.4209722020084413,0.84,0.72,0.0,0,V-2023.12-SP3,V-2023.12-SP4,0.2966,0.06269,0.2571,0.6164000000000001,0.35929,0.6287575,0.21509999999999999,0.01933,0.2569,0.4914,0.04561,0.01374,0.0001485,0.059500000000000004,0.03587,0.02961,9.15e-05,0.06557,0.0,0.0,0.0,0.0,0.0,0.0,0.0,0.0,0.0,0.0,0.0,0.0,0.0,0.0,0.0,0.0,vectored,random,2,2026-07-25T04:44:28+00:00
intmul_6_6_12_3_10nm_TT_0V8_25C_666p667MHz,intmul,a_width=6;b_width=6;out_width=12;pipeline_stages=3,10nm,TT,0.8,25.0,1.5,666.6666666666666,6,6,12,3,V-2023.12-SP4,249,204,45,60.119042,32.47104,27.648001,0.18072289156626506,0.45988758436969107,0.09,0.65,0.0,0,V-2023.12-SP4,255,210,45,62.95,35.3,27.65,84.7872,0.7424,0.17647058823529413,0.43923749007148527,0.65,0.73,0.0,0,V-2023.12-SP3,V-2023.12-SP4,0.2208,0.07155,0.0001744,0.2925,0.29235,0.438525,0.1512,0.029859999999999998,2.032e-05,0.1811,0.03793,0.01259,6.869000000000001e-05,0.05059,0.03161,0.02911,8.539e-05,0.0608,0.0,0.0,0.0,0.0,0.0,0.0,0.0,0.0,0.0,0.0,0.0,0.0,0.0,0.0,0.0,0.0,vectored,random,2,2026-07-25T04:44:33+00:00
intmul_6_6_12_5_10nm_TT_0V8_25C_1333p33MHz,intmul,a_width=6;b_width=6;out_width=12;pipeline_stages=5,10nm,TT,0.8,25.0,0.75,1333.3333333333333,6,6,12,5,V-2023.12-SP4,306,228,78,84.080643,36.15744,47.923202,0.2549019607843137,0.5699671207319383,0.49,0.04,0.0,0,V-2023.12-SP4,307,229,78,84.17,36.25,47.92,116.9818,0.7195,0.254071661237785,0.569323987168825,0.27,0.27,0.0,0,V-2023.12-SP3,V-2023.12-SP4,0.49010000000000004,0.06752999999999999,0.0002045,0.5579,0.5576300000000001,0.41822250000000005,0.3698,0.0,0.0,0.3698,0.06674999999999999,0.01726,0.00011350000000000001,0.08412,0.05354,0.050269999999999995,9.096e-05,0.1039,0.0,0.0,0.0,0.0,0.0,0.0,0.0,0.0,0.0,0.0,0.0,0.0,0.0,0.0,0.0,0.0,unvectored,none,2,2026-07-25T04:44:45+00:00
intmul_6_6_12_5_10nm_TT_0V8_25C_1333p33MHz,intmul,a_width=6;b_width=6;out_width=12;pipeline_stages=5,10nm,TT,0.8,25.0,0.75,1333.3333333333333,6,6,12,5,V-2023.12-SP4,306,228,78,84.080643,36.15744,47.923202,0.2549019607843137,0.5699671207319383,0.49,0.04,0.0,0,V-2023.12-SP4,307,229,78,84.17,36.25,47.92,116.9818,0.7195,0.254071661237785,0.569323987168825,0.27,0.27,0.0,0,V-2023.12-SP3,V-2023.12-SP4,0.5645,0.09212000000000001,0.000212,0.6568,0.65662,0.492465,0.3696,0.0,0.0,0.3696,0.1224,0.0335,0.0001177,0.156,0.07246,0.05862,9.426999999999999e-05,0.13119999999999998,0.0,0.0,0.0,0.0,0.0,0.0,0.0,0.0,0.0,0.0,0.0,0.0,0.0,0.0,0.0,0.0,vectored,random,2,2026-07-25T04:44:52+00:00
intmul_6_6_12_2_20nm_TT_0V9_25C_266p667MHz,intmul,a_width=6;b_width=6;out_width=12;pipeline_stages=2,20nm,TT,0.9,25.0,3.75,266.6666666666667,6,6,12,2,V-2023.12-SP4,210,184,26,159.455999,104.543999,54.912,0.12380952380952381,0.3443708630868131,0.21,1.63,0.0,0,V-2023.12-SP4,203,177,26,157.98,103.07,54.91,216.6912,0.729,0.12807881773399016,0.34757564248639067,1.91,1.6,0.0,0,V-2023.12-SP3,V-2023.12-SP4,0.06309,0.01577,0.0001292,0.07899,0.07885999999999999,0.29572499999999996,0.04084,0.0,0.0,0.04084,0.007683000000000001,0.002966,3.808e-05,0.01069,0.01457,0.012799999999999999,9.115e-05,0.027460000000000002,0.0,0.0,0.0,0.0,0.0,0.0,0.0,0.0,0.0,0.0,0.0,0.0,0.0,0.0,0.0,0.0,unvectored,none,2,2026-07-25T04:45:23+00:00
intmul_6_6_12_3_20nm_TT_0V9_25C_400MHz,intmul,a_width=6;b_width=6;out_width=12;pipeline_stages=3,20nm,TT,0.9,25.0,2.5,400.0,6,6,12,3,V-2023.12-SP4,247,202,45,206.342399,111.302399,95.039999,0.18218623481781376,0.46059365142885633,1.26,0.98,0.0,0,V-2023.12-SP4,246,201,45,206.13,111.09,95.04,288.288,0.715,0.18292682926829268,0.4610682578955029,1.28,0.98,0.0,0,V-2023.12-SP3,V-2023.12-SP4,0.148,0.02434,0.0001702,0.1725,0.17234,0.43084999999999996,0.1055,0.0,0.0,0.1055,0.01947,0.00529,6.653e-05,0.02483,0.02299,0.019049999999999997,0.0001036,0.04215,0.0,0.0,0.0,0.0,0.0,0.0,0.0,0.0,0.0,0.0,0.0,0.0,0.0,0.0,0.0,0.0,unvectored,none,2,2026-07-25T04:45:27+00:00
intmul_6_6_12_5_16nm_TT_0V85_25C_1000MHz,intmul,a_width=6;b_width=6;out_width=12;pipeline_stages=5,16nm,TT,0.85,25.0,1.0,1000.0,6,6,12,5,V-2023.12-SP4,357,280,77,172.689414,76.88909,95.800324,0.21568627450980393,0.5547550471159743,0.64,0.13,0.0,0,V-2023.12-SP4,363,286,77,178.41,79.63,98.79,243.5443,0.7326,0.21212121212121213,0.5537245670085758,0.46,0.36,0.0,0,V-2023.12-SP3,V-2023.12-SP4,0.5466,0.1282,0.0004371,0.6753,0.6748,0.6748,0.4147,0.06114,1.222e-05,0.4758,0.07249,0.01467,0.0003106,0.08747,0.059410000000000004,0.05243,0.0001143,0.112,0.0,0.0,0.0,0.0,0.0,0.0,0.0,0.0,0.0,0.0,0.0,0.0,0.0,0.0,0.0,0.0,unvectored,none,2,2026-07-25T04:45:28+00:00
intmul_6_6_12_2_20nm_TT_0V9_25C_266p667MHz,intmul,a_width=6;b_width=6;out_width=12;pipeline_stages=2,20nm,TT,0.9,25.0,3.75,266.6666666666667,6,6,12,2,V-2023.12-SP4,210,184,26,159.455999,104.543999,54.912,0.12380952380952381,0.3443708630868131,0.21,1.63,0.0,0,V-2023.12-SP4,203,177,26,157.98,103.07,54.91,216.6912,0.729,0.12807881773399016,0.34757564248639067,1.91,1.6,0.0,0,V-2023.12-SP3,V-2023.12-SP4,0.07344,0.02086,0.0001374,0.09443,0.09430000000000001,0.353625,0.041010000000000005,0.0,0.0,0.041010000000000005,0.01492,0.006279000000000001,4.335e-05,0.02124,0.017499999999999998,0.01458,9.408000000000001e-05,0.03217,0.0,0.0,0.0,0.0,0.0,0.0,0.0,0.0,0.0,0.0,0.0,0.0,0.0,0.0,0.0,0.0,vectored,random,2,2026-07-25T04:45:30+00:00
intmul_6_6_12_3_20nm_TT_0V9_25C_666p667MHz,intmul,a_width=6;b_width=6;out_width=12;pipeline_stages=3,20nm,TT,0.9,25.0,1.5,666.6666666666666,6,6,12,3,V-2023.12-SP4,281,236,45,212.572799,117.321599,95.251199,0.1601423487544484,0.44808742909764293,1.26,0.01,0.0,0,V-2023.12-SP4,283,238,45,212.57,117.32,95.25,292.7232,0.7262,0.15901060070671377,0.4480876887613492,0.78,0.48,0.0,0,V-2023.12-SP3,V-2023.12-SP4,0.2623,0.05911,0.00018930000000000002,0.3216,0.32141,0.48211499999999996,0.1848,0.012480000000000002,3.483e-06,0.1973,0.03266,0.009205999999999999,6.696e-05,0.041940000000000005,0.04481,0.03743,0.0001189,0.08234999999999999,0.0,0.0,0.0,0.0,0.0,0.0,0.0,0.0,0.0,0.0,0.0,0.0,0.0,0.0,0.0,0.0,unvectored,none,2,2026-07-25T04:45:30+00:00
intmul_6_6_12_5_16nm_TT_0V85_25C_1000MHz,intmul,a_width=6;b_width=6;out_width=12;pipeline_stages=5,16nm,TT,0.85,25.0,1.0,1000.0,6,6,12,5,V-2023.12-SP4,357,280,77,172.689414,76.88909,95.800324,0.21568627450980393,0.5547550471159743,0.64,0.13,0.0,0,V-2023.12-SP4,363,286,77,178.41,79.63,98.79,243.5443,0.7326,0.21212121212121213,0.5537245670085758,0.46,0.36,0.0,0,V-2023.12-SP3,V-2023.12-SP4,0.6234,0.1532,0.00039210000000000004,0.7768999999999999,0.7766,0.7766,0.4151,0.06114,1.222e-05,0.47619999999999996,0.12789999999999999,0.029050000000000003,0.00026020000000000004,0.1572,0.0804,0.06297,0.0001198,0.1435,0.0,0.0,0.0,0.0,0.0,0.0,0.0,0.0,0.0,0.0,0.0,0.0,0.0,0.0,0.0,0.0,vectored,random,2,2026-07-25T04:45:34+00:00
intmul_6_6_12_3_20nm_TT_0V9_25C_400MHz,intmul,a_width=6;b_width=6;out_width=12;pipeline_stages=3,20nm,TT,0.9,25.0,2.5,400.0,6,6,12,3,V-2023.12-SP4,247,202,45,206.342399,111.302399,95.039999,0.18218623481781376,0.46059365142885633,1.26,0.98,0.0,0,V-2023.12-SP4,246,201,45,206.13,111.09,95.04,288.288,0.715,0.18292682926829268,0.4610682578955029,1.28,0.98,0.0,0,V-2023.12-SP3,V-2023.12-SP4,0.1727,0.033800000000000004,0.0001831,0.20670000000000002,0.2065,0.51625,0.10579999999999999,0.0,0.0,0.10579999999999999,0.03685,0.01055,7.448e-05,0.04747,0.030090000000000002,0.02326,0.00010860000000000001,0.05345,0.0,0.0,0.0,0.0,0.0,0.0,0.0,0.0,0.0,0.0,0.0,0.0,0.0,0.0,0.0,0.0,vectored,random,2,2026-07-25T04:45:35+00:00
intmul_6_6_12_3_20nm_TT_0V9_25C_666p667MHz,intmul,a_width=6;b_width=6;out_width=12;pipeline_stages=3,20nm,TT,0.9,25.0,1.5,666.6666666666666,6,6,12,3,V-2023.12-SP4,281,236,45,212.572799,117.321599,95.251199,0.1601423487544484,0.44808742909764293,1.26,0.01,0.0,0,V-2023.12-SP4,283,238,45,212.57,117.32,95.25,292.7232,0.7262,0.15901060070671377,0.4480876887613492,0.78,0.48,0.0,0,V-2023.12-SP3,V-2023.12-SP4,0.3253,0.09147000000000001,0.0002026,0.4169,0.41677,0.6251549999999999,0.1852,0.012480000000000002,3.483e-06,0.19770000000000001,0.06518,0.01942,7.518000000000001e-05,0.08467999999999999,0.07485,0.05956,0.0001239,0.13449999999999998,0.0,0.0,0.0,0.0,0.0,0.0,0.0,0.0,0.0,0.0,0.0,0.0,0.0,0.0,0.0,0.0,vectored,random,2,2026-07-25T04:45:37+00:00
intmul_6_6_12_5_16nm_TT_0V85_25C_666p667MHz,intmul,a_width=6;b_width=6;out_width=12;pipeline_stages=5,16nm,TT,0.85,25.0,1.5,666.6666666666666,6,6,12,5,V-2023.12-SP4,309,231,78,170.449926,73.405442,97.044484,0.2524271844660194,0.5693430691193142,0.83,0.43,0.0,0,V-2023.12-SP4,315,237,78,178.16,77.76,100.4,241.8647,0.7366,0.24761904761904763,0.5635383924562192,0.71,0.6,0.0,0,V-2023.12-SP3,V-2023.12-SP4,0.3674,0.08222,0.06462999999999999,0.5143,0.44962,0.6744300000000001,0.2821,0.0413,0.06423,0.3876,0.049370000000000004,0.010339999999999998,0.0003009,0.06001,0.035930000000000004,0.030580000000000003,9.768e-05,0.06661,0.0,0.0,0.0,0.0,0.0,0.0,0.0,0.0,0.0,0.0,0.0,0.0,0.0,0.0,0.0,0.0,unvectored,none,2,2026-07-25T04:46:03+00:00
intmul_6_6_12_5_16nm_TT_0V85_25C_666p667MHz,intmul,a_width=6;b_width=6;out_width=12;pipeline_stages=5,16nm,TT,0.85,25.0,1.5,666.6666666666666,6,6,12,5,V-2023.12-SP4,309,231,78,170.449926,73.405442,97.044484,0.2524271844660194,0.5693430691193142,0.83,0.43,0.0,0,V-2023.12-SP4,315,237,78,178.16,77.76,100.4,241.8647,0.7366,0.24761904761904763,0.5635383924562192,0.71,0.6,0.0,0,V-2023.12-SP3,V-2023.12-SP4,0.4171,0.09712000000000001,0.06458,0.5788,0.51422,0.7713300000000001,0.2824,0.0413,0.06423,0.3879,0.08667,0.02012,0.0002517,0.107,0.0481,0.0357,0.0001027,0.0839,0.0,0.0,0.0,0.0,0.0,0.0,0.0,0.0,0.0,0.0,0.0,0.0,0.0,0.0,0.0,0.0,vectored,random,2,2026-07-25T04:46:09+00:00
intmul_6_6_12_5_10nm_TT_0V8_25C_800MHz,intmul,a_width=6;b_width=6;out_width=12;pipeline_stages=5,10nm,TT,0.8,25.0,1.25,800.0,6,6,12,5,V-2023.12-SP4,306,228,78,84.080643,36.15744,47.923202,0.2549019607843137,0.5699671207319383,0.09,0.52,0.0,0,V-2023.12-SP4,309,231,78,84.39,36.46,47.92,116.9818,0.7214,0.2524271844660194,0.5678397914444839,0.51,0.6,0.0,0,V-2023.12-SP3,V-2023.12-SP4,0.3357,0.08086,0.00020569999999999999,0.4168,0.41656,0.5206999999999999,0.2633,0.0408,1.454e-06,0.30410000000000004,0.04018,0.01025,0.00011350000000000001,0.050550000000000005,0.03222,0.02981,9.07e-05,0.062119999999999995,0.0,0.0,0.0,0.0,0.0,0.0,0.0,0.0,0.0,0.0,0.0,0.0,0.0,0.0,0.0,0.0,unvectored,none,2,2026-07-25T04:46:21+00:00
intmul_6_6_12_5_10nm_TT_0V8_25C_800MHz,intmul,a_width=6;b_width=6;out_width=12;pipeline_stages=5,10nm,TT,0.8,25.0,1.25,800.0,6,6,12,5,V-2023.12-SP4,306,228,78,84.080643,36.15744,47.923202,0.2549019607843137,0.5699671207319383,0.09,0.52,0.0,0,V-2023.12-SP4,309,231,78,84.39,36.46,47.92,116.9818,0.7214,0.2524271844660194,0.5678397914444839,0.51,0.6,0.0,0,V-2023.12-SP3,V-2023.12-SP4,0.3821,0.0971,0.0002152,0.4794,0.4792,0.599,0.2632,0.0408,1.454e-06,0.304,0.07461000000000001,0.01992,0.0001197,0.09465,0.04423,0.03638,9.399e-05,0.08071,0.0,0.0,0.0,0.0,0.0,0.0,0.0,0.0,0.0,0.0,0.0,0.0,0.0,0.0,0.0,0.0,vectored,random,2,2026-07-25T04:46:27+00:00
intmul_8_8_16_2_16nm_TT_0V85_25C_571p429MHz,intmul,a_width=8;b_width=8;out_width=16;pipeline_stages=2,16nm,TT,0.85,25.0,1.75,571.4285714285714,8,8,16,2,V-2023.12-SP4,310,276,34,150.543365,108.241923,42.301442,0.10967741935483871,0.28099173948981415,1.42,0.1,0.0,0,V-2023.12-SP4,307,273,34,152.22,108.68,43.55,209.952,0.725,0.11074918566775244,0.28609906713966626,0.92,0.64,0.0,0,V-2023.12-SP3,V-2023.12-SP4,0.1726,0.06949,0.0002747,0.2424,0.24209,0.4236575,0.1015,0.0153,3.422e-06,0.1168,0.019559999999999998,0.00886,0.0001393,0.02855,0.051570000000000005,0.04533,0.0001319,0.09702999999999999,0.0,0.0,0.0,0.0,0.0,0.0,0.0,0.0,0.0,0.0,0.0,0.0,0.0,0.0,0.0,0.0,unvectored,none,2,2026-07-25T04:46:43+00:00
intmul_4_4_8_2_5nm_TT_0V7_25C_1333p33MHz,intmul,a_width=4;b_width=4;out_width=8;pipeline_stages=2,5nm,TT,0.7,25.0,0.75,1333.3333333333333,4,4,8,2,V-2023.12-SP4,122,104,18,6.8712,3.8472,3.024,0.14754098360655737,0.4400977995110025,0.35,0.19,0.0,0,V-2023.12-SP4,117,99,18,6.83,3.74,3.09,9.3744,0.7285,0.15384615384615385,0.45241581259150804,0.24,0.29,0.0,0,V-2023.12-SP3,V-2023.12-SP4,0.08383,0.02123,5.703e-05,0.1051,0.10506,0.078795,0.0576,0.0,0.0,0.0576,0.012069999999999999,0.004609,3.207e-05,0.016710000000000003,0.01417,0.01662,2.4959999999999998e-05,0.030809999999999997,0.0,0.0,0.0,0.0,0.0,0.0,0.0,0.0,0.0,0.0,0.0,0.0,0.0,0.0,0.0,0.0,unvectored,none,2,2026-07-25T04:46:44+00:00
intmul_8_8_16_2_10nm_TT_0V8_25C_1000MHz,intmul,a_width=8;b_width=8;out_width=16;pipeline_stages=2,10nm,TT,0.8,25.0,1.0,1000.0,8,8,16,2,V-2023.12-SP4,347,313,34,76.769282,55.879681,20.889601,0.09798270893371758,0.27210884947445513,0.63,0.15,0.0,0,V-2023.12-SP4,351,317,34,76.12,55.23,20.89,107.8272,0.706,0.09686609686609686,0.27443510246978453,0.45,0.4,0.0,0,V-2023.12-SP3,V-2023.12-SP4,0.2332,0.10179999999999999,0.00019250000000000002,0.3352,0.33499999999999996,0.33499999999999996,0.1388,0.02248,7.27e-07,0.1613,0.0237,0.01155,4.928e-05,0.0353,0.07069,0.06778,0.00014250000000000002,0.1386,0.0,0.0,0.0,0.0,0.0,0.0,0.0,0.0,0.0,0.0,0.0,0.0,0.0,0.0,0.0,0.0,unvectored,none,2,2026-07-25T04:46:47+00:00
intmul_8_8_16_2_16nm_TT_0V85_25C_571p429MHz,intmul,a_width=8;b_width=8;out_width=16;pipeline_stages=2,16nm,TT,0.85,25.0,1.75,571.4285714285714,8,8,16,2,V-2023.12-SP4,310,276,34,150.543365,108.241923,42.301442,0.10967741935483871,0.28099173948981415,1.42,0.1,0.0,0,V-2023.12-SP4,307,273,34,152.22,108.68,43.55,209.952,0.725,0.11074918566775244,0.28609906713966626,0.92,0.64,0.0,0,V-2023.12-SP3,V-2023.12-SP4,0.2018,0.08771999999999999,0.0002566,0.2898,0.28952,0.50666,0.10160000000000001,0.0153,3.422e-06,0.11689999999999999,0.039279999999999995,0.019559999999999998,0.0001175,0.05896,0.06092,0.05286,0.0001357,0.1139,0.0,0.0,0.0,0.0,0.0,0.0,0.0,0.0,0.0,0.0,0.0,0.0,0.0,0.0,0.0,0.0,vectored,random,2,2026-07-25T04:46:50+00:00
intmul_4_4_8_2_5nm_TT_0V7_25C_1333p33MHz,intmul,a_width=4;b_width=4;out_width=8;pipeline_stages=2,5nm,TT,0.7,25.0,0.75,1333.3333333333333,4,4,8,2,V-2023.12-SP4,122,104,18,6.8712,3.8472,3.024,0.14754098360655737,0.4400977995110025,0.35,0.19,0.0,0,V-2023.12-SP4,117,99,18,6.83,3.74,3.09,9.3744,0.7285,0.15384615384615385,0.45241581259150804,0.24,0.29,0.0,0,V-2023.12-SP3,V-2023.12-SP4,0.09727,0.02769,5.6529999999999996e-05,0.125,0.12495999999999999,0.09372,0.057800000000000004,0.0,0.0,0.057800000000000004,0.02063,0.009151,3.02e-05,0.02981,0.018850000000000002,0.01853,2.633e-05,0.037410000000000006,0.0,0.0,0.0,0.0,0.0,0.0,0.0,0.0,0.0,0.0,0.0,0.0,0.0,0.0,0.0,0.0,vectored,random,2,2026-07-25T04:46:51+00:00
intmul_8_8_16_2_10nm_TT_0V8_25C_1000MHz,intmul,a_width=8;b_width=8;out_width=16;pipeline_stages=2,10nm,TT,0.8,25.0,1.0,1000.0,8,8,16,2,V-2023.12-SP4,347,313,34,76.769282,55.879681,20.889601,0.09798270893371758,0.27210884947445513,0.63,0.15,0.0,0,V-2023.12-SP4,351,317,34,76.12,55.23,20.89,107.8272,0.706,0.09686609686609686,0.27443510246978453,0.45,0.4,0.0,0,V-2023.12-SP3,V-2023.12-SP4,0.27240000000000003,0.1288,0.000198,0.4014,0.4012,0.4012,0.1388,0.02248,7.27e-07,0.16119999999999998,0.04907,0.02529,5.265e-05,0.07441,0.08462,0.08102,0.00014460000000000002,0.1658,0.0,0.0,0.0,0.0,0.0,0.0,0.0,0.0,0.0,0.0,0.0,0.0,0.0,0.0,0.0,0.0,vectored,random,2,2026-07-25T04:46:54+00:00
intmul_8_8_16_2_10nm_TT_0V8_25C_666p667MHz,intmul,a_width=8;b_width=8;out_width=16;pipeline_stages=2,10nm,TT,0.8,25.0,1.5,666.6666666666666,8,8,16,2,V-2023.12-SP4,310,276,34,74.342402,53.452801,20.889601,0.10967741935483871,0.2809917414290703,0.85,0.43,0.0,0,V-2023.12-SP4,307,273,34,75.69,54.8,20.89,102.2362,0.7404,0.11074918566775244,0.27599418681463866,0.69,0.68,0.0,0,V-2023.12-SP3,V-2023.12-SP4,0.1749,0.06926,0.00018559999999999998,0.24439999999999998,0.24416,0.36624,0.1134,0.015359999999999999,1.236e-05,0.1287,0.01592,0.00857,4.93e-05,0.02454,0.045630000000000004,0.04533,0.0001239,0.09108999999999999,0.0,0.0,0.0,0.0,0.0,0.0,0.0,0.0,0.0,0.0,0.0,0.0,0.0,0.0,0.0,0.0,unvectored,none,2,2026-07-25T04:47:07+00:00
intmul_8_8_16_2_10nm_TT_0V8_25C_666p667MHz,intmul,a_width=8;b_width=8;out_width=16;pipeline_stages=2,10nm,TT,0.8,25.0,1.5,666.6666666666666,8,8,16,2,V-2023.12-SP4,310,276,34,74.342402,53.452801,20.889601,0.10967741935483871,0.2809917414290703,0.85,0.43,0.0,0,V-2023.12-SP4,307,273,34,75.69,54.8,20.89,102.2362,0.7404,0.11074918566775244,0.27599418681463866,0.69,0.68,0.0,0,V-2023.12-SP3,V-2023.12-SP4,0.20149999999999998,0.08809,0.0001928,0.2898,0.28959,0.434385,0.1133,0.015359999999999999,1.236e-05,0.1287,0.033569999999999996,0.018879999999999997,5.2810000000000004e-05,0.052500000000000005,0.05462,0.05385,0.0001276,0.1086,0.0,0.0,0.0,0.0,0.0,0.0,0.0,0.0,0.0,0.0,0.0,0.0,0.0,0.0,0.0,0.0,vectored,random,2,2026-07-25T04:47:14+00:00
intmul_4_4_8_2_5nm_TT_0V7_25C_800MHz,intmul,a_width=4;b_width=4;out_width=8;pipeline_stages=2,5nm,TT,0.7,25.0,1.25,800.0,4,4,8,2,V-2023.12-SP4,122,104,18,6.8712,3.8472,3.024,0.14754098360655737,0.4400977995110025,0.06,0.54,0.0,0,V-2023.12-SP4,117,99,18,6.83,3.74,3.09,9.3744,0.7285,0.15384615384615385,0.45241581259150804,0.49,0.54,0.0,0,V-2023.12-SP3,V-2023.12-SP4,0.05041,0.01276,5.704e-05,0.06323000000000001,0.06317,0.0789625,0.034659999999999996,0.0,0.0,0.034659999999999996,0.007234,0.002764,3.209e-05,0.01003,0.008515,0.009996,2.4959999999999998e-05,0.018539999999999997,0.0,0.0,0.0,0.0,0.0,0.0,0.0,0.0,0.0,0.0,0.0,0.0,0.0,0.0,0.0,0.0,unvectored,none,2,2026-07-25T04:47:15+00:00
intmul_4_4_8_2_5nm_TT_0V7_25C_800MHz,intmul,a_width=4;b_width=4;out_width=8;pipeline_stages=2,5nm,TT,0.7,25.0,1.25,800.0,4,4,8,2,V-2023.12-SP4,122,104,18,6.8712,3.8472,3.024,0.14754098360655737,0.4400977995110025,0.06,0.54,0.0,0,V-2023.12-SP4,117,99,18,6.83,3.74,3.09,9.3744,0.7285,0.15384615384615385,0.45241581259150804,0.49,0.54,0.0,0,V-2023.12-SP3,V-2023.12-SP4,0.05868,0.01668,5.652e-05,0.07542,0.07536000000000001,0.0942,0.034780000000000005,0.0,0.0,0.034780000000000005,0.01242,0.005488,3.019e-05,0.01794,0.01148,0.01119,2.632e-05,0.022699999999999998,0.0,0.0,0.0,0.0,0.0,0.0,0.0,0.0,0.0,0.0,0.0,0.0,0.0,0.0,0.0,0.0,vectored,random,2,2026-07-25T04:47:21+00:00
intmul_6_6_12_5_20nm_TT_0V9_25C_800MHz,intmul,a_width=6;b_width=6;out_width=12;pipeline_stages=5,20nm,TT,0.9,25.0,1.25,800.0,6,6,12,5,V-2023.12-SP4,361,284,77,305.923198,143.299199,162.623999,0.21329639889196675,0.53158439785923,1.03,0.02,0.0,0,V-2023.12-SP4,369,292,77,304.23,141.4,162.84,433.8048,0.7013,0.2086720867208672,0.5352529336357361,0.66,0.35,0.0,0,V-2023.12-SP3,V-2023.12-SP4,0.48319999999999996,0.06305,0.0002686,0.5466,0.5462499999999999,0.6828124999999998,0.3573,0.0,0.0,0.3573,0.0652,0.013869999999999999,0.0001151,0.07918,0.06079,0.04918,0.0001535,0.1101,0.0,0.0,0.0,0.0,0.0,0.0,0.0,0.0,0.0,0.0,0.0,0.0,0.0,0.0,0.0,0.0,unvectored,none,2,2026-07-25T04:47:48+00:00
intmul_8_8_16_2_16nm_TT_0V85_25C_363p636MHz,intmul,a_width=8;b_width=8;out_width=16;pipeline_stages=2,16nm,TT,0.85,25.0,2.75,363.6363636363636,8,8,16,2,V-2023.12-SP4,310,276,34,150.543365,108.241923,42.301442,0.10967741935483871,0.28099173948981415,1.42,1.1,0.0,0,V-2023.12-SP4,312,278,34,171.69,127.9,43.79,209.952,0.8178,0.10897435897435898,0.25505271128196166,1.42,1.13,0.0,0,V-2023.12-SP3,V-2023.12-SP4,0.19190000000000002,0.04493,0.3856,0.6225,0.23683,0.6512825,0.14650000000000002,0.009786999999999999,0.38539999999999996,0.5417,0.01259,0.005743,0.00012949999999999998,0.01846,0.032830000000000005,0.0294,0.0001319,0.062349999999999996,0.0,0.0,0.0,0.0,0.0,0.0,0.0,0.0,0.0,0.0,0.0,0.0,0.0,0.0,0.0,0.0,unvectored,none,2,2026-07-25T04:47:52+00:00
intmul_6_6_12_5_20nm_TT_0V9_25C_500MHz,intmul,a_width=6;b_width=6;out_width=12;pipeline_stages=5,20nm,TT,0.9,25.0,2.0,500.0,6,6,12,5,V-2023.12-SP4,306,228,78,289.027198,124.291199,164.735999,0.2549019607843137,0.5699671177658512,1.22,0.53,0.0,0,V-2023.12-SP4,307,229,78,289.98,125.24,164.74,403.92,0.7179,0.254071661237785,0.5681081453893372,1.03,0.73,0.0,0,V-2023.12-SP3,V-2023.12-SP4,0.30029999999999996,0.035519999999999996,0.0002358,0.33599999999999997,0.33581999999999995,0.6716399999999999,0.22619999999999998,0.0,0.0,0.22619999999999998,0.041350000000000005,0.008827,0.000116,0.050300000000000004,0.032690000000000004,0.026690000000000002,0.0001197,0.059500000000000004,0.0,0.0,0.0,0.0,0.0,0.0,0.0,0.0,0.0,0.0,0.0,0.0,0.0,0.0,0.0,0.0,unvectored,none,2,2026-07-25T04:47:52+00:00
intmul_8_8_16_2_20nm_TT_0V9_25C_444p444MHz,intmul,a_width=8;b_width=8;out_width=16;pipeline_stages=2,20nm,TT,0.9,25.0,2.25,444.44444444444446,8,8,16,2,V-2023.12-SP4,311,277,34,255.763199,183.955199,71.808,0.10932475884244373,0.28075970382275367,1.97,0.04,0.0,0,V-2023.12-SP4,308,274,34,256.08,184.06,72.02,349.7472,0.7322,0.11038961038961038,0.28124023742580445,1.27,0.72,0.0,0,V-2023.12-SP3,V-2023.12-SP4,0.1578,0.053059999999999996,0.00021089999999999998,0.2111,0.21086,0.474435,0.09218,0.005399,1.742e-06,0.09758,0.01734,0.007562,5.056e-05,0.02495,0.048319999999999995,0.0401,0.0001586,0.08857999999999999,0.0,0.0,0.0,0.0,0.0,0.0,0.0,0.0,0.0,0.0,0.0,0.0,0.0,0.0,0.0,0.0,unvectored,none,2,2026-07-25T04:47:54+00:00
intmul_6_6_12_5_20nm_TT_0V9_25C_800MHz,intmul,a_width=6;b_width=6;out_width=12;pipeline_stages=5,20nm,TT,0.9,25.0,1.25,800.0,6,6,12,5,V-2023.12-SP4,361,284,77,305.923198,143.299199,162.623999,0.21329639889196675,0.53158439785923,1.03,0.02,0.0,0,V-2023.12-SP4,369,292,77,304.23,141.4,162.84,433.8048,0.7013,0.2086720867208672,0.5352529336357361,0.66,0.35,0.0,0,V-2023.12-SP3,V-2023.12-SP4,0.5594,0.08567,0.0002866,0.6453,0.64507,0.8063375,0.3574,0.0,0.0,0.3574,0.1197,0.02756,0.00012700000000000002,0.1474,0.08234,0.058100000000000006,0.0001596,0.1406,0.0,0.0,0.0,0.0,0.0,0.0,0.0,0.0,0.0,0.0,0.0,0.0,0.0,0.0,0.0,0.0,vectored,random,2,2026-07-25T04:47:55+00:00
intmul_8_8_16_2_16nm_TT_0V85_25C_363p636MHz,intmul,a_width=8;b_width=8;out_width=16;pipeline_stages=2,16nm,TT,0.85,25.0,2.75,363.6363636363636,8,8,16,2,V-2023.12-SP4,310,276,34,150.543365,108.241923,42.301442,0.10967741935483871,0.28099173948981415,1.42,1.1,0.0,0,V-2023.12-SP4,312,278,34,171.69,127.9,43.79,209.952,0.8178,0.10897435897435898,0.25505271128196166,1.42,1.13,0.0,0,V-2023.12-SP3,V-2023.12-SP4,0.2106,0.05674,0.3856,0.6529,0.26734,0.7351850000000001,0.1466,0.009786999999999999,0.38539999999999996,0.5418000000000001,0.0253,0.01269,0.00011140000000000001,0.038099999999999995,0.03866,0.03426,0.0001357,0.07305,0.0,0.0,0.0,0.0,0.0,0.0,0.0,0.0,0.0,0.0,0.0,0.0,0.0,0.0,0.0,0.0,vectored,random,2,2026-07-25T04:47:59+00:00
intmul_6_6_12_5_20nm_TT_0V9_25C_500MHz,intmul,a_width=6;b_width=6;out_width=12;pipeline_stages=5,20nm,TT,0.9,25.0,2.0,500.0,6,6,12,5,V-2023.12-SP4,306,228,78,289.027198,124.291199,164.735999,0.2549019607843137,0.5699671177658512,1.22,0.53,0.0,0,V-2023.12-SP4,307,229,78,289.98,125.24,164.74,403.92,0.7179,0.254071661237785,0.5681081453893372,1.03,0.73,0.0,0,V-2023.12-SP3,V-2023.12-SP4,0.3455,0.04795,0.0002539,0.3937,0.39344999999999997,0.7868999999999999,0.2265,0.0,0.0,0.2265,0.07556,0.01714,0.00012770000000000001,0.09282,0.04345,0.030809999999999997,0.0001261,0.07439,0.0,0.0,0.0,0.0,0.0,0.0,0.0,0.0,0.0,0.0,0.0,0.0,0.0,0.0,0.0,0.0,vectored,random,2,2026-07-25T04:47:59+00:00
intmul_8_8_16_2_20nm_TT_0V9_25C_444p444MHz,intmul,a_width=8;b_width=8;out_width=16;pipeline_stages=2,20nm,TT,0.9,25.0,2.25,444.44444444444446,8,8,16,2,V-2023.12-SP4,311,277,34,255.763199,183.955199,71.808,0.10932475884244373,0.28075970382275367,1.97,0.04,0.0,0,V-2023.12-SP4,308,274,34,256.08,184.06,72.02,349.7472,0.7322,0.11038961038961038,0.28124023742580445,1.27,0.72,0.0,0,V-2023.12-SP3,V-2023.12-SP4,0.1842,0.06962,0.0002233,0.2541,0.25382,0.571095,0.0925,0.005399,1.742e-06,0.0979,0.03576,0.016589999999999997,5.843e-05,0.05242,0.05595,0.047630000000000006,0.0001631,0.1037,0.0,0.0,0.0,0.0,0.0,0.0,0.0,0.0,0.0,0.0,0.0,0.0,0.0,0.0,0.0,0.0,vectored,random,2,2026-07-25T04:48:00+00:00
intmul_8_8_16_3_16nm_TT_0V85_25C_800MHz,intmul,a_width=8;b_width=8;out_width=16;pipeline_stages=3,16nm,TT,0.85,25.0,1.25,800.0,8,8,16,3,V-2023.12-SP4,430,371,59,193.529095,120.123651,73.405443,0.1372093023255814,0.37929926247006945,1.01,0.01,0.0,0,V-2023.12-SP4,442,383,59,219.28,143.76,75.52,266.4991,0.8228,0.1334841628959276,0.34439985406785845,0.69,0.35,0.0,0,V-2023.12-SP3,V-2023.12-SP4,0.5756,0.1101,0.45,1.1360000000000001,0.6857,0.8571249999999999,0.4542,0.02533,0.4496,0.9292,0.04586,0.013479999999999999,0.00024470000000000004,0.05958,0.07549,0.07129,0.00016460000000000002,0.1469,0.0,0.0,0.0,0.0,0.0,0.0,0.0,0.0,0.0,0.0,0.0,0.0,0.0,0.0,0.0,0.0,unvectored,none,2,2026-07-25T04:48:26+00:00
intmul_8_8_16_3_16nm_TT_0V85_25C_800MHz,intmul,a_width=8;b_width=8;out_width=16;pipeline_stages=3,16nm,TT,0.85,25.0,1.25,800.0,8,8,16,3,V-2023.12-SP4,430,371,59,193.529095,120.123651,73.405443,0.1372093023255814,0.37929926247006945,1.01,0.01,0.0,0,V-2023.12-SP4,442,383,59,219.28,143.76,75.52,266.4991,0.8228,0.1334841628959276,0.34439985406785845,0.69,0.35,0.0,0,V-2023.12-SP3,V-2023.12-SP4,0.6449999999999999,0.1482,0.45,1.2429999999999999,0.7931999999999999,0.9914999999999998,0.4546,0.02533,0.4496,0.9295,0.09059,0.02853,0.0002051,0.1193,0.0998,0.0943,0.0001694,0.1943,0.0,0.0,0.0,0.0,0.0,0.0,0.0,0.0,0.0,0.0,0.0,0.0,0.0,0.0,0.0,0.0,vectored,random,2,2026-07-25T04:48:32+00:00
intmul_8_8_16_3_10nm_TT_0V8_25C_1000MHz,intmul,a_width=8;b_width=8;out_width=16;pipeline_stages=3,10nm,TT,0.8,25.0,1.0,1000.0,8,8,16,3,V-2023.12-SP4,382,323,59,92.282882,56.033281,36.249602,0.1544502617801047,0.3928096003763732,0.65,0.13,0.0,0,V-2023.12-SP4,381,322,59,92.62,56.37,36.25,127.3958,0.727,0.15485564304461943,0.3913841502915137,0.44,0.42,0.0,0,V-2023.12-SP3,V-2023.12-SP4,0.3345,0.12459999999999999,0.0002235,0.4594,0.4591,0.4591,0.2282,0.04099,3.836e-06,0.2692,0.03973,0.01473,8.577e-05,0.05455,0.06659,0.06893,0.0001339,0.1357,0.0,0.0,0.0,0.0,0.0,0.0,0.0,0.0,0.0,0.0,0.0,0.0,0.0,0.0,0.0,0.0,unvectored,none,2,2026-07-25T04:48:39+00:00
intmul_8_8_16_3_10nm_TT_0V8_25C_1000MHz,intmul,a_width=8;b_width=8;out_width=16;pipeline_stages=3,10nm,TT,0.8,25.0,1.0,1000.0,8,8,16,3,V-2023.12-SP4,382,323,59,92.282882,56.033281,36.249602,0.1544502617801047,0.3928096003763732,0.65,0.13,0.0,0,V-2023.12-SP4,381,322,59,92.62,56.37,36.25,127.3958,0.727,0.15485564304461943,0.3913841502915137,0.44,0.42,0.0,0,V-2023.12-SP3,V-2023.12-SP4,0.4007,0.1629,0.00023370000000000002,0.5639,0.5636,0.5636,0.2281,0.04099,3.843e-06,0.2691,0.08270000000000001,0.03177,9.122000000000001e-05,0.1146,0.08993999999999999,0.09015,0.0001386,0.1802,0.0,0.0,0.0,0.0,0.0,0.0,0.0,0.0,0.0,0.0,0.0,0.0,0.0,0.0,0.0,0.0,vectored,random,2,2026-07-25T04:48:45+00:00
intmul_4_4_8_3_5nm_TT_0V7_25C_1333p33MHz,intmul,a_width=4;b_width=4;out_width=8;pipeline_stages=3,5nm,TT,0.7,25.0,0.75,1333.3333333333333,4,4,8,3,V-2023.12-SP4,138,107,31,9.3072,4.0992,5.208,0.2246376811594203,0.5595667870036102,0.25,0.28,0.0,0,V-2023.12-SP4,138,107,31,9.48,4.1,5.38,12.7008,0.746,0.2246376811594203,0.5675105485232067,0.24,0.29,0.0,0,V-2023.12-SP3,V-2023.12-SP4,0.1351,0.02338,8.101e-05,0.15860000000000002,0.15848,0.11886000000000001,0.09876,0.0,0.0,0.09876,0.02095,0.006752,5.424e-05,0.02776,0.015379999999999998,0.01663,2.677e-05,0.03204,0.0,0.0,0.0,0.0,0.0,0.0,0.0,0.0,0.0,0.0,0.0,0.0,0.0,0.0,0.0,0.0,unvectored,none,2,2026-07-25T04:48:57+00:00
intmul_4_4_8_3_5nm_TT_0V7_25C_1333p33MHz,intmul,a_width=4;b_width=4;out_width=8;pipeline_stages=3,5nm,TT,0.7,25.0,0.75,1333.3333333333333,4,4,8,3,V-2023.12-SP4,138,107,31,9.3072,4.0992,5.208,0.2246376811594203,0.5595667870036102,0.25,0.28,0.0,0,V-2023.12-SP4,138,107,31,9.48,4.1,5.38,12.7008,0.746,0.2246376811594203,0.5675105485232067,0.24,0.29,0.0,0,V-2023.12-SP3,V-2023.12-SP4,0.1538,0.03191,7.935e-05,0.1858,0.18571,0.13928249999999998,0.09899999999999999,0.0,0.0,0.09899999999999999,0.03454,0.01262,5.1149999999999996e-05,0.047209999999999995,0.02023,0.01929,2.82e-05,0.03955,0.0,0.0,0.0,0.0,0.0,0.0,0.0,0.0,0.0,0.0,0.0,0.0,0.0,0.0,0.0,0.0,vectored,random,2,2026-07-25T04:49:03+00:00
intmul_8_8_16_3_16nm_TT_0V85_25C_500MHz,intmul,a_width=8;b_width=8;out_width=16;pipeline_stages=3,16nm,TT,0.85,25.0,2.0,500.0,8,8,16,3,V-2023.12-SP4,383,324,59,186.935047,113.529603,73.405443,0.15404699738903394,0.3926788698964513,1.1,0.66,0.0,0,V-2023.12-SP4,394,335,59,227.12,151.48,75.64,263.0154,0.8635,0.14974619289340102,0.33303980274744627,1.05,0.76,0.0,0,V-2023.12-SP3,V-2023.12-SP4,0.44920000000000004,0.0735,0.7069,1.23,0.5227,1.0454,0.3762,0.02273,0.7065,1.105,0.02875,0.00926,0.0002397,0.03825,0.04431,0.0415,0.00014350000000000002,0.08595,0.0,0.0,0.0,0.0,0.0,0.0,0.0,0.0,0.0,0.0,0.0,0.0,0.0,0.0,0.0,0.0,unvectored,none,2,2026-07-25T04:49:04+00:00
intmul_8_8_16_3_10nm_TT_0V8_25C_666p667MHz,intmul,a_width=8;b_width=8;out_width=16;pipeline_stages=3,10nm,TT,0.8,25.0,1.5,666.6666666666666,8,8,16,3,V-2023.12-SP4,382,323,59,92.282882,56.033281,36.249602,0.1544502617801047,0.3928096003763732,0.14,0.6,0.0,0,V-2023.12-SP4,382,323,59,94.86,58.61,36.25,127.3958,0.7446,0.1544502617801047,0.38214210415348937,0.69,0.69,0.0,0,V-2023.12-SP3,V-2023.12-SP4,0.25329999999999997,0.08896,0.00024050000000000002,0.34249999999999997,0.34225999999999995,0.5133899999999999,0.18239999999999998,0.03316,2.082e-05,0.2155,0.02649,0.009868,8.577e-05,0.036449999999999996,0.04446,0.045930000000000006,0.0001339,0.09051999999999999,0.0,0.0,0.0,0.0,0.0,0.0,0.0,0.0,0.0,0.0,0.0,0.0,0.0,0.0,0.0,0.0,unvectored,none,2,2026-07-25T04:49:05+00:00
intmul_8_8_16_3_16nm_TT_0V85_25C_500MHz,intmul,a_width=8;b_width=8;out_width=16;pipeline_stages=3,16nm,TT,0.85,25.0,2.0,500.0,8,8,16,3,V-2023.12-SP4,383,324,59,186.935047,113.529603,73.405443,0.15404699738903394,0.3926788698964513,1.1,0.66,0.0,0,V-2023.12-SP4,394,335,59,227.12,151.48,75.64,263.0154,0.8635,0.14974619289340102,0.33303980274744627,1.05,0.76,0.0,0,V-2023.12-SP3,V-2023.12-SP4,0.49269999999999997,0.09623000000000001,0.7068000000000001,1.296,0.58893,1.17786,0.3764,0.02273,0.7065,1.106,0.05735,0.01995,0.000202,0.07751,0.05898,0.05355,0.000149,0.11270000000000001,0.0,0.0,0.0,0.0,0.0,0.0,0.0,0.0,0.0,0.0,0.0,0.0,0.0,0.0,0.0,0.0,vectored,random,2,2026-07-25T04:49:10+00:00
intmul_8_8_16_3_10nm_TT_0V8_25C_666p667MHz,intmul,a_width=8;b_width=8;out_width=16;pipeline_stages=3,10nm,TT,0.8,25.0,1.5,666.6666666666666,8,8,16,3,V-2023.12-SP4,382,323,59,92.282882,56.033281,36.249602,0.1544502617801047,0.3928096003763732,0.14,0.6,0.0,0,V-2023.12-SP4,382,323,59,94.86,58.61,36.25,127.3958,0.7446,0.1544502617801047,0.38214210415348937,0.69,0.69,0.0,0,V-2023.12-SP3,V-2023.12-SP4,0.2979,0.11510000000000001,0.0002509,0.4132,0.41300000000000003,0.6195,0.18230000000000002,0.03316,2.082e-05,0.2155,0.0553,0.02123,9.148e-05,0.07662,0.06028,0.06072,0.0001386,0.1211,0.0,0.0,0.0,0.0,0.0,0.0,0.0,0.0,0.0,0.0,0.0,0.0,0.0,0.0,0.0,0.0,vectored,random,2,2026-07-25T04:49:12+00:00
intmul_4_4_8_3_5nm_TT_0V7_25C_1000MHz,intmul,a_width=4;b_width=4;out_width=8;pipeline_stages=3,5nm,TT,0.7,25.0,1.0,1000.0,4,4,8,3,V-2023.12-SP4,138,107,31,9.3072,4.0992,5.208,0.2246376811594203,0.5595667870036102,0.06,0.42,0.0,0,V-2023.12-SP4,138,107,31,9.48,4.1,5.38,12.7008,0.746,0.2246376811594203,0.5675105485232067,0.37,0.42,0.0,0,V-2023.12-SP3,V-2023.12-SP4,0.1012,0.01761,8.101e-05,0.1189,0.11881,0.11881,0.07393000000000001,0.0,0.0,0.07393000000000001,0.015719999999999998,0.005072,5.424e-05,0.02084,0.011559999999999999,0.01254,2.677e-05,0.02412,0.0,0.0,0.0,0.0,0.0,0.0,0.0,0.0,0.0,0.0,0.0,0.0,0.0,0.0,0.0,0.0,unvectored,none,2,2026-07-25T04:49:29+00:00
intmul_8_8_16_5_10nm_TT_0V8_25C_1333p33MHz,intmul,a_width=8;b_width=8;out_width=16;pipeline_stages=5,10nm,TT,0.8,25.0,0.75,1333.3333333333333,8,8,16,5,V-2023.12-SP4,575,466,109,132.157443,65.18784,66.969603,0.18956521739130436,0.5067410618711805,0.48,0.05,0.0,0,V-2023.12-SP4,575,466,109,131.51,64.54,66.97,183.8592,0.7153,0.18956521739130436,0.5092388411527641,0.32,0.22,0.0,0,V-2023.12-SP3,V-2023.12-SP4,0.7315,0.1313,0.00034060000000000004,0.8631,0.8628,0.6471,0.5297000000000001,0.0,0.0,0.5297000000000001,0.09459999999999999,0.02618,0.0001589,0.1209,0.1071,0.1051,0.0001817,0.2124,0.0,0.0,0.0,0.0,0.0,0.0,0.0,0.0,0.0,0.0,0.0,0.0,0.0,0.0,0.0,0.0,unvectored,none,2,2026-07-25T04:49:29+00:00
intmul_4_4_8_3_5nm_TT_0V7_25C_1000MHz,intmul,a_width=4;b_width=4;out_width=8;pipeline_stages=3,5nm,TT,0.7,25.0,1.0,1000.0,4,4,8,3,V-2023.12-SP4,138,107,31,9.3072,4.0992,5.208,0.2246376811594203,0.5595667870036102,0.06,0.42,0.0,0,V-2023.12-SP4,138,107,31,9.48,4.1,5.38,12.7008,0.746,0.2246376811594203,0.5675105485232067,0.37,0.42,0.0,0,V-2023.12-SP3,V-2023.12-SP4,0.115,0.02388,7.935e-05,0.1389,0.13888,0.13888,0.07412,0.0,0.0,0.07412,0.02578,0.009472,5.1149999999999996e-05,0.0353,0.01507,0.0144,2.819e-05,0.0295,0.0,0.0,0.0,0.0,0.0,0.0,0.0,0.0,0.0,0.0,0.0,0.0,0.0,0.0,0.0,0.0,vectored,random,2,2026-07-25T04:49:36+00:00
intmul_8_8_16_5_10nm_TT_0V8_25C_1333p33MHz,intmul,a_width=8;b_width=8;out_width=16;pipeline_stages=5,10nm,TT,0.8,25.0,0.75,1333.3333333333333,8,8,16,5,V-2023.12-SP4,575,466,109,132.157443,65.18784,66.969603,0.18956521739130436,0.5067410618711805,0.48,0.05,0.0,0,V-2023.12-SP4,575,466,109,131.51,64.54,66.97,183.8592,0.7153,0.18956521739130436,0.5092388411527641,0.32,0.22,0.0,0,V-2023.12-SP3,V-2023.12-SP4,0.8832,0.1998,0.0003541,1.083,1.083,0.8122499999999999,0.5294,0.0,0.0,0.5294,0.189,0.0547,0.00016659999999999998,0.2439,0.1648,0.1451,0.0001876,0.3101,0.0,0.0,0.0,0.0,0.0,0.0,0.0,0.0,0.0,0.0,0.0,0.0,0.0,0.0,0.0,0.0,vectored,random,2,2026-07-25T04:49:36+00:00
intmul_8_8_16_2_20nm_TT_0V9_25C_266p667MHz,intmul,a_width=8;b_width=8;out_width=16;pipeline_stages=2,20nm,TT,0.9,25.0,3.75,266.6666666666667,8,8,16,2,V-2023.12-SP4,310,276,34,255.551999,183.743999,71.808,0.10967741935483871,0.2809917366367383,2.04,1.48,0.0,0,V-2023.12-SP4,305,271,34,254.71,182.69,72.02,349.7472,0.7283,0.11147540983606558,0.2827529347100624,2.03,1.47,0.0,0,V-2023.12-SP3,V-2023.12-SP4,0.09283000000000001,0.028710000000000003,0.0002083,0.1218,0.12154000000000001,0.45577500000000004,0.05335,0.0,0.0,0.05335,0.01039,0.004652,5.056e-05,0.015099999999999999,0.02909,0.02406,0.00015769999999999998,0.05331,0.0,0.0,0.0,0.0,0.0,0.0,0.0,0.0,0.0,0.0,0.0,0.0,0.0,0.0,0.0,0.0,unvectored,none,2,2026-07-25T04:50:06+00:00
intmul_8_8_16_2_20nm_TT_0V9_25C_266p667MHz,intmul,a_width=8;b_width=8;out_width=16;pipeline_stages=2,20nm,TT,0.9,25.0,3.75,266.6666666666667,8,8,16,2,V-2023.12-SP4,310,276,34,255.551999,183.743999,71.808,0.10967741935483871,0.2809917366367383,2.04,1.48,0.0,0,V-2023.12-SP4,305,271,34,254.71,182.69,72.02,349.7472,0.7283,0.11147540983606558,0.2827529347100624,2.03,1.47,0.0,0,V-2023.12-SP3,V-2023.12-SP4,0.10880000000000001,0.038130000000000004,0.0002206,0.1471,0.14693,0.5509875,0.053579999999999996,0.0,0.0,0.053579999999999996,0.02139,0.01028,5.845e-05,0.03173,0.033819999999999996,0.02784,0.0001622,0.061829999999999996,0.0,0.0,0.0,0.0,0.0,0.0,0.0,0.0,0.0,0.0,0.0,0.0,0.0,0.0,0.0,0.0,vectored,random,2,2026-07-25T04:50:13+00:00
intmul_8_8_16_3_20nm_TT_0V9_25C_444p444MHz,intmul,a_width=8;b_width=8;out_width=16;pipeline_stages=3,20nm,TT,0.9,25.0,2.25,444.44444444444446,8,8,16,3,V-2023.12-SP4,383,324,59,317.327998,192.719999,124.607999,0.15404699738903394,0.39267886787600764,1.61,0.39,0.0,0,V-2023.12-SP4,379,320,59,316.8,191.98,124.82,442.0416,0.7167,0.15567282321899736,0.3940025252525252,1.27,0.73,0.0,0,V-2023.12-SP3,V-2023.12-SP4,0.22949999999999998,0.04982,0.0002604,0.2796,0.27932,0.6284700000000001,0.1532,0.0,0.0,0.1532,0.02903,0.009065,8.806e-05,0.03819,0.04727,0.040760000000000005,0.00017230000000000001,0.0882,0.0,0.0,0.0,0.0,0.0,0.0,0.0,0.0,0.0,0.0,0.0,0.0,0.0,0.0,0.0,0.0,unvectored,none,2,2026-07-25T04:50:14+00:00
intmul_4_4_8_5_5nm_TT_0V7_25C_1333p33MHz,intmul,a_width=4;b_width=4;out_width=8;pipeline_stages=5,5nm,TT,0.7,25.0,0.75,1333.3333333333333,4,4,8,5,V-2023.12-SP4,203,147,56,14.6328,5.2248,9.408,0.27586206896551724,0.6429391504018369,0.06,0.29,0.0,0,V-2023.12-SP4,193,137,56,14.74,5.01,9.73,20.6388,0.7143,0.29015544041450775,0.6601085481682497,0.24,0.3,0.0,0,V-2023.12-SP3,V-2023.12-SP4,0.2337,0.0291,0.00013220000000000001,0.26289999999999997,0.2628,0.1971,0.1764,0.0,0.0,0.1764,0.03765,0.008893,9.739e-05,0.04664,0.019639999999999998,0.0202,3.4790000000000004e-05,0.03987,0.0,0.0,0.0,0.0,0.0,0.0,0.0,0.0,0.0,0.0,0.0,0.0,0.0,0.0,0.0,0.0,unvectored,none,2,2026-07-25T04:50:14+00:00
intmul_8_8_16_3_20nm_TT_0V9_25C_285p714MHz,intmul,a_width=8;b_width=8;out_width=16;pipeline_stages=3,20nm,TT,0.9,25.0,3.5,285.7142857142857,8,8,16,3,V-2023.12-SP4,383,324,59,317.327998,192.719999,124.607999,0.15404699738903394,0.39267886787600764,0.31,1.39,0.0,0,V-2023.12-SP4,379,320,59,316.8,191.98,124.82,442.0416,0.7167,0.15567282321899736,0.3940025252525252,1.89,1.36,0.0,0,V-2023.12-SP3,V-2023.12-SP4,0.14770000000000003,0.03209,0.0002604,0.18009999999999998,0.17979000000000003,0.6292650000000001,0.0987,0.0,0.0,0.0987,0.01866,0.005789,8.806e-05,0.02453,0.03038,0.0263,0.00017230000000000001,0.05686,0.0,0.0,0.0,0.0,0.0,0.0,0.0,0.0,0.0,0.0,0.0,0.0,0.0,0.0,0.0,0.0,unvectored,none,2,2026-07-25T04:50:15+00:00
intmul_8_8_16_5_16nm_TT_0V85_25C_666p667MHz,intmul,a_width=8;b_width=8;out_width=16;pipeline_stages=5,16nm,TT,0.85,25.0,1.5,666.6666666666666,8,8,16,5,V-2023.12-SP4,465,354,111,263.637514,125.535747,138.101766,0.23870967741935484,0.5238319991137528,1.01,0.25,0.0,0,V-2023.12-SP4,469,358,111,271.91,129.7,142.21,367.4627,0.74,0.23667377398720682,0.523003935125593,0.8,0.5,0.0,0,V-2023.12-SP3,V-2023.12-SP4,0.518,0.12439999999999998,0.06485,0.7073,0.6424,0.9636,0.3851,0.05462,0.06423,0.5039,0.07023,0.01667,0.00045559999999999996,0.08736000000000001,0.06271,0.053149999999999996,0.0001638,0.116,0.0,0.0,0.0,0.0,0.0,0.0,0.0,0.0,0.0,0.0,0.0,0.0,0.0,0.0,0.0,0.0,unvectored,none,2,2026-07-25T04:50:16+00:00
intmul_8_8_16_3_20nm_TT_0V9_25C_444p444MHz,intmul,a_width=8;b_width=8;out_width=16;pipeline_stages=3,20nm,TT,0.9,25.0,2.25,444.44444444444446,8,8,16,3,V-2023.12-SP4,383,324,59,317.327998,192.719999,124.607999,0.15404699738903394,0.39267886787600764,1.61,0.39,0.0,0,V-2023.12-SP4,379,320,59,316.8,191.98,124.82,442.0416,0.7167,0.15567282321899736,0.3940025252525252,1.27,0.73,0.0,0,V-2023.12-SP3,V-2023.12-SP4,0.27490000000000003,0.07149,0.00027939999999999996,0.3467,0.34639000000000003,0.7793775000000001,0.1536,0.0,0.0,0.1536,0.05934,0.01949,0.0001006,0.07893,0.06198,0.052,0.0001788,0.1142,0.0,0.0,0.0,0.0,0.0,0.0,0.0,0.0,0.0,0.0,0.0,0.0,0.0,0.0,0.0,0.0,vectored,random,2,2026-07-25T04:50:21+00:00
intmul_4_4_8_5_5nm_TT_0V7_25C_1333p33MHz,intmul,a_width=4;b_width=4;out_width=8;pipeline_stages=5,5nm,TT,0.7,25.0,0.75,1333.3333333333333,4,4,8,5,V-2023.12-SP4,203,147,56,14.6328,5.2248,9.408,0.27586206896551724,0.6429391504018369,0.06,0.29,0.0,0,V-2023.12-SP4,193,137,56,14.74,5.01,9.73,20.6388,0.7143,0.29015544041450775,0.6601085481682497,0.24,0.3,0.0,0,V-2023.12-SP3,V-2023.12-SP4,0.2623,0.03863,0.00013010000000000002,0.3011,0.30093,0.2256975,0.17670000000000002,0.0,0.0,0.17670000000000002,0.06055,0.01551,9.237e-05,0.07614,0.025109999999999997,0.02313,3.7760000000000004e-05,0.048279999999999997,0.0,0.0,0.0,0.0,0.0,0.0,0.0,0.0,0.0,0.0,0.0,0.0,0.0,0.0,0.0,0.0,vectored,random,2,2026-07-25T04:50:21+00:00
intmul_8_8_16_3_20nm_TT_0V9_25C_285p714MHz,intmul,a_width=8;b_width=8;out_width=16;pipeline_stages=3,20nm,TT,0.9,25.0,3.5,285.7142857142857,8,8,16,3,V-2023.12-SP4,383,324,59,317.327998,192.719999,124.607999,0.15404699738903394,0.39267886787600764,0.31,1.39,0.0,0,V-2023.12-SP4,379,320,59,316.8,191.98,124.82,442.0416,0.7167,0.15567282321899736,0.3940025252525252,1.89,1.36,0.0,0,V-2023.12-SP3,V-2023.12-SP4,0.17679999999999998,0.04611,0.0002793,0.2232,0.22291,0.780185,0.09898,0.0,0.0,0.09898,0.038040000000000004,0.01243,0.0001006,0.050559999999999994,0.03977,0.03368,0.0001787,0.07363,0.0,0.0,0.0,0.0,0.0,0.0,0.0,0.0,0.0,0.0,0.0,0.0,0.0,0.0,0.0,0.0,vectored,random,2,2026-07-25T04:50:22+00:00
intmul_8_8_16_5_16nm_TT_0V85_25C_666p667MHz,intmul,a_width=8;b_width=8;out_width=16;pipeline_stages=5,16nm,TT,0.85,25.0,1.5,666.6666666666666,8,8,16,5,V-2023.12-SP4,465,354,111,263.637514,125.535747,138.101766,0.23870967741935484,0.5238319991137528,1.01,0.25,0.0,0,V-2023.12-SP4,469,358,111,271.91,129.7,142.21,367.4627,0.74,0.23667377398720682,0.523003935125593,0.8,0.5,0.0,0,V-2023.12-SP3,V-2023.12-SP4,0.6129,0.1585,0.06478,0.8362,0.7714,1.1571,0.3855,0.05462,0.06423,0.5043,0.1339,0.034319999999999996,0.0003778,0.1686,0.09355,0.06957999999999999,0.0001718,0.1633,0.0,0.0,0.0,0.0,0.0,0.0,0.0,0.0,0.0,0.0,0.0,0.0,0.0,0.0,0.0,0.0,vectored,random,2,2026-07-25T04:50:23+00:00
intmul_8_8_16_5_16nm_TT_0V85_25C_444p444MHz,intmul,a_width=8;b_width=8;out_width=16;pipeline_stages=5,16nm,TT,0.85,25.0,2.25,444.44444444444446,8,8,16,5,V-2023.12-SP4,465,354,111,263.637514,125.535747,138.101766,0.23870967741935484,0.5238319991137528,0.22,0.86,0.0,0,V-2023.12-SP4,470,359,111,271.79,129.33,142.46,367.4627,0.7396,0.23617021276595745,0.5241546782442327,1.17,0.9,0.0,0,V-2023.12-SP3,V-2023.12-SP4,0.3453,0.08269,0.0006206,0.42860000000000004,0.42799,0.9629774999999999,0.2569,0.03694,1.1020000000000001e-05,0.2938,0.047009999999999996,0.011080000000000001,0.0004458,0.05854,0.041440000000000005,0.03467,0.0001638,0.07627,0.0,0.0,0.0,0.0,0.0,0.0,0.0,0.0,0.0,0.0,0.0,0.0,0.0,0.0,0.0,0.0,unvectored,none,2,2026-07-25T04:50:50+00:00
intmul_8_8_16_5_16nm_TT_0V85_25C_444p444MHz,intmul,a_width=8;b_width=8;out_width=16;pipeline_stages=5,16nm,TT,0.85,25.0,2.25,444.44444444444446,8,8,16,5,V-2023.12-SP4,465,354,111,263.637514,125.535747,138.101766,0.23870967741935484,0.5238319991137528,0.22,0.86,0.0,0,V-2023.12-SP4,470,359,111,271.79,129.33,142.46,367.4627,0.7396,0.23617021276595745,0.5241546782442327,1.17,0.9,0.0,0,V-2023.12-SP3,V-2023.12-SP4,0.41,0.10629999999999999,0.0005538,0.5169,0.5163,1.161675,0.2571,0.03694,1.1020000000000001e-05,0.2941,0.0901,0.022799999999999997,0.00037109999999999997,0.1133,0.06276999999999999,0.046610000000000006,0.0001717,0.10959999999999999,0.0,0.0,0.0,0.0,0.0,0.0,0.0,0.0,0.0,0.0,0.0,0.0,0.0,0.0,0.0,0.0,vectored,random,2,2026-07-25T04:50:57+00:00
intmul_8_8_16_5_10nm_TT_0V8_25C_800MHz,intmul,a_width=8;b_width=8;out_width=16;pipeline_stages=5,10nm,TT,0.8,25.0,1.25,800.0,8,8,16,5,V-2023.12-SP4,465,354,111,130.191364,61.992961,68.198403,0.23870967741935484,0.5238320031734209,0.59,0.44,0.0,0,V-2023.12-SP4,472,361,111,131.05,62.85,68.2,182.784,0.717,0.23516949152542374,0.5204120564669973,0.57,0.55,0.0,0,V-2023.12-SP3,V-2023.12-SP4,0.4763,0.1304,0.0003163,0.607,0.6067,0.758375,0.3611,0.06011,3.635e-06,0.4212,0.05775,0.01672,0.0001616,0.07463,0.05745,0.053579999999999996,0.00015099999999999998,0.11120000000000001,0.0,0.0,0.0,0.0,0.0,0.0,0.0,0.0,0.0,0.0,0.0,0.0,0.0,0.0,0.0,0.0,unvectored,none,2,2026-07-25T04:51:03+00:00
intmul_8_8_16_5_10nm_TT_0V8_25C_800MHz,intmul,a_width=8;b_width=8;out_width=16;pipeline_stages=5,10nm,TT,0.8,25.0,1.25,800.0,8,8,16,5,V-2023.12-SP4,465,354,111,130.191364,61.992961,68.198403,0.23870967741935484,0.5238320031734209,0.59,0.44,0.0,0,V-2023.12-SP4,472,361,111,131.05,62.85,68.2,182.784,0.717,0.23516949152542374,0.5204120564669973,0.57,0.55,0.0,0,V-2023.12-SP3,V-2023.12-SP4,0.5617000000000001,0.16449999999999998,0.00033099999999999997,0.7265,0.7262000000000001,0.9077500000000001,0.361,0.06011,3.635e-06,0.4211,0.11560000000000001,0.03429,0.00017140000000000002,0.15,0.08514999999999999,0.07008,0.000156,0.1554,0.0,0.0,0.0,0.0,0.0,0.0,0.0,0.0,0.0,0.0,0.0,0.0,0.0,0.0,0.0,0.0,vectored,random,2,2026-07-25T04:51:09+00:00
intmul_4_4_8_5_5nm_TT_0V7_25C_1000MHz,intmul,a_width=4;b_width=4;out_width=8;pipeline_stages=5,5nm,TT,0.7,25.0,1.0,1000.0,4,4,8,5,V-2023.12-SP4,203,147,56,14.6328,5.2248,9.408,0.27586206896551724,0.6429391504018369,0.06,0.42,0.0,0,V-2023.12-SP4,196,140,56,14.91,5.18,9.73,20.6388,0.7224,0.2857142857142857,0.6525821596244131,0.37,0.42,0.0,0,V-2023.12-SP3,V-2023.12-SP4,0.18450000000000003,0.02915,0.00013519999999999998,0.2138,0.21365000000000003,0.21365000000000003,0.1415,0.007376000000000001,3.026e-06,0.14889999999999998,0.02824,0.006642,9.738e-05,0.03498,0.01474,0.015130000000000001,3.4779999999999996e-05,0.0299,0.0,0.0,0.0,0.0,0.0,0.0,0.0,0.0,0.0,0.0,0.0,0.0,0.0,0.0,0.0,0.0,unvectored,none,2,2026-07-25T04:51:19+00:00
intmul_4_4_8_5_5nm_TT_0V7_25C_1000MHz,intmul,a_width=4;b_width=4;out_width=8;pipeline_stages=5,5nm,TT,0.7,25.0,1.0,1000.0,4,4,8,5,V-2023.12-SP4,203,147,56,14.6328,5.2248,9.408,0.27586206896551724,0.6429391504018369,0.06,0.42,0.0,0,V-2023.12-SP4,196,140,56,14.91,5.18,9.73,20.6388,0.7224,0.2857142857142857,0.6525821596244131,0.37,0.42,0.0,0,V-2023.12-SP3,V-2023.12-SP4,0.2064,0.03644,0.0001332,0.243,0.24284,0.24284,0.1417,0.007376000000000001,3.026e-06,0.14909999999999998,0.04546,0.01158,9.237999999999999e-05,0.05713,0.01918,0.01748,3.7749999999999996e-05,0.036699999999999997,0.0,0.0,0.0,0.0,0.0,0.0,0.0,0.0,0.0,0.0,0.0,0.0,0.0,0.0,0.0,0.0,vectored,random,2,2026-07-25T04:51:25+00:00
intmul_12_12_24_2_16nm_TT_0V85_25C_571p429MHz,intmul,a_width=12;b_width=12;out_width=24;pipeline_stages=2,16nm,TT,0.85,25.0,1.75,571.4285714285714,12,12,24,2,V-2023.12-SP4,709,659,50,296.234506,234.026503,62.208003,0.07052186177715092,0.20999580312227367,1.51,0.01,0.0,0,V-2023.12-SP4,699,649,50,303.14,238.57,64.57,413.6832,0.7328,0.0715307582260372,0.2130038925908821,1.11,0.45,0.0,0,V-2023.12-SP3,V-2023.12-SP4,0.37520000000000003,0.191,0.06476,0.631,0.5662,0.99085,0.18780000000000002,0.029410000000000002,0.06423999999999999,0.2814,0.03094,0.01239,0.000185,0.043519999999999996,0.1565,0.1492,0.0003382,0.30610000000000004,0.0,0.0,0.0,0.0,0.0,0.0,0.0,0.0,0.0,0.0,0.0,0.0,0.0,0.0,0.0,0.0,unvectored,none,2,2026-07-25T04:51:41+00:00
intmul_12_12_24_2_16nm_TT_0V85_25C_571p429MHz,intmul,a_width=12;b_width=12;out_width=24;pipeline_stages=2,16nm,TT,0.85,25.0,1.75,571.4285714285714,12,12,24,2,V-2023.12-SP4,709,659,50,296.234506,234.026503,62.208003,0.07052186177715092,0.20999580312227367,1.51,0.01,0.0,0,V-2023.12-SP4,699,649,50,303.14,238.57,64.57,413.6832,0.7328,0.0715307582260372,0.2130038925908821,1.11,0.45,0.0,0,V-2023.12-SP3,V-2023.12-SP4,0.5125000000000001,0.29,0.06473999999999999,0.8672000000000001,0.8025,1.404375,0.18789999999999998,0.029410000000000002,0.06423999999999999,0.2816,0.07463,0.02812,0.0001617,0.10289999999999999,0.2499,0.2325,0.0003412,0.4828,0.0,0.0,0.0,0.0,0.0,0.0,0.0,0.0,0.0,0.0,0.0,0.0,0.0,0.0,0.0,0.0,vectored,random,2,2026-07-25T04:51:48+00:00
intmul_6_6_12_2_5nm_TT_0V7_25C_1333p33MHz,intmul,a_width=6;b_width=6;out_width=12;pipeline_stages=2,5nm,TT,0.7,25.0,0.75,1333.3333333333333,6,6,12,2,V-2023.12-SP4,213,187,26,12.7176,8.3496,4.368,0.12206572769953052,0.3434610303830912,0.51,0.02,0.0,0,V-2023.12-SP4,209,183,26,12.7,8.27,4.44,17.85,0.7115,0.12440191387559808,0.34960629921259845,0.25,0.28,0.0,0,V-2023.12-SP3,V-2023.12-SP4,0.1367,0.0494,9.991e-05,0.1862,0.1861,0.139575,0.08297,0.0,0.0,0.08297,0.01813,0.008783999999999998,4.6830000000000004e-05,0.026959999999999998,0.03563,0.04062,5.308e-05,0.07629999999999999,0.0,0.0,0.0,0.0,0.0,0.0,0.0,0.0,0.0,0.0,0.0,0.0,0.0,0.0,0.0,0.0,unvectored,none,2,2026-07-25T04:51:51+00:00
intmul_12_12_24_2_10nm_TT_0V8_25C_571p429MHz,intmul,a_width=12;b_width=12;out_width=24;pipeline_stages=2,10nm,TT,0.8,25.0,1.75,571.4285714285714,12,12,24,2,V-2023.12-SP4,560,510,50,137.533444,106.813442,30.720001,0.08928571428571429,0.2233638605021772,1.36,0.17,0.0,0,V-2023.12-SP4,559,509,50,139.87,109.15,30.72,193.536,0.7227,0.08944543828264759,0.2196325159076285,0.91,0.72,0.0,0,V-2023.12-SP3,V-2023.12-SP4,0.2567,0.1476,0.0003264,0.4047,0.4043,0.707525,0.1338,0.02544,1.791e-05,0.1593,0.02121,0.01744,7.290999999999999e-05,0.038720000000000004,0.1017,0.1048,0.00023559999999999998,0.20670000000000002,0.0,0.0,0.0,0.0,0.0,0.0,0.0,0.0,0.0,0.0,0.0,0.0,0.0,0.0,0.0,0.0,unvectored,none,2,2026-07-25T04:51:57+00:00
intmul_6_6_12_2_5nm_TT_0V7_25C_1333p33MHz,intmul,a_width=6;b_width=6;out_width=12;pipeline_stages=2,5nm,TT,0.7,25.0,0.75,1333.3333333333333,6,6,12,2,V-2023.12-SP4,213,187,26,12.7176,8.3496,4.368,0.12206572769953052,0.3434610303830912,0.51,0.02,0.0,0,V-2023.12-SP4,209,183,26,12.7,8.27,4.44,17.85,0.7115,0.12440191387559808,0.34960629921259845,0.25,0.28,0.0,0,V-2023.12-SP3,V-2023.12-SP4,0.1618,0.06596999999999999,9.871e-05,0.22790000000000002,0.22776999999999997,0.17082749999999997,0.0833,0.0,0.0,0.0833,0.03409,0.018600000000000002,4.375e-05,0.052719999999999996,0.04441,0.04737,5.4970000000000004e-05,0.09184,0.0,0.0,0.0,0.0,0.0,0.0,0.0,0.0,0.0,0.0,0.0,0.0,0.0,0.0,0.0,0.0,vectored,random,2,2026-07-25T04:51:57+00:00
intmul_12_12_24_2_10nm_TT_0V8_25C_571p429MHz,intmul,a_width=12;b_width=12;out_width=24;pipeline_stages=2,10nm,TT,0.8,25.0,1.75,571.4285714285714,12,12,24,2,V-2023.12-SP4,560,510,50,137.533444,106.813442,30.720001,0.08928571428571429,0.2233638605021772,1.36,0.17,0.0,0,V-2023.12-SP4,559,509,50,139.87,109.15,30.72,193.536,0.7227,0.08944543828264759,0.2196325159076285,0.91,0.72,0.0,0,V-2023.12-SP3,V-2023.12-SP4,0.34440000000000004,0.2215,0.0003391,0.5663,0.5659000000000001,0.9903250000000001,0.1338,0.02544,1.791e-05,0.15919999999999998,0.05312,0.038779999999999995,7.823e-05,0.09197,0.1575,0.1573,0.000243,0.3151,0.0,0.0,0.0,0.0,0.0,0.0,0.0,0.0,0.0,0.0,0.0,0.0,0.0,0.0,0.0,0.0,vectored,random,2,2026-07-25T04:52:03+00:00
intmul_8_8_16_5_20nm_TT_0V9_25C_800MHz,intmul,a_width=8;b_width=8;out_width=16;pipeline_stages=5,20nm,TT,0.9,25.0,1.25,800.0,8,8,16,5,V-2023.12-SP4,638,529,109,476.044797,245.836799,230.207999,0.17084639498432602,0.48358473918999684,0.9,0.11,0.0,0,V-2023.12-SP4,634,525,109,474.14,243.94,230.21,665.7024,0.7122,0.1719242902208202,0.4855316994980386,0.76,0.24,0.0,0,V-2023.12-SP3,V-2023.12-SP4,0.7115999999999999,0.1177,0.0004263,0.8298,0.8292999999999999,1.036625,0.5082,0.0,0.0,0.5082,0.09313,0.0214,0.0001629,0.1147,0.1103,0.0963,0.0002633,0.2069,0.0,0.0,0.0,0.0,0.0,0.0,0.0,0.0,0.0,0.0,0.0,0.0,0.0,0.0,0.0,0.0,unvectored,none,2,2026-07-25T04:52:33+00:00
intmul_6_6_12_2_5nm_TT_0V7_25C_800MHz,intmul,a_width=6;b_width=6;out_width=12;pipeline_stages=2,5nm,TT,0.7,25.0,1.25,800.0,6,6,12,2,V-2023.12-SP4,213,187,26,12.7176,8.3496,4.368,0.12206572769953052,0.3434610303830912,0.51,0.52,0.0,0,V-2023.12-SP4,212,186,26,13.18,8.74,4.44,17.85,0.7384,0.12264150943396226,0.33687405159332323,0.5,0.62,0.0,0,V-2023.12-SP3,V-2023.12-SP4,0.10569999999999999,0.047599999999999996,0.00010960000000000001,0.15339999999999998,0.1533,0.191625,0.07357999999999999,0.018009999999999998,9.655e-06,0.0916,0.010839999999999999,0.005283,4.6819999999999996e-05,0.01617,0.02127,0.02431,5.308e-05,0.045630000000000004,0.0,0.0,0.0,0.0,0.0,0.0,0.0,0.0,0.0,0.0,0.0,0.0,0.0,0.0,0.0,0.0,unvectored,none,2,2026-07-25T04:52:38+00:00
intmul_8_8_16_5_20nm_TT_0V9_25C_800MHz,intmul,a_width=8;b_width=8;out_width=16;pipeline_stages=5,20nm,TT,0.9,25.0,1.25,800.0,8,8,16,5,V-2023.12-SP4,638,529,109,476.044797,245.836799,230.207999,0.17084639498432602,0.48358473918999684,0.9,0.11,0.0,0,V-2023.12-SP4,634,525,109,474.14,243.94,230.21,665.7024,0.7122,0.1719242902208202,0.4855316994980386,0.76,0.24,0.0,0,V-2023.12-SP3,V-2023.12-SP4,0.8512,0.1684,0.0004565,1.02,1.0196,1.2745000000000002,0.5088,0.0,0.0,0.5088,0.1829,0.04465,0.0001842,0.2278,0.1595,0.1237,0.0002723,0.28350000000000003,0.0,0.0,0.0,0.0,0.0,0.0,0.0,0.0,0.0,0.0,0.0,0.0,0.0,0.0,0.0,0.0,vectored,random,2,2026-07-25T04:52:40+00:00
intmul_8_8_16_5_20nm_TT_0V9_25C_444p444MHz,intmul,a_width=8;b_width=8;out_width=16;pipeline_stages=5,20nm,TT,0.9,25.0,2.25,444.44444444444446,8,8,16,5,V-2023.12-SP4,465,354,111,447.532798,213.100799,234.431999,0.23870967741935484,0.5238319963311381,1.48,0.52,0.0,0,V-2023.12-SP4,466,355,111,449.96,215.32,234.64,625.2576,0.7196,0.23819742489270387,0.5214685749844431,1.28,0.72,0.0,0,V-2023.12-SP3,V-2023.12-SP4,0.3891,0.052790000000000004,0.0003667,0.4423,0.44189,0.9942525,0.2857,0.0,0.0,0.2857,0.05317,0.01279,0.0001661,0.06613000000000001,0.05024,0.04,0.0002006,0.09043999999999999,0.0,0.0,0.0,0.0,0.0,0.0,0.0,0.0,0.0,0.0,0.0,0.0,0.0,0.0,0.0,0.0,unvectored,none,2,2026-07-25T04:52:40+00:00
intmul_6_6_12_2_5nm_TT_0V7_25C_800MHz,intmul,a_width=6;b_width=6;out_width=12;pipeline_stages=2,5nm,TT,0.7,25.0,1.25,800.0,6,6,12,2,V-2023.12-SP4,213,187,26,12.7176,8.3496,4.368,0.12206572769953052,0.3434610303830912,0.51,0.52,0.0,0,V-2023.12-SP4,212,186,26,13.18,8.74,4.44,17.85,0.7384,0.12264150943396226,0.33687405159332323,0.5,0.62,0.0,0,V-2023.12-SP3,V-2023.12-SP4,0.1212,0.05783,0.0001081,0.1792,0.17903,0.2237875,0.07378,0.018009999999999998,9.666999999999999e-06,0.09179999999999999,0.02061,0.01119,4.345e-05,0.03184,0.02685,0.02863,5.4959999999999996e-05,0.055529999999999996,0.0,0.0,0.0,0.0,0.0,0.0,0.0,0.0,0.0,0.0,0.0,0.0,0.0,0.0,0.0,0.0,vectored,random,2,2026-07-25T04:52:45+00:00
intmul_12_12_24_2_20nm_TT_0V9_25C_444p444MHz,intmul,a_width=12;b_width=12;out_width=24;pipeline_stages=2,20nm,TT,0.9,25.0,2.25,444.44444444444446,12,12,24,2,V-2023.12-SP4,714,664,50,506.246397,400.646398,105.599999,0.0700280112044818,0.20859407518904277,2.01,0.0,0.0,0,V-2023.12-SP4,700,650,50,520.61,414.8,105.81,707.4144,0.7359,0.07142857142857142,0.20324235031981713,1.56,0.46,0.0,0,V-2023.12-SP3,V-2023.12-SP4,0.3834,0.1664,0.1036,0.6534000000000001,0.5498000000000001,1.2370500000000002,0.2039,0.0222,0.1031,0.3292,0.02698,0.0103,7.518000000000001e-05,0.03735,0.1525,0.1339,0.0004137,0.2868,0.0,0.0,0.0,0.0,0.0,0.0,0.0,0.0,0.0,0.0,0.0,0.0,0.0,0.0,0.0,0.0,unvectored,none,2,2026-07-25T04:52:45+00:00
intmul_8_8_16_5_20nm_TT_0V9_25C_444p444MHz,intmul,a_width=8;b_width=8;out_width=16;pipeline_stages=5,20nm,TT,0.9,25.0,2.25,444.44444444444446,8,8,16,5,V-2023.12-SP4,465,354,111,447.532798,213.100799,234.431999,0.23870967741935484,0.5238319963311381,1.48,0.52,0.0,0,V-2023.12-SP4,466,355,111,449.96,215.32,234.64,625.2576,0.7196,0.23819742489270387,0.5214685749844431,1.28,0.72,0.0,0,V-2023.12-SP3,V-2023.12-SP4,0.4687,0.08074,0.0003976,0.5498000000000001,0.54944,1.23624,0.2859,0.0,0.0,0.2859,0.1053,0.0264,0.0001871,0.13190000000000002,0.07742,0.05434,0.00021050000000000002,0.132,0.0,0.0,0.0,0.0,0.0,0.0,0.0,0.0,0.0,0.0,0.0,0.0,0.0,0.0,0.0,0.0,vectored,random,2,2026-07-25T04:52:46+00:00
intmul_12_12_24_2_16nm_TT_0V85_25C_363p636MHz,intmul,a_width=12;b_width=12;out_width=24;pipeline_stages=2,16nm,TT,0.85,25.0,2.75,363.6363636363636,12,12,24,2,V-2023.12-SP4,560,510,50,278.505226,216.297223,62.208003,0.08928571428571429,0.22336386247919096,2.27,0.25,0.0,0,V-2023.12-SP4,559,509,50,283.17,218.35,64.82,389.1732,0.7276,0.08944543828264759,0.22890842956527876,1.59,0.97,0.0,0,V-2023.12-SP3,V-2023.12-SP4,0.201,0.1051,0.00044060000000000003,0.30650000000000005,0.30610000000000004,0.8417750000000002,0.09598,0.01426,6.36e-06,0.11019999999999999,0.01967,0.01299,0.000175,0.032830000000000005,0.08533,0.07789,0.0002592,0.16349999999999998,0.0,0.0,0.0,0.0,0.0,0.0,0.0,0.0,0.0,0.0,0.0,0.0,0.0,0.0,0.0,0.0,unvectored,none,2,2026-07-25T04:52:47+00:00
intmul_12_12_24_2_20nm_TT_0V9_25C_444p444MHz,intmul,a_width=12;b_width=12;out_width=24;pipeline_stages=2,20nm,TT,0.9,25.0,2.25,444.44444444444446,12,12,24,2,V-2023.12-SP4,714,664,50,506.246397,400.646398,105.599999,0.0700280112044818,0.20859407518904277,2.01,0.0,0.0,0,V-2023.12-SP4,700,650,50,520.61,414.8,105.81,707.4144,0.7359,0.07142857142857142,0.20324235031981713,1.56,0.46,0.0,0,V-2023.12-SP3,V-2023.12-SP4,0.48460000000000003,0.2326,0.1036,0.8208,0.7172000000000001,1.6137000000000001,0.2044,0.0222,0.1031,0.3297,0.06355,0.02296,8.762e-05,0.08659,0.2167,0.1875,0.00041680000000000005,0.4046,0.0,0.0,0.0,0.0,0.0,0.0,0.0,0.0,0.0,0.0,0.0,0.0,0.0,0.0,0.0,0.0,vectored,random,2,2026-07-25T04:52:52+00:00
intmul_12_12_24_2_16nm_TT_0V85_25C_363p636MHz,intmul,a_width=12;b_width=12;out_width=24;pipeline_stages=2,16nm,TT,0.85,25.0,2.75,363.6363636363636,12,12,24,2,V-2023.12-SP4,560,510,50,278.505226,216.297223,62.208003,0.08928571428571429,0.22336386247919096,2.27,0.25,0.0,0,V-2023.12-SP4,559,509,50,283.17,218.35,64.82,389.1732,0.7276,0.08944543828264759,0.22890842956527876,1.59,0.97,0.0,0,V-2023.12-SP3,V-2023.12-SP4,0.2868,0.17049999999999998,0.00043089999999999996,0.4577,0.4573,1.2575749999999999,0.09608,0.01426,6.36e-06,0.1103,0.04808,0.02869,0.0001556,0.07693,0.1427,0.1275,0.000269,0.2705,0.0,0.0,0.0,0.0,0.0,0.0,0.0,0.0,0.0,0.0,0.0,0.0,0.0,0.0,0.0,0.0,vectored,random,2,2026-07-25T04:52:54+00:00
intmul_12_12_24_3_16nm_TT_0V85_25C_571p429MHz,intmul,a_width=12;b_width=12;out_width=24;pipeline_stages=3,16nm,TT,0.85,25.0,1.75,571.4285714285714,12,12,24,3,V-2023.12-SP4,838,751,87,364.725516,256.483591,108.241925,0.10381861575178998,0.29677639828193425,1.51,0.0,0.0,0,V-2023.12-SP4,838,751,87,369.08,258.72,110.36,511.9096,0.721,0.10381861575178998,0.2990137639536144,1.09,0.48,0.0,0,V-2023.12-SP3,V-2023.12-SP4,0.477,0.20929999999999999,0.0007906,0.6870999999999999,0.6862999999999999,1.2010249999999998,0.2596,0.03816,8.812999999999998e-06,0.29779999999999995,0.04938,0.01634,0.000402,0.06613000000000001,0.16799999999999998,0.1548,0.0003797,0.3232,0.0,0.0,0.0,0.0,0.0,0.0,0.0,0.0,0.0,0.0,0.0,0.0,0.0,0.0,0.0,0.0,unvectored,none,2,2026-07-25T04:53:23+00:00
intmul_12_12_24_3_16nm_TT_0V85_25C_571p429MHz,intmul,a_width=12;b_width=12;out_width=24;pipeline_stages=3,16nm,TT,0.85,25.0,1.75,571.4285714285714,12,12,24,3,V-2023.12-SP4,838,751,87,364.725516,256.483591,108.241925,0.10381861575178998,0.29677639828193425,1.51,0.0,0.0,0,V-2023.12-SP4,838,751,87,369.08,258.72,110.36,511.9096,0.721,0.10381861575178998,0.2990137639536144,1.09,0.48,0.0,0,V-2023.12-SP3,V-2023.12-SP4,0.6978000000000001,0.35760000000000003,0.000727,1.056,1.0554000000000001,1.84695,0.25999999999999995,0.03816,8.812999999999998e-06,0.2981,0.1207,0.03671,0.0003319,0.1577,0.31720000000000004,0.2827,0.0003863,0.6002,0.0,0.0,0.0,0.0,0.0,0.0,0.0,0.0,0.0,0.0,0.0,0.0,0.0,0.0,0.0,0.0,vectored,random,2,2026-07-25T04:53:29+00:00
intmul_12_12_24_3_10nm_TT_0V8_25C_571p429MHz,intmul,a_width=12;b_width=12;out_width=24;pipeline_stages=3,10nm,TT,0.8,25.0,1.75,571.4285714285714,12,12,24,3,V-2023.12-SP4,718,631,87,170.465285,117.012482,53.452803,0.12116991643454039,0.31357002101630255,1.16,0.38,0.0,0,V-2023.12-SP4,712,625,87,170.43,116.98,53.45,239.616,0.7113,0.12219101123595505,0.31361849439652645,0.91,0.7,0.0,0,V-2023.12-SP3,V-2023.12-SP4,0.3458,0.1648,0.0003946,0.5109,0.5105999999999999,0.8935499999999998,0.2077,0.034159999999999996,2.6449999999999997e-06,0.2419,0.03517,0.02044,0.0001271,0.05574,0.10289999999999999,0.11019999999999999,0.0002649,0.21330000000000002,0.0,0.0,0.0,0.0,0.0,0.0,0.0,0.0,0.0,0.0,0.0,0.0,0.0,0.0,0.0,0.0,unvectored,none,2,2026-07-25T04:53:31+00:00
intmul_12_12_24_3_10nm_TT_0V8_25C_571p429MHz,intmul,a_width=12;b_width=12;out_width=24;pipeline_stages=3,10nm,TT,0.8,25.0,1.75,571.4285714285714,12,12,24,3,V-2023.12-SP4,718,631,87,170.465285,117.012482,53.452803,0.12116991643454039,0.31357002101630255,1.16,0.38,0.0,0,V-2023.12-SP4,712,625,87,170.43,116.98,53.45,239.616,0.7113,0.12219101123595505,0.31361849439652645,0.91,0.7,0.0,0,V-2023.12-SP3,V-2023.12-SP4,0.4889,0.2784,0.0004136,0.7676999999999999,0.7673,1.342775,0.2076,0.034159999999999996,2.6449999999999997e-06,0.2417,0.08988,0.045259999999999995,0.0001359,0.1353,0.1914,0.199,0.000275,0.3907,0.0,0.0,0.0,0.0,0.0,0.0,0.0,0.0,0.0,0.0,0.0,0.0,0.0,0.0,0.0,0.0,vectored,random,2,2026-07-25T04:53:38+00:00
intmul_6_6_12_3_5nm_TT_0V7_25C_1333p33MHz,intmul,a_width=6;b_width=6;out_width=12;pipeline_stages=3,5nm,TT,0.7,25.0,0.75,1333.3333333333333,6,6,12,3,V-2023.12-SP4,250,205,45,16.086,8.526,7.56,0.18,0.4699738903394256,0.5,0.03,0.0,0,V-2023.12-SP4,244,199,45,16.11,8.4,7.71,22.344,0.7211,0.18442622950819673,0.478584729981378,0.26,0.28,0.0,0,V-2023.12-SP3,V-2023.12-SP4,0.20929999999999999,0.055869999999999996,0.0001326,0.2653,0.26516999999999996,0.19887749999999998,0.1422,0.0,0.0,0.1422,0.030750000000000003,0.0144,8.031e-05,0.04523,0.03642,0.04147,5.227e-05,0.07794000000000001,0.0,0.0,0.0,0.0,0.0,0.0,0.0,0.0,0.0,0.0,0.0,0.0,0.0,0.0,0.0,0.0,unvectored,none,2,2026-07-25T04:53:44+00:00
intmul_6_6_12_3_5nm_TT_0V7_25C_1333p33MHz,intmul,a_width=6;b_width=6;out_width=12;pipeline_stages=3,5nm,TT,0.7,25.0,0.75,1333.3333333333333,6,6,12,3,V-2023.12-SP4,250,205,45,16.086,8.526,7.56,0.18,0.4699738903394256,0.5,0.03,0.0,0,V-2023.12-SP4,244,199,45,16.11,8.4,7.71,22.344,0.7211,0.18442622950819673,0.478584729981378,0.26,0.28,0.0,0,V-2023.12-SP3,V-2023.12-SP4,0.2712,0.1004,0.0001304,0.37179999999999996,0.3716,0.2787,0.1426,0.0,0.0,0.1426,0.061099999999999995,0.031120000000000002,7.517e-05,0.0923,0.06748,0.06928,5.525e-05,0.1368,0.0,0.0,0.0,0.0,0.0,0.0,0.0,0.0,0.0,0.0,0.0,0.0,0.0,0.0,0.0,0.0,vectored,random,2,2026-07-25T04:53:50+00:00
intmul_6_6_12_3_5nm_TT_0V7_25C_800MHz,intmul,a_width=6;b_width=6;out_width=12;pipeline_stages=3,5nm,TT,0.7,25.0,1.25,800.0,6,6,12,3,V-2023.12-SP4,250,205,45,16.086,8.526,7.56,0.18,0.4699738903394256,0.5,0.53,0.0,0,V-2023.12-SP4,246,201,45,16.35,8.64,7.71,22.344,0.732,0.18292682926829268,0.4715596330275229,0.5,0.61,0.0,0,V-2023.12-SP3,V-2023.12-SP4,0.14320000000000002,0.053,0.0001374,0.1964,0.1962,0.24525000000000002,0.10289999999999999,0.019389999999999998,4.827e-06,0.12229999999999999,0.0184,0.008631,8.033000000000001e-05,0.027120000000000002,0.02189,0.024980000000000002,5.227e-05,0.04693,0.0,0.0,0.0,0.0,0.0,0.0,0.0,0.0,0.0,0.0,0.0,0.0,0.0,0.0,0.0,0.0,unvectored,none,2,2026-07-25T04:54:16+00:00
intmul_12_12_24_3_16nm_TT_0V85_25C_363p636MHz,intmul,a_width=12;b_width=12;out_width=24;pipeline_stages=3,16nm,TT,0.85,25.0,2.75,363.6363636363636,12,12,24,3,V-2023.12-SP4,717,630,87,345.00558,236.763655,108.241925,0.12133891213389121,0.31373963574734065,1.88,0.64,0.0,0,V-2023.12-SP4,711,624,87,351.66,238.57,113.09,484.6003,0.7257,0.12236286919831224,0.32158903486322016,1.59,0.97,0.0,0,V-2023.12-SP3,V-2023.12-SP4,0.2841,0.1219,0.0005928999999999999,0.4066,0.406,1.1165,0.1643,0.023710000000000002,8.812999999999998e-06,0.188,0.0329,0.01565,0.0002936,0.04884,0.08686,0.08256,0.0002904,0.16970000000000002,0.0,0.0,0.0,0.0,0.0,0.0,0.0,0.0,0.0,0.0,0.0,0.0,0.0,0.0,0.0,0.0,unvectored,none,2,2026-07-25T04:54:16+00:00
intmul_6_6_12_3_5nm_TT_0V7_25C_800MHz,intmul,a_width=6;b_width=6;out_width=12;pipeline_stages=3,5nm,TT,0.7,25.0,1.25,800.0,6,6,12,3,V-2023.12-SP4,250,205,45,16.086,8.526,7.56,0.18,0.4699738903394256,0.5,0.53,0.0,0,V-2023.12-SP4,246,201,45,16.35,8.64,7.71,22.344,0.732,0.18292682926829268,0.4715596330275229,0.5,0.61,0.0,0,V-2023.12-SP3,V-2023.12-SP4,0.1806,0.07987000000000001,0.0001348,0.2606,0.26047000000000003,0.32558750000000003,0.1032,0.019389999999999998,4.827e-06,0.1226,0.03697,0.01865,7.481000000000001e-05,0.055689999999999996,0.040389999999999995,0.04183,5.519e-05,0.08227,0.0,0.0,0.0,0.0,0.0,0.0,0.0,0.0,0.0,0.0,0.0,0.0,0.0,0.0,0.0,0.0,vectored,random,2,2026-07-25T04:54:23+00:00
intmul_12_12_24_3_16nm_TT_0V85_25C_363p636MHz,intmul,a_width=12;b_width=12;out_width=24;pipeline_stages=3,16nm,TT,0.85,25.0,2.75,363.6363636363636,12,12,24,3,V-2023.12-SP4,717,630,87,345.00558,236.763655,108.241925,0.12133891213389121,0.31373963574734065,1.88,0.64,0.0,0,V-2023.12-SP4,711,624,87,351.66,238.57,113.09,484.6003,0.7257,0.12236286919831224,0.32158903486322016,1.59,0.97,0.0,0,V-2023.12-SP3,V-2023.12-SP4,0.40640000000000004,0.2059,0.0005759,0.6129,0.6123000000000001,1.6838250000000001,0.16449999999999998,0.023710000000000002,8.812999999999998e-06,0.1882,0.08125,0.03462,0.0002632,0.11610000000000001,0.1606,0.1476,0.0003039,0.3085,0.0,0.0,0.0,0.0,0.0,0.0,0.0,0.0,0.0,0.0,0.0,0.0,0.0,0.0,0.0,0.0,vectored,random,2,2026-07-25T04:54:24+00:00
intmul_6_6_12_5_5nm_TT_0V7_25C_1333p33MHz,intmul,a_width=6;b_width=6;out_width=12;pipeline_stages=5,5nm,TT,0.7,25.0,0.75,1333.3333333333333,6,6,12,5,V-2023.12-SP4,308,230,78,23.3772,10.2732,13.104,0.2532467532467532,0.5605461731943946,0.37,0.16,0.0,0,V-2023.12-SP4,309,231,78,23.75,10.31,13.44,32.844,0.723,0.2524271844660194,0.5658947368421052,0.26,0.29,0.0,0,V-2023.12-SP3,V-2023.12-SP4,0.339,0.05803,0.0002049,0.3972,0.39703,0.2977725,0.24620000000000003,0.0,0.0,0.24620000000000003,0.051969999999999995,0.015420000000000001,0.0001381,0.06752999999999999,0.04083,0.04261,6.687e-05,0.08351,0.0,0.0,0.0,0.0,0.0,0.0,0.0,0.0,0.0,0.0,0.0,0.0,0.0,0.0,0.0,0.0,unvectored,none,2,2026-07-25T04:55:05+00:00
intmul_12_12_24_2_20nm_TT_0V9_25C_266p667MHz,intmul,a_width=12;b_width=12;out_width=24;pipeline_stages=2,20nm,TT,0.9,25.0,3.75,266.6666666666667,12,12,24,2,V-2023.12-SP4,559,509,50,472.771197,367.171198,105.599999,0.08944543828264759,0.22336385902967773,3.34,0.17,0.0,0,V-2023.12-SP4,575,525,50,479.74,373.93,105.81,662.3232,0.7243,0.08695652173913043,0.2205569683578605,2.27,1.23,0.0,0,V-2023.12-SP3,V-2023.12-SP4,0.1725,0.07617,0.0003987,0.2491,0.24867,0.9325125,0.07768,0.0,0.0,0.07768,0.01617,0.009349,7.507999999999999e-05,0.02559,0.07864,0.06683,0.0003236,0.14579999999999999,0.0,0.0,0.0,0.0,0.0,0.0,0.0,0.0,0.0,0.0,0.0,0.0,0.0,0.0,0.0,0.0,unvectored,none,2,2026-07-25T04:55:07+00:00
intmul_12_12_24_5_10nm_TT_0V8_25C_571p429MHz,intmul,a_width=12;b_width=12;out_width=24;pipeline_stages=5,10nm,TT,0.8,25.0,1.75,571.4285714285714,12,12,24,5,V-2023.12-SP4,784,621,163,214.671367,114.524162,100.147205,0.20790816326530612,0.4665140321205482,0.95,0.59,0.0,0,V-2023.12-SP4,785,622,163,215.81,115.66,100.15,301.3632,0.7161,0.20764331210191084,0.46406561327093276,0.91,0.71,0.0,0,V-2023.12-SP3,V-2023.12-SP4,0.5231,0.1751,0.0005137,0.6986,0.6982,1.22185,0.3719,0.06487,8.724e-06,0.43679999999999997,0.06219,0.02195,0.0002379,0.08438,0.08893000000000001,0.08823,0.0002671,0.1774,0.0,0.0,0.0,0.0,0.0,0.0,0.0,0.0,0.0,0.0,0.0,0.0,0.0,0.0,0.0,0.0,unvectored,none,2,2026-07-25T04:55:08+00:00
intmul_6_6_12_5_5nm_TT_0V7_25C_1333p33MHz,intmul,a_width=6;b_width=6;out_width=12;pipeline_stages=5,5nm,TT,0.7,25.0,0.75,1333.3333333333333,6,6,12,5,V-2023.12-SP4,308,230,78,23.3772,10.2732,13.104,0.2532467532467532,0.5605461731943946,0.37,0.16,0.0,0,V-2023.12-SP4,309,231,78,23.75,10.31,13.44,32.844,0.723,0.2524271844660194,0.5658947368421052,0.26,0.29,0.0,0,V-2023.12-SP3,V-2023.12-SP4,0.3963,0.08113000000000001,0.00019899999999999999,0.4776,0.47743,0.3580725,0.2468,0.0,0.0,0.2468,0.09133,0.03038,0.00012949999999999998,0.1218,0.058159999999999996,0.05074,6.954e-05,0.10900000000000001,0.0,0.0,0.0,0.0,0.0,0.0,0.0,0.0,0.0,0.0,0.0,0.0,0.0,0.0,0.0,0.0,vectored,random,2,2026-07-25T04:55:12+00:00
intmul_12_12_24_3_20nm_TT_0V9_25C_444p444MHz,intmul,a_width=12;b_width=12;out_width=24;pipeline_stages=3,20nm,TT,0.9,25.0,2.25,444.44444444444446,12,12,24,3,V-2023.12-SP4,840,753,87,620.611197,436.867198,183.743999,0.10357142857142858,0.2960694229949577,2.01,0.0,0.0,0,V-2023.12-SP4,829,742,87,624.41,440.46,183.96,879.12,0.7103,0.10494571773220748,0.29461411572524465,1.52,0.53,0.0,0,V-2023.12-SP3,V-2023.12-SP4,0.4423,0.16540000000000002,0.0006010000000000001,0.6084,0.6077,1.3673250000000001,0.2372,0.01651,6.966e-06,0.2537,0.044860000000000004,0.01447,0.0001313,0.05945,0.1603,0.13449999999999998,0.00046269999999999997,0.2952,0.0,0.0,0.0,0.0,0.0,0.0,0.0,0.0,0.0,0.0,0.0,0.0,0.0,0.0,0.0,0.0,unvectored,none,2,2026-07-25T04:55:14+00:00
intmul_12_12_24_2_20nm_TT_0V9_25C_266p667MHz,intmul,a_width=12;b_width=12;out_width=24;pipeline_stages=2,20nm,TT,0.9,25.0,3.75,266.6666666666667,12,12,24,2,V-2023.12-SP4,559,509,50,472.771197,367.171198,105.599999,0.08944543828264759,0.22336385902967773,3.34,0.17,0.0,0,V-2023.12-SP4,575,525,50,479.74,373.93,105.81,662.3232,0.7243,0.08695652173913043,0.2205569683578605,2.27,1.23,0.0,0,V-2023.12-SP3,V-2023.12-SP4,0.2417,0.1256,0.0004233,0.36769999999999997,0.36729999999999996,1.3773749999999998,0.07784999999999999,0.0,0.0,0.07784999999999999,0.03973,0.021060000000000002,8.789e-05,0.06087,0.1241,0.10450000000000001,0.0003354,0.229,0.0,0.0,0.0,0.0,0.0,0.0,0.0,0.0,0.0,0.0,0.0,0.0,0.0,0.0,0.0,0.0,vectored,random,2,2026-07-25T04:55:14+00:00
intmul_12_12_24_5_10nm_TT_0V8_25C_571p429MHz,intmul,a_width=12;b_width=12;out_width=24;pipeline_stages=5,10nm,TT,0.8,25.0,1.75,571.4285714285714,12,12,24,5,V-2023.12-SP4,784,621,163,214.671367,114.524162,100.147205,0.20790816326530612,0.4665140321205482,0.95,0.59,0.0,0,V-2023.12-SP4,785,622,163,215.81,115.66,100.15,301.3632,0.7161,0.20764331210191084,0.46406561327093276,0.91,0.71,0.0,0,V-2023.12-SP3,V-2023.12-SP4,0.7015,0.2802,0.0005396999999999999,0.9822,0.9817,1.717975,0.37179999999999996,0.06487,8.724e-06,0.4366,0.1436,0.04879,0.0002531,0.19269999999999998,0.1861,0.1665,0.00027790000000000003,0.3529,0.0,0.0,0.0,0.0,0.0,0.0,0.0,0.0,0.0,0.0,0.0,0.0,0.0,0.0,0.0,0.0,vectored,random,2,2026-07-25T04:55:15+00:00
intmul_12_12_24_3_20nm_TT_0V9_25C_444p444MHz,intmul,a_width=12;b_width=12;out_width=24;pipeline_stages=3,20nm,TT,0.9,25.0,2.25,444.44444444444446,12,12,24,3,V-2023.12-SP4,840,753,87,620.611197,436.867198,183.743999,0.10357142857142858,0.2960694229949577,2.01,0.0,0.0,0,V-2023.12-SP4,829,742,87,624.41,440.46,183.96,879.12,0.7103,0.10494571773220748,0.29461411572524465,1.52,0.53,0.0,0,V-2023.12-SP3,V-2023.12-SP4,0.6081,0.2665,0.0006286,0.8752,0.8746,1.96785,0.2377,0.01651,6.966e-06,0.2542,0.1064,0.03207,0.0001517,0.1386,0.264,0.21800000000000003,0.0004699,0.4824,0.0,0.0,0.0,0.0,0.0,0.0,0.0,0.0,0.0,0.0,0.0,0.0,0.0,0.0,0.0,0.0,vectored,random,2,2026-07-25T04:55:22+00:00
intmul_12_12_24_3_20nm_TT_0V9_25C_266p667MHz,intmul,a_width=12;b_width=12;out_width=24;pipeline_stages=3,20nm,TT,0.9,25.0,3.75,266.6666666666667,12,12,24,3,V-2023.12-SP4,716,629,87,585.340797,401.596798,183.743999,0.12150837988826815,0.31390943522428016,2.86,0.65,0.0,0,V-2023.12-SP4,713,626,87,587.88,403.92,183.96,832.5504,0.7061,0.12201963534361851,0.3129210042865891,2.27,1.23,0.0,0,V-2023.12-SP3,V-2023.12-SP4,0.2405,0.08312,0.0004864,0.3241,0.32362,1.213575,0.1348,0.0,0.0,0.1348,0.02683,0.01273,0.00013110000000000002,0.03969,0.07885,0.07039,0.0003553,0.1496,0.0,0.0,0.0,0.0,0.0,0.0,0.0,0.0,0.0,0.0,0.0,0.0,0.0,0.0,0.0,0.0,unvectored,none,2,2026-07-25T04:55:24+00:00
intmul_12_12_24_3_20nm_TT_0V9_25C_266p667MHz,intmul,a_width=12;b_width=12;out_width=24;pipeline_stages=3,20nm,TT,0.9,25.0,3.75,266.6666666666667,12,12,24,3,V-2023.12-SP4,716,629,87,585.340797,401.596798,183.743999,0.12150837988826815,0.31390943522428016,2.86,0.65,0.0,0,V-2023.12-SP4,713,626,87,587.88,403.92,183.96,832.5504,0.7061,0.12201963534361851,0.3129210042865891,2.27,1.23,0.0,0,V-2023.12-SP3,V-2023.12-SP4,0.3429,0.1521,0.0005235999999999999,0.49549999999999994,0.495,1.85625,0.135,0.0,0.0,0.135,0.06673000000000001,0.02838,0.000152,0.09526000000000001,0.1412,0.1237,0.00037170000000000004,0.2652,0.0,0.0,0.0,0.0,0.0,0.0,0.0,0.0,0.0,0.0,0.0,0.0,0.0,0.0,0.0,0.0,vectored,random,2,2026-07-25T04:55:31+00:00
intmul_12_12_24_5_16nm_TT_0V85_25C_800MHz,intmul,a_width=12;b_width=12;out_width=24;pipeline_stages=5,16nm,TT,0.85,25.0,1.25,800.0,12,12,24,5,V-2023.12-SP4,1115,954,161,496.60648,296.296711,200.309769,0.14439461883408072,0.4033571390369292,1.02,0.0,0.0,0,V-2023.12-SP4,1087,926,161,494.74,289.95,204.79,703.9457,0.7028,0.14811407543698252,0.41393459190686016,0.93,0.16,0.0,0,V-2023.12-SP3,V-2023.12-SP4,0.9563,0.25549999999999995,0.0011510000000000001,1.213,1.2118,1.51475,0.6336,0.0371,3.672e-06,0.6707,0.1227,0.034409999999999996,0.0007219,0.1578,0.1999,0.184,0.00042520000000000004,0.3844,0.0,0.0,0.0,0.0,0.0,0.0,0.0,0.0,0.0,0.0,0.0,0.0,0.0,0.0,0.0,0.0,unvectored,none,2,2026-07-25T04:55:35+00:00
intmul_12_12_24_5_16nm_TT_0V85_25C_800MHz,intmul,a_width=12;b_width=12;out_width=24;pipeline_stages=5,16nm,TT,0.85,25.0,1.25,800.0,12,12,24,5,V-2023.12-SP4,1115,954,161,496.60648,296.296711,200.309769,0.14439461883408072,0.4033571390369292,1.02,0.0,0.0,0,V-2023.12-SP4,1087,926,161,494.74,289.95,204.79,703.9457,0.7028,0.14811407543698252,0.41393459190686016,0.93,0.16,0.0,0,V-2023.12-SP3,V-2023.12-SP4,1.1969999999999998,0.3719,0.001038,1.57,1.5688999999999997,1.9611249999999996,0.6345,0.0371,3.672e-06,0.6716,0.258,0.07677999999999999,0.0005997,0.33540000000000003,0.3043,0.258,0.0004347,0.5627,0.0,0.0,0.0,0.0,0.0,0.0,0.0,0.0,0.0,0.0,0.0,0.0,0.0,0.0,0.0,0.0,vectored,random,2,2026-07-25T04:55:41+00:00
intmul_12_12_24_5_16nm_TT_0V85_25C_500MHz,intmul,a_width=12;b_width=12;out_width=24;pipeline_stages=5,16nm,TT,0.85,25.0,2.0,500.0,12,12,24,5,V-2023.12-SP4,784,621,163,434.70952,231.911431,202.798089,0.20790816326530612,0.46651402757409133,1.6,0.16,0.0,0,V-2023.12-SP4,793,630,163,476.14,268.99,207.15,615.2371,0.7739,0.2055485498108449,0.4350611164783467,1.21,0.61,0.0,0,V-2023.12-SP3,V-2023.12-SP4,0.8037,0.1795,0.7075,1.691,0.9832,1.9664,0.6232,0.06394,0.7065,1.3940000000000001,0.07726,0.022949999999999998,0.0007369,0.1009,0.1033,0.09261,0.0002916,0.19619999999999999,0.0,0.0,0.0,0.0,0.0,0.0,0.0,0.0,0.0,0.0,0.0,0.0,0.0,0.0,0.0,0.0,unvectored,none,2,2026-07-25T04:56:01+00:00
intmul_12_12_24_5_16nm_TT_0V85_25C_500MHz,intmul,a_width=12;b_width=12;out_width=24;pipeline_stages=5,16nm,TT,0.85,25.0,2.0,500.0,12,12,24,5,V-2023.12-SP4,784,621,163,434.70952,231.911431,202.798089,0.20790816326530612,0.46651402757409133,1.6,0.16,0.0,0,V-2023.12-SP4,793,630,163,476.14,268.99,207.15,615.2371,0.7739,0.2055485498108449,0.4350611164783467,1.21,0.61,0.0,0,V-2023.12-SP3,V-2023.12-SP4,1.006,0.2854,0.7073999999999999,1.9989999999999999,1.2913999999999999,2.5827999999999998,0.6237,0.06394,0.7065,1.3940000000000001,0.17200000000000001,0.05113,0.0006076,0.22369999999999998,0.2106,0.17029999999999998,0.0003071,0.3812,0.0,0.0,0.0,0.0,0.0,0.0,0.0,0.0,0.0,0.0,0.0,0.0,0.0,0.0,0.0,0.0,vectored,random,2,2026-07-25T04:56:07+00:00
intmul_6_6_12_5_5nm_TT_0V7_25C_800MHz,intmul,a_width=6;b_width=6;out_width=12;pipeline_stages=5,5nm,TT,0.7,25.0,1.25,800.0,6,6,12,5,V-2023.12-SP4,308,230,78,23.3772,10.2732,13.104,0.2532467532467532,0.5605461731943946,0.08,0.53,0.0,0,V-2023.12-SP4,312,234,78,24.23,10.79,13.44,32.844,0.7376,0.25,0.5546842756912918,0.5,0.61,0.0,0,V-2023.12-SP3,V-2023.12-SP4,0.2353,0.06889999999999999,0.00021449999999999998,0.3044,0.3042,0.38025000000000003,0.1794,0.0339,9.655e-06,0.21330000000000002,0.03124,0.009231,0.00013790000000000002,0.04061,0.024620000000000003,0.025769999999999998,6.689e-05,0.050460000000000005,0.0,0.0,0.0,0.0,0.0,0.0,0.0,0.0,0.0,0.0,0.0,0.0,0.0,0.0,0.0,0.0,unvectored,none,2,2026-07-25T04:56:12+00:00
intmul_6_6_12_5_5nm_TT_0V7_25C_800MHz,intmul,a_width=6;b_width=6;out_width=12;pipeline_stages=5,5nm,TT,0.7,25.0,1.25,800.0,6,6,12,5,V-2023.12-SP4,308,230,78,23.3772,10.2732,13.104,0.2532467532467532,0.5605461731943946,0.08,0.53,0.0,0,V-2023.12-SP4,312,234,78,24.23,10.79,13.44,32.844,0.7376,0.25,0.5546842756912918,0.5,0.61,0.0,0,V-2023.12-SP3,V-2023.12-SP4,0.26899999999999996,0.08229,0.0002082,0.3515,0.35129,0.4391125,0.1799,0.0339,9.655e-06,0.2138,0.05493,0.018170000000000002,0.000129,0.07323,0.03424,0.03022,6.953000000000001e-05,0.06452999999999999,0.0,0.0,0.0,0.0,0.0,0.0,0.0,0.0,0.0,0.0,0.0,0.0,0.0,0.0,0.0,0.0,vectored,random,2,2026-07-25T04:56:18+00:00
intmul_16_16_32_2_10nm_TT_0V8_25C_444p444MHz,intmul,a_width=16;b_width=16;out_width=32;pipeline_stages=2,10nm,TT,0.8,25.0,2.25,444.44444444444446,16,16,32,2,V-2023.12-SP4,849,783,66,217.098246,176.547844,40.550402,0.07773851590106007,0.18678364633125594,1.78,0.26,0.0,0,V-2023.12-SP4,892,826,66,223.24,182.69,40.55,304.128,0.734,0.07399103139013453,0.18164307471779248,1.26,0.85,0.0,0,V-2023.12-SP3,V-2023.12-SP4,0.2821,0.19,0.0005133000000000001,0.4726,0.4721,1.062225,0.11739999999999999,0.02105,2.6449999999999997e-06,0.1385,0.02215,0.01354,9.635e-05,0.03579,0.1425,0.1554,0.0004143,0.2983,0.0,0.0,0.0,0.0,0.0,0.0,0.0,0.0,0.0,0.0,0.0,0.0,0.0,0.0,0.0,0.0,unvectored,none,2,2026-07-25T04:56:19+00:00
intmul_16_16_32_2_10nm_TT_0V8_25C_444p444MHz,intmul,a_width=16;b_width=16;out_width=32;pipeline_stages=2,10nm,TT,0.8,25.0,2.25,444.44444444444446,16,16,32,2,V-2023.12-SP4,849,783,66,217.098246,176.547844,40.550402,0.07773851590106007,0.18678364633125594,1.78,0.26,0.0,0,V-2023.12-SP4,892,826,66,223.24,182.69,40.55,304.128,0.734,0.07399103139013453,0.18164307471779248,1.26,0.85,0.0,0,V-2023.12-SP3,V-2023.12-SP4,0.4158,0.3139,0.000531,0.7302,0.7297,1.641825,0.11739999999999999,0.02105,2.6470000000000002e-06,0.1384,0.05896,0.03082,0.0001035,0.08988,0.2394,0.262,0.00042479999999999997,0.5019,0.0,0.0,0.0,0.0,0.0,0.0,0.0,0.0,0.0,0.0,0.0,0.0,0.0,0.0,0.0,0.0,vectored,random,2,2026-07-25T04:56:25+00:00
intmul_8_8_16_2_5nm_TT_0V7_25C_1333p33MHz,intmul,a_width=8;b_width=8;out_width=16;pipeline_stages=2,5nm,TT,0.7,25.0,0.75,1333.3333333333333,8,8,16,2,V-2023.12-SP4,350,316,34,22.0164,16.3044,5.712,0.09714285714285714,0.2594429607020221,0.49,0.04,0.0,0,V-2023.12-SP4,354,320,34,21.5,15.72,5.78,31.0464,0.6926,0.096045197740113,0.2688372093023256,0.3,0.23,0.0,0,V-2023.12-SP3,V-2023.12-SP4,0.20670000000000002,0.09009,0.00017140000000000002,0.297,0.29679,0.2225925,0.1078,0.0,0.0,0.1078,0.024159999999999997,0.01378,6.152e-05,0.038,0.07478,0.07631,0.0001099,0.1512,0.0,0.0,0.0,0.0,0.0,0.0,0.0,0.0,0.0,0.0,0.0,0.0,0.0,0.0,0.0,0.0,unvectored,none,2,2026-07-25T04:56:45+00:00
intmul_8_8_16_2_5nm_TT_0V7_25C_1333p33MHz,intmul,a_width=8;b_width=8;out_width=16;pipeline_stages=2,5nm,TT,0.7,25.0,0.75,1333.3333333333333,8,8,16,2,V-2023.12-SP4,350,316,34,22.0164,16.3044,5.712,0.09714285714285714,0.2594429607020221,0.49,0.04,0.0,0,V-2023.12-SP4,354,320,34,21.5,15.72,5.78,31.0464,0.6926,0.096045197740113,0.2688372093023256,0.3,0.23,0.0,0,V-2023.12-SP3,V-2023.12-SP4,0.2455,0.1219,0.00016759999999999998,0.3676,0.3674,0.27555,0.10830000000000001,0.0,0.0,0.10830000000000001,0.0465,0.03027,5.709e-05,0.07683,0.09072999999999999,0.09163,0.0001105,0.1825,0.0,0.0,0.0,0.0,0.0,0.0,0.0,0.0,0.0,0.0,0.0,0.0,0.0,0.0,0.0,0.0,vectored,random,2,2026-07-25T04:56:52+00:00
intmul_16_16_32_2_16nm_TT_0V85_25C_444p444MHz,intmul,a_width=16;b_width=16;out_width=32;pipeline_stages=2,16nm,TT,0.85,25.0,2.25,444.44444444444446,16,16,32,2,V-2023.12-SP4,1012,946,66,462.889743,380.650763,82.23898,0.06521739130434782,0.17766429531794573,2.02,0.0,0.0,0,V-2023.12-SP4,1015,949,66,464.82,380.09,84.73,651.4422,0.7135,0.06502463054187192,0.1822856159373521,1.56,0.46,0.0,0,V-2023.12-SP3,V-2023.12-SP4,0.389,0.2163,0.0008085999999999999,0.6061000000000001,0.6053,1.3619249999999998,0.1478,0.007907,2.203e-06,0.15569999999999998,0.03166,0.01184,0.0002664,0.04376,0.2096,0.1966,0.00054,0.4067,0.0,0.0,0.0,0.0,0.0,0.0,0.0,0.0,0.0,0.0,0.0,0.0,0.0,0.0,0.0,0.0,unvectored,none,2,2026-07-25T04:56:58+00:00
intmul_16_16_32_2_16nm_TT_0V85_25C_444p444MHz,intmul,a_width=16;b_width=16;out_width=32;pipeline_stages=2,16nm,TT,0.85,25.0,2.25,444.44444444444446,16,16,32,2,V-2023.12-SP4,1012,946,66,462.889743,380.650763,82.23898,0.06521739130434782,0.17766429531794573,2.02,0.0,0.0,0,V-2023.12-SP4,1015,949,66,464.82,380.09,84.73,651.4422,0.7135,0.06502463054187192,0.1822856159373521,1.56,0.46,0.0,0,V-2023.12-SP3,V-2023.12-SP4,0.5963,0.38,0.0007743,0.9771000000000001,0.9763000000000001,2.196675,0.14809999999999998,0.007907,2.203e-06,0.156,0.08222,0.02756,0.0002276,0.11,0.366,0.34450000000000003,0.0005444,0.7111,0.0,0.0,0.0,0.0,0.0,0.0,0.0,0.0,0.0,0.0,0.0,0.0,0.0,0.0,0.0,0.0,vectored,random,2,2026-07-25T04:57:05+00:00
intmul_8_8_16_2_5nm_TT_0V7_25C_800MHz,intmul,a_width=8;b_width=8;out_width=16;pipeline_stages=2,5nm,TT,0.7,25.0,1.25,800.0,8,8,16,2,V-2023.12-SP4,314,280,34,20.3784,14.6664,5.712,0.10828025477707007,0.2802967848309975,0.7,0.33,0.0,0,V-2023.12-SP4,314,280,34,20.9,15.12,5.78,28.7616,0.7266,0.10828025477707007,0.276555023923445,0.54,0.58,0.0,0,V-2023.12-SP3,V-2023.12-SP4,0.1463,0.07457,0.0001643,0.221,0.22087,0.27608750000000004,0.09131,0.02127,1.019e-05,0.1126,0.01446,0.008546,6.159999999999999e-05,0.02307,0.04049,0.04475,9.248000000000001e-05,0.08533,0.0,0.0,0.0,0.0,0.0,0.0,0.0,0.0,0.0,0.0,0.0,0.0,0.0,0.0,0.0,0.0,unvectored,none,2,2026-07-25T04:57:30+00:00
intmul_8_8_16_2_5nm_TT_0V7_25C_800MHz,intmul,a_width=8;b_width=8;out_width=16;pipeline_stages=2,5nm,TT,0.7,25.0,1.25,800.0,8,8,16,2,V-2023.12-SP4,314,280,34,20.3784,14.6664,5.712,0.10828025477707007,0.2802967848309975,0.7,0.33,0.0,0,V-2023.12-SP4,314,280,34,20.9,15.12,5.78,28.7616,0.7266,0.10828025477707007,0.276555023923445,0.54,0.58,0.0,0,V-2023.12-SP3,V-2023.12-SP4,0.1692,0.09317,0.0001624,0.2625,0.26237,0.3279625,0.09161,0.02127,1.019e-05,0.1129,0.029589999999999998,0.0188,5.667e-05,0.04844,0.048010000000000004,0.0531,9.552e-05,0.1012,0.0,0.0,0.0,0.0,0.0,0.0,0.0,0.0,0.0,0.0,0.0,0.0,0.0,0.0,0.0,0.0,vectored,random,2,2026-07-25T04:57:37+00:00
intmul_12_12_24_5_20nm_TT_0V9_25C_363p636MHz,intmul,a_width=12;b_width=12;out_width=24;pipeline_stages=5,20nm,TT,0.9,25.0,2.75,363.6363636363636,12,12,24,5,V-2023.12-SP4,786,623,163,736.771196,392.515198,344.255998,0.20737913486005088,0.4672495340059412,2.34,0.16,0.0,0,V-2023.12-SP4,782,619,163,738.25,393.78,344.47,1034.88,0.7134,0.20843989769820973,0.4666034541144599,1.78,0.72,0.0,0,V-2023.12-SP3,V-2023.12-SP4,0.5018,0.09426,0.0005983999999999999,0.5967,0.59606,1.6391650000000002,0.3448,0.0,0.0,0.3448,0.06499999999999999,0.01872,0.00024480000000000004,0.08397,0.09205,0.07554,0.0003536,0.1679,0.0,0.0,0.0,0.0,0.0,0.0,0.0,0.0,0.0,0.0,0.0,0.0,0.0,0.0,0.0,0.0,unvectored,none,2,2026-07-25T04:57:44+00:00
intmul_12_12_24_5_20nm_TT_0V9_25C_363p636MHz,intmul,a_width=12;b_width=12;out_width=24;pipeline_stages=5,20nm,TT,0.9,25.0,2.75,363.6363636363636,12,12,24,5,V-2023.12-SP4,786,623,163,736.771196,392.515198,344.255998,0.20737913486005088,0.4672495340059412,2.34,0.16,0.0,0,V-2023.12-SP4,782,619,163,738.25,393.78,344.47,1034.88,0.7134,0.20843989769820973,0.4666034541144599,1.78,0.72,0.0,0,V-2023.12-SP3,V-2023.12-SP4,0.6839,0.1815,0.0006546999999999999,0.8661,0.8654,2.37985,0.34509999999999996,0.0,0.0,0.34509999999999996,0.1483,0.04143,0.0002821,0.19,0.1905,0.1401,0.0003726,0.3309,0.0,0.0,0.0,0.0,0.0,0.0,0.0,0.0,0.0,0.0,0.0,0.0,0.0,0.0,0.0,0.0,vectored,random,2,2026-07-25T04:57:51+00:00
intmul_16_16_32_2_16nm_TT_0V85_25C_285p714MHz,intmul,a_width=16;b_width=16;out_width=32;pipeline_stages=2,16nm,TT,0.85,25.0,3.5,285.7142857142857,16,16,32,2,V-2023.12-SP4,861,795,66,442.796559,360.681996,82.114564,0.07665505226480836,0.18544535256878544,2.98,0.29,0.0,0,V-2023.12-SP4,919,853,66,465.75,380.4,85.35,620.587,0.7505,0.07181719260065289,0.18325281803542673,2.13,1.2,0.0,0,V-2023.12-SP3,V-2023.12-SP4,0.2622,0.1472,0.1292,0.5385,0.4094,1.4329,0.1206,0.02065,0.1285,0.2697,0.02062,0.01048,0.00023999999999999998,0.03134,0.121,0.116,0.0004573,0.2375,0.0,0.0,0.0,0.0,0.0,0.0,0.0,0.0,0.0,0.0,0.0,0.0,0.0,0.0,0.0,0.0,unvectored,none,2,2026-07-25T04:58:22+00:00
intmul_16_16_32_2_16nm_TT_0V85_25C_285p714MHz,intmul,a_width=16;b_width=16;out_width=32;pipeline_stages=2,16nm,TT,0.85,25.0,3.5,285.7142857142857,16,16,32,2,V-2023.12-SP4,861,795,66,442.796559,360.681996,82.114564,0.07665505226480836,0.18544535256878544,2.98,0.29,0.0,0,V-2023.12-SP4,919,853,66,465.75,380.4,85.35,620.587,0.7505,0.07181719260065289,0.18325281803542673,2.13,1.2,0.0,0,V-2023.12-SP3,V-2023.12-SP4,0.3734,0.2392,0.1291,0.7418,0.6126,2.1441,0.1207,0.02065,0.1285,0.2698,0.05175,0.02508,0.00021150000000000002,0.07704,0.201,0.19349999999999998,0.0004718,0.39490000000000003,0.0,0.0,0.0,0.0,0.0,0.0,0.0,0.0,0.0,0.0,0.0,0.0,0.0,0.0,0.0,0.0,vectored,random,2,2026-07-25T04:58:28+00:00
intmul_8_8_16_3_5nm_TT_0V7_25C_1333p33MHz,intmul,a_width=8;b_width=8;out_width=16;pipeline_stages=3,5nm,TT,0.7,25.0,0.75,1333.3333333333333,8,8,16,3,V-2023.12-SP4,385,326,59,25.5192,15.6072,9.912,0.15324675324675324,0.38841342988808425,0.5,0.03,0.0,0,V-2023.12-SP4,379,320,59,25.52,15.47,10.05,35.28,0.7233,0.15567282321899736,0.3938087774294671,0.3,0.24,0.0,0,V-2023.12-SP3,V-2023.12-SP4,0.29550000000000004,0.09273,0.0002064,0.3884,0.3882300000000001,0.29117250000000006,0.18660000000000002,0.0,0.0,0.18660000000000002,0.04041,0.01764,0.0001065,0.058159999999999996,0.06849000000000001,0.07508000000000001,9.99e-05,0.1437,0.0,0.0,0.0,0.0,0.0,0.0,0.0,0.0,0.0,0.0,0.0,0.0,0.0,0.0,0.0,0.0,unvectored,none,2,2026-07-25T04:58:40+00:00
intmul_8_8_16_3_5nm_TT_0V7_25C_1333p33MHz,intmul,a_width=8;b_width=8;out_width=16;pipeline_stages=3,5nm,TT,0.7,25.0,0.75,1333.3333333333333,8,8,16,3,V-2023.12-SP4,385,326,59,25.5192,15.6072,9.912,0.15324675324675324,0.38841342988808425,0.5,0.03,0.0,0,V-2023.12-SP4,379,320,59,25.52,15.47,10.05,35.28,0.7233,0.15567282321899736,0.3938087774294671,0.3,0.24,0.0,0,V-2023.12-SP3,V-2023.12-SP4,0.36269999999999997,0.1367,0.00020270000000000002,0.4996,0.49939999999999996,0.37454999999999994,0.1873,0.0,0.0,0.1873,0.08088,0.038439999999999995,9.902e-05,0.1194,0.09451,0.09824,0.0001037,0.1928,0.0,0.0,0.0,0.0,0.0,0.0,0.0,0.0,0.0,0.0,0.0,0.0,0.0,0.0,0.0,0.0,vectored,random,2,2026-07-25T04:58:47+00:00
intmul_16_16_32_3_16nm_TT_0V85_25C_571p429MHz,intmul,a_width=16;b_width=16;out_width=32;pipeline_stages=3,16nm,TT,0.85,25.0,1.75,571.4285714285714,16,16,32,3,V-2023.12-SP4,1332,1217,115,591.349266,448.146444,143.202822,0.08633633633633633,0.24216284729437715,1.51,0.0,0.0,0,V-2023.12-SP4,1314,1199,115,594.09,445.91,148.18,836.6976,0.71,0.08751902587519025,0.24942348802370012,1.18,0.36,0.0,0,V-2023.12-SP3,V-2023.12-SP4,0.7052,0.3323,0.001091,1.039,1.0375,1.8156250000000003,0.32830000000000004,0.02418,5.375e-06,0.3524,0.06859000000000001,0.02734,0.0004413,0.09636,0.3084,0.2807,0.000644,0.5897,0.0,0.0,0.0,0.0,0.0,0.0,0.0,0.0,0.0,0.0,0.0,0.0,0.0,0.0,0.0,0.0,unvectored,none,2,2026-07-25T04:58:53+00:00
intmul_16_16_32_3_16nm_TT_0V85_25C_571p429MHz,intmul,a_width=16;b_width=16;out_width=32;pipeline_stages=3,16nm,TT,0.85,25.0,1.75,571.4285714285714,16,16,32,3,V-2023.12-SP4,1332,1217,115,591.349266,448.146444,143.202822,0.08633633633633633,0.24216284729437715,1.51,0.0,0.0,0,V-2023.12-SP4,1314,1199,115,594.09,445.91,148.18,836.6976,0.71,0.08751902587519025,0.24942348802370012,1.18,0.36,0.0,0,V-2023.12-SP3,V-2023.12-SP4,1.064,0.5759,0.001043,1.641,1.6399,2.8698249999999996,0.32880000000000004,0.02418,5.375e-06,0.3529,0.17479999999999998,0.06174,0.00038280000000000003,0.2369,0.5605,0.49,0.0006552,1.0510000000000002,0.0,0.0,0.0,0.0,0.0,0.0,0.0,0.0,0.0,0.0,0.0,0.0,0.0,0.0,0.0,0.0,vectored,random,2,2026-07-25T04:59:01+00:00
intmul_16_16_32_5_10nm_TT_0V8_25C_1000MHz,intmul,a_width=16;b_width=16;out_width=32;pipeline_stages=5,10nm,TT,0.8,25.0,1.0,1000.0,16,16,32,5,V-2023.12-SP4,1609,1396,213,376.197129,245.329923,130.867206,0.13238036047234308,0.3478686994445404,0.78,0.0,0.0,0,V-2023.12-SP4,1644,1431,213,381.97,251.11,130.87,532.6848,0.7171,0.12956204379562045,0.3426185302510668,0.64,0.2,0.0,0,V-2023.12-SP3,V-2023.12-SP4,1.349,0.5846,0.001013,1.935,1.9336,1.9336,0.8479,0.1766,3.287e-05,1.0250000000000001,0.14479999999999998,0.04542,0.0003112,0.1905,0.3563,0.36269999999999997,0.000669,0.7196,0.0,0.0,0.0,0.0,0.0,0.0,0.0,0.0,0.0,0.0,0.0,0.0,0.0,0.0,0.0,0.0,unvectored,none,2,2026-07-25T04:59:11+00:00
intmul_8_8_16_3_5nm_TT_0V7_25C_800MHz,intmul,a_width=8;b_width=8;out_width=16;pipeline_stages=3,5nm,TT,0.7,25.0,1.25,800.0,8,8,16,3,V-2023.12-SP4,385,326,59,25.5192,15.6072,9.912,0.15324675324675324,0.38841342988808425,0.12,0.49,0.0,0,V-2023.12-SP4,384,325,59,26.43,16.36,10.06,35.28,0.749,0.15364583333333334,0.38062807415815364,0.54,0.57,0.0,0,V-2023.12-SP3,V-2023.12-SP4,0.2199,0.09145,0.0002242,0.3116,0.31135,0.3891875,0.1545,0.0357,1.8049999999999998e-05,0.19019999999999998,0.02432,0.01055,0.00010619999999999999,0.03498,0.04113,0.04519,9.99e-05,0.08642,0.0,0.0,0.0,0.0,0.0,0.0,0.0,0.0,0.0,0.0,0.0,0.0,0.0,0.0,0.0,0.0,unvectored,none,2,2026-07-25T04:59:15+00:00
intmul_16_16_32_5_10nm_TT_0V8_25C_1000MHz,intmul,a_width=16;b_width=16;out_width=32;pipeline_stages=5,10nm,TT,0.8,25.0,1.0,1000.0,16,16,32,5,V-2023.12-SP4,1609,1396,213,376.197129,245.329923,130.867206,0.13238036047234308,0.3478686994445404,0.78,0.0,0.0,0,V-2023.12-SP4,1644,1431,213,381.97,251.11,130.87,532.6848,0.7171,0.12956204379562045,0.3426185302510668,0.64,0.2,0.0,0,V-2023.12-SP3,V-2023.12-SP4,1.851,0.9261,0.001045,2.778,2.7771,2.7771,0.8474999999999999,0.1766,3.29e-05,1.024,0.34909999999999997,0.10500000000000001,0.0003321,0.45439999999999997,0.6545,0.6446,0.0006798,1.3,0.0,0.0,0.0,0.0,0.0,0.0,0.0,0.0,0.0,0.0,0.0,0.0,0.0,0.0,0.0,0.0,vectored,random,2,2026-07-25T04:59:18+00:00
intmul_8_8_16_3_5nm_TT_0V7_25C_800MHz,intmul,a_width=8;b_width=8;out_width=16;pipeline_stages=3,5nm,TT,0.7,25.0,1.25,800.0,8,8,16,3,V-2023.12-SP4,385,326,59,25.5192,15.6072,9.912,0.15324675324675324,0.38841342988808425,0.12,0.49,0.0,0,V-2023.12-SP4,384,325,59,26.43,16.36,10.06,35.28,0.749,0.15364583333333334,0.38062807415815364,0.54,0.57,0.0,0,V-2023.12-SP3,V-2023.12-SP4,0.261,0.1188,0.00022,0.3799,0.3798,0.47475,0.155,0.0357,1.806e-05,0.1907,0.04895,0.02298,9.832e-05,0.07203,0.05704,0.060090000000000005,0.0001036,0.1172,0.0,0.0,0.0,0.0,0.0,0.0,0.0,0.0,0.0,0.0,0.0,0.0,0.0,0.0,0.0,0.0,vectored,random,2,2026-07-25T04:59:23+00:00
intmul_16_16_32_2_20nm_TT_0V9_25C_200MHz,intmul,a_width=16;b_width=16;out_width=32;pipeline_stages=2,20nm,TT,0.9,25.0,5.0,200.0,16,16,32,2,V-2023.12-SP4,886,820,66,757.891196,618.499197,139.391999,0.0744920993227991,0.18392085794858606,4.35,0.41,0.0,0,V-2023.12-SP4,917,851,66,773.73,634.13,139.6,1078.0704,0.7177,0.07197382769901854,0.18042469595336874,3.13,1.62,0.0,0,V-2023.12-SP3,V-2023.12-SP4,0.1971,0.1013,0.0006557000000000001,0.299,0.2984,1.492,0.07667,0.0,0.0,0.07667,0.016290000000000002,0.0065309999999999995,9.942e-05,0.02292,0.1041,0.09473,0.0005563,0.1994,0.0,0.0,0.0,0.0,0.0,0.0,0.0,0.0,0.0,0.0,0.0,0.0,0.0,0.0,0.0,0.0,unvectored,none,2,2026-07-25T04:59:39+00:00
intmul_16_16_32_2_20nm_TT_0V9_25C_200MHz,intmul,a_width=16;b_width=16;out_width=32;pipeline_stages=2,20nm,TT,0.9,25.0,5.0,200.0,16,16,32,2,V-2023.12-SP4,886,820,66,757.891196,618.499197,139.391999,0.0744920993227991,0.18392085794858606,4.35,0.41,0.0,0,V-2023.12-SP4,917,851,66,773.73,634.13,139.6,1078.0704,0.7177,0.07197382769901854,0.18042469595336874,3.13,1.62,0.0,0,V-2023.12-SP3,V-2023.12-SP4,0.2858,0.17149999999999999,0.000691,0.458,0.4573,2.2864999999999998,0.07677999999999999,0.0,0.0,0.07677999999999999,0.04138,0.01523,0.0001171,0.05673,0.16770000000000002,0.1563,0.0005738000000000001,0.32449999999999996,0.0,0.0,0.0,0.0,0.0,0.0,0.0,0.0,0.0,0.0,0.0,0.0,0.0,0.0,0.0,0.0,vectored,random,2,2026-07-25T04:59:46+00:00
intmul_16_16_32_3_16nm_TT_0V85_25C_363p636MHz,intmul,a_width=16;b_width=16;out_width=32;pipeline_stages=3,16nm,TT,0.85,25.0,2.75,363.6363636363636,16,16,32,3,V-2023.12-SP4,1067,952,115,531.380754,388.302348,143.078406,0.1077788191190253,0.26925778723254246,2.41,0.11,0.0,0,V-2023.12-SP4,1079,964,115,544.82,395.64,149.17,745.5629,0.7307,0.10658016682113068,0.2737968503358907,1.76,0.81,0.0,0,V-2023.12-SP3,V-2023.12-SP4,0.4139,0.2017,0.0008956000000000001,0.6164000000000001,0.6155999999999999,1.6928999999999998,0.2181,0.0318,1.175e-05,0.2499,0.04381,0.02358,0.0004015,0.06779,0.152,0.1463,0.0004824,0.2988,0.0,0.0,0.0,0.0,0.0,0.0,0.0,0.0,0.0,0.0,0.0,0.0,0.0,0.0,0.0,0.0,unvectored,none,2,2026-07-25T04:59:46+00:00
intmul_16_16_32_3_16nm_TT_0V85_25C_363p636MHz,intmul,a_width=16;b_width=16;out_width=32;pipeline_stages=3,16nm,TT,0.85,25.0,2.75,363.6363636363636,16,16,32,3,V-2023.12-SP4,1067,952,115,531.380754,388.302348,143.078406,0.1077788191190253,0.26925778723254246,2.41,0.11,0.0,0,V-2023.12-SP4,1079,964,115,544.82,395.64,149.17,745.5629,0.7307,0.10658016682113068,0.2737968503358907,1.76,0.81,0.0,0,V-2023.12-SP3,V-2023.12-SP4,0.6248,0.3611,0.0008725,0.9867999999999999,0.9859,2.7112249999999998,0.2183,0.0318,1.175e-05,0.2501,0.1139,0.054830000000000004,0.00035800000000000003,0.1691,0.2926,0.2744,0.0005028,0.5675,0.0,0.0,0.0,0.0,0.0,0.0,0.0,0.0,0.0,0.0,0.0,0.0,0.0,0.0,0.0,0.0,vectored,random,2,2026-07-25T04:59:53+00:00
intmul_8_8_16_5_5nm_TT_0V7_25C_1333p33MHz,intmul,a_width=8;b_width=8;out_width=16;pipeline_stages=5,5nm,TT,0.7,25.0,0.75,1333.3333333333333,8,8,16,5,V-2023.12-SP4,468,357,111,36.1536,17.5056,18.648,0.23717948717948717,0.5157992565055762,0.45,0.08,0.0,0,V-2023.12-SP4,474,363,111,37.0,17.98,19.02,50.4504,0.7334,0.23417721518987342,0.514054054054054,0.29,0.26,0.0,0,V-2023.12-SP3,V-2023.12-SP4,0.5124,0.1949,0.0003157,0.7076,0.7072999999999999,0.5304749999999999,0.3678,0.09805,7.307e-06,0.4659,0.07418,0.02487,0.00019810000000000002,0.09925,0.07046999999999999,0.07193,0.0001103,0.1425,0.0,0.0,0.0,0.0,0.0,0.0,0.0,0.0,0.0,0.0,0.0,0.0,0.0,0.0,0.0,0.0,unvectored,none,2,2026-07-25T05:00:02+00:00
intmul_8_8_16_5_5nm_TT_0V7_25C_1333p33MHz,intmul,a_width=8;b_width=8;out_width=16;pipeline_stages=5,5nm,TT,0.7,25.0,0.75,1333.3333333333333,8,8,16,5,V-2023.12-SP4,468,357,111,36.1536,17.5056,18.648,0.23717948717948717,0.5157992565055762,0.45,0.08,0.0,0,V-2023.12-SP4,474,363,111,37.0,17.98,19.02,50.4504,0.7334,0.23417721518987342,0.514054054054054,0.29,0.26,0.0,0,V-2023.12-SP3,V-2023.12-SP4,0.63,0.2524,0.00030629999999999996,0.8827,0.8824000000000001,0.6618,0.36910000000000004,0.09805,7.307e-06,0.4671,0.1429,0.05142,0.0001844,0.1945,0.1181,0.10289999999999999,0.0001146,0.22110000000000002,0.0,0.0,0.0,0.0,0.0,0.0,0.0,0.0,0.0,0.0,0.0,0.0,0.0,0.0,0.0,0.0,vectored,random,2,2026-07-25T05:00:09+00:00
intmul_24_24_48_2_10nm_TT_0V8_25C_800MHz,intmul,a_width=24;b_width=24;out_width=48;pipeline_stages=2,10nm,TT,0.8,25.0,1.25,800.0,24,24,48,2,V-2023.12-SP4,2177,2079,98,445.501448,385.290245,60.211203,0.04501607717041801,0.1351537762005209,1.03,0.0,0.0,0,V-2023.12-SP4,2124,2026,98,443.54,383.32,60.21,628.992,0.7052,0.046139359698681735,0.13574874870361184,0.99,0.05,0.0,0,V-2023.12-SP3,V-2023.12-SP4,0.9856000000000001,0.7152000000000001,0.0011510000000000001,1.702,1.7008,2.1260000000000003,0.3972,0.026860000000000002,5.169e-05,0.42410000000000003,0.06054,0.01794,0.0001433,0.07862999999999999,0.5278,0.6704,0.0009555,1.199,0.0,0.0,0.0,0.0,0.0,0.0,0.0,0.0,0.0,0.0,0.0,0.0,0.0,0.0,0.0,0.0,unvectored,none,2,2026-07-25T05:00:17+00:00
intmul_24_24_48_2_10nm_TT_0V8_25C_800MHz,intmul,a_width=24;b_width=24;out_width=48;pipeline_stages=2,10nm,TT,0.8,25.0,1.25,800.0,24,24,48,2,V-2023.12-SP4,2177,2079,98,445.501448,385.290245,60.211203,0.04501607717041801,0.1351537762005209,1.03,0.0,0.0,0,V-2023.12-SP4,2124,2026,98,443.54,383.32,60.21,628.992,0.7052,0.046139359698681735,0.13574874870361184,0.99,0.05,0.0,0,V-2023.12-SP3,V-2023.12-SP4,1.678,1.41,0.001169,3.089,3.088,3.8600000000000003,0.397,0.026860000000000002,5.168e-05,0.4239,0.1967,0.0408,0.00015319999999999998,0.2377,1.0839999999999999,1.342,0.0009641,2.427,0.0,0.0,0.0,0.0,0.0,0.0,0.0,0.0,0.0,0.0,0.0,0.0,0.0,0.0,0.0,0.0,vectored,random,2,2026-07-25T05:00:24+00:00
intmul_16_16_32_3_20nm_TT_0V9_25C_333p333MHz,intmul,a_width=16;b_width=16;out_width=32;pipeline_stages=3,20nm,TT,0.9,25.0,3.0,333.3333333333333,16,16,32,3,V-2023.12-SP4,1258,1143,115,970.463995,727.583996,242.879999,0.09141494435612083,0.2502720350794673,2.72,0.05,0.0,0,V-2023.12-SP4,1254,1139,115,972.47,729.38,243.09,1369.8432,0.7099,0.09170653907496013,0.24997172149269387,2.15,0.68,0.0,0,V-2023.12-SP3,V-2023.12-SP4,0.4911,0.21330000000000002,0.0009189000000000001,0.7054,0.7044,2.1132,0.2327,0.01672,7.5430000000000005e-06,0.24939999999999998,0.045040000000000004,0.01669,0.0001734,0.06190999999999999,0.2134,0.1799,0.0007379,0.39399999999999996,0.0,0.0,0.0,0.0,0.0,0.0,0.0,0.0,0.0,0.0,0.0,0.0,0.0,0.0,0.0,0.0,unvectored,none,2,2026-07-25T05:00:35+00:00
intmul_16_16_32_3_20nm_TT_0V9_25C_200MHz,intmul,a_width=16;b_width=16;out_width=32;pipeline_stages=3,20nm,TT,0.9,25.0,5.0,200.0,16,16,32,3,V-2023.12-SP4,1065,950,115,903.302395,660.422396,242.879999,0.107981220657277,0.2688800564953666,3.5,1.26,0.0,0,V-2023.12-SP4,1075,960,115,912.6,669.29,243.3,1263.8208,0.7221,0.10697674418604651,0.2666009204470743,3.13,1.62,0.0,0,V-2023.12-SP3,V-2023.12-SP4,0.2662,0.1081,0.0007599,0.375,0.37429999999999997,1.8714999999999997,0.1342,0.0,0.0,0.1342,0.02708,0.0148,0.0001742,0.04206,0.1048,0.09328,0.0005857,0.19870000000000002,0.0,0.0,0.0,0.0,0.0,0.0,0.0,0.0,0.0,0.0,0.0,0.0,0.0,0.0,0.0,0.0,unvectored,none,2,2026-07-25T05:00:36+00:00
intmul_16_16_32_3_20nm_TT_0V9_25C_333p333MHz,intmul,a_width=16;b_width=16;out_width=32;pipeline_stages=3,20nm,TT,0.9,25.0,3.0,333.3333333333333,16,16,32,3,V-2023.12-SP4,1258,1143,115,970.463995,727.583996,242.879999,0.09141494435612083,0.2502720350794673,2.72,0.05,0.0,0,V-2023.12-SP4,1254,1139,115,972.47,729.38,243.09,1369.8432,0.7099,0.09170653907496013,0.24997172149269387,2.15,0.68,0.0,0,V-2023.12-SP3,V-2023.12-SP4,0.7323,0.3715,0.0009607,1.105,1.1038,3.3114,0.23299999999999998,0.01672,7.5430000000000005e-06,0.2497,0.1181,0.03769,0.0002031,0.156,0.3812,0.3171,0.0007501000000000001,0.699,0.0,0.0,0.0,0.0,0.0,0.0,0.0,0.0,0.0,0.0,0.0,0.0,0.0,0.0,0.0,0.0,vectored,random,2,2026-07-25T05:00:42+00:00
intmul_16_16_32_3_20nm_TT_0V9_25C_200MHz,intmul,a_width=16;b_width=16;out_width=32;pipeline_stages=3,20nm,TT,0.9,25.0,5.0,200.0,16,16,32,3,V-2023.12-SP4,1065,950,115,903.302395,660.422396,242.879999,0.107981220657277,0.2688800564953666,3.5,1.26,0.0,0,V-2023.12-SP4,1075,960,115,912.6,669.29,243.3,1263.8208,0.7221,0.10697674418604651,0.2666009204470743,3.13,1.62,0.0,0,V-2023.12-SP3,V-2023.12-SP4,0.3914,0.1993,0.0008142,0.5915,0.5907,2.9535,0.13449999999999998,0.0,0.0,0.13449999999999998,0.07038,0.03413,0.00020380000000000002,0.1047,0.18660000000000002,0.1652,0.0006104,0.3524,0.0,0.0,0.0,0.0,0.0,0.0,0.0,0.0,0.0,0.0,0.0,0.0,0.0,0.0,0.0,0.0,vectored,random,2,2026-07-25T05:00:43+00:00
intmul_8_8_16_5_5nm_TT_0V7_25C_800MHz,intmul,a_width=8;b_width=8;out_width=16;pipeline_stages=5,5nm,TT,0.7,25.0,1.25,800.0,8,8,16,5,V-2023.12-SP4,468,357,111,36.1536,17.5056,18.648,0.23717948717948717,0.5157992565055762,0.12,0.49,0.0,0,V-2023.12-SP4,476,365,111,37.72,18.71,19.02,50.4504,0.7478,0.23319327731092437,0.5042417815482503,0.54,0.58,0.0,0,V-2023.12-SP3,V-2023.12-SP4,0.3589,0.11699999999999999,0.0003321,0.47619999999999996,0.4759,0.594875,0.2721,0.05828,2.36e-05,0.3304,0.04444,0.01499,0.00019810000000000002,0.05963,0.04236,0.04371,0.0001103,0.08617,0.0,0.0,0.0,0.0,0.0,0.0,0.0,0.0,0.0,0.0,0.0,0.0,0.0,0.0,0.0,0.0,unvectored,none,2,2026-07-25T05:01:10+00:00
intmul_8_8_16_5_5nm_TT_0V7_25C_800MHz,intmul,a_width=8;b_width=8;out_width=16;pipeline_stages=5,5nm,TT,0.7,25.0,1.25,800.0,8,8,16,5,V-2023.12-SP4,468,357,111,36.1536,17.5056,18.648,0.23717948717948717,0.5157992565055762,0.12,0.49,0.0,0,V-2023.12-SP4,476,365,111,37.72,18.71,19.02,50.4504,0.7478,0.23319327731092437,0.5042417815482503,0.54,0.58,0.0,0,V-2023.12-SP3,V-2023.12-SP4,0.42700000000000005,0.14909999999999998,0.0003221,0.5764,0.5761000000000001,0.7201250000000001,0.27280000000000004,0.05828,2.36e-05,0.3312,0.08547,0.030979999999999997,0.000184,0.1166,0.06863999999999999,0.05983,0.0001145,0.12860000000000002,0.0,0.0,0.0,0.0,0.0,0.0,0.0,0.0,0.0,0.0,0.0,0.0,0.0,0.0,0.0,0.0,vectored,random,2,2026-07-25T05:01:17+00:00
intmul_16_16_32_5_16nm_TT_0V85_25C_400MHz,intmul,a_width=16;b_width=16;out_width=32;pipeline_stages=5,16nm,TT,0.85,25.0,2.5,400.0,16,16,32,5,V-2023.12-SP4,1466,1251,215,707.927065,440.432653,267.494412,0.1466575716234652,0.3778558911291236,2.13,0.14,0.0,0,V-2023.12-SP4,1497,1282,215,738.91,461.96,276.95,1005.9034,0.7346,0.14362057448229792,0.37480884004817905,1.63,0.69,0.0,0,V-2023.12-SP3,V-2023.12-SP4,0.7517,0.2836,0.12990000000000002,1.165,1.0353,2.5882500000000004,0.4973,0.07702,0.1285,0.7028,0.08578,0.03298,0.0008269999999999999,0.1196,0.1686,0.1736,0.0005645,0.3428,0.0,0.0,0.0,0.0,0.0,0.0,0.0,0.0,0.0,0.0,0.0,0.0,0.0,0.0,0.0,0.0,unvectored,none,2,2026-07-25T05:01:52+00:00
intmul_16_16_32_5_16nm_TT_0V85_25C_400MHz,intmul,a_width=16;b_width=16;out_width=32;pipeline_stages=5,16nm,TT,0.85,25.0,2.5,400.0,16,16,32,5,V-2023.12-SP4,1466,1251,215,707.927065,440.432653,267.494412,0.1466575716234652,0.3778558911291236,2.13,0.14,0.0,0,V-2023.12-SP4,1497,1282,215,738.91,461.96,276.95,1005.9034,0.7346,0.14362057448229792,0.37480884004817905,1.63,0.69,0.0,0,V-2023.12-SP3,V-2023.12-SP4,1.056,0.5018,0.1298,1.688,1.5578,3.8945000000000003,0.49779999999999996,0.07702,0.1285,0.7033,0.2128,0.07564,0.000715,0.28919999999999996,0.3457,0.34909999999999997,0.0005932,0.6954,0.0,0.0,0.0,0.0,0.0,0.0,0.0,0.0,0.0,0.0,0.0,0.0,0.0,0.0,0.0,0.0,vectored,random,2,2026-07-25T05:01:58+00:00
intmul_24_24_48_2_10nm_TT_0V8_25C_500MHz,intmul,a_width=24;b_width=24;out_width=48;pipeline_stages=2,10nm,TT,0.8,25.0,2.0,500.0,24,24,48,2,V-2023.12-SP4,2004,1906,98,425.195529,364.922886,60.272643,0.04890219560878244,0.14175276758378144,1.78,0.0,0.0,0,V-2023.12-SP4,2001,1903,98,423.08,362.8,60.27,605.5526,0.6987,0.04897551224387806,0.14245532759761748,1.34,0.45,0.0,0,V-2023.12-SP3,V-2023.12-SP4,0.5553,0.4171,0.00108,0.9734999999999999,0.9724,1.9448,0.1953,0.013859999999999999,1.091e-05,0.2092,0.03753,0.01137,0.0001432,0.04904,0.32239999999999996,0.39189999999999997,0.0009258,0.7152999999999999,0.0,0.0,0.0,0.0,0.0,0.0,0.0,0.0,0.0,0.0,0.0,0.0,0.0,0.0,0.0,0.0,unvectored,none,2,2026-07-25T05:02:12+00:00
intmul_24_24_48_3_10nm_TT_0V8_25C_800MHz,intmul,a_width=24;b_width=24;out_width=48;pipeline_stages=3,10nm,TT,0.8,25.0,1.25,800.0,24,24,48,3,V-2023.12-SP4,2499,2328,171,551.331852,446.269447,105.062405,0.06842737094837935,0.19056110148339478,1.03,0.0,0.0,0,V-2023.12-SP4,2412,2241,171,545.06,440.0,105.06,784.896,0.6944,0.0708955223880597,0.19274942208197265,1.0,0.13,0.0,0,V-2023.12-SP3,V-2023.12-SP4,1.323,0.8954,0.001449,2.219,2.2184,2.7729999999999997,0.549,0.1022,2.653e-05,0.6512,0.09995,0.04199,0.0002505,0.1422,0.6737,0.7512000000000001,0.0011719999999999999,1.426,0.0,0.0,0.0,0.0,0.0,0.0,0.0,0.0,0.0,0.0,0.0,0.0,0.0,0.0,0.0,0.0,unvectored,none,2,2026-07-25T05:02:15+00:00
intmul_24_24_48_2_10nm_TT_0V8_25C_500MHz,intmul,a_width=24;b_width=24;out_width=48;pipeline_stages=2,10nm,TT,0.8,25.0,2.0,500.0,24,24,48,2,V-2023.12-SP4,2004,1906,98,425.195529,364.922886,60.272643,0.04890219560878244,0.14175276758378144,1.78,0.0,0.0,0,V-2023.12-SP4,2001,1903,98,423.08,362.8,60.27,605.5526,0.6987,0.04897551224387806,0.14245532759761748,1.34,0.45,0.0,0,V-2023.12-SP3,V-2023.12-SP4,1.021,0.8755,0.001097,1.898,1.8964999999999999,3.7929999999999997,0.1952,0.013859999999999999,1.09e-05,0.20900000000000002,0.12380000000000001,0.02717,0.0001528,0.15109999999999998,0.7024,0.8344999999999999,0.0009337,1.538,0.0,0.0,0.0,0.0,0.0,0.0,0.0,0.0,0.0,0.0,0.0,0.0,0.0,0.0,0.0,0.0,vectored,random,2,2026-07-25T05:02:20+00:00
intmul_24_24_48_3_10nm_TT_0V8_25C_800MHz,intmul,a_width=24;b_width=24;out_width=48;pipeline_stages=3,10nm,TT,0.8,25.0,1.25,800.0,24,24,48,3,V-2023.12-SP4,2499,2328,171,551.331852,446.269447,105.062405,0.06842737094837935,0.19056110148339478,1.03,0.0,0.0,0,V-2023.12-SP4,2412,2241,171,545.06,440.0,105.06,784.896,0.6944,0.0708955223880597,0.19274942208197265,1.0,0.13,0.0,0,V-2023.12-SP3,V-2023.12-SP4,2.0460000000000003,1.5399999999999998,0.0014780000000000001,3.5869999999999997,3.5860000000000003,4.4825,0.5487,0.1022,2.653e-05,0.6509,0.2869,0.09973,0.0002684,0.3869,1.21,1.338,0.001183,2.549,0.0,0.0,0.0,0.0,0.0,0.0,0.0,0.0,0.0,0.0,0.0,0.0,0.0,0.0,0.0,0.0,vectored,random,2,2026-07-25T05:02:23+00:00
intmul_12_12_24_2_5nm_TT_0V7_25C_666p667MHz,intmul,a_width=12;b_width=12;out_width=24;pipeline_stages=2,5nm,TT,0.7,25.0,1.5,666.6666666666666,12,12,24,2,V-2023.12-SP4,562,512,50,37.716,29.316,8.4,0.08896797153024912,0.22271714922049,1.08,0.2,0.0,0,V-2023.12-SP4,560,510,50,38.25,29.78,8.47,52.7352,0.7252,0.08928571428571429,0.22143790849673203,0.75,0.62,0.0,0,V-2023.12-SP3,V-2023.12-SP4,0.20829999999999999,0.1384,0.0002769,0.347,0.3467,0.52005,0.1035,0.02383,1.019e-05,0.1274,0.018580000000000003,0.01713,9.099e-05,0.035800000000000005,0.0862,0.09744,0.0001757,0.1838,0.0,0.0,0.0,0.0,0.0,0.0,0.0,0.0,0.0,0.0,0.0,0.0,0.0,0.0,0.0,0.0,unvectored,none,2,2026-07-25T05:02:49+00:00
intmul_12_12_24_2_5nm_TT_0V7_25C_666p667MHz,intmul,a_width=12;b_width=12;out_width=24;pipeline_stages=2,5nm,TT,0.7,25.0,1.5,666.6666666666666,12,12,24,2,V-2023.12-SP4,562,512,50,37.716,29.316,8.4,0.08896797153024912,0.22271714922049,1.08,0.2,0.0,0,V-2023.12-SP4,560,510,50,38.25,29.78,8.47,52.7352,0.7252,0.08928571428571429,0.22143790849673203,0.75,0.62,0.0,0,V-2023.12-SP3,V-2023.12-SP4,0.2924,0.2155,0.0002748,0.5082,0.5079,0.76185,0.1039,0.02383,1.02e-05,0.1278,0.04657,0.03816,8.32e-05,0.08481,0.1419,0.1535,0.0001814,0.2956,0.0,0.0,0.0,0.0,0.0,0.0,0.0,0.0,0.0,0.0,0.0,0.0,0.0,0.0,0.0,0.0,vectored,random,2,2026-07-25T05:02:56+00:00
intmul_24_24_48_2_16nm_TT_0V85_25C_500MHz,intmul,a_width=24;b_width=24;out_width=48;pipeline_stages=2,16nm,TT,0.85,25.0,2.0,500.0,24,24,48,2,V-2023.12-SP4,2124,2026,98,903.322394,781.021461,122.300933,0.046139359698681735,0.13539012628530053,1.77,0.0,0.0,0,V-2023.12-SP4,2086,1988,98,905.19,781.39,123.79,1280.4895,0.7069,0.04697986577181208,0.1367558192202742,1.73,0.03,0.0,0,V-2023.12-SP3,V-2023.12-SP4,0.7565999999999999,0.5274,0.1021,1.3860000000000001,1.2839999999999998,2.5679999999999996,0.2655,0.02173,0.06423,0.3514,0.05206,0.01375,0.0004735,0.06627999999999999,0.439,0.4919,0.03739,0.9682999999999999,0.0,0.0,0.0,0.0,0.0,0.0,0.0,0.0,0.0,0.0,0.0,0.0,0.0,0.0,0.0,0.0,unvectored,none,2,2026-07-25T05:03:06+00:00
intmul_24_24_48_2_16nm_TT_0V85_25C_500MHz,intmul,a_width=24;b_width=24;out_width=48;pipeline_stages=2,16nm,TT,0.85,25.0,2.0,500.0,24,24,48,2,V-2023.12-SP4,2124,2026,98,903.322394,781.021461,122.300933,0.046139359698681735,0.13539012628530053,1.77,0.0,0.0,0,V-2023.12-SP4,2086,1988,98,905.19,781.39,123.79,1280.4895,0.7069,0.04697986577181208,0.1367558192202742,1.73,0.03,0.0,0,V-2023.12-SP3,V-2023.12-SP4,1.35,1.07,0.1009,2.521,2.42,4.84,0.2661,0.02173,0.06423,0.352,0.1581,0.03174,0.0003897,0.19019999999999998,0.9258,1.016,0.03623,1.9780000000000002,0.0,0.0,0.0,0.0,0.0,0.0,0.0,0.0,0.0,0.0,0.0,0.0,0.0,0.0,0.0,0.0,vectored,random,2,2026-07-25T05:03:13+00:00
intmul_24_24_48_3_10nm_TT_0V8_25C_500MHz,intmul,a_width=24;b_width=24;out_width=48;pipeline_stages=3,10nm,TT,0.8,25.0,2.0,500.0,24,24,48,3,V-2023.12-SP4,2189,2018,171,521.779213,416.716808,105.062405,0.07811786203746003,0.20135414056826367,1.55,0.23,0.0,0,V-2023.12-SP4,2219,2048,171,525.37,420.31,105.06,743.7619,0.7064,0.07706173952230734,0.19997335211374842,1.35,0.52,0.0,0,V-2023.12-SP3,V-2023.12-SP4,0.8613,0.5383,0.001372,1.4009999999999998,1.3996,2.7992,0.3794,0.06421,2.9749999999999998e-05,0.4436,0.062360000000000006,0.027880000000000002,0.0002501,0.09049,0.4195,0.4462,0.001093,0.8668,0.0,0.0,0.0,0.0,0.0,0.0,0.0,0.0,0.0,0.0,0.0,0.0,0.0,0.0,0.0,0.0,unvectored,none,2,2026-07-25T05:03:21+00:00
intmul_16_16_32_5_20nm_TT_0V9_25C_266p667MHz,intmul,a_width=16;b_width=16;out_width=32;pipeline_stages=5,20nm,TT,0.9,25.0,3.75,266.6666666666667,16,16,32,5,V-2023.12-SP4,1476,1261,215,1207.535993,753.455996,454.079998,0.14566395663956638,0.3760384788795277,3.13,0.38,0.0,0,V-2023.12-SP4,1484,1269,215,1215.56,761.06,454.5,1691.0784,0.7188,0.14487870619946092,0.37390174076145977,2.55,0.98,0.0,0,V-2023.12-SP3,V-2023.12-SP4,0.5532999999999999,0.1574,0.001011,0.7117,0.7106999999999999,2.6651249999999997,0.35300000000000004,0.0,0.0,0.35300000000000004,0.06452999999999999,0.024409999999999998,0.0003253,0.08927,0.1357,0.133,0.0006853,0.2694,0.0,0.0,0.0,0.0,0.0,0.0,0.0,0.0,0.0,0.0,0.0,0.0,0.0,0.0,0.0,0.0,unvectored,none,2,2026-07-25T05:03:27+00:00
intmul_24_24_48_3_10nm_TT_0V8_25C_500MHz,intmul,a_width=24;b_width=24;out_width=48;pipeline_stages=3,10nm,TT,0.8,25.0,2.0,500.0,24,24,48,3,V-2023.12-SP4,2189,2018,171,521.779213,416.716808,105.062405,0.07811786203746003,0.20135414056826367,1.55,0.23,0.0,0,V-2023.12-SP4,2219,2048,171,525.37,420.31,105.06,743.7619,0.7064,0.07706173952230734,0.19997335211374842,1.35,0.52,0.0,0,V-2023.12-SP3,V-2023.12-SP4,1.4040000000000001,0.9977,0.001405,2.403,2.4017,4.8034,0.3792,0.06421,2.9749999999999998e-05,0.4434,0.19190000000000002,0.06681000000000001,0.00026819999999999996,0.259,0.8331000000000001,0.8667,0.001107,1.701,0.0,0.0,0.0,0.0,0.0,0.0,0.0,0.0,0.0,0.0,0.0,0.0,0.0,0.0,0.0,0.0,vectored,random,2,2026-07-25T05:03:29+00:00
intmul_16_16_32_5_20nm_TT_0V9_25C_266p667MHz,intmul,a_width=16;b_width=16;out_width=32;pipeline_stages=5,20nm,TT,0.9,25.0,3.75,266.6666666666667,16,16,32,5,V-2023.12-SP4,1476,1261,215,1207.535993,753.455996,454.079998,0.14566395663956638,0.3760384788795277,3.13,0.38,0.0,0,V-2023.12-SP4,1484,1269,215,1215.56,761.06,454.5,1691.0784,0.7188,0.14487870619946092,0.37390174076145977,2.55,0.98,0.0,0,V-2023.12-SP3,V-2023.12-SP4,0.7885,0.31839999999999996,0.001099,1.108,1.1069,4.150875,0.3533,0.0,0.0,0.3533,0.16210000000000002,0.056119999999999996,0.0003784,0.2186,0.2731,0.2623,0.0007203,0.5361,0.0,0.0,0.0,0.0,0.0,0.0,0.0,0.0,0.0,0.0,0.0,0.0,0.0,0.0,0.0,0.0,vectored,random,2,2026-07-25T05:03:34+00:00
intmul_24_24_48_2_16nm_TT_0V85_25C_333p333MHz,intmul,a_width=24;b_width=24;out_width=48;pipeline_stages=2,16nm,TT,0.85,25.0,3.0,333.3333333333333,24,24,48,2,V-2023.12-SP4,2043,1945,98,865.375515,743.198998,122.176517,0.047968673519334315,0.14118323766070504,2.76,0.01,0.0,0,V-2023.12-SP4,2052,1954,98,875.64,751.85,123.79,1233.2736,0.71,0.04775828460038986,0.14137088301128317,2.23,0.58,0.0,0,V-2023.12-SP3,V-2023.12-SP4,0.5236999999999999,0.3569,0.1942,1.075,0.8805999999999999,2.6418,0.1978,0.03027,0.19269999999999998,0.42069999999999996,0.03468,0.009035999999999999,0.0004747,0.04419,0.2913,0.31760000000000005,0.001029,0.6099,0.0,0.0,0.0,0.0,0.0,0.0,0.0,0.0,0.0,0.0,0.0,0.0,0.0,0.0,0.0,0.0,unvectored,none,2,2026-07-25T05:03:49+00:00
intmul_24_24_48_2_20nm_TT_0V9_25C_400MHz,intmul,a_width=24;b_width=24;out_width=48;pipeline_stages=2,20nm,TT,0.9,25.0,2.5,400.0,24,24,48,2,V-2023.12-SP4,2221,2123,98,1553.798392,1346.399993,207.398399,0.04412426834759117,0.13347832001103013,2.26,0.0,0.0,0,V-2023.12-SP4,2201,2103,98,1566.68,1358.86,207.82,2180.4288,0.7185,0.044525215810995,0.1326499348941711,2.17,0.09,0.0,0,V-2023.12-SP3,V-2023.12-SP4,0.7274,0.5002,0.001495,1.229,1.2276,3.069,0.2377,0.013430000000000001,5.226e-06,0.2511,0.049539999999999994,0.012310000000000001,0.00014920000000000002,0.062,0.44020000000000004,0.4745,0.001341,0.916,0.0,0.0,0.0,0.0,0.0,0.0,0.0,0.0,0.0,0.0,0.0,0.0,0.0,0.0,0.0,0.0,unvectored,none,2,2026-07-25T05:03:54+00:00
intmul_24_24_48_2_16nm_TT_0V85_25C_333p333MHz,intmul,a_width=24;b_width=24;out_width=48;pipeline_stages=2,16nm,TT,0.85,25.0,3.0,333.3333333333333,24,24,48,2,V-2023.12-SP4,2043,1945,98,865.375515,743.198998,122.176517,0.047968673519334315,0.14118323766070504,2.76,0.01,0.0,0,V-2023.12-SP4,2052,1954,98,875.64,751.85,123.79,1233.2736,0.71,0.04775828460038986,0.14137088301128317,2.23,0.58,0.0,0,V-2023.12-SP3,V-2023.12-SP4,0.9475,0.7242000000000001,0.1941,1.866,1.6717,5.0151,0.19799999999999998,0.03027,0.19269999999999998,0.421,0.1086,0.02127,0.0003898,0.13019999999999998,0.641,0.6727000000000001,0.001038,1.315,0.0,0.0,0.0,0.0,0.0,0.0,0.0,0.0,0.0,0.0,0.0,0.0,0.0,0.0,0.0,0.0,vectored,random,2,2026-07-25T05:03:57+00:00
intmul_24_24_48_2_20nm_TT_0V9_25C_400MHz,intmul,a_width=24;b_width=24;out_width=48;pipeline_stages=2,20nm,TT,0.9,25.0,2.5,400.0,24,24,48,2,V-2023.12-SP4,2221,2123,98,1553.798392,1346.399993,207.398399,0.04412426834759117,0.13347832001103013,2.26,0.0,0.0,0,V-2023.12-SP4,2201,2103,98,1566.68,1358.86,207.82,2180.4288,0.7185,0.044525215810995,0.1326499348941711,2.17,0.09,0.0,0,V-2023.12-SP3,V-2023.12-SP4,1.282,0.9793000000000001,0.001531,2.263,2.2613000000000003,5.653250000000001,0.23800000000000002,0.013430000000000001,5.226e-06,0.2515,0.1519,0.02894,0.00017669999999999999,0.18100000000000002,0.8918,0.937,0.001349,1.83,0.0,0.0,0.0,0.0,0.0,0.0,0.0,0.0,0.0,0.0,0.0,0.0,0.0,0.0,0.0,0.0,vectored,random,2,2026-07-25T05:04:01+00:00
intmul_12_12_24_3_5nm_TT_0V7_25C_666p667MHz,intmul,a_width=12;b_width=12;out_width=24;pipeline_stages=3,5nm,TT,0.7,25.0,1.5,666.6666666666666,12,12,24,3,V-2023.12-SP4,723,636,87,46.922399,32.3064,14.616,0.12033195020746888,0.31149302489840724,0.93,0.35,0.0,0,V-2023.12-SP4,717,630,87,47.58,32.81,14.77,65.7216,0.7239,0.12133891213389121,0.3104245481294662,0.75,0.63,0.0,0,V-2023.12-SP3,V-2023.12-SP4,0.2914,0.1636,0.00036819999999999995,0.4554,0.45499999999999996,0.6824999999999999,0.1736,0.03884,1.448e-05,0.2125,0.030929999999999996,0.020210000000000002,0.0001576,0.0513,0.08685,0.1046,0.0001961,0.1916,0.0,0.0,0.0,0.0,0.0,0.0,0.0,0.0,0.0,0.0,0.0,0.0,0.0,0.0,0.0,0.0,unvectored,none,2,2026-07-25T05:04:04+00:00
intmul_12_12_24_3_5nm_TT_0V7_25C_666p667MHz,intmul,a_width=12;b_width=12;out_width=24;pipeline_stages=3,5nm,TT,0.7,25.0,1.5,666.6666666666666,12,12,24,3,V-2023.12-SP4,723,636,87,46.922399,32.3064,14.616,0.12033195020746888,0.31149302489840724,0.93,0.35,0.0,0,V-2023.12-SP4,717,630,87,47.58,32.81,14.77,65.7216,0.7239,0.12133891213389121,0.3104245481294662,0.75,0.63,0.0,0,V-2023.12-SP3,V-2023.12-SP4,0.4263,0.28150000000000003,0.0003639,0.7081000000000001,0.7078,1.0617,0.1743,0.03884,1.448e-05,0.2132,0.07885,0.04473,0.000145,0.1237,0.1731,0.19790000000000002,0.0002044,0.37120000000000003,0.0,0.0,0.0,0.0,0.0,0.0,0.0,0.0,0.0,0.0,0.0,0.0,0.0,0.0,0.0,0.0,vectored,random,2,2026-07-25T05:04:11+00:00
intmul_24_24_48_2_20nm_TT_0V9_25C_235p294MHz,intmul,a_width=24;b_width=24;out_width=48;pipeline_stages=2,20nm,TT,0.9,25.0,4.25,235.2941176470588,24,24,48,2,V-2023.12-SP4,2034,1936,98,1471.852792,1264.876793,206.975999,0.048180924287118974,0.14062275801288152,4.01,0.0,0.0,0,V-2023.12-SP4,2062,1964,98,1491.81,1284.62,207.19,2088.6624,0.7142,0.0475266731328807,0.1388849786500962,3.27,0.74,0.0,0,V-2023.12-SP3,V-2023.12-SP4,0.4274,0.2716,0.001438,0.7004,0.6990000000000001,2.9707500000000002,0.1406,0.008539999999999999,4.9319999999999995e-06,0.1492,0.029070000000000002,0.005997000000000001,0.0001482,0.03522,0.2577,0.2571,0.001285,0.516,0.0,0.0,0.0,0.0,0.0,0.0,0.0,0.0,0.0,0.0,0.0,0.0,0.0,0.0,0.0,0.0,unvectored,none,2,2026-07-25T05:05:10+00:00
intmul_24_24_48_2_20nm_TT_0V9_25C_235p294MHz,intmul,a_width=24;b_width=24;out_width=48;pipeline_stages=2,20nm,TT,0.9,25.0,4.25,235.2941176470588,24,24,48,2,V-2023.12-SP4,2034,1936,98,1471.852792,1264.876793,206.975999,0.048180924287118974,0.14062275801288152,4.01,0.0,0.0,0,V-2023.12-SP4,2062,1964,98,1491.81,1284.62,207.19,2088.6624,0.7142,0.0475266731328807,0.1388849786500962,3.27,0.74,0.0,0,V-2023.12-SP3,V-2023.12-SP4,0.7366,0.5247999999999999,0.001473,1.2630000000000001,1.2614,5.360950000000001,0.1408,0.008539999999999999,4.9319999999999995e-06,0.1494,0.08532000000000001,0.01358,0.0001752,0.09907,0.5105,0.5027,0.0012929999999999999,1.014,0.0,0.0,0.0,0.0,0.0,0.0,0.0,0.0,0.0,0.0,0.0,0.0,0.0,0.0,0.0,0.0,vectored,random,2,2026-07-25T05:05:18+00:00
intmul_24_24_48_5_10nm_TT_0V8_25C_571p429MHz,intmul,a_width=24;b_width=24;out_width=48;pipeline_stages=5,10nm,TT,0.8,25.0,1.75,571.4285714285714,24,24,48,5,V-2023.12-SP4,2751,2434,317,686.592017,491.827208,194.764809,0.11523082515448928,0.28366890988771865,1.35,0.18,0.0,0,V-2023.12-SP4,2784,2467,317,689.39,494.62,194.76,972.9331,0.7086,0.11386494252873564,0.28251062533544147,1.22,0.4,0.0,0,V-2023.12-SP3,V-2023.12-SP4,1.33,0.6407999999999999,0.0017549999999999998,1.9719999999999998,1.9708,3.4489,0.7534,0.13019999999999998,2.684e-05,0.8836,0.1261,0.049589999999999995,0.0004636,0.1761,0.4504,0.46099999999999997,0.0012640000000000001,0.9126,0.0,0.0,0.0,0.0,0.0,0.0,0.0,0.0,0.0,0.0,0.0,0.0,0.0,0.0,0.0,0.0,unvectored,none,2,2026-07-25T05:05:29+00:00
intmul_24_24_48_5_10nm_TT_0V8_25C_571p429MHz,intmul,a_width=24;b_width=24;out_width=48;pipeline_stages=5,10nm,TT,0.8,25.0,1.75,571.4285714285714,24,24,48,5,V-2023.12-SP4,2751,2434,317,686.592017,491.827208,194.764809,0.11523082515448928,0.28366890988771865,1.35,0.18,0.0,0,V-2023.12-SP4,2784,2467,317,689.39,494.62,194.76,972.9331,0.7086,0.11386494252873564,0.28251062533544147,1.22,0.4,0.0,0,V-2023.12-SP3,V-2023.12-SP4,1.889,1.062,0.001807,2.953,2.951,5.16425,0.7529,0.13019999999999998,2.684e-05,0.8831000000000001,0.3331,0.1175,0.0004974,0.4511,0.8032,0.8143,0.001283,1.619,0.0,0.0,0.0,0.0,0.0,0.0,0.0,0.0,0.0,0.0,0.0,0.0,0.0,0.0,0.0,0.0,vectored,random,2,2026-07-25T05:05:37+00:00
intmul_12_12_24_5_5nm_TT_0V7_25C_800MHz,intmul,a_width=12;b_width=12;out_width=24;pipeline_stages=5,5nm,TT,0.7,25.0,1.25,800.0,12,12,24,5,V-2023.12-SP4,786,623,163,59.303999,31.92,27.384,0.20737913486005088,0.4617563817239374,0.71,0.32,0.0,0,V-2023.12-SP4,783,620,163,60.12,32.35,27.77,83.4624,0.7203,0.2081736909323116,0.4619095143047239,0.62,0.5,0.0,0,V-2023.12-SP3,V-2023.12-SP4,0.5133,0.19799999999999998,0.0005027,0.7119,0.7112999999999999,0.8891249999999999,0.35760000000000003,0.07246,1.1069999999999999e-05,0.4301,0.06586,0.025400000000000002,0.0002936,0.09155,0.08988,0.1002,0.000198,0.1903,0.0,0.0,0.0,0.0,0.0,0.0,0.0,0.0,0.0,0.0,0.0,0.0,0.0,0.0,0.0,0.0,unvectored,none,2,2026-07-25T05:06:00+00:00
intmul_12_12_24_5_5nm_TT_0V7_25C_800MHz,intmul,a_width=12;b_width=12;out_width=24;pipeline_stages=5,5nm,TT,0.7,25.0,1.25,800.0,12,12,24,5,V-2023.12-SP4,786,623,163,59.303999,31.92,27.384,0.20737913486005088,0.4617563817239374,0.71,0.32,0.0,0,V-2023.12-SP4,783,620,163,60.12,32.35,27.77,83.4624,0.7203,0.2081736909323116,0.4619095143047239,0.62,0.5,0.0,0,V-2023.12-SP3,V-2023.12-SP4,0.699,0.31629999999999997,0.00048780000000000004,1.016,1.0152999999999999,1.2691249999999998,0.359,0.07246,1.1069999999999999e-05,0.43150000000000005,0.1493,0.056209999999999996,0.0002698,0.20579999999999998,0.1907,0.18760000000000002,0.00020690000000000001,0.3786,0.0,0.0,0.0,0.0,0.0,0.0,0.0,0.0,0.0,0.0,0.0,0.0,0.0,0.0,0.0,0.0,vectored,random,2,2026-07-25T05:06:07+00:00
intmul_24_24_48_3_16nm_TT_0V85_25C_333p333MHz,intmul,a_width=24;b_width=24;out_width=48;pipeline_stages=3,16nm,TT,0.85,25.0,3.0,333.3333333333333,24,24,48,3,V-2023.12-SP4,2173,2002,171,1057.287204,844.535834,212.75137,0.0786930510814542,0.20122381997540945,2.65,0.11,0.0,0,V-2023.12-SP4,2212,2041,171,1070.79,851.94,218.85,1496.289,0.7156,0.07730560578661845,0.20438181155968957,2.22,0.6,0.0,0,V-2023.12-SP3,V-2023.12-SP4,0.7212,0.41209999999999997,0.0019080000000000002,1.135,1.1333,3.3998999999999997,0.2961,0.04391,1.616e-05,0.3401,0.05943,0.02052,0.0007146,0.08066999999999999,0.3656,0.3477,0.001178,0.7144999999999999,0.0,0.0,0.0,0.0,0.0,0.0,0.0,0.0,0.0,0.0,0.0,0.0,0.0,0.0,0.0,0.0,unvectored,none,2,2026-07-25T05:06:12+00:00
intmul_24_24_48_3_16nm_TT_0V85_25C_333p333MHz,intmul,a_width=24;b_width=24;out_width=48;pipeline_stages=3,16nm,TT,0.85,25.0,3.0,333.3333333333333,24,24,48,3,V-2023.12-SP4,2173,2002,171,1057.287204,844.535834,212.75137,0.0786930510814542,0.20122381997540945,2.65,0.11,0.0,0,V-2023.12-SP4,2212,2041,171,1070.79,851.94,218.85,1496.289,0.7156,0.07730560578661845,0.20438181155968957,2.22,0.6,0.0,0,V-2023.12-SP3,V-2023.12-SP4,1.1540000000000001,0.744,0.00182,1.9,1.8980000000000001,5.694000000000001,0.2965,0.04391,1.616e-05,0.34049999999999997,0.1688,0.04834,0.0006089,0.2177,0.6888000000000001,0.6517,0.001195,1.342,0.0,0.0,0.0,0.0,0.0,0.0,0.0,0.0,0.0,0.0,0.0,0.0,0.0,0.0,0.0,0.0,vectored,random,2,2026-07-25T05:06:19+00:00
intmul_24_24_48_3_20nm_TT_0V9_25C_250MHz,intmul,a_width=24;b_width=24;out_width=48;pipeline_stages=3,20nm,TT,0.9,25.0,4.0,250.0,24,24,48,3,V-2023.12-SP4,2222,2051,171,1807.87199,1446.719992,361.151998,0.07695769576957696,0.1997663551388945,3.76,0.01,0.0,0,V-2023.12-SP4,2232,2061,171,1828.36,1466.57,361.79,2561.328,0.7138,0.07661290322580645,0.19787678575335274,3.13,0.64,0.0,0,V-2023.12-SP3,V-2023.12-SP4,0.6632,0.33940000000000003,0.1048,1.107,1.0026000000000002,4.010400000000001,0.2698,0.02289,0.1031,0.39580000000000004,0.051199999999999996,0.016900000000000002,0.0002593,0.06836,0.3422,0.29960000000000003,0.001446,0.6433,0.0,0.0,0.0,0.0,0.0,0.0,0.0,0.0,0.0,0.0,0.0,0.0,0.0,0.0,0.0,0.0,unvectored,none,2,2026-07-25T05:07:03+00:00
intmul_24_24_48_3_20nm_TT_0V9_25C_250MHz,intmul,a_width=24;b_width=24;out_width=48;pipeline_stages=3,20nm,TT,0.9,25.0,4.0,250.0,24,24,48,3,V-2023.12-SP4,2222,2051,171,1807.87199,1446.719992,361.151998,0.07695769576957696,0.1997663551388945,3.76,0.01,0.0,0,V-2023.12-SP4,2232,2061,171,1828.36,1466.57,361.79,2561.328,0.7138,0.07661290322580645,0.19787678575335274,3.13,0.64,0.0,0,V-2023.12-SP3,V-2023.12-SP4,1.028,0.6043,0.10490000000000001,1.737,1.6322999999999999,6.5291999999999994,0.2701,0.02289,0.1031,0.39609999999999995,0.14320000000000002,0.039959999999999996,0.0003058,0.1835,0.615,0.5414,0.001463,1.158,0.0,0.0,0.0,0.0,0.0,0.0,0.0,0.0,0.0,0.0,0.0,0.0,0.0,0.0,0.0,0.0,vectored,random,2,2026-07-25T05:07:10+00:00
intmul_24_24_48_5_16nm_TT_0V85_25C_363p636MHz,intmul,a_width=24;b_width=24;out_width=48;pipeline_stages=5,16nm,TT,0.85,25.0,2.75,363.6363636363636,24,24,48,5,V-2023.12-SP4,2743,2425,318,1409.50891,1013.741596,395.767314,0.11593146190302589,0.28078383271802093,2.49,0.06,0.0,0,V-2023.12-SP4,2759,2441,318,1432.71,1023.01,409.7,1987.8566,0.7207,0.11525915186661834,0.2859615693336404,2.12,0.46,0.0,0,V-2023.12-SP3,V-2023.12-SP4,1.089,0.43110000000000004,0.06683,1.5870000000000002,1.5201,4.180275,0.5931000000000001,0.05299,0.06425,0.7104,0.11649999999999999,0.0408,0.001224,0.1585,0.3795,0.3373,0.001361,0.7181000000000001,0.0,0.0,0.0,0.0,0.0,0.0,0.0,0.0,0.0,0.0,0.0,0.0,0.0,0.0,0.0,0.0,unvectored,none,2,2026-07-25T05:07:41+00:00
intmul_24_24_48_5_16nm_TT_0V85_25C_363p636MHz,intmul,a_width=24;b_width=24;out_width=48;pipeline_stages=5,16nm,TT,0.85,25.0,2.75,363.6363636363636,24,24,48,5,V-2023.12-SP4,2743,2425,318,1409.50891,1013.741596,395.767314,0.11593146190302589,0.28078383271802093,2.49,0.06,0.0,0,V-2023.12-SP4,2759,2441,318,1432.71,1023.01,409.7,1987.8566,0.7207,0.11525915186661834,0.2859615693336404,2.12,0.46,0.0,0,V-2023.12-SP3,V-2023.12-SP4,1.693,0.8335,0.0667,2.594,2.5265,6.947875,0.5938,0.05299,0.06425,0.7110000000000001,0.3084,0.09661,0.001063,0.4061,0.7913,0.6839,0.001389,1.477,0.0,0.0,0.0,0.0,0.0,0.0,0.0,0.0,0.0,0.0,0.0,0.0,0.0,0.0,0.0,0.0,vectored,random,2,2026-07-25T05:07:49+00:00
intmul_16_16_32_2_5nm_TT_0V7_25C_666p667MHz,intmul,a_width=16;b_width=16;out_width=32;pipeline_stages=2,5nm,TT,0.7,25.0,1.5,666.6666666666666,16,16,32,2,V-2023.12-SP4,1037,971,66,63.218399,52.1304,11.088,0.06364513018322084,0.17539197726282185,1.12,0.16,0.0,0,V-2023.12-SP4,1028,962,66,62.89,51.74,11.16,89.376,0.7037,0.06420233463035019,0.1774526951820639,0.83,0.54,0.0,0,V-2023.12-SP3,V-2023.12-SP4,0.3228,0.2477,0.0004892,0.5709000000000001,0.5705,0.85575,0.1315,0.03065,1.2149999999999999e-05,0.1622,0.024919999999999998,0.01785,0.0001204,0.04289,0.1663,0.1992,0.0003567,0.3658,0.0,0.0,0.0,0.0,0.0,0.0,0.0,0.0,0.0,0.0,0.0,0.0,0.0,0.0,0.0,0.0,unvectored,none,2,2026-07-25T05:07:57+00:00
intmul_16_16_32_2_5nm_TT_0V7_25C_666p667MHz,intmul,a_width=16;b_width=16;out_width=32;pipeline_stages=2,5nm,TT,0.7,25.0,1.5,666.6666666666666,16,16,32,2,V-2023.12-SP4,1037,971,66,63.218399,52.1304,11.088,0.06364513018322084,0.17539197726282185,1.12,0.16,0.0,0,V-2023.12-SP4,1028,962,66,62.89,51.74,11.16,89.376,0.7037,0.06420233463035019,0.1774526951820639,0.83,0.54,0.0,0,V-2023.12-SP3,V-2023.12-SP4,0.5159,0.4396,0.00047960000000000006,0.9560000000000001,0.9555,1.4332500000000001,0.13210000000000002,0.03065,1.2159999999999999e-05,0.1627,0.07352,0.04125,0.0001098,0.1149,0.3103,0.36769999999999997,0.00035769999999999997,0.6782999999999999,0.0,0.0,0.0,0.0,0.0,0.0,0.0,0.0,0.0,0.0,0.0,0.0,0.0,0.0,0.0,0.0,vectored,random,2,2026-07-25T05:08:05+00:00
intmul_24_24_48_5_20nm_TT_0V9_25C_400MHz,intmul,a_width=24;b_width=24;out_width=48;pipeline_stages=5,20nm,TT,0.9,25.0,2.5,400.0,24,24,48,5,V-2023.12-SP4,2888,2571,317,2438.409587,1768.90559,669.503996,0.1097645429362881,0.2745658479893436,2.25,0.01,0.0,0,V-2023.12-SP4,2927,2610,317,2483.71,1814.21,669.5,3445.8336,0.7208,0.10830201571574992,0.2695564296958985,2.18,0.22,0.0,0,V-2023.12-SP3,V-2023.12-SP4,1.5150000000000001,0.6296,0.1053,2.249,2.1446,5.3615,0.8587999999999999,0.1314,0.1031,1.093,0.1439,0.04639,0.00047840000000000003,0.1908,0.5117999999999999,0.4518,0.001713,0.9652999999999999,0.0,0.0,0.0,0.0,0.0,0.0,0.0,0.0,0.0,0.0,0.0,0.0,0.0,0.0,0.0,0.0,unvectored,none,2,2026-07-25T05:08:25+00:00
intmul_24_24_48_5_20nm_TT_0V9_25C_400MHz,intmul,a_width=24;b_width=24;out_width=48;pipeline_stages=5,20nm,TT,0.9,25.0,2.5,400.0,24,24,48,5,V-2023.12-SP4,2888,2571,317,2438.409587,1768.90559,669.503996,0.1097645429362881,0.2745658479893436,2.25,0.01,0.0,0,V-2023.12-SP4,2927,2610,317,2483.71,1814.21,669.5,3445.8336,0.7208,0.10830201571574992,0.2695564296958985,2.18,0.22,0.0,0,V-2023.12-SP3,V-2023.12-SP4,2.118,1.014,0.1054,3.2369999999999997,3.1319999999999997,7.829999999999999,0.8595999999999999,0.1314,0.1031,1.0939999999999999,0.36450000000000005,0.1106,0.0005633999999999999,0.4756,0.894,0.7716999999999999,0.00174,1.668,0.0,0.0,0.0,0.0,0.0,0.0,0.0,0.0,0.0,0.0,0.0,0.0,0.0,0.0,0.0,0.0,vectored,random,2,2026-07-25T05:08:32+00:00
intmul_4_4_8_2_7nm_TT_0V75_25C_1333p33MHz,intmul,a_width=4;b_width=4;out_width=8;pipeline_stages=2,7nm,TT,0.75,25.0,0.75,1333.3333333333333,4,4,8,2,V-2023.12-SP4,122,104,18,13.06368,7.2576,5.80608,0.14754098360655737,0.4444444444444444,0.34,0.2,0.0,0,V-2023.12-SP4,117,99,18,12.89,7.08,5.81,18.3698,0.7015,0.15384615384615385,0.4507370054305663,0.24,0.29,0.0,0,V-2023.12-SP3,V-2023.12-SP4,0.09263,0.02067,6.91e-05,0.1134,0.11330000000000001,0.08497500000000001,0.06664999999999999,0.0,0.0,0.06664999999999999,0.01224,0.004344000000000001,4.379e-05,0.01662,0.01375,0.01632,2.5300000000000002e-05,0.0301,0.0,0.0,0.0,0.0,0.0,0.0,0.0,0.0,0.0,0.0,0.0,0.0,0.0,0.0,0.0,0.0,unvectored,none,2,2026-07-25T05:08:43+00:00
intmul_4_4_8_2_7nm_TT_0V75_25C_1333p33MHz,intmul,a_width=4;b_width=4;out_width=8;pipeline_stages=2,7nm,TT,0.75,25.0,0.75,1333.3333333333333,4,4,8,2,V-2023.12-SP4,122,104,18,13.06368,7.2576,5.80608,0.14754098360655737,0.4444444444444444,0.34,0.2,0.0,0,V-2023.12-SP4,117,99,18,12.89,7.08,5.81,18.3698,0.7015,0.15384615384615385,0.4507370054305663,0.24,0.29,0.0,0,V-2023.12-SP3,V-2023.12-SP4,0.1065,0.02657,7.575999999999999e-05,0.1331,0.13307,0.09980249999999999,0.06662,0.0,0.0,0.06662,0.02181,0.008678,4.915e-05,0.03054,0.01806,0.01789,2.661e-05,0.03598,0.0,0.0,0.0,0.0,0.0,0.0,0.0,0.0,0.0,0.0,0.0,0.0,0.0,0.0,0.0,0.0,vectored,random,2,2026-07-25T05:08:49+00:00
intmul_24_24_48_5_20nm_TT_0V9_25C_250MHz,intmul,a_width=24;b_width=24;out_width=48;pipeline_stages=5,20nm,TT,0.9,25.0,4.0,250.0,24,24,48,5,V-2023.12-SP4,2759,2441,318,2369.875187,1698.259191,671.615996,0.11525915186661834,0.2833972015421587,3.19,0.58,0.0,0,V-2023.12-SP4,2775,2457,318,2389.2,1716.95,672.25,3345.408,0.7142,0.11459459459459459,0.2813703331659133,3.11,0.65,0.0,0,V-2023.12-SP3,V-2023.12-SP4,0.91,0.3346,0.002141,1.247,1.2446000000000002,4.978400000000001,0.5053,0.03868,3.234e-05,0.544,0.09045,0.02889,0.00048080000000000003,0.1198,0.3142,0.26699999999999996,0.0016279999999999999,0.5829,0.0,0.0,0.0,0.0,0.0,0.0,0.0,0.0,0.0,0.0,0.0,0.0,0.0,0.0,0.0,0.0,unvectored,none,2,2026-07-25T05:09:04+00:00
intmul_24_24_48_5_20nm_TT_0V9_25C_250MHz,intmul,a_width=24;b_width=24;out_width=48;pipeline_stages=5,20nm,TT,0.9,25.0,4.0,250.0,24,24,48,5,V-2023.12-SP4,2759,2441,318,2369.875187,1698.259191,671.615996,0.11525915186661834,0.2833972015421587,3.19,0.58,0.0,0,V-2023.12-SP4,2775,2457,318,2389.2,1716.95,672.25,3345.408,0.7142,0.11459459459459459,0.2813703331659133,3.11,0.65,0.0,0,V-2023.12-SP3,V-2023.12-SP4,1.306,0.5837,0.002256,1.8920000000000001,1.8897,7.5588,0.5058,0.03868,3.235e-05,0.5445,0.23299999999999998,0.06834,0.0005656000000000001,0.3019,0.5669,0.47659999999999997,0.001658,1.045,0.0,0.0,0.0,0.0,0.0,0.0,0.0,0.0,0.0,0.0,0.0,0.0,0.0,0.0,0.0,0.0,vectored,random,2,2026-07-25T05:09:11+00:00
intmul_4_4_8_2_7nm_TT_0V75_25C_800MHz,intmul,a_width=4;b_width=4;out_width=8;pipeline_stages=2,7nm,TT,0.75,25.0,1.25,800.0,4,4,8,2,V-2023.12-SP4,122,104,18,13.06368,7.2576,5.80608,0.14754098360655737,0.4444444444444444,0.06,0.54,0.0,0,V-2023.12-SP4,117,99,18,12.89,7.08,5.81,18.3698,0.7015,0.15384615384615385,0.4507370054305663,0.49,0.54,0.0,0,V-2023.12-SP3,V-2023.12-SP4,0.0557,0.012490000000000001,6.909e-05,0.06826,0.06819,0.0852375,0.04007,0.0,0.0,0.04007,0.007353,0.002613,4.379e-05,0.010010000000000002,0.008284999999999999,0.009875,2.5300000000000002e-05,0.01819,0.0,0.0,0.0,0.0,0.0,0.0,0.0,0.0,0.0,0.0,0.0,0.0,0.0,0.0,0.0,0.0,unvectored,none,2,2026-07-25T05:09:14+00:00
intmul_4_4_8_2_7nm_TT_0V75_25C_800MHz,intmul,a_width=4;b_width=4;out_width=8;pipeline_stages=2,7nm,TT,0.75,25.0,1.25,800.0,4,4,8,2,V-2023.12-SP4,122,104,18,13.06368,7.2576,5.80608,0.14754098360655737,0.4444444444444444,0.06,0.54,0.0,0,V-2023.12-SP4,117,99,18,12.89,7.08,5.81,18.3698,0.7015,0.15384615384615385,0.4507370054305663,0.49,0.54,0.0,0,V-2023.12-SP3,V-2023.12-SP4,0.0641,0.016,7.578e-05,0.08017,0.0801,0.100125,0.040049999999999995,0.0,0.0,0.040049999999999995,0.01309,0.005205,4.918e-05,0.018340000000000002,0.01096,0.0108,2.66e-05,0.02178,0.0,0.0,0.0,0.0,0.0,0.0,0.0,0.0,0.0,0.0,0.0,0.0,0.0,0.0,0.0,0.0,vectored,random,2,2026-07-25T05:09:21+00:00
intmul_16_16_32_3_5nm_TT_0V7_25C_666p667MHz,intmul,a_width=16;b_width=16;out_width=32;pipeline_stages=3,5nm,TT,0.7,25.0,1.5,666.6666666666666,16,16,32,3,V-2023.12-SP4,1064,949,115,71.954399,52.6344,19.32,0.1080827067669173,0.26850338920904615,1.17,0.11,0.0,0,V-2023.12-SP4,1062,947,115,72.8,53.33,19.47,101.808,0.7151,0.10828625235404897,0.26744505494505494,0.83,0.54,0.0,0,V-2023.12-SP3,V-2023.12-SP4,0.41609999999999997,0.25999999999999995,0.0005422,0.6767,0.6760999999999999,1.0141499999999999,0.2206,0.04579,1.5169999999999999e-05,0.2664,0.04123,0.02984,0.0002092,0.07128,0.1542,0.1844,0.0003178,0.339,0.0,0.0,0.0,0.0,0.0,0.0,0.0,0.0,0.0,0.0,0.0,0.0,0.0,0.0,0.0,0.0,unvectored,none,2,2026-07-25T05:09:24+00:00
intmul_16_16_32_3_5nm_TT_0V7_25C_666p667MHz,intmul,a_width=16;b_width=16;out_width=32;pipeline_stages=3,5nm,TT,0.7,25.0,1.5,666.6666666666666,16,16,32,3,V-2023.12-SP4,1064,949,115,71.954399,52.6344,19.32,0.1080827067669173,0.26850338920904615,1.17,0.11,0.0,0,V-2023.12-SP4,1062,947,115,72.8,53.33,19.47,101.808,0.7151,0.10828625235404897,0.26744505494505494,0.83,0.54,0.0,0,V-2023.12-SP3,V-2023.12-SP4,0.6491,0.4777,0.0005363999999999999,1.127,1.1268,1.6902,0.2216,0.04579,1.5169999999999999e-05,0.26739999999999997,0.11270000000000001,0.06902,0.00019119999999999999,0.1819,0.3148,0.3629,0.00033,0.678,0.0,0.0,0.0,0.0,0.0,0.0,0.0,0.0,0.0,0.0,0.0,0.0,0.0,0.0,0.0,0.0,vectored,random,2,2026-07-25T05:09:32+00:00
intmul_32_32_64_2_16nm_TT_0V85_25C_307p692MHz,intmul,a_width=32;b_width=32;out_width=64;pipeline_stages=2,16nm,TT,0.85,25.0,3.25,307.6923076923077,32,32,64,2,V-2023.12-SP4,3042,2912,130,1380.084521,1217.970466,162.114055,0.042735042735042736,0.11746675840008208,3.0,0.02,0.0,0,V-2023.12-SP4,3020,2890,130,1376.97,1212.99,163.98,1968.6966,0.6994,0.04304635761589404,0.11908756182051895,2.98,0.04,0.0,0,V-2023.12-SP3,V-2023.12-SP4,0.6867000000000001,0.5228999999999999,0.002252,1.212,1.2096,3.9312,0.1985,0.01089,2.437e-06,0.2094,0.042570000000000004,0.01078,0.0006397,0.05399,0.4455,0.5012000000000001,0.00161,0.9483999999999999,0.0,0.0,0.0,0.0,0.0,0.0,0.0,0.0,0.0,0.0,0.0,0.0,0.0,0.0,0.0,0.0,unvectored,none,2,2026-07-25T05:10:20+00:00
intmul_32_32_64_2_16nm_TT_0V85_25C_307p692MHz,intmul,a_width=32;b_width=32;out_width=64;pipeline_stages=2,16nm,TT,0.85,25.0,3.25,307.6923076923077,32,32,64,2,V-2023.12-SP4,3042,2912,130,1380.084521,1217.970466,162.114055,0.042735042735042736,0.11746675840008208,3.0,0.02,0.0,0,V-2023.12-SP4,3020,2890,130,1376.97,1212.99,163.98,1968.6966,0.6994,0.04304635761589404,0.11908756182051895,2.98,0.04,0.0,0,V-2023.12-SP3,V-2023.12-SP4,1.389,1.168,0.0021449999999999998,2.56,2.557,8.31025,0.19890000000000002,0.01089,2.437e-06,0.20980000000000001,0.1476,0.02593,0.0005244000000000001,0.1741,1.0430000000000001,1.131,0.001618,2.176,0.0,0.0,0.0,0.0,0.0,0.0,0.0,0.0,0.0,0.0,0.0,0.0,0.0,0.0,0.0,0.0,vectored,random,2,2026-07-25T05:10:27+00:00
intmul_4_4_8_3_7nm_TT_0V75_25C_1333p33MHz,intmul,a_width=4;b_width=4;out_width=8;pipeline_stages=3,7nm,TT,0.75,25.0,0.75,1333.3333333333333,4,4,8,3,V-2023.12-SP4,140,109,31,17.773056,7.773696,9.99936,0.22142857142857142,0.5626134301270417,0.26,0.27,0.0,0,V-2023.12-SP4,137,106,31,17.66,7.66,10.0,23.9017,0.7389,0.22627737226277372,0.5662514156285391,0.24,0.29,0.0,0,V-2023.12-SP3,V-2023.12-SP4,0.1507,0.023110000000000002,0.00010400000000000001,0.1739,0.17381,0.1303575,0.1149,0.0,0.0,0.1149,0.0208,0.0063679999999999995,7.688e-05,0.02724,0.01497,0.016739999999999998,2.71e-05,0.03174,0.0,0.0,0.0,0.0,0.0,0.0,0.0,0.0,0.0,0.0,0.0,0.0,0.0,0.0,0.0,0.0,unvectored,none,2,2026-07-25T05:11:17+00:00
intmul_4_4_8_3_7nm_TT_0V75_25C_1333p33MHz,intmul,a_width=4;b_width=4;out_width=8;pipeline_stages=3,7nm,TT,0.75,25.0,0.75,1333.3333333333333,4,4,8,3,V-2023.12-SP4,140,109,31,17.773056,7.773696,9.99936,0.22142857142857142,0.5626134301270417,0.26,0.27,0.0,0,V-2023.12-SP4,137,106,31,17.66,7.66,10.0,23.9017,0.7389,0.22627737226277372,0.5662514156285391,0.24,0.29,0.0,0,V-2023.12-SP3,V-2023.12-SP4,0.1709,0.03141,0.000112,0.2024,0.20231,0.1517325,0.1149,0.0,0.0,0.1149,0.03619,0.01188,8.391e-05,0.04815,0.01984,0.019530000000000002,2.81e-05,0.039400000000000004,0.0,0.0,0.0,0.0,0.0,0.0,0.0,0.0,0.0,0.0,0.0,0.0,0.0,0.0,0.0,0.0,vectored,random,2,2026-07-25T05:11:25+00:00
intmul_16_16_32_5_5nm_TT_0V7_25C_666p667MHz,intmul,a_width=16;b_width=16;out_width=32;pipeline_stages=5,5nm,TT,0.7,25.0,1.5,666.6666666666666,16,16,32,5,V-2023.12-SP4,1468,1253,215,96.221999,60.101999,36.12,0.14645776566757493,0.37538193318972723,1.0,0.28,0.0,0,V-2023.12-SP4,1477,1262,215,97.61,61.12,36.49,135.6264,0.7197,0.14556533513879485,0.37383464808933514,0.84,0.53,0.0,0,V-2023.12-SP3,V-2023.12-SP4,0.643,0.3298,0.0007795,0.9736,0.9728,1.4592,0.4095,0.08841,2.019e-05,0.4979,0.07409,0.037419999999999995,0.0003895,0.1119,0.1595,0.2039,0.0003699,0.3638,0.0,0.0,0.0,0.0,0.0,0.0,0.0,0.0,0.0,0.0,0.0,0.0,0.0,0.0,0.0,0.0,unvectored,none,2,2026-07-25T05:11:41+00:00
intmul_16_16_32_5_5nm_TT_0V7_25C_666p667MHz,intmul,a_width=16;b_width=16;out_width=32;pipeline_stages=5,5nm,TT,0.7,25.0,1.5,666.6666666666666,16,16,32,5,V-2023.12-SP4,1468,1253,215,96.221999,60.101999,36.12,0.14645776566757493,0.37538193318972723,1.0,0.28,0.0,0,V-2023.12-SP4,1477,1262,215,97.61,61.12,36.49,135.6264,0.7197,0.14556533513879485,0.37383464808933514,0.84,0.53,0.0,0,V-2023.12-SP3,V-2023.12-SP4,0.9380000000000001,0.5817,0.0007659,1.521,1.5197,2.27955,0.4112,0.08841,2.02e-05,0.4996999999999999,0.19090000000000001,0.08593999999999999,0.0003576,0.2772,0.3359,0.4074,0.0003881,0.7437,0.0,0.0,0.0,0.0,0.0,0.0,0.0,0.0,0.0,0.0,0.0,0.0,0.0,0.0,0.0,0.0,vectored,random,2,2026-07-25T05:11:48+00:00
intmul_4_4_8_3_7nm_TT_0V75_25C_1000MHz,intmul,a_width=4;b_width=4;out_width=8;pipeline_stages=3,7nm,TT,0.75,25.0,1.0,1000.0,4,4,8,3,V-2023.12-SP4,140,109,31,17.773056,7.773696,9.99936,0.22142857142857142,0.5626134301270417,0.06,0.42,0.0,0,V-2023.12-SP4,137,106,31,17.66,7.66,10.0,23.9017,0.7389,0.22627737226277372,0.5662514156285391,0.37,0.42,0.0,0,V-2023.12-SP3,V-2023.12-SP4,0.11299999999999999,0.01738,0.00010400000000000001,0.1304,0.13038,0.13038,0.08608,0.0,0.0,0.08608,0.0156,0.004743,7.688999999999999e-05,0.02042,0.01127,0.012639999999999998,2.71e-05,0.02394,0.0,0.0,0.0,0.0,0.0,0.0,0.0,0.0,0.0,0.0,0.0,0.0,0.0,0.0,0.0,0.0,unvectored,none,2,2026-07-25T05:11:51+00:00
intmul_4_4_8_3_7nm_TT_0V75_25C_1000MHz,intmul,a_width=4;b_width=4;out_width=8;pipeline_stages=3,7nm,TT,0.75,25.0,1.0,1000.0,4,4,8,3,V-2023.12-SP4,140,109,31,17.773056,7.773696,9.99936,0.22142857142857142,0.5626134301270417,0.06,0.42,0.0,0,V-2023.12-SP4,137,106,31,17.66,7.66,10.0,23.9017,0.7389,0.22627737226277372,0.5662514156285391,0.37,0.42,0.0,0,V-2023.12-SP3,V-2023.12-SP4,0.12789999999999999,0.02347,0.000112,0.1515,0.15136999999999998,0.15136999999999998,0.08603999999999999,0.0,0.0,0.08603999999999999,0.02714,0.008855,8.39e-05,0.03607,0.014759999999999999,0.014610000000000001,2.809e-05,0.0294,0.0,0.0,0.0,0.0,0.0,0.0,0.0,0.0,0.0,0.0,0.0,0.0,0.0,0.0,0.0,0.0,vectored,random,2,2026-07-25T05:11:58+00:00
intmul_32_32_64_5_10nm_TT_0V8_25C_500MHz,intmul,a_width=32;b_width=32;out_width=64;pipeline_stages=5,10nm,TT,0.8,25.0,2.0,500.0,32,32,64,5,V-2023.12-SP4,4372,3949,423,1020.549144,760.657932,259.891212,0.09675205855443733,0.25465820389733235,1.73,0.05,0.0,0,V-2023.12-SP4,4420,3997,423,1030.38,770.49,259.89,1450.6906,0.7103,0.09570135746606334,0.2522273336050777,1.53,0.32,0.0,0,V-2023.12-SP3,V-2023.12-SP4,1.709,1.012,0.002695,2.7239999999999998,2.721,5.442,0.8406,0.1784,6.399e-05,1.019,0.1494,0.07159,0.0006192000000000001,0.2217,0.7192999999999999,0.7617,0.002012,1.4829999999999999,0.0,0.0,0.0,0.0,0.0,0.0,0.0,0.0,0.0,0.0,0.0,0.0,0.0,0.0,0.0,0.0,unvectored,none,2,2026-07-25T05:12:04+00:00
intmul_32_32_64_5_10nm_TT_0V8_25C_500MHz,intmul,a_width=32;b_width=32;out_width=64;pipeline_stages=5,10nm,TT,0.8,25.0,2.0,500.0,32,32,64,5,V-2023.12-SP4,4372,3949,423,1020.549144,760.657932,259.891212,0.09675205855443733,0.25465820389733235,1.73,0.05,0.0,0,V-2023.12-SP4,4420,3997,423,1030.38,770.49,259.89,1450.6906,0.7103,0.09570135746606334,0.2522273336050777,1.53,0.32,0.0,0,V-2023.12-SP3,V-2023.12-SP4,3.104,2.165,0.002766,5.271999999999999,5.269,10.538,0.8402000000000001,0.1784,6.400000000000001e-05,1.019,0.4729,0.1712,0.0006641,0.6447,1.7910000000000001,1.8159999999999998,0.002038,3.609,0.0,0.0,0.0,0.0,0.0,0.0,0.0,0.0,0.0,0.0,0.0,0.0,0.0,0.0,0.0,0.0,vectored,random,2,2026-07-25T05:12:12+00:00
intmul_32_32_64_2_20nm_TT_0V9_25C_222p222MHz,intmul,a_width=32;b_width=32;out_width=64;pipeline_stages=2,20nm,TT,0.9,25.0,4.5,222.22222222222223,32,32,64,2,V-2023.12-SP4,3150,3020,130,2342.102387,2067.119989,274.982399,0.04126984126984127,0.11740835948347463,4.26,0.0,0.0,0,V-2023.12-SP4,3147,3017,130,2375.79,2100.17,275.62,3330.2016,0.7134,0.04130918334922148,0.11601193708198115,4.22,0.07,0.0,0,V-2023.12-SP3,V-2023.12-SP4,0.6085,0.4441,0.0022299999999999998,1.055,1.0526,4.7367,0.1749,0.009885,6.097e-06,0.1848,0.037200000000000004,0.01045,0.0001984,0.04784,0.3964,0.4238,0.002026,0.8222,0.0,0.0,0.0,0.0,0.0,0.0,0.0,0.0,0.0,0.0,0.0,0.0,0.0,0.0,0.0,0.0,unvectored,none,2,2026-07-25T05:12:23+00:00
intmul_32_32_64_2_20nm_TT_0V9_25C_222p222MHz,intmul,a_width=32;b_width=32;out_width=64;pipeline_stages=2,20nm,TT,0.9,25.0,4.5,222.22222222222223,32,32,64,2,V-2023.12-SP4,3150,3020,130,2342.102387,2067.119989,274.982399,0.04126984126984127,0.11740835948347463,4.26,0.0,0.0,0,V-2023.12-SP4,3147,3017,130,2375.79,2100.17,275.62,3330.2016,0.7134,0.04130918334922148,0.11601193708198115,4.22,0.07,0.0,0,V-2023.12-SP3,V-2023.12-SP4,1.1329999999999998,0.9117,0.002277,2.047,2.0446999999999997,9.201149999999998,0.1751,0.009885,6.097e-06,0.185,0.1219,0.02521,0.0002357,0.14730000000000001,0.8360000000000001,0.8765999999999999,0.002035,1.7149999999999999,0.0,0.0,0.0,0.0,0.0,0.0,0.0,0.0,0.0,0.0,0.0,0.0,0.0,0.0,0.0,0.0,vectored,random,2,2026-07-25T05:12:31+00:00
intmul_4_4_8_5_7nm_TT_0V75_25C_1333p33MHz,intmul,a_width=4;b_width=4;out_width=8;pipeline_stages=5,7nm,TT,0.75,25.0,0.75,1333.3333333333333,4,4,8,5,V-2023.12-SP4,194,138,56,27.514369,9.451008,18.063361,0.28865979381443296,0.6565064603153357,0.06,0.29,0.0,0,V-2023.12-SP4,191,135,56,27.43,9.37,18.06,37.546,0.7307,0.2931937172774869,0.6584032081662413,0.24,0.29,0.0,0,V-2023.12-SP3,V-2023.12-SP4,0.2651,0.03016,0.00018020000000000002,0.29550000000000004,0.29526,0.221445,0.2061,0.0,0.0,0.2061,0.03724,0.009219999999999999,0.0001405,0.0466,0.02175,0.02094,3.968e-05,0.04273,0.0,0.0,0.0,0.0,0.0,0.0,0.0,0.0,0.0,0.0,0.0,0.0,0.0,0.0,0.0,0.0,unvectored,none,2,2026-07-25T05:13:40+00:00
intmul_4_4_8_5_7nm_TT_0V75_25C_1333p33MHz,intmul,a_width=4;b_width=4;out_width=8;pipeline_stages=5,7nm,TT,0.75,25.0,0.75,1333.3333333333333,4,4,8,5,V-2023.12-SP4,194,138,56,27.514369,9.451008,18.063361,0.28865979381443296,0.6565064603153357,0.06,0.29,0.0,0,V-2023.12-SP4,191,135,56,27.43,9.37,18.06,37.546,0.7307,0.2931937172774869,0.6584032081662413,0.24,0.29,0.0,0,V-2023.12-SP3,V-2023.12-SP4,0.29710000000000003,0.03768,0.0001932,0.33490000000000003,0.33478,0.251085,0.206,0.0,0.0,0.206,0.06272,0.016249999999999997,0.0001511,0.07912,0.02831,0.02142,4.206e-05,0.04978,0.0,0.0,0.0,0.0,0.0,0.0,0.0,0.0,0.0,0.0,0.0,0.0,0.0,0.0,0.0,0.0,vectored,random,2,2026-07-25T05:13:47+00:00
intmul_32_32_64_3_20nm_TT_0V9_25C_235p294MHz,intmul,a_width=32;b_width=32;out_width=64;pipeline_stages=3,20nm,TT,0.9,25.0,4.25,235.2941176470588,32,32,64,3,V-2023.12-SP4,3706,3479,227,2821.948785,2341.891187,480.057597,0.061252023745277925,0.17011563057123305,4.01,0.0,0.0,0,V-2023.12-SP4,3731,3504,227,2864.08,2382.12,481.96,4012.6944,0.7138,0.06084159742696328,0.1682774224183682,4.07,0.13,0.0,0,V-2023.12-SP3,V-2023.12-SP4,0.9055,0.5149,0.002727,1.423,1.4203999999999999,6.0367,0.345,0.01643,1.045e-05,0.3614,0.06547,0.02101,0.0003478,0.08682999999999999,0.495,0.4775,0.002369,0.9749,0.0,0.0,0.0,0.0,0.0,0.0,0.0,0.0,0.0,0.0,0.0,0.0,0.0,0.0,0.0,0.0,unvectored,none,2,2026-07-25T05:13:50+00:00
intmul_4_4_8_5_7nm_TT_0V75_25C_1000MHz,intmul,a_width=4;b_width=4;out_width=8;pipeline_stages=5,7nm,TT,0.75,25.0,1.0,1000.0,4,4,8,5,V-2023.12-SP4,194,138,56,27.514369,9.451008,18.063361,0.28865979381443296,0.6565064603153357,0.06,0.42,0.0,0,V-2023.12-SP4,191,135,56,27.45,9.39,18.06,37.546,0.7311,0.2931937172774869,0.6579234972677596,0.37,0.41,0.0,0,V-2023.12-SP3,V-2023.12-SP4,0.1985,0.02351,0.0001804,0.2222,0.22201,0.22201,0.1542,0.0,0.0,0.1542,0.02792,0.006901,0.0001405,0.03496,0.01645,0.01661,3.99e-05,0.0331,0.0,0.0,0.0,0.0,0.0,0.0,0.0,0.0,0.0,0.0,0.0,0.0,0.0,0.0,0.0,0.0,unvectored,none,2,2026-07-25T05:13:55+00:00
intmul_32_32_64_3_20nm_TT_0V9_25C_235p294MHz,intmul,a_width=32;b_width=32;out_width=64;pipeline_stages=3,20nm,TT,0.9,25.0,4.25,235.2941176470588,32,32,64,3,V-2023.12-SP4,3706,3479,227,2821.948785,2341.891187,480.057597,0.061252023745277925,0.17011563057123305,4.01,0.0,0.0,0,V-2023.12-SP4,3731,3504,227,2864.08,2382.12,481.96,4012.6944,0.7138,0.06084159742696328,0.1682774224183682,4.07,0.13,0.0,0,V-2023.12-SP3,V-2023.12-SP4,1.509,0.9795999999999999,0.0028090000000000003,2.491,2.4886,10.57655,0.3453,0.01643,1.045e-05,0.3617,0.1972,0.05003,0.0004132,0.24760000000000001,0.9663,0.9131,0.002385,1.882,0.0,0.0,0.0,0.0,0.0,0.0,0.0,0.0,0.0,0.0,0.0,0.0,0.0,0.0,0.0,0.0,vectored,random,2,2026-07-25T05:13:58+00:00
intmul_4_4_8_5_7nm_TT_0V75_25C_1000MHz,intmul,a_width=4;b_width=4;out_width=8;pipeline_stages=5,7nm,TT,0.75,25.0,1.0,1000.0,4,4,8,5,V-2023.12-SP4,194,138,56,27.514369,9.451008,18.063361,0.28865979381443296,0.6565064603153357,0.06,0.42,0.0,0,V-2023.12-SP4,191,135,56,27.45,9.39,18.06,37.546,0.7311,0.2931937172774869,0.6579234972677596,0.37,0.41,0.0,0,V-2023.12-SP3,V-2023.12-SP4,0.2232,0.02885,0.00019329999999999998,0.2522,0.25205,0.25205,0.15410000000000001,0.0,0.0,0.15410000000000001,0.04725,0.01219,0.0001511,0.05959,0.021840000000000002,0.01666,4.223e-05,0.03854,0.0,0.0,0.0,0.0,0.0,0.0,0.0,0.0,0.0,0.0,0.0,0.0,0.0,0.0,0.0,0.0,vectored,random,2,2026-07-25T05:14:02+00:00
intmul_6_6_12_2_7nm_TT_0V75_25C_1333p33MHz,intmul,a_width=6;b_width=6;out_width=12;pipeline_stages=2,7nm,TT,0.75,25.0,0.75,1333.3333333333333,6,6,12,2,V-2023.12-SP4,210,184,26,24.369408,15.982848,8.38656,0.12380952380952381,0.34414295168762404,0.51,0.02,0.0,0,V-2023.12-SP4,204,178,26,24.19,15.81,8.39,34.1268,0.7089,0.12745098039215685,0.3468375361719719,0.25,0.28,0.0,0,V-2023.12-SP3,V-2023.12-SP4,0.14980000000000002,0.04858,0.0001188,0.1985,0.19838,0.148785,0.09612,0.0,0.0,0.09612,0.01873,0.009120000000000001,6.43e-05,0.027909999999999997,0.03494,0.039459999999999995,5.4510000000000005e-05,0.07446,0.0,0.0,0.0,0.0,0.0,0.0,0.0,0.0,0.0,0.0,0.0,0.0,0.0,0.0,0.0,0.0,unvectored,none,2,2026-07-25T05:14:39+00:00
intmul_6_6_12_2_7nm_TT_0V75_25C_1333p33MHz,intmul,a_width=6;b_width=6;out_width=12;pipeline_stages=2,7nm,TT,0.75,25.0,0.75,1333.3333333333333,6,6,12,2,V-2023.12-SP4,210,184,26,24.369408,15.982848,8.38656,0.12380952380952381,0.34414295168762404,0.51,0.02,0.0,0,V-2023.12-SP4,204,178,26,24.19,15.81,8.39,34.1268,0.7089,0.12745098039215685,0.3468375361719719,0.25,0.28,0.0,0,V-2023.12-SP3,V-2023.12-SP4,0.1754,0.06475,0.0001293,0.24020000000000002,0.24015,0.1801125,0.09608,0.0,0.0,0.09608,0.036449999999999996,0.01929,7.296e-05,0.055810000000000005,0.04283,0.04547,5.635e-05,0.08836,0.0,0.0,0.0,0.0,0.0,0.0,0.0,0.0,0.0,0.0,0.0,0.0,0.0,0.0,0.0,0.0,vectored,random,2,2026-07-25T05:14:46+00:00
intmul_32_32_64_5_16nm_TT_0V85_25C_333p333MHz,intmul,a_width=32;b_width=32;out_width=64;pipeline_stages=5,16nm,TT,0.85,25.0,3.0,333.3333333333333,32,32,64,5,V-2023.12-SP4,4414,3991,423,2080.048963,1553.769259,526.279704,0.09583144540099683,0.25301313255672625,2.76,0.01,0.0,0,V-2023.12-SP4,4438,4015,423,2128.26,1581.45,546.81,2947.1662,0.7221,0.09531320414601172,0.2569281948634095,2.83,0.09,0.0,0,V-2023.12-SP3,V-2023.12-SP4,1.562,0.7883,0.1323,2.483,2.3503,7.0508999999999995,0.7844,0.1209,0.1285,1.034,0.14650000000000002,0.052809999999999996,0.001554,0.2009,0.6315999999999999,0.6145999999999999,0.002186,1.248,0.0,0.0,0.0,0.0,0.0,0.0,0.0,0.0,0.0,0.0,0.0,0.0,0.0,0.0,0.0,0.0,unvectored,none,2,2026-07-25T05:14:54+00:00
intmul_32_32_64_5_16nm_TT_0V85_25C_333p333MHz,intmul,a_width=32;b_width=32;out_width=64;pipeline_stages=5,16nm,TT,0.85,25.0,3.0,333.3333333333333,32,32,64,5,V-2023.12-SP4,4414,3991,423,2080.048963,1553.769259,526.279704,0.09583144540099683,0.25301313255672625,2.76,0.01,0.0,0,V-2023.12-SP4,4438,4015,423,2128.26,1581.45,546.81,2947.1662,0.7221,0.09531320414601172,0.2569281948634095,2.83,0.09,0.0,0,V-2023.12-SP3,V-2023.12-SP4,2.6,1.555,0.13210000000000002,4.288,4.155,12.465,0.7852,0.1209,0.1285,1.035,0.42069999999999996,0.1258,0.001368,0.5478,1.3940000000000001,1.309,0.0022180000000000004,2.705,0.0,0.0,0.0,0.0,0.0,0.0,0.0,0.0,0.0,0.0,0.0,0.0,0.0,0.0,0.0,0.0,vectored,random,2,2026-07-25T05:15:01+00:00
intmul_6_6_12_2_7nm_TT_0V75_25C_800MHz,intmul,a_width=6;b_width=6;out_width=12;pipeline_stages=2,7nm,TT,0.75,25.0,1.25,800.0,6,6,12,2,V-2023.12-SP4,210,184,26,24.369408,15.982848,8.38656,0.12380952380952381,0.34414295168762404,0.51,0.52,0.0,0,V-2023.12-SP4,207,181,26,25.13,16.74,8.39,34.1268,0.7363,0.12560386473429952,0.3338639076800637,0.5,0.63,0.0,0,V-2023.12-SP3,V-2023.12-SP4,0.1172,0.04669,0.0001292,0.1641,0.16389,0.2048625,0.08508,0.01761,1.076e-05,0.1027,0.011229999999999999,0.005446,6.432999999999999e-05,0.016739999999999998,0.02093,0.02364,5.4090000000000006e-05,0.04462,0.0,0.0,0.0,0.0,0.0,0.0,0.0,0.0,0.0,0.0,0.0,0.0,0.0,0.0,0.0,0.0,unvectored,none,2,2026-07-25T05:16:28+00:00
intmul_6_6_12_2_7nm_TT_0V75_25C_800MHz,intmul,a_width=6;b_width=6;out_width=12;pipeline_stages=2,7nm,TT,0.75,25.0,1.25,800.0,6,6,12,2,V-2023.12-SP4,210,184,26,24.369408,15.982848,8.38656,0.12380952380952381,0.34414295168762404,0.51,0.52,0.0,0,V-2023.12-SP4,207,181,26,25.13,16.74,8.39,34.1268,0.7363,0.12560386473429952,0.3338639076800637,0.5,0.63,0.0,0,V-2023.12-SP3,V-2023.12-SP4,0.1331,0.05648,0.0001402,0.1897,0.18958,0.236975,0.08506,0.01761,1.079e-05,0.1027,0.02209,0.0115,7.353999999999999e-05,0.03367,0.02595,0.027370000000000002,5.59e-05,0.05337,0.0,0.0,0.0,0.0,0.0,0.0,0.0,0.0,0.0,0.0,0.0,0.0,0.0,0.0,0.0,0.0,vectored,random,2,2026-07-25T05:16:35+00:00
intmul_6_6_12_3_7nm_TT_0V75_25C_1333p33MHz,intmul,a_width=6;b_width=6;out_width=12;pipeline_stages=3,7nm,TT,0.75,25.0,0.75,1333.3333333333333,6,6,12,3,V-2023.12-SP4,249,204,45,31.562496,17.047296,14.515201,0.18072289156626506,0.45988761471843037,0.41,0.12,0.0,0,V-2023.12-SP4,249,204,45,31.55,17.03,14.52,43.6101,0.7234,0.18072289156626506,0.46022187004754356,0.25,0.28,0.0,0,V-2023.12-SP3,V-2023.12-SP4,0.2335,0.04938,0.00017490000000000002,0.283,0.28288,0.21216000000000002,0.1651,0.0,0.0,0.1651,0.031279999999999995,0.01063,0.0001125,0.042030000000000005,0.037079999999999995,0.03875,6.241000000000001e-05,0.07589,0.0,0.0,0.0,0.0,0.0,0.0,0.0,0.0,0.0,0.0,0.0,0.0,0.0,0.0,0.0,0.0,unvectored,none,2,2026-07-25T05:16:52+00:00
intmul_6_6_12_3_7nm_TT_0V75_25C_1333p33MHz,intmul,a_width=6;b_width=6;out_width=12;pipeline_stages=3,7nm,TT,0.75,25.0,0.75,1333.3333333333333,6,6,12,3,V-2023.12-SP4,249,204,45,31.562496,17.047296,14.515201,0.18072289156626506,0.45988761471843037,0.41,0.12,0.0,0,V-2023.12-SP4,249,204,45,31.55,17.03,14.52,43.6101,0.7234,0.18072289156626506,0.46022187004754356,0.25,0.28,0.0,0,V-2023.12-SP3,V-2023.12-SP4,0.27290000000000003,0.06801,0.0001909,0.3411,0.34091000000000005,0.25568250000000003,0.165,0.0,0.0,0.165,0.059070000000000004,0.02118,0.00012539999999999999,0.08038,0.048819999999999995,0.04683,6.548e-05,0.09572,0.0,0.0,0.0,0.0,0.0,0.0,0.0,0.0,0.0,0.0,0.0,0.0,0.0,0.0,0.0,0.0,vectored,random,2,2026-07-25T05:16:59+00:00
intmul_6_6_12_3_7nm_TT_0V75_25C_800MHz,intmul,a_width=6;b_width=6;out_width=12;pipeline_stages=3,7nm,TT,0.75,25.0,1.25,800.0,6,6,12,3,V-2023.12-SP4,249,204,45,31.562496,17.047296,14.515201,0.18072289156626506,0.45988761471843037,0.08,0.53,0.0,0,V-2023.12-SP4,251,206,45,32.42,17.9,14.52,43.6101,0.7433,0.17928286852589642,0.4478716841455891,0.5,0.62,0.0,0,V-2023.12-SP3,V-2023.12-SP4,0.1737,0.049049999999999996,0.00018470000000000002,0.223,0.22275,0.2784375,0.1327,0.019360000000000002,9.817e-06,0.1521,0.018770000000000002,0.006422,0.0001124,0.02531,0.0222,0.02327,6.241000000000001e-05,0.04553,0.0,0.0,0.0,0.0,0.0,0.0,0.0,0.0,0.0,0.0,0.0,0.0,0.0,0.0,0.0,0.0,unvectored,none,2,2026-07-25T05:17:30+00:00
intmul_6_6_12_3_7nm_TT_0V75_25C_800MHz,intmul,a_width=6;b_width=6;out_width=12;pipeline_stages=3,7nm,TT,0.75,25.0,1.25,800.0,6,6,12,3,V-2023.12-SP4,249,204,45,31.562496,17.047296,14.515201,0.18072289156626506,0.45988761471843037,0.08,0.53,0.0,0,V-2023.12-SP4,251,206,45,32.42,17.9,14.52,43.6101,0.7433,0.17928286852589642,0.4478716841455891,0.5,0.62,0.0,0,V-2023.12-SP3,V-2023.12-SP4,0.1986,0.06135,0.00020109999999999998,0.2601,0.25995,0.3249375,0.1327,0.019360000000000002,9.816e-06,0.1521,0.0359,0.01279,0.0001259,0.04881,0.02998,0.02919,6.546e-05,0.05924,0.0,0.0,0.0,0.0,0.0,0.0,0.0,0.0,0.0,0.0,0.0,0.0,0.0,0.0,0.0,0.0,vectored,random,2,2026-07-25T05:17:37+00:00
intmul_48_48_96_2_16nm_TT_0V85_25C_285p714MHz,intmul,a_width=48;b_width=48;out_width=96;pipeline_stages=2,16nm,TT,0.85,25.0,3.5,285.7142857142857,48,48,96,2,V-2023.12-SP4,5963,5769,194,2832.268121,2590.90107,241.367051,0.03253395941640114,0.08522041017598983,3.26,0.01,0.0,0,V-2023.12-SP4,6020,5826,194,2906.61,2656.53,250.08,4023.6134,0.7224,0.03222591362126246,0.0860383746013397,3.22,0.06,0.0,0,V-2023.12-SP3,V-2023.12-SP4,1.307,1.142,0.02247,2.471,2.449,8.5715,0.2808,0.0145,1.077e-05,0.29540000000000005,0.06264,0.02135,0.0007407,0.08473,0.9631000000000001,1.106,0.02172,2.091,0.0,0.0,0.0,0.0,0.0,0.0,0.0,0.0,0.0,0.0,0.0,0.0,0.0,0.0,0.0,0.0,unvectored,none,2,2026-07-25T05:18:54+00:00
intmul_48_48_96_2_16nm_TT_0V85_25C_285p714MHz,intmul,a_width=48;b_width=48;out_width=96;pipeline_stages=2,16nm,TT,0.85,25.0,3.5,285.7142857142857,48,48,96,2,V-2023.12-SP4,5963,5769,194,2832.268121,2590.90107,241.367051,0.03253395941640114,0.08522041017598983,3.26,0.01,0.0,0,V-2023.12-SP4,6020,5826,194,2906.61,2656.53,250.08,4023.6134,0.7224,0.03222591362126246,0.0860383746013397,3.22,0.06,0.0,0,V-2023.12-SP3,V-2023.12-SP4,2.2659999999999996,2.118,0.02189,4.406000000000001,4.3839999999999995,15.343999999999998,0.2812,0.0145,1.077e-05,0.29569999999999996,0.1971,0.051820000000000005,0.0006495,0.2496,1.787,2.052,0.02123,3.8600000000000003,0.0,0.0,0.0,0.0,0.0,0.0,0.0,0.0,0.0,0.0,0.0,0.0,0.0,0.0,0.0,0.0,vectored,random,2,2026-07-25T05:19:02+00:00
intmul_6_6_12_5_7nm_TT_0V75_25C_1333p33MHz,intmul,a_width=6;b_width=6;out_width=12;pipeline_stages=5,7nm,TT,0.75,25.0,0.75,1333.3333333333333,6,6,12,5,V-2023.12-SP4,311,233,78,44.287489,19.127808,25.159681,0.2508038585209003,0.5680990629204559,0.39,0.14,0.0,0,V-2023.12-SP4,307,229,78,44.19,19.03,25.16,61.996,0.7128,0.254071661237785,0.5693595836162028,0.25,0.28,0.0,0,V-2023.12-SP3,V-2023.12-SP4,0.3799,0.056530000000000004,0.00026450000000000003,0.4367,0.43643000000000004,0.3273225,0.28659999999999997,0.0,0.0,0.28659999999999997,0.0527,0.01446,0.0001962,0.06736,0.04063,0.04206,6.835e-05,0.08276,0.0,0.0,0.0,0.0,0.0,0.0,0.0,0.0,0.0,0.0,0.0,0.0,0.0,0.0,0.0,0.0,unvectored,none,2,2026-07-25T05:19:31+00:00
intmul_6_6_12_5_7nm_TT_0V75_25C_1333p33MHz,intmul,a_width=6;b_width=6;out_width=12;pipeline_stages=5,7nm,TT,0.75,25.0,0.75,1333.3333333333333,6,6,12,5,V-2023.12-SP4,311,233,78,44.287489,19.127808,25.159681,0.2508038585209003,0.5680990629204559,0.39,0.14,0.0,0,V-2023.12-SP4,307,229,78,44.19,19.03,25.16,61.996,0.7128,0.254071661237785,0.5693595836162028,0.25,0.28,0.0,0,V-2023.12-SP3,V-2023.12-SP4,0.4379,0.07655,0.0002848,0.5148,0.5144500000000001,0.38583750000000006,0.28650000000000003,0.0,0.0,0.28650000000000003,0.09598999999999999,0.02832,0.000215,0.12449999999999999,0.05546,0.04824,6.984e-05,0.1038,0.0,0.0,0.0,0.0,0.0,0.0,0.0,0.0,0.0,0.0,0.0,0.0,0.0,0.0,0.0,0.0,vectored,random,2,2026-07-25T05:19:39+00:00
intmul_6_6_12_5_7nm_TT_0V75_25C_800MHz,intmul,a_width=6;b_width=6;out_width=12;pipeline_stages=5,7nm,TT,0.75,25.0,1.25,800.0,6,6,12,5,V-2023.12-SP4,311,233,78,44.287489,19.127808,25.159681,0.2508038585209003,0.5680990629204559,0.08,0.53,0.0,0,V-2023.12-SP4,317,239,78,45.26,20.1,25.16,61.996,0.73,0.24605678233438485,0.555899248784799,0.5,0.63,0.0,0,V-2023.12-SP3,V-2023.12-SP4,0.2607,0.07245,0.0002747,0.33340000000000003,0.33315,0.4164375,0.2046,0.03846,1.025e-05,0.2431,0.03164,0.008705000000000001,0.0001962,0.04054,0.02437,0.02529,6.834e-05,0.049729999999999996,0.0,0.0,0.0,0.0,0.0,0.0,0.0,0.0,0.0,0.0,0.0,0.0,0.0,0.0,0.0,0.0,unvectored,none,2,2026-07-25T05:19:55+00:00
intmul_6_6_12_5_7nm_TT_0V75_25C_800MHz,intmul,a_width=6;b_width=6;out_width=12;pipeline_stages=5,7nm,TT,0.75,25.0,1.25,800.0,6,6,12,5,V-2023.12-SP4,311,233,78,44.287489,19.127808,25.159681,0.2508038585209003,0.5680990629204559,0.08,0.53,0.0,0,V-2023.12-SP4,317,239,78,45.26,20.1,25.16,61.996,0.73,0.24605678233438485,0.555899248784799,0.5,0.63,0.0,0,V-2023.12-SP3,V-2023.12-SP4,0.2968,0.08601,0.0002959,0.3831,0.38281,0.4785125,0.2046,0.03846,1.026e-05,0.2431,0.058100000000000006,0.01698,0.0002158,0.07529000000000001,0.034069999999999996,0.030580000000000003,6.983e-05,0.06472,0.0,0.0,0.0,0.0,0.0,0.0,0.0,0.0,0.0,0.0,0.0,0.0,0.0,0.0,0.0,0.0,vectored,random,2,2026-07-25T05:20:02+00:00
intmul_48_48_96_2_20nm_TT_0V9_25C_200MHz,intmul,a_width=48;b_width=48;out_width=96;pipeline_stages=2,20nm,TT,0.9,25.0,5.0,200.0,48,48,96,2,V-2023.12-SP4,6308,6114,194,4820.639974,4410.911976,409.727998,0.030754597336715282,0.08499452359227357,4.76,0.0,0.0,0,V-2023.12-SP4,6361,6167,194,5017.37,4606.17,411.21,6830.6304,0.7345,0.03049834931614526,0.08195728040786308,4.7,0.07,0.0,0,V-2023.12-SP3,V-2023.12-SP4,1.132,0.9383,0.05636,2.126,2.0703,10.3515,0.2633,0.01415,0.05156,0.32899999999999996,0.05045,0.016120000000000002,0.0002966,0.06687,0.8180000000000001,0.9081,0.004496,1.7309999999999999,0.0,0.0,0.0,0.0,0.0,0.0,0.0,0.0,0.0,0.0,0.0,0.0,0.0,0.0,0.0,0.0,unvectored,none,2,2026-07-25T05:20:21+00:00
intmul_48_48_96_2_20nm_TT_0V9_25C_200MHz,intmul,a_width=48;b_width=48;out_width=96;pipeline_stages=2,20nm,TT,0.9,25.0,5.0,200.0,48,48,96,2,V-2023.12-SP4,6308,6114,194,4820.639974,4410.911976,409.727998,0.030754597336715282,0.08499452359227357,4.76,0.0,0.0,0,V-2023.12-SP4,6361,6167,194,5017.37,4606.17,411.21,6830.6304,0.7345,0.03049834931614526,0.08195728040786308,4.7,0.07,0.0,0,V-2023.12-SP3,V-2023.12-SP4,2.0010000000000003,1.818,0.05642,3.876,3.8190000000000004,19.095000000000002,0.2635,0.01415,0.05156,0.3292,0.1617,0.0391,0.0003535,0.20120000000000002,1.5759999999999998,1.7650000000000001,0.004508,3.3449999999999998,0.0,0.0,0.0,0.0,0.0,0.0,0.0,0.0,0.0,0.0,0.0,0.0,0.0,0.0,0.0,0.0,vectored,random,2,2026-07-25T05:20:29+00:00
intmul_8_8_16_2_7nm_TT_0V75_25C_1000MHz,intmul,a_width=8;b_width=8;out_width=16;pipeline_stages=2,7nm,TT,0.75,25.0,1.0,1000.0,8,8,16,2,V-2023.12-SP4,310,276,34,39.078144,28.111104,10.96704,0.10967741935483871,0.280643829962856,0.67,0.11,0.0,0,V-2023.12-SP4,307,273,34,39.79,28.82,10.97,54.2546,0.7334,0.11074918566775244,0.275697411409902,0.42,0.43,0.0,0,V-2023.12-SP3,V-2023.12-SP4,0.1988,0.08396,0.0001905,0.2829,0.28276,0.28276,0.128,0.01852,9.817e-06,0.1466,0.01893,0.01086,8.469e-05,0.02987,0.0518,0.054580000000000004,9.599000000000001e-05,0.1065,0.0,0.0,0.0,0.0,0.0,0.0,0.0,0.0,0.0,0.0,0.0,0.0,0.0,0.0,0.0,0.0,unvectored,none,2,2026-07-25T05:20:33+00:00
intmul_8_8_16_2_7nm_TT_0V75_25C_1000MHz,intmul,a_width=8;b_width=8;out_width=16;pipeline_stages=2,7nm,TT,0.75,25.0,1.0,1000.0,8,8,16,2,V-2023.12-SP4,310,276,34,39.078144,28.111104,10.96704,0.10967741935483871,0.280643829962856,0.67,0.11,0.0,0,V-2023.12-SP4,307,273,34,39.79,28.82,10.97,54.2546,0.7334,0.11074918566775244,0.275697411409902,0.42,0.43,0.0,0,V-2023.12-SP3,V-2023.12-SP4,0.23,0.10679999999999999,0.0002072,0.337,0.3368,0.3368,0.128,0.01852,9.816e-06,0.14650000000000002,0.03972,0.02398,9.85e-05,0.06379,0.062240000000000004,0.06434,9.887e-05,0.12669999999999998,0.0,0.0,0.0,0.0,0.0,0.0,0.0,0.0,0.0,0.0,0.0,0.0,0.0,0.0,0.0,0.0,vectored,random,2,2026-07-25T05:20:40+00:00
intmul_48_48_96_3_16nm_TT_0V85_25C_285p714MHz,intmul,a_width=48;b_width=48;out_width=96;pipeline_stages=3,16nm,TT,0.85,25.0,3.5,285.7142857142857,48,48,96,3,V-2023.12-SP4,7112,6773,339,3361.844843,2939.701336,422.143507,0.04766591676040495,0.1255690035424993,3.26,0.01,0.0,0,V-2023.12-SP4,7096,6757,339,3413.17,2982.56,430.6,4785.0394,0.7133,0.047773393461104846,0.12615838062563542,3.26,0.11,0.0,0,V-2023.12-SP3,V-2023.12-SP4,1.735,1.312,0.06986,3.117,3.047,10.6645,0.5256,0.09505000000000001,0.06427000000000001,0.6849999999999999,0.1005,0.03344,0.0015480000000000001,0.13549999999999998,1.109,1.184,0.004043,2.297,0.0,0.0,0.0,0.0,0.0,0.0,0.0,0.0,0.0,0.0,0.0,0.0,0.0,0.0,0.0,0.0,unvectored,none,2,2026-07-25T05:22:06+00:00
intmul_48_48_96_3_16nm_TT_0V85_25C_285p714MHz,intmul,a_width=48;b_width=48;out_width=96;pipeline_stages=3,16nm,TT,0.85,25.0,3.5,285.7142857142857,48,48,96,3,V-2023.12-SP4,7112,6773,339,3361.844843,2939.701336,422.143507,0.04766591676040495,0.1255690035424993,3.26,0.01,0.0,0,V-2023.12-SP4,7096,6757,339,3413.17,2982.56,430.6,4785.0394,0.7133,0.047773393461104846,0.12615838062563542,3.26,0.11,0.0,0,V-2023.12-SP3,V-2023.12-SP4,2.7920000000000003,2.2920000000000003,0.06963,5.154,5.0840000000000005,17.794,0.5264,0.09505000000000001,0.06427000000000001,0.6857,0.3076,0.08113000000000001,0.001294,0.39,1.9580000000000002,2.1159999999999997,0.004067,4.078,0.0,0.0,0.0,0.0,0.0,0.0,0.0,0.0,0.0,0.0,0.0,0.0,0.0,0.0,0.0,0.0,vectored,random,2,2026-07-25T05:22:15+00:00
intmul_8_8_16_2_7nm_TT_0V75_25C_666p667MHz,intmul,a_width=8;b_width=8;out_width=16;pipeline_stages=2,7nm,TT,0.75,25.0,1.5,666.6666666666666,8,8,16,2,V-2023.12-SP4,310,276,34,39.078144,28.111104,10.96704,0.10967741935483871,0.280643829962856,0.67,0.61,0.0,0,V-2023.12-SP4,308,274,34,39.85,28.89,10.97,54.2546,0.7345,0.11038961038961038,0.2752823086574655,0.67,0.71,0.0,0,V-2023.12-SP3,V-2023.12-SP4,0.1347,0.06107,0.0001911,0.1959,0.19577,0.293655,0.08750999999999999,0.01726,1.039e-05,0.1048,0.01262,0.007286,8.469e-05,0.01999,0.034530000000000005,0.036520000000000004,9.599000000000001e-05,0.07114999999999999,0.0,0.0,0.0,0.0,0.0,0.0,0.0,0.0,0.0,0.0,0.0,0.0,0.0,0.0,0.0,0.0,unvectored,none,2,2026-07-25T05:22:34+00:00
intmul_8_8_16_2_7nm_TT_0V75_25C_666p667MHz,intmul,a_width=8;b_width=8;out_width=16;pipeline_stages=2,7nm,TT,0.75,25.0,1.5,666.6666666666666,8,8,16,2,V-2023.12-SP4,310,276,34,39.078144,28.111104,10.96704,0.10967741935483871,0.280643829962856,0.67,0.61,0.0,0,V-2023.12-SP4,308,274,34,39.85,28.89,10.97,54.2546,0.7345,0.11038961038961038,0.2752823086574655,0.67,0.71,0.0,0,V-2023.12-SP3,V-2023.12-SP4,0.155,0.07617,0.0002074,0.2314,0.23117,0.346755,0.08749,0.01726,1.039e-05,0.1048,0.02616,0.016059999999999998,9.82e-05,0.04231,0.041350000000000005,0.04284,9.884000000000001e-05,0.0843,0.0,0.0,0.0,0.0,0.0,0.0,0.0,0.0,0.0,0.0,0.0,0.0,0.0,0.0,0.0,0.0,vectored,random,2,2026-07-25T05:22:41+00:00
intmul_8_8_16_3_7nm_TT_0V75_25C_1000MHz,intmul,a_width=8;b_width=8;out_width=16;pipeline_stages=3,7nm,TT,0.75,25.0,1.0,1000.0,8,8,16,3,V-2023.12-SP4,382,323,59,48.448512,29.417472,19.031041,0.1544502617801047,0.3928096078575127,0.52,0.26,0.0,0,V-2023.12-SP4,381,322,59,50.05,31.01,19.03,68.6569,0.7289,0.15485564304461943,0.38021978021978026,0.42,0.44,0.0,0,V-2023.12-SP3,V-2023.12-SP4,0.3094,0.1074,0.00027039999999999996,0.417,0.4168,0.4168,0.22699999999999998,0.03896,1.963e-05,0.266,0.031529999999999996,0.01234,0.000148,0.044020000000000004,0.05083,0.05609,0.00010279999999999999,0.107,0.0,0.0,0.0,0.0,0.0,0.0,0.0,0.0,0.0,0.0,0.0,0.0,0.0,0.0,0.0,0.0,unvectored,none,2,2026-07-25T05:23:11+00:00
intmul_8_8_16_3_7nm_TT_0V75_25C_1000MHz,intmul,a_width=8;b_width=8;out_width=16;pipeline_stages=3,7nm,TT,0.75,25.0,1.0,1000.0,8,8,16,3,V-2023.12-SP4,382,323,59,48.448512,29.417472,19.031041,0.1544502617801047,0.3928096078575127,0.52,0.26,0.0,0,V-2023.12-SP4,381,322,59,50.05,31.01,19.03,68.6569,0.7289,0.15485564304461943,0.38021978021978026,0.42,0.44,0.0,0,V-2023.12-SP3,V-2023.12-SP4,0.3606,0.13899999999999998,0.00029499999999999996,0.49989999999999996,0.49959999999999993,0.49959999999999993,0.22690000000000002,0.03896,1.963e-05,0.2659,0.06484,0.02668,0.0001693,0.09169,0.06881999999999999,0.07336999999999999,0.0001061,0.14229999999999998,0.0,0.0,0.0,0.0,0.0,0.0,0.0,0.0,0.0,0.0,0.0,0.0,0.0,0.0,0.0,0.0,vectored,random,2,2026-07-25T05:23:18+00:00
intmul_8_8_16_3_7nm_TT_0V75_25C_666p667MHz,intmul,a_width=8;b_width=8;out_width=16;pipeline_stages=3,7nm,TT,0.75,25.0,1.5,666.6666666666666,8,8,16,3,V-2023.12-SP4,382,323,59,48.448512,29.417472,19.031041,0.1544502617801047,0.3928096078575127,0.11,0.62,0.0,0,V-2023.12-SP4,384,325,59,50.45,31.42,19.03,68.6569,0.7348,0.15364583333333334,0.377205153617443,0.67,0.7,0.0,0,V-2023.12-SP3,V-2023.12-SP4,0.2121,0.07854,0.0002742,0.29090000000000005,0.29064,0.43596,0.1572,0.03295,2.346e-05,0.19010000000000002,0.020999999999999998,0.00816,0.000148,0.02931,0.033909999999999996,0.03744,0.00010279999999999999,0.07145,0.0,0.0,0.0,0.0,0.0,0.0,0.0,0.0,0.0,0.0,0.0,0.0,0.0,0.0,0.0,0.0,unvectored,none,2,2026-07-25T05:23:50+00:00
intmul_8_8_16_3_7nm_TT_0V75_25C_666p667MHz,intmul,a_width=8;b_width=8;out_width=16;pipeline_stages=3,7nm,TT,0.75,25.0,1.5,666.6666666666666,8,8,16,3,V-2023.12-SP4,382,323,59,48.448512,29.417472,19.031041,0.1544502617801047,0.3928096078575127,0.11,0.62,0.0,0,V-2023.12-SP4,384,325,59,50.45,31.42,19.03,68.6569,0.7348,0.15364583333333334,0.377205153617443,0.67,0.7,0.0,0,V-2023.12-SP3,V-2023.12-SP4,0.2459,0.0994,0.000298,0.3456,0.3453,0.51795,0.1571,0.03295,2.346e-05,0.19010000000000002,0.04282,0.01763,0.0001684,0.06062,0.04596,0.048819999999999995,0.0001061,0.09488,0.0,0.0,0.0,0.0,0.0,0.0,0.0,0.0,0.0,0.0,0.0,0.0,0.0,0.0,0.0,0.0,vectored,random,2,2026-07-25T05:23:57+00:00
intmul_48_48_96_5_16nm_TT_0V85_25C_307p692MHz,intmul,a_width=48;b_width=48;out_width=96;pipeline_stages=5,16nm,TT,0.85,25.0,3.25,307.6923076923077,48,48,96,5,V-2023.12-SP4,8405,7774,631,4192.446091,3407.381095,785.064995,0.07507436049970256,0.18725702798786448,3.01,0.0,0.0,0,V-2023.12-SP4,8460,7829,631,4257.89,3454.53,803.35,5968.4844,0.7134,0.07458628841607565,0.18867326304812945,3.03,0.14,0.0,0,V-2023.12-SP3,V-2023.12-SP4,2.6740000000000004,1.629,0.26449999999999996,4.567,4.303000000000001,13.984750000000002,1.054,0.1795,0.257,1.49,0.1961,0.06305,0.002806,0.2619,1.424,1.387,0.00473,2.815,0.0,0.0,0.0,0.0,0.0,0.0,0.0,0.0,0.0,0.0,0.0,0.0,0.0,0.0,0.0,0.0,unvectored,none,2,2026-07-25T05:24:33+00:00
intmul_48_48_96_5_16nm_TT_0V85_25C_307p692MHz,intmul,a_width=48;b_width=48;out_width=96;pipeline_stages=5,16nm,TT,0.85,25.0,3.25,307.6923076923077,48,48,96,5,V-2023.12-SP4,8405,7774,631,4192.446091,3407.381095,785.064995,0.07507436049970256,0.18725702798786448,3.01,0.0,0.0,0,V-2023.12-SP4,8460,7829,631,4257.89,3454.53,803.35,5968.4844,0.7134,0.07458628841607565,0.18867326304812945,3.03,0.14,0.0,0,V-2023.12-SP3,V-2023.12-SP4,4.411,3.0109999999999997,0.2641,7.686,7.421999999999999,24.121499999999997,1.055,0.1795,0.257,1.492,0.5942999999999999,0.1527,0.002355,0.7494,2.761,2.679,0.00478,5.445,0.0,0.0,0.0,0.0,0.0,0.0,0.0,0.0,0.0,0.0,0.0,0.0,0.0,0.0,0.0,0.0,vectored,random,2,2026-07-25T05:24:41+00:00
intmul_8_8_16_5_7nm_TT_0V75_25C_1333p33MHz,intmul,a_width=8;b_width=8;out_width=16;pipeline_stages=5,7nm,TT,0.75,25.0,0.75,1333.3333333333333,8,8,16,5,V-2023.12-SP4,466,355,111,68.366593,32.562432,35.804161,0.23819742489270387,0.5237084287643236,0.47,0.06,0.0,0,V-2023.12-SP4,471,360,111,69.38,33.58,35.8,96.8648,0.7163,0.2356687898089172,0.515998846929951,0.3,0.26,0.0,0,V-2023.12-SP3,V-2023.12-SP4,0.575,0.1915,0.0004013,0.7669,0.7665,0.574875,0.4282,0.09663000000000001,8.085e-06,0.5247999999999999,0.07595,0.02273,0.00027949999999999996,0.09896,0.0709,0.0721,0.0001136,0.1431,0.0,0.0,0.0,0.0,0.0,0.0,0.0,0.0,0.0,0.0,0.0,0.0,0.0,0.0,0.0,0.0,unvectored,none,2,2026-07-25T05:25:46+00:00
intmul_8_8_16_5_7nm_TT_0V75_25C_1333p33MHz,intmul,a_width=8;b_width=8;out_width=16;pipeline_stages=5,7nm,TT,0.75,25.0,0.75,1333.3333333333333,8,8,16,5,V-2023.12-SP4,466,355,111,68.366593,32.562432,35.804161,0.23819742489270387,0.5237084287643236,0.47,0.06,0.0,0,V-2023.12-SP4,471,360,111,69.38,33.58,35.8,96.8648,0.7163,0.2356687898089172,0.515998846929951,0.3,0.26,0.0,0,V-2023.12-SP3,V-2023.12-SP4,0.6905,0.2428,0.0004392,0.9337,0.9333,0.699975,0.428,0.09663000000000001,8.085e-06,0.5247,0.15109999999999998,0.0467,0.0003149,0.1981,0.1114,0.09944,0.00011619999999999999,0.2109,0.0,0.0,0.0,0.0,0.0,0.0,0.0,0.0,0.0,0.0,0.0,0.0,0.0,0.0,0.0,0.0,vectored,random,2,2026-07-25T05:25:54+00:00
intmul_8_8_16_5_7nm_TT_0V75_25C_800MHz,intmul,a_width=8;b_width=8;out_width=16;pipeline_stages=5,7nm,TT,0.75,25.0,1.25,800.0,8,8,16,5,V-2023.12-SP4,466,355,111,68.366593,32.562432,35.804161,0.23819742489270387,0.5237084287643236,0.11,0.49,0.0,0,V-2023.12-SP4,475,364,111,71.17,35.37,35.8,96.8648,0.7348,0.2336842105263158,0.5030209357875509,0.55,0.59,0.0,0,V-2023.12-SP3,V-2023.12-SP4,0.41609999999999997,0.1198,0.000424,0.5363,0.5358999999999999,0.6698749999999999,0.3276,0.062459999999999995,3.075e-05,0.3901,0.04561,0.01375,0.00027949999999999996,0.05964,0.04282,0.043609999999999996,0.0001138,0.08653999999999999,0.0,0.0,0.0,0.0,0.0,0.0,0.0,0.0,0.0,0.0,0.0,0.0,0.0,0.0,0.0,0.0,unvectored,none,2,2026-07-25T05:26:23+00:00
intmul_8_8_16_5_7nm_TT_0V75_25C_800MHz,intmul,a_width=8;b_width=8;out_width=16;pipeline_stages=5,7nm,TT,0.75,25.0,1.25,800.0,8,8,16,5,V-2023.12-SP4,466,355,111,68.366593,32.562432,35.804161,0.23819742489270387,0.5237084287643236,0.11,0.49,0.0,0,V-2023.12-SP4,475,364,111,71.17,35.37,35.8,96.8648,0.7348,0.2336842105263158,0.5030209357875509,0.55,0.59,0.0,0,V-2023.12-SP3,V-2023.12-SP4,0.4851,0.1496,0.0004629,0.6351,0.6347,0.793375,0.3276,0.062459999999999995,3.075e-05,0.3901,0.09117,0.02824,0.00031600000000000004,0.1197,0.06632,0.05888,0.00011619999999999999,0.12530000000000002,0.0,0.0,0.0,0.0,0.0,0.0,0.0,0.0,0.0,0.0,0.0,0.0,0.0,0.0,0.0,0.0,vectored,random,2,2026-07-25T05:26:31+00:00
intmul_12_12_24_2_7nm_TT_0V75_25C_666p667MHz,intmul,a_width=12;b_width=12;out_width=24;pipeline_stages=2,7nm,TT,0.75,25.0,1.5,666.6666666666666,12,12,24,2,V-2023.12-SP4,560,510,50,72.205056,56.077055,16.128001,0.08928571428571429,0.2233638735769418,1.06,0.22,0.0,0,V-2023.12-SP4,559,509,50,73.19,57.06,16.13,101.929,0.718,0.08944543828264759,0.22038529853805164,0.75,0.63,0.0,0,V-2023.12-SP3,V-2023.12-SP4,0.2273,0.1392,0.0003153,0.3668,0.3665,0.54975,0.1192,0.0239,1.155e-05,0.1431,0.01959,0.01712,0.0001262,0.036829999999999995,0.0885,0.09817000000000001,0.0001775,0.1868,0.0,0.0,0.0,0.0,0.0,0.0,0.0,0.0,0.0,0.0,0.0,0.0,0.0,0.0,0.0,0.0,unvectored,none,2,2026-07-25T05:29:46+00:00
intmul_12_12_24_2_7nm_TT_0V75_25C_666p667MHz,intmul,a_width=12;b_width=12;out_width=24;pipeline_stages=2,7nm,TT,0.75,25.0,1.5,666.6666666666666,12,12,24,2,V-2023.12-SP4,560,510,50,72.205056,56.077055,16.128001,0.08928571428571429,0.2233638735769418,1.06,0.22,0.0,0,V-2023.12-SP4,559,509,50,73.19,57.06,16.13,101.929,0.718,0.08944543828264759,0.22038529853805164,0.75,0.63,0.0,0,V-2023.12-SP3,V-2023.12-SP4,0.314,0.217,0.0003418,0.5313,0.531,0.7965,0.1192,0.0239,1.1580000000000001e-05,0.1431,0.0497,0.03811,0.000148,0.08796000000000001,0.1451,0.155,0.0001822,0.30029999999999996,0.0,0.0,0.0,0.0,0.0,0.0,0.0,0.0,0.0,0.0,0.0,0.0,0.0,0.0,0.0,0.0,vectored,random,2,2026-07-25T05:29:53+00:00
intmul_8_4_12_2_10nm_TT_0V8_25C_1000MHz,intmul,a_width=8;b_width=4;out_width=12;pipeline_stages=2,10nm,TT,0.8,25.0,1.0,1000.0,8,4,12,2,V-2023.12-SP4,194,168,26,42.608641,26.63424,15.974401,0.13402061855670103,0.3749098921038106,0.62,0.16,0.0,0,V-2023.12-SP4,195,169,26,42.73,26.76,15.97,59.5968,0.717,0.13333333333333333,0.37374210156798504,0.43,0.41,0.0,0,V-2023.12-SP3,V-2023.12-SP4,0.14880000000000002,0.05464,0.0001027,0.20359999999999998,0.20344,0.20344,0.10160000000000001,0.01702,7.27e-07,0.1186,0.01766,0.006731,3.7590000000000004e-05,0.02443,0.0296,0.030889999999999997,6.432999999999999e-05,0.06055,0.0,0.0,0.0,0.0,0.0,0.0,0.0,0.0,0.0,0.0,0.0,0.0,0.0,0.0,0.0,0.0,unvectored,none,2,2026-07-25T05:30:31+00:00
intmul_8_4_12_2_10nm_TT_0V8_25C_1000MHz,intmul,a_width=8;b_width=4;out_width=12;pipeline_stages=2,10nm,TT,0.8,25.0,1.0,1000.0,8,4,12,2,V-2023.12-SP4,194,168,26,42.608641,26.63424,15.974401,0.13402061855670103,0.3749098921038106,0.62,0.16,0.0,0,V-2023.12-SP4,195,169,26,42.73,26.76,15.97,59.5968,0.717,0.13333333333333333,0.37374210156798504,0.43,0.41,0.0,0,V-2023.12-SP3,V-2023.12-SP4,0.1751,0.07017,0.0001076,0.2454,0.24527,0.24527,0.1015,0.01702,7.27e-07,0.1186,0.03503,0.01388,4.001e-05,0.04895,0.03852,0.03926,6.683e-05,0.07784999999999999,0.0,0.0,0.0,0.0,0.0,0.0,0.0,0.0,0.0,0.0,0.0,0.0,0.0,0.0,0.0,0.0,vectored,random,2,2026-07-25T05:30:38+00:00
intmul_12_12_24_3_7nm_TT_0V75_25C_666p667MHz,intmul,a_width=12;b_width=12;out_width=24;pipeline_stages=3,7nm,TT,0.75,25.0,1.5,666.6666666666666,12,12,24,3,V-2023.12-SP4,716,629,87,89.413632,61.350911,28.062721,0.12150837988826815,0.3138528250367908,0.94,0.34,0.0,0,V-2023.12-SP4,713,626,87,89.95,61.88,28.06,124.8952,0.7202,0.12201963534361851,0.31195108393551974,0.75,0.63,0.0,0,V-2023.12-SP3,V-2023.12-SP4,0.3013,0.159,0.0004266,0.4607,0.46030000000000004,0.69045,0.1802,0.03583,7.653000000000001e-06,0.216,0.03238,0.01983,0.0002208,0.05244,0.08874,0.1033,0.0001982,0.1922,0.0,0.0,0.0,0.0,0.0,0.0,0.0,0.0,0.0,0.0,0.0,0.0,0.0,0.0,0.0,0.0,unvectored,none,2,2026-07-25T05:31:11+00:00
intmul_12_12_24_3_7nm_TT_0V75_25C_666p667MHz,intmul,a_width=12;b_width=12;out_width=24;pipeline_stages=3,7nm,TT,0.75,25.0,1.5,666.6666666666666,12,12,24,3,V-2023.12-SP4,716,629,87,89.413632,61.350911,28.062721,0.12150837988826815,0.3138528250367908,0.94,0.34,0.0,0,V-2023.12-SP4,713,626,87,89.95,61.88,28.06,124.8952,0.7202,0.12201963534361851,0.31195108393551974,0.75,0.63,0.0,0,V-2023.12-SP3,V-2023.12-SP4,0.4415,0.2768,0.0004683,0.7187,0.7182999999999999,1.0774499999999998,0.18009999999999998,0.03583,7.653000000000001e-06,0.21589999999999998,0.0837,0.04384,0.0002556,0.1278,0.1777,0.1971,0.000205,0.3749,0.0,0.0,0.0,0.0,0.0,0.0,0.0,0.0,0.0,0.0,0.0,0.0,0.0,0.0,0.0,0.0,vectored,random,2,2026-07-25T05:31:18+00:00
intmul_64_64_128_2_20nm_TT_0V9_25C_190p476MHz,intmul,a_width=64;b_width=64;out_width=128;pipeline_stages=2,20nm,TT,0.9,25.0,5.25,190.47619047619048,64,64,128,2,V-2023.12-SP4,9873,9615,258,7946.399957,7400.87036,545.529597,0.026131874810088117,0.0686511627846572,5.01,0.0,0.0,0,V-2023.12-SP4,9911,9653,258,8262.25,7709.54,552.71,11334.1536,0.729,0.026031681969528805,0.06689582135616812,4.96,0.05,0.0,0,V-2023.12-SP3,V-2023.12-SP4,1.719,1.575,0.007835,3.3019999999999996,3.294,17.2935,0.3069,0.0277,3.0139999999999996e-05,0.3346,0.06572,0.02356,0.0004046,0.08968,1.346,1.524,0.0074,2.878,0.0,0.0,0.0,0.0,0.0,0.0,0.0,0.0,0.0,0.0,0.0,0.0,0.0,0.0,0.0,0.0,unvectored,none,2,2026-07-25T05:31:18+00:00
intmul_64_64_128_2_20nm_TT_0V9_25C_190p476MHz,intmul,a_width=64;b_width=64;out_width=128;pipeline_stages=2,20nm,TT,0.9,25.0,5.25,190.47619047619048,64,64,128,2,V-2023.12-SP4,9873,9615,258,7946.399957,7400.87036,545.529597,0.026131874810088117,0.0686511627846572,5.01,0.0,0.0,0,V-2023.12-SP4,9911,9653,258,8262.25,7709.54,552.71,11334.1536,0.729,0.026031681969528805,0.06689582135616812,4.96,0.05,0.0,0,V-2023.12-SP3,V-2023.12-SP4,3.235,3.198,0.007935,6.441,6.433,33.77325,0.3072,0.0277,3.0139999999999996e-05,0.33490000000000003,0.2118,0.05819,0.00048520000000000003,0.2705,2.716,3.113,0.00742,5.836,0.0,0.0,0.0,0.0,0.0,0.0,0.0,0.0,0.0,0.0,0.0,0.0,0.0,0.0,0.0,0.0,vectored,random,2,2026-07-25T05:31:28+00:00
intmul_8_4_12_2_10nm_TT_0V8_25C_571p429MHz,intmul,a_width=8;b_width=4;out_width=12;pipeline_stages=2,10nm,TT,0.8,25.0,1.75,571.4285714285714,8,4,12,2,V-2023.12-SP4,194,168,26,42.608641,26.63424,15.974401,0.13402061855670103,0.3749098921038106,0.14,0.73,0.0,0,V-2023.12-SP4,197,171,26,44.7,28.72,15.97,59.5968,0.75,0.1319796954314721,0.3572706935123042,0.81,0.81,0.0,0,V-2023.12-SP3,V-2023.12-SP4,0.10830000000000001,0.03657,0.0001172,0.145,0.14487,0.2535225,0.0812,0.01475,1.526e-05,0.09595999999999999,0.01009,0.003874,3.758e-05,0.014,0.01698,0.01795,6.432999999999999e-05,0.03499,0.0,0.0,0.0,0.0,0.0,0.0,0.0,0.0,0.0,0.0,0.0,0.0,0.0,0.0,0.0,0.0,unvectored,none,2,2026-07-25T05:31:31+00:00
intmul_8_4_12_2_10nm_TT_0V8_25C_571p429MHz,intmul,a_width=8;b_width=4;out_width=12;pipeline_stages=2,10nm,TT,0.8,25.0,1.75,571.4285714285714,8,4,12,2,V-2023.12-SP4,194,168,26,42.608641,26.63424,15.974401,0.13402061855670103,0.3749098921038106,0.14,0.73,0.0,0,V-2023.12-SP4,197,171,26,44.7,28.72,15.97,59.5968,0.75,0.1319796954314721,0.3572706935123042,0.81,0.81,0.0,0,V-2023.12-SP3,V-2023.12-SP4,0.12310000000000001,0.045349999999999994,0.0001219,0.1686,0.16845000000000002,0.29478750000000004,0.08116999999999999,0.01475,1.526e-05,0.09594000000000001,0.01996,0.007984,3.984e-05,0.02798,0.02195,0.02262,6.681e-05,0.04464,0.0,0.0,0.0,0.0,0.0,0.0,0.0,0.0,0.0,0.0,0.0,0.0,0.0,0.0,0.0,0.0,vectored,random,2,2026-07-25T05:31:38+00:00
intmul_8_4_12_5_10nm_TT_0V8_25C_1333p33MHz,intmul,a_width=8;b_width=4;out_width=12;pipeline_stages=5,10nm,TT,0.8,25.0,0.75,1333.3333333333333,8,4,12,5,V-2023.12-SP4,366,278,88,87.521282,33.45408,54.067203,0.24043715846994534,0.6177606379211859,0.43,0.1,0.0,0,V-2023.12-SP4,359,271,88,88.01,33.95,54.07,123.8323,0.7107,0.24512534818941503,0.6143620043176912,0.31,0.22,0.0,0,V-2023.12-SP3,V-2023.12-SP4,0.5908000000000001,0.07031,0.0002271,0.6613,0.6611100000000001,0.49583250000000006,0.46490000000000004,0.001797,8.724e-06,0.4667,0.07506,0.019219999999999998,0.0001281,0.0944,0.05082,0.0493,9.028e-05,0.1002,0.0,0.0,0.0,0.0,0.0,0.0,0.0,0.0,0.0,0.0,0.0,0.0,0.0,0.0,0.0,0.0,unvectored,none,2,2026-07-25T05:32:43+00:00
intmul_8_4_12_5_10nm_TT_0V8_25C_1333p33MHz,intmul,a_width=8;b_width=4;out_width=12;pipeline_stages=5,10nm,TT,0.8,25.0,0.75,1333.3333333333333,8,4,12,5,V-2023.12-SP4,366,278,88,87.521282,33.45408,54.067203,0.24043715846994534,0.6177606379211859,0.43,0.1,0.0,0,V-2023.12-SP4,359,271,88,88.01,33.95,54.07,123.8323,0.7107,0.24512534818941503,0.6143620043176912,0.31,0.22,0.0,0,V-2023.12-SP3,V-2023.12-SP4,0.6782,0.10179999999999999,0.00023799999999999998,0.7802,0.78,0.585,0.4647,0.001797,8.724e-06,0.4665,0.1403,0.037759999999999995,0.00013330000000000001,0.1782,0.07325000000000001,0.06219999999999999,9.593e-05,0.13549999999999998,0.0,0.0,0.0,0.0,0.0,0.0,0.0,0.0,0.0,0.0,0.0,0.0,0.0,0.0,0.0,0.0,vectored,random,2,2026-07-25T05:32:51+00:00
intmul_8_4_12_5_10nm_TT_0V8_25C_800MHz,intmul,a_width=8;b_width=4;out_width=12;pipeline_stages=5,10nm,TT,0.8,25.0,1.25,800.0,8,4,12,5,V-2023.12-SP4,366,278,88,87.521282,33.45408,54.067203,0.24043715846994534,0.6177606379211859,0.14,0.48,0.0,0,V-2023.12-SP4,361,273,88,87.49,33.42,54.07,123.8323,0.7065,0.24376731301939059,0.6180134872556864,0.56,0.57,0.0,0,V-2023.12-SP3,V-2023.12-SP4,0.35790000000000005,0.08993999999999999,0.0002225,0.448,0.44784,0.5598000000000001,0.2823,0.04887,4.099e-06,0.3311,0.0451,0.01154,0.0001281,0.05677,0.03053,0.02953,9.028999999999999e-05,0.06014,0.0,0.0,0.0,0.0,0.0,0.0,0.0,0.0,0.0,0.0,0.0,0.0,0.0,0.0,0.0,0.0,unvectored,none,2,2026-07-25T05:33:01+00:00
intmul_8_4_12_5_10nm_TT_0V8_25C_800MHz,intmul,a_width=8;b_width=4;out_width=12;pipeline_stages=5,10nm,TT,0.8,25.0,1.25,800.0,8,4,12,5,V-2023.12-SP4,366,278,88,87.521282,33.45408,54.067203,0.24043715846994534,0.6177606379211859,0.14,0.48,0.0,0,V-2023.12-SP4,361,273,88,87.49,33.42,54.07,123.8323,0.7065,0.24376731301939059,0.6180134872556864,0.56,0.57,0.0,0,V-2023.12-SP3,V-2023.12-SP4,0.4122,0.1095,0.00023659999999999998,0.522,0.5217,0.6521250000000001,0.2821,0.04887,4.1100000000000005e-06,0.331,0.08589000000000001,0.02268,0.00013659999999999999,0.1087,0.04415,0.03798,9.588999999999999e-05,0.08223,0.0,0.0,0.0,0.0,0.0,0.0,0.0,0.0,0.0,0.0,0.0,0.0,0.0,0.0,0.0,0.0,vectored,random,2,2026-07-25T05:33:08+00:00
intmul_12_12_24_5_7nm_TT_0V75_25C_666p667MHz,intmul,a_width=12;b_width=12;out_width=24;pipeline_stages=5,7nm,TT,0.75,25.0,1.5,666.6666666666666,12,12,24,5,V-2023.12-SP4,784,621,163,112.702465,60.125183,52.577282,0.20790816326530612,0.46651403764771243,0.74,0.54,0.0,0,V-2023.12-SP4,788,625,163,115.22,62.64,52.58,159.6672,0.7216,0.2068527918781726,0.45634438465544175,0.75,0.62,0.0,0,V-2023.12-SP3,V-2023.12-SP4,0.5071,0.17229999999999998,0.000644,0.68,0.6794,1.0191,0.3715,0.06642,2.844e-05,0.4379,0.05731,0.0209,0.000413,0.07862999999999999,0.07830000000000001,0.08496,0.0002026,0.16349999999999998,0.0,0.0,0.0,0.0,0.0,0.0,0.0,0.0,0.0,0.0,0.0,0.0,0.0,0.0,0.0,0.0,unvectored,none,2,2026-07-25T05:33:38+00:00
intmul_12_12_24_5_7nm_TT_0V75_25C_666p667MHz,intmul,a_width=12;b_width=12;out_width=24;pipeline_stages=5,7nm,TT,0.75,25.0,1.5,666.6666666666666,12,12,24,5,V-2023.12-SP4,784,621,163,112.702465,60.125183,52.577282,0.20790816326530612,0.46651403764771243,0.74,0.54,0.0,0,V-2023.12-SP4,788,625,163,115.22,62.64,52.58,159.6672,0.7216,0.2068527918781726,0.45634438465544175,0.75,0.62,0.0,0,V-2023.12-SP3,V-2023.12-SP4,0.6698999999999999,0.2718,0.0007137000000000001,0.9425,0.9417,1.41255,0.37139999999999995,0.06642,2.845e-05,0.4378,0.13290000000000002,0.046579999999999996,0.00047599999999999997,0.18000000000000002,0.1656,0.15880000000000002,0.0002093,0.3247,0.0,0.0,0.0,0.0,0.0,0.0,0.0,0.0,0.0,0.0,0.0,0.0,0.0,0.0,0.0,0.0,vectored,random,2,2026-07-25T05:33:46+00:00
intmul_16_4_20_2_10nm_TT_0V8_25C_666p667MHz,intmul,a_width=16;b_width=4;out_width=20;pipeline_stages=2,10nm,TT,0.8,25.0,1.5,666.6666666666666,16,4,20,2,V-2023.12-SP4,384,342,42,77.475842,51.671041,25.804801,0.109375,0.3330689971720475,1.19,0.09,0.0,0,V-2023.12-SP4,387,345,42,77.78,51.98,25.8,108.6566,0.7159,0.10852713178294573,0.33170480843404476,0.88,0.49,0.0,0,V-2023.12-SP3,V-2023.12-SP4,0.1839,0.07908,0.0001851,0.2632,0.26298,0.39447,0.1185,0.01848,7.27e-07,0.13699999999999998,0.0201,0.01031,6.112e-05,0.03047,0.045349999999999994,0.050300000000000004,0.0001233,0.09577999999999999,0.0,0.0,0.0,0.0,0.0,0.0,0.0,0.0,0.0,0.0,0.0,0.0,0.0,0.0,0.0,0.0,unvectored,none,2,2026-07-25T05:35:30+00:00
intmul_16_4_20_2_10nm_TT_0V8_25C_666p667MHz,intmul,a_width=16;b_width=4;out_width=20;pipeline_stages=2,10nm,TT,0.8,25.0,1.5,666.6666666666666,16,4,20,2,V-2023.12-SP4,384,342,42,77.475842,51.671041,25.804801,0.109375,0.3330689971720475,1.19,0.09,0.0,0,V-2023.12-SP4,387,345,42,77.78,51.98,25.8,108.6566,0.7159,0.10852713178294573,0.33170480843404476,0.88,0.49,0.0,0,V-2023.12-SP3,V-2023.12-SP4,0.25680000000000003,0.1349,0.00019500000000000002,0.39189999999999997,0.39170000000000005,0.58755,0.1184,0.01848,7.27e-07,0.1369,0.05144,0.02289,6.562e-05,0.07440000000000001,0.08692,0.09356,0.0001287,0.1806,0.0,0.0,0.0,0.0,0.0,0.0,0.0,0.0,0.0,0.0,0.0,0.0,0.0,0.0,0.0,0.0,vectored,random,2,2026-07-25T05:35:37+00:00
intmul_16_4_20_5_10nm_TT_0V8_25C_1333p33MHz,intmul,a_width=16;b_width=4;out_width=20;pipeline_stages=5,10nm,TT,0.8,25.0,0.75,1333.3333333333333,16,4,20,5,V-2023.12-SP4,854,702,152,173.537284,80.148479,93.388804,0.17798594847775176,0.5381483554853838,0.32,0.03,0.0,0,V-2023.12-SP4,830,678,152,174.4,81.01,93.39,246.8659,0.7064,0.18313253012048192,0.535493119266055,0.51,0.05,0.0,0,V-2023.12-SP3,V-2023.12-SP4,1.059,0.2841,0.00048269999999999997,1.3439999999999999,1.3431,1.007325,0.8089,0.1318,2.326e-05,0.9407000000000001,0.1306,0.02609,0.0002215,0.15689999999999998,0.12000000000000001,0.1262,0.00023799999999999998,0.24640000000000004,0.0,0.0,0.0,0.0,0.0,0.0,0.0,0.0,0.0,0.0,0.0,0.0,0.0,0.0,0.0,0.0,unvectored,none,2,2026-07-25T05:35:53+00:00
intmul_16_4_20_5_10nm_TT_0V8_25C_1333p33MHz,intmul,a_width=16;b_width=4;out_width=20;pipeline_stages=5,10nm,TT,0.8,25.0,0.75,1333.3333333333333,16,4,20,5,V-2023.12-SP4,854,702,152,173.537284,80.148479,93.388804,0.17798594847775176,0.5381483554853838,0.32,0.03,0.0,0,V-2023.12-SP4,830,678,152,174.4,81.01,93.39,246.8659,0.7064,0.18313253012048192,0.535493119266055,0.51,0.05,0.0,0,V-2023.12-SP3,V-2023.12-SP4,1.278,0.3787,0.0004977,1.657,1.6567,1.242525,0.8085,0.1318,2.326e-05,0.9404,0.2682,0.05566,0.00023270000000000002,0.3241,0.2008,0.1912,0.0002417,0.3923,0.0,0.0,0.0,0.0,0.0,0.0,0.0,0.0,0.0,0.0,0.0,0.0,0.0,0.0,0.0,0.0,vectored,random,2,2026-07-25T05:36:00+00:00
intmul_16_16_32_2_7nm_TT_0V75_25C_1000MHz,intmul,a_width=16;b_width=16;out_width=32;pipeline_stages=2,7nm,TT,0.75,25.0,1.0,1000.0,16,16,32,2,V-2023.12-SP4,1061,995,66,124.492032,103.203071,21.288961,0.06220546654099906,0.17100661510609771,0.78,0.0,0.0,0,V-2023.12-SP4,1052,986,66,123.94,102.65,21.29,174.4404,0.7105,0.06273764258555133,0.171776666128772,0.59,0.19,0.0,0,V-2023.12-SP3,V-2023.12-SP4,0.5132,0.35209999999999997,0.0005765,0.8659,0.8653,0.8653,0.2014,0.01613,6.931e-06,0.2175,0.03952,0.02231,0.0001674,0.061989999999999996,0.2723,0.3137,0.0004023,0.5864,0.0,0.0,0.0,0.0,0.0,0.0,0.0,0.0,0.0,0.0,0.0,0.0,0.0,0.0,0.0,0.0,unvectored,none,2,2026-07-25T05:36:02+00:00
intmul_16_16_32_2_7nm_TT_0V75_25C_1000MHz,intmul,a_width=16;b_width=16;out_width=32;pipeline_stages=2,7nm,TT,0.75,25.0,1.0,1000.0,16,16,32,2,V-2023.12-SP4,1061,995,66,124.492032,103.203071,21.288961,0.06220546654099906,0.17100661510609771,0.78,0.0,0.0,0,V-2023.12-SP4,1052,986,66,123.94,102.65,21.29,174.4404,0.7105,0.06273764258555133,0.171776666128772,0.59,0.19,0.0,0,V-2023.12-SP3,V-2023.12-SP4,0.8011999999999999,0.6355,0.0006077,1.4369999999999998,1.4366999999999999,1.4366999999999999,0.20129999999999998,0.01613,6.922e-06,0.2174,0.1091,0.05146,0.0001958,0.1608,0.4908,0.5679,0.000405,1.059,0.0,0.0,0.0,0.0,0.0,0.0,0.0,0.0,0.0,0.0,0.0,0.0,0.0,0.0,0.0,0.0,vectored,random,2,2026-07-25T05:36:09+00:00
intmul_16_4_20_5_10nm_TT_0V8_25C_800MHz,intmul,a_width=16;b_width=4;out_width=20;pipeline_stages=5,10nm,TT,0.8,25.0,1.25,800.0,16,4,20,5,V-2023.12-SP4,705,553,152,157.716484,64.327679,93.388804,0.21560283687943263,0.5921309024362982,0.77,0.26,0.0,0,V-2023.12-SP4,696,544,152,159.25,65.86,93.39,224.041,0.7108,0.21839080459770116,0.586436420722135,0.76,0.37,0.0,0,V-2023.12-SP3,V-2023.12-SP4,0.6668000000000001,0.1664,0.000415,0.8336,0.8332,1.0415,0.5291,0.08276,2.009e-05,0.6119,0.07857,0.01654,0.0002213,0.09533,0.05909,0.06706,0.00017350000000000002,0.1263,0.0,0.0,0.0,0.0,0.0,0.0,0.0,0.0,0.0,0.0,0.0,0.0,0.0,0.0,0.0,0.0,unvectored,none,2,2026-07-25T05:36:11+00:00
intmul_16_4_20_5_10nm_TT_0V8_25C_800MHz,intmul,a_width=16;b_width=4;out_width=20;pipeline_stages=5,10nm,TT,0.8,25.0,1.25,800.0,16,4,20,5,V-2023.12-SP4,705,553,152,157.716484,64.327679,93.388804,0.21560283687943263,0.5921309024362982,0.77,0.26,0.0,0,V-2023.12-SP4,696,544,152,159.25,65.86,93.39,224.041,0.7108,0.21839080459770116,0.586436420722135,0.76,0.37,0.0,0,V-2023.12-SP3,V-2023.12-SP4,0.7843,0.2119,0.0004394,0.9967000000000001,0.9962,1.24525,0.5289,0.08276,2.009e-05,0.6116999999999999,0.1633,0.035769999999999996,0.0002352,0.1993,0.09213,0.09336,0.0001842,0.18569999999999998,0.0,0.0,0.0,0.0,0.0,0.0,0.0,0.0,0.0,0.0,0.0,0.0,0.0,0.0,0.0,0.0,vectored,random,2,2026-07-25T05:36:18+00:00
intmul_64_64_128_3_16nm_TT_0V85_25C_266p667MHz,intmul,a_width=64;b_width=64;out_width=128;pipeline_stages=3,16nm,TT,0.85,25.0,3.75,266.6666666666667,64,64,128,3,V-2023.12-SP4,11135,10684,451,5418.25477,4856.765337,561.489433,0.04050291872474181,0.10362920475959826,3.51,0.01,0.0,0,V-2023.12-SP4,11146,10695,451,5507.03,4935.09,571.94,7696.8714,0.7155,0.04046294634846582,0.1038563436189743,3.47,0.12,0.0,0,V-2023.12-SP3,V-2023.12-SP4,2.5509999999999997,2.115,0.07297000000000001,4.739,4.666,17.497500000000002,0.6637000000000001,0.1357,0.06433,0.8637,0.1248,0.04638,0.0020940000000000004,0.1733,1.7630000000000001,1.933,0.006553,3.702,0.0,0.0,0.0,0.0,0.0,0.0,0.0,0.0,0.0,0.0,0.0,0.0,0.0,0.0,0.0,0.0,unvectored,none,2,2026-07-25T05:36:24+00:00
intmul_64_64_128_3_16nm_TT_0V85_25C_266p667MHz,intmul,a_width=64;b_width=64;out_width=128;pipeline_stages=3,16nm,TT,0.85,25.0,3.75,266.6666666666667,64,64,128,3,V-2023.12-SP4,11135,10684,451,5418.25477,4856.765337,561.489433,0.04050291872474181,0.10362920475959826,3.51,0.01,0.0,0,V-2023.12-SP4,11146,10695,451,5507.03,4935.09,571.94,7696.8714,0.7155,0.04046294634846582,0.1038563436189743,3.47,0.12,0.0,0,V-2023.12-SP3,V-2023.12-SP4,4.278,3.862,0.07266,8.212,8.14,30.525000000000002,0.6646,0.1357,0.06433,0.8646,0.3983,0.1138,0.001749,0.5138,3.215,3.612,0.006585,6.834,0.0,0.0,0.0,0.0,0.0,0.0,0.0,0.0,0.0,0.0,0.0,0.0,0.0,0.0,0.0,0.0,vectored,random,2,2026-07-25T05:36:33+00:00
intmul_8_4_12_2_20nm_TT_0V9_25C_666p667MHz,intmul,a_width=8;b_width=4;out_width=12;pipeline_stages=2,20nm,TT,0.9,25.0,1.5,666.6666666666666,8,4,12,2,V-2023.12-SP4,225,199,26,155.337599,100.425599,54.912,0.11555555555555555,0.3535010219901751,1.08,0.18,0.0,0,V-2023.12-SP4,224,198,26,153.54,98.63,54.91,212.8896,0.7212,0.11607142857142858,0.3576266770874039,0.89,0.35,0.0,0,V-2023.12-SP3,V-2023.12-SP4,0.15789999999999998,0.03392,0.0001406,0.192,0.19182,0.28773,0.1021,0.0,0.0,0.1021,0.01896,0.005969,3.805e-05,0.024960000000000003,0.036820000000000006,0.02795,0.0001026,0.06488000000000001,0.0,0.0,0.0,0.0,0.0,0.0,0.0,0.0,0.0,0.0,0.0,0.0,0.0,0.0,0.0,0.0,unvectored,none,2,2026-07-25T05:37:16+00:00
intmul_16_16_32_2_7nm_TT_0V75_25C_571p429MHz,intmul,a_width=16;b_width=16;out_width=32;pipeline_stages=2,7nm,TT,0.75,25.0,1.75,571.4285714285714,16,16,32,2,V-2023.12-SP4,848,782,66,113.94432,92.655359,21.288961,0.07783018867924528,0.18683652682292545,1.38,0.15,0.0,0,V-2023.12-SP4,851,785,66,115.94,94.66,21.29,160.4736,0.7225,0.07755581668625147,0.18362946351561152,0.96,0.67,0.0,0,V-2023.12-SP3,V-2023.12-SP4,0.303,0.2009,0.0004818,0.5044,0.5039,0.8818250000000001,0.14479999999999998,0.029220000000000003,2.079e-05,0.174,0.022629999999999997,0.02241,0.0001674,0.045200000000000004,0.1356,0.1493,0.0002936,0.2852,0.0,0.0,0.0,0.0,0.0,0.0,0.0,0.0,0.0,0.0,0.0,0.0,0.0,0.0,0.0,0.0,unvectored,none,2,2026-07-25T05:37:17+00:00
intmul_8_4_12_2_20nm_TT_0V9_25C_666p667MHz,intmul,a_width=8;b_width=4;out_width=12;pipeline_stages=2,20nm,TT,0.9,25.0,1.5,666.6666666666666,8,4,12,2,V-2023.12-SP4,225,199,26,155.337599,100.425599,54.912,0.11555555555555555,0.3535010219901751,1.08,0.18,0.0,0,V-2023.12-SP4,224,198,26,153.54,98.63,54.91,212.8896,0.7212,0.11607142857142858,0.3576266770874039,0.89,0.35,0.0,0,V-2023.12-SP3,V-2023.12-SP4,0.18939999999999999,0.04907,0.00014749999999999998,0.2386,0.23847,0.357705,0.1026,0.0,0.0,0.1026,0.03617,0.01251,4.353e-05,0.04873,0.05062,0.03656,0.00010389999999999999,0.08727,0.0,0.0,0.0,0.0,0.0,0.0,0.0,0.0,0.0,0.0,0.0,0.0,0.0,0.0,0.0,0.0,vectored,random,2,2026-07-25T05:37:23+00:00
intmul_16_16_32_2_7nm_TT_0V75_25C_571p429MHz,intmul,a_width=16;b_width=16;out_width=32;pipeline_stages=2,7nm,TT,0.75,25.0,1.75,571.4285714285714,16,16,32,2,V-2023.12-SP4,848,782,66,113.94432,92.655359,21.288961,0.07783018867924528,0.18683652682292545,1.38,0.15,0.0,0,V-2023.12-SP4,851,785,66,115.94,94.66,21.29,160.4736,0.7225,0.07755581668625147,0.18362946351561152,0.96,0.67,0.0,0,V-2023.12-SP3,V-2023.12-SP4,0.43320000000000003,0.3233,0.0005176,0.757,0.7565,1.323875,0.14479999999999998,0.029220000000000003,2.079e-05,0.174,0.06038,0.052250000000000005,0.000197,0.1128,0.2281,0.2419,0.00029989999999999997,0.4702,0.0,0.0,0.0,0.0,0.0,0.0,0.0,0.0,0.0,0.0,0.0,0.0,0.0,0.0,0.0,0.0,vectored,random,2,2026-07-25T05:37:24+00:00
intmul_8_4_12_2_16nm_TT_0V85_25C_666p667MHz,intmul,a_width=8;b_width=4;out_width=12;pipeline_stages=2,16nm,TT,0.85,25.0,1.5,666.6666666666666,8,4,12,2,V-2023.12-SP4,194,168,26,86.282499,53.934337,32.348161,0.13402061855670103,0.3749098759877133,1.05,0.22,0.0,0,V-2023.12-SP4,199,173,26,94.87,61.4,33.47,120.5591,0.7869,0.1306532663316583,0.3527985664593654,0.79,0.54,0.0,0,V-2023.12-SP3,V-2023.12-SP4,0.18359999999999999,0.05134,0.12860000000000002,0.3635,0.23493999999999998,0.35241,0.1401,0.02156,0.1285,0.2902,0.01719,0.005485,9.948e-05,0.022770000000000002,0.02622,0.02429,6.949e-05,0.05058,0.0,0.0,0.0,0.0,0.0,0.0,0.0,0.0,0.0,0.0,0.0,0.0,0.0,0.0,0.0,0.0,unvectored,none,2,2026-07-25T05:37:29+00:00
intmul_8_4_12_2_16nm_TT_0V85_25C_666p667MHz,intmul,a_width=8;b_width=4;out_width=12;pipeline_stages=2,16nm,TT,0.85,25.0,1.5,666.6666666666666,8,4,12,2,V-2023.12-SP4,194,168,26,86.282499,53.934337,32.348161,0.13402061855670103,0.3749098759877133,1.05,0.22,0.0,0,V-2023.12-SP4,199,173,26,94.87,61.4,33.47,120.5591,0.7869,0.1306532663316583,0.3527985664593654,0.79,0.54,0.0,0,V-2023.12-SP3,V-2023.12-SP4,0.207,0.06388,0.12860000000000002,0.3994,0.27088,0.40632,0.1402,0.02156,0.1285,0.2903,0.03256,0.01132,8.437e-05,0.04396,0.034159999999999996,0.031,7.214999999999999e-05,0.06523,0.0,0.0,0.0,0.0,0.0,0.0,0.0,0.0,0.0,0.0,0.0,0.0,0.0,0.0,0.0,0.0,vectored,random,2,2026-07-25T05:37:35+00:00
intmul_8_4_12_2_20nm_TT_0V9_25C_400MHz,intmul,a_width=8;b_width=4;out_width=12;pipeline_stages=2,20nm,TT,0.9,25.0,2.5,400.0,8,4,12,2,V-2023.12-SP4,195,169,26,146.572799,91.6608,54.912,0.13333333333333333,0.37463977200844745,1.5,0.76,0.0,0,V-2023.12-SP4,195,169,26,146.57,91.66,54.91,207.1872,0.7074,0.13333333333333333,0.37463328102613086,1.39,0.86,0.0,0,V-2023.12-SP3,V-2023.12-SP4,0.09157000000000001,0.020489999999999998,0.00012139999999999998,0.11220000000000001,0.11206,0.28015,0.06125,0.0,0.0,0.06125,0.01151,0.003691,3.8089999999999996e-05,0.01524,0.01881,0.0168,8.327000000000001e-05,0.03569,0.0,0.0,0.0,0.0,0.0,0.0,0.0,0.0,0.0,0.0,0.0,0.0,0.0,0.0,0.0,0.0,unvectored,none,2,2026-07-25T05:38:16+00:00
intmul_8_4_12_2_20nm_TT_0V9_25C_400MHz,intmul,a_width=8;b_width=4;out_width=12;pipeline_stages=2,20nm,TT,0.9,25.0,2.5,400.0,8,4,12,2,V-2023.12-SP4,195,169,26,146.572799,91.6608,54.912,0.13333333333333333,0.37463977200844745,1.5,0.76,0.0,0,V-2023.12-SP4,195,169,26,146.57,91.66,54.91,207.1872,0.7074,0.13333333333333333,0.37463328102613086,1.39,0.86,0.0,0,V-2023.12-SP3,V-2023.12-SP4,0.1074,0.028399999999999998,0.00013,0.136,0.1358,0.3395,0.06151,0.0,0.0,0.06151,0.022260000000000002,0.007621,4.356e-05,0.029920000000000002,0.02366,0.02078,8.641000000000001e-05,0.04453,0.0,0.0,0.0,0.0,0.0,0.0,0.0,0.0,0.0,0.0,0.0,0.0,0.0,0.0,0.0,0.0,vectored,random,2,2026-07-25T05:38:22+00:00
intmul_16_8_24_2_10nm_TT_0V8_25C_666p667MHz,intmul,a_width=16;b_width=8;out_width=24;pipeline_stages=2,10nm,TT,0.8,25.0,1.5,666.6666666666666,16,8,24,2,V-2023.12-SP4,611,561,50,128.747523,98.027522,30.720001,0.08183306055646482,0.23860654002640502,1.09,0.19,0.0,0,V-2023.12-SP4,618,568,50,131.11,100.39,30.72,181.7088,0.7216,0.08090614886731391,0.23430707039890164,0.91,0.48,0.0,0,V-2023.12-SP3,V-2023.12-SP4,0.2934,0.1623,0.0003532,0.456,0.4557,0.68355,0.1544,0.029070000000000002,1.791e-05,0.1835,0.02466,0.011080000000000001,7.287e-05,0.035809999999999995,0.1143,0.12210000000000001,0.00026240000000000004,0.2367,0.0,0.0,0.0,0.0,0.0,0.0,0.0,0.0,0.0,0.0,0.0,0.0,0.0,0.0,0.0,0.0,unvectored,none,2,2026-07-25T05:38:25+00:00
intmul_16_8_24_2_10nm_TT_0V8_25C_666p667MHz,intmul,a_width=16;b_width=8;out_width=24;pipeline_stages=2,10nm,TT,0.8,25.0,1.5,666.6666666666666,16,8,24,2,V-2023.12-SP4,611,561,50,128.747523,98.027522,30.720001,0.08183306055646482,0.23860654002640502,1.09,0.19,0.0,0,V-2023.12-SP4,618,568,50,131.11,100.39,30.72,181.7088,0.7216,0.08090614886731391,0.23430707039890164,0.91,0.48,0.0,0,V-2023.12-SP3,V-2023.12-SP4,0.4389,0.2759,0.0003633,0.7152000000000001,0.7148,1.0722,0.15430000000000002,0.029070000000000002,1.791e-05,0.1834,0.06826,0.02598,7.791e-05,0.09432,0.2163,0.2208,0.0002675,0.4374,0.0,0.0,0.0,0.0,0.0,0.0,0.0,0.0,0.0,0.0,0.0,0.0,0.0,0.0,0.0,0.0,vectored,random,2,2026-07-25T05:38:32+00:00
intmul_8_4_12_2_16nm_TT_0V85_25C_400MHz,intmul,a_width=8;b_width=4;out_width=12;pipeline_stages=2,16nm,TT,0.85,25.0,2.5,400.0,8,4,12,2,V-2023.12-SP4,194,168,26,86.282499,53.934337,32.348161,0.13402061855670103,0.3749098759877133,0.24,0.99,0.0,0,V-2023.12-SP4,203,177,26,99.16,65.69,33.47,120.5591,0.8225,0.12807881773399016,0.3375352964905204,1.31,1.02,0.0,0,V-2023.12-SP3,V-2023.12-SP4,0.13210000000000002,0.02715,0.12860000000000002,0.2879,0.15925000000000003,0.39812500000000006,0.106,0.009075,0.1285,0.2436,0.01031,0.003303,9.952e-05,0.01371,0.0158,0.014769999999999998,6.949e-05,0.030639999999999997,0.0,0.0,0.0,0.0,0.0,0.0,0.0,0.0,0.0,0.0,0.0,0.0,0.0,0.0,0.0,0.0,unvectored,none,2,2026-07-25T05:38:40+00:00
intmul_8_4_12_2_16nm_TT_0V85_25C_400MHz,intmul,a_width=8;b_width=4;out_width=12;pipeline_stages=2,16nm,TT,0.85,25.0,2.5,400.0,8,4,12,2,V-2023.12-SP4,194,168,26,86.282499,53.934337,32.348161,0.13402061855670103,0.3749098759877133,0.24,0.99,0.0,0,V-2023.12-SP4,203,177,26,99.16,65.69,33.47,120.5591,0.8225,0.12807881773399016,0.3375352964905204,1.31,1.02,0.0,0,V-2023.12-SP3,V-2023.12-SP4,0.1463,0.03464,0.12860000000000002,0.3096,0.18094000000000002,0.45235000000000003,0.1061,0.009075,0.1285,0.2437,0.019559999999999998,0.006809,8.435e-05,0.026449999999999998,0.020679999999999997,0.01876,7.213e-05,0.0395,0.0,0.0,0.0,0.0,0.0,0.0,0.0,0.0,0.0,0.0,0.0,0.0,0.0,0.0,0.0,0.0,vectored,random,2,2026-07-25T05:38:47+00:00
intmul_16_8_24_5_10nm_TT_0V8_25C_1333p33MHz,intmul,a_width=16;b_width=8;out_width=24;pipeline_stages=5,10nm,TT,0.8,25.0,0.75,1333.3333333333333,16,8,24,5,V-2023.12-SP4,1182,1009,173,243.978245,137.68704,106.291205,0.1463620981387479,0.4356585358665893,0.32,0.03,0.0,0,V-2023.12-SP4,1162,989,173,244.65,138.36,106.29,343.5725,0.7121,0.14888123924268504,0.4344573881054568,0.5,0.06,0.0,0,V-2023.12-SP3,V-2023.12-SP4,1.26,0.44880000000000003,0.0006552,1.71,1.7088,1.2816,0.884,0.1717,2.13e-05,1.056,0.1522,0.04154,0.0002524,0.194,0.2243,0.2356,0.00038159999999999995,0.4602,0.0,0.0,0.0,0.0,0.0,0.0,0.0,0.0,0.0,0.0,0.0,0.0,0.0,0.0,0.0,0.0,unvectored,none,2,2026-07-25T05:38:51+00:00
intmul_8_4_12_5_16nm_TT_0V85_25C_1000MHz,intmul,a_width=8;b_width=4;out_width=12;pipeline_stages=5,16nm,TT,0.85,25.0,1.0,1000.0,8,4,12,5,V-2023.12-SP4,412,324,88,182.642694,73.156609,109.486085,0.21359223300970873,0.5994550485550766,0.63,0.14,0.0,0,V-2023.12-SP4,411,323,88,192.84,79.13,113.72,259.5318,0.743,0.2141119221411192,0.5897116780750882,0.53,0.28,0.0,0,V-2023.12-SP3,V-2023.12-SP4,0.6378,0.13090000000000002,0.1289,0.8975,0.7687,0.7687,0.4982,0.06645000000000001,0.1285,0.6930999999999999,0.08388999999999999,0.013699999999999999,0.00032,0.09791,0.0557,0.0507,0.0001205,0.1065,0.0,0.0,0.0,0.0,0.0,0.0,0.0,0.0,0.0,0.0,0.0,0.0,0.0,0.0,0.0,0.0,unvectored,none,2,2026-07-25T05:38:51+00:00
intmul_16_8_24_5_10nm_TT_0V8_25C_1333p33MHz,intmul,a_width=16;b_width=8;out_width=24;pipeline_stages=5,10nm,TT,0.8,25.0,0.75,1333.3333333333333,16,8,24,5,V-2023.12-SP4,1182,1009,173,243.978245,137.68704,106.291205,0.1463620981387479,0.4356585358665893,0.32,0.03,0.0,0,V-2023.12-SP4,1162,989,173,244.65,138.36,106.29,343.5725,0.7121,0.14888123924268504,0.4344573881054568,0.5,0.06,0.0,0,V-2023.12-SP3,V-2023.12-SP4,1.6219999999999999,0.6584,0.0006785999999999999,2.282,2.2803999999999998,1.7102999999999997,0.8836,0.1717,2.13e-05,1.055,0.3356,0.09361000000000001,0.0002678,0.4295,0.4033,0.393,0.0003894,0.7967,0.0,0.0,0.0,0.0,0.0,0.0,0.0,0.0,0.0,0.0,0.0,0.0,0.0,0.0,0.0,0.0,vectored,random,2,2026-07-25T05:38:58+00:00
intmul_8_4_12_5_16nm_TT_0V85_25C_1000MHz,intmul,a_width=8;b_width=4;out_width=12;pipeline_stages=5,16nm,TT,0.85,25.0,1.0,1000.0,8,4,12,5,V-2023.12-SP4,412,324,88,182.642694,73.156609,109.486085,0.21359223300970873,0.5994550485550766,0.63,0.14,0.0,0,V-2023.12-SP4,411,323,88,192.84,79.13,113.72,259.5318,0.743,0.2141119221411192,0.5897116780750882,0.53,0.28,0.0,0,V-2023.12-SP3,V-2023.12-SP4,0.7297,0.1598,0.1288,1.018,0.8895,0.8895,0.4986,0.06645000000000001,0.1285,0.6935,0.15009999999999998,0.02733,0.0002696,0.1777,0.08097,0.06604,0.00012529999999999998,0.1471,0.0,0.0,0.0,0.0,0.0,0.0,0.0,0.0,0.0,0.0,0.0,0.0,0.0,0.0,0.0,0.0,vectored,random,2,2026-07-25T05:38:59+00:00
intmul_8_4_12_5_20nm_TT_0V9_25C_800MHz,intmul,a_width=8;b_width=4;out_width=12;pipeline_stages=5,20nm,TT,0.9,25.0,1.25,800.0,8,4,12,5,V-2023.12-SP4,410,322,88,320.707198,134.851199,185.855999,0.2146341463414634,0.579519262925929,1.03,0.02,0.0,0,V-2023.12-SP4,421,333,88,320.81,134.96,185.86,444.7872,0.7213,0.20902612826603326,0.5793460303606497,0.75,0.25,0.0,0,V-2023.12-SP3,V-2023.12-SP4,0.5382,0.0599,0.00029110000000000003,0.5982999999999999,0.5981,0.747625,0.4081,0.0,0.0,0.4081,0.07401,0.01265,0.00013120000000000002,0.0868,0.05609,0.047240000000000004,0.00015989999999999998,0.1035,0.0,0.0,0.0,0.0,0.0,0.0,0.0,0.0,0.0,0.0,0.0,0.0,0.0,0.0,0.0,0.0,unvectored,none,2,2026-07-25T05:39:12+00:00
intmul_8_4_12_5_20nm_TT_0V9_25C_800MHz,intmul,a_width=8;b_width=4;out_width=12;pipeline_stages=5,20nm,TT,0.9,25.0,1.25,800.0,8,4,12,5,V-2023.12-SP4,410,322,88,320.707198,134.851199,185.855999,0.2146341463414634,0.579519262925929,1.03,0.02,0.0,0,V-2023.12-SP4,421,333,88,320.81,134.96,185.86,444.7872,0.7213,0.20902612826603326,0.5793460303606497,0.75,0.25,0.0,0,V-2023.12-SP3,V-2023.12-SP4,0.632,0.08853,0.0003111,0.7209,0.72053,0.9006625,0.4082,0.0,0.0,0.4082,0.1374,0.02568,0.0001457,0.1632,0.0864,0.06284000000000001,0.0001654,0.1494,0.0,0.0,0.0,0.0,0.0,0.0,0.0,0.0,0.0,0.0,0.0,0.0,0.0,0.0,0.0,0.0,vectored,random,2,2026-07-25T05:39:18+00:00
intmul_8_4_12_5_20nm_TT_0V9_25C_444p444MHz,intmul,a_width=8;b_width=4;out_width=12;pipeline_stages=5,20nm,TT,0.9,25.0,2.25,444.44444444444446,8,4,12,5,V-2023.12-SP4,366,278,88,301.276798,114.998399,186.278399,0.24043715846994534,0.6182965307537556,0.34,0.78,0.0,0,V-2023.12-SP4,360,272,88,300.64,114.79,185.86,414.48,0.7254,0.24444444444444444,0.6182144757849921,1.26,0.74,0.0,0,V-2023.12-SP3,V-2023.12-SP4,0.2953,0.03204,0.000253,0.3276,0.32734,0.736515,0.2266,0.0,0.0,0.2266,0.041550000000000004,0.008043999999999999,0.00013099999999999999,0.04972,0.02717,0.024,0.00012200000000000001,0.051289999999999995,0.0,0.0,0.0,0.0,0.0,0.0,0.0,0.0,0.0,0.0,0.0,0.0,0.0,0.0,0.0,0.0,unvectored,none,2,2026-07-25T05:39:45+00:00
intmul_8_4_12_5_20nm_TT_0V9_25C_444p444MHz,intmul,a_width=8;b_width=4;out_width=12;pipeline_stages=5,20nm,TT,0.9,25.0,2.25,444.44444444444446,8,4,12,5,V-2023.12-SP4,366,278,88,301.276798,114.998399,186.278399,0.24043715846994534,0.6182965307537556,0.34,0.78,0.0,0,V-2023.12-SP4,360,272,88,300.64,114.79,185.86,414.48,0.7254,0.24444444444444444,0.6182144757849921,1.26,0.74,0.0,0,V-2023.12-SP3,V-2023.12-SP4,0.34259999999999996,0.04596,0.0002761,0.3889,0.38855999999999996,0.8742599999999999,0.2267,0.0,0.0,0.2267,0.07732,0.01597,0.00014560000000000002,0.09344,0.03863,0.02998,0.0001305,0.06874,0.0,0.0,0.0,0.0,0.0,0.0,0.0,0.0,0.0,0.0,0.0,0.0,0.0,0.0,0.0,0.0,vectored,random,2,2026-07-25T05:39:52+00:00
intmul_8_4_12_5_16nm_TT_0V85_25C_666p667MHz,intmul,a_width=8;b_width=4;out_width=12;pipeline_stages=5,16nm,TT,0.85,25.0,1.5,666.6666666666666,8,4,12,5,V-2023.12-SP4,366,278,88,177.230598,67.744513,109.486085,0.24043715846994534,0.6177606250586595,0.24,0.49,0.0,0,V-2023.12-SP4,363,275,88,187.18,73.47,113.72,246.9036,0.7581,0.24242424242424243,0.6075435409766,0.81,0.53,0.0,0,V-2023.12-SP3,V-2023.12-SP4,0.4222,0.08632999999999999,0.1289,0.6374,0.50853,0.7627950000000001,0.33290000000000003,0.04422,0.1285,0.5055,0.05638,0.01006,0.00032010000000000003,0.06677,0.03296,0.03204,9.969e-05,0.06509999999999999,0.0,0.0,0.0,0.0,0.0,0.0,0.0,0.0,0.0,0.0,0.0,0.0,0.0,0.0,0.0,0.0,unvectored,none,2,2026-07-25T05:39:56+00:00
intmul_8_4_12_5_16nm_TT_0V85_25C_666p667MHz,intmul,a_width=8;b_width=4;out_width=12;pipeline_stages=5,16nm,TT,0.85,25.0,1.5,666.6666666666666,8,4,12,5,V-2023.12-SP4,366,278,88,177.230598,67.744513,109.486085,0.24043715846994534,0.6177606250586595,0.24,0.49,0.0,0,V-2023.12-SP4,363,275,88,187.18,73.47,113.72,246.9036,0.7581,0.24242424242424243,0.6075435409766,0.81,0.53,0.0,0,V-2023.12-SP3,V-2023.12-SP4,0.48260000000000003,0.1054,0.1288,0.7168,0.5880000000000001,0.8820000000000001,0.3331,0.04422,0.1285,0.5058,0.1017,0.01945,0.0002687,0.1215,0.04771,0.04171,0.000107,0.08952,0.0,0.0,0.0,0.0,0.0,0.0,0.0,0.0,0.0,0.0,0.0,0.0,0.0,0.0,0.0,0.0,vectored,random,2,2026-07-25T05:40:02+00:00
intmul_16_16_32_3_7nm_TT_0V75_25C_666p667MHz,intmul,a_width=16;b_width=16;out_width=32;pipeline_stages=3,7nm,TT,0.75,25.0,1.5,666.6666666666666,16,16,32,3,V-2023.12-SP4,1058,943,115,137.378304,100.283903,37.094401,0.10869565217391304,0.2700164430622174,1.18,0.1,0.0,0,V-2023.12-SP4,1055,940,115,138.14,101.04,37.09,193.3747,0.7143,0.10900473933649289,0.2684957289706096,0.83,0.54,0.0,0,V-2023.12-SP3,V-2023.12-SP4,0.43879999999999997,0.26039999999999996,0.0006217,0.6998,0.6991999999999999,1.0488,0.2376,0.046220000000000004,9.169e-06,0.28390000000000004,0.043519999999999996,0.03046,0.0002924,0.07427,0.1577,0.1837,0.00032010000000000003,0.3417,0.0,0.0,0.0,0.0,0.0,0.0,0.0,0.0,0.0,0.0,0.0,0.0,0.0,0.0,0.0,0.0,unvectored,none,2,2026-07-25T05:40:32+00:00
intmul_16_16_32_3_7nm_TT_0V75_25C_666p667MHz,intmul,a_width=16;b_width=16;out_width=32;pipeline_stages=3,7nm,TT,0.75,25.0,1.5,666.6666666666666,16,16,32,3,V-2023.12-SP4,1058,943,115,137.378304,100.283903,37.094401,0.10869565217391304,0.2700164430622174,1.18,0.1,0.0,0,V-2023.12-SP4,1055,940,115,138.14,101.04,37.09,193.3747,0.7143,0.10900473933649289,0.2684957289706096,0.83,0.54,0.0,0,V-2023.12-SP3,V-2023.12-SP4,0.6803,0.47800000000000004,0.0006826,1.159,1.1583,1.7374500000000002,0.2375,0.046220000000000004,9.192000000000001e-06,0.2838,0.1202,0.06964000000000001,0.0003433,0.19019999999999998,0.32249999999999995,0.3622,0.0003301,0.6849999999999999,0.0,0.0,0.0,0.0,0.0,0.0,0.0,0.0,0.0,0.0,0.0,0.0,0.0,0.0,0.0,0.0,vectored,random,2,2026-07-25T05:40:40+00:00
intmul_16_4_20_2_20nm_TT_0V9_25C_500MHz,intmul,a_width=16;b_width=4;out_width=20;pipeline_stages=2,20nm,TT,0.9,25.0,2.0,500.0,16,4,20,2,V-2023.12-SP4,468,426,42,295.574398,206.870399,88.704,0.08974358974358974,0.3001071831667911,1.76,0.0,0.0,0,V-2023.12-SP4,442,400,42,291.14,202.22,88.92,409.2,0.7115,0.09502262443438914,0.30542007281720135,1.75,0.07,0.0,0,V-2023.12-SP3,V-2023.12-SP4,0.21919999999999998,0.07857,0.0002873,0.2981,0.29777,0.59554,0.12999999999999998,0.01012,3.483e-06,0.1401,0.024329999999999997,0.006989,6.276e-05,0.03138,0.06491999999999999,0.06146,0.00022109999999999998,0.1266,0.0,0.0,0.0,0.0,0.0,0.0,0.0,0.0,0.0,0.0,0.0,0.0,0.0,0.0,0.0,0.0,unvectored,none,2,2026-07-25T05:40:45+00:00
intmul_16_4_20_2_20nm_TT_0V9_25C_500MHz,intmul,a_width=16;b_width=4;out_width=20;pipeline_stages=2,20nm,TT,0.9,25.0,2.0,500.0,16,4,20,2,V-2023.12-SP4,468,426,42,295.574398,206.870399,88.704,0.08974358974358974,0.3001071831667911,1.76,0.0,0.0,0,V-2023.12-SP4,442,400,42,291.14,202.22,88.92,409.2,0.7115,0.09502262443438914,0.30542007281720135,1.75,0.07,0.0,0,V-2023.12-SP3,V-2023.12-SP4,0.29100000000000004,0.124,0.0002991,0.4152,0.41500000000000004,0.8300000000000001,0.1304,0.01012,3.483e-06,0.1405,0.055439999999999996,0.0159,7.31e-05,0.07141,0.1052,0.09794,0.0002226,0.2033,0.0,0.0,0.0,0.0,0.0,0.0,0.0,0.0,0.0,0.0,0.0,0.0,0.0,0.0,0.0,0.0,vectored,random,2,2026-07-25T05:40:53+00:00
intmul_16_4_20_2_16nm_TT_0V85_25C_571p429MHz,intmul,a_width=16;b_width=4;out_width=20;pipeline_stages=2,16nm,TT,0.85,25.0,1.75,571.4285714285714,16,4,20,2,V-2023.12-SP4,425,383,42,165.970949,113.716227,52.254722,0.0988235294117647,0.3148425812760762,1.5,0.01,0.0,0,V-2023.12-SP4,421,379,42,168.83,115.33,53.5,229.6719,0.7351,0.0997624703087886,0.31688680921637147,1.26,0.32,0.0,0,V-2023.12-SP3,V-2023.12-SP4,0.2193,0.08438999999999999,0.0003663,0.30410000000000004,0.30369,0.5314575,0.1318,0.018850000000000002,7.345e-06,0.1506,0.02451,0.006862,0.0001848,0.03155,0.06303,0.05869,0.0001741,0.1219,0.0,0.0,0.0,0.0,0.0,0.0,0.0,0.0,0.0,0.0,0.0,0.0,0.0,0.0,0.0,0.0,unvectored,none,2,2026-07-25T05:41:10+00:00
intmul_16_4_20_2_16nm_TT_0V85_25C_571p429MHz,intmul,a_width=16;b_width=4;out_width=20;pipeline_stages=2,16nm,TT,0.85,25.0,1.75,571.4285714285714,16,4,20,2,V-2023.12-SP4,425,383,42,165.970949,113.716227,52.254722,0.0988235294117647,0.3148425812760762,1.5,0.01,0.0,0,V-2023.12-SP4,421,379,42,168.83,115.33,53.5,229.6719,0.7351,0.0997624703087886,0.31688680921637147,1.26,0.32,0.0,0,V-2023.12-SP3,V-2023.12-SP4,0.2932,0.13090000000000002,0.0003381,0.4244,0.42410000000000003,0.742175,0.13190000000000002,0.018850000000000002,7.345e-06,0.15080000000000002,0.053810000000000004,0.01577,0.0001538,0.06974000000000001,0.1075,0.09626,0.0001769,0.2039,0.0,0.0,0.0,0.0,0.0,0.0,0.0,0.0,0.0,0.0,0.0,0.0,0.0,0.0,0.0,0.0,vectored,random,2,2026-07-25T05:41:17+00:00
intmul_16_4_20_2_16nm_TT_0V85_25C_333p333MHz,intmul,a_width=16;b_width=4;out_width=20;pipeline_stages=2,16nm,TT,0.85,25.0,3.0,333.3333333333333,16,4,20,2,V-2023.12-SP4,385,343,42,157.012997,104.758275,52.254722,0.10909090909090909,0.33280507345516114,2.02,0.74,0.0,0,V-2023.12-SP4,392,350,42,161.24,107.74,53.5,223.2023,0.7224,0.10714285714285714,0.3318035226990821,1.9,0.93,0.0,0,V-2023.12-SP3,V-2023.12-SP4,0.11950000000000001,0.04786,0.00033089999999999997,0.16770000000000002,0.16736,0.5020800000000001,0.07478,0.01094,6.36e-06,0.08573,0.01424,0.0062450000000000006,0.0001848,0.02067,0.03045,0.03068,0.00013969999999999998,0.06127,0.0,0.0,0.0,0.0,0.0,0.0,0.0,0.0,0.0,0.0,0.0,0.0,0.0,0.0,0.0,0.0,unvectored,none,2,2026-07-25T05:41:23+00:00
intmul_16_4_20_2_16nm_TT_0V85_25C_333p333MHz,intmul,a_width=16;b_width=4;out_width=20;pipeline_stages=2,16nm,TT,0.85,25.0,3.0,333.3333333333333,16,4,20,2,V-2023.12-SP4,385,343,42,157.012997,104.758275,52.254722,0.10909090909090909,0.33280507345516114,2.02,0.74,0.0,0,V-2023.12-SP4,392,350,42,161.24,107.74,53.5,223.2023,0.7224,0.10714285714285714,0.3318035226990821,1.9,0.93,0.0,0,V-2023.12-SP3,V-2023.12-SP4,0.16369999999999998,0.07855,0.00030750000000000005,0.24259999999999998,0.24224999999999997,0.7267499999999999,0.07487,0.01094,6.36e-06,0.08582000000000001,0.034,0.013770000000000001,0.0001543,0.04792999999999999,0.05482,0.05384,0.0001468,0.10880000000000001,0.0,0.0,0.0,0.0,0.0,0.0,0.0,0.0,0.0,0.0,0.0,0.0,0.0,0.0,0.0,0.0,vectored,random,2,2026-07-25T05:41:30+00:00
intmul_16_4_20_2_20nm_TT_0V9_25C_285p714MHz,intmul,a_width=16;b_width=4;out_width=20;pipeline_stages=2,20nm,TT,0.9,25.0,3.5,285.7142857142857,16,4,20,2,V-2023.12-SP4,387,345,42,267.484799,178.780799,88.704,0.10852713178294573,0.3316225831584545,2.9,0.36,0.0,0,V-2023.12-SP4,391,349,42,269.49,180.36,89.13,375.0912,0.7185,0.10741687979539642,0.33073583435377935,2.4,0.86,0.0,0,V-2023.12-SP3,V-2023.12-SP4,0.1155,0.035410000000000004,0.0002321,0.15109999999999998,0.15091000000000002,0.528185,0.07042,0.0,0.0,0.07042,0.01417,0.005984,6.350000000000001e-05,0.020210000000000002,0.030889999999999997,0.029419999999999998,0.00016859999999999998,0.06048,0.0,0.0,0.0,0.0,0.0,0.0,0.0,0.0,0.0,0.0,0.0,0.0,0.0,0.0,0.0,0.0,unvectored,none,2,2026-07-25T05:41:44+00:00
intmul_16_4_20_2_20nm_TT_0V9_25C_285p714MHz,intmul,a_width=16;b_width=4;out_width=20;pipeline_stages=2,20nm,TT,0.9,25.0,3.5,285.7142857142857,16,4,20,2,V-2023.12-SP4,387,345,42,267.484799,178.780799,88.704,0.10852713178294573,0.3316225831584545,2.9,0.36,0.0,0,V-2023.12-SP4,391,349,42,269.49,180.36,89.13,375.0912,0.7185,0.10741687979539642,0.33073583435377935,2.4,0.86,0.0,0,V-2023.12-SP3,V-2023.12-SP4,0.1618,0.06553,0.00025100000000000003,0.2276,0.22733,0.795655,0.07067,0.0,0.0,0.07067,0.0347,0.01354,7.374e-05,0.048310000000000006,0.05643,0.05199,0.0001773,0.1086,0.0,0.0,0.0,0.0,0.0,0.0,0.0,0.0,0.0,0.0,0.0,0.0,0.0,0.0,0.0,0.0,vectored,random,2,2026-07-25T05:41:50+00:00
intmul_32_16_48_2_10nm_TT_0V8_25C_444p444MHz,intmul,a_width=32;b_width=16;out_width=48;pipeline_stages=2,10nm,TT,0.8,25.0,2.25,444.44444444444446,32,16,48,2,V-2023.12-SP4,1921,1823,98,381.726728,321.515525,60.211203,0.05101509630400833,0.15773378855462278,1.95,0.08,0.0,0,V-2023.12-SP4,1911,1813,98,379.64,319.43,60.21,536.3712,0.7078,0.05128205128205128,0.15859761879675482,1.67,0.45,0.0,0,V-2023.12-SP3,V-2023.12-SP4,0.44,0.3386,0.0009660999999999999,0.7795000000000001,0.7786,1.75185,0.1704,0.03281,5.027e-06,0.20320000000000002,0.03319,0.008745,0.0001432,0.04207,0.2364,0.297,0.0008178,0.5342,0.0,0.0,0.0,0.0,0.0,0.0,0.0,0.0,0.0,0.0,0.0,0.0,0.0,0.0,0.0,0.0,unvectored,none,2,2026-07-25T05:41:56+00:00
intmul_32_16_48_2_10nm_TT_0V8_25C_444p444MHz,intmul,a_width=32;b_width=16;out_width=48;pipeline_stages=2,10nm,TT,0.8,25.0,2.25,444.44444444444446,32,16,48,2,V-2023.12-SP4,1921,1823,98,381.726728,321.515525,60.211203,0.05101509630400833,0.15773378855462278,1.95,0.08,0.0,0,V-2023.12-SP4,1911,1813,98,379.64,319.43,60.21,536.3712,0.7078,0.05128205128205128,0.15859761879675482,1.67,0.45,0.0,0,V-2023.12-SP3,V-2023.12-SP4,0.8207000000000001,0.7077,0.0009855999999999999,1.529,1.5284,3.4389,0.17029999999999998,0.03281,5.027e-06,0.2031,0.1106,0.020210000000000002,0.0001539,0.131,0.5398000000000001,0.6547000000000001,0.0008265999999999999,1.195,0.0,0.0,0.0,0.0,0.0,0.0,0.0,0.0,0.0,0.0,0.0,0.0,0.0,0.0,0.0,0.0,vectored,random,2,2026-07-25T05:42:02+00:00
intmul_16_4_20_5_20nm_TT_0V9_25C_666p667MHz,intmul,a_width=16;b_width=4;out_width=20;pipeline_stages=5,20nm,TT,0.9,25.0,1.5,666.6666666666666,16,4,20,5,V-2023.12-SP4,850,698,152,595.795197,274.771199,321.023998,0.17882352941176471,0.5388160220432257,0.62,0.08,0.0,0,V-2023.12-SP4,836,684,152,594.0,272.98,321.02,840.1536,0.707,0.18181818181818182,0.5404377104377104,1.19,0.07,0.0,0,V-2023.12-SP3,V-2023.12-SP4,0.7903,0.10569999999999999,0.0005441,0.8965000000000001,0.896,1.344,0.5889,0.0,0.0,0.5889,0.1071,0.01774,0.0002267,0.12510000000000002,0.09426,0.08795,0.0003174,0.1825,0.0,0.0,0.0,0.0,0.0,0.0,0.0,0.0,0.0,0.0,0.0,0.0,0.0,0.0,0.0,0.0,unvectored,none,2,2026-07-25T05:42:26+00:00
intmul_16_4_20_5_20nm_TT_0V9_25C_666p667MHz,intmul,a_width=16;b_width=4;out_width=20;pipeline_stages=5,20nm,TT,0.9,25.0,1.5,666.6666666666666,16,4,20,5,V-2023.12-SP4,850,698,152,595.795197,274.771199,321.023998,0.17882352941176471,0.5388160220432257,0.62,0.08,0.0,0,V-2023.12-SP4,836,684,152,594.0,272.98,321.02,840.1536,0.707,0.18181818181818182,0.5404377104377104,1.19,0.07,0.0,0,V-2023.12-SP3,V-2023.12-SP4,0.9698,0.1696,0.0005836,1.14,1.1394,1.7090999999999998,0.5892999999999999,0.0,0.0,0.5892999999999999,0.2203,0.0388,0.000258,0.2594,0.16019999999999998,0.1308,0.0003256,0.2913,0.0,0.0,0.0,0.0,0.0,0.0,0.0,0.0,0.0,0.0,0.0,0.0,0.0,0.0,0.0,0.0,vectored,random,2,2026-07-25T05:42:32+00:00
intmul_16_16_32_5_7nm_TT_0V75_25C_666p667MHz,intmul,a_width=16;b_width=16;out_width=32;pipeline_stages=5,7nm,TT,0.75,25.0,1.5,666.6666666666666,16,16,32,5,V-2023.12-SP4,1461,1246,215,183.407618,114.057215,69.350403,0.14715947980835045,0.3781217146607291,1.01,0.27,0.0,0,V-2023.12-SP4,1472,1257,215,185.97,116.62,69.35,260.1124,0.715,0.14605978260869565,0.37290960907673276,0.83,0.55,0.0,0,V-2023.12-SP3,V-2023.12-SP4,0.7105,0.3312,0.0009438,1.0430000000000001,1.0417,1.56255,0.4749,0.09581,2.621e-05,0.5708,0.07775,0.03891,0.0005482,0.1172,0.1578,0.1965,0.00036940000000000003,0.3547,0.0,0.0,0.0,0.0,0.0,0.0,0.0,0.0,0.0,0.0,0.0,0.0,0.0,0.0,0.0,0.0,unvectored,none,2,2026-07-25T05:42:41+00:00
intmul_16_4_20_5_16nm_TT_0V85_25C_1000MHz,intmul,a_width=16;b_width=4;out_width=20;pipeline_stages=5,16nm,TT,0.85,25.0,1.0,1000.0,16,4,20,5,V-2023.12-SP4,855,703,152,351.599627,162.487298,189.112329,0.17777777777777778,0.5378627122377465,0.4,0.06,0.0,0,V-2023.12-SP4,861,709,152,382.33,187.74,194.59,489.3281,0.7813,0.1765389082462253,0.5089582298014804,0.73,0.07,0.0,0,V-2023.12-SP3,V-2023.12-SP4,1.2899999999999998,0.2122,0.5146999999999999,2.0170000000000003,1.5021999999999998,1.5021999999999998,1.0250000000000001,0.06935000000000001,0.5138,1.608,0.1429,0.023960000000000002,0.0006261,0.1675,0.1225,0.1189,0.0002658,0.24159999999999998,0.0,0.0,0.0,0.0,0.0,0.0,0.0,0.0,0.0,0.0,0.0,0.0,0.0,0.0,0.0,0.0,unvectored,none,2,2026-07-25T05:42:43+00:00
intmul_16_16_32_5_7nm_TT_0V75_25C_666p667MHz,intmul,a_width=16;b_width=16;out_width=32;pipeline_stages=5,7nm,TT,0.75,25.0,1.5,666.6666666666666,16,16,32,5,V-2023.12-SP4,1461,1246,215,183.407618,114.057215,69.350403,0.14715947980835045,0.3781217146607291,1.01,0.27,0.0,0,V-2023.12-SP4,1472,1257,215,185.97,116.62,69.35,260.1124,0.715,0.14605978260869565,0.37290960907673276,0.83,0.55,0.0,0,V-2023.12-SP3,V-2023.12-SP4,1.059,0.6312,0.0010479999999999999,1.691,1.6902,2.5353,0.4748,0.09581,2.6260000000000003e-05,0.5707000000000001,0.208,0.08949,0.0006369,0.29819999999999997,0.37579999999999997,0.4459,0.00038449999999999997,0.8220000000000001,0.0,0.0,0.0,0.0,0.0,0.0,0.0,0.0,0.0,0.0,0.0,0.0,0.0,0.0,0.0,0.0,vectored,random,2,2026-07-25T05:42:48+00:00
intmul_16_4_20_5_16nm_TT_0V85_25C_1000MHz,intmul,a_width=16;b_width=4;out_width=20;pipeline_stages=5,16nm,TT,0.85,25.0,1.0,1000.0,16,4,20,5,V-2023.12-SP4,855,703,152,351.599627,162.487298,189.112329,0.17777777777777778,0.5378627122377465,0.4,0.06,0.0,0,V-2023.12-SP4,861,709,152,382.33,187.74,194.59,489.3281,0.7813,0.1765389082462253,0.5089582298014804,0.73,0.07,0.0,0,V-2023.12-SP3,V-2023.12-SP4,1.519,0.2981,0.5146000000000001,2.332,1.8171,1.8171,1.026,0.06935000000000001,0.5138,1.609,0.2863,0.05189,0.0005244000000000001,0.3388,0.207,0.17679999999999998,0.0002719,0.3841,0.0,0.0,0.0,0.0,0.0,0.0,0.0,0.0,0.0,0.0,0.0,0.0,0.0,0.0,0.0,0.0,vectored,random,2,2026-07-25T05:42:50+00:00
intmul_16_4_20_5_20nm_TT_0V9_25C_444p444MHz,intmul,a_width=16;b_width=4;out_width=20;pipeline_stages=5,20nm,TT,0.9,25.0,2.25,444.44444444444446,16,4,20,5,V-2023.12-SP4,785,633,152,565.382397,244.358399,321.023998,0.19363057324840766,0.5677997753439077,1.07,0.01,0.0,0,V-2023.12-SP4,776,624,152,564.64,243.41,321.24,794.64,0.7106,0.1958762886597938,0.5689288750354208,1.97,0.04,0.0,0,V-2023.12-SP3,V-2023.12-SP4,0.5220999999999999,0.0653,0.0005158,0.5879,0.5873999999999999,1.3216499999999998,0.39189999999999997,0.0,0.0,0.39189999999999997,0.07159,0.012289999999999999,0.0002265,0.08411,0.05856,0.05301,0.00028920000000000004,0.1119,0.0,0.0,0.0,0.0,0.0,0.0,0.0,0.0,0.0,0.0,0.0,0.0,0.0,0.0,0.0,0.0,unvectored,none,2,2026-07-25T05:43:22+00:00
intmul_16_4_20_5_20nm_TT_0V9_25C_444p444MHz,intmul,a_width=16;b_width=4;out_width=20;pipeline_stages=5,20nm,TT,0.9,25.0,2.25,444.44444444444446,16,4,20,5,V-2023.12-SP4,785,633,152,565.382397,244.358399,321.023998,0.19363057324840766,0.5677997753439077,1.07,0.01,0.0,0,V-2023.12-SP4,776,624,152,564.64,243.41,321.24,794.64,0.7106,0.1958762886597938,0.5689288750354208,1.97,0.04,0.0,0,V-2023.12-SP3,V-2023.12-SP4,0.6335,0.1047,0.0005565,0.7387,0.7382,1.66095,0.3923,0.0,0.0,0.3923,0.147,0.02647,0.0002583,0.1737,0.09423,0.07818,0.0002982,0.1727,0.0,0.0,0.0,0.0,0.0,0.0,0.0,0.0,0.0,0.0,0.0,0.0,0.0,0.0,0.0,0.0,vectored,random,2,2026-07-25T05:43:28+00:00
intmul_16_4_20_5_16nm_TT_0V85_25C_571p429MHz,intmul,a_width=16;b_width=4;out_width=20;pipeline_stages=5,16nm,TT,0.85,25.0,1.75,571.4285714285714,16,4,20,5,V-2023.12-SP4,707,555,152,319.749131,130.636802,189.112329,0.214992927864215,0.5914396965163292,1.38,0.14,0.0,0,V-2023.12-SP4,697,545,152,329.33,134.87,194.46,453.4341,0.7263,0.21807747489239598,0.5904715634773632,1.28,0.31,0.0,0,V-2023.12-SP3,V-2023.12-SP4,0.6013000000000001,0.1394,0.0008456,0.7416,0.7407,1.296225,0.46490000000000004,0.06601,2.2020000000000003e-05,0.5308999999999999,0.08193,0.01544,0.0006320999999999999,0.09799000000000001,0.054509999999999996,0.05793,0.0001915,0.1126,0.0,0.0,0.0,0.0,0.0,0.0,0.0,0.0,0.0,0.0,0.0,0.0,0.0,0.0,0.0,0.0,unvectored,none,2,2026-07-25T05:43:42+00:00
intmul_16_4_20_5_16nm_TT_0V85_25C_571p429MHz,intmul,a_width=16;b_width=4;out_width=20;pipeline_stages=5,16nm,TT,0.85,25.0,1.75,571.4285714285714,16,4,20,5,V-2023.12-SP4,707,555,152,319.749131,130.636802,189.112329,0.214992927864215,0.5914396965163292,1.38,0.14,0.0,0,V-2023.12-SP4,697,545,152,329.33,134.87,194.46,453.4341,0.7263,0.21807747489239598,0.5904715634773632,1.28,0.31,0.0,0,V-2023.12-SP3,V-2023.12-SP4,0.712,0.1776,0.0007554,0.8904,0.8896,1.5568,0.4654,0.06601,2.2020000000000003e-05,0.5314,0.1634,0.03374,0.0005279,0.1976,0.08322,0.07788,0.0002055,0.1613,0.0,0.0,0.0,0.0,0.0,0.0,0.0,0.0,0.0,0.0,0.0,0.0,0.0,0.0,0.0,0.0,vectored,random,2,2026-07-25T05:43:48+00:00
intmul_32_16_48_5_10nm_TT_0V8_25C_571p429MHz,intmul,a_width=32;b_width=16;out_width=48;pipeline_stages=5,10nm,TT,0.8,25.0,1.75,571.4285714285714,32,16,48,5,V-2023.12-SP4,2864,2523,341,664.657936,455.086086,209.57185,0.11906424581005587,0.31530782775457605,1.43,0.1,0.0,0,V-2023.12-SP4,2842,2501,341,667.73,458.16,209.57,946.176,0.7057,0.11998592540464462,0.31385440222844563,1.45,0.15,0.0,0,V-2023.12-SP3,V-2023.12-SP4,1.34,0.6141,0.001751,1.9559999999999997,1.9541,3.419675,0.8147,0.1681,5.941e-05,0.9829000000000001,0.1344,0.051109999999999996,0.0004982999999999999,0.186,0.3909,0.39490000000000003,0.001193,0.7869,0.0,0.0,0.0,0.0,0.0,0.0,0.0,0.0,0.0,0.0,0.0,0.0,0.0,0.0,0.0,0.0,unvectored,none,2,2026-07-25T05:43:53+00:00
intmul_32_16_48_5_10nm_TT_0V8_25C_571p429MHz,intmul,a_width=32;b_width=16;out_width=48;pipeline_stages=5,10nm,TT,0.8,25.0,1.75,571.4285714285714,32,16,48,5,V-2023.12-SP4,2864,2523,341,664.657936,455.086086,209.57185,0.11906424581005587,0.31530782775457605,1.43,0.1,0.0,0,V-2023.12-SP4,2842,2501,341,667.73,458.16,209.57,946.176,0.7057,0.11998592540464462,0.31385440222844563,1.45,0.15,0.0,0,V-2023.12-SP3,V-2023.12-SP4,1.9780000000000002,1.0839999999999999,0.001799,3.064,3.0620000000000003,5.3585,0.8143,0.1681,5.945e-05,0.9825,0.3573,0.1218,0.0005314,0.4795,0.8062,0.7943,0.0012079999999999999,1.6019999999999999,0.0,0.0,0.0,0.0,0.0,0.0,0.0,0.0,0.0,0.0,0.0,0.0,0.0,0.0,0.0,0.0,vectored,random,2,2026-07-25T05:44:00+00:00
intmul_16_8_24_2_16nm_TT_0V85_25C_571p429MHz,intmul,a_width=16;b_width=8;out_width=24;pipeline_stages=2,16nm,TT,0.85,25.0,1.75,571.4285714285714,16,8,24,2,V-2023.12-SP4,656,606,50,268.614153,206.40615,62.208003,0.07621951219512195,0.23158870188049996,1.51,0.01,0.0,0,V-2023.12-SP4,657,607,50,287.4,223.58,63.83,382.828,0.7507,0.076103500761035,0.22209464161447462,1.28,0.32,0.0,0,V-2023.12-SP3,V-2023.12-SP4,0.42910000000000004,0.18259999999999998,0.3217,0.9333,0.6117,1.070475,0.2682,0.04575,0.3211,0.6351,0.03005,0.0106,0.00021439999999999998,0.04087,0.1308,0.1262,0.000303,0.25730000000000003,0.0,0.0,0.0,0.0,0.0,0.0,0.0,0.0,0.0,0.0,0.0,0.0,0.0,0.0,0.0,0.0,unvectored,none,2,2026-07-25T05:44:02+00:00
intmul_16_8_24_2_16nm_TT_0V85_25C_571p429MHz,intmul,a_width=16;b_width=8;out_width=24;pipeline_stages=2,16nm,TT,0.85,25.0,1.75,571.4285714285714,16,8,24,2,V-2023.12-SP4,656,606,50,268.614153,206.40615,62.208003,0.07621951219512195,0.23158870188049996,1.51,0.01,0.0,0,V-2023.12-SP4,657,607,50,287.4,223.58,63.83,382.828,0.7507,0.076103500761035,0.22209464161447462,1.28,0.32,0.0,0,V-2023.12-SP3,V-2023.12-SP4,0.5416000000000001,0.2611,0.3216,1.124,0.8027000000000001,1.4047250000000002,0.2684,0.04575,0.3211,0.6353,0.06978,0.0246,0.0001803,0.09456,0.2033,0.1908,0.00030619999999999996,0.3944,0.0,0.0,0.0,0.0,0.0,0.0,0.0,0.0,0.0,0.0,0.0,0.0,0.0,0.0,0.0,0.0,vectored,random,2,2026-07-25T05:44:07+00:00
intmul_8_4_12_2_5nm_TT_0V7_25C_1333p33MHz,intmul,a_width=8;b_width=4;out_width=12;pipeline_stages=2,5nm,TT,0.7,25.0,0.75,1333.3333333333333,8,4,12,2,V-2023.12-SP4,196,170,26,11.7768,7.4088,4.368,0.1326530612244898,0.37089871611982883,0.47,0.06,0.0,0,V-2023.12-SP4,195,169,26,11.83,7.39,4.44,16.5312,0.7154,0.13333333333333333,0.3753169907016061,0.3,0.24,0.0,0,V-2023.12-SP3,V-2023.12-SP4,0.1316,0.042120000000000005,9.478000000000001e-05,0.1738,0.17371999999999999,0.13029,0.0828,0.0,0.0,0.0828,0.018070000000000003,0.008331999999999999,4.679e-05,0.02644,0.03077,0.03379,4.799e-05,0.06461,0.0,0.0,0.0,0.0,0.0,0.0,0.0,0.0,0.0,0.0,0.0,0.0,0.0,0.0,0.0,0.0,unvectored,none,2,2026-07-25T05:44:09+00:00
intmul_8_4_12_2_5nm_TT_0V7_25C_1333p33MHz,intmul,a_width=8;b_width=4;out_width=12;pipeline_stages=2,5nm,TT,0.7,25.0,0.75,1333.3333333333333,8,4,12,2,V-2023.12-SP4,196,170,26,11.7768,7.4088,4.368,0.1326530612244898,0.37089871611982883,0.47,0.06,0.0,0,V-2023.12-SP4,195,169,26,11.83,7.39,4.44,16.5312,0.7154,0.13333333333333333,0.3753169907016061,0.3,0.24,0.0,0,V-2023.12-SP3,V-2023.12-SP4,0.15880000000000002,0.061340000000000006,9.38e-05,0.2202,0.22014000000000003,0.16510500000000003,0.08313,0.0,0.0,0.08313,0.03426,0.01763,4.365e-05,0.05193,0.04142,0.04371,5.014e-05,0.08517999999999999,0.0,0.0,0.0,0.0,0.0,0.0,0.0,0.0,0.0,0.0,0.0,0.0,0.0,0.0,0.0,0.0,vectored,random,2,2026-07-25T05:44:17+00:00
intmul_16_8_24_2_20nm_TT_0V9_25C_444p444MHz,intmul,a_width=16;b_width=8;out_width=24;pipeline_stages=2,20nm,TT,0.9,25.0,2.25,444.44444444444446,16,8,24,2,V-2023.12-SP4,652,602,50,460.415998,354.815998,105.599999,0.07668711656441718,0.22935779698949557,2.01,0.0,0.0,0,V-2023.12-SP4,632,582,50,459.36,353.55,105.81,655.5648,0.7007,0.07911392405063292,0.23034221525600837,1.94,0.06,0.0,0,V-2023.12-SP3,V-2023.12-SP4,0.2961,0.1317,0.0004489,0.4283,0.42779999999999996,0.9625499999999999,0.1462,0.01027,9.285e-06,0.1565,0.02647,0.009177999999999999,7.475e-05,0.035719999999999995,0.1235,0.11230000000000001,0.0003648,0.2361,0.0,0.0,0.0,0.0,0.0,0.0,0.0,0.0,0.0,0.0,0.0,0.0,0.0,0.0,0.0,0.0,unvectored,none,2,2026-07-25T05:44:19+00:00
intmul_16_8_24_2_20nm_TT_0V9_25C_444p444MHz,intmul,a_width=16;b_width=8;out_width=24;pipeline_stages=2,20nm,TT,0.9,25.0,2.25,444.44444444444446,16,8,24,2,V-2023.12-SP4,652,602,50,460.415998,354.815998,105.599999,0.07668711656441718,0.22935779698949557,2.01,0.0,0.0,0,V-2023.12-SP4,632,582,50,459.36,353.55,105.81,655.5648,0.7007,0.07911392405063292,0.23034221525600837,1.94,0.06,0.0,0,V-2023.12-SP3,V-2023.12-SP4,0.3936,0.196,0.0004644,0.5901,0.5896,1.3266,0.1466,0.01027,9.285e-06,0.15689999999999998,0.06377,0.0213,8.785e-05,0.08514999999999999,0.1832,0.16440000000000002,0.0003672,0.348,0.0,0.0,0.0,0.0,0.0,0.0,0.0,0.0,0.0,0.0,0.0,0.0,0.0,0.0,0.0,0.0,vectored,random,2,2026-07-25T05:44:26+00:00
intmul_16_8_24_2_20nm_TT_0V9_25C_266p667MHz,intmul,a_width=16;b_width=8;out_width=24;pipeline_stages=2,20nm,TT,0.9,25.0,3.75,266.6666666666667,16,8,24,2,V-2023.12-SP4,542,492,50,427.891198,322.291198,105.599999,0.09225092250922509,0.2467917066151008,3.29,0.22,0.0,0,V-2023.12-SP4,551,501,50,433.07,327.25,105.81,592.416,0.731,0.09074410163339383,0.2443253977417046,2.56,0.98,0.0,0,V-2023.12-SP3,V-2023.12-SP4,0.15860000000000002,0.06722,0.0003657,0.22619999999999998,0.22582000000000002,0.846825,0.07803,0.0,0.0,0.07803,0.0162,0.009382,7.528e-05,0.025660000000000002,0.06434,0.05784,0.0002904,0.1225,0.0,0.0,0.0,0.0,0.0,0.0,0.0,0.0,0.0,0.0,0.0,0.0,0.0,0.0,0.0,0.0,unvectored,none,2,2026-07-25T05:45:00+00:00
intmul_16_8_24_2_20nm_TT_0V9_25C_266p667MHz,intmul,a_width=16;b_width=8;out_width=24;pipeline_stages=2,20nm,TT,0.9,25.0,3.75,266.6666666666667,16,8,24,2,V-2023.12-SP4,542,492,50,427.891198,322.291198,105.599999,0.09225092250922509,0.2467917066151008,3.29,0.22,0.0,0,V-2023.12-SP4,551,501,50,433.07,327.25,105.81,592.416,0.731,0.09074410163339383,0.2443253977417046,2.56,0.98,0.0,0,V-2023.12-SP3,V-2023.12-SP4,0.229,0.1193,0.0003903,0.3486,0.3483,1.306125,0.07829,0.0,0.0,0.07829,0.041690000000000005,0.0211,8.793e-05,0.06287999999999999,0.10900000000000001,0.09815,0.00030240000000000003,0.2075,0.0,0.0,0.0,0.0,0.0,0.0,0.0,0.0,0.0,0.0,0.0,0.0,0.0,0.0,0.0,0.0,vectored,random,2,2026-07-25T05:45:07+00:00
intmul_16_8_24_2_16nm_TT_0V85_25C_363p636MHz,intmul,a_width=16;b_width=8;out_width=24;pipeline_stages=2,16nm,TT,0.85,25.0,2.75,363.6363636363636,16,8,24,2,V-2023.12-SP4,540,490,50,251.631369,189.423366,62.208003,0.09259259259259259,0.24721879170796068,2.27,0.24,0.0,0,V-2023.12-SP4,547,497,50,258.29,192.97,65.32,348.3648,0.7414,0.09140767824497258,0.2528940338379341,1.75,0.81,0.0,0,V-2023.12-SP3,V-2023.12-SP4,0.1864,0.09433,0.0003992,0.2812,0.28073000000000004,0.7720075000000001,0.09553,0.01432,6.36e-06,0.1098,0.01996,0.01167,0.0001554,0.031779999999999996,0.07093999999999999,0.06835,0.0002375,0.1395,0.0,0.0,0.0,0.0,0.0,0.0,0.0,0.0,0.0,0.0,0.0,0.0,0.0,0.0,0.0,0.0,unvectored,none,2,2026-07-25T05:45:17+00:00
intmul_16_8_24_2_16nm_TT_0V85_25C_363p636MHz,intmul,a_width=16;b_width=8;out_width=24;pipeline_stages=2,16nm,TT,0.85,25.0,2.75,363.6363636363636,16,8,24,2,V-2023.12-SP4,540,490,50,251.631369,189.423366,62.208003,0.09259259259259259,0.24721879170796068,2.27,0.24,0.0,0,V-2023.12-SP4,547,497,50,258.29,192.97,65.32,348.3648,0.7414,0.09140767824497258,0.2528940338379341,1.75,0.81,0.0,0,V-2023.12-SP3,V-2023.12-SP4,0.27149999999999996,0.159,0.0003964,0.4309,0.4305,1.183875,0.09562,0.01432,6.36e-06,0.1099,0.051199999999999996,0.026359999999999998,0.0001428,0.0777,0.12469999999999999,0.1183,0.0002473,0.2432,0.0,0.0,0.0,0.0,0.0,0.0,0.0,0.0,0.0,0.0,0.0,0.0,0.0,0.0,0.0,0.0,vectored,random,2,2026-07-25T05:45:24+00:00
intmul_8_4_12_2_5nm_TT_0V7_25C_800MHz,intmul,a_width=8;b_width=4;out_width=12;pipeline_stages=2,5nm,TT,0.7,25.0,1.25,800.0,8,4,12,2,V-2023.12-SP4,196,170,26,11.7768,7.4088,4.368,0.1326530612244898,0.37089871611982883,0.12,0.49,0.0,0,V-2023.12-SP4,198,172,26,12.31,7.87,4.44,16.5312,0.7444,0.13131313131313133,0.3606823720552397,0.54,0.58,0.0,0,V-2023.12-SP3,V-2023.12-SP4,0.1028,0.0432,0.00010439999999999999,0.1461,0.14600000000000002,0.18250000000000002,0.07344,0.017859999999999997,9.655e-06,0.09131,0.01083,0.005017000000000001,4.6779999999999996e-05,0.015889999999999998,0.01849,0.020319999999999998,4.8e-05,0.03885,0.0,0.0,0.0,0.0,0.0,0.0,0.0,0.0,0.0,0.0,0.0,0.0,0.0,0.0,0.0,0.0,unvectored,none,2,2026-07-25T05:45:30+00:00
intmul_8_4_12_2_5nm_TT_0V7_25C_800MHz,intmul,a_width=8;b_width=4;out_width=12;pipeline_stages=2,5nm,TT,0.7,25.0,1.25,800.0,8,4,12,2,V-2023.12-SP4,196,170,26,11.7768,7.4088,4.368,0.1326530612244898,0.37089871611982883,0.12,0.49,0.0,0,V-2023.12-SP4,198,172,26,12.31,7.87,4.44,16.5312,0.7444,0.13131313131313133,0.3606823720552397,0.54,0.58,0.0,0,V-2023.12-SP3,V-2023.12-SP4,0.1192,0.05468,0.0001031,0.174,0.17388,0.21735000000000002,0.07364000000000001,0.017859999999999997,9.666999999999999e-06,0.09151,0.020720000000000002,0.01061,4.335e-05,0.03137,0.02483,0.02621,5.013e-05,0.05109,0.0,0.0,0.0,0.0,0.0,0.0,0.0,0.0,0.0,0.0,0.0,0.0,0.0,0.0,0.0,0.0,vectored,random,2,2026-07-25T05:45:37+00:00
intmul_16_8_24_5_20nm_TT_0V9_25C_571p429MHz,intmul,a_width=16;b_width=8;out_width=24;pipeline_stages=5,20nm,TT,0.9,25.0,1.75,571.4285714285714,16,8,24,5,V-2023.12-SP4,1131,958,173,823.468796,458.092798,365.375998,0.15296198054818744,0.4437035134480068,1.42,0.1,0.0,0,V-2023.12-SP4,1141,968,173,827.9,462.53,365.38,1148.7168,0.7207,0.1516213847502191,0.44133349438337965,1.45,0.05,0.0,0,V-2023.12-SP3,V-2023.12-SP4,0.8341000000000001,0.1605,0.0007546,0.9954000000000001,0.9946,1.74055,0.5765,0.0,0.0,0.5765,0.1073,0.02387,0.0002593,0.1314,0.1503,0.13660000000000003,0.0004953000000000001,0.2875,0.0,0.0,0.0,0.0,0.0,0.0,0.0,0.0,0.0,0.0,0.0,0.0,0.0,0.0,0.0,0.0,unvectored,none,2,2026-07-25T05:46:00+00:00
intmul_16_8_24_5_20nm_TT_0V9_25C_571p429MHz,intmul,a_width=16;b_width=8;out_width=24;pipeline_stages=5,20nm,TT,0.9,25.0,1.75,571.4285714285714,16,8,24,5,V-2023.12-SP4,1131,958,173,823.468796,458.092798,365.375998,0.15296198054818744,0.4437035134480068,1.42,0.1,0.0,0,V-2023.12-SP4,1141,968,173,827.9,462.53,365.38,1148.7168,0.7207,0.1516213847502191,0.44133349438337965,1.45,0.05,0.0,0,V-2023.12-SP3,V-2023.12-SP4,1.074,0.2689,0.000809,1.343,1.3429,2.350075,0.5770000000000001,0.0,0.0,0.5770000000000001,0.232,0.05303,0.0002995,0.2854,0.2647,0.21589999999999998,0.0005095999999999999,0.48109999999999997,0.0,0.0,0.0,0.0,0.0,0.0,0.0,0.0,0.0,0.0,0.0,0.0,0.0,0.0,0.0,0.0,vectored,random,2,2026-07-25T05:46:06+00:00
intmul_16_8_24_5_16nm_TT_0V85_25C_666p667MHz,intmul,a_width=16;b_width=8;out_width=24;pipeline_stages=5,16nm,TT,0.85,25.0,1.5,666.6666666666666,16,8,24,5,V-2023.12-SP4,1085,912,173,477.446415,262.206725,215.23969,0.15944700460829492,0.45081433902901963,1.23,0.04,0.0,0,V-2023.12-SP4,1097,924,173,490.39,270.92,219.47,674.6458,0.7269,0.1577028258887876,0.4475417524827178,1.25,0.06,0.0,0,V-2023.12-SP3,V-2023.12-SP4,0.8654999999999999,0.2428,0.001227,1.109,1.1082999999999998,1.6624499999999998,0.6102,0.08555,2.35e-05,0.6958,0.1079,0.023960000000000002,0.0008005,0.1326,0.1474,0.13329999999999997,0.0004032,0.2811,0.0,0.0,0.0,0.0,0.0,0.0,0.0,0.0,0.0,0.0,0.0,0.0,0.0,0.0,0.0,0.0,unvectored,none,2,2026-07-25T05:46:23+00:00
intmul_16_8_24_5_16nm_TT_0V85_25C_666p667MHz,intmul,a_width=16;b_width=8;out_width=24;pipeline_stages=5,16nm,TT,0.85,25.0,1.5,666.6666666666666,16,8,24,5,V-2023.12-SP4,1085,912,173,477.446415,262.206725,215.23969,0.15944700460829492,0.45081433902901963,1.23,0.04,0.0,0,V-2023.12-SP4,1097,924,173,490.39,270.92,219.47,674.6458,0.7269,0.1577028258887876,0.4475417524827178,1.25,0.06,0.0,0,V-2023.12-SP3,V-2023.12-SP4,1.095,0.35,0.001096,1.446,1.4449999999999998,2.1674999999999995,0.611,0.08555,2.35e-05,0.6966,0.22719999999999999,0.05384,0.0006581,0.2817,0.2571,0.2106,0.0004148,0.4681,0.0,0.0,0.0,0.0,0.0,0.0,0.0,0.0,0.0,0.0,0.0,0.0,0.0,0.0,0.0,0.0,vectored,random,2,2026-07-25T05:46:29+00:00
intmul_16_8_24_5_16nm_TT_0V85_25C_400MHz,intmul,a_width=16;b_width=8;out_width=24;pipeline_stages=5,16nm,TT,0.85,25.0,2.5,400.0,16,8,24,5,V-2023.12-SP4,774,599,175,458.597393,240.869383,217.72801,0.22609819121447028,0.4747694019272369,1.71,0.55,0.0,0,V-2023.12-SP4,792,617,175,472.35,250.26,222.08,645.9679,0.7312,0.22095959595959597,0.47015983910236053,1.65,0.69,0.0,0,V-2023.12-SP3,V-2023.12-SP4,0.5083000000000001,0.1316,0.06535,0.7052,0.6399000000000001,1.5997500000000002,0.3674,0.053180000000000005,0.06423999999999999,0.4849,0.06571,0.01586,0.0008065,0.08238,0.07514,0.06254,0.00030680000000000003,0.13799999999999998,0.0,0.0,0.0,0.0,0.0,0.0,0.0,0.0,0.0,0.0,0.0,0.0,0.0,0.0,0.0,0.0,unvectored,none,2,2026-07-25T05:46:32+00:00
intmul_8_4_12_5_5nm_TT_0V7_25C_1333p33MHz,intmul,a_width=8;b_width=4;out_width=12;pipeline_stages=5,5nm,TT,0.7,25.0,0.75,1333.3333333333333,8,4,12,5,V-2023.12-SP4,380,292,88,24.192,9.408,14.784,0.23157894736842105,0.6111111111111112,0.35,0.18,0.0,0,V-2023.12-SP4,372,284,88,24.34,9.24,15.1,33.4152,0.7285,0.23655913978494625,0.6203779786359901,0.3,0.25,0.0,0,V-2023.12-SP3,V-2023.12-SP4,0.3725,0.0605,0.0002204,0.43320000000000003,0.433,0.32475,0.2782,0.0,0.0,0.2782,0.05794,0.0152,0.000157,0.07329,0.0363,0.045309999999999996,6.34e-05,0.08166999999999999,0.0,0.0,0.0,0.0,0.0,0.0,0.0,0.0,0.0,0.0,0.0,0.0,0.0,0.0,0.0,0.0,unvectored,none,2,2026-07-25T05:46:35+00:00
intmul_16_8_24_5_16nm_TT_0V85_25C_400MHz,intmul,a_width=16;b_width=8;out_width=24;pipeline_stages=5,16nm,TT,0.85,25.0,2.5,400.0,16,8,24,5,V-2023.12-SP4,774,599,175,458.597393,240.869383,217.72801,0.22609819121447028,0.4747694019272369,1.71,0.55,0.0,0,V-2023.12-SP4,792,617,175,472.35,250.26,222.08,645.9679,0.7312,0.22095959595959597,0.47015983910236053,1.65,0.69,0.0,0,V-2023.12-SP3,V-2023.12-SP4,0.6359,0.1852,0.06522,0.8864,0.8211,2.05275,0.3679,0.053180000000000005,0.06423999999999999,0.48529999999999995,0.13970000000000002,0.03486,0.0006643,0.1753,0.1283,0.09718,0.00032090000000000005,0.2258,0.0,0.0,0.0,0.0,0.0,0.0,0.0,0.0,0.0,0.0,0.0,0.0,0.0,0.0,0.0,0.0,vectored,random,2,2026-07-25T05:46:39+00:00
intmul_8_4_12_5_5nm_TT_0V7_25C_1333p33MHz,intmul,a_width=8;b_width=4;out_width=12;pipeline_stages=5,5nm,TT,0.7,25.0,0.75,1333.3333333333333,8,4,12,5,V-2023.12-SP4,380,292,88,24.192,9.408,14.784,0.23157894736842105,0.6111111111111112,0.35,0.18,0.0,0,V-2023.12-SP4,372,284,88,24.34,9.24,15.1,33.4152,0.7285,0.23655913978494625,0.6203779786359901,0.3,0.25,0.0,0,V-2023.12-SP3,V-2023.12-SP4,0.43179999999999996,0.08263999999999999,0.0002151,0.5146999999999999,0.51444,0.38583,0.279,0.0,0.0,0.279,0.1027,0.02953,0.0001471,0.1324,0.05005,0.05311,6.804e-05,0.1032,0.0,0.0,0.0,0.0,0.0,0.0,0.0,0.0,0.0,0.0,0.0,0.0,0.0,0.0,0.0,0.0,vectored,random,2,2026-07-25T05:46:41+00:00
intmul_8_4_12_5_5nm_TT_0V7_25C_1000MHz,intmul,a_width=8;b_width=4;out_width=12;pipeline_stages=5,5nm,TT,0.7,25.0,1.0,1000.0,8,4,12,5,V-2023.12-SP4,380,292,88,24.192,9.408,14.784,0.23157894736842105,0.6111111111111112,0.12,0.37,0.0,0,V-2023.12-SP4,377,289,88,24.73,9.63,15.1,33.4152,0.7401,0.23342175066312998,0.6105944197331177,0.41,0.46,0.0,0,V-2023.12-SP3,V-2023.12-SP4,0.3115,0.09435,0.0002277,0.4061,0.40585,0.40585,0.241,0.04975,7.317e-06,0.2908,0.0434,0.01138,0.000157,0.054939999999999996,0.027039999999999998,0.03322,6.34e-05,0.06032,0.0,0.0,0.0,0.0,0.0,0.0,0.0,0.0,0.0,0.0,0.0,0.0,0.0,0.0,0.0,0.0,unvectored,none,2,2026-07-25T05:46:55+00:00
intmul_16_8_24_5_20nm_TT_0V9_25C_363p636MHz,intmul,a_width=16;b_width=8;out_width=24;pipeline_stages=5,20nm,TT,0.9,25.0,2.75,363.6363636363636,16,8,24,5,V-2023.12-SP4,819,644,175,796.012796,426.412798,369.599998,0.21367521367521367,0.4643141415028208,2.51,0.0,0.0,0,V-2023.12-SP4,831,656,175,821.36,451.55,369.81,1130.976,0.7262,0.21058965102286403,0.4502410636018311,2.05,0.5,0.0,0,V-2023.12-SP3,V-2023.12-SP4,0.5820000000000001,0.1091,0.1553,0.8463999999999999,0.6911,1.900525,0.42450000000000004,0.02317,0.1546,0.6023,0.06951,0.01611,0.0002627,0.08589000000000001,0.08799,0.0698,0.00039840000000000003,0.1582,0.0,0.0,0.0,0.0,0.0,0.0,0.0,0.0,0.0,0.0,0.0,0.0,0.0,0.0,0.0,0.0,unvectored,none,2,2026-07-25T05:47:00+00:00
intmul_8_4_12_5_5nm_TT_0V7_25C_1000MHz,intmul,a_width=8;b_width=4;out_width=12;pipeline_stages=5,5nm,TT,0.7,25.0,1.0,1000.0,8,4,12,5,V-2023.12-SP4,380,292,88,24.192,9.408,14.784,0.23157894736842105,0.6111111111111112,0.12,0.37,0.0,0,V-2023.12-SP4,377,289,88,24.73,9.63,15.1,33.4152,0.7401,0.23342175066312998,0.6105944197331177,0.41,0.46,0.0,0,V-2023.12-SP3,V-2023.12-SP4,0.3605,0.1155,0.0002219,0.47619999999999996,0.476,0.476,0.2417,0.04975,7.317e-06,0.2915,0.07875,0.02207,0.00014649999999999998,0.101,0.04007,0.04363,6.804e-05,0.08377000000000001,0.0,0.0,0.0,0.0,0.0,0.0,0.0,0.0,0.0,0.0,0.0,0.0,0.0,0.0,0.0,0.0,vectored,random,2,2026-07-25T05:47:01+00:00
intmul_16_8_24_5_20nm_TT_0V9_25C_363p636MHz,intmul,a_width=16;b_width=8;out_width=24;pipeline_stages=5,20nm,TT,0.9,25.0,2.75,363.6363636363636,16,8,24,5,V-2023.12-SP4,819,644,175,796.012796,426.412798,369.599998,0.21367521367521367,0.4643141415028208,2.51,0.0,0.0,0,V-2023.12-SP4,831,656,175,821.36,451.55,369.81,1130.976,0.7262,0.21058965102286403,0.4502410636018311,2.05,0.5,0.0,0,V-2023.12-SP3,V-2023.12-SP4,0.7274,0.1692,0.1554,1.052,0.8966000000000001,2.46565,0.4249,0.02317,0.1546,0.6027,0.1514,0.03583,0.00030240000000000003,0.1875,0.15109999999999998,0.11019999999999999,0.0004159,0.26170000000000004,0.0,0.0,0.0,0.0,0.0,0.0,0.0,0.0,0.0,0.0,0.0,0.0,0.0,0.0,0.0,0.0,vectored,random,2,2026-07-25T05:47:07+00:00
intmul_32_16_48_2_20nm_TT_0V9_25C_333p333MHz,intmul,a_width=32;b_width=16;out_width=48;pipeline_stages=2,20nm,TT,0.9,25.0,3.0,333.3333333333333,32,16,48,2,V-2023.12-SP4,2039,1941,98,1382.620793,1175.644794,206.975999,0.048062775870524765,0.14969831210979045,2.76,0.0,0.0,0,V-2023.12-SP4,2007,1909,98,1399.31,1192.12,207.19,1951.488,0.717,0.048829098156452415,0.14806583244599125,2.71,0.05,0.0,0,V-2023.12-SP3,V-2023.12-SP4,0.5922,0.3544,0.156,1.103,0.9465999999999999,2.8397999999999994,0.24919999999999998,0.02378,0.1547,0.42769999999999997,0.04043,0.0077020000000000005,0.0001472,0.048279999999999997,0.3026,0.32289999999999996,0.00116,0.6266,0.0,0.0,0.0,0.0,0.0,0.0,0.0,0.0,0.0,0.0,0.0,0.0,0.0,0.0,0.0,0.0,unvectored,none,2,2026-07-25T05:48:08+00:00
intmul_32_16_48_2_20nm_TT_0V9_25C_333p333MHz,intmul,a_width=32;b_width=16;out_width=48;pipeline_stages=2,20nm,TT,0.9,25.0,3.0,333.3333333333333,32,16,48,2,V-2023.12-SP4,2039,1941,98,1382.620793,1175.644794,206.975999,0.048062775870524765,0.14969831210979045,2.76,0.0,0.0,0,V-2023.12-SP4,2007,1909,98,1399.31,1192.12,207.19,1951.488,0.717,0.048829098156452415,0.14806583244599125,2.71,0.05,0.0,0,V-2023.12-SP3,V-2023.12-SP4,1.006,0.708,0.156,1.8699999999999999,1.714,5.1419999999999995,0.2496,0.02378,0.1547,0.428,0.1237,0.018179999999999998,0.0001752,0.14200000000000002,0.6328,0.6661,0.00117,1.3,0.0,0.0,0.0,0.0,0.0,0.0,0.0,0.0,0.0,0.0,0.0,0.0,0.0,0.0,0.0,0.0,vectored,random,2,2026-07-25T05:48:15+00:00
intmul_32_16_48_2_16nm_TT_0V85_25C_444p444MHz,intmul,a_width=32;b_width=16;out_width=48;pipeline_stages=2,16nm,TT,0.85,25.0,2.25,444.44444444444446,32,16,48,2,V-2023.12-SP4,2029,1931,98,812.809751,690.882066,121.927685,0.04829965500246427,0.15000765535845545,2.01,0.0,0.0,0,V-2023.12-SP4,1995,1897,98,815.73,692.06,123.67,1156.1357,0.7056,0.04912280701754386,0.15160653647653022,1.97,0.08,0.0,0,V-2023.12-SP3,V-2023.12-SP4,0.6292,0.4248,0.12990000000000002,1.184,1.054,2.3715,0.2498,0.036449999999999996,0.1285,0.4147,0.04528,0.01093,0.0004818,0.056690000000000004,0.3341,0.3774,0.0009521,0.7125,0.0,0.0,0.0,0.0,0.0,0.0,0.0,0.0,0.0,0.0,0.0,0.0,0.0,0.0,0.0,0.0,unvectored,none,2,2026-07-25T05:48:38+00:00
intmul_32_16_48_2_16nm_TT_0V85_25C_444p444MHz,intmul,a_width=32;b_width=16;out_width=48;pipeline_stages=2,16nm,TT,0.85,25.0,2.25,444.44444444444446,32,16,48,2,V-2023.12-SP4,2029,1931,98,812.809751,690.882066,121.927685,0.04829965500246427,0.15000765535845545,2.01,0.0,0.0,0,V-2023.12-SP4,1995,1897,98,815.73,692.06,123.67,1156.1357,0.7056,0.04912280701754386,0.15160653647653022,1.97,0.08,0.0,0,V-2023.12-SP3,V-2023.12-SP4,1.1329999999999998,0.8752,0.1298,2.1380000000000003,2.0081999999999995,4.518449999999999,0.2501,0.036449999999999996,0.1285,0.415,0.1421,0.02589,0.0003926,0.1684,0.741,0.8129,0.0009601999999999999,1.555,0.0,0.0,0.0,0.0,0.0,0.0,0.0,0.0,0.0,0.0,0.0,0.0,0.0,0.0,0.0,0.0,vectored,random,2,2026-07-25T05:48:46+00:00
intmul_16_4_20_2_5nm_TT_0V7_25C_666p667MHz,intmul,a_width=16;b_width=4;out_width=20;pipeline_stages=2,5nm,TT,0.7,25.0,1.5,666.6666666666666,16,4,20,2,V-2023.12-SP4,390,348,42,21.294,14.238,7.056,0.1076923076923077,0.3313609467455621,0.91,0.37,0.0,0,V-2023.12-SP4,394,352,42,22.04,14.92,7.12,29.568,0.7455,0.1065989847715736,0.32304900181488205,0.83,0.55,0.0,0,V-2023.12-SP3,V-2023.12-SP4,0.1463,0.07229999999999999,0.0001811,0.2188,0.21860000000000002,0.3279,0.09727,0.02076,1.341e-05,0.118,0.01524,0.008806,7.62e-05,0.02412,0.03381000000000001,0.04273,9.148e-05,0.07664,0.0,0.0,0.0,0.0,0.0,0.0,0.0,0.0,0.0,0.0,0.0,0.0,0.0,0.0,0.0,0.0,unvectored,none,2,2026-07-25T05:49:12+00:00
intmul_16_4_20_2_5nm_TT_0V7_25C_666p667MHz,intmul,a_width=16;b_width=4;out_width=20;pipeline_stages=2,5nm,TT,0.7,25.0,1.5,666.6666666666666,16,4,20,2,V-2023.12-SP4,390,348,42,21.294,14.238,7.056,0.1076923076923077,0.3313609467455621,0.91,0.37,0.0,0,V-2023.12-SP4,394,352,42,22.04,14.92,7.12,29.568,0.7455,0.1065989847715736,0.32304900181488205,0.83,0.55,0.0,0,V-2023.12-SP3,V-2023.12-SP4,0.2008,0.121,0.00017910000000000002,0.322,0.3218,0.48269999999999996,0.09759000000000001,0.02076,1.341e-05,0.1184,0.038149999999999996,0.0196,7.005999999999999e-05,0.05781,0.06508,0.08061,9.567e-05,0.14579999999999999,0.0,0.0,0.0,0.0,0.0,0.0,0.0,0.0,0.0,0.0,0.0,0.0,0.0,0.0,0.0,0.0,vectored,random,2,2026-07-25T05:49:19+00:00
intmul_32_16_48_2_16nm_TT_0V85_25C_266p667MHz,intmul,a_width=32;b_width=16;out_width=48;pipeline_stages=2,16nm,TT,0.85,25.0,3.75,266.6666666666667,32,16,48,2,V-2023.12-SP4,1914,1816,98,770.259481,648.207379,122.052101,0.051201671891327065,0.15845582431720823,3.37,0.15,0.0,0,V-2023.12-SP4,1891,1793,98,773.37,646.59,126.78,1088.5778,0.7104,0.05182443151771549,0.16393188254005198,2.94,0.64,0.0,0,V-2023.12-SP3,V-2023.12-SP4,0.36069999999999997,0.24489999999999998,0.00125,0.6068,0.6055999999999999,2.271,0.1346,0.02022,6.609e-06,0.1549,0.02948,0.01221,0.0003566,0.042039999999999994,0.1965,0.2124,0.0008868,0.4099,0.0,0.0,0.0,0.0,0.0,0.0,0.0,0.0,0.0,0.0,0.0,0.0,0.0,0.0,0.0,0.0,unvectored,none,2,2026-07-25T05:49:29+00:00
intmul_32_16_48_2_16nm_TT_0V85_25C_266p667MHz,intmul,a_width=32;b_width=16;out_width=48;pipeline_stages=2,16nm,TT,0.85,25.0,3.75,266.6666666666667,32,16,48,2,V-2023.12-SP4,1914,1816,98,770.259481,648.207379,122.052101,0.051201671891327065,0.15845582431720823,3.37,0.15,0.0,0,V-2023.12-SP4,1891,1793,98,773.37,646.59,126.78,1088.5778,0.7104,0.05182443151771549,0.16393188254005198,2.94,0.64,0.0,0,V-2023.12-SP3,V-2023.12-SP4,0.6735000000000001,0.5172,0.001219,1.192,1.1907,4.4651250000000005,0.1348,0.02022,6.609e-06,0.155,0.09189,0.02934,0.0003147,0.1215,0.4469,0.4677,0.0008977,0.9154,0.0,0.0,0.0,0.0,0.0,0.0,0.0,0.0,0.0,0.0,0.0,0.0,0.0,0.0,0.0,0.0,vectored,random,2,2026-07-25T05:49:35+00:00
intmul_16_4_20_5_5nm_TT_0V7_25C_1333p33MHz,intmul,a_width=16;b_width=4;out_width=20;pipeline_stages=5,5nm,TT,0.7,25.0,0.75,1333.3333333333333,16,4,20,5,V-2023.12-SP4,818,666,152,47.275199,21.7392,25.536,0.18581907090464547,0.5401563724776706,0.36,0.0,0.0,0,V-2023.12-SP4,802,650,152,47.28,21.42,25.86,66.1248,0.7149,0.18952618453865336,0.5469543147208121,0.53,0.05,0.0,0,V-2023.12-SP3,V-2023.12-SP4,0.7037,0.2512,0.00045180000000000003,0.9552999999999999,0.9549,0.716175,0.5232,0.1256,1.131e-05,0.6488,0.09807,0.02179,0.00027560000000000003,0.12010000000000001,0.08246,0.1038,0.0001649,0.1864,0.0,0.0,0.0,0.0,0.0,0.0,0.0,0.0,0.0,0.0,0.0,0.0,0.0,0.0,0.0,0.0,unvectored,none,2,2026-07-25T05:49:37+00:00
intmul_16_4_20_5_5nm_TT_0V7_25C_1333p33MHz,intmul,a_width=16;b_width=4;out_width=20;pipeline_stages=5,5nm,TT,0.7,25.0,0.75,1333.3333333333333,16,4,20,5,V-2023.12-SP4,818,666,152,47.275199,21.7392,25.536,0.18581907090464547,0.5401563724776706,0.36,0.0,0.0,0,V-2023.12-SP4,802,650,152,47.28,21.42,25.86,66.1248,0.7149,0.18952618453865336,0.5469543147208121,0.53,0.05,0.0,0,V-2023.12-SP3,V-2023.12-SP4,0.8735999999999999,0.332,0.0004349,1.206,1.2056,0.9042,0.5251,0.1256,1.131e-05,0.6507000000000001,0.2007,0.04725,0.0002556,0.2482,0.1478,0.1591,0.000168,0.3071,0.0,0.0,0.0,0.0,0.0,0.0,0.0,0.0,0.0,0.0,0.0,0.0,0.0,0.0,0.0,0.0,vectored,random,2,2026-07-25T05:49:44+00:00
intmul_16_4_20_5_5nm_TT_0V7_25C_800MHz,intmul,a_width=16;b_width=4;out_width=20;pipeline_stages=5,5nm,TT,0.7,25.0,1.25,800.0,16,4,20,5,V-2023.12-SP4,727,575,152,43.243199,17.7072,25.536,0.20907840440165062,0.5905206041763932,0.28,0.33,0.0,0,V-2023.12-SP4,729,577,152,43.73,17.88,25.86,60.6648,0.7209,0.2085048010973937,0.5913560484793049,0.7,0.43,0.0,0,V-2023.12-SP3,V-2023.12-SP4,0.4128,0.13999999999999999,0.000401,0.5532,0.5528,0.691,0.3115,0.06741,3.562e-06,0.3789,0.059379999999999995,0.014620000000000001,0.00027560000000000003,0.07428,0.041909999999999996,0.05794,0.00012179999999999999,0.09997,0.0,0.0,0.0,0.0,0.0,0.0,0.0,0.0,0.0,0.0,0.0,0.0,0.0,0.0,0.0,0.0,unvectored,none,2,2026-07-25T05:49:58+00:00
intmul_16_4_20_5_5nm_TT_0V7_25C_800MHz,intmul,a_width=16;b_width=4;out_width=20;pipeline_stages=5,5nm,TT,0.7,25.0,1.25,800.0,16,4,20,5,V-2023.12-SP4,727,575,152,43.243199,17.7072,25.536,0.20907840440165062,0.5905206041763932,0.28,0.33,0.0,0,V-2023.12-SP4,729,577,152,43.73,17.88,25.86,60.6648,0.7209,0.2085048010973937,0.5913560484793049,0.7,0.43,0.0,0,V-2023.12-SP3,V-2023.12-SP4,0.501,0.18259999999999998,0.0003881,0.684,0.6836,0.8545,0.31270000000000003,0.06741,3.5670000000000003e-06,0.38010000000000005,0.12129999999999999,0.03088,0.0002542,0.1525,0.06699,0.08435000000000001,0.0001303,0.1515,0.0,0.0,0.0,0.0,0.0,0.0,0.0,0.0,0.0,0.0,0.0,0.0,0.0,0.0,0.0,0.0,vectored,random,2,2026-07-25T05:50:05+00:00
intmul_32_16_48_5_16nm_TT_0V85_25C_400MHz,intmul,a_width=32;b_width=16;out_width=48;pipeline_stages=5,16nm,TT,0.85,25.0,2.5,400.0,32,16,48,5,V-2023.12-SP4,2907,2565,342,1373.98814,948.360985,425.627155,0.11764705882352941,0.3097749846661704,2.26,0.01,0.0,0,V-2023.12-SP4,2884,2542,342,1392.53,954.33,438.19,1938.4013,0.7184,0.11858529819694869,0.3146718562616245,2.25,0.14,0.0,0,V-2023.12-SP3,V-2023.12-SP4,1.216,0.4555,0.06697,1.738,1.6715,4.17875,0.7152999999999999,0.07879,0.06425,0.8584,0.13640000000000002,0.04065,0.00141,0.1784,0.36410000000000003,0.33599999999999997,0.001314,0.7014,0.0,0.0,0.0,0.0,0.0,0.0,0.0,0.0,0.0,0.0,0.0,0.0,0.0,0.0,0.0,0.0,unvectored,none,2,2026-07-25T05:52:11+00:00
intmul_32_16_48_5_16nm_TT_0V85_25C_400MHz,intmul,a_width=32;b_width=16;out_width=48;pipeline_stages=5,16nm,TT,0.85,25.0,2.5,400.0,32,16,48,5,V-2023.12-SP4,2907,2565,342,1373.98814,948.360985,425.627155,0.11764705882352941,0.3097749846661704,2.26,0.01,0.0,0,V-2023.12-SP4,2884,2542,342,1392.53,954.33,438.19,1938.4013,0.7184,0.11858529819694869,0.3146718562616245,2.25,0.14,0.0,0,V-2023.12-SP3,V-2023.12-SP4,1.732,0.7847999999999999,0.06679,2.584,2.5168,6.292,0.7162,0.07879,0.06425,0.8592,0.33540000000000003,0.09682,0.001204,0.4335,0.6806,0.6092,0.00134,1.2910000000000001,0.0,0.0,0.0,0.0,0.0,0.0,0.0,0.0,0.0,0.0,0.0,0.0,0.0,0.0,0.0,0.0,vectored,random,2,2026-07-25T05:52:18+00:00
intmul_16_8_24_2_5nm_TT_0V7_25C_666p667MHz,intmul,a_width=16;b_width=8;out_width=24;pipeline_stages=2,5nm,TT,0.7,25.0,1.5,666.6666666666666,16,8,24,2,V-2023.12-SP4,543,493,50,34.02,25.62,8.4,0.09208103130755065,0.24691358024691357,1.08,0.2,0.0,0,V-2023.12-SP4,544,494,50,34.59,26.12,8.47,47.8716,0.7226,0.09191176470588236,0.24486845909222318,0.83,0.54,0.0,0,V-2023.12-SP3,V-2023.12-SP4,0.1938,0.1256,0.0002578,0.31970000000000004,0.3194,0.4791,0.1023,0.02383,1.019e-05,0.1261,0.01865,0.01502,9.09e-05,0.033760000000000005,0.07288,0.08671999999999999,0.0001567,0.1598,0.0,0.0,0.0,0.0,0.0,0.0,0.0,0.0,0.0,0.0,0.0,0.0,0.0,0.0,0.0,0.0,unvectored,none,2,2026-07-25T05:52:25+00:00
intmul_16_8_24_2_5nm_TT_0V7_25C_666p667MHz,intmul,a_width=16;b_width=8;out_width=24;pipeline_stages=2,5nm,TT,0.7,25.0,1.5,666.6666666666666,16,8,24,2,V-2023.12-SP4,543,493,50,34.02,25.62,8.4,0.09208103130755065,0.24691358024691357,1.08,0.2,0.0,0,V-2023.12-SP4,544,494,50,34.59,26.12,8.47,47.8716,0.7226,0.09191176470588236,0.24486845909222318,0.83,0.54,0.0,0,V-2023.12-SP3,V-2023.12-SP4,0.2921,0.21660000000000001,0.0002557,0.5088999999999999,0.5087,0.76305,0.1027,0.02383,1.02e-05,0.1265,0.05103,0.03389,8.318e-05,0.08501,0.1383,0.1589,0.0001624,0.2974,0.0,0.0,0.0,0.0,0.0,0.0,0.0,0.0,0.0,0.0,0.0,0.0,0.0,0.0,0.0,0.0,vectored,random,2,2026-07-25T05:52:31+00:00
intmul_16_8_24_5_5nm_TT_0V7_25C_800MHz,intmul,a_width=16;b_width=8;out_width=24;pipeline_stages=5,5nm,TT,0.7,25.0,1.25,800.0,16,8,24,5,V-2023.12-SP4,778,603,175,62.756399,33.3564,29.4,0.2249357326478149,0.4684781228444927,0.76,0.27,0.0,0,V-2023.12-SP4,792,617,175,63.92,34.14,29.79,88.9056,0.719,0.22095959595959597,0.4660513141426783,0.71,0.42,0.0,0,V-2023.12-SP3,V-2023.12-SP4,0.5386,0.18560000000000001,0.0005331,0.7247,0.7242,0.9052499999999999,0.3853,0.07618000000000001,1.073e-05,0.4615,0.07012,0.02105,0.00031600000000000004,0.09149,0.08317000000000001,0.08841,0.0002064,0.1718,0.0,0.0,0.0,0.0,0.0,0.0,0.0,0.0,0.0,0.0,0.0,0.0,0.0,0.0,0.0,0.0,unvectored,none,2,2026-07-25T05:53:44+00:00
intmul_16_8_24_5_5nm_TT_0V7_25C_800MHz,intmul,a_width=16;b_width=8;out_width=24;pipeline_stages=5,5nm,TT,0.7,25.0,1.25,800.0,16,8,24,5,V-2023.12-SP4,778,603,175,62.756399,33.3564,29.4,0.2249357326478149,0.4684781228444927,0.76,0.27,0.0,0,V-2023.12-SP4,792,617,175,63.92,34.14,29.79,88.9056,0.719,0.22095959595959597,0.4660513141426783,0.71,0.42,0.0,0,V-2023.12-SP3,V-2023.12-SP4,0.6981999999999999,0.2673,0.0005148,0.9661,0.9654999999999999,1.206875,0.3869,0.07618000000000001,1.073e-05,0.46309999999999996,0.1532,0.04625,0.0002899,0.1998,0.1581,0.1449,0.0002141,0.3032,0.0,0.0,0.0,0.0,0.0,0.0,0.0,0.0,0.0,0.0,0.0,0.0,0.0,0.0,0.0,0.0,vectored,random,2,2026-07-25T05:53:52+00:00
intmul_24_24_48_5_7nm_TT_0V75_25C_666p667MHz,intmul,a_width=24;b_width=24;out_width=48;pipeline_stages=5,7nm,TT,0.75,25.0,1.5,666.6666666666666,24,24,48,5,V-2023.12-SP4,2767,2450,317,360.993023,258.741499,102.251524,0.11456451029996385,0.2832506931858348,1.15,0.13,0.0,0,V-2023.12-SP4,2822,2505,317,363.49,261.24,102.25,513.8381,0.7074,0.11233167965981573,0.2813007235412253,1.01,0.37,0.0,0,V-2023.12-SP3,V-2023.12-SP4,1.192,0.6123,0.00182,1.806,1.8043,2.7064500000000002,0.6826,0.1288,2.751e-05,0.8115,0.11620000000000001,0.04623,0.0008078,0.1632,0.3927,0.4373,0.0009850000000000002,0.8310000000000001,0.0,0.0,0.0,0.0,0.0,0.0,0.0,0.0,0.0,0.0,0.0,0.0,0.0,0.0,0.0,0.0,unvectored,none,2,2026-07-25T05:54:56+00:00
intmul_24_24_48_5_7nm_TT_0V75_25C_666p667MHz,intmul,a_width=24;b_width=24;out_width=48;pipeline_stages=5,7nm,TT,0.75,25.0,1.5,666.6666666666666,24,24,48,5,V-2023.12-SP4,2767,2450,317,360.993023,258.741499,102.251524,0.11456451029996385,0.2832506931858348,1.15,0.13,0.0,0,V-2023.12-SP4,2822,2505,317,363.49,261.24,102.25,513.8381,0.7074,0.11233167965981573,0.2813007235412253,1.01,0.37,0.0,0,V-2023.12-SP3,V-2023.12-SP4,1.807,1.1019999999999999,0.001976,2.911,2.909,4.3635,0.6824,0.1288,2.752e-05,0.8113,0.32130000000000003,0.10969999999999999,0.0009521999999999999,0.4319,0.8030999999999999,0.8638,0.0009960000000000001,1.668,0.0,0.0,0.0,0.0,0.0,0.0,0.0,0.0,0.0,0.0,0.0,0.0,0.0,0.0,0.0,0.0,vectored,random,2,2026-07-25T05:55:03+00:00
intmul_32_16_48_2_5nm_TT_0V7_25C_500MHz,intmul,a_width=32;b_width=16;out_width=48;pipeline_stages=2,5nm,TT,0.7,25.0,2.0,500.0,32,16,48,2,V-2023.12-SP4,1956,1858,98,106.478399,90.014399,16.464,0.050102249488752554,0.15462291088730587,1.56,0.22,0.0,0,V-2023.12-SP4,1934,1836,98,105.36,88.83,16.53,150.8472,0.6985,0.050672182006204755,0.15689066059225515,1.42,0.47,0.0,0,V-2023.12-SP3,V-2023.12-SP4,0.3609,0.3171,0.0007949,0.6788000000000001,0.6779999999999999,1.3559999999999999,0.1391,0.0316,1.391e-05,0.1707,0.02803,0.014790000000000001,0.0001793,0.043000000000000003,0.1938,0.2707,0.0006017,0.46509999999999996,0.0,0.0,0.0,0.0,0.0,0.0,0.0,0.0,0.0,0.0,0.0,0.0,0.0,0.0,0.0,0.0,unvectored,none,2,2026-07-25T05:55:44+00:00
intmul_32_16_48_2_5nm_TT_0V7_25C_500MHz,intmul,a_width=32;b_width=16;out_width=48;pipeline_stages=2,5nm,TT,0.7,25.0,2.0,500.0,32,16,48,2,V-2023.12-SP4,1956,1858,98,106.478399,90.014399,16.464,0.050102249488752554,0.15462291088730587,1.56,0.22,0.0,0,V-2023.12-SP4,1934,1836,98,105.36,88.83,16.53,150.8472,0.6985,0.050672182006204755,0.15689066059225515,1.42,0.47,0.0,0,V-2023.12-SP3,V-2023.12-SP4,0.7008,0.6861,0.0007815999999999999,1.388,1.3869,2.7738,0.13970000000000002,0.0316,1.392e-05,0.17129999999999998,0.09391,0.03607,0.0001629,0.1301,0.4672,0.6184,0.0006048000000000001,1.0859999999999999,0.0,0.0,0.0,0.0,0.0,0.0,0.0,0.0,0.0,0.0,0.0,0.0,0.0,0.0,0.0,0.0,vectored,random,2,2026-07-25T05:55:51+00:00
intmul_8_4_12_2_7nm_TT_0V75_25C_1000MHz,intmul,a_width=8;b_width=4;out_width=12;pipeline_stages=2,7nm,TT,0.75,25.0,1.0,1000.0,8,4,12,2,V-2023.12-SP4,194,168,26,22.369536,13.982976,8.38656,0.13402061855670103,0.3749098774333093,0.49,0.29,0.0,0,V-2023.12-SP4,197,171,26,23.37,14.98,8.39,31.2238,0.7485,0.1319796954314721,0.3590072742832692,0.41,0.45,0.0,0,V-2023.12-SP3,V-2023.12-SP4,0.1425,0.05265,0.00012429999999999999,0.1953,0.19515,0.19515,0.1059,0.02155,1.097e-05,0.1275,0.01395,0.005719,6.421000000000001e-05,0.019729999999999998,0.022670000000000003,0.02538,4.909e-05,0.04811,0.0,0.0,0.0,0.0,0.0,0.0,0.0,0.0,0.0,0.0,0.0,0.0,0.0,0.0,0.0,0.0,unvectored,none,2,2026-07-25T07:07:04+00:00
intmul_8_4_12_2_7nm_TT_0V75_25C_1000MHz,intmul,a_width=8;b_width=4;out_width=12;pipeline_stages=2,7nm,TT,0.75,25.0,1.0,1000.0,8,4,12,2,V-2023.12-SP4,194,168,26,22.369536,13.982976,8.38656,0.13402061855670103,0.3749098774333093,0.49,0.29,0.0,0,V-2023.12-SP4,197,171,26,23.37,14.98,8.39,31.2238,0.7485,0.1319796954314721,0.3590072742832692,0.41,0.45,0.0,0,V-2023.12-SP3,V-2023.12-SP4,0.1633,0.06615,0.0001353,0.2296,0.22945,0.22945,0.1059,0.02155,1.097e-05,0.1274,0.02728,0.01175,7.334e-05,0.039110000000000006,0.03012,0.03285,5.101e-05,0.06302,0.0,0.0,0.0,0.0,0.0,0.0,0.0,0.0,0.0,0.0,0.0,0.0,0.0,0.0,0.0,0.0,vectored,random,2,2026-07-25T07:07:11+00:00
intmul_8_4_12_2_7nm_TT_0V75_25C_666p667MHz,intmul,a_width=8;b_width=4;out_width=12;pipeline_stages=2,7nm,TT,0.75,25.0,1.5,666.6666666666666,8,4,12,2,V-2023.12-SP4,194,168,26,22.369536,13.982976,8.38656,0.13402061855670103,0.3749098774333093,0.12,0.62,0.0,0,V-2023.12-SP4,198,172,26,23.35,14.97,8.39,31.2238,0.7479,0.13131313131313133,0.35931477516059956,0.67,0.72,0.0,0,V-2023.12-SP3,V-2023.12-SP4,0.09517,0.03528,0.0001241,0.1306,0.13045,0.19567500000000002,0.07074,0.01465,1.076e-05,0.0854,0.009299,0.003801,6.421000000000001e-05,0.01317,0.015130000000000001,0.01683,4.909e-05,0.03201,0.0,0.0,0.0,0.0,0.0,0.0,0.0,0.0,0.0,0.0,0.0,0.0,0.0,0.0,0.0,0.0,unvectored,none,2,2026-07-25T07:09:57+00:00
intmul_8_4_12_2_7nm_TT_0V75_25C_666p667MHz,intmul,a_width=8;b_width=4;out_width=12;pipeline_stages=2,7nm,TT,0.75,25.0,1.5,666.6666666666666,8,4,12,2,V-2023.12-SP4,194,168,26,22.369536,13.982976,8.38656,0.13402061855670103,0.3749098774333093,0.12,0.62,0.0,0,V-2023.12-SP4,198,172,26,23.35,14.97,8.39,31.2238,0.7479,0.13131313131313133,0.35931477516059956,0.67,0.72,0.0,0,V-2023.12-SP3,V-2023.12-SP4,0.1091,0.04414,0.0001356,0.15339999999999998,0.15324,0.22985999999999998,0.07073,0.01465,1.078e-05,0.08538,0.018349999999999998,0.007821,7.384000000000001e-05,0.02624,0.02003,0.021679999999999998,5.1e-05,0.04176,0.0,0.0,0.0,0.0,0.0,0.0,0.0,0.0,0.0,0.0,0.0,0.0,0.0,0.0,0.0,0.0,vectored,random,2,2026-07-25T07:10:05+00:00
intmul_8_4_12_5_7nm_TT_0V75_25C_1333p33MHz,intmul,a_width=8;b_width=4;out_width=12;pipeline_stages=5,7nm,TT,0.75,25.0,0.75,1333.3333333333333,8,4,12,5,V-2023.12-SP4,366,278,88,45.948673,17.563392,28.385281,0.24043715846994534,0.6177606260794517,0.36,0.17,0.0,0,V-2023.12-SP4,357,269,88,45.56,17.18,28.39,65.0281,0.7006,0.24649859943977592,0.6231343283582089,0.3,0.25,0.0,0,V-2023.12-SP3,V-2023.12-SP4,0.4206,0.05801,0.0002903,0.4789,0.47861,0.3589575,0.3227,0.0,0.0,0.3227,0.05922,0.016220000000000002,0.00022140000000000001,0.07566,0.038689999999999995,0.04179,6.891e-05,0.08055000000000001,0.0,0.0,0.0,0.0,0.0,0.0,0.0,0.0,0.0,0.0,0.0,0.0,0.0,0.0,0.0,0.0,unvectored,none,2,2026-07-25T07:13:01+00:00
intmul_8_4_12_5_7nm_TT_0V75_25C_1333p33MHz,intmul,a_width=8;b_width=4;out_width=12;pipeline_stages=5,7nm,TT,0.75,25.0,0.75,1333.3333333333333,8,4,12,5,V-2023.12-SP4,366,278,88,45.948673,17.563392,28.385281,0.24043715846994534,0.6177606260794517,0.36,0.17,0.0,0,V-2023.12-SP4,357,269,88,45.56,17.18,28.39,65.0281,0.7006,0.24649859943977592,0.6231343283582089,0.3,0.25,0.0,0,V-2023.12-SP3,V-2023.12-SP4,0.49030000000000007,0.08477,0.00031769999999999997,0.5754,0.5750700000000001,0.43130250000000003,0.32249999999999995,0.0,0.0,0.32249999999999995,0.1104,0.03173,0.0002451,0.1424,0.05736,0.053040000000000004,7.264e-05,0.1105,0.0,0.0,0.0,0.0,0.0,0.0,0.0,0.0,0.0,0.0,0.0,0.0,0.0,0.0,0.0,0.0,vectored,random,2,2026-07-25T07:13:08+00:00
intmul_8_4_12_5_7nm_TT_0V75_25C_800MHz,intmul,a_width=8;b_width=4;out_width=12;pipeline_stages=5,7nm,TT,0.75,25.0,1.25,800.0,8,4,12,5,V-2023.12-SP4,366,278,88,45.948673,17.563392,28.385281,0.24043715846994534,0.6177606260794517,0.12,0.49,0.0,0,V-2023.12-SP4,364,276,88,47.08,18.69,28.39,65.0281,0.724,0.24175824175824176,0.603016142735769,0.54,0.59,0.0,0,V-2023.12-SP3,V-2023.12-SP4,0.2945,0.0814,0.00030639999999999997,0.3762,0.3759,0.46987500000000004,0.23570000000000002,0.0467,1.5740000000000002e-05,0.2824,0.03556,0.009693,0.0002217,0.04548,0.02319,0.02501,6.892e-05,0.04826999999999999,0.0,0.0,0.0,0.0,0.0,0.0,0.0,0.0,0.0,0.0,0.0,0.0,0.0,0.0,0.0,0.0,unvectored,none,2,2026-07-25T07:13:47+00:00
intmul_8_4_12_5_7nm_TT_0V75_25C_800MHz,intmul,a_width=8;b_width=4;out_width=12;pipeline_stages=5,7nm,TT,0.75,25.0,1.25,800.0,8,4,12,5,V-2023.12-SP4,366,278,88,45.948673,17.563392,28.385281,0.24043715846994534,0.6177606260794517,0.12,0.49,0.0,0,V-2023.12-SP4,364,276,88,47.08,18.69,28.39,65.0281,0.724,0.24175824175824176,0.603016142735769,0.54,0.59,0.0,0,V-2023.12-SP3,V-2023.12-SP4,0.33599999999999997,0.09718,0.0003334,0.4335,0.43317999999999995,0.5414749999999999,0.23570000000000002,0.0467,1.5720000000000002e-05,0.2824,0.0662,0.01899,0.000245,0.08543999999999999,0.03408,0.03149,7.261999999999999e-05,0.06564,0.0,0.0,0.0,0.0,0.0,0.0,0.0,0.0,0.0,0.0,0.0,0.0,0.0,0.0,0.0,0.0,vectored,random,2,2026-07-25T07:13:54+00:00
intmul_16_4_20_2_7nm_TT_0V75_25C_666p667MHz,intmul,a_width=16;b_width=4;out_width=20;pipeline_stages=2,7nm,TT,0.75,25.0,1.5,666.6666666666666,16,4,20,2,V-2023.12-SP4,384,342,42,40.674816,27.127296,13.547521,0.109375,0.3330690174480445,0.94,0.34,0.0,0,V-2023.12-SP4,388,346,42,41.72,28.18,13.55,57.577,0.7246,0.10824742268041238,0.324784276126558,0.83,0.56,0.0,0,V-2023.12-SP3,V-2023.12-SP4,0.157,0.07102,0.0002082,0.2282,0.22802,0.34203,0.10629999999999999,0.0202,1.097e-05,0.1265,0.01592,0.008641000000000001,0.0001056,0.02467,0.03474,0.04217,9.16e-05,0.07701,0.0,0.0,0.0,0.0,0.0,0.0,0.0,0.0,0.0,0.0,0.0,0.0,0.0,0.0,0.0,0.0,unvectored,none,2,2026-07-25T07:16:12+00:00
intmul_16_4_20_2_7nm_TT_0V75_25C_666p667MHz,intmul,a_width=16;b_width=4;out_width=20;pipeline_stages=2,7nm,TT,0.75,25.0,1.5,666.6666666666666,16,4,20,2,V-2023.12-SP4,384,342,42,40.674816,27.127296,13.547521,0.109375,0.3330690174480445,0.94,0.34,0.0,0,V-2023.12-SP4,388,346,42,41.72,28.18,13.55,57.577,0.7246,0.10824742268041238,0.324784276126558,0.83,0.56,0.0,0,V-2023.12-SP3,V-2023.12-SP4,0.2144,0.1177,0.0002291,0.33240000000000003,0.3321,0.49815,0.10629999999999999,0.0202,1.097e-05,0.1265,0.04092,0.01913,0.0001231,0.06017,0.06723000000000001,0.07838,9.504e-05,0.1457,0.0,0.0,0.0,0.0,0.0,0.0,0.0,0.0,0.0,0.0,0.0,0.0,0.0,0.0,0.0,0.0,vectored,random,2,2026-07-25T07:16:19+00:00
intmul_16_4_20_5_7nm_TT_0V75_25C_1333p33MHz,intmul,a_width=16;b_width=4;out_width=20;pipeline_stages=5,7nm,TT,0.75,25.0,0.75,1333.3333333333333,16,4,20,5,V-2023.12-SP4,816,664,152,87.687938,38.658816,49.029122,0.18627450980392157,0.5591318842507165,0.34,0.02,0.0,0,V-2023.12-SP4,801,649,152,88.99,39.97,49.03,123.476,0.7207,0.18976279650436953,0.5509607821103495,0.52,0.04,0.0,0,V-2023.12-SP3,V-2023.12-SP4,0.8373,0.24620000000000003,0.0005761,1.0839999999999999,1.0835000000000001,0.8126250000000002,0.653,0.12469999999999999,2.599e-05,0.7777,0.1023,0.022529999999999998,0.0003822,0.1252,0.08203,0.09897,0.0001679,0.1812,0.0,0.0,0.0,0.0,0.0,0.0,0.0,0.0,0.0,0.0,0.0,0.0,0.0,0.0,0.0,0.0,unvectored,none,2,2026-07-25T07:17:28+00:00
intmul_16_4_20_5_7nm_TT_0V75_25C_800MHz,intmul,a_width=16;b_width=4;out_width=20;pipeline_stages=5,7nm,TT,0.75,25.0,1.25,800.0,16,4,20,5,V-2023.12-SP4,705,553,152,82.801154,33.772032,49.029122,0.21560283687943263,0.5921309019437097,0.27,0.34,0.0,0,V-2023.12-SP4,693,541,152,82.4,33.37,49.03,117.2022,0.703,0.21933621933621933,0.5950242718446601,0.7,0.43,0.0,0,V-2023.12-SP3,V-2023.12-SP4,0.4823,0.1381,0.0005179999999999999,0.6209,0.6204000000000001,0.7755000000000001,0.3754,0.06721,3.61e-06,0.44270000000000004,0.062119999999999995,0.0152,0.0003833,0.0777,0.04479,0.05567,0.00013110000000000002,0.10060000000000001,0.0,0.0,0.0,0.0,0.0,0.0,0.0,0.0,0.0,0.0,0.0,0.0,0.0,0.0,0.0,0.0,unvectored,none,2,2026-07-25T07:17:30+00:00
intmul_16_4_20_5_7nm_TT_0V75_25C_1333p33MHz,intmul,a_width=16;b_width=4;out_width=20;pipeline_stages=5,7nm,TT,0.75,25.0,0.75,1333.3333333333333,16,4,20,5,V-2023.12-SP4,816,664,152,87.687938,38.658816,49.029122,0.18627450980392157,0.5591318842507165,0.34,0.02,0.0,0,V-2023.12-SP4,801,649,152,88.99,39.97,49.03,123.476,0.7207,0.18976279650436953,0.5509607821103495,0.52,0.04,0.0,0,V-2023.12-SP3,V-2023.12-SP4,1.012,0.3266,0.0006289,1.339,1.3386,1.0039500000000001,0.6529,0.12469999999999999,2.599e-05,0.7776000000000001,0.21430000000000002,0.049530000000000005,0.0004337,0.2643,0.1449,0.15239999999999998,0.0001692,0.2974,0.0,0.0,0.0,0.0,0.0,0.0,0.0,0.0,0.0,0.0,0.0,0.0,0.0,0.0,0.0,0.0,vectored,random,2,2026-07-25T07:17:35+00:00
intmul_16_4_20_5_7nm_TT_0V75_25C_800MHz,intmul,a_width=16;b_width=4;out_width=20;pipeline_stages=5,7nm,TT,0.75,25.0,1.25,800.0,16,4,20,5,V-2023.12-SP4,705,553,152,82.801154,33.772032,49.029122,0.21560283687943263,0.5921309019437097,0.27,0.34,0.0,0,V-2023.12-SP4,693,541,152,82.4,33.37,49.03,117.2022,0.703,0.21933621933621933,0.5950242718446601,0.7,0.43,0.0,0,V-2023.12-SP3,V-2023.12-SP4,0.5752,0.1766,0.0005777,0.7523,0.7518,0.9397500000000001,0.3754,0.06721,3.61e-06,0.44260000000000005,0.1287,0.03331,0.0004361,0.1625,0.07109,0.07607,0.000138,0.14730000000000001,0.0,0.0,0.0,0.0,0.0,0.0,0.0,0.0,0.0,0.0,0.0,0.0,0.0,0.0,0.0,0.0,vectored,random,2,2026-07-25T07:17:36+00:00
intmul_16_8_24_2_7nm_TT_0V75_25C_666p667MHz,intmul,a_width=16;b_width=8;out_width=24;pipeline_stages=2,7nm,TT,0.75,25.0,1.5,666.6666666666666,16,8,24,2,V-2023.12-SP4,536,486,50,65.044224,48.916223,16.128001,0.09328358208955224,0.24795439176889866,1.09,0.19,0.0,0,V-2023.12-SP4,539,489,50,66.14,50.01,16.13,91.9296,0.7195,0.09276437847866419,0.24387662534018748,0.83,0.55,0.0,0,V-2023.12-SP3,V-2023.12-SP4,0.2122,0.125,0.0002957,0.33740000000000003,0.3372,0.5058,0.1189,0.02375,1.155e-05,0.1427,0.0196,0.01486,0.0001263,0.03458,0.07363,0.08636,0.00015790000000000002,0.1601,0.0,0.0,0.0,0.0,0.0,0.0,0.0,0.0,0.0,0.0,0.0,0.0,0.0,0.0,0.0,0.0,unvectored,none,2,2026-07-25T07:20:55+00:00
intmul_16_8_24_2_7nm_TT_0V75_25C_666p667MHz,intmul,a_width=16;b_width=8;out_width=24;pipeline_stages=2,7nm,TT,0.75,25.0,1.5,666.6666666666666,16,8,24,2,V-2023.12-SP4,536,486,50,65.044224,48.916223,16.128001,0.09328358208955224,0.24795439176889866,1.09,0.19,0.0,0,V-2023.12-SP4,539,489,50,66.14,50.01,16.13,91.9296,0.7195,0.09276437847866419,0.24387662534018748,0.83,0.55,0.0,0,V-2023.12-SP3,V-2023.12-SP4,0.31339999999999996,0.2173,0.000322,0.5310999999999999,0.5307,0.7960499999999999,0.1189,0.02375,1.1580000000000001e-05,0.1427,0.05368,0.0335,0.00014810000000000002,0.08733,0.1408,0.1601,0.0001624,0.3011,0.0,0.0,0.0,0.0,0.0,0.0,0.0,0.0,0.0,0.0,0.0,0.0,0.0,0.0,0.0,0.0,vectored,random,2,2026-07-25T07:21:03+00:00
intmul_16_8_24_5_7nm_TT_0V75_25C_1333p33MHz,intmul,a_width=16;b_width=8;out_width=24;pipeline_stages=5,7nm,TT,0.75,25.0,0.75,1333.3333333333333,16,8,24,5,V-2023.12-SP4,1143,970,173,126.346753,70.543871,55.802882,0.15135608048993876,0.44166455152195316,0.34,0.02,0.0,0,V-2023.12-SP4,1121,948,173,125.98,70.17,55.8,178.6499,0.7052,0.1543264942016057,0.442927448801397,0.52,0.02,0.0,0,V-2023.12-SP3,V-2023.12-SP4,0.9462999999999999,0.2965,0.0007321000000000001,1.244,1.2428,0.9320999999999999,0.6637000000000001,0.07323,9.602e-06,0.737,0.12029999999999999,0.03803,0.0004375,0.15880000000000002,0.1623,0.1852,0.00028500000000000004,0.3478,0.0,0.0,0.0,0.0,0.0,0.0,0.0,0.0,0.0,0.0,0.0,0.0,0.0,0.0,0.0,0.0,unvectored,none,2,2026-07-25T07:21:33+00:00
intmul_16_8_24_5_7nm_TT_0V75_25C_1333p33MHz,intmul,a_width=16;b_width=8;out_width=24;pipeline_stages=5,7nm,TT,0.75,25.0,0.75,1333.3333333333333,16,8,24,5,V-2023.12-SP4,1143,970,173,126.346753,70.543871,55.802882,0.15135608048993876,0.44166455152195316,0.34,0.02,0.0,0,V-2023.12-SP4,1121,948,173,125.98,70.17,55.8,178.6499,0.7052,0.1543264942016057,0.442927448801397,0.52,0.02,0.0,0,V-2023.12-SP3,V-2023.12-SP4,1.236,0.4784,0.0008023,1.7149999999999999,1.7144,1.2858,0.6634,0.07323,9.602e-06,0.7366999999999999,0.2681,0.0843,0.0005035,0.3529,0.3045,0.3208,0.00028910000000000003,0.6256,0.0,0.0,0.0,0.0,0.0,0.0,0.0,0.0,0.0,0.0,0.0,0.0,0.0,0.0,0.0,0.0,vectored,random,2,2026-07-25T07:21:40+00:00
intmul_16_8_24_5_7nm_TT_0V75_25C_800MHz,intmul,a_width=16;b_width=8;out_width=24;pipeline_stages=5,7nm,TT,0.75,25.0,1.25,800.0,16,8,24,5,V-2023.12-SP4,767,592,175,118.669825,62.221823,56.448002,0.22816166883963493,0.4756727500019487,0.8,0.23,0.0,0,V-2023.12-SP4,782,607,175,119.62,63.17,56.45,166.9732,0.7164,0.2237851662404092,0.4719110516636014,0.7,0.43,0.0,0,V-2023.12-SP3,V-2023.12-SP4,0.5852999999999999,0.1854,0.0006567,0.7714,0.7706999999999999,0.9633749999999999,0.4293,0.08027999999999999,5.848e-06,0.5096,0.07300999999999999,0.024139999999999998,0.0004419,0.09759000000000001,0.08302999999999999,0.08096,0.0002089,0.1642,0.0,0.0,0.0,0.0,0.0,0.0,0.0,0.0,0.0,0.0,0.0,0.0,0.0,0.0,0.0,0.0,unvectored,none,2,2026-07-25T07:22:26+00:00
intmul_16_8_24_5_7nm_TT_0V75_25C_800MHz,intmul,a_width=16;b_width=8;out_width=24;pipeline_stages=5,7nm,TT,0.75,25.0,1.25,800.0,16,8,24,5,V-2023.12-SP4,767,592,175,118.669825,62.221823,56.448002,0.22816166883963493,0.4756727500019487,0.8,0.23,0.0,0,V-2023.12-SP4,782,607,175,119.62,63.17,56.45,166.9732,0.7164,0.2237851662404092,0.4719110516636014,0.7,0.43,0.0,0,V-2023.12-SP3,V-2023.12-SP4,0.7504000000000001,0.2685,0.0007302,1.02,1.0189000000000001,1.2736250000000002,0.4292,0.08027999999999999,5.848e-06,0.5095,0.1639,0.05317,0.0005107,0.21760000000000002,0.1574,0.135,0.0002137,0.2926,0.0,0.0,0.0,0.0,0.0,0.0,0.0,0.0,0.0,0.0,0.0,0.0,0.0,0.0,0.0,0.0,vectored,random,2,2026-07-25T07:22:32+00:00
intmul_32_16_48_2_7nm_TT_0V75_25C_500MHz,intmul,a_width=32;b_width=16;out_width=48;pipeline_stages=2,7nm,TT,0.75,25.0,2.0,500.0,32,16,48,2,V-2023.12-SP4,1916,1818,98,199.648512,168.037631,31.610881,0.0511482254697286,0.1583326651590571,1.66,0.13,0.0,0,V-2023.12-SP4,1921,1823,98,199.16,167.55,31.61,284.1915,0.7008,0.05101509630400833,0.1587166097609962,1.42,0.46,0.0,0,V-2023.12-SP3,V-2023.12-SP4,0.3833,0.31520000000000004,0.000869,0.6993,0.6985,1.397,0.1513,0.02903,2.8160000000000002e-06,0.1803,0.029750000000000002,0.01779,0.0002491,0.04779,0.2023,0.2684,0.0006171,0.4712,0.0,0.0,0.0,0.0,0.0,0.0,0.0,0.0,0.0,0.0,0.0,0.0,0.0,0.0,0.0,0.0,unvectored,none,2,2026-07-25T07:27:34+00:00
intmul_32_16_48_2_7nm_TT_0V75_25C_500MHz,intmul,a_width=32;b_width=16;out_width=48;pipeline_stages=2,7nm,TT,0.75,25.0,2.0,500.0,32,16,48,2,V-2023.12-SP4,1916,1818,98,199.648512,168.037631,31.610881,0.0511482254697286,0.1583326651590571,1.66,0.13,0.0,0,V-2023.12-SP4,1921,1823,98,199.16,167.55,31.61,284.1915,0.7008,0.05101509630400833,0.1587166097609962,1.42,0.46,0.0,0,V-2023.12-SP3,V-2023.12-SP4,0.7528,0.6960999999999999,0.0009237000000000001,1.45,1.4489,2.8978,0.1512,0.02903,2.821e-06,0.1802,0.1044,0.0432,0.00029630000000000005,0.1479,0.49720000000000003,0.6239,0.0006246,1.1219999999999999,0.0,0.0,0.0,0.0,0.0,0.0,0.0,0.0,0.0,0.0,0.0,0.0,0.0,0.0,0.0,0.0,vectored,random,2,2026-07-25T07:27:41+00:00
intmul_12_12_24_2_5nm_TT_0V7_25C_1000MHz,intmul,a_width=12;b_width=12;out_width=24;pipeline_stages=2,5nm,TT,0.7,25.0,1.0,1000.0,12,12,24,2,V-2023.12-SP4,682,632,50,40.8156,32.4156,8.4,0.07331378299120235,0.20580366330520683,0.78,0.0,0.0,0,V-2023.12-SP4,680,630,50,40.89,32.42,8.47,57.456,0.7117,0.07352941176470588,0.2071411102959159,0.51,0.35,0.0,0,V-2023.12-SP3,V-2023.12-SP4,0.35100000000000003,0.2301,0.00034050000000000004,0.5814,0.5811000000000001,0.5811000000000001,0.1737,0.04348,1.785e-05,0.2172,0.02792,0.01537,9.094000000000001e-05,0.04338,0.1494,0.17129999999999998,0.0002317,0.3209,0.0,0.0,0.0,0.0,0.0,0.0,0.0,0.0,0.0,0.0,0.0,0.0,0.0,0.0,0.0,0.0,unvectored,none,2,2026-07-26T16:00:42+00:00
intmul_12_12_24_2_5nm_TT_0V7_25C_1000MHz,intmul,a_width=12;b_width=12;out_width=24;pipeline_stages=2,5nm,TT,0.7,25.0,1.0,1000.0,12,12,24,2,V-2023.12-SP4,682,632,50,40.8156,32.4156,8.4,0.07331378299120235,0.20580366330520683,0.78,0.0,0.0,0,V-2023.12-SP4,680,630,50,40.89,32.42,8.47,57.456,0.7117,0.07352941176470588,0.2071411102959159,0.51,0.35,0.0,0,V-2023.12-SP3,V-2023.12-SP4,0.5015,0.3643,0.00033509999999999996,0.8662,0.8657999999999999,0.8657999999999999,0.1743,0.04348,1.787e-05,0.21780000000000002,0.07118000000000001,0.03362,8.345999999999999e-05,0.10490000000000001,0.2561,0.2872,0.0002338,0.5435,0.0,0.0,0.0,0.0,0.0,0.0,0.0,0.0,0.0,0.0,0.0,0.0,0.0,0.0,0.0,0.0,vectored,random,2,2026-07-26T16:00:49+00:00
intmul_12_12_24_3_5nm_TT_0V7_25C_1000MHz,intmul,a_width=12;b_width=12;out_width=24;pipeline_stages=3,5nm,TT,0.7,25.0,1.0,1000.0,12,12,24,3,V-2023.12-SP4,844,757,87,50.744399,36.1284,14.616,0.10308056872037914,0.2880317884935439,0.77,0.01,0.0,0,V-2023.12-SP4,826,739,87,50.09,35.32,14.77,71.4,0.7015,0.1053268765133172,0.2948692353763226,0.5,0.35,0.0,0,V-2023.12-SP3,V-2023.12-SP4,0.4327,0.2548,0.0004137,0.6879,0.6875,0.6875,0.22699999999999998,0.04671,1.417e-06,0.2737,0.04654,0.024110000000000003,0.00015769999999999998,0.07081,0.15919999999999998,0.184,0.0002546,0.3435,0.0,0.0,0.0,0.0,0.0,0.0,0.0,0.0,0.0,0.0,0.0,0.0,0.0,0.0,0.0,0.0,unvectored,none,2,2026-07-26T16:03:18+00:00
intmul_12_12_24_3_5nm_TT_0V7_25C_1000MHz,intmul,a_width=12;b_width=12;out_width=24;pipeline_stages=3,5nm,TT,0.7,25.0,1.0,1000.0,12,12,24,3,V-2023.12-SP4,844,757,87,50.744399,36.1284,14.616,0.10308056872037914,0.2880317884935439,0.77,0.01,0.0,0,V-2023.12-SP4,826,739,87,50.09,35.32,14.77,71.4,0.7015,0.1053268765133172,0.2948692353763226,0.5,0.35,0.0,0,V-2023.12-SP3,V-2023.12-SP4,0.6728,0.44499999999999995,0.0004032,1.118,1.1178,1.1178,0.228,0.04671,1.417e-06,0.2747,0.122,0.05193,0.0001441,0.1741,0.32289999999999996,0.34640000000000004,0.0002577,0.6695,0.0,0.0,0.0,0.0,0.0,0.0,0.0,0.0,0.0,0.0,0.0,0.0,0.0,0.0,0.0,0.0,vectored,random,2,2026-07-26T16:03:25+00:00
intmul_16_16_32_2_5nm_TT_0V7_25C_1000MHz,intmul,a_width=16;b_width=16;out_width=32;pipeline_stages=2,5nm,TT,0.7,25.0,1.0,1000.0,16,16,32,2,V-2023.12-SP4,1048,982,66,66.183599,55.0956,11.088,0.06297709923664122,0.16753395354036277,0.78,0.0,0.0,0,V-2023.12-SP4,1045,979,66,65.06,53.9,11.16,92.8872,0.7004,0.06315789473684211,0.17153396864432832,0.6,0.19,0.0,0,V-2023.12-SP3,V-2023.12-SP4,0.465,0.3421,0.0005117,0.8077,0.8071,0.8071,0.1598,0.01069,1.073e-06,0.17049999999999998,0.03743,0.022180000000000002,0.0001204,0.05973,0.2678,0.30929999999999996,0.0003902,0.5775,0.0,0.0,0.0,0.0,0.0,0.0,0.0,0.0,0.0,0.0,0.0,0.0,0.0,0.0,0.0,0.0,unvectored,none,2,2026-07-26T16:03:36+00:00
intmul_12_12_24_5_5nm_TT_0V7_25C_1333p33MHz,intmul,a_width=12;b_width=12;out_width=24;pipeline_stages=5,5nm,TT,0.7,25.0,0.75,1333.3333333333333,12,12,24,5,V-2023.12-SP4,1094,932,162,68.821199,41.6052,27.216,0.1480804387568556,0.3954595443767262,0.53,0.0,0.0,0,V-2023.12-SP4,1091,929,162,68.46,40.89,27.57,98.1288,0.6977,0.14848762603116408,0.4027169149868537,0.38,0.19,0.0,0,V-2023.12-SP3,V-2023.12-SP4,0.8338,0.3925,0.0005945,1.227,1.2263,0.9197249999999999,0.5325,0.1347,7.307e-06,0.6671999999999999,0.10969999999999999,0.04046,0.0002924,0.1505,0.1915,0.2173,0.0002948,0.4091,0.0,0.0,0.0,0.0,0.0,0.0,0.0,0.0,0.0,0.0,0.0,0.0,0.0,0.0,0.0,0.0,unvectored,none,2,2026-07-26T16:03:38+00:00
intmul_16_16_32_2_5nm_TT_0V7_25C_1000MHz,intmul,a_width=16;b_width=16;out_width=32;pipeline_stages=2,5nm,TT,0.7,25.0,1.0,1000.0,16,16,32,2,V-2023.12-SP4,1048,982,66,66.183599,55.0956,11.088,0.06297709923664122,0.16753395354036277,0.78,0.0,0.0,0,V-2023.12-SP4,1045,979,66,65.06,53.9,11.16,92.8872,0.7004,0.06315789473684211,0.17153396864432832,0.6,0.19,0.0,0,V-2023.12-SP3,V-2023.12-SP4,0.7205999999999999,0.5925,0.000505,1.314,1.3131,1.3131,0.1606,0.01069,1.073e-06,0.17129999999999998,0.1015,0.05203,0.00011070000000000001,0.1537,0.45849999999999996,0.5297999999999999,0.0003933,0.9886999999999999,0.0,0.0,0.0,0.0,0.0,0.0,0.0,0.0,0.0,0.0,0.0,0.0,0.0,0.0,0.0,0.0,vectored,random,2,2026-07-26T16:03:43+00:00
intmul_12_12_24_5_5nm_TT_0V7_25C_1333p33MHz,intmul,a_width=12;b_width=12;out_width=24;pipeline_stages=5,5nm,TT,0.7,25.0,0.75,1333.3333333333333,12,12,24,5,V-2023.12-SP4,1094,932,162,68.821199,41.6052,27.216,0.1480804387568556,0.3954595443767262,0.53,0.0,0.0,0,V-2023.12-SP4,1091,929,162,68.46,40.89,27.57,98.1288,0.6977,0.14848762603116408,0.4027169149868537,0.38,0.19,0.0,0,V-2023.12-SP3,V-2023.12-SP4,1.159,0.6163,0.000577,1.776,1.7753,1.3314750000000002,0.5347999999999999,0.1347,7.307e-06,0.6695,0.2459,0.08958,0.00026950000000000005,0.3358,0.37829999999999997,0.392,0.0003002,0.7706,0.0,0.0,0.0,0.0,0.0,0.0,0.0,0.0,0.0,0.0,0.0,0.0,0.0,0.0,0.0,0.0,vectored,random,2,2026-07-26T16:03:45+00:00
intmul_16_16_32_3_5nm_TT_0V7_25C_1000MHz,intmul,a_width=16;b_width=16;out_width=32;pipeline_stages=3,5nm,TT,0.7,25.0,1.0,1000.0,16,16,32,3,V-2023.12-SP4,1297,1182,115,81.530399,62.176799,19.3536,0.08866615265998458,0.23737894377286195,0.78,0.0,0.0,0,V-2023.12-SP4,1284,1169,115,81.37,61.87,19.5,115.584,0.704,0.0895638629283489,0.23964606120191714,0.59,0.24,0.0,0,V-2023.12-SP3,V-2023.12-SP4,0.6669,0.4399,0.0006655000000000001,1.107,1.1068,1.1068,0.314,0.07519,1.571e-05,0.3892,0.062279999999999995,0.03505,0.0002086,0.09754,0.2906,0.3297,0.0004411,0.6206999999999999,0.0,0.0,0.0,0.0,0.0,0.0,0.0,0.0,0.0,0.0,0.0,0.0,0.0,0.0,0.0,0.0,unvectored,none,2,2026-07-26T16:06:28+00:00
intmul_16_16_32_3_5nm_TT_0V7_25C_1000MHz,intmul,a_width=16;b_width=16;out_width=32;pipeline_stages=3,5nm,TT,0.7,25.0,1.0,1000.0,16,16,32,3,V-2023.12-SP4,1297,1182,115,81.530399,62.176799,19.3536,0.08866615265998458,0.23737894377286195,0.78,0.0,0.0,0,V-2023.12-SP4,1284,1169,115,81.37,61.87,19.5,115.584,0.704,0.0895638629283489,0.23964606120191714,0.59,0.24,0.0,0,V-2023.12-SP3,V-2023.12-SP4,1.067,0.786,0.0006544000000000001,1.8539999999999999,1.853,1.853,0.3154,0.07519,1.571e-05,0.3906,0.171,0.07884,0.0001921,0.25,0.5809,0.632,0.0004466,1.213,0.0,0.0,0.0,0.0,0.0,0.0,0.0,0.0,0.0,0.0,0.0,0.0,0.0,0.0,0.0,0.0,vectored,random,2,2026-07-26T16:06:35+00:00
intmul_16_16_32_5_5nm_TT_0V7_25C_1000MHz,intmul,a_width=16;b_width=16;out_width=32;pipeline_stages=5,5nm,TT,0.7,25.0,1.0,1000.0,16,16,32,5,V-2023.12-SP4,1588,1375,213,104.974799,69.190799,35.784,0.1341309823677582,0.34088181488206515,0.78,0.0,0.0,0,V-2023.12-SP4,1619,1406,213,105.5,69.39,36.1,147.5712,0.7149,0.13156269302038295,0.3421800947867299,0.59,0.23,0.0,0,V-2023.12-SP3,V-2023.12-SP4,0.9093,0.47140000000000004,0.0008891,1.382,1.3807,1.3807,0.5421,0.136,1.474e-05,0.6780999999999999,0.10900000000000001,0.03753,0.00038700000000000003,0.1469,0.2582,0.2979,0.0004874,0.5566,0.0,0.0,0.0,0.0,0.0,0.0,0.0,0.0,0.0,0.0,0.0,0.0,0.0,0.0,0.0,0.0,unvectored,none,2,2026-07-26T16:06:47+00:00
intmul_16_16_32_5_5nm_TT_0V7_25C_1000MHz,intmul,a_width=16;b_width=16;out_width=32;pipeline_stages=5,5nm,TT,0.7,25.0,1.0,1000.0,16,16,32,5,V-2023.12-SP4,1588,1375,213,104.974799,69.190799,35.784,0.1341309823677582,0.34088181488206515,0.78,0.0,0.0,0,V-2023.12-SP4,1619,1406,213,105.5,69.39,36.1,147.5712,0.7149,0.13156269302038295,0.3421800947867299,0.59,0.23,0.0,0,V-2023.12-SP3,V-2023.12-SP4,1.395,0.8482000000000001,0.0008653,2.2439999999999998,2.2432,2.2432,0.5446,0.136,1.475e-05,0.6806,0.2739,0.08653999999999999,0.0003554,0.3608,0.5762,0.6256999999999999,0.0004951,1.202,0.0,0.0,0.0,0.0,0.0,0.0,0.0,0.0,0.0,0.0,0.0,0.0,0.0,0.0,0.0,0.0,vectored,random,2,2026-07-26T16:06:53+00:00
intmul_24_24_48_2_5nm_TT_0V7_25C_1000MHz,intmul,a_width=24;b_width=24;out_width=48;pipeline_stages=2,5nm,TT,0.7,25.0,1.0,1000.0,24,24,48,2,V-2023.12-SP4,2146,2048,98,124.051199,107.587199,16.464,0.045666356011183594,0.1327193943526495,0.78,0.0,0.0,0,V-2023.12-SP4,2107,2009,98,122.34,105.81,16.53,176.5176,0.6931,0.046511627906976744,0.13511525257479157,0.81,0.0,0.0,0,V-2023.12-SP3,V-2023.12-SP4,0.8628,0.7761,0.0009194,1.64,1.6389,1.6389,0.3145,0.07089,2.6890000000000002e-05,0.38539999999999996,0.056530000000000004,0.01988,0.0001795,0.07658999999999999,0.4918,0.6853,0.000713,1.178,0.0,0.0,0.0,0.0,0.0,0.0,0.0,0.0,0.0,0.0,0.0,0.0,0.0,0.0,0.0,0.0,unvectored,none,2,2026-07-26T16:07:07+00:00
intmul_24_24_48_2_5nm_TT_0V7_25C_1000MHz,intmul,a_width=24;b_width=24;out_width=48;pipeline_stages=2,5nm,TT,0.7,25.0,1.0,1000.0,24,24,48,2,V-2023.12-SP4,2146,2048,98,124.051199,107.587199,16.464,0.045666356011183594,0.1327193943526495,0.78,0.0,0.0,0,V-2023.12-SP4,2107,2009,98,122.34,105.81,16.53,176.5176,0.6931,0.046511627906976744,0.13511525257479157,0.81,0.0,0.0,0,V-2023.12-SP3,V-2023.12-SP4,1.428,1.3780000000000001,0.0009104,2.807,2.806,2.806,0.31579999999999997,0.07089,2.6890000000000002e-05,0.38670000000000004,0.176,0.04494,0.0001645,0.22110000000000002,0.9364,1.262,0.000719,2.199,0.0,0.0,0.0,0.0,0.0,0.0,0.0,0.0,0.0,0.0,0.0,0.0,0.0,0.0,0.0,0.0,vectored,random,2,2026-07-26T16:07:15+00:00
intmul_24_24_48_2_5nm_TT_0V7_25C_571p429MHz,intmul,a_width=24;b_width=24;out_width=48;pipeline_stages=2,5nm,TT,0.7,25.0,1.75,571.4285714285714,24,24,48,2,V-2023.12-SP4,1992,1894,98,118.607999,102.143999,16.464,0.04919678714859438,0.13881019947061074,1.51,0.02,0.0,0,V-2023.12-SP4,1999,1901,98,117.14,100.61,16.53,168.168,0.6966,0.04902451225612806,0.1411131978828752,1.13,0.47,0.0,0,V-2023.12-SP3,V-2023.12-SP4,0.4674,0.414,0.0008749,0.8823000000000001,0.8814,1.5424499999999999,0.1688,0.03564,1.8390000000000002e-05,0.2044,0.03206,0.01179,0.0001794,0.04403,0.26659999999999995,0.3665,0.0006771,0.6338,0.0,0.0,0.0,0.0,0.0,0.0,0.0,0.0,0.0,0.0,0.0,0.0,0.0,0.0,0.0,0.0,unvectored,none,2,2026-07-26T16:10:00+00:00
intmul_24_24_48_2_5nm_TT_0V7_25C_571p429MHz,intmul,a_width=24;b_width=24;out_width=48;pipeline_stages=2,5nm,TT,0.7,25.0,1.75,571.4285714285714,24,24,48,2,V-2023.12-SP4,1992,1894,98,118.607999,102.143999,16.464,0.04919678714859438,0.13881019947061074,1.51,0.02,0.0,0,V-2023.12-SP4,1999,1901,98,117.14,100.61,16.53,168.168,0.6966,0.04902451225612806,0.1411131978828752,1.13,0.47,0.0,0,V-2023.12-SP3,V-2023.12-SP4,0.8411,0.8135,0.0008636,1.656,1.6545999999999998,2.8955499999999996,0.1695,0.03564,1.84e-05,0.2052,0.1041,0.02597,0.00016360000000000002,0.13019999999999998,0.5675,0.7519,0.0006814999999999999,1.32,0.0,0.0,0.0,0.0,0.0,0.0,0.0,0.0,0.0,0.0,0.0,0.0,0.0,0.0,0.0,0.0,vectored,random,2,2026-07-26T16:10:07+00:00
intmul_24_24_48_3_5nm_TT_0V7_25C_1000MHz,intmul,a_width=24;b_width=24;out_width=48;pipeline_stages=3,5nm,TT,0.7,25.0,1.0,1000.0,24,24,48,3,V-2023.12-SP4,2400,2229,171,154.139999,125.395199,28.7448,0.07125,0.18648501483382002,0.78,0.0,0.0,0,V-2023.12-SP4,2347,2176,171,151.54,122.66,28.88,218.8032,0.6926,0.07285896889646357,0.19057674541375214,0.79,0.05,0.0,0,V-2023.12-SP3,V-2023.12-SP4,1.148,0.9058999999999999,0.001188,2.055,2.0538999999999996,2.0538999999999996,0.4335,0.11,1.153e-05,0.5436,0.09362,0.04348,0.0003123,0.1374,0.6208,0.7523,0.0008638,1.374,0.0,0.0,0.0,0.0,0.0,0.0,0.0,0.0,0.0,0.0,0.0,0.0,0.0,0.0,0.0,0.0,unvectored,none,2,2026-07-26T16:10:18+00:00
intmul_24_24_48_3_5nm_TT_0V7_25C_1000MHz,intmul,a_width=24;b_width=24;out_width=48;pipeline_stages=3,5nm,TT,0.7,25.0,1.0,1000.0,24,24,48,3,V-2023.12-SP4,2400,2229,171,154.139999,125.395199,28.7448,0.07125,0.18648501483382002,0.78,0.0,0.0,0,V-2023.12-SP4,2347,2176,171,151.54,122.66,28.88,218.8032,0.6926,0.07285896889646357,0.19057674541375214,0.79,0.05,0.0,0,V-2023.12-SP3,V-2023.12-SP4,1.911,1.647,0.0011710000000000002,3.559,3.558,3.558,0.4358,0.11,1.152e-05,0.5458000000000001,0.2723,0.1028,0.00028649999999999997,0.3754,1.203,1.434,0.0008725,2.6380000000000003,0.0,0.0,0.0,0.0,0.0,0.0,0.0,0.0,0.0,0.0,0.0,0.0,0.0,0.0,0.0,0.0,vectored,random,2,2026-07-26T16:10:25+00:00
intmul_24_24_48_3_5nm_TT_0V7_25C_571p429MHz,intmul,a_width=24;b_width=24;out_width=48;pipeline_stages=3,5nm,TT,0.7,25.0,1.75,571.4285714285714,24,24,48,3,V-2023.12-SP4,1945,1774,171,136.844399,108.116399,28.728,0.08791773778920309,0.20993186575359946,1.53,0.0,0.0,0,V-2023.12-SP4,1934,1763,171,137.34,108.48,28.86,194.5188,0.706,0.08841778697001035,0.21013543031891654,1.12,0.48,0.0,0,V-2023.12-SP3,V-2023.12-SP4,0.6148,0.45370000000000005,0.0009779,1.07,1.0685,1.869875,0.2684,0.05443,1.268e-05,0.3228,0.05321,0.04994,0.00031259999999999995,0.1035,0.2932,0.3494,0.0006526,0.6432,0.0,0.0,0.0,0.0,0.0,0.0,0.0,0.0,0.0,0.0,0.0,0.0,0.0,0.0,0.0,0.0,unvectored,none,2,2026-07-26T16:10:56+00:00
intmul_24_24_48_3_5nm_TT_0V7_25C_571p429MHz,intmul,a_width=24;b_width=24;out_width=48;pipeline_stages=3,5nm,TT,0.7,25.0,1.75,571.4285714285714,24,24,48,3,V-2023.12-SP4,1945,1774,171,136.844399,108.116399,28.728,0.08791773778920309,0.20993186575359946,1.53,0.0,0.0,0,V-2023.12-SP4,1934,1763,171,137.34,108.48,28.86,194.5188,0.706,0.08841778697001035,0.21013543031891654,1.12,0.48,0.0,0,V-2023.12-SP3,V-2023.12-SP4,1.003,0.8516,0.0009708000000000001,1.856,1.8546,3.24555,0.2697,0.05443,1.268e-05,0.3241,0.1529,0.1177,0.0002848,0.27090000000000003,0.5804,0.6795,0.0006732999999999999,1.261,0.0,0.0,0.0,0.0,0.0,0.0,0.0,0.0,0.0,0.0,0.0,0.0,0.0,0.0,0.0,0.0,vectored,random,2,2026-07-26T16:11:03+00:00
intmul_24_24_48_5_5nm_TT_0V7_25C_1000MHz,intmul,a_width=24;b_width=24;out_width=48;pipeline_stages=5,5nm,TT,0.7,25.0,1.0,1000.0,24,24,48,5,V-2023.12-SP4,2943,2625,318,200.197198,146.773199,53.423999,0.10805300713557595,0.26685687678805575,0.78,0.0,0.0,0,V-2023.12-SP4,2927,2609,318,199.37,145.63,53.74,283.92,0.7022,0.10864366245302358,0.26954907960074237,0.81,0.03,0.0,0,V-2023.12-SP3,V-2023.12-SP4,1.617,0.9843000000000001,0.001601,2.6029999999999998,2.6013,2.6013,0.8582000000000001,0.2259,3.804e-05,1.0839999999999999,0.1652,0.07624,0.0005804,0.242,0.5938,0.6822,0.0009824999999999999,1.277,0.0,0.0,0.0,0.0,0.0,0.0,0.0,0.0,0.0,0.0,0.0,0.0,0.0,0.0,0.0,0.0,unvectored,none,2,2026-07-26T16:13:48+00:00
intmul_24_24_48_5_5nm_TT_0V7_25C_1000MHz,intmul,a_width=24;b_width=24;out_width=48;pipeline_stages=5,5nm,TT,0.7,25.0,1.0,1000.0,24,24,48,5,V-2023.12-SP4,2943,2625,318,200.197198,146.773199,53.423999,0.10805300713557595,0.26685687678805575,0.78,0.0,0.0,0,V-2023.12-SP4,2927,2609,318,199.37,145.63,53.74,283.92,0.7022,0.10864366245302358,0.26954907960074237,0.81,0.03,0.0,0,V-2023.12-SP3,V-2023.12-SP4,2.505,1.751,0.001563,4.258,4.256,4.256,0.8624,0.2259,3.806e-05,1.088,0.4439,0.1803,0.0005301,0.6248,1.198,1.345,0.0009945,2.545,0.0,0.0,0.0,0.0,0.0,0.0,0.0,0.0,0.0,0.0,0.0,0.0,0.0,0.0,0.0,0.0,vectored,random,2,2026-07-26T16:13:56+00:00
intmul_24_24_48_5_5nm_TT_0V7_25C_666p667MHz,intmul,a_width=24;b_width=24;out_width=48;pipeline_stages=5,5nm,TT,0.7,25.0,1.5,666.6666666666666,24,24,48,5,V-2023.12-SP4,2745,2428,317,191.629198,138.373199,53.255999,0.11548269581056467,0.27791171468556686,1.28,0.0,0.0,0,V-2023.12-SP4,2761,2444,317,192.23,138.67,53.56,271.656,0.7076,0.11481347337921043,0.2786245643239869,1.0,0.37,0.0,0,V-2023.12-SP3,V-2023.12-SP4,1.0679999999999998,0.6036,0.00152,1.673,1.6715999999999998,2.5073999999999996,0.5871000000000001,0.1198,3.287e-05,0.7069,0.1094,0.05464,0.0005788,0.1646,0.3715,0.4292,0.0009084,0.8016,0.0,0.0,0.0,0.0,0.0,0.0,0.0,0.0,0.0,0.0,0.0,0.0,0.0,0.0,0.0,0.0,unvectored,none,2,2026-07-26T16:14:13+00:00
intmul_24_24_48_5_5nm_TT_0V7_25C_666p667MHz,intmul,a_width=24;b_width=24;out_width=48;pipeline_stages=5,5nm,TT,0.7,25.0,1.5,666.6666666666666,24,24,48,5,V-2023.12-SP4,2745,2428,317,191.629198,138.373199,53.255999,0.11548269581056467,0.27791171468556686,1.28,0.0,0.0,0,V-2023.12-SP4,2761,2444,317,192.23,138.67,53.56,271.656,0.7076,0.11481347337921043,0.2786245643239869,1.0,0.37,0.0,0,V-2023.12-SP3,V-2023.12-SP4,1.677,1.1219999999999999,0.001485,2.801,2.799,4.1985,0.5898,0.1198,3.2880000000000004e-05,0.7096,0.30210000000000004,0.1296,0.0005283,0.4322,0.7847999999999999,0.873,0.0009237000000000001,1.659,0.0,0.0,0.0,0.0,0.0,0.0,0.0,0.0,0.0,0.0,0.0,0.0,0.0,0.0,0.0,0.0,vectored,random,2,2026-07-26T16:14:20+00:00
intmul_32_32_64_2_5nm_TT_0V7_25C_800MHz,intmul,a_width=32;b_width=32;out_width=64;pipeline_stages=2,5nm,TT,0.7,25.0,1.25,800.0,32,32,64,2,V-2023.12-SP4,3158,3028,130,191.435998,169.595998,21.84,0.04116529449018366,0.11408512624673652,1.03,0.0,0.0,0,V-2023.12-SP4,3109,2979,130,187.84,165.93,21.91,271.656,0.6915,0.04181408813123191,0.11664182282793867,1.05,0.01,0.0,0,V-2023.12-SP3,V-2023.12-SP4,0.9751,1.001,0.001345,1.9780000000000002,1.9760999999999997,2.4701249999999995,0.2671,0.06994,1.133e-05,0.337,0.06045,0.02632,0.00023830000000000002,0.08700999999999999,0.6476000000000001,0.9047999999999999,0.001096,1.554,0.0,0.0,0.0,0.0,0.0,0.0,0.0,0.0,0.0,0.0,0.0,0.0,0.0,0.0,0.0,0.0,unvectored,none,2,2026-07-26T16:14:52+00:00
intmul_32_32_64_2_5nm_TT_0V7_25C_800MHz,intmul,a_width=32;b_width=32;out_width=64;pipeline_stages=2,5nm,TT,0.7,25.0,1.25,800.0,32,32,64,2,V-2023.12-SP4,3158,3028,130,191.435998,169.595998,21.84,0.04116529449018366,0.11408512624673652,1.03,0.0,0.0,0,V-2023.12-SP4,3109,2979,130,187.84,165.93,21.91,271.656,0.6915,0.04181408813123191,0.11664182282793867,1.05,0.01,0.0,0,V-2023.12-SP3,V-2023.12-SP4,1.965,2.11,0.0013289999999999999,4.076,4.075,5.09375,0.2685,0.06994,1.134e-05,0.33849999999999997,0.2167,0.06384999999999999,0.0002173,0.2807,1.48,1.976,0.001101,3.457,0.0,0.0,0.0,0.0,0.0,0.0,0.0,0.0,0.0,0.0,0.0,0.0,0.0,0.0,0.0,0.0,vectored,random,2,2026-07-26T16:14:59+00:00
intmul_12_12_24_2_10nm_TT_0V8_25C_1000MHz,intmul,a_width=12;b_width=12;out_width=24;pipeline_stages=2,10nm,TT,0.8,25.0,1.0,1000.0,12,12,24,2,V-2023.12-SP4,710,660,50,147.363843,116.643842,30.720001,0.07042253521126761,0.20846362563983895,0.78,0.0,0.0,0,V-2023.12-SP4,697,647,50,146.96,116.24,30.72,205.7318,0.7143,0.07173601147776183,0.2090364725095264,0.55,0.3,0.0,0,V-2023.12-SP3,V-2023.12-SP4,0.4708,0.2899,0.0004014,0.7611,0.7606999999999999,0.7606999999999999,0.2285,0.046239999999999996,1.547e-05,0.2748,0.03714,0.019559999999999998,7.286e-05,0.05677,0.2051,0.2241,0.0003131,0.4295,0.0,0.0,0.0,0.0,0.0,0.0,0.0,0.0,0.0,0.0,0.0,0.0,0.0,0.0,0.0,0.0,unvectored,none,2,2026-07-26T16:17:39+00:00
intmul_12_12_24_2_10nm_TT_0V8_25C_1000MHz,intmul,a_width=12;b_width=12;out_width=24;pipeline_stages=2,10nm,TT,0.8,25.0,1.0,1000.0,12,12,24,2,V-2023.12-SP4,710,660,50,147.363843,116.643842,30.720001,0.07042253521126761,0.20846362563983895,0.78,0.0,0.0,0,V-2023.12-SP4,697,647,50,146.96,116.24,30.72,205.7318,0.7143,0.07173601147776183,0.2090364725095264,0.55,0.3,0.0,0,V-2023.12-SP3,V-2023.12-SP4,0.6425,0.4289,0.00040919999999999997,1.072,1.0714,1.0714,0.2284,0.046239999999999996,1.55e-05,0.2747,0.09497,0.04091,7.814e-05,0.136,0.3191,0.3417,0.0003156,0.6612,0.0,0.0,0.0,0.0,0.0,0.0,0.0,0.0,0.0,0.0,0.0,0.0,0.0,0.0,0.0,0.0,vectored,random,2,2026-07-26T16:17:47+00:00
intmul_32_32_64_2_5nm_TT_0V7_25C_571p429MHz,intmul,a_width=32;b_width=32;out_width=64;pipeline_stages=2,5nm,TT,0.7,25.0,1.75,571.4285714285714,32,32,64,2,V-2023.12-SP4,3024,2894,130,187.731598,165.891598,21.84,0.04298941798941799,0.11633630263989976,1.53,0.0,0.0,0,V-2023.12-SP4,3040,2910,130,186.9,164.98,21.92,266.4396,0.7015,0.04276315789473684,0.11728196896736223,1.32,0.25,0.0,0,V-2023.12-SP3,V-2023.12-SP4,0.7127,0.7012,0.001356,1.415,1.4139,2.474325,0.21350000000000002,0.057800000000000004,2.463e-05,0.2713,0.042960000000000005,0.01866,0.00023799999999999998,0.06185999999999999,0.4562,0.6246999999999999,0.001093,1.082,0.0,0.0,0.0,0.0,0.0,0.0,0.0,0.0,0.0,0.0,0.0,0.0,0.0,0.0,0.0,0.0,unvectored,none,2,2026-07-26T16:17:56+00:00
intmul_32_32_64_2_5nm_TT_0V7_25C_571p429MHz,intmul,a_width=32;b_width=32;out_width=64;pipeline_stages=2,5nm,TT,0.7,25.0,1.75,571.4285714285714,32,32,64,2,V-2023.12-SP4,3024,2894,130,187.731598,165.891598,21.84,0.04298941798941799,0.11633630263989976,1.53,0.0,0.0,0,V-2023.12-SP4,3040,2910,130,186.9,164.98,21.92,266.4396,0.7015,0.04276315789473684,0.11728196896736223,1.32,0.25,0.0,0,V-2023.12-SP3,V-2023.12-SP4,1.519,1.597,0.001339,3.1180000000000003,3.1159999999999997,5.452999999999999,0.2145,0.057800000000000004,2.465e-05,0.2723,0.1608,0.04528,0.0002168,0.2063,1.1440000000000001,1.494,0.0010979999999999998,2.639,0.0,0.0,0.0,0.0,0.0,0.0,0.0,0.0,0.0,0.0,0.0,0.0,0.0,0.0,0.0,0.0,vectored,random,2,2026-07-26T16:18:03+00:00
intmul_12_12_24_3_10nm_TT_0V8_25C_1000MHz,intmul,a_width=12;b_width=12;out_width=24;pipeline_stages=3,10nm,TT,0.8,25.0,1.0,1000.0,12,12,24,3,V-2023.12-SP4,857,770,87,180.602884,127.027202,53.575683,0.10151691948658109,0.2966491000221237,0.78,0.0,0.0,0,V-2023.12-SP4,852,765,87,183.64,130.19,53.45,251.904,0.729,0.10211267605633803,0.29105859289915054,0.55,0.3,0.0,0,V-2023.12-SP3,V-2023.12-SP4,0.6909000000000001,0.3346,0.0005146,1.026,1.0255,1.0255,0.4144,0.08547,3.358e-05,0.49989999999999996,0.061450000000000005,0.0251,0.0001271,0.08667,0.21509999999999999,0.224,0.00035400000000000004,0.4394,0.0,0.0,0.0,0.0,0.0,0.0,0.0,0.0,0.0,0.0,0.0,0.0,0.0,0.0,0.0,0.0,unvectored,none,2,2026-07-26T16:18:25+00:00
intmul_32_32_64_3_5nm_TT_0V7_25C_800MHz,intmul,a_width=32;b_width=32;out_width=64;pipeline_stages=3,5nm,TT,0.7,25.0,1.25,800.0,32,32,64,3,V-2023.12-SP4,3735,3508,227,232.293598,194.123998,38.169599,0.0607764390896921,0.1643161900656427,1.03,0.0,0.0,0,V-2023.12-SP4,3679,3452,227,230.93,192.63,38.3,330.2208,0.6993,0.06170154933405817,0.1658511237171437,1.05,0.06,0.0,0,V-2023.12-SP3,V-2023.12-SP4,1.4,1.168,0.0017749999999999999,2.57,2.5679999999999996,3.2099999999999995,0.5378,0.1453,4.761e-05,0.6832,0.1001,0.04917,0.0004152,0.1497,0.7619,0.9738,0.001312,1.737,0.0,0.0,0.0,0.0,0.0,0.0,0.0,0.0,0.0,0.0,0.0,0.0,0.0,0.0,0.0,0.0,unvectored,none,2,2026-07-26T16:18:27+00:00
intmul_12_12_24_3_10nm_TT_0V8_25C_1000MHz,intmul,a_width=12;b_width=12;out_width=24;pipeline_stages=3,10nm,TT,0.8,25.0,1.0,1000.0,12,12,24,3,V-2023.12-SP4,857,770,87,180.602884,127.027202,53.575683,0.10151691948658109,0.2966491000221237,0.78,0.0,0.0,0,V-2023.12-SP4,852,765,87,183.64,130.19,53.45,251.904,0.729,0.10211267605633803,0.29105859289915054,0.55,0.3,0.0,0,V-2023.12-SP3,V-2023.12-SP4,0.939,0.517,0.0005283,1.4569999999999999,1.456,1.456,0.4143,0.08547,3.364e-05,0.4998,0.1522,0.05681,0.0001359,0.20909999999999998,0.3726,0.3747,0.0003588,0.7475999999999999,0.0,0.0,0.0,0.0,0.0,0.0,0.0,0.0,0.0,0.0,0.0,0.0,0.0,0.0,0.0,0.0,vectored,random,2,2026-07-26T16:18:31+00:00
intmul_32_32_64_3_5nm_TT_0V7_25C_800MHz,intmul,a_width=32;b_width=32;out_width=64;pipeline_stages=3,5nm,TT,0.7,25.0,1.25,800.0,32,32,64,3,V-2023.12-SP4,3735,3508,227,232.293598,194.123998,38.169599,0.0607764390896921,0.1643161900656427,1.03,0.0,0.0,0,V-2023.12-SP4,3679,3452,227,230.93,192.63,38.3,330.2208,0.6993,0.06170154933405817,0.1658511237171437,1.05,0.06,0.0,0,V-2023.12-SP3,V-2023.12-SP4,2.463,2.2790000000000004,0.001748,4.742999999999999,4.742000000000001,5.927500000000001,0.5403,0.1453,4.7629999999999996e-05,0.6856,0.3171,0.1167,0.0003788,0.4341,1.606,2.0170000000000003,0.001322,3.624,0.0,0.0,0.0,0.0,0.0,0.0,0.0,0.0,0.0,0.0,0.0,0.0,0.0,0.0,0.0,0.0,vectored,random,2,2026-07-26T16:18:35+00:00
intmul_12_12_24_5_10nm_TT_0V8_25C_1000MHz,intmul,a_width=12;b_width=12;out_width=24;pipeline_stages=5,10nm,TT,0.8,25.0,1.0,1000.0,12,12,24,5,V-2023.12-SP4,1053,892,161,234.977286,136.058881,98.918405,0.15289648622981955,0.4209700719753824,0.76,0.03,0.0,0,V-2023.12-SP4,1058,897,161,235.93,137.01,98.92,330.6394,0.7136,0.15217391304347827,0.41927690416649005,0.55,0.3,0.0,0,V-2023.12-SP3,V-2023.12-SP4,0.9656,0.3275,0.0006259,1.294,1.2931,1.2931,0.674,0.10679999999999999,1.672e-05,0.7808,0.1078,0.035679999999999996,0.0002351,0.1437,0.1838,0.185,0.0003741,0.3692,0.0,0.0,0.0,0.0,0.0,0.0,0.0,0.0,0.0,0.0,0.0,0.0,0.0,0.0,0.0,0.0,unvectored,none,2,2026-07-26T16:18:40+00:00
intmul_12_12_24_5_10nm_TT_0V8_25C_1000MHz,intmul,a_width=12;b_width=12;out_width=24;pipeline_stages=5,10nm,TT,0.8,25.0,1.0,1000.0,12,12,24,5,V-2023.12-SP4,1053,892,161,234.977286,136.058881,98.918405,0.15289648622981955,0.4209700719753824,0.76,0.03,0.0,0,V-2023.12-SP4,1058,897,161,235.93,137.01,98.92,330.6394,0.7136,0.15217391304347827,0.41927690416649005,0.55,0.3,0.0,0,V-2023.12-SP3,V-2023.12-SP4,1.277,0.5207999999999999,0.00065,1.7979999999999998,1.7977999999999998,1.7977999999999998,0.6737,0.10679999999999999,1.672e-05,0.7805000000000001,0.25,0.07949,0.00025079999999999997,0.3297,0.3532,0.3345,0.0003825,0.6880999999999999,0.0,0.0,0.0,0.0,0.0,0.0,0.0,0.0,0.0,0.0,0.0,0.0,0.0,0.0,0.0,0.0,vectored,random,2,2026-07-26T16:18:46+00:00
intmul_32_32_64_3_5nm_TT_0V7_25C_571p429MHz,intmul,a_width=32;b_width=32;out_width=64;pipeline_stages=3,5nm,TT,0.7,25.0,1.75,571.4285714285714,32,32,64,3,V-2023.12-SP4,3500,3273,227,226.304398,188.168398,38.135999,0.06485714285714286,0.1685163847323904,1.53,0.01,0.0,0,V-2023.12-SP4,3512,3285,227,226.26,187.98,38.29,322.6692,0.7012,0.06463553530751709,0.169230089277822,1.3,0.31,0.0,0,V-2023.12-SP3,V-2023.12-SP4,0.9600000000000001,0.7803,0.0017239999999999998,1.742,1.7403,3.045525,0.3585,0.08034000000000001,2.861e-05,0.4389,0.07122999999999999,0.036520000000000004,0.0004152,0.1082,0.5303,0.6635,0.00128,1.195,0.0,0.0,0.0,0.0,0.0,0.0,0.0,0.0,0.0,0.0,0.0,0.0,0.0,0.0,0.0,0.0,unvectored,none,2,2026-07-26T16:19:03+00:00
intmul_32_32_64_3_5nm_TT_0V7_25C_571p429MHz,intmul,a_width=32;b_width=32;out_width=64;pipeline_stages=3,5nm,TT,0.7,25.0,1.75,571.4285714285714,32,32,64,3,V-2023.12-SP4,3500,3273,227,226.304398,188.168398,38.135999,0.06485714285714286,0.1685163847323904,1.53,0.01,0.0,0,V-2023.12-SP4,3512,3285,227,226.26,187.98,38.29,322.6692,0.7012,0.06463553530751709,0.169230089277822,1.3,0.31,0.0,0,V-2023.12-SP3,V-2023.12-SP4,1.823,1.645,0.001697,3.47,3.468,6.069,0.36029999999999995,0.08034000000000001,2.861e-05,0.4406,0.2351,0.08773,0.000379,0.3233,1.228,1.477,0.00129,2.706,0.0,0.0,0.0,0.0,0.0,0.0,0.0,0.0,0.0,0.0,0.0,0.0,0.0,0.0,0.0,0.0,vectored,random,2,2026-07-26T16:19:11+00:00
intmul_16_16_32_2_10nm_TT_0V8_25C_666p667MHz,intmul,a_width=16;b_width=16;out_width=32;pipeline_stages=2,10nm,TT,0.8,25.0,1.5,666.6666666666666,16,16,32,2,V-2023.12-SP4,1023,957,66,227.051525,186.501123,40.550402,0.06451612903225806,0.1785955941057872,1.28,0.0,0.0,0,V-2023.12-SP4,1018,952,66,227.6,187.05,40.55,317.952,0.7158,0.06483300589390963,0.1781634446397188,0.89,0.48,0.0,0,V-2023.12-SP3,V-2023.12-SP4,0.4749,0.297,0.0006107,0.7725,0.7719,1.15785,0.20320000000000002,0.03044,1.308e-05,0.2336,0.03316,0.017159999999999998,9.632e-05,0.05041,0.2386,0.24939999999999998,0.0005013,0.4885,0.0,0.0,0.0,0.0,0.0,0.0,0.0,0.0,0.0,0.0,0.0,0.0,0.0,0.0,0.0,0.0,unvectored,none,2,2026-07-26T16:20:18+00:00
intmul_16_16_32_2_10nm_TT_0V8_25C_666p667MHz,intmul,a_width=16;b_width=16;out_width=32;pipeline_stages=2,10nm,TT,0.8,25.0,1.5,666.6666666666666,16,16,32,2,V-2023.12-SP4,1023,957,66,227.051525,186.501123,40.550402,0.06451612903225806,0.1785955941057872,1.28,0.0,0.0,0,V-2023.12-SP4,1018,952,66,227.6,187.05,40.55,317.952,0.7158,0.06483300589390963,0.1781634446397188,0.89,0.48,0.0,0,V-2023.12-SP3,V-2023.12-SP4,0.719,0.5059,0.0006218,1.2249999999999999,1.2248999999999999,1.8373499999999998,0.203,0.03044,1.308e-05,0.2335,0.09655999999999999,0.04028,0.00010389999999999999,0.1369,0.4194,0.4351,0.0005048,0.855,0.0,0.0,0.0,0.0,0.0,0.0,0.0,0.0,0.0,0.0,0.0,0.0,0.0,0.0,0.0,0.0,vectored,random,2,2026-07-26T16:20:25+00:00
intmul_12_12_24_5_20nm_TT_0V9_25C_571p429MHz,intmul,a_width=12;b_width=12;out_width=24;pipeline_stages=5,20nm,TT,0.9,25.0,1.75,571.4285714285714,12,12,24,5,V-2023.12-SP4,1085,924,161,833.817595,493.785597,340.031998,0.14838709677419354,0.40780141848649765,1.51,0.01,0.0,0,V-2023.12-SP4,1089,928,161,840.47,500.44,340.03,1185.1488,0.7092,0.14784205693296604,0.4045712517995883,1.38,0.18,0.0,0,V-2023.12-SP3,V-2023.12-SP4,0.8541,0.2359,0.0007758000000000001,1.091,1.0899999999999999,1.9074999999999998,0.58,0.05902,2.061e-05,0.6391,0.10110000000000001,0.02647,0.0002418,0.1278,0.17300000000000001,0.1504,0.0005134,0.3239,0.0,0.0,0.0,0.0,0.0,0.0,0.0,0.0,0.0,0.0,0.0,0.0,0.0,0.0,0.0,0.0,unvectored,none,2,2026-07-26T16:20:28+00:00
intmul_12_12_24_5_20nm_TT_0V9_25C_571p429MHz,intmul,a_width=12;b_width=12;out_width=24;pipeline_stages=5,20nm,TT,0.9,25.0,1.75,571.4285714285714,12,12,24,5,V-2023.12-SP4,1085,924,161,833.817595,493.785597,340.031998,0.14838709677419354,0.40780141848649765,1.51,0.01,0.0,0,V-2023.12-SP4,1089,928,161,840.47,500.44,340.03,1185.1488,0.7092,0.14784205693296604,0.4045712517995883,1.38,0.18,0.0,0,V-2023.12-SP3,V-2023.12-SP4,1.1199999999999999,0.3658,0.0008249,1.487,1.4857999999999998,2.6001499999999997,0.5807,0.05902,2.061e-05,0.6396999999999999,0.2255,0.058739999999999994,0.0002787,0.28459999999999996,0.3137,0.248,0.0005255,0.5622,0.0,0.0,0.0,0.0,0.0,0.0,0.0,0.0,0.0,0.0,0.0,0.0,0.0,0.0,0.0,0.0,vectored,random,2,2026-07-26T16:20:36+00:00
intmul_16_16_32_3_10nm_TT_0V8_25C_1000MHz,intmul,a_width=16;b_width=16;out_width=32;pipeline_stages=3,10nm,TT,0.8,25.0,1.0,1000.0,16,16,32,3,V-2023.12-SP4,1356,1241,115,294.696966,223.795203,70.901763,0.08480825958702065,0.24059210368660533,0.78,0.0,0.0,0,V-2023.12-SP4,1349,1234,115,298.51,227.85,70.66,416.809,0.7162,0.08524833209785027,0.2367089879736022,0.63,0.18,0.0,0,V-2023.12-SP3,V-2023.12-SP4,0.9973,0.5706,0.0008208,1.5690000000000002,1.5678999999999998,1.5678999999999998,0.5123000000000001,0.1095,3.962e-05,0.6219,0.08236,0.03672,0.0001681,0.1193,0.4025,0.4244,0.0006131,0.8276,0.0,0.0,0.0,0.0,0.0,0.0,0.0,0.0,0.0,0.0,0.0,0.0,0.0,0.0,0.0,0.0,unvectored,none,2,2026-07-26T16:21:10+00:00
intmul_16_16_32_3_10nm_TT_0V8_25C_1000MHz,intmul,a_width=16;b_width=16;out_width=32;pipeline_stages=3,10nm,TT,0.8,25.0,1.0,1000.0,16,16,32,3,V-2023.12-SP4,1356,1241,115,294.696966,223.795203,70.901763,0.08480825958702065,0.24059210368660533,0.78,0.0,0.0,0,V-2023.12-SP4,1349,1234,115,298.51,227.85,70.66,416.809,0.7162,0.08524833209785027,0.2367089879736022,0.63,0.18,0.0,0,V-2023.12-SP3,V-2023.12-SP4,1.452,0.9351,0.0008397,2.388,2.3871,2.3871,0.5121,0.1095,3.967e-05,0.6216,0.2209,0.08116,0.0001796,0.30229999999999996,0.7189,0.7445,0.0006204,1.464,0.0,0.0,0.0,0.0,0.0,0.0,0.0,0.0,0.0,0.0,0.0,0.0,0.0,0.0,0.0,0.0,vectored,random,2,2026-07-26T16:21:16+00:00
intmul_16_16_32_5_20nm_TT_0V9_25C_444p444MHz,intmul,a_width=16;b_width=16;out_width=32;pipeline_stages=5,20nm,TT,0.9,25.0,2.25,444.44444444444446,16,16,32,5,V-2023.12-SP4,1597,1383,214,1296.134393,844.166395,451.967998,0.1340012523481528,0.34870457912461245,2.01,0.01,0.0,0,V-2023.12-SP4,1618,1404,214,1305.11,852.93,452.18,1818.96,0.7175,0.13226205191594562,0.3464688800177763,2.03,0.09,0.0,0,V-2023.12-SP3,V-2023.12-SP4,0.9502,0.2752,0.0011870000000000001,1.227,1.2254,2.75715,0.5952000000000001,0.03016,8.709e-06,0.6254000000000001,0.1062,0.0282,0.0003221,0.1347,0.24879999999999997,0.21680000000000002,0.0008558,0.4665,0.0,0.0,0.0,0.0,0.0,0.0,0.0,0.0,0.0,0.0,0.0,0.0,0.0,0.0,0.0,0.0,unvectored,none,2,2026-07-26T16:21:25+00:00
intmul_16_16_32_3_10nm_TT_0V8_25C_571p429MHz,intmul,a_width=16;b_width=16;out_width=32;pipeline_stages=3,10nm,TT,0.8,25.0,1.75,571.4285714285714,16,16,32,3,V-2023.12-SP4,1059,944,115,261.857287,191.201284,70.656003,0.10859301227573183,0.26982637683861743,1.46,0.08,0.0,0,V-2023.12-SP4,1067,952,115,264.68,194.03,70.66,370.176,0.715,0.1077788191190253,0.2669638809128003,1.01,0.61,0.0,0,V-2023.12-SP3,V-2023.12-SP4,0.51,0.2738,0.0006118,0.7844,0.7838,1.37165,0.28009999999999996,0.04609,8.925e-06,0.3262,0.04718,0.031139999999999998,0.00016820000000000002,0.07849,0.1827,0.1966,0.0004348,0.3798,0.0,0.0,0.0,0.0,0.0,0.0,0.0,0.0,0.0,0.0,0.0,0.0,0.0,0.0,0.0,0.0,unvectored,none,2,2026-07-26T16:21:26+00:00
intmul_16_16_32_5_20nm_TT_0V9_25C_444p444MHz,intmul,a_width=16;b_width=16;out_width=32;pipeline_stages=5,20nm,TT,0.9,25.0,2.25,444.44444444444446,16,16,32,5,V-2023.12-SP4,1597,1383,214,1296.134393,844.166395,451.967998,0.1340012523481528,0.34870457912461245,2.01,0.01,0.0,0,V-2023.12-SP4,1618,1404,214,1305.11,852.93,452.18,1818.96,0.7175,0.13226205191594562,0.3464688800177763,2.03,0.09,0.0,0,V-2023.12-SP3,V-2023.12-SP4,1.248,0.4351,0.001258,1.684,1.6831,3.786975,0.5958,0.03016,8.709e-06,0.6259,0.24449999999999997,0.06509999999999999,0.0003761,0.31,0.4075,0.33990000000000004,0.0008728000000000001,0.7482,0.0,0.0,0.0,0.0,0.0,0.0,0.0,0.0,0.0,0.0,0.0,0.0,0.0,0.0,0.0,0.0,vectored,random,2,2026-07-26T16:21:32+00:00
intmul_16_16_32_3_10nm_TT_0V8_25C_571p429MHz,intmul,a_width=16;b_width=16;out_width=32;pipeline_stages=3,10nm,TT,0.8,25.0,1.75,571.4285714285714,16,16,32,3,V-2023.12-SP4,1059,944,115,261.857287,191.201284,70.656003,0.10859301227573183,0.26982637683861743,1.46,0.08,0.0,0,V-2023.12-SP4,1067,952,115,264.68,194.03,70.66,370.176,0.715,0.1077788191190253,0.2669638809128003,1.01,0.61,0.0,0,V-2023.12-SP3,V-2023.12-SP4,0.7509,0.4833,0.0006395999999999999,1.2349999999999999,1.2342,2.15985,0.2799,0.04609,8.922999999999999e-06,0.326,0.1271,0.07211999999999999,0.0001803,0.1994,0.3439,0.3651,0.0004504,0.7094,0.0,0.0,0.0,0.0,0.0,0.0,0.0,0.0,0.0,0.0,0.0,0.0,0.0,0.0,0.0,0.0,vectored,random,2,2026-07-26T16:21:33+00:00
intmul_12_12_24_2_7nm_TT_0V75_25C_1000MHz,intmul,a_width=12;b_width=12;out_width=24;pipeline_stages=2,7nm,TT,0.75,25.0,1.0,1000.0,12,12,24,2,V-2023.12-SP4,680,630,50,76.317696,60.157439,16.160257,0.07352941176470588,0.21174980177598654,0.78,0.0,0.0,0,V-2023.12-SP4,675,625,50,76.79,60.66,16.13,107.7834,0.7124,0.07407407407407407,0.210053392368798,0.51,0.35,0.0,0,V-2023.12-SP3,V-2023.12-SP4,0.36410000000000003,0.2284,0.0003785,0.5928,0.5925,0.5925,0.1783,0.037469999999999996,1.386e-05,0.2158,0.029390000000000003,0.01714,0.0001263,0.04666,0.1564,0.1738,0.00023830000000000002,0.3304,0.0,0.0,0.0,0.0,0.0,0.0,0.0,0.0,0.0,0.0,0.0,0.0,0.0,0.0,0.0,0.0,unvectored,none,2,2026-07-26T16:22:14+00:00
intmul_12_12_24_2_7nm_TT_0V75_25C_1000MHz,intmul,a_width=12;b_width=12;out_width=24;pipeline_stages=2,7nm,TT,0.75,25.0,1.0,1000.0,12,12,24,2,V-2023.12-SP4,680,630,50,76.317696,60.157439,16.160257,0.07352941176470588,0.21174980177598654,0.78,0.0,0.0,0,V-2023.12-SP4,675,625,50,76.79,60.66,16.13,107.7834,0.7124,0.07407407407407407,0.210053392368798,0.51,0.35,0.0,0,V-2023.12-SP3,V-2023.12-SP4,0.5239,0.36910000000000004,0.0004013,0.8934000000000001,0.893,0.893,0.1783,0.037469999999999996,1.386e-05,0.2157,0.07729,0.0373,0.0001471,0.1147,0.2684,0.2943,0.0002403,0.5629,0.0,0.0,0.0,0.0,0.0,0.0,0.0,0.0,0.0,0.0,0.0,0.0,0.0,0.0,0.0,0.0,vectored,random,2,2026-07-26T16:22:21+00:00
intmul_32_32_64_5_5nm_TT_0V7_25C_1000MHz,intmul,a_width=32;b_width=32;out_width=64;pipeline_stages=5,5nm,TT,0.7,25.0,1.0,1000.0,32,32,64,5,V-2023.12-SP4,5084,4661,423,313.479597,242.247598,71.231999,0.08320220298977184,0.22723009625407933,0.78,0.0,0.0,0,V-2023.12-SP4,5054,4631,423,311.61,240.05,71.57,444.15,0.7016,0.08369608231104075,0.22967812329514453,0.78,0.06,0.0,0,V-2023.12-SP3,V-2023.12-SP4,2.503,1.8550000000000002,0.002487,4.36,4.3580000000000005,4.3580000000000005,1.1,0.2814,3.728e-05,1.381,0.22469999999999998,0.1093,0.0007702,0.3348,1.178,1.464,0.001679,2.644,0.0,0.0,0.0,0.0,0.0,0.0,0.0,0.0,0.0,0.0,0.0,0.0,0.0,0.0,0.0,0.0,unvectored,none,2,2026-07-26T16:22:25+00:00
intmul_32_32_64_5_5nm_TT_0V7_25C_1000MHz,intmul,a_width=32;b_width=32;out_width=64;pipeline_stages=5,5nm,TT,0.7,25.0,1.0,1000.0,32,32,64,5,V-2023.12-SP4,5084,4661,423,313.479597,242.247598,71.231999,0.08320220298977184,0.22723009625407933,0.78,0.0,0.0,0,V-2023.12-SP4,5054,4631,423,311.61,240.05,71.57,444.15,0.7016,0.08369608231104075,0.22967812329514453,0.78,0.06,0.0,0,V-2023.12-SP3,V-2023.12-SP4,4.298,3.536,0.0024449999999999997,7.837000000000001,7.834,7.834,1.106,0.2814,3.728e-05,1.387,0.6638,0.25549999999999995,0.00071,0.92,2.529,2.999,0.001698,5.529,0.0,0.0,0.0,0.0,0.0,0.0,0.0,0.0,0.0,0.0,0.0,0.0,0.0,0.0,0.0,0.0,vectored,random,2,2026-07-26T16:22:33+00:00
intmul_32_32_64_5_5nm_TT_0V7_25C_571p429MHz,intmul,a_width=32;b_width=32;out_width=64;pipeline_stages=5,5nm,TT,0.7,25.0,1.75,571.4285714285714,32,32,64,5,V-2023.12-SP4,4769,4346,423,304.399197,233.335198,71.063999,0.08869784021807507,0.23345659154284823,1.51,0.04,0.0,0,V-2023.12-SP4,4791,4368,423,304.46,233.06,71.4,434.3472,0.701,0.08829054477144646,0.2345135650003285,1.3,0.31,0.0,0,V-2023.12-SP3,V-2023.12-SP4,1.416,1.019,0.002432,2.437,2.4349999999999996,4.2612499999999995,0.6356,0.15990000000000001,3.747e-05,0.7955,0.1272,0.06724999999999999,0.0007731999999999999,0.1953,0.653,0.7915,0.0016220000000000002,1.446,0.0,0.0,0.0,0.0,0.0,0.0,0.0,0.0,0.0,0.0,0.0,0.0,0.0,0.0,0.0,0.0,unvectored,none,2,2026-07-26T16:22:59+00:00
intmul_32_32_64_5_5nm_TT_0V7_25C_571p429MHz,intmul,a_width=32;b_width=32;out_width=64;pipeline_stages=5,5nm,TT,0.7,25.0,1.75,571.4285714285714,32,32,64,5,V-2023.12-SP4,4769,4346,423,304.399197,233.335198,71.063999,0.08869784021807507,0.23345659154284823,1.51,0.04,0.0,0,V-2023.12-SP4,4791,4368,423,304.46,233.06,71.4,434.3472,0.701,0.08829054477144646,0.2345135650003285,1.3,0.31,0.0,0,V-2023.12-SP3,V-2023.12-SP4,2.472,1.957,0.002384,4.432,4.429,7.75075,0.6388,0.15990000000000001,3.749e-05,0.7987,0.3877,0.1577,0.0007072,0.5461,1.446,1.639,0.00164,3.0869999999999997,0.0,0.0,0.0,0.0,0.0,0.0,0.0,0.0,0.0,0.0,0.0,0.0,0.0,0.0,0.0,0.0,vectored,random,2,2026-07-26T16:23:07+00:00
intmul_16_16_32_5_10nm_TT_0V8_25C_666p667MHz,intmul,a_width=16;b_width=16;out_width=32;pipeline_stages=5,10nm,TT,0.8,25.0,1.5,666.6666666666666,16,16,32,5,V-2023.12-SP4,1490,1275,215,352.020489,219.801603,132.218886,0.14429530201342283,0.37559997253455324,1.28,0.0,0.0,0,V-2023.12-SP4,1507,1292,215,364.06,231.84,132.22,498.8928,0.7297,0.1426675514266755,0.36318189309454485,0.89,0.49,0.0,0,V-2023.12-SP3,V-2023.12-SP4,0.9789,0.4169,0.0009172,1.397,1.3958,2.0937,0.6708999999999999,0.12840000000000001,8.255e-05,0.7995,0.09863,0.04353,0.00032189999999999996,0.1425,0.20929999999999999,0.245,0.0005128,0.4548,0.0,0.0,0.0,0.0,0.0,0.0,0.0,0.0,0.0,0.0,0.0,0.0,0.0,0.0,0.0,0.0,unvectored,none,2,2026-07-26T16:23:13+00:00
intmul_16_16_32_5_10nm_TT_0V8_25C_666p667MHz,intmul,a_width=16;b_width=16;out_width=32;pipeline_stages=5,10nm,TT,0.8,25.0,1.5,666.6666666666666,16,16,32,5,V-2023.12-SP4,1490,1275,215,352.020489,219.801603,132.218886,0.14429530201342283,0.37559997253455324,1.28,0.0,0.0,0,V-2023.12-SP4,1507,1292,215,364.06,231.84,132.22,498.8928,0.7297,0.1426675514266755,0.36318189309454485,0.89,0.49,0.0,0,V-2023.12-SP3,V-2023.12-SP4,1.348,0.7176,0.0009621,2.0660000000000003,2.0656,3.0984,0.6707,0.12840000000000001,8.257e-05,0.7992,0.2511,0.1,0.0003434,0.3514,0.426,0.48910000000000003,0.0005361000000000001,0.9157,0.0,0.0,0.0,0.0,0.0,0.0,0.0,0.0,0.0,0.0,0.0,0.0,0.0,0.0,0.0,0.0,vectored,random,2,2026-07-26T16:23:21+00:00
intmul_12_12_24_3_7nm_TT_0V75_25C_1000MHz,intmul,a_width=12;b_width=12;out_width=24;pipeline_stages=3,7nm,TT,0.75,25.0,1.0,1000.0,12,12,24,3,V-2023.12-SP4,827,740,87,94.332672,66.205439,28.127233,0.10519951632406288,0.2981706380584661,0.77,0.01,0.0,0,V-2023.12-SP4,834,747,87,96.17,68.11,28.06,134.2817,0.7162,0.10431654676258993,0.29177498180305705,0.49,0.36,0.0,0,V-2023.12-SP3,V-2023.12-SP4,0.5607,0.27320000000000005,0.0005134,0.8344,0.8339000000000001,0.8339000000000001,0.3459,0.06801,2.599e-05,0.414,0.04876,0.02209,0.0002209,0.07107,0.166,0.1831,0.0002665,0.3494,0.0,0.0,0.0,0.0,0.0,0.0,0.0,0.0,0.0,0.0,0.0,0.0,0.0,0.0,0.0,0.0,unvectored,none,2,2026-07-26T16:23:22+00:00
intmul_12_12_24_3_7nm_TT_0V75_25C_1000MHz,intmul,a_width=12;b_width=12;out_width=24;pipeline_stages=3,7nm,TT,0.75,25.0,1.0,1000.0,12,12,24,3,V-2023.12-SP4,827,740,87,94.332672,66.205439,28.127233,0.10519951632406288,0.2981706380584661,0.77,0.01,0.0,0,V-2023.12-SP4,834,747,87,96.17,68.11,28.06,134.2817,0.7162,0.10431654676258993,0.29177498180305705,0.49,0.36,0.0,0,V-2023.12-SP3,V-2023.12-SP4,0.832,0.4824,0.0005541,1.315,1.3144,1.3144,0.3459,0.06801,2.618e-05,0.4139,0.13349999999999998,0.04787,0.0002573,0.18159999999999998,0.3526,0.3665,0.0002707,0.7194,0.0,0.0,0.0,0.0,0.0,0.0,0.0,0.0,0.0,0.0,0.0,0.0,0.0,0.0,0.0,0.0,vectored,random,2,2026-07-26T16:23:29+00:00
intmul_24_24_48_3_20nm_TT_0V9_25C_400MHz,intmul,a_width=24;b_width=24;out_width=48;pipeline_stages=3,20nm,TT,0.9,25.0,2.5,400.0,24,24,48,3,V-2023.12-SP4,2374,2203,171,1885.69919,1524.547192,361.151998,0.07203032855939343,0.19152153212729545,2.26,0.0,0.0,0,V-2023.12-SP4,2400,2229,171,1915.06,1553.69,361.36,2656.0512,0.721,0.07125,0.1886938268252692,2.21,0.08,0.0,0,V-2023.12-SP3,V-2023.12-SP4,1.072,0.5696,0.001833,1.643,1.6416,4.104,0.4278,0.027719999999999998,1.1900000000000001e-05,0.4556,0.0819,0.02758,0.0002585,0.10969999999999999,0.5622,0.5143,0.001563,1.078,0.0,0.0,0.0,0.0,0.0,0.0,0.0,0.0,0.0,0.0,0.0,0.0,0.0,0.0,0.0,0.0,unvectored,none,2,2026-07-26T16:23:39+00:00
intmul_24_24_48_3_20nm_TT_0V9_25C_400MHz,intmul,a_width=24;b_width=24;out_width=48;pipeline_stages=3,20nm,TT,0.9,25.0,2.5,400.0,24,24,48,3,V-2023.12-SP4,2374,2203,171,1885.69919,1524.547192,361.151998,0.07203032855939343,0.19152153212729545,2.26,0.0,0.0,0,V-2023.12-SP4,2400,2229,171,1915.06,1553.69,361.36,2656.0512,0.721,0.07125,0.1886938268252692,2.21,0.08,0.0,0,V-2023.12-SP3,V-2023.12-SP4,1.511,0.8968999999999999,0.001895,2.4099999999999997,2.4078999999999997,6.019749999999999,0.4282,0.027719999999999998,1.1900000000000001e-05,0.456,0.2188,0.06470999999999999,0.0003053,0.2838,0.8642,0.8045,0.001578,1.6700000000000002,0.0,0.0,0.0,0.0,0.0,0.0,0.0,0.0,0.0,0.0,0.0,0.0,0.0,0.0,0.0,0.0,vectored,random,2,2026-07-26T16:23:47+00:00
intmul_32_32_64_2_20nm_TT_0V9_25C_363p636MHz,intmul,a_width=32;b_width=32;out_width=64;pipeline_stages=2,20nm,TT,0.9,25.0,2.75,363.6363636363636,32,32,64,2,V-2023.12-SP4,3387,3257,130,2420.668787,2145.052788,275.615999,0.038382049010924124,0.11385944267971428,2.51,0.0,0.0,0,V-2023.12-SP4,3326,3196,130,2433.13,2157.72,275.4,3430.416,0.7093,0.039085989176187615,0.11318754032871238,2.44,0.07,0.0,0,V-2023.12-SP3,V-2023.12-SP4,1.008,0.7605999999999999,0.002308,1.771,1.7686,4.86365,0.28640000000000004,0.0148,2.613e-06,0.3012,0.06023,0.01618,0.00019749999999999998,0.07661,0.6617,0.7297,0.002108,1.393,0.0,0.0,0.0,0.0,0.0,0.0,0.0,0.0,0.0,0.0,0.0,0.0,0.0,0.0,0.0,0.0,unvectored,none,2,2026-07-26T16:24:14+00:00
intmul_48_48_96_2_5nm_TT_0V7_25C_800MHz,intmul,a_width=48;b_width=48;out_width=96;pipeline_stages=2,5nm,TT,0.7,25.0,1.25,800.0,48,48,96,2,V-2023.12-SP4,6208,6014,194,392.741996,360.133196,32.6088,0.03125,0.08302855394155506,1.03,0.0,0.0,0,V-2023.12-SP4,6154,5960,194,390.31,357.55,32.76,556.248,0.7017,0.031524211894702635,0.08393328380005637,1.02,0.08,0.0,0,V-2023.12-SP3,V-2023.12-SP4,1.9819999999999998,2.2009999999999996,0.0027140000000000003,4.186,4.183,5.22875,0.4362,0.09769,2.8040000000000003e-05,0.5339,0.09162,0.045630000000000004,0.0003545,0.1376,1.4549999999999998,2.057,0.0023309999999999997,3.5140000000000002,0.0,0.0,0.0,0.0,0.0,0.0,0.0,0.0,0.0,0.0,0.0,0.0,0.0,0.0,0.0,0.0,unvectored,none,2,2026-07-26T16:24:20+00:00
intmul_32_32_64_2_20nm_TT_0V9_25C_363p636MHz,intmul,a_width=32;b_width=32;out_width=64;pipeline_stages=2,20nm,TT,0.9,25.0,2.75,363.6363636363636,32,32,64,2,V-2023.12-SP4,3387,3257,130,2420.668787,2145.052788,275.615999,0.038382049010924124,0.11385944267971428,2.51,0.0,0.0,0,V-2023.12-SP4,3326,3196,130,2433.13,2157.72,275.4,3430.416,0.7093,0.039085989176187615,0.11318754032871238,2.44,0.07,0.0,0,V-2023.12-SP3,V-2023.12-SP4,1.8550000000000002,1.554,0.002356,3.411,3.4090000000000003,9.37475,0.28669999999999995,0.0148,2.613e-06,0.3015,0.1951,0.03875,0.0002351,0.2341,1.373,1.501,0.002118,2.876,0.0,0.0,0.0,0.0,0.0,0.0,0.0,0.0,0.0,0.0,0.0,0.0,0.0,0.0,0.0,0.0,vectored,random,2,2026-07-26T16:24:21+00:00
intmul_48_48_96_2_5nm_TT_0V7_25C_800MHz,intmul,a_width=48;b_width=48;out_width=96;pipeline_stages=2,5nm,TT,0.7,25.0,1.25,800.0,48,48,96,2,V-2023.12-SP4,6208,6014,194,392.741996,360.133196,32.6088,0.03125,0.08302855394155506,1.03,0.0,0.0,0,V-2023.12-SP4,6154,5960,194,390.31,357.55,32.76,556.248,0.7017,0.031524211894702635,0.08393328380005637,1.02,0.08,0.0,0,V-2023.12-SP3,V-2023.12-SP4,4.042,4.734999999999999,0.002697,8.78,8.777,10.97125,0.43839999999999996,0.09769,2.805e-05,0.5361,0.3364,0.1108,0.00032389999999999996,0.44739999999999996,3.2680000000000002,4.527,0.002345,7.797,0.0,0.0,0.0,0.0,0.0,0.0,0.0,0.0,0.0,0.0,0.0,0.0,0.0,0.0,0.0,0.0,vectored,random,2,2026-07-26T16:24:28+00:00
intmul_24_24_48_5_10nm_TT_0V8_25C_1000MHz,intmul,a_width=24;b_width=24;out_width=48;pipeline_stages=5,10nm,TT,0.8,25.0,1.0,1000.0,24,24,48,5,V-2023.12-SP4,3044,2727,317,721.244177,526.479368,194.764809,0.10413929040735874,0.27004004359538836,0.76,0.02,0.0,0,V-2023.12-SP4,3021,2704,317,726.62,531.86,194.76,1022.4538,0.7107,0.10493214167494207,0.2680355619168203,0.77,0.07,0.0,0,V-2023.12-SP3,V-2023.12-SP4,2.421,1.177,0.001903,3.6,3.598,3.598,1.393,0.2437,9.531e-05,1.637,0.2202,0.08849,0.0004636,0.3092,0.8076,0.8449,0.001344,1.6540000000000001,0.0,0.0,0.0,0.0,0.0,0.0,0.0,0.0,0.0,0.0,0.0,0.0,0.0,0.0,0.0,0.0,unvectored,none,2,2026-07-26T16:24:31+00:00
intmul_24_24_48_5_10nm_TT_0V8_25C_1000MHz,intmul,a_width=24;b_width=24;out_width=48;pipeline_stages=5,10nm,TT,0.8,25.0,1.0,1000.0,24,24,48,5,V-2023.12-SP4,3044,2727,317,721.244177,526.479368,194.764809,0.10413929040735874,0.27004004359538836,0.76,0.02,0.0,0,V-2023.12-SP4,3021,2704,317,726.62,531.86,194.76,1022.4538,0.7107,0.10493214167494207,0.2680355619168203,0.77,0.07,0.0,0,V-2023.12-SP3,V-2023.12-SP4,3.523,2.056,0.00195,5.582,5.579000000000001,5.579000000000001,1.392,0.2437,9.53e-05,1.6360000000000001,0.5829,0.2097,0.0004948,0.7931,1.5479999999999998,1.603,0.001359,3.153,0.0,0.0,0.0,0.0,0.0,0.0,0.0,0.0,0.0,0.0,0.0,0.0,0.0,0.0,0.0,0.0,vectored,random,2,2026-07-26T16:24:37+00:00
intmul_12_12_24_5_7nm_TT_0V75_25C_1000MHz,intmul,a_width=12;b_width=12;out_width=24;pipeline_stages=5,7nm,TT,0.75,25.0,1.0,1000.0,12,12,24,5,V-2023.12-SP4,784,621,163,112.702465,60.125183,52.577282,0.20790816326530612,0.46651403764771243,0.74,0.04,0.0,0,V-2023.12-SP4,788,625,163,113.35,60.77,52.58,159.6672,0.7099,0.2068527918781726,0.4638729598588443,0.5,0.37,0.0,0,V-2023.12-SP3,V-2023.12-SP4,0.7022,0.25129999999999997,0.0006222,0.9541000000000001,0.9535,0.9535,0.49910000000000004,0.09312000000000001,6.642e-06,0.5922,0.08597,0.031439999999999996,0.0004129,0.1178,0.1171,0.12669999999999998,0.00020270000000000002,0.244,0.0,0.0,0.0,0.0,0.0,0.0,0.0,0.0,0.0,0.0,0.0,0.0,0.0,0.0,0.0,0.0,unvectored,none,2,2026-07-26T16:25:00+00:00
intmul_12_12_24_5_7nm_TT_0V75_25C_1000MHz,intmul,a_width=12;b_width=12;out_width=24;pipeline_stages=5,7nm,TT,0.75,25.0,1.0,1000.0,12,12,24,5,V-2023.12-SP4,784,621,163,112.702465,60.125183,52.577282,0.20790816326530612,0.46651403764771243,0.74,0.04,0.0,0,V-2023.12-SP4,788,625,163,113.35,60.77,52.58,159.6672,0.7099,0.2068527918781726,0.4638729598588443,0.5,0.37,0.0,0,V-2023.12-SP3,V-2023.12-SP4,0.9430000000000001,0.39599999999999996,0.0006929,1.34,1.339,1.339,0.4989,0.09312000000000001,6.642e-06,0.5921000000000001,0.1993,0.07005,0.00047700000000000005,0.26990000000000003,0.24469999999999997,0.2328,0.0002092,0.4778,0.0,0.0,0.0,0.0,0.0,0.0,0.0,0.0,0.0,0.0,0.0,0.0,0.0,0.0,0.0,0.0,vectored,random,2,2026-07-26T16:25:08+00:00
intmul_32_32_64_2_10nm_TT_0V8_25C_800MHz,intmul,a_width=32;b_width=32;out_width=64;pipeline_stages=2,10nm,TT,0.8,25.0,1.25,800.0,32,32,64,2,V-2023.12-SP4,3382,3252,130,704.409613,624.414729,79.994884,0.0384387936132466,0.11356302146319516,1.03,0.0,0.0,0,V-2023.12-SP4,3275,3145,130,699.92,619.99,79.93,997.5398,0.7017,0.03969465648854962,0.11419876557320838,0.99,0.05,0.0,0,V-2023.12-SP3,V-2023.12-SP4,1.5050000000000001,1.2349999999999999,0.001778,2.741,2.74,3.4250000000000003,0.5367,0.04584,7.065e-05,0.5826,0.08111,0.02589,0.0001938,0.1072,0.8874,1.163,0.001513,2.052,0.0,0.0,0.0,0.0,0.0,0.0,0.0,0.0,0.0,0.0,0.0,0.0,0.0,0.0,0.0,0.0,unvectored,none,2,2026-07-26T16:25:14+00:00
intmul_32_32_64_3_20nm_TT_0V9_25C_400MHz,intmul,a_width=32;b_width=32;out_width=64;pipeline_stages=3,20nm,TT,0.9,25.0,2.5,400.0,32,32,64,3,V-2023.12-SP4,3815,3588,227,2899.564784,2419.929587,479.635197,0.059501965923984275,0.16541627200283998,2.26,0.0,0.0,0,V-2023.12-SP4,3859,3632,227,2967.36,2487.94,479.42,4114.176,0.7213,0.058823529411764705,0.16156448829936373,2.16,0.09,0.0,0,V-2023.12-SP3,V-2023.12-SP4,1.562,0.9579,0.054400000000000004,2.574,2.5199,6.2997499999999995,0.5829,0.06333000000000001,0.051570000000000005,0.6978000000000001,0.1093,0.03126,0.0003429,0.1409,0.8698,0.8634,0.002491,1.736,0.0,0.0,0.0,0.0,0.0,0.0,0.0,0.0,0.0,0.0,0.0,0.0,0.0,0.0,0.0,0.0,unvectored,none,2,2026-07-26T16:25:20+00:00
intmul_32_32_64_2_10nm_TT_0V8_25C_800MHz,intmul,a_width=32;b_width=32;out_width=64;pipeline_stages=2,10nm,TT,0.8,25.0,1.25,800.0,32,32,64,2,V-2023.12-SP4,3382,3252,130,704.409613,624.414729,79.994884,0.0384387936132466,0.11356302146319516,1.03,0.0,0.0,0,V-2023.12-SP4,3275,3145,130,699.92,619.99,79.93,997.5398,0.7017,0.03969465648854962,0.11419876557320838,0.99,0.05,0.0,0,V-2023.12-SP3,V-2023.12-SP4,2.689,2.534,0.001799,5.225,5.223,6.52875,0.5364,0.04584,7.065e-05,0.5823,0.2722,0.06244,0.0002074,0.3348,1.88,2.426,0.001521,4.308,0.0,0.0,0.0,0.0,0.0,0.0,0.0,0.0,0.0,0.0,0.0,0.0,0.0,0.0,0.0,0.0,vectored,random,2,2026-07-26T16:25:22+00:00
intmul_32_32_64_3_20nm_TT_0V9_25C_400MHz,intmul,a_width=32;b_width=32;out_width=64;pipeline_stages=3,20nm,TT,0.9,25.0,2.5,400.0,32,32,64,3,V-2023.12-SP4,3815,3588,227,2899.564784,2419.929587,479.635197,0.059501965923984275,0.16541627200283998,2.26,0.0,0.0,0,V-2023.12-SP4,3859,3632,227,2967.36,2487.94,479.42,4114.176,0.7213,0.058823529411764705,0.16156448829936373,2.16,0.09,0.0,0,V-2023.12-SP3,V-2023.12-SP4,2.3249999999999997,1.581,0.05448,3.9610000000000003,3.9059999999999997,9.764999999999999,0.5836,0.06333000000000001,0.051570000000000005,0.6985,0.30650000000000005,0.07353,0.00040699999999999997,0.38039999999999996,1.435,1.444,0.002509,2.882,0.0,0.0,0.0,0.0,0.0,0.0,0.0,0.0,0.0,0.0,0.0,0.0,0.0,0.0,0.0,0.0,vectored,random,2,2026-07-26T16:25:28+00:00
intmul_16_16_32_5_16nm_TT_0V85_25C_666p667MHz,intmul,a_width=16;b_width=16;out_width=32;pipeline_stages=5,16nm,TT,0.85,25.0,1.5,666.6666666666666,16,16,32,5,V-2023.12-SP4,1637,1423,214,770.383897,504.133645,266.250252,0.13072693952351863,0.34560723950334593,1.27,0.0,0.0,0,V-2023.12-SP4,1634,1420,214,783.26,509.55,273.72,1088.5778,0.7195,0.13096695226438188,0.3494625028726094,1.25,0.04,0.0,0,V-2023.12-SP3,V-2023.12-SP4,1.227,0.3365,0.1301,1.694,1.5635000000000001,2.34525,0.7721,0.009297,0.1285,0.9097999999999999,0.1396,0.03663,0.0009002999999999999,0.1771,0.3156,0.2906,0.0007157999999999999,0.6069,0.0,0.0,0.0,0.0,0.0,0.0,0.0,0.0,0.0,0.0,0.0,0.0,0.0,0.0,0.0,0.0,unvectored,none,2,2026-07-26T16:26:38+00:00
intmul_16_16_32_5_16nm_TT_0V85_25C_666p667MHz,intmul,a_width=16;b_width=16;out_width=32;pipeline_stages=5,16nm,TT,0.85,25.0,1.5,666.6666666666666,16,16,32,5,V-2023.12-SP4,1637,1423,214,770.383897,504.133645,266.250252,0.13072693952351863,0.34560723950334593,1.27,0.0,0.0,0,V-2023.12-SP4,1634,1420,214,783.26,509.55,273.72,1088.5778,0.7195,0.13096695226438188,0.3494625028726094,1.25,0.04,0.0,0,V-2023.12-SP3,V-2023.12-SP4,1.647,0.5836,0.12990000000000002,2.3609999999999998,2.2306,3.3459,0.7728,0.009297,0.1285,0.9106,0.3221,0.08446999999999999,0.0007613,0.4074,0.5519999999999999,0.48979999999999996,0.0007295,1.0430000000000001,0.0,0.0,0.0,0.0,0.0,0.0,0.0,0.0,0.0,0.0,0.0,0.0,0.0,0.0,0.0,0.0,vectored,random,2,2026-07-26T16:26:46+00:00
intmul_16_16_32_3_7nm_TT_0V75_25C_1000MHz,intmul,a_width=16;b_width=16;out_width=32;pipeline_stages=3,7nm,TT,0.75,25.0,1.0,1000.0,16,16,32,3,V-2023.12-SP4,1285,1170,115,152.32896,115.105535,37.223425,0.08949416342412451,0.24436210291201357,0.78,0.0,0.0,0,V-2023.12-SP4,1279,1164,115,151.81,114.59,37.22,215.1475,0.7056,0.08991399530883502,0.24517488966471246,0.55,0.24,0.0,0,V-2023.12-SP3,V-2023.12-SP4,0.6934,0.3945,0.0007523,1.089,1.0879,1.0879,0.3251,0.02603,2.31e-06,0.3511,0.06583,0.03631,0.00029130000000000003,0.10239999999999999,0.3025,0.3321,0.0004587,0.6351,0.0,0.0,0.0,0.0,0.0,0.0,0.0,0.0,0.0,0.0,0.0,0.0,0.0,0.0,0.0,0.0,unvectored,none,2,2026-07-26T16:26:58+00:00
intmul_32_32_64_2_10nm_TT_0V8_25C_444p444MHz,intmul,a_width=32;b_width=32;out_width=64;pipeline_stages=2,10nm,TT,0.8,25.0,2.25,444.44444444444446,32,32,64,2,V-2023.12-SP4,3040,2910,130,666.869774,586.997771,79.872004,0.04276315789473684,0.11977151629007556,2.03,0.0,0.0,0,V-2023.12-SP4,3051,2921,130,668.19,588.32,79.87,946.176,0.7062,0.04260898066207801,0.11953186967778626,1.65,0.4,0.0,0,V-2023.12-SP3,V-2023.12-SP4,0.7895000000000001,0.6746,0.02683,1.4909999999999999,1.4641000000000002,3.2942250000000004,0.2576,0.04573,3.5619999999999994e-05,0.3033,0.04465,0.01611,0.00019009999999999999,0.06096,0.4873,0.6128,0.0266,1.127,0.0,0.0,0.0,0.0,0.0,0.0,0.0,0.0,0.0,0.0,0.0,0.0,0.0,0.0,0.0,0.0,unvectored,none,2,2026-07-26T16:27:02+00:00
intmul_16_16_32_3_7nm_TT_0V75_25C_1000MHz,intmul,a_width=16;b_width=16;out_width=32;pipeline_stages=3,7nm,TT,0.75,25.0,1.0,1000.0,16,16,32,3,V-2023.12-SP4,1285,1170,115,152.32896,115.105535,37.223425,0.08949416342412451,0.24436210291201357,0.78,0.0,0.0,0,V-2023.12-SP4,1279,1164,115,151.81,114.59,37.22,215.1475,0.7056,0.08991399530883502,0.24517488966471246,0.55,0.24,0.0,0,V-2023.12-SP3,V-2023.12-SP4,1.093,0.7290000000000001,0.0008038,1.822,1.822,1.822,0.325,0.02603,2.31e-06,0.35100000000000003,0.1827,0.08205,0.0003375,0.2651,0.5848,0.6209,0.0004639,1.206,0.0,0.0,0.0,0.0,0.0,0.0,0.0,0.0,0.0,0.0,0.0,0.0,0.0,0.0,0.0,0.0,vectored,random,2,2026-07-26T16:27:05+00:00
intmul_32_32_64_2_10nm_TT_0V8_25C_444p444MHz,intmul,a_width=32;b_width=32;out_width=64;pipeline_stages=2,10nm,TT,0.8,25.0,2.25,444.44444444444446,32,32,64,2,V-2023.12-SP4,3040,2910,130,666.869774,586.997771,79.872004,0.04276315789473684,0.11977151629007556,2.03,0.0,0.0,0,V-2023.12-SP4,3051,2921,130,668.19,588.32,79.87,946.176,0.7062,0.04260898066207801,0.11953186967778626,1.65,0.4,0.0,0,V-2023.12-SP3,V-2023.12-SP4,1.494,1.397,0.02765,2.92,2.891,6.50475,0.2574,0.04573,3.5619999999999994e-05,0.3032,0.158,0.03904,0.0002044,0.1973,1.0790000000000002,1.313,0.02741,2.419,0.0,0.0,0.0,0.0,0.0,0.0,0.0,0.0,0.0,0.0,0.0,0.0,0.0,0.0,0.0,0.0,vectored,random,2,2026-07-26T16:27:10+00:00
intmul_24_24_48_3_16nm_TT_0V85_25C_571p429MHz,intmul,a_width=24;b_width=24;out_width=48;pipeline_stages=3,16nm,TT,0.85,25.0,1.75,571.4285714285714,24,24,48,3,V-2023.12-SP4,2458,2287,171,1116.882467,904.006681,212.875786,0.06956875508543531,0.19059819836888892,1.52,0.0,0.0,0,V-2023.12-SP4,2412,2241,171,1120.55,900.83,219.72,1583.8779,0.7075,0.0708955223880597,0.19608228102271208,1.48,0.14,0.0,0,V-2023.12-SP3,V-2023.12-SP4,1.26,0.7212,0.1025,2.083,1.9811999999999999,3.4671,0.5119,0.03973,0.06423,0.6158,0.1026,0.04226,0.0006805,0.14550000000000002,0.6453,0.6392,0.03758,1.322,0.0,0.0,0.0,0.0,0.0,0.0,0.0,0.0,0.0,0.0,0.0,0.0,0.0,0.0,0.0,0.0,unvectored,none,2,2026-07-26T16:27:24+00:00
intmul_24_24_48_3_16nm_TT_0V85_25C_571p429MHz,intmul,a_width=24;b_width=24;out_width=48;pipeline_stages=3,16nm,TT,0.85,25.0,1.75,571.4285714285714,24,24,48,3,V-2023.12-SP4,2458,2287,171,1116.882467,904.006681,212.875786,0.06956875508543531,0.19059819836888892,1.52,0.0,0.0,0,V-2023.12-SP4,2412,2241,171,1120.55,900.83,219.72,1583.8779,0.7075,0.0708955223880597,0.19608228102271208,1.48,0.14,0.0,0,V-2023.12-SP3,V-2023.12-SP4,1.977,1.295,0.1012,3.373,3.2720000000000002,5.726000000000001,0.5126,0.03973,0.06423,0.6164999999999999,0.2824,0.09963000000000001,0.0005855000000000001,0.3826,1.1820000000000002,1.155,0.036430000000000004,2.3739999999999997,0.0,0.0,0.0,0.0,0.0,0.0,0.0,0.0,0.0,0.0,0.0,0.0,0.0,0.0,0.0,0.0,vectored,random,2,2026-07-26T16:27:31+00:00
intmul_24_24_48_5_16nm_TT_0V85_25C_571p429MHz,intmul,a_width=24;b_width=24;out_width=48;pipeline_stages=5,16nm,TT,0.85,25.0,1.75,571.4285714285714,24,24,48,5,V-2023.12-SP4,2934,2616,318,1448.948783,1053.181469,395.767314,0.1083844580777096,0.27314099617833076,1.51,0.01,0.0,0,V-2023.12-SP4,2926,2608,318,1474.83,1065.62,409.2,2042.7863,0.722,0.10868079289131921,0.2774557067594231,1.48,0.14,0.0,0,V-2023.12-SP3,V-2023.12-SP4,1.7910000000000001,0.7738,0.03904,2.604,2.5648,4.4884,1.003,0.1471,6.411e-05,1.15,0.1828,0.060649999999999996,0.0012410000000000001,0.24459999999999998,0.6052,0.5661,0.03773,1.209,0.0,0.0,0.0,0.0,0.0,0.0,0.0,0.0,0.0,0.0,0.0,0.0,0.0,0.0,0.0,0.0,unvectored,none,2,2026-07-26T16:27:39+00:00
intmul_48_48_96_2_5nm_TT_0V7_25C_500MHz,intmul,a_width=48;b_width=48;out_width=96;pipeline_stages=2,5nm,TT,0.7,25.0,2.0,500.0,48,48,96,2,V-2023.12-SP4,5775,5581,194,382.871996,350.279996,32.592,0.03359307359307359,0.08512505573794955,1.78,0.0,0.0,0,V-2023.12-SP4,5914,5720,194,386.57,353.77,32.79,545.2692,0.7089,0.032803517078119716,0.08482292987039863,1.78,0.02,0.0,0,V-2023.12-SP3,V-2023.12-SP4,1.239,1.34,0.002707,2.5820000000000003,2.579,5.158,0.2797,0.06664999999999999,3.35e-05,0.34640000000000004,0.05657,0.02247,0.00035390000000000004,0.07939,0.9031,1.251,0.00232,2.156,0.0,0.0,0.0,0.0,0.0,0.0,0.0,0.0,0.0,0.0,0.0,0.0,0.0,0.0,0.0,0.0,unvectored,none,2,2026-07-26T16:27:39+00:00
intmul_32_32_64_5_20nm_TT_0V9_25C_400MHz,intmul,a_width=32;b_width=32;out_width=64;pipeline_stages=5,20nm,TT,0.9,25.0,2.5,400.0,32,32,64,5,V-2023.12-SP4,4731,4308,423,3604.23358,2710.435185,893.798395,0.08941027266962587,0.24798570213643034,2.26,0.0,0.0,0,V-2023.12-SP4,4766,4343,423,3685.44,2791.43,894.01,5103.3312,0.7222,0.08875367184221569,0.2425789050968134,2.19,0.23,0.0,0,V-2023.12-SP3,V-2023.12-SP4,2.276,1.0759999999999998,0.2612,3.613,3.3519999999999994,8.379999999999999,1.143,0.1202,0.2578,1.521,0.1963,0.06472,0.0006406999999999999,0.2616,0.9372,0.8906,0.0027949999999999997,1.831,0.0,0.0,0.0,0.0,0.0,0.0,0.0,0.0,0.0,0.0,0.0,0.0,0.0,0.0,0.0,0.0,unvectored,none,2,2026-07-26T16:27:42+00:00
intmul_24_24_48_5_16nm_TT_0V85_25C_571p429MHz,intmul,a_width=24;b_width=24;out_width=48;pipeline_stages=5,16nm,TT,0.85,25.0,1.75,571.4285714285714,24,24,48,5,V-2023.12-SP4,2934,2616,318,1448.948783,1053.181469,395.767314,0.1083844580777096,0.27314099617833076,1.51,0.01,0.0,0,V-2023.12-SP4,2926,2608,318,1474.83,1065.62,409.2,2042.7863,0.722,0.10868079289131921,0.2774557067594231,1.48,0.14,0.0,0,V-2023.12-SP3,V-2023.12-SP4,2.545,1.28,0.03773,3.862,3.825,6.6937500000000005,1.004,0.1471,6.411e-05,1.1509999999999998,0.4576,0.1445,0.0010780000000000002,0.6032000000000001,1.083,0.9879000000000001,0.03659,2.108,0.0,0.0,0.0,0.0,0.0,0.0,0.0,0.0,0.0,0.0,0.0,0.0,0.0,0.0,0.0,0.0,vectored,random,2,2026-07-26T16:27:46+00:00
intmul_48_48_96_2_5nm_TT_0V7_25C_500MHz,intmul,a_width=48;b_width=48;out_width=96;pipeline_stages=2,5nm,TT,0.7,25.0,2.0,500.0,48,48,96,2,V-2023.12-SP4,5775,5581,194,382.871996,350.279996,32.592,0.03359307359307359,0.08512505573794955,1.78,0.0,0.0,0,V-2023.12-SP4,5914,5720,194,386.57,353.77,32.79,545.2692,0.7089,0.032803517078119716,0.08482292987039863,1.78,0.02,0.0,0,V-2023.12-SP3,V-2023.12-SP4,2.5799999999999996,2.943,0.002689,5.526,5.523,11.046,0.2811,0.06664999999999999,3.351e-05,0.3478,0.214,0.05423,0.00032389999999999996,0.2686,2.085,2.822,0.002332,4.91,0.0,0.0,0.0,0.0,0.0,0.0,0.0,0.0,0.0,0.0,0.0,0.0,0.0,0.0,0.0,0.0,vectored,random,2,2026-07-26T16:27:47+00:00
intmul_32_32_64_5_20nm_TT_0V9_25C_400MHz,intmul,a_width=32;b_width=32;out_width=64;pipeline_stages=5,20nm,TT,0.9,25.0,2.5,400.0,32,32,64,5,V-2023.12-SP4,4731,4308,423,3604.23358,2710.435185,893.798395,0.08941027266962587,0.24798570213643034,2.26,0.0,0.0,0,V-2023.12-SP4,4766,4343,423,3685.44,2791.43,894.01,5103.3312,0.7222,0.08875367184221569,0.2425789050968134,2.19,0.23,0.0,0,V-2023.12-SP3,V-2023.12-SP4,3.5309999999999997,1.981,0.26130000000000003,5.774,5.512,13.78,1.1440000000000001,0.1202,0.2578,1.522,0.5503,0.1538,0.0007596,0.7049,1.8370000000000002,1.707,0.0028339999999999997,3.5469999999999997,0.0,0.0,0.0,0.0,0.0,0.0,0.0,0.0,0.0,0.0,0.0,0.0,0.0,0.0,0.0,0.0,vectored,random,2,2026-07-26T16:27:49+00:00
intmul_48_48_96_3_5nm_TT_0V7_25C_800MHz,intmul,a_width=48;b_width=48;out_width=96;pipeline_stages=3,5nm,TT,0.7,25.0,1.25,800.0,48,48,96,3,V-2023.12-SP4,7118,6779,339,465.763196,408.794396,56.968799,0.047625737566732225,0.1223127964795226,1.03,0.0,0.0,0,V-2023.12-SP4,7047,6708,339,462.15,405.05,57.1,661.878,0.6982,0.04810557684120902,0.12355295899599698,1.01,0.09,0.0,0,V-2023.12-SP3,V-2023.12-SP4,2.5820000000000003,2.473,0.0033799999999999998,5.059,5.055,6.31875,0.7373,0.201,4.062e-05,0.9384,0.14980000000000002,0.05876,0.0006218,0.2092,1.6949999999999998,2.213,0.002718,3.9110000000000005,0.0,0.0,0.0,0.0,0.0,0.0,0.0,0.0,0.0,0.0,0.0,0.0,0.0,0.0,0.0,0.0,unvectored,none,2,2026-07-26T16:28:16+00:00
intmul_32_32_64_3_10nm_TT_0V8_25C_800MHz,intmul,a_width=32;b_width=32;out_width=64;pipeline_stages=3,10nm,TT,0.8,25.0,1.25,800.0,32,32,64,3,V-2023.12-SP4,3973,3746,227,864.061458,724.592652,139.468807,0.05713566574377045,0.16141074886365317,1.03,0.0,0.0,0,V-2023.12-SP4,3890,3663,227,862.74,723.27,139.47,1227.2333,0.703,0.0583547557840617,0.16165936435078934,1.0,0.08,0.0,0,V-2023.12-SP3,V-2023.12-SP4,1.9580000000000002,1.4809999999999999,0.002247,3.442,3.439,4.29875,0.7477999999999999,0.1733,5.412e-05,0.9211999999999999,0.1334,0.0383,0.0003321,0.1721,1.077,1.27,0.001861,2.3489999999999998,0.0,0.0,0.0,0.0,0.0,0.0,0.0,0.0,0.0,0.0,0.0,0.0,0.0,0.0,0.0,0.0,unvectored,none,2,2026-07-26T16:28:17+00:00
intmul_32_32_64_5_20nm_TT_0V9_25C_250MHz,intmul,a_width=32;b_width=32;out_width=64;pipeline_stages=5,20nm,TT,0.9,25.0,4.0,250.0,32,32,64,5,V-2023.12-SP4,4499,4076,423,3533.903981,2640.316786,893.587195,0.09402089353189598,0.25286119821148584,3.75,0.02,0.0,0,V-2023.12-SP4,4554,4131,423,3589.24,2694.6,894.64,4999.5264,0.7179,0.09288537549407115,0.24925610992856428,3.77,0.08,0.0,0,V-2023.12-SP3,V-2023.12-SP4,1.547,0.6058,0.0033770000000000002,2.156,2.1528,8.6112,0.8352,0.0276,2.264e-05,0.8628,0.12439999999999998,0.042910000000000004,0.0006418000000000001,0.16799999999999998,0.5871999999999999,0.5352,0.002713,1.125,0.0,0.0,0.0,0.0,0.0,0.0,0.0,0.0,0.0,0.0,0.0,0.0,0.0,0.0,0.0,0.0,unvectored,none,2,2026-07-26T16:28:18+00:00
intmul_16_16_32_5_7nm_TT_0V75_25C_1000MHz,intmul,a_width=16;b_width=16;out_width=32;pipeline_stages=5,7nm,TT,0.75,25.0,1.0,1000.0,16,16,32,5,V-2023.12-SP4,1572,1359,213,195.600385,126.895102,68.705283,0.13549618320610687,0.35125331169465746,0.78,0.0,0.0,0,V-2023.12-SP4,1589,1376,213,196.08,127.38,68.71,277.8209,0.7058,0.1340465701699182,0.3504181966544267,0.59,0.23,0.0,0,V-2023.12-SP3,V-2023.12-SP4,0.9842,0.45740000000000003,0.001051,1.443,1.4416,1.4416,0.6084,0.12769999999999998,7.651999999999999e-06,0.7361,0.1146,0.044879999999999996,0.0005417,0.1601,0.2611,0.2849,0.0005013999999999999,0.5465,0.0,0.0,0.0,0.0,0.0,0.0,0.0,0.0,0.0,0.0,0.0,0.0,0.0,0.0,0.0,0.0,unvectored,none,2,2026-07-26T16:28:20+00:00
intmul_48_48_96_3_5nm_TT_0V7_25C_800MHz,intmul,a_width=48;b_width=48;out_width=96;pipeline_stages=3,5nm,TT,0.7,25.0,1.25,800.0,48,48,96,3,V-2023.12-SP4,7118,6779,339,465.763196,408.794396,56.968799,0.047625737566732225,0.1223127964795226,1.03,0.0,0.0,0,V-2023.12-SP4,7047,6708,339,462.15,405.05,57.1,661.878,0.6982,0.04810557684120902,0.12355295899599698,1.01,0.09,0.0,0,V-2023.12-SP3,V-2023.12-SP4,4.652,4.8180000000000005,0.003339,9.473,9.47,11.8375,0.7411,0.201,4.066e-05,0.9422,0.5079,0.1431,0.0005647,0.6515,3.403,4.473999999999999,0.0027329999999999998,7.8790000000000004,0.0,0.0,0.0,0.0,0.0,0.0,0.0,0.0,0.0,0.0,0.0,0.0,0.0,0.0,0.0,0.0,vectored,random,2,2026-07-26T16:28:24+00:00
intmul_32_32_64_3_10nm_TT_0V8_25C_800MHz,intmul,a_width=32;b_width=32;out_width=64;pipeline_stages=3,10nm,TT,0.8,25.0,1.25,800.0,32,32,64,3,V-2023.12-SP4,3973,3746,227,864.061458,724.592652,139.468807,0.05713566574377045,0.16141074886365317,1.03,0.0,0.0,0,V-2023.12-SP4,3890,3663,227,862.74,723.27,139.47,1227.2333,0.703,0.0583547557840617,0.16165936435078934,1.0,0.08,0.0,0,V-2023.12-SP3,V-2023.12-SP4,3.2279999999999998,2.7520000000000002,0.0022819999999999997,5.982,5.98,7.4750000000000005,0.7474,0.1733,5.412e-05,0.9208000000000001,0.4063,0.09225000000000001,0.00035479999999999995,0.4989,2.074,2.487,0.0018729999999999999,4.563000000000001,0.0,0.0,0.0,0.0,0.0,0.0,0.0,0.0,0.0,0.0,0.0,0.0,0.0,0.0,0.0,0.0,vectored,random,2,2026-07-26T16:28:25+00:00
intmul_32_32_64_5_20nm_TT_0V9_25C_250MHz,intmul,a_width=32;b_width=32;out_width=64;pipeline_stages=5,20nm,TT,0.9,25.0,4.0,250.0,32,32,64,5,V-2023.12-SP4,4499,4076,423,3533.903981,2640.316786,893.587195,0.09402089353189598,0.25286119821148584,3.75,0.02,0.0,0,V-2023.12-SP4,4554,4131,423,3589.24,2694.6,894.64,4999.5264,0.7179,0.09288537549407115,0.24925610992856428,3.77,0.08,0.0,0,V-2023.12-SP3,V-2023.12-SP4,2.4650000000000003,1.238,0.003534,3.707,3.7030000000000003,14.812000000000001,0.8356,0.0276,2.264e-05,0.8632,0.36269999999999997,0.10189999999999999,0.0007601,0.4653,1.267,1.109,0.002751,2.378,0.0,0.0,0.0,0.0,0.0,0.0,0.0,0.0,0.0,0.0,0.0,0.0,0.0,0.0,0.0,0.0,vectored,random,2,2026-07-26T16:28:26+00:00
intmul_16_16_32_5_7nm_TT_0V75_25C_1000MHz,intmul,a_width=16;b_width=16;out_width=32;pipeline_stages=5,7nm,TT,0.75,25.0,1.0,1000.0,16,16,32,5,V-2023.12-SP4,1572,1359,213,195.600385,126.895102,68.705283,0.13549618320610687,0.35125331169465746,0.78,0.0,0.0,0,V-2023.12-SP4,1589,1376,213,196.08,127.38,68.71,277.8209,0.7058,0.1340465701699182,0.3504181966544267,0.59,0.23,0.0,0,V-2023.12-SP3,V-2023.12-SP4,1.468,0.8101999999999999,0.0011480000000000001,2.28,2.2782,2.2782,0.6082000000000001,0.12769999999999998,7.651e-06,0.7359,0.2908,0.1034,0.0006312,0.3948,0.5693,0.5791000000000001,0.0005088,1.149,0.0,0.0,0.0,0.0,0.0,0.0,0.0,0.0,0.0,0.0,0.0,0.0,0.0,0.0,0.0,0.0,vectored,random,2,2026-07-26T16:28:27+00:00
intmul_32_32_64_3_10nm_TT_0V8_25C_500MHz,intmul,a_width=32;b_width=32;out_width=64;pipeline_stages=3,10nm,TT,0.8,25.0,2.0,500.0,32,32,64,3,V-2023.12-SP4,3635,3408,227,834.385938,694.917132,139.468807,0.0624484181568088,0.1671514351431939,1.78,0.0,0.0,0,V-2023.12-SP4,3646,3419,227,840.5,701.03,139.47,1178.3885,0.7133,0.062260010970927045,0.16593694229625222,1.52,0.36,0.0,0,V-2023.12-SP3,V-2023.12-SP4,1.224,0.8849,0.02709,2.1359999999999997,2.1089,4.2178,0.47550000000000003,0.1056,5.453e-05,0.5812,0.08327,0.02803,0.0003322,0.1116,0.6654,0.7513,0.02671,1.443,0.0,0.0,0.0,0.0,0.0,0.0,0.0,0.0,0.0,0.0,0.0,0.0,0.0,0.0,0.0,0.0,unvectored,none,2,2026-07-26T16:29:08+00:00
intmul_32_32_64_3_10nm_TT_0V8_25C_500MHz,intmul,a_width=32;b_width=32;out_width=64;pipeline_stages=3,10nm,TT,0.8,25.0,2.0,500.0,32,32,64,3,V-2023.12-SP4,3635,3408,227,834.385938,694.917132,139.468807,0.0624484181568088,0.1671514351431939,1.78,0.0,0.0,0,V-2023.12-SP4,3646,3419,227,840.5,701.03,139.47,1178.3885,0.7133,0.062260010970927045,0.16593694229625222,1.52,0.36,0.0,0,V-2023.12-SP3,V-2023.12-SP4,2.059,1.676,0.02728,3.762,3.7350000000000003,7.470000000000001,0.4753,0.1056,5.4539999999999996e-05,0.5810000000000001,0.26289999999999997,0.06778,0.0003565,0.331,1.321,1.503,0.026869999999999998,2.85,0.0,0.0,0.0,0.0,0.0,0.0,0.0,0.0,0.0,0.0,0.0,0.0,0.0,0.0,0.0,0.0,vectored,random,2,2026-07-26T16:29:15+00:00
intmul_48_48_96_3_5nm_TT_0V7_25C_500MHz,intmul,a_width=48;b_width=48;out_width=96;pipeline_stages=3,5nm,TT,0.7,25.0,2.0,500.0,48,48,96,3,V-2023.12-SP4,6711,6372,339,455.363996,398.411997,56.951999,0.050514081358962896,0.12506917433147263,1.78,0.0,0.0,0,V-2023.12-SP4,6740,6401,339,456.0,398.88,57.12,646.884,0.7049,0.050296735905044514,0.12526315789473683,1.8,0.08,0.0,0,V-2023.12-SP3,V-2023.12-SP4,1.63,1.494,0.003346,3.1270000000000002,3.1239999999999997,6.247999999999999,0.48410000000000003,0.112,5.279e-05,0.5962,0.093,0.034409999999999996,0.0006217,0.128,1.053,1.3470000000000002,0.0026709999999999998,2.403,0.0,0.0,0.0,0.0,0.0,0.0,0.0,0.0,0.0,0.0,0.0,0.0,0.0,0.0,0.0,0.0,unvectored,none,2,2026-07-26T16:29:45+00:00
intmul_48_48_96_3_5nm_TT_0V7_25C_500MHz,intmul,a_width=48;b_width=48;out_width=96;pipeline_stages=3,5nm,TT,0.7,25.0,2.0,500.0,48,48,96,3,V-2023.12-SP4,6711,6372,339,455.363996,398.411997,56.951999,0.050514081358962896,0.12506917433147263,1.78,0.0,0.0,0,V-2023.12-SP4,6740,6401,339,456.0,398.88,57.12,646.884,0.7049,0.050296735905044514,0.12526315789473683,1.8,0.08,0.0,0,V-2023.12-SP3,V-2023.12-SP4,2.957,2.924,0.0033060000000000003,5.884,5.881,11.762,0.4865,0.112,5.279e-05,0.5986,0.322,0.08302999999999999,0.0005662,0.4056,2.148,2.729,0.0026869999999999997,4.88,0.0,0.0,0.0,0.0,0.0,0.0,0.0,0.0,0.0,0.0,0.0,0.0,0.0,0.0,0.0,0.0,vectored,random,2,2026-07-26T16:29:54+00:00
intmul_48_48_96_2_20nm_TT_0V9_25C_333p333MHz,intmul,a_width=48;b_width=48;out_width=96;pipeline_stages=2,20nm,TT,0.9,25.0,3.0,333.3333333333333,48,48,96,2,V-2023.12-SP4,6223,6029,194,4928.668773,4516.406376,412.262398,0.031174674594247147,0.08364579098080933,2.76,0.0,0.0,0,V-2023.12-SP4,6654,6460,194,5149.27,4735.74,413.53,6973.824,0.7384,0.029155395250976854,0.08030847090946872,2.67,0.09,0.0,0,V-2023.12-SP3,V-2023.12-SP4,1.918,1.6280000000000001,0.056530000000000004,3.6029999999999998,3.5460000000000003,10.638000000000002,0.4278,0.034480000000000004,0.051570000000000005,0.5138,0.08421,0.02786,0.00029989999999999997,0.1124,1.406,1.5659999999999998,0.004655,2.977,0.0,0.0,0.0,0.0,0.0,0.0,0.0,0.0,0.0,0.0,0.0,0.0,0.0,0.0,0.0,0.0,unvectored,none,2,2026-07-26T16:30:41+00:00
intmul_32_32_64_2_16nm_TT_0V85_25C_500MHz,intmul,a_width=32;b_width=32;out_width=64;pipeline_stages=2,16nm,TT,0.85,25.0,2.0,500.0,32,32,64,2,V-2023.12-SP4,3380,3250,130,1420.768553,1258.654498,162.114055,0.038461538461538464,0.11410307094543357,1.77,0.0,0.0,0,V-2023.12-SP4,3269,3139,130,1413.68,1249.82,163.86,2023.3774,0.6987,0.039767513000917715,0.11591024842963048,1.73,0.03,0.0,0,V-2023.12-SP3,V-2023.12-SP4,1.145,0.9058,0.06655,2.118,2.0508,4.1016,0.3404,0.018179999999999998,0.06423,0.42279999999999995,0.06906000000000001,0.01857,0.0006429000000000001,0.08826999999999999,0.7358,0.8691,0.001678,1.607,0.0,0.0,0.0,0.0,0.0,0.0,0.0,0.0,0.0,0.0,0.0,0.0,0.0,0.0,0.0,0.0,unvectored,none,2,2026-07-26T16:30:45+00:00
intmul_48_48_96_2_20nm_TT_0V9_25C_333p333MHz,intmul,a_width=48;b_width=48;out_width=96;pipeline_stages=2,20nm,TT,0.9,25.0,3.0,333.3333333333333,48,48,96,2,V-2023.12-SP4,6223,6029,194,4928.668773,4516.406376,412.262398,0.031174674594247147,0.08364579098080933,2.76,0.0,0.0,0,V-2023.12-SP4,6654,6460,194,5149.27,4735.74,413.53,6973.824,0.7384,0.029155395250976854,0.08030847090946872,2.67,0.09,0.0,0,V-2023.12-SP3,V-2023.12-SP4,3.411,3.16,0.0566,6.627,6.571,19.713,0.4282,0.034480000000000004,0.051570000000000005,0.5142,0.27090000000000003,0.0671,0.00035830000000000004,0.3383,2.712,3.058,0.004671,5.7749999999999995,0.0,0.0,0.0,0.0,0.0,0.0,0.0,0.0,0.0,0.0,0.0,0.0,0.0,0.0,0.0,0.0,vectored,random,2,2026-07-26T16:30:50+00:00
intmul_32_32_64_2_16nm_TT_0V85_25C_500MHz,intmul,a_width=32;b_width=32;out_width=64;pipeline_stages=2,16nm,TT,0.85,25.0,2.0,500.0,32,32,64,2,V-2023.12-SP4,3380,3250,130,1420.768553,1258.654498,162.114055,0.038461538461538464,0.11410307094543357,1.77,0.0,0.0,0,V-2023.12-SP4,3269,3139,130,1413.68,1249.82,163.86,2023.3774,0.6987,0.039767513000917715,0.11591024842963048,1.73,0.03,0.0,0,V-2023.12-SP3,V-2023.12-SP4,2.232,1.98,0.06644,4.279,4.212,8.424,0.3411,0.018179999999999998,0.06423,0.4235,0.2299,0.04473,0.0005268,0.2752,1.661,1.917,0.001687,3.58,0.0,0.0,0.0,0.0,0.0,0.0,0.0,0.0,0.0,0.0,0.0,0.0,0.0,0.0,0.0,0.0,vectored,random,2,2026-07-26T16:30:53+00:00
intmul_32_32_64_5_10nm_TT_0V8_25C_800MHz,intmul,a_width=32;b_width=32;out_width=64;pipeline_stages=5,10nm,TT,0.8,25.0,1.25,800.0,32,32,64,5,V-2023.12-SP4,4933,4510,423,1078.179864,818.288652,259.891212,0.08574903709710116,0.24104624903289792,1.03,0.0,0.0,0,V-2023.12-SP4,4854,4431,423,1080.15,820.25,259.89,1535.3856,0.7035,0.08714462299134734,0.24060547146229688,0.99,0.13,0.0,0,V-2023.12-SP3,V-2023.12-SP4,2.839,1.76,0.002858,4.602,4.599,5.74875,1.397,0.314,9.245999999999999e-05,1.711,0.24000000000000002,0.1081,0.0006192000000000001,0.3487,1.202,1.338,0.002147,2.542,0.0,0.0,0.0,0.0,0.0,0.0,0.0,0.0,0.0,0.0,0.0,0.0,0.0,0.0,0.0,0.0,unvectored,none,2,2026-07-26T16:31:07+00:00
intmul_32_32_64_5_10nm_TT_0V8_25C_800MHz,intmul,a_width=32;b_width=32;out_width=64;pipeline_stages=5,10nm,TT,0.8,25.0,1.25,800.0,32,32,64,5,V-2023.12-SP4,4933,4510,423,1078.179864,818.288652,259.891212,0.08574903709710116,0.24104624903289792,1.03,0.0,0.0,0,V-2023.12-SP4,4854,4431,423,1080.15,820.25,259.89,1535.3856,0.7035,0.08714462299134734,0.24060547146229688,0.99,0.13,0.0,0,V-2023.12-SP3,V-2023.12-SP4,4.587,3.264,0.00292,7.854,7.850999999999999,9.813749999999999,1.3960000000000001,0.314,9.244e-05,1.711,0.6966,0.2563,0.0006599,0.9535,2.494,2.6940000000000004,0.002168,5.19,0.0,0.0,0.0,0.0,0.0,0.0,0.0,0.0,0.0,0.0,0.0,0.0,0.0,0.0,0.0,0.0,vectored,random,2,2026-07-26T16:31:15+00:00
intmul_32_32_64_3_16nm_TT_0V85_25C_500MHz,intmul,a_width=32;b_width=32;out_width=64;pipeline_stages=3,16nm,TT,0.85,25.0,2.0,500.0,32,32,64,3,V-2023.12-SP4,3918,3691,227,1743.379253,1460.830505,282.548749,0.05793772332822869,0.1620695832612389,1.77,0.0,0.0,0,V-2023.12-SP4,3839,3612,227,1740.27,1455.11,285.16,2471.6483,0.7041,0.059129981766084916,0.16385963097680248,1.73,0.03,0.0,0,V-2023.12-SP3,V-2023.12-SP4,1.607,1.008,0.0674,2.6830000000000003,2.615,5.23,0.6019000000000001,0.044860000000000004,0.06423999999999999,0.7110000000000001,0.114,0.02801,0.001161,0.14320000000000002,0.8915000000000001,0.9351,0.001998,1.829,0.0,0.0,0.0,0.0,0.0,0.0,0.0,0.0,0.0,0.0,0.0,0.0,0.0,0.0,0.0,0.0,unvectored,none,2,2026-07-26T16:31:27+00:00
intmul_32_32_64_3_16nm_TT_0V85_25C_500MHz,intmul,a_width=32;b_width=32;out_width=64;pipeline_stages=3,16nm,TT,0.85,25.0,2.0,500.0,32,32,64,3,V-2023.12-SP4,3918,3691,227,1743.379253,1460.830505,282.548749,0.05793772332822869,0.1620695832612389,1.77,0.0,0.0,0,V-2023.12-SP4,3839,3612,227,1740.27,1455.11,285.16,2471.6483,0.7041,0.059129981766084916,0.16385963097680248,1.73,0.03,0.0,0,V-2023.12-SP3,V-2023.12-SP4,2.645,1.928,0.06721,4.64,4.573,9.146,0.6027,0.044860000000000004,0.06425,0.7118,0.3371,0.06723000000000001,0.0009446,0.4053,1.7049999999999998,1.8159999999999998,0.0020150000000000003,3.523,0.0,0.0,0.0,0.0,0.0,0.0,0.0,0.0,0.0,0.0,0.0,0.0,0.0,0.0,0.0,0.0,vectored,random,2,2026-07-26T16:31:35+00:00
intmul_24_24_48_2_7nm_TT_0V75_25C_1000MHz,intmul,a_width=24;b_width=24;out_width=48;pipeline_stages=2,7nm,TT,0.75,25.0,1.0,1000.0,24,24,48,2,V-2023.12-SP4,2206,2108,98,236.03328,204.228863,31.804417,0.044424297370806894,0.13474547741742182,0.78,0.0,0.0,0,V-2023.12-SP4,2110,2012,98,232.37,200.73,31.64,332.1078,0.6997,0.046445497630331754,0.1361621551835435,0.76,0.04,0.0,0,V-2023.12-SP3,V-2023.12-SP4,0.8865000000000001,0.8067000000000001,0.0722,1.7650000000000001,1.6932,1.6932,0.3248,0.08629,2.31e-05,0.4111,0.05969,0.02471,0.0002491,0.08465,0.502,0.6957000000000001,0.07193,1.27,0.0,0.0,0.0,0.0,0.0,0.0,0.0,0.0,0.0,0.0,0.0,0.0,0.0,0.0,0.0,0.0,unvectored,none,2,2026-07-26T16:31:43+00:00
intmul_24_24_48_2_7nm_TT_0V75_25C_1000MHz,intmul,a_width=24;b_width=24;out_width=48;pipeline_stages=2,7nm,TT,0.75,25.0,1.0,1000.0,24,24,48,2,V-2023.12-SP4,2206,2108,98,236.03328,204.228863,31.804417,0.044424297370806894,0.13474547741742182,0.78,0.0,0.0,0,V-2023.12-SP4,2110,2012,98,232.37,200.73,31.64,332.1078,0.6997,0.046445497630331754,0.1361621551835435,0.76,0.04,0.0,0,V-2023.12-SP3,V-2023.12-SP4,1.5330000000000001,1.488,0.1202,3.141,3.021,3.021,0.3247,0.08629,2.309e-05,0.41100000000000003,0.19560000000000002,0.05608,0.0002925,0.252,1.012,1.345,0.1199,2.478,0.0,0.0,0.0,0.0,0.0,0.0,0.0,0.0,0.0,0.0,0.0,0.0,0.0,0.0,0.0,0.0,vectored,random,2,2026-07-26T16:31:50+00:00
