flow_run_id,rtl_name,arch_params,node,corner,vdd_V,temperature_C,clock_period_ns,clock_freq_mhz,a_width,b_width,out_width,pipeline_stages,dc_version,syn_total_cells,syn_comb_cells,syn_seq_cells,syn_total_area_um2,syn_comb_area_um2,syn_seq_area_um2,syn_scr,syn_sar,syn_crit_path_ns,syn_wns_ns,syn_tns_ns,syn_violating_paths,icc2_version,pnr_total_cells,pnr_comb_cells,pnr_seq_cells,pnr_total_area_um2,pnr_comb_area_um2,pnr_seq_area_um2,pnr_core_area_um2,pnr_utilization,pnr_scr,pnr_sar,pnr_crit_path_ns,pnr_wns_ns,pnr_tns_ns,pnr_violating_paths,starrc_version,pt_version,internal_power_mW,switching_power_mW,leak_power_mW,total_power_mW,dyn_power_mW,dyn_energy_pJ,clock_network_internal_power_mW,clock_network_switching_power_mW,clock_network_leak_power_mW,clock_network_total_power_mW,register_internal_power_mW,register_switching_power_mW,register_leak_power_mW,register_total_power_mW,combinational_internal_power_mW,combinational_switching_power_mW,combinational_leak_power_mW,combinational_total_power_mW,sequential_internal_power_mW,sequential_switching_power_mW,sequential_leak_power_mW,sequential_total_power_mW,memory_internal_power_mW,memory_switching_power_mW,memory_leak_power_mW,memory_total_power_mW,io_pad_internal_power_mW,io_pad_switching_power_mW,io_pad_leak_power_mW,io_pad_total_power_mW,black_box_internal_power_mW,black_box_switching_power_mW,black_box_leak_power_mW,black_box_total_power_mW,power_activity_mode,stim_mode,collector_schema,collected_at
intadd_4_4_4_3_10nm_TT_0V8_25C_1333p33MHz,intadd,a_width=4;b_width=4;out_width=4;pipeline_stages=3,10nm,TT,0.8,25.0,0.75,1333.3333333333333,4,4,4,3,V-2023.12-SP4,44,25,19,15.882241,4.20864,11.673601,0.4318181818181818,0.7350096878645778,0.02,0.34,0.0,0,V-2023.12-SP4,44,25,19,15.88,4.21,11.67,21.7498,0.7302,0.4318181818181818,0.7348866498740554,0.2,0.34,0.0,0,V-2023.12-SP3,V-2023.12-SP4,0.11510000000000001,0.006471,4.114e-05,0.1216,0.12157100000000001,0.09117825000000002,0.0892,0.0,0.0,0.0892,0.01672,0.0024839999999999997,2.782e-05,0.01923,0.009182,0.003987,1.331e-05,0.013179999999999999,0.0,0.0,0.0,0.0,0.0,0.0,0.0,0.0,0.0,0.0,0.0,0.0,0.0,0.0,0.0,0.0,unvectored,none,2,2026-07-25T03:02:02+00:00
intadd_4_4_4_3_5nm_TT_0V7_25C_2000MHz,intadd,a_width=4;b_width=4;out_width=4;pipeline_stages=3,5nm,TT,0.7,25.0,0.5,2000.0,4,4,4,3,V-2023.12-SP4,44,25,19,4.494,1.302,3.192,0.4318181818181818,0.7102803738317758,0.14,0.14,0.0,0,V-2023.12-SP4,44,25,19,4.49,1.3,3.19,6.3,0.7133,0.4318181818181818,0.710467706013363,0.07,0.22,0.0,0,V-2023.12-SP3,V-2023.12-SP4,0.1205,0.008052,4.481e-05,0.12860000000000002,0.128552,0.064276,0.09179,0.0,0.0,0.09179,0.01838,0.0029340000000000004,3.502e-05,0.02135,0.01038,0.005118,9.788999999999999e-06,0.0155,0.0,0.0,0.0,0.0,0.0,0.0,0.0,0.0,0.0,0.0,0.0,0.0,0.0,0.0,0.0,0.0,unvectored,none,2,2026-07-25T03:02:03+00:00
intadd_4_4_4_2_16nm_TT_0V85_25C_1333p33MHz,intadd,a_width=4;b_width=4;out_width=4;pipeline_stages=2,16nm,TT,0.85,25.0,0.75,1333.3333333333333,4,4,4,2,V-2023.12-SP4,38,26,12,21.337345,6.407424,14.929921,0.3157894736842105,0.6997084688840154,0.43,0.08,0.0,0,V-2023.12-SP4,38,26,12,21.46,6.41,15.05,28.5535,0.7516,0.3157894736842105,0.701304753028891,0.21,0.31,0.0,0,V-2023.12-SP3,V-2023.12-SP4,0.1004,0.007467,7.277999999999999e-05,0.108,0.107867,0.08090025,0.07743,0.0,0.0,0.07743,0.01514,0.0018479999999999998,6.230999999999999e-05,0.017050000000000003,0.007866,0.00562,1.0460000000000001e-05,0.0135,0.0,0.0,0.0,0.0,0.0,0.0,0.0,0.0,0.0,0.0,0.0,0.0,0.0,0.0,0.0,0.0,unvectored,none,2,2026-07-25T03:02:03+00:00
intadd_4_4_4_2_20nm_TT_0V9_25C_666p667MHz,intadd,a_width=4;b_width=4;out_width=4;pipeline_stages=2,20nm,TT,0.9,25.0,1.5,666.6666666666666,4,4,4,2,V-2023.12-SP4,38,26,12,36.2208,10.8768,25.344,0.3157894736842105,0.6997084548104957,0.05,0.66,0.0,0,V-2023.12-SP4,38,26,12,36.22,10.88,25.34,45.6192,0.794,0.3157894736842105,0.699613473219216,0.6,0.66,0.0,0,V-2023.12-SP3,V-2023.12-SP4,0.06092,0.004013,3.072e-05,0.06497,0.064933,0.0973995,0.04728,0.0,0.0,0.04728,0.009034,0.0009716,1.8180000000000002e-05,0.010020000000000001,0.004606,0.0030410000000000003,1.253e-05,0.007659999999999999,0.0,0.0,0.0,0.0,0.0,0.0,0.0,0.0,0.0,0.0,0.0,0.0,0.0,0.0,0.0,0.0,unvectored,none,2,2026-07-25T03:02:03+00:00
intadd_4_4_4_3_16nm_TT_0V85_25C_1333p33MHz,intadd,a_width=4;b_width=4;out_width=4;pipeline_stages=3,16nm,TT,0.85,25.0,0.75,1333.3333333333333,4,4,4,3,V-2023.12-SP4,44,25,19,32.161537,8.522496,23.639041,0.4318181818181818,0.7350096794192391,0.32,0.2,0.0,0,V-2023.12-SP4,44,25,19,32.66,8.52,24.14,42.4259,0.7698,0.4318181818181818,0.7391304347826088,0.21,0.31,0.0,0,V-2023.12-SP3,V-2023.12-SP4,0.158,0.007762,0.0001005,0.1658,0.165762,0.1243215,0.12210000000000001,0.0,0.0,0.12210000000000001,0.02394,0.002926,8.69e-05,0.026959999999999998,0.01188,0.004835,1.361e-05,0.016730000000000002,0.0,0.0,0.0,0.0,0.0,0.0,0.0,0.0,0.0,0.0,0.0,0.0,0.0,0.0,0.0,0.0,unvectored,none,2,2026-07-25T03:02:03+00:00
intadd_4_4_4_2_20nm_TT_0V9_25C_1000MHz,intadd,a_width=4;b_width=4;out_width=4;pipeline_stages=2,20nm,TT,0.9,25.0,1.0,1000.0,4,4,4,2,V-2023.12-SP4,38,26,12,36.2208,10.8768,25.344,0.3157894736842105,0.6997084548104957,0.54,0.22,0.0,0,V-2023.12-SP4,38,26,12,36.22,10.88,25.34,45.6192,0.794,0.3157894736842105,0.699613473219216,0.35,0.41,0.0,0,V-2023.12-SP3,V-2023.12-SP4,0.09139,0.006019,3.072e-05,0.09744,0.097409,0.097409,0.07093,0.0,0.0,0.07093,0.013550000000000001,0.001457,1.8180000000000002e-05,0.01503,0.006909,0.004562,1.253e-05,0.01148,0.0,0.0,0.0,0.0,0.0,0.0,0.0,0.0,0.0,0.0,0.0,0.0,0.0,0.0,0.0,0.0,unvectored,none,2,2026-07-25T03:02:03+00:00
intadd_4_4_4_3_20nm_TT_0V9_25C_1333p33MHz,intadd,a_width=4;b_width=4;out_width=4;pipeline_stages=3,20nm,TT,0.9,25.0,0.75,1333.3333333333333,4,4,4,3,V-2023.12-SP4,44,25,19,54.5952,14.4672,40.128,0.4318181818181818,0.7350096711798839,0.47,0.05,0.0,0,V-2023.12-SP4,44,25,19,54.6,14.47,40.13,76.6656,0.7121,0.4318181818181818,0.734981684981685,0.23,0.28,0.0,0,V-2023.12-SP3,V-2023.12-SP4,0.1913,0.00886,4.4999999999999996e-05,0.2002,0.20016,0.15012,0.1495,0.0,0.0,0.1495,0.027549999999999998,0.003327,2.8760000000000002e-05,0.0309,0.01424,0.005533000000000001,1.6239999999999997e-05,0.01979,0.0,0.0,0.0,0.0,0.0,0.0,0.0,0.0,0.0,0.0,0.0,0.0,0.0,0.0,0.0,0.0,unvectored,none,2,2026-07-25T03:02:04+00:00
intadd_4_4_4_2_16nm_TT_0V85_25C_800MHz,intadd,a_width=4;b_width=4;out_width=4;pipeline_stages=2,16nm,TT,0.85,25.0,1.25,800.0,4,4,4,2,V-2023.12-SP4,38,26,12,21.337345,6.407424,14.929921,0.3157894736842105,0.6997084688840154,0.04,0.56,0.0,0,V-2023.12-SP4,38,26,12,21.46,6.41,15.05,28.5535,0.7516,0.3157894736842105,0.701304753028891,0.46,0.56,0.0,0,V-2023.12-SP3,V-2023.12-SP4,0.06026,0.0044800000000000005,7.277999999999999e-05,0.06480999999999999,0.06474,0.08092500000000001,0.04646,0.0,0.0,0.04646,0.009086,0.0011090000000000002,6.230999999999999e-05,0.01026,0.004719999999999999,0.003372,1.0460000000000001e-05,0.008102,0.0,0.0,0.0,0.0,0.0,0.0,0.0,0.0,0.0,0.0,0.0,0.0,0.0,0.0,0.0,0.0,unvectored,none,2,2026-07-25T03:02:04+00:00
intadd_4_4_4_2_5nm_TT_0V7_25C_1333p33MHz,intadd,a_width=4;b_width=4;out_width=4;pipeline_stages=2,5nm,TT,0.7,25.0,0.75,1333.3333333333333,4,4,4,2,V-2023.12-SP4,39,27,12,2.94,0.924,2.016,0.3076923076923077,0.6857142857142857,0.2,0.33,0.0,0,V-2023.12-SP4,39,27,12,2.94,0.92,2.02,4.032,0.7292,0.3076923076923077,0.6870748299319728,0.19,0.34,0.0,0,V-2023.12-SP3,V-2023.12-SP4,0.05155,0.0052569999999999995,2.89e-05,0.056839999999999995,0.056806999999999996,0.04260525,0.03882,0.0,0.0,0.03882,0.008042,0.001333,2.21e-05,0.009397,0.004694,0.003924,6.802e-06,0.008624999999999999,0.0,0.0,0.0,0.0,0.0,0.0,0.0,0.0,0.0,0.0,0.0,0.0,0.0,0.0,0.0,0.0,unvectored,none,2,2026-07-25T03:02:05+00:00
intadd_4_4_4_2_5nm_TT_0V7_25C_1000MHz,intadd,a_width=4;b_width=4;out_width=4;pipeline_stages=2,5nm,TT,0.7,25.0,1.0,1000.0,4,4,4,2,V-2023.12-SP4,39,27,12,2.94,0.924,2.016,0.3076923076923077,0.6857142857142857,0.02,0.47,0.0,0,V-2023.12-SP4,39,27,12,2.94,0.92,2.02,4.032,0.7292,0.3076923076923077,0.6870748299319728,0.32,0.47,0.0,0,V-2023.12-SP3,V-2023.12-SP4,0.03866,0.003959,2.89e-05,0.04265,0.042619,0.042619,0.02911,0.0,0.0,0.02911,0.006032,0.0010049999999999998,2.21e-05,0.007058999999999999,0.003519,0.002954,6.802e-06,0.00648,0.0,0.0,0.0,0.0,0.0,0.0,0.0,0.0,0.0,0.0,0.0,0.0,0.0,0.0,0.0,0.0,unvectored,none,2,2026-07-25T03:02:05+00:00
intadd_4_4_4_2_10nm_TT_0V8_25C_1333p33MHz,intadd,a_width=4;b_width=4;out_width=4;pipeline_stages=2,10nm,TT,0.8,25.0,0.75,1333.3333333333333,4,4,4,2,V-2023.12-SP4,38,26,12,10.53696,3.16416,7.3728,0.3157894736842105,0.6997084548104956,0.25,0.28,0.0,0,V-2023.12-SP4,38,26,12,10.54,3.16,7.37,14.7456,0.7146,0.3157894736842105,0.6992409867172676,0.2,0.34,0.0,0,V-2023.12-SP3,V-2023.12-SP4,0.07368,0.006025,2.7400000000000002e-05,0.07973,0.079705,0.05977875,0.05668,0.0,0.0,0.05668,0.01096,0.0014860000000000001,1.7579999999999998e-05,0.012469999999999998,0.00603,0.0045390000000000005,9.822999999999999e-06,0.01058,0.0,0.0,0.0,0.0,0.0,0.0,0.0,0.0,0.0,0.0,0.0,0.0,0.0,0.0,0.0,0.0,unvectored,none,2,2026-07-25T03:02:05+00:00
intadd_4_4_4_2_10nm_TT_0V8_25C_1000MHz,intadd,a_width=4;b_width=4;out_width=4;pipeline_stages=2,10nm,TT,0.8,25.0,1.0,1000.0,4,4,4,2,V-2023.12-SP4,38,26,12,10.53696,3.16416,7.3728,0.3157894736842105,0.6997084548104956,0.02,0.46,0.0,0,V-2023.12-SP4,38,26,12,10.54,3.16,7.37,14.7456,0.7146,0.3157894736842105,0.6992409867172676,0.32,0.46,0.0,0,V-2023.12-SP3,V-2023.12-SP4,0.05525,0.004513,2.7400000000000002e-05,0.05979,0.059763,0.059763,0.0425,0.0,0.0,0.0425,0.008222,0.0011170000000000002,1.7579999999999998e-05,0.009356,0.004522,0.003396,9.822999999999999e-06,0.007928,0.0,0.0,0.0,0.0,0.0,0.0,0.0,0.0,0.0,0.0,0.0,0.0,0.0,0.0,0.0,0.0,unvectored,none,2,2026-07-25T03:02:05+00:00
intadd_4_4_4_3_7nm_TT_0V75_25C_2000MHz,intadd,a_width=4;b_width=4;out_width=4;pipeline_stages=3,7nm,TT,0.75,25.0,0.5,2000.0,4,4,4,3,V-2023.12-SP4,44,25,19,8.338176,2.209536,6.12864,0.4318181818181818,0.7350096711798839,0.15,0.13,0.0,0,V-2023.12-SP4,44,25,19,8.34,2.21,6.13,11.1122,0.7504,0.4318181818181818,0.7350119904076738,0.07,0.22,0.0,0,V-2023.12-SP3,V-2023.12-SP4,0.1358,0.00797,5.9109999999999995e-05,0.1439,0.14377,0.071885,0.1056,0.0,0.0,0.1056,0.0198,0.002948,4.856e-05,0.022799999999999997,0.01042,0.005022,1.055e-05,0.01545,0.0,0.0,0.0,0.0,0.0,0.0,0.0,0.0,0.0,0.0,0.0,0.0,0.0,0.0,0.0,0.0,unvectored,none,2,2026-07-25T03:02:07+00:00
intadd_4_4_4_2_7nm_TT_0V75_25C_1333p33MHz,intadd,a_width=4;b_width=4;out_width=4;pipeline_stages=2,7nm,TT,0.75,25.0,0.75,1333.3333333333333,4,4,4,2,V-2023.12-SP4,34,22,12,5.56416,1.69344,3.87072,0.35294117647058826,0.6956521739130435,0.19,0.34,0.0,0,V-2023.12-SP4,34,22,12,5.56,1.69,3.87,7.806,0.7128,0.35294117647058826,0.696043165467626,0.19,0.34,0.0,0,V-2023.12-SP3,V-2023.12-SP4,0.05824,0.004719,3.782e-05,0.06299,0.062959,0.047219250000000004,0.04457,0.0,0.0,0.04457,0.008620999999999998,0.001408,3.065e-05,0.01006,0.005045,0.003311,7.17e-06,0.008362999999999999,0.0,0.0,0.0,0.0,0.0,0.0,0.0,0.0,0.0,0.0,0.0,0.0,0.0,0.0,0.0,0.0,unvectored,none,2,2026-07-25T03:02:08+00:00
intadd_4_4_4_2_7nm_TT_0V75_25C_1000MHz,intadd,a_width=4;b_width=4;out_width=4;pipeline_stages=2,7nm,TT,0.75,25.0,1.0,1000.0,4,4,4,2,V-2023.12-SP4,34,22,12,5.56416,1.69344,3.87072,0.35294117647058826,0.6956521739130435,0.02,0.46,0.0,0,V-2023.12-SP4,34,22,12,5.56,1.69,3.87,7.806,0.7128,0.35294117647058826,0.696043165467626,0.32,0.46,0.0,0,V-2023.12-SP3,V-2023.12-SP4,0.043680000000000004,0.003539,3.782e-05,0.04725,0.047219000000000004,0.047219000000000004,0.033429999999999994,0.0,0.0,0.033429999999999994,0.0064659999999999995,0.0010559999999999999,3.065e-05,0.007552,0.003783,0.0024830000000000004,7.17e-06,0.006274,0.0,0.0,0.0,0.0,0.0,0.0,0.0,0.0,0.0,0.0,0.0,0.0,0.0,0.0,0.0,0.0,unvectored,none,2,2026-07-25T03:02:08+00:00
intadd_4_4_4_3_10nm_TT_0V8_25C_1333p33MHz,intadd,a_width=4;b_width=4;out_width=4;pipeline_stages=3,10nm,TT,0.8,25.0,0.75,1333.3333333333333,4,4,4,3,V-2023.12-SP4,44,25,19,15.882241,4.20864,11.673601,0.4318181818181818,0.7350096878645778,0.02,0.34,0.0,0,V-2023.12-SP4,44,25,19,15.88,4.21,11.67,21.7498,0.7302,0.4318181818181818,0.7348866498740554,0.2,0.34,0.0,0,V-2023.12-SP3,V-2023.12-SP4,0.1391,0.01241,4.439e-05,0.1516,0.15151,0.1136325,0.08912,0.0,0.0,0.08912,0.03632,0.006123,2.994e-05,0.04248,0.01367,0.006287,1.445e-05,0.01997,0.0,0.0,0.0,0.0,0.0,0.0,0.0,0.0,0.0,0.0,0.0,0.0,0.0,0.0,0.0,0.0,vectored,random,2,2026-07-25T03:02:08+00:00
intadd_4_4_4_3_16nm_TT_0V85_25C_1333p33MHz,intadd,a_width=4;b_width=4;out_width=4;pipeline_stages=3,16nm,TT,0.85,25.0,0.75,1333.3333333333333,4,4,4,3,V-2023.12-SP4,44,25,19,32.161537,8.522496,23.639041,0.4318181818181818,0.7350096794192391,0.32,0.2,0.0,0,V-2023.12-SP4,44,25,19,32.66,8.52,24.14,42.4259,0.7698,0.4318181818181818,0.7391304347826088,0.21,0.31,0.0,0,V-2023.12-SP3,V-2023.12-SP4,0.1923,0.01452,8.92e-05,0.2069,0.20682,0.155115,0.1227,0.0,0.0,0.1227,0.052250000000000005,0.007221,7.374999999999999e-05,0.05954,0.01737,0.007301,1.544e-05,0.02468,0.0,0.0,0.0,0.0,0.0,0.0,0.0,0.0,0.0,0.0,0.0,0.0,0.0,0.0,0.0,0.0,vectored,random,2,2026-07-25T03:02:09+00:00
intadd_4_4_4_3_5nm_TT_0V7_25C_2000MHz,intadd,a_width=4;b_width=4;out_width=4;pipeline_stages=3,5nm,TT,0.7,25.0,0.5,2000.0,4,4,4,3,V-2023.12-SP4,44,25,19,4.494,1.302,3.192,0.4318181818181818,0.7102803738317758,0.14,0.14,0.0,0,V-2023.12-SP4,44,25,19,4.49,1.3,3.19,6.3,0.7133,0.4318181818181818,0.710467706013363,0.07,0.22,0.0,0,V-2023.12-SP3,V-2023.12-SP4,0.1459,0.01489,4.261e-05,0.16090000000000002,0.16079,0.080395,0.09234,0.0,0.0,0.09234,0.039119999999999995,0.00724,3.186e-05,0.04639,0.01448,0.00765,1.075e-05,0.02214,0.0,0.0,0.0,0.0,0.0,0.0,0.0,0.0,0.0,0.0,0.0,0.0,0.0,0.0,0.0,0.0,vectored,random,2,2026-07-25T03:02:09+00:00
intadd_4_4_4_2_20nm_TT_0V9_25C_666p667MHz,intadd,a_width=4;b_width=4;out_width=4;pipeline_stages=2,20nm,TT,0.9,25.0,1.5,666.6666666666666,4,4,4,2,V-2023.12-SP4,38,26,12,36.2208,10.8768,25.344,0.3157894736842105,0.6997084548104957,0.05,0.66,0.0,0,V-2023.12-SP4,38,26,12,36.22,10.88,25.34,45.6192,0.794,0.3157894736842105,0.699613473219216,0.6,0.66,0.0,0,V-2023.12-SP3,V-2023.12-SP4,0.07475,0.0076029999999999995,3.6190000000000004e-05,0.08239,0.082353,0.12352949999999999,0.04762,0.0,0.0,0.04762,0.01992,0.002418,2.185e-05,0.022359999999999998,0.007208,0.005185,1.434e-05,0.01241,0.0,0.0,0.0,0.0,0.0,0.0,0.0,0.0,0.0,0.0,0.0,0.0,0.0,0.0,0.0,0.0,vectored,random,2,2026-07-25T03:02:10+00:00
intadd_4_4_4_2_16nm_TT_0V85_25C_1333p33MHz,intadd,a_width=4;b_width=4;out_width=4;pipeline_stages=2,16nm,TT,0.85,25.0,0.75,1333.3333333333333,4,4,4,2,V-2023.12-SP4,38,26,12,21.337345,6.407424,14.929921,0.3157894736842105,0.6997084688840154,0.43,0.08,0.0,0,V-2023.12-SP4,38,26,12,21.46,6.41,15.05,28.5535,0.7516,0.3157894736842105,0.701304753028891,0.21,0.31,0.0,0,V-2023.12-SP3,V-2023.12-SP4,0.125,0.01502,6.296000000000001e-05,0.1401,0.14002,0.105015,0.07783000000000001,0.0,0.0,0.07783000000000001,0.03422,0.0046,5.104e-05,0.03887,0.01294,0.01042,1.192e-05,0.023370000000000002,0.0,0.0,0.0,0.0,0.0,0.0,0.0,0.0,0.0,0.0,0.0,0.0,0.0,0.0,0.0,0.0,vectored,random,2,2026-07-25T03:02:10+00:00
intadd_4_4_4_2_20nm_TT_0V9_25C_1000MHz,intadd,a_width=4;b_width=4;out_width=4;pipeline_stages=2,20nm,TT,0.9,25.0,1.0,1000.0,4,4,4,2,V-2023.12-SP4,38,26,12,36.2208,10.8768,25.344,0.3157894736842105,0.6997084548104957,0.54,0.22,0.0,0,V-2023.12-SP4,38,26,12,36.22,10.88,25.34,45.6192,0.794,0.3157894736842105,0.699613473219216,0.35,0.41,0.0,0,V-2023.12-SP3,V-2023.12-SP4,0.1121,0.011399999999999999,3.617e-05,0.1236,0.1235,0.1235,0.07143,0.0,0.0,0.07143,0.029879999999999997,0.003627,2.1839999999999998e-05,0.033519999999999994,0.01081,0.007778000000000001,1.434e-05,0.018600000000000002,0.0,0.0,0.0,0.0,0.0,0.0,0.0,0.0,0.0,0.0,0.0,0.0,0.0,0.0,0.0,0.0,vectored,random,2,2026-07-25T03:02:10+00:00
intadd_4_4_4_3_20nm_TT_0V9_25C_1333p33MHz,intadd,a_width=4;b_width=4;out_width=4;pipeline_stages=3,20nm,TT,0.9,25.0,0.75,1333.3333333333333,4,4,4,3,V-2023.12-SP4,44,25,19,54.5952,14.4672,40.128,0.4318181818181818,0.7350096711798839,0.47,0.05,0.0,0,V-2023.12-SP4,44,25,19,54.6,14.47,40.13,76.6656,0.7121,0.4318181818181818,0.734981684981685,0.23,0.28,0.0,0,V-2023.12-SP3,V-2023.12-SP4,0.23149999999999998,0.01665,5.311e-05,0.2482,0.24814999999999998,0.1861125,0.1505,0.0,0.0,0.1505,0.059840000000000004,0.008209999999999999,3.4569999999999996e-05,0.06808,0.021169999999999998,0.008440000000000001,1.854e-05,0.02962,0.0,0.0,0.0,0.0,0.0,0.0,0.0,0.0,0.0,0.0,0.0,0.0,0.0,0.0,0.0,0.0,vectored,random,2,2026-07-25T03:02:11+00:00
intadd_4_4_4_2_16nm_TT_0V85_25C_800MHz,intadd,a_width=4;b_width=4;out_width=4;pipeline_stages=2,16nm,TT,0.85,25.0,1.25,800.0,4,4,4,2,V-2023.12-SP4,38,26,12,21.337345,6.407424,14.929921,0.3157894736842105,0.6997084688840154,0.04,0.56,0.0,0,V-2023.12-SP4,38,26,12,21.46,6.41,15.05,28.5535,0.7516,0.3157894736842105,0.701304753028891,0.46,0.56,0.0,0,V-2023.12-SP3,V-2023.12-SP4,0.07499,0.009012,6.289e-05,0.08407,0.084002,0.1050025,0.0467,0.0,0.0,0.0467,0.020530000000000003,0.00276,5.097e-05,0.02334,0.007764000000000001,0.006252,1.192e-05,0.014029999999999999,0.0,0.0,0.0,0.0,0.0,0.0,0.0,0.0,0.0,0.0,0.0,0.0,0.0,0.0,0.0,0.0,vectored,random,2,2026-07-25T03:02:11+00:00
intadd_4_4_4_2_10nm_TT_0V8_25C_1000MHz,intadd,a_width=4;b_width=4;out_width=4;pipeline_stages=2,10nm,TT,0.8,25.0,1.0,1000.0,4,4,4,2,V-2023.12-SP4,38,26,12,10.53696,3.16416,7.3728,0.3157894736842105,0.6997084548104956,0.02,0.46,0.0,0,V-2023.12-SP4,38,26,12,10.54,3.16,7.37,14.7456,0.7146,0.3157894736842105,0.6992409867172676,0.32,0.46,0.0,0,V-2023.12-SP3,V-2023.12-SP4,0.06795,0.008893,2.978e-05,0.07687000000000001,0.076843,0.076843,0.04247,0.0,0.0,0.04247,0.018349999999999998,0.00278,1.893e-05,0.02115,0.0071319999999999995,0.0061129999999999995,1.085e-05,0.01325,0.0,0.0,0.0,0.0,0.0,0.0,0.0,0.0,0.0,0.0,0.0,0.0,0.0,0.0,0.0,0.0,vectored,random,2,2026-07-25T03:02:11+00:00
intadd_4_4_4_2_5nm_TT_0V7_25C_1333p33MHz,intadd,a_width=4;b_width=4;out_width=4;pipeline_stages=2,5nm,TT,0.7,25.0,0.75,1333.3333333333333,4,4,4,2,V-2023.12-SP4,39,27,12,2.94,0.924,2.016,0.3076923076923077,0.6857142857142857,0.2,0.33,0.0,0,V-2023.12-SP4,39,27,12,2.94,0.92,2.02,4.032,0.7292,0.3076923076923077,0.6870748299319728,0.19,0.34,0.0,0,V-2023.12-SP3,V-2023.12-SP4,0.06491,0.011080000000000001,2.773e-05,0.07603,0.07599,0.0569925,0.03905,0.0,0.0,0.03905,0.018070000000000003,0.0033179999999999998,2.01e-05,0.02141,0.0078,0.0077670000000000005,7.632e-06,0.015569999999999999,0.0,0.0,0.0,0.0,0.0,0.0,0.0,0.0,0.0,0.0,0.0,0.0,0.0,0.0,0.0,0.0,vectored,random,2,2026-07-25T03:02:12+00:00
intadd_4_4_4_2_5nm_TT_0V7_25C_1000MHz,intadd,a_width=4;b_width=4;out_width=4;pipeline_stages=2,5nm,TT,0.7,25.0,1.0,1000.0,4,4,4,2,V-2023.12-SP4,39,27,12,2.94,0.924,2.016,0.3076923076923077,0.6857142857142857,0.02,0.47,0.0,0,V-2023.12-SP4,39,27,12,2.94,0.92,2.02,4.032,0.7292,0.3076923076923077,0.6870748299319728,0.32,0.47,0.0,0,V-2023.12-SP3,V-2023.12-SP4,0.048690000000000004,0.008374,2.773e-05,0.057089999999999995,0.057064000000000004,0.057064000000000004,0.02928,0.0,0.0,0.02928,0.01354,0.002502,2.01e-05,0.016059999999999998,0.005868000000000001,0.005872,7.631e-06,0.01175,0.0,0.0,0.0,0.0,0.0,0.0,0.0,0.0,0.0,0.0,0.0,0.0,0.0,0.0,0.0,0.0,vectored,random,2,2026-07-25T03:02:12+00:00
intadd_4_4_4_2_10nm_TT_0V8_25C_1333p33MHz,intadd,a_width=4;b_width=4;out_width=4;pipeline_stages=2,10nm,TT,0.8,25.0,0.75,1333.3333333333333,4,4,4,2,V-2023.12-SP4,38,26,12,10.53696,3.16416,7.3728,0.3157894736842105,0.6997084548104956,0.25,0.28,0.0,0,V-2023.12-SP4,38,26,12,10.54,3.16,7.37,14.7456,0.7146,0.3157894736842105,0.6992409867172676,0.2,0.34,0.0,0,V-2023.12-SP3,V-2023.12-SP4,0.09061,0.01186,2.978e-05,0.1025,0.10246999999999999,0.07685249999999999,0.05664,0.0,0.0,0.05664,0.024470000000000002,0.003699,1.893e-05,0.02819,0.009509,0.008158,1.085e-05,0.01768,0.0,0.0,0.0,0.0,0.0,0.0,0.0,0.0,0.0,0.0,0.0,0.0,0.0,0.0,0.0,0.0,vectored,random,2,2026-07-25T03:02:12+00:00
intadd_4_4_4_2_7nm_TT_0V75_25C_1333p33MHz,intadd,a_width=4;b_width=4;out_width=4;pipeline_stages=2,7nm,TT,0.75,25.0,0.75,1333.3333333333333,4,4,4,2,V-2023.12-SP4,34,22,12,5.56416,1.69344,3.87072,0.35294117647058826,0.6956521739130435,0.19,0.34,0.0,0,V-2023.12-SP4,34,22,12,5.56,1.69,3.87,7.806,0.7128,0.35294117647058826,0.696043165467626,0.19,0.34,0.0,0,V-2023.12-SP3,V-2023.12-SP4,0.07143999999999999,0.009336,4.442e-05,0.08082,0.08077599999999999,0.06058199999999999,0.044539999999999996,0.0,0.0,0.044539999999999996,0.01883,0.003498,3.675e-05,0.022359999999999998,0.008067,0.0058379999999999994,7.678e-06,0.01391,0.0,0.0,0.0,0.0,0.0,0.0,0.0,0.0,0.0,0.0,0.0,0.0,0.0,0.0,0.0,0.0,vectored,random,2,2026-07-25T03:02:14+00:00
intadd_4_4_4_3_7nm_TT_0V75_25C_2000MHz,intadd,a_width=4;b_width=4;out_width=4;pipeline_stages=3,7nm,TT,0.75,25.0,0.5,2000.0,4,4,4,3,V-2023.12-SP4,44,25,19,8.338176,2.209536,6.12864,0.4318181818181818,0.7350096711798839,0.15,0.13,0.0,0,V-2023.12-SP4,44,25,19,8.34,2.21,6.13,11.1122,0.7504,0.4318181818181818,0.7350119904076738,0.07,0.22,0.0,0,V-2023.12-SP3,V-2023.12-SP4,0.1636,0.01482,6.907e-05,0.1784,0.17842,0.08921,0.1056,0.0,0.0,0.1056,0.04254,0.007272,5.797e-05,0.049870000000000005,0.015460000000000002,0.007548,1.109e-05,0.023010000000000003,0.0,0.0,0.0,0.0,0.0,0.0,0.0,0.0,0.0,0.0,0.0,0.0,0.0,0.0,0.0,0.0,vectored,random,2,2026-07-25T03:02:14+00:00
intadd_4_4_4_2_7nm_TT_0V75_25C_1000MHz,intadd,a_width=4;b_width=4;out_width=4;pipeline_stages=2,7nm,TT,0.75,25.0,1.0,1000.0,4,4,4,2,V-2023.12-SP4,34,22,12,5.56416,1.69344,3.87072,0.35294117647058826,0.6956521739130435,0.02,0.46,0.0,0,V-2023.12-SP4,34,22,12,5.56,1.69,3.87,7.806,0.7128,0.35294117647058826,0.696043165467626,0.32,0.46,0.0,0,V-2023.12-SP3,V-2023.12-SP4,0.053579999999999996,0.007002,4.443e-05,0.06062,0.060582,0.060582,0.03341,0.0,0.0,0.03341,0.01412,0.0026230000000000003,3.675e-05,0.01678,0.00605,0.004378,7.678e-06,0.01044,0.0,0.0,0.0,0.0,0.0,0.0,0.0,0.0,0.0,0.0,0.0,0.0,0.0,0.0,0.0,0.0,vectored,random,2,2026-07-25T03:02:14+00:00
intadd_4_4_4_3_10nm_TT_0V8_25C_1000MHz,intadd,a_width=4;b_width=4;out_width=4;pipeline_stages=3,10nm,TT,0.8,25.0,1.0,1000.0,4,4,4,3,V-2023.12-SP4,44,25,19,15.882241,4.20864,11.673601,0.4318181818181818,0.7350096878645778,0.02,0.46,0.0,0,V-2023.12-SP4,44,25,19,15.88,4.21,11.67,21.7498,0.7302,0.4318181818181818,0.7348866498740554,0.32,0.46,0.0,0,V-2023.12-SP3,V-2023.12-SP4,0.08660999999999999,0.004869,4.114e-05,0.09152,0.09147899999999999,0.09147899999999999,0.06718,0.0,0.0,0.06718,0.01254,0.001863,2.782e-05,0.01443,0.006887,0.003007,1.331e-05,0.009907000000000001,0.0,0.0,0.0,0.0,0.0,0.0,0.0,0.0,0.0,0.0,0.0,0.0,0.0,0.0,0.0,0.0,unvectored,none,2,2026-07-25T03:04:08+00:00
intadd_4_4_4_3_16nm_TT_0V85_25C_800MHz,intadd,a_width=4;b_width=4;out_width=4;pipeline_stages=3,16nm,TT,0.85,25.0,1.25,800.0,4,4,4,3,V-2023.12-SP4,44,25,19,32.161537,8.522496,23.639041,0.4318181818181818,0.7350096794192391,0.04,0.56,0.0,0,V-2023.12-SP4,44,25,19,32.78,8.52,24.26,42.4259,0.7727,0.4318181818181818,0.7400854179377669,0.46,0.56,0.0,0,V-2023.12-SP3,V-2023.12-SP4,0.09488999999999999,0.004687,9.560999999999999e-05,0.09967,0.09957699999999998,0.12447124999999998,0.07318999999999999,0.0,0.0,0.07318999999999999,0.01457,0.0017519999999999999,8.2e-05,0.016399999999999998,0.007131,0.0029349999999999997,1.361e-05,0.01008,0.0,0.0,0.0,0.0,0.0,0.0,0.0,0.0,0.0,0.0,0.0,0.0,0.0,0.0,0.0,0.0,unvectored,none,2,2026-07-25T03:04:10+00:00
intadd_4_4_4_3_5nm_TT_0V7_25C_1000MHz,intadd,a_width=4;b_width=4;out_width=4;pipeline_stages=3,5nm,TT,0.7,25.0,1.0,1000.0,4,4,4,3,V-2023.12-SP4,44,25,19,4.494,1.302,3.192,0.4318181818181818,0.7102803738317758,0.02,0.47,0.0,0,V-2023.12-SP4,44,25,19,4.49,1.3,3.19,6.3,0.7133,0.4318181818181818,0.710467706013363,0.32,0.47,0.0,0,V-2023.12-SP3,V-2023.12-SP4,0.06032,0.004021,4.48e-05,0.06438,0.064341,0.064341,0.04595,0.0,0.0,0.04595,0.009184000000000001,0.001482,3.501e-05,0.0107,0.005187,0.002539,9.788e-06,0.007736,0.0,0.0,0.0,0.0,0.0,0.0,0.0,0.0,0.0,0.0,0.0,0.0,0.0,0.0,0.0,0.0,unvectored,none,2,2026-07-25T03:04:11+00:00
intadd_4_4_4_5_20nm_TT_0V9_25C_800MHz,intadd,a_width=4;b_width=4;out_width=4;pipeline_stages=5,20nm,TT,0.9,25.0,1.25,800.0,4,4,4,5,V-2023.12-SP4,73,40,33,90.1824,20.4864,69.696,0.4520547945205479,0.7728337236533958,0.05,0.54,0.0,0,V-2023.12-SP4,73,40,33,90.18,20.49,69.7,125.664,0.7176,0.4520547945205479,0.7728986471501441,0.48,0.54,0.0,0,V-2023.12-SP3,V-2023.12-SP4,0.1953,0.007508,7.407e-05,0.2029,0.202808,0.25351,0.1553,0.0,0.0,0.1553,0.02799,0.0031769999999999997,4.993e-05,0.03122,0.01201,0.004331,2.4129999999999998e-05,0.01636,0.0,0.0,0.0,0.0,0.0,0.0,0.0,0.0,0.0,0.0,0.0,0.0,0.0,0.0,0.0,0.0,unvectored,none,2,2026-07-25T03:04:12+00:00
intadd_4_4_4_5_20nm_TT_0V9_25C_1333p33MHz,intadd,a_width=4;b_width=4;out_width=4;pipeline_stages=5,20nm,TT,0.9,25.0,0.75,1333.3333333333333,4,4,4,5,V-2023.12-SP4,73,40,33,90.1824,20.4864,69.696,0.4520547945205479,0.7728337236533958,0.42,0.1,0.0,0,V-2023.12-SP4,73,40,33,90.18,20.49,69.7,125.664,0.7176,0.4520547945205479,0.7728986471501441,0.23,0.29,0.0,0,V-2023.12-SP3,V-2023.12-SP4,0.3258,0.01261,7.407e-05,0.33849999999999997,0.33841,0.25380749999999996,0.2591,0.0,0.0,0.2591,0.04663,0.005394,4.993e-05,0.05208,0.02001,0.007219,2.4129999999999998e-05,0.027250000000000003,0.0,0.0,0.0,0.0,0.0,0.0,0.0,0.0,0.0,0.0,0.0,0.0,0.0,0.0,0.0,0.0,unvectored,none,2,2026-07-25T03:04:12+00:00
intadd_4_4_4_5_16nm_TT_0V85_25C_1333p33MHz,intadd,a_width=4;b_width=4;out_width=4;pipeline_stages=5,16nm,TT,0.85,25.0,0.75,1333.3333333333333,4,4,4,5,V-2023.12-SP4,73,40,33,53.125634,12.068352,41.057282,0.4520547945205479,0.7728337322054359,0.28,0.24,0.0,0,V-2023.12-SP4,73,40,33,54.99,12.07,42.92,74.6496,0.7367,0.4520547945205479,0.7805055464629933,0.21,0.31,0.0,0,V-2023.12-SP3,V-2023.12-SP4,0.2707,0.01111,0.00013089999999999998,0.28200000000000003,0.28181,0.2113575,0.2107,0.0,0.0,0.2107,0.04333,0.004761,0.00011070000000000001,0.04821,0.01672,0.006352,2.022e-05,0.02309,0.0,0.0,0.0,0.0,0.0,0.0,0.0,0.0,0.0,0.0,0.0,0.0,0.0,0.0,0.0,0.0,unvectored,none,2,2026-07-25T03:04:13+00:00
intadd_4_4_4_5_10nm_TT_0V8_25C_1000MHz,intadd,a_width=4;b_width=4;out_width=4;pipeline_stages=5,10nm,TT,0.8,25.0,1.0,1000.0,4,4,4,5,V-2023.12-SP4,73,40,33,26.234881,5.95968,20.275201,0.4520547945205479,0.7728337323123363,0.02,0.46,0.0,0,V-2023.12-SP4,73,40,33,26.23,5.96,20.28,35.0208,0.7491,0.4520547945205479,0.7731605032405643,0.32,0.46,0.0,0,V-2023.12-SP3,V-2023.12-SP4,0.1466,0.006954,6.813e-05,0.1536,0.153554,0.153554,0.1157,0.0,0.0,0.1157,0.0212,0.002982,4.832e-05,0.02423,0.009697,0.003972,1.981e-05,0.013689999999999999,0.0,0.0,0.0,0.0,0.0,0.0,0.0,0.0,0.0,0.0,0.0,0.0,0.0,0.0,0.0,0.0,unvectored,none,2,2026-07-25T03:04:13+00:00
intadd_4_4_4_5_10nm_TT_0V8_25C_1333p33MHz,intadd,a_width=4;b_width=4;out_width=4;pipeline_stages=5,10nm,TT,0.8,25.0,0.75,1333.3333333333333,4,4,4,5,V-2023.12-SP4,73,40,33,26.234881,5.95968,20.275201,0.4520547945205479,0.7728337323123363,0.02,0.34,0.0,0,V-2023.12-SP4,73,40,33,26.23,5.96,20.28,35.0208,0.7491,0.4520547945205479,0.7731605032405643,0.2,0.34,0.0,0,V-2023.12-SP3,V-2023.12-SP4,0.1955,0.009272,6.813e-05,0.20479999999999998,0.204772,0.15357900000000002,0.15430000000000002,0.0,0.0,0.15430000000000002,0.02827,0.0039759999999999995,4.832e-05,0.03229,0.01293,0.0052959999999999995,1.981e-05,0.018240000000000003,0.0,0.0,0.0,0.0,0.0,0.0,0.0,0.0,0.0,0.0,0.0,0.0,0.0,0.0,0.0,0.0,unvectored,none,2,2026-07-25T03:04:13+00:00
intadd_4_4_4_3_20nm_TT_0V9_25C_800MHz,intadd,a_width=4;b_width=4;out_width=4;pipeline_stages=3,20nm,TT,0.9,25.0,1.25,800.0,4,4,4,3,V-2023.12-SP4,44,25,19,54.5952,14.4672,40.128,0.4318181818181818,0.7350096711798839,0.05,0.54,0.0,0,V-2023.12-SP4,44,25,19,54.6,14.47,40.13,76.6656,0.7121,0.4318181818181818,0.734981684981685,0.48,0.54,0.0,0,V-2023.12-SP3,V-2023.12-SP4,0.1148,0.00529,4.4999999999999996e-05,0.1202,0.12009,0.1501125,0.08979000000000001,0.0,0.0,0.08979000000000001,0.01652,0.0020080000000000002,2.8760000000000002e-05,0.01856,0.008538,0.003282,1.6239999999999997e-05,0.01184,0.0,0.0,0.0,0.0,0.0,0.0,0.0,0.0,0.0,0.0,0.0,0.0,0.0,0.0,0.0,0.0,unvectored,none,2,2026-07-25T03:04:13+00:00
intadd_4_4_4_5_16nm_TT_0V85_25C_800MHz,intadd,a_width=4;b_width=4;out_width=4;pipeline_stages=5,16nm,TT,0.85,25.0,1.25,800.0,4,4,4,5,V-2023.12-SP4,73,40,33,53.125634,12.068352,41.057282,0.4520547945205479,0.7728337322054359,0.04,0.56,0.0,0,V-2023.12-SP4,73,40,33,55.12,12.07,43.05,74.6496,0.7383,0.4520547945205479,0.7810232220609579,0.46,0.56,0.0,0,V-2023.12-SP3,V-2023.12-SP4,0.1625,0.006686999999999999,0.000126,0.1693,0.169187,0.21148375,0.1263,0.0,0.0,0.1263,0.0262,0.002868,0.0001058,0.029179999999999998,0.01004,0.0038190000000000003,2.022e-05,0.01388,0.0,0.0,0.0,0.0,0.0,0.0,0.0,0.0,0.0,0.0,0.0,0.0,0.0,0.0,0.0,0.0,unvectored,none,2,2026-07-25T03:04:14+00:00
intadd_4_4_4_5_5nm_TT_0V7_25C_1000MHz,intadd,a_width=4;b_width=4;out_width=4;pipeline_stages=5,5nm,TT,0.7,25.0,1.0,1000.0,4,4,4,5,V-2023.12-SP4,73,40,33,7.4256,1.8816,5.544,0.4520547945205479,0.7466063348416289,0.02,0.47,0.0,0,V-2023.12-SP4,73,40,33,7.43,1.88,5.54,10.374,0.7158,0.4520547945205479,0.7456258411843877,0.32,0.47,0.0,0,V-2023.12-SP3,V-2023.12-SP4,0.1021,0.005771,7.541999999999999e-05,0.1079,0.107871,0.107871,0.07929,0.0,0.0,0.07929,0.01547,0.0024430000000000003,6.0870000000000005e-05,0.01798,0.007336,0.0033280000000000002,1.455e-05,0.010679999999999999,0.0,0.0,0.0,0.0,0.0,0.0,0.0,0.0,0.0,0.0,0.0,0.0,0.0,0.0,0.0,0.0,unvectored,none,2,2026-07-25T03:04:14+00:00
intadd_4_4_4_3_10nm_TT_0V8_25C_1000MHz,intadd,a_width=4;b_width=4;out_width=4;pipeline_stages=3,10nm,TT,0.8,25.0,1.0,1000.0,4,4,4,3,V-2023.12-SP4,44,25,19,15.882241,4.20864,11.673601,0.4318181818181818,0.7350096878645778,0.02,0.46,0.0,0,V-2023.12-SP4,44,25,19,15.88,4.21,11.67,21.7498,0.7302,0.4318181818181818,0.7348866498740554,0.32,0.46,0.0,0,V-2023.12-SP3,V-2023.12-SP4,0.1042,0.009144,4.438e-05,0.1134,0.113344,0.113344,0.06713000000000001,0.0,0.0,0.06713000000000001,0.02711,0.004591,2.9929999999999996e-05,0.03173,0.009942000000000001,0.004553000000000001,1.445e-05,0.01451,0.0,0.0,0.0,0.0,0.0,0.0,0.0,0.0,0.0,0.0,0.0,0.0,0.0,0.0,0.0,0.0,vectored,random,2,2026-07-25T03:04:15+00:00
intadd_4_4_4_5_5nm_TT_0V7_25C_2000MHz,intadd,a_width=4;b_width=4;out_width=4;pipeline_stages=5,5nm,TT,0.7,25.0,0.5,2000.0,4,4,4,5,V-2023.12-SP4,73,40,33,7.4256,1.8816,5.544,0.4520547945205479,0.7466063348416289,0.13,0.15,0.0,0,V-2023.12-SP4,73,40,33,7.43,1.88,5.54,10.374,0.7158,0.4520547945205479,0.7456258411843877,0.07,0.22,0.0,0,V-2023.12-SP3,V-2023.12-SP4,0.20359999999999998,0.01154,7.541999999999999e-05,0.2152,0.21513999999999997,0.10756999999999999,0.15789999999999998,0.0,0.0,0.15789999999999998,0.030950000000000002,0.0048720000000000005,6.0860000000000003e-05,0.03589,0.0147,0.00667,1.455e-05,0.02139,0.0,0.0,0.0,0.0,0.0,0.0,0.0,0.0,0.0,0.0,0.0,0.0,0.0,0.0,0.0,0.0,unvectored,none,2,2026-07-25T03:04:16+00:00
intadd_4_4_4_3_5nm_TT_0V7_25C_1000MHz,intadd,a_width=4;b_width=4;out_width=4;pipeline_stages=3,5nm,TT,0.7,25.0,1.0,1000.0,4,4,4,3,V-2023.12-SP4,44,25,19,4.494,1.302,3.192,0.4318181818181818,0.7102803738317758,0.02,0.47,0.0,0,V-2023.12-SP4,44,25,19,4.49,1.3,3.19,6.3,0.7133,0.4318181818181818,0.710467706013363,0.32,0.47,0.0,0,V-2023.12-SP3,V-2023.12-SP4,0.0732,0.0075780000000000005,4.262e-05,0.08082,0.080778,0.080778,0.046220000000000004,0.0,0.0,0.046220000000000004,0.019639999999999998,0.0036550000000000003,3.187e-05,0.02332,0.007344000000000001,0.003923,1.075e-05,0.01128,0.0,0.0,0.0,0.0,0.0,0.0,0.0,0.0,0.0,0.0,0.0,0.0,0.0,0.0,0.0,0.0,vectored,random,2,2026-07-25T03:04:17+00:00
intadd_4_4_4_3_16nm_TT_0V85_25C_800MHz,intadd,a_width=4;b_width=4;out_width=4;pipeline_stages=3,16nm,TT,0.85,25.0,1.25,800.0,4,4,4,3,V-2023.12-SP4,44,25,19,32.161537,8.522496,23.639041,0.4318181818181818,0.7350096794192391,0.04,0.56,0.0,0,V-2023.12-SP4,44,25,19,32.78,8.52,24.26,42.4259,0.7727,0.4318181818181818,0.7400854179377669,0.46,0.56,0.0,0,V-2023.12-SP3,V-2023.12-SP4,0.1158,0.008762,8.601e-05,0.12469999999999999,0.124562,0.15570250000000002,0.07351,0.0,0.0,0.07351,0.031860000000000006,0.004324,7.057e-05,0.03625,0.01045,0.004438,1.544e-05,0.01491,0.0,0.0,0.0,0.0,0.0,0.0,0.0,0.0,0.0,0.0,0.0,0.0,0.0,0.0,0.0,0.0,vectored,random,2,2026-07-25T03:04:17+00:00
intadd_4_4_4_5_20nm_TT_0V9_25C_800MHz,intadd,a_width=4;b_width=4;out_width=4;pipeline_stages=5,20nm,TT,0.9,25.0,1.25,800.0,4,4,4,5,V-2023.12-SP4,73,40,33,90.1824,20.4864,69.696,0.4520547945205479,0.7728337236533958,0.05,0.54,0.0,0,V-2023.12-SP4,73,40,33,90.18,20.49,69.7,125.664,0.7176,0.4520547945205479,0.7728986471501441,0.48,0.54,0.0,0,V-2023.12-SP3,V-2023.12-SP4,0.2366,0.014450000000000001,8.771e-05,0.2511,0.25105,0.3138125,0.1562,0.0,0.0,0.1562,0.06182,0.007741,5.9800000000000003e-05,0.06962,0.01852,0.006711,2.7899999999999997e-05,0.025259999999999998,0.0,0.0,0.0,0.0,0.0,0.0,0.0,0.0,0.0,0.0,0.0,0.0,0.0,0.0,0.0,0.0,vectored,random,2,2026-07-25T03:04:19+00:00
intadd_4_4_4_5_20nm_TT_0V9_25C_1333p33MHz,intadd,a_width=4;b_width=4;out_width=4;pipeline_stages=5,20nm,TT,0.9,25.0,0.75,1333.3333333333333,4,4,4,5,V-2023.12-SP4,73,40,33,90.1824,20.4864,69.696,0.4520547945205479,0.7728337236533958,0.42,0.1,0.0,0,V-2023.12-SP4,73,40,33,90.18,20.49,69.7,125.664,0.7176,0.4520547945205479,0.7728986471501441,0.23,0.29,0.0,0,V-2023.12-SP3,V-2023.12-SP4,0.3951,0.02454,8.785e-05,0.4198,0.41964,0.31473,0.2607,0.0,0.0,0.2607,0.1033,0.013139999999999999,5.9919999999999996e-05,0.11649999999999999,0.031099999999999996,0.011399999999999999,2.793e-05,0.04253,0.0,0.0,0.0,0.0,0.0,0.0,0.0,0.0,0.0,0.0,0.0,0.0,0.0,0.0,0.0,0.0,vectored,random,2,2026-07-25T03:04:19+00:00
intadd_4_4_4_3_7nm_TT_0V75_25C_1000MHz,intadd,a_width=4;b_width=4;out_width=4;pipeline_stages=3,7nm,TT,0.75,25.0,1.0,1000.0,4,4,4,3,V-2023.12-SP4,44,25,19,8.338176,2.209536,6.12864,0.4318181818181818,0.7350096711798839,0.02,0.46,0.0,0,V-2023.12-SP4,44,25,19,8.34,2.21,6.13,11.1122,0.7504,0.4318181818181818,0.7350119904076738,0.32,0.47,0.0,0,V-2023.12-SP3,V-2023.12-SP4,0.06792999999999999,0.003966,5.9109999999999995e-05,0.07196,0.07189599999999999,0.07189599999999999,0.05283,0.0,0.0,0.05283,0.0099,0.001474,4.856e-05,0.011420000000000001,0.005207000000000001,0.002492,1.055e-05,0.007710000000000001,0.0,0.0,0.0,0.0,0.0,0.0,0.0,0.0,0.0,0.0,0.0,0.0,0.0,0.0,0.0,0.0,unvectored,none,2,2026-07-25T03:04:19+00:00
intadd_4_4_4_5_16nm_TT_0V85_25C_1333p33MHz,intadd,a_width=4;b_width=4;out_width=4;pipeline_stages=5,16nm,TT,0.85,25.0,0.75,1333.3333333333333,4,4,4,5,V-2023.12-SP4,73,40,33,53.125634,12.068352,41.057282,0.4520547945205479,0.7728337322054359,0.28,0.24,0.0,0,V-2023.12-SP4,73,40,33,54.99,12.07,42.92,74.6496,0.7367,0.4520547945205479,0.7805055464629933,0.21,0.31,0.0,0,V-2023.12-SP3,V-2023.12-SP4,0.3341,0.0214,0.0001239,0.3556,0.3555,0.266625,0.21139999999999998,0.0,0.0,0.21139999999999998,0.09674999999999999,0.01161,0.0001007,0.1085,0.025939999999999998,0.009786999999999999,2.3219999999999998e-05,0.035750000000000004,0.0,0.0,0.0,0.0,0.0,0.0,0.0,0.0,0.0,0.0,0.0,0.0,0.0,0.0,0.0,0.0,vectored,random,2,2026-07-25T03:04:19+00:00
intadd_4_4_4_5_10nm_TT_0V8_25C_1000MHz,intadd,a_width=4;b_width=4;out_width=4;pipeline_stages=5,10nm,TT,0.8,25.0,1.0,1000.0,4,4,4,5,V-2023.12-SP4,73,40,33,26.234881,5.95968,20.275201,0.4520547945205479,0.7728337323123363,0.02,0.46,0.0,0,V-2023.12-SP4,73,40,33,26.23,5.96,20.28,35.0208,0.7491,0.4520547945205479,0.7731605032405643,0.32,0.46,0.0,0,V-2023.12-SP3,V-2023.12-SP4,0.1771,0.01342,7.35e-05,0.1906,0.19052,0.19052,0.11560000000000001,0.0,0.0,0.11560000000000001,0.046669999999999996,0.007248,5.19e-05,0.05397,0.01481,0.006177,2.1609999999999998e-05,0.02101,0.0,0.0,0.0,0.0,0.0,0.0,0.0,0.0,0.0,0.0,0.0,0.0,0.0,0.0,0.0,0.0,vectored,random,2,2026-07-25T03:04:19+00:00
intadd_4_4_4_5_10nm_TT_0V8_25C_1333p33MHz,intadd,a_width=4;b_width=4;out_width=4;pipeline_stages=5,10nm,TT,0.8,25.0,0.75,1333.3333333333333,4,4,4,5,V-2023.12-SP4,73,40,33,26.234881,5.95968,20.275201,0.4520547945205479,0.7728337323123363,0.02,0.34,0.0,0,V-2023.12-SP4,73,40,33,26.23,5.96,20.28,35.0208,0.7491,0.4520547945205479,0.7731605032405643,0.2,0.34,0.0,0,V-2023.12-SP3,V-2023.12-SP4,0.2361,0.017900000000000003,7.352e-05,0.2541,0.254,0.1905,0.1542,0.0,0.0,0.1542,0.06223000000000001,0.009663999999999999,5.191e-05,0.07194,0.01975,0.008236,2.1609999999999998e-05,0.028,0.0,0.0,0.0,0.0,0.0,0.0,0.0,0.0,0.0,0.0,0.0,0.0,0.0,0.0,0.0,0.0,vectored,random,2,2026-07-25T03:04:19+00:00
intadd_4_4_4_3_20nm_TT_0V9_25C_800MHz,intadd,a_width=4;b_width=4;out_width=4;pipeline_stages=3,20nm,TT,0.9,25.0,1.25,800.0,4,4,4,3,V-2023.12-SP4,44,25,19,54.5952,14.4672,40.128,0.4318181818181818,0.7350096711798839,0.05,0.54,0.0,0,V-2023.12-SP4,44,25,19,54.6,14.47,40.13,76.6656,0.7121,0.4318181818181818,0.734981684981685,0.48,0.54,0.0,0,V-2023.12-SP3,V-2023.12-SP4,0.13899999999999998,0.009955,5.308e-05,0.149,0.14895499999999998,0.18619374999999996,0.09040000000000001,0.0,0.0,0.09040000000000001,0.03589,0.004955,3.454e-05,0.04088,0.012700000000000001,0.005,1.854e-05,0.01772,0.0,0.0,0.0,0.0,0.0,0.0,0.0,0.0,0.0,0.0,0.0,0.0,0.0,0.0,0.0,0.0,vectored,random,2,2026-07-25T03:04:20+00:00
intadd_4_4_4_5_7nm_TT_0V75_25C_2000MHz,intadd,a_width=4;b_width=4;out_width=4;pipeline_stages=5,7nm,TT,0.75,25.0,0.5,2000.0,4,4,4,5,V-2023.12-SP4,73,40,33,13.773312,3.128832,10.64448,0.4520547945205479,0.7728337236533958,0.13,0.15,0.0,0,V-2023.12-SP4,73,40,33,13.77,3.13,10.64,18.9181,0.728,0.4520547945205479,0.7726942628903414,0.07,0.22,0.0,0,V-2023.12-SP3,V-2023.12-SP4,0.2313,0.011600000000000001,9.999999999999999e-05,0.243,0.2429,0.12145,0.1831,0.0,0.0,0.1831,0.033460000000000004,0.004831,8.429999999999999e-05,0.03837,0.01475,0.006767,1.5720000000000002e-05,0.02153,0.0,0.0,0.0,0.0,0.0,0.0,0.0,0.0,0.0,0.0,0.0,0.0,0.0,0.0,0.0,0.0,unvectored,none,2,2026-07-25T03:04:20+00:00
intadd_4_4_4_5_16nm_TT_0V85_25C_800MHz,intadd,a_width=4;b_width=4;out_width=4;pipeline_stages=5,16nm,TT,0.85,25.0,1.25,800.0,4,4,4,5,V-2023.12-SP4,73,40,33,53.125634,12.068352,41.057282,0.4520547945205479,0.7728337322054359,0.04,0.56,0.0,0,V-2023.12-SP4,73,40,33,55.12,12.07,43.05,74.6496,0.7383,0.4520547945205479,0.7810232220609579,0.46,0.56,0.0,0,V-2023.12-SP3,V-2023.12-SP4,0.2008,0.01291,0.0001205,0.2139,0.21371,0.2671375,0.12669999999999998,0.0,0.0,0.12669999999999998,0.05855,0.006994,9.727999999999999e-05,0.06564,0.015590000000000001,0.005915,2.321e-05,0.02152,0.0,0.0,0.0,0.0,0.0,0.0,0.0,0.0,0.0,0.0,0.0,0.0,0.0,0.0,0.0,0.0,vectored,random,2,2026-07-25T03:04:20+00:00
intadd_4_4_4_5_5nm_TT_0V7_25C_1000MHz,intadd,a_width=4;b_width=4;out_width=4;pipeline_stages=5,5nm,TT,0.7,25.0,1.0,1000.0,4,4,4,5,V-2023.12-SP4,73,40,33,7.4256,1.8816,5.544,0.4520547945205479,0.7466063348416289,0.02,0.47,0.0,0,V-2023.12-SP4,73,40,33,7.43,1.88,5.54,10.374,0.7158,0.4520547945205479,0.7456258411843877,0.32,0.47,0.0,0,V-2023.12-SP3,V-2023.12-SP4,0.12439999999999998,0.011130000000000001,7.159e-05,0.1356,0.13552999999999998,0.13552999999999998,0.07975,0.0,0.0,0.07975,0.0339,0.005954999999999999,5.55e-05,0.03991,0.010750000000000001,0.005179,1.609e-05,0.015950000000000002,0.0,0.0,0.0,0.0,0.0,0.0,0.0,0.0,0.0,0.0,0.0,0.0,0.0,0.0,0.0,0.0,vectored,random,2,2026-07-25T03:04:21+00:00
intadd_4_4_4_5_7nm_TT_0V75_25C_1000MHz,intadd,a_width=4;b_width=4;out_width=4;pipeline_stages=5,7nm,TT,0.75,25.0,1.0,1000.0,4,4,4,5,V-2023.12-SP4,73,40,33,13.773312,3.128832,10.64448,0.4520547945205479,0.7728337236533958,0.02,0.46,0.0,0,V-2023.12-SP4,73,40,33,13.77,3.13,10.64,18.9181,0.728,0.4520547945205479,0.7726942628903414,0.32,0.47,0.0,0,V-2023.12-SP3,V-2023.12-SP4,0.1157,0.0057540000000000004,9.999999999999999e-05,0.1216,0.12145399999999999,0.12145399999999999,0.0916,0.0,0.0,0.0916,0.016730000000000002,0.002418,8.429999999999999e-05,0.01923,0.007372,0.003335,1.5720000000000002e-05,0.01072,0.0,0.0,0.0,0.0,0.0,0.0,0.0,0.0,0.0,0.0,0.0,0.0,0.0,0.0,0.0,0.0,unvectored,none,2,2026-07-25T03:04:21+00:00
intadd_4_4_4_5_5nm_TT_0V7_25C_2000MHz,intadd,a_width=4;b_width=4;out_width=4;pipeline_stages=5,5nm,TT,0.7,25.0,0.5,2000.0,4,4,4,5,V-2023.12-SP4,73,40,33,7.4256,1.8816,5.544,0.4520547945205479,0.7466063348416289,0.13,0.15,0.0,0,V-2023.12-SP4,73,40,33,7.43,1.88,5.54,10.374,0.7158,0.4520547945205479,0.7456258411843877,0.07,0.22,0.0,0,V-2023.12-SP3,V-2023.12-SP4,0.24850000000000003,0.02245,7.16e-05,0.27109999999999995,0.27095,0.135475,0.1589,0.0,0.0,0.1589,0.06803,0.01188,5.551e-05,0.07996,0.02166,0.010570000000000001,1.609e-05,0.032240000000000005,0.0,0.0,0.0,0.0,0.0,0.0,0.0,0.0,0.0,0.0,0.0,0.0,0.0,0.0,0.0,0.0,vectored,random,2,2026-07-25T03:04:22+00:00
intadd_4_4_4_3_7nm_TT_0V75_25C_1000MHz,intadd,a_width=4;b_width=4;out_width=4;pipeline_stages=3,7nm,TT,0.75,25.0,1.0,1000.0,4,4,4,3,V-2023.12-SP4,44,25,19,8.338176,2.209536,6.12864,0.4318181818181818,0.7350096711798839,0.02,0.46,0.0,0,V-2023.12-SP4,44,25,19,8.34,2.21,6.13,11.1122,0.7504,0.4318181818181818,0.7350119904076738,0.32,0.47,0.0,0,V-2023.12-SP3,V-2023.12-SP4,0.08179,0.007381,6.909e-05,0.08924,0.089171,0.089171,0.052790000000000004,0.0,0.0,0.052790000000000004,0.02127,0.003637,5.8e-05,0.024960000000000003,0.007727,0.003744,1.109e-05,0.01148,0.0,0.0,0.0,0.0,0.0,0.0,0.0,0.0,0.0,0.0,0.0,0.0,0.0,0.0,0.0,0.0,vectored,random,2,2026-07-25T03:04:24+00:00
intadd_4_4_4_5_7nm_TT_0V75_25C_2000MHz,intadd,a_width=4;b_width=4;out_width=4;pipeline_stages=5,7nm,TT,0.75,25.0,0.5,2000.0,4,4,4,5,V-2023.12-SP4,73,40,33,13.773312,3.128832,10.64448,0.4520547945205479,0.7728337236533958,0.13,0.15,0.0,0,V-2023.12-SP4,73,40,33,13.77,3.13,10.64,18.9181,0.728,0.4520547945205479,0.7726942628903414,0.07,0.22,0.0,0,V-2023.12-SP3,V-2023.12-SP4,0.2803,0.02245,0.0001168,0.3028,0.30275,0.151375,0.183,0.0,0.0,0.183,0.07396,0.011770000000000001,0.0001003,0.08582999999999999,0.02332,0.010669999999999999,1.654e-05,0.03401,0.0,0.0,0.0,0.0,0.0,0.0,0.0,0.0,0.0,0.0,0.0,0.0,0.0,0.0,0.0,0.0,vectored,random,2,2026-07-25T03:04:26+00:00
intadd_4_4_4_5_7nm_TT_0V75_25C_1000MHz,intadd,a_width=4;b_width=4;out_width=4;pipeline_stages=5,7nm,TT,0.75,25.0,1.0,1000.0,4,4,4,5,V-2023.12-SP4,73,40,33,13.773312,3.128832,10.64448,0.4520547945205479,0.7728337236533958,0.02,0.46,0.0,0,V-2023.12-SP4,73,40,33,13.77,3.13,10.64,18.9181,0.728,0.4520547945205479,0.7726942628903414,0.32,0.47,0.0,0,V-2023.12-SP3,V-2023.12-SP4,0.1402,0.01116,0.0001168,0.1515,0.15136,0.15136,0.09155,0.0,0.0,0.09155,0.03698,0.005893,0.0001003,0.042969999999999994,0.01166,0.005266,1.655e-05,0.01694,0.0,0.0,0.0,0.0,0.0,0.0,0.0,0.0,0.0,0.0,0.0,0.0,0.0,0.0,0.0,0.0,vectored,random,2,2026-07-25T03:04:27+00:00
intadd_4_4_12_2_10nm_TT_0V8_25C_1333p33MHz,intadd,a_width=4;b_width=4;out_width=12;pipeline_stages=2,10nm,TT,0.8,25.0,0.75,1333.3333333333333,4,4,12,2,V-2023.12-SP4,36,23,13,11.73504,3.74784,7.9872,0.3611111111111111,0.6806282722513088,0.29,0.24,0.0,0,V-2023.12-SP4,36,23,13,11.74,3.75,7.99,15.6672,0.749,0.3611111111111111,0.6805792163543442,0.2,0.34,0.0,0,V-2023.12-SP3,V-2023.12-SP4,0.08135,0.0064529999999999995,2.953e-05,0.08783,0.087803,0.06585225,0.061439999999999995,0.0,0.0,0.061439999999999995,0.01186,0.002126,1.906e-05,0.01401,0.008050999999999999,0.004327,1.047e-05,0.01239,0.0,0.0,0.0,0.0,0.0,0.0,0.0,0.0,0.0,0.0,0.0,0.0,0.0,0.0,0.0,0.0,unvectored,none,2,2026-07-25T03:06:14+00:00
intadd_4_4_12_2_20nm_TT_0V9_25C_1000MHz,intadd,a_width=4;b_width=4;out_width=12;pipeline_stages=2,20nm,TT,0.9,25.0,1.0,1000.0,4,4,12,2,V-2023.12-SP4,36,23,13,40.3392,12.8832,27.456,0.3611111111111111,0.680628272251309,0.72,0.04,0.0,0,V-2023.12-SP4,36,23,13,40.34,12.88,27.46,54.1728,0.7446,0.3611111111111111,0.6807139315815567,0.35,0.41,0.0,0,V-2023.12-SP3,V-2023.12-SP4,0.1009,0.006634,3.291e-05,0.1075,0.107534,0.107534,0.07683,0.0,0.0,0.07683,0.014589999999999999,0.002126,1.9750000000000002e-05,0.016730000000000002,0.009467999999999999,0.004508,1.315e-05,0.01399,0.0,0.0,0.0,0.0,0.0,0.0,0.0,0.0,0.0,0.0,0.0,0.0,0.0,0.0,0.0,0.0,unvectored,none,2,2026-07-25T03:06:19+00:00
intadd_4_4_12_2_16nm_TT_0V85_25C_1333p33MHz,intadd,a_width=4;b_width=4;out_width=12;pipeline_stages=2,16nm,TT,0.85,25.0,0.75,1333.3333333333333,4,4,12,2,V-2023.12-SP4,36,23,13,23.763457,7.589376,16.174081,0.3611111111111111,0.6806282856909246,0.5,0.02,0.0,0,V-2023.12-SP4,36,23,13,24.14,7.59,16.55,32.9702,0.7321,0.3611111111111111,0.6855840927920465,0.21,0.31,0.0,0,V-2023.12-SP3,V-2023.12-SP4,0.111,0.007615,6.896e-05,0.1187,0.118615,0.08896124999999999,0.08357,0.0,0.0,0.08357,0.016909999999999998,0.002453,5.797e-05,0.01942,0.01052,0.005161000000000001,1.099e-05,0.01569,0.0,0.0,0.0,0.0,0.0,0.0,0.0,0.0,0.0,0.0,0.0,0.0,0.0,0.0,0.0,0.0,unvectored,none,2,2026-07-25T03:06:19+00:00
intadd_4_4_12_2_10nm_TT_0V8_25C_1333p33MHz,intadd,a_width=4;b_width=4;out_width=12;pipeline_stages=2,10nm,TT,0.8,25.0,0.75,1333.3333333333333,4,4,12,2,V-2023.12-SP4,36,23,13,11.73504,3.74784,7.9872,0.3611111111111111,0.6806282722513088,0.29,0.24,0.0,0,V-2023.12-SP4,36,23,13,11.74,3.75,7.99,15.6672,0.749,0.3611111111111111,0.6805792163543442,0.2,0.34,0.0,0,V-2023.12-SP3,V-2023.12-SP4,0.09996,0.01265,3.187e-05,0.1126,0.11260999999999999,0.08445749999999999,0.06138999999999999,0.0,0.0,0.06138999999999999,0.025740000000000002,0.0052959999999999995,2.0529999999999998e-05,0.031059999999999997,0.012830000000000001,0.0073549999999999996,1.134e-05,0.0202,0.0,0.0,0.0,0.0,0.0,0.0,0.0,0.0,0.0,0.0,0.0,0.0,0.0,0.0,0.0,0.0,vectored,random,2,2026-07-25T03:06:20+00:00
intadd_4_4_12_2_5nm_TT_0V7_25C_1333p33MHz,intadd,a_width=4;b_width=4;out_width=12;pipeline_stages=2,5nm,TT,0.7,25.0,0.75,1333.3333333333333,4,4,12,2,V-2023.12-SP4,36,23,13,3.2928,1.1088,2.184,0.3611111111111111,0.663265306122449,0.23,0.3,0.0,0,V-2023.12-SP4,36,23,13,3.29,1.11,2.18,4.3344,0.7597,0.3611111111111111,0.662613981762918,0.19,0.34,0.0,0,V-2023.12-SP3,V-2023.12-SP4,0.05677,0.005284,3.167e-05,0.06209,0.062054,0.0465405,0.04208,0.0,0.0,0.04208,0.008687,0.001675,2.393e-05,0.01039,0.006006,0.0036090000000000002,7.737e-06,0.009623,0.0,0.0,0.0,0.0,0.0,0.0,0.0,0.0,0.0,0.0,0.0,0.0,0.0,0.0,0.0,0.0,unvectored,none,2,2026-07-25T03:06:20+00:00
intadd_4_4_12_2_10nm_TT_0V8_25C_800MHz,intadd,a_width=4;b_width=4;out_width=12;pipeline_stages=2,10nm,TT,0.8,25.0,1.25,800.0,4,4,12,2,V-2023.12-SP4,36,23,13,11.73504,3.74784,7.9872,0.3611111111111111,0.6806282722513088,0.02,0.59,0.0,0,V-2023.12-SP4,40,27,13,13.55,5.56,7.99,15.6672,0.8647,0.325,0.5896678966789668,0.45,0.69,0.0,0,V-2023.12-SP3,V-2023.12-SP4,0.07991999999999999,0.012119999999999999,4.256e-05,0.09208,0.09203999999999998,0.11504999999999999,0.06798,0.008275,1.302e-05,0.07627,0.007114,0.001281,1.906e-05,0.008414,0.004818,0.0025670000000000003,1.048e-05,0.0073950000000000005,0.0,0.0,0.0,0.0,0.0,0.0,0.0,0.0,0.0,0.0,0.0,0.0,0.0,0.0,0.0,0.0,unvectored,none,2,2026-07-25T03:06:20+00:00
intadd_4_4_12_2_20nm_TT_0V9_25C_666p667MHz,intadd,a_width=4;b_width=4;out_width=12;pipeline_stages=2,20nm,TT,0.9,25.0,1.5,666.6666666666666,4,4,12,2,V-2023.12-SP4,36,23,13,40.3392,12.8832,27.456,0.3611111111111111,0.680628272251309,0.72,0.54,0.0,0,V-2023.12-SP4,36,23,13,40.34,12.88,27.46,54.1728,0.7446,0.3611111111111111,0.6807139315815567,0.61,0.66,0.0,0,V-2023.12-SP3,V-2023.12-SP4,0.06726,0.004471999999999999,3.291e-05,0.07177,0.071732,0.107598,0.051230000000000005,0.0,0.0,0.051230000000000005,0.009723,0.001408,1.9750000000000002e-05,0.01115,0.006308,0.003064,1.315e-05,0.009385000000000001,0.0,0.0,0.0,0.0,0.0,0.0,0.0,0.0,0.0,0.0,0.0,0.0,0.0,0.0,0.0,0.0,unvectored,none,2,2026-07-25T03:06:21+00:00
intadd_4_4_12_2_16nm_TT_0V85_25C_800MHz,intadd,a_width=4;b_width=4;out_width=12;pipeline_stages=2,16nm,TT,0.85,25.0,1.25,800.0,4,4,12,2,V-2023.12-SP4,36,23,13,23.763457,7.589376,16.174081,0.3611111111111111,0.6806282856909246,0.5,0.52,0.0,0,V-2023.12-SP4,36,23,13,24.26,7.59,16.67,32.9702,0.7358,0.3611111111111111,0.6871393239901072,0.46,0.56,0.0,0,V-2023.12-SP3,V-2023.12-SP4,0.06672,0.0045709999999999995,6.407e-05,0.07135,0.07129100000000001,0.08911375,0.05006,0.0,0.0,0.05006,0.01035,0.001459,5.309e-05,0.01186,0.00631,0.003112,1.099e-05,0.009432999999999999,0.0,0.0,0.0,0.0,0.0,0.0,0.0,0.0,0.0,0.0,0.0,0.0,0.0,0.0,0.0,0.0,unvectored,none,2,2026-07-25T03:06:22+00:00
intadd_4_4_12_3_10nm_TT_0V8_25C_1333p33MHz,intadd,a_width=4;b_width=4;out_width=12;pipeline_stages=3,10nm,TT,0.8,25.0,0.75,1333.3333333333333,4,4,12,3,V-2023.12-SP4,62,39,23,19.783681,5.65248,14.131201,0.3709677419354839,0.7142857287276316,0.27,0.26,0.0,0,V-2023.12-SP4,60,37,23,19.66,5.53,14.13,26.3578,0.7459,0.38333333333333336,0.7187182095625636,0.2,0.34,0.0,0,V-2023.12-SP3,V-2023.12-SP4,0.1396,0.0107,4.977e-05,0.1503,0.1503,0.11272499999999999,0.1085,0.0,0.0,0.1085,0.02022,0.0036959999999999996,3.3950000000000005e-05,0.02395,0.01086,0.007007,1.5819999999999998e-05,0.01789,0.0,0.0,0.0,0.0,0.0,0.0,0.0,0.0,0.0,0.0,0.0,0.0,0.0,0.0,0.0,0.0,unvectored,none,2,2026-07-25T03:06:22+00:00
intadd_4_4_12_3_16nm_TT_0V85_25C_1333p33MHz,intadd,a_width=4;b_width=4;out_width=12;pipeline_stages=3,16nm,TT,0.85,25.0,0.75,1333.3333333333333,4,4,12,3,V-2023.12-SP4,62,39,23,40.061954,11.446272,28.615681,0.3709677419354839,0.7142857035879977,0.47,0.04,0.0,0,V-2023.12-SP4,60,37,23,40.56,11.2,29.36,56.6093,0.7165,0.38333333333333336,0.7238658777120315,0.21,0.31,0.0,0,V-2023.12-SP3,V-2023.12-SP4,0.191,0.012639999999999998,0.00011729999999999999,0.20379999999999998,0.20364,0.15272999999999998,0.14770000000000003,0.0,0.0,0.14770000000000003,0.02917,0.004312000000000001,0.0001007,0.03358,0.01416,0.008326,1.665e-05,0.022500000000000003,0.0,0.0,0.0,0.0,0.0,0.0,0.0,0.0,0.0,0.0,0.0,0.0,0.0,0.0,0.0,0.0,unvectored,none,2,2026-07-25T03:06:23+00:00
intadd_4_4_12_2_20nm_TT_0V9_25C_1000MHz,intadd,a_width=4;b_width=4;out_width=12;pipeline_stages=2,20nm,TT,0.9,25.0,1.0,1000.0,4,4,12,2,V-2023.12-SP4,36,23,13,40.3392,12.8832,27.456,0.3611111111111111,0.680628272251309,0.72,0.04,0.0,0,V-2023.12-SP4,36,23,13,40.34,12.88,27.46,54.1728,0.7446,0.3611111111111111,0.6807139315815567,0.35,0.41,0.0,0,V-2023.12-SP3,V-2023.12-SP4,0.12469999999999999,0.01292,3.854e-05,0.1376,0.13762,0.13762,0.07736,0.0,0.0,0.07736,0.03188,0.0052970000000000005,2.372e-05,0.037200000000000004,0.01544,0.00762,1.482e-05,0.02307,0.0,0.0,0.0,0.0,0.0,0.0,0.0,0.0,0.0,0.0,0.0,0.0,0.0,0.0,0.0,0.0,vectored,random,2,2026-07-25T03:06:25+00:00
intadd_4_4_12_2_16nm_TT_0V85_25C_1333p33MHz,intadd,a_width=4;b_width=4;out_width=12;pipeline_stages=2,16nm,TT,0.85,25.0,0.75,1333.3333333333333,4,4,12,2,V-2023.12-SP4,36,23,13,23.763457,7.589376,16.174081,0.3611111111111111,0.6806282856909246,0.5,0.02,0.0,0,V-2023.12-SP4,36,23,13,24.14,7.59,16.55,32.9702,0.7321,0.3611111111111111,0.6855840927920465,0.21,0.31,0.0,0,V-2023.12-SP3,V-2023.12-SP4,0.1389,0.01504,6.145e-05,0.154,0.15394,0.115455,0.08395,0.0,0.0,0.08395,0.037450000000000004,0.0061129999999999995,4.913e-05,0.04362,0.01746,0.008926,1.232e-05,0.0264,0.0,0.0,0.0,0.0,0.0,0.0,0.0,0.0,0.0,0.0,0.0,0.0,0.0,0.0,0.0,0.0,vectored,random,2,2026-07-25T03:06:25+00:00
intadd_4_4_12_2_5nm_TT_0V7_25C_1000MHz,intadd,a_width=4;b_width=4;out_width=12;pipeline_stages=2,5nm,TT,0.7,25.0,1.0,1000.0,4,4,12,2,V-2023.12-SP4,36,23,13,3.2928,1.1088,2.184,0.3611111111111111,0.663265306122449,0.02,0.47,0.0,0,V-2023.12-SP4,37,24,13,3.32,1.13,2.18,4.3344,0.7655,0.35135135135135137,0.6566265060240964,0.32,0.51,0.0,0,V-2023.12-SP3,V-2023.12-SP4,0.0436,0.010740000000000001,3.201e-05,0.05436,0.05434,0.05434,0.032580000000000005,0.006748,3.443e-07,0.03933,0.00649,0.001257,2.393e-05,0.00777,0.004529,0.0027300000000000002,7.738e-06,0.007267,0.0,0.0,0.0,0.0,0.0,0.0,0.0,0.0,0.0,0.0,0.0,0.0,0.0,0.0,0.0,0.0,unvectored,none,2,2026-07-25T03:06:26+00:00
intadd_4_4_12_2_10nm_TT_0V8_25C_800MHz,intadd,a_width=4;b_width=4;out_width=12;pipeline_stages=2,10nm,TT,0.8,25.0,1.25,800.0,4,4,12,2,V-2023.12-SP4,36,23,13,11.73504,3.74784,7.9872,0.3611111111111111,0.6806282722513088,0.02,0.59,0.0,0,V-2023.12-SP4,40,27,13,13.55,5.56,7.99,15.6672,0.8647,0.325,0.5896678966789668,0.45,0.69,0.0,0,V-2023.12-SP3,V-2023.12-SP4,0.09119999999999999,0.01584,4.501e-05,0.1071,0.10704,0.1338,0.06796,0.008275,1.302e-05,0.07624,0.015590000000000001,0.003191,2.065e-05,0.0188,0.007647,0.004371,1.134e-05,0.01203,0.0,0.0,0.0,0.0,0.0,0.0,0.0,0.0,0.0,0.0,0.0,0.0,0.0,0.0,0.0,0.0,vectored,random,2,2026-07-25T03:06:26+00:00
intadd_4_4_12_2_5nm_TT_0V7_25C_1333p33MHz,intadd,a_width=4;b_width=4;out_width=12;pipeline_stages=2,5nm,TT,0.7,25.0,0.75,1333.3333333333333,4,4,12,2,V-2023.12-SP4,36,23,13,3.2928,1.1088,2.184,0.3611111111111111,0.663265306122449,0.23,0.3,0.0,0,V-2023.12-SP4,36,23,13,3.29,1.11,2.18,4.3344,0.7597,0.3611111111111111,0.662613981762918,0.19,0.34,0.0,0,V-2023.12-SP3,V-2023.12-SP4,0.07121000000000001,0.01056,3.0180000000000002e-05,0.0818,0.08177000000000001,0.06132750000000001,0.04233,0.0,0.0,0.04233,0.01901,0.004173,2.173e-05,0.023209999999999998,0.009864999999999999,0.006389000000000001,8.451000000000001e-06,0.01626,0.0,0.0,0.0,0.0,0.0,0.0,0.0,0.0,0.0,0.0,0.0,0.0,0.0,0.0,0.0,0.0,vectored,random,2,2026-07-25T03:06:27+00:00
intadd_4_4_12_2_20nm_TT_0V9_25C_666p667MHz,intadd,a_width=4;b_width=4;out_width=12;pipeline_stages=2,20nm,TT,0.9,25.0,1.5,666.6666666666666,4,4,12,2,V-2023.12-SP4,36,23,13,40.3392,12.8832,27.456,0.3611111111111111,0.680628272251309,0.72,0.54,0.0,0,V-2023.12-SP4,36,23,13,40.34,12.88,27.46,54.1728,0.7446,0.3611111111111111,0.6807139315815567,0.61,0.66,0.0,0,V-2023.12-SP3,V-2023.12-SP4,0.08310999999999999,0.008651,3.8549999999999995e-05,0.09179,0.091761,0.1376415,0.0516,0.0,0.0,0.0516,0.02125,0.0035099999999999997,2.374e-05,0.02478,0.01026,0.00514,1.482e-05,0.015420000000000001,0.0,0.0,0.0,0.0,0.0,0.0,0.0,0.0,0.0,0.0,0.0,0.0,0.0,0.0,0.0,0.0,vectored,random,2,2026-07-25T03:06:28+00:00
intadd_4_4_12_3_5nm_TT_0V7_25C_1333p33MHz,intadd,a_width=4;b_width=4;out_width=12;pipeline_stages=3,5nm,TT,0.7,25.0,0.75,1333.3333333333333,4,4,12,3,V-2023.12-SP4,64,41,23,5.5776,1.7136,3.864,0.359375,0.6927710843373494,0.22,0.31,0.0,0,V-2023.12-SP4,64,41,23,5.58,1.71,3.86,7.5264,0.7411,0.359375,0.6917562724014337,0.19,0.34,0.0,0,V-2023.12-SP3,V-2023.12-SP4,0.09779,0.009264,5.443e-05,0.1071,0.107054,0.0802905,0.07429,0.0,0.0,0.07429,0.014929999999999999,0.003009,4.23e-05,0.01798,0.008578,0.006255,1.213e-05,0.01485,0.0,0.0,0.0,0.0,0.0,0.0,0.0,0.0,0.0,0.0,0.0,0.0,0.0,0.0,0.0,0.0,unvectored,none,2,2026-07-25T03:06:29+00:00
intadd_4_4_12_2_16nm_TT_0V85_25C_800MHz,intadd,a_width=4;b_width=4;out_width=12;pipeline_stages=2,16nm,TT,0.85,25.0,1.25,800.0,4,4,12,2,V-2023.12-SP4,36,23,13,23.763457,7.589376,16.174081,0.3611111111111111,0.6806282856909246,0.5,0.52,0.0,0,V-2023.12-SP4,36,23,13,24.26,7.59,16.67,32.9702,0.7358,0.3611111111111111,0.6871393239901072,0.46,0.56,0.0,0,V-2023.12-SP3,V-2023.12-SP4,0.08368999999999999,0.009004,5.8320000000000004e-05,0.09275,0.09269399999999998,0.11586749999999998,0.05028,0.0,0.0,0.05028,0.02296,0.0036349999999999998,4.6e-05,0.02664,0.01045,0.005369,1.232e-05,0.01583,0.0,0.0,0.0,0.0,0.0,0.0,0.0,0.0,0.0,0.0,0.0,0.0,0.0,0.0,0.0,0.0,vectored,random,2,2026-07-25T03:06:29+00:00
intadd_4_4_12_3_10nm_TT_0V8_25C_1333p33MHz,intadd,a_width=4;b_width=4;out_width=12;pipeline_stages=3,10nm,TT,0.8,25.0,0.75,1333.3333333333333,4,4,12,3,V-2023.12-SP4,62,39,23,19.783681,5.65248,14.131201,0.3709677419354839,0.7142857287276316,0.27,0.26,0.0,0,V-2023.12-SP4,60,37,23,19.66,5.53,14.13,26.3578,0.7459,0.38333333333333336,0.7187182095625636,0.2,0.34,0.0,0,V-2023.12-SP3,V-2023.12-SP4,0.1708,0.0205,5.391e-05,0.1914,0.1913,0.143475,0.10840000000000001,0.0,0.0,0.10840000000000001,0.04498,0.009248000000000001,3.642e-05,0.054259999999999996,0.01744,0.011250000000000001,1.749e-05,0.0287,0.0,0.0,0.0,0.0,0.0,0.0,0.0,0.0,0.0,0.0,0.0,0.0,0.0,0.0,0.0,0.0,vectored,random,2,2026-07-25T03:06:29+00:00
intadd_4_4_12_3_16nm_TT_0V85_25C_1333p33MHz,intadd,a_width=4;b_width=4;out_width=12;pipeline_stages=3,16nm,TT,0.85,25.0,0.75,1333.3333333333333,4,4,12,3,V-2023.12-SP4,62,39,23,40.061954,11.446272,28.615681,0.3709677419354839,0.7142857035879977,0.47,0.04,0.0,0,V-2023.12-SP4,60,37,23,40.56,11.2,29.36,56.6093,0.7165,0.38333333333333336,0.7238658777120315,0.21,0.31,0.0,0,V-2023.12-SP3,V-2023.12-SP4,0.2366,0.02402,0.0001031,0.2607,0.26062,0.195465,0.1483,0.0,0.0,0.1483,0.06546,0.01079,8.403000000000001e-05,0.07633,0.022799999999999997,0.01323,1.908e-05,0.03605,0.0,0.0,0.0,0.0,0.0,0.0,0.0,0.0,0.0,0.0,0.0,0.0,0.0,0.0,0.0,0.0,vectored,random,2,2026-07-25T03:06:30+00:00
intadd_4_4_12_2_5nm_TT_0V7_25C_1000MHz,intadd,a_width=4;b_width=4;out_width=12;pipeline_stages=2,5nm,TT,0.7,25.0,1.0,1000.0,4,4,12,2,V-2023.12-SP4,36,23,13,3.2928,1.1088,2.184,0.3611111111111111,0.663265306122449,0.02,0.47,0.0,0,V-2023.12-SP4,37,24,13,3.32,1.13,2.18,4.3344,0.7655,0.35135135135135137,0.6566265060240964,0.32,0.51,0.0,0,V-2023.12-SP3,V-2023.12-SP4,0.05399,0.01446,3.036e-05,0.06849000000000001,0.06845000000000001,0.06845000000000001,0.03277,0.006748,3.443e-07,0.03952,0.01413,0.00313,2.156e-05,0.01729,0.0070929999999999995,0.0045850000000000005,8.449999999999999e-06,0.01169,0.0,0.0,0.0,0.0,0.0,0.0,0.0,0.0,0.0,0.0,0.0,0.0,0.0,0.0,0.0,0.0,vectored,random,2,2026-07-25T03:06:32+00:00
intadd_4_4_12_2_7nm_TT_0V75_25C_1333p33MHz,intadd,a_width=4;b_width=4;out_width=12;pipeline_stages=2,7nm,TT,0.75,25.0,0.75,1333.3333333333333,4,4,12,2,V-2023.12-SP4,36,23,13,6.160896,1.967616,4.19328,0.3611111111111111,0.6806282722513088,0.23,0.3,0.0,0,V-2023.12-SP4,36,23,13,6.16,1.97,4.19,8.1608,0.7549,0.3611111111111111,0.6801948051948052,0.19,0.34,0.0,0,V-2023.12-SP3,V-2023.12-SP4,0.06379,0.005321,4.1490000000000004e-05,0.06915,0.069111,0.051833250000000004,0.04833,0.0,0.0,0.04833,0.009382,0.001691,3.335e-05,0.01111,0.006078,0.00363,8.147e-06,0.009715999999999999,0.0,0.0,0.0,0.0,0.0,0.0,0.0,0.0,0.0,0.0,0.0,0.0,0.0,0.0,0.0,0.0,unvectored,none,2,2026-07-25T03:06:32+00:00
intadd_4_4_12_3_7nm_TT_0V75_25C_1333p33MHz,intadd,a_width=4;b_width=4;out_width=12;pipeline_stages=3,7nm,TT,0.75,25.0,0.75,1333.3333333333333,4,4,12,3,V-2023.12-SP4,62,39,23,10.386432,2.967552,7.41888,0.3709677419354839,0.7142857142857143,0.22,0.31,0.0,0,V-2023.12-SP4,60,37,23,10.32,2.9,7.42,14.5152,0.7111,0.38333333333333336,0.7189922480620154,0.19,0.34,0.0,0,V-2023.12-SP3,V-2023.12-SP4,0.10959999999999999,0.008808,7.227999999999999e-05,0.1185,0.11840799999999999,0.088806,0.08538,0.0,0.0,0.08538,0.01597,0.002963,5.9999999999999995e-05,0.019,0.008291000000000001,0.005845,1.229e-05,0.01415,0.0,0.0,0.0,0.0,0.0,0.0,0.0,0.0,0.0,0.0,0.0,0.0,0.0,0.0,0.0,0.0,unvectored,none,2,2026-07-25T03:06:34+00:00
intadd_4_4_12_2_7nm_TT_0V75_25C_1000MHz,intadd,a_width=4;b_width=4;out_width=12;pipeline_stages=2,7nm,TT,0.75,25.0,1.0,1000.0,4,4,12,2,V-2023.12-SP4,36,23,13,6.160896,1.967616,4.19328,0.3611111111111111,0.6806282722513088,0.02,0.46,0.0,0,V-2023.12-SP4,37,24,13,6.21,2.02,4.19,8.1608,0.7609,0.35135135135135137,0.674718196457327,0.32,0.51,0.0,0,V-2023.12-SP3,V-2023.12-SP4,0.049870000000000005,0.0107,4.185e-05,0.06062,0.060570000000000006,0.060570000000000006,0.03829,0.0067220000000000005,3.61e-07,0.045009999999999994,0.007026,0.001269,3.335e-05,0.008328,0.004558,0.0027140000000000003,8.147e-06,0.007279,0.0,0.0,0.0,0.0,0.0,0.0,0.0,0.0,0.0,0.0,0.0,0.0,0.0,0.0,0.0,0.0,unvectored,none,2,2026-07-25T03:06:34+00:00
intadd_4_4_12_3_5nm_TT_0V7_25C_1333p33MHz,intadd,a_width=4;b_width=4;out_width=12;pipeline_stages=3,5nm,TT,0.7,25.0,0.75,1333.3333333333333,4,4,12,3,V-2023.12-SP4,64,41,23,5.5776,1.7136,3.864,0.359375,0.6927710843373494,0.22,0.31,0.0,0,V-2023.12-SP4,64,41,23,5.58,1.71,3.86,7.5264,0.7411,0.359375,0.6917562724014337,0.19,0.34,0.0,0,V-2023.12-SP3,V-2023.12-SP4,0.1209,0.01777,5.1819999999999995e-05,0.13870000000000002,0.13867,0.1040025,0.07475,0.0,0.0,0.07475,0.03275,0.007531,3.8350000000000004e-05,0.04032,0.01339,0.01024,1.347e-05,0.02364,0.0,0.0,0.0,0.0,0.0,0.0,0.0,0.0,0.0,0.0,0.0,0.0,0.0,0.0,0.0,0.0,vectored,random,2,2026-07-25T03:06:35+00:00
intadd_4_4_12_2_7nm_TT_0V75_25C_1333p33MHz,intadd,a_width=4;b_width=4;out_width=12;pipeline_stages=2,7nm,TT,0.75,25.0,0.75,1333.3333333333333,4,4,12,2,V-2023.12-SP4,36,23,13,6.160896,1.967616,4.19328,0.3611111111111111,0.6806282722513088,0.23,0.3,0.0,0,V-2023.12-SP4,36,23,13,6.16,1.97,4.19,8.1608,0.7549,0.3611111111111111,0.6801948051948052,0.19,0.34,0.0,0,V-2023.12-SP3,V-2023.12-SP4,0.07878,0.01047,4.853e-05,0.0893,0.08925,0.0669375,0.0483,0.0,0.0,0.0483,0.02046,0.004213,3.9920000000000004e-05,0.02471,0.010020000000000001,0.006258,8.608e-06,0.016290000000000002,0.0,0.0,0.0,0.0,0.0,0.0,0.0,0.0,0.0,0.0,0.0,0.0,0.0,0.0,0.0,0.0,vectored,random,2,2026-07-25T03:06:38+00:00
intadd_4_4_12_3_7nm_TT_0V75_25C_1333p33MHz,intadd,a_width=4;b_width=4;out_width=12;pipeline_stages=3,7nm,TT,0.75,25.0,0.75,1333.3333333333333,4,4,12,3,V-2023.12-SP4,62,39,23,10.386432,2.967552,7.41888,0.3709677419354839,0.7142857142857143,0.22,0.31,0.0,0,V-2023.12-SP4,60,37,23,10.32,2.9,7.42,14.5152,0.7111,0.38333333333333336,0.7189922480620154,0.19,0.34,0.0,0,V-2023.12-SP3,V-2023.12-SP4,0.1344,0.016929999999999997,8.427e-05,0.1515,0.15133,0.1134975,0.08533,0.0,0.0,0.08533,0.03545,0.007417,7.105e-05,0.04294,0.01366,0.009513,1.322e-05,0.02319,0.0,0.0,0.0,0.0,0.0,0.0,0.0,0.0,0.0,0.0,0.0,0.0,0.0,0.0,0.0,0.0,vectored,random,2,2026-07-25T03:06:40+00:00
intadd_4_4_12_2_7nm_TT_0V75_25C_1000MHz,intadd,a_width=4;b_width=4;out_width=12;pipeline_stages=2,7nm,TT,0.75,25.0,1.0,1000.0,4,4,12,2,V-2023.12-SP4,36,23,13,6.160896,1.967616,4.19328,0.3611111111111111,0.6806282722513088,0.02,0.46,0.0,0,V-2023.12-SP4,37,24,13,6.21,2.02,4.19,8.1608,0.7609,0.35135135135135137,0.674718196457327,0.32,0.51,0.0,0,V-2023.12-SP3,V-2023.12-SP4,0.06159,0.01505,4.915e-05,0.07669,0.07664,0.07664,0.03827,0.0067220000000000005,3.61e-07,0.04499,0.015569999999999999,0.0031609999999999997,4.018e-05,0.018770000000000002,0.007756,0.005169999999999999,8.606e-06,0.01293,0.0,0.0,0.0,0.0,0.0,0.0,0.0,0.0,0.0,0.0,0.0,0.0,0.0,0.0,0.0,0.0,vectored,random,2,2026-07-25T03:06:40+00:00
intadd_4_4_12_3_20nm_TT_0V9_25C_666p667MHz,intadd,a_width=4;b_width=4;out_width=12;pipeline_stages=3,20nm,TT,0.9,25.0,1.5,666.6666666666666,4,4,12,3,V-2023.12-SP4,62,39,23,68.0064,19.4304,48.576,0.3709677419354839,0.7142857142857143,0.69,0.56,0.0,0,V-2023.12-SP4,62,39,23,73.18,24.6,48.58,93.7728,0.7804,0.3709677419354839,0.6638425799398742,0.6,0.66,0.0,0,V-2023.12-SP3,V-2023.12-SP4,0.1439,0.01782,0.0516,0.21330000000000002,0.16172,0.24258000000000002,0.1187,0.01048,0.05155,0.1807,0.016710000000000003,0.002493,3.5560000000000005e-05,0.01924,0.008467,0.004843999999999999,1.993e-05,0.01333,0.0,0.0,0.0,0.0,0.0,0.0,0.0,0.0,0.0,0.0,0.0,0.0,0.0,0.0,0.0,0.0,unvectored,none,2,2026-07-25T03:07:47+00:00
intadd_4_4_12_3_20nm_TT_0V9_25C_666p667MHz,intadd,a_width=4;b_width=4;out_width=12;pipeline_stages=3,20nm,TT,0.9,25.0,1.5,666.6666666666666,4,4,12,3,V-2023.12-SP4,62,39,23,68.0064,19.4304,48.576,0.3709677419354839,0.7142857142857143,0.69,0.56,0.0,0,V-2023.12-SP4,62,39,23,73.18,24.6,48.58,93.7728,0.7804,0.3709677419354839,0.6638425799398742,0.6,0.66,0.0,0,V-2023.12-SP3,V-2023.12-SP4,0.16990000000000002,0.02446,0.05161,0.24600000000000002,0.19436000000000003,0.29154,0.1189,0.01048,0.05155,0.18100000000000002,0.037169999999999995,0.006239,4.219e-05,0.04345,0.01379,0.007741,2.294e-05,0.02155,0.0,0.0,0.0,0.0,0.0,0.0,0.0,0.0,0.0,0.0,0.0,0.0,0.0,0.0,0.0,0.0,vectored,random,2,2026-07-25T03:07:54+00:00
intadd_4_4_12_3_10nm_TT_0V8_25C_800MHz,intadd,a_width=4;b_width=4;out_width=12;pipeline_stages=3,10nm,TT,0.8,25.0,1.25,800.0,4,4,12,3,V-2023.12-SP4,62,39,23,19.783681,5.65248,14.131201,0.3709677419354839,0.7142857287276316,0.02,0.59,0.0,0,V-2023.12-SP4,63,40,23,21.57,7.43,14.13,26.3578,0.8182,0.36507936507936506,0.655076495132128,0.45,0.68,0.0,0,V-2023.12-SP3,V-2023.12-SP4,0.1192,0.02555,6.358e-05,0.14479999999999998,0.14475,0.18093749999999997,0.1005,0.01913,1.381e-05,0.1196,0.012140000000000001,0.002203,3.3950000000000005e-05,0.014379999999999999,0.006518,0.004215,1.5819999999999998e-05,0.010750000000000001,0.0,0.0,0.0,0.0,0.0,0.0,0.0,0.0,0.0,0.0,0.0,0.0,0.0,0.0,0.0,0.0,unvectored,none,2,2026-07-25T03:08:22+00:00
intadd_4_4_12_3_16nm_TT_0V85_25C_800MHz,intadd,a_width=4;b_width=4;out_width=12;pipeline_stages=3,16nm,TT,0.85,25.0,1.25,800.0,4,4,12,3,V-2023.12-SP4,62,39,23,40.061954,11.446272,28.615681,0.3709677419354839,0.7142857035879977,0.47,0.54,0.0,0,V-2023.12-SP4,63,40,23,41.31,11.82,29.49,56.6093,0.7297,0.36507936507936506,0.7138707334785765,0.46,0.56,0.0,0,V-2023.12-SP3,V-2023.12-SP4,0.1197,0.015760000000000003,0.0001141,0.13549999999999998,0.13546,0.169325,0.09349,0.008082,1.703e-06,0.10160000000000001,0.0177,0.0025849999999999996,9.577e-05,0.020380000000000002,0.008489,0.005091999999999999,1.665e-05,0.013600000000000001,0.0,0.0,0.0,0.0,0.0,0.0,0.0,0.0,0.0,0.0,0.0,0.0,0.0,0.0,0.0,0.0,unvectored,none,2,2026-07-25T03:08:28+00:00
intadd_4_4_12_3_10nm_TT_0V8_25C_800MHz,intadd,a_width=4;b_width=4;out_width=12;pipeline_stages=3,10nm,TT,0.8,25.0,1.25,800.0,4,4,12,3,V-2023.12-SP4,62,39,23,19.783681,5.65248,14.131201,0.3709677419354839,0.7142857287276316,0.02,0.59,0.0,0,V-2023.12-SP4,63,40,23,21.57,7.43,14.13,26.3578,0.8182,0.36507936507936506,0.655076495132128,0.45,0.68,0.0,0,V-2023.12-SP3,V-2023.12-SP4,0.1381,0.03131,6.812e-05,0.1695,0.16941,0.21176250000000002,0.1004,0.01913,1.381e-05,0.1196,0.02724,0.005511,3.683e-05,0.03279,0.01038,0.006669,1.748e-05,0.01706,0.0,0.0,0.0,0.0,0.0,0.0,0.0,0.0,0.0,0.0,0.0,0.0,0.0,0.0,0.0,0.0,vectored,random,2,2026-07-25T03:08:28+00:00
intadd_4_4_12_5_20nm_TT_0V9_25C_1000MHz,intadd,a_width=4;b_width=4;out_width=12;pipeline_stages=5,20nm,TT,0.9,25.0,1.0,1000.0,4,4,12,5,V-2023.12-SP4,116,72,44,131.999999,39.072,92.927999,0.3793103448275862,0.7039999977575757,0.74,0.03,0.0,0,V-2023.12-SP4,121,77,44,136.12,43.19,92.93,186.7008,0.7291,0.36363636363636365,0.68270643549809,0.35,0.41,0.0,0,V-2023.12-SP3,V-2023.12-SP4,0.3725,0.03868,0.05165,0.4629,0.41118,0.41118,0.3014,0.01833,0.05155,0.37120000000000003,0.04703,0.007396,6.662999999999999e-05,0.054490000000000004,0.024139999999999998,0.01296,4.1939999999999995e-05,0.03714,0.0,0.0,0.0,0.0,0.0,0.0,0.0,0.0,0.0,0.0,0.0,0.0,0.0,0.0,0.0,0.0,unvectored,none,2,2026-07-25T03:08:30+00:00
intadd_4_4_12_5_10nm_TT_0V8_25C_1333p33MHz,intadd,a_width=4;b_width=4;out_width=12;pipeline_stages=5,10nm,TT,0.8,25.0,0.75,1333.3333333333333,4,4,12,5,V-2023.12-SP4,111,68,43,36.864001,10.4448,26.419201,0.38738738738738737,0.716666674352575,0.3,0.23,0.0,0,V-2023.12-SP4,115,72,43,36.25,9.83,26.42,49.7664,0.7284,0.3739130434782609,0.7288275862068966,0.2,0.34,0.0,0,V-2023.12-SP3,V-2023.12-SP4,0.257,0.018070000000000003,9.375e-05,0.2752,0.27507000000000004,0.20630250000000003,0.2016,0.0,0.0,0.2016,0.03696,0.006599,6.292e-05,0.04362,0.01848,0.011470000000000001,3.083e-05,0.02998,0.0,0.0,0.0,0.0,0.0,0.0,0.0,0.0,0.0,0.0,0.0,0.0,0.0,0.0,0.0,0.0,unvectored,none,2,2026-07-25T03:08:31+00:00
intadd_4_4_12_3_16nm_TT_0V85_25C_800MHz,intadd,a_width=4;b_width=4;out_width=12;pipeline_stages=3,16nm,TT,0.85,25.0,1.25,800.0,4,4,12,3,V-2023.12-SP4,62,39,23,40.061954,11.446272,28.615681,0.3709677419354839,0.7142857035879977,0.47,0.54,0.0,0,V-2023.12-SP4,63,40,23,41.31,11.82,29.49,56.6093,0.7297,0.36507936507936506,0.7138707334785765,0.46,0.56,0.0,0,V-2023.12-SP3,V-2023.12-SP4,0.149,0.023620000000000002,0.0001015,0.1728,0.17262,0.215775,0.09377,0.008082,1.703e-06,0.10189999999999999,0.040389999999999995,0.006468,8.069e-05,0.04694,0.01489,0.009071,1.9070000000000002e-05,0.02398,0.0,0.0,0.0,0.0,0.0,0.0,0.0,0.0,0.0,0.0,0.0,0.0,0.0,0.0,0.0,0.0,vectored,random,2,2026-07-25T03:08:34+00:00
intadd_4_4_12_3_5nm_TT_0V7_25C_1000MHz,intadd,a_width=4;b_width=4;out_width=12;pipeline_stages=3,5nm,TT,0.7,25.0,1.0,1000.0,4,4,12,3,V-2023.12-SP4,64,41,23,5.5776,1.7136,3.864,0.359375,0.6927710843373494,0.02,0.47,0.0,0,V-2023.12-SP4,65,42,23,5.61,1.75,3.86,7.5264,0.7455,0.35384615384615387,0.6880570409982174,0.32,0.51,0.0,0,V-2023.12-SP3,V-2023.12-SP4,0.07493,0.01893,5.4959999999999996e-05,0.09391999999999999,0.09386,0.09386,0.05738,0.01201,5.363e-07,0.06939,0.01114,0.002246,4.23e-05,0.013430000000000001,0.006418,0.004676,1.213e-05,0.01111,0.0,0.0,0.0,0.0,0.0,0.0,0.0,0.0,0.0,0.0,0.0,0.0,0.0,0.0,0.0,0.0,unvectored,none,2,2026-07-25T03:08:34+00:00
intadd_4_4_12_5_10nm_TT_0V8_25C_800MHz,intadd,a_width=4;b_width=4;out_width=12;pipeline_stages=5,10nm,TT,0.8,25.0,1.25,800.0,4,4,12,5,V-2023.12-SP4,111,68,43,36.864001,10.4448,26.419201,0.38738738738738737,0.716666674352575,0.02,0.59,0.0,0,V-2023.12-SP4,116,73,43,36.37,9.95,26.42,49.7664,0.7309,0.3706896551724138,0.7264228759967006,0.45,0.67,0.0,0,V-2023.12-SP3,V-2023.12-SP4,0.1799,0.03347,9.447999999999999e-05,0.2134,0.21337,0.2667125,0.14650000000000002,0.02262,7.27e-07,0.1691,0.022260000000000002,0.0039700000000000004,6.292e-05,0.0263,0.011090000000000001,0.006881,3.083e-05,0.018000000000000002,0.0,0.0,0.0,0.0,0.0,0.0,0.0,0.0,0.0,0.0,0.0,0.0,0.0,0.0,0.0,0.0,unvectored,none,2,2026-07-25T03:08:34+00:00
intadd_4_4_12_5_20nm_TT_0V9_25C_666p667MHz,intadd,a_width=4;b_width=4;out_width=12;pipeline_stages=5,20nm,TT,0.9,25.0,1.5,666.6666666666666,4,4,12,5,V-2023.12-SP4,116,72,44,131.999999,39.072,92.927999,0.3793103448275862,0.7039999977575757,0.76,0.51,0.0,0,V-2023.12-SP4,120,76,44,140.34,47.41,92.93,186.7008,0.7517,0.36666666666666664,0.6621775687615791,0.6,0.69,0.0,0,V-2023.12-SP3,V-2023.12-SP4,0.2727,0.04003,0.1032,0.41590000000000005,0.31273,0.46909500000000004,0.2256,0.026690000000000002,0.1031,0.3553,0.031420000000000003,0.0047480000000000005,6.665000000000001e-05,0.03624,0.015710000000000002,0.008594,4.114e-05,0.02434,0.0,0.0,0.0,0.0,0.0,0.0,0.0,0.0,0.0,0.0,0.0,0.0,0.0,0.0,0.0,0.0,unvectored,none,2,2026-07-25T03:08:36+00:00
intadd_4_4_12_5_16nm_TT_0V85_25C_1333p33MHz,intadd,a_width=4;b_width=4;out_width=12;pipeline_stages=5,16nm,TT,0.85,25.0,0.75,1333.3333333333333,4,4,12,5,V-2023.12-SP4,116,72,44,77.760003,23.01696,54.743042,0.3793103448275862,0.7039999985596709,0.51,0.01,0.0,0,V-2023.12-SP4,117,73,44,77.39,21.77,55.61,108.6152,0.7125,0.37606837606837606,0.7185682904768058,0.21,0.31,0.0,0,V-2023.12-SP3,V-2023.12-SP4,0.3615,0.02368,0.000246,0.3855,0.38517999999999997,0.28888499999999995,0.2823,0.0,0.0,0.2823,0.05333,0.008472,0.0002121,0.062020000000000006,0.02587,0.01521,3.393e-05,0.04111,0.0,0.0,0.0,0.0,0.0,0.0,0.0,0.0,0.0,0.0,0.0,0.0,0.0,0.0,0.0,0.0,unvectored,none,2,2026-07-25T03:08:36+00:00
intadd_4_4_12_5_20nm_TT_0V9_25C_1000MHz,intadd,a_width=4;b_width=4;out_width=12;pipeline_stages=5,20nm,TT,0.9,25.0,1.0,1000.0,4,4,12,5,V-2023.12-SP4,116,72,44,131.999999,39.072,92.927999,0.3793103448275862,0.7039999977575757,0.74,0.03,0.0,0,V-2023.12-SP4,121,77,44,136.12,43.19,92.93,186.7008,0.7291,0.36363636363636365,0.68270643549809,0.35,0.41,0.0,0,V-2023.12-SP3,V-2023.12-SP4,0.4505,0.05885,0.05167,0.5609999999999999,0.50935,0.50935,0.30229999999999996,0.01833,0.05155,0.3722,0.1066,0.01855,8.117000000000001e-05,0.1252,0.04163,0.02197,4.75e-05,0.06365,0.0,0.0,0.0,0.0,0.0,0.0,0.0,0.0,0.0,0.0,0.0,0.0,0.0,0.0,0.0,0.0,vectored,random,2,2026-07-25T03:08:36+00:00
intadd_4_4_12_5_10nm_TT_0V8_25C_1333p33MHz,intadd,a_width=4;b_width=4;out_width=12;pipeline_stages=5,10nm,TT,0.8,25.0,0.75,1333.3333333333333,4,4,12,5,V-2023.12-SP4,111,68,43,36.864001,10.4448,26.419201,0.38738738738738737,0.716666674352575,0.3,0.23,0.0,0,V-2023.12-SP4,115,72,43,36.25,9.83,26.42,49.7664,0.7284,0.3739130434782609,0.7288275862068966,0.2,0.34,0.0,0,V-2023.12-SP3,V-2023.12-SP4,0.3168,0.0357,0.0001018,0.3526,0.35250000000000004,0.264375,0.2014,0.0,0.0,0.2014,0.08355,0.01653,6.814e-05,0.1002,0.03184,0.01916,3.37e-05,0.05104,0.0,0.0,0.0,0.0,0.0,0.0,0.0,0.0,0.0,0.0,0.0,0.0,0.0,0.0,0.0,0.0,vectored,random,2,2026-07-25T03:08:37+00:00
intadd_4_4_12_5_16nm_TT_0V85_25C_800MHz,intadd,a_width=4;b_width=4;out_width=12;pipeline_stages=5,16nm,TT,0.85,25.0,1.25,800.0,4,4,12,5,V-2023.12-SP4,116,72,44,77.760003,23.01696,54.743042,0.3793103448275862,0.7039999985596709,0.51,0.51,0.0,0,V-2023.12-SP4,118,74,44,77.45,21.71,55.74,108.6152,0.7131,0.3728813559322034,0.7196901226597805,0.46,0.56,0.0,0,V-2023.12-SP3,V-2023.12-SP4,0.2172,0.01412,0.0002417,0.2316,0.23132,0.28915,0.1693,0.0,0.0,0.1693,0.03222,0.0050479999999999995,0.0002073,0.03748,0.01567,0.009075999999999999,3.4399999999999996e-05,0.02478,0.0,0.0,0.0,0.0,0.0,0.0,0.0,0.0,0.0,0.0,0.0,0.0,0.0,0.0,0.0,0.0,unvectored,none,2,2026-07-25T03:08:37+00:00
intadd_4_4_12_3_5nm_TT_0V7_25C_1000MHz,intadd,a_width=4;b_width=4;out_width=12;pipeline_stages=3,5nm,TT,0.7,25.0,1.0,1000.0,4,4,12,3,V-2023.12-SP4,64,41,23,5.5776,1.7136,3.864,0.359375,0.6927710843373494,0.02,0.47,0.0,0,V-2023.12-SP4,65,42,23,5.61,1.75,3.86,7.5264,0.7455,0.35384615384615387,0.6880570409982174,0.32,0.51,0.0,0,V-2023.12-SP3,V-2023.12-SP4,0.09257,0.02544,5.207e-05,0.1181,0.11801,0.11801,0.05772,0.01201,5.363e-07,0.06973,0.0247,0.00562,3.806e-05,0.03035,0.01015,0.007806,1.347e-05,0.01797,0.0,0.0,0.0,0.0,0.0,0.0,0.0,0.0,0.0,0.0,0.0,0.0,0.0,0.0,0.0,0.0,vectored,random,2,2026-07-25T03:08:41+00:00
intadd_4_4_12_5_10nm_TT_0V8_25C_800MHz,intadd,a_width=4;b_width=4;out_width=12;pipeline_stages=5,10nm,TT,0.8,25.0,1.25,800.0,4,4,12,5,V-2023.12-SP4,111,68,43,36.864001,10.4448,26.419201,0.38738738738738737,0.716666674352575,0.02,0.59,0.0,0,V-2023.12-SP4,116,73,43,36.37,9.95,26.42,49.7664,0.7309,0.3706896551724138,0.7264228759967006,0.45,0.67,0.0,0,V-2023.12-SP3,V-2023.12-SP4,0.21680000000000002,0.04418,0.0001037,0.2611,0.26098,0.326225,0.1464,0.02262,7.27e-07,0.16899999999999998,0.05121,0.009947,6.925e-05,0.06122,0.019190000000000002,0.01162,3.37e-05,0.030840000000000003,0.0,0.0,0.0,0.0,0.0,0.0,0.0,0.0,0.0,0.0,0.0,0.0,0.0,0.0,0.0,0.0,vectored,random,2,2026-07-25T03:08:41+00:00
intadd_4_4_12_5_5nm_TT_0V7_25C_1333p33MHz,intadd,a_width=4;b_width=4;out_width=12;pipeline_stages=5,5nm,TT,0.7,25.0,0.75,1333.3333333333333,4,4,12,5,V-2023.12-SP4,114,71,43,10.416,3.192,7.224,0.37719298245614036,0.6935483870967741,0.22,0.31,0.0,0,V-2023.12-SP4,113,70,43,10.38,3.16,7.22,14.2296,0.7296,0.3805309734513274,0.6955684007707128,0.19,0.34,0.0,0,V-2023.12-SP3,V-2023.12-SP4,0.1794,0.01541,0.0001022,0.1949,0.19481,0.1461075,0.1374,0.0,0.0,0.1374,0.02707,0.005947999999999999,7.910999999999999e-05,0.03309,0.014960000000000001,0.009463000000000001,2.3140000000000002e-05,0.024450000000000003,0.0,0.0,0.0,0.0,0.0,0.0,0.0,0.0,0.0,0.0,0.0,0.0,0.0,0.0,0.0,0.0,unvectored,none,2,2026-07-25T03:08:41+00:00
intadd_4_4_12_5_20nm_TT_0V9_25C_666p667MHz,intadd,a_width=4;b_width=4;out_width=12;pipeline_stages=5,20nm,TT,0.9,25.0,1.5,666.6666666666666,4,4,12,5,V-2023.12-SP4,116,72,44,131.999999,39.072,92.927999,0.3793103448275862,0.7039999977575757,0.76,0.51,0.0,0,V-2023.12-SP4,120,76,44,140.34,47.41,92.93,186.7008,0.7517,0.36666666666666664,0.6621775687615791,0.6,0.69,0.0,0,V-2023.12-SP3,V-2023.12-SP4,0.3259,0.053739999999999996,0.1032,0.4829,0.37964000000000003,0.5694600000000001,0.2258,0.026690000000000002,0.1031,0.3556,0.07155,0.011909999999999999,8.11e-05,0.08354,0.02858,0.01514,4.6649999999999996e-05,0.04377,0.0,0.0,0.0,0.0,0.0,0.0,0.0,0.0,0.0,0.0,0.0,0.0,0.0,0.0,0.0,0.0,vectored,random,2,2026-07-25T03:08:42+00:00
intadd_4_4_12_5_16nm_TT_0V85_25C_1333p33MHz,intadd,a_width=4;b_width=4;out_width=12;pipeline_stages=5,16nm,TT,0.85,25.0,0.75,1333.3333333333333,4,4,12,5,V-2023.12-SP4,116,72,44,77.760003,23.01696,54.743042,0.3793103448275862,0.7039999985596709,0.51,0.01,0.0,0,V-2023.12-SP4,117,73,44,77.39,21.77,55.61,108.6152,0.7125,0.37606837606837606,0.7185682904768058,0.21,0.31,0.0,0,V-2023.12-SP3,V-2023.12-SP4,0.4491,0.04675,0.0002119,0.4961,0.49585,0.37188750000000004,0.2836,0.0,0.0,0.2836,0.1215,0.02125,0.0001736,0.1429,0.044070000000000005,0.0255,3.837e-05,0.06961,0.0,0.0,0.0,0.0,0.0,0.0,0.0,0.0,0.0,0.0,0.0,0.0,0.0,0.0,0.0,0.0,vectored,random,2,2026-07-25T03:08:42+00:00
intadd_4_4_12_5_16nm_TT_0V85_25C_800MHz,intadd,a_width=4;b_width=4;out_width=12;pipeline_stages=5,16nm,TT,0.85,25.0,1.25,800.0,4,4,12,5,V-2023.12-SP4,116,72,44,77.760003,23.01696,54.743042,0.3793103448275862,0.7039999985596709,0.51,0.51,0.0,0,V-2023.12-SP4,118,74,44,77.45,21.71,55.74,108.6152,0.7131,0.3728813559322034,0.7196901226597805,0.46,0.56,0.0,0,V-2023.12-SP3,V-2023.12-SP4,0.2714,0.02827,0.00020940000000000002,0.2999,0.29967,0.37458749999999996,0.1701,0.0,0.0,0.1701,0.07363,0.012660000000000001,0.0001706,0.08646,0.02773,0.01561,3.881e-05,0.04338,0.0,0.0,0.0,0.0,0.0,0.0,0.0,0.0,0.0,0.0,0.0,0.0,0.0,0.0,0.0,0.0,vectored,random,2,2026-07-25T03:08:44+00:00
intadd_4_4_12_5_5nm_TT_0V7_25C_1000MHz,intadd,a_width=4;b_width=4;out_width=12;pipeline_stages=5,5nm,TT,0.7,25.0,1.0,1000.0,4,4,12,5,V-2023.12-SP4,114,71,43,10.416,3.192,7.224,0.37719298245614036,0.6935483870967741,0.02,0.47,0.0,0,V-2023.12-SP4,114,71,43,10.42,3.19,7.22,14.2296,0.732,0.37719298245614036,0.6928982725527831,0.32,0.53,0.0,0,V-2023.12-SP3,V-2023.12-SP4,0.1426,0.03415000000000001,0.00010279999999999999,0.17679999999999998,0.17675000000000002,0.17675000000000002,0.11120000000000001,0.02242,5.363e-07,0.1336,0.020210000000000002,0.004536,7.912e-05,0.02483,0.011179999999999999,0.007189999999999999,2.3140000000000002e-05,0.01839,0.0,0.0,0.0,0.0,0.0,0.0,0.0,0.0,0.0,0.0,0.0,0.0,0.0,0.0,0.0,0.0,unvectored,none,2,2026-07-25T03:08:44+00:00
intadd_4_4_12_3_7nm_TT_0V75_25C_1000MHz,intadd,a_width=4;b_width=4;out_width=12;pipeline_stages=3,7nm,TT,0.75,25.0,1.0,1000.0,4,4,12,3,V-2023.12-SP4,62,39,23,10.386432,2.967552,7.41888,0.3709677419354839,0.7142857142857143,0.02,0.46,0.0,0,V-2023.12-SP4,63,40,23,11.32,3.9,7.42,14.5152,0.78,0.36507936507936506,0.6554770318021201,0.32,0.55,0.0,0,V-2023.12-SP3,V-2023.12-SP4,0.1149,0.02673,8.326e-05,0.1418,0.14163,0.14163,0.09676,0.02006,1.097e-05,0.1168,0.01196,0.002248,5.9999999999999995e-05,0.014270000000000001,0.006219,0.004423,1.229e-05,0.01065,0.0,0.0,0.0,0.0,0.0,0.0,0.0,0.0,0.0,0.0,0.0,0.0,0.0,0.0,0.0,0.0,unvectored,none,2,2026-07-25T03:08:46+00:00
intadd_4_4_12_5_5nm_TT_0V7_25C_1333p33MHz,intadd,a_width=4;b_width=4;out_width=12;pipeline_stages=5,5nm,TT,0.7,25.0,0.75,1333.3333333333333,4,4,12,5,V-2023.12-SP4,114,71,43,10.416,3.192,7.224,0.37719298245614036,0.6935483870967741,0.22,0.31,0.0,0,V-2023.12-SP4,113,70,43,10.38,3.16,7.22,14.2296,0.7296,0.3805309734513274,0.6955684007707128,0.19,0.34,0.0,0,V-2023.12-SP3,V-2023.12-SP4,0.2239,0.03121,9.706e-05,0.25520000000000004,0.25511,0.19133250000000002,0.1383,0.0,0.0,0.1383,0.060739999999999995,0.01492,7.16e-05,0.07572999999999999,0.02489,0.016290000000000002,2.546e-05,0.041210000000000004,0.0,0.0,0.0,0.0,0.0,0.0,0.0,0.0,0.0,0.0,0.0,0.0,0.0,0.0,0.0,0.0,vectored,random,2,2026-07-25T03:08:47+00:00
intadd_4_4_12_5_5nm_TT_0V7_25C_1000MHz,intadd,a_width=4;b_width=4;out_width=12;pipeline_stages=5,5nm,TT,0.7,25.0,1.0,1000.0,4,4,12,5,V-2023.12-SP4,114,71,43,10.416,3.192,7.224,0.37719298245614036,0.6935483870967741,0.02,0.47,0.0,0,V-2023.12-SP4,114,71,43,10.42,3.19,7.22,14.2296,0.732,0.37719298245614036,0.6928982725527831,0.32,0.53,0.0,0,V-2023.12-SP3,V-2023.12-SP4,0.1761,0.0457,9.653e-05,0.2219,0.2218,0.2218,0.1119,0.02242,5.363e-07,0.1343,0.04573,0.01138,7.052999999999999e-05,0.057179999999999995,0.01853,0.011909999999999999,2.546e-05,0.03046,0.0,0.0,0.0,0.0,0.0,0.0,0.0,0.0,0.0,0.0,0.0,0.0,0.0,0.0,0.0,0.0,vectored,random,2,2026-07-25T03:08:51+00:00
intadd_4_4_12_3_7nm_TT_0V75_25C_1000MHz,intadd,a_width=4;b_width=4;out_width=12;pipeline_stages=3,7nm,TT,0.75,25.0,1.0,1000.0,4,4,12,3,V-2023.12-SP4,62,39,23,10.386432,2.967552,7.41888,0.3709677419354839,0.7142857142857143,0.02,0.46,0.0,0,V-2023.12-SP4,63,40,23,11.32,3.9,7.42,14.5152,0.78,0.36507936507936506,0.6554770318021201,0.32,0.55,0.0,0,V-2023.12-SP3,V-2023.12-SP4,0.1334,0.032690000000000004,9.570000000000001e-05,0.16620000000000001,0.16609,0.16609,0.09673000000000001,0.02006,1.097e-05,0.1168,0.026590000000000003,0.005625000000000001,7.151e-05,0.03229,0.01005,0.007006,1.322e-05,0.017070000000000002,0.0,0.0,0.0,0.0,0.0,0.0,0.0,0.0,0.0,0.0,0.0,0.0,0.0,0.0,0.0,0.0,vectored,random,2,2026-07-25T03:08:53+00:00
intadd_4_4_12_5_7nm_TT_0V75_25C_1333p33MHz,intadd,a_width=4;b_width=4;out_width=12;pipeline_stages=5,7nm,TT,0.75,25.0,0.75,1333.3333333333333,4,4,12,5,V-2023.12-SP4,113,70,43,19.385856,5.515776,13.870081,0.3805309734513274,0.7154742612345826,0.23,0.3,0.0,0,V-2023.12-SP4,114,71,43,19.01,5.14,13.87,26.4499,0.7189,0.37719298245614036,0.7296159915833771,0.19,0.34,0.0,0,V-2023.12-SP3,V-2023.12-SP4,0.2016,0.01522,0.0001338,0.21689999999999998,0.21682,0.162615,0.1585,0.0,0.0,0.1585,0.02916,0.0055439999999999994,0.0001099,0.034820000000000004,0.01393,0.009680999999999999,2.394e-05,0.023629999999999998,0.0,0.0,0.0,0.0,0.0,0.0,0.0,0.0,0.0,0.0,0.0,0.0,0.0,0.0,0.0,0.0,unvectored,none,2,2026-07-25T03:08:55+00:00
intadd_4_4_12_5_7nm_TT_0V75_25C_1000MHz,intadd,a_width=4;b_width=4;out_width=12;pipeline_stages=5,7nm,TT,0.75,25.0,1.0,1000.0,4,4,12,5,V-2023.12-SP4,113,70,43,19.385856,5.515776,13.870081,0.3805309734513274,0.7154742612345826,0.02,0.46,0.0,0,V-2023.12-SP4,116,73,43,19.14,5.27,13.87,26.4499,0.7238,0.3706896551724138,0.7246603970741902,0.32,0.55,0.0,0,V-2023.12-SP3,V-2023.12-SP4,0.1674,0.0344,0.000135,0.202,0.20179999999999998,0.20179999999999998,0.1351,0.02298,1.155e-06,0.1581,0.02189,0.004156,0.0001099,0.02615,0.01044,0.0072629999999999995,2.394e-05,0.017730000000000003,0.0,0.0,0.0,0.0,0.0,0.0,0.0,0.0,0.0,0.0,0.0,0.0,0.0,0.0,0.0,0.0,unvectored,none,2,2026-07-25T03:08:55+00:00
intadd_4_4_12_5_7nm_TT_0V75_25C_1333p33MHz,intadd,a_width=4;b_width=4;out_width=12;pipeline_stages=5,7nm,TT,0.75,25.0,0.75,1333.3333333333333,4,4,12,5,V-2023.12-SP4,113,70,43,19.385856,5.515776,13.870081,0.3805309734513274,0.7154742612345826,0.23,0.3,0.0,0,V-2023.12-SP4,114,71,43,19.01,5.14,13.87,26.4499,0.7189,0.37719298245614036,0.7296159915833771,0.19,0.34,0.0,0,V-2023.12-SP3,V-2023.12-SP4,0.2495,0.03043,0.0001582,0.28009999999999996,0.27993,0.2099475,0.1584,0.0,0.0,0.1584,0.06616999999999999,0.013890000000000001,0.0001329,0.0802,0.02493,0.01654,2.534e-05,0.04149,0.0,0.0,0.0,0.0,0.0,0.0,0.0,0.0,0.0,0.0,0.0,0.0,0.0,0.0,0.0,0.0,vectored,random,2,2026-07-25T03:09:01+00:00
intadd_4_4_12_5_7nm_TT_0V75_25C_1000MHz,intadd,a_width=4;b_width=4;out_width=12;pipeline_stages=5,7nm,TT,0.75,25.0,1.0,1000.0,4,4,12,5,V-2023.12-SP4,113,70,43,19.385856,5.515776,13.870081,0.3805309734513274,0.7154742612345826,0.02,0.46,0.0,0,V-2023.12-SP4,116,73,43,19.14,5.27,13.87,26.4499,0.7238,0.3706896551724138,0.7246603970741902,0.32,0.55,0.0,0,V-2023.12-SP3,V-2023.12-SP4,0.2042,0.04586,0.0001611,0.25020000000000003,0.25006,0.25006,0.135,0.02298,1.155e-06,0.158,0.05029,0.01041,0.0001346,0.06084,0.01882,0.012469999999999998,2.534e-05,0.03131,0.0,0.0,0.0,0.0,0.0,0.0,0.0,0.0,0.0,0.0,0.0,0.0,0.0,0.0,0.0,0.0,vectored,random,2,2026-07-25T03:09:02+00:00
intadd_6_6_6_2_20nm_TT_0V9_25C_1000MHz,intadd,a_width=6;b_width=6;out_width=6;pipeline_stages=2,20nm,TT,0.9,25.0,1.0,1000.0,6,6,6,2,V-2023.12-SP4,68,50,18,57.7632,19.7472,38.016,0.2647058823529412,0.6581352833638026,0.65,0.11,0.0,0,V-2023.12-SP4,65,47,18,57.02,19.01,38.02,78.9888,0.7219,0.27692307692307694,0.6667835847071203,0.36,0.41,0.0,0,V-2023.12-SP3,V-2023.12-SP4,0.13999999999999999,0.01007,5.15e-05,0.15009999999999998,0.15006999999999998,0.15006999999999998,0.10629999999999999,0.0,0.0,0.10629999999999999,0.020360000000000003,0.001953,2.7249999999999998e-05,0.02234,0.01327,0.00812,2.425e-05,0.02142,0.0,0.0,0.0,0.0,0.0,0.0,0.0,0.0,0.0,0.0,0.0,0.0,0.0,0.0,0.0,0.0,unvectored,none,2,2026-07-25T03:09:56+00:00
intadd_6_6_6_2_20nm_TT_0V9_25C_1000MHz,intadd,a_width=6;b_width=6;out_width=6;pipeline_stages=2,20nm,TT,0.9,25.0,1.0,1000.0,6,6,6,2,V-2023.12-SP4,68,50,18,57.7632,19.7472,38.016,0.2647058823529412,0.6581352833638026,0.65,0.11,0.0,0,V-2023.12-SP4,65,47,18,57.02,19.01,38.02,78.9888,0.7219,0.27692307692307694,0.6667835847071203,0.36,0.41,0.0,0,V-2023.12-SP3,V-2023.12-SP4,0.1719,0.01859,5.897e-05,0.1905,0.19049,0.19049,0.1071,0.0,0.0,0.1071,0.04345,0.004873,3.2749999999999996e-05,0.048350000000000004,0.02139,0.013720000000000001,2.621e-05,0.035129999999999995,0.0,0.0,0.0,0.0,0.0,0.0,0.0,0.0,0.0,0.0,0.0,0.0,0.0,0.0,0.0,0.0,vectored,random,2,2026-07-25T03:10:03+00:00
intadd_6_6_6_2_10nm_TT_0V8_25C_1333p33MHz,intadd,a_width=6;b_width=6;out_width=6;pipeline_stages=2,10nm,TT,0.8,25.0,0.75,1333.3333333333333,6,6,6,2,V-2023.12-SP4,48,30,18,16.373761,5.31456,11.059201,0.375,0.6754221586598217,0.34,0.19,0.0,0,V-2023.12-SP4,48,30,18,16.37,5.31,11.06,22.1184,0.7403,0.375,0.6756261453879047,0.2,0.34,0.0,0,V-2023.12-SP3,V-2023.12-SP4,0.11270000000000001,0.008926,4.139e-05,0.1217,0.12162600000000001,0.09121950000000001,0.08462,0.0,0.0,0.08462,0.016460000000000002,0.002945,2.637e-05,0.01943,0.01167,0.005981,1.5020000000000002e-05,0.01766,0.0,0.0,0.0,0.0,0.0,0.0,0.0,0.0,0.0,0.0,0.0,0.0,0.0,0.0,0.0,0.0,unvectored,none,2,2026-07-25T03:10:27+00:00
intadd_6_6_6_2_10nm_TT_0V8_25C_1333p33MHz,intadd,a_width=6;b_width=6;out_width=6;pipeline_stages=2,10nm,TT,0.8,25.0,0.75,1333.3333333333333,6,6,6,2,V-2023.12-SP4,48,30,18,16.373761,5.31456,11.059201,0.375,0.6754221586598217,0.34,0.19,0.0,0,V-2023.12-SP4,48,30,18,16.37,5.31,11.06,22.1184,0.7403,0.375,0.6756261453879047,0.2,0.34,0.0,0,V-2023.12-SP3,V-2023.12-SP4,0.1394,0.01787,4.461e-05,0.1573,0.15727,0.11795249999999999,0.08455,0.0,0.0,0.08455,0.03598,0.007337000000000001,2.841e-05,0.043340000000000004,0.018879999999999997,0.010530000000000001,1.6210000000000002e-05,0.02943,0.0,0.0,0.0,0.0,0.0,0.0,0.0,0.0,0.0,0.0,0.0,0.0,0.0,0.0,0.0,0.0,vectored,random,2,2026-07-25T03:10:34+00:00
intadd_6_6_6_2_16nm_TT_0V85_25C_1333p33MHz,intadd,a_width=6;b_width=6;out_width=6;pipeline_stages=2,16nm,TT,0.85,25.0,0.75,1333.3333333333333,6,6,6,2,V-2023.12-SP4,68,50,18,34.027777,11.632896,22.394881,0.2647058823529412,0.6581352934104394,0.45,0.06,0.0,0,V-2023.12-SP4,65,47,18,33.59,11.2,22.39,47.7757,0.7031,0.27692307692307694,0.6665674307829711,0.21,0.31,0.0,0,V-2023.12-SP3,V-2023.12-SP4,0.15339999999999998,0.01202,0.0001212,0.1655,0.16541999999999998,0.12406499999999998,0.1163,0.0,0.0,0.1163,0.022260000000000002,0.0022960000000000003,0.0001009,0.02466,0.01484,0.009723,2.0240000000000003e-05,0.02459,0.0,0.0,0.0,0.0,0.0,0.0,0.0,0.0,0.0,0.0,0.0,0.0,0.0,0.0,0.0,0.0,unvectored,none,2,2026-07-25T03:10:36+00:00
intadd_6_6_6_2_10nm_TT_0V8_25C_800MHz,intadd,a_width=6;b_width=6;out_width=6;pipeline_stages=2,10nm,TT,0.8,25.0,1.25,800.0,6,6,6,2,V-2023.12-SP4,48,30,18,16.373761,5.31456,11.059201,0.375,0.6754221586598217,0.02,0.59,0.0,0,V-2023.12-SP4,48,30,18,16.37,5.31,11.06,22.1184,0.7403,0.375,0.6756261453879047,0.45,0.59,0.0,0,V-2023.12-SP3,V-2023.12-SP4,0.06765,0.005339999999999999,4.139e-05,0.07303,0.07299,0.0912375,0.050769999999999996,0.0,0.0,0.050769999999999996,0.009878,0.0017620000000000001,2.637e-05,0.01167,0.007,0.003578,1.5020000000000002e-05,0.01059,0.0,0.0,0.0,0.0,0.0,0.0,0.0,0.0,0.0,0.0,0.0,0.0,0.0,0.0,0.0,0.0,unvectored,none,2,2026-07-25T03:10:38+00:00
intadd_6_6_6_2_20nm_TT_0V9_25C_666p667MHz,intadd,a_width=6;b_width=6;out_width=6;pipeline_stages=2,20nm,TT,0.9,25.0,1.5,666.6666666666666,6,6,6,2,V-2023.12-SP4,48,30,18,56.2848,18.2688,38.016,0.375,0.6754221388367729,0.84,0.42,0.0,0,V-2023.12-SP4,48,30,18,56.28,18.27,38.02,77.8272,0.7232,0.375,0.6755508173418622,0.61,0.66,0.0,0,V-2023.12-SP3,V-2023.12-SP4,0.09352999999999999,0.006063,4.601e-05,0.09964,0.09959299999999999,0.14938949999999998,0.07088,0.0,0.0,0.07088,0.01354,0.001883,2.7269999999999998e-05,0.01545,0.009117,0.00418,1.874e-05,0.01332,0.0,0.0,0.0,0.0,0.0,0.0,0.0,0.0,0.0,0.0,0.0,0.0,0.0,0.0,0.0,0.0,unvectored,none,2,2026-07-25T03:10:40+00:00
intadd_6_6_6_2_16nm_TT_0V85_25C_1333p33MHz,intadd,a_width=6;b_width=6;out_width=6;pipeline_stages=2,16nm,TT,0.85,25.0,0.75,1333.3333333333333,6,6,6,2,V-2023.12-SP4,68,50,18,34.027777,11.632896,22.394881,0.2647058823529412,0.6581352934104394,0.45,0.06,0.0,0,V-2023.12-SP4,65,47,18,33.59,11.2,22.39,47.7757,0.7031,0.27692307692307694,0.6665674307829711,0.21,0.31,0.0,0,V-2023.12-SP3,V-2023.12-SP4,0.1875,0.02181,0.00010290000000000001,0.2094,0.20931,0.1569825,0.11689999999999999,0.0,0.0,0.11689999999999999,0.04725,0.005725,8.109e-05,0.053059999999999996,0.023280000000000002,0.01609,2.179e-05,0.03939,0.0,0.0,0.0,0.0,0.0,0.0,0.0,0.0,0.0,0.0,0.0,0.0,0.0,0.0,0.0,0.0,vectored,random,2,2026-07-25T03:10:43+00:00
intadd_6_6_6_3_10nm_TT_0V8_25C_1333p33MHz,intadd,a_width=6;b_width=6;out_width=6;pipeline_stages=3,10nm,TT,0.8,25.0,0.75,1333.3333333333333,6,6,6,3,V-2023.12-SP4,79,51,28,23.900161,6.69696,17.203201,0.35443037974683544,0.7197943561970147,0.24,0.29,0.0,0,V-2023.12-SP4,79,51,28,23.9,6.7,17.2,33.6384,0.7105,0.35443037974683544,0.7196652719665272,0.2,0.34,0.0,0,V-2023.12-SP3,V-2023.12-SP4,0.1692,0.01226,6.196e-05,0.1815,0.18145999999999998,0.136095,0.131,0.0,0.0,0.131,0.02478,0.0036959999999999996,4.102e-05,0.02852,0.01341,0.008566,2.094e-05,0.021990000000000003,0.0,0.0,0.0,0.0,0.0,0.0,0.0,0.0,0.0,0.0,0.0,0.0,0.0,0.0,0.0,0.0,unvectored,none,2,2026-07-25T03:10:44+00:00
intadd_6_6_6_2_10nm_TT_0V8_25C_800MHz,intadd,a_width=6;b_width=6;out_width=6;pipeline_stages=2,10nm,TT,0.8,25.0,1.25,800.0,6,6,6,2,V-2023.12-SP4,48,30,18,16.373761,5.31456,11.059201,0.375,0.6754221586598217,0.02,0.59,0.0,0,V-2023.12-SP4,48,30,18,16.37,5.31,11.06,22.1184,0.7403,0.375,0.6756261453879047,0.45,0.59,0.0,0,V-2023.12-SP3,V-2023.12-SP4,0.08362,0.01065,4.461e-05,0.09430999999999999,0.09426999999999999,0.11783749999999998,0.05073,0.0,0.0,0.05073,0.02158,0.004390000000000001,2.84e-05,0.026,0.01131,0.00626,1.6210000000000002e-05,0.017580000000000002,0.0,0.0,0.0,0.0,0.0,0.0,0.0,0.0,0.0,0.0,0.0,0.0,0.0,0.0,0.0,0.0,vectored,random,2,2026-07-25T03:10:44+00:00
intadd_6_6_6_2_5nm_TT_0V7_25C_1333p33MHz,intadd,a_width=6;b_width=6;out_width=6;pipeline_stages=2,5nm,TT,0.7,25.0,0.75,1333.3333333333333,6,6,6,2,V-2023.12-SP4,48,30,18,4.6032,1.5792,3.024,0.375,0.656934306569343,0.26,0.27,0.0,0,V-2023.12-SP4,48,30,18,4.6,1.58,3.02,6.426,0.7163,0.375,0.6565217391304349,0.19,0.34,0.0,0,V-2023.12-SP3,V-2023.12-SP4,0.07883,0.007253,4.4239999999999997e-05,0.08613,0.08608299999999999,0.06456224999999999,0.058,0.0,0.0,0.058,0.0121,0.0022890000000000002,3.315e-05,0.014419999999999999,0.008733,0.0049640000000000005,1.109e-05,0.01371,0.0,0.0,0.0,0.0,0.0,0.0,0.0,0.0,0.0,0.0,0.0,0.0,0.0,0.0,0.0,0.0,unvectored,none,2,2026-07-25T03:10:45+00:00
intadd_6_6_6_3_20nm_TT_0V9_25C_1000MHz,intadd,a_width=6;b_width=6;out_width=6;pipeline_stages=3,20nm,TT,0.9,25.0,1.0,1000.0,6,6,6,3,V-2023.12-SP4,79,51,28,82.1568,23.0208,59.136,0.35443037974683544,0.7197943444730077,0.6,0.17,0.0,0,V-2023.12-SP4,79,51,28,82.16,23.02,59.14,112.5696,0.7298,0.35443037974683544,0.7198149951314509,0.35,0.41,0.0,0,V-2023.12-SP3,V-2023.12-SP4,0.21130000000000002,0.01252,6.879999999999999e-05,0.2239,0.22382000000000002,0.22382000000000002,0.1652,0.0,0.0,0.1652,0.03062,0.003758,4.244e-05,0.03442,0.01554,0.008766000000000001,2.636e-05,0.024329999999999997,0.0,0.0,0.0,0.0,0.0,0.0,0.0,0.0,0.0,0.0,0.0,0.0,0.0,0.0,0.0,0.0,unvectored,none,2,2026-07-25T03:10:45+00:00
intadd_6_6_6_2_16nm_TT_0V85_25C_800MHz,intadd,a_width=6;b_width=6;out_width=6;pipeline_stages=2,16nm,TT,0.85,25.0,1.25,800.0,6,6,6,2,V-2023.12-SP4,48,30,18,33.156865,10.761984,22.394881,0.375,0.6754221486259331,0.58,0.44,0.0,0,V-2023.12-SP4,48,30,18,33.41,10.76,22.64,43.1101,0.7749,0.375,0.6776414247231368,0.46,0.56,0.0,0,V-2023.12-SP3,V-2023.12-SP4,0.09243,0.006404999999999999,0.00010669999999999999,0.09894,0.09883499999999999,0.12354375,0.06961,0.0,0.0,0.06961,0.01371,0.0020269999999999997,9.102e-05,0.01583,0.00911,0.004378,1.567e-05,0.0135,0.0,0.0,0.0,0.0,0.0,0.0,0.0,0.0,0.0,0.0,0.0,0.0,0.0,0.0,0.0,0.0,unvectored,none,2,2026-07-25T03:10:46+00:00
intadd_6_6_6_2_20nm_TT_0V9_25C_666p667MHz,intadd,a_width=6;b_width=6;out_width=6;pipeline_stages=2,20nm,TT,0.9,25.0,1.5,666.6666666666666,6,6,6,2,V-2023.12-SP4,48,30,18,56.2848,18.2688,38.016,0.375,0.6754221388367729,0.84,0.42,0.0,0,V-2023.12-SP4,48,30,18,56.28,18.27,38.02,77.8272,0.7232,0.375,0.6755508173418622,0.61,0.66,0.0,0,V-2023.12-SP3,V-2023.12-SP4,0.11620000000000001,0.0121,5.385e-05,0.12840000000000001,0.12830000000000003,0.19245000000000004,0.07137,0.0,0.0,0.07137,0.02978,0.004691,3.2800000000000004e-05,0.034499999999999996,0.01509,0.007411,2.105e-05,0.022529999999999998,0.0,0.0,0.0,0.0,0.0,0.0,0.0,0.0,0.0,0.0,0.0,0.0,0.0,0.0,0.0,0.0,vectored,random,2,2026-07-25T03:10:46+00:00
intadd_6_6_6_3_16nm_TT_0V85_25C_1333p33MHz,intadd,a_width=6;b_width=6;out_width=6;pipeline_stages=3,16nm,TT,0.85,25.0,0.75,1333.3333333333333,6,6,6,3,V-2023.12-SP4,79,51,28,48.397826,13.561344,34.836482,0.35443037974683544,0.7197943560522738,0.41,0.1,0.0,0,V-2023.12-SP4,79,51,28,49.27,13.56,35.71,66.1893,0.7444,0.35443037974683544,0.724781814491577,0.21,0.31,0.0,0,V-2023.12-SP3,V-2023.12-SP4,0.2331,0.01491,0.00014450000000000002,0.2482,0.24801,0.1860075,0.17980000000000002,0.0,0.0,0.17980000000000002,0.035809999999999995,0.004474,0.0001225,0.0404,0.01748,0.01044,2.201e-05,0.02795,0.0,0.0,0.0,0.0,0.0,0.0,0.0,0.0,0.0,0.0,0.0,0.0,0.0,0.0,0.0,0.0,unvectored,none,2,2026-07-25T03:10:47+00:00
intadd_6_6_6_3_10nm_TT_0V8_25C_1333p33MHz,intadd,a_width=6;b_width=6;out_width=6;pipeline_stages=3,10nm,TT,0.8,25.0,0.75,1333.3333333333333,6,6,6,3,V-2023.12-SP4,79,51,28,23.900161,6.69696,17.203201,0.35443037974683544,0.7197943561970147,0.24,0.29,0.0,0,V-2023.12-SP4,79,51,28,23.9,6.7,17.2,33.6384,0.7105,0.35443037974683544,0.7196652719665272,0.2,0.34,0.0,0,V-2023.12-SP3,V-2023.12-SP4,0.2085,0.02474,6.69e-05,0.2333,0.23324,0.17493,0.13090000000000002,0.0,0.0,0.13090000000000002,0.055560000000000005,0.009215000000000001,4.418e-05,0.06482,0.02207,0.015529999999999999,2.272e-05,0.03762,0.0,0.0,0.0,0.0,0.0,0.0,0.0,0.0,0.0,0.0,0.0,0.0,0.0,0.0,0.0,0.0,vectored,random,2,2026-07-25T03:10:50+00:00
intadd_6_6_6_2_5nm_TT_0V7_25C_1333p33MHz,intadd,a_width=6;b_width=6;out_width=6;pipeline_stages=2,5nm,TT,0.7,25.0,0.75,1333.3333333333333,6,6,6,2,V-2023.12-SP4,48,30,18,4.6032,1.5792,3.024,0.375,0.656934306569343,0.26,0.27,0.0,0,V-2023.12-SP4,48,30,18,4.6,1.58,3.02,6.426,0.7163,0.375,0.6565217391304349,0.19,0.34,0.0,0,V-2023.12-SP3,V-2023.12-SP4,0.09891,0.01458,4.221e-05,0.11349999999999999,0.11349,0.0851175,0.05835,0.0,0.0,0.05835,0.02635,0.005704,3.0139999999999996e-05,0.03208,0.014209999999999999,0.008875000000000001,1.207e-05,0.0231,0.0,0.0,0.0,0.0,0.0,0.0,0.0,0.0,0.0,0.0,0.0,0.0,0.0,0.0,0.0,0.0,vectored,random,2,2026-07-25T03:10:51+00:00
intadd_6_6_6_3_20nm_TT_0V9_25C_1000MHz,intadd,a_width=6;b_width=6;out_width=6;pipeline_stages=3,20nm,TT,0.9,25.0,1.0,1000.0,6,6,6,3,V-2023.12-SP4,79,51,28,82.1568,23.0208,59.136,0.35443037974683544,0.7197943444730077,0.6,0.17,0.0,0,V-2023.12-SP4,79,51,28,82.16,23.02,59.14,112.5696,0.7298,0.35443037974683544,0.7198149951314509,0.35,0.41,0.0,0,V-2023.12-SP3,V-2023.12-SP4,0.2606,0.02468,8.094999999999999e-05,0.2853,0.28528,0.28528,0.1663,0.0,0.0,0.1663,0.06863999999999999,0.009372,5.107e-05,0.07805999999999999,0.02569,0.0153,2.988e-05,0.041019999999999994,0.0,0.0,0.0,0.0,0.0,0.0,0.0,0.0,0.0,0.0,0.0,0.0,0.0,0.0,0.0,0.0,vectored,random,2,2026-07-25T03:10:52+00:00
intadd_6_6_6_2_16nm_TT_0V85_25C_800MHz,intadd,a_width=6;b_width=6;out_width=6;pipeline_stages=2,16nm,TT,0.85,25.0,1.25,800.0,6,6,6,2,V-2023.12-SP4,48,30,18,33.156865,10.761984,22.394881,0.375,0.6754221486259331,0.58,0.44,0.0,0,V-2023.12-SP4,48,30,18,33.41,10.76,22.64,43.1101,0.7749,0.375,0.6776414247231368,0.46,0.56,0.0,0,V-2023.12-SP3,V-2023.12-SP4,0.1153,0.01279,9.234e-05,0.1282,0.12809,0.16011250000000002,0.06996999999999999,0.0,0.0,0.06996999999999999,0.03025,0.0050490000000000005,7.482e-05,0.03537,0.01512,0.007746,1.752e-05,0.02289,0.0,0.0,0.0,0.0,0.0,0.0,0.0,0.0,0.0,0.0,0.0,0.0,0.0,0.0,0.0,0.0,vectored,random,2,2026-07-25T03:10:52+00:00
intadd_6_6_6_2_5nm_TT_0V7_25C_800MHz,intadd,a_width=6;b_width=6;out_width=6;pipeline_stages=2,5nm,TT,0.7,25.0,1.25,800.0,6,6,6,2,V-2023.12-SP4,48,30,18,4.6032,1.5792,3.024,0.375,0.656934306569343,0.02,0.59,0.0,0,V-2023.12-SP4,48,30,18,4.6,1.58,3.02,6.426,0.7163,0.375,0.6565217391304349,0.44,0.59,0.0,0,V-2023.12-SP3,V-2023.12-SP4,0.047330000000000004,0.004359,4.4250000000000005e-05,0.05173,0.051689000000000006,0.06461125000000001,0.034839999999999996,0.0,0.0,0.034839999999999996,0.007252,0.00137,3.3169999999999996e-05,0.008655,0.005233,0.002989,1.108e-05,0.008232,0.0,0.0,0.0,0.0,0.0,0.0,0.0,0.0,0.0,0.0,0.0,0.0,0.0,0.0,0.0,0.0,unvectored,none,2,2026-07-25T03:10:53+00:00
intadd_6_6_6_3_16nm_TT_0V85_25C_1333p33MHz,intadd,a_width=6;b_width=6;out_width=6;pipeline_stages=3,16nm,TT,0.85,25.0,0.75,1333.3333333333333,6,6,6,3,V-2023.12-SP4,79,51,28,48.397826,13.561344,34.836482,0.35443037974683544,0.7197943560522738,0.41,0.1,0.0,0,V-2023.12-SP4,79,51,28,49.27,13.56,35.71,66.1893,0.7444,0.35443037974683544,0.724781814491577,0.21,0.31,0.0,0,V-2023.12-SP3,V-2023.12-SP4,0.2899,0.02893,0.00012949999999999998,0.319,0.31883,0.23912250000000002,0.1806,0.0,0.0,0.1806,0.08067999999999999,0.01116,0.0001046,0.09194000000000001,0.02864,0.01777,2.482e-05,0.04644,0.0,0.0,0.0,0.0,0.0,0.0,0.0,0.0,0.0,0.0,0.0,0.0,0.0,0.0,0.0,0.0,vectored,random,2,2026-07-25T03:10:53+00:00
intadd_6_6_6_3_5nm_TT_0V7_25C_1333p33MHz,intadd,a_width=6;b_width=6;out_width=6;pipeline_stages=3,5nm,TT,0.7,25.0,0.75,1333.3333333333333,6,6,6,3,V-2023.12-SP4,79,51,28,6.7116,2.0076,4.704,0.35443037974683544,0.7008760951188986,0.19,0.34,0.0,0,V-2023.12-SP4,79,51,28,6.71,2.01,4.7,9.2232,0.7277,0.35443037974683544,0.7004470938897168,0.19,0.34,0.0,0,V-2023.12-SP3,V-2023.12-SP4,0.1178,0.01029,6.683999999999999e-05,0.1282,0.12809,0.0960675,0.08948,0.0,0.0,0.08948,0.01811,0.002946,5.159e-05,0.02111,0.01024,0.0073409999999999994,1.5250000000000001e-05,0.0176,0.0,0.0,0.0,0.0,0.0,0.0,0.0,0.0,0.0,0.0,0.0,0.0,0.0,0.0,0.0,0.0,unvectored,none,2,2026-07-25T03:10:55+00:00
intadd_6_6_6_2_7nm_TT_0V75_25C_1333p33MHz,intadd,a_width=6;b_width=6;out_width=6;pipeline_stages=2,7nm,TT,0.75,25.0,0.75,1333.3333333333333,6,6,6,2,V-2023.12-SP4,48,30,18,8.596224,2.790144,5.80608,0.375,0.675422138836773,0.27,0.26,0.0,0,V-2023.12-SP4,48,30,18,8.6,2.79,5.81,11.3219,0.7593,0.375,0.6755813953488372,0.19,0.34,0.0,0,V-2023.12-SP3,V-2023.12-SP4,0.08862,0.00725,5.777e-05,0.09593,0.09587000000000001,0.07190250000000001,0.06681000000000001,0.0,0.0,0.06681000000000001,0.01301,0.002285,4.6030000000000005e-05,0.01534,0.008799,0.004966000000000001,1.174e-05,0.01378,0.0,0.0,0.0,0.0,0.0,0.0,0.0,0.0,0.0,0.0,0.0,0.0,0.0,0.0,0.0,0.0,unvectored,none,2,2026-07-25T03:10:59+00:00
intadd_6_6_6_2_5nm_TT_0V7_25C_800MHz,intadd,a_width=6;b_width=6;out_width=6;pipeline_stages=2,5nm,TT,0.7,25.0,1.25,800.0,6,6,6,2,V-2023.12-SP4,48,30,18,4.6032,1.5792,3.024,0.375,0.656934306569343,0.02,0.59,0.0,0,V-2023.12-SP4,48,30,18,4.6,1.58,3.02,6.426,0.7163,0.375,0.6565217391304349,0.44,0.59,0.0,0,V-2023.12-SP3,V-2023.12-SP4,0.05939,0.008758,4.22e-05,0.06819,0.068148,0.085185,0.03505,0.0,0.0,0.03505,0.015809999999999998,0.003414,3.012e-05,0.01925,0.00853,0.005344,1.207e-05,0.013890000000000001,0.0,0.0,0.0,0.0,0.0,0.0,0.0,0.0,0.0,0.0,0.0,0.0,0.0,0.0,0.0,0.0,vectored,random,2,2026-07-25T03:10:59+00:00
intadd_6_6_6_3_5nm_TT_0V7_25C_1333p33MHz,intadd,a_width=6;b_width=6;out_width=6;pipeline_stages=3,5nm,TT,0.7,25.0,0.75,1333.3333333333333,6,6,6,3,V-2023.12-SP4,79,51,28,6.7116,2.0076,4.704,0.35443037974683544,0.7008760951188986,0.19,0.34,0.0,0,V-2023.12-SP4,79,51,28,6.71,2.01,4.7,9.2232,0.7277,0.35443037974683544,0.7004470938897168,0.19,0.34,0.0,0,V-2023.12-SP3,V-2023.12-SP4,0.1476,0.021509999999999998,6.364000000000001e-05,0.1692,0.16911,0.12683250000000001,0.09003,0.0,0.0,0.09003,0.04065,0.00735,4.69e-05,0.04805,0.01696,0.01416,1.674e-05,0.03113,0.0,0.0,0.0,0.0,0.0,0.0,0.0,0.0,0.0,0.0,0.0,0.0,0.0,0.0,0.0,0.0,vectored,random,2,2026-07-25T03:11:02+00:00
intadd_6_6_6_2_7nm_TT_0V75_25C_1333p33MHz,intadd,a_width=6;b_width=6;out_width=6;pipeline_stages=2,7nm,TT,0.75,25.0,0.75,1333.3333333333333,6,6,6,2,V-2023.12-SP4,48,30,18,8.596224,2.790144,5.80608,0.375,0.675422138836773,0.27,0.26,0.0,0,V-2023.12-SP4,48,30,18,8.6,2.79,5.81,11.3219,0.7593,0.375,0.6755813953488372,0.19,0.34,0.0,0,V-2023.12-SP3,V-2023.12-SP4,0.11,0.01451,6.748000000000001e-05,0.12459999999999999,0.12451,0.0933825,0.06677,0.0,0.0,0.06677,0.02846,0.005692,5.5140000000000004e-05,0.03421,0.014790000000000001,0.008813,1.234e-05,0.023620000000000002,0.0,0.0,0.0,0.0,0.0,0.0,0.0,0.0,0.0,0.0,0.0,0.0,0.0,0.0,0.0,0.0,vectored,random,2,2026-07-25T03:11:05+00:00
intadd_6_6_6_2_7nm_TT_0V75_25C_1000MHz,intadd,a_width=6;b_width=6;out_width=6;pipeline_stages=2,7nm,TT,0.75,25.0,1.0,1000.0,6,6,6,2,V-2023.12-SP4,48,30,18,8.596224,2.790144,5.80608,0.375,0.675422138836773,0.02,0.46,0.0,0,V-2023.12-SP4,48,30,18,8.6,2.79,5.81,11.3219,0.7593,0.375,0.6755813953488372,0.32,0.47,0.0,0,V-2023.12-SP3,V-2023.12-SP4,0.06645999999999999,0.005454,5.777e-05,0.07197,0.07191399999999999,0.07191399999999999,0.0501,0.0,0.0,0.0501,0.009758999999999999,0.0017239999999999998,4.6030000000000005e-05,0.01153,0.006601,0.00373,1.174e-05,0.010339999999999998,0.0,0.0,0.0,0.0,0.0,0.0,0.0,0.0,0.0,0.0,0.0,0.0,0.0,0.0,0.0,0.0,unvectored,none,2,2026-07-25T03:11:08+00:00
intadd_6_6_6_3_7nm_TT_0V75_25C_1333p33MHz,intadd,a_width=6;b_width=6;out_width=6;pipeline_stages=3,7nm,TT,0.75,25.0,0.75,1333.3333333333333,6,6,6,3,V-2023.12-SP4,79,51,28,12.547584,3.515904,9.03168,0.35443037974683544,0.7197943444730076,0.19,0.34,0.0,0,V-2023.12-SP4,79,51,28,12.55,3.52,9.03,17.0312,0.7367,0.35443037974683544,0.7195219123505975,0.19,0.34,0.0,0,V-2023.12-SP3,V-2023.12-SP4,0.13349999999999998,0.01028,8.79e-05,0.1438,0.14378,0.10783499999999999,0.1037,0.0,0.0,0.1037,0.019559999999999998,0.003112,7.162e-05,0.02274,0.010180000000000002,0.007167,1.628e-05,0.01737,0.0,0.0,0.0,0.0,0.0,0.0,0.0,0.0,0.0,0.0,0.0,0.0,0.0,0.0,0.0,0.0,unvectored,none,2,2026-07-25T03:11:10+00:00
intadd_6_6_6_2_7nm_TT_0V75_25C_1000MHz,intadd,a_width=6;b_width=6;out_width=6;pipeline_stages=2,7nm,TT,0.75,25.0,1.0,1000.0,6,6,6,2,V-2023.12-SP4,48,30,18,8.596224,2.790144,5.80608,0.375,0.675422138836773,0.02,0.46,0.0,0,V-2023.12-SP4,48,30,18,8.6,2.79,5.81,11.3219,0.7593,0.375,0.6755813953488372,0.32,0.47,0.0,0,V-2023.12-SP3,V-2023.12-SP4,0.08251,0.01093,6.749e-05,0.09351000000000001,0.09344,0.09344,0.05007,0.0,0.0,0.05007,0.021339999999999998,0.004294,5.515e-05,0.02569,0.0111,0.006634,1.234e-05,0.017750000000000002,0.0,0.0,0.0,0.0,0.0,0.0,0.0,0.0,0.0,0.0,0.0,0.0,0.0,0.0,0.0,0.0,vectored,random,2,2026-07-25T03:11:14+00:00
intadd_6_6_6_3_7nm_TT_0V75_25C_1333p33MHz,intadd,a_width=6;b_width=6;out_width=6;pipeline_stages=3,7nm,TT,0.75,25.0,0.75,1333.3333333333333,6,6,6,3,V-2023.12-SP4,79,51,28,12.547584,3.515904,9.03168,0.35443037974683544,0.7197943444730076,0.19,0.34,0.0,0,V-2023.12-SP4,79,51,28,12.55,3.52,9.03,17.0312,0.7367,0.35443037974683544,0.7195219123505975,0.19,0.34,0.0,0,V-2023.12-SP3,V-2023.12-SP4,0.1649,0.02092,0.00010290000000000001,0.186,0.18581999999999999,0.139365,0.1037,0.0,0.0,0.1037,0.0439,0.0077610000000000005,8.571e-05,0.05175,0.01738,0.01315,1.719e-05,0.030549999999999997,0.0,0.0,0.0,0.0,0.0,0.0,0.0,0.0,0.0,0.0,0.0,0.0,0.0,0.0,0.0,0.0,vectored,random,2,2026-07-25T03:11:16+00:00
intadd_6_6_6_3_20nm_TT_0V9_25C_666p667MHz,intadd,a_width=6;b_width=6;out_width=6;pipeline_stages=3,20nm,TT,0.9,25.0,1.5,666.6666666666666,6,6,6,3,V-2023.12-SP4,79,51,28,82.1568,23.0208,59.136,0.35443037974683544,0.7197943444730077,0.05,0.66,0.0,0,V-2023.12-SP4,79,51,28,82.16,23.02,59.14,112.5696,0.7298,0.35443037974683544,0.7198149951314509,0.6,0.66,0.0,0,V-2023.12-SP3,V-2023.12-SP4,0.1409,0.008333,6.879999999999999e-05,0.1493,0.149233,0.2238495,0.1101,0.0,0.0,0.1101,0.02042,0.0025,4.244e-05,0.02296,0.010360000000000001,0.005833,2.636e-05,0.016220000000000002,0.0,0.0,0.0,0.0,0.0,0.0,0.0,0.0,0.0,0.0,0.0,0.0,0.0,0.0,0.0,0.0,unvectored,none,2,2026-07-25T03:12:07+00:00
intadd_6_6_6_3_20nm_TT_0V9_25C_666p667MHz,intadd,a_width=6;b_width=6;out_width=6;pipeline_stages=3,20nm,TT,0.9,25.0,1.5,666.6666666666666,6,6,6,3,V-2023.12-SP4,79,51,28,82.1568,23.0208,59.136,0.35443037974683544,0.7197943444730077,0.05,0.66,0.0,0,V-2023.12-SP4,79,51,28,82.16,23.02,59.14,112.5696,0.7298,0.35443037974683544,0.7198149951314509,0.6,0.66,0.0,0,V-2023.12-SP3,V-2023.12-SP4,0.1735,0.016249999999999997,8.093e-05,0.1898,0.18974999999999997,0.28462499999999996,0.1108,0.0,0.0,0.1108,0.04566,0.006234,5.106e-05,0.05194,0.01697,0.010010000000000002,2.9870000000000004e-05,0.02702,0.0,0.0,0.0,0.0,0.0,0.0,0.0,0.0,0.0,0.0,0.0,0.0,0.0,0.0,0.0,0.0,vectored,random,2,2026-07-25T03:12:14+00:00
intadd_6_6_6_3_10nm_TT_0V8_25C_1000MHz,intadd,a_width=6;b_width=6;out_width=6;pipeline_stages=3,10nm,TT,0.8,25.0,1.0,1000.0,6,6,6,3,V-2023.12-SP4,79,51,28,23.900161,6.69696,17.203201,0.35443037974683544,0.7197943561970147,0.02,0.46,0.0,0,V-2023.12-SP4,79,51,28,23.9,6.7,17.2,33.6384,0.7105,0.35443037974683544,0.7196652719665272,0.32,0.46,0.0,0,V-2023.12-SP3,V-2023.12-SP4,0.1271,0.009233,6.196e-05,0.13640000000000002,0.13633299999999998,0.13633299999999998,0.09848000000000001,0.0,0.0,0.09848000000000001,0.01859,0.002762,4.102e-05,0.02139,0.01006,0.006471,2.094e-05,0.01655,0.0,0.0,0.0,0.0,0.0,0.0,0.0,0.0,0.0,0.0,0.0,0.0,0.0,0.0,0.0,0.0,unvectored,none,2,2026-07-25T03:12:33+00:00
intadd_6_6_6_3_10nm_TT_0V8_25C_1000MHz,intadd,a_width=6;b_width=6;out_width=6;pipeline_stages=3,10nm,TT,0.8,25.0,1.0,1000.0,6,6,6,3,V-2023.12-SP4,79,51,28,23.900161,6.69696,17.203201,0.35443037974683544,0.7197943561970147,0.02,0.46,0.0,0,V-2023.12-SP4,79,51,28,23.9,6.7,17.2,33.6384,0.7105,0.35443037974683544,0.7196652719665272,0.32,0.46,0.0,0,V-2023.12-SP3,V-2023.12-SP4,0.15689999999999998,0.0189,6.689e-05,0.1759,0.17579999999999998,0.17579999999999998,0.0984,0.0,0.0,0.0984,0.041749999999999995,0.006887,4.417e-05,0.04868,0.01677,0.01201,2.272e-05,0.02881,0.0,0.0,0.0,0.0,0.0,0.0,0.0,0.0,0.0,0.0,0.0,0.0,0.0,0.0,0.0,0.0,vectored,random,2,2026-07-25T03:12:40+00:00
intadd_6_6_6_3_16nm_TT_0V85_25C_800MHz,intadd,a_width=6;b_width=6;out_width=6;pipeline_stages=3,16nm,TT,0.85,25.0,1.25,800.0,6,6,6,3,V-2023.12-SP4,79,51,28,48.397826,13.561344,34.836482,0.35443037974683544,0.7197943560522738,0.04,0.56,0.0,0,V-2023.12-SP4,79,51,28,49.39,13.56,35.83,66.1893,0.7462,0.35443037974683544,0.7254504960518323,0.46,0.56,0.0,0,V-2023.12-SP3,V-2023.12-SP4,0.13999999999999999,0.008853,0.0001396,0.149,0.14885299999999999,0.18606625,0.1078,0.0,0.0,0.1078,0.02169,0.002665,0.0001176,0.024470000000000002,0.01049,0.006188,2.201e-05,0.0167,0.0,0.0,0.0,0.0,0.0,0.0,0.0,0.0,0.0,0.0,0.0,0.0,0.0,0.0,0.0,0.0,unvectored,none,2,2026-07-25T03:12:47+00:00
intadd_6_6_6_5_10nm_TT_0V8_25C_1333p33MHz,intadd,a_width=6;b_width=6;out_width=6;pipeline_stages=5,10nm,TT,0.8,25.0,0.75,1333.3333333333333,6,6,6,5,V-2023.12-SP4,104,60,44,35.665921,8.63232,27.033601,0.4230769230769231,0.7579672763812829,0.21,0.32,0.0,0,V-2023.12-SP4,105,61,44,35.76,8.72,27.03,49.2134,0.7266,0.41904761904761906,0.7558724832214766,0.2,0.34,0.0,0,V-2023.12-SP3,V-2023.12-SP4,0.2628,0.01577,9.41e-05,0.2786,0.27857,0.2089275,0.2061,0.0,0.0,0.2061,0.03808,0.005075,6.446e-05,0.04322,0.018600000000000002,0.0107,2.964e-05,0.02932,0.0,0.0,0.0,0.0,0.0,0.0,0.0,0.0,0.0,0.0,0.0,0.0,0.0,0.0,0.0,0.0,unvectored,none,2,2026-07-25T03:12:48+00:00
intadd_6_6_6_5_10nm_TT_0V8_25C_1000MHz,intadd,a_width=6;b_width=6;out_width=6;pipeline_stages=5,10nm,TT,0.8,25.0,1.0,1000.0,6,6,6,5,V-2023.12-SP4,104,60,44,35.665921,8.63232,27.033601,0.4230769230769231,0.7579672763812829,0.02,0.46,0.0,0,V-2023.12-SP4,105,61,44,35.79,8.76,27.03,49.2134,0.7272,0.41904761904761906,0.7552388935456832,0.32,0.46,0.0,0,V-2023.12-SP3,V-2023.12-SP4,0.1973,0.013550000000000001,9.434999999999999e-05,0.2109,0.21085,0.21085,0.15430000000000002,0.0,0.0,0.15430000000000002,0.02853,0.003805,6.446e-05,0.0324,0.014450000000000001,0.00975,2.9900000000000002e-05,0.02423,0.0,0.0,0.0,0.0,0.0,0.0,0.0,0.0,0.0,0.0,0.0,0.0,0.0,0.0,0.0,0.0,unvectored,none,2,2026-07-25T03:12:53+00:00
intadd_6_6_6_3_16nm_TT_0V85_25C_800MHz,intadd,a_width=6;b_width=6;out_width=6;pipeline_stages=3,16nm,TT,0.85,25.0,1.25,800.0,6,6,6,3,V-2023.12-SP4,79,51,28,48.397826,13.561344,34.836482,0.35443037974683544,0.7197943560522738,0.04,0.56,0.0,0,V-2023.12-SP4,79,51,28,49.39,13.56,35.83,66.1893,0.7462,0.35443037974683544,0.7254504960518323,0.46,0.56,0.0,0,V-2023.12-SP3,V-2023.12-SP4,0.1743,0.01715,0.0001262,0.1915,0.19145,0.2393125,0.1082,0.0,0.0,0.1082,0.048900000000000006,0.006647,0.0001014,0.05565,0.01713,0.010499999999999999,2.4809999999999998e-05,0.02765,0.0,0.0,0.0,0.0,0.0,0.0,0.0,0.0,0.0,0.0,0.0,0.0,0.0,0.0,0.0,0.0,vectored,random,2,2026-07-25T03:12:53+00:00
intadd_6_6_6_5_20nm_TT_0V9_25C_1333p33MHz,intadd,a_width=6;b_width=6;out_width=6;pipeline_stages=5,20nm,TT,0.9,25.0,0.75,1333.3333333333333,6,6,6,5,V-2023.12-SP4,104,60,44,122.707199,29.7792,92.927999,0.4230769230769231,0.757314972204687,0.5,0.0,0.0,0,V-2023.12-SP4,106,62,44,123.45,30.52,92.93,168.96,0.7306,0.41509433962264153,0.7527744025921426,0.23,0.28,0.0,0,V-2023.12-SP3,V-2023.12-SP4,0.44020000000000004,0.02456,0.0001041,0.46490000000000004,0.46476000000000006,0.34857000000000005,0.3477,0.001235,5.767e-07,0.34900000000000003,0.0627,0.006925,6.662999999999999e-05,0.06969,0.02982,0.016399999999999998,3.688e-05,0.04626,0.0,0.0,0.0,0.0,0.0,0.0,0.0,0.0,0.0,0.0,0.0,0.0,0.0,0.0,0.0,0.0,unvectored,none,2,2026-07-25T03:12:53+00:00
intadd_6_6_6_5_10nm_TT_0V8_25C_1333p33MHz,intadd,a_width=6;b_width=6;out_width=6;pipeline_stages=5,10nm,TT,0.8,25.0,0.75,1333.3333333333333,6,6,6,5,V-2023.12-SP4,104,60,44,35.665921,8.63232,27.033601,0.4230769230769231,0.7579672763812829,0.21,0.32,0.0,0,V-2023.12-SP4,105,61,44,35.76,8.72,27.03,49.2134,0.7266,0.41904761904761906,0.7558724832214766,0.2,0.34,0.0,0,V-2023.12-SP3,V-2023.12-SP4,0.3187,0.027719999999999998,0.0001016,0.3466,0.34642,0.259815,0.2059,0.0,0.0,0.2059,0.08459,0.01262,6.942999999999999e-05,0.09728,0.028249999999999997,0.015099999999999999,3.2170000000000005e-05,0.043390000000000005,0.0,0.0,0.0,0.0,0.0,0.0,0.0,0.0,0.0,0.0,0.0,0.0,0.0,0.0,0.0,0.0,vectored,random,2,2026-07-25T03:12:55+00:00
intadd_6_6_6_3_5nm_TT_0V7_25C_1000MHz,intadd,a_width=6;b_width=6;out_width=6;pipeline_stages=3,5nm,TT,0.7,25.0,1.0,1000.0,6,6,6,3,V-2023.12-SP4,79,51,28,6.7116,2.0076,4.704,0.35443037974683544,0.7008760951188986,0.02,0.47,0.0,0,V-2023.12-SP4,79,51,28,6.71,2.01,4.7,9.2232,0.7277,0.35443037974683544,0.7004470938897168,0.32,0.47,0.0,0,V-2023.12-SP3,V-2023.12-SP4,0.08863,0.007749,6.683999999999999e-05,0.09645,0.096379,0.096379,0.06737,0.0,0.0,0.06737,0.01359,0.002227,5.159e-05,0.01587,0.007673999999999999,0.005522,1.5250000000000001e-05,0.013210000000000001,0.0,0.0,0.0,0.0,0.0,0.0,0.0,0.0,0.0,0.0,0.0,0.0,0.0,0.0,0.0,0.0,unvectored,none,2,2026-07-25T03:12:55+00:00
intadd_6_6_6_5_20nm_TT_0V9_25C_800MHz,intadd,a_width=6;b_width=6;out_width=6;pipeline_stages=5,20nm,TT,0.9,25.0,1.25,800.0,6,6,6,5,V-2023.12-SP4,104,60,44,122.601599,29.6736,92.927999,0.4230769230769231,0.7579672676210365,0.54,0.47,0.0,0,V-2023.12-SP4,105,61,44,123.45,30.52,92.93,168.96,0.7306,0.41904761904761906,0.7527744025921426,0.48,0.53,0.0,0,V-2023.12-SP3,V-2023.12-SP4,0.2628,0.01491,0.0001041,0.2778,0.27770999999999996,0.34713749999999993,0.20670000000000002,0.0,0.0,0.20670000000000002,0.037700000000000004,0.004163,6.668e-05,0.04193,0.018369999999999997,0.010740000000000001,3.747e-05,0.02915,0.0,0.0,0.0,0.0,0.0,0.0,0.0,0.0,0.0,0.0,0.0,0.0,0.0,0.0,0.0,0.0,unvectored,none,2,2026-07-25T03:12:56+00:00
intadd_6_6_6_5_16nm_TT_0V85_25C_1333p33MHz,intadd,a_width=6;b_width=6;out_width=6;pipeline_stages=5,16nm,TT,0.85,25.0,0.75,1333.3333333333333,6,6,6,5,V-2023.12-SP4,104,60,44,72.223491,17.480448,54.743042,0.4230769230769231,0.7579672658027566,0.37,0.14,0.0,0,V-2023.12-SP4,105,61,44,73.9,17.67,56.24,99.4084,0.7434,0.41904761904761906,0.7610284167794317,0.21,0.31,0.0,0,V-2023.12-SP3,V-2023.12-SP4,0.36160000000000003,0.018510000000000002,0.00021799999999999999,0.38039999999999996,0.38011000000000006,0.2850825,0.2821,0.0,0.0,0.2821,0.05555,0.006011,0.0001876,0.06175,0.02401,0.0125,3.0419999999999997e-05,0.03655,0.0,0.0,0.0,0.0,0.0,0.0,0.0,0.0,0.0,0.0,0.0,0.0,0.0,0.0,0.0,0.0,unvectored,none,2,2026-07-25T03:12:58+00:00
intadd_6_6_6_5_10nm_TT_0V8_25C_1000MHz,intadd,a_width=6;b_width=6;out_width=6;pipeline_stages=5,10nm,TT,0.8,25.0,1.0,1000.0,6,6,6,5,V-2023.12-SP4,104,60,44,35.665921,8.63232,27.033601,0.4230769230769231,0.7579672763812829,0.02,0.46,0.0,0,V-2023.12-SP4,105,61,44,35.79,8.76,27.03,49.2134,0.7272,0.41904761904761906,0.7552388935456832,0.32,0.46,0.0,0,V-2023.12-SP3,V-2023.12-SP4,0.2389,0.02094,0.0001018,0.25989999999999996,0.25984,0.25984,0.15410000000000001,0.0,0.0,0.15410000000000001,0.06344999999999999,0.009462,6.939999999999999e-05,0.07299,0.02125,0.01148,3.2409999999999996e-05,0.03276,0.0,0.0,0.0,0.0,0.0,0.0,0.0,0.0,0.0,0.0,0.0,0.0,0.0,0.0,0.0,0.0,vectored,random,2,2026-07-25T03:12:59+00:00
intadd_6_6_6_5_20nm_TT_0V9_25C_1333p33MHz,intadd,a_width=6;b_width=6;out_width=6;pipeline_stages=5,20nm,TT,0.9,25.0,0.75,1333.3333333333333,6,6,6,5,V-2023.12-SP4,104,60,44,122.707199,29.7792,92.927999,0.4230769230769231,0.757314972204687,0.5,0.0,0.0,0,V-2023.12-SP4,106,62,44,123.45,30.52,92.93,168.96,0.7306,0.41509433962264153,0.7527744025921426,0.23,0.28,0.0,0,V-2023.12-SP3,V-2023.12-SP4,0.5331,0.03901,0.00012319999999999999,0.5722,0.57211,0.42908250000000003,0.3497,0.001235,5.767e-07,0.35090000000000005,0.1394,0.017220000000000003,8.039e-05,0.15669999999999998,0.043980000000000005,0.02056,4.221e-05,0.06458,0.0,0.0,0.0,0.0,0.0,0.0,0.0,0.0,0.0,0.0,0.0,0.0,0.0,0.0,0.0,0.0,vectored,random,2,2026-07-25T03:12:59+00:00
intadd_6_6_6_5_16nm_TT_0V85_25C_800MHz,intadd,a_width=6;b_width=6;out_width=6;pipeline_stages=5,16nm,TT,0.85,25.0,1.25,800.0,6,6,6,5,V-2023.12-SP4,104,60,44,72.223491,17.480448,54.743042,0.4230769230769231,0.7579672658027566,0.04,0.56,0.0,0,V-2023.12-SP4,105,61,44,74.09,17.73,56.36,99.4084,0.7453,0.41904761904761906,0.7606964502631933,0.46,0.56,0.0,0,V-2023.12-SP3,V-2023.12-SP4,0.2181,0.013309999999999999,0.00021339999999999998,0.2316,0.23140999999999998,0.2892625,0.1691,0.0,0.0,0.1691,0.033510000000000005,0.0036320000000000002,0.0001827,0.037329999999999995,0.01547,0.009682,3.067e-05,0.02519,0.0,0.0,0.0,0.0,0.0,0.0,0.0,0.0,0.0,0.0,0.0,0.0,0.0,0.0,0.0,0.0,unvectored,none,2,2026-07-25T03:13:00+00:00
intadd_6_6_6_3_5nm_TT_0V7_25C_1000MHz,intadd,a_width=6;b_width=6;out_width=6;pipeline_stages=3,5nm,TT,0.7,25.0,1.0,1000.0,6,6,6,3,V-2023.12-SP4,79,51,28,6.7116,2.0076,4.704,0.35443037974683544,0.7008760951188986,0.02,0.47,0.0,0,V-2023.12-SP4,79,51,28,6.71,2.01,4.7,9.2232,0.7277,0.35443037974683544,0.7004470938897168,0.32,0.47,0.0,0,V-2023.12-SP3,V-2023.12-SP4,0.1106,0.015760000000000003,6.361999999999999e-05,0.1265,0.12636,0.12636,0.06778,0.0,0.0,0.06778,0.030340000000000002,0.005555,4.688e-05,0.03594,0.01251,0.01021,1.674e-05,0.02274,0.0,0.0,0.0,0.0,0.0,0.0,0.0,0.0,0.0,0.0,0.0,0.0,0.0,0.0,0.0,0.0,vectored,random,2,2026-07-25T03:13:01+00:00
intadd_6_6_6_5_20nm_TT_0V9_25C_800MHz,intadd,a_width=6;b_width=6;out_width=6;pipeline_stages=5,20nm,TT,0.9,25.0,1.25,800.0,6,6,6,5,V-2023.12-SP4,104,60,44,122.601599,29.6736,92.927999,0.4230769230769231,0.7579672676210365,0.54,0.47,0.0,0,V-2023.12-SP4,105,61,44,123.45,30.52,92.93,168.96,0.7306,0.41904761904761906,0.7527744025921426,0.48,0.53,0.0,0,V-2023.12-SP3,V-2023.12-SP4,0.3181,0.02275,0.0001231,0.34099999999999997,0.34085,0.4260625,0.2078,0.0,0.0,0.2078,0.08393,0.01035,8.029e-05,0.09436,0.02638,0.01239,4.282e-05,0.03882,0.0,0.0,0.0,0.0,0.0,0.0,0.0,0.0,0.0,0.0,0.0,0.0,0.0,0.0,0.0,0.0,vectored,random,2,2026-07-25T03:13:02+00:00
intadd_6_6_6_5_16nm_TT_0V85_25C_1333p33MHz,intadd,a_width=6;b_width=6;out_width=6;pipeline_stages=5,16nm,TT,0.85,25.0,0.75,1333.3333333333333,6,6,6,5,V-2023.12-SP4,104,60,44,72.223491,17.480448,54.743042,0.4230769230769231,0.7579672658027566,0.37,0.14,0.0,0,V-2023.12-SP4,105,61,44,73.9,17.67,56.24,99.4084,0.7434,0.41904761904761906,0.7610284167794317,0.21,0.31,0.0,0,V-2023.12-SP3,V-2023.12-SP4,0.44470000000000004,0.033139999999999996,0.0001957,0.4781,0.47784000000000004,0.35838000000000003,0.2832,0.0,0.0,0.2832,0.12459999999999999,0.01495,0.000161,0.13970000000000002,0.03692,0.01819,3.464e-05,0.05515,0.0,0.0,0.0,0.0,0.0,0.0,0.0,0.0,0.0,0.0,0.0,0.0,0.0,0.0,0.0,0.0,vectored,random,2,2026-07-25T03:13:04+00:00
intadd_6_6_6_5_5nm_TT_0V7_25C_1333p33MHz,intadd,a_width=6;b_width=6;out_width=6;pipeline_stages=5,5nm,TT,0.7,25.0,0.75,1333.3333333333333,6,6,6,5,V-2023.12-SP4,102,58,44,10.122,2.73,7.392,0.43137254901960786,0.7302904564315353,0.02,0.34,0.0,0,V-2023.12-SP4,103,59,44,10.16,2.76,7.39,14.0448,0.7231,0.42718446601941745,0.7273622047244094,0.19,0.35,0.0,0,V-2023.12-SP3,V-2023.12-SP4,0.1819,0.01453,0.0001027,0.1966,0.19643,0.1473225,0.1394,0.0,0.0,0.1394,0.02776,0.004065,8.105e-05,0.03191,0.014780000000000001,0.01047,2.1629999999999998e-05,0.02527,0.0,0.0,0.0,0.0,0.0,0.0,0.0,0.0,0.0,0.0,0.0,0.0,0.0,0.0,0.0,0.0,unvectored,none,2,2026-07-25T03:13:05+00:00
intadd_6_6_6_5_16nm_TT_0V85_25C_800MHz,intadd,a_width=6;b_width=6;out_width=6;pipeline_stages=5,16nm,TT,0.85,25.0,1.25,800.0,6,6,6,5,V-2023.12-SP4,104,60,44,72.223491,17.480448,54.743042,0.4230769230769231,0.7579672658027566,0.04,0.56,0.0,0,V-2023.12-SP4,105,61,44,74.09,17.73,56.36,99.4084,0.7453,0.41904761904761906,0.7606964502631933,0.46,0.56,0.0,0,V-2023.12-SP3,V-2023.12-SP4,0.2672,0.02006,0.0001928,0.2875,0.28726,0.35907500000000003,0.1698,0.0,0.0,0.1698,0.07524,0.009033,0.00015790000000000002,0.08443,0.022189999999999998,0.01103,3.49e-05,0.03325,0.0,0.0,0.0,0.0,0.0,0.0,0.0,0.0,0.0,0.0,0.0,0.0,0.0,0.0,0.0,0.0,vectored,random,2,2026-07-25T03:13:06+00:00
intadd_6_6_6_5_5nm_TT_0V7_25C_1000MHz,intadd,a_width=6;b_width=6;out_width=6;pipeline_stages=5,5nm,TT,0.7,25.0,1.0,1000.0,6,6,6,5,V-2023.12-SP4,102,58,44,10.122,2.73,7.392,0.43137254901960786,0.7302904564315353,0.02,0.47,0.0,0,V-2023.12-SP4,103,59,44,10.16,2.76,7.39,14.0448,0.7231,0.42718446601941745,0.7273622047244094,0.32,0.47,0.0,0,V-2023.12-SP3,V-2023.12-SP4,0.13640000000000002,0.01094,0.0001027,0.14750000000000002,0.14734000000000003,0.14734000000000003,0.10450000000000001,0.0,0.0,0.10450000000000001,0.02082,0.0030589999999999997,8.105e-05,0.023960000000000002,0.011080000000000001,0.007883999999999999,2.1629999999999998e-05,0.01898,0.0,0.0,0.0,0.0,0.0,0.0,0.0,0.0,0.0,0.0,0.0,0.0,0.0,0.0,0.0,0.0,unvectored,none,2,2026-07-25T03:13:08+00:00
intadd_6_6_6_5_5nm_TT_0V7_25C_1333p33MHz,intadd,a_width=6;b_width=6;out_width=6;pipeline_stages=5,5nm,TT,0.7,25.0,0.75,1333.3333333333333,6,6,6,5,V-2023.12-SP4,102,58,44,10.122,2.73,7.392,0.43137254901960786,0.7302904564315353,0.02,0.34,0.0,0,V-2023.12-SP4,103,59,44,10.16,2.76,7.39,14.0448,0.7231,0.42718446601941745,0.7273622047244094,0.19,0.35,0.0,0,V-2023.12-SP3,V-2023.12-SP4,0.22269999999999998,0.022330000000000003,9.735e-05,0.24509999999999998,0.24502999999999997,0.18377249999999998,0.1402,0.0,0.0,0.1402,0.06079,0.01012,7.369e-05,0.07099,0.021679999999999998,0.01221,2.366e-05,0.033909999999999996,0.0,0.0,0.0,0.0,0.0,0.0,0.0,0.0,0.0,0.0,0.0,0.0,0.0,0.0,0.0,0.0,vectored,random,2,2026-07-25T03:13:11+00:00
intadd_6_6_6_5_5nm_TT_0V7_25C_1000MHz,intadd,a_width=6;b_width=6;out_width=6;pipeline_stages=5,5nm,TT,0.7,25.0,1.0,1000.0,6,6,6,5,V-2023.12-SP4,102,58,44,10.122,2.73,7.392,0.43137254901960786,0.7302904564315353,0.02,0.47,0.0,0,V-2023.12-SP4,103,59,44,10.16,2.76,7.39,14.0448,0.7231,0.42718446601941745,0.7273622047244094,0.32,0.47,0.0,0,V-2023.12-SP3,V-2023.12-SP4,0.1671,0.01682,9.735e-05,0.184,0.18392,0.18392,0.1052,0.0,0.0,0.1052,0.04557,0.0076159999999999995,7.369e-05,0.05326,0.01631,0.009208000000000001,2.366e-05,0.02555,0.0,0.0,0.0,0.0,0.0,0.0,0.0,0.0,0.0,0.0,0.0,0.0,0.0,0.0,0.0,0.0,vectored,random,2,2026-07-25T03:13:14+00:00
intadd_6_6_6_3_7nm_TT_0V75_25C_1000MHz,intadd,a_width=6;b_width=6;out_width=6;pipeline_stages=3,7nm,TT,0.75,25.0,1.0,1000.0,6,6,6,3,V-2023.12-SP4,79,51,28,12.547584,3.515904,9.03168,0.35443037974683544,0.7197943444730076,0.02,0.46,0.0,0,V-2023.12-SP4,79,51,28,12.55,3.52,9.03,17.0312,0.7367,0.35443037974683544,0.7195219123505975,0.32,0.47,0.0,0,V-2023.12-SP3,V-2023.12-SP4,0.1001,0.007722,8.79e-05,0.1079,0.107822,0.107822,0.07779,0.0,0.0,0.07779,0.01467,0.00233,7.162e-05,0.017070000000000002,0.007637,0.005392,1.628e-05,0.01305,0.0,0.0,0.0,0.0,0.0,0.0,0.0,0.0,0.0,0.0,0.0,0.0,0.0,0.0,0.0,0.0,unvectored,none,2,2026-07-25T03:13:16+00:00
intadd_6_6_6_3_7nm_TT_0V75_25C_1000MHz,intadd,a_width=6;b_width=6;out_width=6;pipeline_stages=3,7nm,TT,0.75,25.0,1.0,1000.0,6,6,6,3,V-2023.12-SP4,79,51,28,12.547584,3.515904,9.03168,0.35443037974683544,0.7197943444730076,0.02,0.46,0.0,0,V-2023.12-SP4,79,51,28,12.55,3.52,9.03,17.0312,0.7367,0.35443037974683544,0.7195219123505975,0.32,0.47,0.0,0,V-2023.12-SP3,V-2023.12-SP4,0.1235,0.015560000000000001,0.00010290000000000001,0.1392,0.13906,0.13906,0.07774,0.0,0.0,0.07774,0.03285,0.005811,8.572e-05,0.03874,0.01293,0.009751000000000001,1.719e-05,0.022699999999999998,0.0,0.0,0.0,0.0,0.0,0.0,0.0,0.0,0.0,0.0,0.0,0.0,0.0,0.0,0.0,0.0,vectored,random,2,2026-07-25T03:13:22+00:00
intadd_6_6_6_5_7nm_TT_0V75_25C_1333p33MHz,intadd,a_width=6;b_width=6;out_width=6;pipeline_stages=5,7nm,TT,0.75,25.0,0.75,1333.3333333333333,6,6,6,5,V-2023.12-SP4,104,60,44,18.724608,4.531968,14.192641,0.4230769230769231,0.757967323000834,0.02,0.34,0.0,0,V-2023.12-SP4,105,61,44,18.79,4.6,14.19,25.8048,0.7281,0.41904761904761906,0.7551889302820649,0.19,0.34,0.0,0,V-2023.12-SP3,V-2023.12-SP4,0.2068,0.01515,0.00013619999999999998,0.2221,0.22195,0.1664625,0.1623,0.0,0.0,0.1623,0.03002,0.004069000000000001,0.0001125,0.0342,0.014539999999999999,0.011080000000000001,2.363e-05,0.02565,0.0,0.0,0.0,0.0,0.0,0.0,0.0,0.0,0.0,0.0,0.0,0.0,0.0,0.0,0.0,0.0,unvectored,none,2,2026-07-25T03:13:25+00:00
intadd_6_6_6_5_7nm_TT_0V75_25C_1000MHz,intadd,a_width=6;b_width=6;out_width=6;pipeline_stages=5,7nm,TT,0.75,25.0,1.0,1000.0,6,6,6,5,V-2023.12-SP4,104,60,44,18.724608,4.531968,14.192641,0.4230769230769231,0.757967323000834,0.02,0.46,0.0,0,V-2023.12-SP4,105,61,44,18.79,4.6,14.19,25.8048,0.7281,0.41904761904761906,0.7551889302820649,0.32,0.46,0.0,0,V-2023.12-SP3,V-2023.12-SP4,0.1546,0.011349999999999999,0.00013619999999999998,0.1661,0.16595,0.16595,0.1212,0.0,0.0,0.1212,0.022500000000000003,0.003056,0.0001125,0.02567,0.010910000000000001,0.00829,2.363e-05,0.019219999999999998,0.0,0.0,0.0,0.0,0.0,0.0,0.0,0.0,0.0,0.0,0.0,0.0,0.0,0.0,0.0,0.0,unvectored,none,2,2026-07-25T03:13:26+00:00
intadd_6_6_6_5_7nm_TT_0V75_25C_1333p33MHz,intadd,a_width=6;b_width=6;out_width=6;pipeline_stages=5,7nm,TT,0.75,25.0,0.75,1333.3333333333333,6,6,6,5,V-2023.12-SP4,104,60,44,18.724608,4.531968,14.192641,0.4230769230769231,0.757967323000834,0.02,0.34,0.0,0,V-2023.12-SP4,105,61,44,18.79,4.6,14.19,25.8048,0.7281,0.41904761904761906,0.7551889302820649,0.19,0.34,0.0,0,V-2023.12-SP3,V-2023.12-SP4,0.25060000000000004,0.022949999999999998,0.0001594,0.2737,0.27355000000000007,0.20516250000000005,0.1622,0.0,0.0,0.1622,0.06647,0.01012,0.00013470000000000002,0.07672,0.02194,0.012830000000000001,2.475e-05,0.034789999999999995,0.0,0.0,0.0,0.0,0.0,0.0,0.0,0.0,0.0,0.0,0.0,0.0,0.0,0.0,0.0,0.0,vectored,random,2,2026-07-25T03:13:31+00:00
intadd_6_6_6_5_7nm_TT_0V75_25C_1000MHz,intadd,a_width=6;b_width=6;out_width=6;pipeline_stages=5,7nm,TT,0.75,25.0,1.0,1000.0,6,6,6,5,V-2023.12-SP4,104,60,44,18.724608,4.531968,14.192641,0.4230769230769231,0.757967323000834,0.02,0.46,0.0,0,V-2023.12-SP4,105,61,44,18.79,4.6,14.19,25.8048,0.7281,0.41904761904761906,0.7551889302820649,0.32,0.46,0.0,0,V-2023.12-SP3,V-2023.12-SP4,0.18789999999999998,0.01753,0.0001594,0.2056,0.20542999999999997,0.20542999999999997,0.1211,0.0,0.0,0.1211,0.04998,0.0076,0.00013470000000000002,0.05772,0.0168,0.009927,2.475e-05,0.026760000000000003,0.0,0.0,0.0,0.0,0.0,0.0,0.0,0.0,0.0,0.0,0.0,0.0,0.0,0.0,0.0,0.0,vectored,random,2,2026-07-25T03:13:33+00:00
intadd_6_6_14_2_10nm_TT_0V8_25C_1333p33MHz,intadd,a_width=6;b_width=6;out_width=14;pipeline_stages=2,10nm,TT,0.8,25.0,0.75,1333.3333333333333,6,6,14,2,V-2023.12-SP4,50,31,19,17.510401,5.8368,11.673601,0.38,0.6666666857029715,0.38,0.15,0.0,0,V-2023.12-SP4,50,31,19,17.51,5.84,11.67,24.7603,0.7072,0.38,0.666476299257567,0.2,0.34,0.0,0,V-2023.12-SP3,V-2023.12-SP4,0.12010000000000001,0.009592,4.4080000000000005e-05,0.1297,0.129692,0.097269,0.08968,0.0,0.0,0.08968,0.01738,0.003319,2.786e-05,0.02073,0.013040000000000001,0.006273,1.622e-05,0.01932,0.0,0.0,0.0,0.0,0.0,0.0,0.0,0.0,0.0,0.0,0.0,0.0,0.0,0.0,0.0,0.0,unvectored,none,2,2026-07-25T03:14:38+00:00
intadd_6_6_14_2_10nm_TT_0V8_25C_1333p33MHz,intadd,a_width=6;b_width=6;out_width=14;pipeline_stages=2,10nm,TT,0.8,25.0,0.75,1333.3333333333333,6,6,14,2,V-2023.12-SP4,50,31,19,17.510401,5.8368,11.673601,0.38,0.6666666857029715,0.38,0.15,0.0,0,V-2023.12-SP4,50,31,19,17.51,5.84,11.67,24.7603,0.7072,0.38,0.666476299257567,0.2,0.34,0.0,0,V-2023.12-SP3,V-2023.12-SP4,0.1499,0.01938,4.732e-05,0.1693,0.16928,0.12696000000000002,0.08961000000000001,0.0,0.0,0.08961000000000001,0.03825,0.008279,2.998e-05,0.046560000000000004,0.021990000000000003,0.0111,1.734e-05,0.03311,0.0,0.0,0.0,0.0,0.0,0.0,0.0,0.0,0.0,0.0,0.0,0.0,0.0,0.0,0.0,0.0,vectored,random,2,2026-07-25T03:14:44+00:00
intadd_6_6_14_2_16nm_TT_0V85_25C_1333p33MHz,intadd,a_width=6;b_width=6;out_width=14;pipeline_stages=2,16nm,TT,0.85,25.0,0.75,1333.3333333333333,6,6,14,2,V-2023.12-SP4,69,50,19,36.516097,12.877056,23.639041,0.2753623188405797,0.6473594645123217,0.51,0.01,0.0,0,V-2023.12-SP4,70,51,19,37.14,13.13,24.01,49.2687,0.7538,0.2714285714285714,0.6464728056004309,0.21,0.31,0.0,0,V-2023.12-SP3,V-2023.12-SP4,0.1642,0.0138,0.0001147,0.17809999999999998,0.17800000000000002,0.1335,0.12229999999999999,0.0,0.0,0.12229999999999999,0.0244,0.003025,9.172000000000001e-05,0.02752,0.01753,0.01077,2.295e-05,0.02833,0.0,0.0,0.0,0.0,0.0,0.0,0.0,0.0,0.0,0.0,0.0,0.0,0.0,0.0,0.0,0.0,unvectored,none,2,2026-07-25T03:14:56+00:00
intadd_6_6_14_2_10nm_TT_0V8_25C_800MHz,intadd,a_width=6;b_width=6;out_width=14;pipeline_stages=2,10nm,TT,0.8,25.0,1.25,800.0,6,6,14,2,V-2023.12-SP4,50,31,19,17.510401,5.8368,11.673601,0.38,0.6666666857029715,0.02,0.59,0.0,0,V-2023.12-SP4,54,35,19,19.85,8.17,11.67,24.7603,0.8015,0.35185185185185186,0.5879093198992443,0.45,0.69,0.0,0,V-2023.12-SP3,V-2023.12-SP4,0.112,0.02384,6.0790000000000006e-05,0.1359,0.13584000000000002,0.1698,0.09379,0.018029999999999997,1.672e-05,0.1118,0.01044,0.001982,2.786e-05,0.01245,0.007822,0.0038299999999999996,1.622e-05,0.01167,0.0,0.0,0.0,0.0,0.0,0.0,0.0,0.0,0.0,0.0,0.0,0.0,0.0,0.0,0.0,0.0,unvectored,none,2,2026-07-25T03:14:57+00:00
intadd_6_6_14_2_20nm_TT_0V9_25C_666p667MHz,intadd,a_width=6;b_width=6;out_width=14;pipeline_stages=2,20nm,TT,0.9,25.0,1.5,666.6666666666666,6,6,14,2,V-2023.12-SP4,50,31,19,60.192,20.064,40.128,0.38,0.6666666666666666,0.96,0.3,0.0,0,V-2023.12-SP4,51,32,19,60.51,20.38,40.13,81.312,0.7442,0.37254901960784315,0.663196165922988,0.6,0.66,0.0,0,V-2023.12-SP3,V-2023.12-SP4,0.1007,0.007526,4.957e-05,0.1082,0.108226,0.162339,0.07615,0.0010049999999999998,5.767e-07,0.07715000000000001,0.01426,0.002168,2.885e-05,0.016460000000000002,0.01025,0.004352999999999999,2.014e-05,0.014620000000000001,0.0,0.0,0.0,0.0,0.0,0.0,0.0,0.0,0.0,0.0,0.0,0.0,0.0,0.0,0.0,0.0,unvectored,none,2,2026-07-25T03:15:02+00:00
intadd_6_6_14_2_16nm_TT_0V85_25C_1333p33MHz,intadd,a_width=6;b_width=6;out_width=14;pipeline_stages=2,16nm,TT,0.85,25.0,0.75,1333.3333333333333,6,6,14,2,V-2023.12-SP4,69,50,19,36.516097,12.877056,23.639041,0.2753623188405797,0.6473594645123217,0.51,0.01,0.0,0,V-2023.12-SP4,70,51,19,37.14,13.13,24.01,49.2687,0.7538,0.2714285714285714,0.6464728056004309,0.21,0.31,0.0,0,V-2023.12-SP3,V-2023.12-SP4,0.20479999999999998,0.02595,0.0001008,0.2308,0.23074999999999998,0.17306249999999998,0.12290000000000001,0.0,0.0,0.12290000000000001,0.053520000000000005,0.00754,7.615000000000001e-05,0.06114,0.028399999999999998,0.018410000000000003,2.465e-05,0.04684,0.0,0.0,0.0,0.0,0.0,0.0,0.0,0.0,0.0,0.0,0.0,0.0,0.0,0.0,0.0,0.0,vectored,random,2,2026-07-25T03:15:03+00:00
intadd_6_6_14_3_10nm_TT_0V8_25C_1333p33MHz,intadd,a_width=6;b_width=6;out_width=14;pipeline_stages=3,10nm,TT,0.8,25.0,0.75,1333.3333333333333,6,6,14,3,V-2023.12-SP4,80,49,31,27.064321,8.01792,19.046401,0.3875,0.7037457544196287,0.36,0.17,0.0,0,V-2023.12-SP4,80,49,31,27.06,8.02,19.05,37.847,0.7151,0.3875,0.7039911308203992,0.2,0.34,0.0,0,V-2023.12-SP3,V-2023.12-SP4,0.18919999999999998,0.0148,6.827e-05,0.2041,0.204,0.153,0.1452,0.0,0.0,0.1452,0.0275,0.005093,4.568e-05,0.03264,0.016560000000000002,0.009708,2.259e-05,0.02629,0.0,0.0,0.0,0.0,0.0,0.0,0.0,0.0,0.0,0.0,0.0,0.0,0.0,0.0,0.0,0.0,unvectored,none,2,2026-07-25T03:15:03+00:00
intadd_6_6_14_2_10nm_TT_0V8_25C_800MHz,intadd,a_width=6;b_width=6;out_width=14;pipeline_stages=2,10nm,TT,0.8,25.0,1.25,800.0,6,6,14,2,V-2023.12-SP4,50,31,19,17.510401,5.8368,11.673601,0.38,0.6666666857029715,0.02,0.59,0.0,0,V-2023.12-SP4,54,35,19,19.85,8.17,11.67,24.7603,0.8015,0.35185185185185186,0.5879093198992443,0.45,0.69,0.0,0,V-2023.12-SP3,V-2023.12-SP4,0.12999999999999998,0.0297,6.422e-05,0.1598,0.15969999999999998,0.19962499999999997,0.09375,0.018029999999999997,1.672e-05,0.1118,0.02307,0.004943,3.016e-05,0.028050000000000002,0.01319,0.006729000000000001,1.734e-05,0.01994,0.0,0.0,0.0,0.0,0.0,0.0,0.0,0.0,0.0,0.0,0.0,0.0,0.0,0.0,0.0,0.0,vectored,random,2,2026-07-25T03:15:03+00:00
intadd_6_6_14_2_5nm_TT_0V7_25C_1333p33MHz,intadd,a_width=6;b_width=6;out_width=14;pipeline_stages=2,5nm,TT,0.7,25.0,0.75,1333.3333333333333,6,6,14,2,V-2023.12-SP4,50,31,19,4.9224,1.7304,3.192,0.38,0.6484641638225257,0.3,0.23,0.0,0,V-2023.12-SP4,50,31,19,4.92,1.73,3.19,6.678,0.7371,0.38,0.6483739837398373,0.19,0.34,0.0,0,V-2023.12-SP3,V-2023.12-SP4,0.08368,0.0077919999999999994,4.692e-05,0.09152,0.091472,0.068604,0.06122999999999999,0.0,0.0,0.06122999999999999,0.01277,0.002539,3.496e-05,0.01534,0.00969,0.005253000000000001,1.1959999999999999e-05,0.014960000000000001,0.0,0.0,0.0,0.0,0.0,0.0,0.0,0.0,0.0,0.0,0.0,0.0,0.0,0.0,0.0,0.0,unvectored,none,2,2026-07-25T03:15:06+00:00
intadd_6_6_14_3_20nm_TT_0V9_25C_1000MHz,intadd,a_width=6;b_width=6;out_width=14;pipeline_stages=3,20nm,TT,0.9,25.0,1.0,1000.0,6,6,14,3,V-2023.12-SP4,99,68,31,96.412799,30.9408,65.472,0.31313131313131315,0.6790799632318525,0.72,0.04,0.0,0,V-2023.12-SP4,100,69,31,96.84,31.36,65.47,130.0992,0.7443,0.31,0.6760636100784799,0.35,0.41,0.0,0,V-2023.12-SP3,V-2023.12-SP4,0.24020000000000002,0.01709,8.513999999999999e-05,0.2574,0.25729,0.25729,0.1853,0.001302,8.711e-07,0.18660000000000002,0.03392,0.0044989999999999995,4.692e-05,0.038470000000000004,0.02095,0.01129,3.735e-05,0.03227,0.0,0.0,0.0,0.0,0.0,0.0,0.0,0.0,0.0,0.0,0.0,0.0,0.0,0.0,0.0,0.0,unvectored,none,2,2026-07-25T03:15:07+00:00
intadd_6_6_14_2_16nm_TT_0V85_25C_800MHz,intadd,a_width=6;b_width=6;out_width=14;pipeline_stages=2,16nm,TT,0.85,25.0,1.25,800.0,6,6,14,2,V-2023.12-SP4,50,31,19,35.458561,11.81952,23.639041,0.38,0.6666666760673112,0.66,0.36,0.0,0,V-2023.12-SP4,53,34,19,37.39,13.13,24.26,48.5222,0.7705,0.3584905660377358,0.6488365873228136,0.46,0.63,0.0,0,V-2023.12-SP3,V-2023.12-SP4,0.1126,0.01896,0.0001027,0.1317,0.13156,0.16445,0.08742,0.012069999999999999,4.1560000000000005e-06,0.09949,0.01501,0.002245,8.170999999999999e-05,0.01734,0.010190000000000001,0.004647,1.685e-05,0.01485,0.0,0.0,0.0,0.0,0.0,0.0,0.0,0.0,0.0,0.0,0.0,0.0,0.0,0.0,0.0,0.0,unvectored,none,2,2026-07-25T03:15:07+00:00
intadd_6_6_14_2_20nm_TT_0V9_25C_666p667MHz,intadd,a_width=6;b_width=6;out_width=14;pipeline_stages=2,20nm,TT,0.9,25.0,1.5,666.6666666666666,6,6,14,2,V-2023.12-SP4,50,31,19,60.192,20.064,40.128,0.38,0.6666666666666666,0.96,0.3,0.0,0,V-2023.12-SP4,51,32,19,60.51,20.38,40.13,81.312,0.7442,0.37254901960784315,0.663196165922988,0.6,0.66,0.0,0,V-2023.12-SP3,V-2023.12-SP4,0.125,0.01397,5.76e-05,0.1391,0.13897,0.208455,0.07664,0.0010049999999999998,5.767e-07,0.07765,0.03127,0.005406,3.4609999999999996e-05,0.03671,0.01712,0.007555,2.2420000000000002e-05,0.0247,0.0,0.0,0.0,0.0,0.0,0.0,0.0,0.0,0.0,0.0,0.0,0.0,0.0,0.0,0.0,0.0,vectored,random,2,2026-07-25T03:15:08+00:00
intadd_6_6_14_3_10nm_TT_0V8_25C_1333p33MHz,intadd,a_width=6;b_width=6;out_width=14;pipeline_stages=3,10nm,TT,0.8,25.0,0.75,1333.3333333333333,6,6,14,3,V-2023.12-SP4,80,49,31,27.064321,8.01792,19.046401,0.3875,0.7037457544196287,0.36,0.17,0.0,0,V-2023.12-SP4,80,49,31,27.06,8.02,19.05,37.847,0.7151,0.3875,0.7039911308203992,0.2,0.34,0.0,0,V-2023.12-SP3,V-2023.12-SP4,0.2359,0.03043,7.336e-05,0.2664,0.26633,0.19974750000000002,0.145,0.0,0.0,0.145,0.06219999999999999,0.012700000000000001,4.8960000000000006e-05,0.07495,0.0287,0.017730000000000003,2.44e-05,0.04645,0.0,0.0,0.0,0.0,0.0,0.0,0.0,0.0,0.0,0.0,0.0,0.0,0.0,0.0,0.0,0.0,vectored,random,2,2026-07-25T03:15:09+00:00
intadd_6_6_14_3_16nm_TT_0V85_25C_1333p33MHz,intadd,a_width=6;b_width=6;out_width=14;pipeline_stages=3,16nm,TT,0.85,25.0,0.75,1333.3333333333333,6,6,14,3,V-2023.12-SP4,100,69,31,56.298242,17.72928,38.568962,0.31,0.6850828841156354,0.51,0.01,0.0,0,V-2023.12-SP4,101,70,31,57.11,18.04,39.07,77.449,0.7373,0.3069306930693069,0.6841183680616355,0.21,0.31,0.0,0,V-2023.12-SP3,V-2023.12-SP4,0.2612,0.01912,0.0001861,0.28049999999999997,0.28032,0.21024,0.199,0.0,0.0,0.199,0.03845,0.005224,0.000154,0.04383,0.023799999999999998,0.013900000000000001,3.211e-05,0.03773,0.0,0.0,0.0,0.0,0.0,0.0,0.0,0.0,0.0,0.0,0.0,0.0,0.0,0.0,0.0,0.0,unvectored,none,2,2026-07-25T03:15:10+00:00
intadd_6_6_14_2_5nm_TT_0V7_25C_1333p33MHz,intadd,a_width=6;b_width=6;out_width=14;pipeline_stages=2,5nm,TT,0.7,25.0,0.75,1333.3333333333333,6,6,14,2,V-2023.12-SP4,50,31,19,4.9224,1.7304,3.192,0.38,0.6484641638225257,0.3,0.23,0.0,0,V-2023.12-SP4,50,31,19,4.92,1.73,3.19,6.678,0.7371,0.38,0.6483739837398373,0.19,0.34,0.0,0,V-2023.12-SP3,V-2023.12-SP4,0.106,0.015780000000000002,4.4710000000000004e-05,0.1218,0.12178,0.091335,0.06159,0.0,0.0,0.06159,0.02803,0.006331,3.1809999999999995e-05,0.034390000000000004,0.016399999999999998,0.009449,1.29e-05,0.02586,0.0,0.0,0.0,0.0,0.0,0.0,0.0,0.0,0.0,0.0,0.0,0.0,0.0,0.0,0.0,0.0,vectored,random,2,2026-07-25T03:15:12+00:00
intadd_6_6_14_3_20nm_TT_0V9_25C_1000MHz,intadd,a_width=6;b_width=6;out_width=14;pipeline_stages=3,20nm,TT,0.9,25.0,1.0,1000.0,6,6,14,3,V-2023.12-SP4,99,68,31,96.412799,30.9408,65.472,0.31313131313131315,0.6790799632318525,0.72,0.04,0.0,0,V-2023.12-SP4,100,69,31,96.84,31.36,65.47,130.0992,0.7443,0.31,0.6760636100784799,0.35,0.41,0.0,0,V-2023.12-SP3,V-2023.12-SP4,0.29540000000000005,0.031819999999999994,9.825e-05,0.3273,0.32722000000000007,0.32722000000000007,0.1863,0.001302,8.711e-07,0.18760000000000002,0.0746,0.011229999999999999,5.6620000000000003e-05,0.08588,0.034440000000000005,0.01929,4.0749999999999994e-05,0.053779999999999994,0.0,0.0,0.0,0.0,0.0,0.0,0.0,0.0,0.0,0.0,0.0,0.0,0.0,0.0,0.0,0.0,vectored,random,2,2026-07-25T03:15:13+00:00
intadd_6_6_14_2_16nm_TT_0V85_25C_800MHz,intadd,a_width=6;b_width=6;out_width=14;pipeline_stages=2,16nm,TT,0.85,25.0,1.25,800.0,6,6,14,2,V-2023.12-SP4,50,31,19,35.458561,11.81952,23.639041,0.38,0.6666666760673112,0.66,0.36,0.0,0,V-2023.12-SP4,53,34,19,37.39,13.13,24.26,48.5222,0.7705,0.3584905660377358,0.6488365873228136,0.46,0.63,0.0,0,V-2023.12-SP3,V-2023.12-SP4,0.1383,0.02583,9.248000000000001e-05,0.1642,0.16413,0.2051625,0.08754,0.012069999999999999,4.1560000000000005e-06,0.09961,0.03344,0.0056,6.967e-05,0.039110000000000006,0.01735,0.00816,1.866e-05,0.02552,0.0,0.0,0.0,0.0,0.0,0.0,0.0,0.0,0.0,0.0,0.0,0.0,0.0,0.0,0.0,0.0,vectored,random,2,2026-07-25T03:15:14+00:00
intadd_6_6_14_3_16nm_TT_0V85_25C_1333p33MHz,intadd,a_width=6;b_width=6;out_width=14;pipeline_stages=3,16nm,TT,0.85,25.0,0.75,1333.3333333333333,6,6,14,3,V-2023.12-SP4,100,69,31,56.298242,17.72928,38.568962,0.31,0.6850828841156354,0.51,0.01,0.0,0,V-2023.12-SP4,101,70,31,57.11,18.04,39.07,77.449,0.7373,0.3069306930693069,0.6841183680616355,0.21,0.31,0.0,0,V-2023.12-SP3,V-2023.12-SP4,0.3241,0.03661,0.0001614,0.3609,0.36071,0.27053249999999995,0.1998,0.0,0.0,0.1998,0.08506999999999999,0.01305,0.00012660000000000001,0.09824,0.03921,0.02357,3.477e-05,0.06282,0.0,0.0,0.0,0.0,0.0,0.0,0.0,0.0,0.0,0.0,0.0,0.0,0.0,0.0,0.0,0.0,vectored,random,2,2026-07-25T03:15:17+00:00
intadd_6_6_14_2_5nm_TT_0V7_25C_1000MHz,intadd,a_width=6;b_width=6;out_width=14;pipeline_stages=2,5nm,TT,0.7,25.0,1.0,1000.0,6,6,14,2,V-2023.12-SP4,50,31,19,4.9224,1.7304,3.192,0.38,0.6484641638225257,0.02,0.47,0.0,0,V-2023.12-SP4,53,34,19,5.4,2.21,3.19,6.678,0.8088,0.3584905660377358,0.5907407407407407,0.32,0.55,0.0,0,V-2023.12-SP3,V-2023.12-SP4,0.09116,0.02457,5.6580000000000004e-05,0.1158,0.11573,0.11573,0.07432000000000001,0.01865,9.655e-06,0.09298,0.009544,0.0019199999999999998,3.496e-05,0.0115,0.007294,0.004004,1.1959999999999999e-05,0.01131,0.0,0.0,0.0,0.0,0.0,0.0,0.0,0.0,0.0,0.0,0.0,0.0,0.0,0.0,0.0,0.0,unvectored,none,2,2026-07-25T03:15:17+00:00
intadd_6_6_14_3_5nm_TT_0V7_25C_1333p33MHz,intadd,a_width=6;b_width=6;out_width=14;pipeline_stages=3,5nm,TT,0.7,25.0,0.75,1333.3333333333333,6,6,14,3,V-2023.12-SP4,80,49,31,7.5936,2.3856,5.208,0.3875,0.6858407079646017,0.28,0.25,0.0,0,V-2023.12-SP4,80,49,31,7.59,2.39,5.21,10.374,0.732,0.3875,0.686429512516469,0.19,0.34,0.0,0,V-2023.12-SP3,V-2023.12-SP4,0.132,0.01222,7.338e-05,0.1443,0.14422000000000001,0.10816500000000001,0.0994,0.0,0.0,0.0994,0.02011,0.004088,5.6699999999999996e-05,0.02426,0.012459999999999999,0.008136,1.668e-05,0.02061,0.0,0.0,0.0,0.0,0.0,0.0,0.0,0.0,0.0,0.0,0.0,0.0,0.0,0.0,0.0,0.0,unvectored,none,2,2026-07-25T03:15:21+00:00
intadd_6_6_14_2_5nm_TT_0V7_25C_1000MHz,intadd,a_width=6;b_width=6;out_width=14;pipeline_stages=2,5nm,TT,0.7,25.0,1.0,1000.0,6,6,14,2,V-2023.12-SP4,50,31,19,4.9224,1.7304,3.192,0.38,0.6484641638225257,0.02,0.47,0.0,0,V-2023.12-SP4,53,34,19,5.4,2.21,3.19,6.678,0.8088,0.3584905660377358,0.5907407407407407,0.32,0.55,0.0,0,V-2023.12-SP3,V-2023.12-SP4,0.10830000000000001,0.03088,5.4130000000000005e-05,0.1392,0.13918,0.13918,0.0746,0.01865,9.67e-06,0.09326,0.02116,0.004789,3.156e-05,0.02598,0.01254,0.007446,1.29e-05,0.01999,0.0,0.0,0.0,0.0,0.0,0.0,0.0,0.0,0.0,0.0,0.0,0.0,0.0,0.0,0.0,0.0,vectored,random,2,2026-07-25T03:15:23+00:00
intadd_6_6_14_3_5nm_TT_0V7_25C_1333p33MHz,intadd,a_width=6;b_width=6;out_width=14;pipeline_stages=3,5nm,TT,0.7,25.0,0.75,1333.3333333333333,6,6,14,3,V-2023.12-SP4,80,49,31,7.5936,2.3856,5.208,0.3875,0.6858407079646017,0.28,0.25,0.0,0,V-2023.12-SP4,80,49,31,7.59,2.39,5.21,10.374,0.732,0.3875,0.686429512516469,0.19,0.34,0.0,0,V-2023.12-SP3,V-2023.12-SP4,0.1659,0.02453,7.003e-05,0.1905,0.19043,0.1428225,0.09997,0.0,0.0,0.09997,0.04496,0.0102,5.184e-05,0.05521,0.020970000000000003,0.01433,1.819e-05,0.03532,0.0,0.0,0.0,0.0,0.0,0.0,0.0,0.0,0.0,0.0,0.0,0.0,0.0,0.0,0.0,0.0,vectored,random,2,2026-07-25T03:15:27+00:00
intadd_6_6_14_2_7nm_TT_0V75_25C_1333p33MHz,intadd,a_width=6;b_width=6;out_width=14;pipeline_stages=2,7nm,TT,0.75,25.0,0.75,1333.3333333333333,6,6,14,2,V-2023.12-SP4,50,31,19,9.19296,3.06432,6.12864,0.38,0.6666666666666667,0.3,0.23,0.0,0,V-2023.12-SP4,50,31,19,9.19,3.06,6.13,12.6444,0.727,0.38,0.6670293797606094,0.19,0.34,0.0,0,V-2023.12-SP3,V-2023.12-SP4,0.0941,0.0077870000000000005,6.141000000000001e-05,0.102,0.101887,0.07641525,0.07056,0.0,0.0,0.07056,0.01374,0.002533,4.87e-05,0.01633,0.009804,0.005254,1.2709999999999999e-05,0.01507,0.0,0.0,0.0,0.0,0.0,0.0,0.0,0.0,0.0,0.0,0.0,0.0,0.0,0.0,0.0,0.0,unvectored,none,2,2026-07-25T03:15:29+00:00
intadd_6_6_14_2_7nm_TT_0V75_25C_1333p33MHz,intadd,a_width=6;b_width=6;out_width=14;pipeline_stages=2,7nm,TT,0.75,25.0,0.75,1333.3333333333333,6,6,14,2,V-2023.12-SP4,50,31,19,9.19296,3.06432,6.12864,0.38,0.6666666666666667,0.3,0.23,0.0,0,V-2023.12-SP4,50,31,19,9.19,3.06,6.13,12.6444,0.727,0.38,0.6670293797606094,0.19,0.34,0.0,0,V-2023.12-SP3,V-2023.12-SP4,0.118,0.015760000000000003,7.146000000000001e-05,0.1338,0.13376,0.10031999999999999,0.07052,0.0,0.0,0.07052,0.03031,0.006319,5.822e-05,0.036680000000000004,0.01713,0.009445,1.325e-05,0.026590000000000003,0.0,0.0,0.0,0.0,0.0,0.0,0.0,0.0,0.0,0.0,0.0,0.0,0.0,0.0,0.0,0.0,vectored,random,2,2026-07-25T03:15:35+00:00
intadd_6_6_14_2_7nm_TT_0V75_25C_1000MHz,intadd,a_width=6;b_width=6;out_width=14;pipeline_stages=2,7nm,TT,0.75,25.0,1.0,1000.0,6,6,14,2,V-2023.12-SP4,50,31,19,9.19296,3.06432,6.12864,0.38,0.6666666666666667,0.02,0.46,0.0,0,V-2023.12-SP4,51,32,19,9.26,3.13,6.13,12.6444,0.7321,0.37254901960784315,0.661987041036717,0.32,0.51,0.0,0,V-2023.12-SP3,V-2023.12-SP4,0.07277,0.015739999999999997,6.199000000000001e-05,0.08857,0.08851,0.08851,0.055130000000000005,0.009859,5.776e-07,0.06499,0.01029,0.001918,4.87e-05,0.01226,0.007351,0.003966,1.2709999999999999e-05,0.01133,0.0,0.0,0.0,0.0,0.0,0.0,0.0,0.0,0.0,0.0,0.0,0.0,0.0,0.0,0.0,0.0,unvectored,none,2,2026-07-25T03:15:40+00:00
intadd_6_6_14_3_20nm_TT_0V9_25C_666p667MHz,intadd,a_width=6;b_width=6;out_width=14;pipeline_stages=3,20nm,TT,0.9,25.0,1.5,666.6666666666666,6,6,14,3,V-2023.12-SP4,80,49,31,93.033599,27.5616,65.472,0.3875,0.7037457510377514,0.91,0.35,0.0,0,V-2023.12-SP4,81,50,31,93.46,27.98,65.47,128.6208,0.7266,0.38271604938271603,0.7005135887010486,0.61,0.66,0.0,0,V-2023.12-SP3,V-2023.12-SP4,0.15919999999999998,0.010879999999999999,7.687e-05,0.1701,0.17007999999999998,0.25511999999999996,0.1236,0.0009045,8.711e-07,0.12449999999999999,0.022670000000000003,0.0033859999999999997,4.771e-05,0.0261,0.01292,0.006589,2.8290000000000002e-05,0.019530000000000002,0.0,0.0,0.0,0.0,0.0,0.0,0.0,0.0,0.0,0.0,0.0,0.0,0.0,0.0,0.0,0.0,unvectored,none,2,2026-07-25T03:15:41+00:00
intadd_6_6_14_3_7nm_TT_0V75_25C_1333p33MHz,intadd,a_width=6;b_width=6;out_width=14;pipeline_stages=3,7nm,TT,0.75,25.0,0.75,1333.3333333333333,6,6,14,3,V-2023.12-SP4,80,49,31,14.208768,4.209408,9.99936,0.3875,0.7037457434733257,0.29,0.24,0.0,0,V-2023.12-SP4,80,49,31,14.21,4.21,10.0,19.1923,0.7403,0.3875,0.7037297677691766,0.19,0.34,0.0,0,V-2023.12-SP3,V-2023.12-SP4,0.14889999999999998,0.01209,9.811999999999999e-05,0.161,0.16098999999999997,0.12074249999999997,0.1146,0.0,0.0,0.1146,0.02172,0.004082,8.051e-05,0.02589,0.01252,0.008012,1.762e-05,0.020550000000000002,0.0,0.0,0.0,0.0,0.0,0.0,0.0,0.0,0.0,0.0,0.0,0.0,0.0,0.0,0.0,0.0,unvectored,none,2,2026-07-25T03:15:43+00:00
intadd_6_6_14_2_7nm_TT_0V75_25C_1000MHz,intadd,a_width=6;b_width=6;out_width=14;pipeline_stages=2,7nm,TT,0.75,25.0,1.0,1000.0,6,6,14,2,V-2023.12-SP4,50,31,19,9.19296,3.06432,6.12864,0.38,0.6666666666666667,0.02,0.46,0.0,0,V-2023.12-SP4,51,32,19,9.26,3.13,6.13,12.6444,0.7321,0.37254901960784315,0.661987041036717,0.32,0.51,0.0,0,V-2023.12-SP3,V-2023.12-SP4,0.09037,0.021679999999999998,7.205e-05,0.1121,0.11205000000000001,0.11205000000000001,0.055099999999999996,0.009859,5.775e-07,0.06496,0.022600000000000002,0.004783,5.8229999999999996e-05,0.027440000000000003,0.01267,0.007037,1.325e-05,0.01972,0.0,0.0,0.0,0.0,0.0,0.0,0.0,0.0,0.0,0.0,0.0,0.0,0.0,0.0,0.0,0.0,vectored,random,2,2026-07-25T03:15:46+00:00
intadd_6_6_14_3_20nm_TT_0V9_25C_666p667MHz,intadd,a_width=6;b_width=6;out_width=14;pipeline_stages=3,20nm,TT,0.9,25.0,1.5,666.6666666666666,6,6,14,3,V-2023.12-SP4,80,49,31,93.033599,27.5616,65.472,0.3875,0.7037457510377514,0.91,0.35,0.0,0,V-2023.12-SP4,81,50,31,93.46,27.98,65.47,128.6208,0.7266,0.38271604938271603,0.7005135887010486,0.61,0.66,0.0,0,V-2023.12-SP3,V-2023.12-SP4,0.1978,0.02138,8.934000000000001e-05,0.2193,0.21918,0.32877,0.1242,0.0009045,8.711e-07,0.12510000000000002,0.051109999999999996,0.008446,5.66e-05,0.05961,0.02251,0.01203,3.186e-05,0.034570000000000004,0.0,0.0,0.0,0.0,0.0,0.0,0.0,0.0,0.0,0.0,0.0,0.0,0.0,0.0,0.0,0.0,vectored,random,2,2026-07-25T03:15:47+00:00
intadd_6_6_14_3_7nm_TT_0V75_25C_1333p33MHz,intadd,a_width=6;b_width=6;out_width=14;pipeline_stages=3,7nm,TT,0.75,25.0,0.75,1333.3333333333333,6,6,14,3,V-2023.12-SP4,80,49,31,14.208768,4.209408,9.99936,0.3875,0.7037457434733257,0.29,0.24,0.0,0,V-2023.12-SP4,80,49,31,14.21,4.21,10.0,19.1923,0.7403,0.3875,0.7037297677691766,0.19,0.34,0.0,0,V-2023.12-SP3,V-2023.12-SP4,0.1851,0.024470000000000002,0.0001136,0.2097,0.20956999999999998,0.15717749999999997,0.1145,0.0,0.0,0.1145,0.04875,0.010180000000000002,9.509e-05,0.05902,0.02186,0.014280000000000001,1.852e-05,0.03616,0.0,0.0,0.0,0.0,0.0,0.0,0.0,0.0,0.0,0.0,0.0,0.0,0.0,0.0,0.0,0.0,vectored,random,2,2026-07-25T03:15:49+00:00
intadd_6_6_14_3_10nm_TT_0V8_25C_800MHz,intadd,a_width=6;b_width=6;out_width=14;pipeline_stages=3,10nm,TT,0.8,25.0,1.25,800.0,6,6,14,3,V-2023.12-SP4,80,49,31,27.064321,8.01792,19.046401,0.3875,0.7037457544196287,0.02,0.59,0.0,0,V-2023.12-SP4,83,52,31,29.52,10.48,19.05,37.847,0.78,0.37349397590361444,0.6453252032520326,0.45,0.69,0.0,0,V-2023.12-SP3,V-2023.12-SP4,0.164,0.0324,8.645e-05,0.1965,0.19640000000000002,0.24550000000000002,0.1375,0.023459999999999998,1.817e-05,0.161,0.01654,0.003055,4.568e-05,0.019639999999999998,0.009935999999999999,0.00588,2.259e-05,0.01584,0.0,0.0,0.0,0.0,0.0,0.0,0.0,0.0,0.0,0.0,0.0,0.0,0.0,0.0,0.0,0.0,unvectored,none,2,2026-07-25T03:16:46+00:00
intadd_6_6_14_3_10nm_TT_0V8_25C_800MHz,intadd,a_width=6;b_width=6;out_width=14;pipeline_stages=3,10nm,TT,0.8,25.0,1.25,800.0,6,6,14,3,V-2023.12-SP4,80,49,31,27.064321,8.01792,19.046401,0.3875,0.7037457544196287,0.02,0.59,0.0,0,V-2023.12-SP4,83,52,31,29.52,10.48,19.05,37.847,0.78,0.37349397590361444,0.6453252032520326,0.45,0.69,0.0,0,V-2023.12-SP3,V-2023.12-SP4,0.1916,0.041409999999999995,9.18e-05,0.2331,0.23301,0.2912625,0.1375,0.023459999999999998,1.817e-05,0.16090000000000002,0.037200000000000004,0.007619,4.923e-05,0.04487,0.016929999999999997,0.01032,2.44e-05,0.027270000000000003,0.0,0.0,0.0,0.0,0.0,0.0,0.0,0.0,0.0,0.0,0.0,0.0,0.0,0.0,0.0,0.0,vectored,random,2,2026-07-25T03:16:52+00:00
intadd_6_6_14_3_16nm_TT_0V85_25C_800MHz,intadd,a_width=6;b_width=6;out_width=14;pipeline_stages=3,16nm,TT,0.85,25.0,1.25,800.0,6,6,14,3,V-2023.12-SP4,80,49,31,54.80525,16.236288,38.568962,0.3875,0.7037457542844892,0.63,0.39,0.0,0,V-2023.12-SP4,84,53,31,66.62,27.18,39.44,75.5827,0.8815,0.36904761904761907,0.5920144100870609,0.46,0.62,0.0,0,V-2023.12-SP3,V-2023.12-SP4,0.2615,0.052930000000000005,0.1928,0.5073,0.31443,0.3930375,0.225,0.041940000000000005,0.19269999999999998,0.4596,0.02358,0.003693,0.0001406,0.02742,0.01295,0.007301,2.3639999999999997e-05,0.02028,0.0,0.0,0.0,0.0,0.0,0.0,0.0,0.0,0.0,0.0,0.0,0.0,0.0,0.0,0.0,0.0,unvectored,none,2,2026-07-25T03:17:05+00:00
intadd_6_6_14_5_10nm_TT_0V8_25C_1333p33MHz,intadd,a_width=6;b_width=6;out_width=14;pipeline_stages=5,10nm,TT,0.8,25.0,0.75,1333.3333333333333,6,6,14,5,V-2023.12-SP4,141,83,58,49.981442,14.34624,35.635202,0.41134751773049644,0.7129686654498684,0.36,0.17,0.0,0,V-2023.12-SP4,148,90,58,49.83,14.19,35.64,70.9632,0.7022,0.3918918918918919,0.7152317880794702,0.2,0.34,0.0,0,V-2023.12-SP3,V-2023.12-SP4,0.3514,0.02912,0.00012849999999999998,0.3807,0.38051999999999997,0.28539,0.2717,0.0,0.0,0.2717,0.05012,0.009336,8.497e-05,0.05954,0.029589999999999998,0.01979,4.349e-05,0.04942,0.0,0.0,0.0,0.0,0.0,0.0,0.0,0.0,0.0,0.0,0.0,0.0,0.0,0.0,0.0,0.0,unvectored,none,2,2026-07-25T03:17:07+00:00
intadd_6_6_14_3_16nm_TT_0V85_25C_800MHz,intadd,a_width=6;b_width=6;out_width=14;pipeline_stages=3,16nm,TT,0.85,25.0,1.25,800.0,6,6,14,3,V-2023.12-SP4,80,49,31,54.80525,16.236288,38.568962,0.3875,0.7037457542844892,0.63,0.39,0.0,0,V-2023.12-SP4,84,53,31,66.62,27.18,39.44,75.5827,0.8815,0.36904761904761907,0.5920144100870609,0.46,0.62,0.0,0,V-2023.12-SP3,V-2023.12-SP4,0.301,0.06404,0.1928,0.5578,0.36504,0.4563,0.2252,0.041940000000000005,0.19269999999999998,0.4598,0.05332,0.009212,0.00011729999999999999,0.06265000000000001,0.02248,0.01289,2.6490000000000002e-05,0.03539,0.0,0.0,0.0,0.0,0.0,0.0,0.0,0.0,0.0,0.0,0.0,0.0,0.0,0.0,0.0,0.0,vectored,random,2,2026-07-25T03:17:11+00:00
intadd_6_6_14_5_10nm_TT_0V8_25C_1333p33MHz,intadd,a_width=6;b_width=6;out_width=14;pipeline_stages=5,10nm,TT,0.8,25.0,0.75,1333.3333333333333,6,6,14,5,V-2023.12-SP4,141,83,58,49.981442,14.34624,35.635202,0.41134751773049644,0.7129686654498684,0.36,0.17,0.0,0,V-2023.12-SP4,148,90,58,49.83,14.19,35.64,70.9632,0.7022,0.3918918918918919,0.7152317880794702,0.2,0.34,0.0,0,V-2023.12-SP3,V-2023.12-SP4,0.43320000000000003,0.04877,0.0001384,0.48210000000000003,0.48197,0.3614775,0.27149999999999996,0.0,0.0,0.27149999999999996,0.11349999999999999,0.02332,9.161e-05,0.1369,0.048260000000000004,0.02546,4.681e-05,0.07375999999999999,0.0,0.0,0.0,0.0,0.0,0.0,0.0,0.0,0.0,0.0,0.0,0.0,0.0,0.0,0.0,0.0,vectored,random,2,2026-07-25T03:17:13+00:00
intadd_6_6_14_5_10nm_TT_0V8_25C_800MHz,intadd,a_width=6;b_width=6;out_width=14;pipeline_stages=5,10nm,TT,0.8,25.0,1.25,800.0,6,6,14,5,V-2023.12-SP4,141,83,58,49.981442,14.34624,35.635202,0.41134751773049644,0.7129686654498684,0.02,0.59,0.0,0,V-2023.12-SP4,152,94,58,52.68,17.05,35.64,70.9632,0.7424,0.3815789473684211,0.6765375854214123,0.45,0.69,0.0,0,V-2023.12-SP3,V-2023.12-SP4,0.2636,0.0564,0.0001493,0.3201,0.32,0.4,0.2157,0.03887,2.082e-05,0.2546,0.0301,0.005627,8.497e-05,0.035809999999999995,0.01779,0.011899999999999999,4.349e-05,0.029730000000000003,0.0,0.0,0.0,0.0,0.0,0.0,0.0,0.0,0.0,0.0,0.0,0.0,0.0,0.0,0.0,0.0,unvectored,none,2,2026-07-25T03:17:15+00:00
intadd_6_6_14_3_5nm_TT_0V7_25C_1000MHz,intadd,a_width=6;b_width=6;out_width=14;pipeline_stages=3,5nm,TT,0.7,25.0,1.0,1000.0,6,6,14,3,V-2023.12-SP4,80,49,31,7.5936,2.3856,5.208,0.3875,0.6858407079646017,0.02,0.47,0.0,0,V-2023.12-SP4,83,52,31,8.15,2.94,5.21,10.374,0.7854,0.37349397590361444,0.6392638036809816,0.32,0.55,0.0,0,V-2023.12-SP3,V-2023.12-SP4,0.1342,0.03412,8.466e-05,0.1684,0.16832000000000003,0.16832000000000003,0.1098,0.02493,1.1259999999999999e-05,0.1348,0.01501,0.003045,5.6710000000000004e-05,0.01811,0.009329,0.006147,1.668e-05,0.015489999999999999,0.0,0.0,0.0,0.0,0.0,0.0,0.0,0.0,0.0,0.0,0.0,0.0,0.0,0.0,0.0,0.0,unvectored,none,2,2026-07-25T03:17:16+00:00
intadd_6_6_14_5_20nm_TT_0V9_25C_666p667MHz,intadd,a_width=6;b_width=6;out_width=14;pipeline_stages=5,20nm,TT,0.9,25.0,1.5,666.6666666666666,6,6,14,5,V-2023.12-SP4,141,83,58,171.811199,49.3152,122.495999,0.41134751773049644,0.7129686522937309,0.91,0.35,0.0,0,V-2023.12-SP4,147,89,58,171.6,49.1,122.5,236.7552,0.7248,0.3945578231292517,0.7138694638694639,0.61,0.66,0.0,0,V-2023.12-SP3,V-2023.12-SP4,0.2899,0.01859,0.0001428,0.30870000000000003,0.30849,0.462735,0.2253,0.0,0.0,0.2253,0.041440000000000005,0.006241999999999999,8.791e-05,0.04777,0.02316,0.01235,5.49e-05,0.03557,0.0,0.0,0.0,0.0,0.0,0.0,0.0,0.0,0.0,0.0,0.0,0.0,0.0,0.0,0.0,0.0,unvectored,none,2,2026-07-25T03:17:19+00:00
intadd_6_6_14_5_16nm_TT_0V85_25C_1333p33MHz,intadd,a_width=6;b_width=6;out_width=14;pipeline_stages=5,16nm,TT,0.85,25.0,0.75,1333.3333333333333,6,6,14,5,V-2023.12-SP4,138,84,54,93.187588,26.002944,67.184643,0.391304347826087,0.7209612829554081,0.5,0.02,0.0,0,V-2023.12-SP4,138,84,54,94.8,26.0,68.8,131.881,0.7189,0.391304347826087,0.7257383966244726,0.21,0.31,0.0,0,V-2023.12-SP3,V-2023.12-SP4,0.44710000000000005,0.030639999999999997,0.0002798,0.47800000000000004,0.47774000000000005,0.35830500000000004,0.34400000000000003,0.0,0.0,0.34400000000000003,0.06738,0.01003,0.00023859999999999997,0.07765,0.035769999999999996,0.0206,4.122e-05,0.05642,0.0,0.0,0.0,0.0,0.0,0.0,0.0,0.0,0.0,0.0,0.0,0.0,0.0,0.0,0.0,0.0,unvectored,none,2,2026-07-25T03:17:20+00:00
intadd_6_6_14_5_10nm_TT_0V8_25C_800MHz,intadd,a_width=6;b_width=6;out_width=14;pipeline_stages=5,10nm,TT,0.8,25.0,1.25,800.0,6,6,14,5,V-2023.12-SP4,141,83,58,49.981442,14.34624,35.635202,0.41134751773049644,0.7129686654498684,0.02,0.59,0.0,0,V-2023.12-SP4,152,94,58,52.68,17.05,35.64,70.9632,0.7424,0.3815789473684211,0.6765375854214123,0.45,0.69,0.0,0,V-2023.12-SP3,V-2023.12-SP4,0.31379999999999997,0.0684,0.0001603,0.38230000000000003,0.3822,0.47775,0.2156,0.03887,2.082e-05,0.2545,0.06884,0.01405,9.263e-05,0.08299000000000001,0.02936,0.015489999999999999,4.68e-05,0.04489,0.0,0.0,0.0,0.0,0.0,0.0,0.0,0.0,0.0,0.0,0.0,0.0,0.0,0.0,0.0,0.0,vectored,random,2,2026-07-25T03:17:22+00:00
intadd_6_6_14_3_5nm_TT_0V7_25C_1000MHz,intadd,a_width=6;b_width=6;out_width=14;pipeline_stages=3,5nm,TT,0.7,25.0,1.0,1000.0,6,6,14,3,V-2023.12-SP4,80,49,31,7.5936,2.3856,5.208,0.3875,0.6858407079646017,0.02,0.47,0.0,0,V-2023.12-SP4,83,52,31,8.15,2.94,5.21,10.374,0.7854,0.37349397590361444,0.6392638036809816,0.32,0.55,0.0,0,V-2023.12-SP3,V-2023.12-SP4,0.16,0.04391,8.09e-05,0.204,0.20391,0.20391,0.11019999999999999,0.02493,1.1259999999999999e-05,0.13520000000000001,0.03388,0.007595,5.1450000000000004e-05,0.04152,0.01592,0.01138,1.8180000000000002e-05,0.02732,0.0,0.0,0.0,0.0,0.0,0.0,0.0,0.0,0.0,0.0,0.0,0.0,0.0,0.0,0.0,0.0,vectored,random,2,2026-07-25T03:17:23+00:00
intadd_6_6_14_5_16nm_TT_0V85_25C_800MHz,intadd,a_width=6;b_width=6;out_width=14;pipeline_stages=5,16nm,TT,0.85,25.0,1.25,800.0,6,6,14,5,V-2023.12-SP4,141,83,58,101.21242,29.051137,72.161283,0.41134751773049644,0.7129686554278616,0.61,0.41,0.0,0,V-2023.12-SP4,152,94,58,110.36,36.08,74.28,138.1018,0.7991,0.3815789473684211,0.6730699528814789,0.46,0.61,0.0,0,V-2023.12-SP3,V-2023.12-SP4,0.3643,0.06721,0.06452999999999999,0.496,0.43151,0.5393875,0.2972,0.046419999999999996,0.06423999999999999,0.4079,0.04408,0.006683000000000001,0.00024139999999999999,0.05101,0.023010000000000003,0.0141,4.568e-05,0.037160000000000006,0.0,0.0,0.0,0.0,0.0,0.0,0.0,0.0,0.0,0.0,0.0,0.0,0.0,0.0,0.0,0.0,unvectored,none,2,2026-07-25T03:17:24+00:00
intadd_6_6_14_5_20nm_TT_0V9_25C_666p667MHz,intadd,a_width=6;b_width=6;out_width=14;pipeline_stages=5,20nm,TT,0.9,25.0,1.5,666.6666666666666,6,6,14,5,V-2023.12-SP4,141,83,58,171.811199,49.3152,122.495999,0.41134751773049644,0.7129686522937309,0.91,0.35,0.0,0,V-2023.12-SP4,147,89,58,171.6,49.1,122.5,236.7552,0.7248,0.3945578231292517,0.7138694638694639,0.61,0.66,0.0,0,V-2023.12-SP3,V-2023.12-SP4,0.358,0.03275,0.0001677,0.391,0.39075,0.586125,0.22599999999999998,0.0,0.0,0.22599999999999998,0.09375,0.015590000000000001,0.000106,0.1095,0.03828,0.017159999999999998,6.170000000000001e-05,0.0555,0.0,0.0,0.0,0.0,0.0,0.0,0.0,0.0,0.0,0.0,0.0,0.0,0.0,0.0,0.0,0.0,vectored,random,2,2026-07-25T03:17:26+00:00
intadd_6_6_14_5_16nm_TT_0V85_25C_1333p33MHz,intadd,a_width=6;b_width=6;out_width=14;pipeline_stages=5,16nm,TT,0.85,25.0,0.75,1333.3333333333333,6,6,14,5,V-2023.12-SP4,138,84,54,93.187588,26.002944,67.184643,0.391304347826087,0.7209612829554081,0.5,0.02,0.0,0,V-2023.12-SP4,138,84,54,94.8,26.0,68.8,131.881,0.7189,0.391304347826087,0.7257383966244726,0.21,0.31,0.0,0,V-2023.12-SP3,V-2023.12-SP4,0.553,0.05269,0.0002482,0.606,0.6056900000000001,0.45426750000000005,0.345,0.0,0.0,0.345,0.15259999999999999,0.02504,0.0002019,0.1778,0.0555,0.02765,4.6240000000000005e-05,0.0832,0.0,0.0,0.0,0.0,0.0,0.0,0.0,0.0,0.0,0.0,0.0,0.0,0.0,0.0,0.0,0.0,vectored,random,2,2026-07-25T03:17:26+00:00
intadd_6_6_14_5_16nm_TT_0V85_25C_800MHz,intadd,a_width=6;b_width=6;out_width=14;pipeline_stages=5,16nm,TT,0.85,25.0,1.25,800.0,6,6,14,5,V-2023.12-SP4,141,83,58,101.21242,29.051137,72.161283,0.41134751773049644,0.7129686554278616,0.61,0.41,0.0,0,V-2023.12-SP4,152,94,58,110.36,36.08,74.28,138.1018,0.7991,0.3815789473684211,0.6730699528814789,0.46,0.61,0.0,0,V-2023.12-SP3,V-2023.12-SP4,0.43520000000000003,0.08203,0.0645,0.5818000000000001,0.5172300000000001,0.6465375000000001,0.29760000000000003,0.046419999999999996,0.06423999999999999,0.4082,0.10060000000000001,0.0167,0.00020669999999999998,0.1175,0.03704,0.0189,5.106e-05,0.05599,0.0,0.0,0.0,0.0,0.0,0.0,0.0,0.0,0.0,0.0,0.0,0.0,0.0,0.0,0.0,0.0,vectored,random,2,2026-07-25T03:17:30+00:00
intadd_6_6_14_5_5nm_TT_0V7_25C_1333p33MHz,intadd,a_width=6;b_width=6;out_width=14;pipeline_stages=5,5nm,TT,0.7,25.0,0.75,1333.3333333333333,6,6,14,5,V-2023.12-SP4,141,83,58,14.0868,4.3428,9.744,0.41134751773049644,0.691711389385808,0.27,0.27,0.0,0,V-2023.12-SP4,144,86,58,14.44,4.7,9.74,19.4376,0.7429,0.4027777777777778,0.6745152354570637,0.19,0.34,0.0,0,V-2023.12-SP3,V-2023.12-SP4,0.2671,0.03379,0.000145,0.301,0.30089,0.2256675,0.20900000000000002,0.01189,6.437e-06,0.2209,0.036539999999999996,0.00772,0.00010680000000000001,0.04437,0.02154,0.01417,3.1750000000000006e-05,0.035750000000000004,0.0,0.0,0.0,0.0,0.0,0.0,0.0,0.0,0.0,0.0,0.0,0.0,0.0,0.0,0.0,0.0,unvectored,none,2,2026-07-25T03:17:30+00:00
intadd_6_6_14_5_5nm_TT_0V7_25C_800MHz,intadd,a_width=6;b_width=6;out_width=14;pipeline_stages=5,5nm,TT,0.7,25.0,1.25,800.0,6,6,14,5,V-2023.12-SP4,141,83,58,14.0868,4.3428,9.744,0.41134751773049644,0.691711389385808,0.02,0.59,0.0,0,V-2023.12-SP4,146,88,58,14.73,4.98,9.74,19.4376,0.7576,0.3972602739726027,0.6612355736591989,0.44,0.68,0.0,0,V-2023.12-SP3,V-2023.12-SP4,0.1742,0.04616,0.0001507,0.2206,0.22036,0.27545,0.1393,0.03282,1.2149999999999999e-05,0.17220000000000002,0.02192,0.004616,0.00010680000000000001,0.02664,0.01298,0.008725,3.1750000000000006e-05,0.02174,0.0,0.0,0.0,0.0,0.0,0.0,0.0,0.0,0.0,0.0,0.0,0.0,0.0,0.0,0.0,0.0,unvectored,none,2,2026-07-25T03:17:34+00:00
intadd_6_6_14_5_5nm_TT_0V7_25C_1333p33MHz,intadd,a_width=6;b_width=6;out_width=14;pipeline_stages=5,5nm,TT,0.7,25.0,0.75,1333.3333333333333,6,6,14,5,V-2023.12-SP4,141,83,58,14.0868,4.3428,9.744,0.41134751773049644,0.691711389385808,0.27,0.27,0.0,0,V-2023.12-SP4,144,86,58,14.44,4.7,9.74,19.4376,0.7429,0.4027777777777778,0.6745152354570637,0.19,0.34,0.0,0,V-2023.12-SP3,V-2023.12-SP4,0.328,0.05162,0.00013790000000000002,0.3798,0.37962,0.284715,0.2102,0.01189,6.437e-06,0.2221,0.08216,0.01928,9.7e-05,0.1015,0.0357,0.02044,3.451e-05,0.05617,0.0,0.0,0.0,0.0,0.0,0.0,0.0,0.0,0.0,0.0,0.0,0.0,0.0,0.0,0.0,0.0,vectored,random,2,2026-07-25T03:17:35+00:00
intadd_6_6_14_5_5nm_TT_0V7_25C_800MHz,intadd,a_width=6;b_width=6;out_width=14;pipeline_stages=5,5nm,TT,0.7,25.0,1.25,800.0,6,6,14,5,V-2023.12-SP4,141,83,58,14.0868,4.3428,9.744,0.41134751773049644,0.691711389385808,0.02,0.59,0.0,0,V-2023.12-SP4,146,88,58,14.73,4.98,9.74,19.4376,0.7576,0.3972602739726027,0.6612355736591989,0.44,0.68,0.0,0,V-2023.12-SP3,V-2023.12-SP4,0.2104,0.056549999999999996,0.0001431,0.2671,0.26695,0.3336875,0.13999999999999999,0.03282,1.214e-05,0.1729,0.04922,0.01153,9.64e-05,0.06085,0.02118,0.0122,3.451e-05,0.033420000000000005,0.0,0.0,0.0,0.0,0.0,0.0,0.0,0.0,0.0,0.0,0.0,0.0,0.0,0.0,0.0,0.0,vectored,random,2,2026-07-25T03:17:40+00:00
intadd_6_6_14_3_7nm_TT_0V75_25C_1000MHz,intadd,a_width=6;b_width=6;out_width=14;pipeline_stages=3,7nm,TT,0.75,25.0,1.0,1000.0,6,6,14,3,V-2023.12-SP4,80,49,31,14.208768,4.209408,9.99936,0.3875,0.7037457434733257,0.02,0.46,0.0,0,V-2023.12-SP4,83,52,31,15.21,5.21,10.0,19.1923,0.7924,0.37349397590361444,0.6574621959237343,0.32,0.56,0.0,0,V-2023.12-SP3,V-2023.12-SP4,0.14770000000000003,0.033179999999999994,0.00010910000000000001,0.18100000000000002,0.18088,0.18088,0.12210000000000001,0.02404,1.097e-05,0.1461,0.016290000000000002,0.003067,8.051e-05,0.01943,0.009389999999999999,0.006063,1.762e-05,0.01547,0.0,0.0,0.0,0.0,0.0,0.0,0.0,0.0,0.0,0.0,0.0,0.0,0.0,0.0,0.0,0.0,unvectored,none,2,2026-07-25T03:17:46+00:00
intadd_6_6_14_3_7nm_TT_0V75_25C_1000MHz,intadd,a_width=6;b_width=6;out_width=14;pipeline_stages=3,7nm,TT,0.75,25.0,1.0,1000.0,6,6,14,3,V-2023.12-SP4,80,49,31,14.208768,4.209408,9.99936,0.3875,0.7037457434733257,0.02,0.46,0.0,0,V-2023.12-SP4,83,52,31,15.21,5.21,10.0,19.1923,0.7924,0.37349397590361444,0.6574621959237343,0.32,0.56,0.0,0,V-2023.12-SP3,V-2023.12-SP4,0.1751,0.042429999999999995,0.0001252,0.21760000000000002,0.21753,0.21753,0.122,0.02404,1.097e-05,0.1461,0.036680000000000004,0.007651,9.572e-05,0.04443,0.01638,0.01073,1.853e-05,0.027129999999999998,0.0,0.0,0.0,0.0,0.0,0.0,0.0,0.0,0.0,0.0,0.0,0.0,0.0,0.0,0.0,0.0,vectored,random,2,2026-07-25T03:17:52+00:00
intadd_8_8_8_2_20nm_TT_0V9_25C_1000MHz,intadd,a_width=8;b_width=8;out_width=8;pipeline_stages=2,20nm,TT,0.9,25.0,1.0,1000.0,8,8,8,2,V-2023.12-SP4,95,71,24,78.7776,28.0896,50.688,0.25263157894736843,0.6434316353887399,0.76,0.0,0.0,0,V-2023.12-SP4,94,70,24,78.88,28.2,50.69,109.824,0.7183,0.2553191489361702,0.6426217038539553,0.35,0.41,0.0,0,V-2023.12-SP3,V-2023.12-SP4,0.1903,0.01618,7.339e-05,0.20650000000000002,0.20648,0.20648,0.1435,0.001103,5.767e-07,0.14459999999999998,0.02731,0.003,3.646e-05,0.03035,0.01947,0.012079999999999999,3.6349999999999996e-05,0.03158,0.0,0.0,0.0,0.0,0.0,0.0,0.0,0.0,0.0,0.0,0.0,0.0,0.0,0.0,0.0,0.0,unvectored,none,2,2026-07-25T03:17:55+00:00
intadd_6_6_14_5_7nm_TT_0V75_25C_1333p33MHz,intadd,a_width=6;b_width=6;out_width=14;pipeline_stages=5,7nm,TT,0.75,25.0,0.75,1333.3333333333333,6,6,14,5,V-2023.12-SP4,141,83,58,26.240257,7.531776,18.708481,0.41134751773049644,0.712968664902939,0.28,0.26,0.0,0,V-2023.12-SP4,148,90,58,26.16,7.45,18.71,36.7718,0.7114,0.3918918918918919,0.7152140672782875,0.19,0.34,0.0,0,V-2023.12-SP3,V-2023.12-SP4,0.2737,0.02355,0.0001825,0.29750000000000004,0.29725,0.2229375,0.21259999999999998,0.0,0.0,0.21259999999999998,0.03947,0.007456,0.0001484,0.04707,0.02169,0.01609,3.409e-05,0.037809999999999996,0.0,0.0,0.0,0.0,0.0,0.0,0.0,0.0,0.0,0.0,0.0,0.0,0.0,0.0,0.0,0.0,unvectored,none,2,2026-07-25T03:18:01+00:00
intadd_8_8_8_2_20nm_TT_0V9_25C_1000MHz,intadd,a_width=8;b_width=8;out_width=8;pipeline_stages=2,20nm,TT,0.9,25.0,1.0,1000.0,8,8,8,2,V-2023.12-SP4,95,71,24,78.7776,28.0896,50.688,0.25263157894736843,0.6434316353887399,0.76,0.0,0.0,0,V-2023.12-SP4,94,70,24,78.88,28.2,50.69,109.824,0.7183,0.2553191489361702,0.6426217038539553,0.35,0.41,0.0,0,V-2023.12-SP3,V-2023.12-SP4,0.2382,0.03008,8.318e-05,0.26830000000000004,0.26828,0.26828,0.1444,0.001103,5.767e-07,0.14550000000000002,0.059660000000000005,0.007505,4.365e-05,0.06721,0.034109999999999994,0.02147,3.896e-05,0.05562,0.0,0.0,0.0,0.0,0.0,0.0,0.0,0.0,0.0,0.0,0.0,0.0,0.0,0.0,0.0,0.0,vectored,random,2,2026-07-25T03:18:01+00:00
intadd_6_6_14_5_7nm_TT_0V75_25C_800MHz,intadd,a_width=6;b_width=6;out_width=14;pipeline_stages=5,7nm,TT,0.75,25.0,1.25,800.0,6,6,14,5,V-2023.12-SP4,141,83,58,26.240257,7.531776,18.708481,0.41134751773049644,0.712968664902939,0.02,0.59,0.0,0,V-2023.12-SP4,152,94,58,27.27,8.56,18.71,36.7718,0.7417,0.3815789473684211,0.6861019435276862,0.44,0.69,0.0,0,V-2023.12-SP3,V-2023.12-SP4,0.1997,0.0457,0.00019439999999999998,0.2456,0.24539999999999998,0.30674999999999997,0.163,0.031560000000000005,1.1910000000000001e-05,0.1945,0.02369,0.004476,0.0001484,0.02832,0.01302,0.009665,3.409e-05,0.02272,0.0,0.0,0.0,0.0,0.0,0.0,0.0,0.0,0.0,0.0,0.0,0.0,0.0,0.0,0.0,0.0,unvectored,none,2,2026-07-25T03:18:05+00:00
intadd_6_6_14_5_7nm_TT_0V75_25C_1333p33MHz,intadd,a_width=6;b_width=6;out_width=14;pipeline_stages=5,7nm,TT,0.75,25.0,0.75,1333.3333333333333,6,6,14,5,V-2023.12-SP4,141,83,58,26.240257,7.531776,18.708481,0.41134751773049644,0.712968664902939,0.28,0.26,0.0,0,V-2023.12-SP4,148,90,58,26.16,7.45,18.71,36.7718,0.7114,0.3918918918918919,0.7152140672782875,0.19,0.34,0.0,0,V-2023.12-SP3,V-2023.12-SP4,0.33849999999999997,0.039959999999999996,0.00021360000000000001,0.3787,0.37845999999999996,0.28384499999999996,0.2125,0.0,0.0,0.2125,0.08903000000000001,0.01862,0.0001779,0.1078,0.037020000000000004,0.021339999999999998,3.564e-05,0.058390000000000004,0.0,0.0,0.0,0.0,0.0,0.0,0.0,0.0,0.0,0.0,0.0,0.0,0.0,0.0,0.0,0.0,vectored,random,2,2026-07-25T03:18:07+00:00
intadd_6_6_14_5_7nm_TT_0V75_25C_800MHz,intadd,a_width=6;b_width=6;out_width=14;pipeline_stages=5,7nm,TT,0.75,25.0,1.25,800.0,6,6,14,5,V-2023.12-SP4,141,83,58,26.240257,7.531776,18.708481,0.41134751773049644,0.712968664902939,0.02,0.59,0.0,0,V-2023.12-SP4,152,94,58,27.27,8.56,18.71,36.7718,0.7417,0.3815789473684211,0.6861019435276862,0.44,0.69,0.0,0,V-2023.12-SP3,V-2023.12-SP4,0.2391,0.05559,0.0002272,0.2949,0.29469,0.36836250000000004,0.1629,0.031560000000000005,1.1910000000000001e-05,0.1945,0.05393,0.011179999999999999,0.0001797,0.06529,0.0223,0.01286,3.565e-05,0.03519,0.0,0.0,0.0,0.0,0.0,0.0,0.0,0.0,0.0,0.0,0.0,0.0,0.0,0.0,0.0,0.0,vectored,random,2,2026-07-25T03:18:12+00:00
intadd_8_8_8_2_20nm_TT_0V9_25C_571p429MHz,intadd,a_width=8;b_width=8;out_width=8;pipeline_stages=2,20nm,TT,0.9,25.0,1.75,571.4285714285714,8,8,8,2,V-2023.12-SP4,62,38,24,76.1376,25.4496,50.688,0.3870967741935484,0.6657420249653259,1.09,0.43,0.0,0,V-2023.12-SP4,62,38,24,76.14,25.45,50.69,108.4512,0.702,0.3870967741935484,0.6657473075912792,0.73,0.78,0.0,0,V-2023.12-SP3,V-2023.12-SP4,0.1075,0.00711,6.209e-05,0.1147,0.11461,0.2005675,0.08079,0.0,0.0,0.08079,0.01552,0.002267,3.637e-05,0.017830000000000002,0.011229999999999999,0.004843,2.573e-05,0.0161,0.0,0.0,0.0,0.0,0.0,0.0,0.0,0.0,0.0,0.0,0.0,0.0,0.0,0.0,0.0,0.0,unvectored,none,2,2026-07-25T03:18:38+00:00
intadd_8_8_8_2_20nm_TT_0V9_25C_571p429MHz,intadd,a_width=8;b_width=8;out_width=8;pipeline_stages=2,20nm,TT,0.9,25.0,1.75,571.4285714285714,8,8,8,2,V-2023.12-SP4,62,38,24,76.1376,25.4496,50.688,0.3870967741935484,0.6657420249653259,1.09,0.43,0.0,0,V-2023.12-SP4,62,38,24,76.14,25.45,50.69,108.4512,0.702,0.3870967741935484,0.6657473075912792,0.73,0.78,0.0,0,V-2023.12-SP3,V-2023.12-SP4,0.1347,0.01432,7.238000000000001e-05,0.14909999999999998,0.14901999999999999,0.260785,0.08127999999999999,0.0,0.0,0.08127999999999999,0.03433,0.005667999999999999,4.371e-05,0.040049999999999995,0.01912,0.00865,2.867e-05,0.027800000000000002,0.0,0.0,0.0,0.0,0.0,0.0,0.0,0.0,0.0,0.0,0.0,0.0,0.0,0.0,0.0,0.0,vectored,random,2,2026-07-25T03:18:44+00:00
intadd_8_8_8_2_10nm_TT_0V8_25C_1333p33MHz,intadd,a_width=8;b_width=8;out_width=8;pipeline_stages=2,10nm,TT,0.8,25.0,0.75,1333.3333333333333,8,8,8,2,V-2023.12-SP4,62,38,24,22.149121,7.40352,14.745601,0.3870967741935484,0.6657420400565783,0.43,0.1,0.0,0,V-2023.12-SP4,62,38,24,22.15,7.4,14.75,30.1056,0.7357,0.3870967741935484,0.6659142212189617,0.2,0.34,0.0,0,V-2023.12-SP3,V-2023.12-SP4,0.1519,0.01227,5.593e-05,0.1642,0.16417,0.1231275,0.11309999999999999,0.0,0.0,0.11309999999999999,0.022010000000000002,0.004122,3.5159999999999995e-05,0.02617,0.016739999999999998,0.008145000000000001,2.077e-05,0.0249,0.0,0.0,0.0,0.0,0.0,0.0,0.0,0.0,0.0,0.0,0.0,0.0,0.0,0.0,0.0,0.0,unvectored,none,2,2026-07-25T03:18:54+00:00
intadd_8_8_8_2_10nm_TT_0V8_25C_1333p33MHz,intadd,a_width=8;b_width=8;out_width=8;pipeline_stages=2,10nm,TT,0.8,25.0,0.75,1333.3333333333333,8,8,8,2,V-2023.12-SP4,62,38,24,22.149121,7.40352,14.745601,0.3870967741935484,0.6657420400565783,0.43,0.1,0.0,0,V-2023.12-SP4,62,38,24,22.15,7.4,14.75,30.1056,0.7357,0.3870967741935484,0.6659142212189617,0.2,0.34,0.0,0,V-2023.12-SP3,V-2023.12-SP4,0.1893,0.0247,6.0100000000000004e-05,0.214,0.214,0.1605,0.11309999999999999,0.0,0.0,0.11309999999999999,0.04841,0.0103,3.787e-05,0.05875,0.02782,0.0144,2.2230000000000002e-05,0.04224,0.0,0.0,0.0,0.0,0.0,0.0,0.0,0.0,0.0,0.0,0.0,0.0,0.0,0.0,0.0,0.0,vectored,random,2,2026-07-25T03:19:01+00:00
intadd_8_8_8_2_16nm_TT_0V85_25C_1333p33MHz,intadd,a_width=8;b_width=8;out_width=8;pipeline_stages=2,16nm,TT,0.85,25.0,0.75,1333.3333333333333,8,8,8,2,V-2023.12-SP4,96,72,24,46.656002,16.79616,29.859841,0.25,0.6399999939986285,0.52,0.0,0.0,0,V-2023.12-SP4,95,71,24,51.07,21.09,29.98,65.3184,0.7819,0.25263157894736843,0.5870373996475426,0.21,0.31,0.0,0,V-2023.12-SP3,V-2023.12-SP4,0.2837,0.02013,0.06439,0.3682,0.30383,0.22787249999999998,0.23220000000000002,0.002215,0.06423,0.2987,0.03012,0.0035080000000000003,0.0001294,0.033760000000000005,0.021330000000000002,0.01441,3.0080000000000003e-05,0.03576,0.0,0.0,0.0,0.0,0.0,0.0,0.0,0.0,0.0,0.0,0.0,0.0,0.0,0.0,0.0,0.0,unvectored,none,2,2026-07-25T03:19:16+00:00
intadd_8_8_8_2_10nm_TT_0V8_25C_800MHz,intadd,a_width=8;b_width=8;out_width=8;pipeline_stages=2,10nm,TT,0.8,25.0,1.25,800.0,8,8,8,2,V-2023.12-SP4,62,38,24,22.149121,7.40352,14.745601,0.3870967741935484,0.6657420400565783,0.02,0.59,0.0,0,V-2023.12-SP4,62,38,24,22.15,7.4,14.75,30.1056,0.7357,0.3870967741935484,0.6659142212189617,0.45,0.59,0.0,0,V-2023.12-SP3,V-2023.12-SP4,0.09090999999999999,0.007343,5.593e-05,0.09831,0.098253,0.12281624999999999,0.06766,0.0,0.0,0.06766,0.013210000000000001,0.002469,3.5159999999999995e-05,0.015710000000000002,0.01004,0.004875,2.077e-05,0.014929999999999999,0.0,0.0,0.0,0.0,0.0,0.0,0.0,0.0,0.0,0.0,0.0,0.0,0.0,0.0,0.0,0.0,unvectored,none,2,2026-07-25T03:19:17+00:00
intadd_8_8_8_2_16nm_TT_0V85_25C_1333p33MHz,intadd,a_width=8;b_width=8;out_width=8;pipeline_stages=2,16nm,TT,0.85,25.0,0.75,1333.3333333333333,8,8,8,2,V-2023.12-SP4,96,72,24,46.656002,16.79616,29.859841,0.25,0.6399999939986285,0.52,0.0,0.0,0,V-2023.12-SP4,95,71,24,51.07,21.09,29.98,65.3184,0.7819,0.25263157894736843,0.5870373996475426,0.21,0.31,0.0,0,V-2023.12-SP3,V-2023.12-SP4,0.3359,0.03644,0.06437,0.4367,0.37234,0.27925500000000003,0.23299999999999998,0.002215,0.06423,0.2994,0.06587,0.008778,0.0001051,0.07475,0.037020000000000004,0.02544,3.214e-05,0.0625,0.0,0.0,0.0,0.0,0.0,0.0,0.0,0.0,0.0,0.0,0.0,0.0,0.0,0.0,0.0,0.0,vectored,random,2,2026-07-25T03:19:23+00:00
intadd_8_8_8_2_10nm_TT_0V8_25C_800MHz,intadd,a_width=8;b_width=8;out_width=8;pipeline_stages=2,10nm,TT,0.8,25.0,1.25,800.0,8,8,8,2,V-2023.12-SP4,62,38,24,22.149121,7.40352,14.745601,0.3870967741935484,0.6657420400565783,0.02,0.59,0.0,0,V-2023.12-SP4,62,38,24,22.15,7.4,14.75,30.1056,0.7357,0.3870967741935484,0.6659142212189617,0.45,0.59,0.0,0,V-2023.12-SP3,V-2023.12-SP4,0.11359999999999999,0.014960000000000001,6.0100000000000004e-05,0.12860000000000002,0.12856,0.1607,0.06761,0.0,0.0,0.06761,0.02916,0.006168,3.787e-05,0.03537,0.01681,0.008789,2.2230000000000002e-05,0.025619999999999997,0.0,0.0,0.0,0.0,0.0,0.0,0.0,0.0,0.0,0.0,0.0,0.0,0.0,0.0,0.0,0.0,vectored,random,2,2026-07-25T03:19:24+00:00
intadd_8_8_8_3_10nm_TT_0V8_25C_1333p33MHz,intadd,a_width=8;b_width=8;out_width=8;pipeline_stages=3,10nm,TT,0.8,25.0,0.75,1333.3333333333333,8,8,8,3,V-2023.12-SP4,88,51,37,31.733761,9.00096,22.732801,0.42045454545454547,0.7163601251046164,0.29,0.24,0.0,0,V-2023.12-SP4,88,51,37,31.73,9.0,22.73,43.8682,0.7234,0.42045454545454547,0.7163567601638827,0.2,0.34,0.0,0,V-2023.12-SP3,V-2023.12-SP4,0.2265,0.014620000000000001,8.14e-05,0.2412,0.24112,0.18084,0.1735,0.0,0.0,0.1735,0.032830000000000005,0.005288,5.421e-05,0.03817,0.02011,0.009334,2.7190000000000002e-05,0.02947,0.0,0.0,0.0,0.0,0.0,0.0,0.0,0.0,0.0,0.0,0.0,0.0,0.0,0.0,0.0,0.0,unvectored,none,2,2026-07-25T03:19:24+00:00
intadd_8_8_8_2_5nm_TT_0V7_25C_1333p33MHz,intadd,a_width=8;b_width=8;out_width=8;pipeline_stages=2,5nm,TT,0.7,25.0,0.75,1333.3333333333333,8,8,8,2,V-2023.12-SP4,62,38,24,6.2328,2.2008,4.032,0.3870967741935484,0.6469002695417789,0.33,0.2,0.0,0,V-2023.12-SP4,62,38,24,6.23,2.2,4.03,8.4252,0.7398,0.3870967741935484,0.6468699839486356,0.19,0.34,0.0,0,V-2023.12-SP3,V-2023.12-SP4,0.1059,0.009925000000000002,5.952e-05,0.1159,0.115825,0.08686875,0.07726999999999999,0.0,0.0,0.07726999999999999,0.01617,0.0031709999999999998,4.421e-05,0.019389999999999998,0.01243,0.0067540000000000005,1.531e-05,0.0192,0.0,0.0,0.0,0.0,0.0,0.0,0.0,0.0,0.0,0.0,0.0,0.0,0.0,0.0,0.0,0.0,unvectored,none,2,2026-07-25T03:19:28+00:00
intadd_8_8_8_3_20nm_TT_0V9_25C_1000MHz,intadd,a_width=8;b_width=8;out_width=8;pipeline_stages=3,20nm,TT,0.9,25.0,1.0,1000.0,8,8,8,3,V-2023.12-SP4,88,51,37,109.084799,30.9408,78.144,0.42045454545454547,0.7163601227335076,0.72,0.04,0.0,0,V-2023.12-SP4,88,51,37,109.08,30.94,78.14,148.896,0.7326,0.42045454545454547,0.7163549688302163,0.36,0.41,0.0,0,V-2023.12-SP3,V-2023.12-SP4,0.2818,0.01505,8.944999999999999e-05,0.297,0.29685,0.29685,0.2177,0.0,0.0,0.2177,0.04058,0.005288999999999999,5.6080000000000005e-05,0.04592,0.02351,0.00976,3.337e-05,0.0333,0.0,0.0,0.0,0.0,0.0,0.0,0.0,0.0,0.0,0.0,0.0,0.0,0.0,0.0,0.0,0.0,unvectored,none,2,2026-07-25T03:19:28+00:00
intadd_8_8_8_2_16nm_TT_0V85_25C_800MHz,intadd,a_width=8;b_width=8;out_width=8;pipeline_stages=2,16nm,TT,0.85,25.0,1.25,800.0,8,8,8,2,V-2023.12-SP4,62,38,24,44.85197,14.992128,29.859841,0.3870967741935484,0.6657420175747019,0.74,0.28,0.0,0,V-2023.12-SP4,62,38,24,45.35,14.99,30.36,59.8441,0.7578,0.3870967741935484,0.6694597574421168,0.46,0.56,0.0,0,V-2023.12-SP3,V-2023.12-SP4,0.12439999999999998,0.008739,0.0001363,0.1332,0.13313899999999998,0.16642374999999998,0.09269,0.0,0.0,0.09269,0.018600000000000002,0.002773,0.0001148,0.02149,0.01306,0.005966,2.1530000000000002e-05,0.019049999999999997,0.0,0.0,0.0,0.0,0.0,0.0,0.0,0.0,0.0,0.0,0.0,0.0,0.0,0.0,0.0,0.0,unvectored,none,2,2026-07-25T03:19:30+00:00
intadd_8_8_8_3_10nm_TT_0V8_25C_1333p33MHz,intadd,a_width=8;b_width=8;out_width=8;pipeline_stages=3,10nm,TT,0.8,25.0,0.75,1333.3333333333333,8,8,8,3,V-2023.12-SP4,88,51,37,31.733761,9.00096,22.732801,0.42045454545454547,0.7163601251046164,0.29,0.24,0.0,0,V-2023.12-SP4,88,51,37,31.73,9.0,22.73,43.8682,0.7234,0.42045454545454547,0.7163567601638827,0.2,0.34,0.0,0,V-2023.12-SP3,V-2023.12-SP4,0.2789,0.0294,8.764e-05,0.3083,0.30829999999999996,0.23122499999999996,0.17340000000000003,0.0,0.0,0.17340000000000003,0.07256,0.01322,5.839e-05,0.08584,0.032920000000000005,0.01618,2.925e-05,0.04913,0.0,0.0,0.0,0.0,0.0,0.0,0.0,0.0,0.0,0.0,0.0,0.0,0.0,0.0,0.0,0.0,vectored,random,2,2026-07-25T03:19:30+00:00
intadd_8_8_8_3_16nm_TT_0V85_25C_1333p33MHz,intadd,a_width=8;b_width=8;out_width=8;pipeline_stages=3,16nm,TT,0.85,25.0,0.75,1333.3333333333333,8,8,8,3,V-2023.12-SP4,88,51,37,64.260866,18.226944,46.033922,0.42045454545454547,0.7163601249942695,0.5,0.02,0.0,0,V-2023.12-SP4,88,51,37,65.38,18.23,47.15,87.5889,0.7464,0.42045454545454547,0.7211685530743347,0.22,0.3,0.0,0,V-2023.12-SP3,V-2023.12-SP4,0.3108,0.01749,0.000191,0.3285,0.32829,0.24621750000000003,0.2374,0.0,0.0,0.2374,0.047330000000000004,0.006132,0.0001631,0.05363,0.026080000000000002,0.01136,2.795e-05,0.037469999999999996,0.0,0.0,0.0,0.0,0.0,0.0,0.0,0.0,0.0,0.0,0.0,0.0,0.0,0.0,0.0,0.0,unvectored,none,2,2026-07-25T03:19:34+00:00
intadd_8_8_8_2_5nm_TT_0V7_25C_1333p33MHz,intadd,a_width=8;b_width=8;out_width=8;pipeline_stages=2,5nm,TT,0.7,25.0,0.75,1333.3333333333333,8,8,8,2,V-2023.12-SP4,62,38,24,6.2328,2.2008,4.032,0.3870967741935484,0.6469002695417789,0.33,0.2,0.0,0,V-2023.12-SP4,62,38,24,6.23,2.2,4.03,8.4252,0.7398,0.3870967741935484,0.6468699839486356,0.19,0.34,0.0,0,V-2023.12-SP3,V-2023.12-SP4,0.1341,0.020149999999999998,5.6739999999999995e-05,0.15430000000000002,0.15425,0.1156875,0.07774,0.0,0.0,0.07774,0.03548,0.007923,4.02e-05,0.04345,0.02086,0.01222,1.654e-05,0.0331,0.0,0.0,0.0,0.0,0.0,0.0,0.0,0.0,0.0,0.0,0.0,0.0,0.0,0.0,0.0,0.0,vectored,random,2,2026-07-25T03:19:35+00:00
intadd_8_8_8_3_20nm_TT_0V9_25C_1000MHz,intadd,a_width=8;b_width=8;out_width=8;pipeline_stages=3,20nm,TT,0.9,25.0,1.0,1000.0,8,8,8,3,V-2023.12-SP4,88,51,37,109.084799,30.9408,78.144,0.42045454545454547,0.7163601227335076,0.72,0.04,0.0,0,V-2023.12-SP4,88,51,37,109.08,30.94,78.14,148.896,0.7326,0.42045454545454547,0.7163549688302163,0.36,0.41,0.0,0,V-2023.12-SP3,V-2023.12-SP4,0.347,0.029759999999999998,0.0001052,0.3769,0.37676,0.37676,0.219,0.0,0.0,0.219,0.08981,0.01322,6.749e-05,0.1031,0.0382,0.01654,3.773e-05,0.05477,0.0,0.0,0.0,0.0,0.0,0.0,0.0,0.0,0.0,0.0,0.0,0.0,0.0,0.0,0.0,0.0,vectored,random,2,2026-07-25T03:19:35+00:00
intadd_8_8_8_2_16nm_TT_0V85_25C_800MHz,intadd,a_width=8;b_width=8;out_width=8;pipeline_stages=2,16nm,TT,0.85,25.0,1.25,800.0,8,8,8,2,V-2023.12-SP4,62,38,24,44.85197,14.992128,29.859841,0.3870967741935484,0.6657420175747019,0.74,0.28,0.0,0,V-2023.12-SP4,62,38,24,45.35,14.99,30.36,59.8441,0.7578,0.3870967741935484,0.6694597574421168,0.46,0.56,0.0,0,V-2023.12-SP3,V-2023.12-SP4,0.15660000000000002,0.017499999999999998,0.0001194,0.1742,0.1741,0.217625,0.09314,0.0,0.0,0.09314,0.041319999999999996,0.0069299999999999995,9.554e-05,0.048350000000000004,0.022160000000000003,0.010570000000000001,2.388e-05,0.03276,0.0,0.0,0.0,0.0,0.0,0.0,0.0,0.0,0.0,0.0,0.0,0.0,0.0,0.0,0.0,0.0,vectored,random,2,2026-07-25T03:19:37+00:00
intadd_8_8_8_2_5nm_TT_0V7_25C_800MHz,intadd,a_width=8;b_width=8;out_width=8;pipeline_stages=2,5nm,TT,0.7,25.0,1.25,800.0,8,8,8,2,V-2023.12-SP4,62,38,24,6.2328,2.2008,4.032,0.3870967741935484,0.6469002695417789,0.02,0.59,0.0,0,V-2023.12-SP4,62,38,24,6.23,2.2,4.03,8.4252,0.7398,0.3870967741935484,0.6468699839486356,0.44,0.59,0.0,0,V-2023.12-SP3,V-2023.12-SP4,0.06341000000000001,0.00597,5.952e-05,0.06944,0.06938000000000001,0.08672500000000001,0.04626,0.0,0.0,0.04626,0.009705,0.0019130000000000002,4.421e-05,0.01166,0.007452,0.004057000000000001,1.531e-05,0.011519999999999999,0.0,0.0,0.0,0.0,0.0,0.0,0.0,0.0,0.0,0.0,0.0,0.0,0.0,0.0,0.0,0.0,unvectored,none,2,2026-07-25T03:19:38+00:00
intadd_8_8_8_3_16nm_TT_0V85_25C_1333p33MHz,intadd,a_width=8;b_width=8;out_width=8;pipeline_stages=3,16nm,TT,0.85,25.0,0.75,1333.3333333333333,8,8,8,3,V-2023.12-SP4,88,51,37,64.260866,18.226944,46.033922,0.42045454545454547,0.7163601249942695,0.5,0.02,0.0,0,V-2023.12-SP4,88,51,37,65.38,18.23,47.15,87.5889,0.7464,0.42045454545454547,0.7211685530743347,0.22,0.3,0.0,0,V-2023.12-SP3,V-2023.12-SP4,0.3866,0.03461,0.0001701,0.4214,0.42121,0.3159075,0.2384,0.0,0.0,0.2384,0.1056,0.01533,0.00013869999999999998,0.1211,0.04261,0.01928,3.141e-05,0.06192,0.0,0.0,0.0,0.0,0.0,0.0,0.0,0.0,0.0,0.0,0.0,0.0,0.0,0.0,0.0,0.0,vectored,random,2,2026-07-25T03:19:41+00:00
intadd_8_8_8_3_5nm_TT_0V7_25C_1333p33MHz,intadd,a_width=8;b_width=8;out_width=8;pipeline_stages=3,5nm,TT,0.7,25.0,0.75,1333.3333333333333,8,8,8,3,V-2023.12-SP4,88,51,37,8.9628,2.7468,6.216,0.42045454545454547,0.6935332708528585,0.23,0.3,0.0,0,V-2023.12-SP4,88,51,37,8.96,2.75,6.22,12.5244,0.7156,0.42045454545454547,0.6941964285714285,0.19,0.34,0.0,0,V-2023.12-SP3,V-2023.12-SP4,0.1574,0.0118,8.813999999999999e-05,0.1693,0.16920000000000002,0.1269,0.1184,0.0,0.0,0.1184,0.02405,0.004177,6.813e-05,0.0283,0.01495,0.007623,2.001e-05,0.02259,0.0,0.0,0.0,0.0,0.0,0.0,0.0,0.0,0.0,0.0,0.0,0.0,0.0,0.0,0.0,0.0,unvectored,none,2,2026-07-25T03:19:42+00:00
intadd_8_8_8_2_5nm_TT_0V7_25C_800MHz,intadd,a_width=8;b_width=8;out_width=8;pipeline_stages=2,5nm,TT,0.7,25.0,1.25,800.0,8,8,8,2,V-2023.12-SP4,62,38,24,6.2328,2.2008,4.032,0.3870967741935484,0.6469002695417789,0.02,0.59,0.0,0,V-2023.12-SP4,62,38,24,6.23,2.2,4.03,8.4252,0.7398,0.3870967741935484,0.6468699839486356,0.44,0.59,0.0,0,V-2023.12-SP3,V-2023.12-SP4,0.08027999999999999,0.01221,5.672e-05,0.09254000000000001,0.09248999999999999,0.11561249999999998,0.04654,0.0,0.0,0.04654,0.02128,0.004779,4.018e-05,0.0261,0.012459999999999999,0.0074259999999999994,1.654e-05,0.01991,0.0,0.0,0.0,0.0,0.0,0.0,0.0,0.0,0.0,0.0,0.0,0.0,0.0,0.0,0.0,0.0,vectored,random,2,2026-07-25T03:19:45+00:00
intadd_8_8_8_3_5nm_TT_0V7_25C_1333p33MHz,intadd,a_width=8;b_width=8;out_width=8;pipeline_stages=3,5nm,TT,0.7,25.0,0.75,1333.3333333333333,8,8,8,3,V-2023.12-SP4,88,51,37,8.9628,2.7468,6.216,0.42045454545454547,0.6935332708528585,0.23,0.3,0.0,0,V-2023.12-SP4,88,51,37,8.96,2.75,6.22,12.5244,0.7156,0.42045454545454547,0.6941964285714285,0.19,0.34,0.0,0,V-2023.12-SP3,V-2023.12-SP4,0.196,0.0239,8.371999999999999e-05,0.22,0.2199,0.16492500000000002,0.1191,0.0,0.0,0.1191,0.052809999999999996,0.01045,6.195e-05,0.06331,0.02407,0.01345,2.177e-05,0.037540000000000004,0.0,0.0,0.0,0.0,0.0,0.0,0.0,0.0,0.0,0.0,0.0,0.0,0.0,0.0,0.0,0.0,vectored,random,2,2026-07-25T03:19:48+00:00
intadd_8_8_8_2_7nm_TT_0V75_25C_1333p33MHz,intadd,a_width=8;b_width=8;out_width=8;pipeline_stages=2,7nm,TT,0.75,25.0,0.75,1333.3333333333333,8,8,8,2,V-2023.12-SP4,62,38,24,11.628288,3.886848,7.74144,0.3870967741935484,0.665742024965326,0.34,0.19,0.0,0,V-2023.12-SP4,62,38,24,11.63,3.89,7.74,16.257,0.7153,0.3870967741935484,0.6655202063628547,0.19,0.34,0.0,0,V-2023.12-SP3,V-2023.12-SP4,0.1189,0.01004,7.769e-05,0.1291,0.12894,0.096705,0.08894999999999999,0.0,0.0,0.08894999999999999,0.0174,0.00324,6.139e-05,0.0207,0.0126,0.006795,1.63e-05,0.01941,0.0,0.0,0.0,0.0,0.0,0.0,0.0,0.0,0.0,0.0,0.0,0.0,0.0,0.0,0.0,0.0,unvectored,none,2,2026-07-25T03:20:02+00:00
intadd_8_8_8_3_20nm_TT_0V9_25C_666p667MHz,intadd,a_width=8;b_width=8;out_width=8;pipeline_stages=3,20nm,TT,0.9,25.0,1.5,666.6666666666666,8,8,8,3,V-2023.12-SP4,88,51,37,109.084799,30.9408,78.144,0.42045454545454547,0.7163601227335076,0.72,0.54,0.0,0,V-2023.12-SP4,88,51,37,109.08,30.94,78.14,148.896,0.7326,0.42045454545454547,0.7163549688302163,0.61,0.66,0.0,0,V-2023.12-SP3,V-2023.12-SP4,0.188,0.009902,8.944999999999999e-05,0.19799999999999998,0.197902,0.296853,0.1453,0.0,0.0,0.1453,0.027039999999999998,0.003478,5.6080000000000005e-05,0.030580000000000003,0.01567,0.006424,3.337e-05,0.02213,0.0,0.0,0.0,0.0,0.0,0.0,0.0,0.0,0.0,0.0,0.0,0.0,0.0,0.0,0.0,0.0,unvectored,none,2,2026-07-25T03:20:05+00:00
intadd_8_8_8_2_7nm_TT_0V75_25C_1333p33MHz,intadd,a_width=8;b_width=8;out_width=8;pipeline_stages=2,7nm,TT,0.75,25.0,0.75,1333.3333333333333,8,8,8,2,V-2023.12-SP4,62,38,24,11.628288,3.886848,7.74144,0.3870967741935484,0.665742024965326,0.34,0.19,0.0,0,V-2023.12-SP4,62,38,24,11.63,3.89,7.74,16.257,0.7153,0.3870967741935484,0.6655202063628547,0.19,0.34,0.0,0,V-2023.12-SP3,V-2023.12-SP4,0.1492,0.02045,9.048e-05,0.1698,0.16965,0.1272375,0.0889,0.0,0.0,0.0889,0.03837,0.008097,7.348e-05,0.04654,0.02196,0.01235,1.7e-05,0.03433,0.0,0.0,0.0,0.0,0.0,0.0,0.0,0.0,0.0,0.0,0.0,0.0,0.0,0.0,0.0,0.0,vectored,random,2,2026-07-25T03:20:08+00:00
intadd_8_8_8_3_20nm_TT_0V9_25C_666p667MHz,intadd,a_width=8;b_width=8;out_width=8;pipeline_stages=3,20nm,TT,0.9,25.0,1.5,666.6666666666666,8,8,8,3,V-2023.12-SP4,88,51,37,109.084799,30.9408,78.144,0.42045454545454547,0.7163601227335076,0.72,0.54,0.0,0,V-2023.12-SP4,88,51,37,109.08,30.94,78.14,148.896,0.7326,0.42045454545454547,0.7163549688302163,0.61,0.66,0.0,0,V-2023.12-SP3,V-2023.12-SP4,0.2317,0.01966,0.0001052,0.2514,0.25136,0.37703999999999993,0.1462,0.0,0.0,0.1462,0.05989,0.008697,6.748000000000001e-05,0.06865,0.025570000000000002,0.01096,3.7720000000000005e-05,0.03657,0.0,0.0,0.0,0.0,0.0,0.0,0.0,0.0,0.0,0.0,0.0,0.0,0.0,0.0,0.0,0.0,vectored,random,2,2026-07-25T03:20:11+00:00
intadd_8_8_8_2_7nm_TT_0V75_25C_800MHz,intadd,a_width=8;b_width=8;out_width=8;pipeline_stages=2,7nm,TT,0.75,25.0,1.25,800.0,8,8,8,2,V-2023.12-SP4,62,38,24,11.628288,3.886848,7.74144,0.3870967741935484,0.665742024965326,0.02,0.59,0.0,0,V-2023.12-SP4,62,38,24,11.63,3.89,7.74,16.257,0.7153,0.3870967741935484,0.6655202063628547,0.44,0.59,0.0,0,V-2023.12-SP3,V-2023.12-SP4,0.07137,0.006027,7.769e-05,0.07747,0.07739700000000001,0.09674625,0.05337,0.0,0.0,0.05337,0.01044,0.0019420000000000001,6.139e-05,0.01244,0.0075580000000000005,0.004084,1.63e-05,0.01166,0.0,0.0,0.0,0.0,0.0,0.0,0.0,0.0,0.0,0.0,0.0,0.0,0.0,0.0,0.0,0.0,unvectored,none,2,2026-07-25T03:20:16+00:00
intadd_8_8_8_3_7nm_TT_0V75_25C_1333p33MHz,intadd,a_width=8;b_width=8;out_width=8;pipeline_stages=3,7nm,TT,0.75,25.0,0.75,1333.3333333333333,8,8,8,3,V-2023.12-SP4,88,51,37,16.660224,4.725504,11.93472,0.42045454545454547,0.7163601161665054,0.23,0.3,0.0,0,V-2023.12-SP4,88,51,37,16.66,4.73,11.93,23.2888,0.7154,0.42045454545454547,0.7160864345738295,0.19,0.34,0.0,0,V-2023.12-SP3,V-2023.12-SP4,0.1771,0.01187,0.0001161,0.1891,0.18897,0.1417275,0.136,0.0,0.0,0.136,0.025910000000000002,0.004216999999999999,9.467e-05,0.03022,0.01516,0.007649,2.147e-05,0.022840000000000003,0.0,0.0,0.0,0.0,0.0,0.0,0.0,0.0,0.0,0.0,0.0,0.0,0.0,0.0,0.0,0.0,unvectored,none,2,2026-07-25T03:20:21+00:00
intadd_8_8_8_2_7nm_TT_0V75_25C_800MHz,intadd,a_width=8;b_width=8;out_width=8;pipeline_stages=2,7nm,TT,0.75,25.0,1.25,800.0,8,8,8,2,V-2023.12-SP4,62,38,24,11.628288,3.886848,7.74144,0.3870967741935484,0.665742024965326,0.02,0.59,0.0,0,V-2023.12-SP4,62,38,24,11.63,3.89,7.74,16.257,0.7153,0.3870967741935484,0.6655202063628547,0.44,0.59,0.0,0,V-2023.12-SP3,V-2023.12-SP4,0.08957,0.01227,9.053e-05,0.10189999999999999,0.10184,0.1273,0.05334,0.0,0.0,0.05334,0.02305,0.004855,7.352e-05,0.02798,0.013179999999999999,0.007416,1.7e-05,0.02061,0.0,0.0,0.0,0.0,0.0,0.0,0.0,0.0,0.0,0.0,0.0,0.0,0.0,0.0,0.0,0.0,vectored,random,2,2026-07-25T03:20:22+00:00
intadd_8_8_8_3_7nm_TT_0V75_25C_1333p33MHz,intadd,a_width=8;b_width=8;out_width=8;pipeline_stages=3,7nm,TT,0.75,25.0,0.75,1333.3333333333333,8,8,8,3,V-2023.12-SP4,88,51,37,16.660224,4.725504,11.93472,0.42045454545454547,0.7163601161665054,0.23,0.3,0.0,0,V-2023.12-SP4,88,51,37,16.66,4.73,11.93,23.2888,0.7154,0.42045454545454547,0.7160864345738295,0.19,0.34,0.0,0,V-2023.12-SP3,V-2023.12-SP4,0.2181,0.02366,0.0001357,0.2419,0.24175999999999997,0.18131999999999998,0.136,0.0,0.0,0.136,0.05706,0.01055,0.0001133,0.06771999999999999,0.02514,0.01311,2.24e-05,0.03827,0.0,0.0,0.0,0.0,0.0,0.0,0.0,0.0,0.0,0.0,0.0,0.0,0.0,0.0,0.0,0.0,vectored,random,2,2026-07-25T03:20:27+00:00
intadd_8_8_8_5_20nm_TT_0V9_25C_1333p33MHz,intadd,a_width=8;b_width=8;out_width=8;pipeline_stages=5,20nm,TT,0.9,25.0,0.75,1333.3333333333333,8,8,8,5,V-2023.12-SP4,151,88,63,175.401599,42.3456,133.055999,0.41721854304635764,0.7585791677988067,0.5,0.0,0.0,0,V-2023.12-SP4,153,90,63,177.09,44.04,133.06,238.7616,0.7417,0.4117647058823529,0.7513693602123214,0.23,0.29,0.0,0,V-2023.12-SP3,V-2023.12-SP4,0.6329,0.03864,0.0001507,0.6717,0.67154,0.503655,0.5006,0.0027140000000000003,1.742e-06,0.5034,0.08959,0.009952,9.528000000000001e-05,0.09964,0.04269,0.02598,5.37e-05,0.06872,0.0,0.0,0.0,0.0,0.0,0.0,0.0,0.0,0.0,0.0,0.0,0.0,0.0,0.0,0.0,0.0,unvectored,none,2,2026-07-25T03:20:52+00:00
intadd_8_8_8_5_20nm_TT_0V9_25C_1333p33MHz,intadd,a_width=8;b_width=8;out_width=8;pipeline_stages=5,20nm,TT,0.9,25.0,0.75,1333.3333333333333,8,8,8,5,V-2023.12-SP4,151,88,63,175.401599,42.3456,133.055999,0.41721854304635764,0.7585791677988067,0.5,0.0,0.0,0,V-2023.12-SP4,153,90,63,177.09,44.04,133.06,238.7616,0.7417,0.4117647058823529,0.7513693602123214,0.23,0.29,0.0,0,V-2023.12-SP3,V-2023.12-SP4,0.7667,0.05854,0.0001783,0.8254,0.8252400000000001,0.6189300000000001,0.5028,0.0027140000000000003,1.742e-06,0.5055,0.20129999999999998,0.02486,0.0001152,0.2263,0.06262,0.030970000000000004,6.145e-05,0.09366,0.0,0.0,0.0,0.0,0.0,0.0,0.0,0.0,0.0,0.0,0.0,0.0,0.0,0.0,0.0,0.0,vectored,random,2,2026-07-25T03:20:59+00:00
intadd_8_8_8_3_10nm_TT_0V8_25C_800MHz,intadd,a_width=8;b_width=8;out_width=8;pipeline_stages=3,10nm,TT,0.8,25.0,1.25,800.0,8,8,8,3,V-2023.12-SP4,88,51,37,31.733761,9.00096,22.732801,0.42045454545454547,0.7163601251046164,0.02,0.59,0.0,0,V-2023.12-SP4,88,51,37,31.73,9.0,22.73,43.8682,0.7234,0.42045454545454547,0.7163567601638827,0.45,0.59,0.0,0,V-2023.12-SP3,V-2023.12-SP4,0.1359,0.008773000000000001,8.14e-05,0.1447,0.144673,0.18084125,0.1041,0.0,0.0,0.1041,0.019700000000000002,0.003173,5.421e-05,0.02293,0.01206,0.0056,2.7190000000000002e-05,0.017689999999999997,0.0,0.0,0.0,0.0,0.0,0.0,0.0,0.0,0.0,0.0,0.0,0.0,0.0,0.0,0.0,0.0,unvectored,none,2,2026-07-25T03:21:04+00:00
intadd_8_8_8_3_10nm_TT_0V8_25C_800MHz,intadd,a_width=8;b_width=8;out_width=8;pipeline_stages=3,10nm,TT,0.8,25.0,1.25,800.0,8,8,8,3,V-2023.12-SP4,88,51,37,31.733761,9.00096,22.732801,0.42045454545454547,0.7163601251046164,0.02,0.59,0.0,0,V-2023.12-SP4,88,51,37,31.73,9.0,22.73,43.8682,0.7234,0.42045454545454547,0.7163567601638827,0.45,0.59,0.0,0,V-2023.12-SP3,V-2023.12-SP4,0.1673,0.01764,8.763e-05,0.185,0.18494,0.231175,0.104,0.0,0.0,0.104,0.04353,0.007932,5.838e-05,0.05152,0.01975,0.009705,2.9259999999999998e-05,0.02949,0.0,0.0,0.0,0.0,0.0,0.0,0.0,0.0,0.0,0.0,0.0,0.0,0.0,0.0,0.0,0.0,vectored,random,2,2026-07-25T03:21:10+00:00
intadd_8_8_8_3_16nm_TT_0V85_25C_800MHz,intadd,a_width=8;b_width=8;out_width=8;pipeline_stages=3,16nm,TT,0.85,25.0,1.25,800.0,8,8,8,3,V-2023.12-SP4,88,51,37,64.260866,18.226944,46.033922,0.42045454545454547,0.7163601249942695,0.5,0.52,0.0,0,V-2023.12-SP4,88,51,37,65.51,18.23,47.28,87.5889,0.7479,0.42045454545454547,0.7217218745229735,0.46,0.55,0.0,0,V-2023.12-SP3,V-2023.12-SP4,0.1867,0.010509999999999999,0.0001861,0.1974,0.19721,0.2465125,0.1424,0.0,0.0,0.1424,0.0286,0.0037170000000000003,0.0001581,0.03248,0.01563,0.006792,2.795e-05,0.02245,0.0,0.0,0.0,0.0,0.0,0.0,0.0,0.0,0.0,0.0,0.0,0.0,0.0,0.0,0.0,0.0,unvectored,none,2,2026-07-25T03:21:25+00:00
intadd_8_8_8_5_10nm_TT_0V8_25C_1333p33MHz,intadd,a_width=8;b_width=8;out_width=8;pipeline_stages=5,10nm,TT,0.8,25.0,0.75,1333.3333333333333,8,8,8,5,V-2023.12-SP4,151,88,63,50.964482,12.25728,38.707202,0.41721854304635764,0.7594936803242699,0.21,0.32,0.0,0,V-2023.12-SP4,153,90,63,51.12,12.41,38.71,71.639,0.7136,0.4117647058823529,0.7572378716744914,0.2,0.34,0.0,0,V-2023.12-SP3,V-2023.12-SP4,0.3786,0.026590000000000003,0.00013470000000000002,0.4053,0.40519,0.3038925,0.29750000000000004,0.0,0.0,0.29750000000000004,0.054259999999999996,0.00717,9.223e-05,0.06151999999999999,0.026869999999999998,0.01943,4.246e-05,0.04634,0.0,0.0,0.0,0.0,0.0,0.0,0.0,0.0,0.0,0.0,0.0,0.0,0.0,0.0,0.0,0.0,unvectored,none,2,2026-07-25T03:21:30+00:00
intadd_8_8_8_3_16nm_TT_0V85_25C_800MHz,intadd,a_width=8;b_width=8;out_width=8;pipeline_stages=3,16nm,TT,0.85,25.0,1.25,800.0,8,8,8,3,V-2023.12-SP4,88,51,37,64.260866,18.226944,46.033922,0.42045454545454547,0.7163601249942695,0.5,0.52,0.0,0,V-2023.12-SP4,88,51,37,65.51,18.23,47.28,87.5889,0.7479,0.42045454545454547,0.7217218745229735,0.46,0.55,0.0,0,V-2023.12-SP3,V-2023.12-SP4,0.2325,0.02084,0.00016680000000000002,0.2535,0.25334,0.31667500000000004,0.14300000000000002,0.0,0.0,0.14300000000000002,0.06389,0.009294,0.0001354,0.07332,0.02559,0.01155,3.141e-05,0.037160000000000006,0.0,0.0,0.0,0.0,0.0,0.0,0.0,0.0,0.0,0.0,0.0,0.0,0.0,0.0,0.0,0.0,vectored,random,2,2026-07-25T03:21:31+00:00
intadd_8_8_8_5_10nm_TT_0V8_25C_1333p33MHz,intadd,a_width=8;b_width=8;out_width=8;pipeline_stages=5,10nm,TT,0.8,25.0,0.75,1333.3333333333333,8,8,8,5,V-2023.12-SP4,151,88,63,50.964482,12.25728,38.707202,0.41721854304635764,0.7594936803242699,0.21,0.32,0.0,0,V-2023.12-SP4,153,90,63,51.12,12.41,38.71,71.639,0.7136,0.4117647058823529,0.7572378716744914,0.2,0.34,0.0,0,V-2023.12-SP3,V-2023.12-SP4,0.46099999999999997,0.041940000000000005,0.0001457,0.5031,0.5029399999999999,0.37720499999999996,0.2972,0.0,0.0,0.2972,0.1225,0.017900000000000003,9.94e-05,0.1405,0.041359999999999994,0.02403,4.631e-05,0.06544,0.0,0.0,0.0,0.0,0.0,0.0,0.0,0.0,0.0,0.0,0.0,0.0,0.0,0.0,0.0,0.0,vectored,random,2,2026-07-25T03:21:37+00:00
intadd_8_8_8_5_10nm_TT_0V8_25C_1000MHz,intadd,a_width=8;b_width=8;out_width=8;pipeline_stages=5,10nm,TT,0.8,25.0,1.0,1000.0,8,8,8,5,V-2023.12-SP4,151,88,63,50.964482,12.25728,38.707202,0.41721854304635764,0.7594936803242699,0.02,0.46,0.0,0,V-2023.12-SP4,153,90,63,51.12,12.41,38.71,71.639,0.7136,0.4117647058823529,0.7572378716744914,0.32,0.47,0.0,0,V-2023.12-SP3,V-2023.12-SP4,0.2825,0.01974,0.00013470000000000002,0.3024,0.30223999999999995,0.30223999999999995,0.2218,0.0,0.0,0.2218,0.04069,0.005369,9.223e-05,0.04615,0.01999,0.014369999999999999,4.246e-05,0.0344,0.0,0.0,0.0,0.0,0.0,0.0,0.0,0.0,0.0,0.0,0.0,0.0,0.0,0.0,0.0,0.0,unvectored,none,2,2026-07-25T03:21:37+00:00
intadd_8_8_8_3_5nm_TT_0V7_25C_1000MHz,intadd,a_width=8;b_width=8;out_width=8;pipeline_stages=3,5nm,TT,0.7,25.0,1.0,1000.0,8,8,8,3,V-2023.12-SP4,88,51,37,8.9628,2.7468,6.216,0.42045454545454547,0.6935332708528585,0.02,0.47,0.0,0,V-2023.12-SP4,88,51,37,8.96,2.75,6.22,12.5244,0.7156,0.42045454545454547,0.6941964285714285,0.32,0.47,0.0,0,V-2023.12-SP3,V-2023.12-SP4,0.1173,0.008879999999999999,8.815e-05,0.1263,0.12618000000000001,0.12618000000000001,0.08809,0.0,0.0,0.08809,0.018009999999999998,0.003144,6.815e-05,0.02122,0.01124,0.005736,2.001e-05,0.01699,0.0,0.0,0.0,0.0,0.0,0.0,0.0,0.0,0.0,0.0,0.0,0.0,0.0,0.0,0.0,0.0,unvectored,none,2,2026-07-25T03:21:40+00:00
intadd_8_8_8_5_20nm_TT_0V9_25C_800MHz,intadd,a_width=8;b_width=8;out_width=8;pipeline_stages=5,20nm,TT,0.9,25.0,1.25,800.0,8,8,8,5,V-2023.12-SP4,151,88,63,175.190399,42.1344,133.055999,0.41721854304635764,0.7594936695132477,0.54,0.47,0.0,0,V-2023.12-SP4,152,89,63,176.04,42.98,133.06,238.7616,0.7373,0.4144736842105263,0.7558509429675074,0.48,0.53,0.0,0,V-2023.12-SP3,V-2023.12-SP4,0.37379999999999997,0.021169999999999998,0.0001485,0.3951,0.39497,0.4937125,0.29460000000000003,0.0,0.0,0.29460000000000003,0.0539,0.005879,9.539999999999999e-05,0.05988,0.025259999999999998,0.015290000000000002,5.3139999999999996e-05,0.0406,0.0,0.0,0.0,0.0,0.0,0.0,0.0,0.0,0.0,0.0,0.0,0.0,0.0,0.0,0.0,0.0,unvectored,none,2,2026-07-25T03:21:41+00:00
intadd_8_8_8_5_16nm_TT_0V85_25C_1333p33MHz,intadd,a_width=8;b_width=8;out_width=8;pipeline_stages=5,16nm,TT,0.85,25.0,0.75,1333.3333333333333,8,8,8,5,V-2023.12-SP4,151,88,63,103.203076,24.820992,78.382084,0.41721854304635764,0.759493680207749,0.37,0.14,0.0,0,V-2023.12-SP4,152,89,63,106.69,25.32,81.37,146.3132,0.7292,0.4144736842105263,0.7626769144249695,0.21,0.31,0.0,0,V-2023.12-SP3,V-2023.12-SP4,0.5175,0.031059999999999997,0.0002798,0.5488,0.5485599999999999,0.41141999999999995,0.4012,0.0,0.0,0.4012,0.08153,0.008638,0.0002353,0.09040999999999999,0.03477,0.02242,4.452e-05,0.05724,0.0,0.0,0.0,0.0,0.0,0.0,0.0,0.0,0.0,0.0,0.0,0.0,0.0,0.0,0.0,0.0,unvectored,none,2,2026-07-25T03:21:42+00:00
intadd_8_8_8_5_10nm_TT_0V8_25C_1000MHz,intadd,a_width=8;b_width=8;out_width=8;pipeline_stages=5,10nm,TT,0.8,25.0,1.0,1000.0,8,8,8,5,V-2023.12-SP4,151,88,63,50.964482,12.25728,38.707202,0.41721854304635764,0.7594936803242699,0.02,0.46,0.0,0,V-2023.12-SP4,153,90,63,51.12,12.41,38.71,71.639,0.7136,0.4117647058823529,0.7572378716744914,0.32,0.47,0.0,0,V-2023.12-SP3,V-2023.12-SP4,0.3435,0.03132,0.0001457,0.375,0.37482000000000004,0.37482000000000004,0.2216,0.0,0.0,0.2216,0.09147999999999999,0.01341,9.938e-05,0.10500000000000001,0.03044,0.017920000000000002,4.631e-05,0.0484,0.0,0.0,0.0,0.0,0.0,0.0,0.0,0.0,0.0,0.0,0.0,0.0,0.0,0.0,0.0,0.0,vectored,random,2,2026-07-25T03:21:43+00:00
intadd_8_8_8_3_5nm_TT_0V7_25C_1000MHz,intadd,a_width=8;b_width=8;out_width=8;pipeline_stages=3,5nm,TT,0.7,25.0,1.0,1000.0,8,8,8,3,V-2023.12-SP4,88,51,37,8.9628,2.7468,6.216,0.42045454545454547,0.6935332708528585,0.02,0.47,0.0,0,V-2023.12-SP4,88,51,37,8.96,2.75,6.22,12.5244,0.7156,0.42045454545454547,0.6941964285714285,0.32,0.47,0.0,0,V-2023.12-SP3,V-2023.12-SP4,0.14550000000000002,0.01763,8.371999999999999e-05,0.1632,0.16313000000000002,0.16313000000000002,0.08863,0.0,0.0,0.08863,0.039360000000000006,0.007861,6.195e-05,0.04728,0.01752,0.009768,2.177e-05,0.02731,0.0,0.0,0.0,0.0,0.0,0.0,0.0,0.0,0.0,0.0,0.0,0.0,0.0,0.0,0.0,0.0,vectored,random,2,2026-07-25T03:21:46+00:00
intadd_8_8_8_5_16nm_TT_0V85_25C_800MHz,intadd,a_width=8;b_width=8;out_width=8;pipeline_stages=5,16nm,TT,0.85,25.0,1.25,800.0,8,8,8,5,V-2023.12-SP4,151,88,63,103.203076,24.820992,78.382084,0.41721854304635764,0.759493680207749,0.04,0.56,0.0,0,V-2023.12-SP4,153,90,63,106.75,25.26,81.49,146.3132,0.7296,0.4117647058823529,0.7633723653395784,0.46,0.56,0.0,0,V-2023.12-SP3,V-2023.12-SP4,0.3097,0.019979999999999998,0.0002747,0.33,0.32968,0.41209999999999997,0.24000000000000002,0.0,0.0,0.24000000000000002,0.04911,0.005180000000000001,0.00023050000000000002,0.05452,0.02064,0.0148,4.422e-05,0.03548,0.0,0.0,0.0,0.0,0.0,0.0,0.0,0.0,0.0,0.0,0.0,0.0,0.0,0.0,0.0,0.0,unvectored,none,2,2026-07-25T03:21:47+00:00
intadd_8_8_8_5_20nm_TT_0V9_25C_800MHz,intadd,a_width=8;b_width=8;out_width=8;pipeline_stages=5,20nm,TT,0.9,25.0,1.25,800.0,8,8,8,5,V-2023.12-SP4,151,88,63,175.190399,42.1344,133.055999,0.41721854304635764,0.7594936695132477,0.54,0.47,0.0,0,V-2023.12-SP4,152,89,63,176.04,42.98,133.06,238.7616,0.7373,0.4144736842105263,0.7558509429675074,0.48,0.53,0.0,0,V-2023.12-SP3,V-2023.12-SP4,0.4548,0.03353,0.0001758,0.4885,0.48833,0.6104125,0.29569999999999996,0.0,0.0,0.29569999999999996,0.1214,0.01469,0.0001149,0.13620000000000002,0.03765,0.01884,6.0870000000000005e-05,0.056549999999999996,0.0,0.0,0.0,0.0,0.0,0.0,0.0,0.0,0.0,0.0,0.0,0.0,0.0,0.0,0.0,0.0,vectored,random,2,2026-07-25T03:21:48+00:00
intadd_8_8_8_5_16nm_TT_0V85_25C_1333p33MHz,intadd,a_width=8;b_width=8;out_width=8;pipeline_stages=5,16nm,TT,0.85,25.0,0.75,1333.3333333333333,8,8,8,5,V-2023.12-SP4,151,88,63,103.203076,24.820992,78.382084,0.41721854304635764,0.759493680207749,0.37,0.14,0.0,0,V-2023.12-SP4,152,89,63,106.69,25.32,81.37,146.3132,0.7292,0.4144736842105263,0.7626769144249695,0.21,0.31,0.0,0,V-2023.12-SP3,V-2023.12-SP4,0.641,0.04995,0.00025979999999999997,0.6912,0.6909500000000001,0.5182125000000001,0.40240000000000004,0.0,0.0,0.40240000000000004,0.18569999999999998,0.02158,0.00020910000000000001,0.2075,0.05287,0.02837,5.068e-05,0.0813,0.0,0.0,0.0,0.0,0.0,0.0,0.0,0.0,0.0,0.0,0.0,0.0,0.0,0.0,0.0,0.0,vectored,random,2,2026-07-25T03:21:48+00:00
intadd_8_8_8_5_5nm_TT_0V7_25C_1333p33MHz,intadd,a_width=8;b_width=8;out_width=8;pipeline_stages=5,5nm,TT,0.7,25.0,0.75,1333.3333333333333,8,8,8,5,V-2023.12-SP4,149,86,63,14.4564,3.8724,10.584,0.4228187919463087,0.7321324811156305,0.02,0.34,0.0,0,V-2023.12-SP4,151,88,63,14.51,3.92,10.58,20.412,0.7107,0.41721854304635764,0.7291523087525844,0.19,0.34,0.0,0,V-2023.12-SP3,V-2023.12-SP4,0.2595,0.02073,0.0001473,0.2803,0.28023,0.21017249999999998,0.1998,0.0,0.0,0.1998,0.03957,0.00581,0.0001161,0.0455,0.020040000000000002,0.01492,3.116e-05,0.034999999999999996,0.0,0.0,0.0,0.0,0.0,0.0,0.0,0.0,0.0,0.0,0.0,0.0,0.0,0.0,0.0,0.0,unvectored,none,2,2026-07-25T03:21:52+00:00
intadd_8_8_8_5_16nm_TT_0V85_25C_800MHz,intadd,a_width=8;b_width=8;out_width=8;pipeline_stages=5,16nm,TT,0.85,25.0,1.25,800.0,8,8,8,5,V-2023.12-SP4,151,88,63,103.203076,24.820992,78.382084,0.41721854304635764,0.759493680207749,0.04,0.56,0.0,0,V-2023.12-SP4,153,90,63,106.75,25.26,81.49,146.3132,0.7296,0.4117647058823529,0.7633723653395784,0.46,0.56,0.0,0,V-2023.12-SP3,V-2023.12-SP4,0.3841,0.0299,0.0002564,0.4143,0.414,0.5175,0.24059999999999998,0.0,0.0,0.24059999999999998,0.1119,0.01294,0.000206,0.125,0.03169,0.01697,5.046e-05,0.048709999999999996,0.0,0.0,0.0,0.0,0.0,0.0,0.0,0.0,0.0,0.0,0.0,0.0,0.0,0.0,0.0,0.0,vectored,random,2,2026-07-25T03:21:54+00:00
intadd_8_8_8_5_5nm_TT_0V7_25C_1000MHz,intadd,a_width=8;b_width=8;out_width=8;pipeline_stages=5,5nm,TT,0.7,25.0,1.0,1000.0,8,8,8,5,V-2023.12-SP4,149,86,63,14.4564,3.8724,10.584,0.4228187919463087,0.7321324811156305,0.02,0.47,0.0,0,V-2023.12-SP4,151,88,63,14.51,3.92,10.58,20.412,0.7107,0.41721854304635764,0.7291523087525844,0.32,0.48,0.0,0,V-2023.12-SP3,V-2023.12-SP4,0.1943,0.01558,0.0001473,0.21000000000000002,0.20988,0.20988,0.1496,0.0,0.0,0.1496,0.02968,0.004367,0.0001161,0.03417,0.01505,0.01121,3.116e-05,0.02629,0.0,0.0,0.0,0.0,0.0,0.0,0.0,0.0,0.0,0.0,0.0,0.0,0.0,0.0,0.0,0.0,unvectored,none,2,2026-07-25T03:21:57+00:00
intadd_8_8_8_5_5nm_TT_0V7_25C_1333p33MHz,intadd,a_width=8;b_width=8;out_width=8;pipeline_stages=5,5nm,TT,0.7,25.0,0.75,1333.3333333333333,8,8,8,5,V-2023.12-SP4,149,86,63,14.4564,3.8724,10.584,0.4228187919463087,0.7321324811156305,0.02,0.34,0.0,0,V-2023.12-SP4,151,88,63,14.51,3.92,10.58,20.412,0.7107,0.41721854304635764,0.7291523087525844,0.19,0.34,0.0,0,V-2023.12-SP3,V-2023.12-SP4,0.32130000000000003,0.034910000000000004,0.00013969999999999998,0.3564,0.35621,0.26715750000000005,0.201,0.0,0.0,0.201,0.08864000000000001,0.01452,0.0001055,0.1033,0.03165,0.02039,3.417e-05,0.05207,0.0,0.0,0.0,0.0,0.0,0.0,0.0,0.0,0.0,0.0,0.0,0.0,0.0,0.0,0.0,0.0,vectored,random,2,2026-07-25T03:21:58+00:00
intadd_8_8_8_5_5nm_TT_0V7_25C_1000MHz,intadd,a_width=8;b_width=8;out_width=8;pipeline_stages=5,5nm,TT,0.7,25.0,1.0,1000.0,8,8,8,5,V-2023.12-SP4,149,86,63,14.4564,3.8724,10.584,0.4228187919463087,0.7321324811156305,0.02,0.47,0.0,0,V-2023.12-SP4,151,88,63,14.51,3.92,10.58,20.412,0.7107,0.41721854304635764,0.7291523087525844,0.32,0.48,0.0,0,V-2023.12-SP3,V-2023.12-SP4,0.23929999999999998,0.02541,0.00013969999999999998,0.26489999999999997,0.26471,0.26471,0.1505,0.0,0.0,0.1505,0.06598,0.010920000000000001,0.0001055,0.077,0.022840000000000003,0.01449,3.417e-05,0.037360000000000004,0.0,0.0,0.0,0.0,0.0,0.0,0.0,0.0,0.0,0.0,0.0,0.0,0.0,0.0,0.0,0.0,vectored,random,2,2026-07-25T03:22:03+00:00
intadd_8_8_8_3_7nm_TT_0V75_25C_1000MHz,intadd,a_width=8;b_width=8;out_width=8;pipeline_stages=3,7nm,TT,0.75,25.0,1.0,1000.0,8,8,8,3,V-2023.12-SP4,88,51,37,16.660224,4.725504,11.93472,0.42045454545454547,0.7163601161665054,0.02,0.46,0.0,0,V-2023.12-SP4,88,51,37,16.66,4.73,11.93,23.2888,0.7154,0.42045454545454547,0.7160864345738295,0.32,0.47,0.0,0,V-2023.12-SP3,V-2023.12-SP4,0.13290000000000002,0.0089,0.0001161,0.1419,0.1418,0.1418,0.1021,0.0,0.0,0.1021,0.01943,0.003156,9.467e-05,0.02268,0.01137,0.005744,2.147e-05,0.01714,0.0,0.0,0.0,0.0,0.0,0.0,0.0,0.0,0.0,0.0,0.0,0.0,0.0,0.0,0.0,0.0,unvectored,none,2,2026-07-25T03:22:17+00:00
intadd_8_8_8_3_7nm_TT_0V75_25C_1000MHz,intadd,a_width=8;b_width=8;out_width=8;pipeline_stages=3,7nm,TT,0.75,25.0,1.0,1000.0,8,8,8,3,V-2023.12-SP4,88,51,37,16.660224,4.725504,11.93472,0.42045454545454547,0.7163601161665054,0.02,0.46,0.0,0,V-2023.12-SP4,88,51,37,16.66,4.73,11.93,23.2888,0.7154,0.42045454545454547,0.7160864345738295,0.32,0.47,0.0,0,V-2023.12-SP3,V-2023.12-SP4,0.16369999999999998,0.01774,0.0001357,0.1815,0.18144,0.18144,0.102,0.0,0.0,0.102,0.04279,0.007893,0.0001133,0.050800000000000005,0.018850000000000002,0.009847999999999999,2.24e-05,0.028730000000000002,0.0,0.0,0.0,0.0,0.0,0.0,0.0,0.0,0.0,0.0,0.0,0.0,0.0,0.0,0.0,0.0,vectored,random,2,2026-07-25T03:22:23+00:00
intadd_8_8_8_5_7nm_TT_0V75_25C_1333p33MHz,intadd,a_width=8;b_width=8;out_width=8;pipeline_stages=5,7nm,TT,0.75,25.0,0.75,1333.3333333333333,8,8,8,5,V-2023.12-SP4,151,88,63,26.756353,6.435072,20.321281,0.41721854304635764,0.759493679874832,0.02,0.34,0.0,0,V-2023.12-SP4,153,90,63,26.84,6.52,20.32,37.1589,0.7222,0.4117647058823529,0.7570789865871833,0.19,0.34,0.0,0,V-2023.12-SP3,V-2023.12-SP4,0.294,0.022609999999999998,0.0001945,0.3168,0.31661,0.2374575,0.2308,0.0,0.0,0.2308,0.04285,0.0058660000000000006,0.0001611,0.04887,0.02031,0.01675,3.345e-05,0.03709,0.0,0.0,0.0,0.0,0.0,0.0,0.0,0.0,0.0,0.0,0.0,0.0,0.0,0.0,0.0,0.0,unvectored,none,2,2026-07-25T03:22:35+00:00
intadd_8_8_8_5_7nm_TT_0V75_25C_1333p33MHz,intadd,a_width=8;b_width=8;out_width=8;pipeline_stages=5,7nm,TT,0.75,25.0,0.75,1333.3333333333333,8,8,8,5,V-2023.12-SP4,151,88,63,26.756353,6.435072,20.321281,0.41721854304635764,0.759493679874832,0.02,0.34,0.0,0,V-2023.12-SP4,153,90,63,26.84,6.52,20.32,37.1589,0.7222,0.4117647058823529,0.7570789865871833,0.19,0.34,0.0,0,V-2023.12-SP3,V-2023.12-SP4,0.3595,0.03503,0.00022810000000000001,0.3948,0.39453,0.2958975,0.2307,0.0,0.0,0.2307,0.09663000000000001,0.01465,0.0001927,0.1115,0.03222,0.020380000000000002,3.533e-05,0.05264,0.0,0.0,0.0,0.0,0.0,0.0,0.0,0.0,0.0,0.0,0.0,0.0,0.0,0.0,0.0,0.0,vectored,random,2,2026-07-25T03:22:41+00:00
intadd_8_8_8_5_7nm_TT_0V75_25C_1000MHz,intadd,a_width=8;b_width=8;out_width=8;pipeline_stages=5,7nm,TT,0.75,25.0,1.0,1000.0,8,8,8,5,V-2023.12-SP4,151,88,63,26.756353,6.435072,20.321281,0.41721854304635764,0.759493679874832,0.02,0.46,0.0,0,V-2023.12-SP4,153,90,63,26.84,6.52,20.32,37.1589,0.7222,0.4117647058823529,0.7570789865871833,0.32,0.47,0.0,0,V-2023.12-SP3,V-2023.12-SP4,0.2208,0.01649,0.0001943,0.2375,0.23729,0.23729,0.1738,0.0,0.0,0.1738,0.03205,0.004412,0.00016089999999999998,0.03662,0.014939999999999998,0.012079999999999999,3.345e-05,0.02705,0.0,0.0,0.0,0.0,0.0,0.0,0.0,0.0,0.0,0.0,0.0,0.0,0.0,0.0,0.0,0.0,unvectored,none,2,2026-07-25T03:22:42+00:00
intadd_8_8_8_5_7nm_TT_0V75_25C_1000MHz,intadd,a_width=8;b_width=8;out_width=8;pipeline_stages=5,7nm,TT,0.75,25.0,1.0,1000.0,8,8,8,5,V-2023.12-SP4,151,88,63,26.756353,6.435072,20.321281,0.41721854304635764,0.759493679874832,0.02,0.46,0.0,0,V-2023.12-SP4,153,90,63,26.84,6.52,20.32,37.1589,0.7222,0.4117647058823529,0.7570789865871833,0.32,0.47,0.0,0,V-2023.12-SP3,V-2023.12-SP4,0.27080000000000004,0.026449999999999998,0.0002282,0.29750000000000004,0.29725,0.29725,0.1737,0.0,0.0,0.1737,0.07261,0.01102,0.0001929,0.08383,0.02448,0.01543,3.533e-05,0.03995,0.0,0.0,0.0,0.0,0.0,0.0,0.0,0.0,0.0,0.0,0.0,0.0,0.0,0.0,0.0,0.0,vectored,random,2,2026-07-25T03:22:48+00:00
intadd_8_8_16_2_20nm_TT_0V9_25C_571p429MHz,intadd,a_width=8;b_width=8;out_width=16;pipeline_stages=2,20nm,TT,0.9,25.0,1.75,571.4285714285714,8,8,16,2,V-2023.12-SP4,64,39,25,80.0448,27.2448,52.8,0.390625,0.6596306068601583,1.21,0.31,0.0,0,V-2023.12-SP4,66,41,25,81.31,28.51,52.8,111.1968,0.7312,0.3787878787878788,0.6493666215717624,0.73,0.78,0.0,0,V-2023.12-SP3,V-2023.12-SP4,0.1181,0.009221,6.772e-05,0.1274,0.127321,0.22281174999999998,0.08971000000000001,0.001607,2.613e-06,0.09132,0.01616,0.0025280000000000003,3.798e-05,0.01872,0.01221,0.005086,2.712e-05,0.01732,0.0,0.0,0.0,0.0,0.0,0.0,0.0,0.0,0.0,0.0,0.0,0.0,0.0,0.0,0.0,0.0,unvectored,none,2,2026-07-25T03:23:04+00:00
intadd_8_8_16_2_20nm_TT_0V9_25C_571p429MHz,intadd,a_width=8;b_width=8;out_width=16;pipeline_stages=2,20nm,TT,0.9,25.0,1.75,571.4285714285714,8,8,16,2,V-2023.12-SP4,64,39,25,80.0448,27.2448,52.8,0.390625,0.6596306068601583,1.21,0.31,0.0,0,V-2023.12-SP4,66,41,25,81.31,28.51,52.8,111.1968,0.7312,0.3787878787878788,0.6493666215717624,0.73,0.78,0.0,0,V-2023.12-SP3,V-2023.12-SP4,0.14679999999999999,0.016929999999999997,7.818e-05,0.1638,0.16373,0.2865275,0.09019,0.001607,2.613e-06,0.09179999999999999,0.03563,0.006331,4.553e-05,0.041999999999999996,0.020999999999999998,0.008988,3.0040000000000004e-05,0.03002,0.0,0.0,0.0,0.0,0.0,0.0,0.0,0.0,0.0,0.0,0.0,0.0,0.0,0.0,0.0,0.0,vectored,random,2,2026-07-25T03:23:10+00:00
intadd_8_8_16_2_10nm_TT_0V8_25C_1333p33MHz,intadd,a_width=8;b_width=8;out_width=16;pipeline_stages=2,10nm,TT,0.8,25.0,0.75,1333.3333333333333,8,8,16,2,V-2023.12-SP4,64,39,25,23.285761,7.92576,15.360001,0.390625,0.6596306214772195,0.48,0.05,0.0,0,V-2023.12-SP4,64,39,25,23.29,7.93,15.36,33.1776,0.7019,0.390625,0.6595105195362817,0.2,0.34,0.0,0,V-2023.12-SP3,V-2023.12-SP4,0.1585,0.012799999999999999,5.8630000000000006e-05,0.17129999999999998,0.1713,0.128475,0.11739999999999999,0.0,0.0,0.11739999999999999,0.022940000000000002,0.004467,3.666e-05,0.027440000000000003,0.01811,0.008331999999999999,2.197e-05,0.02646,0.0,0.0,0.0,0.0,0.0,0.0,0.0,0.0,0.0,0.0,0.0,0.0,0.0,0.0,0.0,0.0,unvectored,none,2,2026-07-25T03:23:13+00:00
intadd_8_8_16_2_10nm_TT_0V8_25C_1333p33MHz,intadd,a_width=8;b_width=8;out_width=16;pipeline_stages=2,10nm,TT,0.8,25.0,0.75,1333.3333333333333,8,8,16,2,V-2023.12-SP4,64,39,25,23.285761,7.92576,15.360001,0.390625,0.6596306214772195,0.48,0.05,0.0,0,V-2023.12-SP4,64,39,25,23.29,7.93,15.36,33.1776,0.7019,0.390625,0.6595105195362817,0.2,0.34,0.0,0,V-2023.12-SP3,V-2023.12-SP4,0.1998,0.02678,6.281e-05,0.2267,0.22658,0.169935,0.1173,0.0,0.0,0.1173,0.05084,0.011179999999999999,3.945e-05,0.06206,0.03165,0.0156,2.336e-05,0.04728,0.0,0.0,0.0,0.0,0.0,0.0,0.0,0.0,0.0,0.0,0.0,0.0,0.0,0.0,0.0,0.0,vectored,random,2,2026-07-25T03:23:19+00:00
intadd_8_8_16_2_16nm_TT_0V85_25C_1333p33MHz,intadd,a_width=8;b_width=8;out_width=16;pipeline_stages=2,16nm,TT,0.85,25.0,0.75,1333.3333333333333,8,8,16,2,V-2023.12-SP4,100,75,25,49.641986,18.537984,31.104001,0.25,0.6265664109409321,0.47,0.05,0.0,0,V-2023.12-SP4,97,72,25,49.7,18.1,31.6,67.0602,0.7412,0.25773195876288657,0.635814889336016,0.21,0.31,0.0,0,V-2023.12-SP3,V-2023.12-SP4,0.2164,0.01991,0.0001511,0.2364,0.23631000000000002,0.17723250000000002,0.1607,0.0,0.0,0.1607,0.032350000000000004,0.003827,0.00012009999999999999,0.0363,0.02333,0.016079999999999997,3.1020000000000005e-05,0.03944,0.0,0.0,0.0,0.0,0.0,0.0,0.0,0.0,0.0,0.0,0.0,0.0,0.0,0.0,0.0,0.0,unvectored,none,2,2026-07-25T03:23:35+00:00
intadd_8_8_16_2_10nm_TT_0V8_25C_800MHz,intadd,a_width=8;b_width=8;out_width=16;pipeline_stages=2,10nm,TT,0.8,25.0,1.25,800.0,8,8,16,2,V-2023.12-SP4,64,39,25,23.285761,7.92576,15.360001,0.390625,0.6596306214772195,0.48,0.55,0.0,0,V-2023.12-SP4,67,42,25,25.19,9.83,15.36,33.1776,0.7593,0.373134328358209,0.6097657800714569,0.45,0.68,0.0,0,V-2023.12-SP3,V-2023.12-SP4,0.1323,0.027889999999999998,7.240999999999999e-05,0.16019999999999998,0.16019,0.2002375,0.1077,0.02,1.381e-05,0.12769999999999998,0.013770000000000001,0.002721,3.664e-05,0.01653,0.010839999999999999,0.0051660000000000005,2.196e-05,0.01603,0.0,0.0,0.0,0.0,0.0,0.0,0.0,0.0,0.0,0.0,0.0,0.0,0.0,0.0,0.0,0.0,unvectored,none,2,2026-07-25T03:23:40+00:00
intadd_8_8_16_2_16nm_TT_0V85_25C_1333p33MHz,intadd,a_width=8;b_width=8;out_width=16;pipeline_stages=2,16nm,TT,0.85,25.0,0.75,1333.3333333333333,8,8,16,2,V-2023.12-SP4,100,75,25,49.641986,18.537984,31.104001,0.25,0.6265664109409321,0.47,0.05,0.0,0,V-2023.12-SP4,97,72,25,49.7,18.1,31.6,67.0602,0.7412,0.25773195876288657,0.635814889336016,0.21,0.31,0.0,0,V-2023.12-SP3,V-2023.12-SP4,0.2693,0.03724,0.0001334,0.3067,0.30654,0.22990499999999997,0.1614,0.0,0.0,0.1614,0.07034,0.00957,0.00010010000000000001,0.08001,0.03758,0.02767,3.334e-05,0.06528,0.0,0.0,0.0,0.0,0.0,0.0,0.0,0.0,0.0,0.0,0.0,0.0,0.0,0.0,0.0,0.0,vectored,random,2,2026-07-25T03:23:41+00:00
intadd_8_8_16_3_20nm_TT_0V9_25C_1000MHz,intadd,a_width=8;b_width=8;out_width=16;pipeline_stages=3,20nm,TT,0.9,25.0,1.0,1000.0,8,8,16,3,V-2023.12-SP4,126,89,37,116.582399,38.4384,78.144,0.29365079365079366,0.6702898608219583,0.74,0.05,0.0,0,V-2023.12-SP4,126,89,37,126.51,48.36,78.14,163.8912,0.7719,0.29365079365079366,0.6176586831080547,0.36,0.4,0.0,0,V-2023.12-SP3,V-2023.12-SP4,0.3665,0.02326,0.1032,0.4929,0.38976,0.38976,0.3004,0.0026939999999999998,0.1031,0.4062,0.04085,0.005315,5.601e-05,0.046220000000000004,0.0252,0.01525,4.542e-05,0.04049,0.0,0.0,0.0,0.0,0.0,0.0,0.0,0.0,0.0,0.0,0.0,0.0,0.0,0.0,0.0,0.0,unvectored,none,2,2026-07-25T03:23:42+00:00
intadd_8_8_16_2_10nm_TT_0V8_25C_800MHz,intadd,a_width=8;b_width=8;out_width=16;pipeline_stages=2,10nm,TT,0.8,25.0,1.25,800.0,8,8,16,2,V-2023.12-SP4,64,39,25,23.285761,7.92576,15.360001,0.390625,0.6596306214772195,0.48,0.55,0.0,0,V-2023.12-SP4,67,42,25,25.19,9.83,15.36,33.1776,0.7593,0.373134328358209,0.6097657800714569,0.45,0.68,0.0,0,V-2023.12-SP3,V-2023.12-SP4,0.157,0.0361,7.685e-05,0.1932,0.1931,0.241375,0.1076,0.02,1.381e-05,0.12760000000000002,0.030589999999999996,0.006810999999999999,3.968e-05,0.03744,0.01883,0.009292,2.336e-05,0.02815,0.0,0.0,0.0,0.0,0.0,0.0,0.0,0.0,0.0,0.0,0.0,0.0,0.0,0.0,0.0,0.0,vectored,random,2,2026-07-25T03:23:46+00:00
intadd_8_8_16_3_10nm_TT_0V8_25C_1333p33MHz,intadd,a_width=8;b_width=8;out_width=16;pipeline_stages=3,10nm,TT,0.8,25.0,0.75,1333.3333333333333,8,8,16,3,V-2023.12-SP4,94,57,37,32.624641,9.89184,22.732801,0.39361702127659576,0.6967985027022979,0.47,0.06,0.0,0,V-2023.12-SP4,94,57,37,32.62,9.89,22.73,44.3904,0.7349,0.39361702127659576,0.6968117719190682,0.2,0.34,0.0,0,V-2023.12-SP3,V-2023.12-SP4,0.2275,0.01685,8.247e-05,0.24439999999999998,0.24435,0.1832625,0.17300000000000001,0.0,0.0,0.17300000000000001,0.03296,0.005903,5.4189999999999994e-05,0.03891,0.02146,0.01095,2.8290000000000002e-05,0.03243,0.0,0.0,0.0,0.0,0.0,0.0,0.0,0.0,0.0,0.0,0.0,0.0,0.0,0.0,0.0,0.0,unvectored,none,2,2026-07-25T03:23:46+00:00
intadd_8_8_16_3_20nm_TT_0V9_25C_1000MHz,intadd,a_width=8;b_width=8;out_width=16;pipeline_stages=3,20nm,TT,0.9,25.0,1.0,1000.0,8,8,16,3,V-2023.12-SP4,126,89,37,116.582399,38.4384,78.144,0.29365079365079366,0.6702898608219583,0.74,0.05,0.0,0,V-2023.12-SP4,126,89,37,126.51,48.36,78.14,163.8912,0.7719,0.29365079365079366,0.6176586831080547,0.36,0.4,0.0,0,V-2023.12-SP3,V-2023.12-SP4,0.432,0.04206,0.1032,0.5772,0.47406,0.47406,0.3011,0.0026939999999999998,0.1031,0.40690000000000004,0.08972000000000001,0.0134,6.752e-05,0.1032,0.041100000000000005,0.02597,4.952e-05,0.06712,0.0,0.0,0.0,0.0,0.0,0.0,0.0,0.0,0.0,0.0,0.0,0.0,0.0,0.0,0.0,0.0,vectored,random,2,2026-07-25T03:23:48+00:00
intadd_8_8_16_2_5nm_TT_0V7_25C_1333p33MHz,intadd,a_width=8;b_width=8;out_width=16;pipeline_stages=2,5nm,TT,0.7,25.0,0.75,1333.3333333333333,8,8,16,2,V-2023.12-SP4,64,39,25,6.552,2.352,4.2,0.390625,0.6410256410256411,0.37,0.16,0.0,0,V-2023.12-SP4,64,39,25,6.55,2.35,4.2,9.2232,0.7104,0.390625,0.6412213740458016,0.19,0.34,0.0,0,V-2023.12-SP3,V-2023.12-SP4,0.1101,0.01028,6.221e-05,0.1204,0.12038,0.090285,0.07988999999999999,0.0,0.0,0.07988999999999999,0.01683,0.0034000000000000002,4.6030000000000005e-05,0.02028,0.013380000000000001,0.006881,1.6190000000000003e-05,0.02028,0.0,0.0,0.0,0.0,0.0,0.0,0.0,0.0,0.0,0.0,0.0,0.0,0.0,0.0,0.0,0.0,unvectored,none,2,2026-07-25T03:23:51+00:00
intadd_8_8_16_3_10nm_TT_0V8_25C_1333p33MHz,intadd,a_width=8;b_width=8;out_width=16;pipeline_stages=3,10nm,TT,0.8,25.0,0.75,1333.3333333333333,8,8,16,3,V-2023.12-SP4,94,57,37,32.624641,9.89184,22.732801,0.39361702127659576,0.6967985027022979,0.47,0.06,0.0,0,V-2023.12-SP4,94,57,37,32.62,9.89,22.73,44.3904,0.7349,0.39361702127659576,0.6968117719190682,0.2,0.34,0.0,0,V-2023.12-SP3,V-2023.12-SP4,0.28430000000000005,0.03535,8.883e-05,0.31970000000000004,0.31965000000000005,0.23973750000000005,0.1729,0.0,0.0,0.1729,0.07429,0.01482,5.841e-05,0.08915999999999999,0.0371,0.020530000000000003,3.041e-05,0.05766,0.0,0.0,0.0,0.0,0.0,0.0,0.0,0.0,0.0,0.0,0.0,0.0,0.0,0.0,0.0,0.0,vectored,random,2,2026-07-25T03:23:53+00:00
intadd_8_8_16_3_20nm_TT_0V9_25C_666p667MHz,intadd,a_width=8;b_width=8;out_width=16;pipeline_stages=3,20nm,TT,0.9,25.0,1.5,666.6666666666666,8,8,16,3,V-2023.12-SP4,94,57,37,112.147199,34.0032,78.144,0.39361702127659576,0.6967984996219121,1.16,0.1,0.0,0,V-2023.12-SP4,101,64,37,122.28,44.14,78.14,150.48,0.8126,0.36633663366336633,0.6390251880929015,0.61,0.69,0.0,0,V-2023.12-SP3,V-2023.12-SP4,0.24159999999999998,0.02525,0.05165,0.3185,0.26685,0.40027499999999994,0.1975,0.01349,0.05156,0.2626,0.027229999999999997,0.003959,5.602e-05,0.03125,0.01683,0.007805,3.514e-05,0.02467,0.0,0.0,0.0,0.0,0.0,0.0,0.0,0.0,0.0,0.0,0.0,0.0,0.0,0.0,0.0,0.0,unvectored,none,2,2026-07-25T03:23:54+00:00
intadd_8_8_16_2_16nm_TT_0V85_25C_800MHz,intadd,a_width=8;b_width=8;out_width=16;pipeline_stages=2,16nm,TT,0.85,25.0,1.25,800.0,8,8,16,2,V-2023.12-SP4,64,39,25,47.153666,16.049664,31.104001,0.390625,0.6596306000895031,0.82,0.2,0.0,0,V-2023.12-SP4,66,41,25,48.4,16.42,31.97,65.3184,0.741,0.3787878787878788,0.6605371900826447,0.46,0.56,0.0,0,V-2023.12-SP3,V-2023.12-SP4,0.1327,0.01213,0.00012910000000000002,0.145,0.14483000000000001,0.18103750000000002,0.09868,0.002872,9.684000000000001e-07,0.10160000000000001,0.01991,0.003084,0.0001054,0.0231,0.01415,0.006173,2.271e-05,0.020339999999999997,0.0,0.0,0.0,0.0,0.0,0.0,0.0,0.0,0.0,0.0,0.0,0.0,0.0,0.0,0.0,0.0,unvectored,none,2,2026-07-25T03:23:54+00:00
intadd_8_8_16_2_5nm_TT_0V7_25C_1333p33MHz,intadd,a_width=8;b_width=8;out_width=16;pipeline_stages=2,5nm,TT,0.7,25.0,0.75,1333.3333333333333,8,8,16,2,V-2023.12-SP4,64,39,25,6.552,2.352,4.2,0.390625,0.6410256410256411,0.37,0.16,0.0,0,V-2023.12-SP4,64,39,25,6.55,2.35,4.2,9.2232,0.7104,0.390625,0.6412213740458016,0.19,0.34,0.0,0,V-2023.12-SP3,V-2023.12-SP4,0.1403,0.02115,5.925e-05,0.1615,0.16145,0.12108750000000001,0.08037000000000001,0.0,0.0,0.08037000000000001,0.037020000000000004,0.008512,4.187e-05,0.04558,0.02289,0.012629999999999999,1.7369999999999998e-05,0.03554,0.0,0.0,0.0,0.0,0.0,0.0,0.0,0.0,0.0,0.0,0.0,0.0,0.0,0.0,0.0,0.0,vectored,random,2,2026-07-25T03:23:57+00:00
intadd_8_8_16_3_20nm_TT_0V9_25C_666p667MHz,intadd,a_width=8;b_width=8;out_width=16;pipeline_stages=3,20nm,TT,0.9,25.0,1.5,666.6666666666666,8,8,16,3,V-2023.12-SP4,94,57,37,112.147199,34.0032,78.144,0.39361702127659576,0.6967984996219121,1.16,0.1,0.0,0,V-2023.12-SP4,101,64,37,122.28,44.14,78.14,150.48,0.8126,0.36633663366336633,0.6390251880929015,0.61,0.69,0.0,0,V-2023.12-SP3,V-2023.12-SP4,0.2882,0.0376,0.05166,0.3775,0.32580000000000003,0.4887,0.19790000000000002,0.01349,0.05156,0.263,0.061329999999999996,0.009937,6.752e-05,0.07134,0.02895,0.01418,3.945e-05,0.04317,0.0,0.0,0.0,0.0,0.0,0.0,0.0,0.0,0.0,0.0,0.0,0.0,0.0,0.0,0.0,0.0,vectored,random,2,2026-07-25T03:24:00+00:00
intadd_8_8_16_2_16nm_TT_0V85_25C_800MHz,intadd,a_width=8;b_width=8;out_width=16;pipeline_stages=2,16nm,TT,0.85,25.0,1.25,800.0,8,8,16,2,V-2023.12-SP4,64,39,25,47.153666,16.049664,31.104001,0.390625,0.6596306000895031,0.82,0.2,0.0,0,V-2023.12-SP4,66,41,25,48.4,16.42,31.97,65.3184,0.741,0.3787878787878788,0.6605371900826447,0.46,0.56,0.0,0,V-2023.12-SP3,V-2023.12-SP4,0.16890000000000002,0.02215,0.0001165,0.19110000000000002,0.19105000000000003,0.23881250000000004,0.09903,0.002872,9.684000000000001e-07,0.10189999999999999,0.0448,0.007722,9.049999999999999e-05,0.05261,0.02504,0.011559999999999999,2.5019999999999998e-05,0.03663,0.0,0.0,0.0,0.0,0.0,0.0,0.0,0.0,0.0,0.0,0.0,0.0,0.0,0.0,0.0,0.0,vectored,random,2,2026-07-25T03:24:01+00:00
intadd_8_8_16_2_5nm_TT_0V7_25C_800MHz,intadd,a_width=8;b_width=8;out_width=16;pipeline_stages=2,5nm,TT,0.7,25.0,1.25,800.0,8,8,16,2,V-2023.12-SP4,64,39,25,6.552,2.352,4.2,0.390625,0.6410256410256411,0.02,0.59,0.0,0,V-2023.12-SP4,67,42,25,7.03,2.83,4.2,9.2232,0.7623,0.373134328358209,0.5974395448079659,0.44,0.68,0.0,0,V-2023.12-SP3,V-2023.12-SP4,0.08967,0.02356,7.183000000000001e-05,0.1133,0.11323,0.14153749999999998,0.07155,0.017329999999999998,9.655e-06,0.08889,0.01008,0.0020480000000000003,4.6e-05,0.01217,0.008046999999999999,0.004181000000000001,1.618e-05,0.01224,0.0,0.0,0.0,0.0,0.0,0.0,0.0,0.0,0.0,0.0,0.0,0.0,0.0,0.0,0.0,0.0,unvectored,none,2,2026-07-25T03:24:03+00:00
intadd_8_8_16_3_5nm_TT_0V7_25C_1333p33MHz,intadd,a_width=8;b_width=8;out_width=16;pipeline_stages=3,5nm,TT,0.7,25.0,0.75,1333.3333333333333,8,8,16,3,V-2023.12-SP4,94,57,37,9.1728,2.9568,6.216,0.39361702127659576,0.6776556776556777,0.37,0.16,0.0,0,V-2023.12-SP4,94,57,37,9.17,2.96,6.22,12.7008,0.7222,0.39361702127659576,0.6782988004362049,0.19,0.34,0.0,0,V-2023.12-SP3,V-2023.12-SP4,0.1577,0.013720000000000001,8.894e-05,0.17149999999999999,0.17142000000000002,0.128565,0.11739999999999999,0.0,0.0,0.11739999999999999,0.02422,0.004573,6.809e-05,0.02886,0.016079999999999997,0.009145,2.0850000000000002e-05,0.02525,0.0,0.0,0.0,0.0,0.0,0.0,0.0,0.0,0.0,0.0,0.0,0.0,0.0,0.0,0.0,0.0,unvectored,none,2,2026-07-25T03:24:08+00:00
intadd_8_8_16_2_5nm_TT_0V7_25C_800MHz,intadd,a_width=8;b_width=8;out_width=16;pipeline_stages=2,5nm,TT,0.7,25.0,1.25,800.0,8,8,16,2,V-2023.12-SP4,64,39,25,6.552,2.352,4.2,0.390625,0.6410256410256411,0.02,0.59,0.0,0,V-2023.12-SP4,67,42,25,7.03,2.83,4.2,9.2232,0.7623,0.373134328358209,0.5974395448079659,0.44,0.68,0.0,0,V-2023.12-SP3,V-2023.12-SP4,0.1078,0.02999,6.840000000000001e-05,0.1379,0.13779,0.1722375,0.07182999999999999,0.017329999999999998,9.666999999999999e-06,0.08918,0.0223,0.0051270000000000005,4.1360000000000004e-05,0.027469999999999998,0.01371,0.007535,1.7369999999999998e-05,0.02126,0.0,0.0,0.0,0.0,0.0,0.0,0.0,0.0,0.0,0.0,0.0,0.0,0.0,0.0,0.0,0.0,vectored,random,2,2026-07-25T03:24:09+00:00
intadd_8_8_16_3_5nm_TT_0V7_25C_1333p33MHz,intadd,a_width=8;b_width=8;out_width=16;pipeline_stages=3,5nm,TT,0.7,25.0,0.75,1333.3333333333333,8,8,16,3,V-2023.12-SP4,94,57,37,9.1728,2.9568,6.216,0.39361702127659576,0.6776556776556777,0.37,0.16,0.0,0,V-2023.12-SP4,94,57,37,9.17,2.96,6.22,12.7008,0.7222,0.39361702127659576,0.6782988004362049,0.19,0.34,0.0,0,V-2023.12-SP3,V-2023.12-SP4,0.19890000000000002,0.02816,8.459e-05,0.2271,0.22706,0.170295,0.1181,0.0,0.0,0.1181,0.05396,0.01148,6.193999999999999e-05,0.06548999999999999,0.02681,0.01669,2.265e-05,0.043519999999999996,0.0,0.0,0.0,0.0,0.0,0.0,0.0,0.0,0.0,0.0,0.0,0.0,0.0,0.0,0.0,0.0,vectored,random,2,2026-07-25T03:24:15+00:00
intadd_8_8_16_2_7nm_TT_0V75_25C_1333p33MHz,intadd,a_width=8;b_width=8;out_width=16;pipeline_stages=2,7nm,TT,0.75,25.0,0.75,1333.3333333333333,8,8,16,2,V-2023.12-SP4,64,39,25,12.225024,4.161024,8.064,0.390625,0.6596306068601584,0.38,0.15,0.0,0,V-2023.12-SP4,64,39,25,12.23,4.16,8.06,16.7731,0.7288,0.390625,0.6590351594439902,0.19,0.34,0.0,0,V-2023.12-SP3,V-2023.12-SP4,0.12439999999999998,0.01045,8.138000000000001e-05,0.1349,0.13484999999999997,0.10113749999999998,0.09262000000000001,0.0,0.0,0.09262000000000001,0.01813,0.0034869999999999996,6.411999999999999e-05,0.02169,0.013600000000000001,0.006961,1.727e-05,0.02058,0.0,0.0,0.0,0.0,0.0,0.0,0.0,0.0,0.0,0.0,0.0,0.0,0.0,0.0,0.0,0.0,unvectored,none,2,2026-07-25T03:24:31+00:00
intadd_8_8_16_2_7nm_TT_0V75_25C_1333p33MHz,intadd,a_width=8;b_width=8;out_width=16;pipeline_stages=2,7nm,TT,0.75,25.0,0.75,1333.3333333333333,8,8,16,2,V-2023.12-SP4,64,39,25,12.225024,4.161024,8.064,0.390625,0.6596306068601584,0.38,0.15,0.0,0,V-2023.12-SP4,64,39,25,12.23,4.16,8.06,16.7731,0.7288,0.390625,0.6590351594439902,0.19,0.34,0.0,0,V-2023.12-SP3,V-2023.12-SP4,0.15689999999999998,0.02145,9.445e-05,0.1785,0.17834999999999998,0.13376249999999998,0.09257,0.0,0.0,0.09257,0.04013,0.008733,7.654e-05,0.048940000000000004,0.02422,0.01272,1.791e-05,0.03695,0.0,0.0,0.0,0.0,0.0,0.0,0.0,0.0,0.0,0.0,0.0,0.0,0.0,0.0,0.0,0.0,vectored,random,2,2026-07-25T03:24:38+00:00
intadd_8_8_16_2_7nm_TT_0V75_25C_800MHz,intadd,a_width=8;b_width=8;out_width=16;pipeline_stages=2,7nm,TT,0.75,25.0,1.25,800.0,8,8,16,2,V-2023.12-SP4,64,39,25,12.225024,4.161024,8.064,0.390625,0.6596306068601584,0.02,0.59,0.0,0,V-2023.12-SP4,67,42,25,13.16,5.1,8.06,16.7731,0.7846,0.373134328358209,0.6124620060790273,0.44,0.68,0.0,0,V-2023.12-SP3,V-2023.12-SP4,0.10060000000000001,0.022940000000000002,9.168e-05,0.1237,0.12354000000000001,0.154425,0.08164,0.01664,1.039e-05,0.09829,0.01086,0.002092,6.403e-05,0.01301,0.008138000000000001,0.004208,1.726e-05,0.01236,0.0,0.0,0.0,0.0,0.0,0.0,0.0,0.0,0.0,0.0,0.0,0.0,0.0,0.0,0.0,0.0,unvectored,none,2,2026-07-25T03:24:50+00:00
intadd_8_8_16_2_7nm_TT_0V75_25C_800MHz,intadd,a_width=8;b_width=8;out_width=16;pipeline_stages=2,7nm,TT,0.75,25.0,1.25,800.0,8,8,16,2,V-2023.12-SP4,64,39,25,12.225024,4.161024,8.064,0.390625,0.6596306068601584,0.02,0.59,0.0,0,V-2023.12-SP4,67,42,25,13.16,5.1,8.06,16.7731,0.7846,0.373134328358209,0.6124620060790273,0.44,0.68,0.0,0,V-2023.12-SP3,V-2023.12-SP4,0.1202,0.02964,0.0001053,0.15,0.14984,0.1873,0.08161,0.01664,1.039e-05,0.09826,0.024139999999999998,0.00524,7.696999999999999e-05,0.02945,0.0145,0.007757999999999999,1.791e-05,0.022269999999999998,0.0,0.0,0.0,0.0,0.0,0.0,0.0,0.0,0.0,0.0,0.0,0.0,0.0,0.0,0.0,0.0,vectored,random,2,2026-07-25T03:24:56+00:00
intadd_8_8_16_3_7nm_TT_0V75_25C_1333p33MHz,intadd,a_width=8;b_width=8;out_width=16;pipeline_stages=3,7nm,TT,0.75,25.0,0.75,1333.3333333333333,8,8,16,3,V-2023.12-SP4,94,57,37,17.127936,5.193216,11.93472,0.39361702127659576,0.696798493408663,0.37,0.16,0.0,0,V-2023.12-SP4,94,57,37,17.13,5.19,11.93,23.5953,0.7259,0.39361702127659576,0.6964389959136019,0.19,0.34,0.0,0,V-2023.12-SP3,V-2023.12-SP4,0.1784,0.01375,0.0001167,0.1922,0.19215000000000002,0.1441125,0.13620000000000002,0.0,0.0,0.13620000000000002,0.02602,0.004628,9.458e-05,0.03074,0.01618,0.009122,2.216e-05,0.02533,0.0,0.0,0.0,0.0,0.0,0.0,0.0,0.0,0.0,0.0,0.0,0.0,0.0,0.0,0.0,0.0,unvectored,none,2,2026-07-25T03:24:58+00:00
intadd_8_8_16_3_7nm_TT_0V75_25C_1333p33MHz,intadd,a_width=8;b_width=8;out_width=16;pipeline_stages=3,7nm,TT,0.75,25.0,0.75,1333.3333333333333,8,8,16,3,V-2023.12-SP4,94,57,37,17.127936,5.193216,11.93472,0.39361702127659576,0.696798493408663,0.37,0.16,0.0,0,V-2023.12-SP4,94,57,37,17.13,5.19,11.93,23.5953,0.7259,0.39361702127659576,0.6964389959136019,0.19,0.34,0.0,0,V-2023.12-SP3,V-2023.12-SP4,0.2231,0.02849,0.00013659999999999999,0.2517,0.25159,0.18869249999999999,0.1361,0.0,0.0,0.1361,0.05855,0.01161,0.00011339999999999999,0.07028,0.028419999999999997,0.01687,2.319e-05,0.045309999999999996,0.0,0.0,0.0,0.0,0.0,0.0,0.0,0.0,0.0,0.0,0.0,0.0,0.0,0.0,0.0,0.0,vectored,random,2,2026-07-25T03:25:05+00:00
intadd_8_8_16_5_20nm_TT_0V9_25C_1000MHz,intadd,a_width=8;b_width=8;out_width=16;pipeline_stages=5,20nm,TT,0.9,25.0,1.0,1000.0,8,8,16,5,V-2023.12-SP4,166,99,67,197.788799,56.2848,141.503999,0.4036144578313253,0.7154297903391383,0.76,0.0,0.0,0,V-2023.12-SP4,177,110,67,204.86,63.36,141.5,281.6352,0.7274,0.3785310734463277,0.6907156106609391,0.36,0.41,0.0,0,V-2023.12-SP3,V-2023.12-SP4,0.5691999999999999,0.0776,0.00018470000000000002,0.647,0.6467999999999999,0.6467999999999999,0.4559,0.04413,1.7990000000000002e-05,0.5,0.07200000000000001,0.00989,0.0001017,0.08199000000000001,0.04133,0.02358,6.499e-05,0.06497,0.0,0.0,0.0,0.0,0.0,0.0,0.0,0.0,0.0,0.0,0.0,0.0,0.0,0.0,0.0,0.0,unvectored,none,2,2026-07-25T03:25:20+00:00
intadd_8_8_16_3_10nm_TT_0V8_25C_800MHz,intadd,a_width=8;b_width=8;out_width=16;pipeline_stages=3,10nm,TT,0.8,25.0,1.25,800.0,8,8,16,3,V-2023.12-SP4,94,57,37,32.624641,9.89184,22.732801,0.39361702127659576,0.6967985027022979,0.47,0.56,0.0,0,V-2023.12-SP4,96,59,37,34.28,11.55,22.73,44.3904,0.7723,0.3854166666666667,0.6630688448074679,0.45,0.68,0.0,0,V-2023.12-SP3,V-2023.12-SP4,0.18000000000000002,0.02995,9.483e-05,0.21000000000000002,0.20995000000000003,0.26243750000000005,0.14730000000000001,0.019729999999999998,1.236e-05,0.16699999999999998,0.01983,0.003568,5.4189999999999994e-05,0.023450000000000002,0.012870000000000001,0.006651000000000001,2.8290000000000002e-05,0.01955,0.0,0.0,0.0,0.0,0.0,0.0,0.0,0.0,0.0,0.0,0.0,0.0,0.0,0.0,0.0,0.0,unvectored,none,2,2026-07-25T03:25:23+00:00
intadd_8_8_16_3_16nm_TT_0V85_25C_800MHz,intadd,a_width=8;b_width=8;out_width=16;pipeline_stages=3,16nm,TT,0.85,25.0,1.25,800.0,8,8,16,3,V-2023.12-SP4,94,57,37,66.064899,20.030976,46.033922,0.39361702127659576,0.6967984920403798,0.79,0.22,0.0,0,V-2023.12-SP4,97,60,37,69.74,22.71,47.03,88.5842,0.7872,0.38144329896907214,0.6743619156868369,0.46,0.63,0.0,0,V-2023.12-SP3,V-2023.12-SP4,0.2128,0.03944,0.00020669999999999998,0.2525,0.25224,0.3153,0.1679,0.02726,9.297000000000001e-06,0.1951,0.028249999999999997,0.004035,0.000168,0.03245,0.016739999999999998,0.008141,2.939e-05,0.02491,0.0,0.0,0.0,0.0,0.0,0.0,0.0,0.0,0.0,0.0,0.0,0.0,0.0,0.0,0.0,0.0,unvectored,none,2,2026-07-25T03:25:24+00:00
intadd_8_8_16_5_20nm_TT_0V9_25C_1000MHz,intadd,a_width=8;b_width=8;out_width=16;pipeline_stages=5,20nm,TT,0.9,25.0,1.0,1000.0,8,8,16,5,V-2023.12-SP4,166,99,67,197.788799,56.2848,141.503999,0.4036144578313253,0.7154297903391383,0.76,0.0,0.0,0,V-2023.12-SP4,177,110,67,204.86,63.36,141.5,281.6352,0.7274,0.3785310734463277,0.6907156106609391,0.36,0.41,0.0,0,V-2023.12-SP3,V-2023.12-SP4,0.6870999999999999,0.09992000000000001,0.0002131,0.7872,0.7870199999999999,0.7870199999999999,0.4568,0.04413,1.7990000000000002e-05,0.501,0.16349999999999998,0.02491,0.0001225,0.1886,0.06674000000000001,0.03088,7.258e-05,0.09769,0.0,0.0,0.0,0.0,0.0,0.0,0.0,0.0,0.0,0.0,0.0,0.0,0.0,0.0,0.0,0.0,vectored,random,2,2026-07-25T03:25:26+00:00
intadd_8_8_16_3_10nm_TT_0V8_25C_800MHz,intadd,a_width=8;b_width=8;out_width=16;pipeline_stages=3,10nm,TT,0.8,25.0,1.25,800.0,8,8,16,3,V-2023.12-SP4,94,57,37,32.624641,9.89184,22.732801,0.39361702127659576,0.6967985027022979,0.47,0.56,0.0,0,V-2023.12-SP4,96,59,37,34.28,11.55,22.73,44.3904,0.7723,0.3854166666666667,0.6630688448074679,0.45,0.68,0.0,0,V-2023.12-SP3,V-2023.12-SP4,0.2141,0.04085,0.0001015,0.255,0.25495,0.3186875,0.1472,0.019729999999999998,1.236e-05,0.1669,0.04482,0.008955,5.8740000000000003e-05,0.05384,0.02206,0.01217,3.0419999999999997e-05,0.03426,0.0,0.0,0.0,0.0,0.0,0.0,0.0,0.0,0.0,0.0,0.0,0.0,0.0,0.0,0.0,0.0,vectored,random,2,2026-07-25T03:25:30+00:00
intadd_8_8_16_3_16nm_TT_0V85_25C_800MHz,intadd,a_width=8;b_width=8;out_width=16;pipeline_stages=3,16nm,TT,0.85,25.0,1.25,800.0,8,8,16,3,V-2023.12-SP4,94,57,37,66.064899,20.030976,46.033922,0.39361702127659576,0.6967984920403798,0.79,0.22,0.0,0,V-2023.12-SP4,97,60,37,69.74,22.71,47.03,88.5842,0.7872,0.38144329896907214,0.6743619156868369,0.46,0.63,0.0,0,V-2023.12-SP3,V-2023.12-SP4,0.261,0.05224,0.0001833,0.3135,0.31324,0.39155,0.1681,0.02726,9.297000000000001e-06,0.19540000000000002,0.06401000000000001,0.01013,0.0001412,0.07427,0.02895,0.01485,3.282e-05,0.04383,0.0,0.0,0.0,0.0,0.0,0.0,0.0,0.0,0.0,0.0,0.0,0.0,0.0,0.0,0.0,0.0,vectored,random,2,2026-07-25T03:25:31+00:00
intadd_8_8_16_5_16nm_TT_0V85_25C_1333p33MHz,intadd,a_width=8;b_width=8;out_width=16;pipeline_stages=5,16nm,TT,0.85,25.0,0.75,1333.3333333333333,8,8,16,5,V-2023.12-SP4,166,99,67,116.515588,33.156865,83.358724,0.4036144578313253,0.7154298015472402,0.51,0.01,0.0,0,V-2023.12-SP4,169,102,67,117.32,32.35,84.98,162.8605,0.7204,0.39644970414201186,0.7243436754176612,0.21,0.31,0.0,0,V-2023.12-SP3,V-2023.12-SP4,0.5508000000000001,0.038729999999999994,0.0003638,0.5899,0.5895300000000001,0.4421475000000001,0.4248,0.0,0.0,0.4248,0.08251,0.01175,0.0003114,0.09457,0.04355,0.02697,5.244e-05,0.07058,0.0,0.0,0.0,0.0,0.0,0.0,0.0,0.0,0.0,0.0,0.0,0.0,0.0,0.0,0.0,0.0,unvectored,none,2,2026-07-25T03:25:49+00:00
intadd_8_8_16_5_10nm_TT_0V8_25C_1333p33MHz,intadd,a_width=8;b_width=8;out_width=16;pipeline_stages=5,10nm,TT,0.8,25.0,0.75,1333.3333333333333,8,8,16,5,V-2023.12-SP4,169,98,71,62.146562,18.52416,43.622402,0.42011834319526625,0.701927839548067,0.36,0.17,0.0,0,V-2023.12-SP4,182,111,71,64.24,20.61,43.62,86.2618,0.7447,0.3901098901098901,0.6790161892901619,0.2,0.36,0.0,0,V-2023.12-SP3,V-2023.12-SP4,0.5069,0.09674999999999999,0.0001806,0.6038,0.60365,0.4527375,0.40709999999999996,0.06142,2.035e-05,0.4685,0.0614,0.01132,0.00010400000000000001,0.07282,0.03842,0.02401,5.617e-05,0.06248,0.0,0.0,0.0,0.0,0.0,0.0,0.0,0.0,0.0,0.0,0.0,0.0,0.0,0.0,0.0,0.0,unvectored,none,2,2026-07-25T03:25:53+00:00
intadd_8_8_16_5_16nm_TT_0V85_25C_1333p33MHz,intadd,a_width=8;b_width=8;out_width=16;pipeline_stages=5,16nm,TT,0.85,25.0,0.75,1333.3333333333333,8,8,16,5,V-2023.12-SP4,166,99,67,116.515588,33.156865,83.358724,0.4036144578313253,0.7154298015472402,0.51,0.01,0.0,0,V-2023.12-SP4,169,102,67,117.32,32.35,84.98,162.8605,0.7204,0.39644970414201186,0.7243436754176612,0.21,0.31,0.0,0,V-2023.12-SP3,V-2023.12-SP4,0.6861,0.06561,0.0003189,0.7521,0.7517100000000001,0.5637825000000001,0.4255,0.0,0.0,0.4255,0.18789999999999998,0.0296,0.0002604,0.21780000000000002,0.07274,0.03601,5.851e-05,0.10880000000000001,0.0,0.0,0.0,0.0,0.0,0.0,0.0,0.0,0.0,0.0,0.0,0.0,0.0,0.0,0.0,0.0,vectored,random,2,2026-07-25T03:25:56+00:00
intadd_8_8_16_5_20nm_TT_0V9_25C_666p667MHz,intadd,a_width=8;b_width=8;out_width=16;pipeline_stages=5,20nm,TT,0.9,25.0,1.5,666.6666666666666,8,8,16,5,V-2023.12-SP4,169,98,71,213.628799,63.6768,149.951999,0.42011834319526625,0.7019278285602308,0.91,0.35,0.0,0,V-2023.12-SP4,180,109,71,217.64,67.69,149.95,292.7232,0.7435,0.39444444444444443,0.6889818048152913,0.6,0.66,0.0,0,V-2023.12-SP3,V-2023.12-SP4,0.384,0.03302,0.05172,0.4688,0.41702,0.62553,0.3029,0.009028999999999999,0.05155,0.3634,0.050769999999999996,0.007606,0.0001075,0.058480000000000004,0.0304,0.016390000000000002,7.181e-05,0.04685,0.0,0.0,0.0,0.0,0.0,0.0,0.0,0.0,0.0,0.0,0.0,0.0,0.0,0.0,0.0,0.0,unvectored,none,2,2026-07-25T03:25:56+00:00
intadd_8_8_16_5_10nm_TT_0V8_25C_1333p33MHz,intadd,a_width=8;b_width=8;out_width=16;pipeline_stages=5,10nm,TT,0.8,25.0,0.75,1333.3333333333333,8,8,16,5,V-2023.12-SP4,169,98,71,62.146562,18.52416,43.622402,0.42011834319526625,0.701927839548067,0.36,0.17,0.0,0,V-2023.12-SP4,182,111,71,64.24,20.61,43.62,86.2618,0.7447,0.3901098901098901,0.6790161892901619,0.2,0.36,0.0,0,V-2023.12-SP3,V-2023.12-SP4,0.6128,0.1237,0.00019219999999999998,0.7368,0.7365,0.5523750000000001,0.40690000000000004,0.06142,2.035e-05,0.4683,0.1404,0.028540000000000003,0.0001121,0.1691,0.06553,0.033769999999999994,5.972e-05,0.09936,0.0,0.0,0.0,0.0,0.0,0.0,0.0,0.0,0.0,0.0,0.0,0.0,0.0,0.0,0.0,0.0,vectored,random,2,2026-07-25T03:25:59+00:00
intadd_8_8_16_5_10nm_TT_0V8_25C_800MHz,intadd,a_width=8;b_width=8;out_width=16;pipeline_stages=5,10nm,TT,0.8,25.0,1.25,800.0,8,8,16,5,V-2023.12-SP4,169,98,71,62.146562,18.52416,43.622402,0.42011834319526625,0.701927839548067,0.02,0.59,0.0,0,V-2023.12-SP4,182,111,71,62.52,18.89,43.62,86.2618,0.7247,0.3901098901098901,0.6976967370441458,0.45,0.67,0.0,0,V-2023.12-SP3,V-2023.12-SP4,0.3067,0.05935,0.0001675,0.3662,0.36605,0.4575625,0.24669999999999997,0.03817,7.27e-06,0.2849,0.03695,0.006771,0.00010400000000000001,0.04383,0.02302,0.01441,5.617e-05,0.03749,0.0,0.0,0.0,0.0,0.0,0.0,0.0,0.0,0.0,0.0,0.0,0.0,0.0,0.0,0.0,0.0,unvectored,none,2,2026-07-25T03:26:01+00:00
intadd_8_8_16_5_20nm_TT_0V9_25C_666p667MHz,intadd,a_width=8;b_width=8;out_width=16;pipeline_stages=5,20nm,TT,0.9,25.0,1.5,666.6666666666666,8,8,16,5,V-2023.12-SP4,169,98,71,213.628799,63.6768,149.951999,0.42011834319526625,0.7019278285602308,0.91,0.35,0.0,0,V-2023.12-SP4,180,109,71,217.64,67.69,149.95,292.7232,0.7435,0.39444444444444443,0.6889818048152913,0.6,0.66,0.0,0,V-2023.12-SP3,V-2023.12-SP4,0.47100000000000003,0.0507,0.05175,0.5735,0.5217,0.7825500000000001,0.3036,0.009028999999999999,0.05155,0.3642,0.1158,0.01918,0.0001297,0.1351,0.05162,0.02249,7.978e-05,0.07419,0.0,0.0,0.0,0.0,0.0,0.0,0.0,0.0,0.0,0.0,0.0,0.0,0.0,0.0,0.0,0.0,vectored,random,2,2026-07-25T03:26:03+00:00
intadd_8_8_16_3_5nm_TT_0V7_25C_800MHz,intadd,a_width=8;b_width=8;out_width=16;pipeline_stages=3,5nm,TT,0.7,25.0,1.25,800.0,8,8,16,3,V-2023.12-SP4,94,57,37,9.1728,2.9568,6.216,0.39361702127659576,0.6776556776556777,0.02,0.59,0.0,0,V-2023.12-SP4,97,60,37,10.03,3.81,6.22,12.7008,0.7897,0.38144329896907214,0.6201395812562314,0.44,0.69,0.0,0,V-2023.12-SP3,V-2023.12-SP4,0.1394,0.03074,0.0001066,0.1702,0.17013999999999999,0.21267499999999998,0.1152,0.022359999999999998,1.77e-05,0.1376,0.01449,0.0027700000000000003,6.809e-05,0.017329999999999998,0.009676,0.005614999999999999,2.0850000000000002e-05,0.01531,0.0,0.0,0.0,0.0,0.0,0.0,0.0,0.0,0.0,0.0,0.0,0.0,0.0,0.0,0.0,0.0,unvectored,none,2,2026-07-25T03:26:04+00:00
intadd_8_8_16_5_10nm_TT_0V8_25C_800MHz,intadd,a_width=8;b_width=8;out_width=16;pipeline_stages=5,10nm,TT,0.8,25.0,1.25,800.0,8,8,16,5,V-2023.12-SP4,169,98,71,62.146562,18.52416,43.622402,0.42011834319526625,0.701927839548067,0.02,0.59,0.0,0,V-2023.12-SP4,182,111,71,62.52,18.89,43.62,86.2618,0.7247,0.3901098901098901,0.6976967370441458,0.45,0.67,0.0,0,V-2023.12-SP3,V-2023.12-SP4,0.3708,0.07543,0.0001804,0.4464,0.44623,0.5577875,0.24649999999999997,0.03817,7.27e-06,0.2847,0.08516,0.017070000000000002,0.00011339999999999999,0.1023,0.039060000000000004,0.020190000000000003,5.972e-05,0.05931,0.0,0.0,0.0,0.0,0.0,0.0,0.0,0.0,0.0,0.0,0.0,0.0,0.0,0.0,0.0,0.0,vectored,random,2,2026-07-25T03:26:07+00:00
intadd_12_12_12_2_20nm_TT_0V9_25C_1000MHz,intadd,a_width=12;b_width=12;out_width=12;pipeline_stages=2,20nm,TT,0.9,25.0,1.0,1000.0,12,12,12,2,V-2023.12-SP4,153,117,36,120.806399,44.7744,76.032,0.23529411764705882,0.6293706345803751,0.67,0.1,0.0,0,V-2023.12-SP4,153,117,36,126.09,50.05,76.03,167.2704,0.7538,0.23529411764705882,0.6029819969862796,0.36,0.41,0.0,0,V-2023.12-SP3,V-2023.12-SP4,0.3264,0.04343,0.05166,0.4215,0.36983000000000005,0.36983000000000005,0.2569,0.018009999999999998,0.05155,0.3265,0.041060000000000006,0.004153,5.456e-05,0.04527,0.02849,0.02126,5.456e-05,0.0498,0.0,0.0,0.0,0.0,0.0,0.0,0.0,0.0,0.0,0.0,0.0,0.0,0.0,0.0,0.0,0.0,unvectored,none,2,2026-07-25T03:26:08+00:00
intadd_8_8_16_5_16nm_TT_0V85_25C_800MHz,intadd,a_width=8;b_width=8;out_width=16;pipeline_stages=5,16nm,TT,0.85,25.0,1.25,800.0,8,8,16,5,V-2023.12-SP4,169,98,71,125.846789,37.511425,88.335364,0.42011834319526625,0.7019278338520023,0.61,0.41,0.0,0,V-2023.12-SP4,188,117,71,138.1,47.9,90.2,177.4172,0.7784,0.3776595744680851,0.6531498913830558,0.46,0.64,0.0,0,V-2023.12-SP3,V-2023.12-SP4,0.4664,0.09251,0.1289,0.6878,0.55891,0.6986375,0.38420000000000004,0.06717,0.1285,0.5798,0.052719999999999996,0.008025000000000001,0.000324,0.06107,0.02955,0.01731,5.842e-05,0.04691,0.0,0.0,0.0,0.0,0.0,0.0,0.0,0.0,0.0,0.0,0.0,0.0,0.0,0.0,0.0,0.0,unvectored,none,2,2026-07-25T03:26:11+00:00
intadd_8_8_16_3_5nm_TT_0V7_25C_800MHz,intadd,a_width=8;b_width=8;out_width=16;pipeline_stages=3,5nm,TT,0.7,25.0,1.25,800.0,8,8,16,3,V-2023.12-SP4,94,57,37,9.1728,2.9568,6.216,0.39361702127659576,0.6776556776556777,0.02,0.59,0.0,0,V-2023.12-SP4,97,60,37,10.03,3.81,6.22,12.7008,0.7897,0.38144329896907214,0.6201395812562314,0.44,0.69,0.0,0,V-2023.12-SP3,V-2023.12-SP4,0.1643,0.0396,0.00010190000000000001,0.204,0.2039,0.254875,0.1157,0.022359999999999998,1.77e-05,0.13799999999999998,0.0324,0.006954,6.155e-05,0.03942,0.01621,0.01028,2.265e-05,0.026520000000000002,0.0,0.0,0.0,0.0,0.0,0.0,0.0,0.0,0.0,0.0,0.0,0.0,0.0,0.0,0.0,0.0,vectored,random,2,2026-07-25T03:26:11+00:00
intadd_12_12_12_2_20nm_TT_0V9_25C_1000MHz,intadd,a_width=12;b_width=12;out_width=12;pipeline_stages=2,20nm,TT,0.9,25.0,1.0,1000.0,12,12,12,2,V-2023.12-SP4,153,117,36,120.806399,44.7744,76.032,0.23529411764705882,0.6293706345803751,0.67,0.1,0.0,0,V-2023.12-SP4,153,117,36,126.09,50.05,76.03,167.2704,0.7538,0.23529411764705882,0.6029819969862796,0.36,0.41,0.0,0,V-2023.12-SP3,V-2023.12-SP4,0.4007,0.06935000000000001,0.05167,0.5217,0.47005,0.47005,0.2575,0.018009999999999998,0.05155,0.3271,0.09055,0.01038,6.544999999999999e-05,0.101,0.05255,0.04096,5.851e-05,0.09358,0.0,0.0,0.0,0.0,0.0,0.0,0.0,0.0,0.0,0.0,0.0,0.0,0.0,0.0,0.0,0.0,vectored,random,2,2026-07-25T03:26:14+00:00
intadd_8_8_16_5_16nm_TT_0V85_25C_800MHz,intadd,a_width=8;b_width=8;out_width=16;pipeline_stages=5,16nm,TT,0.85,25.0,1.25,800.0,8,8,16,5,V-2023.12-SP4,169,98,71,125.846789,37.511425,88.335364,0.42011834319526625,0.7019278338520023,0.61,0.41,0.0,0,V-2023.12-SP4,188,117,71,138.1,47.9,90.2,177.4172,0.7784,0.3776595744680851,0.6531498913830558,0.46,0.64,0.0,0,V-2023.12-SP3,V-2023.12-SP4,0.5549,0.1115,0.1288,0.7952,0.6664,0.833,0.3846,0.06717,0.1285,0.5802999999999999,0.1206,0.02024,0.0002722,0.14109999999999998,0.0496,0.02409,6.467e-05,0.07375999999999999,0.0,0.0,0.0,0.0,0.0,0.0,0.0,0.0,0.0,0.0,0.0,0.0,0.0,0.0,0.0,0.0,vectored,random,2,2026-07-25T03:26:17+00:00
intadd_8_8_16_5_5nm_TT_0V7_25C_1333p33MHz,intadd,a_width=8;b_width=8;out_width=16;pipeline_stages=5,5nm,TT,0.7,25.0,0.75,1333.3333333333333,8,8,16,5,V-2023.12-SP4,169,98,71,17.5392,5.6112,11.928,0.42011834319526625,0.6800766283524904,0.27,0.27,0.0,0,V-2023.12-SP4,171,100,71,17.58,5.65,11.93,24.36,0.7217,0.4152046783625731,0.6786120591581343,0.19,0.34,0.0,0,V-2023.12-SP3,V-2023.12-SP4,0.2986,0.02879,0.0001717,0.3275,0.32738999999999996,0.24554249999999997,0.2257,0.0,0.0,0.2257,0.0448,0.009497,0.0001308,0.054419999999999996,0.028079999999999997,0.0193,4.093e-05,0.04741,0.0,0.0,0.0,0.0,0.0,0.0,0.0,0.0,0.0,0.0,0.0,0.0,0.0,0.0,0.0,0.0,unvectored,none,2,2026-07-25T03:26:19+00:00
intadd_8_8_16_5_5nm_TT_0V7_25C_800MHz,intadd,a_width=8;b_width=8;out_width=16;pipeline_stages=5,5nm,TT,0.7,25.0,1.25,800.0,8,8,16,5,V-2023.12-SP4,169,98,71,17.5392,5.6112,11.928,0.42011834319526625,0.6800766283524904,0.02,0.59,0.0,0,V-2023.12-SP4,175,104,71,18.14,6.21,11.93,24.36,0.7445,0.4057142857142857,0.6576626240352811,0.44,0.68,0.0,0,V-2023.12-SP3,V-2023.12-SP4,0.2079,0.05533,0.0001829,0.2634,0.26323,0.32903750000000004,0.1641,0.03764,1.073e-05,0.2018,0.0268,0.00575,0.0001308,0.03268,0.01696,0.01194,4.135e-05,0.02894,0.0,0.0,0.0,0.0,0.0,0.0,0.0,0.0,0.0,0.0,0.0,0.0,0.0,0.0,0.0,0.0,unvectored,none,2,2026-07-25T03:26:23+00:00
intadd_8_8_16_5_5nm_TT_0V7_25C_1333p33MHz,intadd,a_width=8;b_width=8;out_width=16;pipeline_stages=5,5nm,TT,0.7,25.0,0.75,1333.3333333333333,8,8,16,5,V-2023.12-SP4,169,98,71,17.5392,5.6112,11.928,0.42011834319526625,0.6800766283524904,0.27,0.27,0.0,0,V-2023.12-SP4,171,100,71,17.58,5.65,11.93,24.36,0.7217,0.4152046783625731,0.6786120591581343,0.19,0.34,0.0,0,V-2023.12-SP3,V-2023.12-SP4,0.37520000000000003,0.04999,0.0001629,0.4253,0.42519,0.3188925,0.2271,0.0,0.0,0.2271,0.101,0.023960000000000002,0.0001188,0.12510000000000002,0.04706,0.02603,4.4139999999999994e-05,0.07314,0.0,0.0,0.0,0.0,0.0,0.0,0.0,0.0,0.0,0.0,0.0,0.0,0.0,0.0,0.0,0.0,vectored,random,2,2026-07-25T03:26:25+00:00
intadd_8_8_16_5_5nm_TT_0V7_25C_800MHz,intadd,a_width=8;b_width=8;out_width=16;pipeline_stages=5,5nm,TT,0.7,25.0,1.25,800.0,8,8,16,5,V-2023.12-SP4,169,98,71,17.5392,5.6112,11.928,0.42011834319526625,0.6800766283524904,0.02,0.59,0.0,0,V-2023.12-SP4,175,104,71,18.14,6.21,11.93,24.36,0.7445,0.4057142857142857,0.6576626240352811,0.44,0.68,0.0,0,V-2023.12-SP3,V-2023.12-SP4,0.2549,0.0678,0.0001726,0.3228,0.3227,0.403375,0.165,0.03764,1.074e-05,0.2026,0.061110000000000005,0.01451,0.00011740000000000001,0.07574,0.02878,0.015639999999999998,4.4449999999999996e-05,0.04447,0.0,0.0,0.0,0.0,0.0,0.0,0.0,0.0,0.0,0.0,0.0,0.0,0.0,0.0,0.0,0.0,vectored,random,2,2026-07-25T03:26:29+00:00
intadd_8_8_16_3_7nm_TT_0V75_25C_800MHz,intadd,a_width=8;b_width=8;out_width=16;pipeline_stages=3,7nm,TT,0.75,25.0,1.25,800.0,8,8,16,3,V-2023.12-SP4,94,57,37,17.127936,5.193216,11.93472,0.39361702127659576,0.696798493408663,0.02,0.59,0.0,0,V-2023.12-SP4,98,61,37,18.35,6.42,11.93,23.5953,0.7779,0.37755102040816324,0.6501362397820163,0.44,0.7,0.0,0,V-2023.12-SP3,V-2023.12-SP4,0.1438,0.03083,0.00013,0.1747,0.17463,0.21828750000000002,0.1185,0.02241,1.328e-05,0.1409,0.01562,0.002803,9.458e-05,0.018510000000000002,0.009713,0.005616,2.216e-05,0.01535,0.0,0.0,0.0,0.0,0.0,0.0,0.0,0.0,0.0,0.0,0.0,0.0,0.0,0.0,0.0,0.0,unvectored,none,2,2026-07-25T03:26:49+00:00
intadd_8_8_16_3_7nm_TT_0V75_25C_800MHz,intadd,a_width=8;b_width=8;out_width=16;pipeline_stages=3,7nm,TT,0.75,25.0,1.25,800.0,8,8,16,3,V-2023.12-SP4,94,57,37,17.127936,5.193216,11.93472,0.39361702127659576,0.696798493408663,0.02,0.59,0.0,0,V-2023.12-SP4,98,61,37,18.35,6.42,11.93,23.5953,0.7779,0.37755102040816324,0.6501362397820163,0.44,0.7,0.0,0,V-2023.12-SP3,V-2023.12-SP4,0.1706,0.03976,0.0001505,0.2106,0.21036,0.26295,0.1184,0.02241,1.328e-05,0.1409,0.035179999999999996,0.007036,0.000114,0.04233,0.01703,0.01031,2.319e-05,0.027370000000000002,0.0,0.0,0.0,0.0,0.0,0.0,0.0,0.0,0.0,0.0,0.0,0.0,0.0,0.0,0.0,0.0,vectored,random,2,2026-07-25T03:26:56+00:00
intadd_8_8_16_5_7nm_TT_0V75_25C_1333p33MHz,intadd,a_width=8;b_width=8;out_width=16;pipeline_stages=5,7nm,TT,0.75,25.0,0.75,1333.3333333333333,8,8,16,5,V-2023.12-SP4,169,98,71,32.626945,9.725184,22.901761,0.42011834319526625,0.7019278390912788,0.28,0.26,0.0,0,V-2023.12-SP4,181,110,71,33.88,10.98,22.9,46.1583,0.7341,0.39226519337016574,0.6759149940968122,0.19,0.36,0.0,0,V-2023.12-SP3,V-2023.12-SP4,0.40650000000000003,0.07799,0.0002443,0.4847,0.48449000000000003,0.3633675,0.33,0.048850000000000005,1.848e-05,0.3789,0.0484,0.008967000000000001,0.0001818,0.057550000000000004,0.02807,0.020169999999999997,4.403e-05,0.048279999999999997,0.0,0.0,0.0,0.0,0.0,0.0,0.0,0.0,0.0,0.0,0.0,0.0,0.0,0.0,0.0,0.0,unvectored,none,2,2026-07-25T03:27:13+00:00
intadd_8_8_16_5_7nm_TT_0V75_25C_1333p33MHz,intadd,a_width=8;b_width=8;out_width=16;pipeline_stages=5,7nm,TT,0.75,25.0,0.75,1333.3333333333333,8,8,16,5,V-2023.12-SP4,169,98,71,32.626945,9.725184,22.901761,0.42011834319526625,0.7019278390912788,0.28,0.26,0.0,0,V-2023.12-SP4,181,110,71,33.88,10.98,22.9,46.1583,0.7341,0.39226519337016574,0.6759149940968122,0.19,0.36,0.0,0,V-2023.12-SP3,V-2023.12-SP4,0.48950000000000005,0.1,0.00028169999999999996,0.5898,0.5895,0.442125,0.32989999999999997,0.048850000000000005,1.848e-05,0.37879999999999997,0.1103,0.022609999999999998,0.0002177,0.1331,0.04929,0.028560000000000002,4.5459999999999995e-05,0.0779,0.0,0.0,0.0,0.0,0.0,0.0,0.0,0.0,0.0,0.0,0.0,0.0,0.0,0.0,0.0,0.0,vectored,random,2,2026-07-25T03:27:19+00:00
intadd_8_8_16_5_7nm_TT_0V75_25C_800MHz,intadd,a_width=8;b_width=8;out_width=16;pipeline_stages=5,7nm,TT,0.75,25.0,1.25,800.0,8,8,16,5,V-2023.12-SP4,169,98,71,32.626945,9.725184,22.901761,0.42011834319526625,0.7019278390912788,0.02,0.59,0.0,0,V-2023.12-SP4,184,113,71,33.38,10.48,22.9,46.1583,0.7233,0.3858695652173913,0.6860395446375074,0.44,0.7,0.0,0,V-2023.12-SP3,V-2023.12-SP4,0.24230000000000002,0.049839999999999995,0.0002377,0.2924,0.29214,0.365175,0.1964,0.03239,1.1910000000000001e-05,0.2288,0.029070000000000002,0.0053750000000000004,0.0001818,0.03462,0.01684,0.012079999999999999,4.403e-05,0.02896,0.0,0.0,0.0,0.0,0.0,0.0,0.0,0.0,0.0,0.0,0.0,0.0,0.0,0.0,0.0,0.0,unvectored,none,2,2026-07-25T03:27:23+00:00
intadd_8_8_16_5_7nm_TT_0V75_25C_800MHz,intadd,a_width=8;b_width=8;out_width=16;pipeline_stages=5,7nm,TT,0.75,25.0,1.25,800.0,8,8,16,5,V-2023.12-SP4,169,98,71,32.626945,9.725184,22.901761,0.42011834319526625,0.7019278390912788,0.02,0.59,0.0,0,V-2023.12-SP4,184,113,71,33.38,10.48,22.9,46.1583,0.7233,0.3858695652173913,0.6860395446375074,0.44,0.7,0.0,0,V-2023.12-SP3,V-2023.12-SP4,0.2926,0.06294000000000001,0.0002768,0.3559,0.35554,0.444425,0.1963,0.03239,1.1910000000000001e-05,0.22870000000000001,0.06668,0.013550000000000001,0.0002194,0.08046,0.02961,0.017,4.5470000000000003e-05,0.046650000000000004,0.0,0.0,0.0,0.0,0.0,0.0,0.0,0.0,0.0,0.0,0.0,0.0,0.0,0.0,0.0,0.0,vectored,random,2,2026-07-25T03:27:30+00:00
intadd_12_12_12_2_20nm_TT_0V9_25C_571p429MHz,intadd,a_width=12;b_width=12;out_width=12;pipeline_stages=2,20nm,TT,0.9,25.0,1.75,571.4285714285714,12,12,12,2,V-2023.12-SP4,140,104,36,117.004799,40.9728,76.032,0.2571428571428571,0.6498195001386224,1.11,0.4,0.0,0,V-2023.12-SP4,137,101,36,116.27,40.23,76.03,163.8912,0.7094,0.26277372262773724,0.6539090049023825,0.73,0.78,0.0,0,V-2023.12-SP3,V-2023.12-SP4,0.15990000000000001,0.01306,0.0001056,0.1731,0.17296,0.30268,0.1206,0.0,0.0,0.1206,0.02344,0.002385,5.4539999999999996e-05,0.02588,0.01582,0.010679999999999999,5.1049999999999994e-05,0.02655,0.0,0.0,0.0,0.0,0.0,0.0,0.0,0.0,0.0,0.0,0.0,0.0,0.0,0.0,0.0,0.0,unvectored,none,2,2026-07-25T03:27:32+00:00
intadd_12_12_12_2_10nm_TT_0V8_25C_1333p33MHz,intadd,a_width=12;b_width=12;out_width=12;pipeline_stages=2,10nm,TT,0.8,25.0,0.75,1333.3333333333333,12,12,12,2,V-2023.12-SP4,140,104,36,34.037761,11.91936,22.118401,0.2571428571428571,0.649819504872838,0.44,0.09,0.0,0,V-2023.12-SP4,137,101,36,33.82,11.7,22.12,48.1075,0.7031,0.26277372262773724,0.6540508574807806,0.2,0.34,0.0,0,V-2023.12-SP3,V-2023.12-SP4,0.2252,0.02186,9.274e-05,0.2472,0.24706,0.185295,0.1685,0.0,0.0,0.1685,0.033139999999999996,0.003925,5.275e-05,0.03712,0.023649999999999997,0.01794,3.999e-05,0.04163,0.0,0.0,0.0,0.0,0.0,0.0,0.0,0.0,0.0,0.0,0.0,0.0,0.0,0.0,0.0,0.0,unvectored,none,2,2026-07-25T03:27:37+00:00
intadd_12_12_12_2_20nm_TT_0V9_25C_571p429MHz,intadd,a_width=12;b_width=12;out_width=12;pipeline_stages=2,20nm,TT,0.9,25.0,1.75,571.4285714285714,12,12,12,2,V-2023.12-SP4,140,104,36,117.004799,40.9728,76.032,0.2571428571428571,0.6498195001386224,1.11,0.4,0.0,0,V-2023.12-SP4,137,101,36,116.27,40.23,76.03,163.8912,0.7094,0.26277372262773724,0.6539090049023825,0.73,0.78,0.0,0,V-2023.12-SP3,V-2023.12-SP4,0.1973,0.02384,0.0001205,0.22130000000000002,0.22114,0.386995,0.1212,0.0,0.0,0.1212,0.05028,0.005956,6.556e-05,0.05631,0.0258,0.01788,5.495e-05,0.043730000000000005,0.0,0.0,0.0,0.0,0.0,0.0,0.0,0.0,0.0,0.0,0.0,0.0,0.0,0.0,0.0,0.0,vectored,random,2,2026-07-25T03:27:39+00:00
intadd_12_12_12_2_10nm_TT_0V8_25C_1333p33MHz,intadd,a_width=12;b_width=12;out_width=12;pipeline_stages=2,10nm,TT,0.8,25.0,0.75,1333.3333333333333,12,12,12,2,V-2023.12-SP4,140,104,36,34.037761,11.91936,22.118401,0.2571428571428571,0.649819504872838,0.44,0.09,0.0,0,V-2023.12-SP4,137,101,36,33.82,11.7,22.12,48.1075,0.7031,0.26277372262773724,0.6540508574807806,0.2,0.34,0.0,0,V-2023.12-SP3,V-2023.12-SP4,0.2778,0.04283,9.853999999999999e-05,0.3207,0.32062999999999997,0.24047249999999998,0.1683,0.0,0.0,0.1683,0.07155,0.009805,5.6750000000000004e-05,0.08141,0.03792,0.03302,4.179e-05,0.07098,0.0,0.0,0.0,0.0,0.0,0.0,0.0,0.0,0.0,0.0,0.0,0.0,0.0,0.0,0.0,0.0,vectored,random,2,2026-07-25T03:27:43+00:00
intadd_12_12_12_2_16nm_TT_0V85_25C_666p667MHz,intadd,a_width=12;b_width=12;out_width=12;pipeline_stages=2,16nm,TT,0.85,25.0,1.5,666.6666666666666,12,12,12,2,V-2023.12-SP4,90,54,36,68.242179,23.452417,44.789762,0.4,0.6563354608005704,1.06,0.2,0.0,0,V-2023.12-SP4,95,59,36,71.1,24.82,46.28,96.2358,0.7388,0.37894736842105264,0.6509142053445851,0.59,0.74,0.0,0,V-2023.12-SP3,V-2023.12-SP4,0.16870000000000002,0.031,0.0001798,0.1999,0.19970000000000002,0.29955000000000004,0.12689999999999999,0.019729999999999998,3.906e-06,0.1467,0.024329999999999997,0.003689,0.0001426,0.02816,0.017419999999999998,0.007588999999999999,3.325e-05,0.02505,0.0,0.0,0.0,0.0,0.0,0.0,0.0,0.0,0.0,0.0,0.0,0.0,0.0,0.0,0.0,0.0,unvectored,none,2,2026-07-25T03:28:02+00:00
intadd_12_12_12_2_10nm_TT_0V8_25C_800MHz,intadd,a_width=12;b_width=12;out_width=12;pipeline_stages=2,10nm,TT,0.8,25.0,1.25,800.0,12,12,12,2,V-2023.12-SP4,90,54,36,33.699841,11.58144,22.118401,0.4,0.6563354705442082,0.63,0.4,0.0,0,V-2023.12-SP4,92,56,36,35.36,13.24,22.12,47.5546,0.7435,0.391304347826087,0.6255656108597285,0.45,0.68,0.0,0,V-2023.12-SP3,V-2023.12-SP4,0.1795,0.03071,9.737e-05,0.2103,0.21021,0.2627625,0.1435,0.01929,1.236e-05,0.1628,0.01994,0.003874,5.275e-05,0.02386,0.016079999999999997,0.0075390000000000006,3.226e-05,0.023649999999999997,0.0,0.0,0.0,0.0,0.0,0.0,0.0,0.0,0.0,0.0,0.0,0.0,0.0,0.0,0.0,0.0,unvectored,none,2,2026-07-25T03:28:04+00:00
intadd_12_12_12_2_16nm_TT_0V85_25C_666p667MHz,intadd,a_width=12;b_width=12;out_width=12;pipeline_stages=2,16nm,TT,0.85,25.0,1.5,666.6666666666666,12,12,12,2,V-2023.12-SP4,90,54,36,68.242179,23.452417,44.789762,0.4,0.6563354608005704,1.06,0.2,0.0,0,V-2023.12-SP4,95,59,36,71.1,24.82,46.28,96.2358,0.7388,0.37894736842105264,0.6509142053445851,0.59,0.74,0.0,0,V-2023.12-SP3,V-2023.12-SP4,0.2115,0.04261,0.0001648,0.2543,0.25411,0.381165,0.1271,0.019729999999999998,3.906e-06,0.14679999999999999,0.05427,0.009209,0.00012429999999999999,0.0636,0.030170000000000002,0.01368,3.6599999999999995e-05,0.04388,0.0,0.0,0.0,0.0,0.0,0.0,0.0,0.0,0.0,0.0,0.0,0.0,0.0,0.0,0.0,0.0,vectored,random,2,2026-07-25T03:28:08+00:00
intadd_12_12_12_2_10nm_TT_0V8_25C_800MHz,intadd,a_width=12;b_width=12;out_width=12;pipeline_stages=2,10nm,TT,0.8,25.0,1.25,800.0,12,12,12,2,V-2023.12-SP4,90,54,36,33.699841,11.58144,22.118401,0.4,0.6563354705442082,0.63,0.4,0.0,0,V-2023.12-SP4,92,56,36,35.36,13.24,22.12,47.5546,0.7435,0.391304347826087,0.6255656108597285,0.45,0.68,0.0,0,V-2023.12-SP3,V-2023.12-SP4,0.2161,0.04279,0.0001041,0.259,0.25889,0.3236125,0.1434,0.01929,1.236e-05,0.1627,0.044539999999999996,0.009668,5.745e-05,0.054259999999999996,0.02812,0.013819999999999999,3.427e-05,0.04198,0.0,0.0,0.0,0.0,0.0,0.0,0.0,0.0,0.0,0.0,0.0,0.0,0.0,0.0,0.0,0.0,vectored,random,2,2026-07-25T03:28:10+00:00
intadd_12_12_12_3_10nm_TT_0V8_25C_1333p33MHz,intadd,a_width=12;b_width=12;out_width=12;pipeline_stages=3,10nm,TT,0.8,25.0,0.75,1333.3333333333333,12,12,12,3,V-2023.12-SP4,128,73,55,47.708162,13.91616,33.792002,0.4296875,0.7083065157697753,0.38,0.15,0.0,0,V-2023.12-SP4,130,75,55,47.86,14.07,33.79,66.4474,0.7203,0.4230769230769231,0.7060175511909736,0.2,0.34,0.0,0,V-2023.12-SP3,V-2023.12-SP4,0.3404,0.027,0.00012279999999999998,0.3675,0.3674,0.27555,0.2585,0.0,0.0,0.2585,0.04881,0.008227,8.056e-05,0.05711,0.033030000000000004,0.018770000000000002,4.227e-05,0.05184,0.0,0.0,0.0,0.0,0.0,0.0,0.0,0.0,0.0,0.0,0.0,0.0,0.0,0.0,0.0,0.0,unvectored,none,2,2026-07-25T03:28:13+00:00
intadd_12_12_12_2_5nm_TT_0V7_25C_1333p33MHz,intadd,a_width=12;b_width=12;out_width=12;pipeline_stages=2,5nm,TT,0.7,25.0,0.75,1333.3333333333333,12,12,12,2,V-2023.12-SP4,90,54,36,9.492,3.444,6.048,0.4,0.6371681415929203,0.47,0.06,0.0,0,V-2023.12-SP4,90,54,36,9.49,3.44,6.05,12.8772,0.7371,0.4,0.6375131717597471,0.19,0.34,0.0,0,V-2023.12-SP3,V-2023.12-SP4,0.1583,0.01511,9.005000000000001e-05,0.1735,0.17341,0.1300575,0.1142,0.0,0.0,0.1142,0.02429,0.004938,6.63e-05,0.02929,0.01979,0.010169999999999998,2.376e-05,0.02998,0.0,0.0,0.0,0.0,0.0,0.0,0.0,0.0,0.0,0.0,0.0,0.0,0.0,0.0,0.0,0.0,unvectored,none,2,2026-07-25T03:28:17+00:00
intadd_12_12_12_3_10nm_TT_0V8_25C_1333p33MHz,intadd,a_width=12;b_width=12;out_width=12;pipeline_stages=3,10nm,TT,0.8,25.0,0.75,1333.3333333333333,12,12,12,3,V-2023.12-SP4,128,73,55,47.708162,13.91616,33.792002,0.4296875,0.7083065157697753,0.38,0.15,0.0,0,V-2023.12-SP4,130,75,55,47.86,14.07,33.79,66.4474,0.7203,0.4230769230769231,0.7060175511909736,0.2,0.34,0.0,0,V-2023.12-SP3,V-2023.12-SP4,0.4198,0.04509,0.00013199999999999998,0.46509999999999996,0.46489,0.3486675,0.2583,0.0,0.0,0.2583,0.1082,0.020530000000000003,8.680999999999999e-05,0.1289,0.05332,0.02455,4.518e-05,0.07791000000000001,0.0,0.0,0.0,0.0,0.0,0.0,0.0,0.0,0.0,0.0,0.0,0.0,0.0,0.0,0.0,0.0,vectored,random,2,2026-07-25T03:28:19+00:00
intadd_12_12_12_3_20nm_TT_0V9_25C_666p667MHz,intadd,a_width=12;b_width=12;out_width=12;pipeline_stages=3,20nm,TT,0.9,25.0,1.5,666.6666666666666,12,12,12,3,V-2023.12-SP4,128,73,55,163.996799,47.8368,116.159999,0.4296875,0.7083065017628789,0.96,0.3,0.0,0,V-2023.12-SP4,130,75,55,170.12,53.96,116.16,230.736,0.7373,0.4230769230769231,0.6828121326122737,0.61,0.66,0.0,0,V-2023.12-SP3,V-2023.12-SP4,0.30889999999999995,0.02881,0.05168,0.38939999999999997,0.33770999999999995,0.5065649999999999,0.242,0.01037,0.05155,0.3039,0.04031,0.005327999999999999,8.329999999999999e-05,0.045720000000000004,0.02663,0.01311,5.2619999999999994e-05,0.039799999999999995,0.0,0.0,0.0,0.0,0.0,0.0,0.0,0.0,0.0,0.0,0.0,0.0,0.0,0.0,0.0,0.0,unvectored,none,2,2026-07-25T03:28:21+00:00
intadd_12_12_12_2_5nm_TT_0V7_25C_1333p33MHz,intadd,a_width=12;b_width=12;out_width=12;pipeline_stages=2,5nm,TT,0.7,25.0,0.75,1333.3333333333333,12,12,12,2,V-2023.12-SP4,90,54,36,9.492,3.444,6.048,0.4,0.6371681415929203,0.47,0.06,0.0,0,V-2023.12-SP4,90,54,36,9.49,3.44,6.05,12.8772,0.7371,0.4,0.6375131717597471,0.19,0.34,0.0,0,V-2023.12-SP3,V-2023.12-SP4,0.2017,0.03073,8.578000000000001e-05,0.2326,0.23243,0.1743225,0.1149,0.0,0.0,0.1149,0.05314,0.01233,6.03e-05,0.06553,0.03372,0.018410000000000003,2.548e-05,0.05215,0.0,0.0,0.0,0.0,0.0,0.0,0.0,0.0,0.0,0.0,0.0,0.0,0.0,0.0,0.0,0.0,vectored,random,2,2026-07-25T03:28:24+00:00
intadd_12_12_12_3_20nm_TT_0V9_25C_666p667MHz,intadd,a_width=12;b_width=12;out_width=12;pipeline_stages=3,20nm,TT,0.9,25.0,1.5,666.6666666666666,12,12,12,3,V-2023.12-SP4,128,73,55,163.996799,47.8368,116.159999,0.4296875,0.7083065017628789,0.96,0.3,0.0,0,V-2023.12-SP4,130,75,55,170.12,53.96,116.16,230.736,0.7373,0.4230769230769231,0.6828121326122737,0.61,0.66,0.0,0,V-2023.12-SP3,V-2023.12-SP4,0.3746,0.04133,0.0517,0.4677,0.41592999999999997,0.623895,0.24259999999999998,0.01037,0.05155,0.3045,0.08981,0.0133,0.0001003,0.1032,0.04221,0.01766,5.8910000000000003e-05,0.05993,0.0,0.0,0.0,0.0,0.0,0.0,0.0,0.0,0.0,0.0,0.0,0.0,0.0,0.0,0.0,0.0,vectored,random,2,2026-07-25T03:28:28+00:00
intadd_12_12_12_3_16nm_TT_0V85_25C_1333p33MHz,intadd,a_width=12;b_width=12;out_width=12;pipeline_stages=3,16nm,TT,0.85,25.0,0.75,1333.3333333333333,12,12,12,3,V-2023.12-SP4,177,122,55,97.1689,28.740096,68.428803,0.3107344632768362,0.7042253539970094,0.52,0.0,0.0,0,V-2023.12-SP4,178,123,55,100.59,30.67,69.92,135.6134,0.7417,0.3089887640449438,0.6950989163932797,0.21,0.3,0.0,0,V-2023.12-SP3,V-2023.12-SP4,0.4885,0.0356,0.0003086,0.5244,0.5241,0.393075,0.37879999999999997,0.0011090000000000002,5.876e-06,0.3799,0.07013,0.007071,0.00024900000000000004,0.07745,0.03956,0.02742,5.3710000000000006e-05,0.06703,0.0,0.0,0.0,0.0,0.0,0.0,0.0,0.0,0.0,0.0,0.0,0.0,0.0,0.0,0.0,0.0,unvectored,none,2,2026-07-25T03:28:28+00:00
intadd_12_12_12_2_5nm_TT_0V7_25C_800MHz,intadd,a_width=12;b_width=12;out_width=12;pipeline_stages=2,5nm,TT,0.7,25.0,1.25,800.0,12,12,12,2,V-2023.12-SP4,90,54,36,9.492,3.444,6.048,0.4,0.6371681415929203,0.47,0.56,0.0,0,V-2023.12-SP4,93,57,36,10.0,3.95,6.05,12.8772,0.7763,0.3870967741935484,0.605,0.44,0.69,0.0,0,V-2023.12-SP3,V-2023.12-SP4,0.12229999999999999,0.03111,0.0001003,0.1535,0.15341,0.1917625,0.09587999999999999,0.022010000000000002,1.019e-05,0.1179,0.014539999999999999,0.002992,6.63e-05,0.0176,0.01184,0.006115,2.376e-05,0.01797,0.0,0.0,0.0,0.0,0.0,0.0,0.0,0.0,0.0,0.0,0.0,0.0,0.0,0.0,0.0,0.0,unvectored,none,2,2026-07-25T03:28:33+00:00
intadd_12_12_12_3_16nm_TT_0V85_25C_1333p33MHz,intadd,a_width=12;b_width=12;out_width=12;pipeline_stages=3,16nm,TT,0.85,25.0,0.75,1333.3333333333333,12,12,12,3,V-2023.12-SP4,177,122,55,97.1689,28.740096,68.428803,0.3107344632768362,0.7042253539970094,0.52,0.0,0.0,0,V-2023.12-SP4,178,123,55,100.59,30.67,69.92,135.6134,0.7417,0.3089887640449438,0.6950989163932797,0.21,0.3,0.0,0,V-2023.12-SP3,V-2023.12-SP4,0.5997,0.061329999999999996,0.0002743,0.6613,0.66103,0.4957725,0.38,0.0011090000000000002,5.876e-06,0.3811,0.1549,0.01766,0.0002101,0.1728,0.06478,0.04256,5.835e-05,0.1074,0.0,0.0,0.0,0.0,0.0,0.0,0.0,0.0,0.0,0.0,0.0,0.0,0.0,0.0,0.0,0.0,vectored,random,2,2026-07-25T03:28:34+00:00
intadd_12_12_12_3_5nm_TT_0V7_25C_1333p33MHz,intadd,a_width=12;b_width=12;out_width=12;pipeline_stages=3,5nm,TT,0.7,25.0,0.75,1333.3333333333333,12,12,12,3,V-2023.12-SP4,128,73,55,13.482,4.242,9.24,0.4296875,0.6853582554517135,0.3,0.23,0.0,0,V-2023.12-SP4,129,74,55,13.52,4.28,9.24,19.0008,0.7113,0.4263565891472868,0.6834319526627219,0.19,0.35,0.0,0,V-2023.12-SP3,V-2023.12-SP4,0.2343,0.0219,0.0001325,0.2563,0.2562,0.19215,0.1744,0.0,0.0,0.1744,0.03573,0.006366,0.0001013,0.0422,0.024159999999999997,0.01554,3.117e-05,0.03973,0.0,0.0,0.0,0.0,0.0,0.0,0.0,0.0,0.0,0.0,0.0,0.0,0.0,0.0,0.0,0.0,unvectored,none,2,2026-07-25T03:28:38+00:00
intadd_12_12_12_2_5nm_TT_0V7_25C_800MHz,intadd,a_width=12;b_width=12;out_width=12;pipeline_stages=2,5nm,TT,0.7,25.0,1.25,800.0,12,12,12,2,V-2023.12-SP4,90,54,36,9.492,3.444,6.048,0.4,0.6371681415929203,0.47,0.56,0.0,0,V-2023.12-SP4,93,57,36,10.0,3.95,6.05,12.8772,0.7763,0.3870967741935484,0.605,0.44,0.69,0.0,0,V-2023.12-SP3,V-2023.12-SP4,0.14909999999999998,0.04079,9.524e-05,0.19,0.18988999999999998,0.23736249999999998,0.09631,0.022010000000000002,1.019e-05,0.1183,0.03226,0.007468000000000001,5.9569999999999994e-05,0.03979,0.02052,0.01132,2.548e-05,0.031869999999999996,0.0,0.0,0.0,0.0,0.0,0.0,0.0,0.0,0.0,0.0,0.0,0.0,0.0,0.0,0.0,0.0,vectored,random,2,2026-07-25T03:28:39+00:00
intadd_12_12_12_3_5nm_TT_0V7_25C_1333p33MHz,intadd,a_width=12;b_width=12;out_width=12;pipeline_stages=3,5nm,TT,0.7,25.0,0.75,1333.3333333333333,12,12,12,3,V-2023.12-SP4,128,73,55,13.482,4.242,9.24,0.4296875,0.6853582554517135,0.3,0.23,0.0,0,V-2023.12-SP4,129,74,55,13.52,4.28,9.24,19.0008,0.7113,0.4263565891472868,0.6834319526627219,0.19,0.35,0.0,0,V-2023.12-SP3,V-2023.12-SP4,0.2926,0.036340000000000004,0.0001257,0.3291,0.32894,0.246705,0.1754,0.0,0.0,0.1754,0.07854,0.015889999999999998,9.21e-05,0.09451999999999999,0.03866,0.02045,3.362e-05,0.05914,0.0,0.0,0.0,0.0,0.0,0.0,0.0,0.0,0.0,0.0,0.0,0.0,0.0,0.0,0.0,0.0,vectored,random,2,2026-07-25T03:28:45+00:00
intadd_12_12_12_3_16nm_TT_0V85_25C_800MHz,intadd,a_width=12;b_width=12;out_width=12;pipeline_stages=3,16nm,TT,0.85,25.0,1.25,800.0,12,12,12,3,V-2023.12-SP4,128,73,55,96.609028,28.180225,68.428803,0.4296875,0.70830650526781,0.66,0.36,0.0,0,V-2023.12-SP4,137,82,55,115.46,44.91,70.54,134.3693,0.8593,0.40145985401459855,0.6109475142906635,0.46,0.6,0.0,0,V-2023.12-SP3,V-2023.12-SP4,0.44,0.08617,0.3214,0.8476,0.52617,0.6577125,0.3715,0.06594,0.3211,0.7586,0.042929999999999996,0.005729,0.0002245,0.04889,0.025570000000000002,0.0145,4.381e-05,0.04011,0.0,0.0,0.0,0.0,0.0,0.0,0.0,0.0,0.0,0.0,0.0,0.0,0.0,0.0,0.0,0.0,unvectored,none,2,2026-07-25T03:29:05+00:00
intadd_12_12_12_2_7nm_TT_0V75_25C_1333p33MHz,intadd,a_width=12;b_width=12;out_width=12;pipeline_stages=2,7nm,TT,0.75,25.0,0.75,1333.3333333333333,12,12,12,2,V-2023.12-SP4,90,54,36,17.692416,6.080256,11.61216,0.4,0.6563354603463992,0.49,0.04,0.0,0,V-2023.12-SP4,90,54,36,17.69,6.08,11.61,23.9017,0.7402,0.4,0.656302996042962,0.19,0.34,0.0,0,V-2023.12-SP3,V-2023.12-SP4,0.1786,0.01531,0.0001175,0.1941,0.19391,0.1454325,0.1324,0.0,0.0,0.1324,0.02617,0.005036,9.214000000000001e-05,0.03129,0.02012,0.01028,2.541e-05,0.03043,0.0,0.0,0.0,0.0,0.0,0.0,0.0,0.0,0.0,0.0,0.0,0.0,0.0,0.0,0.0,0.0,unvectored,none,2,2026-07-25T03:29:07+00:00
intadd_12_12_12_3_16nm_TT_0V85_25C_800MHz,intadd,a_width=12;b_width=12;out_width=12;pipeline_stages=3,16nm,TT,0.85,25.0,1.25,800.0,12,12,12,3,V-2023.12-SP4,128,73,55,96.609028,28.180225,68.428803,0.4296875,0.70830650526781,0.66,0.36,0.0,0,V-2023.12-SP4,137,82,55,115.46,44.91,70.54,134.3693,0.8593,0.40145985401459855,0.6109475142906635,0.46,0.6,0.0,0,V-2023.12-SP3,V-2023.12-SP4,0.5094000000000001,0.09887,0.3214,0.9296000000000001,0.6082700000000001,0.7603375000000001,0.37179999999999996,0.06594,0.3211,0.7588999999999999,0.09616,0.01431,0.00019360000000000002,0.11069999999999999,0.04142,0.01862,4.887e-05,0.06008,0.0,0.0,0.0,0.0,0.0,0.0,0.0,0.0,0.0,0.0,0.0,0.0,0.0,0.0,0.0,0.0,vectored,random,2,2026-07-25T03:29:11+00:00
intadd_12_12_12_2_7nm_TT_0V75_25C_1333p33MHz,intadd,a_width=12;b_width=12;out_width=12;pipeline_stages=2,7nm,TT,0.75,25.0,0.75,1333.3333333333333,12,12,12,2,V-2023.12-SP4,90,54,36,17.692416,6.080256,11.61216,0.4,0.6563354603463992,0.49,0.04,0.0,0,V-2023.12-SP4,90,54,36,17.69,6.08,11.61,23.9017,0.7402,0.4,0.656302996042962,0.19,0.34,0.0,0,V-2023.12-SP3,V-2023.12-SP4,0.2256,0.03124,0.0001365,0.257,0.25684,0.19263000000000002,0.1323,0.0,0.0,0.1323,0.05763,0.01257,0.0001102,0.07031,0.03574,0.01867,2.6309999999999997e-05,0.05443,0.0,0.0,0.0,0.0,0.0,0.0,0.0,0.0,0.0,0.0,0.0,0.0,0.0,0.0,0.0,0.0,vectored,random,2,2026-07-25T03:29:13+00:00
intadd_12_12_12_2_7nm_TT_0V75_25C_800MHz,intadd,a_width=12;b_width=12;out_width=12;pipeline_stages=2,7nm,TT,0.75,25.0,1.25,800.0,12,12,12,2,V-2023.12-SP4,90,54,36,17.692416,6.080256,11.61216,0.4,0.6563354603463992,0.49,0.54,0.0,0,V-2023.12-SP4,93,57,36,18.63,7.02,11.61,23.9017,0.7794,0.3870967741935484,0.6231884057971014,0.44,0.69,0.0,0,V-2023.12-SP3,V-2023.12-SP4,0.13799999999999998,0.03056,0.0001279,0.16870000000000002,0.16856,0.2107,0.11019999999999999,0.02138,1.039e-05,0.1316,0.015710000000000002,0.003025,9.214000000000001e-05,0.01882,0.012079999999999999,0.006158,2.541e-05,0.018260000000000002,0.0,0.0,0.0,0.0,0.0,0.0,0.0,0.0,0.0,0.0,0.0,0.0,0.0,0.0,0.0,0.0,unvectored,none,2,2026-07-25T03:29:33+00:00
intadd_12_12_12_2_7nm_TT_0V75_25C_800MHz,intadd,a_width=12;b_width=12;out_width=12;pipeline_stages=2,7nm,TT,0.75,25.0,1.25,800.0,12,12,12,2,V-2023.12-SP4,90,54,36,17.692416,6.080256,11.61216,0.4,0.6563354603463992,0.49,0.54,0.0,0,V-2023.12-SP4,93,57,36,18.63,7.02,11.61,23.9017,0.7794,0.3870967741935484,0.6231884057971014,0.44,0.69,0.0,0,V-2023.12-SP3,V-2023.12-SP4,0.1666,0.04019,0.00014749999999999998,0.2069,0.20679,0.2584875,0.11019999999999999,0.02138,1.039e-05,0.1316,0.034820000000000004,0.007551,0.0001108,0.04248,0.02159,0.01127,2.632e-05,0.032889999999999996,0.0,0.0,0.0,0.0,0.0,0.0,0.0,0.0,0.0,0.0,0.0,0.0,0.0,0.0,0.0,0.0,vectored,random,2,2026-07-25T03:29:40+00:00
intadd_12_12_12_5_20nm_TT_0V9_25C_1000MHz,intadd,a_width=12;b_width=12;out_width=12;pipeline_stages=5,20nm,TT,0.9,25.0,1.0,1000.0,12,12,12,5,V-2023.12-SP4,210,117,93,260.726399,64.3104,196.415999,0.44285714285714284,0.7533414328328141,0.66,0.1,0.0,0,V-2023.12-SP4,214,121,93,268.01,71.6,196.42,370.0224,0.7243,0.43457943925233644,0.7328831013768142,0.36,0.41,0.0,0,V-2023.12-SP3,V-2023.12-SP4,0.7352,0.057890000000000004,0.05176,0.8449,0.79309,0.79309,0.5812,0.01687,0.05155,0.6496,0.09994,0.01158,0.000141,0.11170000000000001,0.05407,0.02944,7.823e-05,0.08359,0.0,0.0,0.0,0.0,0.0,0.0,0.0,0.0,0.0,0.0,0.0,0.0,0.0,0.0,0.0,0.0,unvectored,none,2,2026-07-25T03:29:40+00:00
intadd_12_12_12_3_7nm_TT_0V75_25C_1333p33MHz,intadd,a_width=12;b_width=12;out_width=12;pipeline_stages=3,7nm,TT,0.75,25.0,0.75,1333.3333333333333,12,12,12,3,V-2023.12-SP4,128,73,55,25.046785,7.305984,17.740801,0.4296875,0.7083065151874782,0.3,0.23,0.0,0,V-2023.12-SP4,130,75,55,25.13,7.39,17.74,34.4978,0.7284,0.4230769230769231,0.7059291683247114,0.19,0.34,0.0,0,V-2023.12-SP3,V-2023.12-SP4,0.2657,0.02245,0.0001741,0.2883,0.28815,0.2161125,0.20249999999999999,0.0,0.0,0.20249999999999999,0.03853,0.006451,0.0001406,0.04512,0.02467,0.016,3.341e-05,0.04071,0.0,0.0,0.0,0.0,0.0,0.0,0.0,0.0,0.0,0.0,0.0,0.0,0.0,0.0,0.0,0.0,unvectored,none,2,2026-07-25T03:29:43+00:00
intadd_12_12_12_5_20nm_TT_0V9_25C_1000MHz,intadd,a_width=12;b_width=12;out_width=12;pipeline_stages=5,20nm,TT,0.9,25.0,1.0,1000.0,12,12,12,5,V-2023.12-SP4,210,117,93,260.726399,64.3104,196.415999,0.44285714285714284,0.7533414328328141,0.66,0.1,0.0,0,V-2023.12-SP4,214,121,93,268.01,71.6,196.42,370.0224,0.7243,0.43457943925233644,0.7328831013768142,0.36,0.41,0.0,0,V-2023.12-SP3,V-2023.12-SP4,0.8873000000000001,0.07983,0.0518,1.019,0.96713,0.96713,0.5821999999999999,0.01687,0.05155,0.6506,0.22369999999999998,0.02897,0.00016999999999999999,0.2529,0.08143,0.03399,8.88e-05,0.1155,0.0,0.0,0.0,0.0,0.0,0.0,0.0,0.0,0.0,0.0,0.0,0.0,0.0,0.0,0.0,0.0,vectored,random,2,2026-07-25T03:29:47+00:00
intadd_12_12_12_5_20nm_TT_0V9_25C_666p667MHz,intadd,a_width=12;b_width=12;out_width=12;pipeline_stages=5,20nm,TT,0.9,25.0,1.5,666.6666666666666,12,12,12,5,V-2023.12-SP4,210,117,93,260.726399,64.3104,196.415999,0.44285714285714284,0.7533414328328141,0.66,0.6,0.0,0,V-2023.12-SP4,215,122,93,270.86,74.45,196.42,370.0224,0.732,0.4325581395348837,0.7251716754042679,0.61,0.66,0.0,0,V-2023.12-SP3,V-2023.12-SP4,0.5067999999999999,0.03436,0.051770000000000004,0.5929000000000001,0.5411599999999999,0.8117399999999998,0.4038,0.006582,0.05155,0.462,0.06661,0.007657,0.00014110000000000001,0.07441,0.03633,0.02012,7.853000000000001e-05,0.056530000000000004,0.0,0.0,0.0,0.0,0.0,0.0,0.0,0.0,0.0,0.0,0.0,0.0,0.0,0.0,0.0,0.0,unvectored,none,2,2026-07-25T03:29:48+00:00
intadd_12_12_12_3_7nm_TT_0V75_25C_1333p33MHz,intadd,a_width=12;b_width=12;out_width=12;pipeline_stages=3,7nm,TT,0.75,25.0,0.75,1333.3333333333333,12,12,12,3,V-2023.12-SP4,128,73,55,25.046785,7.305984,17.740801,0.4296875,0.7083065151874782,0.3,0.23,0.0,0,V-2023.12-SP4,130,75,55,25.13,7.39,17.74,34.4978,0.7284,0.4230769230769231,0.7059291683247114,0.19,0.34,0.0,0,V-2023.12-SP3,V-2023.12-SP4,0.3286,0.036789999999999996,0.0002031,0.3656,0.36539,0.27404249999999997,0.2024,0.0,0.0,0.2024,0.0852,0.0161,0.0001685,0.1015,0.041069999999999995,0.020679999999999997,3.467e-05,0.061779999999999995,0.0,0.0,0.0,0.0,0.0,0.0,0.0,0.0,0.0,0.0,0.0,0.0,0.0,0.0,0.0,0.0,vectored,random,2,2026-07-25T03:29:50+00:00
intadd_12_12_12_3_10nm_TT_0V8_25C_800MHz,intadd,a_width=12;b_width=12;out_width=12;pipeline_stages=3,10nm,TT,0.8,25.0,1.25,800.0,12,12,12,3,V-2023.12-SP4,128,73,55,47.708162,13.91616,33.792002,0.4296875,0.7083065157697753,0.02,0.59,0.0,0,V-2023.12-SP4,134,79,55,50.35,16.56,33.79,66.4474,0.7577,0.41044776119402987,0.6711022840119165,0.45,0.69,0.0,0,V-2023.12-SP3,V-2023.12-SP4,0.24879999999999997,0.05428,0.0001407,0.3032,0.30307999999999996,0.37884999999999996,0.1997,0.03782,1.791e-05,0.2375,0.0293,0.004977,8.056e-05,0.03436,0.01982,0.01149,4.227e-05,0.03135,0.0,0.0,0.0,0.0,0.0,0.0,0.0,0.0,0.0,0.0,0.0,0.0,0.0,0.0,0.0,0.0,unvectored,none,2,2026-07-25T03:29:50+00:00
intadd_12_12_12_5_20nm_TT_0V9_25C_666p667MHz,intadd,a_width=12;b_width=12;out_width=12;pipeline_stages=5,20nm,TT,0.9,25.0,1.5,666.6666666666666,12,12,12,5,V-2023.12-SP4,210,117,93,260.726399,64.3104,196.415999,0.44285714285714284,0.7533414328328141,0.66,0.6,0.0,0,V-2023.12-SP4,215,122,93,270.86,74.45,196.42,370.0224,0.732,0.4325581395348837,0.7251716754042679,0.61,0.66,0.0,0,V-2023.12-SP3,V-2023.12-SP4,0.6076,0.04804,0.05181,0.7075,0.65564,0.98346,0.4045,0.006582,0.05155,0.4627,0.14909999999999998,0.01916,0.0001698,0.1684,0.05403,0.0223,8.907e-05,0.07642,0.0,0.0,0.0,0.0,0.0,0.0,0.0,0.0,0.0,0.0,0.0,0.0,0.0,0.0,0.0,0.0,vectored,random,2,2026-07-25T03:29:54+00:00
intadd_12_12_12_3_10nm_TT_0V8_25C_800MHz,intadd,a_width=12;b_width=12;out_width=12;pipeline_stages=3,10nm,TT,0.8,25.0,1.25,800.0,12,12,12,3,V-2023.12-SP4,128,73,55,47.708162,13.91616,33.792002,0.4296875,0.7083065157697753,0.02,0.59,0.0,0,V-2023.12-SP4,134,79,55,50.35,16.56,33.79,66.4474,0.7577,0.41044776119402987,0.6711022840119165,0.45,0.69,0.0,0,V-2023.12-SP3,V-2023.12-SP4,0.2974,0.06546,0.0001509,0.3631,0.36286,0.453575,0.1996,0.03782,1.791e-05,0.2374,0.06565,0.01242,8.779e-05,0.07816,0.032209999999999996,0.01522,4.5190000000000006e-05,0.04747,0.0,0.0,0.0,0.0,0.0,0.0,0.0,0.0,0.0,0.0,0.0,0.0,0.0,0.0,0.0,0.0,vectored,random,2,2026-07-25T03:29:57+00:00
intadd_12_12_12_5_16nm_TT_0V85_25C_1333p33MHz,intadd,a_width=12;b_width=12;out_width=12;pipeline_stages=5,16nm,TT,0.85,25.0,0.75,1333.3333333333333,12,12,12,5,V-2023.12-SP4,210,117,93,153.591558,37.884673,115.706885,0.44285714285714284,0.7533414369037132,0.45,0.07,0.0,0,V-2023.12-SP4,213,120,93,158.94,38.63,120.31,213.0624,0.746,0.43661971830985913,0.7569523090474393,0.21,0.31,0.0,0,V-2023.12-SP3,V-2023.12-SP4,0.7721,0.04887,0.00040340000000000005,0.8212999999999999,0.82097,0.6157275,0.5910000000000001,0.0,0.0,0.5910000000000001,0.1211,0.01329,0.0003391,0.1347,0.060000000000000005,0.035590000000000004,6.437e-05,0.09565,0.0,0.0,0.0,0.0,0.0,0.0,0.0,0.0,0.0,0.0,0.0,0.0,0.0,0.0,0.0,0.0,unvectored,none,2,2026-07-25T03:30:15+00:00
intadd_12_12_12_5_10nm_TT_0V8_25C_1333p33MHz,intadd,a_width=12;b_width=12;out_width=12;pipeline_stages=5,10nm,TT,0.8,25.0,0.75,1333.3333333333333,12,12,12,5,V-2023.12-SP4,212,119,93,75.816963,18.67776,57.139203,0.4386792452830189,0.753646687219587,0.26,0.27,0.0,0,V-2023.12-SP4,215,122,93,76.15,19.02,57.14,107.8272,0.7063,0.4325581395348837,0.7503611293499671,0.2,0.34,0.0,0,V-2023.12-SP3,V-2023.12-SP4,0.5609000000000001,0.040339999999999994,0.00019999999999999998,0.6013999999999999,0.6012400000000001,0.45093000000000005,0.4355,0.0,0.0,0.4355,0.08038,0.01166,0.0001363,0.09216999999999999,0.044950000000000004,0.02868,6.365e-05,0.0737,0.0,0.0,0.0,0.0,0.0,0.0,0.0,0.0,0.0,0.0,0.0,0.0,0.0,0.0,0.0,0.0,unvectored,none,2,2026-07-25T03:30:20+00:00
intadd_12_12_12_5_16nm_TT_0V85_25C_1333p33MHz,intadd,a_width=12;b_width=12;out_width=12;pipeline_stages=5,16nm,TT,0.85,25.0,0.75,1333.3333333333333,12,12,12,5,V-2023.12-SP4,210,117,93,153.591558,37.884673,115.706885,0.44285714285714284,0.7533414369037132,0.45,0.07,0.0,0,V-2023.12-SP4,213,120,93,158.94,38.63,120.31,213.0624,0.746,0.43661971830985913,0.7569523090474393,0.21,0.31,0.0,0,V-2023.12-SP3,V-2023.12-SP4,0.9576,0.07261,0.00037590000000000003,1.031,1.03021,0.7726575,0.5925,0.0,0.0,0.5925,0.2745,0.033229999999999996,0.0003032,0.308,0.09061999999999999,0.03938,7.269e-05,0.1301,0.0,0.0,0.0,0.0,0.0,0.0,0.0,0.0,0.0,0.0,0.0,0.0,0.0,0.0,0.0,0.0,vectored,random,2,2026-07-25T03:30:22+00:00
intadd_12_12_12_5_10nm_TT_0V8_25C_1333p33MHz,intadd,a_width=12;b_width=12;out_width=12;pipeline_stages=5,10nm,TT,0.8,25.0,0.75,1333.3333333333333,12,12,12,5,V-2023.12-SP4,212,119,93,75.816963,18.67776,57.139203,0.4386792452830189,0.753646687219587,0.26,0.27,0.0,0,V-2023.12-SP4,215,122,93,76.15,19.02,57.14,107.8272,0.7063,0.4325581395348837,0.7503611293499671,0.2,0.34,0.0,0,V-2023.12-SP3,V-2023.12-SP4,0.6846000000000001,0.06303,0.0002151,0.7477999999999999,0.7476300000000001,0.5607225000000001,0.43520000000000003,0.0,0.0,0.43520000000000003,0.1802,0.02917,0.0001468,0.2096,0.06916,0.03387,6.829999999999999e-05,0.1031,0.0,0.0,0.0,0.0,0.0,0.0,0.0,0.0,0.0,0.0,0.0,0.0,0.0,0.0,0.0,0.0,vectored,random,2,2026-07-25T03:30:25+00:00
intadd_12_12_12_5_10nm_TT_0V8_25C_800MHz,intadd,a_width=12;b_width=12;out_width=12;pipeline_stages=5,10nm,TT,0.8,25.0,1.25,800.0,12,12,12,5,V-2023.12-SP4,212,119,93,75.816963,18.67776,57.139203,0.4386792452830189,0.753646687219587,0.02,0.59,0.0,0,V-2023.12-SP4,219,126,93,76.89,19.75,57.14,107.8272,0.7131,0.4246575342465753,0.7431395500065028,0.45,0.68,0.0,0,V-2023.12-SP3,V-2023.12-SP4,0.3753,0.07589,0.00020419999999999998,0.4514,0.45119000000000004,0.5639875000000001,0.3,0.0517,4.826e-06,0.35169999999999996,0.048279999999999997,0.006991,0.00013619999999999998,0.05541,0.027059999999999997,0.0172,6.317e-05,0.044329999999999994,0.0,0.0,0.0,0.0,0.0,0.0,0.0,0.0,0.0,0.0,0.0,0.0,0.0,0.0,0.0,0.0,unvectored,none,2,2026-07-25T03:30:27+00:00
intadd_12_12_12_3_5nm_TT_0V7_25C_800MHz,intadd,a_width=12;b_width=12;out_width=12;pipeline_stages=3,5nm,TT,0.7,25.0,1.25,800.0,12,12,12,3,V-2023.12-SP4,128,73,55,13.482,4.242,9.24,0.4296875,0.6853582554517135,0.02,0.59,0.0,0,V-2023.12-SP4,132,77,55,14.02,4.78,9.24,19.0008,0.7378,0.4166666666666667,0.6590584878744651,0.44,0.68,0.0,0,V-2023.12-SP3,V-2023.12-SP4,0.16990000000000002,0.04356,0.0001426,0.2137,0.21346000000000004,0.26682500000000003,0.1339,0.030340000000000002,1.019e-05,0.1643,0.02142,0.0038569999999999998,0.00010120000000000001,0.02538,0.0146,0.009363,3.117e-05,0.024,0.0,0.0,0.0,0.0,0.0,0.0,0.0,0.0,0.0,0.0,0.0,0.0,0.0,0.0,0.0,0.0,unvectored,none,2,2026-07-25T03:30:30+00:00
intadd_12_12_20_2_20nm_TT_0V9_25C_1000MHz,intadd,a_width=12;b_width=12;out_width=20;pipeline_stages=2,20nm,TT,0.9,25.0,1.0,1000.0,12,12,20,2,V-2023.12-SP4,157,120,37,126.086399,47.9424,78.144,0.2356687898089172,0.6197654990527567,0.76,0.0,0.0,0,V-2023.12-SP4,160,123,37,128.52,50.37,78.14,170.6496,0.7531,0.23125,0.6079987550575785,0.36,0.4,0.0,0,V-2023.12-SP3,V-2023.12-SP4,0.3083,0.03952,0.0001198,0.3479,0.34782,0.34782,0.23479999999999998,0.01259,5.214e-06,0.2474,0.0421,0.004625,5.606e-05,0.04678,0.03134,0.0223,5.85e-05,0.05371,0.0,0.0,0.0,0.0,0.0,0.0,0.0,0.0,0.0,0.0,0.0,0.0,0.0,0.0,0.0,0.0,unvectored,none,2,2026-07-25T03:30:34+00:00
intadd_12_12_12_5_10nm_TT_0V8_25C_800MHz,intadd,a_width=12;b_width=12;out_width=12;pipeline_stages=5,10nm,TT,0.8,25.0,1.25,800.0,12,12,12,5,V-2023.12-SP4,212,119,93,75.816963,18.67776,57.139203,0.4386792452830189,0.753646687219587,0.02,0.59,0.0,0,V-2023.12-SP4,219,126,93,76.89,19.75,57.14,107.8272,0.7131,0.4246575342465753,0.7431395500065028,0.45,0.68,0.0,0,V-2023.12-SP3,V-2023.12-SP4,0.4503,0.08938,0.0002208,0.5398999999999999,0.5396799999999999,0.6745999999999999,0.2998,0.0517,4.826e-06,0.3515,0.1091,0.01749,0.000148,0.12669999999999998,0.04143,0.0202,6.788999999999999e-05,0.0617,0.0,0.0,0.0,0.0,0.0,0.0,0.0,0.0,0.0,0.0,0.0,0.0,0.0,0.0,0.0,0.0,vectored,random,2,2026-07-25T03:30:34+00:00
intadd_12_12_12_3_5nm_TT_0V7_25C_800MHz,intadd,a_width=12;b_width=12;out_width=12;pipeline_stages=3,5nm,TT,0.7,25.0,1.25,800.0,12,12,12,3,V-2023.12-SP4,128,73,55,13.482,4.242,9.24,0.4296875,0.6853582554517135,0.02,0.59,0.0,0,V-2023.12-SP4,132,77,55,14.02,4.78,9.24,19.0008,0.7378,0.4166666666666667,0.6590584878744651,0.44,0.68,0.0,0,V-2023.12-SP3,V-2023.12-SP4,0.20579999999999998,0.05258,0.0001348,0.2585,0.25838,0.322975,0.1346,0.030340000000000002,1.02e-05,0.1649,0.04756,0.009629,9.099999999999999e-05,0.05728,0.02367,0.01261,3.361e-05,0.03632,0.0,0.0,0.0,0.0,0.0,0.0,0.0,0.0,0.0,0.0,0.0,0.0,0.0,0.0,0.0,0.0,vectored,random,2,2026-07-25T03:30:37+00:00
intadd_12_12_20_2_20nm_TT_0V9_25C_1000MHz,intadd,a_width=12;b_width=12;out_width=20;pipeline_stages=2,20nm,TT,0.9,25.0,1.0,1000.0,12,12,20,2,V-2023.12-SP4,157,120,37,126.086399,47.9424,78.144,0.2356687898089172,0.6197654990527567,0.76,0.0,0.0,0,V-2023.12-SP4,160,123,37,128.52,50.37,78.14,170.6496,0.7531,0.23125,0.6079987550575785,0.36,0.4,0.0,0,V-2023.12-SP3,V-2023.12-SP4,0.3809,0.06399,0.0001351,0.44499999999999995,0.44489,0.44489,0.23570000000000002,0.01259,5.214e-06,0.24830000000000002,0.09174,0.01153,6.725999999999999e-05,0.1033,0.053470000000000004,0.03986,6.267000000000001e-05,0.09339,0.0,0.0,0.0,0.0,0.0,0.0,0.0,0.0,0.0,0.0,0.0,0.0,0.0,0.0,0.0,0.0,vectored,random,2,2026-07-25T03:30:40+00:00
intadd_12_12_12_5_16nm_TT_0V85_25C_800MHz,intadd,a_width=12;b_width=12;out_width=12;pipeline_stages=5,16nm,TT,0.85,25.0,1.25,800.0,12,12,12,5,V-2023.12-SP4,210,117,93,153.591558,37.884673,115.706885,0.44285714285714284,0.7533414369037132,0.04,0.56,0.0,0,V-2023.12-SP4,222,129,93,173.37,52.94,120.43,213.0624,0.8137,0.4189189189189189,0.6946415181403934,0.47,0.6,0.0,0,V-2023.12-SP3,V-2023.12-SP4,0.6076,0.1115,0.1931,0.9121999999999999,0.7191000000000001,0.8988750000000001,0.4986,0.08154,0.19269999999999998,0.7728,0.07293,0.008164,0.000334,0.08142,0.03607,0.02181,6.437e-05,0.05794,0.0,0.0,0.0,0.0,0.0,0.0,0.0,0.0,0.0,0.0,0.0,0.0,0.0,0.0,0.0,0.0,unvectored,none,2,2026-07-25T03:30:44+00:00
intadd_12_12_12_5_16nm_TT_0V85_25C_800MHz,intadd,a_width=12;b_width=12;out_width=12;pipeline_stages=5,16nm,TT,0.85,25.0,1.25,800.0,12,12,12,5,V-2023.12-SP4,210,117,93,153.591558,37.884673,115.706885,0.44285714285714284,0.7533414369037132,0.04,0.56,0.0,0,V-2023.12-SP4,222,129,93,173.37,52.94,120.43,213.0624,0.8137,0.4189189189189189,0.6946415181403934,0.47,0.6,0.0,0,V-2023.12-SP3,V-2023.12-SP4,0.7186,0.1264,0.1931,1.038,0.845,1.05625,0.49910000000000004,0.08154,0.19269999999999998,0.7733,0.165,0.02041,0.0003,0.1858,0.054459999999999995,0.02442,7.267000000000001e-05,0.07894999999999999,0.0,0.0,0.0,0.0,0.0,0.0,0.0,0.0,0.0,0.0,0.0,0.0,0.0,0.0,0.0,0.0,vectored,random,2,2026-07-25T03:30:49+00:00
intadd_12_12_12_5_5nm_TT_0V7_25C_1333p33MHz,intadd,a_width=12;b_width=12;out_width=12;pipeline_stages=5,5nm,TT,0.7,25.0,0.75,1333.3333333333333,12,12,12,5,V-2023.12-SP4,215,122,93,21.4704,5.8464,15.624,0.4325581395348837,0.7276995305164319,0.2,0.33,0.0,0,V-2023.12-SP4,218,125,93,21.57,5.95,15.62,29.568,0.7295,0.42660550458715596,0.7241539174779786,0.19,0.34,0.0,0,V-2023.12-SP3,V-2023.12-SP4,0.3932,0.03464,0.0002177,0.4281,0.42784,0.32088,0.30219999999999997,0.0,0.0,0.30219999999999997,0.058499999999999996,0.009222000000000001,0.0001712,0.0679,0.032499999999999994,0.02542,4.6530000000000003e-05,0.05796,0.0,0.0,0.0,0.0,0.0,0.0,0.0,0.0,0.0,0.0,0.0,0.0,0.0,0.0,0.0,0.0,unvectored,none,2,2026-07-25T03:30:50+00:00
intadd_12_12_12_5_5nm_TT_0V7_25C_1333p33MHz,intadd,a_width=12;b_width=12;out_width=12;pipeline_stages=5,5nm,TT,0.7,25.0,0.75,1333.3333333333333,12,12,12,5,V-2023.12-SP4,215,122,93,21.4704,5.8464,15.624,0.4325581395348837,0.7276995305164319,0.2,0.33,0.0,0,V-2023.12-SP4,218,125,93,21.57,5.95,15.62,29.568,0.7295,0.42660550458715596,0.7241539174779786,0.19,0.34,0.0,0,V-2023.12-SP3,V-2023.12-SP4,0.48250000000000004,0.05107,0.0002062,0.5337999999999999,0.53357,0.40017749999999996,0.304,0.0,0.0,0.304,0.1298,0.02307,0.0001557,0.153,0.04881,0.02801,5.0530000000000006e-05,0.07687000000000001,0.0,0.0,0.0,0.0,0.0,0.0,0.0,0.0,0.0,0.0,0.0,0.0,0.0,0.0,0.0,0.0,vectored,random,2,2026-07-25T03:30:56+00:00
intadd_12_12_12_5_5nm_TT_0V7_25C_1000MHz,intadd,a_width=12;b_width=12;out_width=12;pipeline_stages=5,5nm,TT,0.7,25.0,1.0,1000.0,12,12,12,5,V-2023.12-SP4,215,122,93,21.4704,5.8464,15.624,0.4325581395348837,0.7276995305164319,0.02,0.47,0.0,0,V-2023.12-SP4,227,134,93,22.5,6.87,15.62,29.568,0.7608,0.40969162995594716,0.6942222222222222,0.32,0.54,0.0,0,V-2023.12-SP3,V-2023.12-SP4,0.34680000000000005,0.08516,0.0002357,0.4322,0.43196000000000007,0.43196000000000007,0.27849999999999997,0.05902,1.8010000000000002e-05,0.3376,0.0439,0.006952,0.0001712,0.05102,0.02436,0.019190000000000002,4.6530000000000003e-05,0.043590000000000004,0.0,0.0,0.0,0.0,0.0,0.0,0.0,0.0,0.0,0.0,0.0,0.0,0.0,0.0,0.0,0.0,unvectored,none,2,2026-07-25T03:30:57+00:00
intadd_12_12_12_5_5nm_TT_0V7_25C_1000MHz,intadd,a_width=12;b_width=12;out_width=12;pipeline_stages=5,5nm,TT,0.7,25.0,1.0,1000.0,12,12,12,5,V-2023.12-SP4,215,122,93,21.4704,5.8464,15.624,0.4325581395348837,0.7276995305164319,0.02,0.47,0.0,0,V-2023.12-SP4,227,134,93,22.5,6.87,15.62,29.568,0.7608,0.40969162995594716,0.6942222222222222,0.32,0.54,0.0,0,V-2023.12-SP3,V-2023.12-SP4,0.41550000000000004,0.09770000000000001,0.000223,0.5135,0.5132000000000001,0.5132000000000001,0.2799,0.05902,1.802e-05,0.3389,0.09822,0.017390000000000003,0.0001545,0.1158,0.03743,0.02129,5.0530000000000006e-05,0.05877,0.0,0.0,0.0,0.0,0.0,0.0,0.0,0.0,0.0,0.0,0.0,0.0,0.0,0.0,0.0,0.0,vectored,random,2,2026-07-25T03:31:03+00:00
intadd_12_12_20_2_16nm_TT_0V85_25C_1000MHz,intadd,a_width=12;b_width=12;out_width=20;pipeline_stages=2,16nm,TT,0.85,25.0,1.0,1000.0,12,12,20,2,V-2023.12-SP4,145,108,37,72.099075,26.065152,46.033922,0.25517241379310346,0.6384814506982233,0.77,0.0,0.0,0,V-2023.12-SP4,148,111,37,79.32,32.66,46.66,98.3508,0.8065,0.25,0.5882501260716086,0.34,0.46,0.0,0,V-2023.12-SP3,V-2023.12-SP4,0.31970000000000004,0.06262,0.1287,0.5109999999999999,0.38232000000000005,0.38232000000000005,0.2594,0.04119,0.1285,0.42910000000000004,0.03564,0.004074,0.0001828,0.03989,0.02463,0.01736,4.473e-05,0.042030000000000005,0.0,0.0,0.0,0.0,0.0,0.0,0.0,0.0,0.0,0.0,0.0,0.0,0.0,0.0,0.0,0.0,unvectored,none,2,2026-07-25T03:31:19+00:00
intadd_12_12_12_3_7nm_TT_0V75_25C_1000MHz,intadd,a_width=12;b_width=12;out_width=12;pipeline_stages=3,7nm,TT,0.75,25.0,1.0,1000.0,12,12,12,3,V-2023.12-SP4,128,73,55,25.046785,7.305984,17.740801,0.4296875,0.7083065151874782,0.02,0.46,0.0,0,V-2023.12-SP4,133,78,55,26.11,8.37,17.74,34.4978,0.7569,0.41353383458646614,0.6794331673688242,0.32,0.55,0.0,0,V-2023.12-SP3,V-2023.12-SP4,0.2392,0.047259999999999996,0.0001848,0.28669999999999995,0.28646,0.28646,0.1918,0.0304,1.076e-05,0.2222,0.028900000000000002,0.004850999999999999,0.0001406,0.03389,0.018510000000000002,0.012,3.341e-05,0.03054,0.0,0.0,0.0,0.0,0.0,0.0,0.0,0.0,0.0,0.0,0.0,0.0,0.0,0.0,0.0,0.0,unvectored,none,2,2026-07-25T03:31:24+00:00
intadd_12_12_20_2_16nm_TT_0V85_25C_1000MHz,intadd,a_width=12;b_width=12;out_width=20;pipeline_stages=2,16nm,TT,0.85,25.0,1.0,1000.0,12,12,20,2,V-2023.12-SP4,145,108,37,72.099075,26.065152,46.033922,0.25517241379310346,0.6384814506982233,0.77,0.0,0.0,0,V-2023.12-SP4,148,111,37,79.32,32.66,46.66,98.3508,0.8065,0.25,0.5882501260716086,0.34,0.46,0.0,0,V-2023.12-SP3,V-2023.12-SP4,0.3794,0.08365,0.1287,0.5917,0.46305,0.46305,0.25970000000000004,0.04119,0.1285,0.42939999999999995,0.07769,0.010159999999999999,0.00015099999999999998,0.088,0.04198,0.0323,4.807e-05,0.07433000000000001,0.0,0.0,0.0,0.0,0.0,0.0,0.0,0.0,0.0,0.0,0.0,0.0,0.0,0.0,0.0,0.0,vectored,random,2,2026-07-25T03:31:25+00:00
intadd_12_12_12_3_7nm_TT_0V75_25C_1000MHz,intadd,a_width=12;b_width=12;out_width=12;pipeline_stages=3,7nm,TT,0.75,25.0,1.0,1000.0,12,12,12,3,V-2023.12-SP4,128,73,55,25.046785,7.305984,17.740801,0.4296875,0.7083065151874782,0.02,0.46,0.0,0,V-2023.12-SP4,133,78,55,26.11,8.37,17.74,34.4978,0.7569,0.41353383458646614,0.6794331673688242,0.32,0.55,0.0,0,V-2023.12-SP3,V-2023.12-SP4,0.2876,0.05822,0.000216,0.3461,0.34582,0.34582,0.1918,0.0304,1.076e-05,0.2222,0.06476,0.01211,0.0001706,0.07704,0.031120000000000002,0.0157,3.467e-05,0.04686,0.0,0.0,0.0,0.0,0.0,0.0,0.0,0.0,0.0,0.0,0.0,0.0,0.0,0.0,0.0,0.0,vectored,random,2,2026-07-25T03:31:30+00:00
intadd_12_12_20_2_20nm_TT_0V9_25C_571p429MHz,intadd,a_width=12;b_width=12;out_width=20;pipeline_stages=2,20nm,TT,0.9,25.0,1.75,571.4285714285714,12,12,20,2,V-2023.12-SP4,140,103,37,121.017599,42.8736,78.144,0.2642857142857143,0.6457242636254914,1.22,0.29,0.0,0,V-2023.12-SP4,141,104,37,128.94,50.79,78.14,167.2704,0.7708,0.2624113475177305,0.606018303086707,0.73,0.81,0.0,0,V-2023.12-SP3,V-2023.12-SP4,0.201,0.03306,0.05166,0.2858,0.23406000000000002,0.40960500000000005,0.16,0.0194,0.05155,0.231,0.024130000000000002,0.00268,5.605e-05,0.026860000000000002,0.01689,0.01098,5.309e-05,0.02793,0.0,0.0,0.0,0.0,0.0,0.0,0.0,0.0,0.0,0.0,0.0,0.0,0.0,0.0,0.0,0.0,unvectored,none,2,2026-07-25T03:31:54+00:00
intadd_12_12_12_5_7nm_TT_0V75_25C_1333p33MHz,intadd,a_width=12;b_width=12;out_width=12;pipeline_stages=5,7nm,TT,0.75,25.0,0.75,1333.3333333333333,12,12,12,5,V-2023.12-SP4,215,122,93,39.836161,9.83808,29.998081,0.4325581395348837,0.7530364434464456,0.2,0.33,0.0,0,V-2023.12-SP4,219,126,93,40.03,10.03,30.0,54.7223,0.7315,0.4246575342465753,0.7494379215588308,0.19,0.34,0.0,0,V-2023.12-SP3,V-2023.12-SP4,0.43820000000000003,0.03456,0.00028789999999999995,0.47300000000000003,0.47276,0.35457,0.3417,0.0,0.0,0.3417,0.06334,0.009235,0.0002378,0.07281,0.03319,0.02533,5.0039999999999995e-05,0.05856,0.0,0.0,0.0,0.0,0.0,0.0,0.0,0.0,0.0,0.0,0.0,0.0,0.0,0.0,0.0,0.0,unvectored,none,2,2026-07-25T03:32:00+00:00
intadd_12_12_20_2_20nm_TT_0V9_25C_571p429MHz,intadd,a_width=12;b_width=12;out_width=20;pipeline_stages=2,20nm,TT,0.9,25.0,1.75,571.4285714285714,12,12,20,2,V-2023.12-SP4,140,103,37,121.017599,42.8736,78.144,0.2642857142857143,0.6457242636254914,1.22,0.29,0.0,0,V-2023.12-SP4,141,104,37,128.94,50.79,78.14,167.2704,0.7708,0.2624113475177305,0.606018303086707,0.73,0.81,0.0,0,V-2023.12-SP3,V-2023.12-SP4,0.24020000000000002,0.04509,0.05168,0.337,0.28529000000000004,0.4992575000000001,0.16019999999999998,0.0194,0.05155,0.2311,0.05215,0.006683000000000001,6.736e-05,0.0589,0.027909999999999997,0.01901,5.722e-05,0.04698,0.0,0.0,0.0,0.0,0.0,0.0,0.0,0.0,0.0,0.0,0.0,0.0,0.0,0.0,0.0,0.0,vectored,random,2,2026-07-25T03:32:01+00:00
intadd_12_12_20_2_10nm_TT_0V8_25C_1333p33MHz,intadd,a_width=12;b_width=12;out_width=20;pipeline_stages=2,10nm,TT,0.8,25.0,0.75,1333.3333333333333,12,12,20,2,V-2023.12-SP4,143,106,37,34.928641,12.19584,22.732801,0.25874125874125875,0.6508355420985317,0.46,0.07,0.0,0,V-2023.12-SP4,141,104,37,34.81,12.07,22.73,48.6605,0.7153,0.2624113475177305,0.6529732835392128,0.19,0.34,0.0,0,V-2023.12-SP3,V-2023.12-SP4,0.2321,0.022600000000000002,9.537e-05,0.2548,0.2547,0.191025,0.1733,0.0,0.0,0.1733,0.034159999999999996,0.004294,5.4300000000000005e-05,0.03851,0.02465,0.0183,4.1070000000000005e-05,0.043000000000000003,0.0,0.0,0.0,0.0,0.0,0.0,0.0,0.0,0.0,0.0,0.0,0.0,0.0,0.0,0.0,0.0,unvectored,none,2,2026-07-25T03:32:02+00:00
intadd_12_12_20_3_20nm_TT_0V9_25C_1000MHz,intadd,a_width=12;b_width=12;out_width=20;pipeline_stages=3,20nm,TT,0.9,25.0,1.0,1000.0,12,12,20,3,V-2023.12-SP4,178,126,52,162.412799,52.5888,109.823999,0.29213483146067415,0.6762028588645899,0.66,0.11,0.0,0,V-2023.12-SP4,180,128,52,173.5,63.68,109.82,230.736,0.7519,0.28888888888888886,0.6329682997118156,0.36,0.4,0.0,0,V-2023.12-SP3,V-2023.12-SP4,0.4817,0.048170000000000004,0.1032,0.6331,0.5298700000000001,0.5298700000000001,0.3871,0.01558,0.1031,0.5058,0.057510000000000006,0.006519,7.876999999999999e-05,0.06411,0.03712,0.02606,6.518000000000001e-05,0.06325,0.0,0.0,0.0,0.0,0.0,0.0,0.0,0.0,0.0,0.0,0.0,0.0,0.0,0.0,0.0,0.0,unvectored,none,2,2026-07-25T03:32:03+00:00
intadd_12_12_12_5_7nm_TT_0V75_25C_1333p33MHz,intadd,a_width=12;b_width=12;out_width=12;pipeline_stages=5,7nm,TT,0.75,25.0,0.75,1333.3333333333333,12,12,12,5,V-2023.12-SP4,215,122,93,39.836161,9.83808,29.998081,0.4325581395348837,0.7530364434464456,0.2,0.33,0.0,0,V-2023.12-SP4,219,126,93,40.03,10.03,30.0,54.7223,0.7315,0.4246575342465753,0.7494379215588308,0.19,0.34,0.0,0,V-2023.12-SP3,V-2023.12-SP4,0.5367,0.05099,0.0003368,0.588,0.5876899999999999,0.4407675,0.3414,0.0,0.0,0.3414,0.1417,0.023110000000000002,0.00028490000000000004,0.1651,0.053529999999999994,0.027889999999999998,5.188e-05,0.08147,0.0,0.0,0.0,0.0,0.0,0.0,0.0,0.0,0.0,0.0,0.0,0.0,0.0,0.0,0.0,0.0,vectored,random,2,2026-07-25T03:32:07+00:00
intadd_12_12_20_2_10nm_TT_0V8_25C_1333p33MHz,intadd,a_width=12;b_width=12;out_width=20;pipeline_stages=2,10nm,TT,0.8,25.0,0.75,1333.3333333333333,12,12,20,2,V-2023.12-SP4,143,106,37,34.928641,12.19584,22.732801,0.25874125874125875,0.6508355420985317,0.46,0.07,0.0,0,V-2023.12-SP4,141,104,37,34.81,12.07,22.73,48.6605,0.7153,0.2624113475177305,0.6529732835392128,0.19,0.34,0.0,0,V-2023.12-SP3,V-2023.12-SP4,0.2861,0.044070000000000005,0.0001014,0.3303,0.33017,0.2476275,0.17320000000000002,0.0,0.0,0.17320000000000002,0.07368,0.01071,5.833e-05,0.08445000000000001,0.0393,0.03336,4.303e-05,0.07271,0.0,0.0,0.0,0.0,0.0,0.0,0.0,0.0,0.0,0.0,0.0,0.0,0.0,0.0,0.0,0.0,vectored,random,2,2026-07-25T03:32:09+00:00
intadd_12_12_20_3_20nm_TT_0V9_25C_1000MHz,intadd,a_width=12;b_width=12;out_width=20;pipeline_stages=3,20nm,TT,0.9,25.0,1.0,1000.0,12,12,20,3,V-2023.12-SP4,178,126,52,162.412799,52.5888,109.823999,0.29213483146067415,0.6762028588645899,0.66,0.11,0.0,0,V-2023.12-SP4,180,128,52,173.5,63.68,109.82,230.736,0.7519,0.28888888888888886,0.6329682997118156,0.36,0.4,0.0,0,V-2023.12-SP3,V-2023.12-SP4,0.5745,0.07083,0.1033,0.7485999999999999,0.64533,0.64533,0.388,0.01558,0.1031,0.5065999999999999,0.1266,0.01626,9.482e-05,0.1429,0.05998,0.03899,7.088e-05,0.09904,0.0,0.0,0.0,0.0,0.0,0.0,0.0,0.0,0.0,0.0,0.0,0.0,0.0,0.0,0.0,0.0,vectored,random,2,2026-07-25T03:32:09+00:00
intadd_12_12_12_5_7nm_TT_0V75_25C_1000MHz,intadd,a_width=12;b_width=12;out_width=12;pipeline_stages=5,7nm,TT,0.75,25.0,1.0,1000.0,12,12,12,5,V-2023.12-SP4,215,122,93,39.836161,9.83808,29.998081,0.4325581395348837,0.7530364434464456,0.02,0.46,0.0,0,V-2023.12-SP4,228,135,93,41.9,11.9,30.0,54.7223,0.7657,0.40789473684210525,0.7159904534606205,0.32,0.55,0.0,0,V-2023.12-SP3,V-2023.12-SP4,0.39239999999999997,0.09000000000000001,0.00030750000000000005,0.4827,0.4824,0.4824,0.3199,0.06373999999999999,1.92e-05,0.3836,0.04752,0.007021,0.0002378,0.05478,0.02506,0.01924,5.04e-05,0.04435,0.0,0.0,0.0,0.0,0.0,0.0,0.0,0.0,0.0,0.0,0.0,0.0,0.0,0.0,0.0,0.0,unvectored,none,2,2026-07-25T03:32:11+00:00
intadd_12_12_12_5_7nm_TT_0V75_25C_1000MHz,intadd,a_width=12;b_width=12;out_width=12;pipeline_stages=5,7nm,TT,0.75,25.0,1.0,1000.0,12,12,12,5,V-2023.12-SP4,215,122,93,39.836161,9.83808,29.998081,0.4325581395348837,0.7530364434464456,0.02,0.46,0.0,0,V-2023.12-SP4,228,135,93,41.9,11.9,30.0,54.7223,0.7657,0.40789473684210525,0.7159904534606205,0.32,0.55,0.0,0,V-2023.12-SP3,V-2023.12-SP4,0.4666,0.1028,0.0003576,0.5698,0.5694,0.5694,0.31980000000000003,0.06373999999999999,1.922e-05,0.3835,0.10679999999999999,0.01757,0.0002863,0.12469999999999999,0.04009,0.021509999999999998,5.207e-05,0.061649999999999996,0.0,0.0,0.0,0.0,0.0,0.0,0.0,0.0,0.0,0.0,0.0,0.0,0.0,0.0,0.0,0.0,vectored,random,2,2026-07-25T03:32:18+00:00
intadd_12_12_20_2_16nm_TT_0V85_25C_666p667MHz,intadd,a_width=12;b_width=12;out_width=20;pipeline_stages=2,16nm,TT,0.85,25.0,1.5,666.6666666666666,12,12,20,2,V-2023.12-SP4,92,55,37,70.543875,24.509953,46.033922,0.40217391304347827,0.6525573198240102,1.15,0.12,0.0,0,V-2023.12-SP4,94,57,37,73.09,25.57,47.53,97.2933,0.7513,0.39361702127659576,0.6502941578875359,0.59,0.73,0.0,0,V-2023.12-SP3,V-2023.12-SP4,0.1712,0.03011,0.000186,0.20149999999999998,0.20131,0.301965,0.128,0.01855,3.422e-06,0.1466,0.02487,0.0038260000000000004,0.00014810000000000002,0.02885,0.018269999999999998,0.007725,3.442e-05,0.02603,0.0,0.0,0.0,0.0,0.0,0.0,0.0,0.0,0.0,0.0,0.0,0.0,0.0,0.0,0.0,0.0,unvectored,none,2,2026-07-25T03:32:29+00:00
intadd_12_12_20_2_10nm_TT_0V8_25C_800MHz,intadd,a_width=12;b_width=12;out_width=20;pipeline_stages=2,10nm,TT,0.8,25.0,1.25,800.0,12,12,20,2,V-2023.12-SP4,92,55,37,34.836481,12.10368,22.732801,0.40217391304347827,0.6525573291975156,0.68,0.36,0.0,0,V-2023.12-SP4,94,57,37,36.5,13.76,22.73,48.6605,0.75,0.39361702127659576,0.6227397260273972,0.45,0.68,0.0,0,V-2023.12-SP3,V-2023.12-SP4,0.1844,0.03157,9.999999999999999e-05,0.2161,0.21597,0.2699625,0.1471,0.01991,1.236e-05,0.16699999999999998,0.02045,0.0040609999999999995,5.423e-05,0.02456,0.01686,0.007601,3.346e-05,0.0245,0.0,0.0,0.0,0.0,0.0,0.0,0.0,0.0,0.0,0.0,0.0,0.0,0.0,0.0,0.0,0.0,unvectored,none,2,2026-07-25T03:32:33+00:00
intadd_12_12_20_2_16nm_TT_0V85_25C_666p667MHz,intadd,a_width=12;b_width=12;out_width=20;pipeline_stages=2,16nm,TT,0.85,25.0,1.5,666.6666666666666,12,12,20,2,V-2023.12-SP4,92,55,37,70.543875,24.509953,46.033922,0.40217391304347827,0.6525573198240102,1.15,0.12,0.0,0,V-2023.12-SP4,94,57,37,73.09,25.57,47.53,97.2933,0.7513,0.39361702127659576,0.6502941578875359,0.59,0.73,0.0,0,V-2023.12-SP3,V-2023.12-SP4,0.21589999999999998,0.04195,0.0001702,0.2581,0.25784999999999997,0.386775,0.1282,0.01855,3.422e-06,0.14679999999999999,0.05552,0.009554,0.000129,0.06520999999999999,0.032209999999999996,0.01384,3.774e-05,0.04609,0.0,0.0,0.0,0.0,0.0,0.0,0.0,0.0,0.0,0.0,0.0,0.0,0.0,0.0,0.0,0.0,vectored,random,2,2026-07-25T03:32:35+00:00
intadd_12_12_20_2_10nm_TT_0V8_25C_800MHz,intadd,a_width=12;b_width=12;out_width=20;pipeline_stages=2,10nm,TT,0.8,25.0,1.25,800.0,12,12,20,2,V-2023.12-SP4,92,55,37,34.836481,12.10368,22.732801,0.40217391304347827,0.6525573291975156,0.68,0.36,0.0,0,V-2023.12-SP4,94,57,37,36.5,13.76,22.73,48.6605,0.75,0.39361702127659576,0.6227397260273972,0.45,0.68,0.0,0,V-2023.12-SP3,V-2023.12-SP4,0.2223,0.04396,0.0001065,0.2664,0.26626,0.332825,0.147,0.01991,1.236e-05,0.1669,0.04543,0.01014,5.871e-05,0.05563,0.02985,0.01392,3.5409999999999995e-05,0.0438,0.0,0.0,0.0,0.0,0.0,0.0,0.0,0.0,0.0,0.0,0.0,0.0,0.0,0.0,0.0,0.0,vectored,random,2,2026-07-25T03:32:39+00:00
intadd_12_12_20_3_10nm_TT_0V8_25C_1333p33MHz,intadd,a_width=12;b_width=12;out_width=20;pipeline_stages=3,10nm,TT,0.8,25.0,0.75,1333.3333333333333,12,12,20,3,V-2023.12-SP4,167,115,52,46.295041,14.34624,31.948802,0.31137724550898205,0.6901128351954586,0.39,0.14,0.0,0,V-2023.12-SP4,168,116,52,46.36,14.41,31.95,65.1571,0.7115,0.30952380952380953,0.6891716997411561,0.2,0.34,0.0,0,V-2023.12-SP3,V-2023.12-SP4,0.3211,0.029859999999999998,0.00012450000000000002,0.3511,0.35096,0.26322,0.24449999999999997,0.0,0.0,0.24449999999999997,0.046419999999999996,0.006385,7.62e-05,0.05288,0.030199999999999998,0.02347,4.8270000000000004e-05,0.053720000000000004,0.0,0.0,0.0,0.0,0.0,0.0,0.0,0.0,0.0,0.0,0.0,0.0,0.0,0.0,0.0,0.0,unvectored,none,2,2026-07-25T03:32:41+00:00
intadd_12_12_20_2_5nm_TT_0V7_25C_1333p33MHz,intadd,a_width=12;b_width=12;out_width=20;pipeline_stages=2,5nm,TT,0.7,25.0,0.75,1333.3333333333333,12,12,20,2,V-2023.12-SP4,92,55,37,9.8112,3.5952,6.216,0.40217391304347827,0.6335616438356165,0.51,0.02,0.0,0,V-2023.12-SP4,92,55,37,9.81,3.6,6.22,13.6752,0.7174,0.40217391304347827,0.6340468909276248,0.19,0.34,0.0,0,V-2023.12-SP3,V-2023.12-SP4,0.1631,0.015529999999999999,9.274e-05,0.1787,0.17862999999999998,0.1339725,0.1175,0.0,0.0,0.1175,0.024939999999999997,0.005153,6.809999999999999e-05,0.03016,0.020679999999999997,0.01038,2.463e-05,0.03108,0.0,0.0,0.0,0.0,0.0,0.0,0.0,0.0,0.0,0.0,0.0,0.0,0.0,0.0,0.0,0.0,unvectored,none,2,2026-07-25T03:32:44+00:00
intadd_12_12_20_3_10nm_TT_0V8_25C_1333p33MHz,intadd,a_width=12;b_width=12;out_width=20;pipeline_stages=3,10nm,TT,0.8,25.0,0.75,1333.3333333333333,12,12,20,3,V-2023.12-SP4,167,115,52,46.295041,14.34624,31.948802,0.31137724550898205,0.6901128351954586,0.39,0.14,0.0,0,V-2023.12-SP4,168,116,52,46.36,14.41,31.95,65.1571,0.7115,0.30952380952380953,0.6891716997411561,0.2,0.34,0.0,0,V-2023.12-SP3,V-2023.12-SP4,0.39189999999999997,0.04923,0.0001329,0.4412,0.44112999999999997,0.33084749999999996,0.24429999999999996,0.0,0.0,0.24429999999999996,0.1013,0.01592,8.207e-05,0.1173,0.046279999999999995,0.03331,5.086e-05,0.07964,0.0,0.0,0.0,0.0,0.0,0.0,0.0,0.0,0.0,0.0,0.0,0.0,0.0,0.0,0.0,0.0,vectored,random,2,2026-07-25T03:32:47+00:00
intadd_12_12_20_3_20nm_TT_0V9_25C_571p429MHz,intadd,a_width=12;b_width=12;out_width=20;pipeline_stages=3,20nm,TT,0.9,25.0,1.75,571.4285714285714,12,12,20,3,V-2023.12-SP4,122,70,52,157.766399,47.9424,109.823999,0.4262295081967213,0.6961178026253866,1.45,0.06,0.0,0,V-2023.12-SP4,123,71,52,158.61,48.79,109.82,214.7904,0.7384,0.42276422764227645,0.6923901393354769,0.74,0.78,0.0,0,V-2023.12-SP3,V-2023.12-SP4,0.2297,0.01499,0.0001306,0.2448,0.24469,0.42820749999999996,0.174,0.0,0.0,0.174,0.03293,0.004505,7.897999999999999e-05,0.03752,0.02282,0.01049,5.1660000000000003e-05,0.03336,0.0,0.0,0.0,0.0,0.0,0.0,0.0,0.0,0.0,0.0,0.0,0.0,0.0,0.0,0.0,0.0,unvectored,none,2,2026-07-25T03:32:47+00:00
intadd_12_12_20_2_5nm_TT_0V7_25C_1333p33MHz,intadd,a_width=12;b_width=12;out_width=20;pipeline_stages=2,5nm,TT,0.7,25.0,0.75,1333.3333333333333,12,12,20,2,V-2023.12-SP4,92,55,37,9.8112,3.5952,6.216,0.40217391304347827,0.6335616438356165,0.51,0.02,0.0,0,V-2023.12-SP4,92,55,37,9.81,3.6,6.22,13.6752,0.7174,0.40217391304347827,0.6340468909276248,0.19,0.34,0.0,0,V-2023.12-SP3,V-2023.12-SP4,0.2085,0.03154,8.829000000000001e-05,0.2401,0.24003999999999998,0.18002999999999997,0.1182,0.0,0.0,0.1182,0.05461,0.012870000000000001,6.198e-05,0.06753999999999999,0.0357,0.018680000000000002,2.6309999999999997e-05,0.054400000000000004,0.0,0.0,0.0,0.0,0.0,0.0,0.0,0.0,0.0,0.0,0.0,0.0,0.0,0.0,0.0,0.0,vectored,random,2,2026-07-25T03:32:51+00:00
intadd_12_12_20_3_20nm_TT_0V9_25C_571p429MHz,intadd,a_width=12;b_width=12;out_width=20;pipeline_stages=3,20nm,TT,0.9,25.0,1.75,571.4285714285714,12,12,20,3,V-2023.12-SP4,122,70,52,157.766399,47.9424,109.823999,0.4262295081967213,0.6961178026253866,1.45,0.06,0.0,0,V-2023.12-SP4,123,71,52,158.61,48.79,109.82,214.7904,0.7384,0.42276422764227645,0.6923901393354769,0.74,0.78,0.0,0,V-2023.12-SP3,V-2023.12-SP4,0.2847,0.0259,0.00015230000000000002,0.3108,0.3106,0.54355,0.1747,0.0,0.0,0.1747,0.07289,0.011250000000000001,9.483999999999999e-05,0.08424000000000001,0.037129999999999996,0.01465,5.749e-05,0.05184,0.0,0.0,0.0,0.0,0.0,0.0,0.0,0.0,0.0,0.0,0.0,0.0,0.0,0.0,0.0,0.0,vectored,random,2,2026-07-25T03:32:53+00:00
intadd_12_12_20_3_16nm_TT_0V85_25C_1333p33MHz,intadd,a_width=12;b_width=12;out_width=20;pipeline_stages=3,16nm,TT,0.85,25.0,0.75,1333.3333333333333,12,12,20,3,V-2023.12-SP4,178,126,52,95.675907,30.979585,64.696323,0.29213483146067415,0.6762028710111941,0.46,0.06,0.0,0,V-2023.12-SP4,178,126,52,96.36,31.04,65.32,134.3693,0.7171,0.29213483146067415,0.6778746367787463,0.21,0.31,0.0,0,V-2023.12-SP3,V-2023.12-SP4,0.4385,0.03738,0.00032010000000000003,0.47619999999999996,0.47587999999999997,0.35690999999999995,0.333,0.0,0.0,0.333,0.06439,0.0075569999999999995,0.0002664,0.07221999999999999,0.04118,0.02982,5.369e-05,0.07105,0.0,0.0,0.0,0.0,0.0,0.0,0.0,0.0,0.0,0.0,0.0,0.0,0.0,0.0,0.0,0.0,unvectored,none,2,2026-07-25T03:33:00+00:00
intadd_12_12_20_2_5nm_TT_0V7_25C_1000MHz,intadd,a_width=12;b_width=12;out_width=20;pipeline_stages=2,5nm,TT,0.7,25.0,1.0,1000.0,12,12,20,2,V-2023.12-SP4,92,55,37,9.8112,3.5952,6.216,0.40217391304347827,0.6335616438356165,0.51,0.27,0.0,0,V-2023.12-SP4,94,57,37,10.26,4.04,6.22,13.6752,0.75,0.39361702127659576,0.6062378167641326,0.32,0.55,0.0,0,V-2023.12-SP3,V-2023.12-SP4,0.1532,0.031520000000000006,0.00010190000000000001,0.1848,0.18472,0.18472,0.11900000000000001,0.01989,9.119e-06,0.1389,0.01866,0.003871,6.809999999999999e-05,0.022600000000000002,0.015529999999999999,0.0077610000000000005,2.464e-05,0.02332,0.0,0.0,0.0,0.0,0.0,0.0,0.0,0.0,0.0,0.0,0.0,0.0,0.0,0.0,0.0,0.0,unvectored,none,2,2026-07-25T03:33:04+00:00
intadd_12_12_20_3_16nm_TT_0V85_25C_1333p33MHz,intadd,a_width=12;b_width=12;out_width=20;pipeline_stages=3,16nm,TT,0.85,25.0,0.75,1333.3333333333333,12,12,20,3,V-2023.12-SP4,178,126,52,95.675907,30.979585,64.696323,0.29213483146067415,0.6762028710111941,0.46,0.06,0.0,0,V-2023.12-SP4,178,126,52,96.36,31.04,65.32,134.3693,0.7171,0.29213483146067415,0.6778746367787463,0.21,0.31,0.0,0,V-2023.12-SP3,V-2023.12-SP4,0.5442999999999999,0.06603,0.0002768,0.6106,0.6103299999999999,0.4577475,0.3341,0.0,0.0,0.3341,0.1418,0.018850000000000002,0.0002186,0.16090000000000002,0.06834,0.04718,5.8150000000000004e-05,0.11560000000000001,0.0,0.0,0.0,0.0,0.0,0.0,0.0,0.0,0.0,0.0,0.0,0.0,0.0,0.0,0.0,0.0,vectored,random,2,2026-07-25T03:33:07+00:00
intadd_12_12_20_2_5nm_TT_0V7_25C_1000MHz,intadd,a_width=12;b_width=12;out_width=20;pipeline_stages=2,5nm,TT,0.7,25.0,1.0,1000.0,12,12,20,2,V-2023.12-SP4,92,55,37,9.8112,3.5952,6.216,0.40217391304347827,0.6335616438356165,0.51,0.27,0.0,0,V-2023.12-SP4,94,57,37,10.26,4.04,6.22,13.6752,0.75,0.39361702127659576,0.6062378167641326,0.32,0.55,0.0,0,V-2023.12-SP3,V-2023.12-SP4,0.1875,0.043680000000000004,9.74e-05,0.2313,0.23118,0.23118,0.11950000000000001,0.01989,9.118e-06,0.1394,0.04097,0.009667,6.197e-05,0.0507,0.027,0.01412,2.6309999999999997e-05,0.04114,0.0,0.0,0.0,0.0,0.0,0.0,0.0,0.0,0.0,0.0,0.0,0.0,0.0,0.0,0.0,0.0,vectored,random,2,2026-07-25T03:33:10+00:00
intadd_12_12_20_3_5nm_TT_0V7_25C_1333p33MHz,intadd,a_width=12;b_width=12;out_width=20;pipeline_stages=3,5nm,TT,0.7,25.0,0.75,1333.3333333333333,12,12,20,3,V-2023.12-SP4,122,70,52,12.9612,4.2252,8.736,0.4262295081967213,0.6740116655865198,0.44,0.09,0.0,0,V-2023.12-SP4,123,71,52,12.99,4.26,8.74,18.06,0.7195,0.42276422764227645,0.6728252501924558,0.19,0.34,0.0,0,V-2023.12-SP3,V-2023.12-SP4,0.2243,0.020530000000000003,0.00012639999999999998,0.24489999999999998,0.24483,0.1836225,0.166,0.0,0.0,0.166,0.03404,0.006318000000000001,9.576e-05,0.04045,0.024239999999999998,0.01422,3.059e-05,0.038489999999999996,0.0,0.0,0.0,0.0,0.0,0.0,0.0,0.0,0.0,0.0,0.0,0.0,0.0,0.0,0.0,0.0,unvectored,none,2,2026-07-25T03:33:11+00:00
intadd_12_12_20_3_5nm_TT_0V7_25C_1333p33MHz,intadd,a_width=12;b_width=12;out_width=20;pipeline_stages=3,5nm,TT,0.7,25.0,0.75,1333.3333333333333,12,12,20,3,V-2023.12-SP4,122,70,52,12.9612,4.2252,8.736,0.4262295081967213,0.6740116655865198,0.44,0.09,0.0,0,V-2023.12-SP4,123,71,52,12.99,4.26,8.74,18.06,0.7195,0.42276422764227645,0.6728252501924558,0.19,0.34,0.0,0,V-2023.12-SP3,V-2023.12-SP4,0.2817,0.03589,0.00011990000000000001,0.31770000000000004,0.31759,0.23819249999999997,0.16699999999999998,0.0,0.0,0.16699999999999998,0.07489,0.015780000000000002,8.706e-05,0.09076000000000001,0.03979,0.02011,3.2840000000000004e-05,0.05993,0.0,0.0,0.0,0.0,0.0,0.0,0.0,0.0,0.0,0.0,0.0,0.0,0.0,0.0,0.0,0.0,vectored,random,2,2026-07-25T03:33:17+00:00
intadd_12_12_20_2_7nm_TT_0V75_25C_1333p33MHz,intadd,a_width=12;b_width=12;out_width=20;pipeline_stages=2,7nm,TT,0.75,25.0,0.75,1333.3333333333333,12,12,20,2,V-2023.12-SP4,92,55,37,18.289152,6.354432,11.93472,0.40217391304347827,0.6525573192239859,0.53,0.01,0.0,0,V-2023.12-SP4,95,58,37,18.81,6.87,11.93,25.4822,0.738,0.3894736842105263,0.6342371079213185,0.19,0.34,0.0,0,V-2023.12-SP3,V-2023.12-SP4,0.2049,0.02807,0.0001265,0.2331,0.23297,0.1747275,0.15689999999999998,0.01238,5.342e-06,0.1693,0.02685,0.005264,9.478000000000001e-05,0.032209999999999996,0.021060000000000002,0.01042,2.6379999999999998e-05,0.03151,0.0,0.0,0.0,0.0,0.0,0.0,0.0,0.0,0.0,0.0,0.0,0.0,0.0,0.0,0.0,0.0,unvectored,none,2,2026-07-25T03:33:42+00:00
intadd_12_12_20_2_7nm_TT_0V75_25C_1333p33MHz,intadd,a_width=12;b_width=12;out_width=20;pipeline_stages=2,7nm,TT,0.75,25.0,0.75,1333.3333333333333,12,12,20,2,V-2023.12-SP4,92,55,37,18.289152,6.354432,11.93472,0.40217391304347827,0.6525573192239859,0.53,0.01,0.0,0,V-2023.12-SP4,95,58,37,18.81,6.87,11.93,25.4822,0.738,0.3894736842105263,0.6342371079213185,0.19,0.34,0.0,0,V-2023.12-SP3,V-2023.12-SP4,0.2539,0.04462,0.0001458,0.2987,0.29852,0.22389,0.15689999999999998,0.01238,5.342e-06,0.1693,0.05922,0.01315,0.0001132,0.07248,0.03783,0.01909,2.723e-05,0.05695,0.0,0.0,0.0,0.0,0.0,0.0,0.0,0.0,0.0,0.0,0.0,0.0,0.0,0.0,0.0,0.0,vectored,random,2,2026-07-25T03:33:48+00:00
intadd_12_12_20_3_10nm_TT_0V8_25C_800MHz,intadd,a_width=12;b_width=12;out_width=20;pipeline_stages=3,10nm,TT,0.8,25.0,1.25,800.0,12,12,20,3,V-2023.12-SP4,122,70,52,45.895682,13.94688,31.948802,0.4262295081967213,0.6961178177938395,0.58,0.45,0.0,0,V-2023.12-SP4,126,74,52,47.89,15.94,31.95,65.1571,0.735,0.4126984126984127,0.6671538943411985,0.45,0.68,0.0,0,V-2023.12-SP3,V-2023.12-SP4,0.2372,0.04347,0.0001314,0.2808,0.28067,0.35083749999999997,0.18919999999999998,0.02827,1.355e-05,0.2175,0.02801,0.004977,7.627e-05,0.03306,0.01996,0.01022,4.16e-05,0.03022,0.0,0.0,0.0,0.0,0.0,0.0,0.0,0.0,0.0,0.0,0.0,0.0,0.0,0.0,0.0,0.0,unvectored,none,2,2026-07-25T03:34:13+00:00
intadd_12_12_20_5_20nm_TT_0V9_25C_1000MHz,intadd,a_width=12;b_width=12;out_width=20;pipeline_stages=5,20nm,TT,0.9,25.0,1.0,1000.0,12,12,20,5,V-2023.12-SP4,258,168,90,260.198399,70.1184,190.079999,0.3488372093023256,0.7305194794838072,0.67,0.09,0.0,0,V-2023.12-SP4,260,170,90,273.72,83.64,190.08,370.0224,0.7397,0.34615384615384615,0.6944322665497589,0.35,0.41,0.0,0,V-2023.12-SP3,V-2023.12-SP4,0.764,0.05292,0.1033,0.9202,0.81692,0.81692,0.612,0.0044139999999999995,0.1031,0.7196,0.09705,0.01031,0.0001365,0.1075,0.0549,0.0382,9.593999999999999e-05,0.0932,0.0,0.0,0.0,0.0,0.0,0.0,0.0,0.0,0.0,0.0,0.0,0.0,0.0,0.0,0.0,0.0,unvectored,none,2,2026-07-25T03:34:13+00:00
intadd_12_12_20_2_7nm_TT_0V75_25C_1000MHz,intadd,a_width=12;b_width=12;out_width=20;pipeline_stages=2,7nm,TT,0.75,25.0,1.0,1000.0,12,12,20,2,V-2023.12-SP4,92,55,37,18.289152,6.354432,11.93472,0.40217391304347827,0.6525573192239859,0.53,0.26,0.0,0,V-2023.12-SP4,95,58,37,19.39,7.45,11.93,25.4822,0.7608,0.3894736842105263,0.6152656008251676,0.32,0.56,0.0,0,V-2023.12-SP3,V-2023.12-SP4,0.1807,0.03865,0.00013330000000000001,0.2195,0.21935,0.21935,0.14479999999999998,0.02683,1.213e-05,0.1716,0.02014,0.003948999999999999,9.478000000000001e-05,0.02418,0.0158,0.007864,2.6379999999999998e-05,0.02369,0.0,0.0,0.0,0.0,0.0,0.0,0.0,0.0,0.0,0.0,0.0,0.0,0.0,0.0,0.0,0.0,unvectored,none,2,2026-07-25T03:34:15+00:00
intadd_12_12_20_5_20nm_TT_0V9_25C_666p667MHz,intadd,a_width=12;b_width=12;out_width=20;pipeline_stages=5,20nm,TT,0.9,25.0,1.5,666.6666666666666,12,12,20,5,V-2023.12-SP4,220,123,97,289.027198,84.1632,204.863999,0.4409090909090909,0.7088052626798119,0.92,0.35,0.0,0,V-2023.12-SP4,237,140,97,294.41,89.55,204.86,403.92,0.7289,0.4092827004219409,0.6958323426514045,0.61,0.7,0.0,0,V-2023.12-SP3,V-2023.12-SP4,0.5347999999999999,0.09194000000000001,0.051789999999999996,0.6785,0.62674,0.94011,0.42250000000000004,0.05922,0.05155,0.5333,0.06967999999999999,0.009715999999999999,0.0001471,0.07954,0.04258,0.023,9.321999999999999e-05,0.06567999999999999,0.0,0.0,0.0,0.0,0.0,0.0,0.0,0.0,0.0,0.0,0.0,0.0,0.0,0.0,0.0,0.0,unvectored,none,2,2026-07-25T03:34:19+00:00
intadd_12_12_20_3_10nm_TT_0V8_25C_800MHz,intadd,a_width=12;b_width=12;out_width=20;pipeline_stages=3,10nm,TT,0.8,25.0,1.25,800.0,12,12,20,3,V-2023.12-SP4,122,70,52,45.895682,13.94688,31.948802,0.4262295081967213,0.6961178177938395,0.58,0.45,0.0,0,V-2023.12-SP4,126,74,52,47.89,15.94,31.95,65.1571,0.735,0.4126984126984127,0.6671538943411985,0.45,0.68,0.0,0,V-2023.12-SP3,V-2023.12-SP4,0.2838,0.055439999999999996,0.00013979999999999998,0.33940000000000003,0.33924,0.42405,0.1891,0.02827,1.354e-05,0.2174,0.061840000000000006,0.01243,8.207e-05,0.07435,0.03291,0.01474,4.416e-05,0.047689999999999996,0.0,0.0,0.0,0.0,0.0,0.0,0.0,0.0,0.0,0.0,0.0,0.0,0.0,0.0,0.0,0.0,vectored,random,2,2026-07-25T03:34:19+00:00
intadd_12_12_20_5_20nm_TT_0V9_25C_1000MHz,intadd,a_width=12;b_width=12;out_width=20;pipeline_stages=5,20nm,TT,0.9,25.0,1.0,1000.0,12,12,20,5,V-2023.12-SP4,258,168,90,260.198399,70.1184,190.079999,0.3488372093023256,0.7305194794838072,0.67,0.09,0.0,0,V-2023.12-SP4,260,170,90,273.72,83.64,190.08,370.0224,0.7397,0.34615384615384615,0.6944322665497589,0.35,0.41,0.0,0,V-2023.12-SP3,V-2023.12-SP4,0.9138,0.07695,0.1034,1.0939999999999999,0.9907499999999999,0.9907499999999999,0.6128,0.0044139999999999995,0.1031,0.7203,0.2172,0.025769999999999998,0.00016460000000000002,0.2431,0.08385000000000001,0.04677,0.0001059,0.1307,0.0,0.0,0.0,0.0,0.0,0.0,0.0,0.0,0.0,0.0,0.0,0.0,0.0,0.0,0.0,0.0,vectored,random,2,2026-07-25T03:34:20+00:00
intadd_12_12_20_2_7nm_TT_0V75_25C_1000MHz,intadd,a_width=12;b_width=12;out_width=20;pipeline_stages=2,7nm,TT,0.75,25.0,1.0,1000.0,12,12,20,2,V-2023.12-SP4,92,55,37,18.289152,6.354432,11.93472,0.40217391304347827,0.6525573192239859,0.53,0.26,0.0,0,V-2023.12-SP4,95,58,37,19.39,7.45,11.93,25.4822,0.7608,0.3894736842105263,0.6152656008251676,0.32,0.56,0.0,0,V-2023.12-SP3,V-2023.12-SP4,0.2179,0.05121,0.0001526,0.2693,0.26911,0.26911,0.1447,0.02683,1.2120000000000001e-05,0.1716,0.044520000000000004,0.009862,0.0001133,0.054490000000000004,0.02864,0.01451,2.723e-05,0.04318,0.0,0.0,0.0,0.0,0.0,0.0,0.0,0.0,0.0,0.0,0.0,0.0,0.0,0.0,0.0,0.0,vectored,random,2,2026-07-25T03:34:22+00:00
intadd_12_12_20_5_20nm_TT_0V9_25C_666p667MHz,intadd,a_width=12;b_width=12;out_width=20;pipeline_stages=5,20nm,TT,0.9,25.0,1.5,666.6666666666666,12,12,20,5,V-2023.12-SP4,220,123,97,289.027198,84.1632,204.863999,0.4409090909090909,0.7088052626798119,0.92,0.35,0.0,0,V-2023.12-SP4,237,140,97,294.41,89.55,204.86,403.92,0.7289,0.4092827004219409,0.6958323426514045,0.61,0.7,0.0,0,V-2023.12-SP3,V-2023.12-SP4,0.6475,0.1118,0.051829999999999994,0.8111,0.7593,1.13895,0.423,0.05922,0.05155,0.5337000000000001,0.15660000000000002,0.024280000000000003,0.0001777,0.1811,0.06784,0.028249999999999997,0.00010400000000000001,0.0962,0.0,0.0,0.0,0.0,0.0,0.0,0.0,0.0,0.0,0.0,0.0,0.0,0.0,0.0,0.0,0.0,vectored,random,2,2026-07-25T03:34:26+00:00
intadd_12_12_20_3_7nm_TT_0V75_25C_1333p33MHz,intadd,a_width=12;b_width=12;out_width=20;pipeline_stages=3,7nm,TT,0.75,25.0,0.75,1333.3333333333333,12,12,20,3,V-2023.12-SP4,122,70,52,24.095233,7.322112,16.773121,0.4262295081967213,0.6961178171632538,0.45,0.08,0.0,0,V-2023.12-SP4,123,71,52,24.16,7.39,16.77,33.7559,0.7157,0.42276422764227645,0.6941225165562913,0.19,0.34,0.0,0,V-2023.12-SP3,V-2023.12-SP4,0.2523,0.020829999999999998,0.0001664,0.2733,0.27313000000000004,0.20484750000000002,0.1906,0.0,0.0,0.1906,0.03676,0.006364000000000001,0.0001334,0.04326,0.02497,0.01446,3.293e-05,0.03947,0.0,0.0,0.0,0.0,0.0,0.0,0.0,0.0,0.0,0.0,0.0,0.0,0.0,0.0,0.0,0.0,unvectored,none,2,2026-07-25T03:34:31+00:00
intadd_12_12_20_3_7nm_TT_0V75_25C_1333p33MHz,intadd,a_width=12;b_width=12;out_width=20;pipeline_stages=3,7nm,TT,0.75,25.0,0.75,1333.3333333333333,12,12,20,3,V-2023.12-SP4,122,70,52,24.095233,7.322112,16.773121,0.4262295081967213,0.6961178171632538,0.45,0.08,0.0,0,V-2023.12-SP4,123,71,52,24.16,7.39,16.77,33.7559,0.7157,0.42276422764227645,0.6941225165562913,0.19,0.34,0.0,0,V-2023.12-SP3,V-2023.12-SP4,0.3145,0.03667,0.0001932,0.3513,0.35117,0.2633775,0.19039999999999999,0.0,0.0,0.19039999999999999,0.08122,0.015889999999999998,0.0001593,0.09727,0.04281,0.02079,3.391e-05,0.06362000000000001,0.0,0.0,0.0,0.0,0.0,0.0,0.0,0.0,0.0,0.0,0.0,0.0,0.0,0.0,0.0,0.0,vectored,random,2,2026-07-25T03:34:38+00:00
intadd_12_12_20_5_16nm_TT_0V85_25C_1333p33MHz,intadd,a_width=12;b_width=12;out_width=20;pipeline_stages=5,16nm,TT,0.85,25.0,0.75,1333.3333333333333,12,12,20,5,V-2023.12-SP4,258,168,90,153.280518,41.306113,111.974405,0.3488372093023256,0.7305194845440176,0.46,0.05,0.0,0,V-2023.12-SP4,258,168,90,156.27,41.55,114.71,213.0624,0.7334,0.3488372093023256,0.7340500415946758,0.22,0.31,0.0,0,V-2023.12-SP3,V-2023.12-SP4,0.7473,0.05664,0.0004727,0.8044,0.80394,0.602955,0.5736,0.0,0.0,0.5736,0.1128,0.0121,0.00039610000000000003,0.12530000000000002,0.06084,0.044539999999999996,7.659999999999999e-05,0.1055,0.0,0.0,0.0,0.0,0.0,0.0,0.0,0.0,0.0,0.0,0.0,0.0,0.0,0.0,0.0,0.0,unvectored,none,2,2026-07-25T03:34:44+00:00
intadd_12_12_20_5_10nm_TT_0V8_25C_1333p33MHz,intadd,a_width=12;b_width=12;out_width=20;pipeline_stages=5,10nm,TT,0.8,25.0,0.75,1333.3333333333333,12,12,20,5,V-2023.12-SP4,220,123,97,84.080643,24.48384,59.596803,0.4409090909090909,0.7088052716247663,0.36,0.17,0.0,0,V-2023.12-SP4,235,138,97,83.13,23.53,59.6,116.9818,0.7106,0.4127659574468085,0.7169493564296885,0.2,0.34,0.0,0,V-2023.12-SP3,V-2023.12-SP4,0.6203,0.04752,0.000217,0.6679999999999999,0.66782,0.500865,0.4828,0.0,0.0,0.4828,0.08405,0.014589999999999999,0.0001421,0.09877999999999999,0.05345,0.03293,7.486999999999999e-05,0.08645,0.0,0.0,0.0,0.0,0.0,0.0,0.0,0.0,0.0,0.0,0.0,0.0,0.0,0.0,0.0,0.0,unvectored,none,2,2026-07-25T03:34:47+00:00
intadd_12_12_20_5_16nm_TT_0V85_25C_1333p33MHz,intadd,a_width=12;b_width=12;out_width=20;pipeline_stages=5,16nm,TT,0.85,25.0,0.75,1333.3333333333333,12,12,20,5,V-2023.12-SP4,258,168,90,153.280518,41.306113,111.974405,0.3488372093023256,0.7305194845440176,0.46,0.05,0.0,0,V-2023.12-SP4,258,168,90,156.27,41.55,114.71,213.0624,0.7334,0.3488372093023256,0.7340500415946758,0.22,0.31,0.0,0,V-2023.12-SP3,V-2023.12-SP4,0.9229,0.0851,0.0004202,1.008,1.008,0.756,0.5753,0.0,0.0,0.5753,0.254,0.030260000000000002,0.0003358,0.28459999999999996,0.09358,0.05484,8.439e-05,0.1485,0.0,0.0,0.0,0.0,0.0,0.0,0.0,0.0,0.0,0.0,0.0,0.0,0.0,0.0,0.0,0.0,vectored,random,2,2026-07-25T03:34:50+00:00
intadd_12_12_20_5_10nm_TT_0V8_25C_1333p33MHz,intadd,a_width=12;b_width=12;out_width=20;pipeline_stages=5,10nm,TT,0.8,25.0,0.75,1333.3333333333333,12,12,20,5,V-2023.12-SP4,220,123,97,84.080643,24.48384,59.596803,0.4409090909090909,0.7088052716247663,0.36,0.17,0.0,0,V-2023.12-SP4,235,138,97,83.13,23.53,59.6,116.9818,0.7106,0.4127659574468085,0.7169493564296885,0.2,0.34,0.0,0,V-2023.12-SP3,V-2023.12-SP4,0.7582,0.07825,0.00023260000000000002,0.8367,0.83645,0.6273375,0.4824,0.0,0.0,0.4824,0.1893,0.03646,0.00015319999999999998,0.22599999999999998,0.08653999999999999,0.041780000000000005,7.947e-05,0.12840000000000001,0.0,0.0,0.0,0.0,0.0,0.0,0.0,0.0,0.0,0.0,0.0,0.0,0.0,0.0,0.0,0.0,vectored,random,2,2026-07-25T03:34:53+00:00
intadd_12_12_20_5_10nm_TT_0V8_25C_800MHz,intadd,a_width=12;b_width=12;out_width=20;pipeline_stages=5,10nm,TT,0.8,25.0,1.25,800.0,12,12,20,5,V-2023.12-SP4,220,123,97,84.080643,24.48384,59.596803,0.4409090909090909,0.7088052716247663,0.02,0.59,0.0,0,V-2023.12-SP4,241,144,97,84.26,24.67,59.6,116.9818,0.7203,0.4024896265560166,0.7073344410159031,0.45,0.68,0.0,0,V-2023.12-SP3,V-2023.12-SP4,0.3925,0.08451,0.000224,0.4773,0.47701000000000005,0.5962625,0.3099,0.05597,7.007e-06,0.3659,0.05045,0.008812,0.0001421,0.0594,0.03218,0.019729999999999998,7.486999999999999e-05,0.05199,0.0,0.0,0.0,0.0,0.0,0.0,0.0,0.0,0.0,0.0,0.0,0.0,0.0,0.0,0.0,0.0,unvectored,none,2,2026-07-25T03:34:57+00:00
intadd_12_12_20_3_5nm_TT_0V7_25C_1000MHz,intadd,a_width=12;b_width=12;out_width=20;pipeline_stages=3,5nm,TT,0.7,25.0,1.0,1000.0,12,12,20,3,V-2023.12-SP4,122,70,52,12.9612,4.2252,8.736,0.4262295081967213,0.6740116655865198,0.44,0.34,0.0,0,V-2023.12-SP4,126,74,52,13.52,4.79,8.74,18.06,0.7488,0.4126984126984127,0.6464497041420119,0.32,0.55,0.0,0,V-2023.12-SP3,V-2023.12-SP4,0.2027,0.05241,0.000137,0.2553,0.25511,0.25511,0.159,0.03633,1.073e-05,0.19540000000000002,0.02547,0.004756,9.572e-05,0.03032,0.018269999999999998,0.01132,3.0600000000000005e-05,0.02963,0.0,0.0,0.0,0.0,0.0,0.0,0.0,0.0,0.0,0.0,0.0,0.0,0.0,0.0,0.0,0.0,unvectored,none,2,2026-07-25T03:35:00+00:00
intadd_12_12_20_5_10nm_TT_0V8_25C_800MHz,intadd,a_width=12;b_width=12;out_width=20;pipeline_stages=5,10nm,TT,0.8,25.0,1.25,800.0,12,12,20,5,V-2023.12-SP4,220,123,97,84.080643,24.48384,59.596803,0.4409090909090909,0.7088052716247663,0.02,0.59,0.0,0,V-2023.12-SP4,241,144,97,84.26,24.67,59.6,116.9818,0.7203,0.4024896265560166,0.7073344410159031,0.45,0.68,0.0,0,V-2023.12-SP3,V-2023.12-SP4,0.4748,0.1027,0.0002416,0.5777,0.5775,0.721875,0.3097,0.05597,7.018e-06,0.3657,0.1144,0.02203,0.00015519999999999998,0.1365,0.05074,0.02467,7.947e-05,0.07549,0.0,0.0,0.0,0.0,0.0,0.0,0.0,0.0,0.0,0.0,0.0,0.0,0.0,0.0,0.0,0.0,vectored,random,2,2026-07-25T03:35:03+00:00
intadd_16_16_16_2_20nm_TT_0V9_25C_1000MHz,intadd,a_width=16;b_width=16;out_width=16;pipeline_stages=2,20nm,TT,0.9,25.0,1.0,1000.0,16,16,16,2,V-2023.12-SP4,212,164,48,163.468799,62.0928,101.375999,0.22641509433962265,0.6201550364360358,0.76,0.01,0.0,0,V-2023.12-SP4,210,162,48,165.05,63.68,101.38,230.736,0.7153,0.22857142857142856,0.6142381096637382,0.36,0.41,0.0,0,V-2023.12-SP3,V-2023.12-SP4,0.3902,0.055,0.0001538,0.44539999999999996,0.4452,0.4452,0.2939,0.01521,3.483e-06,0.3092,0.05478,0.0057150000000000005,7.279e-05,0.06057,0.04151,0.034069999999999996,7.755e-05,0.07566,0.0,0.0,0.0,0.0,0.0,0.0,0.0,0.0,0.0,0.0,0.0,0.0,0.0,0.0,0.0,0.0,unvectored,none,2,2026-07-25T03:35:04+00:00
intadd_12_12_20_5_16nm_TT_0V85_25C_800MHz,intadd,a_width=12;b_width=12;out_width=20;pipeline_stages=5,16nm,TT,0.85,25.0,1.25,800.0,12,12,20,5,V-2023.12-SP4,220,123,97,170.263303,49.579777,120.683525,0.4409090909090909,0.7088052614602455,0.62,0.4,0.0,0,V-2023.12-SP4,234,137,97,175.61,52.19,123.42,241.8647,0.7261,0.41452991452991456,0.7028073572120038,0.46,0.64,0.0,0,V-2023.12-SP3,V-2023.12-SP4,0.5334,0.09629,0.0005255,0.6302,0.62969,0.7871125,0.4177,0.06054,1.175e-05,0.4783,0.07257000000000001,0.010570000000000001,0.00043519999999999995,0.08357,0.04312,0.02518,7.858000000000001e-05,0.06838000000000001,0.0,0.0,0.0,0.0,0.0,0.0,0.0,0.0,0.0,0.0,0.0,0.0,0.0,0.0,0.0,0.0,unvectored,none,2,2026-07-25T03:35:05+00:00
intadd_12_12_20_3_5nm_TT_0V7_25C_1000MHz,intadd,a_width=12;b_width=12;out_width=20;pipeline_stages=3,5nm,TT,0.7,25.0,1.0,1000.0,12,12,20,3,V-2023.12-SP4,122,70,52,12.9612,4.2252,8.736,0.4262295081967213,0.6740116655865198,0.44,0.34,0.0,0,V-2023.12-SP4,126,74,52,13.52,4.79,8.74,18.06,0.7488,0.4126984126984127,0.6464497041420119,0.32,0.55,0.0,0,V-2023.12-SP3,V-2023.12-SP4,0.2455,0.06326999999999999,0.00012989999999999999,0.30889999999999995,0.30877,0.30877,0.1598,0.03633,1.073e-05,0.1961,0.05611,0.01188,8.637e-05,0.06808,0.02961,0.01506,3.2840000000000004e-05,0.044700000000000004,0.0,0.0,0.0,0.0,0.0,0.0,0.0,0.0,0.0,0.0,0.0,0.0,0.0,0.0,0.0,0.0,vectored,random,2,2026-07-25T03:35:06+00:00
intadd_16_16_16_2_20nm_TT_0V9_25C_1000MHz,intadd,a_width=16;b_width=16;out_width=16;pipeline_stages=2,20nm,TT,0.9,25.0,1.0,1000.0,16,16,16,2,V-2023.12-SP4,212,164,48,163.468799,62.0928,101.375999,0.22641509433962265,0.6201550364360358,0.76,0.01,0.0,0,V-2023.12-SP4,210,162,48,165.05,63.68,101.38,230.736,0.7153,0.22857142857142856,0.6142381096637382,0.36,0.41,0.0,0,V-2023.12-SP3,V-2023.12-SP4,0.4845,0.08577,0.0001736,0.5704,0.5702699999999999,0.5702699999999999,0.29500000000000004,0.01521,3.484e-06,0.31020000000000003,0.1194,0.01431,8.732e-05,0.1338,0.07011,0.05626,8.280000000000001e-05,0.1264,0.0,0.0,0.0,0.0,0.0,0.0,0.0,0.0,0.0,0.0,0.0,0.0,0.0,0.0,0.0,0.0,vectored,random,2,2026-07-25T03:35:11+00:00
intadd_12_12_20_5_16nm_TT_0V85_25C_800MHz,intadd,a_width=12;b_width=12;out_width=20;pipeline_stages=5,16nm,TT,0.85,25.0,1.25,800.0,12,12,20,5,V-2023.12-SP4,220,123,97,170.263303,49.579777,120.683525,0.4409090909090909,0.7088052614602455,0.62,0.4,0.0,0,V-2023.12-SP4,234,137,97,175.61,52.19,123.42,241.8647,0.7261,0.41452991452991456,0.7028073572120038,0.46,0.64,0.0,0,V-2023.12-SP3,V-2023.12-SP4,0.6489,0.116,0.00046909999999999996,0.7654,0.7649,0.956125,0.41829999999999995,0.06054,1.175e-05,0.4789,0.1628,0.02643,0.00037029999999999995,0.1896,0.06781000000000001,0.029050000000000003,8.709e-05,0.09695,0.0,0.0,0.0,0.0,0.0,0.0,0.0,0.0,0.0,0.0,0.0,0.0,0.0,0.0,0.0,0.0,vectored,random,2,2026-07-25T03:35:11+00:00
intadd_12_12_20_5_5nm_TT_0V7_25C_1333p33MHz,intadd,a_width=12;b_width=12;out_width=20;pipeline_stages=5,5nm,TT,0.7,25.0,0.75,1333.3333333333333,12,12,20,5,V-2023.12-SP4,220,123,97,23.7804,7.4844,16.296,0.4409090909090909,0.6852702225362063,0.27,0.26,0.0,0,V-2023.12-SP4,224,127,97,24.08,7.79,16.3,33.1296,0.7269,0.4330357142857143,0.6769102990033223,0.19,0.34,0.0,0,V-2023.12-SP3,V-2023.12-SP4,0.4325,0.04411,0.0002384,0.4769,0.47661,0.3574575,0.3317,0.005603,4.291e-06,0.3373,0.06126000000000001,0.01243,0.0001786,0.07386999999999999,0.03961,0.026080000000000002,5.546e-05,0.06574,0.0,0.0,0.0,0.0,0.0,0.0,0.0,0.0,0.0,0.0,0.0,0.0,0.0,0.0,0.0,0.0,unvectored,none,2,2026-07-25T03:35:23+00:00
intadd_12_12_20_5_5nm_TT_0V7_25C_800MHz,intadd,a_width=12;b_width=12;out_width=20;pipeline_stages=5,5nm,TT,0.7,25.0,1.25,800.0,12,12,20,5,V-2023.12-SP4,220,123,97,23.7804,7.4844,16.296,0.4409090909090909,0.6852702225362063,0.02,0.59,0.0,0,V-2023.12-SP4,228,131,97,24.51,8.22,16.3,33.1296,0.7399,0.42543859649122806,0.6650346797225622,0.44,0.68,0.0,0,V-2023.12-SP3,V-2023.12-SP4,0.2844,0.06763,0.00024680000000000004,0.3522,0.35202999999999995,0.44003749999999997,0.2239,0.0446,1.268e-05,0.2685,0.03672,0.007451,0.0001786,0.04435,0.02377,0.015569999999999999,5.545e-05,0.039400000000000004,0.0,0.0,0.0,0.0,0.0,0.0,0.0,0.0,0.0,0.0,0.0,0.0,0.0,0.0,0.0,0.0,unvectored,none,2,2026-07-25T03:35:28+00:00
intadd_12_12_20_5_5nm_TT_0V7_25C_1333p33MHz,intadd,a_width=12;b_width=12;out_width=20;pipeline_stages=5,5nm,TT,0.7,25.0,0.75,1333.3333333333333,12,12,20,5,V-2023.12-SP4,220,123,97,23.7804,7.4844,16.296,0.4409090909090909,0.6852702225362063,0.27,0.26,0.0,0,V-2023.12-SP4,224,127,97,24.08,7.79,16.3,33.1296,0.7269,0.4330357142857143,0.6769102990033223,0.19,0.34,0.0,0,V-2023.12-SP3,V-2023.12-SP4,0.5351,0.06872,0.0002261,0.6040000000000001,0.60382,0.452865,0.33349999999999996,0.005603,4.291e-06,0.3391,0.13640000000000002,0.03108,0.0001623,0.1676,0.0652,0.03203,5.952e-05,0.09729,0.0,0.0,0.0,0.0,0.0,0.0,0.0,0.0,0.0,0.0,0.0,0.0,0.0,0.0,0.0,0.0,vectored,random,2,2026-07-25T03:35:29+00:00
intadd_12_12_20_5_5nm_TT_0V7_25C_800MHz,intadd,a_width=12;b_width=12;out_width=20;pipeline_stages=5,5nm,TT,0.7,25.0,1.25,800.0,12,12,20,5,V-2023.12-SP4,220,123,97,23.7804,7.4844,16.296,0.4409090909090909,0.6852702225362063,0.02,0.59,0.0,0,V-2023.12-SP4,228,131,97,24.51,8.22,16.3,33.1296,0.7399,0.42543859649122806,0.6650346797225622,0.44,0.68,0.0,0,V-2023.12-SP3,V-2023.12-SP4,0.3458,0.08252999999999999,0.00023349999999999998,0.42860000000000004,0.42833,0.5354125,0.2251,0.0446,1.268e-05,0.2697,0.08195,0.01863,0.0001613,0.1007,0.0388,0.0193,5.952e-05,0.058159999999999996,0.0,0.0,0.0,0.0,0.0,0.0,0.0,0.0,0.0,0.0,0.0,0.0,0.0,0.0,0.0,0.0,vectored,random,2,2026-07-25T03:35:34+00:00
intadd_12_12_20_3_7nm_TT_0V75_25C_1000MHz,intadd,a_width=12;b_width=12;out_width=20;pipeline_stages=3,7nm,TT,0.75,25.0,1.0,1000.0,12,12,20,3,V-2023.12-SP4,122,70,52,24.095233,7.322112,16.773121,0.4262295081967213,0.6961178171632538,0.45,0.33,0.0,0,V-2023.12-SP4,128,76,52,25.39,8.61,16.77,33.7559,0.752,0.40625,0.6604962583694367,0.32,0.56,0.0,0,V-2023.12-SP3,V-2023.12-SP4,0.2332,0.05237,0.0001793,0.2857,0.28557,0.28557,0.18689999999999998,0.036109999999999996,1.307e-05,0.2231,0.02758,0.004815,0.0001334,0.03252,0.01864,0.01144,3.278e-05,0.03012,0.0,0.0,0.0,0.0,0.0,0.0,0.0,0.0,0.0,0.0,0.0,0.0,0.0,0.0,0.0,0.0,unvectored,none,2,2026-07-25T03:36:02+00:00
intadd_12_12_20_3_7nm_TT_0V75_25C_1000MHz,intadd,a_width=12;b_width=12;out_width=20;pipeline_stages=3,7nm,TT,0.75,25.0,1.0,1000.0,12,12,20,3,V-2023.12-SP4,122,70,52,24.095233,7.322112,16.773121,0.4262295081967213,0.6961178171632538,0.45,0.33,0.0,0,V-2023.12-SP4,128,76,52,25.39,8.61,16.77,33.7559,0.752,0.40625,0.6604962583694367,0.32,0.56,0.0,0,V-2023.12-SP3,V-2023.12-SP4,0.2802,0.0637,0.0002074,0.3442,0.3439,0.3439,0.18689999999999998,0.036109999999999996,1.306e-05,0.223,0.061290000000000004,0.01202,0.0001604,0.07347999999999999,0.03207,0.015560000000000001,3.392e-05,0.047670000000000004,0.0,0.0,0.0,0.0,0.0,0.0,0.0,0.0,0.0,0.0,0.0,0.0,0.0,0.0,0.0,0.0,vectored,random,2,2026-07-25T03:36:09+00:00
intadd_16_16_16_2_10nm_TT_0V8_25C_1333p33MHz,intadd,a_width=16;b_width=16;out_width=16;pipeline_stages=2,10nm,TT,0.8,25.0,0.75,1333.3333333333333,16,16,16,2,V-2023.12-SP4,190,142,48,45.680641,16.18944,29.491201,0.25263157894736843,0.6455951657946306,0.52,0.01,0.0,0,V-2023.12-SP4,192,144,48,46.69,17.2,29.49,64.512,0.7238,0.25,0.6316127650460484,0.19,0.34,0.0,0,V-2023.12-SP3,V-2023.12-SP4,0.3261,0.05032,0.0001325,0.3766,0.37642,0.282315,0.24860000000000002,0.01616,6.543e-06,0.2647,0.04421,0.005371,7.033e-05,0.04965,0.03336,0.02878,5.562e-05,0.06219999999999999,0.0,0.0,0.0,0.0,0.0,0.0,0.0,0.0,0.0,0.0,0.0,0.0,0.0,0.0,0.0,0.0,unvectored,none,2,2026-07-25T03:36:26+00:00
intadd_16_16_16_2_20nm_TT_0V9_25C_571p429MHz,intadd,a_width=16;b_width=16;out_width=16;pipeline_stages=2,20nm,TT,0.9,25.0,1.75,571.4285714285714,16,16,16,2,V-2023.12-SP4,188,140,48,156.499199,55.1232,101.375999,0.2553191489361702,0.6477732771015652,1.42,0.09,0.0,0,V-2023.12-SP4,187,139,48,157.13,55.76,101.38,214.7904,0.7316,0.25668449197860965,0.6451982434926494,0.73,0.78,0.0,0,V-2023.12-SP3,V-2023.12-SP4,0.21359999999999998,0.02024,0.00014439999999999999,0.23399999999999999,0.23384,0.40922,0.1597,0.0,0.0,0.1597,0.03137,0.0032830000000000003,7.282999999999999e-05,0.03472,0.022520000000000002,0.01695,7.155e-05,0.03954,0.0,0.0,0.0,0.0,0.0,0.0,0.0,0.0,0.0,0.0,0.0,0.0,0.0,0.0,0.0,0.0,unvectored,none,2,2026-07-25T03:36:27+00:00
intadd_16_16_16_2_10nm_TT_0V8_25C_1333p33MHz,intadd,a_width=16;b_width=16;out_width=16;pipeline_stages=2,10nm,TT,0.8,25.0,0.75,1333.3333333333333,16,16,16,2,V-2023.12-SP4,190,142,48,45.680641,16.18944,29.491201,0.25263157894736843,0.6455951657946306,0.52,0.01,0.0,0,V-2023.12-SP4,192,144,48,46.69,17.2,29.49,64.512,0.7238,0.25,0.6316127650460484,0.19,0.34,0.0,0,V-2023.12-SP3,V-2023.12-SP4,0.3946,0.07544,0.0001401,0.4702,0.47004,0.35253,0.2484,0.01616,6.543e-06,0.2646,0.09519999999999999,0.01345,7.568e-05,0.1087,0.05105,0.04583,5.791e-05,0.09694,0.0,0.0,0.0,0.0,0.0,0.0,0.0,0.0,0.0,0.0,0.0,0.0,0.0,0.0,0.0,0.0,vectored,random,2,2026-07-25T03:36:33+00:00
intadd_16_16_16_2_20nm_TT_0V9_25C_571p429MHz,intadd,a_width=16;b_width=16;out_width=16;pipeline_stages=2,20nm,TT,0.9,25.0,1.75,571.4285714285714,16,16,16,2,V-2023.12-SP4,188,140,48,156.499199,55.1232,101.375999,0.2553191489361702,0.6477732771015652,1.42,0.09,0.0,0,V-2023.12-SP4,187,139,48,157.13,55.76,101.38,214.7904,0.7316,0.25668449197860965,0.6451982434926494,0.73,0.78,0.0,0,V-2023.12-SP3,V-2023.12-SP4,0.26380000000000003,0.034730000000000004,0.0001642,0.2987,0.29853,0.5224275,0.1601,0.0,0.0,0.1601,0.06755,0.008216999999999999,8.742e-05,0.07585,0.036149999999999995,0.02651,7.674e-05,0.06274,0.0,0.0,0.0,0.0,0.0,0.0,0.0,0.0,0.0,0.0,0.0,0.0,0.0,0.0,0.0,0.0,vectored,random,2,2026-07-25T03:36:34+00:00
intadd_16_16_16_3_20nm_TT_0V9_25C_1000MHz,intadd,a_width=16;b_width=16;out_width=16;pipeline_stages=3,20nm,TT,0.9,25.0,1.0,1000.0,16,16,16,3,V-2023.12-SP4,247,174,73,222.499199,68.3232,154.175999,0.29554655870445345,0.692928332744245,0.76,0.0,0.0,0,V-2023.12-SP4,248,175,73,227.15,72.97,154.18,313.632,0.7242,0.29435483870967744,0.6787585296059873,0.36,0.4,0.0,0,V-2023.12-SP3,V-2023.12-SP4,0.5915,0.08301,0.00021050000000000002,0.6747,0.67451,0.67451,0.4611,0.038779999999999995,9.58e-06,0.49989999999999996,0.08065,0.008442,0.00011070000000000001,0.0892,0.04974,0.03579,9.022e-05,0.08562,0.0,0.0,0.0,0.0,0.0,0.0,0.0,0.0,0.0,0.0,0.0,0.0,0.0,0.0,0.0,0.0,unvectored,none,2,2026-07-25T03:36:35+00:00
intadd_16_16_16_3_20nm_TT_0V9_25C_1000MHz,intadd,a_width=16;b_width=16;out_width=16;pipeline_stages=3,20nm,TT,0.9,25.0,1.0,1000.0,16,16,16,3,V-2023.12-SP4,247,174,73,222.499199,68.3232,154.175999,0.29554655870445345,0.692928332744245,0.76,0.0,0.0,0,V-2023.12-SP4,248,175,73,227.15,72.97,154.18,313.632,0.7242,0.29435483870967744,0.6787585296059873,0.36,0.4,0.0,0,V-2023.12-SP3,V-2023.12-SP4,0.7200000000000001,0.1118,0.000241,0.8321,0.8318000000000001,0.8318000000000001,0.4623,0.038779999999999995,9.58e-06,0.5011,0.17789999999999997,0.02116,0.0001332,0.1992,0.07982,0.051870000000000006,9.822e-05,0.1318,0.0,0.0,0.0,0.0,0.0,0.0,0.0,0.0,0.0,0.0,0.0,0.0,0.0,0.0,0.0,0.0,vectored,random,2,2026-07-25T03:36:41+00:00
intadd_12_12_20_5_7nm_TT_0V75_25C_1333p33MHz,intadd,a_width=12;b_width=12;out_width=20;pipeline_stages=5,7nm,TT,0.75,25.0,0.75,1333.3333333333333,12,12,20,5,V-2023.12-SP4,220,123,97,44.142337,12.854016,31.288321,0.4409090909090909,0.7088052678316511,0.28,0.25,0.0,0,V-2023.12-SP4,234,137,97,43.93,12.64,31.29,61.996,0.7086,0.41452991452991456,0.7122695196904165,0.19,0.34,0.0,0,V-2023.12-SP3,V-2023.12-SP4,0.4634,0.04057,0.0003079,0.5043,0.50397,0.3779775,0.3573,0.0,0.0,0.3573,0.06633,0.011909999999999999,0.0002483,0.07849,0.03976,0.02866,5.959e-05,0.06848,0.0,0.0,0.0,0.0,0.0,0.0,0.0,0.0,0.0,0.0,0.0,0.0,0.0,0.0,0.0,0.0,unvectored,none,2,2026-07-25T03:36:44+00:00
intadd_16_16_16_2_16nm_TT_0V85_25C_666p667MHz,intadd,a_width=16;b_width=16;out_width=16;pipeline_stages=2,16nm,TT,0.85,25.0,1.5,666.6666666666666,16,16,16,2,V-2023.12-SP4,188,140,48,92.192259,32.472577,59.719683,0.2553191489361702,0.6477732908139283,0.99,0.28,0.0,0,V-2023.12-SP4,191,143,48,109.42,47.84,61.59,125.2869,0.8734,0.2513089005235602,0.56287698775361,0.59,0.72,0.0,0,V-2023.12-SP3,V-2023.12-SP4,0.33780000000000004,0.07121000000000001,0.3214,0.7303999999999999,0.40901000000000004,0.613515,0.2834,0.04998,0.3211,0.6545,0.0324,0.003408,0.00019500000000000002,0.036000000000000004,0.02209,0.01782,5.821e-05,0.03997,0.0,0.0,0.0,0.0,0.0,0.0,0.0,0.0,0.0,0.0,0.0,0.0,0.0,0.0,0.0,0.0,unvectored,none,2,2026-07-25T03:36:44+00:00
intadd_12_12_20_5_7nm_TT_0V75_25C_1333p33MHz,intadd,a_width=12;b_width=12;out_width=20;pipeline_stages=5,7nm,TT,0.75,25.0,0.75,1333.3333333333333,12,12,20,5,V-2023.12-SP4,220,123,97,44.142337,12.854016,31.288321,0.4409090909090909,0.7088052678316511,0.28,0.25,0.0,0,V-2023.12-SP4,234,137,97,43.93,12.64,31.29,61.996,0.7086,0.41452991452991456,0.7122695196904165,0.19,0.34,0.0,0,V-2023.12-SP3,V-2023.12-SP4,0.5718,0.06353,0.0003592,0.6357,0.63533,0.47649749999999996,0.357,0.0,0.0,0.357,0.14809999999999998,0.02978,0.0002977,0.1782,0.06672,0.03374,6.154e-05,0.1005,0.0,0.0,0.0,0.0,0.0,0.0,0.0,0.0,0.0,0.0,0.0,0.0,0.0,0.0,0.0,0.0,vectored,random,2,2026-07-25T03:36:50+00:00
intadd_16_16_16_2_16nm_TT_0V85_25C_666p667MHz,intadd,a_width=16;b_width=16;out_width=16;pipeline_stages=2,16nm,TT,0.85,25.0,1.5,666.6666666666666,16,16,16,2,V-2023.12-SP4,188,140,48,92.192259,32.472577,59.719683,0.2553191489361702,0.6477732908139283,0.99,0.28,0.0,0,V-2023.12-SP4,191,143,48,109.42,47.84,61.59,125.2869,0.8734,0.2513089005235602,0.56287698775361,0.59,0.72,0.0,0,V-2023.12-SP3,V-2023.12-SP4,0.3909,0.08737,0.3214,0.7997,0.47827000000000003,0.7174050000000001,0.2836,0.04998,0.3211,0.6547000000000001,0.07099,0.008531,0.000169,0.07969000000000001,0.036359999999999996,0.02887,6.23e-05,0.06529,0.0,0.0,0.0,0.0,0.0,0.0,0.0,0.0,0.0,0.0,0.0,0.0,0.0,0.0,0.0,0.0,vectored,random,2,2026-07-25T03:36:50+00:00
intadd_12_12_20_5_7nm_TT_0V75_25C_800MHz,intadd,a_width=12;b_width=12;out_width=20;pipeline_stages=5,7nm,TT,0.75,25.0,1.25,800.0,12,12,20,5,V-2023.12-SP4,220,123,97,44.142337,12.854016,31.288321,0.4409090909090909,0.7088052678316511,0.02,0.59,0.0,0,V-2023.12-SP4,241,144,97,45.55,14.26,31.29,61.996,0.7347,0.4024896265560166,0.6869374313940725,0.44,0.69,0.0,0,V-2023.12-SP3,V-2023.12-SP4,0.3347,0.07287,0.0003286,0.408,0.40757,0.5094624999999999,0.2713,0.04879,2.0929999999999998e-05,0.3201,0.039740000000000004,0.006979,0.00024849999999999997,0.04697,0.02367,0.01711,5.914e-05,0.04083,0.0,0.0,0.0,0.0,0.0,0.0,0.0,0.0,0.0,0.0,0.0,0.0,0.0,0.0,0.0,0.0,unvectored,none,2,2026-07-25T03:36:57+00:00
intadd_16_16_16_3_16nm_TT_0V85_25C_1333p33MHz,intadd,a_width=16;b_width=16;out_width=16;pipeline_stages=3,16nm,TT,0.85,25.0,0.75,1333.3333333333333,16,16,16,3,V-2023.12-SP4,249,176,73,131.383301,40.559617,90.823684,0.2931726907630522,0.6912878829250911,0.52,0.0,0.0,0,V-2023.12-SP4,247,174,73,135.92,43.36,92.57,180.2788,0.754,0.29554655870445345,0.6810623896409653,0.21,0.31,0.0,0,V-2023.12-SP3,V-2023.12-SP4,0.6607,0.09305,0.06464,0.8183,0.7537499999999999,0.5653124999999999,0.5139,0.04011,0.06422,0.6182,0.09255999999999999,0.009901,0.0003395,0.1028,0.05418,0.043050000000000005,7.356000000000001e-05,0.09731000000000001,0.0,0.0,0.0,0.0,0.0,0.0,0.0,0.0,0.0,0.0,0.0,0.0,0.0,0.0,0.0,0.0,unvectored,none,2,2026-07-25T03:37:00+00:00
intadd_16_16_16_2_10nm_TT_0V8_25C_800MHz,intadd,a_width=16;b_width=16;out_width=16;pipeline_stages=2,10nm,TT,0.8,25.0,1.25,800.0,16,16,16,2,V-2023.12-SP4,118,70,48,45.250562,15.75936,29.491201,0.4067796610169492,0.6517311541898639,0.82,0.21,0.0,0,V-2023.12-SP4,122,74,48,47.25,17.76,29.49,61.44,0.769,0.39344262295081966,0.6241269841269841,0.45,0.68,0.0,0,V-2023.12-SP3,V-2023.12-SP4,0.2255,0.04423,0.0001284,0.26990000000000003,0.26973,0.33716250000000003,0.1761,0.026889999999999997,1.355e-05,0.203,0.02664,0.0052959999999999995,7.034000000000001e-05,0.03201,0.02279,0.01205,4.448e-05,0.03488,0.0,0.0,0.0,0.0,0.0,0.0,0.0,0.0,0.0,0.0,0.0,0.0,0.0,0.0,0.0,0.0,unvectored,none,2,2026-07-25T03:37:00+00:00
intadd_12_12_20_5_7nm_TT_0V75_25C_800MHz,intadd,a_width=12;b_width=12;out_width=20;pipeline_stages=5,7nm,TT,0.75,25.0,1.25,800.0,12,12,20,5,V-2023.12-SP4,220,123,97,44.142337,12.854016,31.288321,0.4409090909090909,0.7088052678316511,0.02,0.59,0.0,0,V-2023.12-SP4,241,144,97,45.55,14.26,31.29,61.996,0.7347,0.4024896265560166,0.6869374313940725,0.44,0.69,0.0,0,V-2023.12-SP3,V-2023.12-SP4,0.4001,0.08709,0.0003796,0.4875,0.48719,0.6089875,0.2712,0.04879,2.09e-05,0.3201,0.0892,0.01745,0.0002979,0.1069,0.03963,0.020849999999999997,6.081e-05,0.06055,0.0,0.0,0.0,0.0,0.0,0.0,0.0,0.0,0.0,0.0,0.0,0.0,0.0,0.0,0.0,0.0,vectored,random,2,2026-07-25T03:37:04+00:00
intadd_16_16_16_3_16nm_TT_0V85_25C_1333p33MHz,intadd,a_width=16;b_width=16;out_width=16;pipeline_stages=3,16nm,TT,0.85,25.0,0.75,1333.3333333333333,16,16,16,3,V-2023.12-SP4,249,176,73,131.383301,40.559617,90.823684,0.2931726907630522,0.6912878829250911,0.52,0.0,0.0,0,V-2023.12-SP4,247,174,73,135.92,43.36,92.57,180.2788,0.754,0.29554655870445345,0.6810623896409653,0.21,0.31,0.0,0,V-2023.12-SP3,V-2023.12-SP4,0.809,0.1271,0.06459000000000001,1.001,0.9361,0.702075,0.515,0.04011,0.06422,0.6193000000000001,0.2052,0.024810000000000002,0.0002853,0.23029999999999998,0.08879,0.06222,7.993e-05,0.15109999999999998,0.0,0.0,0.0,0.0,0.0,0.0,0.0,0.0,0.0,0.0,0.0,0.0,0.0,0.0,0.0,0.0,vectored,random,2,2026-07-25T03:37:06+00:00
intadd_16_16_16_2_10nm_TT_0V8_25C_800MHz,intadd,a_width=16;b_width=16;out_width=16;pipeline_stages=2,10nm,TT,0.8,25.0,1.25,800.0,16,16,16,2,V-2023.12-SP4,118,70,48,45.250562,15.75936,29.491201,0.4067796610169492,0.6517311541898639,0.82,0.21,0.0,0,V-2023.12-SP4,122,74,48,47.25,17.76,29.49,61.44,0.769,0.39344262295081966,0.6241269841269841,0.45,0.68,0.0,0,V-2023.12-SP3,V-2023.12-SP4,0.2736,0.05869,0.0001367,0.3325,0.33229000000000003,0.4153625,0.176,0.026889999999999997,1.355e-05,0.2029,0.059,0.01324,7.617e-05,0.07232,0.03861,0.01856,4.694e-05,0.05722,0.0,0.0,0.0,0.0,0.0,0.0,0.0,0.0,0.0,0.0,0.0,0.0,0.0,0.0,0.0,0.0,vectored,random,2,2026-07-25T03:37:07+00:00
intadd_16_16_16_3_10nm_TT_0V8_25C_1333p33MHz,intadd,a_width=16;b_width=16;out_width=16;pipeline_stages=3,10nm,TT,0.8,25.0,0.75,1333.3333333333333,16,16,16,3,V-2023.12-SP4,168,95,73,63.682562,18.83136,44.851202,0.43452380952380953,0.7042933040288172,0.48,0.05,0.0,0,V-2023.12-SP4,169,96,73,63.81,18.95,44.85,87.7363,0.7272,0.4319526627218935,0.7028678890456042,0.2,0.34,0.0,0,V-2023.12-SP3,V-2023.12-SP4,0.4531,0.03647,0.0001639,0.4897,0.48957,0.3671775,0.3412,0.0,0.0,0.3412,0.06506,0.01121,0.000107,0.07637000000000001,0.04686,0.025259999999999998,5.685e-05,0.07217,0.0,0.0,0.0,0.0,0.0,0.0,0.0,0.0,0.0,0.0,0.0,0.0,0.0,0.0,0.0,0.0,unvectored,none,2,2026-07-25T03:37:12+00:00
intadd_16_16_16_3_10nm_TT_0V8_25C_1333p33MHz,intadd,a_width=16;b_width=16;out_width=16;pipeline_stages=3,10nm,TT,0.8,25.0,0.75,1333.3333333333333,16,16,16,3,V-2023.12-SP4,168,95,73,63.682562,18.83136,44.851202,0.43452380952380953,0.7042933040288172,0.48,0.05,0.0,0,V-2023.12-SP4,169,96,73,63.81,18.95,44.85,87.7363,0.7272,0.4319526627218935,0.7028678890456042,0.2,0.34,0.0,0,V-2023.12-SP3,V-2023.12-SP4,0.5608,0.06206999999999999,0.0001757,0.623,0.6228699999999999,0.46715249999999997,0.3409,0.0,0.0,0.3409,0.14459999999999998,0.028050000000000002,0.0001152,0.1728,0.07526,0.03402,6.045e-05,0.1093,0.0,0.0,0.0,0.0,0.0,0.0,0.0,0.0,0.0,0.0,0.0,0.0,0.0,0.0,0.0,0.0,vectored,random,2,2026-07-25T03:37:18+00:00
intadd_16_16_16_2_5nm_TT_0V7_25C_1333p33MHz,intadd,a_width=16;b_width=16;out_width=16;pipeline_stages=2,5nm,TT,0.7,25.0,0.75,1333.3333333333333,16,16,16,2,V-2023.12-SP4,188,140,48,12.936,4.872,8.064,0.2553191489361702,0.6233766233766234,0.46,0.07,0.0,0,V-2023.12-SP4,186,138,48,12.89,4.83,8.06,17.85,0.7224,0.25806451612903225,0.6252909231962762,0.19,0.34,0.0,0,V-2023.12-SP3,V-2023.12-SP4,0.2103,0.02883,0.0001288,0.2392,0.23912999999999998,0.1793475,0.15239999999999998,0.0,0.0,0.15239999999999998,0.03248,0.004778,8.833e-05,0.03735,0.02535,0.02405,4.049e-05,0.04944,0.0,0.0,0.0,0.0,0.0,0.0,0.0,0.0,0.0,0.0,0.0,0.0,0.0,0.0,0.0,0.0,unvectored,none,2,2026-07-25T03:37:20+00:00
intadd_16_16_16_3_20nm_TT_0V9_25C_571p429MHz,intadd,a_width=16;b_width=16;out_width=16;pipeline_stages=3,20nm,TT,0.9,25.0,1.75,571.4285714285714,16,16,16,3,V-2023.12-SP4,168,95,73,218.908799,64.7328,154.175999,0.43452380952380953,0.7042932933910985,1.21,0.31,0.0,0,V-2023.12-SP4,170,97,73,223.13,68.96,154.18,308.9856,0.7221,0.4294117647058823,0.6909873168108278,0.73,0.78,0.0,0,V-2023.12-SP3,V-2023.12-SP4,0.33290000000000003,0.0252,0.0001897,0.3583,0.35810000000000003,0.6266750000000001,0.25549999999999995,0.0036839999999999998,6.966e-06,0.2591,0.04615,0.00621,0.0001108,0.052469999999999996,0.031279999999999995,0.01531,7.186999999999999e-05,0.04666,0.0,0.0,0.0,0.0,0.0,0.0,0.0,0.0,0.0,0.0,0.0,0.0,0.0,0.0,0.0,0.0,unvectored,none,2,2026-07-25T03:37:20+00:00
intadd_16_16_16_3_16nm_TT_0V85_25C_800MHz,intadd,a_width=16;b_width=16;out_width=16;pipeline_stages=3,16nm,TT,0.85,25.0,1.25,800.0,16,16,16,3,V-2023.12-SP4,168,95,73,128.957189,38.133505,90.823684,0.43452380952380953,0.7042932984527136,0.82,0.2,0.0,0,V-2023.12-SP4,185,112,73,143.2,49.64,93.56,178.848,0.8007,0.3945945945945946,0.6533519553072626,0.47,0.6,0.0,0,V-2023.12-SP3,V-2023.12-SP4,0.475,0.09556999999999999,0.1288,0.6994,0.57057,0.7132125,0.3813,0.06759,0.1285,0.5774,0.05701,0.007837,0.0003006,0.06514,0.03672,0.020149999999999998,5.953e-05,0.05692,0.0,0.0,0.0,0.0,0.0,0.0,0.0,0.0,0.0,0.0,0.0,0.0,0.0,0.0,0.0,0.0,unvectored,none,2,2026-07-25T03:37:22+00:00
intadd_16_16_16_2_5nm_TT_0V7_25C_1333p33MHz,intadd,a_width=16;b_width=16;out_width=16;pipeline_stages=2,5nm,TT,0.7,25.0,0.75,1333.3333333333333,16,16,16,2,V-2023.12-SP4,188,140,48,12.936,4.872,8.064,0.2553191489361702,0.6233766233766234,0.46,0.07,0.0,0,V-2023.12-SP4,186,138,48,12.89,4.83,8.06,17.85,0.7224,0.25806451612903225,0.6252909231962762,0.19,0.34,0.0,0,V-2023.12-SP3,V-2023.12-SP4,0.26899999999999996,0.054110000000000005,0.00012279999999999998,0.3232,0.32310999999999995,0.24233249999999995,0.15330000000000002,0.0,0.0,0.15330000000000002,0.07067,0.01196,8.039e-05,0.08271,0.04496,0.04216,4.243e-05,0.08716,0.0,0.0,0.0,0.0,0.0,0.0,0.0,0.0,0.0,0.0,0.0,0.0,0.0,0.0,0.0,0.0,vectored,random,2,2026-07-25T03:37:26+00:00
intadd_16_16_16_3_20nm_TT_0V9_25C_571p429MHz,intadd,a_width=16;b_width=16;out_width=16;pipeline_stages=3,20nm,TT,0.9,25.0,1.75,571.4285714285714,16,16,16,3,V-2023.12-SP4,168,95,73,218.908799,64.7328,154.175999,0.43452380952380953,0.7042932933910985,1.21,0.31,0.0,0,V-2023.12-SP4,170,97,73,223.13,68.96,154.18,308.9856,0.7221,0.4294117647058823,0.6909873168108278,0.73,0.78,0.0,0,V-2023.12-SP3,V-2023.12-SP4,0.4084,0.03975,0.0002202,0.4484,0.44815,0.7842625,0.25589999999999996,0.0036839999999999998,6.966e-06,0.2595,0.1025,0.01554,0.0001332,0.1182,0.05007,0.020530000000000003,8.01e-05,0.07067999999999999,0.0,0.0,0.0,0.0,0.0,0.0,0.0,0.0,0.0,0.0,0.0,0.0,0.0,0.0,0.0,0.0,vectored,random,2,2026-07-25T03:37:27+00:00
intadd_16_16_16_3_16nm_TT_0V85_25C_800MHz,intadd,a_width=16;b_width=16;out_width=16;pipeline_stages=3,16nm,TT,0.85,25.0,1.25,800.0,16,16,16,3,V-2023.12-SP4,168,95,73,128.957189,38.133505,90.823684,0.43452380952380953,0.7042932984527136,0.82,0.2,0.0,0,V-2023.12-SP4,185,112,73,143.2,49.64,93.56,178.848,0.8007,0.3945945945945946,0.6533519553072626,0.47,0.6,0.0,0,V-2023.12-SP3,V-2023.12-SP4,0.5675,0.1125,0.1288,0.8088000000000001,0.68,0.8500000000000001,0.38180000000000003,0.06759,0.1285,0.5778,0.12789999999999999,0.01961,0.0002594,0.1478,0.05783,0.025320000000000002,6.601e-05,0.08322,0.0,0.0,0.0,0.0,0.0,0.0,0.0,0.0,0.0,0.0,0.0,0.0,0.0,0.0,0.0,0.0,vectored,random,2,2026-07-25T03:37:29+00:00
intadd_16_16_16_2_5nm_TT_0V7_25C_800MHz,intadd,a_width=16;b_width=16;out_width=16;pipeline_stages=2,5nm,TT,0.7,25.0,1.25,800.0,16,16,16,2,V-2023.12-SP4,118,70,48,12.7512,4.6872,8.064,0.4067796610169492,0.6324110671936759,0.61,0.42,0.0,0,V-2023.12-SP4,122,74,48,13.29,5.22,8.06,17.85,0.7445,0.39344262295081966,0.6064710308502634,0.44,0.68,0.0,0,V-2023.12-SP3,V-2023.12-SP4,0.1535,0.04168,0.0001313,0.19540000000000002,0.19518,0.243975,0.1175,0.02736,1.019e-05,0.1449,0.01946,0.00406,8.836e-05,0.0236,0.0166,0.01027,3.274e-05,0.0269,0.0,0.0,0.0,0.0,0.0,0.0,0.0,0.0,0.0,0.0,0.0,0.0,0.0,0.0,0.0,0.0,unvectored,none,2,2026-07-25T03:37:40+00:00
intadd_16_16_16_3_5nm_TT_0V7_25C_1333p33MHz,intadd,a_width=16;b_width=16;out_width=16;pipeline_stages=3,5nm,TT,0.7,25.0,0.75,1333.3333333333333,16,16,16,3,V-2023.12-SP4,168,95,73,18.0012,5.7372,12.264,0.43452380952380953,0.6812879141390573,0.37,0.16,0.0,0,V-2023.12-SP4,170,97,73,18.04,5.78,12.26,25.452,0.7089,0.4294117647058823,0.6796008869179601,0.19,0.34,0.0,0,V-2023.12-SP3,V-2023.12-SP4,0.3135,0.02951,0.000176,0.3431,0.34301,0.2572575,0.2327,0.0,0.0,0.2327,0.047599999999999996,0.00859,0.0001343,0.05632,0.033120000000000004,0.02092,4.171e-05,0.054079999999999996,0.0,0.0,0.0,0.0,0.0,0.0,0.0,0.0,0.0,0.0,0.0,0.0,0.0,0.0,0.0,0.0,unvectored,none,2,2026-07-25T03:37:44+00:00
intadd_16_16_16_2_5nm_TT_0V7_25C_800MHz,intadd,a_width=16;b_width=16;out_width=16;pipeline_stages=2,5nm,TT,0.7,25.0,1.25,800.0,16,16,16,2,V-2023.12-SP4,118,70,48,12.7512,4.6872,8.064,0.4067796610169492,0.6324110671936759,0.61,0.42,0.0,0,V-2023.12-SP4,122,74,48,13.29,5.22,8.06,17.85,0.7445,0.39344262295081966,0.6064710308502634,0.44,0.68,0.0,0,V-2023.12-SP3,V-2023.12-SP4,0.18939999999999999,0.05277,0.00012450000000000002,0.2422,0.24217,0.3027125,0.118,0.02736,1.02e-05,0.1454,0.043050000000000005,0.01015,7.942000000000001e-05,0.05329,0.02826,0.01526,3.49e-05,0.04356,0.0,0.0,0.0,0.0,0.0,0.0,0.0,0.0,0.0,0.0,0.0,0.0,0.0,0.0,0.0,0.0,vectored,random,2,2026-07-25T03:37:46+00:00
intadd_16_16_16_3_5nm_TT_0V7_25C_1333p33MHz,intadd,a_width=16;b_width=16;out_width=16;pipeline_stages=3,5nm,TT,0.7,25.0,0.75,1333.3333333333333,16,16,16,3,V-2023.12-SP4,168,95,73,18.0012,5.7372,12.264,0.43452380952380953,0.6812879141390573,0.37,0.16,0.0,0,V-2023.12-SP4,170,97,73,18.04,5.78,12.26,25.452,0.7089,0.4294117647058823,0.6796008869179601,0.19,0.34,0.0,0,V-2023.12-SP3,V-2023.12-SP4,0.3934,0.04981,0.0001671,0.44329999999999997,0.44321000000000005,0.3324075,0.2341,0.0,0.0,0.2341,0.10490000000000001,0.021500000000000002,0.0001222,0.1265,0.05431,0.02832,4.495e-05,0.08267000000000001,0.0,0.0,0.0,0.0,0.0,0.0,0.0,0.0,0.0,0.0,0.0,0.0,0.0,0.0,0.0,0.0,vectored,random,2,2026-07-25T03:37:51+00:00
intadd_16_16_16_2_7nm_TT_0V75_25C_1333p33MHz,intadd,a_width=16;b_width=16;out_width=16;pipeline_stages=2,7nm,TT,0.75,25.0,0.75,1333.3333333333333,16,16,16,2,V-2023.12-SP4,188,140,48,23.901697,8.418816,15.482881,0.2553191489361702,0.6477732940887001,0.48,0.06,0.0,0,V-2023.12-SP4,186,138,48,23.84,8.35,15.48,33.7559,0.7062,0.25806451612903225,0.6493288590604027,0.19,0.34,0.0,0,V-2023.12-SP3,V-2023.12-SP4,0.23650000000000002,0.02735,0.0001648,0.264,0.26385000000000003,0.19788750000000002,0.17650000000000002,0.0,0.0,0.17650000000000002,0.03496,0.004469,0.000123,0.03955,0.02506,0.02288,4.183e-05,0.047979999999999995,0.0,0.0,0.0,0.0,0.0,0.0,0.0,0.0,0.0,0.0,0.0,0.0,0.0,0.0,0.0,0.0,unvectored,none,2,2026-07-25T03:38:30+00:00
intadd_16_16_16_2_7nm_TT_0V75_25C_1333p33MHz,intadd,a_width=16;b_width=16;out_width=16;pipeline_stages=2,7nm,TT,0.75,25.0,0.75,1333.3333333333333,16,16,16,2,V-2023.12-SP4,188,140,48,23.901697,8.418816,15.482881,0.2553191489361702,0.6477732940887001,0.48,0.06,0.0,0,V-2023.12-SP4,186,138,48,23.84,8.35,15.48,33.7559,0.7062,0.25806451612903225,0.6493288590604027,0.19,0.34,0.0,0,V-2023.12-SP3,V-2023.12-SP4,0.2961,0.05195,0.0001896,0.3482,0.34804999999999997,0.2610375,0.1764,0.0,0.0,0.1764,0.07648999999999999,0.01119,0.0001469,0.08782,0.04321,0.040760000000000005,4.2680000000000005e-05,0.08402,0.0,0.0,0.0,0.0,0.0,0.0,0.0,0.0,0.0,0.0,0.0,0.0,0.0,0.0,0.0,0.0,vectored,random,2,2026-07-25T03:38:36+00:00
intadd_16_16_16_3_10nm_TT_0V8_25C_800MHz,intadd,a_width=16;b_width=16;out_width=16;pipeline_stages=3,10nm,TT,0.8,25.0,1.25,800.0,16,16,16,3,V-2023.12-SP4,168,95,73,63.682562,18.83136,44.851202,0.43452380952380953,0.7042933040288172,0.48,0.55,0.0,0,V-2023.12-SP4,173,100,73,65.8,20.95,44.85,87.7363,0.75,0.42196531791907516,0.6816109422492401,0.45,0.68,0.0,0,V-2023.12-SP3,V-2023.12-SP4,0.3216,0.06253,0.0001782,0.38430000000000003,0.38412999999999997,0.48016249999999994,0.2542,0.04025,1.4279999999999999e-05,0.2945,0.039110000000000006,0.0067540000000000005,0.000107,0.04598,0.02827,0.015529999999999999,5.685e-05,0.043859999999999996,0.0,0.0,0.0,0.0,0.0,0.0,0.0,0.0,0.0,0.0,0.0,0.0,0.0,0.0,0.0,0.0,unvectored,none,2,2026-07-25T03:38:39+00:00
intadd_16_16_16_3_10nm_TT_0V8_25C_800MHz,intadd,a_width=16;b_width=16;out_width=16;pipeline_stages=3,10nm,TT,0.8,25.0,1.25,800.0,16,16,16,3,V-2023.12-SP4,168,95,73,63.682562,18.83136,44.851202,0.43452380952380953,0.7042933040288172,0.48,0.55,0.0,0,V-2023.12-SP4,173,100,73,65.8,20.95,44.85,87.7363,0.75,0.42196531791907516,0.6816109422492401,0.45,0.68,0.0,0,V-2023.12-SP3,V-2023.12-SP4,0.386,0.07778,0.0001906,0.464,0.46378,0.579725,0.2541,0.04025,1.4269999999999999e-05,0.2943,0.08710999999999999,0.016900000000000002,0.0001159,0.1041,0.04482,0.02063,6.045e-05,0.06551,0.0,0.0,0.0,0.0,0.0,0.0,0.0,0.0,0.0,0.0,0.0,0.0,0.0,0.0,0.0,0.0,vectored,random,2,2026-07-25T03:38:46+00:00
intadd_16_16_16_5_20nm_TT_0V9_25C_666p667MHz,intadd,a_width=16;b_width=16;out_width=16;pipeline_stages=5,20nm,TT,0.9,25.0,1.5,666.6666666666666,16,16,16,5,V-2023.12-SP4,268,145,123,345.628798,85.8528,259.775999,0.458955223880597,0.7516040344531708,0.78,0.48,0.0,0,V-2023.12-SP4,273,150,123,347.85,88.07,259.78,479.0016,0.7262,0.45054945054945056,0.7468161563892481,0.61,0.66,0.0,0,V-2023.12-SP3,V-2023.12-SP4,0.6164999999999999,0.03846,0.0002889,0.6553,0.65496,0.98244,0.4802,0.0005963,5.767e-07,0.4808,0.08812,0.0103,0.00018659999999999998,0.09861,0.04819,0.02756,0.0001018,0.07585,0.0,0.0,0.0,0.0,0.0,0.0,0.0,0.0,0.0,0.0,0.0,0.0,0.0,0.0,0.0,0.0,unvectored,none,2,2026-07-25T03:38:51+00:00
intadd_16_16_16_5_20nm_TT_0V9_25C_666p667MHz,intadd,a_width=16;b_width=16;out_width=16;pipeline_stages=5,20nm,TT,0.9,25.0,1.5,666.6666666666666,16,16,16,5,V-2023.12-SP4,268,145,123,345.628798,85.8528,259.775999,0.458955223880597,0.7516040344531708,0.78,0.48,0.0,0,V-2023.12-SP4,273,150,123,347.85,88.07,259.78,479.0016,0.7262,0.45054945054945056,0.7468161563892481,0.61,0.66,0.0,0,V-2023.12-SP3,V-2023.12-SP4,0.7524,0.05464,0.0003412,0.8074,0.80704,1.21056,0.4809,0.0005963,5.767e-07,0.4815,0.1975,0.02582,0.00022490000000000002,0.2235,0.07407,0.028229999999999998,0.0001157,0.10239999999999999,0.0,0.0,0.0,0.0,0.0,0.0,0.0,0.0,0.0,0.0,0.0,0.0,0.0,0.0,0.0,0.0,vectored,random,2,2026-07-25T03:38:57+00:00
intadd_16_16_16_2_7nm_TT_0V75_25C_800MHz,intadd,a_width=16;b_width=16;out_width=16;pipeline_stages=2,7nm,TT,0.75,25.0,1.25,800.0,16,16,16,2,V-2023.12-SP4,118,70,48,23.756544,8.273664,15.482881,0.4067796610169492,0.6517312029897951,0.64,0.4,0.0,0,V-2023.12-SP4,122,74,48,24.92,9.43,15.48,33.7559,0.7382,0.39344262295081966,0.6211878009630818,0.44,0.7,0.0,0,V-2023.12-SP3,V-2023.12-SP4,0.186,0.04108,0.0001702,0.2273,0.22708,0.28385,0.1479,0.02658,1.213e-05,0.17450000000000002,0.02104,0.00413,0.000123,0.02529,0.017070000000000002,0.01037,3.5100000000000006e-05,0.02748,0.0,0.0,0.0,0.0,0.0,0.0,0.0,0.0,0.0,0.0,0.0,0.0,0.0,0.0,0.0,0.0,unvectored,none,2,2026-07-25T03:39:03+00:00
intadd_16_16_16_2_7nm_TT_0V75_25C_800MHz,intadd,a_width=16;b_width=16;out_width=16;pipeline_stages=2,7nm,TT,0.75,25.0,1.25,800.0,16,16,16,2,V-2023.12-SP4,118,70,48,23.756544,8.273664,15.482881,0.4067796610169492,0.6517312029897951,0.64,0.4,0.0,0,V-2023.12-SP4,122,74,48,24.92,9.43,15.48,33.7559,0.7382,0.39344262295081966,0.6211878009630818,0.44,0.7,0.0,0,V-2023.12-SP3,V-2023.12-SP4,0.22440000000000002,0.05268,0.00019600000000000002,0.2773,0.27708,0.34635,0.1479,0.02658,1.2120000000000001e-05,0.17450000000000002,0.0466,0.010329999999999999,0.0001477,0.05707,0.02997,0.01577,3.608e-05,0.04577,0.0,0.0,0.0,0.0,0.0,0.0,0.0,0.0,0.0,0.0,0.0,0.0,0.0,0.0,0.0,0.0,vectored,random,2,2026-07-25T03:39:09+00:00
intadd_16_16_16_5_10nm_TT_0V8_25C_1333p33MHz,intadd,a_width=16;b_width=16;out_width=16;pipeline_stages=5,10nm,TT,0.8,25.0,0.75,1333.3333333333333,16,16,16,5,V-2023.12-SP4,268,145,123,100.546563,24.97536,75.571204,0.458955223880597,0.7516040503542621,0.31,0.22,0.0,0,V-2023.12-SP4,274,151,123,101.74,26.17,75.57,141.8957,0.717,0.4489051094890511,0.7427757027717712,0.2,0.38,0.0,0,V-2023.12-SP3,V-2023.12-SP4,0.7985,0.1623,0.0002684,0.9611,0.9608,0.7206,0.6296,0.1069,5.816e-06,0.7364999999999999,0.1066,0.01554,0.0001803,0.12229999999999999,0.06232,0.03984,8.225e-05,0.1022,0.0,0.0,0.0,0.0,0.0,0.0,0.0,0.0,0.0,0.0,0.0,0.0,0.0,0.0,0.0,0.0,unvectored,none,2,2026-07-25T03:39:16+00:00
intadd_16_16_16_5_16nm_TT_0V85_25C_800MHz,intadd,a_width=16;b_width=16;out_width=16;pipeline_stages=5,16nm,TT,0.85,25.0,1.25,800.0,16,16,16,5,V-2023.12-SP4,268,145,123,203.606792,50.575105,153.031687,0.458955223880597,0.751604037845653,0.53,0.49,0.0,0,V-2023.12-SP4,278,155,123,223.51,64.26,159.25,283.233,0.7891,0.44244604316546765,0.7124960851863451,0.46,0.61,0.0,0,V-2023.12-SP3,V-2023.12-SP4,0.7555,0.1385,0.1932,1.087,0.8939999999999999,1.1175,0.611,0.09813,0.19269999999999998,0.9018,0.09643,0.011009999999999999,0.0004432,0.1079,0.04813,0.02933,8.487e-05,0.07755000000000001,0.0,0.0,0.0,0.0,0.0,0.0,0.0,0.0,0.0,0.0,0.0,0.0,0.0,0.0,0.0,0.0,unvectored,none,2,2026-07-25T03:39:17+00:00
intadd_16_16_16_3_7nm_TT_0V75_25C_1333p33MHz,intadd,a_width=16;b_width=16;out_width=16;pipeline_stages=3,7nm,TT,0.75,25.0,0.75,1333.3333333333333,16,16,16,3,V-2023.12-SP4,168,95,73,33.433345,9.886464,23.546881,0.43452380952380953,0.7042933035865839,0.38,0.15,0.0,0,V-2023.12-SP4,170,97,73,33.51,9.97,23.55,46.5938,0.7193,0.4294117647058823,0.702775290957923,0.19,0.35,0.0,0,V-2023.12-SP3,V-2023.12-SP4,0.3531,0.029580000000000002,0.0002319,0.38289999999999996,0.38268,0.28701,0.2678,0.0,0.0,0.2678,0.05128,0.008666,0.000187,0.06013,0.03396,0.02091,4.491e-05,0.054920000000000004,0.0,0.0,0.0,0.0,0.0,0.0,0.0,0.0,0.0,0.0,0.0,0.0,0.0,0.0,0.0,0.0,unvectored,none,2,2026-07-25T03:39:19+00:00
intadd_16_16_16_5_10nm_TT_0V8_25C_1333p33MHz,intadd,a_width=16;b_width=16;out_width=16;pipeline_stages=5,10nm,TT,0.8,25.0,0.75,1333.3333333333333,16,16,16,5,V-2023.12-SP4,268,145,123,100.546563,24.97536,75.571204,0.458955223880597,0.7516040503542621,0.31,0.22,0.0,0,V-2023.12-SP4,274,151,123,101.74,26.17,75.57,141.8957,0.717,0.4489051094890511,0.7427757027717712,0.2,0.38,0.0,0,V-2023.12-SP3,V-2023.12-SP4,0.9632,0.18689999999999998,0.0002895,1.15,1.1501,0.8625749999999999,0.6293,0.1069,5.816e-06,0.7361,0.2388,0.03895,0.0001953,0.2779,0.09509,0.041100000000000005,8.846e-05,0.1363,0.0,0.0,0.0,0.0,0.0,0.0,0.0,0.0,0.0,0.0,0.0,0.0,0.0,0.0,0.0,0.0,vectored,random,2,2026-07-25T03:39:22+00:00
intadd_16_16_16_5_16nm_TT_0V85_25C_800MHz,intadd,a_width=16;b_width=16;out_width=16;pipeline_stages=5,16nm,TT,0.85,25.0,1.25,800.0,16,16,16,5,V-2023.12-SP4,268,145,123,203.606792,50.575105,153.031687,0.458955223880597,0.751604037845653,0.53,0.49,0.0,0,V-2023.12-SP4,278,155,123,223.51,64.26,159.25,283.233,0.7891,0.44244604316546765,0.7124960851863451,0.46,0.61,0.0,0,V-2023.12-SP3,V-2023.12-SP4,0.9051,0.1558,0.1932,1.254,1.0609,1.326125,0.6116999999999999,0.09813,0.19269999999999998,0.9025,0.219,0.02758,0.0003956,0.247,0.07433999999999999,0.0301,9.585e-05,0.10450000000000001,0.0,0.0,0.0,0.0,0.0,0.0,0.0,0.0,0.0,0.0,0.0,0.0,0.0,0.0,0.0,0.0,vectored,random,2,2026-07-25T03:39:23+00:00
intadd_16_16_16_3_7nm_TT_0V75_25C_1333p33MHz,intadd,a_width=16;b_width=16;out_width=16;pipeline_stages=3,7nm,TT,0.75,25.0,0.75,1333.3333333333333,16,16,16,3,V-2023.12-SP4,168,95,73,33.433345,9.886464,23.546881,0.43452380952380953,0.7042933035865839,0.38,0.15,0.0,0,V-2023.12-SP4,170,97,73,33.51,9.97,23.55,46.5938,0.7193,0.4294117647058823,0.702775290957923,0.19,0.35,0.0,0,V-2023.12-SP3,V-2023.12-SP4,0.44,0.050980000000000004,0.0002702,0.4912,0.49098,0.36823500000000003,0.2677,0.0,0.0,0.2677,0.114,0.02169,0.0002237,0.1359,0.05828,0.02929,4.6450000000000004e-05,0.08761,0.0,0.0,0.0,0.0,0.0,0.0,0.0,0.0,0.0,0.0,0.0,0.0,0.0,0.0,0.0,0.0,vectored,random,2,2026-07-25T03:39:26+00:00
intadd_16_16_16_5_10nm_TT_0V8_25C_800MHz,intadd,a_width=16;b_width=16;out_width=16;pipeline_stages=5,10nm,TT,0.8,25.0,1.25,800.0,16,16,16,5,V-2023.12-SP4,268,145,123,100.546563,24.97536,75.571204,0.458955223880597,0.7516040503542621,0.02,0.59,0.0,0,V-2023.12-SP4,279,156,123,102.7,27.13,75.57,141.8957,0.7237,0.44086021505376344,0.7358325219084711,0.45,0.67,0.0,0,V-2023.12-SP3,V-2023.12-SP4,0.5113,0.1052,0.0002747,0.6168,0.6164999999999999,0.7706249999999999,0.41,0.07199,1.2100000000000001e-05,0.482,0.06401000000000001,0.009335,0.0001803,0.07352,0.03729,0.02392,8.225e-05,0.061290000000000004,0.0,0.0,0.0,0.0,0.0,0.0,0.0,0.0,0.0,0.0,0.0,0.0,0.0,0.0,0.0,0.0,unvectored,none,2,2026-07-25T03:39:27+00:00
intadd_16_16_16_5_10nm_TT_0V8_25C_800MHz,intadd,a_width=16;b_width=16;out_width=16;pipeline_stages=5,10nm,TT,0.8,25.0,1.25,800.0,16,16,16,5,V-2023.12-SP4,268,145,123,100.546563,24.97536,75.571204,0.458955223880597,0.7516040503542621,0.02,0.59,0.0,0,V-2023.12-SP4,279,156,123,102.7,27.13,75.57,141.8957,0.7237,0.44086021505376344,0.7358325219084711,0.45,0.67,0.0,0,V-2023.12-SP3,V-2023.12-SP4,0.6106,0.1204,0.0002964,0.7312,0.731,0.91375,0.4097,0.07199,1.2100000000000001e-05,0.4817,0.1439,0.02339,0.0001959,0.1675,0.05695,0.02499,8.846e-05,0.08202000000000001,0.0,0.0,0.0,0.0,0.0,0.0,0.0,0.0,0.0,0.0,0.0,0.0,0.0,0.0,0.0,0.0,vectored,random,2,2026-07-25T03:39:33+00:00
intadd_16_16_16_3_5nm_TT_0V7_25C_800MHz,intadd,a_width=16;b_width=16;out_width=16;pipeline_stages=3,5nm,TT,0.7,25.0,1.25,800.0,16,16,16,3,V-2023.12-SP4,168,95,73,18.0012,5.7372,12.264,0.43452380952380953,0.6812879141390573,0.02,0.59,0.0,0,V-2023.12-SP4,175,102,73,18.82,6.55,12.26,25.452,0.7393,0.41714285714285715,0.6514346439957491,0.44,0.68,0.0,0,V-2023.12-SP3,V-2023.12-SP4,0.22699999999999998,0.05954,0.0001916,0.2868,0.28653999999999996,0.35817499999999997,0.17880000000000001,0.04185,1.5559999999999997e-05,0.2206,0.02849,0.005148,0.0001343,0.033769999999999994,0.01979,0.01254,4.171e-05,0.03238,0.0,0.0,0.0,0.0,0.0,0.0,0.0,0.0,0.0,0.0,0.0,0.0,0.0,0.0,0.0,0.0,unvectored,none,2,2026-07-25T03:39:34+00:00
intadd_16_16_24_2_20nm_TT_0V9_25C_1000MHz,intadd,a_width=16;b_width=16;out_width=24;pipeline_stages=2,20nm,TT,0.9,25.0,1.0,1000.0,16,16,24,2,V-2023.12-SP4,232,183,49,175.190399,71.7024,103.487999,0.21120689655172414,0.5907172972418425,0.76,0.01,0.0,0,V-2023.12-SP4,231,182,49,177.09,73.6,103.49,238.7616,0.7417,0.21212121212121213,0.584392117002654,0.36,0.4,0.0,0,V-2023.12-SP3,V-2023.12-SP4,0.4032,0.06148,0.0001661,0.46480000000000005,0.46468,0.46468,0.30029999999999996,0.01585,3.483e-06,0.3161,0.05589,0.0063300000000000006,7.433e-05,0.06229,0.04705,0.0393,8.827e-05,0.08644,0.0,0.0,0.0,0.0,0.0,0.0,0.0,0.0,0.0,0.0,0.0,0.0,0.0,0.0,0.0,0.0,unvectored,none,2,2026-07-25T03:39:40+00:00
intadd_16_16_24_2_16nm_TT_0V85_25C_1000MHz,intadd,a_width=16;b_width=16;out_width=24;pipeline_stages=2,16nm,TT,0.85,25.0,1.0,1000.0,16,16,24,2,V-2023.12-SP4,201,152,49,96.857859,35.894017,60.963843,0.24378109452736318,0.6294155541885351,0.76,0.0,0.0,0,V-2023.12-SP4,208,159,49,113.59,51.88,61.71,134.3693,0.8454,0.23557692307692307,0.5432696540188396,0.34,0.47,0.0,0,V-2023.12-SP3,V-2023.12-SP4,0.5201,0.1128,0.25720000000000004,0.8901,0.6329,0.6329,0.4379,0.07836,0.2569,0.7732,0.047080000000000004,0.00553,0.0002449,0.05286,0.035160000000000004,0.028909999999999998,6.285e-05,0.06414,0.0,0.0,0.0,0.0,0.0,0.0,0.0,0.0,0.0,0.0,0.0,0.0,0.0,0.0,0.0,0.0,unvectored,none,2,2026-07-25T03:39:41+00:00
intadd_16_16_16_3_5nm_TT_0V7_25C_800MHz,intadd,a_width=16;b_width=16;out_width=16;pipeline_stages=3,5nm,TT,0.7,25.0,1.25,800.0,16,16,16,3,V-2023.12-SP4,168,95,73,18.0012,5.7372,12.264,0.43452380952380953,0.6812879141390573,0.02,0.59,0.0,0,V-2023.12-SP4,175,102,73,18.82,6.55,12.26,25.452,0.7393,0.41714285714285715,0.6514346439957491,0.44,0.68,0.0,0,V-2023.12-SP3,V-2023.12-SP4,0.27490000000000003,0.07143999999999999,0.0001819,0.34650000000000003,0.34634000000000004,0.43292500000000006,0.1796,0.04185,1.5550000000000002e-05,0.2215,0.06292,0.01288,0.00012139999999999998,0.07592,0.032369999999999996,0.016710000000000003,4.496e-05,0.04912,0.0,0.0,0.0,0.0,0.0,0.0,0.0,0.0,0.0,0.0,0.0,0.0,0.0,0.0,0.0,0.0,vectored,random,2,2026-07-25T03:39:41+00:00
intadd_16_16_24_2_20nm_TT_0V9_25C_1000MHz,intadd,a_width=16;b_width=16;out_width=24;pipeline_stages=2,20nm,TT,0.9,25.0,1.0,1000.0,16,16,24,2,V-2023.12-SP4,232,183,49,175.190399,71.7024,103.487999,0.21120689655172414,0.5907172972418425,0.76,0.01,0.0,0,V-2023.12-SP4,231,182,49,177.09,73.6,103.49,238.7616,0.7417,0.21212121212121213,0.584392117002654,0.36,0.4,0.0,0,V-2023.12-SP3,V-2023.12-SP4,0.5017,0.09466000000000001,0.0001863,0.5966,0.59636,0.59636,0.3014,0.01585,3.484e-06,0.31720000000000004,0.12229999999999999,0.01583,8.912e-05,0.1382,0.078,0.06298,9.369e-05,0.14109999999999998,0.0,0.0,0.0,0.0,0.0,0.0,0.0,0.0,0.0,0.0,0.0,0.0,0.0,0.0,0.0,0.0,vectored,random,2,2026-07-25T03:39:46+00:00
intadd_16_16_24_2_16nm_TT_0V85_25C_1000MHz,intadd,a_width=16;b_width=16;out_width=24;pipeline_stages=2,16nm,TT,0.85,25.0,1.0,1000.0,16,16,24,2,V-2023.12-SP4,201,152,49,96.857859,35.894017,60.963843,0.24378109452736318,0.6294155541885351,0.76,0.0,0.0,0,V-2023.12-SP4,208,159,49,113.59,51.88,61.71,134.3693,0.8454,0.23557692307692307,0.5432696540188396,0.34,0.47,0.0,0,V-2023.12-SP3,V-2023.12-SP4,0.5972,0.1382,0.25720000000000004,0.9925999999999999,0.7353999999999999,0.7353999999999999,0.43839999999999996,0.07836,0.2569,0.7736000000000001,0.1025,0.01384,0.0002023,0.11649999999999999,0.05638,0.046,6.721e-05,0.1025,0.0,0.0,0.0,0.0,0.0,0.0,0.0,0.0,0.0,0.0,0.0,0.0,0.0,0.0,0.0,0.0,vectored,random,2,2026-07-25T03:39:47+00:00
intadd_16_16_16_5_5nm_TT_0V7_25C_1333p33MHz,intadd,a_width=16;b_width=16;out_width=16;pipeline_stages=5,5nm,TT,0.7,25.0,0.75,1333.3333333333333,16,16,16,5,V-2023.12-SP4,268,145,123,28.5012,7.8372,20.664,0.458955223880597,0.7250221043324492,0.23,0.3,0.0,0,V-2023.12-SP4,277,154,123,29.1,8.43,20.66,39.4716,0.7372,0.44404332129963897,0.7099656357388315,0.19,0.37,0.0,0,V-2023.12-SP3,V-2023.12-SP4,0.5515,0.1295,0.0002968,0.6813,0.681,0.51075,0.42969999999999997,0.08621999999999999,9.463e-06,0.5159,0.07753,0.012289999999999999,0.0002264,0.09004999999999999,0.044320000000000005,0.031,6.094e-05,0.07539,0.0,0.0,0.0,0.0,0.0,0.0,0.0,0.0,0.0,0.0,0.0,0.0,0.0,0.0,0.0,0.0,unvectored,none,2,2026-07-25T03:40:00+00:00
intadd_16_16_16_5_5nm_TT_0V7_25C_1000MHz,intadd,a_width=16;b_width=16;out_width=16;pipeline_stages=5,5nm,TT,0.7,25.0,1.0,1000.0,16,16,16,5,V-2023.12-SP4,268,145,123,28.5012,7.8372,20.664,0.458955223880597,0.7250221043324492,0.02,0.47,0.0,0,V-2023.12-SP4,279,156,123,28.81,8.15,20.66,39.4716,0.7299,0.44086021505376344,0.7171121138493579,0.32,0.54,0.0,0,V-2023.12-SP3,V-2023.12-SP4,0.4092,0.1008,0.0002902,0.5103,0.51,0.51,0.3181,0.06784,3.178e-06,0.386,0.058100000000000006,0.009219999999999999,0.0002264,0.06755,0.03294,0.02373,6.0629999999999994e-05,0.05672,0.0,0.0,0.0,0.0,0.0,0.0,0.0,0.0,0.0,0.0,0.0,0.0,0.0,0.0,0.0,0.0,unvectored,none,2,2026-07-25T03:40:04+00:00
intadd_16_16_16_5_5nm_TT_0V7_25C_1333p33MHz,intadd,a_width=16;b_width=16;out_width=16;pipeline_stages=5,5nm,TT,0.7,25.0,0.75,1333.3333333333333,16,16,16,5,V-2023.12-SP4,268,145,123,28.5012,7.8372,20.664,0.458955223880597,0.7250221043324492,0.23,0.3,0.0,0,V-2023.12-SP4,277,154,123,29.1,8.43,20.66,39.4716,0.7372,0.44404332129963897,0.7099656357388315,0.19,0.37,0.0,0,V-2023.12-SP3,V-2023.12-SP4,0.6728,0.15080000000000002,0.0002813,0.8239000000000001,0.8236,0.6177,0.4321,0.08621999999999999,9.463e-06,0.5184,0.1721,0.030800000000000004,0.00020580000000000002,0.2031,0.06863,0.033800000000000004,6.606e-05,0.1025,0.0,0.0,0.0,0.0,0.0,0.0,0.0,0.0,0.0,0.0,0.0,0.0,0.0,0.0,0.0,0.0,vectored,random,2,2026-07-25T03:40:07+00:00
intadd_16_16_16_5_5nm_TT_0V7_25C_1000MHz,intadd,a_width=16;b_width=16;out_width=16;pipeline_stages=5,5nm,TT,0.7,25.0,1.0,1000.0,16,16,16,5,V-2023.12-SP4,268,145,123,28.5012,7.8372,20.664,0.458955223880597,0.7250221043324492,0.02,0.47,0.0,0,V-2023.12-SP4,279,156,123,28.81,8.15,20.66,39.4716,0.7299,0.44086021505376344,0.7171121138493579,0.32,0.54,0.0,0,V-2023.12-SP3,V-2023.12-SP4,0.5015,0.11620000000000001,0.0002722,0.618,0.6176999999999999,0.6176999999999999,0.32,0.06784,3.1819999999999998e-06,0.3878,0.12999999999999998,0.0231,0.0002031,0.15330000000000002,0.0515,0.025279999999999997,6.595e-05,0.07685,0.0,0.0,0.0,0.0,0.0,0.0,0.0,0.0,0.0,0.0,0.0,0.0,0.0,0.0,0.0,0.0,vectored,random,2,2026-07-25T03:40:10+00:00
intadd_16_16_24_2_20nm_TT_0V9_25C_571p429MHz,intadd,a_width=16;b_width=16;out_width=24;pipeline_stages=2,20nm,TT,0.9,25.0,1.75,571.4285714285714,16,16,24,2,V-2023.12-SP4,190,141,49,161.039999,57.552,103.487999,0.2578947368421053,0.6426229486004903,1.51,0.01,0.0,0,V-2023.12-SP4,193,144,49,168.75,65.26,103.49,216.6912,0.7788,0.2538860103626943,0.6132740740740741,0.73,0.78,0.0,0,V-2023.12-SP3,V-2023.12-SP4,0.2529,0.037759999999999995,0.0517,0.34230000000000005,0.29066000000000003,0.5086550000000001,0.1968,0.016050000000000002,0.05155,0.26439999999999997,0.03194,0.003576,7.429e-05,0.035590000000000004,0.024110000000000003,0.01814,7.387e-05,0.04232,0.0,0.0,0.0,0.0,0.0,0.0,0.0,0.0,0.0,0.0,0.0,0.0,0.0,0.0,0.0,0.0,unvectored,none,2,2026-07-25T03:40:14+00:00
intadd_16_16_24_2_20nm_TT_0V9_25C_571p429MHz,intadd,a_width=16;b_width=16;out_width=24;pipeline_stages=2,20nm,TT,0.9,25.0,1.75,571.4285714285714,16,16,24,2,V-2023.12-SP4,190,141,49,161.039999,57.552,103.487999,0.2578947368421053,0.6426229486004903,1.51,0.01,0.0,0,V-2023.12-SP4,193,144,49,168.75,65.26,103.49,216.6912,0.7788,0.2538860103626943,0.6132740740740741,0.73,0.78,0.0,0,V-2023.12-SP3,V-2023.12-SP4,0.3034,0.05088,0.05172,0.406,0.35428,0.6199899999999999,0.1973,0.016050000000000002,0.05155,0.26489999999999997,0.06901,0.008943000000000001,8.923e-05,0.07804,0.03712,0.02589,7.926e-05,0.06308,0.0,0.0,0.0,0.0,0.0,0.0,0.0,0.0,0.0,0.0,0.0,0.0,0.0,0.0,0.0,0.0,vectored,random,2,2026-07-25T03:40:20+00:00
intadd_16_16_24_2_16nm_TT_0V85_25C_666p667MHz,intadd,a_width=16;b_width=16;out_width=24;pipeline_stages=2,16nm,TT,0.85,25.0,1.5,666.6666666666666,16,16,24,2,V-2023.12-SP4,188,139,49,94.556163,33.592321,60.963843,0.26063829787234044,0.6447368533767598,1.06,0.21,0.0,0,V-2023.12-SP4,191,142,49,102.33,39.38,62.95,133.1251,0.7687,0.25654450261780104,0.6151666178051403,0.59,0.72,0.0,0,V-2023.12-SP3,V-2023.12-SP4,0.2596,0.05206,0.06449,0.3761,0.31166,0.46748999999999996,0.2034,0.031010000000000003,0.06423,0.2986,0.03315,0.0036279999999999997,0.0001956,0.03697,0.023030000000000002,0.017419999999999998,5.995000000000001e-05,0.04051,0.0,0.0,0.0,0.0,0.0,0.0,0.0,0.0,0.0,0.0,0.0,0.0,0.0,0.0,0.0,0.0,unvectored,none,2,2026-07-25T03:40:32+00:00
intadd_16_16_24_2_16nm_TT_0V85_25C_666p667MHz,intadd,a_width=16;b_width=16;out_width=24;pipeline_stages=2,16nm,TT,0.85,25.0,1.5,666.6666666666666,16,16,24,2,V-2023.12-SP4,188,139,49,94.556163,33.592321,60.963843,0.26063829787234044,0.6447368533767598,1.06,0.21,0.0,0,V-2023.12-SP4,191,142,49,102.33,39.38,62.95,133.1251,0.7687,0.25654450261780104,0.6151666178051403,0.59,0.72,0.0,0,V-2023.12-SP3,V-2023.12-SP4,0.3147,0.06848,0.06447,0.4476,0.38317999999999997,0.57477,0.20359999999999998,0.031010000000000003,0.06423,0.2989,0.07297999999999999,0.009075999999999999,0.0001704,0.08223,0.038090000000000006,0.028390000000000002,6.423e-05,0.06655,0.0,0.0,0.0,0.0,0.0,0.0,0.0,0.0,0.0,0.0,0.0,0.0,0.0,0.0,0.0,0.0,vectored,random,2,2026-07-25T03:40:38+00:00
intadd_16_16_16_3_7nm_TT_0V75_25C_800MHz,intadd,a_width=16;b_width=16;out_width=16;pipeline_stages=3,7nm,TT,0.75,25.0,1.25,800.0,16,16,16,3,V-2023.12-SP4,168,95,73,33.433345,9.886464,23.546881,0.43452380952380953,0.7042933035865839,0.02,0.59,0.0,0,V-2023.12-SP4,175,102,73,36.09,12.55,23.55,46.5938,0.7747,0.41714285714285715,0.6525353283458021,0.44,0.68,0.0,0,V-2023.12-SP3,V-2023.12-SP4,0.28919999999999996,0.06276999999999999,0.0002613,0.3522,0.35196999999999995,0.4399624999999999,0.2376,0.044539999999999996,2.923e-05,0.28219999999999995,0.030780000000000002,0.005236,0.000187,0.036199999999999996,0.02077,0.013,4.5050000000000004e-05,0.03381000000000001,0.0,0.0,0.0,0.0,0.0,0.0,0.0,0.0,0.0,0.0,0.0,0.0,0.0,0.0,0.0,0.0,unvectored,none,2,2026-07-25T03:40:53+00:00
intadd_16_16_24_2_10nm_TT_0V8_25C_1333p33MHz,intadd,a_width=16;b_width=16;out_width=24;pipeline_stages=2,10nm,TT,0.8,25.0,0.75,1333.3333333333333,16,16,24,2,V-2023.12-SP4,197,148,49,46.970881,16.86528,30.105601,0.24873096446700507,0.6409417996652012,0.53,0.01,0.0,0,V-2023.12-SP4,199,150,49,47.65,17.54,30.11,65.8022,0.7241,0.24623115577889448,0.6318992654774397,0.19,0.34,0.0,0,V-2023.12-SP3,V-2023.12-SP4,0.3232,0.05295,0.00013330000000000001,0.37629999999999997,0.37615,0.2821125,0.24350000000000002,0.017329999999999998,3.836e-06,0.2608,0.04514,0.005736,7.183000000000001e-05,0.050949999999999995,0.034589999999999996,0.029879999999999997,5.759e-05,0.06452999999999999,0.0,0.0,0.0,0.0,0.0,0.0,0.0,0.0,0.0,0.0,0.0,0.0,0.0,0.0,0.0,0.0,unvectored,none,2,2026-07-25T03:40:55+00:00
intadd_16_16_16_3_7nm_TT_0V75_25C_800MHz,intadd,a_width=16;b_width=16;out_width=16;pipeline_stages=3,7nm,TT,0.75,25.0,1.25,800.0,16,16,16,3,V-2023.12-SP4,168,95,73,33.433345,9.886464,23.546881,0.43452380952380953,0.7042933035865839,0.02,0.59,0.0,0,V-2023.12-SP4,175,102,73,36.09,12.55,23.55,46.5938,0.7747,0.41714285714285715,0.6525353283458021,0.44,0.68,0.0,0,V-2023.12-SP3,V-2023.12-SP4,0.34099999999999997,0.07522,0.0003013,0.4165,0.41622,0.5202749999999999,0.2376,0.044539999999999996,2.932e-05,0.2821,0.06878000000000001,0.0131,0.0002255,0.08211,0.03462,0.017580000000000002,4.646e-05,0.05224,0.0,0.0,0.0,0.0,0.0,0.0,0.0,0.0,0.0,0.0,0.0,0.0,0.0,0.0,0.0,0.0,vectored,random,2,2026-07-25T03:41:00+00:00
intadd_16_16_24_2_10nm_TT_0V8_25C_1333p33MHz,intadd,a_width=16;b_width=16;out_width=24;pipeline_stages=2,10nm,TT,0.8,25.0,0.75,1333.3333333333333,16,16,24,2,V-2023.12-SP4,197,148,49,46.970881,16.86528,30.105601,0.24873096446700507,0.6409417996652012,0.53,0.01,0.0,0,V-2023.12-SP4,199,150,49,47.65,17.54,30.11,65.8022,0.7241,0.24623115577889448,0.6318992654774397,0.19,0.34,0.0,0,V-2023.12-SP3,V-2023.12-SP4,0.3931,0.07848,0.0001412,0.47169999999999995,0.47158,0.353685,0.24330000000000002,0.017329999999999998,3.836e-06,0.2607,0.09712000000000001,0.01435,7.726e-05,0.1116,0.05265,0.0468,6.006999999999999e-05,0.0995,0.0,0.0,0.0,0.0,0.0,0.0,0.0,0.0,0.0,0.0,0.0,0.0,0.0,0.0,0.0,0.0,vectored,random,2,2026-07-25T03:41:01+00:00
intadd_16_16_24_3_20nm_TT_0V9_25C_1000MHz,intadd,a_width=16;b_width=16;out_width=24;pipeline_stages=3,20nm,TT,0.9,25.0,1.0,1000.0,16,16,24,3,V-2023.12-SP4,238,168,70,220.915199,73.0752,147.839999,0.29411764705882354,0.669216059688134,0.76,0.01,0.0,0,V-2023.12-SP4,240,170,70,227.67,79.83,147.84,311.3088,0.7313,0.2916666666666667,0.6493609171168797,0.36,0.4,0.0,0,V-2023.12-SP3,V-2023.12-SP4,0.5816,0.08067999999999999,0.05174,0.714,0.66228,0.66228,0.4518,0.03571,0.05155,0.5391,0.07737,0.009004,0.000106,0.08648,0.05238,0.03596,9.081e-05,0.08844,0.0,0.0,0.0,0.0,0.0,0.0,0.0,0.0,0.0,0.0,0.0,0.0,0.0,0.0,0.0,0.0,unvectored,none,2,2026-07-25T03:41:06+00:00
intadd_16_16_24_3_20nm_TT_0V9_25C_1000MHz,intadd,a_width=16;b_width=16;out_width=24;pipeline_stages=3,20nm,TT,0.9,25.0,1.0,1000.0,16,16,24,3,V-2023.12-SP4,238,168,70,220.915199,73.0752,147.839999,0.29411764705882354,0.669216059688134,0.76,0.01,0.0,0,V-2023.12-SP4,240,170,70,227.67,79.83,147.84,311.3088,0.7313,0.2916666666666667,0.6493609171168797,0.36,0.4,0.0,0,V-2023.12-SP3,V-2023.12-SP4,0.7085,0.1128,0.051770000000000004,0.8731,0.8213,0.8213,0.4531,0.03571,0.05155,0.5403,0.1711,0.02257,0.00012770000000000001,0.1938,0.08433,0.05456,9.847e-05,0.13899999999999998,0.0,0.0,0.0,0.0,0.0,0.0,0.0,0.0,0.0,0.0,0.0,0.0,0.0,0.0,0.0,0.0,vectored,random,2,2026-07-25T03:41:13+00:00
intadd_16_16_24_2_10nm_TT_0V8_25C_800MHz,intadd,a_width=16;b_width=16;out_width=24;pipeline_stages=2,10nm,TT,0.8,25.0,1.25,800.0,16,16,24,2,V-2023.12-SP4,120,71,49,46.387202,16.2816,30.105601,0.4083333333333333,0.649006616092085,0.87,0.16,0.0,0,V-2023.12-SP4,124,75,49,48.38,18.28,30.11,65.1571,0.7426,0.3951612903225806,0.6223646134766432,0.45,0.68,0.0,0,V-2023.12-SP3,V-2023.12-SP4,0.231,0.04447,0.00013099999999999999,0.27559999999999996,0.27547,0.34433749999999996,0.1804,0.027,1.355e-05,0.2075,0.027120000000000002,0.005523,7.176e-05,0.03272,0.023459999999999998,0.01195,4.566e-05,0.035460000000000005,0.0,0.0,0.0,0.0,0.0,0.0,0.0,0.0,0.0,0.0,0.0,0.0,0.0,0.0,0.0,0.0,unvectored,none,2,2026-07-25T03:41:27+00:00
intadd_16_16_24_2_10nm_TT_0V8_25C_800MHz,intadd,a_width=16;b_width=16;out_width=24;pipeline_stages=2,10nm,TT,0.8,25.0,1.25,800.0,16,16,24,2,V-2023.12-SP4,120,71,49,46.387202,16.2816,30.105601,0.4083333333333333,0.649006616092085,0.87,0.16,0.0,0,V-2023.12-SP4,124,75,49,48.38,18.28,30.11,65.1571,0.7426,0.3951612903225806,0.6223646134766432,0.45,0.68,0.0,0,V-2023.12-SP3,V-2023.12-SP4,0.2814,0.05985,0.0001394,0.3414,0.34125,0.4265625,0.1803,0.027,1.354e-05,0.2074,0.06023,0.013819999999999999,7.776e-05,0.07414000000000001,0.04083,0.01903,4.808e-05,0.05991,0.0,0.0,0.0,0.0,0.0,0.0,0.0,0.0,0.0,0.0,0.0,0.0,0.0,0.0,0.0,0.0,vectored,random,2,2026-07-25T03:41:34+00:00
intadd_16_16_16_5_7nm_TT_0V75_25C_1333p33MHz,intadd,a_width=16;b_width=16;out_width=16;pipeline_stages=5,7nm,TT,0.75,25.0,0.75,1333.3333333333333,16,16,16,5,V-2023.12-SP4,268,145,123,52.786945,13.112064,39.674882,0.458955223880597,0.7516040566469606,0.24,0.29,0.0,0,V-2023.12-SP4,272,149,123,53.03,13.35,39.67,74.0275,0.7163,0.4522058823529412,0.7480671318121818,0.19,0.34,0.0,0,V-2023.12-SP3,V-2023.12-SP4,0.5828,0.04401,0.0003814,0.6272,0.62681,0.4701075,0.4528,0.0,0.0,0.4528,0.08383,0.012289999999999999,0.0003149,0.09644000000000001,0.04618,0.03171,6.649e-05,0.07794999999999999,0.0,0.0,0.0,0.0,0.0,0.0,0.0,0.0,0.0,0.0,0.0,0.0,0.0,0.0,0.0,0.0,unvectored,none,2,2026-07-25T03:41:36+00:00
intadd_16_16_24_3_16nm_TT_0V85_25C_1000MHz,intadd,a_width=16;b_width=16;out_width=24;pipeline_stages=3,16nm,TT,0.85,25.0,1.0,1000.0,16,16,24,3,V-2023.12-SP4,218,148,70,126.033413,38.942209,87.091204,0.3211009174311927,0.6910167861597147,0.71,0.05,0.0,0,V-2023.12-SP4,228,158,70,149.67,61.34,88.34,177.4172,0.8436,0.30701754385964913,0.5902318433887888,0.34,0.48,0.0,0,V-2023.12-SP3,V-2023.12-SP4,0.7345999999999999,0.1513,0.45,1.3359999999999999,0.8858999999999999,0.8858999999999999,0.6287,0.1144,0.4496,1.193,0.06564,0.007774999999999999,0.0003432,0.07375999999999999,0.04022,0.029070000000000002,6.725999999999999e-05,0.06936,0.0,0.0,0.0,0.0,0.0,0.0,0.0,0.0,0.0,0.0,0.0,0.0,0.0,0.0,0.0,0.0,unvectored,none,2,2026-07-25T03:41:37+00:00
intadd_16_16_16_5_7nm_TT_0V75_25C_1333p33MHz,intadd,a_width=16;b_width=16;out_width=16;pipeline_stages=5,7nm,TT,0.75,25.0,0.75,1333.3333333333333,16,16,16,5,V-2023.12-SP4,268,145,123,52.786945,13.112064,39.674882,0.458955223880597,0.7516040566469606,0.24,0.29,0.0,0,V-2023.12-SP4,272,149,123,53.03,13.35,39.67,74.0275,0.7163,0.4522058823529412,0.7480671318121818,0.19,0.34,0.0,0,V-2023.12-SP3,V-2023.12-SP4,0.7144,0.06572,0.0004461,0.7806,0.78012,0.58509,0.4525,0.0,0.0,0.4525,0.1874,0.030800000000000004,0.0003777,0.2186,0.07457,0.03492,6.841e-05,0.10959999999999999,0.0,0.0,0.0,0.0,0.0,0.0,0.0,0.0,0.0,0.0,0.0,0.0,0.0,0.0,0.0,0.0,vectored,random,2,2026-07-25T03:41:42+00:00
intadd_16_16_24_3_10nm_TT_0V8_25C_1333p33MHz,intadd,a_width=16;b_width=16;out_width=24;pipeline_stages=3,10nm,TT,0.8,25.0,0.75,1333.3333333333333,16,16,24,3,V-2023.12-SP4,214,144,70,61.931522,18.92352,43.008002,0.32710280373831774,0.6944444543119738,0.45,0.08,0.0,0,V-2023.12-SP4,214,144,70,61.96,18.95,43.01,86.2618,0.7183,0.32710280373831774,0.6941575209812783,0.2,0.34,0.0,0,V-2023.12-SP3,V-2023.12-SP4,0.4322,0.03919,0.0001658,0.4716,0.47139,0.3535425,0.3275,0.0,0.0,0.3275,0.06248,0.008381,0.0001025,0.07097,0.0422,0.030809999999999997,6.331e-05,0.07307999999999999,0.0,0.0,0.0,0.0,0.0,0.0,0.0,0.0,0.0,0.0,0.0,0.0,0.0,0.0,0.0,0.0,unvectored,none,2,2026-07-25T03:41:43+00:00
intadd_16_16_24_3_16nm_TT_0V85_25C_1000MHz,intadd,a_width=16;b_width=16;out_width=24;pipeline_stages=3,16nm,TT,0.85,25.0,1.0,1000.0,16,16,24,3,V-2023.12-SP4,218,148,70,126.033413,38.942209,87.091204,0.3211009174311927,0.6910167861597147,0.71,0.05,0.0,0,V-2023.12-SP4,228,158,70,149.67,61.34,88.34,177.4172,0.8436,0.30701754385964913,0.5902318433887888,0.34,0.48,0.0,0,V-2023.12-SP3,V-2023.12-SP4,0.8379000000000001,0.1735,0.44989999999999997,1.461,1.0114,1.0114,0.6293,0.1144,0.4496,1.193,0.14479999999999998,0.01951,0.0002834,0.1646,0.06373,0.039619999999999995,7.337e-05,0.1034,0.0,0.0,0.0,0.0,0.0,0.0,0.0,0.0,0.0,0.0,0.0,0.0,0.0,0.0,0.0,0.0,vectored,random,2,2026-07-25T03:41:43+00:00
intadd_16_16_16_5_7nm_TT_0V75_25C_1000MHz,intadd,a_width=16;b_width=16;out_width=16;pipeline_stages=5,7nm,TT,0.75,25.0,1.0,1000.0,16,16,16,5,V-2023.12-SP4,268,145,123,52.786945,13.112064,39.674882,0.458955223880597,0.7516040566469606,0.02,0.46,0.0,0,V-2023.12-SP4,278,155,123,53.48,13.81,39.67,74.0275,0.7224,0.44244604316546765,0.7417726252804787,0.32,0.55,0.0,0,V-2023.12-SP3,V-2023.12-SP4,0.4712,0.10189999999999999,0.0003854,0.5735,0.5730999999999999,0.5730999999999999,0.3737,0.06881999999999999,4.043e-06,0.4425,0.06292,0.009215000000000001,0.0003149,0.07245,0.03458,0.0239,6.649e-05,0.05855,0.0,0.0,0.0,0.0,0.0,0.0,0.0,0.0,0.0,0.0,0.0,0.0,0.0,0.0,0.0,0.0,unvectored,none,2,2026-07-25T03:41:48+00:00
intadd_16_16_24_3_10nm_TT_0V8_25C_1333p33MHz,intadd,a_width=16;b_width=16;out_width=24;pipeline_stages=3,10nm,TT,0.8,25.0,0.75,1333.3333333333333,16,16,24,3,V-2023.12-SP4,214,144,70,61.931522,18.92352,43.008002,0.32710280373831774,0.6944444543119738,0.45,0.08,0.0,0,V-2023.12-SP4,214,144,70,61.96,18.95,43.01,86.2618,0.7183,0.32710280373831774,0.6941575209812783,0.2,0.34,0.0,0,V-2023.12-SP3,V-2023.12-SP4,0.5268,0.06384999999999999,0.0001771,0.5909,0.59065,0.4429875,0.3273,0.0,0.0,0.3273,0.1369,0.02103,0.0001105,0.158,0.06272,0.04282,6.662e-05,0.1056,0.0,0.0,0.0,0.0,0.0,0.0,0.0,0.0,0.0,0.0,0.0,0.0,0.0,0.0,0.0,0.0,vectored,random,2,2026-07-25T03:41:49+00:00
intadd_16_16_16_5_7nm_TT_0V75_25C_1000MHz,intadd,a_width=16;b_width=16;out_width=16;pipeline_stages=5,7nm,TT,0.75,25.0,1.0,1000.0,16,16,16,5,V-2023.12-SP4,268,145,123,52.786945,13.112064,39.674882,0.458955223880597,0.7516040566469606,0.02,0.46,0.0,0,V-2023.12-SP4,278,155,123,53.48,13.81,39.67,74.0275,0.7224,0.44244604316546765,0.7417726252804787,0.32,0.55,0.0,0,V-2023.12-SP3,V-2023.12-SP4,0.5709000000000001,0.1181,0.0004529,0.6895,0.6890000000000001,0.6890000000000001,0.3736,0.06881999999999999,4.043e-06,0.4424,0.1415,0.02309,0.0003805,0.165,0.055819999999999995,0.02623,6.843e-05,0.08211,0.0,0.0,0.0,0.0,0.0,0.0,0.0,0.0,0.0,0.0,0.0,0.0,0.0,0.0,0.0,0.0,vectored,random,2,2026-07-25T03:41:54+00:00
intadd_16_16_24_3_20nm_TT_0V9_25C_571p429MHz,intadd,a_width=16;b_width=16;out_width=24;pipeline_stages=3,20nm,TT,0.9,25.0,1.75,571.4285714285714,16,16,24,3,V-2023.12-SP4,214,144,70,212.889599,65.0496,147.839999,0.32710280373831774,0.6944444430091674,1.14,0.38,0.0,0,V-2023.12-SP4,215,145,70,214.37,66.53,147.84,292.7232,0.7323,0.32558139534883723,0.6896487381629892,0.73,0.78,0.0,0,V-2023.12-SP3,V-2023.12-SP4,0.3071,0.022840000000000003,0.0001888,0.3302,0.32994,0.577395,0.23479999999999998,0.0,0.0,0.23479999999999998,0.04415,0.004938,0.000106,0.049190000000000005,0.02824,0.017900000000000003,8.271e-05,0.04623,0.0,0.0,0.0,0.0,0.0,0.0,0.0,0.0,0.0,0.0,0.0,0.0,0.0,0.0,0.0,0.0,unvectored,none,2,2026-07-25T03:41:55+00:00
intadd_16_16_24_2_5nm_TT_0V7_25C_1333p33MHz,intadd,a_width=16;b_width=16;out_width=24;pipeline_stages=2,5nm,TT,0.7,25.0,0.75,1333.3333333333333,16,16,24,2,V-2023.12-SP4,192,143,49,13.2048,4.9728,8.232,0.2552083333333333,0.6234096692111959,0.48,0.05,0.0,0,V-2023.12-SP4,191,142,49,13.15,4.91,8.23,18.06,0.7279,0.25654450261780104,0.6258555133079848,0.19,0.34,0.0,0,V-2023.12-SP3,V-2023.12-SP4,0.21430000000000002,0.028589999999999997,0.00013110000000000002,0.243,0.24289000000000002,0.1821675,0.1558,0.0,0.0,0.1558,0.033049999999999996,0.00506,9.023e-05,0.0382,0.025449999999999997,0.02352,4.0860000000000005e-05,0.04901,0.0,0.0,0.0,0.0,0.0,0.0,0.0,0.0,0.0,0.0,0.0,0.0,0.0,0.0,0.0,0.0,unvectored,none,2,2026-07-25T03:41:56+00:00
intadd_16_16_24_3_16nm_TT_0V85_25C_666p667MHz,intadd,a_width=16;b_width=16;out_width=24;pipeline_stages=3,16nm,TT,0.85,25.0,1.5,666.6666666666666,16,16,24,3,V-2023.12-SP4,162,92,70,125.286917,38.195713,87.091204,0.43209876543209874,0.6951340657540483,1.15,0.12,0.0,0,V-2023.12-SP4,171,101,70,139.78,50.08,89.7,175.9864,0.7943,0.4093567251461988,0.6417227071111747,0.59,0.74,0.0,0,V-2023.12-SP3,V-2023.12-SP4,0.4066,0.07495,0.1288,0.6103999999999999,0.48155000000000003,0.7223250000000001,0.33149999999999996,0.05333,0.1285,0.5133,0.045649999999999996,0.006404999999999999,0.00028869999999999997,0.05234,0.029419999999999998,0.01522,5.768e-05,0.044700000000000004,0.0,0.0,0.0,0.0,0.0,0.0,0.0,0.0,0.0,0.0,0.0,0.0,0.0,0.0,0.0,0.0,unvectored,none,2,2026-07-25T03:41:57+00:00
intadd_16_16_24_3_20nm_TT_0V9_25C_571p429MHz,intadd,a_width=16;b_width=16;out_width=24;pipeline_stages=3,20nm,TT,0.9,25.0,1.75,571.4285714285714,16,16,24,3,V-2023.12-SP4,214,144,70,212.889599,65.0496,147.839999,0.32710280373831774,0.6944444430091674,1.14,0.38,0.0,0,V-2023.12-SP4,215,145,70,214.37,66.53,147.84,292.7232,0.7323,0.32558139534883723,0.6896487381629892,0.73,0.78,0.0,0,V-2023.12-SP3,V-2023.12-SP4,0.3766,0.03728,0.00021799999999999999,0.41409999999999997,0.41387999999999997,0.72429,0.2359,0.0,0.0,0.2359,0.09686,0.01238,0.00012770000000000001,0.1094,0.04377,0.0249,9.024e-05,0.06876,0.0,0.0,0.0,0.0,0.0,0.0,0.0,0.0,0.0,0.0,0.0,0.0,0.0,0.0,0.0,0.0,vectored,random,2,2026-07-25T03:42:02+00:00
intadd_16_16_24_2_5nm_TT_0V7_25C_1333p33MHz,intadd,a_width=16;b_width=16;out_width=24;pipeline_stages=2,5nm,TT,0.7,25.0,0.75,1333.3333333333333,16,16,24,2,V-2023.12-SP4,192,143,49,13.2048,4.9728,8.232,0.2552083333333333,0.6234096692111959,0.48,0.05,0.0,0,V-2023.12-SP4,191,142,49,13.15,4.91,8.23,18.06,0.7279,0.25654450261780104,0.6258555133079848,0.19,0.34,0.0,0,V-2023.12-SP3,V-2023.12-SP4,0.27080000000000004,0.05231,0.000125,0.3232,0.32311000000000006,0.24233250000000006,0.15669999999999998,0.0,0.0,0.15669999999999998,0.07135,0.01267,8.205e-05,0.0841,0.0427,0.03964,4.299e-05,0.08239,0.0,0.0,0.0,0.0,0.0,0.0,0.0,0.0,0.0,0.0,0.0,0.0,0.0,0.0,0.0,0.0,vectored,random,2,2026-07-25T03:42:03+00:00
intadd_16_16_24_3_16nm_TT_0V85_25C_666p667MHz,intadd,a_width=16;b_width=16;out_width=24;pipeline_stages=3,16nm,TT,0.85,25.0,1.5,666.6666666666666,16,16,24,3,V-2023.12-SP4,162,92,70,125.286917,38.195713,87.091204,0.43209876543209874,0.6951340657540483,1.15,0.12,0.0,0,V-2023.12-SP4,171,101,70,139.78,50.08,89.7,175.9864,0.7943,0.4093567251461988,0.6417227071111747,0.59,0.74,0.0,0,V-2023.12-SP3,V-2023.12-SP4,0.4838,0.08988,0.1288,0.7025,0.57368,0.86052,0.3319,0.05333,0.1285,0.5136999999999999,0.1026,0.016050000000000002,0.00024890000000000003,0.1189,0.04926,0.0205,6.390999999999999e-05,0.06982000000000001,0.0,0.0,0.0,0.0,0.0,0.0,0.0,0.0,0.0,0.0,0.0,0.0,0.0,0.0,0.0,0.0,vectored,random,2,2026-07-25T03:42:03+00:00
intadd_16_16_24_2_5nm_TT_0V7_25C_800MHz,intadd,a_width=16;b_width=16;out_width=24;pipeline_stages=2,5nm,TT,0.7,25.0,1.25,800.0,16,16,24,2,V-2023.12-SP4,120,71,49,13.0704,4.8384,8.232,0.4083333333333333,0.6298200514138818,0.65,0.39,0.0,0,V-2023.12-SP4,124,75,49,13.61,5.38,8.23,18.06,0.7535,0.3951612903225806,0.6047024246877297,0.44,0.67,0.0,0,V-2023.12-SP3,V-2023.12-SP4,0.158,0.04219,0.000134,0.20029999999999998,0.20019,0.2502375,0.1209,0.027719999999999998,1.019e-05,0.1486,0.019850000000000003,0.004168,9.020999999999999e-05,0.024110000000000003,0.017240000000000002,0.0103,3.361e-05,0.02758,0.0,0.0,0.0,0.0,0.0,0.0,0.0,0.0,0.0,0.0,0.0,0.0,0.0,0.0,0.0,0.0,unvectored,none,2,2026-07-25T03:42:16+00:00
intadd_16_16_24_2_5nm_TT_0V7_25C_800MHz,intadd,a_width=16;b_width=16;out_width=24;pipeline_stages=2,5nm,TT,0.7,25.0,1.25,800.0,16,16,24,2,V-2023.12-SP4,120,71,49,13.0704,4.8384,8.232,0.4083333333333333,0.6298200514138818,0.65,0.39,0.0,0,V-2023.12-SP4,124,75,49,13.61,5.38,8.23,18.06,0.7535,0.3951612903225806,0.6047024246877297,0.44,0.67,0.0,0,V-2023.12-SP3,V-2023.12-SP4,0.1949,0.05367,0.00012700000000000002,0.24869999999999998,0.24856999999999999,0.3107125,0.1215,0.027719999999999998,1.02e-05,0.1492,0.04394,0.01043,8.107e-05,0.054450000000000005,0.02953,0.01551,3.5730000000000005e-05,0.04508,0.0,0.0,0.0,0.0,0.0,0.0,0.0,0.0,0.0,0.0,0.0,0.0,0.0,0.0,0.0,0.0,vectored,random,2,2026-07-25T03:42:23+00:00
intadd_16_16_24_3_5nm_TT_0V7_25C_1333p33MHz,intadd,a_width=16;b_width=16;out_width=24;pipeline_stages=3,5nm,TT,0.7,25.0,0.75,1333.3333333333333,16,16,24,3,V-2023.12-SP4,162,92,70,17.4804,5.7204,11.76,0.43209876543209874,0.6727534839019702,0.51,0.02,0.0,0,V-2023.12-SP4,164,94,70,17.52,5.76,11.76,24.1164,0.7266,0.4268292682926829,0.6712328767123288,0.19,0.35,0.0,0,V-2023.12-SP3,V-2023.12-SP4,0.30210000000000004,0.02914,0.00016999999999999999,0.3314,0.33124000000000003,0.24843000000000004,0.2236,0.0,0.0,0.2236,0.045630000000000004,0.008507,0.0001289,0.05427,0.0329,0.02064,4.113e-05,0.053579999999999996,0.0,0.0,0.0,0.0,0.0,0.0,0.0,0.0,0.0,0.0,0.0,0.0,0.0,0.0,0.0,0.0,unvectored,none,2,2026-07-25T03:42:23+00:00
intadd_16_16_24_3_5nm_TT_0V7_25C_1333p33MHz,intadd,a_width=16;b_width=16;out_width=24;pipeline_stages=3,5nm,TT,0.7,25.0,0.75,1333.3333333333333,16,16,24,3,V-2023.12-SP4,162,92,70,17.4804,5.7204,11.76,0.43209876543209874,0.6727534839019702,0.51,0.02,0.0,0,V-2023.12-SP4,164,94,70,17.52,5.76,11.76,24.1164,0.7266,0.4268292682926829,0.6712328767123288,0.19,0.35,0.0,0,V-2023.12-SP3,V-2023.12-SP4,0.3811,0.04901,0.0001613,0.4303,0.43011,0.3225825,0.2249,0.0,0.0,0.2249,0.101,0.02132,0.0001171,0.1224,0.05527,0.02769,4.418e-05,0.083,0.0,0.0,0.0,0.0,0.0,0.0,0.0,0.0,0.0,0.0,0.0,0.0,0.0,0.0,0.0,0.0,vectored,random,2,2026-07-25T03:42:30+00:00
intadd_16_16_24_5_20nm_TT_0V9_25C_1000MHz,intadd,a_width=16;b_width=16;out_width=24;pipeline_stages=5,20nm,TT,0.9,25.0,1.0,1000.0,16,16,24,5,V-2023.12-SP4,344,225,119,341.299198,89.9712,251.327999,0.34593023255813954,0.736386139999075,0.75,0.04,0.0,0,V-2023.12-SP4,345,226,119,352.7,101.38,251.33,476.1504,0.7407,0.34492753623188405,0.7125886022115112,0.36,0.4,0.0,0,V-2023.12-SP3,V-2023.12-SP4,0.9757,0.1214,0.1034,1.2,1.0971,1.0971,0.7793,0.05636,0.1031,0.9387,0.1283,0.01288,0.0001806,0.1414,0.06810000000000001,0.05212,0.0001194,0.12029999999999999,0.0,0.0,0.0,0.0,0.0,0.0,0.0,0.0,0.0,0.0,0.0,0.0,0.0,0.0,0.0,0.0,unvectored,none,2,2026-07-25T03:42:34+00:00
intadd_16_16_24_5_20nm_TT_0V9_25C_1000MHz,intadd,a_width=16;b_width=16;out_width=24;pipeline_stages=5,20nm,TT,0.9,25.0,1.0,1000.0,16,16,24,5,V-2023.12-SP4,344,225,119,341.299198,89.9712,251.327999,0.34593023255813954,0.736386139999075,0.75,0.04,0.0,0,V-2023.12-SP4,345,226,119,352.7,101.38,251.33,476.1504,0.7407,0.34492753623188405,0.7125886022115112,0.36,0.4,0.0,0,V-2023.12-SP3,V-2023.12-SP4,1.175,0.15080000000000002,0.1034,1.4289999999999998,1.3258,1.3258,0.7807,0.05636,0.1031,0.9401,0.28669999999999995,0.032350000000000004,0.0002177,0.31930000000000003,0.1074,0.06209,0.0001329,0.1696,0.0,0.0,0.0,0.0,0.0,0.0,0.0,0.0,0.0,0.0,0.0,0.0,0.0,0.0,0.0,0.0,vectored,random,2,2026-07-25T03:42:40+00:00
intadd_16_16_24_3_10nm_TT_0V8_25C_800MHz,intadd,a_width=16;b_width=16;out_width=24;pipeline_stages=3,10nm,TT,0.8,25.0,1.25,800.0,16,16,24,3,V-2023.12-SP4,162,92,70,61.870082,18.86208,43.008002,0.43209876543209874,0.6951340714240527,0.68,0.36,0.0,0,V-2023.12-SP4,167,97,70,63.81,20.8,43.01,86.2618,0.7397,0.41916167664670656,0.674032283341169,0.45,0.67,0.0,0,V-2023.12-SP3,V-2023.12-SP4,0.3208,0.058839999999999996,0.0001716,0.3798,0.37964,0.47454999999999997,0.25579999999999997,0.03734,1.308e-05,0.2931,0.03762,0.00671,0.0001026,0.04443,0.02739,0.014790000000000001,5.593e-05,0.042230000000000004,0.0,0.0,0.0,0.0,0.0,0.0,0.0,0.0,0.0,0.0,0.0,0.0,0.0,0.0,0.0,0.0,unvectored,none,2,2026-07-25T03:43:10+00:00
intadd_16_16_24_3_10nm_TT_0V8_25C_800MHz,intadd,a_width=16;b_width=16;out_width=24;pipeline_stages=3,10nm,TT,0.8,25.0,1.25,800.0,16,16,24,3,V-2023.12-SP4,162,92,70,61.870082,18.86208,43.008002,0.43209876543209874,0.6951340714240527,0.68,0.36,0.0,0,V-2023.12-SP4,167,97,70,63.81,20.8,43.01,86.2618,0.7397,0.41916167664670656,0.674032283341169,0.45,0.67,0.0,0,V-2023.12-SP3,V-2023.12-SP4,0.3852,0.07469,0.0001843,0.4601,0.45989,0.5748625,0.2556,0.03734,1.308e-05,0.29300000000000004,0.08441,0.01681,0.0001118,0.1013,0.045200000000000004,0.02054,5.944e-05,0.0658,0.0,0.0,0.0,0.0,0.0,0.0,0.0,0.0,0.0,0.0,0.0,0.0,0.0,0.0,0.0,0.0,vectored,random,2,2026-07-25T03:43:17+00:00
intadd_16_16_24_2_7nm_TT_0V75_25C_1333p33MHz,intadd,a_width=16;b_width=16;out_width=24;pipeline_stages=2,7nm,TT,0.75,25.0,0.75,1333.3333333333333,16,16,24,2,V-2023.12-SP4,191,142,49,24.369409,8.563968,15.805441,0.25654450261780104,0.6485771156781028,0.49,0.04,0.0,0,V-2023.12-SP4,190,141,49,24.37,8.56,15.81,34.1268,0.7141,0.2578947368421053,0.6487484612228149,0.19,0.34,0.0,0,V-2023.12-SP3,V-2023.12-SP4,0.2422,0.028540000000000003,0.0001684,0.27090000000000003,0.27074,0.20305499999999999,0.1809,0.0,0.0,0.1809,0.03567,0.004757,0.00012560000000000002,0.04056,0.02563,0.02378,4.2890000000000004e-05,0.04945,0.0,0.0,0.0,0.0,0.0,0.0,0.0,0.0,0.0,0.0,0.0,0.0,0.0,0.0,0.0,0.0,unvectored,none,2,2026-07-25T03:43:22+00:00
intadd_16_16_24_5_20nm_TT_0V9_25C_666p667MHz,intadd,a_width=16;b_width=16;out_width=24;pipeline_stages=5,20nm,TT,0.9,25.0,1.5,666.6666666666666,16,16,24,5,V-2023.12-SP4,282,157,125,369.811198,105.811199,263.999999,0.4432624113475177,0.7138777852800444,1.03,0.24,0.0,0,V-2023.12-SP4,297,172,125,370.34,106.34,264.0,514.4832,0.7198,0.4208754208754209,0.7128584543932603,0.61,0.65,0.0,0,V-2023.12-SP3,V-2023.12-SP4,0.6303,0.04587,0.0003108,0.6765,0.6761699999999999,1.014255,0.4839,0.000703,5.767e-07,0.48460000000000003,0.08986,0.01144,0.0001895,0.1015,0.05659,0.033729999999999996,0.0001208,0.09043999999999999,0.0,0.0,0.0,0.0,0.0,0.0,0.0,0.0,0.0,0.0,0.0,0.0,0.0,0.0,0.0,0.0,unvectored,none,2,2026-07-25T03:43:23+00:00
intadd_16_16_24_2_7nm_TT_0V75_25C_1333p33MHz,intadd,a_width=16;b_width=16;out_width=24;pipeline_stages=2,7nm,TT,0.75,25.0,0.75,1333.3333333333333,16,16,24,2,V-2023.12-SP4,191,142,49,24.369409,8.563968,15.805441,0.25654450261780104,0.6485771156781028,0.49,0.04,0.0,0,V-2023.12-SP4,190,141,49,24.37,8.56,15.81,34.1268,0.7141,0.2578947368421053,0.6487484612228149,0.19,0.34,0.0,0,V-2023.12-SP3,V-2023.12-SP4,0.30160000000000003,0.051320000000000005,0.0001938,0.3531,0.35292,0.26469,0.18080000000000002,0.0,0.0,0.18080000000000002,0.07796,0.011909999999999999,0.00015,0.09001999999999999,0.04284,0.039409999999999994,4.382e-05,0.0823,0.0,0.0,0.0,0.0,0.0,0.0,0.0,0.0,0.0,0.0,0.0,0.0,0.0,0.0,0.0,0.0,vectored,random,2,2026-07-25T03:43:28+00:00
intadd_16_16_24_5_20nm_TT_0V9_25C_666p667MHz,intadd,a_width=16;b_width=16;out_width=24;pipeline_stages=5,20nm,TT,0.9,25.0,1.5,666.6666666666666,16,16,24,5,V-2023.12-SP4,282,157,125,369.811198,105.811199,263.999999,0.4432624113475177,0.7138777852800444,1.03,0.24,0.0,0,V-2023.12-SP4,297,172,125,370.34,106.34,264.0,514.4832,0.7198,0.4208754208754209,0.7128584543932603,0.61,0.65,0.0,0,V-2023.12-SP3,V-2023.12-SP4,0.7771,0.06885000000000001,0.0003638,0.8463,0.84595,1.2689249999999999,0.4844,0.000703,5.767e-07,0.4851,0.2027,0.02875,0.0002284,0.2316,0.09003,0.03939,0.0001348,0.1296,0.0,0.0,0.0,0.0,0.0,0.0,0.0,0.0,0.0,0.0,0.0,0.0,0.0,0.0,0.0,0.0,vectored,random,2,2026-07-25T03:43:30+00:00
intadd_16_16_24_5_10nm_TT_0V8_25C_1333p33MHz,intadd,a_width=16;b_width=16;out_width=24;pipeline_stages=5,10nm,TT,0.8,25.0,0.75,1333.3333333333333,16,16,24,5,V-2023.12-SP4,282,157,125,107.581444,30.78144,76.800004,0.4432624113475177,0.7138777947617063,0.41,0.12,0.0,0,V-2023.12-SP4,300,175,125,110.35,33.55,76.8,151.3882,0.7289,0.4166666666666667,0.6959673765292252,0.2,0.36,0.0,0,V-2023.12-SP3,V-2023.12-SP4,0.8682,0.1741,0.00030250000000000003,1.0430000000000001,1.0423,0.781725,0.6880000000000001,0.1091,2.445e-05,0.7971,0.1085,0.01729,0.0001831,0.126,0.07171,0.04774,9.499000000000001e-05,0.11950000000000001,0.0,0.0,0.0,0.0,0.0,0.0,0.0,0.0,0.0,0.0,0.0,0.0,0.0,0.0,0.0,0.0,unvectored,none,2,2026-07-25T03:43:45+00:00
intadd_16_16_24_5_10nm_TT_0V8_25C_1333p33MHz,intadd,a_width=16;b_width=16;out_width=24;pipeline_stages=5,10nm,TT,0.8,25.0,0.75,1333.3333333333333,16,16,24,5,V-2023.12-SP4,282,157,125,107.581444,30.78144,76.800004,0.4432624113475177,0.7138777947617063,0.41,0.12,0.0,0,V-2023.12-SP4,300,175,125,110.35,33.55,76.8,151.3882,0.7289,0.4166666666666667,0.6959673765292252,0.2,0.36,0.0,0,V-2023.12-SP3,V-2023.12-SP4,1.045,0.20929999999999999,0.00032300000000000004,1.2550000000000001,1.2543,0.940725,0.6876,0.1091,2.445e-05,0.7967,0.2439,0.04349,0.0001974,0.2876,0.11349999999999999,0.056780000000000004,0.0001011,0.17029999999999998,0.0,0.0,0.0,0.0,0.0,0.0,0.0,0.0,0.0,0.0,0.0,0.0,0.0,0.0,0.0,0.0,vectored,random,2,2026-07-25T03:43:52+00:00
intadd_16_16_24_5_16nm_TT_0V85_25C_800MHz,intadd,a_width=16;b_width=16;out_width=24;pipeline_stages=5,16nm,TT,0.85,25.0,1.25,800.0,16,16,24,5,V-2023.12-SP4,282,157,125,217.852424,62.332417,155.520007,0.4432624113475177,0.7138777900401052,0.69,0.33,0.0,0,V-2023.12-SP4,300,175,125,229.3,69.55,159.75,304.1971,0.7538,0.4166666666666667,0.69668556476232,0.46,0.56,0.0,0,V-2023.12-SP3,V-2023.12-SP4,0.708,0.08797999999999999,0.1291,0.925,0.7959799999999999,0.9949749999999999,0.5585,0.04185,0.1285,0.7288,0.09483,0.01202,0.0005332000000000001,0.1074,0.054669999999999996,0.034100000000000005,9.825e-05,0.08886,0.0,0.0,0.0,0.0,0.0,0.0,0.0,0.0,0.0,0.0,0.0,0.0,0.0,0.0,0.0,0.0,unvectored,none,2,2026-07-25T03:43:57+00:00
intadd_16_16_24_5_10nm_TT_0V8_25C_800MHz,intadd,a_width=16;b_width=16;out_width=24;pipeline_stages=5,10nm,TT,0.8,25.0,1.25,800.0,16,16,24,5,V-2023.12-SP4,282,157,125,107.581444,30.78144,76.800004,0.4432624113475177,0.7138777947617063,0.02,0.59,0.0,0,V-2023.12-SP4,302,177,125,107.74,30.94,76.8,151.3882,0.7116,0.4139072847682119,0.7128271765361055,0.45,0.67,0.0,0,V-2023.12-SP3,V-2023.12-SP4,0.5056,0.1077,0.0002819,0.6135999999999999,0.6133000000000001,0.7666250000000001,0.398,0.06875,4.099e-06,0.4667,0.06522,0.01042,0.0001831,0.07583,0.04246,0.02855,9.467e-05,0.07111,0.0,0.0,0.0,0.0,0.0,0.0,0.0,0.0,0.0,0.0,0.0,0.0,0.0,0.0,0.0,0.0,unvectored,none,2,2026-07-25T03:43:57+00:00
intadd_16_16_24_2_7nm_TT_0V75_25C_800MHz,intadd,a_width=16;b_width=16;out_width=24;pipeline_stages=2,7nm,TT,0.75,25.0,1.25,800.0,16,16,24,2,V-2023.12-SP4,120,71,49,24.35328,8.54784,15.805441,0.4083333333333333,0.6490066635787869,0.67,0.36,0.0,0,V-2023.12-SP4,126,77,49,25.89,10.08,15.81,34.1268,0.7585,0.3888888888888889,0.6106604866743917,0.44,0.68,0.0,0,V-2023.12-SP3,V-2023.12-SP4,0.1951,0.03998,0.0001772,0.2353,0.23508,0.29385,0.1561,0.02542,1.595e-05,0.18159999999999998,0.0214,0.004275,0.0001252,0.0258,0.017589999999999998,0.01029,3.605e-05,0.027909999999999997,0.0,0.0,0.0,0.0,0.0,0.0,0.0,0.0,0.0,0.0,0.0,0.0,0.0,0.0,0.0,0.0,unvectored,none,2,2026-07-25T03:43:59+00:00
intadd_16_16_24_5_16nm_TT_0V85_25C_800MHz,intadd,a_width=16;b_width=16;out_width=24;pipeline_stages=5,16nm,TT,0.85,25.0,1.25,800.0,16,16,24,5,V-2023.12-SP4,282,157,125,217.852424,62.332417,155.520007,0.4432624113475177,0.7138777900401052,0.69,0.33,0.0,0,V-2023.12-SP4,300,175,125,229.3,69.55,159.75,304.1971,0.7538,0.4166666666666667,0.69668556476232,0.46,0.56,0.0,0,V-2023.12-SP3,V-2023.12-SP4,0.8648,0.11299999999999999,0.129,1.107,0.9778,1.22225,0.5595,0.04185,0.1285,0.7298,0.2153,0.03023,0.00045610000000000003,0.24600000000000002,0.0901,0.04092,0.0001094,0.1311,0.0,0.0,0.0,0.0,0.0,0.0,0.0,0.0,0.0,0.0,0.0,0.0,0.0,0.0,0.0,0.0,vectored,random,2,2026-07-25T03:44:03+00:00
intadd_16_16_24_5_10nm_TT_0V8_25C_800MHz,intadd,a_width=16;b_width=16;out_width=24;pipeline_stages=5,10nm,TT,0.8,25.0,1.25,800.0,16,16,24,5,V-2023.12-SP4,282,157,125,107.581444,30.78144,76.800004,0.4432624113475177,0.7138777947617063,0.02,0.59,0.0,0,V-2023.12-SP4,302,177,125,107.74,30.94,76.8,151.3882,0.7116,0.4139072847682119,0.7128271765361055,0.45,0.67,0.0,0,V-2023.12-SP3,V-2023.12-SP4,0.6154,0.1291,0.0003056,0.7448,0.7444999999999999,0.9306249999999999,0.3977,0.06875,4.1050000000000005e-06,0.4664,0.14880000000000002,0.02621,0.0002006,0.1752,0.06891,0.03418,0.000101,0.1032,0.0,0.0,0.0,0.0,0.0,0.0,0.0,0.0,0.0,0.0,0.0,0.0,0.0,0.0,0.0,0.0,vectored,random,2,2026-07-25T03:44:04+00:00
intadd_16_16_24_2_7nm_TT_0V75_25C_800MHz,intadd,a_width=16;b_width=16;out_width=24;pipeline_stages=2,7nm,TT,0.75,25.0,1.25,800.0,16,16,24,2,V-2023.12-SP4,120,71,49,24.35328,8.54784,15.805441,0.4083333333333333,0.6490066635787869,0.67,0.36,0.0,0,V-2023.12-SP4,126,77,49,25.89,10.08,15.81,34.1268,0.7585,0.3888888888888889,0.6106604866743917,0.44,0.68,0.0,0,V-2023.12-SP3,V-2023.12-SP4,0.23550000000000001,0.052250000000000005,0.0002045,0.2879,0.28775,0.3596875,0.1561,0.02542,1.599e-05,0.1815,0.04782,0.0107,0.0001516,0.05867,0.03155,0.01613,3.7e-05,0.04771,0.0,0.0,0.0,0.0,0.0,0.0,0.0,0.0,0.0,0.0,0.0,0.0,0.0,0.0,0.0,0.0,vectored,random,2,2026-07-25T03:44:05+00:00
intadd_16_16_24_3_5nm_TT_0V7_25C_1000MHz,intadd,a_width=16;b_width=16;out_width=24;pipeline_stages=3,5nm,TT,0.7,25.0,1.0,1000.0,16,16,24,3,V-2023.12-SP4,162,92,70,17.4804,5.7204,11.76,0.43209876543209874,0.6727534839019702,0.51,0.27,0.0,0,V-2023.12-SP4,169,99,70,17.88,6.12,11.76,24.1164,0.7416,0.41420118343195267,0.6577181208053692,0.32,0.54,0.0,0,V-2023.12-SP3,V-2023.12-SP4,0.2501,0.06172999999999999,0.00017669999999999999,0.312,0.31183,0.31183,0.191,0.03979,6.781e-06,0.2308,0.0343,0.006419,0.0001288,0.04085,0.0248,0.015529999999999999,4.113e-05,0.04036,0.0,0.0,0.0,0.0,0.0,0.0,0.0,0.0,0.0,0.0,0.0,0.0,0.0,0.0,0.0,0.0,unvectored,none,2,2026-07-25T03:44:13+00:00
intadd_16_16_24_3_7nm_TT_0V75_25C_1333p33MHz,intadd,a_width=16;b_width=16;out_width=24;pipeline_stages=3,7nm,TT,0.75,25.0,0.75,1333.3333333333333,16,16,24,3,V-2023.12-SP4,162,92,70,32.481793,9.902592,22.579201,0.43209876543209874,0.6951340709547653,0.53,0.01,0.0,0,V-2023.12-SP4,165,95,70,33.4,10.82,22.58,46.1583,0.7236,0.42424242424242425,0.6760479041916168,0.19,0.34,0.0,0,V-2023.12-SP3,V-2023.12-SP4,0.37770000000000004,0.05933,0.0002333,0.4373,0.43703000000000003,0.3277725,0.29359999999999997,0.0296,9.6e-06,0.3232,0.04934,0.008628,0.0001793,0.05815,0.034780000000000005,0.0211,4.442e-05,0.05592,0.0,0.0,0.0,0.0,0.0,0.0,0.0,0.0,0.0,0.0,0.0,0.0,0.0,0.0,0.0,0.0,unvectored,none,2,2026-07-25T03:44:14+00:00
intadd_24_24_24_2_20nm_TT_0V9_25C_800MHz,intadd,a_width=24;b_width=24;out_width=24;pipeline_stages=2,20nm,TT,0.9,25.0,1.25,800.0,24,24,24,2,V-2023.12-SP4,323,251,72,246.998399,94.934399,152.063999,0.22291021671826625,0.6156477111416419,0.96,0.05,0.0,0,V-2023.12-SP4,324,252,72,251.12,99.05,152.06,344.8896,0.7281,0.2222222222222222,0.605527237973877,0.48,0.53,0.0,0,V-2023.12-SP3,V-2023.12-SP4,0.4738,0.07238,0.00023720000000000002,0.5465,0.54618,0.682725,0.3573,0.02125,8.119999999999998e-06,0.3786,0.06591,0.00705,0.0001093,0.07307000000000001,0.05059,0.04408,0.0001198,0.0948,0.0,0.0,0.0,0.0,0.0,0.0,0.0,0.0,0.0,0.0,0.0,0.0,0.0,0.0,0.0,0.0,unvectored,none,2,2026-07-25T03:44:15+00:00
intadd_16_16_24_3_5nm_TT_0V7_25C_1000MHz,intadd,a_width=16;b_width=16;out_width=24;pipeline_stages=3,5nm,TT,0.7,25.0,1.0,1000.0,16,16,24,3,V-2023.12-SP4,162,92,70,17.4804,5.7204,11.76,0.43209876543209874,0.6727534839019702,0.51,0.27,0.0,0,V-2023.12-SP4,169,99,70,17.88,6.12,11.76,24.1164,0.7416,0.41420118343195267,0.6577181208053692,0.32,0.54,0.0,0,V-2023.12-SP3,V-2023.12-SP4,0.31,0.07708,0.0001674,0.3873,0.38708,0.38708,0.192,0.03979,6.781e-06,0.2318,0.07611,0.01609,0.0001165,0.09231,0.04186,0.0212,4.418e-05,0.0631,0.0,0.0,0.0,0.0,0.0,0.0,0.0,0.0,0.0,0.0,0.0,0.0,0.0,0.0,0.0,0.0,vectored,random,2,2026-07-25T03:44:20+00:00
intadd_16_16_24_3_7nm_TT_0V75_25C_1333p33MHz,intadd,a_width=16;b_width=16;out_width=24;pipeline_stages=3,7nm,TT,0.75,25.0,0.75,1333.3333333333333,16,16,24,3,V-2023.12-SP4,162,92,70,32.481793,9.902592,22.579201,0.43209876543209874,0.6951340709547653,0.53,0.01,0.0,0,V-2023.12-SP4,165,95,70,33.4,10.82,22.58,46.1583,0.7236,0.42424242424242425,0.6760479041916168,0.19,0.34,0.0,0,V-2023.12-SP3,V-2023.12-SP4,0.462,0.07939,0.0002699,0.5417,0.54139,0.40604250000000003,0.2935,0.0296,9.6e-06,0.3231,0.10969999999999999,0.02162,0.00021449999999999998,0.1316,0.05883,0.02817,4.57e-05,0.08705,0.0,0.0,0.0,0.0,0.0,0.0,0.0,0.0,0.0,0.0,0.0,0.0,0.0,0.0,0.0,0.0,vectored,random,2,2026-07-25T03:44:20+00:00
intadd_24_24_24_2_20nm_TT_0V9_25C_800MHz,intadd,a_width=24;b_width=24;out_width=24;pipeline_stages=2,20nm,TT,0.9,25.0,1.25,800.0,24,24,24,2,V-2023.12-SP4,323,251,72,246.998399,94.934399,152.063999,0.22291021671826625,0.6156477111416419,0.96,0.05,0.0,0,V-2023.12-SP4,324,252,72,251.12,99.05,152.06,344.8896,0.7281,0.2222222222222222,0.605527237973877,0.48,0.53,0.0,0,V-2023.12-SP3,V-2023.12-SP4,0.5871000000000001,0.1108,0.000267,0.6981999999999999,0.6979000000000001,0.8723750000000001,0.3581,0.02125,8.119999999999998e-06,0.3794,0.1438,0.01764,0.00013120000000000002,0.1616,0.08522,0.07194,0.0001276,0.1573,0.0,0.0,0.0,0.0,0.0,0.0,0.0,0.0,0.0,0.0,0.0,0.0,0.0,0.0,0.0,0.0,vectored,random,2,2026-07-25T03:44:21+00:00
intadd_24_24_24_2_16nm_TT_0V85_25C_666p667MHz,intadd,a_width=24;b_width=24;out_width=24;pipeline_stages=2,16nm,TT,0.85,25.0,1.5,666.6666666666666,24,24,24,2,V-2023.12-SP4,290,218,72,139.781381,50.201857,89.579524,0.2482758620689655,0.6408544783228318,1.26,0.01,0.0,0,V-2023.12-SP4,293,221,72,144.01,51.69,92.32,194.089,0.742,0.24573378839590443,0.6410665925977362,0.59,0.68,0.0,0,V-2023.12-SP3,V-2023.12-SP4,0.3251,0.05418,0.0003896,0.37970000000000004,0.37928,0.56892,0.24250000000000002,0.0201,4.156999999999999e-06,0.2626,0.04853,0.005006999999999999,0.00029509999999999996,0.053829999999999996,0.03406,0.029070000000000002,9.031000000000001e-05,0.06322,0.0,0.0,0.0,0.0,0.0,0.0,0.0,0.0,0.0,0.0,0.0,0.0,0.0,0.0,0.0,0.0,unvectored,none,2,2026-07-25T03:44:26+00:00
intadd_24_24_24_2_16nm_TT_0V85_25C_666p667MHz,intadd,a_width=24;b_width=24;out_width=24;pipeline_stages=2,16nm,TT,0.85,25.0,1.5,666.6666666666666,24,24,24,2,V-2023.12-SP4,290,218,72,139.781381,50.201857,89.579524,0.2482758620689655,0.6408544783228318,1.26,0.01,0.0,0,V-2023.12-SP4,293,221,72,144.01,51.69,92.32,194.089,0.742,0.24573378839590443,0.6410665925977362,0.59,0.68,0.0,0,V-2023.12-SP3,V-2023.12-SP4,0.4039,0.07686000000000001,0.00035479999999999995,0.48119999999999996,0.48075999999999997,0.7211399999999999,0.2431,0.0201,4.156999999999999e-06,0.2632,0.1064,0.01252,0.0002542,0.1192,0.05448,0.04423,9.643999999999999e-05,0.09881,0.0,0.0,0.0,0.0,0.0,0.0,0.0,0.0,0.0,0.0,0.0,0.0,0.0,0.0,0.0,0.0,vectored,random,2,2026-07-25T03:44:32+00:00
intadd_16_16_24_5_5nm_TT_0V7_25C_1333p33MHz,intadd,a_width=16;b_width=16;out_width=24;pipeline_stages=5,5nm,TT,0.7,25.0,0.75,1333.3333333333333,16,16,24,5,V-2023.12-SP4,280,155,125,30.3996,9.3996,21.0,0.44642857142857145,0.6907985631389887,0.32,0.21,0.0,0,V-2023.12-SP4,286,161,125,30.93,9.93,21.0,42.9156,0.7207,0.4370629370629371,0.6789524733268671,0.19,0.37,0.0,0,V-2023.12-SP3,V-2023.12-SP4,0.5618,0.1368,0.00030849999999999996,0.6989,0.6986,0.52395,0.4321,0.08717,8.582e-06,0.5193,0.0791,0.015319999999999999,0.0002301,0.09465,0.05057,0.0343,6.98e-05,0.08494,0.0,0.0,0.0,0.0,0.0,0.0,0.0,0.0,0.0,0.0,0.0,0.0,0.0,0.0,0.0,0.0,unvectored,none,2,2026-07-25T03:44:35+00:00
intadd_16_16_24_5_5nm_TT_0V7_25C_1333p33MHz,intadd,a_width=16;b_width=16;out_width=24;pipeline_stages=5,5nm,TT,0.7,25.0,0.75,1333.3333333333333,16,16,24,5,V-2023.12-SP4,280,155,125,30.3996,9.3996,21.0,0.44642857142857145,0.6907985631389887,0.32,0.21,0.0,0,V-2023.12-SP4,286,161,125,30.93,9.93,21.0,42.9156,0.7207,0.4370629370629371,0.6789524733268671,0.19,0.37,0.0,0,V-2023.12-SP3,V-2023.12-SP4,0.6960999999999999,0.16699999999999998,0.0002917,0.8634,0.8631,0.6473249999999999,0.4346,0.08717,8.582e-06,0.5218,0.1773,0.03866,0.0002081,0.2162,0.08417999999999999,0.04113,7.504e-05,0.1254,0.0,0.0,0.0,0.0,0.0,0.0,0.0,0.0,0.0,0.0,0.0,0.0,0.0,0.0,0.0,0.0,vectored,random,2,2026-07-25T03:44:41+00:00
intadd_16_16_24_5_5nm_TT_0V7_25C_800MHz,intadd,a_width=16;b_width=16;out_width=24;pipeline_stages=5,5nm,TT,0.7,25.0,1.25,800.0,16,16,24,5,V-2023.12-SP4,280,155,125,30.3996,9.3996,21.0,0.44642857142857145,0.6907985631389887,0.02,0.59,0.0,0,V-2023.12-SP4,290,165,125,31.37,10.37,21.0,42.9156,0.7309,0.43103448275862066,0.6694293911380299,0.44,0.68,0.0,0,V-2023.12-SP3,V-2023.12-SP4,0.3659,0.09401999999999999,0.0003173,0.4602,0.45992,0.5749,0.2881,0.06431,1.716e-05,0.3524,0.04734,0.009196,0.0002302,0.05677,0.03046,0.02052,6.988e-05,0.05104,0.0,0.0,0.0,0.0,0.0,0.0,0.0,0.0,0.0,0.0,0.0,0.0,0.0,0.0,0.0,0.0,unvectored,none,2,2026-07-25T03:44:42+00:00
intadd_16_16_24_5_5nm_TT_0V7_25C_800MHz,intadd,a_width=16;b_width=16;out_width=24;pipeline_stages=5,5nm,TT,0.7,25.0,1.25,800.0,16,16,24,5,V-2023.12-SP4,280,155,125,30.3996,9.3996,21.0,0.44642857142857145,0.6907985631389887,0.02,0.59,0.0,0,V-2023.12-SP4,290,165,125,31.37,10.37,21.0,42.9156,0.7309,0.43103448275862066,0.6694293911380299,0.44,0.68,0.0,0,V-2023.12-SP3,V-2023.12-SP4,0.4464,0.11230000000000001,0.0002997,0.5590999999999999,0.5587,0.698375,0.28959999999999997,0.06431,1.716e-05,0.3539,0.1064,0.023209999999999998,0.0002075,0.1298,0.05049,0.024790000000000003,7.505e-05,0.07536,0.0,0.0,0.0,0.0,0.0,0.0,0.0,0.0,0.0,0.0,0.0,0.0,0.0,0.0,0.0,0.0,vectored,random,2,2026-07-25T03:44:49+00:00
intadd_24_24_24_2_10nm_TT_0V8_25C_1333p33MHz,intadd,a_width=24;b_width=24;out_width=24;pipeline_stages=2,10nm,TT,0.8,25.0,0.75,1333.3333333333333,24,24,24,2,V-2023.12-SP4,308,236,72,70.656002,26.4192,44.236802,0.23376623376623376,0.626086967105781,0.51,0.02,0.0,0,V-2023.12-SP4,311,239,72,71.7,27.46,44.24,99.84,0.7182,0.2315112540192926,0.6170153417015342,0.19,0.34,0.0,0,V-2023.12-SP3,V-2023.12-SP4,0.4816,0.08220000000000001,0.0002004,0.5640000000000001,0.5638,0.42284999999999995,0.3629,0.02242,6.744e-06,0.3853,0.06632,0.008219,0.0001055,0.07465,0.05243,0.051570000000000005,8.819e-05,0.1041,0.0,0.0,0.0,0.0,0.0,0.0,0.0,0.0,0.0,0.0,0.0,0.0,0.0,0.0,0.0,0.0,unvectored,none,2,2026-07-25T03:45:30+00:00
intadd_24_24_24_2_10nm_TT_0V8_25C_1333p33MHz,intadd,a_width=24;b_width=24;out_width=24;pipeline_stages=2,10nm,TT,0.8,25.0,0.75,1333.3333333333333,24,24,24,2,V-2023.12-SP4,308,236,72,70.656002,26.4192,44.236802,0.23376623376623376,0.626086967105781,0.51,0.02,0.0,0,V-2023.12-SP4,311,239,72,71.7,27.46,44.24,99.84,0.7182,0.2315112540192926,0.6170153417015342,0.19,0.34,0.0,0,V-2023.12-SP3,V-2023.12-SP4,0.5932999999999999,0.1268,0.000212,0.7203,0.7201,0.540075,0.3626,0.02242,6.744e-06,0.38499999999999995,0.1447,0.02056,0.0001136,0.16540000000000002,0.08595,0.08383,9.172000000000001e-05,0.16990000000000002,0.0,0.0,0.0,0.0,0.0,0.0,0.0,0.0,0.0,0.0,0.0,0.0,0.0,0.0,0.0,0.0,vectored,random,2,2026-07-25T03:45:37+00:00
intadd_24_24_24_3_20nm_TT_0V9_25C_1000MHz,intadd,a_width=24;b_width=24;out_width=24;pipeline_stages=3,20nm,TT,0.9,25.0,1.0,1000.0,24,24,24,3,V-2023.12-SP4,391,282,109,339.081598,108.873599,230.207999,0.27877237851662406,0.6789162265302289,0.67,0.1,0.0,0,V-2023.12-SP4,394,285,109,351.86,121.65,230.21,473.2992,0.7434,0.2766497461928934,0.6542659012107088,0.36,0.44,0.0,0,V-2023.12-SP3,V-2023.12-SP4,0.9211,0.17679999999999998,0.1034,1.201,1.0979,1.0979,0.7226999999999999,0.1004,0.1031,0.9261999999999999,0.1206,0.01243,0.0001653,0.1332,0.07788,0.064,0.0001419,0.14200000000000002,0.0,0.0,0.0,0.0,0.0,0.0,0.0,0.0,0.0,0.0,0.0,0.0,0.0,0.0,0.0,0.0,unvectored,none,2,2026-07-25T03:45:42+00:00
intadd_16_16_24_3_7nm_TT_0V75_25C_1000MHz,intadd,a_width=16;b_width=16;out_width=24;pipeline_stages=3,7nm,TT,0.75,25.0,1.0,1000.0,16,16,24,3,V-2023.12-SP4,162,92,70,32.481793,9.902592,22.579201,0.43209876543209874,0.6951340709547653,0.53,0.26,0.0,0,V-2023.12-SP4,168,98,70,32.84,10.26,22.58,46.1583,0.7114,0.4166666666666667,0.6875761266747867,0.32,0.56,0.0,0,V-2023.12-SP3,V-2023.12-SP4,0.27769999999999995,0.06032,0.0002262,0.3383,0.33801999999999993,0.33801999999999993,0.21509999999999999,0.03864,2.455e-06,0.2537,0.037020000000000004,0.006503,0.0001793,0.043699999999999996,0.025660000000000002,0.01518,4.442e-05,0.04087,0.0,0.0,0.0,0.0,0.0,0.0,0.0,0.0,0.0,0.0,0.0,0.0,0.0,0.0,0.0,0.0,unvectored,none,2,2026-07-25T03:45:44+00:00
intadd_24_24_24_3_20nm_TT_0V9_25C_1000MHz,intadd,a_width=24;b_width=24;out_width=24;pipeline_stages=3,20nm,TT,0.9,25.0,1.0,1000.0,24,24,24,3,V-2023.12-SP4,391,282,109,339.081598,108.873599,230.207999,0.27877237851662406,0.6789162265302289,0.67,0.1,0.0,0,V-2023.12-SP4,394,285,109,351.86,121.65,230.21,473.2992,0.7434,0.2766497461928934,0.6542659012107088,0.36,0.44,0.0,0,V-2023.12-SP3,V-2023.12-SP4,1.1199999999999999,0.228,0.1034,1.451,1.3479999999999999,1.3479999999999999,0.7234999999999999,0.1004,0.1031,0.9269999999999999,0.2679,0.031120000000000002,0.00019920000000000002,0.2992,0.1282,0.09645,0.0001539,0.2248,0.0,0.0,0.0,0.0,0.0,0.0,0.0,0.0,0.0,0.0,0.0,0.0,0.0,0.0,0.0,0.0,vectored,random,2,2026-07-25T03:45:49+00:00
intadd_16_16_24_3_7nm_TT_0V75_25C_1000MHz,intadd,a_width=16;b_width=16;out_width=24;pipeline_stages=3,7nm,TT,0.75,25.0,1.0,1000.0,16,16,24,3,V-2023.12-SP4,162,92,70,32.481793,9.902592,22.579201,0.43209876543209874,0.6951340709547653,0.53,0.26,0.0,0,V-2023.12-SP4,168,98,70,32.84,10.26,22.58,46.1583,0.7114,0.4166666666666667,0.6875761266747867,0.32,0.56,0.0,0,V-2023.12-SP3,V-2023.12-SP4,0.34259999999999996,0.07624,0.0002649,0.4191,0.41884,0.41884,0.215,0.03864,2.455e-06,0.2536,0.08324,0.0163,0.0002167,0.09975,0.04435,0.021310000000000003,4.5709999999999994e-05,0.0657,0.0,0.0,0.0,0.0,0.0,0.0,0.0,0.0,0.0,0.0,0.0,0.0,0.0,0.0,0.0,0.0,vectored,random,2,2026-07-25T03:45:50+00:00
intadd_24_24_24_2_10nm_TT_0V8_25C_800MHz,intadd,a_width=24;b_width=24;out_width=24;pipeline_stages=2,10nm,TT,0.8,25.0,1.25,800.0,24,24,24,2,V-2023.12-SP4,284,212,72,68.505602,24.2688,44.236802,0.2535211267605634,0.6457399206564158,0.8,0.23,0.0,0,V-2023.12-SP4,285,213,72,68.78,24.55,44.24,94.464,0.7281,0.25263157894736843,0.6432102355335854,0.45,0.68,0.0,0,V-2023.12-SP3,V-2023.12-SP4,0.31070000000000003,0.07087,0.0001902,0.38180000000000003,0.38157,0.4769625,0.2401,0.03927,2.181e-06,0.27940000000000004,0.039990000000000005,0.004974999999999999,0.0001055,0.04507,0.030630000000000004,0.02663,8.249e-05,0.05734,0.0,0.0,0.0,0.0,0.0,0.0,0.0,0.0,0.0,0.0,0.0,0.0,0.0,0.0,0.0,0.0,unvectored,none,2,2026-07-25T03:46:00+00:00
intadd_24_24_24_2_10nm_TT_0V8_25C_800MHz,intadd,a_width=24;b_width=24;out_width=24;pipeline_stages=2,10nm,TT,0.8,25.0,1.25,800.0,24,24,24,2,V-2023.12-SP4,284,212,72,68.505602,24.2688,44.236802,0.2535211267605634,0.6457399206564158,0.8,0.23,0.0,0,V-2023.12-SP4,285,213,72,68.78,24.55,44.24,94.464,0.7281,0.25263157894736843,0.6432102355335854,0.45,0.68,0.0,0,V-2023.12-SP3,V-2023.12-SP4,0.3719,0.09255999999999999,0.0002031,0.4647,0.46446,0.580575,0.2399,0.03927,2.181e-06,0.2792,0.08684,0.01244,0.0001149,0.0994,0.04518,0.04086,8.596e-05,0.08612,0.0,0.0,0.0,0.0,0.0,0.0,0.0,0.0,0.0,0.0,0.0,0.0,0.0,0.0,0.0,0.0,vectored,random,2,2026-07-25T03:46:06+00:00
intadd_24_24_24_3_10nm_TT_0V8_25C_1333p33MHz,intadd,a_width=24;b_width=24;out_width=24;pipeline_stages=3,10nm,TT,0.8,25.0,0.75,1333.3333333333333,24,24,24,3,V-2023.12-SP4,357,248,109,95.723523,28.75392,66.969603,0.30532212885154064,0.6996149002998981,0.48,0.06,0.0,0,V-2023.12-SP4,358,249,109,95.88,28.91,66.97,134.5536,0.7126,0.30446927374301674,0.6984772632457238,0.2,0.34,0.0,0,V-2023.12-SP3,V-2023.12-SP4,0.6799,0.06715,0.0002612,0.7473,0.74705,0.5602875,0.5207999999999999,0.0,0.0,0.5207999999999999,0.09698,0.0118,0.0001597,0.10890000000000001,0.062119999999999995,0.055349999999999996,0.0001015,0.1176,0.0,0.0,0.0,0.0,0.0,0.0,0.0,0.0,0.0,0.0,0.0,0.0,0.0,0.0,0.0,0.0,unvectored,none,2,2026-07-25T03:46:15+00:00
intadd_24_24_24_3_16nm_TT_0V85_25C_666p667MHz,intadd,a_width=24;b_width=24;out_width=24;pipeline_stages=3,16nm,TT,0.85,25.0,1.5,666.6666666666666,24,24,24,3,V-2023.12-SP4,248,139,109,193.653511,58.040065,135.613446,0.43951612903225806,0.7002891158529009,1.15,0.12,0.0,0,V-2023.12-SP4,261,152,109,219.53,79.44,140.09,268.2409,0.8184,0.41762452107279696,0.6381360178563295,0.59,0.7,0.0,0,V-2023.12-SP3,V-2023.12-SP4,0.6313,0.07423,0.3859,1.091,0.70553,1.058295,0.5131,0.037219999999999996,0.38539999999999996,0.9357,0.07158,0.009979,0.0004335,0.08199000000000001,0.0466,0.027030000000000002,9.006e-05,0.07372000000000001,0.0,0.0,0.0,0.0,0.0,0.0,0.0,0.0,0.0,0.0,0.0,0.0,0.0,0.0,0.0,0.0,unvectored,none,2,2026-07-25T03:46:16+00:00
intadd_24_24_24_3_10nm_TT_0V8_25C_1333p33MHz,intadd,a_width=24;b_width=24;out_width=24;pipeline_stages=3,10nm,TT,0.8,25.0,0.75,1333.3333333333333,24,24,24,3,V-2023.12-SP4,357,248,109,95.723523,28.75392,66.969603,0.30532212885154064,0.6996149002998981,0.48,0.06,0.0,0,V-2023.12-SP4,358,249,109,95.88,28.91,66.97,134.5536,0.7126,0.30446927374301674,0.6984772632457238,0.2,0.34,0.0,0,V-2023.12-SP3,V-2023.12-SP4,0.8327,0.1085,0.000279,0.9415,0.9412,0.7059,0.5203,0.0,0.0,0.5203,0.2144,0.02955,0.00017219999999999998,0.24409999999999998,0.098,0.07894999999999999,0.00010680000000000001,0.1771,0.0,0.0,0.0,0.0,0.0,0.0,0.0,0.0,0.0,0.0,0.0,0.0,0.0,0.0,0.0,0.0,vectored,random,2,2026-07-25T03:46:22+00:00
intadd_24_24_24_3_16nm_TT_0V85_25C_666p667MHz,intadd,a_width=24;b_width=24;out_width=24;pipeline_stages=3,16nm,TT,0.85,25.0,1.5,666.6666666666666,24,24,24,3,V-2023.12-SP4,248,139,109,193.653511,58.040065,135.613446,0.43951612903225806,0.7002891158529009,1.15,0.12,0.0,0,V-2023.12-SP4,261,152,109,219.53,79.44,140.09,268.2409,0.8184,0.41762452107279696,0.6381360178563295,0.59,0.7,0.0,0,V-2023.12-SP3,V-2023.12-SP4,0.7546999999999999,0.09698,0.3858,1.237,0.8516799999999999,1.2775199999999998,0.5136999999999999,0.037219999999999996,0.38539999999999996,0.9363,0.162,0.02497,0.000376,0.1874,0.07894999999999999,0.034789999999999995,9.97e-05,0.1138,0.0,0.0,0.0,0.0,0.0,0.0,0.0,0.0,0.0,0.0,0.0,0.0,0.0,0.0,0.0,0.0,vectored,random,2,2026-07-25T03:46:23+00:00
intadd_24_24_24_3_20nm_TT_0V9_25C_571p429MHz,intadd,a_width=24;b_width=24;out_width=24;pipeline_stages=3,20nm,TT,0.9,25.0,1.75,571.4285714285714,24,24,24,3,V-2023.12-SP4,357,248,109,329.049598,98.841599,230.207999,0.30532212885154064,0.6996148920990324,1.21,0.3,0.0,0,V-2023.12-SP4,360,251,109,338.66,108.45,230.21,467.5968,0.7243,0.30277777777777776,0.6797673182542964,0.74,0.83,0.0,0,V-2023.12-SP3,V-2023.12-SP4,0.5134,0.09818,0.05185,0.6635,0.61158,1.070265,0.4032,0.056870000000000004,0.05155,0.5117,0.06888999999999999,0.007202,0.0001652,0.07626000000000001,0.0413,0.034109999999999994,0.00013120000000000002,0.07554999999999999,0.0,0.0,0.0,0.0,0.0,0.0,0.0,0.0,0.0,0.0,0.0,0.0,0.0,0.0,0.0,0.0,unvectored,none,2,2026-07-25T03:46:30+00:00
intadd_16_16_24_5_7nm_TT_0V75_25C_1333p33MHz,intadd,a_width=16;b_width=16;out_width=24;pipeline_stages=5,7nm,TT,0.75,25.0,0.75,1333.3333333333333,16,16,24,5,V-2023.12-SP4,280,155,125,56.399617,16.079616,40.320002,0.44642857142857145,0.7148985072008557,0.33,0.21,0.0,0,V-2023.12-SP4,300,175,125,56.45,16.13,40.32,79.0272,0.7143,0.4166666666666667,0.7142604074402126,0.19,0.34,0.0,0,V-2023.12-SP3,V-2023.12-SP4,0.605,0.08528,0.0003985,0.6906,0.69028,0.51771,0.4678,0.031420000000000003,3.754e-06,0.4992,0.08547,0.01456,0.00031979999999999997,0.1004,0.05172,0.0393,7.499e-05,0.09108999999999999,0.0,0.0,0.0,0.0,0.0,0.0,0.0,0.0,0.0,0.0,0.0,0.0,0.0,0.0,0.0,0.0,unvectored,none,2,2026-07-25T03:46:32+00:00
intadd_24_24_24_3_20nm_TT_0V9_25C_571p429MHz,intadd,a_width=24;b_width=24;out_width=24;pipeline_stages=3,20nm,TT,0.9,25.0,1.75,571.4285714285714,24,24,24,3,V-2023.12-SP4,357,248,109,329.049598,98.841599,230.207999,0.30532212885154064,0.6996148920990324,1.21,0.3,0.0,0,V-2023.12-SP4,360,251,109,338.66,108.45,230.21,467.5968,0.7243,0.30277777777777776,0.6797673182542964,0.74,0.83,0.0,0,V-2023.12-SP3,V-2023.12-SP4,0.6203,0.1185,0.05189,0.7907,0.7387999999999999,1.2929,0.4037,0.056870000000000004,0.05155,0.5121,0.1513,0.018029999999999997,0.00019920000000000002,0.1696,0.06528,0.0436,0.00014350000000000002,0.10900000000000001,0.0,0.0,0.0,0.0,0.0,0.0,0.0,0.0,0.0,0.0,0.0,0.0,0.0,0.0,0.0,0.0,vectored,random,2,2026-07-25T03:46:37+00:00
intadd_16_16_24_5_7nm_TT_0V75_25C_1333p33MHz,intadd,a_width=16;b_width=16;out_width=24;pipeline_stages=5,7nm,TT,0.75,25.0,0.75,1333.3333333333333,16,16,24,5,V-2023.12-SP4,280,155,125,56.399617,16.079616,40.320002,0.44642857142857145,0.7148985072008557,0.33,0.21,0.0,0,V-2023.12-SP4,300,175,125,56.45,16.13,40.32,79.0272,0.7143,0.4166666666666667,0.7142604074402126,0.19,0.34,0.0,0,V-2023.12-SP3,V-2023.12-SP4,0.7466,0.11270000000000001,0.0004644,0.8598,0.8593000000000001,0.644475,0.46749999999999997,0.031420000000000003,3.7630000000000002e-06,0.4989,0.19210000000000002,0.03669,0.0003834,0.2292,0.08698,0.04462,7.73e-05,0.1317,0.0,0.0,0.0,0.0,0.0,0.0,0.0,0.0,0.0,0.0,0.0,0.0,0.0,0.0,0.0,0.0,vectored,random,2,2026-07-25T03:46:38+00:00
intadd_16_16_24_5_7nm_TT_0V75_25C_1000MHz,intadd,a_width=16;b_width=16;out_width=24;pipeline_stages=5,7nm,TT,0.75,25.0,1.0,1000.0,16,16,24,5,V-2023.12-SP4,280,155,125,56.399617,16.079616,40.320002,0.44642857142857145,0.7148985072008557,0.33,0.46,0.0,0,V-2023.12-SP4,303,178,125,56.34,16.02,40.32,79.0272,0.7129,0.41254125412541254,0.7156549520766773,0.32,0.56,0.0,0,V-2023.12-SP3,V-2023.12-SP4,0.4961,0.1093,0.00039779999999999997,0.6058,0.6053999999999999,0.6053999999999999,0.3931,0.06883,3.032e-06,0.46190000000000003,0.06420000000000001,0.010920000000000001,0.00031979999999999997,0.07544,0.03879,0.029589999999999998,7.499e-05,0.06846000000000001,0.0,0.0,0.0,0.0,0.0,0.0,0.0,0.0,0.0,0.0,0.0,0.0,0.0,0.0,0.0,0.0,unvectored,none,2,2026-07-25T03:46:48+00:00
intadd_16_16_24_5_7nm_TT_0V75_25C_1000MHz,intadd,a_width=16;b_width=16;out_width=24;pipeline_stages=5,7nm,TT,0.75,25.0,1.0,1000.0,16,16,24,5,V-2023.12-SP4,280,155,125,56.399617,16.079616,40.320002,0.44642857142857145,0.7148985072008557,0.33,0.46,0.0,0,V-2023.12-SP4,303,178,125,56.34,16.02,40.32,79.0272,0.7129,0.41254125412541254,0.7156549520766773,0.32,0.56,0.0,0,V-2023.12-SP3,V-2023.12-SP4,0.6034,0.1298,0.0004678,0.7336,0.7332000000000001,0.7332000000000001,0.3929,0.06883,3.032e-06,0.4618,0.14559999999999998,0.02752,0.0003875,0.1735,0.06489,0.033429999999999994,7.73e-05,0.0984,0.0,0.0,0.0,0.0,0.0,0.0,0.0,0.0,0.0,0.0,0.0,0.0,0.0,0.0,0.0,0.0,vectored,random,2,2026-07-25T03:46:54+00:00
intadd_24_24_24_2_5nm_TT_0V7_25C_800MHz,intadd,a_width=24;b_width=24;out_width=24;pipeline_stages=2,5nm,TT,0.7,25.0,1.25,800.0,24,24,24,2,V-2023.12-SP4,174,102,72,19.2696,7.1736,12.096,0.41379310344827586,0.6277244986922406,0.9,0.13,0.0,0,V-2023.12-SP4,180,108,72,20.22,8.12,12.1,27.0816,0.7466,0.4,0.5984174085064293,0.44,0.69,0.0,0,V-2023.12-SP3,V-2023.12-SP4,0.2419,0.05982,0.0002007,0.30200000000000005,0.30172,0.37715,0.1871,0.03796,1.824e-05,0.225,0.02919,0.006209,0.0001325,0.03553,0.02568,0.01565,4.999e-05,0.04139,0.0,0.0,0.0,0.0,0.0,0.0,0.0,0.0,0.0,0.0,0.0,0.0,0.0,0.0,0.0,0.0,unvectored,none,2,2026-07-25T03:46:58+00:00
intadd_24_24_24_3_5nm_TT_0V7_25C_1333p33MHz,intadd,a_width=24;b_width=24;out_width=24;pipeline_stages=3,5nm,TT,0.7,25.0,0.75,1333.3333333333333,24,24,24,3,V-2023.12-SP4,248,139,109,27.0396,8.7276,18.312,0.43951612903225806,0.677228953091022,0.51,0.02,0.0,0,V-2023.12-SP4,251,142,109,27.14,8.83,18.31,37.4976,0.7238,0.4342629482071713,0.6746499631540162,0.19,0.35,0.0,0,V-2023.12-SP3,V-2023.12-SP4,0.47169999999999995,0.0472,0.0002648,0.5192,0.5188999999999999,0.38917499999999994,0.34959999999999997,0.0,0.0,0.34959999999999997,0.07098,0.01309,0.0002007,0.08428,0.05112,0.034100000000000005,6.41e-05,0.08528,0.0,0.0,0.0,0.0,0.0,0.0,0.0,0.0,0.0,0.0,0.0,0.0,0.0,0.0,0.0,0.0,unvectored,none,2,2026-07-25T03:47:04+00:00
intadd_24_24_24_2_5nm_TT_0V7_25C_800MHz,intadd,a_width=24;b_width=24;out_width=24;pipeline_stages=2,5nm,TT,0.7,25.0,1.25,800.0,24,24,24,2,V-2023.12-SP4,174,102,72,19.2696,7.1736,12.096,0.41379310344827586,0.6277244986922406,0.9,0.13,0.0,0,V-2023.12-SP4,180,108,72,20.22,8.12,12.1,27.0816,0.7466,0.4,0.5984174085064293,0.44,0.69,0.0,0,V-2023.12-SP3,V-2023.12-SP4,0.2964,0.07721,0.000191,0.37379999999999997,0.37361,0.4670125,0.18789999999999998,0.03796,1.824e-05,0.2259,0.06435,0.015529999999999999,0.0001197,0.08,0.04417,0.02373,5.305e-05,0.06795,0.0,0.0,0.0,0.0,0.0,0.0,0.0,0.0,0.0,0.0,0.0,0.0,0.0,0.0,0.0,0.0,vectored,random,2,2026-07-25T03:47:04+00:00
intadd_24_24_24_3_5nm_TT_0V7_25C_1333p33MHz,intadd,a_width=24;b_width=24;out_width=24;pipeline_stages=3,5nm,TT,0.7,25.0,0.75,1333.3333333333333,24,24,24,3,V-2023.12-SP4,248,139,109,27.0396,8.7276,18.312,0.43951612903225806,0.677228953091022,0.51,0.02,0.0,0,V-2023.12-SP4,251,142,109,27.14,8.83,18.31,37.4976,0.7238,0.4342629482071713,0.6746499631540162,0.19,0.35,0.0,0,V-2023.12-SP3,V-2023.12-SP4,0.5938,0.07689,0.0002509,0.671,0.67069,0.5030175,0.35169999999999996,0.0,0.0,0.35169999999999996,0.1568,0.03276,0.0001822,0.1898,0.08535,0.04413,6.862e-05,0.1295,0.0,0.0,0.0,0.0,0.0,0.0,0.0,0.0,0.0,0.0,0.0,0.0,0.0,0.0,0.0,0.0,vectored,random,2,2026-07-25T03:47:11+00:00
intadd_24_24_24_5_16nm_TT_0V85_25C_800MHz,intadd,a_width=24;b_width=24;out_width=24;pipeline_stages=5,16nm,TT,0.85,25.0,1.25,800.0,24,24,24,5,V-2023.12-SP4,396,213,183,304.134924,76.453634,227.68129,0.4621212121212121,0.7486193529027267,0.69,0.33,0.0,0,V-2023.12-SP4,417,234,183,323.54,86.28,237.26,432.2212,0.7486,0.43884892086330934,0.733325091178834,0.46,0.62,0.0,0,V-2023.12-SP3,V-2023.12-SP4,1.021,0.18789999999999998,0.0008019,1.21,1.2088999999999999,1.5111249999999998,0.8046000000000001,0.1255,2.714e-05,0.9301,0.1441,0.01663,0.0006466,0.1613,0.07282,0.04576,0.0001282,0.1187,0.0,0.0,0.0,0.0,0.0,0.0,0.0,0.0,0.0,0.0,0.0,0.0,0.0,0.0,0.0,0.0,unvectored,none,2,2026-07-25T03:47:27+00:00
intadd_24_24_24_5_16nm_TT_0V85_25C_800MHz,intadd,a_width=24;b_width=24;out_width=24;pipeline_stages=5,16nm,TT,0.85,25.0,1.25,800.0,24,24,24,5,V-2023.12-SP4,396,213,183,304.134924,76.453634,227.68129,0.4621212121212121,0.7486193529027267,0.69,0.33,0.0,0,V-2023.12-SP4,417,234,183,323.54,86.28,237.26,432.2212,0.7486,0.43884892086330934,0.733325091178834,0.46,0.62,0.0,0,V-2023.12-SP3,V-2023.12-SP4,1.25,0.2146,0.0007539,1.4649999999999999,1.4646,1.8307499999999999,0.8057,0.1255,2.714e-05,0.9312,0.3273,0.04161,0.0005822000000000001,0.3695,0.1168,0.04746,0.00014450000000000002,0.16440000000000002,0.0,0.0,0.0,0.0,0.0,0.0,0.0,0.0,0.0,0.0,0.0,0.0,0.0,0.0,0.0,0.0,vectored,random,2,2026-07-25T03:47:34+00:00
intadd_24_24_24_3_10nm_TT_0V8_25C_800MHz,intadd,a_width=24;b_width=24;out_width=24;pipeline_stages=3,10nm,TT,0.8,25.0,1.25,800.0,24,24,24,3,V-2023.12-SP4,248,139,109,95.631363,28.66176,66.969603,0.43951612903225806,0.7002891195851721,0.68,0.36,0.0,0,V-2023.12-SP4,261,152,109,97.2,30.23,66.97,134.5536,0.7224,0.41762452107279696,0.6889917695473251,0.45,0.66,0.0,0,V-2023.12-SP3,V-2023.12-SP4,0.4653,0.09883,0.0002531,0.5643999999999999,0.56413,0.7051625,0.364,0.061630000000000004,6.946e-06,0.4256,0.05843,0.01038,0.0001597,0.06897,0.042910000000000004,0.02682,8.643999999999999e-05,0.06982000000000001,0.0,0.0,0.0,0.0,0.0,0.0,0.0,0.0,0.0,0.0,0.0,0.0,0.0,0.0,0.0,0.0,unvectored,none,2,2026-07-25T03:47:48+00:00
intadd_24_24_24_3_10nm_TT_0V8_25C_800MHz,intadd,a_width=24;b_width=24;out_width=24;pipeline_stages=3,10nm,TT,0.8,25.0,1.25,800.0,24,24,24,3,V-2023.12-SP4,248,139,109,95.631363,28.66176,66.969603,0.43951612903225806,0.7002891195851721,0.68,0.36,0.0,0,V-2023.12-SP4,261,152,109,97.2,30.23,66.97,134.5536,0.7224,0.41762452107279696,0.6889917695473251,0.45,0.66,0.0,0,V-2023.12-SP3,V-2023.12-SP4,0.5670999999999999,0.1205,0.000273,0.6879,0.6876,0.8594999999999999,0.3637,0.061630000000000004,6.952e-06,0.4254,0.1316,0.02596,0.0001741,0.1577,0.07184,0.03288,9.197e-05,0.1048,0.0,0.0,0.0,0.0,0.0,0.0,0.0,0.0,0.0,0.0,0.0,0.0,0.0,0.0,0.0,0.0,vectored,random,2,2026-07-25T03:47:54+00:00
intadd_24_24_24_5_20nm_TT_0V9_25C_666p667MHz,intadd,a_width=24;b_width=24;out_width=24;pipeline_stages=5,20nm,TT,0.9,25.0,1.5,666.6666666666666,24,24,24,5,V-2023.12-SP4,396,213,183,516.278397,129.782399,386.495998,0.4621212121212121,0.7486193500364493,1.03,0.24,0.0,0,V-2023.12-SP4,404,221,183,526.52,140.03,386.5,714.384,0.737,0.452970297029703,0.7340651827091089,0.61,0.65,0.0,0,V-2023.12-SP3,V-2023.12-SP4,0.9449000000000001,0.09137,0.05198,1.088,1.03627,1.554405,0.7366999999999999,0.033170000000000005,0.05155,0.8215,0.1313,0.01561,0.0002772,0.1472,0.07689,0.04258,0.0001565,0.1196,0.0,0.0,0.0,0.0,0.0,0.0,0.0,0.0,0.0,0.0,0.0,0.0,0.0,0.0,0.0,0.0,unvectored,none,2,2026-07-25T03:48:03+00:00
intadd_24_24_24_5_20nm_TT_0V9_25C_666p667MHz,intadd,a_width=24;b_width=24;out_width=24;pipeline_stages=5,20nm,TT,0.9,25.0,1.5,666.6666666666666,24,24,24,5,V-2023.12-SP4,396,213,183,516.278397,129.782399,386.495998,0.4621212121212121,0.7486193500364493,1.03,0.24,0.0,0,V-2023.12-SP4,404,221,183,526.52,140.03,386.5,714.384,0.737,0.452970297029703,0.7340651827091089,0.61,0.65,0.0,0,V-2023.12-SP3,V-2023.12-SP4,1.148,0.1172,0.05206,1.317,1.2651999999999999,1.8977999999999997,0.7376,0.033170000000000005,0.05155,0.8223,0.2942,0.039069999999999994,0.000335,0.33359999999999995,0.1158,0.04494,0.0001768,0.16090000000000002,0.0,0.0,0.0,0.0,0.0,0.0,0.0,0.0,0.0,0.0,0.0,0.0,0.0,0.0,0.0,0.0,vectored,random,2,2026-07-25T03:48:09+00:00
intadd_24_24_24_3_5nm_TT_0V7_25C_800MHz,intadd,a_width=24;b_width=24;out_width=24;pipeline_stages=3,5nm,TT,0.7,25.0,1.25,800.0,24,24,24,3,V-2023.12-SP4,248,139,109,27.0396,8.7276,18.312,0.43951612903225806,0.677228953091022,0.51,0.52,0.0,0,V-2023.12-SP4,258,149,109,28.3,9.99,18.31,37.4976,0.7547,0.42248062015503873,0.6469964664310953,0.44,0.68,0.0,0,V-2023.12-SP3,V-2023.12-SP4,0.3461,0.08666,0.0002882,0.433,0.43276000000000003,0.54095,0.2727,0.05818,2.3409999999999998e-05,0.3309,0.04261,0.00793,0.0002007,0.05074,0.03073,0.020550000000000002,6.41e-05,0.05134,0.0,0.0,0.0,0.0,0.0,0.0,0.0,0.0,0.0,0.0,0.0,0.0,0.0,0.0,0.0,0.0,unvectored,none,2,2026-07-25T03:48:10+00:00
intadd_24_24_32_2_20nm_TT_0V9_25C_800MHz,intadd,a_width=24;b_width=24;out_width=32;pipeline_stages=2,20nm,TT,0.9,25.0,1.25,800.0,24,24,32,2,V-2023.12-SP4,336,263,73,252.806399,98.630399,154.175999,0.21726190476190477,0.6098579767357867,0.86,0.16,0.0,0,V-2023.12-SP4,337,264,73,256.5,102.33,154.18,347.3184,0.7385,0.2166172106824926,0.6010916179337232,0.49,0.52,0.0,0,V-2023.12-SP3,V-2023.12-SP4,0.4806,0.07423,0.0002412,0.5551,0.55483,0.6935375,0.3612,0.020339999999999997,7.5430000000000005e-06,0.3816,0.0668,0.007053,0.0001108,0.07396,0.05258,0.04684,0.00012279999999999998,0.09954,0.0,0.0,0.0,0.0,0.0,0.0,0.0,0.0,0.0,0.0,0.0,0.0,0.0,0.0,0.0,0.0,unvectored,none,2,2026-07-25T03:48:10+00:00
intadd_24_24_24_3_5nm_TT_0V7_25C_800MHz,intadd,a_width=24;b_width=24;out_width=24;pipeline_stages=3,5nm,TT,0.7,25.0,1.25,800.0,24,24,24,3,V-2023.12-SP4,248,139,109,27.0396,8.7276,18.312,0.43951612903225806,0.677228953091022,0.51,0.52,0.0,0,V-2023.12-SP4,258,149,109,28.3,9.99,18.31,37.4976,0.7547,0.42248062015503873,0.6469964664310953,0.44,0.68,0.0,0,V-2023.12-SP3,V-2023.12-SP4,0.4213,0.1052,0.0002728,0.5268,0.5265,0.658125,0.2741,0.05818,2.3409999999999998e-05,0.3323,0.09506,0.01984,0.0001807,0.11510000000000001,0.05219,0.02715,6.863e-05,0.07941,0.0,0.0,0.0,0.0,0.0,0.0,0.0,0.0,0.0,0.0,0.0,0.0,0.0,0.0,0.0,0.0,vectored,random,2,2026-07-25T03:48:16+00:00
intadd_24_24_32_2_20nm_TT_0V9_25C_800MHz,intadd,a_width=24;b_width=24;out_width=32;pipeline_stages=2,20nm,TT,0.9,25.0,1.25,800.0,24,24,32,2,V-2023.12-SP4,336,263,73,252.806399,98.630399,154.175999,0.21726190476190477,0.6098579767357867,0.86,0.16,0.0,0,V-2023.12-SP4,337,264,73,256.5,102.33,154.18,347.3184,0.7385,0.2166172106824926,0.6010916179337232,0.49,0.52,0.0,0,V-2023.12-SP3,V-2023.12-SP4,0.5982000000000001,0.115,0.0002714,0.7135,0.7132000000000001,0.8915000000000001,0.36210000000000003,0.020339999999999997,7.5430000000000005e-06,0.38249999999999995,0.1464,0.01764,0.000133,0.1641,0.08971000000000001,0.07705000000000001,0.00013089999999999998,0.1669,0.0,0.0,0.0,0.0,0.0,0.0,0.0,0.0,0.0,0.0,0.0,0.0,0.0,0.0,0.0,0.0,vectored,random,2,2026-07-25T03:48:16+00:00
intadd_24_24_24_5_10nm_TT_0V8_25C_1333p33MHz,intadd,a_width=24;b_width=24;out_width=24;pipeline_stages=5,10nm,TT,0.8,25.0,0.75,1333.3333333333333,24,24,24,5,V-2023.12-SP4,396,213,183,150.190085,37.75488,112.435205,0.4621212121212121,0.748619357928987,0.41,0.12,0.0,0,V-2023.12-SP4,408,225,183,155.6,43.16,112.44,213.6269,0.7284,0.4485294117647059,0.7226221079691517,0.2,0.36,0.0,0,V-2023.12-SP3,V-2023.12-SP4,1.2429999999999999,0.2501,0.000428,1.4929999999999999,1.4930999999999999,1.1198249999999998,0.988,0.1581,3.489e-05,1.1460000000000001,0.1583,0.023649999999999997,0.0002681,0.1822,0.0963,0.0684,0.000125,0.1648,0.0,0.0,0.0,0.0,0.0,0.0,0.0,0.0,0.0,0.0,0.0,0.0,0.0,0.0,0.0,0.0,unvectored,none,2,2026-07-25T03:48:18+00:00
intadd_24_24_24_2_7nm_TT_0V75_25C_1333p33MHz,intadd,a_width=24;b_width=24;out_width=24;pipeline_stages=2,7nm,TT,0.75,25.0,0.75,1333.3333333333333,24,24,24,2,V-2023.12-SP4,299,227,72,36.642817,13.418496,23.224321,0.2408026755852843,0.6338028268951047,0.53,0.0,0.0,0,V-2023.12-SP4,300,228,72,37.27,14.05,23.22,51.029,0.7304,0.24,0.6230211966729272,0.19,0.34,0.0,0,V-2023.12-SP3,V-2023.12-SP4,0.384,0.07318,0.0002573,0.4575,0.45718000000000003,0.342885,0.2917,0.025400000000000002,6.931e-06,0.3171,0.052559999999999996,0.006835,0.00018470000000000002,0.05958,0.03978,0.04095,6.570999999999999e-05,0.08079,0.0,0.0,0.0,0.0,0.0,0.0,0.0,0.0,0.0,0.0,0.0,0.0,0.0,0.0,0.0,0.0,unvectored,none,2,2026-07-25T03:48:24+00:00
intadd_24_24_24_5_10nm_TT_0V8_25C_1333p33MHz,intadd,a_width=24;b_width=24;out_width=24;pipeline_stages=5,10nm,TT,0.8,25.0,0.75,1333.3333333333333,24,24,24,5,V-2023.12-SP4,396,213,183,150.190085,37.75488,112.435205,0.4621212121212121,0.748619357928987,0.41,0.12,0.0,0,V-2023.12-SP4,408,225,183,155.6,43.16,112.44,213.6269,0.7284,0.4485294117647059,0.7226221079691517,0.2,0.36,0.0,0,V-2023.12-SP3,V-2023.12-SP4,1.4909999999999999,0.28219999999999995,0.0004582,1.774,1.7731999999999999,1.3298999999999999,0.9874,0.1581,3.489e-05,1.1460000000000001,0.3543,0.05919,0.0002893,0.4138,0.1495,0.06496,0.00013409999999999998,0.2146,0.0,0.0,0.0,0.0,0.0,0.0,0.0,0.0,0.0,0.0,0.0,0.0,0.0,0.0,0.0,0.0,vectored,random,2,2026-07-25T03:48:24+00:00
intadd_24_24_32_2_16nm_TT_0V85_25C_1000MHz,intadd,a_width=24;b_width=24;out_width=32;pipeline_stages=2,16nm,TT,0.85,25.0,1.0,1000.0,24,24,32,2,V-2023.12-SP4,333,260,73,148.490501,57.666817,90.823684,0.21921921921921922,0.6116464244403081,0.6,0.17,0.0,0,V-2023.12-SP4,336,263,73,157.57,66.0,91.57,208.3968,0.7561,0.21726190476190477,0.5811385416005584,0.34,0.48,0.0,0,V-2023.12-SP3,V-2023.12-SP4,0.5912,0.1338,0.1289,0.8539,0.725,0.725,0.4659,0.07341,0.1285,0.6678,0.0697,0.007733,0.0003788,0.07781,0.05558,0.05264,0.0001014,0.10830000000000001,0.0,0.0,0.0,0.0,0.0,0.0,0.0,0.0,0.0,0.0,0.0,0.0,0.0,0.0,0.0,0.0,unvectored,none,2,2026-07-25T03:48:27+00:00
intadd_24_24_24_2_7nm_TT_0V75_25C_1333p33MHz,intadd,a_width=24;b_width=24;out_width=24;pipeline_stages=2,7nm,TT,0.75,25.0,0.75,1333.3333333333333,24,24,24,2,V-2023.12-SP4,299,227,72,36.642817,13.418496,23.224321,0.2408026755852843,0.6338028268951047,0.53,0.0,0.0,0,V-2023.12-SP4,300,228,72,37.27,14.05,23.22,51.029,0.7304,0.24,0.6230211966729272,0.19,0.34,0.0,0,V-2023.12-SP3,V-2023.12-SP4,0.4779,0.1137,0.0002946,0.5919,0.5916,0.4437,0.29159999999999997,0.025400000000000002,6.931e-06,0.317,0.11620000000000001,0.0171,0.0002206,0.13349999999999998,0.07014000000000001,0.0712,6.698e-05,0.1414,0.0,0.0,0.0,0.0,0.0,0.0,0.0,0.0,0.0,0.0,0.0,0.0,0.0,0.0,0.0,0.0,vectored,random,2,2026-07-25T03:48:30+00:00
intadd_24_24_24_5_10nm_TT_0V8_25C_800MHz,intadd,a_width=24;b_width=24;out_width=24;pipeline_stages=5,10nm,TT,0.8,25.0,1.25,800.0,24,24,24,5,V-2023.12-SP4,396,213,183,150.190085,37.75488,112.435205,0.4621212121212121,0.748619357928987,0.02,0.59,0.0,0,V-2023.12-SP4,412,229,183,154.68,42.24,112.44,213.6269,0.724,0.4441747572815534,0.7269200930954227,0.45,0.68,0.0,0,V-2023.12-SP3,V-2023.12-SP4,0.7821,0.1607,0.0004196,0.9432,0.9428000000000001,1.1785,0.6302,0.1093,2.7360000000000002e-05,0.7396,0.09515,0.01426,0.0002681,0.10969999999999999,0.05674,0.03709,0.0001241,0.09394999999999999,0.0,0.0,0.0,0.0,0.0,0.0,0.0,0.0,0.0,0.0,0.0,0.0,0.0,0.0,0.0,0.0,unvectored,none,2,2026-07-25T03:48:33+00:00
intadd_24_24_32_2_16nm_TT_0V85_25C_1000MHz,intadd,a_width=24;b_width=24;out_width=32;pipeline_stages=2,16nm,TT,0.85,25.0,1.0,1000.0,24,24,32,2,V-2023.12-SP4,333,260,73,148.490501,57.666817,90.823684,0.21921921921921922,0.6116464244403081,0.6,0.17,0.0,0,V-2023.12-SP4,336,263,73,157.57,66.0,91.57,208.3968,0.7561,0.21726190476190477,0.5811385416005584,0.34,0.48,0.0,0,V-2023.12-SP3,V-2023.12-SP4,0.7119,0.17579999999999998,0.1289,1.017,0.8876999999999999,0.8876999999999999,0.4665,0.07341,0.1285,0.6684,0.1529,0.01934,0.0003093,0.1725,0.09254000000000001,0.083,0.0001078,0.1756,0.0,0.0,0.0,0.0,0.0,0.0,0.0,0.0,0.0,0.0,0.0,0.0,0.0,0.0,0.0,0.0,vectored,random,2,2026-07-25T03:48:34+00:00
intadd_24_24_32_2_16nm_TT_0V85_25C_666p667MHz,intadd,a_width=24;b_width=24;out_width=32;pipeline_stages=2,16nm,TT,0.85,25.0,1.5,666.6666666666666,24,24,32,2,V-2023.12-SP4,299,226,73,142.456325,51.632641,90.823684,0.24414715719063546,0.6375545908544251,1.2,0.07,0.0,0,V-2023.12-SP4,303,230,73,148.12,54.31,93.81,197.0749,0.7516,0.24092409240924093,0.6333378341884958,0.59,0.73,0.0,0,V-2023.12-SP3,V-2023.12-SP4,0.3462,0.0722,0.0003914,0.41869999999999996,0.4184,0.6275999999999999,0.2621,0.037200000000000004,7.828e-06,0.2993,0.04946,0.005104,0.00029099999999999997,0.05486,0.03461,0.02989,9.266e-05,0.0646,0.0,0.0,0.0,0.0,0.0,0.0,0.0,0.0,0.0,0.0,0.0,0.0,0.0,0.0,0.0,0.0,unvectored,none,2,2026-07-25T03:48:36+00:00
intadd_24_24_24_5_10nm_TT_0V8_25C_800MHz,intadd,a_width=24;b_width=24;out_width=24;pipeline_stages=5,10nm,TT,0.8,25.0,1.25,800.0,24,24,24,5,V-2023.12-SP4,396,213,183,150.190085,37.75488,112.435205,0.4621212121212121,0.748619357928987,0.02,0.59,0.0,0,V-2023.12-SP4,412,229,183,154.68,42.24,112.44,213.6269,0.724,0.4441747572815534,0.7269200930954227,0.45,0.68,0.0,0,V-2023.12-SP3,V-2023.12-SP4,0.9335,0.184,0.0004509,1.118,1.1175,1.3968749999999999,0.6298,0.1093,2.7360000000000002e-05,0.7391,0.2139,0.03569,0.0002905,0.2499,0.0898,0.039,0.00013309999999999998,0.1289,0.0,0.0,0.0,0.0,0.0,0.0,0.0,0.0,0.0,0.0,0.0,0.0,0.0,0.0,0.0,0.0,vectored,random,2,2026-07-25T03:48:40+00:00
intadd_24_24_32_2_16nm_TT_0V85_25C_666p667MHz,intadd,a_width=24;b_width=24;out_width=32;pipeline_stages=2,16nm,TT,0.85,25.0,1.5,666.6666666666666,24,24,32,2,V-2023.12-SP4,299,226,73,142.456325,51.632641,90.823684,0.24414715719063546,0.6375545908544251,1.2,0.07,0.0,0,V-2023.12-SP4,303,230,73,148.12,54.31,93.81,197.0749,0.7516,0.24092409240924093,0.6333378341884958,0.59,0.73,0.0,0,V-2023.12-SP3,V-2023.12-SP4,0.4287,0.09731999999999999,0.00035820000000000003,0.5264,0.52602,0.7890300000000001,0.26239999999999997,0.037200000000000004,7.828e-06,0.29960000000000003,0.10919999999999999,0.01277,0.0002514,0.12219999999999999,0.05711,0.04734,9.893e-05,0.1046,0.0,0.0,0.0,0.0,0.0,0.0,0.0,0.0,0.0,0.0,0.0,0.0,0.0,0.0,0.0,0.0,vectored,random,2,2026-07-25T03:48:42+00:00
intadd_24_24_32_2_20nm_TT_0V9_25C_571p429MHz,intadd,a_width=24;b_width=24;out_width=32;pipeline_stages=2,20nm,TT,0.9,25.0,1.75,571.4285714285714,24,24,32,2,V-2023.12-SP4,312,239,73,246.047999,91.872,154.175999,0.23397435897435898,0.6266094405425341,1.32,0.2,0.0,0,V-2023.12-SP4,311,238,73,247.0,92.82,154.18,344.8896,0.7162,0.2347266881028939,0.6242105263157895,0.74,0.78,0.0,0,V-2023.12-SP3,V-2023.12-SP4,0.3264,0.03589,0.0002273,0.3626,0.36229,0.6340075000000001,0.24259999999999998,0.0,0.0,0.24259999999999998,0.04778,0.005164,0.0001109,0.05305,0.036090000000000004,0.03073,0.0001164,0.06693,0.0,0.0,0.0,0.0,0.0,0.0,0.0,0.0,0.0,0.0,0.0,0.0,0.0,0.0,0.0,0.0,unvectored,none,2,2026-07-25T03:48:48+00:00
intadd_24_24_32_2_20nm_TT_0V9_25C_571p429MHz,intadd,a_width=24;b_width=24;out_width=32;pipeline_stages=2,20nm,TT,0.9,25.0,1.75,571.4285714285714,24,24,32,2,V-2023.12-SP4,312,239,73,246.047999,91.872,154.175999,0.23397435897435898,0.6266094405425341,1.32,0.2,0.0,0,V-2023.12-SP4,311,238,73,247.0,92.82,154.18,344.8896,0.7162,0.2347266881028939,0.6242105263157895,0.74,0.78,0.0,0,V-2023.12-SP3,V-2023.12-SP4,0.40650000000000003,0.06136,0.0002576,0.4681,0.46786000000000005,0.8187550000000001,0.2431,0.0,0.0,0.2431,0.1039,0.01292,0.00013309999999999998,0.11689999999999999,0.05944,0.04845,0.00012450000000000002,0.108,0.0,0.0,0.0,0.0,0.0,0.0,0.0,0.0,0.0,0.0,0.0,0.0,0.0,0.0,0.0,0.0,vectored,random,2,2026-07-25T03:48:54+00:00
intadd_24_24_24_2_7nm_TT_0V75_25C_800MHz,intadd,a_width=24;b_width=24;out_width=24;pipeline_stages=2,7nm,TT,0.75,25.0,1.25,800.0,24,24,24,2,V-2023.12-SP4,174,102,72,35.884801,12.66048,23.224321,0.41379310344827586,0.6471910210676659,0.93,0.1,0.0,0,V-2023.12-SP4,181,109,72,37.01,13.79,23.22,50.1258,0.7384,0.39779005524861877,0.6273980005403945,0.44,0.69,0.0,0,V-2023.12-SP3,V-2023.12-SP4,0.25520000000000004,0.05591,0.00024900000000000004,0.31139999999999995,0.31111000000000005,0.38888750000000005,0.1972,0.03243,1.076e-05,0.2296,0.031529999999999996,0.00638,0.00018449999999999999,0.038099999999999995,0.02654,0.0171,5.375e-05,0.04369,0.0,0.0,0.0,0.0,0.0,0.0,0.0,0.0,0.0,0.0,0.0,0.0,0.0,0.0,0.0,0.0,unvectored,none,2,2026-07-25T03:49:01+00:00
intadd_24_24_24_2_7nm_TT_0V75_25C_800MHz,intadd,a_width=24;b_width=24;out_width=24;pipeline_stages=2,7nm,TT,0.75,25.0,1.25,800.0,24,24,24,2,V-2023.12-SP4,174,102,72,35.884801,12.66048,23.224321,0.41379310344827586,0.6471910210676659,0.93,0.1,0.0,0,V-2023.12-SP4,181,109,72,37.01,13.79,23.22,50.1258,0.7384,0.39779005524861877,0.6273980005403945,0.44,0.69,0.0,0,V-2023.12-SP3,V-2023.12-SP4,0.3141,0.07278000000000001,0.0002878,0.3872,0.38688,0.48360000000000003,0.1971,0.03243,1.075e-05,0.22949999999999998,0.06999,0.01596,0.0002219,0.08617,0.04704,0.02439,5.5129999999999996e-05,0.07149,0.0,0.0,0.0,0.0,0.0,0.0,0.0,0.0,0.0,0.0,0.0,0.0,0.0,0.0,0.0,0.0,vectored,random,2,2026-07-25T03:49:07+00:00
intadd_24_24_24_5_5nm_TT_0V7_25C_1333p33MHz,intadd,a_width=24;b_width=24;out_width=24;pipeline_stages=5,5nm,TT,0.7,25.0,0.75,1333.3333333333333,24,24,24,5,V-2023.12-SP4,396,213,183,42.579599,11.8356,30.744,0.4621212121212121,0.7220359214749767,0.3,0.23,0.0,0,V-2023.12-SP4,408,225,183,43.24,12.5,30.74,59.892,0.722,0.4485294117647059,0.7109158186864014,0.19,0.37,0.0,0,V-2023.12-SP3,V-2023.12-SP4,0.7824000000000001,0.2173,0.000437,1.0,0.9997,0.7497750000000001,0.5988,0.1492,7.611e-06,0.748,0.1154,0.01845,0.0003371,0.1342,0.06818,0.0496,9.228e-05,0.1179,0.0,0.0,0.0,0.0,0.0,0.0,0.0,0.0,0.0,0.0,0.0,0.0,0.0,0.0,0.0,0.0,unvectored,none,2,2026-07-25T03:49:19+00:00
intadd_24_24_24_3_7nm_TT_0V75_25C_1333p33MHz,intadd,a_width=24;b_width=24;out_width=24;pipeline_stages=3,7nm,TT,0.75,25.0,0.75,1333.3333333333333,24,24,24,3,V-2023.12-SP4,248,139,109,50.206465,15.047424,35.159041,0.43951612903225806,0.7002891161526708,0.53,0.01,0.0,0,V-2023.12-SP4,252,143,109,50.38,15.22,35.16,70.2536,0.7172,0.43253968253968256,0.6978959904724096,0.19,0.34,0.0,0,V-2023.12-SP3,V-2023.12-SP4,0.5297999999999999,0.05047,0.0003475,0.5806,0.58027,0.43520249999999994,0.40030000000000004,0.0,0.0,0.40030000000000004,0.07664,0.01323,0.0002791,0.09015,0.052930000000000005,0.03724,6.849e-05,0.09024,0.0,0.0,0.0,0.0,0.0,0.0,0.0,0.0,0.0,0.0,0.0,0.0,0.0,0.0,0.0,0.0,unvectored,none,2,2026-07-25T03:49:20+00:00
intadd_24_24_24_5_5nm_TT_0V7_25C_1333p33MHz,intadd,a_width=24;b_width=24;out_width=24;pipeline_stages=5,5nm,TT,0.7,25.0,0.75,1333.3333333333333,24,24,24,5,V-2023.12-SP4,396,213,183,42.579599,11.8356,30.744,0.4621212121212121,0.7220359214749767,0.3,0.23,0.0,0,V-2023.12-SP4,408,225,183,43.24,12.5,30.74,59.892,0.722,0.4485294117647059,0.7109158186864014,0.19,0.37,0.0,0,V-2023.12-SP3,V-2023.12-SP4,0.9666,0.248,0.000413,1.2149999999999999,1.2146,0.9109499999999999,0.6024,0.1492,7.611e-06,0.7517,0.2565,0.04615,0.0003056,0.303,0.1077,0.05265,9.97e-05,0.1604,0.0,0.0,0.0,0.0,0.0,0.0,0.0,0.0,0.0,0.0,0.0,0.0,0.0,0.0,0.0,0.0,vectored,random,2,2026-07-25T03:49:26+00:00
intadd_24_24_24_3_7nm_TT_0V75_25C_1333p33MHz,intadd,a_width=24;b_width=24;out_width=24;pipeline_stages=3,7nm,TT,0.75,25.0,0.75,1333.3333333333333,24,24,24,3,V-2023.12-SP4,248,139,109,50.206465,15.047424,35.159041,0.43951612903225806,0.7002891161526708,0.53,0.01,0.0,0,V-2023.12-SP4,252,143,109,50.38,15.22,35.16,70.2536,0.7172,0.43253968253968256,0.6978959904724096,0.19,0.34,0.0,0,V-2023.12-SP3,V-2023.12-SP4,0.6615,0.07796,0.0004053,0.7399,0.73946,0.554595,0.4,0.0,0.0,0.4,0.1704,0.033120000000000004,0.0003346,0.2039,0.0911,0.04485,7.072e-05,0.136,0.0,0.0,0.0,0.0,0.0,0.0,0.0,0.0,0.0,0.0,0.0,0.0,0.0,0.0,0.0,0.0,vectored,random,2,2026-07-25T03:49:27+00:00
intadd_24_24_24_5_5nm_TT_0V7_25C_800MHz,intadd,a_width=24;b_width=24;out_width=24;pipeline_stages=5,5nm,TT,0.7,25.0,1.25,800.0,24,24,24,5,V-2023.12-SP4,396,213,183,42.579599,11.8356,30.744,0.4621212121212121,0.7220359214749767,0.02,0.59,0.0,0,V-2023.12-SP4,420,237,183,44.15,13.41,30.74,59.892,0.7372,0.4357142857142857,0.6962627406568517,0.44,0.68,0.0,0,V-2023.12-SP3,V-2023.12-SP4,0.5342,0.13219999999999998,0.0004554,0.6669,0.6664,0.833,0.42410000000000003,0.09115000000000001,2.582e-05,0.5153,0.06917000000000001,0.0111,0.0003371,0.08059999999999999,0.04088,0.02999,9.248000000000001e-05,0.07096,0.0,0.0,0.0,0.0,0.0,0.0,0.0,0.0,0.0,0.0,0.0,0.0,0.0,0.0,0.0,0.0,unvectored,none,2,2026-07-25T03:49:27+00:00
intadd_24_24_24_5_5nm_TT_0V7_25C_800MHz,intadd,a_width=24;b_width=24;out_width=24;pipeline_stages=5,5nm,TT,0.7,25.0,1.25,800.0,24,24,24,5,V-2023.12-SP4,396,213,183,42.579599,11.8356,30.744,0.4621212121212121,0.7220359214749767,0.02,0.59,0.0,0,V-2023.12-SP4,420,237,183,44.15,13.41,30.74,59.892,0.7372,0.4357142857142857,0.6962627406568517,0.44,0.68,0.0,0,V-2023.12-SP3,V-2023.12-SP4,0.6461,0.15100000000000002,0.00042940000000000003,0.7975,0.7971,0.996375,0.4264,0.09115000000000001,2.584e-05,0.5175,0.1548,0.02776,0.0003037,0.1829,0.06491999999999999,0.03206,9.989000000000001e-05,0.09708,0.0,0.0,0.0,0.0,0.0,0.0,0.0,0.0,0.0,0.0,0.0,0.0,0.0,0.0,0.0,0.0,vectored,random,2,2026-07-25T03:49:34+00:00
intadd_24_24_32_3_16nm_TT_0V85_25C_1000MHz,intadd,a_width=24;b_width=24;out_width=32;pipeline_stages=3,16nm,TT,0.85,25.0,1.0,1000.0,24,24,32,3,V-2023.12-SP4,368,262,106,192.222727,60.341761,131.880966,0.28804347826086957,0.6860841486241115,0.7,0.07,0.0,0,V-2023.12-SP4,373,267,106,206.78,72.66,134.12,266.4991,0.7759,0.28418230563002683,0.6486120514556534,0.34,0.47,0.0,0,V-2023.12-SP3,V-2023.12-SP4,0.8260000000000001,0.1718,0.1933,1.191,0.9978,0.9978,0.6629999999999999,0.1087,0.19269999999999998,0.9642999999999999,0.1003,0.01055,0.000505,0.1114,0.06276,0.05255,0.0001104,0.1154,0.0,0.0,0.0,0.0,0.0,0.0,0.0,0.0,0.0,0.0,0.0,0.0,0.0,0.0,0.0,0.0,unvectored,none,2,2026-07-25T03:49:46+00:00
intadd_24_24_32_3_16nm_TT_0V85_25C_1000MHz,intadd,a_width=24;b_width=24;out_width=32;pipeline_stages=3,16nm,TT,0.85,25.0,1.0,1000.0,24,24,32,3,V-2023.12-SP4,368,262,106,192.222727,60.341761,131.880966,0.28804347826086957,0.6860841486241115,0.7,0.07,0.0,0,V-2023.12-SP4,373,267,106,206.78,72.66,134.12,266.4991,0.7759,0.28418230563002683,0.6486120514556534,0.34,0.47,0.0,0,V-2023.12-SP3,V-2023.12-SP4,0.9912,0.2145,0.1932,1.399,1.2057,1.2057,0.6638,0.1087,0.19269999999999998,0.9652000000000001,0.2233,0.0264,0.0004207,0.2501,0.1041,0.07949,0.0001195,0.1837,0.0,0.0,0.0,0.0,0.0,0.0,0.0,0.0,0.0,0.0,0.0,0.0,0.0,0.0,0.0,0.0,vectored,random,2,2026-07-25T03:49:53+00:00
intadd_24_24_32_2_10nm_TT_0V8_25C_1333p33MHz,intadd,a_width=24;b_width=24;out_width=32;pipeline_stages=2,10nm,TT,0.8,25.0,0.75,1333.3333333333333,24,24,32,2,V-2023.12-SP4,325,252,73,72.591362,27.74016,44.851202,0.2246153846153846,0.6178586647816307,0.43,0.1,0.0,0,V-2023.12-SP4,326,253,73,72.74,27.89,44.85,101.4374,0.7171,0.22392638036809817,0.6165795985702502,0.2,0.34,0.0,0,V-2023.12-SP3,V-2023.12-SP4,0.46890000000000004,0.062349999999999996,0.00019910000000000001,0.5315,0.53125,0.3984375,0.3476,0.0,0.0,0.3476,0.06739,0.008259,0.000107,0.07576000000000001,0.05395,0.05409,9.211e-05,0.1081,0.0,0.0,0.0,0.0,0.0,0.0,0.0,0.0,0.0,0.0,0.0,0.0,0.0,0.0,0.0,0.0,unvectored,none,2,2026-07-25T03:50:03+00:00
intadd_24_24_32_2_10nm_TT_0V8_25C_1333p33MHz,intadd,a_width=24;b_width=24;out_width=32;pipeline_stages=2,10nm,TT,0.8,25.0,0.75,1333.3333333333333,24,24,32,2,V-2023.12-SP4,325,252,73,72.591362,27.74016,44.851202,0.2246153846153846,0.6178586647816307,0.43,0.1,0.0,0,V-2023.12-SP4,326,253,73,72.74,27.89,44.85,101.4374,0.7171,0.22392638036809817,0.6165795985702502,0.2,0.34,0.0,0,V-2023.12-SP3,V-2023.12-SP4,0.5929000000000001,0.1172,0.00021089999999999998,0.7102,0.7101000000000001,0.532575,0.3473,0.0,0.0,0.3473,0.1497,0.020659999999999998,0.0001152,0.1704,0.09593,0.09651,9.575e-05,0.19249999999999998,0.0,0.0,0.0,0.0,0.0,0.0,0.0,0.0,0.0,0.0,0.0,0.0,0.0,0.0,0.0,0.0,vectored,random,2,2026-07-25T03:50:10+00:00
intadd_24_24_32_3_20nm_TT_0V9_25C_1000MHz,intadd,a_width=24;b_width=24;out_width=32;pipeline_stages=3,20nm,TT,0.9,25.0,1.0,1000.0,24,24,32,3,V-2023.12-SP4,385,279,106,331.795198,107.923199,223.871999,0.2753246753246753,0.6747294727273297,0.76,0.01,0.0,0,V-2023.12-SP4,388,282,106,340.14,116.27,223.87,467.5968,0.7274,0.27319587628865977,0.6581701652260834,0.36,0.4,0.0,0,V-2023.12-SP3,V-2023.12-SP4,0.8603999999999999,0.131,0.05185,1.0430000000000001,0.9914,0.9914,0.6650999999999999,0.05453,0.05155,0.7712,0.11739999999999999,0.012469999999999998,0.0001607,0.1301,0.07788,0.06399,0.0001401,0.14200000000000002,0.0,0.0,0.0,0.0,0.0,0.0,0.0,0.0,0.0,0.0,0.0,0.0,0.0,0.0,0.0,0.0,unvectored,none,2,2026-07-25T03:50:21+00:00
intadd_24_24_32_3_20nm_TT_0V9_25C_1000MHz,intadd,a_width=24;b_width=24;out_width=32;pipeline_stages=3,20nm,TT,0.9,25.0,1.0,1000.0,24,24,32,3,V-2023.12-SP4,385,279,106,331.795198,107.923199,223.871999,0.2753246753246753,0.6747294727273297,0.76,0.01,0.0,0,V-2023.12-SP4,388,282,106,340.14,116.27,223.87,467.5968,0.7274,0.27319587628865977,0.6581701652260834,0.36,0.4,0.0,0,V-2023.12-SP3,V-2023.12-SP4,1.052,0.1794,0.05189,1.2830000000000001,1.2314,1.2314,0.6662,0.05453,0.05155,0.7723,0.2602,0.03121,0.00019360000000000002,0.29159999999999997,0.1257,0.09368,0.0001519,0.2196,0.0,0.0,0.0,0.0,0.0,0.0,0.0,0.0,0.0,0.0,0.0,0.0,0.0,0.0,0.0,0.0,vectored,random,2,2026-07-25T03:50:27+00:00
intadd_24_24_32_3_20nm_TT_0V9_25C_571p429MHz,intadd,a_width=24;b_width=24;out_width=32;pipeline_stages=3,20nm,TT,0.9,25.0,1.75,571.4285714285714,24,24,32,3,V-2023.12-SP4,314,208,106,322.502398,98.630399,223.871999,0.3375796178343949,0.694171579462178,1.45,0.07,0.0,0,V-2023.12-SP4,319,213,106,327.68,103.8,223.87,444.7872,0.7367,0.3322884012539185,0.683197021484375,0.74,0.77,0.0,0,V-2023.12-SP3,V-2023.12-SP4,0.48840000000000006,0.07406,0.00029069999999999996,0.5627,0.5624600000000001,0.9843050000000001,0.3781,0.03502,8.707999999999999e-06,0.4131,0.06702000000000001,0.007855000000000001,0.0001605,0.07504,0.04328,0.03119,0.0001215,0.07459,0.0,0.0,0.0,0.0,0.0,0.0,0.0,0.0,0.0,0.0,0.0,0.0,0.0,0.0,0.0,0.0,unvectored,none,2,2026-07-25T03:50:31+00:00
intadd_24_24_32_2_5nm_TT_0V7_25C_1333p33MHz,intadd,a_width=24;b_width=24;out_width=32;pipeline_stages=2,5nm,TT,0.7,25.0,0.75,1333.3333333333333,24,24,32,2,V-2023.12-SP4,311,238,73,20.1852,7.9212,12.264,0.2347266881028939,0.6075738660008323,0.46,0.07,0.0,0,V-2023.12-SP4,312,239,73,20.2,7.94,12.26,27.8628,0.7251,0.23397435897435898,0.6069306930693069,0.19,0.34,0.0,0,V-2023.12-SP3,V-2023.12-SP4,0.3228,0.05105,0.00020009999999999998,0.3741,0.37384999999999996,0.28038749999999996,0.2332,0.0,0.0,0.2332,0.04933,0.007452,0.00013440000000000001,0.05691,0.040299999999999996,0.0436,6.572e-05,0.08396,0.0,0.0,0.0,0.0,0.0,0.0,0.0,0.0,0.0,0.0,0.0,0.0,0.0,0.0,0.0,0.0,unvectored,none,2,2026-07-25T03:50:32+00:00
intadd_24_24_32_2_10nm_TT_0V8_25C_800MHz,intadd,a_width=24;b_width=24;out_width=32;pipeline_stages=2,10nm,TT,0.8,25.0,1.25,800.0,24,24,32,2,V-2023.12-SP4,288,215,73,69.396482,24.54528,44.851202,0.2534722222222222,0.6463036843856148,0.81,0.22,0.0,0,V-2023.12-SP4,294,221,73,70.44,25.59,44.85,95.232,0.7397,0.24829931972789115,0.6367120954003408,0.45,0.68,0.0,0,V-2023.12-SP3,V-2023.12-SP4,0.3122,0.07541,0.0001967,0.3878,0.38761,0.4845125,0.241,0.04208,5.553e-06,0.2831,0.04051,0.005,0.000107,0.04562,0.03068,0.02833,8.411e-05,0.05909,0.0,0.0,0.0,0.0,0.0,0.0,0.0,0.0,0.0,0.0,0.0,0.0,0.0,0.0,0.0,0.0,unvectored,none,2,2026-07-25T03:50:36+00:00
intadd_24_24_32_3_20nm_TT_0V9_25C_571p429MHz,intadd,a_width=24;b_width=24;out_width=32;pipeline_stages=3,20nm,TT,0.9,25.0,1.75,571.4285714285714,24,24,32,3,V-2023.12-SP4,314,208,106,322.502398,98.630399,223.871999,0.3375796178343949,0.694171579462178,1.45,0.07,0.0,0,V-2023.12-SP4,319,213,106,327.68,103.8,223.87,444.7872,0.7367,0.3322884012539185,0.683197021484375,0.74,0.77,0.0,0,V-2023.12-SP3,V-2023.12-SP4,0.5975,0.09516000000000001,0.0003356,0.6930000000000001,0.69266,1.212155,0.3789,0.03502,8.707999999999999e-06,0.4139,0.148,0.01965,0.00019360000000000002,0.1678,0.0706,0.0405,0.0001332,0.11120000000000001,0.0,0.0,0.0,0.0,0.0,0.0,0.0,0.0,0.0,0.0,0.0,0.0,0.0,0.0,0.0,0.0,vectored,random,2,2026-07-25T03:50:37+00:00
intadd_24_24_32_2_5nm_TT_0V7_25C_1333p33MHz,intadd,a_width=24;b_width=24;out_width=32;pipeline_stages=2,5nm,TT,0.7,25.0,0.75,1333.3333333333333,24,24,32,2,V-2023.12-SP4,311,238,73,20.1852,7.9212,12.264,0.2347266881028939,0.6075738660008323,0.46,0.07,0.0,0,V-2023.12-SP4,312,239,73,20.2,7.94,12.26,27.8628,0.7251,0.23397435897435898,0.6069306930693069,0.19,0.34,0.0,0,V-2023.12-SP3,V-2023.12-SP4,0.41409999999999997,0.09178,0.0001909,0.5061,0.50588,0.37941,0.2346,0.0,0.0,0.2346,0.1081,0.01864,0.00012209999999999999,0.1268,0.07147,0.07315,6.874000000000001e-05,0.1447,0.0,0.0,0.0,0.0,0.0,0.0,0.0,0.0,0.0,0.0,0.0,0.0,0.0,0.0,0.0,0.0,vectored,random,2,2026-07-25T03:50:38+00:00
intadd_24_24_32_2_10nm_TT_0V8_25C_800MHz,intadd,a_width=24;b_width=24;out_width=32;pipeline_stages=2,10nm,TT,0.8,25.0,1.25,800.0,24,24,32,2,V-2023.12-SP4,288,215,73,69.396482,24.54528,44.851202,0.2534722222222222,0.6463036843856148,0.81,0.22,0.0,0,V-2023.12-SP4,294,221,73,70.44,25.59,44.85,95.232,0.7397,0.24829931972789115,0.6367120954003408,0.45,0.68,0.0,0,V-2023.12-SP3,V-2023.12-SP4,0.38180000000000003,0.1013,0.0002102,0.4833,0.48310000000000003,0.603875,0.2408,0.04208,5.5619999999999994e-06,0.2829,0.08989,0.01251,0.0001169,0.1025,0.05104,0.0467,8.773e-05,0.09783,0.0,0.0,0.0,0.0,0.0,0.0,0.0,0.0,0.0,0.0,0.0,0.0,0.0,0.0,0.0,0.0,vectored,random,2,2026-07-25T03:50:42+00:00
intadd_24_24_32_3_16nm_TT_0V85_25C_666p667MHz,intadd,a_width=24;b_width=24;out_width=32;pipeline_stages=3,16nm,TT,0.85,25.0,1.5,666.6666666666666,24,24,32,3,V-2023.12-SP4,314,208,106,189.983239,58.102273,131.880966,0.3375796178343949,0.694171584262757,1.0,0.27,0.0,0,V-2023.12-SP4,326,220,106,221.15,85.54,135.61,264.7572,0.8353,0.32515337423312884,0.6132037078905721,0.59,0.73,0.0,0,V-2023.12-SP3,V-2023.12-SP4,0.6922999999999999,0.1393,0.5144000000000001,1.346,0.8315999999999999,1.2473999999999998,0.5802,0.1004,0.5138,1.194,0.06886,0.00822,0.000446,0.07752,0.04321,0.030639999999999997,0.00010120000000000001,0.07395,0.0,0.0,0.0,0.0,0.0,0.0,0.0,0.0,0.0,0.0,0.0,0.0,0.0,0.0,0.0,0.0,unvectored,none,2,2026-07-25T03:50:50+00:00
intadd_24_24_24_3_7nm_TT_0V75_25C_800MHz,intadd,a_width=24;b_width=24;out_width=24;pipeline_stages=3,7nm,TT,0.75,25.0,1.25,800.0,24,24,24,3,V-2023.12-SP4,248,139,109,50.206465,15.047424,35.159041,0.43951612903225806,0.7002891161526708,0.53,0.51,0.0,0,V-2023.12-SP4,257,148,109,52.3,17.14,35.16,70.2536,0.7445,0.42412451361867703,0.6722753346080306,0.44,0.7,0.0,0,V-2023.12-SP3,V-2023.12-SP4,0.379,0.08428,0.00036889999999999997,0.4636,0.46328,0.5791000000000001,0.3015,0.054240000000000003,2.115e-05,0.3557,0.04601,0.008016,0.0002792,0.05431,0.031520000000000006,0.022019999999999998,6.849e-05,0.05361,0.0,0.0,0.0,0.0,0.0,0.0,0.0,0.0,0.0,0.0,0.0,0.0,0.0,0.0,0.0,0.0,unvectored,none,2,2026-07-25T03:50:55+00:00
intadd_24_24_32_3_16nm_TT_0V85_25C_666p667MHz,intadd,a_width=24;b_width=24;out_width=32;pipeline_stages=3,16nm,TT,0.85,25.0,1.5,666.6666666666666,24,24,32,3,V-2023.12-SP4,314,208,106,189.983239,58.102273,131.880966,0.3375796178343949,0.694171584262757,1.0,0.27,0.0,0,V-2023.12-SP4,326,220,106,221.15,85.54,135.61,264.7572,0.8353,0.32515337423312884,0.6132037078905721,0.59,0.73,0.0,0,V-2023.12-SP3,V-2023.12-SP4,0.8032,0.1634,0.5143,1.4809999999999999,0.9666,1.4499,0.5808,0.1004,0.5138,1.195,0.15330000000000002,0.020550000000000002,0.0003826,0.1742,0.06910999999999999,0.04247,0.0001102,0.11170000000000001,0.0,0.0,0.0,0.0,0.0,0.0,0.0,0.0,0.0,0.0,0.0,0.0,0.0,0.0,0.0,0.0,vectored,random,2,2026-07-25T03:50:57+00:00
intadd_24_24_24_3_7nm_TT_0V75_25C_800MHz,intadd,a_width=24;b_width=24;out_width=24;pipeline_stages=3,7nm,TT,0.75,25.0,1.25,800.0,24,24,24,3,V-2023.12-SP4,248,139,109,50.206465,15.047424,35.159041,0.43951612903225806,0.7002891161526708,0.53,0.51,0.0,0,V-2023.12-SP4,257,148,109,52.3,17.14,35.16,70.2536,0.7445,0.42412451361867703,0.6722753346080306,0.44,0.7,0.0,0,V-2023.12-SP3,V-2023.12-SP4,0.4587,0.1015,0.0004282,0.5606,0.5602,0.70025,0.3014,0.054240000000000003,2.115e-05,0.3556,0.1027,0.02006,0.00033640000000000005,0.12310000000000001,0.054599999999999996,0.02717,7.073e-05,0.08184,0.0,0.0,0.0,0.0,0.0,0.0,0.0,0.0,0.0,0.0,0.0,0.0,0.0,0.0,0.0,0.0,vectored,random,2,2026-07-25T03:51:02+00:00
intadd_24_24_32_2_5nm_TT_0V7_25C_800MHz,intadd,a_width=24;b_width=24;out_width=32;pipeline_stages=2,5nm,TT,0.7,25.0,1.25,800.0,24,24,32,2,V-2023.12-SP4,176,103,73,19.5888,7.3248,12.264,0.4147727272727273,0.6260720411663808,0.93,0.11,0.0,0,V-2023.12-SP4,184,111,73,20.08,7.81,12.26,27.342,0.7343,0.3967391304347826,0.6105577689243028,0.44,0.69,0.0,0,V-2023.12-SP3,V-2023.12-SP4,0.2197,0.056350000000000004,0.00019339999999999998,0.2763,0.27605,0.34506250000000005,0.1639,0.03437,8.046e-06,0.1983,0.029580000000000002,0.006350000000000001,0.0001345,0.03607,0.026250000000000002,0.01563,5.085e-05,0.04193,0.0,0.0,0.0,0.0,0.0,0.0,0.0,0.0,0.0,0.0,0.0,0.0,0.0,0.0,0.0,0.0,unvectored,none,2,2026-07-25T03:51:42+00:00
intadd_24_24_24_5_7nm_TT_0V75_25C_1333p33MHz,intadd,a_width=24;b_width=24;out_width=24;pipeline_stages=5,7nm,TT,0.75,25.0,0.75,1333.3333333333333,24,24,24,5,V-2023.12-SP4,396,213,183,78.849794,19.821312,59.028482,0.4621212121212121,0.7486193559364276,0.32,0.22,0.0,0,V-2023.12-SP4,407,224,183,80.58,21.55,59.03,111.767,0.7209,0.44963144963144963,0.7325639116406056,0.19,0.36,0.0,0,V-2023.12-SP3,V-2023.12-SP4,0.9256,0.1972,0.0005831,1.123,1.1228,0.8421000000000001,0.73,0.1275,1.386e-05,0.8574999999999999,0.1248,0.018439999999999998,0.0004685,0.1437,0.07083,0.0513,0.0001008,0.12219999999999999,0.0,0.0,0.0,0.0,0.0,0.0,0.0,0.0,0.0,0.0,0.0,0.0,0.0,0.0,0.0,0.0,unvectored,none,2,2026-07-25T03:51:43+00:00
intadd_24_24_32_2_5nm_TT_0V7_25C_800MHz,intadd,a_width=24;b_width=24;out_width=32;pipeline_stages=2,5nm,TT,0.7,25.0,1.25,800.0,24,24,32,2,V-2023.12-SP4,176,103,73,19.5888,7.3248,12.264,0.4147727272727273,0.6260720411663808,0.93,0.11,0.0,0,V-2023.12-SP4,184,111,73,20.08,7.81,12.26,27.342,0.7343,0.3967391304347826,0.6105577689243028,0.44,0.69,0.0,0,V-2023.12-SP3,V-2023.12-SP4,0.2761,0.07409,0.0001829,0.3504,0.35019,0.4377375,0.1648,0.03437,8.047e-06,0.1992,0.06559999999999999,0.015880000000000002,0.00012100000000000001,0.0816,0.045739999999999996,0.02383,5.39e-05,0.06963,0.0,0.0,0.0,0.0,0.0,0.0,0.0,0.0,0.0,0.0,0.0,0.0,0.0,0.0,0.0,0.0,vectored,random,2,2026-07-25T03:51:49+00:00
intadd_24_24_24_5_7nm_TT_0V75_25C_1333p33MHz,intadd,a_width=24;b_width=24;out_width=24;pipeline_stages=5,7nm,TT,0.75,25.0,0.75,1333.3333333333333,24,24,24,5,V-2023.12-SP4,396,213,183,78.849794,19.821312,59.028482,0.4621212121212121,0.7486193559364276,0.32,0.22,0.0,0,V-2023.12-SP4,407,224,183,80.58,21.55,59.03,111.767,0.7209,0.44963144963144963,0.7325639116406056,0.19,0.36,0.0,0,V-2023.12-SP3,V-2023.12-SP4,1.1260000000000001,0.2285,0.0006805,1.356,1.3545,1.015875,0.7297,0.1275,1.386e-05,0.8571,0.27999999999999997,0.04614,0.0005633999999999999,0.32670000000000005,0.1168,0.05491,0.0001033,0.1718,0.0,0.0,0.0,0.0,0.0,0.0,0.0,0.0,0.0,0.0,0.0,0.0,0.0,0.0,0.0,0.0,vectored,random,2,2026-07-25T03:51:50+00:00
intadd_24_24_32_3_5nm_TT_0V7_25C_1333p33MHz,intadd,a_width=24;b_width=24;out_width=32;pipeline_stages=3,5nm,TT,0.7,25.0,0.75,1333.3333333333333,24,24,32,3,V-2023.12-SP4,314,208,106,26.6112,8.8032,17.808,0.3375796178343949,0.6691919191919192,0.47,0.06,0.0,0,V-2023.12-SP4,319,213,106,27.05,9.24,17.81,37.1952,0.7272,0.3322884012539185,0.6584103512014787,0.19,0.34,0.0,0,V-2023.12-SP3,V-2023.12-SP4,0.4838,0.09386,0.0002734,0.578,0.5776600000000001,0.43324500000000005,0.36660000000000004,0.04052,7.509e-06,0.40709999999999996,0.06927000000000001,0.01094,0.0001952,0.08041,0.047979999999999995,0.04239,7.071e-05,0.09043,0.0,0.0,0.0,0.0,0.0,0.0,0.0,0.0,0.0,0.0,0.0,0.0,0.0,0.0,0.0,0.0,unvectored,none,2,2026-07-25T03:51:53+00:00
intadd_24_24_32_3_5nm_TT_0V7_25C_1333p33MHz,intadd,a_width=24;b_width=24;out_width=32;pipeline_stages=3,5nm,TT,0.7,25.0,0.75,1333.3333333333333,24,24,32,3,V-2023.12-SP4,314,208,106,26.6112,8.8032,17.808,0.3375796178343949,0.6691919191919192,0.47,0.06,0.0,0,V-2023.12-SP4,319,213,106,27.05,9.24,17.81,37.1952,0.7272,0.3322884012539185,0.6584103512014787,0.19,0.34,0.0,0,V-2023.12-SP3,V-2023.12-SP4,0.6047,0.1287,0.00025979999999999997,0.7337,0.7334,0.55005,0.3687,0.04052,7.509e-06,0.4092,0.1531,0.027370000000000002,0.0001773,0.1806,0.08289,0.06084,7.500999999999999e-05,0.1438,0.0,0.0,0.0,0.0,0.0,0.0,0.0,0.0,0.0,0.0,0.0,0.0,0.0,0.0,0.0,0.0,vectored,random,2,2026-07-25T03:52:00+00:00
intadd_24_24_24_5_7nm_TT_0V75_25C_1000MHz,intadd,a_width=24;b_width=24;out_width=24;pipeline_stages=5,7nm,TT,0.75,25.0,1.0,1000.0,24,24,24,5,V-2023.12-SP4,396,213,183,78.849794,19.821312,59.028482,0.4621212121212121,0.7486193559364276,0.02,0.46,0.0,0,V-2023.12-SP4,414,231,183,80.58,21.55,59.03,111.767,0.7209,0.4420289855072464,0.7325639116406056,0.32,0.54,0.0,0,V-2023.12-SP3,V-2023.12-SP4,0.7198,0.1607,0.0005815,0.8809999999999999,0.8805000000000001,0.8805000000000001,0.5730000000000001,0.1082,1.227e-05,0.6811999999999999,0.09368,0.01392,0.0004685,0.1081,0.0531,0.0386,0.0001008,0.09179999999999999,0.0,0.0,0.0,0.0,0.0,0.0,0.0,0.0,0.0,0.0,0.0,0.0,0.0,0.0,0.0,0.0,unvectored,none,2,2026-07-25T03:52:04+00:00
intadd_24_24_32_5_16nm_TT_0V85_25C_800MHz,intadd,a_width=24;b_width=24;out_width=32;pipeline_stages=5,16nm,TT,0.85,25.0,1.25,800.0,24,24,32,5,V-2023.12-SP4,402,221,181,312.408588,87.215618,225.19297,0.4502487562189055,0.7208283595584126,0.85,0.17,0.0,0,V-2023.12-SP4,428,247,181,326.65,93.5,233.16,436.7002,0.748,0.42289719626168226,0.713791519975509,0.47,0.62,0.0,0,V-2023.12-SP3,V-2023.12-SP4,1.01,0.1864,0.0008597,1.198,1.1964000000000001,1.4955000000000003,0.7886,0.11689999999999999,2.031e-05,0.9055,0.1404,0.01718,0.000699,0.1583,0.08141,0.05228,0.00014040000000000002,0.1338,0.0,0.0,0.0,0.0,0.0,0.0,0.0,0.0,0.0,0.0,0.0,0.0,0.0,0.0,0.0,0.0,unvectored,none,2,2026-07-25T03:52:10+00:00
intadd_24_24_24_5_7nm_TT_0V75_25C_1000MHz,intadd,a_width=24;b_width=24;out_width=24;pipeline_stages=5,7nm,TT,0.75,25.0,1.0,1000.0,24,24,24,5,V-2023.12-SP4,396,213,183,78.849794,19.821312,59.028482,0.4621212121212121,0.7486193559364276,0.02,0.46,0.0,0,V-2023.12-SP4,414,231,183,80.58,21.55,59.03,111.767,0.7209,0.4420289855072464,0.7325639116406056,0.32,0.54,0.0,0,V-2023.12-SP3,V-2023.12-SP4,0.8698999999999999,0.1838,0.000682,1.054,1.0536999999999999,1.0536999999999999,0.5728000000000001,0.1082,1.2299999999999999e-05,0.6809000000000001,0.2106,0.034839999999999996,0.0005664,0.24600000000000002,0.08660000000000001,0.04084,0.0001033,0.1275,0.0,0.0,0.0,0.0,0.0,0.0,0.0,0.0,0.0,0.0,0.0,0.0,0.0,0.0,0.0,0.0,vectored,random,2,2026-07-25T03:52:11+00:00
intadd_24_24_32_5_16nm_TT_0V85_25C_800MHz,intadd,a_width=24;b_width=24;out_width=32;pipeline_stages=5,16nm,TT,0.85,25.0,1.25,800.0,24,24,32,5,V-2023.12-SP4,402,221,181,312.408588,87.215618,225.19297,0.4502487562189055,0.7208283595584126,0.85,0.17,0.0,0,V-2023.12-SP4,428,247,181,326.65,93.5,233.16,436.7002,0.748,0.42289719626168226,0.713791519975509,0.47,0.62,0.0,0,V-2023.12-SP3,V-2023.12-SP4,1.24,0.21910000000000002,0.0007883,1.46,1.4591,1.8238750000000001,0.7897,0.11689999999999999,2.031e-05,0.9066000000000001,0.3202,0.04303,0.0006116,0.3638,0.1305,0.059129999999999995,0.00015629999999999998,0.1898,0.0,0.0,0.0,0.0,0.0,0.0,0.0,0.0,0.0,0.0,0.0,0.0,0.0,0.0,0.0,0.0,vectored,random,2,2026-07-25T03:52:17+00:00
intadd_24_24_32_3_10nm_TT_0V8_25C_800MHz,intadd,a_width=24;b_width=24;out_width=32;pipeline_stages=3,10nm,TT,0.8,25.0,1.25,800.0,24,24,32,3,V-2023.12-SP4,242,136,106,93.818883,28.69248,65.126403,0.4380165289256198,0.6941715880373464,0.87,0.16,0.0,0,V-2023.12-SP4,251,145,106,95.05,29.92,65.13,132.7104,0.7162,0.42231075697211157,0.6852183061546554,0.45,0.68,0.0,0,V-2023.12-SP3,V-2023.12-SP4,0.4455,0.09515,0.00024639999999999997,0.5408999999999999,0.54065,0.6758124999999999,0.3457,0.059320000000000005,5.089e-06,0.40499999999999997,0.05691,0.0103,0.0001553,0.06736,0.04284,0.02552,8.596999999999999e-05,0.06845,0.0,0.0,0.0,0.0,0.0,0.0,0.0,0.0,0.0,0.0,0.0,0.0,0.0,0.0,0.0,0.0,unvectored,none,2,2026-07-25T03:52:21+00:00
intadd_24_24_32_3_10nm_TT_0V8_25C_800MHz,intadd,a_width=24;b_width=24;out_width=32;pipeline_stages=3,10nm,TT,0.8,25.0,1.25,800.0,24,24,32,3,V-2023.12-SP4,242,136,106,93.818883,28.69248,65.126403,0.4380165289256198,0.6941715880373464,0.87,0.16,0.0,0,V-2023.12-SP4,251,145,106,95.05,29.92,65.13,132.7104,0.7162,0.42231075697211157,0.6852183061546554,0.45,0.68,0.0,0,V-2023.12-SP3,V-2023.12-SP4,0.5441,0.1167,0.0002651,0.661,0.6608,0.8260000000000001,0.3455,0.059320000000000005,5.089e-06,0.4048,0.1275,0.025769999999999998,0.0001689,0.15339999999999998,0.07116,0.03157,9.111e-05,0.1028,0.0,0.0,0.0,0.0,0.0,0.0,0.0,0.0,0.0,0.0,0.0,0.0,0.0,0.0,0.0,0.0,vectored,random,2,2026-07-25T03:52:27+00:00
intadd_24_24_32_5_20nm_TT_0V9_25C_571p429MHz,intadd,a_width=24;b_width=24;out_width=32;pipeline_stages=5,20nm,TT,0.9,25.0,1.75,571.4285714285714,24,24,32,5,V-2023.12-SP4,402,221,181,530.323197,148.051199,382.271998,0.4502487562189055,0.7208283555433461,1.27,0.25,0.0,0,V-2023.12-SP4,421,240,181,535.6,153.33,382.27,746.8032,0.7172,0.42992874109263657,0.7137229275578789,0.73,0.79,0.0,0,V-2023.12-SP3,V-2023.12-SP4,0.8106,0.0674,0.00045400000000000003,0.8784,0.878,1.5365,0.6287,0.010169999999999998,7.5430000000000005e-06,0.6389,0.11170000000000001,0.014029999999999999,0.0002744,0.126,0.07014000000000001,0.0432,0.000172,0.11349999999999999,0.0,0.0,0.0,0.0,0.0,0.0,0.0,0.0,0.0,0.0,0.0,0.0,0.0,0.0,0.0,0.0,unvectored,none,2,2026-07-25T03:52:42+00:00
intadd_24_24_32_5_20nm_TT_0V9_25C_571p429MHz,intadd,a_width=24;b_width=24;out_width=32;pipeline_stages=5,20nm,TT,0.9,25.0,1.75,571.4285714285714,24,24,32,5,V-2023.12-SP4,402,221,181,530.323197,148.051199,382.271998,0.4502487562189055,0.7208283555433461,1.27,0.25,0.0,0,V-2023.12-SP4,421,240,181,535.6,153.33,382.27,746.8032,0.7172,0.42992874109263657,0.7137229275578789,0.73,0.79,0.0,0,V-2023.12-SP3,V-2023.12-SP4,0.9934,0.0935,0.0005314,1.087,1.0869,1.902075,0.6294,0.010169999999999998,7.5430000000000005e-06,0.6395,0.25179999999999997,0.03515,0.00033120000000000003,0.2873,0.11220000000000001,0.04818,0.0001926,0.1606,0.0,0.0,0.0,0.0,0.0,0.0,0.0,0.0,0.0,0.0,0.0,0.0,0.0,0.0,0.0,0.0,vectored,random,2,2026-07-25T03:52:49+00:00
intadd_24_24_32_3_5nm_TT_0V7_25C_800MHz,intadd,a_width=24;b_width=24;out_width=32;pipeline_stages=3,5nm,TT,0.7,25.0,1.25,800.0,24,24,32,3,V-2023.12-SP4,242,136,106,26.5188,8.7108,17.808,0.4380165289256198,0.6715235983528667,0.65,0.39,0.0,0,V-2023.12-SP4,251,145,106,26.8,8.99,17.81,37.1952,0.7204,0.42231075697211157,0.66455223880597,0.44,0.68,0.0,0,V-2023.12-SP3,V-2023.12-SP4,0.29100000000000004,0.07537,0.0002613,0.3667,0.36637000000000003,0.45796250000000005,0.2188,0.046900000000000004,2.6420000000000003e-06,0.2657,0.04146,0.00781,0.0001952,0.04946,0.030780000000000002,0.020659999999999998,6.352e-05,0.05151,0.0,0.0,0.0,0.0,0.0,0.0,0.0,0.0,0.0,0.0,0.0,0.0,0.0,0.0,0.0,0.0,unvectored,none,2,2026-07-25T03:52:50+00:00
intadd_32_32_32_2_20nm_TT_0V9_25C_800MHz,intadd,a_width=32;b_width=32;out_width=32;pipeline_stages=2,20nm,TT,0.9,25.0,1.25,800.0,32,32,32,2,V-2023.12-SP4,442,346,96,332.956798,130.204799,202.751999,0.2171945701357466,0.6089438636420332,0.96,0.05,0.0,0,V-2023.12-SP4,445,349,96,340.88,138.12,202.75,470.448,0.7246,0.2157303370786517,0.5947840882421966,0.49,0.53,0.0,0,V-2023.12-SP3,V-2023.12-SP4,0.6524,0.1055,0.0003253,0.7582,0.7579,0.9473750000000001,0.4954,0.02949,1.742e-05,0.5249,0.08783,0.009855,0.00014539999999999998,0.09783,0.06914000000000001,0.06613000000000001,0.0001625,0.13540000000000002,0.0,0.0,0.0,0.0,0.0,0.0,0.0,0.0,0.0,0.0,0.0,0.0,0.0,0.0,0.0,0.0,unvectored,none,2,2026-07-25T03:52:50+00:00
intadd_32_32_32_2_20nm_TT_0V9_25C_500MHz,intadd,a_width=32;b_width=32;out_width=32;pipeline_stages=2,20nm,TT,0.9,25.0,2.0,500.0,32,32,32,2,V-2023.12-SP4,417,321,96,325.036798,122.284799,202.751999,0.2302158273381295,0.6237816771749026,1.76,0.0,0.0,0,V-2023.12-SP4,417,321,96,328.42,125.66,202.75,447.5328,0.7338,0.2302158273381295,0.6173497350953048,0.86,0.9,0.0,0,V-2023.12-SP3,V-2023.12-SP4,0.3959,0.06695999999999999,0.0003065,0.46309999999999996,0.46285999999999994,0.9257199999999999,0.3001,0.02259,6.9669999999999995e-06,0.3227,0.05496,0.006013,0.00014539999999999998,0.06112,0.04086,0.038349999999999995,0.0001541,0.07937,0.0,0.0,0.0,0.0,0.0,0.0,0.0,0.0,0.0,0.0,0.0,0.0,0.0,0.0,0.0,0.0,unvectored,none,2,2026-07-25T03:52:56+00:00
intadd_24_24_32_3_5nm_TT_0V7_25C_800MHz,intadd,a_width=24;b_width=24;out_width=32;pipeline_stages=3,5nm,TT,0.7,25.0,1.25,800.0,24,24,32,3,V-2023.12-SP4,242,136,106,26.5188,8.7108,17.808,0.4380165289256198,0.6715235983528667,0.65,0.39,0.0,0,V-2023.12-SP4,251,145,106,26.8,8.99,17.81,37.1952,0.7204,0.42231075697211157,0.66455223880597,0.44,0.68,0.0,0,V-2023.12-SP3,V-2023.12-SP4,0.3639,0.09245,0.0002459,0.4566,0.45635000000000003,0.5704375,0.22010000000000002,0.046900000000000004,2.6420000000000003e-06,0.26699999999999996,0.09226,0.019530000000000002,0.0001754,0.112,0.051530000000000006,0.02602,6.786e-05,0.07762000000000001,0.0,0.0,0.0,0.0,0.0,0.0,0.0,0.0,0.0,0.0,0.0,0.0,0.0,0.0,0.0,0.0,vectored,random,2,2026-07-25T03:52:56+00:00
intadd_32_32_32_2_20nm_TT_0V9_25C_800MHz,intadd,a_width=32;b_width=32;out_width=32;pipeline_stages=2,20nm,TT,0.9,25.0,1.25,800.0,32,32,32,2,V-2023.12-SP4,442,346,96,332.956798,130.204799,202.751999,0.2171945701357466,0.6089438636420332,0.96,0.05,0.0,0,V-2023.12-SP4,445,349,96,340.88,138.12,202.75,470.448,0.7246,0.2157303370786517,0.5947840882421966,0.49,0.53,0.0,0,V-2023.12-SP3,V-2023.12-SP4,0.8065,0.15569999999999998,0.0003656,0.9625,0.9621999999999999,1.20275,0.49620000000000003,0.02949,1.742e-05,0.5257000000000001,0.19249999999999998,0.02471,0.0001748,0.2174,0.1178,0.1015,0.00017329999999999998,0.21939999999999998,0.0,0.0,0.0,0.0,0.0,0.0,0.0,0.0,0.0,0.0,0.0,0.0,0.0,0.0,0.0,0.0,vectored,random,2,2026-07-25T03:52:56+00:00
intadd_24_24_32_5_10nm_TT_0V8_25C_800MHz,intadd,a_width=24;b_width=24;out_width=32;pipeline_stages=5,10nm,TT,0.8,25.0,1.25,800.0,24,24,32,5,V-2023.12-SP4,402,221,181,154.275845,43.06944,111.206405,0.4502487562189055,0.7208283642847654,0.51,0.52,0.0,0,V-2023.12-SP4,443,262,181,161.68,50.47,111.21,215.9616,0.7486,0.40857787810383744,0.6878401781296387,0.45,0.67,0.0,0,V-2023.12-SP3,V-2023.12-SP4,0.8463999999999999,0.1756,0.0004511,1.0230000000000001,1.022,1.2775,0.6901999999999999,0.1188,4.931e-05,0.8091,0.09443,0.01489,0.0002651,0.10959999999999999,0.06172999999999999,0.04198,0.00013659999999999999,0.1038,0.0,0.0,0.0,0.0,0.0,0.0,0.0,0.0,0.0,0.0,0.0,0.0,0.0,0.0,0.0,0.0,unvectored,none,2,2026-07-25T03:53:01+00:00
intadd_32_32_32_2_20nm_TT_0V9_25C_500MHz,intadd,a_width=32;b_width=32;out_width=32;pipeline_stages=2,20nm,TT,0.9,25.0,2.0,500.0,32,32,32,2,V-2023.12-SP4,417,321,96,325.036798,122.284799,202.751999,0.2302158273381295,0.6237816771749026,1.76,0.0,0.0,0,V-2023.12-SP4,417,321,96,328.42,125.66,202.75,447.5328,0.7338,0.2302158273381295,0.6173497350953048,0.86,0.9,0.0,0,V-2023.12-SP3,V-2023.12-SP4,0.48879999999999996,0.09508,0.00034700000000000003,0.5842,0.58388,1.16776,0.3005,0.02259,6.9669999999999995e-06,0.3231,0.12000000000000001,0.01508,0.0001752,0.13520000000000001,0.06828000000000001,0.0574,0.0001648,0.1258,0.0,0.0,0.0,0.0,0.0,0.0,0.0,0.0,0.0,0.0,0.0,0.0,0.0,0.0,0.0,0.0,vectored,random,2,2026-07-25T03:53:02+00:00
intadd_24_24_32_5_10nm_TT_0V8_25C_800MHz,intadd,a_width=24;b_width=24;out_width=32;pipeline_stages=5,10nm,TT,0.8,25.0,1.25,800.0,24,24,32,5,V-2023.12-SP4,402,221,181,154.275845,43.06944,111.206405,0.4502487562189055,0.7208283642847654,0.51,0.52,0.0,0,V-2023.12-SP4,443,262,181,161.68,50.47,111.21,215.9616,0.7486,0.40857787810383744,0.6878401781296387,0.45,0.67,0.0,0,V-2023.12-SP3,V-2023.12-SP4,1.004,0.2043,0.000483,1.2080000000000002,1.2083,1.5103749999999998,0.6899000000000001,0.1188,4.939e-05,0.8087,0.214,0.0373,0.0002885,0.2515,0.09988,0.04825,0.0001451,0.1483,0.0,0.0,0.0,0.0,0.0,0.0,0.0,0.0,0.0,0.0,0.0,0.0,0.0,0.0,0.0,0.0,vectored,random,2,2026-07-25T03:53:07+00:00
intadd_32_32_32_2_16nm_TT_0V85_25C_666p667MHz,intadd,a_width=32;b_width=32;out_width=32;pipeline_stages=2,16nm,TT,0.85,25.0,1.5,666.6666666666666,32,32,32,2,V-2023.12-SP4,411,315,96,190.543111,71.103745,119.439365,0.23357664233576642,0.6268364380804089,1.26,0.01,0.0,0,V-2023.12-SP4,418,322,96,208.15,84.85,123.3,264.7572,0.7862,0.22966507177033493,0.5923612779245736,0.59,0.68,0.0,0,V-2023.12-SP3,V-2023.12-SP4,0.5226000000000001,0.09785,0.1932,0.8137,0.6204500000000001,0.9306750000000001,0.4109,0.047240000000000004,0.19269999999999998,0.6508,0.06494,0.007259000000000001,0.0003856,0.07258999999999999,0.04683,0.04335000000000001,0.0001284,0.09032,0.0,0.0,0.0,0.0,0.0,0.0,0.0,0.0,0.0,0.0,0.0,0.0,0.0,0.0,0.0,0.0,unvectored,none,2,2026-07-25T03:53:15+00:00
intadd_32_32_32_2_16nm_TT_0V85_25C_666p667MHz,intadd,a_width=32;b_width=32;out_width=32;pipeline_stages=2,16nm,TT,0.85,25.0,1.5,666.6666666666666,32,32,32,2,V-2023.12-SP4,411,315,96,190.543111,71.103745,119.439365,0.23357664233576642,0.6268364380804089,1.26,0.01,0.0,0,V-2023.12-SP4,418,322,96,208.15,84.85,123.3,264.7572,0.7862,0.22966507177033493,0.5923612779245736,0.59,0.68,0.0,0,V-2023.12-SP3,V-2023.12-SP4,0.6325000000000001,0.1327,0.1932,0.9583,0.7652000000000001,1.1478000000000002,0.4115,0.047240000000000004,0.19269999999999998,0.6515,0.14329999999999998,0.018199999999999997,0.0003348,0.1618,0.07765999999999999,0.06723000000000001,0.00013659999999999999,0.145,0.0,0.0,0.0,0.0,0.0,0.0,0.0,0.0,0.0,0.0,0.0,0.0,0.0,0.0,0.0,0.0,vectored,random,2,2026-07-25T03:53:21+00:00
intadd_24_24_32_2_7nm_TT_0V75_25C_1333p33MHz,intadd,a_width=24;b_width=24;out_width=32;pipeline_stages=2,7nm,TT,0.75,25.0,0.75,1333.3333333333333,24,24,32,2,V-2023.12-SP4,311,238,73,37.465345,13.918464,23.546881,0.2347266881028939,0.6284976422878262,0.48,0.06,0.0,0,V-2023.12-SP4,312,239,73,37.56,14.02,23.55,53.3192,0.7045,0.23397435897435898,0.6269968051118211,0.19,0.34,0.0,0,V-2023.12-SP3,V-2023.12-SP4,0.3614,0.04964,0.000255,0.4113,0.41104,0.30828,0.268,0.0,0.0,0.268,0.053149999999999996,0.006951,0.00018690000000000002,0.06029,0.04024,0.04269,6.809999999999999e-05,0.083,0.0,0.0,0.0,0.0,0.0,0.0,0.0,0.0,0.0,0.0,0.0,0.0,0.0,0.0,0.0,0.0,unvectored,none,2,2026-07-25T03:53:37+00:00
intadd_24_24_32_2_7nm_TT_0V75_25C_1333p33MHz,intadd,a_width=24;b_width=24;out_width=32;pipeline_stages=2,7nm,TT,0.75,25.0,0.75,1333.3333333333333,24,24,32,2,V-2023.12-SP4,311,238,73,37.465345,13.918464,23.546881,0.2347266881028939,0.6284976422878262,0.48,0.06,0.0,0,V-2023.12-SP4,312,239,73,37.56,14.02,23.55,53.3192,0.7045,0.23397435897435898,0.6269968051118211,0.19,0.34,0.0,0,V-2023.12-SP3,V-2023.12-SP4,0.4567,0.09022999999999999,0.00029299999999999997,0.5472,0.54693,0.4101975,0.2678,0.0,0.0,0.2678,0.1176,0.01738,0.0002237,0.13520000000000001,0.07132000000000001,0.07285,6.928e-05,0.1442,0.0,0.0,0.0,0.0,0.0,0.0,0.0,0.0,0.0,0.0,0.0,0.0,0.0,0.0,0.0,0.0,vectored,random,2,2026-07-25T03:53:44+00:00
intadd_24_24_32_5_5nm_TT_0V7_25C_1333p33MHz,intadd,a_width=24;b_width=24;out_width=32;pipeline_stages=5,5nm,TT,0.7,25.0,0.75,1333.3333333333333,24,24,32,5,V-2023.12-SP4,402,221,181,43.679999,13.272,30.408,0.4502487562189055,0.6961538620914346,0.38,0.15,0.0,0,V-2023.12-SP4,414,233,181,44.65,14.25,30.41,61.9836,0.7204,0.43719806763285024,0.6810750279955208,0.19,0.37,0.0,0,V-2023.12-SP3,V-2023.12-SP4,0.8078,0.2199,0.00044780000000000004,1.028,1.0277,0.770775,0.619,0.1464,1.409e-05,0.7654,0.1148,0.01948,0.0003333,0.1346,0.07407,0.05405,0.0001004,0.1282,0.0,0.0,0.0,0.0,0.0,0.0,0.0,0.0,0.0,0.0,0.0,0.0,0.0,0.0,0.0,0.0,unvectored,none,2,2026-07-25T03:54:06+00:00
intadd_24_24_32_5_5nm_TT_0V7_25C_1333p33MHz,intadd,a_width=24;b_width=24;out_width=32;pipeline_stages=5,5nm,TT,0.7,25.0,0.75,1333.3333333333333,24,24,32,5,V-2023.12-SP4,402,221,181,43.679999,13.272,30.408,0.4502487562189055,0.6961538620914346,0.38,0.15,0.0,0,V-2023.12-SP4,414,233,181,44.65,14.25,30.41,61.9836,0.7204,0.43719806763285024,0.6810750279955208,0.19,0.37,0.0,0,V-2023.12-SP3,V-2023.12-SP4,1.002,0.25999999999999995,0.0004242,1.2630000000000001,1.262,0.9465,0.6225999999999999,0.1464,1.409e-05,0.769,0.2565,0.0488,0.00030240000000000003,0.3056,0.1234,0.0648,0.0001077,0.1883,0.0,0.0,0.0,0.0,0.0,0.0,0.0,0.0,0.0,0.0,0.0,0.0,0.0,0.0,0.0,0.0,vectored,random,2,2026-07-25T03:54:12+00:00
intadd_24_24_32_2_7nm_TT_0V75_25C_800MHz,intadd,a_width=24;b_width=24;out_width=32;pipeline_stages=2,7nm,TT,0.75,25.0,1.25,800.0,24,24,32,2,V-2023.12-SP4,176,103,73,36.481537,12.934656,23.546881,0.4147727272727273,0.6454465172341833,0.97,0.06,0.0,0,V-2023.12-SP4,185,112,73,38.45,14.9,23.55,50.5774,0.7602,0.3945945945945946,0.612483745123537,0.44,0.7,0.0,0,V-2023.12-SP3,V-2023.12-SP4,0.27690000000000003,0.06507,0.0002614,0.3422,0.34197000000000005,0.4274625000000001,0.21800000000000003,0.04139,2e-05,0.2594,0.03191,0.006568,0.00018669999999999998,0.03867,0.02702,0.01711,5.4709999999999996e-05,0.04419,0.0,0.0,0.0,0.0,0.0,0.0,0.0,0.0,0.0,0.0,0.0,0.0,0.0,0.0,0.0,0.0,unvectored,none,2,2026-07-25T03:54:15+00:00
intadd_24_24_32_5_5nm_TT_0V7_25C_800MHz,intadd,a_width=24;b_width=24;out_width=32;pipeline_stages=5,5nm,TT,0.7,25.0,1.25,800.0,24,24,32,5,V-2023.12-SP4,402,221,181,43.679999,13.272,30.408,0.4502487562189055,0.6961538620914346,0.02,0.59,0.0,0,V-2023.12-SP4,413,232,181,44.04,13.63,30.41,61.9836,0.7105,0.43825665859564167,0.6905086285195278,0.44,0.69,0.0,0,V-2023.12-SP3,V-2023.12-SP4,0.49089999999999995,0.1216,0.0004361,0.6130000000000001,0.6124999999999999,0.7656249999999999,0.3781,0.07741,2.49e-06,0.4555,0.06858,0.01172,0.00033319999999999997,0.08063000000000001,0.04423,0.032499999999999994,0.0001004,0.07683,0.0,0.0,0.0,0.0,0.0,0.0,0.0,0.0,0.0,0.0,0.0,0.0,0.0,0.0,0.0,0.0,unvectored,none,2,2026-07-25T03:54:16+00:00
intadd_24_24_32_2_7nm_TT_0V75_25C_800MHz,intadd,a_width=24;b_width=24;out_width=32;pipeline_stages=2,7nm,TT,0.75,25.0,1.25,800.0,24,24,32,2,V-2023.12-SP4,176,103,73,36.481537,12.934656,23.546881,0.4147727272727273,0.6454465172341833,0.97,0.06,0.0,0,V-2023.12-SP4,185,112,73,38.45,14.9,23.55,50.5774,0.7602,0.3945945945945946,0.612483745123537,0.44,0.7,0.0,0,V-2023.12-SP3,V-2023.12-SP4,0.3373,0.08247,0.0003006,0.42000000000000004,0.41977,0.5247124999999999,0.2179,0.04139,1.9960000000000002e-05,0.25930000000000003,0.07082000000000001,0.01643,0.0002245,0.08747,0.04854,0.02465,5.606e-05,0.07324,0.0,0.0,0.0,0.0,0.0,0.0,0.0,0.0,0.0,0.0,0.0,0.0,0.0,0.0,0.0,0.0,vectored,random,2,2026-07-25T03:54:22+00:00
intadd_24_24_32_5_5nm_TT_0V7_25C_800MHz,intadd,a_width=24;b_width=24;out_width=32;pipeline_stages=5,5nm,TT,0.7,25.0,1.25,800.0,24,24,32,5,V-2023.12-SP4,402,221,181,43.679999,13.272,30.408,0.4502487562189055,0.6961538620914346,0.02,0.59,0.0,0,V-2023.12-SP4,413,232,181,44.04,13.63,30.41,61.9836,0.7105,0.43825665859564167,0.6905086285195278,0.44,0.69,0.0,0,V-2023.12-SP3,V-2023.12-SP4,0.6088,0.1457,0.00040909999999999997,0.7549,0.7545,0.943125,0.38039999999999996,0.07741,2.49e-06,0.45780000000000004,0.1547,0.029349999999999998,0.0002989,0.1844,0.07371,0.03895,0.0001077,0.1128,0.0,0.0,0.0,0.0,0.0,0.0,0.0,0.0,0.0,0.0,0.0,0.0,0.0,0.0,0.0,0.0,vectored,random,2,2026-07-25T03:54:23+00:00
intadd_32_32_32_3_16nm_TT_0V85_25C_666p667MHz,intadd,a_width=32;b_width=32;out_width=32;pipeline_stages=3,16nm,TT,0.85,25.0,1.5,666.6666666666666,32,32,32,3,V-2023.12-SP4,477,332,145,258.287625,77.884417,180.403208,0.3039832285115304,0.6984585808166381,1.05,0.22,0.0,0,V-2023.12-SP4,496,351,145,287.96,101.34,186.62,363.3569,0.7925,0.2923387096774194,0.6480761216835672,0.59,0.74,0.0,0,V-2023.12-SP3,V-2023.12-SP4,0.8237,0.17300000000000001,0.3219,1.3190000000000002,0.9967,1.49505,0.6726,0.1149,0.3211,1.109,0.09576,0.0102,0.0005660999999999999,0.1065,0.05534,0.04791,0.00014539999999999998,0.1034,0.0,0.0,0.0,0.0,0.0,0.0,0.0,0.0,0.0,0.0,0.0,0.0,0.0,0.0,0.0,0.0,unvectored,none,2,2026-07-25T03:54:33+00:00
intadd_32_32_32_3_16nm_TT_0V85_25C_666p667MHz,intadd,a_width=32;b_width=32;out_width=32;pipeline_stages=3,16nm,TT,0.85,25.0,1.5,666.6666666666666,32,32,32,3,V-2023.12-SP4,477,332,145,258.287625,77.884417,180.403208,0.3039832285115304,0.6984585808166381,1.05,0.22,0.0,0,V-2023.12-SP4,496,351,145,287.96,101.34,186.62,363.3569,0.7925,0.2923387096774194,0.6480761216835672,0.59,0.74,0.0,0,V-2023.12-SP3,V-2023.12-SP4,0.9771999999999998,0.2063,0.32180000000000003,1.5050000000000001,1.1834999999999998,1.7752499999999998,0.6734,0.1149,0.3211,1.109,0.2144,0.025599999999999998,0.0004937,0.2405,0.08939,0.06587,0.00015790000000000002,0.1554,0.0,0.0,0.0,0.0,0.0,0.0,0.0,0.0,0.0,0.0,0.0,0.0,0.0,0.0,0.0,0.0,vectored,random,2,2026-07-25T03:54:40+00:00
intadd_24_24_32_3_7nm_TT_0V75_25C_1333p33MHz,intadd,a_width=24;b_width=24;out_width=32;pipeline_stages=3,7nm,TT,0.75,25.0,0.75,1333.3333333333333,24,24,32,3,V-2023.12-SP4,314,208,106,49.254913,15.063552,34.191361,0.3375796178343949,0.694171584467117,0.48,0.05,0.0,0,V-2023.12-SP4,320,214,106,50.21,16.02,34.19,69.7213,0.7201,0.33125,0.6809400517825134,0.19,0.36,0.0,0,V-2023.12-SP3,V-2023.12-SP4,0.5287999999999999,0.1471,0.0003523,0.6761999999999999,0.6759,0.506925,0.4062,0.09317,6.93e-06,0.4993,0.07453000000000001,0.01064,0.000271,0.08543999999999999,0.04807,0.043300000000000005,7.43e-05,0.09144000000000001,0.0,0.0,0.0,0.0,0.0,0.0,0.0,0.0,0.0,0.0,0.0,0.0,0.0,0.0,0.0,0.0,unvectored,none,2,2026-07-25T03:54:41+00:00
intadd_32_32_32_2_10nm_TT_0V8_25C_800MHz,intadd,a_width=32;b_width=32;out_width=32;pipeline_stages=2,10nm,TT,0.8,25.0,1.25,800.0,32,32,32,2,V-2023.12-SP4,384,288,96,91.883523,32.90112,58.982403,0.25,0.6419257890231309,1.02,0.01,0.0,0,V-2023.12-SP4,398,302,96,97.78,38.8,58.98,127.3958,0.7675,0.24120603015075376,0.6031908365718961,0.45,0.62,0.0,0,V-2023.12-SP3,V-2023.12-SP4,0.4756,0.1183,0.0002946,0.5942000000000001,0.5939,0.742375,0.38029999999999997,0.07236000000000001,3.919e-05,0.4527,0.0532,0.006948,0.0001407,0.06029,0.04215,0.03901,0.0001147,0.08127999999999999,0.0,0.0,0.0,0.0,0.0,0.0,0.0,0.0,0.0,0.0,0.0,0.0,0.0,0.0,0.0,0.0,unvectored,none,2,2026-07-25T03:54:43+00:00
intadd_24_24_32_3_7nm_TT_0V75_25C_1333p33MHz,intadd,a_width=24;b_width=24;out_width=32;pipeline_stages=3,7nm,TT,0.75,25.0,0.75,1333.3333333333333,24,24,32,3,V-2023.12-SP4,314,208,106,49.254913,15.063552,34.191361,0.3375796178343949,0.694171584467117,0.48,0.05,0.0,0,V-2023.12-SP4,320,214,106,50.21,16.02,34.19,69.7213,0.7201,0.33125,0.6809400517825134,0.19,0.36,0.0,0,V-2023.12-SP3,V-2023.12-SP4,0.6521,0.1784,0.0004086,0.8310000000000001,0.8305,0.6228750000000001,0.406,0.09317,6.93e-06,0.49910000000000004,0.1648,0.02661,0.0003253,0.1918,0.08133,0.05864,7.636000000000001e-05,0.13999999999999999,0.0,0.0,0.0,0.0,0.0,0.0,0.0,0.0,0.0,0.0,0.0,0.0,0.0,0.0,0.0,0.0,vectored,random,2,2026-07-25T03:54:48+00:00
intadd_32_32_32_2_10nm_TT_0V8_25C_800MHz,intadd,a_width=32;b_width=32;out_width=32;pipeline_stages=2,10nm,TT,0.8,25.0,1.25,800.0,32,32,32,2,V-2023.12-SP4,384,288,96,91.883523,32.90112,58.982403,0.25,0.6419257890231309,1.02,0.01,0.0,0,V-2023.12-SP4,398,302,96,97.78,38.8,58.98,127.3958,0.7675,0.24120603015075376,0.6031908365718961,0.45,0.62,0.0,0,V-2023.12-SP3,V-2023.12-SP4,0.5676,0.1536,0.0003106,0.7216,0.7212,0.9015,0.38010000000000005,0.07236000000000001,3.925e-05,0.4525,0.1176,0.017419999999999998,0.00015209999999999998,0.13520000000000001,0.06996999999999999,0.06383,0.0001192,0.1339,0.0,0.0,0.0,0.0,0.0,0.0,0.0,0.0,0.0,0.0,0.0,0.0,0.0,0.0,0.0,0.0,vectored,random,2,2026-07-25T03:54:50+00:00
intadd_32_32_32_3_20nm_TT_0V9_25C_571p429MHz,intadd,a_width=32;b_width=32;out_width=32;pipeline_stages=3,20nm,TT,0.9,25.0,1.75,571.4285714285714,32,32,32,3,V-2023.12-SP4,482,337,145,440.035198,133.795199,306.239998,0.3008298755186722,0.6959443230720831,1.46,0.05,0.0,0,V-2023.12-SP4,488,343,145,452.92,146.68,306.24,618.7104,0.732,0.29713114754098363,0.6761458977302834,0.74,0.77,0.0,0,V-2023.12-SP3,V-2023.12-SP4,0.6797,0.1064,0.05196,0.838,0.7861,1.375675,0.5286,0.05009,0.05155,0.6302,0.09179999999999999,0.009935999999999999,0.00022,0.102,0.05926,0.04637,0.00018409999999999998,0.10579999999999999,0.0,0.0,0.0,0.0,0.0,0.0,0.0,0.0,0.0,0.0,0.0,0.0,0.0,0.0,0.0,0.0,unvectored,none,2,2026-07-25T03:55:18+00:00
intadd_32_32_32_2_5nm_TT_0V7_25C_1333p33MHz,intadd,a_width=32;b_width=32;out_width=32;pipeline_stages=2,5nm,TT,0.7,25.0,0.75,1333.3333333333333,32,32,32,2,V-2023.12-SP4,422,326,96,26.9304,10.8024,16.128,0.22748815165876776,0.5988771054273238,0.5,0.03,0.0,0,V-2023.12-SP4,424,328,96,27.34,11.21,16.13,37.4976,0.7292,0.22641509433962265,0.5899780541331382,0.19,0.36,0.0,0,V-2023.12-SP3,V-2023.12-SP4,0.4596,0.13770000000000002,0.0002743,0.5976,0.5973,0.447975,0.3402,0.06742000000000001,8.582e-06,0.40759999999999996,0.06505,0.009887,0.00017669999999999999,0.07511000000000001,0.05435,0.06037,8.902999999999999e-05,0.1148,0.0,0.0,0.0,0.0,0.0,0.0,0.0,0.0,0.0,0.0,0.0,0.0,0.0,0.0,0.0,0.0,unvectored,none,2,2026-07-25T03:55:20+00:00
intadd_32_32_32_3_20nm_TT_0V9_25C_571p429MHz,intadd,a_width=32;b_width=32;out_width=32;pipeline_stages=3,20nm,TT,0.9,25.0,1.75,571.4285714285714,32,32,32,3,V-2023.12-SP4,482,337,145,440.035198,133.795199,306.239998,0.3008298755186722,0.6959443230720831,1.46,0.05,0.0,0,V-2023.12-SP4,488,343,145,452.92,146.68,306.24,618.7104,0.732,0.29713114754098363,0.6761458977302834,0.74,0.77,0.0,0,V-2023.12-SP3,V-2023.12-SP4,0.8245,0.1379,0.05202,1.014,0.9624,1.6842000000000001,0.5294,0.05009,0.05155,0.631,0.2026,0.02493,0.0002648,0.2278,0.09255999999999999,0.06284000000000001,0.0001998,0.1556,0.0,0.0,0.0,0.0,0.0,0.0,0.0,0.0,0.0,0.0,0.0,0.0,0.0,0.0,0.0,0.0,vectored,random,2,2026-07-25T03:55:24+00:00
intadd_32_32_32_2_5nm_TT_0V7_25C_1333p33MHz,intadd,a_width=32;b_width=32;out_width=32;pipeline_stages=2,5nm,TT,0.7,25.0,0.75,1333.3333333333333,32,32,32,2,V-2023.12-SP4,422,326,96,26.9304,10.8024,16.128,0.22748815165876776,0.5988771054273238,0.5,0.03,0.0,0,V-2023.12-SP4,424,328,96,27.34,11.21,16.13,37.4976,0.7292,0.22641509433962265,0.5899780541331382,0.19,0.36,0.0,0,V-2023.12-SP3,V-2023.12-SP4,0.5860000000000001,0.1972,0.00026230000000000003,0.7835,0.7832000000000001,0.5874000000000001,0.3421,0.06742000000000001,8.582e-06,0.40959999999999996,0.1436,0.024790000000000003,0.0001607,0.1686,0.1003,0.10500000000000001,9.300999999999999e-05,0.2054,0.0,0.0,0.0,0.0,0.0,0.0,0.0,0.0,0.0,0.0,0.0,0.0,0.0,0.0,0.0,0.0,vectored,random,2,2026-07-25T03:55:26+00:00
intadd_32_32_32_3_10nm_TT_0V8_25C_1333p33MHz,intadd,a_width=32;b_width=32;out_width=32;pipeline_stages=3,10nm,TT,0.8,25.0,0.75,1333.3333333333333,32,32,32,3,V-2023.12-SP4,489,344,145,128.624644,39.53664,89.088004,0.2965235173824131,0.6926200238890458,0.52,0.02,0.0,0,V-2023.12-SP4,504,359,145,134.12,45.04,89.09,181.7088,0.7381,0.2876984126984127,0.6642558902475395,0.2,0.35,0.0,0,V-2023.12-SP3,V-2023.12-SP4,1.035,0.1986,0.0003874,1.234,1.2336,0.9252,0.8186,0.09731999999999999,3.609e-05,0.916,0.12940000000000002,0.01579,0.00021260000000000002,0.1454,0.08737,0.08548,0.00013879999999999999,0.17300000000000001,0.0,0.0,0.0,0.0,0.0,0.0,0.0,0.0,0.0,0.0,0.0,0.0,0.0,0.0,0.0,0.0,unvectored,none,2,2026-07-25T03:55:29+00:00
intadd_32_32_32_3_10nm_TT_0V8_25C_1333p33MHz,intadd,a_width=32;b_width=32;out_width=32;pipeline_stages=3,10nm,TT,0.8,25.0,0.75,1333.3333333333333,32,32,32,3,V-2023.12-SP4,489,344,145,128.624644,39.53664,89.088004,0.2965235173824131,0.6926200238890458,0.52,0.02,0.0,0,V-2023.12-SP4,504,359,145,134.12,45.04,89.09,181.7088,0.7381,0.2876984126984127,0.6642558902475395,0.2,0.35,0.0,0,V-2023.12-SP3,V-2023.12-SP4,1.2329999999999999,0.2457,0.00041129999999999997,1.479,1.4787,1.109025,0.8180999999999999,0.09731999999999999,3.609e-05,0.9155,0.28459999999999996,0.0396,0.0002291,0.32449999999999996,0.1304,0.1087,0.0001462,0.23929999999999998,0.0,0.0,0.0,0.0,0.0,0.0,0.0,0.0,0.0,0.0,0.0,0.0,0.0,0.0,0.0,0.0,vectored,random,2,2026-07-25T03:55:36+00:00
intadd_32_32_32_3_10nm_TT_0V8_25C_800MHz,intadd,a_width=32;b_width=32;out_width=32;pipeline_stages=3,10nm,TT,0.8,25.0,1.25,800.0,32,32,32,3,V-2023.12-SP4,328,183,145,127.580164,38.49216,89.088004,0.4420731707317073,0.6982904019468105,0.87,0.16,0.0,0,V-2023.12-SP4,348,203,145,133.72,44.64,89.09,180.6336,0.7403,0.4166666666666667,0.6662428956027521,0.45,0.66,0.0,0,V-2023.12-SP3,V-2023.12-SP4,0.6698999999999999,0.1519,0.000368,0.8222,0.8218,1.02725,0.5335,0.09806000000000001,3.919e-05,0.6315999999999999,0.07766999999999999,0.014110000000000001,0.00021250000000000002,0.092,0.05868,0.03976,0.0001164,0.09856000000000001,0.0,0.0,0.0,0.0,0.0,0.0,0.0,0.0,0.0,0.0,0.0,0.0,0.0,0.0,0.0,0.0,unvectored,none,2,2026-07-25T03:55:38+00:00
intadd_32_32_32_3_10nm_TT_0V8_25C_800MHz,intadd,a_width=32;b_width=32;out_width=32;pipeline_stages=3,10nm,TT,0.8,25.0,1.25,800.0,32,32,32,3,V-2023.12-SP4,328,183,145,127.580164,38.49216,89.088004,0.4420731707317073,0.6982904019468105,0.87,0.16,0.0,0,V-2023.12-SP4,348,203,145,133.72,44.64,89.09,180.6336,0.7403,0.4166666666666667,0.6662428956027521,0.45,0.66,0.0,0,V-2023.12-SP3,V-2023.12-SP4,0.8040999999999999,0.1786,0.000394,0.9831,0.9826999999999999,1.2283749999999998,0.5331999999999999,0.09806000000000001,3.9290000000000005e-05,0.6313,0.17459999999999998,0.035410000000000004,0.00023099999999999998,0.2102,0.09631,0.04509,0.0001237,0.1415,0.0,0.0,0.0,0.0,0.0,0.0,0.0,0.0,0.0,0.0,0.0,0.0,0.0,0.0,0.0,0.0,vectored,random,2,2026-07-25T03:55:45+00:00
intadd_32_32_32_5_16nm_TT_0V85_25C_800MHz,intadd,a_width=32;b_width=32;out_width=32;pipeline_stages=5,16nm,TT,0.85,25.0,1.25,800.0,32,32,32,5,V-2023.12-SP4,524,281,243,404.663056,102.332162,302.330894,0.4637404580152672,0.7471176069010856,0.85,0.17,0.0,0,V-2023.12-SP4,546,303,243,432.97,117.82,315.15,566.2172,0.7647,0.44505494505494503,0.7278795297595675,0.46,0.62,0.0,0,V-2023.12-SP3,V-2023.12-SP4,1.4,0.2565,0.06528,1.722,1.6564999999999999,2.0706249999999997,1.108,0.16970000000000002,0.06426,1.342,0.1918,0.02255,0.0008541,0.2153,0.09992000000000001,0.06428,0.0001706,0.16440000000000002,0.0,0.0,0.0,0.0,0.0,0.0,0.0,0.0,0.0,0.0,0.0,0.0,0.0,0.0,0.0,0.0,unvectored,none,2,2026-07-25T03:56:02+00:00
intadd_32_32_32_5_16nm_TT_0V85_25C_800MHz,intadd,a_width=32;b_width=32;out_width=32;pipeline_stages=5,16nm,TT,0.85,25.0,1.25,800.0,32,32,32,5,V-2023.12-SP4,524,281,243,404.663056,102.332162,302.330894,0.4637404580152672,0.7471176069010856,0.85,0.17,0.0,0,V-2023.12-SP4,546,303,243,432.97,117.82,315.15,566.2172,0.7647,0.44505494505494503,0.7278795297595675,0.46,0.62,0.0,0,V-2023.12-SP3,V-2023.12-SP4,1.704,0.2923,0.06522,2.062,1.9963,2.495375,1.109,0.16970000000000002,0.06426,1.343,0.4365,0.05661,0.0007702,0.4939,0.1585,0.066,0.00019229999999999999,0.22469999999999998,0.0,0.0,0.0,0.0,0.0,0.0,0.0,0.0,0.0,0.0,0.0,0.0,0.0,0.0,0.0,0.0,vectored,random,2,2026-07-25T03:56:09+00:00
intadd_24_24_32_3_7nm_TT_0V75_25C_800MHz,intadd,a_width=24;b_width=24;out_width=32;pipeline_stages=3,7nm,TT,0.75,25.0,1.25,800.0,24,24,32,3,V-2023.12-SP4,242,136,106,49.254913,15.063552,34.191361,0.4380165289256198,0.694171584467117,0.67,0.36,0.0,0,V-2023.12-SP4,255,149,106,51.19,17.0,34.19,69.7213,0.7342,0.41568627450980394,0.667903887478023,0.44,0.68,0.0,0,V-2023.12-SP3,V-2023.12-SP4,0.3637,0.08587,0.0003575,0.45,0.44957,0.5619625,0.2873,0.0566,1.8049999999999998e-05,0.34400000000000003,0.04482,0.00799,0.0002713,0.05308,0.03158,0.02129,6.814e-05,0.05294,0.0,0.0,0.0,0.0,0.0,0.0,0.0,0.0,0.0,0.0,0.0,0.0,0.0,0.0,0.0,0.0,unvectored,none,2,2026-07-25T03:56:12+00:00
intadd_24_24_32_3_7nm_TT_0V75_25C_800MHz,intadd,a_width=24;b_width=24;out_width=32;pipeline_stages=3,7nm,TT,0.75,25.0,1.25,800.0,24,24,32,3,V-2023.12-SP4,242,136,106,49.254913,15.063552,34.191361,0.4380165289256198,0.694171584467117,0.67,0.36,0.0,0,V-2023.12-SP4,255,149,106,51.19,17.0,34.19,69.7213,0.7342,0.41568627450980394,0.667903887478023,0.44,0.68,0.0,0,V-2023.12-SP3,V-2023.12-SP4,0.44329999999999997,0.1035,0.00041769999999999996,0.5472,0.5468,0.6835,0.2872,0.0566,1.811e-05,0.3439,0.1009,0.01999,0.0003295,0.1212,0.055189999999999996,0.02692,7.01e-05,0.08218,0.0,0.0,0.0,0.0,0.0,0.0,0.0,0.0,0.0,0.0,0.0,0.0,0.0,0.0,0.0,0.0,vectored,random,2,2026-07-25T03:56:19+00:00
intadd_32_32_32_2_5nm_TT_0V7_25C_800MHz,intadd,a_width=32;b_width=32;out_width=32;pipeline_stages=2,5nm,TT,0.7,25.0,1.25,800.0,32,32,32,2,V-2023.12-SP4,380,284,96,25.9728,9.8448,16.128,0.25263157894736843,0.6209573091849936,0.86,0.17,0.0,0,V-2023.12-SP4,385,289,96,26.14,10.01,16.13,36.5904,0.7144,0.24935064935064935,0.617061973986228,0.44,0.69,0.0,0,V-2023.12-SP3,V-2023.12-SP4,0.2684,0.08064,0.0002615,0.3493,0.34904,0.4363,0.1985,0.04324,2.6420000000000003e-06,0.2418,0.03905,0.006122,0.0001766,0.045349999999999994,0.030840000000000003,0.03127,8.224e-05,0.06219,0.0,0.0,0.0,0.0,0.0,0.0,0.0,0.0,0.0,0.0,0.0,0.0,0.0,0.0,0.0,0.0,unvectored,none,2,2026-07-25T03:56:37+00:00
intadd_32_32_32_2_5nm_TT_0V7_25C_800MHz,intadd,a_width=32;b_width=32;out_width=32;pipeline_stages=2,5nm,TT,0.7,25.0,1.25,800.0,32,32,32,2,V-2023.12-SP4,380,284,96,25.9728,9.8448,16.128,0.25263157894736843,0.6209573091849936,0.86,0.17,0.0,0,V-2023.12-SP4,385,289,96,26.14,10.01,16.13,36.5904,0.7144,0.24935064935064935,0.617061973986228,0.44,0.69,0.0,0,V-2023.12-SP3,V-2023.12-SP4,0.3352,0.1075,0.0002481,0.44289999999999996,0.4427,0.553375,0.1997,0.04324,2.6420000000000003e-06,0.2429,0.08415,0.01535,0.0001593,0.09965,0.05133,0.04892,8.617999999999999e-05,0.1003,0.0,0.0,0.0,0.0,0.0,0.0,0.0,0.0,0.0,0.0,0.0,0.0,0.0,0.0,0.0,0.0,vectored,random,2,2026-07-25T03:56:44+00:00
intadd_32_32_32_3_5nm_TT_0V7_25C_1333p33MHz,intadd,a_width=32;b_width=32;out_width=32;pipeline_stages=3,5nm,TT,0.7,25.0,0.75,1333.3333333333333,32,32,32,3,V-2023.12-SP4,477,332,145,36.246,11.886,24.36,0.3039832285115304,0.6720741599073,0.49,0.04,0.0,0,V-2023.12-SP4,484,339,145,37.2,12.84,24.36,50.4504,0.7373,0.29958677685950413,0.6548387096774193,0.19,0.36,0.0,0,V-2023.12-SP3,V-2023.12-SP4,0.6883,0.17980000000000002,0.0003856,0.8685,0.8681000000000001,0.6510750000000001,0.5306,0.1014,1.751e-05,0.632,0.09466000000000001,0.013550000000000001,0.0002669,0.1085,0.06301,0.06485,0.00010120000000000001,0.128,0.0,0.0,0.0,0.0,0.0,0.0,0.0,0.0,0.0,0.0,0.0,0.0,0.0,0.0,0.0,0.0,unvectored,none,2,2026-07-25T03:56:50+00:00
intadd_32_32_32_5_20nm_TT_0V9_25C_571p429MHz,intadd,a_width=32;b_width=32;out_width=32;pipeline_stages=5,20nm,TT,0.9,25.0,1.75,571.4285714285714,32,32,32,5,V-2023.12-SP4,524,281,243,686.927996,173.711999,513.215997,0.4637404580152672,0.7471176018279505,1.27,0.25,0.0,0,V-2023.12-SP4,535,292,243,698.12,184.91,513.22,976.0608,0.7152,0.4542056074766355,0.7351458202028305,0.73,0.78,0.0,0,V-2023.12-SP3,V-2023.12-SP4,1.0959999999999999,0.10189999999999999,0.05212,1.25,1.1978999999999997,2.0963249999999993,0.8598,0.030000000000000002,0.05155,0.9412999999999999,0.1497,0.018099999999999998,0.0003687,0.1682,0.08666,0.0538,0.0002089,0.1407,0.0,0.0,0.0,0.0,0.0,0.0,0.0,0.0,0.0,0.0,0.0,0.0,0.0,0.0,0.0,0.0,unvectored,none,2,2026-07-25T03:56:50+00:00
intadd_32_32_40_2_16nm_TT_0V85_25C_1000MHz,intadd,a_width=32;b_width=32;out_width=40;pipeline_stages=2,16nm,TT,0.85,25.0,1.0,1000.0,32,32,40,2,V-2023.12-SP4,449,352,97,198.630151,77.946625,120.683525,0.21603563474387527,0.6075790829963171,0.65,0.12,0.0,0,V-2023.12-SP4,451,354,97,202.74,81.43,121.31,279.625,0.725,0.21507760532150777,0.5983525697938246,0.34,0.51,0.0,0,V-2023.12-SP3,V-2023.12-SP4,0.6935,0.159,0.0006657000000000001,0.8532000000000001,0.8525,0.8525,0.5283,0.07632,1.175e-05,0.6045999999999999,0.0919,0.01046,0.0005183,0.10289999999999999,0.07333,0.07225,0.0001357,0.1457,0.0,0.0,0.0,0.0,0.0,0.0,0.0,0.0,0.0,0.0,0.0,0.0,0.0,0.0,0.0,0.0,unvectored,none,2,2026-07-25T03:56:56+00:00
intadd_32_32_32_5_20nm_TT_0V9_25C_571p429MHz,intadd,a_width=32;b_width=32;out_width=32;pipeline_stages=5,20nm,TT,0.9,25.0,1.75,571.4285714285714,32,32,32,5,V-2023.12-SP4,524,281,243,686.927996,173.711999,513.215997,0.4637404580152672,0.7471176018279505,1.27,0.25,0.0,0,V-2023.12-SP4,535,292,243,698.12,184.91,513.22,976.0608,0.7152,0.4542056074766355,0.7351458202028305,0.73,0.78,0.0,0,V-2023.12-SP3,V-2023.12-SP4,1.3339999999999999,0.12990000000000002,0.05223,1.517,1.4638999999999998,2.561825,0.8606,0.030000000000000002,0.05155,0.9420999999999999,0.337,0.04542,0.00044429999999999996,0.38289999999999996,0.1369,0.054490000000000004,0.00023620000000000002,0.1916,0.0,0.0,0.0,0.0,0.0,0.0,0.0,0.0,0.0,0.0,0.0,0.0,0.0,0.0,0.0,0.0,vectored,random,2,2026-07-25T03:56:57+00:00
intadd_32_32_32_3_5nm_TT_0V7_25C_1333p33MHz,intadd,a_width=32;b_width=32;out_width=32;pipeline_stages=3,5nm,TT,0.7,25.0,0.75,1333.3333333333333,32,32,32,3,V-2023.12-SP4,477,332,145,36.246,11.886,24.36,0.3039832285115304,0.6720741599073,0.49,0.04,0.0,0,V-2023.12-SP4,484,339,145,37.2,12.84,24.36,50.4504,0.7373,0.29958677685950413,0.6548387096774193,0.19,0.36,0.0,0,V-2023.12-SP3,V-2023.12-SP4,0.8409,0.22340000000000002,0.0003671,1.065,1.0643,0.798225,0.5336,0.1014,1.751e-05,0.635,0.2063,0.03398,0.0002425,0.24059999999999998,0.101,0.08802,0.000107,0.1891,0.0,0.0,0.0,0.0,0.0,0.0,0.0,0.0,0.0,0.0,0.0,0.0,0.0,0.0,0.0,0.0,vectored,random,2,2026-07-25T03:56:57+00:00
intadd_24_24_32_5_7nm_TT_0V75_25C_1333p33MHz,intadd,a_width=24;b_width=24;out_width=32;pipeline_stages=5,7nm,TT,0.75,25.0,0.75,1333.3333333333333,24,24,32,5,V-2023.12-SP4,402,221,181,80.994818,22.611456,58.383362,0.4502487562189055,0.7208283621305255,0.39,0.14,0.0,0,V-2023.12-SP4,432,251,181,82.91,24.53,58.38,113.7992,0.7286,0.41898148148148145,0.7041370160414908,0.19,0.36,0.0,0,V-2023.12-SP3,V-2023.12-SP4,0.9125,0.2392,0.0005899,1.1520000000000001,1.1517,0.863775,0.7133,0.16019999999999998,1.848e-05,0.8735,0.12380000000000001,0.01934,0.0004629,0.1436,0.07537,0.05967,0.0001085,0.1351,0.0,0.0,0.0,0.0,0.0,0.0,0.0,0.0,0.0,0.0,0.0,0.0,0.0,0.0,0.0,0.0,unvectored,none,2,2026-07-25T03:57:01+00:00
intadd_32_32_40_2_20nm_TT_0V9_25C_571p429MHz,intadd,a_width=32;b_width=32;out_width=40;pipeline_stages=2,20nm,TT,0.9,25.0,1.75,571.4285714285714,32,32,40,2,V-2023.12-SP4,434,337,97,332.639998,127.775999,204.863999,0.22350230414746544,0.6158730165697032,1.3,0.22,0.0,0,V-2023.12-SP4,432,335,97,333.91,129.04,204.86,470.448,0.7098,0.22453703703703703,0.6135186127998562,0.74,0.77,0.0,0,V-2023.12-SP3,V-2023.12-SP4,0.4362,0.051629999999999995,0.00030829999999999996,0.48819999999999997,0.48783,0.8537025,0.3231,0.0,0.0,0.3231,0.06339,0.007115,0.0001471,0.07064999999999999,0.04974,0.044520000000000004,0.0001613,0.09441999999999999,0.0,0.0,0.0,0.0,0.0,0.0,0.0,0.0,0.0,0.0,0.0,0.0,0.0,0.0,0.0,0.0,unvectored,none,2,2026-07-25T03:57:02+00:00
intadd_32_32_40_2_16nm_TT_0V85_25C_1000MHz,intadd,a_width=32;b_width=32;out_width=40;pipeline_stages=2,16nm,TT,0.85,25.0,1.0,1000.0,32,32,40,2,V-2023.12-SP4,449,352,97,198.630151,77.946625,120.683525,0.21603563474387527,0.6075790829963171,0.65,0.12,0.0,0,V-2023.12-SP4,451,354,97,202.74,81.43,121.31,279.625,0.725,0.21507760532150777,0.5983525697938246,0.34,0.51,0.0,0,V-2023.12-SP3,V-2023.12-SP4,0.8584,0.2196,0.0005819999999999999,1.0790000000000002,1.078,1.078,0.5291,0.07632,1.175e-05,0.6053999999999999,0.2011,0.02623,0.0004259,0.2278,0.1282,0.11699999999999999,0.00014429999999999998,0.2454,0.0,0.0,0.0,0.0,0.0,0.0,0.0,0.0,0.0,0.0,0.0,0.0,0.0,0.0,0.0,0.0,vectored,random,2,2026-07-25T03:57:03+00:00
intadd_24_24_32_5_7nm_TT_0V75_25C_1333p33MHz,intadd,a_width=24;b_width=24;out_width=32;pipeline_stages=5,7nm,TT,0.75,25.0,0.75,1333.3333333333333,24,24,32,5,V-2023.12-SP4,402,221,181,80.994818,22.611456,58.383362,0.4502487562189055,0.7208283621305255,0.39,0.14,0.0,0,V-2023.12-SP4,432,251,181,82.91,24.53,58.38,113.7992,0.7286,0.41898148148148145,0.7041370160414908,0.19,0.36,0.0,0,V-2023.12-SP3,V-2023.12-SP4,1.124,0.27849999999999997,0.0006871,1.403,1.4025,1.0518750000000001,0.713,0.16019999999999998,1.848e-05,0.8732,0.28009999999999996,0.04844,0.0005572,0.3291,0.13090000000000002,0.06991,0.00011140000000000001,0.2009,0.0,0.0,0.0,0.0,0.0,0.0,0.0,0.0,0.0,0.0,0.0,0.0,0.0,0.0,0.0,0.0,vectored,random,2,2026-07-25T03:57:08+00:00
intadd_32_32_40_2_20nm_TT_0V9_25C_571p429MHz,intadd,a_width=32;b_width=32;out_width=40;pipeline_stages=2,20nm,TT,0.9,25.0,1.75,571.4285714285714,32,32,40,2,V-2023.12-SP4,434,337,97,332.639998,127.775999,204.863999,0.22350230414746544,0.6158730165697032,1.3,0.22,0.0,0,V-2023.12-SP4,432,335,97,333.91,129.04,204.86,470.448,0.7098,0.22453703703703703,0.6135186127998562,0.74,0.77,0.0,0,V-2023.12-SP3,V-2023.12-SP4,0.5442999999999999,0.08799,0.0003488,0.6325999999999999,0.6322899999999999,1.1065074999999998,0.3241,0.0,0.0,0.3241,0.1386,0.017859999999999997,0.0001768,0.15660000000000002,0.08164,0.07013,0.000172,0.1519,0.0,0.0,0.0,0.0,0.0,0.0,0.0,0.0,0.0,0.0,0.0,0.0,0.0,0.0,0.0,0.0,vectored,random,2,2026-07-25T03:57:09+00:00
intadd_32_32_40_2_16nm_TT_0V85_25C_666p667MHz,intadd,a_width=32;b_width=32;out_width=40;pipeline_stages=2,16nm,TT,0.85,25.0,1.5,666.6666666666666,32,32,40,2,V-2023.12-SP4,423,326,97,193.902343,73.218817,120.683525,0.2293144208037825,0.6223933302342819,1.11,0.16,0.0,0,V-2023.12-SP4,433,336,97,205.29,80.99,124.29,268.2409,0.7653,0.22401847575057737,0.6054362121876371,0.59,0.75,0.0,0,V-2023.12-SP3,V-2023.12-SP4,0.4831,0.11069999999999999,0.06477000000000001,0.6586,0.5938,0.8907,0.3697,0.05842,0.06423999999999999,0.49229999999999996,0.06519,0.0069700000000000005,0.0004012,0.07256,0.048220000000000006,0.04532,0.0001316,0.09367,0.0,0.0,0.0,0.0,0.0,0.0,0.0,0.0,0.0,0.0,0.0,0.0,0.0,0.0,0.0,0.0,unvectored,none,2,2026-07-25T03:57:24+00:00
intadd_24_24_32_5_7nm_TT_0V75_25C_800MHz,intadd,a_width=24;b_width=24;out_width=32;pipeline_stages=5,7nm,TT,0.75,25.0,1.25,800.0,24,24,32,5,V-2023.12-SP4,402,221,181,80.994818,22.611456,58.383362,0.4502487562189055,0.7208283621305255,0.02,0.59,0.0,0,V-2023.12-SP4,435,254,181,82.33,23.95,58.38,113.7992,0.7235,0.4160919540229885,0.7090975343131302,0.44,0.69,0.0,0,V-2023.12-SP3,V-2023.12-SP4,0.5864,0.13549999999999998,0.0005868000000000001,0.7225,0.7219,0.9023749999999999,0.4667,0.08771,1.552e-05,0.5544,0.07442,0.011590000000000001,0.00046330000000000004,0.08648,0.04521,0.03623,0.000108,0.08154,0.0,0.0,0.0,0.0,0.0,0.0,0.0,0.0,0.0,0.0,0.0,0.0,0.0,0.0,0.0,0.0,unvectored,none,2,2026-07-25T03:57:26+00:00
intadd_32_32_40_2_16nm_TT_0V85_25C_666p667MHz,intadd,a_width=32;b_width=32;out_width=40;pipeline_stages=2,16nm,TT,0.85,25.0,1.5,666.6666666666666,32,32,40,2,V-2023.12-SP4,423,326,97,193.902343,73.218817,120.683525,0.2293144208037825,0.6223933302342819,1.11,0.16,0.0,0,V-2023.12-SP4,433,336,97,205.29,80.99,124.29,268.2409,0.7653,0.22401847575057737,0.6054362121876371,0.59,0.75,0.0,0,V-2023.12-SP3,V-2023.12-SP4,0.598,0.1484,0.06472,0.8111,0.7464,1.1196,0.3701,0.05842,0.06423999999999999,0.49280000000000007,0.1454,0.01749,0.00034490000000000004,0.1633,0.08237,0.07252,0.0001399,0.155,0.0,0.0,0.0,0.0,0.0,0.0,0.0,0.0,0.0,0.0,0.0,0.0,0.0,0.0,0.0,0.0,vectored,random,2,2026-07-25T03:57:30+00:00
intadd_24_24_32_5_7nm_TT_0V75_25C_800MHz,intadd,a_width=24;b_width=24;out_width=32;pipeline_stages=5,7nm,TT,0.75,25.0,1.25,800.0,24,24,32,5,V-2023.12-SP4,402,221,181,80.994818,22.611456,58.383362,0.4502487562189055,0.7208283621305255,0.02,0.59,0.0,0,V-2023.12-SP4,435,254,181,82.33,23.95,58.38,113.7992,0.7235,0.4160919540229885,0.7090975343131302,0.44,0.69,0.0,0,V-2023.12-SP3,V-2023.12-SP4,0.7159,0.1591,0.0006873,0.8757,0.875,1.09375,0.4666,0.08771,1.5550000000000002e-05,0.5543,0.1696,0.02904,0.0005607,0.1992,0.07976,0.042379999999999994,0.00011109999999999999,0.12229999999999999,0.0,0.0,0.0,0.0,0.0,0.0,0.0,0.0,0.0,0.0,0.0,0.0,0.0,0.0,0.0,0.0,vectored,random,2,2026-07-25T03:57:32+00:00
intadd_32_32_32_3_5nm_TT_0V7_25C_800MHz,intadd,a_width=32;b_width=32;out_width=32;pipeline_stages=3,5nm,TT,0.7,25.0,1.25,800.0,32,32,32,3,V-2023.12-SP4,328,183,145,36.078,11.718,24.36,0.4420731707317073,0.6752037252619324,0.65,0.39,0.0,0,V-2023.12-SP4,343,198,145,37.29,12.93,24.36,50.4504,0.7391,0.4227405247813411,0.6532582461786002,0.44,0.67,0.0,0,V-2023.12-SP3,V-2023.12-SP4,0.4346,0.1095,0.0003735,0.5444,0.5441,0.6801250000000001,0.3362,0.06942,2.088e-05,0.4056,0.05673,0.0106,0.0002668,0.06760000000000001,0.041659999999999996,0.029419999999999998,8.579e-05,0.07117,0.0,0.0,0.0,0.0,0.0,0.0,0.0,0.0,0.0,0.0,0.0,0.0,0.0,0.0,0.0,0.0,unvectored,none,2,2026-07-25T03:57:46+00:00
intadd_32_32_40_2_20nm_TT_0V9_25C_363p636MHz,intadd,a_width=32;b_width=32;out_width=40;pipeline_stages=2,20nm,TT,0.9,25.0,2.75,363.6363636363636,32,32,40,2,V-2023.12-SP4,392,295,97,320.073598,115.209599,204.863999,0.24744897959183673,0.6400527887339211,2.41,0.11,0.0,0,V-2023.12-SP4,403,306,97,346.37,141.5,204.86,442.0416,0.7836,0.24069478908188585,0.5914484510783267,1.24,1.28,0.0,0,V-2023.12-SP3,V-2023.12-SP4,0.3472,0.06439,0.155,0.5664999999999999,0.41159,1.1318725,0.2766,0.03426,0.1547,0.46549999999999997,0.040339999999999994,0.004485,0.0001471,0.044969999999999996,0.03025,0.02565,0.0001501,0.05604,0.0,0.0,0.0,0.0,0.0,0.0,0.0,0.0,0.0,0.0,0.0,0.0,0.0,0.0,0.0,0.0,unvectored,none,2,2026-07-25T03:57:46+00:00
intadd_32_32_32_3_5nm_TT_0V7_25C_800MHz,intadd,a_width=32;b_width=32;out_width=32;pipeline_stages=3,5nm,TT,0.7,25.0,1.25,800.0,32,32,32,3,V-2023.12-SP4,328,183,145,36.078,11.718,24.36,0.4420731707317073,0.6752037252619324,0.65,0.39,0.0,0,V-2023.12-SP4,343,198,145,37.29,12.93,24.36,50.4504,0.7391,0.4227405247813411,0.6532582461786002,0.44,0.67,0.0,0,V-2023.12-SP3,V-2023.12-SP4,0.5341,0.1325,0.0003538,0.6669,0.6666000000000001,0.83325,0.3379,0.06942,2.088e-05,0.4074,0.1261,0.0266,0.0002411,0.153,0.07005,0.03644,9.181e-05,0.1066,0.0,0.0,0.0,0.0,0.0,0.0,0.0,0.0,0.0,0.0,0.0,0.0,0.0,0.0,0.0,0.0,vectored,random,2,2026-07-25T03:57:52+00:00
intadd_32_32_40_2_20nm_TT_0V9_25C_363p636MHz,intadd,a_width=32;b_width=32;out_width=40;pipeline_stages=2,20nm,TT,0.9,25.0,2.75,363.6363636363636,32,32,40,2,V-2023.12-SP4,392,295,97,320.073598,115.209599,204.863999,0.24744897959183673,0.6400527887339211,2.41,0.11,0.0,0,V-2023.12-SP4,403,306,97,346.37,141.5,204.86,442.0416,0.7836,0.24069478908188585,0.5914484510783267,1.24,1.28,0.0,0,V-2023.12-SP3,V-2023.12-SP4,0.4124,0.0836,0.155,0.651,0.496,1.3639999999999999,0.277,0.03426,0.1547,0.46599999999999997,0.08743,0.011250000000000001,0.0001769,0.09886,0.04796,0.038090000000000006,0.0001607,0.08621000000000001,0.0,0.0,0.0,0.0,0.0,0.0,0.0,0.0,0.0,0.0,0.0,0.0,0.0,0.0,0.0,0.0,vectored,random,2,2026-07-25T03:57:53+00:00
intadd_32_32_32_5_10nm_TT_0V8_25C_800MHz,intadd,a_width=32;b_width=32;out_width=32;pipeline_stages=5,10nm,TT,0.8,25.0,1.25,800.0,32,32,32,5,V-2023.12-SP4,524,281,243,199.833607,50.5344,149.299207,0.4637404580152672,0.7471176107029884,0.51,0.52,0.0,0,V-2023.12-SP4,546,303,243,207.64,58.34,149.3,285.2045,0.728,0.44505494505494503,0.7190329416297438,0.45,0.66,0.0,0,V-2023.12-SP3,V-2023.12-SP4,1.09,0.2261,0.0005722,1.317,1.3161,1.6451250000000002,0.8845,0.1518,5.01e-05,1.036,0.1264,0.01918,0.0003559,0.146,0.07912,0.055189999999999996,0.0001662,0.13449999999999998,0.0,0.0,0.0,0.0,0.0,0.0,0.0,0.0,0.0,0.0,0.0,0.0,0.0,0.0,0.0,0.0,unvectored,none,2,2026-07-25T03:57:57+00:00
intadd_32_32_40_2_10nm_TT_0V8_25C_1333p33MHz,intadd,a_width=32;b_width=32;out_width=40;pipeline_stages=2,10nm,TT,0.8,25.0,0.75,1333.3333333333333,32,32,40,2,V-2023.12-SP4,441,344,97,97.351683,37.75488,59.596803,0.2199546485260771,0.6121805105310815,0.43,0.1,0.0,0,V-2023.12-SP4,442,345,97,97.51,37.91,59.6,135.4752,0.7197,0.21945701357466063,0.6112193621167059,0.2,0.34,0.0,0,V-2023.12-SP3,V-2023.12-SP4,0.6505000000000001,0.08688,0.000266,0.7377,0.73738,0.553035,0.4867,0.0,0.0,0.4867,0.08966,0.01102,0.0001421,0.1008,0.07415,0.07586,0.0001238,0.15009999999999998,0.0,0.0,0.0,0.0,0.0,0.0,0.0,0.0,0.0,0.0,0.0,0.0,0.0,0.0,0.0,0.0,unvectored,none,2,2026-07-25T03:58:01+00:00
intadd_32_32_32_5_10nm_TT_0V8_25C_800MHz,intadd,a_width=32;b_width=32;out_width=32;pipeline_stages=5,10nm,TT,0.8,25.0,1.25,800.0,32,32,32,5,V-2023.12-SP4,524,281,243,199.833607,50.5344,149.299207,0.4637404580152672,0.7471176107029884,0.51,0.52,0.0,0,V-2023.12-SP4,546,303,243,207.64,58.34,149.3,285.2045,0.728,0.44505494505494503,0.7190329416297438,0.45,0.66,0.0,0,V-2023.12-SP3,V-2023.12-SP4,1.2930000000000001,0.254,0.0006141,1.547,1.5470000000000002,1.9337500000000003,0.884,0.1518,5.014e-05,1.036,0.2856,0.04813,0.0003858,0.3341,0.12320000000000002,0.054079999999999996,0.00017810000000000002,0.1775,0.0,0.0,0.0,0.0,0.0,0.0,0.0,0.0,0.0,0.0,0.0,0.0,0.0,0.0,0.0,0.0,vectored,random,2,2026-07-25T03:58:04+00:00
intadd_32_32_40_2_10nm_TT_0V8_25C_1333p33MHz,intadd,a_width=32;b_width=32;out_width=40;pipeline_stages=2,10nm,TT,0.8,25.0,0.75,1333.3333333333333,32,32,40,2,V-2023.12-SP4,441,344,97,97.351683,37.75488,59.596803,0.2199546485260771,0.6121805105310815,0.43,0.1,0.0,0,V-2023.12-SP4,442,345,97,97.51,37.91,59.6,135.4752,0.7197,0.21945701357466063,0.6112193621167059,0.2,0.34,0.0,0,V-2023.12-SP3,V-2023.12-SP4,0.8108,0.1582,0.00028169999999999996,0.9692999999999999,0.969,0.72675,0.4863,0.0,0.0,0.4863,0.1984,0.027639999999999998,0.000153,0.22619999999999998,0.126,0.1306,0.0001287,0.25680000000000003,0.0,0.0,0.0,0.0,0.0,0.0,0.0,0.0,0.0,0.0,0.0,0.0,0.0,0.0,0.0,0.0,vectored,random,2,2026-07-25T03:58:07+00:00
intadd_32_32_32_5_5nm_TT_0V7_25C_1333p33MHz,intadd,a_width=32;b_width=32;out_width=32;pipeline_stages=5,5nm,TT,0.7,25.0,0.75,1333.3333333333333,32,32,32,5,V-2023.12-SP4,524,281,243,56.657999,15.834,40.823999,0.4637404580152672,0.7205337237554048,0.37,0.16,0.0,0,V-2023.12-SP4,545,302,243,58.03,17.2,40.82,79.6908,0.7282,0.44587155963302755,0.70342926072721,0.19,0.37,0.0,0,V-2023.12-SP3,V-2023.12-SP4,1.082,0.2999,0.0005901999999999999,1.383,1.3819000000000001,1.0364250000000002,0.8371000000000001,0.2054,1.9560000000000002e-05,1.0430000000000001,0.1535,0.02483,0.0004474,0.1787,0.09171,0.06961,0.0001233,0.1614,0.0,0.0,0.0,0.0,0.0,0.0,0.0,0.0,0.0,0.0,0.0,0.0,0.0,0.0,0.0,0.0,unvectored,none,2,2026-07-25T03:59:03+00:00
intadd_32_32_32_5_5nm_TT_0V7_25C_1333p33MHz,intadd,a_width=32;b_width=32;out_width=32;pipeline_stages=5,5nm,TT,0.7,25.0,0.75,1333.3333333333333,32,32,32,5,V-2023.12-SP4,524,281,243,56.657999,15.834,40.823999,0.4637404580152672,0.7205337237554048,0.37,0.16,0.0,0,V-2023.12-SP4,545,302,243,58.03,17.2,40.82,79.6908,0.7282,0.44587155963302755,0.70342926072721,0.19,0.37,0.0,0,V-2023.12-SP3,V-2023.12-SP4,1.332,0.3408,0.0005591,1.673,1.6728,1.2546,0.842,0.2054,1.9560000000000002e-05,1.047,0.342,0.06234,0.00040629999999999996,0.4048,0.1478,0.073,0.0001332,0.221,0.0,0.0,0.0,0.0,0.0,0.0,0.0,0.0,0.0,0.0,0.0,0.0,0.0,0.0,0.0,0.0,vectored,random,2,2026-07-25T03:59:10+00:00
intadd_32_32_32_5_5nm_TT_0V7_25C_800MHz,intadd,a_width=32;b_width=32;out_width=32;pipeline_stages=5,5nm,TT,0.7,25.0,1.25,800.0,32,32,32,5,V-2023.12-SP4,524,281,243,56.657999,15.834,40.823999,0.4637404580152672,0.7205337237554048,0.02,0.59,0.0,0,V-2023.12-SP4,556,313,243,59.21,18.39,40.82,79.6908,0.743,0.4370503597122302,0.6894105725384225,0.44,0.67,0.0,0,V-2023.12-SP3,V-2023.12-SP4,0.7318,0.18430000000000002,0.0006148,0.9168,0.9161,1.145125,0.5851,0.1275,4.4789999999999996e-05,0.7126,0.09206,0.01492,0.0004473,0.1074,0.05469,0.04193,0.0001227,0.09673999999999999,0.0,0.0,0.0,0.0,0.0,0.0,0.0,0.0,0.0,0.0,0.0,0.0,0.0,0.0,0.0,0.0,unvectored,none,2,2026-07-25T03:59:19+00:00
intadd_32_32_32_5_5nm_TT_0V7_25C_800MHz,intadd,a_width=32;b_width=32;out_width=32;pipeline_stages=5,5nm,TT,0.7,25.0,1.25,800.0,32,32,32,5,V-2023.12-SP4,524,281,243,56.657999,15.834,40.823999,0.4637404580152672,0.7205337237554048,0.02,0.59,0.0,0,V-2023.12-SP4,556,313,243,59.21,18.39,40.82,79.6908,0.743,0.4370503597122302,0.6894105725384225,0.44,0.67,0.0,0,V-2023.12-SP3,V-2023.12-SP4,0.8823000000000001,0.2086,0.0005811000000000001,1.091,1.0909,1.3636249999999999,0.588,0.1275,4.482e-05,0.7155,0.206,0.037450000000000004,0.0004035,0.2439,0.08826,0.043680000000000004,0.0001328,0.13210000000000002,0.0,0.0,0.0,0.0,0.0,0.0,0.0,0.0,0.0,0.0,0.0,0.0,0.0,0.0,0.0,0.0,vectored,random,2,2026-07-25T03:59:27+00:00
intadd_32_32_32_2_7nm_TT_0V75_25C_800MHz,intadd,a_width=32;b_width=32;out_width=32;pipeline_stages=2,7nm,TT,0.75,25.0,1.25,800.0,32,32,32,2,V-2023.12-SP4,380,284,96,48.029185,17.063424,30.965761,0.25263157894736843,0.6447280127697358,0.89,0.14,0.0,0,V-2023.12-SP4,388,292,96,48.48,17.52,30.97,66.5764,0.7282,0.24742268041237114,0.6388201320132013,0.44,0.69,0.0,0,V-2023.12-SP3,V-2023.12-SP4,0.3147,0.0821,0.0003341,0.3971,0.3968,0.496,0.2419,0.043989999999999994,3.1770000000000002e-06,0.2859,0.04202,0.005704,0.0002457,0.04796,0.03077,0.03241,8.529e-05,0.06326999999999999,0.0,0.0,0.0,0.0,0.0,0.0,0.0,0.0,0.0,0.0,0.0,0.0,0.0,0.0,0.0,0.0,unvectored,none,2,2026-07-25T03:59:50+00:00
intadd_32_32_32_2_7nm_TT_0V75_25C_800MHz,intadd,a_width=32;b_width=32;out_width=32;pipeline_stages=2,7nm,TT,0.75,25.0,1.25,800.0,32,32,32,2,V-2023.12-SP4,380,284,96,48.029185,17.063424,30.965761,0.25263157894736843,0.6447280127697358,0.89,0.14,0.0,0,V-2023.12-SP4,388,292,96,48.48,17.52,30.97,66.5764,0.7282,0.24742268041237114,0.6388201320132013,0.44,0.69,0.0,0,V-2023.12-SP3,V-2023.12-SP4,0.38880000000000003,0.1111,0.0003873,0.5003,0.4999,0.6248750000000001,0.2418,0.043989999999999994,3.1770000000000002e-06,0.2858,0.09349,0.0143,0.000297,0.1081,0.05354,0.05282,8.711e-05,0.1065,0.0,0.0,0.0,0.0,0.0,0.0,0.0,0.0,0.0,0.0,0.0,0.0,0.0,0.0,0.0,0.0,vectored,random,2,2026-07-25T03:59:57+00:00
intadd_32_32_40_2_5nm_TT_0V7_25C_1333p33MHz,intadd,a_width=32;b_width=32;out_width=40;pipeline_stages=2,5nm,TT,0.7,25.0,0.75,1333.3333333333333,32,32,40,2,V-2023.12-SP4,432,335,97,27.2748,10.9788,16.296,0.22453703703703703,0.5974745919310133,0.46,0.07,0.0,0,V-2023.12-SP4,437,340,97,27.81,11.52,16.3,38.5392,0.7217,0.2219679633867277,0.5861201006832075,0.19,0.37,0.0,0,V-2023.12-SP3,V-2023.12-SP4,0.4685,0.1405,0.000279,0.6093000000000001,0.609,0.45675,0.3473,0.06755,9.655e-06,0.4149,0.06577000000000001,0.01003,0.0001785,0.07597000000000001,0.05545,0.0629,9.083e-05,0.1184,0.0,0.0,0.0,0.0,0.0,0.0,0.0,0.0,0.0,0.0,0.0,0.0,0.0,0.0,0.0,0.0,unvectored,none,2,2026-07-25T04:00:16+00:00
intadd_32_32_32_3_7nm_TT_0V75_25C_1333p33MHz,intadd,a_width=32;b_width=32;out_width=32;pipeline_stages=3,7nm,TT,0.75,25.0,0.75,1333.3333333333333,32,32,32,3,V-2023.12-SP4,477,332,145,66.963458,20.192256,46.771202,0.3039832285115304,0.6984585831872661,0.51,0.02,0.0,0,V-2023.12-SP4,486,341,145,68.74,21.97,46.77,93.1553,0.7379,0.29835390946502055,0.6803898748908933,0.19,0.36,0.0,0,V-2023.12-SP3,V-2023.12-SP4,0.7636000000000001,0.18450000000000003,0.0004934,0.9485,0.9481,0.711075,0.5979,0.10160000000000001,1.675e-05,0.6995,0.10189999999999999,0.01322,0.0003709,0.1155,0.06381,0.06966,0.0001057,0.1336,0.0,0.0,0.0,0.0,0.0,0.0,0.0,0.0,0.0,0.0,0.0,0.0,0.0,0.0,0.0,0.0,unvectored,none,2,2026-07-25T04:00:22+00:00
intadd_32_32_40_2_5nm_TT_0V7_25C_1333p33MHz,intadd,a_width=32;b_width=32;out_width=40;pipeline_stages=2,5nm,TT,0.7,25.0,0.75,1333.3333333333333,32,32,40,2,V-2023.12-SP4,432,335,97,27.2748,10.9788,16.296,0.22453703703703703,0.5974745919310133,0.46,0.07,0.0,0,V-2023.12-SP4,437,340,97,27.81,11.52,16.3,38.5392,0.7217,0.2219679633867277,0.5861201006832075,0.19,0.37,0.0,0,V-2023.12-SP3,V-2023.12-SP4,0.5923999999999999,0.1976,0.0002668,0.7902,0.7899999999999999,0.5924999999999999,0.3493,0.06755,9.655e-06,0.4168,0.14400000000000002,0.02516,0.0001624,0.1693,0.09915,0.10490000000000001,9.483e-05,0.2041,0.0,0.0,0.0,0.0,0.0,0.0,0.0,0.0,0.0,0.0,0.0,0.0,0.0,0.0,0.0,0.0,vectored,random,2,2026-07-25T04:00:23+00:00
intadd_32_32_40_3_10nm_TT_0V8_25C_1333p33MHz,intadd,a_width=32;b_width=32;out_width=40;pipeline_stages=3,10nm,TT,0.8,25.0,0.75,1333.3333333333333,32,32,40,3,V-2023.12-SP4,490,348,142,126.965764,39.72096,87.244804,0.2897959183673469,0.6871521995488485,0.5,0.03,0.0,0,V-2023.12-SP4,497,355,142,130.59,43.35,87.24,180.6336,0.723,0.2857142857142857,0.6680450264185619,0.2,0.36,0.0,0,V-2023.12-SP3,V-2023.12-SP4,0.9769,0.21919999999999998,0.00037109999999999997,1.196,1.1961,0.897075,0.7621,0.1239,2.419e-05,0.886,0.1266,0.01525,0.0002082,0.1421,0.08828,0.07998000000000001,0.00013869999999999998,0.1684,0.0,0.0,0.0,0.0,0.0,0.0,0.0,0.0,0.0,0.0,0.0,0.0,0.0,0.0,0.0,0.0,unvectored,none,2,2026-07-25T04:00:25+00:00
intadd_32_32_32_3_7nm_TT_0V75_25C_1333p33MHz,intadd,a_width=32;b_width=32;out_width=32;pipeline_stages=3,7nm,TT,0.75,25.0,0.75,1333.3333333333333,32,32,32,3,V-2023.12-SP4,477,332,145,66.963458,20.192256,46.771202,0.3039832285115304,0.6984585831872661,0.51,0.02,0.0,0,V-2023.12-SP4,486,341,145,68.74,21.97,46.77,93.1553,0.7379,0.29835390946502055,0.6803898748908933,0.19,0.36,0.0,0,V-2023.12-SP3,V-2023.12-SP4,0.9333,0.2299,0.0005700000000000001,1.1640000000000001,1.1632,0.8724000000000001,0.5977,0.10160000000000001,1.675e-05,0.6991999999999999,0.2273,0.03315,0.0004448,0.2609,0.10830000000000001,0.09517999999999999,0.0001085,0.20359999999999998,0.0,0.0,0.0,0.0,0.0,0.0,0.0,0.0,0.0,0.0,0.0,0.0,0.0,0.0,0.0,0.0,vectored,random,2,2026-07-25T04:00:29+00:00
intadd_32_32_40_5_10nm_TT_0V8_25C_1333p33MHz,intadd,a_width=32;b_width=32;out_width=40;pipeline_stages=5,10nm,TT,0.8,25.0,0.75,1333.3333333333333,32,32,40,5,V-2023.12-SP4,656,424,232,192.153606,49.612799,142.540807,0.35365853658536583,0.7418065680224601,0.41,0.12,0.0,0,V-2023.12-SP4,666,434,232,195.5,52.96,142.54,273.4387,0.715,0.3483483483483483,0.7291048593350383,0.2,0.37,0.0,0,V-2023.12-SP3,V-2023.12-SP4,1.509,0.3258,0.0005411,1.8359999999999999,1.8348,1.3761,1.194,0.2016,2.0359999999999998e-05,1.3960000000000001,0.2014,0.02349,0.00033999999999999997,0.2252,0.11359999999999999,0.1008,0.0001807,0.2145,0.0,0.0,0.0,0.0,0.0,0.0,0.0,0.0,0.0,0.0,0.0,0.0,0.0,0.0,0.0,0.0,unvectored,none,2,2026-07-25T04:00:30+00:00
intadd_32_32_40_3_10nm_TT_0V8_25C_1333p33MHz,intadd,a_width=32;b_width=32;out_width=40;pipeline_stages=3,10nm,TT,0.8,25.0,0.75,1333.3333333333333,32,32,40,3,V-2023.12-SP4,490,348,142,126.965764,39.72096,87.244804,0.2897959183673469,0.6871521995488485,0.5,0.03,0.0,0,V-2023.12-SP4,497,355,142,130.59,43.35,87.24,180.6336,0.723,0.2857142857142857,0.6680450264185619,0.2,0.36,0.0,0,V-2023.12-SP3,V-2023.12-SP4,1.178,0.2791,0.0003937,1.4569999999999999,1.4571,1.092825,0.7615999999999999,0.1239,2.419e-05,0.8855999999999999,0.2806,0.03826,0.0002242,0.3191,0.13549999999999998,0.11689999999999999,0.00014539999999999998,0.2525,0.0,0.0,0.0,0.0,0.0,0.0,0.0,0.0,0.0,0.0,0.0,0.0,0.0,0.0,0.0,0.0,vectored,random,2,2026-07-25T04:00:32+00:00
intadd_32_32_40_5_10nm_TT_0V8_25C_1333p33MHz,intadd,a_width=32;b_width=32;out_width=40;pipeline_stages=5,10nm,TT,0.8,25.0,0.75,1333.3333333333333,32,32,40,5,V-2023.12-SP4,656,424,232,192.153606,49.612799,142.540807,0.35365853658536583,0.7418065680224601,0.41,0.12,0.0,0,V-2023.12-SP4,666,434,232,195.5,52.96,142.54,273.4387,0.715,0.3483483483483483,0.7291048593350383,0.2,0.37,0.0,0,V-2023.12-SP3,V-2023.12-SP4,1.823,0.38699999999999996,0.0005796,2.21,2.21,1.6575,1.194,0.2016,2.0359999999999998e-05,1.395,0.4521,0.05892,0.0003671,0.5114,0.1773,0.1265,0.00019219999999999998,0.304,0.0,0.0,0.0,0.0,0.0,0.0,0.0,0.0,0.0,0.0,0.0,0.0,0.0,0.0,0.0,0.0,vectored,random,2,2026-07-25T04:00:37+00:00
intadd_32_32_32_3_7nm_TT_0V75_25C_800MHz,intadd,a_width=32;b_width=32;out_width=32;pipeline_stages=3,7nm,TT,0.75,25.0,1.25,800.0,32,32,32,3,V-2023.12-SP4,328,183,145,66.979585,20.208384,46.771202,0.4420731707317073,0.6982904119217819,0.67,0.36,0.0,0,V-2023.12-SP4,348,203,145,71.35,24.58,46.77,93.1553,0.7659,0.4166666666666667,0.655501051156272,0.44,0.68,0.0,0,V-2023.12-SP3,V-2023.12-SP4,0.5427000000000001,0.1346,0.0005084,0.6778,0.6773,0.846625,0.43810000000000004,0.09043,4.461e-05,0.5285,0.06132,0.010839999999999999,0.00037170000000000004,0.07253,0.043340000000000004,0.03332,9.207e-05,0.07676000000000001,0.0,0.0,0.0,0.0,0.0,0.0,0.0,0.0,0.0,0.0,0.0,0.0,0.0,0.0,0.0,0.0,unvectored,none,2,2026-07-25T04:00:53+00:00
intadd_32_32_32_3_7nm_TT_0V75_25C_800MHz,intadd,a_width=32;b_width=32;out_width=32;pipeline_stages=3,7nm,TT,0.75,25.0,1.25,800.0,32,32,32,3,V-2023.12-SP4,328,183,145,66.979585,20.208384,46.771202,0.4420731707317073,0.6982904119217819,0.67,0.36,0.0,0,V-2023.12-SP4,348,203,145,71.35,24.58,46.77,93.1553,0.7659,0.4166666666666667,0.655501051156272,0.44,0.68,0.0,0,V-2023.12-SP3,V-2023.12-SP4,0.6514,0.1561,0.0005872,0.8080999999999999,0.8075,1.009375,0.4379,0.09043,4.4710000000000004e-05,0.5284000000000001,0.13779999999999998,0.02719,0.0004474,0.16540000000000002,0.07565,0.03848,9.503e-05,0.1142,0.0,0.0,0.0,0.0,0.0,0.0,0.0,0.0,0.0,0.0,0.0,0.0,0.0,0.0,0.0,0.0,vectored,random,2,2026-07-25T04:01:00+00:00
intadd_48_48_48_2_20nm_TT_0V9_25C_571p429MHz,intadd,a_width=48;b_width=48;out_width=48;pipeline_stages=2,20nm,TT,0.9,25.0,1.75,571.4285714285714,48,48,48,2,V-2023.12-SP4,659,515,144,498.854397,194.726399,304.127998,0.21851289833080426,0.6096528362363016,1.41,0.1,0.0,0,V-2023.12-SP4,663,519,144,507.62,203.49,304.13,703.9296,0.7211,0.2171945701357466,0.5991292699263229,0.74,0.77,0.0,0,V-2023.12-SP3,V-2023.12-SP4,0.6742,0.11699999999999999,0.05201,0.8432,0.7912,1.3846,0.5045,0.03183,0.05155,0.5879,0.09429,0.01102,0.0002183,0.1055,0.07541,0.07415,0.00024559999999999995,0.14980000000000002,0.0,0.0,0.0,0.0,0.0,0.0,0.0,0.0,0.0,0.0,0.0,0.0,0.0,0.0,0.0,0.0,unvectored,none,2,2026-07-25T04:01:14+00:00
intadd_48_48_48_2_20nm_TT_0V9_25C_571p429MHz,intadd,a_width=48;b_width=48;out_width=48;pipeline_stages=2,20nm,TT,0.9,25.0,1.75,571.4285714285714,48,48,48,2,V-2023.12-SP4,659,515,144,498.854397,194.726399,304.127998,0.21851289833080426,0.6096528362363016,1.41,0.1,0.0,0,V-2023.12-SP4,663,519,144,507.62,203.49,304.13,703.9296,0.7211,0.2171945701357466,0.5991292699263229,0.74,0.77,0.0,0,V-2023.12-SP3,V-2023.12-SP4,0.8378,0.1741,0.05207,1.064,1.0119,1.770825,0.5052,0.03183,0.05155,0.5886,0.20570000000000002,0.02748,0.0002625,0.2334,0.12689999999999999,0.1148,0.0002615,0.242,0.0,0.0,0.0,0.0,0.0,0.0,0.0,0.0,0.0,0.0,0.0,0.0,0.0,0.0,0.0,0.0,vectored,random,2,2026-07-25T04:01:20+00:00
intadd_32_32_40_2_5nm_TT_0V7_25C_800MHz,intadd,a_width=32;b_width=32;out_width=40;pipeline_stages=2,5nm,TT,0.7,25.0,1.25,800.0,32,32,40,2,V-2023.12-SP4,384,287,97,26.2164,9.9204,16.296,0.2526041666666667,0.6215956424223005,0.87,0.16,0.0,0,V-2023.12-SP4,395,298,97,27.28,10.99,16.3,36.8928,0.7395,0.24556962025316456,0.5975073313782991,0.44,0.67,0.0,0,V-2023.12-SP3,V-2023.12-SP4,0.3117,0.09123,0.00028169999999999996,0.4033,0.40293,0.5036625,0.2414,0.052219999999999996,2.069e-05,0.29369999999999996,0.03942,0.005993999999999999,0.0001785,0.045590000000000006,0.030889999999999997,0.03302,8.255e-05,0.06399,0.0,0.0,0.0,0.0,0.0,0.0,0.0,0.0,0.0,0.0,0.0,0.0,0.0,0.0,0.0,0.0,unvectored,none,2,2026-07-25T04:01:34+00:00
intadd_48_48_48_2_16nm_TT_0V85_25C_666p667MHz,intadd,a_width=48;b_width=48;out_width=48;pipeline_stages=2,16nm,TT,0.85,25.0,1.5,666.6666666666666,48,48,48,2,V-2023.12-SP4,646,502,144,291.44449,112.285442,179.159048,0.22291021671826625,0.6147278612129535,1.27,0.0,0.0,0,V-2023.12-SP4,652,508,144,303.89,119.25,184.63,409.3286,0.7424,0.22085889570552147,0.60755536542828,0.59,0.68,0.0,0,V-2023.12-SP3,V-2023.12-SP4,0.6765,0.1192,0.06502,0.8607,0.7957,1.1935499999999999,0.5056,0.03665,0.06423,0.6065,0.09713,0.01094,0.0005899999999999999,0.1087,0.07372000000000001,0.07164999999999999,0.0002012,0.14559999999999998,0.0,0.0,0.0,0.0,0.0,0.0,0.0,0.0,0.0,0.0,0.0,0.0,0.0,0.0,0.0,0.0,unvectored,none,2,2026-07-25T04:01:35+00:00
intadd_32_32_40_2_5nm_TT_0V7_25C_800MHz,intadd,a_width=32;b_width=32;out_width=40;pipeline_stages=2,5nm,TT,0.7,25.0,1.25,800.0,32,32,40,2,V-2023.12-SP4,384,287,97,26.2164,9.9204,16.296,0.2526041666666667,0.6215956424223005,0.87,0.16,0.0,0,V-2023.12-SP4,395,298,97,27.28,10.99,16.3,36.8928,0.7395,0.24556962025316456,0.5975073313782991,0.44,0.67,0.0,0,V-2023.12-SP3,V-2023.12-SP4,0.3809,0.1189,0.00026819999999999996,0.5001,0.4998,0.62475,0.24259999999999998,0.052219999999999996,2.0700000000000002e-05,0.2949,0.08573,0.01504,0.0001608,0.1009,0.05252,0.05168,8.672999999999999e-05,0.1043,0.0,0.0,0.0,0.0,0.0,0.0,0.0,0.0,0.0,0.0,0.0,0.0,0.0,0.0,0.0,0.0,vectored,random,2,2026-07-25T04:01:40+00:00
intadd_48_48_48_2_16nm_TT_0V85_25C_666p667MHz,intadd,a_width=48;b_width=48;out_width=48;pipeline_stages=2,16nm,TT,0.85,25.0,1.5,666.6666666666666,48,48,48,2,V-2023.12-SP4,646,502,144,291.44449,112.285442,179.159048,0.22291021671826625,0.6147278612129535,1.27,0.0,0.0,0,V-2023.12-SP4,652,508,144,303.89,119.25,184.63,409.3286,0.7424,0.22085889570552147,0.60755536542828,0.59,0.68,0.0,0,V-2023.12-SP3,V-2023.12-SP4,0.8424,0.1762,0.06496,1.0839999999999999,1.0186,1.5278999999999998,0.5064,0.03665,0.06423,0.6073,0.2138,0.027290000000000002,0.0005099,0.24159999999999998,0.12219999999999999,0.11230000000000001,0.00021339999999999998,0.23470000000000002,0.0,0.0,0.0,0.0,0.0,0.0,0.0,0.0,0.0,0.0,0.0,0.0,0.0,0.0,0.0,0.0,vectored,random,2,2026-07-25T04:01:42+00:00
intadd_48_48_48_3_16nm_TT_0V85_25C_1000MHz,intadd,a_width=48;b_width=48;out_width=48;pipeline_stages=3,16nm,TT,0.85,25.0,1.0,1000.0,48,48,48,3,V-2023.12-SP4,798,581,217,401.179406,131.196674,269.982732,0.2719298245614035,0.6729725603113337,0.74,0.03,0.0,0,V-2023.12-SP4,827,610,217,432.91,155.83,277.07,563.6667,0.768,0.2623941958887545,0.6400175556120209,0.34,0.46,0.0,0,V-2023.12-SP3,V-2023.12-SP4,1.657,0.3656,0.1939,2.2169999999999996,2.0226,2.0226,1.314,0.21489999999999998,0.19269999999999998,1.721,0.2104,0.02355,0.0009348000000000001,0.2349,0.133,0.1271,0.0002384,0.26039999999999996,0.0,0.0,0.0,0.0,0.0,0.0,0.0,0.0,0.0,0.0,0.0,0.0,0.0,0.0,0.0,0.0,unvectored,none,2,2026-07-25T04:01:54+00:00
intadd_48_48_48_2_20nm_TT_0V9_25C_363p636MHz,intadd,a_width=48;b_width=48;out_width=48;pipeline_stages=2,20nm,TT,0.9,25.0,2.75,363.6363636363636,48,48,48,2,V-2023.12-SP4,628,484,144,489.350397,185.222399,304.127998,0.22929936305732485,0.6214933100381239,2.51,0.0,0.0,0,V-2023.12-SP4,640,496,144,499.49,195.36,304.13,696.96,0.7167,0.225,0.6088810586798534,1.24,1.27,0.0,0,V-2023.12-SP3,V-2023.12-SP4,0.44020000000000004,0.07549,0.0004735,0.5161,0.51569,1.4181475,0.3321,0.0246,1.103e-05,0.3567,0.0601,0.007238,0.0002184,0.06756,0.04799,0.04366,0.00024410000000000002,0.09189,0.0,0.0,0.0,0.0,0.0,0.0,0.0,0.0,0.0,0.0,0.0,0.0,0.0,0.0,0.0,0.0,unvectored,none,2,2026-07-25T04:01:59+00:00
intadd_48_48_48_3_16nm_TT_0V85_25C_1000MHz,intadd,a_width=48;b_width=48;out_width=48;pipeline_stages=3,16nm,TT,0.85,25.0,1.0,1000.0,48,48,48,3,V-2023.12-SP4,798,581,217,401.179406,131.196674,269.982732,0.2719298245614035,0.6729725603113337,0.74,0.03,0.0,0,V-2023.12-SP4,827,610,217,432.91,155.83,277.07,563.6667,0.768,0.2623941958887545,0.6400175556120209,0.34,0.46,0.0,0,V-2023.12-SP3,V-2023.12-SP4,2.002,0.4541,0.1938,2.65,2.4560999999999997,2.4560999999999997,1.315,0.21489999999999998,0.19269999999999998,1.7229999999999999,0.4691,0.05876,0.0007967,0.5287,0.2174,0.1804,0.0002573,0.398,0.0,0.0,0.0,0.0,0.0,0.0,0.0,0.0,0.0,0.0,0.0,0.0,0.0,0.0,0.0,0.0,vectored,random,2,2026-07-25T04:02:02+00:00
intadd_32_32_40_5_10nm_TT_0V8_25C_800MHz,intadd,a_width=32;b_width=32;out_width=40;pipeline_stages=5,10nm,TT,0.8,25.0,1.25,800.0,32,32,40,5,V-2023.12-SP4,526,287,239,202.444807,55.6032,146.841607,0.4543726235741445,0.7253414359006009,0.6,0.43,0.0,0,V-2023.12-SP4,572,333,239,210.19,63.34,146.84,286.5562,0.7335,0.4178321678321678,0.6986060231219373,0.45,0.67,0.0,0,V-2023.12-SP3,V-2023.12-SP4,1.063,0.2358,0.0005786999999999999,1.3,1.2988,1.6235,0.8574999999999999,0.1613,5.2560000000000005e-05,1.019,0.12459999999999999,0.01929,0.0003502,0.1443,0.0812,0.055279999999999996,0.00017590000000000002,0.1367,0.0,0.0,0.0,0.0,0.0,0.0,0.0,0.0,0.0,0.0,0.0,0.0,0.0,0.0,0.0,0.0,unvectored,none,2,2026-07-25T04:02:03+00:00
intadd_48_48_48_2_20nm_TT_0V9_25C_363p636MHz,intadd,a_width=48;b_width=48;out_width=48;pipeline_stages=2,20nm,TT,0.9,25.0,2.75,363.6363636363636,48,48,48,2,V-2023.12-SP4,628,484,144,489.350397,185.222399,304.127998,0.22929936305732485,0.6214933100381239,2.51,0.0,0.0,0,V-2023.12-SP4,640,496,144,499.49,195.36,304.13,696.96,0.7167,0.225,0.6088810586798534,1.24,1.27,0.0,0,V-2023.12-SP3,V-2023.12-SP4,0.5463,0.11069999999999999,0.0005339,0.6575,0.657,1.80675,0.3325,0.0246,1.103e-05,0.35710000000000003,0.1318,0.01806,0.0002629,0.15009999999999998,0.08209,0.068,0.00026,0.1503,0.0,0.0,0.0,0.0,0.0,0.0,0.0,0.0,0.0,0.0,0.0,0.0,0.0,0.0,0.0,0.0,vectored,random,2,2026-07-25T04:02:06+00:00
intadd_32_32_40_5_10nm_TT_0V8_25C_800MHz,intadd,a_width=32;b_width=32;out_width=40;pipeline_stages=5,10nm,TT,0.8,25.0,1.25,800.0,32,32,40,5,V-2023.12-SP4,526,287,239,202.444807,55.6032,146.841607,0.4543726235741445,0.7253414359006009,0.6,0.43,0.0,0,V-2023.12-SP4,572,333,239,210.19,63.34,146.84,286.5562,0.7335,0.4178321678321678,0.6986060231219373,0.45,0.67,0.0,0,V-2023.12-SP3,V-2023.12-SP4,1.271,0.2725,0.0006196999999999999,1.544,1.5434999999999999,1.9293749999999998,0.857,0.1613,5.259e-05,1.018,0.2823,0.048350000000000004,0.0003797,0.331,0.1316,0.06294000000000001,0.0001874,0.19469999999999998,0.0,0.0,0.0,0.0,0.0,0.0,0.0,0.0,0.0,0.0,0.0,0.0,0.0,0.0,0.0,0.0,vectored,random,2,2026-07-25T04:02:10+00:00
intadd_32_32_32_5_7nm_TT_0V75_25C_1333p33MHz,intadd,a_width=32;b_width=32;out_width=32;pipeline_stages=5,7nm,TT,0.75,25.0,0.75,1333.3333333333333,32,32,32,5,V-2023.12-SP4,524,281,243,104.912643,26.53056,78.382083,0.4637404580152672,0.7471176090759623,0.39,0.14,0.0,0,V-2023.12-SP4,542,299,243,106.99,28.61,78.38,147.8615,0.7236,0.4483394833948339,0.7325918310122441,0.19,0.37,0.0,0,V-2023.12-SP3,V-2023.12-SP4,1.195,0.2903,0.0007686,1.486,1.4853,1.113975,0.9349000000000001,0.1936,1.386e-05,1.1280000000000001,0.1658,0.02501,0.0006216,0.1915,0.09394999999999999,0.07171,0.00013309999999999998,0.1658,0.0,0.0,0.0,0.0,0.0,0.0,0.0,0.0,0.0,0.0,0.0,0.0,0.0,0.0,0.0,0.0,unvectored,none,2,2026-07-25T04:02:37+00:00
intadd_32_32_40_3_5nm_TT_0V7_25C_800MHz,intadd,a_width=32;b_width=32;out_width=40;pipeline_stages=3,5nm,TT,0.7,25.0,1.25,800.0,32,32,40,3,V-2023.12-SP4,322,180,142,35.5572,11.7012,23.856,0.4409937888198758,0.6709189699976377,0.79,0.25,0.0,0,V-2023.12-SP4,335,193,142,36.36,12.5,23.86,50.0976,0.7257,0.42388059701492536,0.6562156215621562,0.44,0.68,0.0,0,V-2023.12-SP3,V-2023.12-SP4,0.41340000000000005,0.1039,0.0003592,0.5176999999999999,0.5173000000000001,0.6466250000000001,0.31629999999999997,0.06434,1.2489999999999999e-05,0.3807,0.055529999999999996,0.01056,0.0002615,0.06635,0.0416,0.02897,8.520999999999999e-05,0.07064999999999999,0.0,0.0,0.0,0.0,0.0,0.0,0.0,0.0,0.0,0.0,0.0,0.0,0.0,0.0,0.0,0.0,unvectored,none,2,2026-07-25T04:02:43+00:00
intadd_32_32_32_5_7nm_TT_0V75_25C_1333p33MHz,intadd,a_width=32;b_width=32;out_width=32;pipeline_stages=5,7nm,TT,0.75,25.0,0.75,1333.3333333333333,32,32,32,5,V-2023.12-SP4,524,281,243,104.912643,26.53056,78.382083,0.4637404580152672,0.7471176090759623,0.39,0.14,0.0,0,V-2023.12-SP4,542,299,243,106.99,28.61,78.38,147.8615,0.7236,0.4483394833948339,0.7325918310122441,0.19,0.37,0.0,0,V-2023.12-SP3,V-2023.12-SP4,1.4649999999999999,0.3303,0.0009002,1.797,1.7953,1.3464749999999999,0.9344,0.1936,1.386e-05,1.1280000000000001,0.3729,0.06279,0.0007490000000000001,0.4364,0.1581,0.07398,0.0001374,0.23220000000000002,0.0,0.0,0.0,0.0,0.0,0.0,0.0,0.0,0.0,0.0,0.0,0.0,0.0,0.0,0.0,0.0,vectored,random,2,2026-07-25T04:02:44+00:00
intadd_32_32_40_3_5nm_TT_0V7_25C_800MHz,intadd,a_width=32;b_width=32;out_width=40;pipeline_stages=3,5nm,TT,0.7,25.0,1.25,800.0,32,32,40,3,V-2023.12-SP4,322,180,142,35.5572,11.7012,23.856,0.4409937888198758,0.6709189699976377,0.79,0.25,0.0,0,V-2023.12-SP4,335,193,142,36.36,12.5,23.86,50.0976,0.7257,0.42388059701492536,0.6562156215621562,0.44,0.68,0.0,0,V-2023.12-SP3,V-2023.12-SP4,0.5139,0.1266,0.0003375,0.6407999999999999,0.6405000000000001,0.8006250000000001,0.3181,0.06434,1.2489999999999999e-05,0.3824,0.1249,0.02648,0.000234,0.1516,0.07093999999999999,0.035800000000000005,9.104e-05,0.10679999999999999,0.0,0.0,0.0,0.0,0.0,0.0,0.0,0.0,0.0,0.0,0.0,0.0,0.0,0.0,0.0,0.0,vectored,random,2,2026-07-25T04:02:50+00:00
intadd_48_48_48_2_10nm_TT_0V8_25C_1333p33MHz,intadd,a_width=48;b_width=48;out_width=48;pipeline_stages=2,10nm,TT,0.8,25.0,0.75,1333.3333333333333,48,48,48,2,V-2023.12-SP4,664,520,144,145.612804,57.1392,88.473604,0.21686746987951808,0.6075949474882716,0.5,0.03,0.0,0,V-2023.12-SP4,669,525,144,150.9,62.42,88.47,204.5952,0.7375,0.21524663677130046,0.5862823061630218,0.19,0.34,0.0,0,V-2023.12-SP3,V-2023.12-SP4,1.06,0.2362,0.00043589999999999997,1.296,1.2962,0.9721500000000001,0.8125,0.09634999999999999,3.826e-05,0.9089,0.133,0.017070000000000002,0.000211,0.1503,0.1143,0.1228,0.00018659999999999998,0.2372,0.0,0.0,0.0,0.0,0.0,0.0,0.0,0.0,0.0,0.0,0.0,0.0,0.0,0.0,0.0,0.0,unvectored,none,2,2026-07-25T04:02:54+00:00
intadd_48_48_48_2_10nm_TT_0V8_25C_1333p33MHz,intadd,a_width=48;b_width=48;out_width=48;pipeline_stages=2,10nm,TT,0.8,25.0,0.75,1333.3333333333333,48,48,48,2,V-2023.12-SP4,664,520,144,145.612804,57.1392,88.473604,0.21686746987951808,0.6075949474882716,0.5,0.03,0.0,0,V-2023.12-SP4,669,525,144,150.9,62.42,88.47,204.5952,0.7375,0.21524663677130046,0.5862823061630218,0.19,0.34,0.0,0,V-2023.12-SP3,V-2023.12-SP4,1.28,0.3314,0.0004591,1.6119999999999999,1.6114,1.20855,0.8120999999999999,0.09634999999999999,3.826e-05,0.9085,0.2887,0.04258,0.0002272,0.33149999999999996,0.1794,0.19249999999999998,0.0001937,0.3721,0.0,0.0,0.0,0.0,0.0,0.0,0.0,0.0,0.0,0.0,0.0,0.0,0.0,0.0,0.0,0.0,vectored,random,2,2026-07-25T04:03:00+00:00
intadd_32_32_32_5_7nm_TT_0V75_25C_800MHz,intadd,a_width=32;b_width=32;out_width=32;pipeline_stages=5,7nm,TT,0.75,25.0,1.25,800.0,32,32,32,5,V-2023.12-SP4,524,281,243,104.912643,26.53056,78.382083,0.4637404580152672,0.7471176090759623,0.02,0.59,0.0,0,V-2023.12-SP4,556,313,243,108.22,29.84,78.38,147.8615,0.7319,0.4370503597122302,0.7242653853261873,0.44,0.69,0.0,0,V-2023.12-SP3,V-2023.12-SP4,0.7896,0.1863,0.0007836,0.9766,0.9759,1.219875,0.6317999999999999,0.1278,2.823e-05,0.7596,0.09967,0.01506,0.0006222,0.1154,0.05815,0.04344,0.00013309999999999998,0.1017,0.0,0.0,0.0,0.0,0.0,0.0,0.0,0.0,0.0,0.0,0.0,0.0,0.0,0.0,0.0,0.0,unvectored,none,2,2026-07-25T04:03:14+00:00
intadd_32_32_32_5_7nm_TT_0V75_25C_800MHz,intadd,a_width=32;b_width=32;out_width=32;pipeline_stages=5,7nm,TT,0.75,25.0,1.25,800.0,32,32,32,5,V-2023.12-SP4,524,281,243,104.912643,26.53056,78.382083,0.4637404580152672,0.7471176090759623,0.02,0.59,0.0,0,V-2023.12-SP4,556,313,243,108.22,29.84,78.38,147.8615,0.7319,0.4370503597122302,0.7242653853261873,0.44,0.69,0.0,0,V-2023.12-SP3,V-2023.12-SP4,0.9512,0.2106,0.0009155999999999999,1.163,1.1618,1.4522499999999998,0.6315000000000001,0.1278,2.83e-05,0.7593,0.2245,0.0378,0.0007503000000000001,0.2631,0.09521,0.04502,0.000137,0.1404,0.0,0.0,0.0,0.0,0.0,0.0,0.0,0.0,0.0,0.0,0.0,0.0,0.0,0.0,0.0,0.0,vectored,random,2,2026-07-25T04:03:21+00:00
intadd_32_32_40_5_5nm_TT_0V7_25C_1333p33MHz,intadd,a_width=32;b_width=32;out_width=40;pipeline_stages=5,5nm,TT,0.7,25.0,0.75,1333.3333333333333,32,32,40,5,V-2023.12-SP4,526,287,239,57.338399,17.1864,40.151999,0.4543726235741445,0.7002636923992245,0.44,0.09,0.0,0,V-2023.12-SP4,544,305,239,58.67,18.52,40.15,80.5812,0.7281,0.43933823529411764,0.6843361172660644,0.19,0.36,0.0,0,V-2023.12-SP3,V-2023.12-SP4,1.065,0.3001,0.0005894,1.366,1.3651,1.023825,0.8172999999999999,0.2007,1.97e-05,1.018,0.1514,0.02535,0.0004399,0.1772,0.09647,0.0741,0.0001298,0.1707,0.0,0.0,0.0,0.0,0.0,0.0,0.0,0.0,0.0,0.0,0.0,0.0,0.0,0.0,0.0,0.0,unvectored,none,2,2026-07-25T04:03:35+00:00
intadd_32_32_40_5_5nm_TT_0V7_25C_1333p33MHz,intadd,a_width=32;b_width=32;out_width=40;pipeline_stages=5,5nm,TT,0.7,25.0,0.75,1333.3333333333333,32,32,40,5,V-2023.12-SP4,526,287,239,57.338399,17.1864,40.151999,0.4543726235741445,0.7002636923992245,0.44,0.09,0.0,0,V-2023.12-SP4,544,305,239,58.67,18.52,40.15,80.5812,0.7281,0.43933823529411764,0.6843361172660644,0.19,0.36,0.0,0,V-2023.12-SP3,V-2023.12-SP4,1.321,0.3481,0.0005579,1.6689999999999998,1.6691,1.251825,0.8220999999999999,0.2007,1.97e-05,1.0230000000000001,0.3392,0.06353,0.0003985,0.4031,0.1594,0.0839,0.00013969999999999998,0.2434,0.0,0.0,0.0,0.0,0.0,0.0,0.0,0.0,0.0,0.0,0.0,0.0,0.0,0.0,0.0,0.0,vectored,random,2,2026-07-25T04:03:42+00:00
intadd_32_32_40_2_7nm_TT_0V75_25C_1333p33MHz,intadd,a_width=32;b_width=32;out_width=40;pipeline_stages=2,7nm,TT,0.75,25.0,0.75,1333.3333333333333,32,32,40,2,V-2023.12-SP4,432,335,97,50.674177,19.385856,31.288321,0.22453703703703703,0.617441127854923,0.47,0.06,0.0,0,V-2023.12-SP4,432,335,97,50.74,19.45,31.29,70.2536,0.7222,0.22453703703703703,0.6166732361056365,0.19,0.34,0.0,0,V-2023.12-SP3,V-2023.12-SP4,0.4842,0.07194,0.0003414,0.5565,0.5561400000000001,0.41710500000000006,0.358,0.0,0.0,0.358,0.07063000000000001,0.009531000000000001,0.0002482,0.08041,0.05557,0.06240999999999999,9.32e-05,0.1181,0.0,0.0,0.0,0.0,0.0,0.0,0.0,0.0,0.0,0.0,0.0,0.0,0.0,0.0,0.0,0.0,unvectored,none,2,2026-07-25T04:03:47+00:00
intadd_32_32_40_2_7nm_TT_0V75_25C_1333p33MHz,intadd,a_width=32;b_width=32;out_width=40;pipeline_stages=2,7nm,TT,0.75,25.0,0.75,1333.3333333333333,32,32,40,2,V-2023.12-SP4,432,335,97,50.674177,19.385856,31.288321,0.22453703703703703,0.617441127854923,0.47,0.06,0.0,0,V-2023.12-SP4,432,335,97,50.74,19.45,31.29,70.2536,0.7222,0.22453703703703703,0.6166732361056365,0.19,0.34,0.0,0,V-2023.12-SP3,V-2023.12-SP4,0.6148,0.12999999999999998,0.00039200000000000004,0.7452,0.7448,0.5586,0.3577,0.0,0.0,0.3577,0.15789999999999998,0.0239,0.00029709999999999996,0.1821,0.09925,0.1061,9.483999999999999e-05,0.20550000000000002,0.0,0.0,0.0,0.0,0.0,0.0,0.0,0.0,0.0,0.0,0.0,0.0,0.0,0.0,0.0,0.0,vectored,random,2,2026-07-25T04:03:54+00:00
intadd_32_32_40_5_5nm_TT_0V7_25C_1000MHz,intadd,a_width=32;b_width=32;out_width=40;pipeline_stages=5,5nm,TT,0.7,25.0,1.0,1000.0,32,32,40,5,V-2023.12-SP4,526,287,239,57.338399,17.1864,40.151999,0.4543726235741445,0.7002636923992245,0.44,0.34,0.0,0,V-2023.12-SP4,546,307,239,59.3,19.14,40.15,80.5812,0.7358,0.43772893772893773,0.6770657672849916,0.32,0.54,0.0,0,V-2023.12-SP3,V-2023.12-SP4,0.877,0.2051,0.0006043,1.083,1.0821,1.0821,0.6912,0.1307,3.467e-05,0.8220000000000001,0.1134,0.01896,0.00044,0.1328,0.07243,0.05537,0.0001296,0.12789999999999999,0.0,0.0,0.0,0.0,0.0,0.0,0.0,0.0,0.0,0.0,0.0,0.0,0.0,0.0,0.0,0.0,unvectored,none,2,2026-07-25T04:04:02+00:00
intadd_32_32_40_5_5nm_TT_0V7_25C_1000MHz,intadd,a_width=32;b_width=32;out_width=40;pipeline_stages=5,5nm,TT,0.7,25.0,1.0,1000.0,32,32,40,5,V-2023.12-SP4,526,287,239,57.338399,17.1864,40.151999,0.4543726235741445,0.7002636923992245,0.44,0.34,0.0,0,V-2023.12-SP4,546,307,239,59.3,19.14,40.15,80.5812,0.7358,0.43772893772893773,0.6770657672849916,0.32,0.54,0.0,0,V-2023.12-SP3,V-2023.12-SP4,1.07,0.2418,0.0005704999999999999,1.312,1.3118,1.3118,0.6947,0.1307,3.467e-05,0.8254999999999999,0.25520000000000004,0.04753,0.00039630000000000004,0.3031,0.1202,0.0635,0.0001396,0.1838,0.0,0.0,0.0,0.0,0.0,0.0,0.0,0.0,0.0,0.0,0.0,0.0,0.0,0.0,0.0,0.0,vectored,random,2,2026-07-25T04:04:10+00:00
intadd_48_48_48_5_16nm_TT_0V85_25C_666p667MHz,intadd,a_width=48;b_width=48;out_width=48;pipeline_stages=5,16nm,TT,0.85,25.0,1.5,666.6666666666666,48,48,48,5,V-2023.12-SP4,780,417,363,605.719319,154.089219,451.6301,0.4653846153846154,0.7456095353630284,1.18,0.09,0.0,0,V-2023.12-SP4,839,476,363,665.75,194.46,471.29,862.9494,0.7715,0.432657926102503,0.7079083740142696,0.59,0.75,0.0,0,V-2023.12-SP3,V-2023.12-SP4,1.838,0.3441,0.3227,2.505,2.1821,3.2731500000000002,1.47,0.2325,0.3212,2.024,0.2392,0.02881,0.001256,0.2692,0.1289,0.08281999999999999,0.0002578,0.2119,0.0,0.0,0.0,0.0,0.0,0.0,0.0,0.0,0.0,0.0,0.0,0.0,0.0,0.0,0.0,0.0,unvectored,none,2,2026-07-25T04:04:32+00:00
intadd_48_48_56_2_16nm_TT_0V85_25C_800MHz,intadd,a_width=48;b_width=48;out_width=56;pipeline_stages=2,16nm,TT,0.85,25.0,1.25,800.0,48,48,56,2,V-2023.12-SP4,675,530,145,297.66529,117.262082,180.403208,0.21481481481481482,0.6060606125759573,0.86,0.16,0.0,0,V-2023.12-SP4,691,546,145,324.1,140.22,183.89,413.6832,0.7835,0.2098408104196816,0.5673866090712743,0.47,0.61,0.0,0,V-2023.12-SP3,V-2023.12-SP4,0.9848000000000001,0.23729999999999998,0.322,1.544,1.2221000000000002,1.5276250000000002,0.7808,0.1328,0.3211,1.2349999999999999,0.1139,0.0133,0.0006747,0.12789999999999999,0.09004999999999999,0.09123,0.00020590000000000002,0.1815,0.0,0.0,0.0,0.0,0.0,0.0,0.0,0.0,0.0,0.0,0.0,0.0,0.0,0.0,0.0,0.0,unvectored,none,2,2026-07-25T04:04:36+00:00
intadd_48_48_48_5_20nm_TT_0V9_25C_571p429MHz,intadd,a_width=48;b_width=48;out_width=48;pipeline_stages=5,20nm,TT,0.9,25.0,1.75,571.4285714285714,48,48,48,5,V-2023.12-SP4,1011,648,363,1027.699194,261.043199,766.655996,0.3590504451038576,0.7459926021893911,1.21,0.3,0.0,0,V-2023.12-SP4,1021,658,363,1042.06,275.4,766.66,1439.328,0.724,0.3555337904015671,0.7357157937162927,0.74,0.82,0.0,0,V-2023.12-SP3,V-2023.12-SP4,1.735,0.16119999999999998,0.05246,1.9480000000000002,1.8962,3.31835,1.3940000000000001,0.03796,0.05155,1.4829999999999999,0.2241,0.022940000000000002,0.0005502,0.2475,0.1168,0.1003,0.0003568,0.2175,0.0,0.0,0.0,0.0,0.0,0.0,0.0,0.0,0.0,0.0,0.0,0.0,0.0,0.0,0.0,0.0,unvectored,none,2,2026-07-25T04:04:37+00:00
intadd_48_48_48_5_16nm_TT_0V85_25C_666p667MHz,intadd,a_width=48;b_width=48;out_width=48;pipeline_stages=5,16nm,TT,0.85,25.0,1.5,666.6666666666666,48,48,48,5,V-2023.12-SP4,780,417,363,605.719319,154.089219,451.6301,0.4653846153846154,0.7456095353630284,1.18,0.09,0.0,0,V-2023.12-SP4,839,476,363,665.75,194.46,471.29,862.9494,0.7715,0.432657926102503,0.7079083740142696,0.59,0.75,0.0,0,V-2023.12-SP3,V-2023.12-SP4,2.218,0.39149999999999996,0.3226,2.932,2.6094999999999997,3.9142499999999996,1.472,0.2325,0.3212,2.026,0.5428,0.07185,0.001136,0.6158,0.2029,0.08716,0.00028920000000000004,0.2904,0.0,0.0,0.0,0.0,0.0,0.0,0.0,0.0,0.0,0.0,0.0,0.0,0.0,0.0,0.0,0.0,vectored,random,2,2026-07-25T04:04:39+00:00
intadd_48_48_56_2_16nm_TT_0V85_25C_800MHz,intadd,a_width=48;b_width=48;out_width=56;pipeline_stages=2,16nm,TT,0.85,25.0,1.25,800.0,48,48,56,2,V-2023.12-SP4,675,530,145,297.66529,117.262082,180.403208,0.21481481481481482,0.6060606125759573,0.86,0.16,0.0,0,V-2023.12-SP4,691,546,145,324.1,140.22,183.89,413.6832,0.7835,0.2098408104196816,0.5673866090712743,0.47,0.61,0.0,0,V-2023.12-SP3,V-2023.12-SP4,1.191,0.3136,0.3219,1.8259999999999998,1.5046,1.88075,0.7818,0.1328,0.3211,1.236,0.2522,0.03315,0.0005654,0.2859,0.15689999999999998,0.14770000000000003,0.0002185,0.30479999999999996,0.0,0.0,0.0,0.0,0.0,0.0,0.0,0.0,0.0,0.0,0.0,0.0,0.0,0.0,0.0,0.0,vectored,random,2,2026-07-25T04:04:43+00:00
intadd_48_48_48_5_20nm_TT_0V9_25C_571p429MHz,intadd,a_width=48;b_width=48;out_width=48;pipeline_stages=5,20nm,TT,0.9,25.0,1.75,571.4285714285714,48,48,48,5,V-2023.12-SP4,1011,648,363,1027.699194,261.043199,766.655996,0.3590504451038576,0.7459926021893911,1.21,0.3,0.0,0,V-2023.12-SP4,1021,658,363,1042.06,275.4,766.66,1439.328,0.724,0.3555337904015671,0.7357157937162927,0.74,0.82,0.0,0,V-2023.12-SP3,V-2023.12-SP4,2.081,0.2112,0.05261,2.3449999999999998,2.2922,4.011349999999999,1.395,0.03796,0.05155,1.484,0.5012000000000001,0.0572,0.0006636,0.5590999999999999,0.1854,0.116,0.0003977,0.3019,0.0,0.0,0.0,0.0,0.0,0.0,0.0,0.0,0.0,0.0,0.0,0.0,0.0,0.0,0.0,0.0,vectored,random,2,2026-07-25T04:04:44+00:00
intadd_48_48_48_3_10nm_TT_0V8_25C_800MHz,intadd,a_width=48;b_width=48;out_width=48;pipeline_stages=3,10nm,TT,0.8,25.0,1.25,800.0,48,48,48,3,V-2023.12-SP4,717,500,217,191.201286,57.876479,133.324806,0.30264993026499304,0.697300780707092,0.84,0.19,0.0,0,V-2023.12-SP4,744,527,217,198.85,65.53,133.32,272.1178,0.7308,0.2916666666666667,0.6704551169223032,0.45,0.66,0.0,0,V-2023.12-SP3,V-2023.12-SP4,0.9781,0.2199,0.0005718,1.199,1.198,1.4975,0.7847999999999999,0.1327,4.832e-05,0.9175,0.1163,0.014769999999999998,0.00031810000000000003,0.1314,0.07695,0.07245,0.0002054,0.1496,0.0,0.0,0.0,0.0,0.0,0.0,0.0,0.0,0.0,0.0,0.0,0.0,0.0,0.0,0.0,0.0,unvectored,none,2,2026-07-25T04:04:46+00:00
intadd_48_48_48_3_10nm_TT_0V8_25C_800MHz,intadd,a_width=48;b_width=48;out_width=48;pipeline_stages=3,10nm,TT,0.8,25.0,1.25,800.0,48,48,48,3,V-2023.12-SP4,717,500,217,191.201286,57.876479,133.324806,0.30264993026499304,0.697300780707092,0.84,0.19,0.0,0,V-2023.12-SP4,744,527,217,198.85,65.53,133.32,272.1178,0.7308,0.2916666666666667,0.6704551169223032,0.45,0.66,0.0,0,V-2023.12-SP3,V-2023.12-SP4,1.1620000000000001,0.2723,0.0006085999999999999,1.435,1.4343000000000001,1.7928750000000002,0.7843,0.1327,4.834e-05,0.9171,0.2578,0.03684,0.00034460000000000003,0.29500000000000004,0.12010000000000001,0.1027,0.0002158,0.2231,0.0,0.0,0.0,0.0,0.0,0.0,0.0,0.0,0.0,0.0,0.0,0.0,0.0,0.0,0.0,0.0,vectored,random,2,2026-07-25T04:04:53+00:00
intadd_48_48_48_2_5nm_TT_0V7_25C_1333p33MHz,intadd,a_width=48;b_width=48;out_width=48;pipeline_stages=2,5nm,TT,0.7,25.0,0.75,1333.3333333333333,48,48,48,2,V-2023.12-SP4,656,512,144,40.907999,16.716,24.192,0.21951219512195122,0.591375784476772,0.5,0.03,0.0,0,V-2023.12-SP4,664,520,144,42.08,17.88,24.19,57.456,0.7323,0.21686746987951808,0.5748574144486692,0.19,0.37,0.0,0,V-2023.12-SP3,V-2023.12-SP4,0.7284,0.2175,0.0004256,0.9464,0.9459000000000001,0.7094250000000001,0.5465,0.1028,2.253e-05,0.6493,0.09749000000000001,0.015099999999999999,0.0002652,0.1129,0.08448,0.09961,0.00013780000000000002,0.1842,0.0,0.0,0.0,0.0,0.0,0.0,0.0,0.0,0.0,0.0,0.0,0.0,0.0,0.0,0.0,0.0,unvectored,none,2,2026-07-25T04:05:20+00:00
intadd_32_32_40_2_7nm_TT_0V75_25C_800MHz,intadd,a_width=32;b_width=32;out_width=40;pipeline_stages=2,7nm,TT,0.75,25.0,1.25,800.0,32,32,40,2,V-2023.12-SP4,384,287,97,48.496897,17.208576,31.288321,0.2526041666666667,0.6451612976393108,0.9,0.13,0.0,0,V-2023.12-SP4,397,300,97,50.16,18.87,31.29,69.1891,0.7249,0.24433249370277077,0.6238038277511962,0.44,0.69,0.0,0,V-2023.12-SP3,V-2023.12-SP4,0.3391,0.08608,0.0003501,0.4256,0.42518,0.531475,0.2657,0.04731,1.545e-05,0.313,0.04236,0.005699,0.0002481,0.048310000000000006,0.03105,0.03308,8.651e-05,0.06422,0.0,0.0,0.0,0.0,0.0,0.0,0.0,0.0,0.0,0.0,0.0,0.0,0.0,0.0,0.0,0.0,unvectored,none,2,2026-07-25T04:05:25+00:00
intadd_48_48_48_2_5nm_TT_0V7_25C_1333p33MHz,intadd,a_width=48;b_width=48;out_width=48;pipeline_stages=2,5nm,TT,0.7,25.0,0.75,1333.3333333333333,48,48,48,2,V-2023.12-SP4,656,512,144,40.907999,16.716,24.192,0.21951219512195122,0.591375784476772,0.5,0.03,0.0,0,V-2023.12-SP4,664,520,144,42.08,17.88,24.19,57.456,0.7323,0.21686746987951808,0.5748574144486692,0.19,0.37,0.0,0,V-2023.12-SP3,V-2023.12-SP4,0.9205,0.312,0.0004073,1.2329999999999999,1.2325,0.924375,0.5494,0.1028,2.253e-05,0.6522,0.21509999999999999,0.03764,0.000241,0.253,0.1561,0.1716,0.0001438,0.3278,0.0,0.0,0.0,0.0,0.0,0.0,0.0,0.0,0.0,0.0,0.0,0.0,0.0,0.0,0.0,0.0,vectored,random,2,2026-07-25T04:05:27+00:00
intadd_48_48_48_5_10nm_TT_0V8_25C_1333p33MHz,intadd,a_width=48;b_width=48;out_width=48;pipeline_stages=5,10nm,TT,0.8,25.0,0.75,1333.3333333333333,48,48,48,5,V-2023.12-SP4,1011,648,363,298.967049,75.939839,223.027211,0.3590504451038576,0.7459926160625147,0.48,0.06,0.0,0,V-2023.12-SP4,1032,669,363,307.02,83.99,223.03,420.0653,0.7309,0.35174418604651164,0.7264347599504919,0.2,0.36,0.0,0,V-2023.12-SP3,V-2023.12-SP4,2.3930000000000002,0.5178,0.0008619999999999999,2.912,2.9108,2.1831,1.9020000000000001,0.3173,5.016e-05,2.22,0.3144,0.036789999999999996,0.000532,0.35169999999999996,0.17670000000000002,0.16369999999999998,0.0002798,0.34059999999999996,0.0,0.0,0.0,0.0,0.0,0.0,0.0,0.0,0.0,0.0,0.0,0.0,0.0,0.0,0.0,0.0,unvectored,none,2,2026-07-25T04:05:28+00:00
intadd_32_32_40_2_7nm_TT_0V75_25C_800MHz,intadd,a_width=32;b_width=32;out_width=40;pipeline_stages=2,7nm,TT,0.75,25.0,1.25,800.0,32,32,40,2,V-2023.12-SP4,384,287,97,48.496897,17.208576,31.288321,0.2526041666666667,0.6451612976393108,0.9,0.13,0.0,0,V-2023.12-SP4,397,300,97,50.16,18.87,31.29,69.1891,0.7249,0.24433249370277077,0.6238038277511962,0.44,0.69,0.0,0,V-2023.12-SP3,V-2023.12-SP4,0.41209999999999997,0.1134,0.0004035,0.5259,0.5255,0.656875,0.2656,0.04731,1.547e-05,0.313,0.09386,0.0143,0.0002998,0.1085,0.05261,0.05176,8.818e-05,0.10450000000000001,0.0,0.0,0.0,0.0,0.0,0.0,0.0,0.0,0.0,0.0,0.0,0.0,0.0,0.0,0.0,0.0,vectored,random,2,2026-07-25T04:05:32+00:00
intadd_48_48_48_5_10nm_TT_0V8_25C_1333p33MHz,intadd,a_width=48;b_width=48;out_width=48;pipeline_stages=5,10nm,TT,0.8,25.0,0.75,1333.3333333333333,48,48,48,5,V-2023.12-SP4,1011,648,363,298.967049,75.939839,223.027211,0.3590504451038576,0.7459926160625147,0.48,0.06,0.0,0,V-2023.12-SP4,1032,669,363,307.02,83.99,223.03,420.0653,0.7309,0.35174418604651164,0.7264347599504919,0.2,0.36,0.0,0,V-2023.12-SP3,V-2023.12-SP4,2.866,0.6009,0.0009224,3.468,3.4669,2.600175,1.9009999999999998,0.3173,5.016e-05,2.218,0.6999000000000001,0.09176000000000001,0.0005748,0.7923,0.2647,0.1918,0.0002974,0.4568,0.0,0.0,0.0,0.0,0.0,0.0,0.0,0.0,0.0,0.0,0.0,0.0,0.0,0.0,0.0,0.0,vectored,random,2,2026-07-25T04:05:35+00:00
intadd_48_48_56_2_16nm_TT_0V85_25C_500MHz,intadd,a_width=48;b_width=48;out_width=56;pipeline_stages=2,16nm,TT,0.85,25.0,2.0,500.0,48,48,56,2,V-2023.12-SP4,630,485,145,289.764874,109.361666,180.403208,0.23015873015873015,0.6225848064662247,1.64,0.12,0.0,0,V-2023.12-SP4,642,497,145,311.04,119.94,191.1,409.3286,0.7599,0.22585669781931464,0.6143904320987654,0.84,0.97,0.0,0,V-2023.12-SP3,V-2023.12-SP4,0.5405,0.124,0.06483,0.7293,0.6645,1.329,0.40719999999999995,0.06336,0.06425,0.5347999999999999,0.07859000000000001,0.008282,0.0003898,0.08726,0.054759999999999996,0.05236,0.0001961,0.1073,0.0,0.0,0.0,0.0,0.0,0.0,0.0,0.0,0.0,0.0,0.0,0.0,0.0,0.0,0.0,0.0,unvectored,none,2,2026-07-25T04:06:05+00:00
intadd_48_48_56_2_16nm_TT_0V85_25C_500MHz,intadd,a_width=48;b_width=48;out_width=56;pipeline_stages=2,16nm,TT,0.85,25.0,2.0,500.0,48,48,56,2,V-2023.12-SP4,630,485,145,289.764874,109.361666,180.403208,0.23015873015873015,0.6225848064662247,1.64,0.12,0.0,0,V-2023.12-SP4,642,497,145,311.04,119.94,191.1,409.3286,0.7599,0.22585669781931464,0.6143904320987654,0.84,0.97,0.0,0,V-2023.12-SP3,V-2023.12-SP4,0.6744,0.16699999999999998,0.06484,0.9062,0.8413999999999999,1.6827999999999999,0.40759999999999996,0.06336,0.06425,0.5352,0.1752,0.02065,0.0003833,0.19619999999999999,0.09163,0.08295,0.0002085,0.17479999999999998,0.0,0.0,0.0,0.0,0.0,0.0,0.0,0.0,0.0,0.0,0.0,0.0,0.0,0.0,0.0,0.0,vectored,random,2,2026-07-25T04:06:12+00:00
intadd_32_32_40_3_7nm_TT_0V75_25C_1333p33MHz,intadd,a_width=32;b_width=32;out_width=40;pipeline_stages=3,7nm,TT,0.75,25.0,0.75,1333.3333333333333,32,32,40,3,V-2023.12-SP4,425,283,142,66.334466,20.530944,45.803522,0.3341176470588235,0.6904935663460379,0.53,0.0,0.0,0,V-2023.12-SP4,452,310,142,68.06,22.26,45.8,93.1553,0.7306,0.3141592920353982,0.6729356450191007,0.19,0.34,0.0,0,V-2023.12-SP3,V-2023.12-SP4,0.7429,0.1325,0.000479,0.8759,0.8754,0.65655,0.5762,0.052,1.321e-05,0.6282,0.1001,0.0147,0.0003638,0.1152,0.06661,0.06581,0.00010190000000000001,0.1325,0.0,0.0,0.0,0.0,0.0,0.0,0.0,0.0,0.0,0.0,0.0,0.0,0.0,0.0,0.0,0.0,unvectored,none,2,2026-07-25T04:06:18+00:00
intadd_48_48_56_2_20nm_TT_0V9_25C_500MHz,intadd,a_width=48;b_width=48;out_width=56;pipeline_stages=2,20nm,TT,0.9,25.0,2.0,500.0,48,48,56,2,V-2023.12-SP4,661,516,145,501.283197,195.043199,306.239998,0.21936459909228442,0.6109121547116211,1.54,0.23,0.0,0,V-2023.12-SP4,664,519,145,505.19,198.95,306.24,703.9296,0.7177,0.2183734939759036,0.6061877709376671,0.86,0.9,0.0,0,V-2023.12-SP3,V-2023.12-SP4,0.5706,0.07443999999999999,0.0004684,0.6456,0.64504,1.29008,0.4208,0.000471,5.767e-07,0.4213,0.08302,0.009732,0.0002198,0.09297,0.06682,0.06423999999999999,0.0002481,0.1313,0.0,0.0,0.0,0.0,0.0,0.0,0.0,0.0,0.0,0.0,0.0,0.0,0.0,0.0,0.0,0.0,unvectored,none,2,2026-07-25T04:06:20+00:00
intadd_48_48_48_5_10nm_TT_0V8_25C_800MHz,intadd,a_width=48;b_width=48;out_width=48;pipeline_stages=5,10nm,TT,0.8,25.0,1.25,800.0,48,48,48,5,V-2023.12-SP4,780,417,363,299.12065,76.09344,223.027211,0.4653846153846154,0.7456095425040029,0.7,0.33,0.0,0,V-2023.12-SP4,823,460,363,311.16,88.14,223.03,420.0653,0.7407,0.44106925880923453,0.716769507648798,0.45,0.67,0.0,0,V-2023.12-SP3,V-2023.12-SP4,1.574,0.33809999999999996,0.0008551,1.913,1.9121000000000001,2.3901250000000003,1.267,0.2271,7.132e-05,1.494,0.1888,0.029410000000000002,0.0005318,0.2187,0.1177,0.0815,0.000252,0.1995,0.0,0.0,0.0,0.0,0.0,0.0,0.0,0.0,0.0,0.0,0.0,0.0,0.0,0.0,0.0,0.0,unvectored,none,2,2026-07-25T04:06:24+00:00
intadd_32_32_40_3_7nm_TT_0V75_25C_1333p33MHz,intadd,a_width=32;b_width=32;out_width=40;pipeline_stages=3,7nm,TT,0.75,25.0,0.75,1333.3333333333333,32,32,40,3,V-2023.12-SP4,425,283,142,66.334466,20.530944,45.803522,0.3341176470588235,0.6904935663460379,0.53,0.0,0.0,0,V-2023.12-SP4,452,310,142,68.06,22.26,45.8,93.1553,0.7306,0.3141592920353982,0.6729356450191007,0.19,0.34,0.0,0,V-2023.12-SP3,V-2023.12-SP4,0.9157,0.1762,0.0005535,1.092,1.0918999999999999,0.8189249999999999,0.5759,0.052,1.321e-05,0.6279,0.2236,0.03691,0.0004355,0.261,0.11610000000000001,0.08727,0.0001048,0.20350000000000001,0.0,0.0,0.0,0.0,0.0,0.0,0.0,0.0,0.0,0.0,0.0,0.0,0.0,0.0,0.0,0.0,vectored,random,2,2026-07-25T04:06:25+00:00
intadd_48_48_56_2_20nm_TT_0V9_25C_500MHz,intadd,a_width=48;b_width=48;out_width=56;pipeline_stages=2,20nm,TT,0.9,25.0,2.0,500.0,48,48,56,2,V-2023.12-SP4,661,516,145,501.283197,195.043199,306.239998,0.21936459909228442,0.6109121547116211,1.54,0.23,0.0,0,V-2023.12-SP4,664,519,145,505.19,198.95,306.24,703.9296,0.7177,0.2183734939759036,0.6061877709376671,0.86,0.9,0.0,0,V-2023.12-SP3,V-2023.12-SP4,0.7151,0.12530000000000002,0.0005291,0.8409,0.8404,1.6808,0.4213,0.000471,5.767e-07,0.4218,0.1815,0.02427,0.00026430000000000003,0.206,0.11220000000000001,0.1005,0.00026419999999999997,0.213,0.0,0.0,0.0,0.0,0.0,0.0,0.0,0.0,0.0,0.0,0.0,0.0,0.0,0.0,0.0,0.0,vectored,random,2,2026-07-25T04:06:27+00:00
intadd_32_32_40_3_7nm_TT_0V75_25C_800MHz,intadd,a_width=32;b_width=32;out_width=40;pipeline_stages=3,7nm,TT,0.75,25.0,1.25,800.0,32,32,40,3,V-2023.12-SP4,322,180,142,66.028033,20.224512,45.803522,0.4409937888198758,0.6936981145568883,0.82,0.21,0.0,0,V-2023.12-SP4,334,192,142,66.75,20.95,45.8,92.5425,0.7213,0.4251497005988024,0.6861423220973782,0.44,0.68,0.0,0,V-2023.12-SP3,V-2023.12-SP4,0.4542,0.1044,0.0004595,0.559,0.5586,0.69825,0.3506,0.06468,4.549e-06,0.4153,0.06019,0.01081,0.0003638,0.07135999999999999,0.04332,0.02894,9.114e-05,0.07236000000000001,0.0,0.0,0.0,0.0,0.0,0.0,0.0,0.0,0.0,0.0,0.0,0.0,0.0,0.0,0.0,0.0,unvectored,none,2,2026-07-25T04:06:29+00:00
intadd_48_48_48_5_10nm_TT_0V8_25C_800MHz,intadd,a_width=48;b_width=48;out_width=48;pipeline_stages=5,10nm,TT,0.8,25.0,1.25,800.0,48,48,48,5,V-2023.12-SP4,780,417,363,299.12065,76.09344,223.027211,0.4653846153846154,0.7456095425040029,0.7,0.33,0.0,0,V-2023.12-SP4,823,460,363,311.16,88.14,223.03,420.0653,0.7407,0.44106925880923453,0.716769507648798,0.45,0.67,0.0,0,V-2023.12-SP3,V-2023.12-SP4,1.879,0.3853,0.0009173,2.265,2.2643,2.830375,1.266,0.2271,7.138e-05,1.494,0.4248,0.07335,0.0005768,0.49870000000000003,0.1877,0.08485000000000001,0.000269,0.27280000000000004,0.0,0.0,0.0,0.0,0.0,0.0,0.0,0.0,0.0,0.0,0.0,0.0,0.0,0.0,0.0,0.0,vectored,random,2,2026-07-25T04:06:30+00:00
intadd_32_32_40_3_7nm_TT_0V75_25C_800MHz,intadd,a_width=32;b_width=32;out_width=40;pipeline_stages=3,7nm,TT,0.75,25.0,1.25,800.0,32,32,40,3,V-2023.12-SP4,322,180,142,66.028033,20.224512,45.803522,0.4409937888198758,0.6936981145568883,0.82,0.21,0.0,0,V-2023.12-SP4,334,192,142,66.75,20.95,45.8,92.5425,0.7213,0.4251497005988024,0.6861423220973782,0.44,0.68,0.0,0,V-2023.12-SP3,V-2023.12-SP4,0.5614,0.1288,0.0005382,0.6907000000000001,0.6902,0.86275,0.35050000000000003,0.06468,4.563e-06,0.4152,0.13540000000000002,0.02711,0.0004399,0.1629,0.07549,0.03699,9.368e-05,0.1126,0.0,0.0,0.0,0.0,0.0,0.0,0.0,0.0,0.0,0.0,0.0,0.0,0.0,0.0,0.0,0.0,vectored,random,2,2026-07-25T04:06:35+00:00
intadd_48_48_56_3_16nm_TT_0V85_25C_1000MHz,intadd,a_width=48;b_width=48;out_width=56;pipeline_stages=3,16nm,TT,0.85,25.0,1.0,1000.0,48,48,56,3,V-2023.12-SP4,802,588,214,398.628878,132.378626,266.250252,0.26683291770573564,0.6679151127631049,0.69,0.08,0.0,0,V-2023.12-SP4,822,608,214,428.99,156.89,272.1,561.1162,0.7645,0.26034063260340634,0.6342805193594256,0.34,0.49,0.0,0,V-2023.12-SP3,V-2023.12-SP4,1.649,0.3688,0.32239999999999996,2.34,2.0178000000000003,2.0178000000000003,1.31,0.2173,0.3211,1.849,0.2054,0.022779999999999998,0.0009669,0.2292,0.1331,0.12860000000000002,0.00024009999999999998,0.262,0.0,0.0,0.0,0.0,0.0,0.0,0.0,0.0,0.0,0.0,0.0,0.0,0.0,0.0,0.0,0.0,unvectored,none,2,2026-07-25T04:07:05+00:00
intadd_48_48_56_3_16nm_TT_0V85_25C_666p667MHz,intadd,a_width=48;b_width=48;out_width=56;pipeline_stages=3,16nm,TT,0.85,25.0,1.5,666.6666666666666,48,48,56,3,V-2023.12-SP4,771,557,214,393.154574,126.904322,266.250252,0.2775616083009079,0.6772151962805346,1.23,0.04,0.0,0,V-2023.12-SP4,798,584,214,415.92,140.71,275.21,558.5656,0.7446,0.2681704260651629,0.6616897480284669,0.6,0.71,0.0,0,V-2023.12-SP3,V-2023.12-SP4,1.017,0.222,0.001116,1.2409999999999999,1.2389999999999999,1.8584999999999998,0.7897,0.1242,4.0579999999999994e-05,0.9139,0.14109999999999998,0.01518,0.0008441,0.1571,0.08660999999999999,0.08266,0.0002317,0.1695,0.0,0.0,0.0,0.0,0.0,0.0,0.0,0.0,0.0,0.0,0.0,0.0,0.0,0.0,0.0,0.0,unvectored,none,2,2026-07-25T04:07:10+00:00
intadd_48_48_56_3_16nm_TT_0V85_25C_1000MHz,intadd,a_width=48;b_width=48;out_width=56;pipeline_stages=3,16nm,TT,0.85,25.0,1.0,1000.0,48,48,56,3,V-2023.12-SP4,802,588,214,398.628878,132.378626,266.250252,0.26683291770573564,0.6679151127631049,0.69,0.08,0.0,0,V-2023.12-SP4,822,608,214,428.99,156.89,272.1,561.1162,0.7645,0.26034063260340634,0.6342805193594256,0.34,0.49,0.0,0,V-2023.12-SP3,V-2023.12-SP4,2.007,0.4692,0.32220000000000004,2.798,2.4762,2.4762,1.312,0.2173,0.3212,1.85,0.4634,0.05686,0.0008116999999999999,0.5211,0.2317,0.195,0.0002588,0.4269,0.0,0.0,0.0,0.0,0.0,0.0,0.0,0.0,0.0,0.0,0.0,0.0,0.0,0.0,0.0,0.0,vectored,random,2,2026-07-25T04:07:12+00:00
intadd_48_48_56_3_16nm_TT_0V85_25C_666p667MHz,intadd,a_width=48;b_width=48;out_width=56;pipeline_stages=3,16nm,TT,0.85,25.0,1.5,666.6666666666666,48,48,56,3,V-2023.12-SP4,771,557,214,393.154574,126.904322,266.250252,0.2775616083009079,0.6772151962805346,1.23,0.04,0.0,0,V-2023.12-SP4,798,584,214,415.92,140.71,275.21,558.5656,0.7446,0.2681704260651629,0.6616897480284669,0.6,0.71,0.0,0,V-2023.12-SP3,V-2023.12-SP4,1.248,0.2763,0.0010270000000000001,1.5250000000000001,1.5243,2.28645,0.7906000000000001,0.1242,4.0579999999999994e-05,0.9148999999999999,0.3154,0.0379,0.0007355,0.354,0.1416,0.1142,0.00025059999999999997,0.2561,0.0,0.0,0.0,0.0,0.0,0.0,0.0,0.0,0.0,0.0,0.0,0.0,0.0,0.0,0.0,0.0,vectored,random,2,2026-07-25T04:07:16+00:00
intadd_48_48_56_3_20nm_TT_0V9_25C_500MHz,intadd,a_width=48;b_width=48;out_width=56;pipeline_stages=3,20nm,TT,0.9,25.0,2.0,500.0,48,48,56,3,V-2023.12-SP4,777,563,214,668.870396,216.902399,451.967998,0.2754182754182754,0.6757183464881589,1.72,0.05,0.0,0,V-2023.12-SP4,790,576,214,682.49,230.52,451.97,938.9952,0.7268,0.2708860759493671,0.6622368093305396,0.87,0.89,0.0,0,V-2023.12-SP3,V-2023.12-SP4,0.871,0.1486,0.0006295,1.02,1.0196,2.0392,0.6737,0.06245,1.857e-05,0.7361,0.1189,0.0132,0.0003249,0.1324,0.07843,0.073,0.000286,0.1517,0.0,0.0,0.0,0.0,0.0,0.0,0.0,0.0,0.0,0.0,0.0,0.0,0.0,0.0,0.0,0.0,unvectored,none,2,2026-07-25T04:07:18+00:00
intadd_48_48_56_3_20nm_TT_0V9_25C_500MHz,intadd,a_width=48;b_width=48;out_width=56;pipeline_stages=3,20nm,TT,0.9,25.0,2.0,500.0,48,48,56,3,V-2023.12-SP4,777,563,214,668.870396,216.902399,451.967998,0.2754182754182754,0.6757183464881589,1.72,0.05,0.0,0,V-2023.12-SP4,790,576,214,682.49,230.52,451.97,938.9952,0.7268,0.2708860759493671,0.6622368093305396,0.87,0.89,0.0,0,V-2023.12-SP3,V-2023.12-SP4,1.066,0.19699999999999998,0.0007193000000000001,1.2630000000000001,1.2630000000000001,2.5260000000000002,0.6746,0.06245,1.857e-05,0.737,0.26289999999999997,0.03294,0.00039089999999999996,0.2963,0.1283,0.10160000000000001,0.0003099,0.23020000000000002,0.0,0.0,0.0,0.0,0.0,0.0,0.0,0.0,0.0,0.0,0.0,0.0,0.0,0.0,0.0,0.0,vectored,random,2,2026-07-25T04:07:25+00:00
intadd_48_48_48_3_5nm_TT_0V7_25C_800MHz,intadd,a_width=48;b_width=48;out_width=48;pipeline_stages=3,5nm,TT,0.7,25.0,1.25,800.0,48,48,48,3,V-2023.12-SP4,488,271,217,54.154799,17.6988,36.456,0.444672131147541,0.6731813370778092,0.93,0.11,0.0,0,V-2023.12-SP4,505,288,217,55.25,18.79,36.46,76.44,0.7227,0.4297029702970297,0.6599095022624435,0.44,0.67,0.0,0,V-2023.12-SP3,V-2023.12-SP4,0.6294,0.1604,0.0005457,0.7904,0.7898,0.98725,0.4819,0.09911,1.732e-05,0.5810000000000001,0.08473,0.01621,0.0003995,0.1013,0.06283000000000001,0.0451,0.0001288,0.1081,0.0,0.0,0.0,0.0,0.0,0.0,0.0,0.0,0.0,0.0,0.0,0.0,0.0,0.0,0.0,0.0,unvectored,none,2,2026-07-25T04:07:50+00:00
intadd_48_48_48_3_5nm_TT_0V7_25C_800MHz,intadd,a_width=48;b_width=48;out_width=48;pipeline_stages=3,5nm,TT,0.7,25.0,1.25,800.0,48,48,48,3,V-2023.12-SP4,488,271,217,54.154799,17.6988,36.456,0.444672131147541,0.6731813370778092,0.93,0.11,0.0,0,V-2023.12-SP4,505,288,217,55.25,18.79,36.46,76.44,0.7227,0.4297029702970297,0.6599095022624435,0.44,0.67,0.0,0,V-2023.12-SP3,V-2023.12-SP4,0.7787999999999999,0.19540000000000002,0.0005152,0.9747,0.9742,1.2177499999999999,0.48460000000000003,0.09911,1.732e-05,0.5837,0.1882,0.04041,0.00035999999999999997,0.22890000000000002,0.1061,0.05586,0.00013790000000000002,0.16210000000000002,0.0,0.0,0.0,0.0,0.0,0.0,0.0,0.0,0.0,0.0,0.0,0.0,0.0,0.0,0.0,0.0,vectored,random,2,2026-07-25T04:07:58+00:00
intadd_48_48_56_2_10nm_TT_0V8_25C_800MHz,intadd,a_width=48;b_width=48;out_width=56;pipeline_stages=2,10nm,TT,0.8,25.0,1.25,800.0,48,48,56,2,V-2023.12-SP4,630,485,145,143.093764,54.00576,89.088004,0.23015873015873015,0.6225848108936459,0.94,0.09,0.0,0,V-2023.12-SP4,641,496,145,145.06,55.97,89.09,202.3219,0.717,0.22620904836193448,0.6141596580725217,0.45,0.66,0.0,0,V-2023.12-SP3,V-2023.12-SP4,0.6315000000000001,0.1593,0.00040270000000000003,0.7912,0.7908000000000001,0.9885,0.48519999999999996,0.07959999999999999,1.084e-05,0.5649000000000001,0.08054,0.01081,0.00021250000000000002,0.09156,0.06567999999999999,0.06889999999999999,0.0001794,0.1348,0.0,0.0,0.0,0.0,0.0,0.0,0.0,0.0,0.0,0.0,0.0,0.0,0.0,0.0,0.0,0.0,unvectored,none,2,2026-07-25T04:07:59+00:00
intadd_48_48_56_2_10nm_TT_0V8_25C_800MHz,intadd,a_width=48;b_width=48;out_width=56;pipeline_stages=2,10nm,TT,0.8,25.0,1.25,800.0,48,48,56,2,V-2023.12-SP4,630,485,145,143.093764,54.00576,89.088004,0.23015873015873015,0.6225848108936459,0.94,0.09,0.0,0,V-2023.12-SP4,641,496,145,145.06,55.97,89.09,202.3219,0.717,0.22620904836193448,0.6141596580725217,0.45,0.66,0.0,0,V-2023.12-SP3,V-2023.12-SP4,0.7664,0.214,0.0004293,0.9808,0.9803999999999999,1.2254999999999998,0.4849,0.07959999999999999,1.085e-05,0.5645,0.1771,0.026959999999999998,0.00023160000000000002,0.2043,0.1043,0.1074,0.00018690000000000002,0.2119,0.0,0.0,0.0,0.0,0.0,0.0,0.0,0.0,0.0,0.0,0.0,0.0,0.0,0.0,0.0,0.0,vectored,random,2,2026-07-25T04:08:06+00:00
intadd_32_32_40_5_7nm_TT_0V75_25C_1333p33MHz,intadd,a_width=32;b_width=32;out_width=40;pipeline_stages=5,7nm,TT,0.75,25.0,0.75,1333.3333333333333,32,32,40,5,V-2023.12-SP4,526,287,239,106.283522,29.191679,77.091843,0.4543726235741445,0.7253414409808512,0.46,0.07,0.0,0,V-2023.12-SP4,555,316,239,107.24,30.14,77.09,148.6356,0.7215,0.4306306306306306,0.7188549048862365,0.19,0.37,0.0,0,V-2023.12-SP3,V-2023.12-SP4,1.173,0.29550000000000004,0.0007606,1.469,1.4685000000000001,1.101375,0.9114,0.1915,1.039e-05,1.103,0.1636,0.02508,0.0006112,0.18919999999999998,0.09827000000000001,0.07899,0.00013890000000000002,0.1774,0.0,0.0,0.0,0.0,0.0,0.0,0.0,0.0,0.0,0.0,0.0,0.0,0.0,0.0,0.0,0.0,unvectored,none,2,2026-07-25T04:08:16+00:00
intadd_32_32_40_5_7nm_TT_0V75_25C_1333p33MHz,intadd,a_width=32;b_width=32;out_width=40;pipeline_stages=5,7nm,TT,0.75,25.0,0.75,1333.3333333333333,32,32,40,5,V-2023.12-SP4,526,287,239,106.283522,29.191679,77.091843,0.4543726235741445,0.7253414409808512,0.46,0.07,0.0,0,V-2023.12-SP4,555,316,239,107.24,30.14,77.09,148.6356,0.7215,0.4306306306306306,0.7188549048862365,0.19,0.37,0.0,0,V-2023.12-SP3,V-2023.12-SP4,1.454,0.3443,0.0008916999999999999,1.799,1.7983,1.348725,0.9108999999999999,0.1915,1.039e-05,1.1019999999999999,0.3713,0.06287999999999999,0.0007376,0.4349,0.1716,0.08991,0.0001437,0.2616,0.0,0.0,0.0,0.0,0.0,0.0,0.0,0.0,0.0,0.0,0.0,0.0,0.0,0.0,0.0,0.0,vectored,random,2,2026-07-25T04:08:23+00:00
intadd_48_48_48_5_5nm_TT_0V7_25C_800MHz,intadd,a_width=48;b_width=48;out_width=48;pipeline_stages=5,5nm,TT,0.7,25.0,1.25,800.0,48,48,48,5,V-2023.12-SP4,780,417,363,84.814799,23.8308,60.983999,0.4653846153846154,0.7190254497920817,0.51,0.52,0.0,0,V-2023.12-SP4,810,447,363,86.21,25.23,60.98,120.12,0.7177,0.44814814814814813,0.707342535668716,0.44,0.67,0.0,0,V-2023.12-SP3,V-2023.12-SP4,1.004,0.24580000000000002,0.0008714,1.251,1.2498,1.5622500000000001,0.7834,0.159,1.7809999999999997e-05,0.9424,0.1373,0.02262,0.0006683,0.1606,0.08338000000000001,0.06420000000000001,0.0001852,0.1478,0.0,0.0,0.0,0.0,0.0,0.0,0.0,0.0,0.0,0.0,0.0,0.0,0.0,0.0,0.0,0.0,unvectored,none,2,2026-07-25T04:08:32+00:00
intadd_48_48_48_5_5nm_TT_0V7_25C_800MHz,intadd,a_width=48;b_width=48;out_width=48;pipeline_stages=5,5nm,TT,0.7,25.0,1.25,800.0,48,48,48,5,V-2023.12-SP4,780,417,363,84.814799,23.8308,60.983999,0.4653846153846154,0.7190254497920817,0.51,0.52,0.0,0,V-2023.12-SP4,810,447,363,86.21,25.23,60.98,120.12,0.7177,0.44814814814814813,0.707342535668716,0.44,0.67,0.0,0,V-2023.12-SP3,V-2023.12-SP4,1.23,0.2831,0.0008203,1.5130000000000001,1.5131000000000001,1.891375,0.7879,0.159,1.782e-05,0.9469,0.30660000000000004,0.05639,0.0006026,0.3636,0.1351,0.06771,0.0001999,0.203,0.0,0.0,0.0,0.0,0.0,0.0,0.0,0.0,0.0,0.0,0.0,0.0,0.0,0.0,0.0,0.0,vectored,random,2,2026-07-25T04:08:38+00:00
intadd_48_48_56_3_10nm_TT_0V8_25C_800MHz,intadd,a_width=48;b_width=48;out_width=56;pipeline_stages=3,10nm,TT,0.8,25.0,1.25,800.0,48,48,56,3,V-2023.12-SP4,713,499,214,189.143046,57.661439,131.481606,0.30014025245441794,0.6951437485045049,0.93,0.1,0.0,0,V-2023.12-SP4,736,522,214,196.02,64.54,131.48,264.4992,0.7411,0.2907608695652174,0.6707478828690949,0.45,0.65,0.0,0,V-2023.12-SP3,V-2023.12-SP4,0.9606,0.20829999999999999,0.0005612,1.1689999999999998,1.1689,1.461125,0.7699999999999999,0.12029999999999999,4.396e-05,0.8903,0.1148,0.014440000000000001,0.0003136,0.1295,0.07586,0.07357,0.0002036,0.1496,0.0,0.0,0.0,0.0,0.0,0.0,0.0,0.0,0.0,0.0,0.0,0.0,0.0,0.0,0.0,0.0,unvectored,none,2,2026-07-25T04:08:58+00:00
intadd_48_48_56_3_10nm_TT_0V8_25C_800MHz,intadd,a_width=48;b_width=48;out_width=56;pipeline_stages=3,10nm,TT,0.8,25.0,1.25,800.0,48,48,56,3,V-2023.12-SP4,713,499,214,189.143046,57.661439,131.481606,0.30014025245441794,0.6951437485045049,0.93,0.1,0.0,0,V-2023.12-SP4,736,522,214,196.02,64.54,131.48,264.4992,0.7411,0.2907608695652174,0.6707478828690949,0.45,0.65,0.0,0,V-2023.12-SP3,V-2023.12-SP4,1.1440000000000001,0.2577,0.0005979000000000001,1.4020000000000001,1.4017000000000002,1.7521250000000002,0.7695,0.12029999999999999,4.396e-05,0.8899,0.25470000000000004,0.03603,0.0003397,0.29109999999999997,0.1193,0.1013,0.0002143,0.2209,0.0,0.0,0.0,0.0,0.0,0.0,0.0,0.0,0.0,0.0,0.0,0.0,0.0,0.0,0.0,0.0,vectored,random,2,2026-07-25T04:09:05+00:00
intadd_32_32_40_5_7nm_TT_0V75_25C_1000MHz,intadd,a_width=32;b_width=32;out_width=40;pipeline_stages=5,7nm,TT,0.75,25.0,1.0,1000.0,32,32,40,5,V-2023.12-SP4,526,287,239,106.283522,29.191679,77.091843,0.4543726235741445,0.7253414409808512,0.46,0.32,0.0,0,V-2023.12-SP4,564,325,239,108.53,31.43,77.09,148.6356,0.7301,0.4237588652482269,0.7103105132221506,0.32,0.53,0.0,0,V-2023.12-SP3,V-2023.12-SP4,0.9728,0.21350000000000002,0.0007773,1.1869999999999998,1.1863000000000001,1.1863000000000001,0.7752,0.1356,2.6280000000000002e-05,0.9108,0.1226,0.018850000000000002,0.0006111,0.1421,0.07499,0.05905,0.0001399,0.1342,0.0,0.0,0.0,0.0,0.0,0.0,0.0,0.0,0.0,0.0,0.0,0.0,0.0,0.0,0.0,0.0,unvectored,none,2,2026-07-25T04:09:10+00:00
intadd_32_32_40_5_7nm_TT_0V75_25C_1000MHz,intadd,a_width=32;b_width=32;out_width=40;pipeline_stages=5,7nm,TT,0.75,25.0,1.0,1000.0,32,32,40,5,V-2023.12-SP4,526,287,239,106.283522,29.191679,77.091843,0.4543726235741445,0.7253414409808512,0.46,0.32,0.0,0,V-2023.12-SP4,564,325,239,108.53,31.43,77.09,148.6356,0.7301,0.4237588652482269,0.7103105132221506,0.32,0.53,0.0,0,V-2023.12-SP3,V-2023.12-SP4,1.181,0.2498,0.0009103,1.432,1.4308,1.4308,0.7749,0.1356,2.6280000000000002e-05,0.9105,0.2788,0.04725,0.0007401,0.3268,0.1273,0.06699,0.0001439,0.1945,0.0,0.0,0.0,0.0,0.0,0.0,0.0,0.0,0.0,0.0,0.0,0.0,0.0,0.0,0.0,0.0,vectored,random,2,2026-07-25T04:09:16+00:00
intadd_48_48_48_2_7nm_TT_0V75_25C_1333p33MHz,intadd,a_width=48;b_width=48;out_width=48;pipeline_stages=2,7nm,TT,0.75,25.0,0.75,1333.3333333333333,48,48,48,2,V-2023.12-SP4,656,512,144,76.05965,29.611008,46.448642,0.21951219512195122,0.6106870331378069,0.51,0.02,0.0,0,V-2023.12-SP4,667,523,144,77.43,30.98,46.45,107.1222,0.7228,0.2158920539730135,0.5998966808730466,0.19,0.34,0.0,0,V-2023.12-SP3,V-2023.12-SP4,0.764,0.16620000000000001,0.0005215,0.9307,0.9302,0.69765,0.5746,0.05125,1.162e-05,0.6258,0.10500000000000001,0.014280000000000001,0.0003688,0.1197,0.08435000000000001,0.1007,0.00014110000000000001,0.1852,0.0,0.0,0.0,0.0,0.0,0.0,0.0,0.0,0.0,0.0,0.0,0.0,0.0,0.0,0.0,0.0,unvectored,none,2,2026-07-25T04:09:46+00:00
intadd_48_48_56_2_5nm_TT_0V7_25C_1333p33MHz,intadd,a_width=48;b_width=48;out_width=56;pipeline_stages=2,5nm,TT,0.7,25.0,0.75,1333.3333333333333,48,48,56,2,V-2023.12-SP4,668,523,145,41.361599,17.0016,24.36,0.21706586826347304,0.5889520857256993,0.42,0.11,0.0,0,V-2023.12-SP4,677,532,145,41.96,17.6,24.36,57.834,0.7255,0.21418020679468242,0.5805529075309819,0.19,0.36,0.0,0,V-2023.12-SP3,V-2023.12-SP4,0.6839,0.2186,0.00041670000000000005,0.9029,0.9025,0.676875,0.5006,0.10239999999999999,9.807e-06,0.6031,0.09793,0.015099999999999999,0.0002671,0.1133,0.08534000000000001,0.10110000000000001,0.00013979999999999998,0.18660000000000002,0.0,0.0,0.0,0.0,0.0,0.0,0.0,0.0,0.0,0.0,0.0,0.0,0.0,0.0,0.0,0.0,unvectored,none,2,2026-07-25T04:09:51+00:00
intadd_64_64_64_2_20nm_TT_0V9_25C_800MHz,intadd,a_width=64;b_width=64;out_width=64;pipeline_stages=2,20nm,TT,0.9,25.0,1.25,800.0,64,64,64,2,V-2023.12-SP4,956,764,192,685.977596,280.473598,405.503998,0.200836820083682,0.5911330054575136,1.01,0.01,0.0,0,V-2023.12-SP4,963,771,192,692.42,286.92,405.5,976.0608,0.7094,0.19937694704049844,0.5856272204731233,0.49,0.52,0.0,0,V-2023.12-SP3,V-2023.12-SP4,1.272,0.2251,0.0006462,1.497,1.4971,1.871375,0.9483,0.05093,5.226e-06,0.9993000000000001,0.1763,0.02142,0.00029110000000000003,0.19799999999999998,0.1471,0.1527,0.0003499,0.3001,0.0,0.0,0.0,0.0,0.0,0.0,0.0,0.0,0.0,0.0,0.0,0.0,0.0,0.0,0.0,0.0,unvectored,none,2,2026-07-25T04:09:53+00:00
intadd_48_48_48_2_7nm_TT_0V75_25C_1333p33MHz,intadd,a_width=48;b_width=48;out_width=48;pipeline_stages=2,7nm,TT,0.75,25.0,0.75,1333.3333333333333,48,48,48,2,V-2023.12-SP4,656,512,144,76.05965,29.611008,46.448642,0.21951219512195122,0.6106870331378069,0.51,0.02,0.0,0,V-2023.12-SP4,667,523,144,77.43,30.98,46.45,107.1222,0.7228,0.2158920539730135,0.5998966808730466,0.19,0.34,0.0,0,V-2023.12-SP3,V-2023.12-SP4,0.9627,0.2607,0.0005964,1.224,1.2234,0.9175500000000001,0.5743,0.05125,1.162e-05,0.6255,0.23399999999999999,0.0356,0.0004411,0.2701,0.1544,0.1738,0.0001438,0.32830000000000004,0.0,0.0,0.0,0.0,0.0,0.0,0.0,0.0,0.0,0.0,0.0,0.0,0.0,0.0,0.0,0.0,vectored,random,2,2026-07-25T04:09:53+00:00
intadd_48_48_56_2_5nm_TT_0V7_25C_1333p33MHz,intadd,a_width=48;b_width=48;out_width=56;pipeline_stages=2,5nm,TT,0.7,25.0,0.75,1333.3333333333333,48,48,56,2,V-2023.12-SP4,668,523,145,41.361599,17.0016,24.36,0.21706586826347304,0.5889520857256993,0.42,0.11,0.0,0,V-2023.12-SP4,677,532,145,41.96,17.6,24.36,57.834,0.7255,0.21418020679468242,0.5805529075309819,0.19,0.36,0.0,0,V-2023.12-SP3,V-2023.12-SP4,0.8859,0.321,0.0003977,1.2069999999999999,1.2069,0.9051750000000001,0.5035000000000001,0.10239999999999999,9.807e-06,0.606,0.219,0.037669999999999995,0.00024209999999999998,0.2569,0.1634,0.1809,0.0001458,0.34450000000000003,0.0,0.0,0.0,0.0,0.0,0.0,0.0,0.0,0.0,0.0,0.0,0.0,0.0,0.0,0.0,0.0,vectored,random,2,2026-07-25T04:09:59+00:00
intadd_64_64_64_2_20nm_TT_0V9_25C_800MHz,intadd,a_width=64;b_width=64;out_width=64;pipeline_stages=2,20nm,TT,0.9,25.0,1.25,800.0,64,64,64,2,V-2023.12-SP4,956,764,192,685.977596,280.473598,405.503998,0.200836820083682,0.5911330054575136,1.01,0.01,0.0,0,V-2023.12-SP4,963,771,192,692.42,286.92,405.5,976.0608,0.7094,0.19937694704049844,0.5856272204731233,0.49,0.52,0.0,0,V-2023.12-SP3,V-2023.12-SP4,1.591,0.3454,0.0007264000000000001,1.9369999999999998,1.9364,2.4204999999999997,0.9494,0.05093,5.226e-06,1.0,0.3878,0.0535,0.0003497,0.4416,0.2537,0.2409,0.00037140000000000003,0.49490000000000006,0.0,0.0,0.0,0.0,0.0,0.0,0.0,0.0,0.0,0.0,0.0,0.0,0.0,0.0,0.0,0.0,vectored,random,2,2026-07-25T04:10:00+00:00
intadd_48_48_56_2_5nm_TT_0V7_25C_800MHz,intadd,a_width=48;b_width=48;out_width=56;pipeline_stages=2,5nm,TT,0.7,25.0,1.25,800.0,48,48,56,2,V-2023.12-SP4,613,468,145,40.076399,15.7164,24.36,0.2365415986949429,0.6078390426245631,0.96,0.07,0.0,0,V-2023.12-SP4,624,479,145,40.77,16.41,24.36,57.078,0.7143,0.23237179487179488,0.5974981604120676,0.44,0.67,0.0,0,V-2023.12-SP3,V-2023.12-SP4,0.42569999999999997,0.1347,0.0004098,0.5608,0.5604,0.7005,0.31839999999999996,0.07114999999999999,1.1220000000000001e-05,0.38949999999999996,0.058780000000000006,0.009182,0.000267,0.06823,0.04855,0.05436,0.0001316,0.103,0.0,0.0,0.0,0.0,0.0,0.0,0.0,0.0,0.0,0.0,0.0,0.0,0.0,0.0,0.0,0.0,unvectored,none,2,2026-07-25T04:10:34+00:00
intadd_48_48_56_5_10nm_TT_0V8_25C_800MHz,intadd,a_width=48;b_width=48;out_width=56;pipeline_stages=5,10nm,TT,0.8,25.0,1.25,800.0,48,48,56,5,V-2023.12-SP4,782,423,359,301.73185,81.16224,220.56961,0.45907928388746805,0.7310120227612696,0.8,0.23,0.0,0,V-2023.12-SP4,842,483,359,315.49,94.92,220.57,429.6499,0.7343,0.42636579572446553,0.6991346793876192,0.45,0.66,0.0,0,V-2023.12-SP3,V-2023.12-SP4,1.641,0.3326,0.0008781,1.975,1.9736,2.467,1.332,0.2162,9.161e-05,1.5479999999999998,0.1873,0.02946,0.000526,0.2172,0.12210000000000001,0.08692,0.0002606,0.20929999999999999,0.0,0.0,0.0,0.0,0.0,0.0,0.0,0.0,0.0,0.0,0.0,0.0,0.0,0.0,0.0,0.0,unvectored,none,2,2026-07-25T04:10:40+00:00
intadd_64_64_64_2_16nm_TT_0V85_25C_500MHz,intadd,a_width=64;b_width=64;out_width=64;pipeline_stages=2,16nm,TT,0.85,25.0,2.0,500.0,64,64,64,2,V-2023.12-SP4,856,664,192,387.929101,149.050371,238.878731,0.22429906542056074,0.6157793534545891,1.73,0.04,0.0,0,V-2023.12-SP4,876,684,192,409.2,157.14,252.07,539.9654,0.7578,0.2191780821917808,0.6160068426197458,0.84,0.93,0.0,0,V-2023.12-SP3,V-2023.12-SP4,0.6769000000000001,0.12669999999999998,0.0008398,0.8045,0.8036000000000001,1.6072000000000002,0.49989999999999996,0.04087,1.98e-05,0.5408000000000001,0.1031,0.01131,0.0005545999999999999,0.115,0.07394,0.07456,0.00026530000000000005,0.14880000000000002,0.0,0.0,0.0,0.0,0.0,0.0,0.0,0.0,0.0,0.0,0.0,0.0,0.0,0.0,0.0,0.0,unvectored,none,2,2026-07-25T04:10:40+00:00
intadd_48_48_56_2_5nm_TT_0V7_25C_800MHz,intadd,a_width=48;b_width=48;out_width=56;pipeline_stages=2,5nm,TT,0.7,25.0,1.25,800.0,48,48,56,2,V-2023.12-SP4,613,468,145,40.076399,15.7164,24.36,0.2365415986949429,0.6078390426245631,0.96,0.07,0.0,0,V-2023.12-SP4,624,479,145,40.77,16.41,24.36,57.078,0.7143,0.23237179487179488,0.5974981604120676,0.44,0.67,0.0,0,V-2023.12-SP3,V-2023.12-SP4,0.5366000000000001,0.1846,0.0003895,0.7215,0.7212000000000001,0.9015000000000001,0.3201,0.07114999999999999,1.1220000000000001e-05,0.39130000000000004,0.1297,0.0229,0.0002409,0.1529,0.08671,0.09053,0.0001374,0.1774,0.0,0.0,0.0,0.0,0.0,0.0,0.0,0.0,0.0,0.0,0.0,0.0,0.0,0.0,0.0,0.0,vectored,random,2,2026-07-25T04:10:41+00:00
intadd_64_64_64_2_16nm_TT_0V85_25C_500MHz,intadd,a_width=64;b_width=64;out_width=64;pipeline_stages=2,16nm,TT,0.85,25.0,2.0,500.0,64,64,64,2,V-2023.12-SP4,856,664,192,387.929101,149.050371,238.878731,0.22429906542056074,0.6157793534545891,1.73,0.04,0.0,0,V-2023.12-SP4,876,684,192,409.2,157.14,252.07,539.9654,0.7578,0.2191780821917808,0.6160068426197458,0.84,0.93,0.0,0,V-2023.12-SP3,V-2023.12-SP4,0.8573,0.188,0.0008329,1.046,1.0453,2.0906,0.5004000000000001,0.04087,1.98e-05,0.5413,0.2306,0.028249999999999997,0.0005312,0.2594,0.1262,0.1189,0.0002819,0.2454,0.0,0.0,0.0,0.0,0.0,0.0,0.0,0.0,0.0,0.0,0.0,0.0,0.0,0.0,0.0,0.0,vectored,random,2,2026-07-25T04:10:47+00:00
intadd_48_48_56_5_10nm_TT_0V8_25C_800MHz,intadd,a_width=48;b_width=48;out_width=56;pipeline_stages=5,10nm,TT,0.8,25.0,1.25,800.0,48,48,56,5,V-2023.12-SP4,782,423,359,301.73185,81.16224,220.56961,0.45907928388746805,0.7310120227612696,0.8,0.23,0.0,0,V-2023.12-SP4,842,483,359,315.49,94.92,220.57,429.6499,0.7343,0.42636579572446553,0.6991346793876192,0.45,0.66,0.0,0,V-2023.12-SP3,V-2023.12-SP4,1.954,0.386,0.0009396,2.341,2.34,2.925,1.331,0.2162,9.164000000000001e-05,1.547,0.4229,0.07355,0.0005700999999999999,0.49700000000000005,0.2001,0.09627,0.00027790000000000003,0.2966,0.0,0.0,0.0,0.0,0.0,0.0,0.0,0.0,0.0,0.0,0.0,0.0,0.0,0.0,0.0,0.0,vectored,random,2,2026-07-25T04:10:47+00:00
intadd_64_64_64_2_20nm_TT_0V9_25C_500MHz,intadd,a_width=64;b_width=64;out_width=64;pipeline_stages=2,20nm,TT,0.9,25.0,2.0,500.0,64,64,64,2,V-2023.12-SP4,891,699,192,668.447996,262.943999,405.503998,0.21548821548821548,0.6066350717281529,1.72,0.04,0.0,0,V-2023.12-SP4,902,710,192,679.64,274.14,405.5,938.9952,0.7238,0.21286031042128603,0.5966393973279972,0.87,0.9,0.0,0,V-2023.12-SP3,V-2023.12-SP4,0.8039,0.1422,0.052169999999999994,0.9983,0.9460999999999999,1.8921999999999999,0.6058,0.03773,0.05155,0.6951,0.1101,0.013210000000000001,0.00029089999999999997,0.1236,0.08805,0.09127,0.0003306,0.1797,0.0,0.0,0.0,0.0,0.0,0.0,0.0,0.0,0.0,0.0,0.0,0.0,0.0,0.0,0.0,0.0,unvectored,none,2,2026-07-25T04:10:51+00:00
intadd_64_64_64_2_20nm_TT_0V9_25C_500MHz,intadd,a_width=64;b_width=64;out_width=64;pipeline_stages=2,20nm,TT,0.9,25.0,2.0,500.0,64,64,64,2,V-2023.12-SP4,891,699,192,668.447996,262.943999,405.503998,0.21548821548821548,0.6066350717281529,1.72,0.04,0.0,0,V-2023.12-SP4,902,710,192,679.64,274.14,405.5,938.9952,0.7238,0.21286031042128603,0.5966393973279972,0.87,0.9,0.0,0,V-2023.12-SP3,V-2023.12-SP4,1.0,0.212,0.052250000000000005,1.2650000000000001,1.212,2.424,0.6065,0.03773,0.05155,0.6958,0.242,0.03298,0.0003504,0.27530000000000004,0.1518,0.14129999999999998,0.0003522,0.2934,0.0,0.0,0.0,0.0,0.0,0.0,0.0,0.0,0.0,0.0,0.0,0.0,0.0,0.0,0.0,0.0,vectored,random,2,2026-07-25T04:10:57+00:00
intadd_64_64_64_3_20nm_TT_0V9_25C_800MHz,intadd,a_width=64;b_width=64;out_width=64;pipeline_stages=3,20nm,TT,0.9,25.0,1.25,800.0,64,64,64,3,V-2023.12-SP4,1085,796,289,914.390395,304.022398,610.367997,0.2663594470046083,0.6675135700654423,0.96,0.05,0.0,0,V-2023.12-SP4,1105,816,289,954.94,344.57,610.37,1297.296,0.7361,0.26153846153846155,0.6391710473956479,0.49,0.53,0.0,0,V-2023.12-SP3,V-2023.12-SP4,1.9889999999999999,0.34959999999999997,0.207,2.5460000000000003,2.3386,2.92325,1.557,0.1523,0.2062,1.915,0.2563,0.03011,0.00043850000000000003,0.2869,0.1762,0.1672,0.0003987,0.3437,0.0,0.0,0.0,0.0,0.0,0.0,0.0,0.0,0.0,0.0,0.0,0.0,0.0,0.0,0.0,0.0,unvectored,none,2,2026-07-25T04:10:59+00:00
intadd_64_64_64_3_20nm_TT_0V9_25C_800MHz,intadd,a_width=64;b_width=64;out_width=64;pipeline_stages=3,20nm,TT,0.9,25.0,1.25,800.0,64,64,64,3,V-2023.12-SP4,1085,796,289,914.390395,304.022398,610.367997,0.2663594470046083,0.6675135700654423,0.96,0.05,0.0,0,V-2023.12-SP4,1105,816,289,954.94,344.57,610.37,1297.296,0.7361,0.26153846153846155,0.6391710473956479,0.49,0.53,0.0,0,V-2023.12-SP3,V-2023.12-SP4,2.428,0.4763,0.2072,3.112,2.9043,3.630375,1.5579999999999998,0.1523,0.2062,1.917,0.5728000000000001,0.07518,0.0005277000000000001,0.6485,0.2972,0.24879999999999997,0.0004308,0.5464000000000001,0.0,0.0,0.0,0.0,0.0,0.0,0.0,0.0,0.0,0.0,0.0,0.0,0.0,0.0,0.0,0.0,vectored,random,2,2026-07-25T04:11:05+00:00
intadd_48_48_56_3_5nm_TT_0V7_25C_1333p33MHz,intadd,a_width=48;b_width=48;out_width=56;pipeline_stages=3,5nm,TT,0.7,25.0,0.75,1333.3333333333333,48,48,56,3,V-2023.12-SP4,795,581,214,55.540799,19.5888,35.952,0.2691823899371069,0.6473079366395142,0.48,0.05,0.0,0,V-2023.12-SP4,815,601,214,56.7,20.75,35.95,79.2456,0.7155,0.2625766871165644,0.6340388007054674,0.19,0.37,0.0,0,V-2023.12-SP3,V-2023.12-SP4,0.9806000000000001,0.3014,0.0005761,1.2830000000000001,1.282,0.9615,0.7412,0.1683,1.8e-05,0.9095000000000001,0.1396,0.020380000000000002,0.000394,0.1604,0.09981,0.11270000000000001,0.0001642,0.2127,0.0,0.0,0.0,0.0,0.0,0.0,0.0,0.0,0.0,0.0,0.0,0.0,0.0,0.0,0.0,0.0,unvectored,none,2,2026-07-25T04:11:13+00:00
intadd_48_48_56_3_5nm_TT_0V7_25C_1333p33MHz,intadd,a_width=48;b_width=48;out_width=56;pipeline_stages=3,5nm,TT,0.7,25.0,0.75,1333.3333333333333,48,48,56,3,V-2023.12-SP4,795,581,214,55.540799,19.5888,35.952,0.2691823899371069,0.6473079366395142,0.48,0.05,0.0,0,V-2023.12-SP4,815,601,214,56.7,20.75,35.95,79.2456,0.7155,0.2625766871165644,0.6340388007054674,0.19,0.37,0.0,0,V-2023.12-SP3,V-2023.12-SP4,1.231,0.39330000000000004,0.0005488,1.625,1.6243,1.2182250000000001,0.7454000000000001,0.1683,1.8e-05,0.9137000000000001,0.3099,0.05087,0.00035800000000000003,0.3611,0.17579999999999998,0.1742,0.0001728,0.3501,0.0,0.0,0.0,0.0,0.0,0.0,0.0,0.0,0.0,0.0,0.0,0.0,0.0,0.0,0.0,0.0,vectored,random,2,2026-07-25T04:11:20+00:00
intadd_48_48_56_3_5nm_TT_0V7_25C_800MHz,intadd,a_width=48;b_width=48;out_width=56;pipeline_stages=3,5nm,TT,0.7,25.0,1.25,800.0,48,48,56,3,V-2023.12-SP4,614,400,214,53.726399,17.7744,35.952,0.3485342019543974,0.6691682425989502,0.79,0.24,0.0,0,V-2023.12-SP4,631,417,214,54.78,18.82,35.95,76.44,0.7166,0.33914421553090335,0.6562614092734576,0.44,0.67,0.0,0,V-2023.12-SP3,V-2023.12-SP4,0.6189,0.16190000000000002,0.0005523,0.7814,0.7808,0.9760000000000001,0.47600000000000003,0.09393,1.6239999999999997e-05,0.5699000000000001,0.08359,0.01414,0.000394,0.09813,0.05933,0.053829999999999996,0.000142,0.1133,0.0,0.0,0.0,0.0,0.0,0.0,0.0,0.0,0.0,0.0,0.0,0.0,0.0,0.0,0.0,0.0,unvectored,none,2,2026-07-25T04:12:31+00:00
intadd_48_48_48_3_7nm_TT_0V75_25C_800MHz,intadd,a_width=48;b_width=48;out_width=48;pipeline_stages=3,7nm,TT,0.75,25.0,1.25,800.0,48,48,48,3,V-2023.12-SP4,488,271,217,100.525826,30.530303,69.995523,0.444672131147541,0.6962939354509756,0.97,0.06,0.0,0,V-2023.12-SP4,507,290,217,102.46,32.47,70.0,141.749,0.7228,0.4280078895463511,0.6831934413429631,0.44,0.69,0.0,0,V-2023.12-SP3,V-2023.12-SP4,0.6973,0.1652,0.0007106,0.8633,0.8625,1.078125,0.5394,0.09796,1.494e-05,0.6373000000000001,0.09168,0.01663,0.0005558000000000001,0.10890000000000001,0.06629,0.05062,0.00013979999999999998,0.1171,0.0,0.0,0.0,0.0,0.0,0.0,0.0,0.0,0.0,0.0,0.0,0.0,0.0,0.0,0.0,0.0,unvectored,none,2,2026-07-25T04:12:36+00:00
intadd_48_48_56_3_5nm_TT_0V7_25C_800MHz,intadd,a_width=48;b_width=48;out_width=56;pipeline_stages=3,5nm,TT,0.7,25.0,1.25,800.0,48,48,56,3,V-2023.12-SP4,614,400,214,53.726399,17.7744,35.952,0.3485342019543974,0.6691682425989502,0.79,0.24,0.0,0,V-2023.12-SP4,631,417,214,54.78,18.82,35.95,76.44,0.7166,0.33914421553090335,0.6562614092734576,0.44,0.67,0.0,0,V-2023.12-SP3,V-2023.12-SP4,0.7619,0.1999,0.0005208,0.9623999999999999,0.9618,1.20225,0.47869999999999996,0.09393,1.6239999999999997e-05,0.5726,0.185,0.03532,0.0003538,0.2207,0.09827000000000001,0.07066,0.0001507,0.1691,0.0,0.0,0.0,0.0,0.0,0.0,0.0,0.0,0.0,0.0,0.0,0.0,0.0,0.0,0.0,0.0,vectored,random,2,2026-07-25T04:12:38+00:00
intadd_48_48_48_3_7nm_TT_0V75_25C_800MHz,intadd,a_width=48;b_width=48;out_width=48;pipeline_stages=3,7nm,TT,0.75,25.0,1.25,800.0,48,48,48,3,V-2023.12-SP4,488,271,217,100.525826,30.530303,69.995523,0.444672131147541,0.6962939354509756,0.97,0.06,0.0,0,V-2023.12-SP4,507,290,217,102.46,32.47,70.0,141.749,0.7228,0.4280078895463511,0.6831934413429631,0.44,0.69,0.0,0,V-2023.12-SP3,V-2023.12-SP4,0.859,0.19799999999999998,0.0008307999999999999,1.0579999999999998,1.057,1.32125,0.5391,0.09796,1.4959999999999999e-05,0.6371,0.20579999999999998,0.04147,0.0006722,0.2479,0.1141,0.05859,0.0001436,0.1728,0.0,0.0,0.0,0.0,0.0,0.0,0.0,0.0,0.0,0.0,0.0,0.0,0.0,0.0,0.0,0.0,vectored,random,2,2026-07-25T04:12:43+00:00
intadd_48_48_56_5_5nm_TT_0V7_25C_1333p33MHz,intadd,a_width=48;b_width=48;out_width=56;pipeline_stages=5,5nm,TT,0.7,25.0,0.75,1333.3333333333333,48,48,56,5,V-2023.12-SP4,992,640,352,82.790399,23.6544,59.135999,0.3548387096774194,0.7142857108346585,0.44,0.1,0.0,0,V-2023.12-SP4,1019,667,352,84.34,25.2,59.14,116.6592,0.7229,0.34543670264965654,0.7012093905620109,0.19,0.37,0.0,0,V-2023.12-SP3,V-2023.12-SP4,1.5479999999999998,0.4501,0.0008739,1.9989999999999999,1.9980999999999998,1.4985749999999998,1.199,0.2901,2.17e-05,1.489,0.2228,0.030589999999999996,0.0006479,0.2541,0.1265,0.12940000000000002,0.00020419999999999998,0.2561,0.0,0.0,0.0,0.0,0.0,0.0,0.0,0.0,0.0,0.0,0.0,0.0,0.0,0.0,0.0,0.0,unvectored,none,2,2026-07-25T04:13:27+00:00
intadd_48_48_56_5_5nm_TT_0V7_25C_1333p33MHz,intadd,a_width=48;b_width=48;out_width=56;pipeline_stages=5,5nm,TT,0.7,25.0,0.75,1333.3333333333333,48,48,56,5,V-2023.12-SP4,992,640,352,82.790399,23.6544,59.135999,0.3548387096774194,0.7142857108346585,0.44,0.1,0.0,0,V-2023.12-SP4,1019,667,352,84.34,25.2,59.14,116.6592,0.7229,0.34543670264965654,0.7012093905620109,0.19,0.37,0.0,0,V-2023.12-SP3,V-2023.12-SP4,1.9020000000000001,0.5253,0.0008272,2.428,2.4273000000000002,1.820475,1.206,0.2901,2.17e-05,1.496,0.49269999999999997,0.07634,0.000587,0.5696,0.20359999999999998,0.1589,0.0002185,0.36269999999999997,0.0,0.0,0.0,0.0,0.0,0.0,0.0,0.0,0.0,0.0,0.0,0.0,0.0,0.0,0.0,0.0,vectored,random,2,2026-07-25T04:13:34+00:00
intadd_64_64_64_5_16nm_TT_0V85_25C_666p667MHz,intadd,a_width=64;b_width=64;out_width=64;pipeline_stages=5,16nm,TT,0.85,25.0,1.5,666.6666666666666,64,64,64,5,V-2023.12-SP4,1347,864,483,805.966878,205.037571,600.929307,0.3585746102449889,0.7456004997267395,1.05,0.22,0.0,0,V-2023.12-SP4,1413,930,483,875.89,248.09,627.8,1132.9321,0.7731,0.34182590233545646,0.7167566703581499,0.59,0.76,0.0,0,V-2023.12-SP3,V-2023.12-SP4,2.341,0.4858,0.1948,3.021,2.8268000000000004,4.240200000000001,1.868,0.3178,0.1928,2.378,0.3192,0.032150000000000005,0.001644,0.35300000000000004,0.1538,0.1358,0.0003939,0.2901,0.0,0.0,0.0,0.0,0.0,0.0,0.0,0.0,0.0,0.0,0.0,0.0,0.0,0.0,0.0,0.0,unvectored,none,2,2026-07-25T04:13:40+00:00
intadd_64_64_64_5_16nm_TT_0V85_25C_666p667MHz,intadd,a_width=64;b_width=64;out_width=64;pipeline_stages=5,16nm,TT,0.85,25.0,1.5,666.6666666666666,64,64,64,5,V-2023.12-SP4,1347,864,483,805.966878,205.037571,600.929307,0.3585746102449889,0.7456004997267395,1.05,0.22,0.0,0,V-2023.12-SP4,1413,930,483,875.89,248.09,627.8,1132.9321,0.7731,0.34182590233545646,0.7167566703581499,0.59,0.76,0.0,0,V-2023.12-SP3,V-2023.12-SP4,2.833,0.5588000000000001,0.19469999999999998,3.5869999999999997,3.3918000000000004,5.087700000000001,1.8699999999999999,0.3178,0.1928,2.3800000000000003,0.7225,0.08033,0.001496,0.8044,0.2407,0.1607,0.0004361,0.4018,0.0,0.0,0.0,0.0,0.0,0.0,0.0,0.0,0.0,0.0,0.0,0.0,0.0,0.0,0.0,0.0,vectored,random,2,2026-07-25T04:13:46+00:00
intadd_48_48_56_5_5nm_TT_0V7_25C_800MHz,intadd,a_width=48;b_width=48;out_width=56;pipeline_stages=5,5nm,TT,0.7,25.0,1.25,800.0,48,48,56,5,V-2023.12-SP4,782,423,359,85.495199,25.1832,60.311999,0.45907928388746805,0.7054431091504916,0.58,0.45,0.0,0,V-2023.12-SP4,811,452,359,87.0,26.69,60.31,120.666,0.721,0.44266337854500615,0.6932183908045977,0.44,0.66,0.0,0,V-2023.12-SP3,V-2023.12-SP4,0.9970000000000001,0.2516,0.000874,1.25,1.2486000000000002,1.56075,0.7746,0.1606,2.088e-05,0.9351999999999999,0.136,0.023,0.0006613,0.1597,0.08644,0.06796,0.0001919,0.1546,0.0,0.0,0.0,0.0,0.0,0.0,0.0,0.0,0.0,0.0,0.0,0.0,0.0,0.0,0.0,0.0,unvectored,none,2,2026-07-25T04:13:52+00:00
intadd_48_48_56_5_5nm_TT_0V7_25C_800MHz,intadd,a_width=48;b_width=48;out_width=56;pipeline_stages=5,5nm,TT,0.7,25.0,1.25,800.0,48,48,56,5,V-2023.12-SP4,782,423,359,85.495199,25.1832,60.311999,0.45907928388746805,0.7054431091504916,0.58,0.45,0.0,0,V-2023.12-SP4,811,452,359,87.0,26.69,60.31,120.666,0.721,0.44266337854500615,0.6932183908045977,0.44,0.66,0.0,0,V-2023.12-SP3,V-2023.12-SP4,1.229,0.2935,0.0008229,1.524,1.5225,1.903125,0.7789999999999999,0.1606,2.089e-05,0.9396,0.3055,0.057429999999999995,0.0005954,0.3636,0.1447,0.07546,0.0002066,0.2203,0.0,0.0,0.0,0.0,0.0,0.0,0.0,0.0,0.0,0.0,0.0,0.0,0.0,0.0,0.0,0.0,vectored,random,2,2026-07-25T04:13:59+00:00
intadd_64_64_72_2_20nm_TT_0V9_25C_800MHz,intadd,a_width=64;b_width=64;out_width=72;pipeline_stages=2,20nm,TT,0.9,25.0,1.25,800.0,64,64,72,2,V-2023.12-SP4,965,772,193,690.623996,283.007998,407.615998,0.2,0.590214067800795,1.01,0.01,0.0,0,V-2023.12-SP4,980,787,193,707.94,300.33,407.62,976.0608,0.7253,0.19693877551020408,0.5757832584682318,0.5,0.51,0.0,0,V-2023.12-SP3,V-2023.12-SP4,1.3259999999999998,0.251,0.0006756,1.578,1.577,1.97125,1.001,0.06863,2.96e-05,1.07,0.17679999999999998,0.02001,0.0002923,0.1971,0.1483,0.1624,0.0003536,0.311,0.0,0.0,0.0,0.0,0.0,0.0,0.0,0.0,0.0,0.0,0.0,0.0,0.0,0.0,0.0,0.0,unvectored,none,2,2026-07-25T04:14:33+00:00
intadd_64_64_72_2_20nm_TT_0V9_25C_800MHz,intadd,a_width=64;b_width=64;out_width=72;pipeline_stages=2,20nm,TT,0.9,25.0,1.25,800.0,64,64,72,2,V-2023.12-SP4,965,772,193,690.623996,283.007998,407.615998,0.2,0.590214067800795,1.01,0.01,0.0,0,V-2023.12-SP4,980,787,193,707.94,300.33,407.62,976.0608,0.7253,0.19693877551020408,0.5757832584682318,0.5,0.51,0.0,0,V-2023.12-SP3,V-2023.12-SP4,1.641,0.3609,0.0007569,2.002,2.0019,2.502375,1.003,0.06863,2.96e-05,1.071,0.388,0.04999,0.0003516,0.43839999999999996,0.25,0.24230000000000002,0.00037580000000000003,0.49269999999999997,0.0,0.0,0.0,0.0,0.0,0.0,0.0,0.0,0.0,0.0,0.0,0.0,0.0,0.0,0.0,0.0,vectored,random,2,2026-07-25T04:14:40+00:00
intadd_48_48_48_5_7nm_TT_0V75_25C_800MHz,intadd,a_width=48;b_width=48;out_width=48;pipeline_stages=5,7nm,TT,0.75,25.0,1.25,800.0,48,48,48,5,V-2023.12-SP4,780,417,363,157.03834,39.949055,117.089284,0.4653846153846154,0.7456095371359631,0.54,0.49,0.0,0,V-2023.12-SP4,809,446,363,159.41,42.32,117.09,222.6632,0.7159,0.44870210135970334,0.7345210463584468,0.44,0.69,0.0,0,V-2023.12-SP3,V-2023.12-SP4,1.1460000000000001,0.2623,0.001144,1.41,1.4083,1.7603750000000002,0.9108,0.16870000000000002,1.596e-05,1.08,0.149,0.02302,0.0009293000000000001,0.1729,0.08651,0.07057,0.0001987,0.1573,0.0,0.0,0.0,0.0,0.0,0.0,0.0,0.0,0.0,0.0,0.0,0.0,0.0,0.0,0.0,0.0,unvectored,none,2,2026-07-25T04:14:57+00:00
intadd_48_48_48_5_7nm_TT_0V75_25C_800MHz,intadd,a_width=48;b_width=48;out_width=48;pipeline_stages=5,7nm,TT,0.75,25.0,1.25,800.0,48,48,48,5,V-2023.12-SP4,780,417,363,157.03834,39.949055,117.089284,0.4653846153846154,0.7456095371359631,0.54,0.49,0.0,0,V-2023.12-SP4,809,446,363,159.41,42.32,117.09,222.6632,0.7159,0.44870210135970334,0.7345210463584468,0.44,0.69,0.0,0,V-2023.12-SP3,V-2023.12-SP4,1.392,0.296,0.001349,1.6900000000000002,1.688,2.11,0.9104,0.16870000000000002,1.599e-05,1.0790000000000002,0.3362,0.05739,0.001127,0.3947,0.14579999999999999,0.06992,0.00020580000000000002,0.216,0.0,0.0,0.0,0.0,0.0,0.0,0.0,0.0,0.0,0.0,0.0,0.0,0.0,0.0,0.0,0.0,vectored,random,2,2026-07-25T04:15:05+00:00
intadd_64_64_72_2_10nm_TT_0V8_25C_1333p33MHz,intadd,a_width=64;b_width=64;out_width=72;pipeline_stages=2,10nm,TT,0.8,25.0,0.75,1333.3333333333333,64,64,72,2,V-2023.12-SP4,927,734,193,198.021125,79.441919,118.579206,0.20819848975188782,0.5988209894272644,0.46,0.07,0.0,0,V-2023.12-SP4,936,743,193,202.44,83.87,118.58,277.4016,0.7298,0.20619658119658119,0.5857538035961273,0.2,0.36,0.0,0,V-2023.12-SP3,V-2023.12-SP4,1.353,0.3695,0.0005695,1.7229999999999999,1.7225,1.2918749999999999,1.0219999999999998,0.1691,2.908e-05,1.191,0.17809999999999998,0.023200000000000002,0.00028280000000000004,0.2016,0.1529,0.1772,0.0002577,0.3304,0.0,0.0,0.0,0.0,0.0,0.0,0.0,0.0,0.0,0.0,0.0,0.0,0.0,0.0,0.0,0.0,unvectored,none,2,2026-07-25T04:15:08+00:00
intadd_64_64_64_2_5nm_TT_0V7_25C_1333p33MHz,intadd,a_width=64;b_width=64;out_width=64;pipeline_stages=2,5nm,TT,0.7,25.0,0.75,1333.3333333333333,64,64,64,2,V-2023.12-SP4,903,711,192,55.137599,22.8816,32.256,0.21262458471760798,0.5850091513778103,0.5,0.03,0.0,0,V-2023.12-SP4,910,718,192,56.0,23.75,32.26,77.3136,0.7244,0.210989010989011,0.5760714285714286,0.19,0.36,0.0,0,V-2023.12-SP3,V-2023.12-SP4,0.9166000000000001,0.2953,0.0005572,1.212,1.2119,0.908925,0.6729,0.1346,1.5550000000000002e-05,0.8075,0.1298,0.02062,0.0003537,0.15080000000000002,0.1138,0.1401,0.000188,0.2541,0.0,0.0,0.0,0.0,0.0,0.0,0.0,0.0,0.0,0.0,0.0,0.0,0.0,0.0,0.0,0.0,unvectored,none,2,2026-07-25T04:15:13+00:00
intadd_64_64_72_2_10nm_TT_0V8_25C_1333p33MHz,intadd,a_width=64;b_width=64;out_width=72;pipeline_stages=2,10nm,TT,0.8,25.0,0.75,1333.3333333333333,64,64,72,2,V-2023.12-SP4,927,734,193,198.021125,79.441919,118.579206,0.20819848975188782,0.5988209894272644,0.46,0.07,0.0,0,V-2023.12-SP4,936,743,193,202.44,83.87,118.58,277.4016,0.7298,0.20619658119658119,0.5857538035961273,0.2,0.36,0.0,0,V-2023.12-SP3,V-2023.12-SP4,1.664,0.5092,0.0006014,2.173,2.1732,1.6299000000000001,1.021,0.1691,2.908e-05,1.1900000000000002,0.3907,0.05795,0.00030450000000000003,0.4489,0.2517,0.28219999999999995,0.0002678,0.5342,0.0,0.0,0.0,0.0,0.0,0.0,0.0,0.0,0.0,0.0,0.0,0.0,0.0,0.0,0.0,0.0,vectored,random,2,2026-07-25T04:15:14+00:00
intadd_64_64_64_5_10nm_TT_0V8_25C_800MHz,intadd,a_width=64;b_width=64;out_width=64;pipeline_stages=5,10nm,TT,0.8,25.0,1.25,800.0,64,64,64,5,V-2023.12-SP4,1036,553,483,398.407694,101.65248,296.755214,0.46621621621621623,0.744853120231157,0.89,0.14,0.0,0,V-2023.12-SP4,1088,605,483,412.39,115.63,296.76,567.5827,0.7266,0.44393382352941174,0.7196100778389388,0.45,0.65,0.0,0,V-2023.12-SP3,V-2023.12-SP4,2.059,0.46599999999999997,0.001124,2.5260000000000002,2.5250000000000004,3.1562500000000004,1.6509999999999998,0.3145,8.333e-05,1.966,0.2512,0.03998,0.0007076,0.2919,0.1562,0.1115,0.00033299999999999996,0.2681,0.0,0.0,0.0,0.0,0.0,0.0,0.0,0.0,0.0,0.0,0.0,0.0,0.0,0.0,0.0,0.0,unvectored,none,2,2026-07-25T04:15:15+00:00
intadd_64_64_64_2_5nm_TT_0V7_25C_1333p33MHz,intadd,a_width=64;b_width=64;out_width=64;pipeline_stages=2,5nm,TT,0.7,25.0,0.75,1333.3333333333333,64,64,64,2,V-2023.12-SP4,903,711,192,55.137599,22.8816,32.256,0.21262458471760798,0.5850091513778103,0.5,0.03,0.0,0,V-2023.12-SP4,910,718,192,56.0,23.75,32.26,77.3136,0.7244,0.210989010989011,0.5760714285714286,0.19,0.36,0.0,0,V-2023.12-SP3,V-2023.12-SP4,1.181,0.4285,0.0005327,1.61,1.6095000000000002,1.207125,0.6768,0.1346,1.5550000000000002e-05,0.8114,0.28959999999999997,0.05149,0.0003212,0.3414,0.2146,0.2424,0.00019600000000000002,0.4572,0.0,0.0,0.0,0.0,0.0,0.0,0.0,0.0,0.0,0.0,0.0,0.0,0.0,0.0,0.0,0.0,vectored,random,2,2026-07-25T04:15:20+00:00
intadd_64_64_64_5_10nm_TT_0V8_25C_800MHz,intadd,a_width=64;b_width=64;out_width=64;pipeline_stages=5,10nm,TT,0.8,25.0,1.25,800.0,64,64,64,5,V-2023.12-SP4,1036,553,483,398.407694,101.65248,296.755214,0.46621621621621623,0.744853120231157,0.89,0.14,0.0,0,V-2023.12-SP4,1088,605,483,412.39,115.63,296.76,567.5827,0.7266,0.44393382352941174,0.7196100778389388,0.45,0.65,0.0,0,V-2023.12-SP3,V-2023.12-SP4,2.472,0.5328,0.001201,3.006,3.0048,3.756,1.6509999999999998,0.3145,8.334e-05,1.965,0.5640000000000001,0.09988999999999999,0.0007612,0.6646,0.2571,0.1185,0.0003568,0.37589999999999996,0.0,0.0,0.0,0.0,0.0,0.0,0.0,0.0,0.0,0.0,0.0,0.0,0.0,0.0,0.0,0.0,vectored,random,2,2026-07-25T04:15:22+00:00
intadd_64_64_72_2_20nm_TT_0V9_25C_444p444MHz,intadd,a_width=64;b_width=64;out_width=72;pipeline_stages=2,20nm,TT,0.9,25.0,2.25,444.44444444444446,64,64,72,2,V-2023.12-SP4,894,701,193,670.876796,263.260799,407.615998,0.21588366890380314,0.6075869674288153,1.85,0.16,0.0,0,V-2023.12-SP4,906,713,193,695.59,287.97,407.62,938.9952,0.7408,0.2130242825607064,0.5860061242973591,1.0,1.02,0.0,0,V-2023.12-SP3,V-2023.12-SP4,0.7475,0.1339,0.1553,1.037,0.8814000000000001,1.9831500000000002,0.5698,0.04213,0.1546,0.7666,0.09838999999999999,0.01187,0.0002927,0.1106,0.07930999999999999,0.07993,0.0003326,0.1596,0.0,0.0,0.0,0.0,0.0,0.0,0.0,0.0,0.0,0.0,0.0,0.0,0.0,0.0,0.0,0.0,unvectored,none,2,2026-07-25T04:15:25+00:00
intadd_64_64_72_2_20nm_TT_0V9_25C_444p444MHz,intadd,a_width=64;b_width=64;out_width=72;pipeline_stages=2,20nm,TT,0.9,25.0,2.25,444.44444444444446,64,64,72,2,V-2023.12-SP4,894,701,193,670.876796,263.260799,407.615998,0.21588366890380314,0.6075869674288153,1.85,0.16,0.0,0,V-2023.12-SP4,906,713,193,695.59,287.97,407.62,938.9952,0.7408,0.2130242825607064,0.5860061242973591,1.0,1.02,0.0,0,V-2023.12-SP3,V-2023.12-SP4,0.9216,0.1986,0.1554,1.276,1.1202,2.5204500000000003,0.5705,0.04213,0.1546,0.7672,0.2161,0.02964,0.0003521,0.2461,0.135,0.1268,0.00035400000000000004,0.2622,0.0,0.0,0.0,0.0,0.0,0.0,0.0,0.0,0.0,0.0,0.0,0.0,0.0,0.0,0.0,0.0,vectored,random,2,2026-07-25T04:15:32+00:00
intadd_48_48_56_2_7nm_TT_0V75_25C_1333p33MHz,intadd,a_width=48;b_width=48;out_width=56;pipeline_stages=2,7nm,TT,0.75,25.0,0.75,1333.3333333333333,48,48,56,2,V-2023.12-SP4,668,523,145,76.930562,30.15936,46.771202,0.21706586826347304,0.6079664672149413,0.43,0.1,0.0,0,V-2023.12-SP4,676,531,145,78.66,31.89,46.77,107.7834,0.7298,0.21449704142011836,0.5945842868039665,0.19,0.36,0.0,0,V-2023.12-SP3,V-2023.12-SP4,0.7894,0.22010000000000002,0.000531,1.01,1.0095,0.757125,0.599,0.10239999999999999,1.711e-05,0.7014,0.1056,0.01424,0.00037109999999999997,0.1202,0.08475999999999999,0.1034,0.0001428,0.1883,0.0,0.0,0.0,0.0,0.0,0.0,0.0,0.0,0.0,0.0,0.0,0.0,0.0,0.0,0.0,0.0,unvectored,none,2,2026-07-25T04:15:48+00:00
intadd_48_48_56_2_7nm_TT_0V75_25C_1333p33MHz,intadd,a_width=48;b_width=48;out_width=56;pipeline_stages=2,7nm,TT,0.75,25.0,0.75,1333.3333333333333,48,48,56,2,V-2023.12-SP4,668,523,145,76.930562,30.15936,46.771202,0.21706586826347304,0.6079664672149413,0.43,0.1,0.0,0,V-2023.12-SP4,676,531,145,78.66,31.89,46.77,107.7834,0.7298,0.21449704142011836,0.5945842868039665,0.19,0.36,0.0,0,V-2023.12-SP3,V-2023.12-SP4,1.004,0.3271,0.000607,1.332,1.3311,0.9983249999999999,0.5987,0.10239999999999999,1.711e-05,0.7012,0.2396,0.035519999999999996,0.00044429999999999996,0.27559999999999996,0.1655,0.18919999999999998,0.0001457,0.3548,0.0,0.0,0.0,0.0,0.0,0.0,0.0,0.0,0.0,0.0,0.0,0.0,0.0,0.0,0.0,0.0,vectored,random,2,2026-07-25T04:15:54+00:00
intadd_64_64_72_5_16nm_TT_0V85_25C_666p667MHz,intadd,a_width=64;b_width=64;out_width=72;pipeline_stages=5,16nm,TT,0.85,25.0,1.5,666.6666666666666,64,64,72,5,V-2023.12-SP4,1328,856,472,790.228253,202.984707,587.243546,0.35542168674698793,0.743131549360081,1.14,0.13,0.0,0,V-2023.12-SP4,1388,916,472,854.68,243.3,611.38,1122.1079,0.7617,0.3400576368876081,0.7153320541021201,0.59,0.74,0.0,0,V-2023.12-SP3,V-2023.12-SP4,2.28,0.4464,0.3233,3.049,2.7264,4.0896,1.818,0.2797,0.3212,2.419,0.3094,0.03121,0.0016899999999999999,0.34230000000000005,0.15239999999999998,0.13540000000000002,0.00038930000000000003,0.2882,0.0,0.0,0.0,0.0,0.0,0.0,0.0,0.0,0.0,0.0,0.0,0.0,0.0,0.0,0.0,0.0,unvectored,none,2,2026-07-25T04:17:28+00:00
intadd_64_64_72_5_16nm_TT_0V85_25C_666p667MHz,intadd,a_width=64;b_width=64;out_width=72;pipeline_stages=5,16nm,TT,0.85,25.0,1.5,666.6666666666666,64,64,72,5,V-2023.12-SP4,1328,856,472,790.228253,202.984707,587.243546,0.35542168674698793,0.743131549360081,1.14,0.13,0.0,0,V-2023.12-SP4,1388,916,472,854.68,243.3,611.38,1122.1079,0.7617,0.3400576368876081,0.7153320541021201,0.59,0.74,0.0,0,V-2023.12-SP3,V-2023.12-SP4,2.763,0.5220999999999999,0.3231,3.608,3.2851,4.92765,1.82,0.2797,0.3212,2.421,0.7007,0.07798,0.001514,0.7802,0.2417,0.16440000000000002,0.0004308,0.40650000000000003,0.0,0.0,0.0,0.0,0.0,0.0,0.0,0.0,0.0,0.0,0.0,0.0,0.0,0.0,0.0,0.0,vectored,random,2,2026-07-25T04:17:35+00:00
intadd_64_64_64_3_5nm_TT_0V7_25C_800MHz,intadd,a_width=64;b_width=64;out_width=64;pipeline_stages=3,5nm,TT,0.7,25.0,1.25,800.0,64,64,64,3,V-2023.12-SP4,957,668,289,72.399599,23.8476,48.551999,0.3019853709508882,0.6706114352926182,0.89,0.14,0.0,0,V-2023.12-SP4,976,687,289,73.89,25.34,48.55,102.312,0.7222,0.29610655737704916,0.6570577886046826,0.44,0.67,0.0,0,V-2023.12-SP3,V-2023.12-SP4,0.8313,0.22460000000000002,0.0007598,1.057,1.0559,1.3198750000000001,0.6433,0.126,2.609e-05,0.7693,0.1129,0.01692,0.000532,0.1304,0.07511999999999999,0.08161,0.00020170000000000002,0.15689999999999998,0.0,0.0,0.0,0.0,0.0,0.0,0.0,0.0,0.0,0.0,0.0,0.0,0.0,0.0,0.0,0.0,unvectored,none,2,2026-07-25T04:18:12+00:00
intadd_64_64_64_3_5nm_TT_0V7_25C_800MHz,intadd,a_width=64;b_width=64;out_width=64;pipeline_stages=3,5nm,TT,0.7,25.0,1.25,800.0,64,64,64,3,V-2023.12-SP4,957,668,289,72.399599,23.8476,48.551999,0.3019853709508882,0.6706114352926182,0.89,0.14,0.0,0,V-2023.12-SP4,976,687,289,73.89,25.34,48.55,102.312,0.7222,0.29610655737704916,0.6570577886046826,0.44,0.67,0.0,0,V-2023.12-SP3,V-2023.12-SP4,1.0219999999999998,0.2833,0.0007188,1.306,1.3053,1.6316249999999999,0.6468,0.126,2.609e-05,0.7728999999999999,0.24869999999999998,0.04227,0.0004789,0.2914,0.1261,0.115,0.0002138,0.24130000000000001,0.0,0.0,0.0,0.0,0.0,0.0,0.0,0.0,0.0,0.0,0.0,0.0,0.0,0.0,0.0,0.0,vectored,random,2,2026-07-25T04:18:19+00:00
intadd_48_48_56_3_7nm_TT_0V75_25C_1333p33MHz,intadd,a_width=48;b_width=48;out_width=56;pipeline_stages=3,7nm,TT,0.75,25.0,0.75,1333.3333333333333,48,48,56,3,V-2023.12-SP4,795,581,214,102.99341,33.965568,69.027843,0.2691823899371069,0.6702161138270886,0.49,0.04,0.0,0,V-2023.12-SP4,802,588,214,103.94,34.92,69.03,146.3132,0.7104,0.26683291770573564,0.6641331537425438,0.19,0.34,0.0,0,V-2023.12-SP3,V-2023.12-SP4,1.092,0.1606,0.0007250000000000001,1.254,1.2526000000000002,0.9394500000000001,0.8422,0.02617,7.870000000000001e-06,0.8684,0.1506,0.01959,0.000548,0.1707,0.09935000000000001,0.1149,0.0001691,0.2144,0.0,0.0,0.0,0.0,0.0,0.0,0.0,0.0,0.0,0.0,0.0,0.0,0.0,0.0,0.0,0.0,unvectored,none,2,2026-07-25T04:18:24+00:00
intadd_48_48_56_3_7nm_TT_0V75_25C_1333p33MHz,intadd,a_width=48;b_width=48;out_width=56;pipeline_stages=3,7nm,TT,0.75,25.0,0.75,1333.3333333333333,48,48,56,3,V-2023.12-SP4,795,581,214,102.99341,33.965568,69.027843,0.2691823899371069,0.6702161138270886,0.49,0.04,0.0,0,V-2023.12-SP4,802,588,214,103.94,34.92,69.03,146.3132,0.7104,0.26683291770573564,0.6641331537425438,0.19,0.34,0.0,0,V-2023.12-SP3,V-2023.12-SP4,1.36,0.25680000000000003,0.0008372,1.617,1.6168,1.2126000000000001,0.8417,0.02617,7.870000000000001e-06,0.8677999999999999,0.3386,0.04888,0.000656,0.3881,0.1795,0.1818,0.00017329999999999998,0.3614,0.0,0.0,0.0,0.0,0.0,0.0,0.0,0.0,0.0,0.0,0.0,0.0,0.0,0.0,0.0,0.0,vectored,random,2,2026-07-25T04:18:30+00:00
intadd_64_64_64_5_5nm_TT_0V7_25C_1333p33MHz,intadd,a_width=64;b_width=64;out_width=64;pipeline_stages=5,5nm,TT,0.7,25.0,0.75,1333.3333333333333,64,64,64,5,V-2023.12-SP4,1347,864,483,113.173199,32.0292,81.143999,0.3585746102449889,0.7169895321241206,0.49,0.04,0.0,0,V-2023.12-SP4,1377,894,483,114.58,33.44,81.14,160.02,0.7161,0.35076252723311546,0.7081515098621051,0.19,0.37,0.0,0,V-2023.12-SP3,V-2023.12-SP4,2.0669999999999997,0.6108,0.001182,2.679,2.6777999999999995,2.0083499999999996,1.591,0.3886,1.649e-05,1.9789999999999999,0.30479999999999996,0.04219,0.0008893,0.3479,0.1712,0.18000000000000002,0.00027570000000000003,0.3515,0.0,0.0,0.0,0.0,0.0,0.0,0.0,0.0,0.0,0.0,0.0,0.0,0.0,0.0,0.0,0.0,unvectored,none,2,2026-07-25T04:18:34+00:00
intadd_64_64_64_5_5nm_TT_0V7_25C_1333p33MHz,intadd,a_width=64;b_width=64;out_width=64;pipeline_stages=5,5nm,TT,0.7,25.0,0.75,1333.3333333333333,64,64,64,5,V-2023.12-SP4,1347,864,483,113.173199,32.0292,81.143999,0.3585746102449889,0.7169895321241206,0.49,0.04,0.0,0,V-2023.12-SP4,1377,894,483,114.58,33.44,81.14,160.02,0.7161,0.35076252723311546,0.7081515098621051,0.19,0.37,0.0,0,V-2023.12-SP3,V-2023.12-SP4,2.557,0.7181000000000001,0.0011179999999999999,3.277,3.2751,2.456325,1.6,0.3886,1.649e-05,1.9889999999999999,0.6768,0.1054,0.0008065,0.7829999999999999,0.2804,0.2241,0.0002955,0.5048,0.0,0.0,0.0,0.0,0.0,0.0,0.0,0.0,0.0,0.0,0.0,0.0,0.0,0.0,0.0,0.0,vectored,random,2,2026-07-25T04:18:41+00:00
intadd_48_48_56_3_7nm_TT_0V75_25C_800MHz,intadd,a_width=48;b_width=48;out_width=56;pipeline_stages=3,7nm,TT,0.75,25.0,1.25,800.0,48,48,56,3,V-2023.12-SP4,614,400,214,99.477506,30.449664,69.027843,0.3485342019543974,0.6939040369588678,0.83,0.2,0.0,0,V-2023.12-SP4,634,420,214,100.95,31.92,69.03,140.991,0.716,0.33753943217665616,0.6838038632986627,0.44,0.69,0.0,0,V-2023.12-SP3,V-2023.12-SP4,0.6886,0.171,0.0007084,0.8603000000000001,0.8596,1.0745,0.5373,0.1017,1.011e-05,0.639,0.09056,0.01381,0.0005482,0.10490000000000001,0.06072,0.05549,0.00015020000000000002,0.1164,0.0,0.0,0.0,0.0,0.0,0.0,0.0,0.0,0.0,0.0,0.0,0.0,0.0,0.0,0.0,0.0,unvectored,none,2,2026-07-25T04:18:45+00:00
intadd_64_64_64_5_5nm_TT_0V7_25C_800MHz,intadd,a_width=64;b_width=64;out_width=64;pipeline_stages=5,5nm,TT,0.7,25.0,1.25,800.0,64,64,64,5,V-2023.12-SP4,1036,553,483,112.971599,31.8276,81.143999,0.46621621621621623,0.7182690137899171,0.65,0.38,0.0,0,V-2023.12-SP4,1100,617,483,116.96,35.82,81.14,160.02,0.7309,0.4390909090909091,0.6937414500683995,0.44,0.65,0.0,0,V-2023.12-SP3,V-2023.12-SP4,1.416,0.3688,0.001201,1.786,1.7848,2.231,1.1219999999999999,0.25070000000000003,6.57e-05,1.3719999999999999,0.1832,0.03046,0.0008891,0.2145,0.11120000000000001,0.08763,0.0002459,0.1991,0.0,0.0,0.0,0.0,0.0,0.0,0.0,0.0,0.0,0.0,0.0,0.0,0.0,0.0,0.0,0.0,unvectored,none,2,2026-07-25T04:18:45+00:00
intadd_48_48_56_3_7nm_TT_0V75_25C_800MHz,intadd,a_width=48;b_width=48;out_width=56;pipeline_stages=3,7nm,TT,0.75,25.0,1.25,800.0,48,48,56,3,V-2023.12-SP4,614,400,214,99.477506,30.449664,69.027843,0.3485342019543974,0.6939040369588678,0.83,0.2,0.0,0,V-2023.12-SP4,634,420,214,100.95,31.92,69.03,140.991,0.716,0.33753943217665616,0.6838038632986627,0.44,0.69,0.0,0,V-2023.12-SP3,V-2023.12-SP4,0.8439,0.21130000000000002,0.0008255,1.056,1.0552,1.319,0.5371,0.1017,1.0120000000000001e-05,0.6389,0.2026,0.034499999999999996,0.0006616,0.2377,0.1042,0.07504999999999999,0.0001538,0.1794,0.0,0.0,0.0,0.0,0.0,0.0,0.0,0.0,0.0,0.0,0.0,0.0,0.0,0.0,0.0,0.0,vectored,random,2,2026-07-25T04:18:52+00:00
intadd_64_64_64_5_5nm_TT_0V7_25C_800MHz,intadd,a_width=64;b_width=64;out_width=64;pipeline_stages=5,5nm,TT,0.7,25.0,1.25,800.0,64,64,64,5,V-2023.12-SP4,1036,553,483,112.971599,31.8276,81.143999,0.46621621621621623,0.7182690137899171,0.65,0.38,0.0,0,V-2023.12-SP4,1100,617,483,116.96,35.82,81.14,160.02,0.7309,0.4390909090909091,0.6937414500683995,0.44,0.65,0.0,0,V-2023.12-SP3,V-2023.12-SP4,1.7229999999999999,0.4204,0.001133,2.144,2.1433999999999997,2.6792499999999997,1.1280000000000001,0.25070000000000003,6.577e-05,1.3780000000000001,0.4107,0.07609,0.0008012999999999999,0.4876,0.1844,0.09367,0.0002657,0.2783,0.0,0.0,0.0,0.0,0.0,0.0,0.0,0.0,0.0,0.0,0.0,0.0,0.0,0.0,0.0,0.0,vectored,random,2,2026-07-25T04:18:52+00:00
intadd_48_48_56_5_7nm_TT_0V75_25C_1333p33MHz,intadd,a_width=48;b_width=48;out_width=56;pipeline_stages=5,7nm,TT,0.75,25.0,0.75,1333.3333333333333,48,48,56,5,V-2023.12-SP4,992,640,352,152.877316,39.336192,113.541124,0.3548387096774194,0.7426943837763347,0.45,0.08,0.0,0,V-2023.12-SP4,1011,659,352,155.05,41.51,113.54,215.1475,0.7207,0.34817012858555885,0.7322799097065462,0.19,0.37,0.0,0,V-2023.12-SP3,V-2023.12-SP4,1.7,0.44920000000000004,0.001129,2.15,2.1492,1.6118999999999999,1.332,0.2845,1.386e-05,1.617,0.24059999999999998,0.02993,0.000901,0.2714,0.1273,0.1348,0.0002138,0.2623,0.0,0.0,0.0,0.0,0.0,0.0,0.0,0.0,0.0,0.0,0.0,0.0,0.0,0.0,0.0,0.0,unvectored,none,2,2026-07-25T04:19:26+00:00
intadd_48_48_56_5_7nm_TT_0V75_25C_1333p33MHz,intadd,a_width=48;b_width=48;out_width=56;pipeline_stages=5,7nm,TT,0.75,25.0,0.75,1333.3333333333333,48,48,56,5,V-2023.12-SP4,992,640,352,152.877316,39.336192,113.541124,0.3548387096774194,0.7426943837763347,0.45,0.08,0.0,0,V-2023.12-SP4,1011,659,352,155.05,41.51,113.54,215.1475,0.7207,0.34817012858555885,0.7322799097065462,0.19,0.37,0.0,0,V-2023.12-SP3,V-2023.12-SP4,2.0820000000000003,0.5236000000000001,0.001317,2.6069999999999998,2.6056000000000004,1.9542000000000002,1.332,0.2845,1.386e-05,1.616,0.5375,0.07468,0.001082,0.6132000000000001,0.2125,0.16440000000000002,0.0002208,0.3771,0.0,0.0,0.0,0.0,0.0,0.0,0.0,0.0,0.0,0.0,0.0,0.0,0.0,0.0,0.0,0.0,vectored,random,2,2026-07-25T04:19:33+00:00
intadd_96_96_96_2_20nm_TT_0V9_25C_363p636MHz,intadd,a_width=96;b_width=96;out_width=96;pipeline_stages=2,20nm,TT,0.9,25.0,2.75,363.6363636363636,96,96,96,2,V-2023.12-SP4,1354,1066,288,1007.423995,399.167998,608.255997,0.21270310192023634,0.6037735849243893,2.51,0.0,0.0,0,V-2023.12-SP4,1376,1088,288,1039.42,431.16,608.26,1424.4384,0.7297,0.20930232558139536,0.585191741548171,1.25,1.26,0.0,0,V-2023.12-SP3,V-2023.12-SP4,0.9198000000000001,0.1728,0.1041,1.1969999999999998,1.0926,3.00465,0.7012,0.052809999999999996,0.1031,0.8572000000000001,0.12029999999999999,0.01603,0.0004369,0.1367,0.09828,0.1039,0.0005042,0.2027,0.0,0.0,0.0,0.0,0.0,0.0,0.0,0.0,0.0,0.0,0.0,0.0,0.0,0.0,0.0,0.0,unvectored,none,2,2026-07-25T04:20:00+00:00
intadd_96_96_96_2_20nm_TT_0V9_25C_363p636MHz,intadd,a_width=96;b_width=96;out_width=96;pipeline_stages=2,20nm,TT,0.9,25.0,2.75,363.6363636363636,96,96,96,2,V-2023.12-SP4,1354,1066,288,1007.423995,399.167998,608.255997,0.21270310192023634,0.6037735849243893,2.51,0.0,0.0,0,V-2023.12-SP4,1376,1088,288,1039.42,431.16,608.26,1424.4384,0.7297,0.20930232558139536,0.585191741548171,1.25,1.26,0.0,0,V-2023.12-SP3,V-2023.12-SP4,1.1360000000000001,0.2565,0.1042,1.497,1.3925,3.829375,0.7020000000000001,0.052809999999999996,0.1031,0.858,0.265,0.04012,0.0005258,0.3057,0.1694,0.1636,0.0005365,0.33349999999999996,0.0,0.0,0.0,0.0,0.0,0.0,0.0,0.0,0.0,0.0,0.0,0.0,0.0,0.0,0.0,0.0,vectored,random,2,2026-07-25T04:20:07+00:00
intadd_64_64_72_2_5nm_TT_0V7_25C_1333p33MHz,intadd,a_width=64;b_width=64;out_width=72;pipeline_stages=2,5nm,TT,0.7,25.0,0.75,1333.3333333333333,64,64,72,2,V-2023.12-SP4,918,725,193,55.624799,23.2008,32.424,0.210239651416122,0.5829054771056341,0.42,0.11,0.0,0,V-2023.12-SP4,926,733,193,56.26,23.84,32.42,79.2456,0.71,0.2084233261339093,0.576253110558123,0.19,0.36,0.0,0,V-2023.12-SP3,V-2023.12-SP4,0.8804000000000001,0.325,0.0005543000000000001,1.206,1.2054,0.90405,0.635,0.1618,8.677e-06,0.7968,0.1306,0.02045,0.0003554,0.1514,0.1148,0.1428,0.0001903,0.2578,0.0,0.0,0.0,0.0,0.0,0.0,0.0,0.0,0.0,0.0,0.0,0.0,0.0,0.0,0.0,0.0,unvectored,none,2,2026-07-25T04:20:56+00:00
intadd_64_64_72_2_5nm_TT_0V7_25C_1333p33MHz,intadd,a_width=64;b_width=64;out_width=72;pipeline_stages=2,5nm,TT,0.7,25.0,0.75,1333.3333333333333,64,64,72,2,V-2023.12-SP4,918,725,193,55.624799,23.2008,32.424,0.210239651416122,0.5829054771056341,0.42,0.11,0.0,0,V-2023.12-SP4,926,733,193,56.26,23.84,32.42,79.2456,0.71,0.2084233261339093,0.576253110558123,0.19,0.36,0.0,0,V-2023.12-SP3,V-2023.12-SP4,1.142,0.4571,0.0005292,1.599,1.5991,1.199325,0.6388,0.1618,8.677e-06,0.8005,0.2904,0.05106,0.0003222,0.3417,0.2125,0.24429999999999996,0.0001983,0.457,0.0,0.0,0.0,0.0,0.0,0.0,0.0,0.0,0.0,0.0,0.0,0.0,0.0,0.0,0.0,0.0,vectored,random,2,2026-07-25T04:21:03+00:00
intadd_96_96_96_3_20nm_TT_0V9_25C_444p444MHz,intadd,a_width=96;b_width=96;out_width=96;pipeline_stages=3,20nm,TT,0.9,25.0,2.25,444.44444444444446,96,96,96,3,V-2023.12-SP4,1583,1150,433,1357.382393,442.886398,914.495995,0.2735312697409981,0.6737202425168042,2.01,0.0,0.0,0,V-2023.12-SP4,1641,1208,433,1416.1,501.6,914.5,1934.064,0.7322,0.2638634978671542,0.645787726855448,1.0,1.07,0.0,0,V-2023.12-SP3,V-2023.12-SP4,1.653,0.4016,0.05288,2.1069999999999998,2.0546,4.622850000000001,1.295,0.2304,0.05164,1.577,0.21330000000000002,0.02651,0.0006561,0.2404,0.1449,0.1447,0.0005855000000000001,0.2902,0.0,0.0,0.0,0.0,0.0,0.0,0.0,0.0,0.0,0.0,0.0,0.0,0.0,0.0,0.0,0.0,unvectored,none,2,2026-07-25T04:21:32+00:00
intadd_96_96_96_3_20nm_TT_0V9_25C_444p444MHz,intadd,a_width=96;b_width=96;out_width=96;pipeline_stages=3,20nm,TT,0.9,25.0,2.25,444.44444444444446,96,96,96,3,V-2023.12-SP4,1583,1150,433,1357.382393,442.886398,914.495995,0.2735312697409981,0.6737202425168042,2.01,0.0,0.0,0,V-2023.12-SP4,1641,1208,433,1416.1,501.6,914.5,1934.064,0.7322,0.2638634978671542,0.645787726855448,1.0,1.07,0.0,0,V-2023.12-SP3,V-2023.12-SP4,2.016,0.5021,0.05307,2.5709999999999997,2.5181,5.665725,1.296,0.2304,0.05164,1.578,0.47619999999999996,0.0663,0.000792,0.5433,0.2438,0.2054,0.0006342,0.4498,0.0,0.0,0.0,0.0,0.0,0.0,0.0,0.0,0.0,0.0,0.0,0.0,0.0,0.0,0.0,0.0,vectored,random,2,2026-07-25T04:21:39+00:00
intadd_64_64_72_3_5nm_TT_0V7_25C_1333p33MHz,intadd,a_width=64;b_width=64;out_width=72;pipeline_stages=3,5nm,TT,0.7,25.0,0.75,1333.3333333333333,64,64,72,3,V-2023.12-SP4,1049,763,286,74.104799,26.0568,48.047999,0.2726406101048618,0.6483790476241627,0.48,0.06,0.0,0,V-2023.12-SP4,1068,782,286,75.5,27.45,48.05,105.042,0.7188,0.26779026217228463,0.6364238410596026,0.19,0.36,0.0,0,V-2023.12-SP3,V-2023.12-SP4,1.306,0.41100000000000003,0.0007666,1.717,1.717,1.28775,0.985,0.2308,2.235e-05,1.216,0.18660000000000002,0.027469999999999998,0.0005265,0.2146,0.134,0.1528,0.0002177,0.287,0.0,0.0,0.0,0.0,0.0,0.0,0.0,0.0,0.0,0.0,0.0,0.0,0.0,0.0,0.0,0.0,unvectored,none,2,2026-07-25T04:21:39+00:00
intadd_48_48_56_5_7nm_TT_0V75_25C_800MHz,intadd,a_width=48;b_width=48;out_width=56;pipeline_stages=5,7nm,TT,0.75,25.0,1.25,800.0,48,48,56,5,V-2023.12-SP4,782,423,359,158.40922,42.610175,115.799044,0.45907928388746805,0.7310120206386976,0.61,0.42,0.0,0,V-2023.12-SP4,833,474,359,160.91,45.11,115.8,223.6147,0.7196,0.4309723889555822,0.7196569510906718,0.44,0.68,0.0,0,V-2023.12-SP3,V-2023.12-SP4,1.15,0.2641,0.0011489999999999998,1.415,1.4141,1.7676249999999998,0.9124,0.1702,2.3179999999999998e-05,1.083,0.14750000000000002,0.02306,0.0009184999999999999,0.17149999999999999,0.08962,0.07085,0.0002073,0.1607,0.0,0.0,0.0,0.0,0.0,0.0,0.0,0.0,0.0,0.0,0.0,0.0,0.0,0.0,0.0,0.0,unvectored,none,2,2026-07-25T04:21:43+00:00
intadd_64_64_72_3_5nm_TT_0V7_25C_1333p33MHz,intadd,a_width=64;b_width=64;out_width=72;pipeline_stages=3,5nm,TT,0.7,25.0,0.75,1333.3333333333333,64,64,72,3,V-2023.12-SP4,1049,763,286,74.104799,26.0568,48.047999,0.2726406101048618,0.6483790476241627,0.48,0.06,0.0,0,V-2023.12-SP4,1068,782,286,75.5,27.45,48.05,105.042,0.7188,0.26779026217228463,0.6364238410596026,0.19,0.36,0.0,0,V-2023.12-SP3,V-2023.12-SP4,1.64,0.5305000000000001,0.0007293,2.1710000000000003,2.1705,1.627875,0.9906999999999999,0.2308,2.235e-05,1.222,0.4137,0.06863,0.0004775,0.4828,0.2352,0.2311,0.00022950000000000002,0.4666,0.0,0.0,0.0,0.0,0.0,0.0,0.0,0.0,0.0,0.0,0.0,0.0,0.0,0.0,0.0,0.0,vectored,random,2,2026-07-25T04:21:47+00:00
intadd_48_48_56_5_7nm_TT_0V75_25C_800MHz,intadd,a_width=48;b_width=48;out_width=56;pipeline_stages=5,7nm,TT,0.75,25.0,1.25,800.0,48,48,56,5,V-2023.12-SP4,782,423,359,158.40922,42.610175,115.799044,0.45907928388746805,0.7310120206386976,0.61,0.42,0.0,0,V-2023.12-SP4,833,474,359,160.91,45.11,115.8,223.6147,0.7196,0.4309723889555822,0.7196569510906718,0.44,0.68,0.0,0,V-2023.12-SP3,V-2023.12-SP4,1.3960000000000001,0.3058,0.001346,1.704,1.7018000000000002,2.12725,0.9121,0.1702,2.3199999999999998e-05,1.082,0.3325,0.05759,0.0011099999999999999,0.39120000000000005,0.1519,0.07799,0.00021339999999999998,0.2301,0.0,0.0,0.0,0.0,0.0,0.0,0.0,0.0,0.0,0.0,0.0,0.0,0.0,0.0,0.0,0.0,vectored,random,2,2026-07-25T04:21:50+00:00
intadd_96_96_104_2_16nm_TT_0V85_25C_800MHz,intadd,a_width=96;b_width=96;out_width=104;pipeline_stages=2,16nm,TT,0.85,25.0,1.25,800.0,96,96,104,2,V-2023.12-SP4,1395,1106,289,602.235669,242.673412,359.562256,0.207168458781362,0.5970457654842094,0.88,0.14,0.0,0,V-2023.12-SP4,1419,1130,289,641.55,274.15,367.4,842.9184,0.7611,0.2036645525017618,0.5726755513989557,0.47,0.61,0.0,0,V-2023.12-SP3,V-2023.12-SP4,1.824,0.43600000000000005,0.45130000000000003,2.711,2.2600000000000002,2.825,1.41,0.20220000000000002,0.4496,2.062,0.2288,0.02991,0.001309,0.25999999999999995,0.1846,0.20379999999999998,0.0004238,0.3889,0.0,0.0,0.0,0.0,0.0,0.0,0.0,0.0,0.0,0.0,0.0,0.0,0.0,0.0,0.0,0.0,unvectored,none,2,2026-07-25T04:22:35+00:00
intadd_96_96_104_2_16nm_TT_0V85_25C_800MHz,intadd,a_width=96;b_width=96;out_width=104;pipeline_stages=2,16nm,TT,0.85,25.0,1.25,800.0,96,96,104,2,V-2023.12-SP4,1395,1106,289,602.235669,242.673412,359.562256,0.207168458781362,0.5970457654842094,0.88,0.14,0.0,0,V-2023.12-SP4,1419,1130,289,641.55,274.15,367.4,842.9184,0.7611,0.2036645525017618,0.5726755513989557,0.47,0.61,0.0,0,V-2023.12-SP3,V-2023.12-SP4,2.249,0.6059,0.4512,3.306,2.8549,3.5686250000000004,1.4120000000000001,0.20220000000000002,0.4496,2.064,0.5107999999999999,0.07487,0.001102,0.5868,0.3261,0.32880000000000004,0.0004496,0.6553,0.0,0.0,0.0,0.0,0.0,0.0,0.0,0.0,0.0,0.0,0.0,0.0,0.0,0.0,0.0,0.0,vectored,random,2,2026-07-25T04:22:42+00:00
intadd_96_96_104_2_16nm_TT_0V85_25C_500MHz,intadd,a_width=96;b_width=96;out_width=104;pipeline_stages=2,16nm,TT,0.85,25.0,2.0,500.0,96,96,104,2,V-2023.12-SP4,1356,1067,289,595.081748,235.519492,359.562256,0.21312684365781712,0.6042232974014858,1.63,0.14,0.0,0,V-2023.12-SP4,1388,1099,289,632.34,252.0,380.34,836.6976,0.7558,0.20821325648414984,0.601480216339311,0.85,0.97,0.0,0,V-2023.12-SP3,V-2023.12-SP4,1.0510000000000002,0.2639,0.001258,1.317,1.3149000000000002,2.6298000000000004,0.7825,0.12219999999999999,4.5249999999999995e-05,0.9047000000000001,0.1561,0.01845,0.0007979,0.1754,0.1128,0.12329999999999999,0.0004151,0.23650000000000002,0.0,0.0,0.0,0.0,0.0,0.0,0.0,0.0,0.0,0.0,0.0,0.0,0.0,0.0,0.0,0.0,unvectored,none,2,2026-07-25T04:23:40+00:00
intadd_96_96_104_2_16nm_TT_0V85_25C_500MHz,intadd,a_width=96;b_width=96;out_width=104;pipeline_stages=2,16nm,TT,0.85,25.0,2.0,500.0,96,96,104,2,V-2023.12-SP4,1356,1067,289,595.081748,235.519492,359.562256,0.21312684365781712,0.6042232974014858,1.63,0.14,0.0,0,V-2023.12-SP4,1388,1099,289,632.34,252.0,380.34,836.6976,0.7558,0.20821325648414984,0.601480216339311,0.85,0.97,0.0,0,V-2023.12-SP3,V-2023.12-SP4,1.325,0.3608,0.0012619999999999999,1.6869999999999998,1.6858,3.3716,0.7834,0.12219999999999999,4.5249999999999995e-05,0.9056,0.34959999999999997,0.04619,0.0007767,0.3966,0.1924,0.1924,0.00044050000000000003,0.3853,0.0,0.0,0.0,0.0,0.0,0.0,0.0,0.0,0.0,0.0,0.0,0.0,0.0,0.0,0.0,0.0,vectored,random,2,2026-07-25T04:23:47+00:00
intadd_96_96_96_5_10nm_TT_0V8_25C_800MHz,intadd,a_width=96;b_width=96;out_width=96;pipeline_stages=5,10nm,TT,0.8,25.0,1.25,800.0,96,96,96,5,V-2023.12-SP4,2019,1296,723,596.090899,151.879678,444.211221,0.35809806835066865,0.7452071852551468,0.84,0.19,0.0,0,V-2023.12-SP4,2078,1355,723,609.85,165.64,444.21,838.656,0.7272,0.34793070259865255,0.72839222759695,0.45,0.64,0.0,0,V-2023.12-SP3,V-2023.12-SP4,2.862,0.7184999999999999,0.0016929999999999998,3.5820000000000003,3.5805,4.475625,2.2729999999999997,0.465,7.484e-05,2.738,0.376,0.04752,0.001059,0.42460000000000003,0.2131,0.2059,0.0005586,0.41960000000000003,0.0,0.0,0.0,0.0,0.0,0.0,0.0,0.0,0.0,0.0,0.0,0.0,0.0,0.0,0.0,0.0,unvectored,none,2,2026-07-25T04:23:57+00:00
intadd_96_96_96_5_10nm_TT_0V8_25C_800MHz,intadd,a_width=96;b_width=96;out_width=96;pipeline_stages=5,10nm,TT,0.8,25.0,1.25,800.0,96,96,96,5,V-2023.12-SP4,2019,1296,723,596.090899,151.879678,444.211221,0.35809806835066865,0.7452071852551468,0.84,0.19,0.0,0,V-2023.12-SP4,2078,1355,723,609.85,165.64,444.21,838.656,0.7272,0.34793070259865255,0.72839222759695,0.45,0.64,0.0,0,V-2023.12-SP3,V-2023.12-SP4,3.435,0.8316,0.0018080000000000001,4.268,4.2666,5.3332500000000005,2.2720000000000002,0.465,7.485e-05,2.7369999999999997,0.8378,0.1189,0.001139,0.9578,0.3248,0.2478,0.0005941999999999999,0.5731999999999999,0.0,0.0,0.0,0.0,0.0,0.0,0.0,0.0,0.0,0.0,0.0,0.0,0.0,0.0,0.0,0.0,vectored,random,2,2026-07-25T04:24:04+00:00
intadd_64_64_72_5_5nm_TT_0V7_25C_800MHz,intadd,a_width=64;b_width=64;out_width=72;pipeline_stages=5,5nm,TT,0.7,25.0,1.25,800.0,64,64,72,5,V-2023.12-SP4,1038,559,479,113.651999,33.18,80.471999,0.4614643545279383,0.7080561689020534,0.72,0.31,0.0,0,V-2023.12-SP4,1084,605,479,117.01,36.54,80.47,160.02,0.7312,0.4418819188191882,0.6877189983762071,0.44,0.67,0.0,0,V-2023.12-SP3,V-2023.12-SP4,1.3940000000000001,0.3402,0.001191,1.736,1.7342000000000002,2.1677500000000003,1.0970000000000002,0.21910000000000002,5.467e-05,1.317,0.1817,0.03082,0.000882,0.2134,0.11510000000000001,0.09034,0.0002543,0.20570000000000002,0.0,0.0,0.0,0.0,0.0,0.0,0.0,0.0,0.0,0.0,0.0,0.0,0.0,0.0,0.0,0.0,unvectored,none,2,2026-07-25T04:24:29+00:00
intadd_64_64_72_5_5nm_TT_0V7_25C_800MHz,intadd,a_width=64;b_width=64;out_width=72;pipeline_stages=5,5nm,TT,0.7,25.0,1.25,800.0,64,64,72,5,V-2023.12-SP4,1038,559,479,113.651999,33.18,80.471999,0.4614643545279383,0.7080561689020534,0.72,0.31,0.0,0,V-2023.12-SP4,1084,605,479,117.01,36.54,80.47,160.02,0.7312,0.4418819188191882,0.6877189983762071,0.44,0.67,0.0,0,V-2023.12-SP3,V-2023.12-SP4,1.702,0.3963,0.001124,2.099,2.0983,2.622875,1.103,0.21910000000000002,5.467e-05,1.322,0.4073,0.07701,0.0007953000000000001,0.4851,0.19110000000000002,0.1003,0.00027360000000000004,0.29159999999999997,0.0,0.0,0.0,0.0,0.0,0.0,0.0,0.0,0.0,0.0,0.0,0.0,0.0,0.0,0.0,0.0,vectored,random,2,2026-07-25T04:24:37+00:00
intadd_96_96_104_2_20nm_TT_0V9_25C_363p636MHz,intadd,a_width=96;b_width=96;out_width=104;pipeline_stages=2,20nm,TT,0.9,25.0,2.75,363.6363636363636,96,96,104,2,V-2023.12-SP4,1356,1067,289,1010.169595,399.801598,610.367997,0.21312684365781712,0.6042232908425639,2.35,0.16,0.0,0,V-2023.12-SP4,1389,1100,289,1047.87,437.5,610.37,1424.4384,0.7356,0.20806335493160547,0.5824863771269337,1.25,1.3,0.0,0,V-2023.12-SP3,V-2023.12-SP4,0.9135,0.24689999999999998,0.05255,1.213,1.1603999999999999,3.1910999999999996,0.6945,0.1278,0.0516,0.8739,0.1206,0.015889999999999998,0.00043840000000000003,0.1369,0.09834,0.1032,0.0005068,0.2021,0.0,0.0,0.0,0.0,0.0,0.0,0.0,0.0,0.0,0.0,0.0,0.0,0.0,0.0,0.0,0.0,unvectored,none,2,2026-07-25T04:25:14+00:00
intadd_96_96_104_2_20nm_TT_0V9_25C_363p636MHz,intadd,a_width=96;b_width=96;out_width=104;pipeline_stages=2,20nm,TT,0.9,25.0,2.75,363.6363636363636,96,96,104,2,V-2023.12-SP4,1356,1067,289,1010.169595,399.801598,610.367997,0.21312684365781712,0.6042232908425639,2.35,0.16,0.0,0,V-2023.12-SP4,1389,1100,289,1047.87,437.5,610.37,1424.4384,0.7356,0.20806335493160547,0.5824863771269337,1.25,1.3,0.0,0,V-2023.12-SP3,V-2023.12-SP4,1.129,0.3331,0.05267,1.5150000000000001,1.4621,4.0207749999999995,0.6953,0.1278,0.0516,0.8746999999999999,0.2655,0.03977,0.0005279,0.3058,0.1685,0.1655,0.0005389,0.3346,0.0,0.0,0.0,0.0,0.0,0.0,0.0,0.0,0.0,0.0,0.0,0.0,0.0,0.0,0.0,0.0,vectored,random,2,2026-07-25T04:25:22+00:00
intadd_64_64_64_3_7nm_TT_0V75_25C_800MHz,intadd,a_width=64;b_width=64;out_width=64;pipeline_stages=3,7nm,TT,0.75,25.0,1.25,800.0,64,64,64,3,V-2023.12-SP4,957,668,289,133.797891,40.578048,93.219844,0.3019853709508882,0.696721325749447,0.92,0.11,0.0,0,V-2023.12-SP4,989,700,289,137.36,44.14,93.22,188.117,0.7302,0.29221435793731043,0.6786546301688992,0.44,0.68,0.0,0,V-2023.12-SP3,V-2023.12-SP4,0.9549,0.25070000000000003,0.0009824999999999999,1.2069999999999999,1.2056,1.5070000000000001,0.7563,0.14980000000000002,3.119e-05,0.9060999999999999,0.122,0.01635,0.0007394999999999999,0.1391,0.07658999999999999,0.08462,0.0002118,0.1614,0.0,0.0,0.0,0.0,0.0,0.0,0.0,0.0,0.0,0.0,0.0,0.0,0.0,0.0,0.0,0.0,unvectored,none,2,2026-07-25T04:25:28+00:00
intadd_64_64_64_3_7nm_TT_0V75_25C_800MHz,intadd,a_width=64;b_width=64;out_width=64;pipeline_stages=3,7nm,TT,0.75,25.0,1.25,800.0,64,64,64,3,V-2023.12-SP4,957,668,289,133.797891,40.578048,93.219844,0.3019853709508882,0.696721325749447,0.92,0.11,0.0,0,V-2023.12-SP4,989,700,289,137.36,44.14,93.22,188.117,0.7302,0.29221435793731043,0.6786546301688992,0.44,0.68,0.0,0,V-2023.12-SP3,V-2023.12-SP4,1.163,0.3156,0.0011409999999999999,1.48,1.4786000000000001,1.8482500000000002,0.756,0.14980000000000002,3.1230000000000004e-05,0.9058,0.2742,0.04086,0.0008923000000000001,0.31589999999999996,0.1331,0.125,0.000217,0.2584,0.0,0.0,0.0,0.0,0.0,0.0,0.0,0.0,0.0,0.0,0.0,0.0,0.0,0.0,0.0,0.0,vectored,random,2,2026-07-25T04:25:35+00:00
intadd_96_96_104_5_10nm_TT_0V8_25C_800MHz,intadd,a_width=96;b_width=96;out_width=104;pipeline_stages=5,10nm,TT,0.8,25.0,1.25,800.0,96,96,104,5,V-2023.12-SP4,2000,1288,712,588.318739,150.865918,437.452821,0.356,0.743564316417261,0.89,0.14,0.0,0,V-2023.12-SP4,2065,1353,712,605.0,167.55,437.45,834.048,0.7254,0.3447941888619855,0.7230578512396694,0.45,0.64,0.0,0,V-2023.12-SP3,V-2023.12-SP4,2.864,0.7251,0.0016929999999999998,3.591,3.5890999999999997,4.486375,2.278,0.4737,9.569e-05,2.7520000000000002,0.3705,0.0467,0.001043,0.41829999999999995,0.2157,0.2046,0.0005536,0.4208,0.0,0.0,0.0,0.0,0.0,0.0,0.0,0.0,0.0,0.0,0.0,0.0,0.0,0.0,0.0,0.0,unvectored,none,2,2026-07-25T04:28:03+00:00
intadd_96_96_104_5_10nm_TT_0V8_25C_800MHz,intadd,a_width=96;b_width=96;out_width=104;pipeline_stages=5,10nm,TT,0.8,25.0,1.25,800.0,96,96,104,5,V-2023.12-SP4,2000,1288,712,588.318739,150.865918,437.452821,0.356,0.743564316417261,0.89,0.14,0.0,0,V-2023.12-SP4,2065,1353,712,605.0,167.55,437.45,834.048,0.7254,0.3447941888619855,0.7230578512396694,0.45,0.64,0.0,0,V-2023.12-SP3,V-2023.12-SP4,3.4259999999999997,0.8402000000000001,0.0018059999999999999,4.268,4.2661999999999995,5.332749999999999,2.277,0.4737,9.572999999999999e-05,2.751,0.8258,0.1168,0.001122,0.9438,0.3233,0.2497,0.0005888,0.5736,0.0,0.0,0.0,0.0,0.0,0.0,0.0,0.0,0.0,0.0,0.0,0.0,0.0,0.0,0.0,0.0,vectored,random,2,2026-07-25T04:28:10+00:00
intadd_64_64_64_5_7nm_TT_0V75_25C_800MHz,intadd,a_width=64;b_width=64;out_width=64;pipeline_stages=5,7nm,TT,0.75,25.0,1.25,800.0,64,64,64,5,V-2023.12-SP4,1036,553,483,209.164037,53.367551,155.796486,0.46621621621621623,0.7448531221454671,0.68,0.35,0.0,0,V-2023.12-SP4,1095,612,483,220.76,64.96,155.8,296.1101,0.7455,0.4410958904109589,0.7057437941656098,0.44,0.68,0.0,0,V-2023.12-SP3,V-2023.12-SP4,1.753,0.3848,0.001618,2.14,2.1378,2.67225,1.439,0.2611,0.00011630000000000001,1.7,0.1982,0.03107,0.001237,0.23049999999999998,0.116,0.09258,0.0002647,0.2088,0.0,0.0,0.0,0.0,0.0,0.0,0.0,0.0,0.0,0.0,0.0,0.0,0.0,0.0,0.0,0.0,unvectored,none,2,2026-07-25T04:28:30+00:00
intadd_64_64_64_5_7nm_TT_0V75_25C_800MHz,intadd,a_width=64;b_width=64;out_width=64;pipeline_stages=5,7nm,TT,0.75,25.0,1.25,800.0,64,64,64,5,V-2023.12-SP4,1036,553,483,209.164037,53.367551,155.796486,0.46621621621621623,0.7448531221454671,0.68,0.35,0.0,0,V-2023.12-SP4,1095,612,483,220.76,64.96,155.8,296.1101,0.7455,0.4410958904109589,0.7057437941656098,0.44,0.68,0.0,0,V-2023.12-SP3,V-2023.12-SP4,2.083,0.4364,0.0018780000000000001,2.521,2.5194,3.1492500000000003,1.439,0.2611,0.0001164,1.7,0.4459,0.07762000000000001,0.001488,0.5251,0.1985,0.09763999999999999,0.00027370000000000004,0.2964,0.0,0.0,0.0,0.0,0.0,0.0,0.0,0.0,0.0,0.0,0.0,0.0,0.0,0.0,0.0,0.0,vectored,random,2,2026-07-25T04:28:37+00:00
intadd_64_64_72_2_7nm_TT_0V75_25C_1333p33MHz,intadd,a_width=64;b_width=64;out_width=72;pipeline_stages=2,7nm,TT,0.75,25.0,0.75,1333.3333333333333,64,64,72,2,V-2023.12-SP4,918,725,193,103.55789,41.303808,62.254082,0.210239651416122,0.6011524761657465,0.43,0.1,0.0,0,V-2023.12-SP4,926,733,193,105.54,43.29,62.25,147.0874,0.7175,0.2084233261339093,0.5898237635019897,0.19,0.36,0.0,0,V-2023.12-SP3,V-2023.12-SP4,1.01,0.3256,0.0007044999999999999,1.3359999999999999,1.3356,1.0017,0.7546999999999999,0.1623,1.6459999999999998e-05,0.9169999999999999,0.1406,0.01934,0.0004938000000000001,0.1604,0.1147,0.14400000000000002,0.0001942,0.2589,0.0,0.0,0.0,0.0,0.0,0.0,0.0,0.0,0.0,0.0,0.0,0.0,0.0,0.0,0.0,0.0,unvectored,none,2,2026-07-25T04:29:16+00:00
intadd_64_64_72_2_7nm_TT_0V75_25C_1333p33MHz,intadd,a_width=64;b_width=64;out_width=72;pipeline_stages=2,7nm,TT,0.75,25.0,0.75,1333.3333333333333,64,64,72,2,V-2023.12-SP4,918,725,193,103.55789,41.303808,62.254082,0.210239651416122,0.6011524761657465,0.43,0.1,0.0,0,V-2023.12-SP4,926,733,193,105.54,43.29,62.25,147.0874,0.7175,0.2084233261339093,0.5898237635019897,0.19,0.36,0.0,0,V-2023.12-SP3,V-2023.12-SP4,1.284,0.4632,0.0008078,1.748,1.7472,1.3104,0.7544,0.1623,1.6459999999999998e-05,0.9167,0.3173,0.0483,0.0005937000000000001,0.3662,0.2125,0.2526,0.0001976,0.4654,0.0,0.0,0.0,0.0,0.0,0.0,0.0,0.0,0.0,0.0,0.0,0.0,0.0,0.0,0.0,0.0,vectored,random,2,2026-07-25T04:29:23+00:00
intadd_96_96_96_5_5nm_TT_0V7_25C_800MHz,intadd,a_width=96;b_width=96;out_width=96;pipeline_stages=5,5nm,TT,0.7,25.0,1.25,800.0,96,96,96,5,V-2023.12-SP4,1548,825,723,169.285198,47.821199,121.463998,0.46705426356589147,0.7175110372024375,0.93,0.1,0.0,0,V-2023.12-SP4,1610,887,723,172.61,51.15,121.46,240.3408,0.7182,0.44906832298136645,0.7036672266960199,0.44,0.67,0.0,0,V-2023.12-SP3,V-2023.12-SP4,2.005,0.5194000000000001,0.001749,2.5260000000000002,2.5244,3.1555,1.563,0.337,4.796e-05,1.9,0.2738,0.046669999999999996,0.0013310000000000002,0.32180000000000003,0.16770000000000002,0.1357,0.00036950000000000004,0.3038,0.0,0.0,0.0,0.0,0.0,0.0,0.0,0.0,0.0,0.0,0.0,0.0,0.0,0.0,0.0,0.0,unvectored,none,2,2026-07-25T04:29:44+00:00
intadd_96_96_96_5_5nm_TT_0V7_25C_800MHz,intadd,a_width=96;b_width=96;out_width=96;pipeline_stages=5,5nm,TT,0.7,25.0,1.25,800.0,96,96,96,5,V-2023.12-SP4,1548,825,723,169.285198,47.821199,121.463998,0.46705426356589147,0.7175110372024375,0.93,0.1,0.0,0,V-2023.12-SP4,1610,887,723,172.61,51.15,121.46,240.3408,0.7182,0.44906832298136645,0.7036672266960199,0.44,0.67,0.0,0,V-2023.12-SP3,V-2023.12-SP4,2.4659999999999997,0.5982000000000001,0.001643,3.0660000000000003,3.0641999999999996,3.8302499999999995,1.572,0.337,4.798e-05,1.909,0.6154,0.1167,0.001196,0.7333,0.27799999999999997,0.1445,0.0003992,0.4229,0.0,0.0,0.0,0.0,0.0,0.0,0.0,0.0,0.0,0.0,0.0,0.0,0.0,0.0,0.0,0.0,vectored,random,2,2026-07-25T04:29:52+00:00
intadd_128_128_128_2_20nm_TT_0V9_25C_363p636MHz,intadd,a_width=128;b_width=128;out_width=128;pipeline_stages=2,20nm,TT,0.9,25.0,2.75,363.6363636363636,128,128,128,2,V-2023.12-SP4,1819,1435,384,1349.145593,538.137597,811.007996,0.21110500274876307,0.6011271134915979,2.51,0.0,0.0,0,V-2023.12-SP4,1848,1464,384,1383.57,572.56,811.01,1893.1968,0.7308,0.2077922077922078,0.5861720043076968,1.25,1.26,0.0,0,V-2023.12-SP3,V-2023.12-SP4,1.192,0.26830000000000004,0.15589999999999998,1.616,1.4603,4.0158249999999995,0.8989999999999999,0.1002,0.1547,1.1540000000000001,0.1603,0.02231,0.0005822000000000001,0.1832,0.1325,0.1457,0.0006785000000000001,0.2789,0.0,0.0,0.0,0.0,0.0,0.0,0.0,0.0,0.0,0.0,0.0,0.0,0.0,0.0,0.0,0.0,unvectored,none,2,2026-07-25T04:29:59+00:00
intadd_128_128_128_2_20nm_TT_0V9_25C_363p636MHz,intadd,a_width=128;b_width=128;out_width=128;pipeline_stages=2,20nm,TT,0.9,25.0,2.75,363.6363636363636,128,128,128,2,V-2023.12-SP4,1819,1435,384,1349.145593,538.137597,811.007996,0.21110500274876307,0.6011271134915979,2.51,0.0,0.0,0,V-2023.12-SP4,1848,1464,384,1383.57,572.56,811.01,1893.1968,0.7308,0.2077922077922078,0.5861720043076968,1.25,1.26,0.0,0,V-2023.12-SP3,V-2023.12-SP4,1.485,0.3871,0.1561,2.028,1.8721,5.148275,0.9,0.1002,0.1547,1.155,0.3531,0.055689999999999996,0.0007006,0.4095,0.2314,0.2311,0.0007218,0.4633,0.0,0.0,0.0,0.0,0.0,0.0,0.0,0.0,0.0,0.0,0.0,0.0,0.0,0.0,0.0,0.0,vectored,random,2,2026-07-25T04:30:06+00:00
intadd_96_96_104_2_5nm_TT_0V7_25C_1333p33MHz,intadd,a_width=96;b_width=96;out_width=104;pipeline_stages=2,5nm,TT,0.7,25.0,0.75,1333.3333333333333,96,96,104,2,V-2023.12-SP4,1392,1103,289,83.764799,35.2128,48.551999,0.20761494252873564,0.5796229392253421,0.42,0.11,0.0,0,V-2023.12-SP4,1416,1127,289,86.12,37.56,48.55,119.028,0.7235,0.2040960451977401,0.5637482582443102,0.2,0.37,0.0,0,V-2023.12-SP3,V-2023.12-SP4,1.435,0.5181,0.0008621,1.954,1.9531,1.464825,1.063,0.2631,3.9949999999999995e-05,1.3259999999999998,0.1958,0.031420000000000003,0.0005321,0.2277,0.1759,0.2236,0.00029,0.3998,0.0,0.0,0.0,0.0,0.0,0.0,0.0,0.0,0.0,0.0,0.0,0.0,0.0,0.0,0.0,0.0,unvectored,none,2,2026-07-25T04:30:21+00:00
intadd_96_96_104_2_5nm_TT_0V7_25C_1333p33MHz,intadd,a_width=96;b_width=96;out_width=104;pipeline_stages=2,5nm,TT,0.7,25.0,0.75,1333.3333333333333,96,96,104,2,V-2023.12-SP4,1392,1103,289,83.764799,35.2128,48.551999,0.20761494252873564,0.5796229392253421,0.42,0.11,0.0,0,V-2023.12-SP4,1416,1127,289,86.12,37.56,48.55,119.028,0.7235,0.2040960451977401,0.5637482582443102,0.2,0.37,0.0,0,V-2023.12-SP3,V-2023.12-SP4,1.843,0.7383,0.0008242,2.5820000000000003,2.5812999999999997,1.9359749999999998,1.0690000000000002,0.2631,3.9960000000000004e-05,1.332,0.43829999999999997,0.07865,0.0004826,0.5174,0.3359,0.39649999999999996,0.0003017,0.7328,0.0,0.0,0.0,0.0,0.0,0.0,0.0,0.0,0.0,0.0,0.0,0.0,0.0,0.0,0.0,0.0,vectored,random,2,2026-07-25T04:30:28+00:00
intadd_96_96_104_2_5nm_TT_0V7_25C_800MHz,intadd,a_width=96;b_width=96;out_width=104;pipeline_stages=2,5nm,TT,0.7,25.0,1.25,800.0,96,96,104,2,V-2023.12-SP4,1339,1050,289,82.513199,33.9612,48.551999,0.21583271097834206,0.5884149395298564,0.95,0.08,0.0,0,V-2023.12-SP4,1358,1069,289,83.29,34.74,48.55,116.6592,0.714,0.21281296023564064,0.5829031096170008,0.44,0.68,0.0,0,V-2023.12-SP3,V-2023.12-SP4,0.8259,0.2789,0.0008225,1.106,1.1048,1.381,0.6062,0.1311,9.655e-06,0.7373,0.1173,0.01946,0.0005321,0.1372,0.10239999999999999,0.1283,0.0002807,0.231,0.0,0.0,0.0,0.0,0.0,0.0,0.0,0.0,0.0,0.0,0.0,0.0,0.0,0.0,0.0,0.0,unvectored,none,2,2026-07-25T04:30:57+00:00
intadd_96_96_104_2_5nm_TT_0V7_25C_800MHz,intadd,a_width=96;b_width=96;out_width=104;pipeline_stages=2,5nm,TT,0.7,25.0,1.25,800.0,96,96,104,2,V-2023.12-SP4,1339,1050,289,82.513199,33.9612,48.551999,0.21583271097834206,0.5884149395298564,0.95,0.08,0.0,0,V-2023.12-SP4,1358,1069,289,83.29,34.74,48.55,116.6592,0.714,0.21281296023564064,0.5829031096170008,0.44,0.68,0.0,0,V-2023.12-SP3,V-2023.12-SP4,1.06,0.3967,0.0007808,1.4569999999999999,1.4567,1.820875,0.6097,0.1311,9.654e-06,0.7408,0.2616,0.0487,0.0004786,0.3108,0.1884,0.217,0.0002926,0.4057,0.0,0.0,0.0,0.0,0.0,0.0,0.0,0.0,0.0,0.0,0.0,0.0,0.0,0.0,0.0,0.0,vectored,random,2,2026-07-25T04:31:04+00:00
intadd_64_64_72_3_7nm_TT_0V75_25C_800MHz,intadd,a_width=64;b_width=64;out_width=72;pipeline_stages=3,7nm,TT,0.75,25.0,1.25,800.0,64,64,72,3,V-2023.12-SP4,954,668,286,132.749571,40.497408,92.252164,0.29979035639413,0.6949338013303259,1.0,0.03,0.0,0,V-2023.12-SP4,991,705,286,137.56,45.3,92.25,187.2461,0.7346,0.2885973763874874,0.6706164582727537,0.44,0.64,0.0,0,V-2023.12-SP3,V-2023.12-SP4,0.9554,0.252,0.0009869,1.2080000000000002,1.2074,1.50925,0.7577,0.149,4.346e-05,0.9067,0.1206,0.01638,0.0007317000000000001,0.13770000000000002,0.07705000000000001,0.08660000000000001,0.0002118,0.1639,0.0,0.0,0.0,0.0,0.0,0.0,0.0,0.0,0.0,0.0,0.0,0.0,0.0,0.0,0.0,0.0,unvectored,none,2,2026-07-25T04:32:21+00:00
intadd_64_64_72_3_7nm_TT_0V75_25C_1333p33MHz,intadd,a_width=64;b_width=64;out_width=72;pipeline_stages=3,7nm,TT,0.75,25.0,0.75,1333.3333333333333,64,64,72,3,V-2023.12-SP4,1049,763,286,137.249283,44.99712,92.252164,0.2726406101048618,0.6721504257330073,0.49,0.04,0.0,0,V-2023.12-SP4,1066,780,286,139.38,47.13,92.25,193.3747,0.7208,0.2682926829268293,0.6618596642272924,0.2,0.37,0.0,0,V-2023.12-SP3,V-2023.12-SP4,1.452,0.39599999999999996,0.0009747,1.849,1.8479999999999999,1.386,1.116,0.2138,1.653e-05,1.33,0.2014,0.02654,0.0007323,0.2286,0.1351,0.15569999999999998,0.00022590000000000002,0.29100000000000004,0.0,0.0,0.0,0.0,0.0,0.0,0.0,0.0,0.0,0.0,0.0,0.0,0.0,0.0,0.0,0.0,unvectored,none,2,2026-07-25T04:32:22+00:00
intadd_64_64_72_3_7nm_TT_0V75_25C_800MHz,intadd,a_width=64;b_width=64;out_width=72;pipeline_stages=3,7nm,TT,0.75,25.0,1.25,800.0,64,64,72,3,V-2023.12-SP4,954,668,286,132.749571,40.497408,92.252164,0.29979035639413,0.6949338013303259,1.0,0.03,0.0,0,V-2023.12-SP4,991,705,286,137.56,45.3,92.25,187.2461,0.7346,0.2885973763874874,0.6706164582727537,0.44,0.64,0.0,0,V-2023.12-SP3,V-2023.12-SP4,1.1640000000000001,0.3167,0.001142,1.482,1.4807000000000001,1.8508750000000003,0.7574,0.149,4.349e-05,0.9064,0.2717,0.0409,0.0008814000000000001,0.3135,0.1349,0.1268,0.00021710000000000002,0.2619,0.0,0.0,0.0,0.0,0.0,0.0,0.0,0.0,0.0,0.0,0.0,0.0,0.0,0.0,0.0,0.0,vectored,random,2,2026-07-25T04:32:28+00:00
intadd_64_64_72_3_7nm_TT_0V75_25C_1333p33MHz,intadd,a_width=64;b_width=64;out_width=72;pipeline_stages=3,7nm,TT,0.75,25.0,0.75,1333.3333333333333,64,64,72,3,V-2023.12-SP4,1049,763,286,137.249283,44.99712,92.252164,0.2726406101048618,0.6721504257330073,0.49,0.04,0.0,0,V-2023.12-SP4,1066,780,286,139.38,47.13,92.25,193.3747,0.7208,0.2682926829268293,0.6618596642272924,0.2,0.37,0.0,0,V-2023.12-SP3,V-2023.12-SP4,1.7979999999999998,0.5114,0.001128,2.311,2.3093999999999997,1.7320499999999996,1.1150000000000002,0.2138,1.653e-05,1.3290000000000002,0.4507,0.06632,0.0008803999999999999,0.5178999999999999,0.23220000000000002,0.23120000000000002,0.00023099999999999998,0.4636,0.0,0.0,0.0,0.0,0.0,0.0,0.0,0.0,0.0,0.0,0.0,0.0,0.0,0.0,0.0,0.0,vectored,random,2,2026-07-25T04:32:29+00:00
intadd_96_96_104_3_5nm_TT_0V7_25C_1333p33MHz,intadd,a_width=96;b_width=96;out_width=104;pipeline_stages=3,5nm,TT,0.7,25.0,0.75,1333.3333333333333,96,96,104,3,V-2023.12-SP4,1618,1188,430,112.559998,40.319999,72.239999,0.2657601977750309,0.6417910472955055,0.47,0.06,0.0,0,V-2023.12-SP4,1636,1206,430,113.95,41.71,72.24,159.39,0.7149,0.2628361858190709,0.6339622641509434,0.19,0.37,0.0,0,V-2023.12-SP3,V-2023.12-SP4,1.896,0.6486999999999999,0.0011459999999999999,2.545,2.5446999999999997,1.9085249999999998,1.409,0.3609,1.7809999999999997e-05,1.769,0.2804,0.041909999999999996,0.0007917,0.3231,0.2066,0.2459,0.0003366,0.4529,0.0,0.0,0.0,0.0,0.0,0.0,0.0,0.0,0.0,0.0,0.0,0.0,0.0,0.0,0.0,0.0,unvectored,none,2,2026-07-25T04:33:03+00:00
intadd_96_96_104_3_5nm_TT_0V7_25C_1333p33MHz,intadd,a_width=96;b_width=96;out_width=104;pipeline_stages=3,5nm,TT,0.7,25.0,0.75,1333.3333333333333,96,96,104,3,V-2023.12-SP4,1618,1188,430,112.559998,40.319999,72.239999,0.2657601977750309,0.6417910472955055,0.47,0.06,0.0,0,V-2023.12-SP4,1636,1206,430,113.95,41.71,72.24,159.39,0.7149,0.2628361858190709,0.6339622641509434,0.19,0.37,0.0,0,V-2023.12-SP3,V-2023.12-SP4,2.402,0.8418,0.001095,3.245,3.2438000000000002,2.43285,1.417,0.3609,1.787e-05,1.778,0.6201,0.1048,0.0007232,0.7255999999999999,0.36479999999999996,0.3761,0.00035400000000000004,0.7412,0.0,0.0,0.0,0.0,0.0,0.0,0.0,0.0,0.0,0.0,0.0,0.0,0.0,0.0,0.0,0.0,vectored,random,2,2026-07-25T04:33:10+00:00
intadd_128_128_136_2_20nm_TT_0V9_25C_571p429MHz,intadd,a_width=128;b_width=128;out_width=136;pipeline_stages=2,20nm,TT,0.9,25.0,1.75,571.4285714285714,128,128,136,2,V-2023.12-SP4,1858,1473,385,1363.084793,549.964797,813.119996,0.20721205597416578,0.5965292842937615,1.32,0.19,0.0,0,V-2023.12-SP4,1872,1487,385,1390.01,576.89,813.12,1939.872,0.7165,0.20566239316239315,0.5849742088186416,0.75,0.76,0.0,0,V-2023.12-SP3,V-2023.12-SP4,1.885,0.3611,0.1044,2.351,2.2461,3.9306750000000004,1.418,0.09242,0.1031,1.6139999999999999,0.2529,0.035519999999999996,0.0005838,0.289,0.2138,0.2332,0.0006944,0.4476,0.0,0.0,0.0,0.0,0.0,0.0,0.0,0.0,0.0,0.0,0.0,0.0,0.0,0.0,0.0,0.0,unvectored,none,2,2026-07-25T04:33:17+00:00
intadd_128_128_136_2_20nm_TT_0V9_25C_571p429MHz,intadd,a_width=128;b_width=128;out_width=136;pipeline_stages=2,20nm,TT,0.9,25.0,1.75,571.4285714285714,128,128,136,2,V-2023.12-SP4,1858,1473,385,1363.084793,549.964797,813.119996,0.20721205597416578,0.5965292842937615,1.32,0.19,0.0,0,V-2023.12-SP4,1872,1487,385,1390.01,576.89,813.12,1939.872,0.7165,0.20566239316239315,0.5849742088186416,0.75,0.76,0.0,0,V-2023.12-SP3,V-2023.12-SP4,2.339,0.5511999999999999,0.10450000000000001,2.994,2.8902,5.05785,1.42,0.09242,0.1031,1.615,0.5559000000000001,0.08865,0.0007021,0.6452,0.3629,0.3701,0.0007371,0.7337999999999999,0.0,0.0,0.0,0.0,0.0,0.0,0.0,0.0,0.0,0.0,0.0,0.0,0.0,0.0,0.0,0.0,vectored,random,2,2026-07-25T04:33:24+00:00
intadd_128_128_136_2_16nm_TT_0V85_25C_500MHz,intadd,a_width=128;b_width=128;out_width=136;pipeline_stages=2,16nm,TT,0.85,25.0,2.0,500.0,128,128,136,2,V-2023.12-SP4,1822,1437,385,796.262427,317.260806,479.001622,0.21130625686059276,0.6015625072310489,1.63,0.14,0.0,0,V-2023.12-SP4,1870,1485,385,861.52,354.4,507.12,1125.716,0.7653,0.20588235294117646,0.5886340421580463,0.85,0.97,0.0,0,V-2023.12-SP3,V-2023.12-SP4,1.485,0.3799,0.3228,2.1879999999999997,1.8649,3.7298,1.123,0.1821,0.3212,1.6260000000000001,0.2086,0.02597,0.001046,0.2356,0.15410000000000001,0.1718,0.0005577,0.3264,0.0,0.0,0.0,0.0,0.0,0.0,0.0,0.0,0.0,0.0,0.0,0.0,0.0,0.0,0.0,0.0,unvectored,none,2,2026-07-25T04:34:05+00:00
intadd_128_128_136_2_16nm_TT_0V85_25C_500MHz,intadd,a_width=128;b_width=128;out_width=136;pipeline_stages=2,16nm,TT,0.85,25.0,2.0,500.0,128,128,136,2,V-2023.12-SP4,1822,1437,385,796.262427,317.260806,479.001622,0.21130625686059276,0.6015625072310489,1.63,0.14,0.0,0,V-2023.12-SP4,1870,1485,385,861.52,354.4,507.12,1125.716,0.7653,0.20588235294117646,0.5886340421580463,0.85,0.97,0.0,0,V-2023.12-SP3,V-2023.12-SP4,1.8550000000000002,0.5197999999999999,0.3228,2.697,2.3748,4.7496,1.124,0.1821,0.3212,1.627,0.4665,0.06480999999999999,0.001026,0.5323,0.2647,0.27290000000000003,0.0005913,0.5382,0.0,0.0,0.0,0.0,0.0,0.0,0.0,0.0,0.0,0.0,0.0,0.0,0.0,0.0,0.0,0.0,vectored,random,2,2026-07-25T04:34:12+00:00
intadd_96_96_104_5_5nm_TT_0V7_25C_1333p33MHz,intadd,a_width=96;b_width=96;out_width=104;pipeline_stages=5,5nm,TT,0.7,25.0,0.75,1333.3333333333333,96,96,104,5,V-2023.12-SP4,2113,1401,712,169.763998,50.147999,119.615998,0.3369616658778987,0.704601678855372,0.48,0.05,0.0,0,V-2023.12-SP4,2159,1447,712,173.06,53.44,119.62,240.3408,0.72,0.32978230662343677,0.6912053623020917,0.19,0.37,0.0,0,V-2023.12-SP3,V-2023.12-SP4,3.141,0.9586,0.001789,4.101,4.0996,3.0747,2.427,0.6008,4.768e-05,3.027,0.4501,0.06381,0.001311,0.5153,0.26439999999999997,0.294,0.0004299,0.5588000000000001,0.0,0.0,0.0,0.0,0.0,0.0,0.0,0.0,0.0,0.0,0.0,0.0,0.0,0.0,0.0,0.0,unvectored,none,2,2026-07-25T04:34:19+00:00
intadd_96_96_104_5_5nm_TT_0V7_25C_1333p33MHz,intadd,a_width=96;b_width=96;out_width=104;pipeline_stages=5,5nm,TT,0.7,25.0,0.75,1333.3333333333333,96,96,104,5,V-2023.12-SP4,2113,1401,712,169.763998,50.147999,119.615998,0.3369616658778987,0.704601678855372,0.48,0.05,0.0,0,V-2023.12-SP4,2159,1447,712,173.06,53.44,119.62,240.3408,0.72,0.32978230662343677,0.6912053623020917,0.19,0.37,0.0,0,V-2023.12-SP3,V-2023.12-SP4,3.892,1.1509999999999998,0.001696,5.044,5.042999999999999,3.7822499999999994,2.441,0.6008,4.773e-05,3.042,1.0050000000000001,0.1596,0.001189,1.166,0.4457,0.3902,0.0004586,0.8363999999999999,0.0,0.0,0.0,0.0,0.0,0.0,0.0,0.0,0.0,0.0,0.0,0.0,0.0,0.0,0.0,0.0,vectored,random,2,2026-07-25T04:34:26+00:00
intadd_128_128_136_3_16nm_TT_0V85_25C_500MHz,intadd,a_width=128;b_width=128;out_width=136;pipeline_stages=3,16nm,TT,0.85,25.0,2.0,500.0,128,128,136,3,V-2023.12-SP4,2117,1543,574,1065.374246,351.226374,714.147872,0.27113840340103923,0.6703258265171167,1.7,0.06,0.0,0,V-2023.12-SP4,2164,1590,574,1155.82,407.84,747.99,1504.6249,0.7682,0.26524953789279115,0.6471509404578568,0.84,0.93,0.0,0,V-2023.12-SP3,V-2023.12-SP4,2.156,0.4654,0.7091000000000001,3.3310000000000004,2.6214,5.2428,1.681,0.2429,0.7065,2.63,0.2938,0.0346,0.001877,0.3302,0.1817,0.18789999999999998,0.0006433999999999999,0.3702,0.0,0.0,0.0,0.0,0.0,0.0,0.0,0.0,0.0,0.0,0.0,0.0,0.0,0.0,0.0,0.0,unvectored,none,2,2026-07-25T04:35:01+00:00
intadd_128_128_136_3_16nm_TT_0V85_25C_500MHz,intadd,a_width=128;b_width=128;out_width=136;pipeline_stages=3,16nm,TT,0.85,25.0,2.0,500.0,128,128,136,3,V-2023.12-SP4,2117,1543,574,1065.374246,351.226374,714.147872,0.27113840340103923,0.6703258265171167,1.7,0.06,0.0,0,V-2023.12-SP4,2164,1590,574,1155.82,407.84,747.99,1504.6249,0.7682,0.26524953789279115,0.6471509404578568,0.84,0.93,0.0,0,V-2023.12-SP3,V-2023.12-SP4,2.646,0.6007,0.709,3.9560000000000004,3.2466999999999997,6.493399999999999,1.683,0.2429,0.7065,2.6319999999999997,0.6618,0.08637,0.00173,0.7499,0.3017,0.2714,0.0006935,0.5738,0.0,0.0,0.0,0.0,0.0,0.0,0.0,0.0,0.0,0.0,0.0,0.0,0.0,0.0,0.0,0.0,vectored,random,2,2026-07-25T04:35:08+00:00
intadd_128_128_136_3_10nm_TT_0V8_25C_1333p33MHz,intadd,a_width=128;b_width=128;out_width=136;pipeline_stages=3,10nm,TT,0.8,25.0,0.75,1333.3333333333333,128,128,136,3,V-2023.12-SP4,2234,1660,574,536.186895,183.521278,352.665617,0.25693822739480754,0.6577289006662499,0.46,0.07,0.0,0,V-2023.12-SP4,2251,1677,574,545.83,193.17,352.67,763.0848,0.7153,0.25499777876499335,0.6461169228514373,0.21,0.36,0.0,0,V-2023.12-SP3,V-2023.12-SP4,3.8600000000000003,1.0430000000000001,0.0015179999999999998,4.904999999999999,4.9030000000000005,3.6772500000000004,2.97,0.5446,5.925e-05,3.5140000000000002,0.5121,0.06658,0.000841,0.5795,0.37829999999999997,0.4319,0.0006182,0.8109000000000001,0.0,0.0,0.0,0.0,0.0,0.0,0.0,0.0,0.0,0.0,0.0,0.0,0.0,0.0,0.0,0.0,unvectored,none,2,2026-07-25T04:35:21+00:00
intadd_128_128_136_3_10nm_TT_0V8_25C_1333p33MHz,intadd,a_width=128;b_width=128;out_width=136;pipeline_stages=3,10nm,TT,0.8,25.0,0.75,1333.3333333333333,128,128,136,3,V-2023.12-SP4,2234,1660,574,536.186895,183.521278,352.665617,0.25693822739480754,0.6577289006662499,0.46,0.07,0.0,0,V-2023.12-SP4,2251,1677,574,545.83,193.17,352.67,763.0848,0.7153,0.25499777876499335,0.6461169228514373,0.21,0.36,0.0,0,V-2023.12-SP3,V-2023.12-SP4,4.705,1.332,0.001614,6.039,6.037,4.52775,2.968,0.5446,5.928e-05,3.512,1.138,0.1663,0.0009084999999999999,1.306,0.5984999999999999,0.6214000000000001,0.0006466,1.221,0.0,0.0,0.0,0.0,0.0,0.0,0.0,0.0,0.0,0.0,0.0,0.0,0.0,0.0,0.0,0.0,vectored,random,2,2026-07-25T04:35:28+00:00
intadd_128_128_136_2_20nm_TT_0V9_25C_363p636MHz,intadd,a_width=128;b_width=128;out_width=136;pipeline_stages=2,20nm,TT,0.9,25.0,2.75,363.6363636363636,128,128,136,2,V-2023.12-SP4,1822,1437,385,1351.679993,538.559997,813.119996,0.21130625686059276,0.6015625001560558,2.35,0.16,0.0,0,V-2023.12-SP4,1855,1470,385,1379.24,566.12,813.12,1893.1968,0.7285,0.20754716981132076,0.5895420666453989,1.24,1.27,0.0,0,V-2023.12-SP3,V-2023.12-SP4,1.16,0.28400000000000003,0.0013030000000000001,1.445,1.444,3.971,0.8677999999999999,0.1157,4.2930000000000004e-05,0.9835,0.1607,0.02282,0.0005838,0.1841,0.1316,0.14550000000000002,0.0006758,0.2778,0.0,0.0,0.0,0.0,0.0,0.0,0.0,0.0,0.0,0.0,0.0,0.0,0.0,0.0,0.0,0.0,unvectored,none,2,2026-07-25T04:35:56+00:00
intadd_64_64_72_5_7nm_TT_0V75_25C_800MHz,intadd,a_width=64;b_width=64;out_width=72;pipeline_stages=5,7nm,TT,0.75,25.0,1.25,800.0,64,64,72,5,V-2023.12-SP4,1038,559,479,210.534917,56.028671,154.506246,0.4614643545279383,0.7338746854993179,0.76,0.27,0.0,0,V-2023.12-SP4,1096,617,479,214.28,59.77,154.51,296.1101,0.7236,0.43704379562043794,0.7210658950905356,0.45,0.68,0.0,0,V-2023.12-SP3,V-2023.12-SP4,1.542,0.357,0.001534,1.9,1.899,2.3737500000000002,1.2249999999999999,0.23020000000000002,3.473e-05,1.4549999999999998,0.1968,0.031139999999999998,0.001226,0.2292,0.1198,0.09562,0.00027370000000000004,0.2157,0.0,0.0,0.0,0.0,0.0,0.0,0.0,0.0,0.0,0.0,0.0,0.0,0.0,0.0,0.0,0.0,unvectored,none,2,2026-07-25T04:36:01+00:00
intadd_128_128_136_2_20nm_TT_0V9_25C_363p636MHz,intadd,a_width=128;b_width=128;out_width=136;pipeline_stages=2,20nm,TT,0.9,25.0,2.75,363.6363636363636,128,128,136,2,V-2023.12-SP4,1822,1437,385,1351.679993,538.559997,813.119996,0.21130625686059276,0.6015625001560558,2.35,0.16,0.0,0,V-2023.12-SP4,1855,1470,385,1379.24,566.12,813.12,1893.1968,0.7285,0.20754716981132076,0.5895420666453989,1.24,1.27,0.0,0,V-2023.12-SP3,V-2023.12-SP4,1.461,0.4102,0.001465,1.873,1.8712,5.1457999999999995,0.8687,0.1157,4.2930000000000004e-05,0.9844,0.35609999999999997,0.05694,0.0007029,0.4138,0.236,0.2376,0.000719,0.4743,0.0,0.0,0.0,0.0,0.0,0.0,0.0,0.0,0.0,0.0,0.0,0.0,0.0,0.0,0.0,0.0,vectored,random,2,2026-07-25T04:36:03+00:00
intadd_64_64_72_5_7nm_TT_0V75_25C_800MHz,intadd,a_width=64;b_width=64;out_width=72;pipeline_stages=5,7nm,TT,0.75,25.0,1.25,800.0,64,64,72,5,V-2023.12-SP4,1038,559,479,210.534917,56.028671,154.506246,0.4614643545279383,0.7338746854993179,0.76,0.27,0.0,0,V-2023.12-SP4,1096,617,479,214.28,59.77,154.51,296.1101,0.7236,0.43704379562043794,0.7210658950905356,0.45,0.68,0.0,0,V-2023.12-SP3,V-2023.12-SP4,1.873,0.4136,0.001796,2.2889999999999997,2.2866,2.85825,1.2249999999999999,0.23020000000000002,3.475e-05,1.4549999999999998,0.44430000000000003,0.07781,0.0014789999999999998,0.5236000000000001,0.20450000000000002,0.1055,0.0002818,0.3103,0.0,0.0,0.0,0.0,0.0,0.0,0.0,0.0,0.0,0.0,0.0,0.0,0.0,0.0,0.0,0.0,vectored,random,2,2026-07-25T04:36:08+00:00
intadd_128_128_128_2_5nm_TT_0V7_25C_1333p33MHz,intadd,a_width=128;b_width=128;out_width=128;pipeline_stages=2,5nm,TT,0.7,25.0,0.75,1333.3333333333333,128,128,128,2,V-2023.12-SP4,1850,1466,384,111.375599,46.863599,64.511999,0.20756756756756756,0.5792291990276973,0.46,0.07,0.0,0,V-2023.12-SP4,1872,1488,384,113.07,48.56,64.51,158.76,0.7122,0.20512820512820512,0.5705315291412401,0.2,0.37,0.0,0,V-2023.12-SP3,V-2023.12-SP4,1.785,0.671,0.0011170000000000002,2.458,2.456,1.842,1.289,0.325,2.369e-05,1.6139999999999999,0.25999999999999995,0.043000000000000003,0.000707,0.3037,0.2362,0.303,0.0003859,0.5395000000000001,0.0,0.0,0.0,0.0,0.0,0.0,0.0,0.0,0.0,0.0,0.0,0.0,0.0,0.0,0.0,0.0,unvectored,none,2,2026-07-25T04:36:10+00:00
intadd_128_128_136_3_20nm_TT_0V9_25C_571p429MHz,intadd,a_width=128;b_width=128;out_width=136;pipeline_stages=3,20nm,TT,0.9,25.0,1.75,571.4285714285714,128,128,136,3,V-2023.12-SP4,2213,1639,574,1836.91199,624.623997,1212.287993,0.2593764121102576,0.659959758333332,1.38,0.13,0.0,0,V-2023.12-SP4,2266,1692,574,1964.37,752.08,1212.29,2622.2592,0.7491,0.2533097969991174,0.6171393372938907,0.74,0.82,0.0,0,V-2023.12-SP3,V-2023.12-SP4,3.056,0.7469,0.5688,4.372,3.8029,6.655075,2.436,0.43839999999999996,0.5670999999999999,3.441,0.3639,0.04746,0.0008706,0.4122,0.25680000000000003,0.261,0.0008147,0.5186000000000001,0.0,0.0,0.0,0.0,0.0,0.0,0.0,0.0,0.0,0.0,0.0,0.0,0.0,0.0,0.0,0.0,unvectored,none,2,2026-07-25T04:36:14+00:00
intadd_128_128_128_2_5nm_TT_0V7_25C_1333p33MHz,intadd,a_width=128;b_width=128;out_width=128;pipeline_stages=2,5nm,TT,0.7,25.0,0.75,1333.3333333333333,128,128,128,2,V-2023.12-SP4,1850,1466,384,111.375599,46.863599,64.511999,0.20756756756756756,0.5792291990276973,0.46,0.07,0.0,0,V-2023.12-SP4,1872,1488,384,113.07,48.56,64.51,158.76,0.7122,0.20512820512820512,0.5705315291412401,0.2,0.37,0.0,0,V-2023.12-SP3,V-2023.12-SP4,2.327,0.967,0.001071,3.2950000000000004,3.294,2.4705,1.297,0.325,2.374e-05,1.6219999999999999,0.5779,0.1073,0.0006462999999999999,0.6858,0.4518,0.5347999999999999,0.0004013,0.987,0.0,0.0,0.0,0.0,0.0,0.0,0.0,0.0,0.0,0.0,0.0,0.0,0.0,0.0,0.0,0.0,vectored,random,2,2026-07-25T04:36:17+00:00
intadd_128_128_136_3_20nm_TT_0V9_25C_571p429MHz,intadd,a_width=128;b_width=128;out_width=136;pipeline_stages=3,20nm,TT,0.9,25.0,1.75,571.4285714285714,128,128,136,3,V-2023.12-SP4,2213,1639,574,1836.91199,624.623997,1212.287993,0.2593764121102576,0.659959758333332,1.38,0.13,0.0,0,V-2023.12-SP4,2266,1692,574,1964.37,752.08,1212.29,2622.2592,0.7491,0.2533097969991174,0.6171393372938907,0.74,0.82,0.0,0,V-2023.12-SP3,V-2023.12-SP4,3.671,0.9374,0.5691,5.1770000000000005,4.6084,8.064699999999998,2.438,0.43839999999999996,0.5670999999999999,3.444,0.8097,0.1185,0.0010479999999999999,0.9292,0.4231,0.38039999999999996,0.0008781,0.8044,0.0,0.0,0.0,0.0,0.0,0.0,0.0,0.0,0.0,0.0,0.0,0.0,0.0,0.0,0.0,0.0,vectored,random,2,2026-07-25T04:36:21+00:00
intadd_96_96_96_2_7nm_TT_0V75_25C_1333p33MHz,intadd,a_width=96;b_width=96;out_width=96;pipeline_stages=2,7nm,TT,0.75,25.0,0.75,1333.3333333333333,96,96,96,2,V-2023.12-SP4,1383,1095,288,155.280387,62.383104,92.897284,0.20824295010845986,0.5982551035244393,0.47,0.06,0.0,0,V-2023.12-SP4,1400,1112,288,157.54,64.64,92.9,220.7601,0.7136,0.2057142857142857,0.5896915069188778,0.19,0.36,0.0,0,V-2023.12-SP3,V-2023.12-SP4,1.502,0.4809,0.0010470000000000002,1.984,1.9828999999999999,1.487175,1.119,0.2233,1.675e-05,1.342,0.2099,0.02938,0.0007368,0.24000000000000002,0.17340000000000003,0.2282,0.00029340000000000003,0.402,0.0,0.0,0.0,0.0,0.0,0.0,0.0,0.0,0.0,0.0,0.0,0.0,0.0,0.0,0.0,0.0,unvectored,none,2,2026-07-25T04:36:38+00:00
intadd_96_96_96_2_7nm_TT_0V75_25C_1333p33MHz,intadd,a_width=96;b_width=96;out_width=96;pipeline_stages=2,7nm,TT,0.75,25.0,0.75,1333.3333333333333,96,96,96,2,V-2023.12-SP4,1383,1095,288,155.280387,62.383104,92.897284,0.20824295010845986,0.5982551035244393,0.47,0.06,0.0,0,V-2023.12-SP4,1400,1112,288,157.54,64.64,92.9,220.7601,0.7136,0.2057142857142857,0.5896915069188778,0.19,0.36,0.0,0,V-2023.12-SP3,V-2023.12-SP4,1.906,0.6846000000000001,0.001199,2.592,2.5906000000000002,1.9429500000000002,1.118,0.2233,1.676e-05,1.342,0.47009999999999996,0.07354000000000001,0.0008832,0.5445,0.31770000000000004,0.3878,0.0002988,0.7058,0.0,0.0,0.0,0.0,0.0,0.0,0.0,0.0,0.0,0.0,0.0,0.0,0.0,0.0,0.0,0.0,vectored,random,2,2026-07-25T04:36:46+00:00
intadd_128_128_128_5_5nm_TT_0V7_25C_800MHz,intadd,a_width=128;b_width=128;out_width=128;pipeline_stages=5,5nm,TT,0.7,25.0,1.25,800.0,128,128,128,5,V-2023.12-SP4,2691,1728,963,225.800397,64.016399,161.783998,0.35785953177257523,0.7164912026261849,0.89,0.14,0.0,0,V-2023.12-SP4,2778,1815,963,231.16,69.38,161.78,319.6536,0.7232,0.3466522678185745,0.6998615677452846,0.44,0.64,0.0,0,V-2023.12-SP3,V-2023.12-SP4,2.6229999999999998,0.7878,0.002407,3.413,3.4107999999999996,4.2635,2.0509999999999997,0.5077,8.023e-05,2.559,0.3649,0.05328,0.001773,0.4199,0.2068,0.2268,0.0005536,0.4342,0.0,0.0,0.0,0.0,0.0,0.0,0.0,0.0,0.0,0.0,0.0,0.0,0.0,0.0,0.0,0.0,unvectored,none,2,2026-07-25T04:41:10+00:00
intadd_128_128_128_5_5nm_TT_0V7_25C_800MHz,intadd,a_width=128;b_width=128;out_width=128;pipeline_stages=5,5nm,TT,0.7,25.0,1.25,800.0,128,128,128,5,V-2023.12-SP4,2691,1728,963,225.800397,64.016399,161.783998,0.35785953177257523,0.7164912026261849,0.89,0.14,0.0,0,V-2023.12-SP4,2778,1815,963,231.16,69.38,161.78,319.6536,0.7232,0.3466522678185745,0.6998615677452846,0.44,0.64,0.0,0,V-2023.12-SP3,V-2023.12-SP4,3.236,0.9408,0.0022819999999999997,4.179,4.1768,5.221,2.063,0.5077,8.029e-05,2.57,0.8170999999999999,0.133,0.001609,0.9517,0.3564,0.3001,0.0005926999999999999,0.6571,0.0,0.0,0.0,0.0,0.0,0.0,0.0,0.0,0.0,0.0,0.0,0.0,0.0,0.0,0.0,0.0,vectored,random,2,2026-07-25T04:41:17+00:00
intadd_128_128_136_2_5nm_TT_0V7_25C_1333p33MHz,intadd,a_width=128;b_width=128;out_width=136;pipeline_stages=2,5nm,TT,0.7,25.0,0.75,1333.3333333333333,128,128,136,2,V-2023.12-SP4,1858,1473,385,111.719999,47.039999,64.679999,0.20721205597416578,0.578947364652232,0.44,0.09,0.0,0,V-2023.12-SP4,1880,1495,385,112.75,48.07,64.68,158.76,0.7102,0.2047872340425532,0.5736585365853659,0.19,0.37,0.0,0,V-2023.12-SP3,V-2023.12-SP4,1.75,0.6595000000000001,0.001106,2.4099999999999997,2.4095,1.807125,1.254,0.31020000000000003,1.1259999999999999e-05,1.564,0.2605,0.042719999999999994,0.0007088,0.304,0.2356,0.30660000000000004,0.0003855,0.5426,0.0,0.0,0.0,0.0,0.0,0.0,0.0,0.0,0.0,0.0,0.0,0.0,0.0,0.0,0.0,0.0,unvectored,none,2,2026-07-25T04:41:41+00:00
intadd_128_128_136_2_5nm_TT_0V7_25C_1333p33MHz,intadd,a_width=128;b_width=128;out_width=136;pipeline_stages=2,5nm,TT,0.7,25.0,0.75,1333.3333333333333,128,128,136,2,V-2023.12-SP4,1858,1473,385,111.719999,47.039999,64.679999,0.20721205597416578,0.578947364652232,0.44,0.09,0.0,0,V-2023.12-SP4,1880,1495,385,112.75,48.07,64.68,158.76,0.7102,0.2047872340425532,0.5736585365853659,0.19,0.37,0.0,0,V-2023.12-SP3,V-2023.12-SP4,2.2929999999999997,0.9545,0.00106,3.248,3.2474999999999996,2.435625,1.261,0.31020000000000003,1.132e-05,1.571,0.5797000000000001,0.1066,0.0006466999999999999,0.6869000000000001,0.4517,0.5378,0.0004016,0.9898000000000001,0.0,0.0,0.0,0.0,0.0,0.0,0.0,0.0,0.0,0.0,0.0,0.0,0.0,0.0,0.0,0.0,vectored,random,2,2026-07-25T04:41:48+00:00
intadd_128_128_136_2_5nm_TT_0V7_25C_800MHz,intadd,a_width=128;b_width=128;out_width=136;pipeline_stages=2,5nm,TT,0.7,25.0,1.25,800.0,128,128,136,2,V-2023.12-SP4,1810,1425,385,110.594399,45.914399,64.679999,0.212707182320442,0.5848397349670483,0.92,0.11,0.0,0,V-2023.12-SP4,1853,1468,385,113.46,48.78,64.68,156.0216,0.7272,0.2077711818672423,0.5700687466948705,0.44,0.66,0.0,0,V-2023.12-SP3,V-2023.12-SP4,1.17,0.39239999999999997,0.001135,1.564,1.5623999999999998,1.9529999999999998,0.8753,0.18919999999999998,4.792e-05,1.065,0.1562,0.027270000000000003,0.0007091,0.1842,0.1386,0.176,0.0003785,0.315,0.0,0.0,0.0,0.0,0.0,0.0,0.0,0.0,0.0,0.0,0.0,0.0,0.0,0.0,0.0,0.0,unvectored,none,2,2026-07-25T04:42:24+00:00
intadd_128_128_136_2_5nm_TT_0V7_25C_800MHz,intadd,a_width=128;b_width=128;out_width=136;pipeline_stages=2,5nm,TT,0.7,25.0,1.25,800.0,128,128,136,2,V-2023.12-SP4,1810,1425,385,110.594399,45.914399,64.679999,0.212707182320442,0.5848397349670483,0.92,0.11,0.0,0,V-2023.12-SP4,1853,1468,385,113.46,48.78,64.68,156.0216,0.7272,0.2077711818672423,0.5700687466948705,0.44,0.66,0.0,0,V-2023.12-SP3,V-2023.12-SP4,1.5070000000000001,0.5768,0.001082,2.085,2.0838,2.60475,0.8799,0.18919999999999998,4.794e-05,1.0690000000000002,0.35409999999999997,0.06804,0.0006401,0.42279999999999995,0.273,0.3196,0.0003943,0.593,0.0,0.0,0.0,0.0,0.0,0.0,0.0,0.0,0.0,0.0,0.0,0.0,0.0,0.0,0.0,0.0,vectored,random,2,2026-07-25T04:42:31+00:00
intadd_96_96_104_2_7nm_TT_0V75_25C_1333p33MHz,intadd,a_width=96;b_width=96;out_width=104;pipeline_stages=2,7nm,TT,0.75,25.0,0.75,1333.3333333333333,96,96,104,2,V-2023.12-SP4,1392,1103,289,156.022275,62.802432,93.219844,0.20761494252873564,0.5974777896297179,0.43,0.1,0.0,0,V-2023.12-SP4,1408,1119,289,158.28,65.06,93.22,221.7116,0.7139,0.20525568181818182,0.5889562800101087,0.2,0.36,0.0,0,V-2023.12-SP3,V-2023.12-SP4,1.498,0.4919,0.001051,1.991,1.9899,1.492425,1.1119999999999999,0.2331,1.5589999999999998e-05,1.345,0.2104,0.03025,0.0007394,0.2414,0.1753,0.2286,0.000296,0.4042,0.0,0.0,0.0,0.0,0.0,0.0,0.0,0.0,0.0,0.0,0.0,0.0,0.0,0.0,0.0,0.0,unvectored,none,2,2026-07-25T04:43:53+00:00
intadd_96_96_96_5_7nm_TT_0V75_25C_800MHz,intadd,a_width=96;b_width=96;out_width=96;pipeline_stages=5,7nm,TT,0.75,25.0,1.25,800.0,96,96,96,5,V-2023.12-SP4,1548,825,723,313.415432,80.204543,233.210889,0.46705426356589147,0.7440951056934555,0.98,0.05,0.0,0,V-2023.12-SP4,1638,915,723,325.5,92.28,233.21,441.7459,0.7368,0.4413919413919414,0.7164669738863287,0.44,0.66,0.0,0,V-2023.12-SP3,V-2023.12-SP4,2.326,0.5902000000000001,0.0023580000000000003,2.918,2.9162,3.64525,1.8519999999999999,0.3952,0.0001073,2.247,0.2966,0.04819,0.001852,0.3466,0.1774,0.14679999999999999,0.0003995,0.3246,0.0,0.0,0.0,0.0,0.0,0.0,0.0,0.0,0.0,0.0,0.0,0.0,0.0,0.0,0.0,0.0,unvectored,none,2,2026-07-25T04:43:58+00:00
intadd_96_96_104_2_7nm_TT_0V75_25C_1333p33MHz,intadd,a_width=96;b_width=96;out_width=104;pipeline_stages=2,7nm,TT,0.75,25.0,0.75,1333.3333333333333,96,96,104,2,V-2023.12-SP4,1392,1103,289,156.022275,62.802432,93.219844,0.20761494252873564,0.5974777896297179,0.43,0.1,0.0,0,V-2023.12-SP4,1408,1119,289,158.28,65.06,93.22,221.7116,0.7139,0.20525568181818182,0.5889562800101087,0.2,0.36,0.0,0,V-2023.12-SP3,V-2023.12-SP4,1.9020000000000001,0.6941999999999999,0.001204,2.597,2.5962,1.9471500000000002,1.1119999999999999,0.2331,1.5609999999999998e-05,1.345,0.4723,0.07571,0.0008877,0.5488999999999999,0.31760000000000005,0.38539999999999996,0.000301,0.7033,0.0,0.0,0.0,0.0,0.0,0.0,0.0,0.0,0.0,0.0,0.0,0.0,0.0,0.0,0.0,0.0,vectored,random,2,2026-07-25T04:44:00+00:00
intadd_96_96_96_5_7nm_TT_0V75_25C_800MHz,intadd,a_width=96;b_width=96;out_width=96;pipeline_stages=5,7nm,TT,0.75,25.0,1.25,800.0,96,96,96,5,V-2023.12-SP4,1548,825,723,313.415432,80.204543,233.210889,0.46705426356589147,0.7440951056934555,0.98,0.05,0.0,0,V-2023.12-SP4,1638,915,723,325.5,92.28,233.21,441.7459,0.7368,0.4413919413919414,0.7164669738863287,0.44,0.66,0.0,0,V-2023.12-SP3,V-2023.12-SP4,2.817,0.6686,0.002745,3.489,3.4856000000000003,4.357,1.851,0.3952,0.0001073,2.246,0.6665,0.1205,0.002226,0.7892,0.2999,0.1529,0.000412,0.4532,0.0,0.0,0.0,0.0,0.0,0.0,0.0,0.0,0.0,0.0,0.0,0.0,0.0,0.0,0.0,0.0,vectored,random,2,2026-07-25T04:44:04+00:00
intadd_128_128_136_3_5nm_TT_0V7_25C_1333p33MHz,intadd,a_width=128;b_width=128;out_width=136;pipeline_stages=3,5nm,TT,0.7,25.0,0.75,1333.3333333333333,128,128,136,3,V-2023.12-SP4,2206,1632,574,151.166398,54.734399,96.431999,0.2601994560290118,0.637919539499777,0.47,0.06,0.0,0,V-2023.12-SP4,2229,1655,574,153.33,56.89,96.43,214.1244,0.7161,0.25751458052938536,0.6289049761951346,0.19,0.37,0.0,0,V-2023.12-SP3,V-2023.12-SP4,2.594,0.873,0.001545,3.468,3.4669999999999996,2.60025,1.941,0.4736,3.239e-05,2.4139999999999997,0.37429999999999997,0.05672,0.001057,0.4321,0.2788,0.3427,0.0004555,0.622,0.0,0.0,0.0,0.0,0.0,0.0,0.0,0.0,0.0,0.0,0.0,0.0,0.0,0.0,0.0,0.0,unvectored,none,2,2026-07-25T04:44:27+00:00
intadd_128_128_136_3_5nm_TT_0V7_25C_1333p33MHz,intadd,a_width=128;b_width=128;out_width=136;pipeline_stages=3,5nm,TT,0.7,25.0,0.75,1333.3333333333333,128,128,136,3,V-2023.12-SP4,2206,1632,574,151.166398,54.734399,96.431999,0.2601994560290118,0.637919539499777,0.47,0.06,0.0,0,V-2023.12-SP4,2229,1655,574,153.33,56.89,96.43,214.1244,0.7161,0.25751458052938536,0.6289049761951346,0.19,0.37,0.0,0,V-2023.12-SP3,V-2023.12-SP4,3.284,1.143,0.001464,4.428,4.427,3.3202499999999997,1.952,0.4736,3.2420000000000005e-05,2.426,0.837,0.1416,0.0009527,0.9794999999999999,0.495,0.5278,0.0004788,1.0230000000000001,0.0,0.0,0.0,0.0,0.0,0.0,0.0,0.0,0.0,0.0,0.0,0.0,0.0,0.0,0.0,0.0,vectored,random,2,2026-07-25T04:44:34+00:00
intadd_128_128_136_5_5nm_TT_0V7_25C_800MHz,intadd,a_width=128;b_width=128;out_width=136;pipeline_stages=5,5nm,TT,0.7,25.0,1.25,800.0,128,128,136,5,V-2023.12-SP4,2672,1720,952,223.574397,63.638399,159.935998,0.3562874251497006,0.715359183100022,0.93,0.1,0.0,0,V-2023.12-SP4,2768,1816,952,230.68,70.74,159.94,317.8728,0.7257,0.3439306358381503,0.6933414253511357,0.44,0.65,0.0,0,V-2023.12-SP3,V-2023.12-SP4,2.68,0.8069000000000001,0.002419,3.489,3.4869000000000003,4.358625,2.114,0.5289,0.00011810000000000001,2.643,0.3611,0.05294,0.001753,0.4158,0.2046,0.2251,0.000548,0.4303,0.0,0.0,0.0,0.0,0.0,0.0,0.0,0.0,0.0,0.0,0.0,0.0,0.0,0.0,0.0,0.0,unvectored,none,2,2026-07-25T04:47:55+00:00
intadd_128_128_136_5_5nm_TT_0V7_25C_800MHz,intadd,a_width=128;b_width=128;out_width=136;pipeline_stages=5,5nm,TT,0.7,25.0,1.25,800.0,128,128,136,5,V-2023.12-SP4,2672,1720,952,223.574397,63.638399,159.935998,0.3562874251497006,0.715359183100022,0.93,0.1,0.0,0,V-2023.12-SP4,2768,1816,952,230.68,70.74,159.94,317.8728,0.7257,0.3439306358381503,0.6933414253511357,0.44,0.65,0.0,0,V-2023.12-SP3,V-2023.12-SP4,3.266,0.9470000000000001,0.00231,4.215,4.213,5.26625,2.126,0.5289,0.00011810000000000001,2.655,0.7976,0.13219999999999998,0.001604,0.9314,0.34230000000000005,0.2859,0.0005876,0.6288,0.0,0.0,0.0,0.0,0.0,0.0,0.0,0.0,0.0,0.0,0.0,0.0,0.0,0.0,0.0,0.0,vectored,random,2,2026-07-25T04:48:02+00:00
intadd_96_96_104_3_7nm_TT_0V75_25C_1333p33MHz,intadd,a_width=96;b_width=96;out_width=104;pipeline_stages=3,7nm,TT,0.75,25.0,0.75,1333.3333333333333,96,96,104,3,V-2023.12-SP4,1618,1188,430,208.502789,69.801983,138.700805,0.2657601977750309,0.6652227803053512,0.48,0.05,0.0,0,V-2023.12-SP4,1630,1200,430,210.79,72.09,138.7,295.0134,0.7145,0.26380368098159507,0.658000853930452,0.2,0.37,0.0,0,V-2023.12-SP3,V-2023.12-SP4,2.1350000000000002,0.6489999999999999,0.001462,2.786,2.7840000000000003,2.088,1.627,0.35409999999999997,1.617e-05,1.981,0.30269999999999997,0.040679999999999994,0.001101,0.34450000000000003,0.20550000000000002,0.2542,0.0003457,0.4601,0.0,0.0,0.0,0.0,0.0,0.0,0.0,0.0,0.0,0.0,0.0,0.0,0.0,0.0,0.0,0.0,unvectored,none,2,2026-07-25T04:48:20+00:00
intadd_96_96_104_3_7nm_TT_0V75_25C_1333p33MHz,intadd,a_width=96;b_width=96;out_width=104;pipeline_stages=3,7nm,TT,0.75,25.0,0.75,1333.3333333333333,96,96,104,3,V-2023.12-SP4,1618,1188,430,208.502789,69.801983,138.700805,0.2657601977750309,0.6652227803053512,0.48,0.05,0.0,0,V-2023.12-SP4,1630,1200,430,210.79,72.09,138.7,295.0134,0.7145,0.26380368098159507,0.658000853930452,0.2,0.37,0.0,0,V-2023.12-SP3,V-2023.12-SP4,2.659,0.8315,0.001686,3.492,3.4905,2.6178749999999997,1.6260000000000001,0.35409999999999997,1.6239999999999997e-05,1.981,0.6746,0.10179999999999999,0.001315,0.7777,0.3577,0.37560000000000004,0.0003545,0.7336,0.0,0.0,0.0,0.0,0.0,0.0,0.0,0.0,0.0,0.0,0.0,0.0,0.0,0.0,0.0,0.0,vectored,random,2,2026-07-25T04:48:27+00:00
intadd_128_128_128_5_7nm_TT_0V75_25C_800MHz,intadd,a_width=128;b_width=128;out_width=128;pipeline_stages=5,7nm,TT,0.75,25.0,1.25,800.0,128,128,128,5,V-2023.12-SP4,2691,1728,963,416.941067,106.315775,310.625292,0.35785953177257523,0.7450100663746803,0.92,0.11,0.0,0,V-2023.12-SP4,2774,1811,963,428.15,117.52,310.63,589.8977,0.7258,0.3471521268925739,0.7255167581455098,0.44,0.63,0.0,0,V-2023.12-SP3,V-2023.12-SP4,2.991,0.8059000000000001,0.0031420000000000003,3.8,3.7969,4.746125,2.382,0.5157999999999999,9.5e-05,2.898,0.3948,0.05317,0.002465,0.4504,0.21430000000000002,0.2369,0.0005822000000000001,0.4518,0.0,0.0,0.0,0.0,0.0,0.0,0.0,0.0,0.0,0.0,0.0,0.0,0.0,0.0,0.0,0.0,unvectored,none,2,2026-07-25T05:01:16+00:00
intadd_128_128_128_5_7nm_TT_0V75_25C_800MHz,intadd,a_width=128;b_width=128;out_width=128;pipeline_stages=5,7nm,TT,0.75,25.0,1.25,800.0,128,128,128,5,V-2023.12-SP4,2691,1728,963,416.941067,106.315775,310.625292,0.35785953177257523,0.7450100663746803,0.92,0.11,0.0,0,V-2023.12-SP4,2774,1811,963,428.15,117.52,310.63,589.8977,0.7258,0.3471521268925739,0.7255167581455098,0.44,0.63,0.0,0,V-2023.12-SP3,V-2023.12-SP4,3.617,0.9464,0.003643,4.567,4.5634,5.70425,2.381,0.5157999999999999,9.493e-05,2.8960000000000004,0.8819,0.1328,0.002948,1.018,0.3547,0.29779999999999995,0.0006001,0.6531,0.0,0.0,0.0,0.0,0.0,0.0,0.0,0.0,0.0,0.0,0.0,0.0,0.0,0.0,0.0,0.0,vectored,random,2,2026-07-25T05:01:23+00:00
intadd_128_128_136_2_7nm_TT_0V75_25C_1333p33MHz,intadd,a_width=128;b_width=128;out_width=136;pipeline_stages=2,7nm,TT,0.75,25.0,0.75,1333.3333333333333,128,128,136,2,V-2023.12-SP4,1858,1473,385,208.180228,83.994623,124.185605,0.20721205597416578,0.5965292967207241,0.44,0.09,0.0,0,V-2023.12-SP4,1880,1495,385,211.33,87.14,124.19,295.0134,0.7163,0.2047872340425532,0.5876591113424502,0.2,0.36,0.0,0,V-2023.12-SP3,V-2023.12-SP4,2.02,0.6553,0.001403,2.677,2.6753,2.006475,1.506,0.2995,2.426e-05,1.805,0.2806,0.04083,0.0009851999999999999,0.32239999999999996,0.2333,0.315,0.0003938,0.5487,0.0,0.0,0.0,0.0,0.0,0.0,0.0,0.0,0.0,0.0,0.0,0.0,0.0,0.0,0.0,0.0,unvectored,none,2,2026-07-25T05:01:34+00:00
intadd_128_128_136_2_7nm_TT_0V75_25C_1333p33MHz,intadd,a_width=128;b_width=128;out_width=136;pipeline_stages=2,7nm,TT,0.75,25.0,0.75,1333.3333333333333,128,128,136,2,V-2023.12-SP4,1858,1473,385,208.180228,83.994623,124.185605,0.20721205597416578,0.5965292967207241,0.44,0.09,0.0,0,V-2023.12-SP4,1880,1495,385,211.33,87.14,124.19,295.0134,0.7163,0.2047872340425532,0.5876591113424502,0.2,0.36,0.0,0,V-2023.12-SP3,V-2023.12-SP4,2.572,0.9428000000000001,0.001607,3.516,3.5148,2.6361,1.5050000000000001,0.2995,2.426e-05,1.805,0.6299,0.10189999999999999,0.001181,0.733,0.4367,0.5415,0.0004016,0.9786,0.0,0.0,0.0,0.0,0.0,0.0,0.0,0.0,0.0,0.0,0.0,0.0,0.0,0.0,0.0,0.0,vectored,random,2,2026-07-25T05:01:41+00:00
intadd_4_4_12_3_20nm_TT_0V9_25C_1000MHz,intadd,a_width=4;b_width=4;out_width=12;pipeline_stages=3,20nm,TT,0.9,25.0,1.0,1000.0,4,4,12,3,V-2023.12-SP4,62,39,23,68.0064,19.4304,48.576,0.3709677419354839,0.7142857142857143,0.69,0.06,0.0,0,V-2023.12-SP4,62,39,23,73.18,24.6,48.58,93.7728,0.7804,0.3709677419354839,0.6638425799398742,0.35,0.41,0.0,0,V-2023.12-SP3,V-2023.12-SP4,0.2158,0.02664,0.0516,0.294,0.24244,0.24244,0.178,0.01562,0.05155,0.2452,0.02507,0.0036669999999999997,3.5560000000000005e-05,0.02878,0.01269,0.0073479999999999995,1.993e-05,0.02006,0.0,0.0,0.0,0.0,0.0,0.0,0.0,0.0,0.0,0.0,0.0,0.0,0.0,0.0,0.0,0.0,unvectored,none,2,2026-07-26T15:39:04+00:00
intadd_6_6_14_2_20nm_TT_0V9_25C_1000MHz,intadd,a_width=6;b_width=6;out_width=14;pipeline_stages=2,20nm,TT,0.9,25.0,1.0,1000.0,6,6,14,2,V-2023.12-SP4,68,49,19,61.776,21.648,40.128,0.27941176470588236,0.6495726495726495,0.76,0.0,0.0,0,V-2023.12-SP4,70,51,19,68.85,28.72,40.13,82.4736,0.8348,0.2714285714285714,0.5828612926652144,0.36,0.44,0.0,0,V-2023.12-SP3,V-2023.12-SP4,0.2016,0.02926,0.0516,0.2825,0.23086,0.23086,0.16440000000000002,0.0176,0.05155,0.2335,0.02158,0.002642,2.888e-05,0.02425,0.01569,0.009019,2.714e-05,0.02474,0.0,0.0,0.0,0.0,0.0,0.0,0.0,0.0,0.0,0.0,0.0,0.0,0.0,0.0,0.0,0.0,unvectored,none,2,2026-07-26T15:39:06+00:00
intadd_12_12_12_2_16nm_TT_0V85_25C_1000MHz,intadd,a_width=12;b_width=12;out_width=12;pipeline_stages=2,16nm,TT,0.85,25.0,1.0,1000.0,12,12,12,2,V-2023.12-SP4,141,105,36,69.050882,24.26112,44.789762,0.2553191489361702,0.6486486588252414,0.76,0.01,0.0,0,V-2023.12-SP4,143,107,36,81.49,36.45,45.04,96.2358,0.8468,0.2517482517482518,0.5527058534789545,0.34,0.47,0.0,0,V-2023.12-SP3,V-2023.12-SP4,0.3892,0.07788,0.1929,0.66,0.46708,0.46708,0.332,0.056749999999999995,0.19269999999999998,0.5814,0.03404,0.0038500000000000006,0.0001918,0.038090000000000006,0.023180000000000003,0.01728,4.303e-05,0.04051,0.0,0.0,0.0,0.0,0.0,0.0,0.0,0.0,0.0,0.0,0.0,0.0,0.0,0.0,0.0,0.0,unvectored,none,2,2026-07-26T15:39:07+00:00
intadd_8_8_16_3_16nm_TT_0V85_25C_1333p33MHz,intadd,a_width=8;b_width=8;out_width=16;pipeline_stages=3,16nm,TT,0.85,25.0,0.75,1333.3333333333333,8,8,16,3,V-2023.12-SP4,127,90,37,68.055554,22.021632,46.033922,0.29133858267716534,0.6764168285221805,0.5,0.02,0.0,0,V-2023.12-SP4,125,88,37,68.18,21.65,46.53,96.2358,0.7085,0.296,0.6824581988853036,0.21,0.31,0.0,0,V-2023.12-SP3,V-2023.12-SP4,0.3109,0.02334,0.0002255,0.3345,0.33424,0.25068,0.2375,0.0,0.0,0.2375,0.04584,0.005789,0.0001876,0.051820000000000005,0.027639999999999998,0.01755,3.782e-05,0.045219999999999996,0.0,0.0,0.0,0.0,0.0,0.0,0.0,0.0,0.0,0.0,0.0,0.0,0.0,0.0,0.0,0.0,unvectored,none,2,2026-07-26T15:39:09+00:00
intadd_6_6_14_5_20nm_TT_0V9_25C_1000MHz,intadd,a_width=6;b_width=6;out_width=14;pipeline_stages=5,20nm,TT,0.9,25.0,1.0,1000.0,6,6,14,5,V-2023.12-SP4,138,84,54,158.188799,44.1408,114.047999,0.391304347826087,0.7209612799449853,0.72,0.04,0.0,0,V-2023.12-SP4,139,85,54,168.96,54.91,114.05,214.7904,0.7866,0.38848920863309355,0.675011837121212,0.35,0.41,0.0,0,V-2023.12-SP3,V-2023.12-SP4,0.4865,0.03763,0.1032,0.6273,0.52413,0.52413,0.3967,0.01306,0.1031,0.5128,0.058019999999999995,0.008589,8.184e-05,0.06669,0.031810000000000005,0.01598,4.91e-05,0.047830000000000004,0.0,0.0,0.0,0.0,0.0,0.0,0.0,0.0,0.0,0.0,0.0,0.0,0.0,0.0,0.0,0.0,unvectored,none,2,2026-07-26T15:39:10+00:00
intadd_4_4_12_3_20nm_TT_0V9_25C_1000MHz,intadd,a_width=4;b_width=4;out_width=12;pipeline_stages=3,20nm,TT,0.9,25.0,1.0,1000.0,4,4,12,3,V-2023.12-SP4,62,39,23,68.0064,19.4304,48.576,0.3709677419354839,0.7142857142857143,0.69,0.06,0.0,0,V-2023.12-SP4,62,39,23,73.18,24.6,48.58,93.7728,0.7804,0.3709677419354839,0.6638425799398742,0.35,0.41,0.0,0,V-2023.12-SP3,V-2023.12-SP4,0.25470000000000004,0.03655,0.05161,0.3429,0.29125,0.29125,0.1784,0.01562,0.05155,0.2456,0.05568,0.009174999999999999,4.214e-05,0.0649,0.02064,0.01175,2.295e-05,0.03242,0.0,0.0,0.0,0.0,0.0,0.0,0.0,0.0,0.0,0.0,0.0,0.0,0.0,0.0,0.0,0.0,vectored,random,2,2026-07-26T15:39:10+00:00
intadd_12_12_20_3_16nm_TT_0V85_25C_800MHz,intadd,a_width=12;b_width=12;out_width=20;pipeline_stages=3,16nm,TT,0.85,25.0,1.25,800.0,12,12,20,3,V-2023.12-SP4,122,70,52,92.938756,28.242433,64.696323,0.4262295081967213,0.6961178068705806,0.98,0.04,0.0,0,V-2023.12-SP4,129,77,52,102.33,36.39,65.94,131.881,0.7759,0.40310077519379844,0.6443858106127235,0.46,0.56,0.0,0,V-2023.12-SP3,V-2023.12-SP4,0.3403,0.047689999999999996,0.1287,0.5167,0.38799,0.4849875,0.2744,0.02862,0.1285,0.4314,0.03956,0.005639,0.00024190000000000003,0.04544,0.02638,0.013430000000000001,4.3299999999999995e-05,0.03985,0.0,0.0,0.0,0.0,0.0,0.0,0.0,0.0,0.0,0.0,0.0,0.0,0.0,0.0,0.0,0.0,unvectored,none,2,2026-07-26T15:39:11+00:00
intadd_6_6_14_2_20nm_TT_0V9_25C_1000MHz,intadd,a_width=6;b_width=6;out_width=14;pipeline_stages=2,20nm,TT,0.9,25.0,1.0,1000.0,6,6,14,2,V-2023.12-SP4,68,49,19,61.776,21.648,40.128,0.27941176470588236,0.6495726495726495,0.76,0.0,0.0,0,V-2023.12-SP4,70,51,19,68.85,28.72,40.13,82.4736,0.8348,0.2714285714285714,0.5828612926652144,0.36,0.44,0.0,0,V-2023.12-SP3,V-2023.12-SP4,0.2362,0.039409999999999994,0.05161,0.3272,0.27560999999999997,0.27560999999999997,0.16449999999999998,0.0176,0.05155,0.2336,0.046560000000000004,0.006587,3.4580000000000004e-05,0.053180000000000005,0.02518,0.01522,2.936e-05,0.04043,0.0,0.0,0.0,0.0,0.0,0.0,0.0,0.0,0.0,0.0,0.0,0.0,0.0,0.0,0.0,0.0,vectored,random,2,2026-07-26T15:39:12+00:00
intadd_12_12_12_2_16nm_TT_0V85_25C_1000MHz,intadd,a_width=12;b_width=12;out_width=12;pipeline_stages=2,16nm,TT,0.85,25.0,1.0,1000.0,12,12,12,2,V-2023.12-SP4,141,105,36,69.050882,24.26112,44.789762,0.2553191489361702,0.6486486588252414,0.76,0.01,0.0,0,V-2023.12-SP4,143,107,36,81.49,36.45,45.04,96.2358,0.8468,0.2517482517482518,0.5527058534789545,0.34,0.47,0.0,0,V-2023.12-SP3,V-2023.12-SP4,0.4455,0.09774,0.1929,0.7361,0.54324,0.54324,0.3323,0.056749999999999995,0.19269999999999998,0.5818000000000001,0.07363,0.009618,0.000156,0.08339999999999999,0.039490000000000004,0.03137,4.61e-05,0.0709,0.0,0.0,0.0,0.0,0.0,0.0,0.0,0.0,0.0,0.0,0.0,0.0,0.0,0.0,0.0,0.0,vectored,random,2,2026-07-26T15:39:13+00:00
intadd_8_8_16_3_16nm_TT_0V85_25C_1333p33MHz,intadd,a_width=8;b_width=8;out_width=16;pipeline_stages=3,16nm,TT,0.85,25.0,0.75,1333.3333333333333,8,8,16,3,V-2023.12-SP4,127,90,37,68.055554,22.021632,46.033922,0.29133858267716534,0.6764168285221805,0.5,0.02,0.0,0,V-2023.12-SP4,125,88,37,68.18,21.65,46.53,96.2358,0.7085,0.296,0.6824581988853036,0.21,0.31,0.0,0,V-2023.12-SP3,V-2023.12-SP4,0.38430000000000003,0.04425,0.0001947,0.4287,0.42855000000000004,0.32141250000000005,0.2385,0.0,0.0,0.2385,0.1012,0.01458,0.0001537,0.116,0.04459,0.02967,4.104e-05,0.0743,0.0,0.0,0.0,0.0,0.0,0.0,0.0,0.0,0.0,0.0,0.0,0.0,0.0,0.0,0.0,0.0,vectored,random,2,2026-07-26T15:39:15+00:00
intadd_6_6_14_5_20nm_TT_0V9_25C_1000MHz,intadd,a_width=6;b_width=6;out_width=14;pipeline_stages=5,20nm,TT,0.9,25.0,1.0,1000.0,6,6,14,5,V-2023.12-SP4,138,84,54,158.188799,44.1408,114.047999,0.391304347826087,0.7209612799449853,0.72,0.04,0.0,0,V-2023.12-SP4,139,85,54,168.96,54.91,114.05,214.7904,0.7866,0.38848920863309355,0.675011837121212,0.35,0.41,0.0,0,V-2023.12-SP3,V-2023.12-SP4,0.58,0.05909,0.1032,0.7423,0.6390899999999999,0.6390899999999999,0.3972,0.01306,0.1031,0.5134,0.13119999999999998,0.02144,9.891e-05,0.1527,0.051530000000000006,0.02459,5.5379999999999995e-05,0.07618000000000001,0.0,0.0,0.0,0.0,0.0,0.0,0.0,0.0,0.0,0.0,0.0,0.0,0.0,0.0,0.0,0.0,vectored,random,2,2026-07-26T15:39:16+00:00
intadd_32_32_32_2_10nm_TT_0V8_25C_1333p33MHz,intadd,a_width=32;b_width=32;out_width=32;pipeline_stages=2,10nm,TT,0.8,25.0,0.75,1333.3333333333333,32,32,32,2,V-2023.12-SP4,430,334,96,95.846402,36.864,58.982403,0.22325581395348837,0.6153846338436366,0.51,0.02,0.0,0,V-2023.12-SP4,438,342,96,98.33,39.35,58.98,134.5536,0.7308,0.2191780821917808,0.5998169429472185,0.2,0.34,0.0,0,V-2023.12-SP3,V-2023.12-SP4,0.6737,0.12940000000000002,0.0002786,0.8032999999999999,0.8030999999999999,0.602325,0.5122,0.042620000000000005,1.567e-05,0.5549,0.0885,0.01115,0.0001406,0.09979,0.07292,0.07558000000000001,0.0001223,0.1486,0.0,0.0,0.0,0.0,0.0,0.0,0.0,0.0,0.0,0.0,0.0,0.0,0.0,0.0,0.0,0.0,unvectored,none,2,2026-07-26T15:39:17+00:00
intadd_24_24_32_3_10nm_TT_0V8_25C_1333p33MHz,intadd,a_width=24;b_width=24;out_width=32;pipeline_stages=3,10nm,TT,0.8,25.0,0.75,1333.3333333333333,24,24,32,3,V-2023.12-SP4,320,214,106,94.371843,29.24544,65.126403,0.33125,0.6901041765179896,0.51,0.02,0.0,0,V-2023.12-SP4,326,220,106,95.23,30.11,65.13,133.632,0.7126,0.32515337423312884,0.6839231334663446,0.2,0.34,0.0,0,V-2023.12-SP3,V-2023.12-SP4,0.6847,0.06708,0.00025610000000000005,0.7521,0.75178,0.563835,0.5241,0.0009199,2.908e-06,0.5251,0.09462999999999999,0.01339,0.0001553,0.1082,0.06595000000000001,0.05277,9.785e-05,0.1188,0.0,0.0,0.0,0.0,0.0,0.0,0.0,0.0,0.0,0.0,0.0,0.0,0.0,0.0,0.0,0.0,unvectored,none,2,2026-07-26T15:39:17+00:00
intadd_12_12_20_3_16nm_TT_0V85_25C_800MHz,intadd,a_width=12;b_width=12;out_width=20;pipeline_stages=3,16nm,TT,0.85,25.0,1.25,800.0,12,12,20,3,V-2023.12-SP4,122,70,52,92.938756,28.242433,64.696323,0.4262295081967213,0.6961178068705806,0.98,0.04,0.0,0,V-2023.12-SP4,129,77,52,102.33,36.39,65.94,131.881,0.7759,0.40310077519379844,0.6443858106127235,0.46,0.56,0.0,0,V-2023.12-SP3,V-2023.12-SP4,0.40700000000000003,0.061149999999999996,0.1287,0.5969,0.46815,0.5851875,0.2747,0.02862,0.1285,0.43179999999999996,0.08846,0.01408,0.00020270000000000002,0.1027,0.04381,0.01845,4.7909999999999994e-05,0.062310000000000004,0.0,0.0,0.0,0.0,0.0,0.0,0.0,0.0,0.0,0.0,0.0,0.0,0.0,0.0,0.0,0.0,vectored,random,2,2026-07-26T15:39:18+00:00
intadd_24_24_32_5_10nm_TT_0V8_25C_1333p33MHz,intadd,a_width=24;b_width=24;out_width=32;pipeline_stages=5,10nm,TT,0.8,25.0,0.75,1333.3333333333333,24,24,32,5,V-2023.12-SP4,402,221,181,154.275845,43.06944,111.206405,0.4502487562189055,0.7208283642847654,0.51,0.02,0.0,0,V-2023.12-SP4,426,245,181,159.13,47.92,111.21,215.9616,0.7368,0.42488262910798125,0.6988625651982655,0.2,0.35,0.0,0,V-2023.12-SP3,V-2023.12-SP4,1.259,0.1761,0.0004371,1.436,1.4350999999999998,1.0763249999999998,0.9986,0.08042,3.536e-05,1.0790000000000002,0.1572,0.02473,0.0002652,0.1822,0.1035,0.07091,0.00013659999999999999,0.17450000000000002,0.0,0.0,0.0,0.0,0.0,0.0,0.0,0.0,0.0,0.0,0.0,0.0,0.0,0.0,0.0,0.0,unvectored,none,2,2026-07-26T15:39:19+00:00
intadd_24_24_24_2_5nm_TT_0V7_25C_1333p33MHz,intadd,a_width=24;b_width=24;out_width=24;pipeline_stages=2,5nm,TT,0.7,25.0,0.75,1333.3333333333333,24,24,24,2,V-2023.12-SP4,297,225,72,19.7148,7.6188,12.096,0.24242424242424243,0.6135492117596932,0.52,0.01,0.0,0,V-2023.12-SP4,296,224,72,19.68,7.59,12.1,27.6024,0.713,0.24324324324324326,0.6148373983739838,0.19,0.34,0.0,0,V-2023.12-SP3,V-2023.12-SP4,0.3169,0.04775,0.00019539999999999998,0.3649,0.36465000000000003,0.2734875,0.2293,0.0,0.0,0.2293,0.04875,0.007443,0.0001325,0.05632,0.038829999999999996,0.04031,6.284e-05,0.07920999999999999,0.0,0.0,0.0,0.0,0.0,0.0,0.0,0.0,0.0,0.0,0.0,0.0,0.0,0.0,0.0,0.0,unvectored,none,2,2026-07-26T15:39:19+00:00
intadd_32_32_40_3_5nm_TT_0V7_25C_1333p33MHz,intadd,a_width=32;b_width=32;out_width=40;pipeline_stages=3,5nm,TT,0.7,25.0,0.75,1333.3333333333333,32,32,40,3,V-2023.12-SP4,420,278,142,35.8008,11.9448,23.856,0.3380952380952381,0.666353824495542,0.52,0.02,0.0,0,V-2023.12-SP4,429,287,142,36.52,12.67,23.86,50.4504,0.7239,0.331002331002331,0.6533406352683461,0.19,0.37,0.0,0,V-2023.12-SP3,V-2023.12-SP4,0.6544,0.17200000000000001,0.00036889999999999997,0.8268000000000001,0.8264,0.6198,0.4958,0.09931,1.1069999999999999e-05,0.5951,0.09271,0.01507,0.0002614,0.108,0.0659,0.0576,9.643e-05,0.1236,0.0,0.0,0.0,0.0,0.0,0.0,0.0,0.0,0.0,0.0,0.0,0.0,0.0,0.0,0.0,0.0,unvectored,none,2,2026-07-26T15:39:24+00:00
intadd_32_32_32_2_10nm_TT_0V8_25C_1333p33MHz,intadd,a_width=32;b_width=32;out_width=32;pipeline_stages=2,10nm,TT,0.8,25.0,0.75,1333.3333333333333,32,32,32,2,V-2023.12-SP4,430,334,96,95.846402,36.864,58.982403,0.22325581395348837,0.6153846338436366,0.51,0.02,0.0,0,V-2023.12-SP4,438,342,96,98.33,39.35,58.98,134.5536,0.7308,0.2191780821917808,0.5998169429472185,0.2,0.34,0.0,0,V-2023.12-SP3,V-2023.12-SP4,0.8308,0.19770000000000001,0.0002939,1.029,1.0285,0.7713749999999999,0.5119,0.042620000000000005,1.567e-05,0.5545,0.1959,0.02796,0.0001514,0.224,0.12300000000000001,0.1271,0.0001268,0.2503,0.0,0.0,0.0,0.0,0.0,0.0,0.0,0.0,0.0,0.0,0.0,0.0,0.0,0.0,0.0,0.0,vectored,random,2,2026-07-26T15:39:24+00:00
intadd_24_24_32_3_10nm_TT_0V8_25C_1333p33MHz,intadd,a_width=24;b_width=24;out_width=32;pipeline_stages=3,10nm,TT,0.8,25.0,0.75,1333.3333333333333,24,24,32,3,V-2023.12-SP4,320,214,106,94.371843,29.24544,65.126403,0.33125,0.6901041765179896,0.51,0.02,0.0,0,V-2023.12-SP4,326,220,106,95.23,30.11,65.13,133.632,0.7126,0.32515337423312884,0.6839231334663446,0.2,0.34,0.0,0,V-2023.12-SP3,V-2023.12-SP4,0.8405,0.1061,0.0002735,0.9469,0.9466,0.70995,0.5236999999999999,0.0009199,2.908e-06,0.5246,0.2094,0.033479999999999996,0.0001674,0.2431,0.1074,0.07167,0.0001031,0.1792,0.0,0.0,0.0,0.0,0.0,0.0,0.0,0.0,0.0,0.0,0.0,0.0,0.0,0.0,0.0,0.0,vectored,random,2,2026-07-26T15:39:24+00:00
intadd_24_24_32_5_10nm_TT_0V8_25C_1333p33MHz,intadd,a_width=24;b_width=24;out_width=32;pipeline_stages=5,10nm,TT,0.8,25.0,0.75,1333.3333333333333,24,24,32,5,V-2023.12-SP4,402,221,181,154.275845,43.06944,111.206405,0.4502487562189055,0.7208283642847654,0.51,0.02,0.0,0,V-2023.12-SP4,426,245,181,159.13,47.92,111.21,215.9616,0.7368,0.42488262910798125,0.6988625651982655,0.2,0.35,0.0,0,V-2023.12-SP3,V-2023.12-SP4,1.521,0.2242,0.0004666,1.746,1.7451999999999999,1.3089,0.9978999999999999,0.08042,3.536e-05,1.078,0.3543,0.06195,0.0002861,0.41659999999999997,0.16890000000000002,0.08183,0.0001451,0.2509,0.0,0.0,0.0,0.0,0.0,0.0,0.0,0.0,0.0,0.0,0.0,0.0,0.0,0.0,0.0,0.0,vectored,random,2,2026-07-26T15:39:25+00:00
intadd_24_24_24_2_5nm_TT_0V7_25C_1333p33MHz,intadd,a_width=24;b_width=24;out_width=24;pipeline_stages=2,5nm,TT,0.7,25.0,0.75,1333.3333333333333,24,24,24,2,V-2023.12-SP4,297,225,72,19.7148,7.6188,12.096,0.24242424242424243,0.6135492117596932,0.52,0.01,0.0,0,V-2023.12-SP4,296,224,72,19.68,7.59,12.1,27.6024,0.713,0.24324324324324326,0.6148373983739838,0.19,0.34,0.0,0,V-2023.12-SP3,V-2023.12-SP4,0.40719999999999995,0.08773,0.0001863,0.49510000000000004,0.49493,0.37119749999999996,0.2307,0.0,0.0,0.2307,0.1067,0.018609999999999998,0.0001205,0.1255,0.06978,0.06912,6.586e-05,0.13899999999999998,0.0,0.0,0.0,0.0,0.0,0.0,0.0,0.0,0.0,0.0,0.0,0.0,0.0,0.0,0.0,0.0,vectored,random,2,2026-07-26T15:39:26+00:00
intadd_32_32_40_3_5nm_TT_0V7_25C_1333p33MHz,intadd,a_width=32;b_width=32;out_width=40;pipeline_stages=3,5nm,TT,0.7,25.0,0.75,1333.3333333333333,32,32,40,3,V-2023.12-SP4,420,278,142,35.8008,11.9448,23.856,0.3380952380952381,0.666353824495542,0.52,0.02,0.0,0,V-2023.12-SP4,429,287,142,36.52,12.67,23.86,50.4504,0.7239,0.331002331002331,0.6533406352683461,0.19,0.37,0.0,0,V-2023.12-SP3,V-2023.12-SP4,0.8167,0.2205,0.00035,1.038,1.0372,0.7778999999999999,0.4986,0.09931,1.1069999999999999e-05,0.598,0.20550000000000002,0.037809999999999996,0.0002369,0.24350000000000002,0.1126,0.08339999999999999,0.00010209999999999999,0.1961,0.0,0.0,0.0,0.0,0.0,0.0,0.0,0.0,0.0,0.0,0.0,0.0,0.0,0.0,0.0,0.0,vectored,random,2,2026-07-26T15:39:30+00:00
intadd_48_48_48_2_5nm_TT_0V7_25C_800MHz,intadd,a_width=48;b_width=48;out_width=48;pipeline_stages=2,5nm,TT,0.7,25.0,1.25,800.0,48,48,48,2,V-2023.12-SP4,602,458,144,39.664799,15.4728,24.192,0.23920265780730898,0.6099110700144982,1.01,0.03,0.0,0,V-2023.12-SP4,610,466,144,40.31,16.12,24.19,55.44,0.7271,0.2360655737704918,0.6000992309600596,0.44,0.66,0.0,0,V-2023.12-SP3,V-2023.12-SP4,0.4264,0.1264,0.0004057,0.5530999999999999,0.5528,0.691,0.3203,0.06381,1.142e-05,0.3841,0.058359999999999995,0.009198999999999999,0.0002652,0.06783,0.047670000000000004,0.05335,0.00012910000000000002,0.10110000000000001,0.0,0.0,0.0,0.0,0.0,0.0,0.0,0.0,0.0,0.0,0.0,0.0,0.0,0.0,0.0,0.0,unvectored,none,2,2026-07-26T15:39:33+00:00
intadd_48_48_48_2_5nm_TT_0V7_25C_800MHz,intadd,a_width=48;b_width=48;out_width=48;pipeline_stages=2,5nm,TT,0.7,25.0,1.25,800.0,48,48,48,2,V-2023.12-SP4,602,458,144,39.664799,15.4728,24.192,0.23920265780730898,0.6099110700144982,1.01,0.03,0.0,0,V-2023.12-SP4,610,466,144,40.31,16.12,24.19,55.44,0.7271,0.2360655737704918,0.6000992309600596,0.44,0.66,0.0,0,V-2023.12-SP3,V-2023.12-SP4,0.5317,0.17200000000000001,0.0003854,0.7041000000000001,0.7037,0.879625,0.3221,0.06381,1.142e-05,0.3859,0.1272,0.022940000000000002,0.000239,0.1504,0.0824,0.08522,0.0001349,0.1678,0.0,0.0,0.0,0.0,0.0,0.0,0.0,0.0,0.0,0.0,0.0,0.0,0.0,0.0,0.0,0.0,vectored,random,2,2026-07-26T15:39:40+00:00
intadd_32_32_32_2_7nm_TT_0V75_25C_1333p33MHz,intadd,a_width=32;b_width=32;out_width=32;pipeline_stages=2,7nm,TT,0.75,25.0,0.75,1333.3333333333333,32,32,32,2,V-2023.12-SP4,422,326,96,49.964545,18.998784,30.965761,0.22748815165876776,0.6197546880492958,0.52,0.02,0.0,0,V-2023.12-SP4,422,326,96,50.0,19.03,30.97,70.2536,0.7117,0.22748815165876776,0.6194,0.19,0.34,0.0,0,V-2023.12-SP3,V-2023.12-SP4,0.4779,0.07099,0.0003374,0.5492,0.54889,0.41166749999999996,0.35340000000000005,0.0,0.0,0.35340000000000005,0.07001,0.009176,0.0002458,0.07944,0.05441,0.061810000000000004,9.161e-05,0.1163,0.0,0.0,0.0,0.0,0.0,0.0,0.0,0.0,0.0,0.0,0.0,0.0,0.0,0.0,0.0,0.0,unvectored,none,2,2026-07-26T15:39:41+00:00
intadd_32_32_32_2_7nm_TT_0V75_25C_1333p33MHz,intadd,a_width=32;b_width=32;out_width=32;pipeline_stages=2,7nm,TT,0.75,25.0,0.75,1333.3333333333333,32,32,32,2,V-2023.12-SP4,422,326,96,49.964545,18.998784,30.965761,0.22748815165876776,0.6197546880492958,0.52,0.02,0.0,0,V-2023.12-SP4,422,326,96,50.0,19.03,30.97,70.2536,0.7117,0.22748815165876776,0.6194,0.19,0.34,0.0,0,V-2023.12-SP3,V-2023.12-SP4,0.6084,0.12789999999999999,0.0003876,0.7366999999999999,0.7363000000000001,0.5522250000000001,0.3532,0.0,0.0,0.3532,0.1563,0.02302,0.000294,0.1796,0.0989,0.10490000000000001,9.355999999999999e-05,0.2039,0.0,0.0,0.0,0.0,0.0,0.0,0.0,0.0,0.0,0.0,0.0,0.0,0.0,0.0,0.0,0.0,vectored,random,2,2026-07-26T15:39:47+00:00
intadd_48_48_48_2_7nm_TT_0V75_25C_800MHz,intadd,a_width=48;b_width=48;out_width=48;pipeline_stages=2,7nm,TT,0.75,25.0,1.25,800.0,48,48,48,2,V-2023.12-SP4,603,459,144,73.624322,27.17568,46.448642,0.23880597014925373,0.6308871951309786,1.03,0.0,0.0,0,V-2023.12-SP4,615,471,144,75.37,28.92,46.45,103.2192,0.7302,0.23414634146341465,0.6162929547565345,0.44,0.64,0.0,0,V-2023.12-SP3,V-2023.12-SP4,0.4782,0.13970000000000002,0.0005192,0.6184,0.6179,0.772375,0.367,0.07342,1.66e-05,0.4404,0.06294000000000001,0.008707,0.0003684,0.07202,0.04825,0.05756,0.0001342,0.1059,0.0,0.0,0.0,0.0,0.0,0.0,0.0,0.0,0.0,0.0,0.0,0.0,0.0,0.0,0.0,0.0,unvectored,none,2,2026-07-26T15:40:02+00:00
intadd_48_48_48_3_7nm_TT_0V75_25C_1333p33MHz,intadd,a_width=48;b_width=48;out_width=48;pipeline_stages=3,7nm,TT,0.75,25.0,0.75,1333.3333333333333,48,48,48,3,V-2023.12-SP4,753,536,217,102.009602,32.01408,69.995523,0.28818061088977426,0.6861660238611655,0.53,0.0,0.0,0,V-2023.12-SP4,777,560,217,105.93,35.93,70.0,142.507,0.7433,0.27927927927927926,0.6608137449258944,0.19,0.35,0.0,0,V-2023.12-SP3,V-2023.12-SP4,1.159,0.3304,0.0007547,1.49,1.4894,1.11705,0.9075,0.201,3.328e-05,1.109,0.1528,0.01997,0.0005560999999999999,0.1733,0.09862,0.1094,0.0001653,0.2082,0.0,0.0,0.0,0.0,0.0,0.0,0.0,0.0,0.0,0.0,0.0,0.0,0.0,0.0,0.0,0.0,unvectored,none,2,2026-07-26T15:40:07+00:00
intadd_48_48_48_2_7nm_TT_0V75_25C_800MHz,intadd,a_width=48;b_width=48;out_width=48;pipeline_stages=2,7nm,TT,0.75,25.0,1.25,800.0,48,48,48,2,V-2023.12-SP4,603,459,144,73.624322,27.17568,46.448642,0.23880597014925373,0.6308871951309786,1.03,0.0,0.0,0,V-2023.12-SP4,615,471,144,75.37,28.92,46.45,103.2192,0.7302,0.23414634146341465,0.6162929547565345,0.44,0.64,0.0,0,V-2023.12-SP3,V-2023.12-SP4,0.5946,0.186,0.0005983999999999999,0.7812,0.7806,0.9757499999999999,0.36689999999999995,0.07342,1.664e-05,0.4403,0.1409,0.02171,0.0004445,0.1631,0.08686,0.09083,0.0001372,0.1778,0.0,0.0,0.0,0.0,0.0,0.0,0.0,0.0,0.0,0.0,0.0,0.0,0.0,0.0,0.0,0.0,vectored,random,2,2026-07-26T15:40:08+00:00
intadd_48_48_48_3_7nm_TT_0V75_25C_1333p33MHz,intadd,a_width=48;b_width=48;out_width=48;pipeline_stages=3,7nm,TT,0.75,25.0,0.75,1333.3333333333333,48,48,48,3,V-2023.12-SP4,753,536,217,102.009602,32.01408,69.995523,0.28818061088977426,0.6861660238611655,0.53,0.0,0.0,0,V-2023.12-SP4,777,560,217,105.93,35.93,70.0,142.507,0.7433,0.27927927927927926,0.6608137449258944,0.19,0.35,0.0,0,V-2023.12-SP3,V-2023.12-SP4,1.414,0.4087,0.0008677,1.823,1.8227,1.367025,0.9071,0.201,3.328e-05,1.108,0.3387,0.0498,0.0006654,0.3891,0.16770000000000002,0.15789999999999998,0.0001691,0.3258,0.0,0.0,0.0,0.0,0.0,0.0,0.0,0.0,0.0,0.0,0.0,0.0,0.0,0.0,0.0,0.0,vectored,random,2,2026-07-26T15:40:14+00:00
intadd_8_8_16_2_20nm_TT_0V9_25C_1000MHz,intadd,a_width=8;b_width=8;out_width=16;pipeline_stages=2,20nm,TT,0.9,25.0,1.0,1000.0,8,8,16,2,V-2023.12-SP4,100,75,25,84.2688,31.4688,52.8,0.25,0.6265664160401002,0.69,0.08,0.0,0,V-2023.12-SP4,101,76,25,84.9,32.1,52.8,113.9424,0.7451,0.24752475247524752,0.6219081272084805,0.36,0.41,0.0,0,V-2023.12-SP3,V-2023.12-SP4,0.2052,0.02283,7.776e-05,0.2281,0.22802999999999998,0.22802999999999998,0.1561,0.0055910000000000005,2.601e-06,0.1617,0.028399999999999998,0.003392,3.7970000000000004e-05,0.03183,0.02073,0.01385,3.7189999999999995e-05,0.03461,0.0,0.0,0.0,0.0,0.0,0.0,0.0,0.0,0.0,0.0,0.0,0.0,0.0,0.0,0.0,0.0,unvectored,none,2,2026-07-26T15:41:14+00:00
intadd_12_12_12_3_20nm_TT_0V9_25C_1000MHz,intadd,a_width=12;b_width=12;out_width=12;pipeline_stages=3,20nm,TT,0.9,25.0,1.0,1000.0,12,12,12,3,V-2023.12-SP4,177,122,55,164.947199,48.7872,116.159999,0.3107344632768362,0.7042253503195286,0.75,0.02,0.0,0,V-2023.12-SP4,175,120,55,165.05,48.89,116.16,232.7424,0.7092,0.3142857142857143,0.7037867312935473,0.35,0.41,0.0,0,V-2023.12-SP3,V-2023.12-SP4,0.4197,0.03117,0.000147,0.451,0.45087,0.45087,0.3232,0.0,0.0,0.3232,0.06053,0.006218,8.336e-05,0.06683,0.03596,0.02495,6.366e-05,0.06097,0.0,0.0,0.0,0.0,0.0,0.0,0.0,0.0,0.0,0.0,0.0,0.0,0.0,0.0,0.0,0.0,unvectored,none,2,2026-07-26T15:41:20+00:00
intadd_16_16_16_2_16nm_TT_0V85_25C_1000MHz,intadd,a_width=16;b_width=16;out_width=16;pipeline_stages=2,16nm,TT,0.85,25.0,1.0,1000.0,16,16,16,2,V-2023.12-SP4,198,150,48,93.996291,34.276609,59.719683,0.24242424242424243,0.6353408455233622,0.76,0.01,0.0,0,V-2023.12-SP4,202,154,48,106.94,46.97,59.97,133.1251,0.8033,0.2376237623762376,0.5607817467738919,0.34,0.43,0.0,0,V-2023.12-SP3,V-2023.12-SP4,0.45399999999999996,0.03661,0.25720000000000004,0.7477999999999999,0.49060999999999994,0.49060999999999994,0.3753,0.004064000000000001,0.2569,0.6362,0.045259999999999995,0.00528,0.0002587,0.050800000000000005,0.03344,0.027270000000000003,6.162000000000001e-05,0.060770000000000005,0.0,0.0,0.0,0.0,0.0,0.0,0.0,0.0,0.0,0.0,0.0,0.0,0.0,0.0,0.0,0.0,unvectored,none,2,2026-07-26T15:41:20+00:00
intadd_8_8_16_2_20nm_TT_0V9_25C_1000MHz,intadd,a_width=8;b_width=8;out_width=16;pipeline_stages=2,20nm,TT,0.9,25.0,1.0,1000.0,8,8,16,2,V-2023.12-SP4,100,75,25,84.2688,31.4688,52.8,0.25,0.6265664160401002,0.69,0.08,0.0,0,V-2023.12-SP4,101,76,25,84.9,32.1,52.8,113.9424,0.7451,0.24752475247524752,0.6219081272084805,0.36,0.41,0.0,0,V-2023.12-SP3,V-2023.12-SP4,0.2557,0.03997,8.819999999999999e-05,0.29569999999999996,0.29567,0.29567,0.15689999999999998,0.0055910000000000005,2.601e-06,0.1625,0.0624,0.008482,4.548e-05,0.07092000000000001,0.036390000000000006,0.0259,4.0119999999999995e-05,0.06232,0.0,0.0,0.0,0.0,0.0,0.0,0.0,0.0,0.0,0.0,0.0,0.0,0.0,0.0,0.0,0.0,vectored,random,2,2026-07-26T15:41:20+00:00
intadd_16_16_16_5_16nm_TT_0V85_25C_1333p33MHz,intadd,a_width=16;b_width=16;out_width=16;pipeline_stages=5,16nm,TT,0.85,25.0,0.75,1333.3333333333333,16,16,16,5,V-2023.12-SP4,282,159,123,204.975368,51.943681,153.031687,0.43617021276595747,0.7465857409754718,0.51,0.01,0.0,0,V-2023.12-SP4,287,164,123,212.32,53.19,159.13,285.0371,0.7449,0.42857142857142855,0.7494819140919367,0.21,0.3,0.0,0,V-2023.12-SP3,V-2023.12-SP4,1.02,0.06982000000000001,0.0005372,1.09,1.08982,0.817365,0.7781,0.0,0.0,0.7781,0.1604,0.01924,0.00044780000000000004,0.18000000000000002,0.08121,0.05059,8.938e-05,0.13190000000000002,0.0,0.0,0.0,0.0,0.0,0.0,0.0,0.0,0.0,0.0,0.0,0.0,0.0,0.0,0.0,0.0,unvectored,none,2,2026-07-26T15:41:25+00:00
intadd_12_12_12_3_20nm_TT_0V9_25C_1000MHz,intadd,a_width=12;b_width=12;out_width=12;pipeline_stages=3,20nm,TT,0.9,25.0,1.0,1000.0,12,12,12,3,V-2023.12-SP4,177,122,55,164.947199,48.7872,116.159999,0.3107344632768362,0.7042253503195286,0.75,0.02,0.0,0,V-2023.12-SP4,175,120,55,165.05,48.89,116.16,232.7424,0.7092,0.3142857142857143,0.7037867312935473,0.35,0.41,0.0,0,V-2023.12-SP3,V-2023.12-SP4,0.5122,0.04935,0.00016999999999999999,0.5617000000000001,0.56155,0.56155,0.325,0.0,0.0,0.325,0.1323,0.01554,0.0001003,0.148,0.05489,0.033819999999999996,6.965e-05,0.08878,0.0,0.0,0.0,0.0,0.0,0.0,0.0,0.0,0.0,0.0,0.0,0.0,0.0,0.0,0.0,0.0,vectored,random,2,2026-07-26T15:41:26+00:00
intadd_16_16_16_2_16nm_TT_0V85_25C_1000MHz,intadd,a_width=16;b_width=16;out_width=16;pipeline_stages=2,16nm,TT,0.85,25.0,1.0,1000.0,16,16,16,2,V-2023.12-SP4,198,150,48,93.996291,34.276609,59.719683,0.24242424242424243,0.6353408455233622,0.76,0.01,0.0,0,V-2023.12-SP4,202,154,48,106.94,46.97,59.97,133.1251,0.8033,0.2376237623762376,0.5607817467738919,0.34,0.43,0.0,0,V-2023.12-SP3,V-2023.12-SP4,0.5318999999999999,0.06466,0.25720000000000004,0.8538,0.59656,0.59656,0.37579999999999997,0.004064000000000001,0.2569,0.6367999999999999,0.09864,0.01322,0.0002102,0.1121,0.05747,0.04737,6.565999999999999e-05,0.10490000000000001,0.0,0.0,0.0,0.0,0.0,0.0,0.0,0.0,0.0,0.0,0.0,0.0,0.0,0.0,0.0,0.0,vectored,random,2,2026-07-26T15:41:26+00:00
intadd_16_16_16_5_20nm_TT_0V9_25C_1000MHz,intadd,a_width=16;b_width=16;out_width=16;pipeline_stages=5,20nm,TT,0.9,25.0,1.0,1000.0,16,16,16,5,V-2023.12-SP4,281,158,123,351.542398,91.5552,259.987199,0.4377224199288256,0.7395614312217327,0.76,0.01,0.0,0,V-2023.12-SP4,291,168,123,361.57,101.59,259.99,499.6992,0.7236,0.422680412371134,0.7190585502115773,0.35,0.41,0.0,0,V-2023.12-SP3,V-2023.12-SP4,0.9833999999999999,0.06484,0.05185,1.1,1.0482399999999998,1.0482399999999998,0.7754,0.004802,0.05155,0.8317,0.1324,0.01662,0.00018690000000000002,0.1492,0.07566,0.04342,0.0001101,0.1192,0.0,0.0,0.0,0.0,0.0,0.0,0.0,0.0,0.0,0.0,0.0,0.0,0.0,0.0,0.0,0.0,unvectored,none,2,2026-07-26T15:41:27+00:00
intadd_16_16_24_5_16nm_TT_0V85_25C_1333p33MHz,intadd,a_width=16;b_width=16;out_width=24;pipeline_stages=5,16nm,TT,0.85,25.0,0.75,1333.3333333333333,16,16,24,5,V-2023.12-SP4,344,225,119,201.180679,53.125633,148.055047,0.34593023255813954,0.7359307451189188,0.5,0.02,0.0,0,V-2023.12-SP4,344,225,119,205.54,53.75,151.79,281.429,0.7303,0.34593023255813954,0.7384937238493724,0.21,0.31,0.0,0,V-2023.12-SP3,V-2023.12-SP4,0.9825999999999999,0.07489,0.0006194999999999999,1.0579999999999998,1.0574899999999998,0.7931174999999999,0.7575000000000001,0.0,0.0,0.7575000000000001,0.1497,0.01495,0.0005187,0.1651,0.07548,0.05994,0.0001008,0.13549999999999998,0.0,0.0,0.0,0.0,0.0,0.0,0.0,0.0,0.0,0.0,0.0,0.0,0.0,0.0,0.0,0.0,unvectored,none,2,2026-07-26T15:41:30+00:00
intadd_16_16_16_5_16nm_TT_0V85_25C_1333p33MHz,intadd,a_width=16;b_width=16;out_width=16;pipeline_stages=5,16nm,TT,0.85,25.0,0.75,1333.3333333333333,16,16,16,5,V-2023.12-SP4,282,159,123,204.975368,51.943681,153.031687,0.43617021276595747,0.7465857409754718,0.51,0.01,0.0,0,V-2023.12-SP4,287,164,123,212.32,53.19,159.13,285.0371,0.7449,0.42857142857142855,0.7494819140919367,0.21,0.3,0.0,0,V-2023.12-SP3,V-2023.12-SP4,1.268,0.1012,0.0005011,1.3699999999999999,1.3692,1.0269,0.7796,0.0,0.0,0.7796,0.36279999999999996,0.04819,0.0004007,0.41140000000000004,0.1254,0.05303,0.0001004,0.1785,0.0,0.0,0.0,0.0,0.0,0.0,0.0,0.0,0.0,0.0,0.0,0.0,0.0,0.0,0.0,0.0,vectored,random,2,2026-07-26T15:41:32+00:00
intadd_16_16_16_5_20nm_TT_0V9_25C_1000MHz,intadd,a_width=16;b_width=16;out_width=16;pipeline_stages=5,20nm,TT,0.9,25.0,1.0,1000.0,16,16,16,5,V-2023.12-SP4,281,158,123,351.542398,91.5552,259.987199,0.4377224199288256,0.7395614312217327,0.76,0.01,0.0,0,V-2023.12-SP4,291,168,123,361.57,101.59,259.99,499.6992,0.7236,0.422680412371134,0.7190585502115773,0.35,0.41,0.0,0,V-2023.12-SP3,V-2023.12-SP4,1.189,0.09358,0.0519,1.3339999999999999,1.28258,1.28258,0.7766,0.004802,0.05155,0.8329,0.2964,0.04163,0.0002256,0.3382,0.11560000000000001,0.04715,0.00012419999999999998,0.1629,0.0,0.0,0.0,0.0,0.0,0.0,0.0,0.0,0.0,0.0,0.0,0.0,0.0,0.0,0.0,0.0,vectored,random,2,2026-07-26T15:41:34+00:00
intadd_16_16_24_5_16nm_TT_0V85_25C_1333p33MHz,intadd,a_width=16;b_width=16;out_width=24;pipeline_stages=5,16nm,TT,0.85,25.0,0.75,1333.3333333333333,16,16,24,5,V-2023.12-SP4,344,225,119,201.180679,53.125633,148.055047,0.34593023255813954,0.7359307451189188,0.5,0.02,0.0,0,V-2023.12-SP4,344,225,119,205.54,53.75,151.79,281.429,0.7303,0.34593023255813954,0.7384937238493724,0.21,0.31,0.0,0,V-2023.12-SP3,V-2023.12-SP4,1.22,0.11170000000000001,0.0005528,1.332,1.3316999999999999,0.998775,0.7595,0.0,0.0,0.7595,0.3376,0.03757,0.0004414,0.37560000000000004,0.1228,0.07412,0.00011140000000000001,0.19699999999999998,0.0,0.0,0.0,0.0,0.0,0.0,0.0,0.0,0.0,0.0,0.0,0.0,0.0,0.0,0.0,0.0,vectored,random,2,2026-07-26T15:41:37+00:00
intadd_32_32_32_5_10nm_TT_0V8_25C_1333p33MHz,intadd,a_width=32;b_width=32;out_width=32;pipeline_stages=5,10nm,TT,0.8,25.0,0.75,1333.3333333333333,32,32,32,5,V-2023.12-SP4,524,281,243,199.833607,50.5344,149.299207,0.4637404580152672,0.7471176107029884,0.51,0.02,0.0,0,V-2023.12-SP4,540,297,243,203.09,53.79,149.3,285.2045,0.7121,0.45,0.7351420552464425,0.2,0.37,0.0,0,V-2023.12-SP3,V-2023.12-SP4,1.5399999999999998,0.356,0.0005369,1.897,1.896,1.422,1.2,0.2385,1.45e-05,1.438,0.2105,0.03171,0.00035610000000000004,0.24259999999999998,0.1298,0.08574,0.0001663,0.2157,0.0,0.0,0.0,0.0,0.0,0.0,0.0,0.0,0.0,0.0,0.0,0.0,0.0,0.0,0.0,0.0,unvectored,none,2,2026-07-26T15:41:39+00:00
intadd_32_32_40_3_10nm_TT_0V8_25C_800MHz,intadd,a_width=32;b_width=32;out_width=40;pipeline_stages=3,10nm,TT,0.8,25.0,1.25,800.0,32,32,40,3,V-2023.12-SP4,327,185,142,125.859844,38.61504,87.244804,0.43425076452599387,0.6931901488770319,1.02,0.01,0.0,0,V-2023.12-SP4,341,199,142,129.85,42.61,87.24,174.4282,0.7445,0.41642228739002934,0.6718521370812476,0.45,0.67,0.0,0,V-2023.12-SP3,V-2023.12-SP4,0.6443,0.1304,0.000349,0.775,0.7746999999999999,0.968375,0.5099,0.07899,2.445e-05,0.5889,0.07634,0.014039999999999999,0.00020800000000000001,0.09059,0.05806,0.037360000000000004,0.0001165,0.09553,0.0,0.0,0.0,0.0,0.0,0.0,0.0,0.0,0.0,0.0,0.0,0.0,0.0,0.0,0.0,0.0,unvectored,none,2,2026-07-26T15:41:40+00:00
intadd_32_32_40_2_10nm_TT_0V8_25C_800MHz,intadd,a_width=32;b_width=32;out_width=40;pipeline_stages=2,10nm,TT,0.8,25.0,1.25,800.0,32,32,40,2,V-2023.12-SP4,390,293,97,92.928003,33.3312,59.596803,0.24871794871794872,0.6413223256287989,0.99,0.04,0.0,0,V-2023.12-SP4,403,306,97,98.37,38.77,59.6,132.7104,0.7412,0.24069478908188585,0.6058757751346955,0.45,0.64,0.0,0,V-2023.12-SP3,V-2023.12-SP4,0.472,0.1126,0.0002932,0.5849,0.5846,0.73075,0.3754,0.06587,3.675e-05,0.44129999999999997,0.053779999999999994,0.0069310000000000005,0.0001421,0.06086,0.04282,0.039799999999999995,0.0001143,0.08273,0.0,0.0,0.0,0.0,0.0,0.0,0.0,0.0,0.0,0.0,0.0,0.0,0.0,0.0,0.0,0.0,unvectored,none,2,2026-07-26T15:41:43+00:00
intadd_32_32_40_3_10nm_TT_0V8_25C_800MHz,intadd,a_width=32;b_width=32;out_width=40;pipeline_stages=3,10nm,TT,0.8,25.0,1.25,800.0,32,32,40,3,V-2023.12-SP4,327,185,142,125.859844,38.61504,87.244804,0.43425076452599387,0.6931901488770319,1.02,0.01,0.0,0,V-2023.12-SP4,341,199,142,129.85,42.61,87.24,174.4282,0.7445,0.41642228739002934,0.6718521370812476,0.45,0.67,0.0,0,V-2023.12-SP3,V-2023.12-SP4,0.7784,0.1594,0.0003739,0.9382,0.9378,1.17225,0.5096,0.07899,2.445e-05,0.5886,0.1718,0.03521,0.0002261,0.20729999999999998,0.09698,0.04524,0.0001233,0.14229999999999998,0.0,0.0,0.0,0.0,0.0,0.0,0.0,0.0,0.0,0.0,0.0,0.0,0.0,0.0,0.0,0.0,vectored,random,2,2026-07-26T15:41:46+00:00
intadd_32_32_32_5_10nm_TT_0V8_25C_1333p33MHz,intadd,a_width=32;b_width=32;out_width=32;pipeline_stages=5,10nm,TT,0.8,25.0,0.75,1333.3333333333333,32,32,32,5,V-2023.12-SP4,524,281,243,199.833607,50.5344,149.299207,0.4637404580152672,0.7471176107029884,0.51,0.02,0.0,0,V-2023.12-SP4,540,297,243,203.09,53.79,149.3,285.2045,0.7121,0.45,0.7351420552464425,0.2,0.37,0.0,0,V-2023.12-SP3,V-2023.12-SP4,1.879,0.4082,0.0005781,2.2880000000000003,2.2872,1.7153999999999998,1.199,0.2385,1.45e-05,1.438,0.4748,0.07962,0.0003857,0.5548000000000001,0.20479999999999998,0.09008000000000001,0.0001779,0.29510000000000003,0.0,0.0,0.0,0.0,0.0,0.0,0.0,0.0,0.0,0.0,0.0,0.0,0.0,0.0,0.0,0.0,vectored,random,2,2026-07-26T15:41:46+00:00
intadd_32_32_40_2_10nm_TT_0V8_25C_800MHz,intadd,a_width=32;b_width=32;out_width=40;pipeline_stages=2,10nm,TT,0.8,25.0,1.25,800.0,32,32,40,2,V-2023.12-SP4,390,293,97,92.928003,33.3312,59.596803,0.24871794871794872,0.6413223256287989,0.99,0.04,0.0,0,V-2023.12-SP4,403,306,97,98.37,38.77,59.6,132.7104,0.7412,0.24069478908188585,0.6058757751346955,0.45,0.64,0.0,0,V-2023.12-SP3,V-2023.12-SP4,0.5592,0.146,0.00031,0.7055,0.7052,0.8815000000000001,0.37520000000000003,0.06587,3.6780000000000004e-05,0.4411,0.1176,0.017390000000000003,0.00015419999999999998,0.1351,0.0664,0.06276999999999999,0.00011899999999999999,0.1293,0.0,0.0,0.0,0.0,0.0,0.0,0.0,0.0,0.0,0.0,0.0,0.0,0.0,0.0,0.0,0.0,vectored,random,2,2026-07-26T15:41:50+00:00
intadd_48_48_48_3_5nm_TT_0V7_25C_1333p33MHz,intadd,a_width=48;b_width=48;out_width=48;pipeline_stages=3,5nm,TT,0.7,25.0,0.75,1333.3333333333333,48,48,48,3,V-2023.12-SP4,751,534,217,55.045199,18.5892,36.456,0.28894806924101196,0.6622920919951621,0.52,0.01,0.0,0,V-2023.12-SP4,766,549,217,55.92,19.46,36.46,77.3136,0.7233,0.283289817232376,0.652002861230329,0.19,0.36,0.0,0,V-2023.12-SP3,V-2023.12-SP4,0.9659,0.3026,0.0005685,1.269,1.2685,0.951375,0.7269000000000001,0.1759,1.178e-05,0.9029,0.1415,0.0209,0.0003994,0.1628,0.09739,0.10579999999999999,0.0001574,0.2033,0.0,0.0,0.0,0.0,0.0,0.0,0.0,0.0,0.0,0.0,0.0,0.0,0.0,0.0,0.0,0.0,unvectored,none,2,2026-07-26T15:41:56+00:00
intadd_48_48_48_5_5nm_TT_0V7_25C_1333p33MHz,intadd,a_width=48;b_width=48;out_width=48;pipeline_stages=5,5nm,TT,0.7,25.0,0.75,1333.3333333333333,48,48,48,5,V-2023.12-SP4,780,417,363,84.814799,23.8308,60.983999,0.4653846153846154,0.7190254497920817,0.51,0.02,0.0,0,V-2023.12-SP4,808,445,363,86.36,25.38,60.98,120.12,0.719,0.44925742574257427,0.7061139416396479,0.19,0.38,0.0,0,V-2023.12-SP3,V-2023.12-SP4,1.595,0.4432,0.0008730999999999999,2.039,2.0382,1.5286499999999998,1.227,0.2979,2.0170000000000002e-05,1.5250000000000001,0.2293,0.03753,0.0006682,0.2675,0.1386,0.1077,0.0001848,0.24649999999999997,0.0,0.0,0.0,0.0,0.0,0.0,0.0,0.0,0.0,0.0,0.0,0.0,0.0,0.0,0.0,0.0,unvectored,none,2,2026-07-26T15:41:57+00:00
intadd_48_48_48_3_5nm_TT_0V7_25C_1333p33MHz,intadd,a_width=48;b_width=48;out_width=48;pipeline_stages=3,5nm,TT,0.7,25.0,0.75,1333.3333333333333,48,48,48,3,V-2023.12-SP4,751,534,217,55.045199,18.5892,36.456,0.28894806924101196,0.6622920919951621,0.52,0.01,0.0,0,V-2023.12-SP4,766,549,217,55.92,19.46,36.46,77.3136,0.7233,0.283289817232376,0.652002861230329,0.19,0.36,0.0,0,V-2023.12-SP3,V-2023.12-SP4,1.2080000000000002,0.3826,0.0005404,1.592,1.5906000000000002,1.1929500000000002,0.7312,0.1759,1.178e-05,0.9071,0.31139999999999995,0.05215,0.0003623,0.3639,0.1658,0.1545,0.0001662,0.3205,0.0,0.0,0.0,0.0,0.0,0.0,0.0,0.0,0.0,0.0,0.0,0.0,0.0,0.0,0.0,0.0,vectored,random,2,2026-07-26T15:42:02+00:00
intadd_48_48_48_5_5nm_TT_0V7_25C_1333p33MHz,intadd,a_width=48;b_width=48;out_width=48;pipeline_stages=5,5nm,TT,0.7,25.0,0.75,1333.3333333333333,48,48,48,5,V-2023.12-SP4,780,417,363,84.814799,23.8308,60.983999,0.4653846153846154,0.7190254497920817,0.51,0.02,0.0,0,V-2023.12-SP4,808,445,363,86.36,25.38,60.98,120.12,0.719,0.44925742574257427,0.7061139416396479,0.19,0.38,0.0,0,V-2023.12-SP3,V-2023.12-SP4,1.971,0.5046999999999999,0.0008238999999999999,2.477,2.4757,1.8567749999999998,1.234,0.2979,2.0170000000000002e-05,1.532,0.5113,0.09359,0.0006041,0.6055,0.2261,0.11309999999999999,0.0001997,0.3395,0.0,0.0,0.0,0.0,0.0,0.0,0.0,0.0,0.0,0.0,0.0,0.0,0.0,0.0,0.0,0.0,vectored,random,2,2026-07-26T15:42:03+00:00
intadd_64_64_64_2_5nm_TT_0V7_25C_800MHz,intadd,a_width=64;b_width=64;out_width=64;pipeline_stages=2,5nm,TT,0.7,25.0,1.25,800.0,64,64,64,2,V-2023.12-SP4,836,644,192,53.659199,21.4032,32.256,0.22966507177033493,0.601127124540193,1.0,0.03,0.0,0,V-2023.12-SP4,855,663,192,55.53,23.28,32.26,76.44,0.7265,0.22456140350877193,0.580947235728435,0.44,0.65,0.0,0,V-2023.12-SP3,V-2023.12-SP4,0.6003999999999999,0.1896,0.0005660999999999999,0.7905,0.7899999999999999,0.9874999999999999,0.45649999999999996,0.10060000000000001,3.375e-05,0.5571,0.07787,0.01262,0.0003536,0.09084,0.06603,0.07634,0.0001787,0.1425,0.0,0.0,0.0,0.0,0.0,0.0,0.0,0.0,0.0,0.0,0.0,0.0,0.0,0.0,0.0,0.0,unvectored,none,2,2026-07-26T15:42:16+00:00
intadd_64_64_64_2_5nm_TT_0V7_25C_800MHz,intadd,a_width=64;b_width=64;out_width=64;pipeline_stages=2,5nm,TT,0.7,25.0,1.25,800.0,64,64,64,2,V-2023.12-SP4,836,644,192,53.659199,21.4032,32.256,0.22966507177033493,0.601127124540193,1.0,0.03,0.0,0,V-2023.12-SP4,855,663,192,55.53,23.28,32.26,76.44,0.7265,0.22456140350877193,0.580947235728435,0.44,0.65,0.0,0,V-2023.12-SP3,V-2023.12-SP4,0.7575999999999999,0.2653,0.0005386,1.0230000000000001,1.0229,1.278625,0.4588,0.10060000000000001,3.3780000000000005e-05,0.5595,0.1744,0.031529999999999996,0.0003185,0.2063,0.12430000000000001,0.1332,0.0001864,0.2577,0.0,0.0,0.0,0.0,0.0,0.0,0.0,0.0,0.0,0.0,0.0,0.0,0.0,0.0,0.0,0.0,vectored,random,2,2026-07-26T15:42:22+00:00
intadd_48_48_48_5_7nm_TT_0V75_25C_1333p33MHz,intadd,a_width=48;b_width=48;out_width=48;pipeline_stages=5,7nm,TT,0.75,25.0,0.75,1333.3333333333333,48,48,48,5,V-2023.12-SP4,790,427,363,157.135108,40.045823,117.089284,0.45949367088607596,0.7451503708515604,0.53,0.01,0.0,0,V-2023.12-SP4,818,455,363,160.54,43.45,117.09,222.6632,0.721,0.44376528117359415,0.7293509405755576,0.19,0.37,0.0,0,V-2023.12-SP3,V-2023.12-SP4,1.812,0.4633,0.001154,2.277,2.2753,1.7064750000000002,1.4220000000000002,0.31070000000000003,2.534e-05,1.7329999999999999,0.248,0.038,0.0009292,0.2869,0.14229999999999998,0.1147,0.00019910000000000001,0.2571,0.0,0.0,0.0,0.0,0.0,0.0,0.0,0.0,0.0,0.0,0.0,0.0,0.0,0.0,0.0,0.0,unvectored,none,2,2026-07-26T15:42:46+00:00
intadd_48_48_48_5_7nm_TT_0V75_25C_1333p33MHz,intadd,a_width=48;b_width=48;out_width=48;pipeline_stages=5,7nm,TT,0.75,25.0,0.75,1333.3333333333333,48,48,48,5,V-2023.12-SP4,790,427,363,157.135108,40.045823,117.089284,0.45949367088607596,0.7451503708515604,0.53,0.01,0.0,0,V-2023.12-SP4,818,455,363,160.54,43.45,117.09,222.6632,0.721,0.44376528117359415,0.7293509405755576,0.19,0.37,0.0,0,V-2023.12-SP3,V-2023.12-SP4,2.218,0.5253,0.001345,2.745,2.7433,2.057475,1.4220000000000002,0.31070000000000003,2.534e-05,1.732,0.5546,0.09476,0.001114,0.6505000000000001,0.2419,0.1198,0.000206,0.36200000000000004,0.0,0.0,0.0,0.0,0.0,0.0,0.0,0.0,0.0,0.0,0.0,0.0,0.0,0.0,0.0,0.0,vectored,random,2,2026-07-26T15:42:54+00:00
intadd_48_48_56_2_7nm_TT_0V75_25C_800MHz,intadd,a_width=48;b_width=48;out_width=56;pipeline_stages=2,7nm,TT,0.75,25.0,1.25,800.0,48,48,56,2,V-2023.12-SP4,613,468,145,74.301698,27.530496,46.771202,0.2365415986949429,0.6294768929776006,0.99,0.04,0.0,0,V-2023.12-SP4,632,487,145,78.38,31.61,46.77,103.2192,0.7594,0.22943037974683544,0.5967083439652974,0.44,0.67,0.0,0,V-2023.12-SP3,V-2023.12-SP4,0.5475,0.1549,0.0005489000000000001,0.7029,0.7024,0.878,0.435,0.09176000000000001,4.252e-05,0.5268,0.0635,0.008752,0.00037140000000000003,0.07262,0.04898,0.054400000000000004,0.000135,0.1035,0.0,0.0,0.0,0.0,0.0,0.0,0.0,0.0,0.0,0.0,0.0,0.0,0.0,0.0,0.0,0.0,unvectored,none,2,2026-07-26T15:43:11+00:00
intadd_48_48_56_2_7nm_TT_0V75_25C_800MHz,intadd,a_width=48;b_width=48;out_width=56;pipeline_stages=2,7nm,TT,0.75,25.0,1.25,800.0,48,48,56,2,V-2023.12-SP4,613,468,145,74.301698,27.530496,46.771202,0.2365415986949429,0.6294768929776006,0.99,0.04,0.0,0,V-2023.12-SP4,632,487,145,78.38,31.61,46.77,103.2192,0.7594,0.22943037974683544,0.5967083439652974,0.44,0.67,0.0,0,V-2023.12-SP3,V-2023.12-SP4,0.6668000000000001,0.208,0.0006291000000000001,0.8754000000000001,0.8748,1.0935000000000001,0.4349,0.09176000000000001,4.277e-05,0.5267,0.1431,0.021820000000000003,0.0004489,0.16540000000000002,0.08882,0.0944,0.0001374,0.1834,0.0,0.0,0.0,0.0,0.0,0.0,0.0,0.0,0.0,0.0,0.0,0.0,0.0,0.0,0.0,0.0,vectored,random,2,2026-07-26T15:43:18+00:00
intadd_24_24_24_2_20nm_TT_0V9_25C_500MHz,intadd,a_width=24;b_width=24;out_width=24;pipeline_stages=2,20nm,TT,0.9,25.0,2.0,500.0,24,24,24,2,V-2023.12-SP4,296,224,72,239.289599,87.2256,152.063999,0.24324324324324326,0.6354810223072002,1.76,0.0,0.0,0,V-2023.12-SP4,301,229,72,274.24,122.18,152.06,340.032,0.8065,0.23920265780730898,0.5544778296382731,0.86,0.9,0.0,0,V-2023.12-SP3,V-2023.12-SP4,0.44499999999999995,0.07883,0.258,0.7818,0.5238299999999999,1.0476599999999998,0.373,0.04879,0.2577,0.6796000000000001,0.041210000000000004,0.004537,0.0001093,0.04586,0.03077,0.0255,0.0001123,0.05639,0.0,0.0,0.0,0.0,0.0,0.0,0.0,0.0,0.0,0.0,0.0,0.0,0.0,0.0,0.0,0.0,unvectored,none,2,2026-07-26T15:43:36+00:00
intadd_24_24_24_2_16nm_TT_0V85_25C_1000MHz,intadd,a_width=24;b_width=24;out_width=24;pipeline_stages=2,16nm,TT,0.85,25.0,1.0,1000.0,24,24,24,2,V-2023.12-SP4,320,248,72,145.069061,55.489537,89.579524,0.225,0.6174957181255899,0.74,0.03,0.0,0,V-2023.12-SP4,329,257,72,170.51,80.68,89.83,198.5679,0.8587,0.2188449848024316,0.5268312708932028,0.34,0.48,0.0,0,V-2023.12-SP3,V-2023.12-SP4,0.7985,0.1792,0.4501,1.428,0.9777,0.9777,0.6782,0.1212,0.4496,1.2489999999999999,0.06777,0.00767,0.0003933,0.07583,0.05255,0.05037,9.761999999999999e-05,0.103,0.0,0.0,0.0,0.0,0.0,0.0,0.0,0.0,0.0,0.0,0.0,0.0,0.0,0.0,0.0,0.0,unvectored,none,2,2026-07-26T15:43:39+00:00
intadd_64_64_64_2_7nm_TT_0V75_25C_1333p33MHz,intadd,a_width=64;b_width=64;out_width=64;pipeline_stages=2,7nm,TT,0.75,25.0,0.75,1333.3333333333333,64,64,64,2,V-2023.12-SP4,903,711,192,102.606338,40.674816,61.931522,0.21262458471760798,0.6035837864128822,0.51,0.02,0.0,0,V-2023.12-SP4,915,723,192,104.56,42.63,61.93,146.3132,0.7146,0.2098360655737705,0.592291507268554,0.19,0.36,0.0,0,V-2023.12-SP3,V-2023.12-SP4,1.0070000000000001,0.32430000000000003,0.0006998999999999999,1.332,1.3313000000000001,0.9984750000000001,0.7536,0.1606,1.5020000000000002e-05,0.9142,0.13990000000000002,0.019110000000000002,0.0004915,0.1595,0.1133,0.14459999999999998,0.00019329999999999998,0.2581,0.0,0.0,0.0,0.0,0.0,0.0,0.0,0.0,0.0,0.0,0.0,0.0,0.0,0.0,0.0,0.0,unvectored,none,2,2026-07-26T15:43:39+00:00
intadd_24_24_24_2_20nm_TT_0V9_25C_500MHz,intadd,a_width=24;b_width=24;out_width=24;pipeline_stages=2,20nm,TT,0.9,25.0,2.0,500.0,24,24,24,2,V-2023.12-SP4,296,224,72,239.289599,87.2256,152.063999,0.24324324324324326,0.6354810223072002,1.76,0.0,0.0,0,V-2023.12-SP4,301,229,72,274.24,122.18,152.06,340.032,0.8065,0.23920265780730898,0.5544778296382731,0.86,0.9,0.0,0,V-2023.12-SP3,V-2023.12-SP4,0.5131,0.09979,0.258,0.8709,0.61289,1.22578,0.3737,0.04879,0.2577,0.6802,0.08939,0.01134,0.0001314,0.1009,0.05007,0.039650000000000005,0.00012009999999999999,0.08983999999999999,0.0,0.0,0.0,0.0,0.0,0.0,0.0,0.0,0.0,0.0,0.0,0.0,0.0,0.0,0.0,0.0,vectored,random,2,2026-07-26T15:43:42+00:00
intadd_24_24_24_5_20nm_TT_0V9_25C_1000MHz,intadd,a_width=24;b_width=24;out_width=24;pipeline_stages=5,20nm,TT,0.9,25.0,1.0,1000.0,24,24,24,5,V-2023.12-SP4,507,324,183,517.017597,130.521599,386.495998,0.3609467455621302,0.7475490200771637,0.75,0.02,0.0,0,V-2023.12-SP4,510,327,183,520.4,133.9,386.5,714.384,0.7285,0.3588235294117647,0.7426979246733283,0.36,0.4,0.0,0,V-2023.12-SP3,V-2023.12-SP4,1.388,0.1028,0.000457,1.4909999999999999,1.4908,1.4908,1.088,0.0009764000000000001,5.767e-07,1.089,0.1969,0.01904,0.00027759999999999997,0.2162,0.1038,0.08274,0.0001788,0.1867,0.0,0.0,0.0,0.0,0.0,0.0,0.0,0.0,0.0,0.0,0.0,0.0,0.0,0.0,0.0,0.0,unvectored,none,2,2026-07-26T15:43:45+00:00
intadd_24_24_24_2_16nm_TT_0V85_25C_1000MHz,intadd,a_width=24;b_width=24;out_width=24;pipeline_stages=2,16nm,TT,0.85,25.0,1.0,1000.0,24,24,24,2,V-2023.12-SP4,320,248,72,145.069061,55.489537,89.579524,0.225,0.6174957181255899,0.74,0.03,0.0,0,V-2023.12-SP4,329,257,72,170.51,80.68,89.83,198.5679,0.8587,0.2188449848024316,0.5268312708932028,0.34,0.48,0.0,0,V-2023.12-SP3,V-2023.12-SP4,0.9153,0.2202,0.45,1.5859999999999999,1.1355,1.1355,0.6788000000000001,0.1212,0.4496,1.25,0.1479,0.019190000000000002,0.0003173,0.1674,0.08857999999999999,0.07978,0.00010389999999999999,0.1685,0.0,0.0,0.0,0.0,0.0,0.0,0.0,0.0,0.0,0.0,0.0,0.0,0.0,0.0,0.0,0.0,vectored,random,2,2026-07-26T15:43:45+00:00
intadd_64_64_64_2_7nm_TT_0V75_25C_1333p33MHz,intadd,a_width=64;b_width=64;out_width=64;pipeline_stages=2,7nm,TT,0.75,25.0,0.75,1333.3333333333333,64,64,64,2,V-2023.12-SP4,903,711,192,102.606338,40.674816,61.931522,0.21262458471760798,0.6035837864128822,0.51,0.02,0.0,0,V-2023.12-SP4,915,723,192,104.56,42.63,61.93,146.3132,0.7146,0.2098360655737705,0.592291507268554,0.19,0.36,0.0,0,V-2023.12-SP3,V-2023.12-SP4,1.2730000000000001,0.4503,0.0008014,1.724,1.7233,1.292475,0.7532,0.1606,1.5020000000000002e-05,0.9139,0.31339999999999996,0.04773,0.0005895000000000001,0.3617,0.2062,0.242,0.0001969,0.4484,0.0,0.0,0.0,0.0,0.0,0.0,0.0,0.0,0.0,0.0,0.0,0.0,0.0,0.0,0.0,0.0,vectored,random,2,2026-07-26T15:43:46+00:00
intadd_24_24_24_3_16nm_TT_0V85_25C_1000MHz,intadd,a_width=24;b_width=24;out_width=24;pipeline_stages=3,16nm,TT,0.85,25.0,1.0,1000.0,24,24,24,3,V-2023.12-SP4,365,256,109,195.022087,59.408641,135.613446,0.29863013698630136,0.6953748064443593,0.77,0.0,0.0,0,V-2023.12-SP4,373,264,109,219.41,80.56,138.85,268.2409,0.8179,0.29222520107238603,0.6328335080443006,0.34,0.48,0.0,0,V-2023.12-SP3,V-2023.12-SP4,0.9565,0.1953,0.3859,1.538,1.1518,1.1518,0.7889,0.1315,0.38539999999999996,1.306,0.10490000000000001,0.01111,0.0004824,0.11649999999999999,0.06265000000000001,0.05273,0.0001105,0.1155,0.0,0.0,0.0,0.0,0.0,0.0,0.0,0.0,0.0,0.0,0.0,0.0,0.0,0.0,0.0,0.0,unvectored,none,2,2026-07-26T15:43:48+00:00
intadd_24_24_32_5_20nm_TT_0V9_25C_1000MHz,intadd,a_width=24;b_width=24;out_width=32;pipeline_stages=5,20nm,TT,0.9,25.0,1.0,1000.0,24,24,32,5,V-2023.12-SP4,516,341,175,504.556797,134.956799,369.599998,0.3391472868217054,0.7325240690395456,0.74,0.05,0.0,0,V-2023.12-SP4,523,348,175,525.47,155.87,369.6,707.4144,0.7428,0.33460803059273425,0.7033703160979694,0.37,0.43,0.0,0,V-2023.12-SP3,V-2023.12-SP4,1.459,0.2643,0.15510000000000002,1.878,1.7233,1.7233,1.168,0.1598,0.1546,1.4829999999999999,0.189,0.01886,0.0002656,0.2082,0.1015,0.08568,0.0001808,0.1874,0.0,0.0,0.0,0.0,0.0,0.0,0.0,0.0,0.0,0.0,0.0,0.0,0.0,0.0,0.0,0.0,unvectored,none,2,2026-07-26T15:43:51+00:00
intadd_24_24_24_5_20nm_TT_0V9_25C_1000MHz,intadd,a_width=24;b_width=24;out_width=24;pipeline_stages=5,20nm,TT,0.9,25.0,1.0,1000.0,24,24,24,5,V-2023.12-SP4,507,324,183,517.017597,130.521599,386.495998,0.3609467455621302,0.7475490200771637,0.75,0.02,0.0,0,V-2023.12-SP4,510,327,183,520.4,133.9,386.5,714.384,0.7285,0.3588235294117647,0.7426979246733283,0.36,0.4,0.0,0,V-2023.12-SP3,V-2023.12-SP4,1.688,0.14129999999999998,0.0005353,1.83,1.8293,1.8293,1.089,0.0009764000000000001,5.767e-07,1.09,0.44079999999999997,0.047639999999999995,0.00033519999999999996,0.4887,0.1582,0.09264,0.0001995,0.2511,0.0,0.0,0.0,0.0,0.0,0.0,0.0,0.0,0.0,0.0,0.0,0.0,0.0,0.0,0.0,0.0,vectored,random,2,2026-07-26T15:43:51+00:00
intadd_24_24_24_3_16nm_TT_0V85_25C_1000MHz,intadd,a_width=24;b_width=24;out_width=24;pipeline_stages=3,16nm,TT,0.85,25.0,1.0,1000.0,24,24,24,3,V-2023.12-SP4,365,256,109,195.022087,59.408641,135.613446,0.29863013698630136,0.6953748064443593,0.77,0.0,0.0,0,V-2023.12-SP4,373,264,109,219.41,80.56,138.85,268.2409,0.8179,0.29222520107238603,0.6328335080443006,0.34,0.48,0.0,0,V-2023.12-SP3,V-2023.12-SP4,1.1199999999999999,0.2313,0.3859,1.737,1.3513,1.3513,0.7898000000000001,0.1315,0.38539999999999996,1.307,0.2321,0.02783,0.00040919999999999997,0.26039999999999996,0.09826,0.07198,0.00011999999999999999,0.1704,0.0,0.0,0.0,0.0,0.0,0.0,0.0,0.0,0.0,0.0,0.0,0.0,0.0,0.0,0.0,0.0,vectored,random,2,2026-07-26T15:43:55+00:00
intadd_24_24_32_5_20nm_TT_0V9_25C_1000MHz,intadd,a_width=24;b_width=24;out_width=32;pipeline_stages=5,20nm,TT,0.9,25.0,1.0,1000.0,24,24,32,5,V-2023.12-SP4,516,341,175,504.556797,134.956799,369.599998,0.3391472868217054,0.7325240690395456,0.74,0.05,0.0,0,V-2023.12-SP4,523,348,175,525.47,155.87,369.6,707.4144,0.7428,0.33460803059273425,0.7033703160979694,0.37,0.43,0.0,0,V-2023.12-SP3,V-2023.12-SP4,1.75,0.30519999999999997,0.1552,2.21,2.0552,2.0552,1.17,0.1598,0.1546,1.484,0.4218,0.04722,0.0003205,0.46930000000000005,0.1585,0.09820999999999999,0.0002008,0.2569,0.0,0.0,0.0,0.0,0.0,0.0,0.0,0.0,0.0,0.0,0.0,0.0,0.0,0.0,0.0,0.0,vectored,random,2,2026-07-26T15:43:57+00:00
intadd_24_24_24_5_16nm_TT_0V85_25C_1333p33MHz,intadd,a_width=24;b_width=24;out_width=24;pipeline_stages=5,16nm,TT,0.85,25.0,0.75,1333.3333333333333,24,24,24,5,V-2023.12-SP4,507,324,183,304.570379,76.889089,227.68129,0.3609467455621302,0.7475490254421622,0.52,0.0,0.0,0,V-2023.12-SP4,521,338,183,325.41,88.65,236.76,432.2212,0.7529,0.3512476007677543,0.7275744445468793,0.22,0.3,0.0,0,V-2023.12-SP3,V-2023.12-SP4,1.678,0.247,0.1293,2.055,1.9249999999999998,1.4437499999999999,1.325,0.1306,0.1285,1.5839999999999999,0.23900000000000002,0.022269999999999998,0.0006661999999999999,0.2619,0.114,0.09414,0.0001466,0.20829999999999999,0.0,0.0,0.0,0.0,0.0,0.0,0.0,0.0,0.0,0.0,0.0,0.0,0.0,0.0,0.0,0.0,unvectored,none,2,2026-07-26T15:44:00+00:00
intadd_48_48_48_2_10nm_TT_0V8_25C_800MHz,intadd,a_width=48;b_width=48;out_width=48;pipeline_stages=2,10nm,TT,0.8,25.0,1.25,800.0,48,48,48,2,V-2023.12-SP4,620,476,144,141.557764,53.08416,88.473604,0.23225806451612904,0.625000010596381,1.01,0.02,0.0,0,V-2023.12-SP4,635,491,144,147.55,59.07,88.47,201.1853,0.7334,0.22677165354330708,0.5995933581836665,0.45,0.61,0.0,0,V-2023.12-SP3,V-2023.12-SP4,0.6456,0.1837,0.00042730000000000003,0.8298,0.8292999999999999,1.036625,0.5003,0.10679999999999999,3.8549999999999995e-05,0.6071,0.0799,0.010499999999999999,0.0002111,0.0906,0.0654,0.06647,0.0001776,0.132,0.0,0.0,0.0,0.0,0.0,0.0,0.0,0.0,0.0,0.0,0.0,0.0,0.0,0.0,0.0,0.0,unvectored,none,2,2026-07-26T15:44:06+00:00
intadd_24_24_24_5_16nm_TT_0V85_25C_1333p33MHz,intadd,a_width=24;b_width=24;out_width=24;pipeline_stages=5,16nm,TT,0.85,25.0,0.75,1333.3333333333333,24,24,24,5,V-2023.12-SP4,507,324,183,304.570379,76.889089,227.68129,0.3609467455621302,0.7475490254421622,0.52,0.0,0.0,0,V-2023.12-SP4,521,338,183,325.41,88.65,236.76,432.2212,0.7529,0.3512476007677543,0.7275744445468793,0.22,0.3,0.0,0,V-2023.12-SP3,V-2023.12-SP4,2.047,0.29779999999999995,0.1292,2.474,2.3448,1.7586000000000002,1.327,0.1306,0.1285,1.5859999999999999,0.5400999999999999,0.05572,0.0005959,0.5963999999999999,0.1792,0.1115,0.0001627,0.2908,0.0,0.0,0.0,0.0,0.0,0.0,0.0,0.0,0.0,0.0,0.0,0.0,0.0,0.0,0.0,0.0,vectored,random,2,2026-07-26T15:44:06+00:00
intadd_48_48_48_3_10nm_TT_0V8_25C_1333p33MHz,intadd,a_width=48;b_width=48;out_width=48;pipeline_stages=3,10nm,TT,0.8,25.0,0.75,1333.3333333333333,48,48,48,3,V-2023.12-SP4,779,562,217,196.454406,63.129599,133.324806,0.2785622593068036,0.6786552091888435,0.51,0.02,0.0,0,V-2023.12-SP4,790,573,217,202.23,68.9,133.32,276.0806,0.7325,0.2746835443037975,0.6592493695297433,0.2,0.36,0.0,0,V-2023.12-SP3,V-2023.12-SP4,1.5790000000000002,0.38029999999999997,0.0005728,1.96,1.9593000000000003,1.469475,1.254,0.223,3.7130000000000005e-05,1.477,0.1938,0.0241,0.00031790000000000003,0.2182,0.1317,0.1332,0.0002177,0.2651,0.0,0.0,0.0,0.0,0.0,0.0,0.0,0.0,0.0,0.0,0.0,0.0,0.0,0.0,0.0,0.0,unvectored,none,2,2026-07-26T15:44:06+00:00
intadd_48_48_56_2_10nm_TT_0V8_25C_1333p33MHz,intadd,a_width=48;b_width=48;out_width=56;pipeline_stages=2,10nm,TT,0.8,25.0,0.75,1333.3333333333333,48,48,56,2,V-2023.12-SP4,681,536,145,147.456004,58.368,89.088004,0.21292217327459617,0.6041666774043327,0.43,0.1,0.0,0,V-2023.12-SP4,688,543,145,148.68,59.6,89.09,205.7318,0.7227,0.21075581395348839,0.5992063492063492,0.2,0.34,0.0,0,V-2023.12-SP3,V-2023.12-SP4,1.02,0.1563,0.0004082,1.177,1.1763,0.8822249999999999,0.7726000000000001,0.013139999999999999,4.826e-06,0.7857,0.1339,0.01704,0.00021239999999999999,0.1512,0.11359999999999999,0.1261,0.0001909,0.2399,0.0,0.0,0.0,0.0,0.0,0.0,0.0,0.0,0.0,0.0,0.0,0.0,0.0,0.0,0.0,0.0,unvectored,none,2,2026-07-26T15:44:11+00:00
intadd_48_48_48_2_10nm_TT_0V8_25C_800MHz,intadd,a_width=48;b_width=48;out_width=48;pipeline_stages=2,10nm,TT,0.8,25.0,1.25,800.0,48,48,48,2,V-2023.12-SP4,620,476,144,141.557764,53.08416,88.473604,0.23225806451612904,0.625000010596381,1.01,0.02,0.0,0,V-2023.12-SP4,635,491,144,147.55,59.07,88.47,201.1853,0.7334,0.22677165354330708,0.5995933581836665,0.45,0.61,0.0,0,V-2023.12-SP3,V-2023.12-SP4,0.7784,0.2392,0.00044990000000000004,1.018,1.0176,1.272,0.5001,0.10679999999999999,3.857e-05,0.6069,0.1742,0.02617,0.00022679999999999998,0.20049999999999998,0.1042,0.1062,0.00018449999999999999,0.2106,0.0,0.0,0.0,0.0,0.0,0.0,0.0,0.0,0.0,0.0,0.0,0.0,0.0,0.0,0.0,0.0,vectored,random,2,2026-07-26T15:44:13+00:00
intadd_48_48_48_3_10nm_TT_0V8_25C_1333p33MHz,intadd,a_width=48;b_width=48;out_width=48;pipeline_stages=3,10nm,TT,0.8,25.0,0.75,1333.3333333333333,48,48,48,3,V-2023.12-SP4,779,562,217,196.454406,63.129599,133.324806,0.2785622593068036,0.6786552091888435,0.51,0.02,0.0,0,V-2023.12-SP4,790,573,217,202.23,68.9,133.32,276.0806,0.7325,0.2746835443037975,0.6592493695297433,0.2,0.36,0.0,0,V-2023.12-SP3,V-2023.12-SP4,1.9,0.4827,0.0006081000000000001,2.384,2.3827,1.7870249999999999,1.253,0.223,3.7130000000000005e-05,1.4760000000000002,0.4309,0.06011,0.0003425,0.4914,0.2165,0.1996,0.0002284,0.4163,0.0,0.0,0.0,0.0,0.0,0.0,0.0,0.0,0.0,0.0,0.0,0.0,0.0,0.0,0.0,0.0,vectored,random,2,2026-07-26T15:44:13+00:00
intadd_48_48_56_2_10nm_TT_0V8_25C_1333p33MHz,intadd,a_width=48;b_width=48;out_width=56;pipeline_stages=2,10nm,TT,0.8,25.0,0.75,1333.3333333333333,48,48,56,2,V-2023.12-SP4,681,536,145,147.456004,58.368,89.088004,0.21292217327459617,0.6041666774043327,0.43,0.1,0.0,0,V-2023.12-SP4,688,543,145,148.68,59.6,89.09,205.7318,0.7227,0.21075581395348839,0.5992063492063492,0.2,0.34,0.0,0,V-2023.12-SP3,V-2023.12-SP4,1.28,0.2802,0.0004317,1.56,1.5602,1.17015,0.7718999999999999,0.013139999999999999,4.826e-06,0.785,0.30069999999999997,0.04249,0.0002286,0.3434,0.207,0.22460000000000002,0.0001982,0.43179999999999996,0.0,0.0,0.0,0.0,0.0,0.0,0.0,0.0,0.0,0.0,0.0,0.0,0.0,0.0,0.0,0.0,vectored,random,2,2026-07-26T15:44:17+00:00
intadd_64_64_64_3_5nm_TT_0V7_25C_1333p33MHz,intadd,a_width=64;b_width=64;out_width=64;pipeline_stages=3,5nm,TT,0.7,25.0,0.75,1333.3333333333333,64,64,64,3,V-2023.12-SP4,1050,761,289,74.465999,25.914,48.551999,0.2752380952380952,0.6520022513899264,0.5,0.03,0.0,0,V-2023.12-SP4,1063,774,289,75.22,26.67,48.55,105.5544,0.7126,0.2718720602069614,0.6454400425418771,0.2,0.36,0.0,0,V-2023.12-SP3,V-2023.12-SP4,1.266,0.41159999999999997,0.0007593,1.678,1.6776,1.2582,0.9446,0.23149999999999998,9.133e-06,1.176,0.1883,0.02809,0.0005321999999999999,0.21689999999999998,0.1332,0.152,0.00021799999999999999,0.2854,0.0,0.0,0.0,0.0,0.0,0.0,0.0,0.0,0.0,0.0,0.0,0.0,0.0,0.0,0.0,0.0,unvectored,none,2,2026-07-26T15:44:41+00:00
intadd_64_64_72_2_5nm_TT_0V7_25C_800MHz,intadd,a_width=64;b_width=64;out_width=72;pipeline_stages=2,5nm,TT,0.7,25.0,1.25,800.0,64,64,72,2,V-2023.12-SP4,847,654,193,54.053999,21.63,32.424,0.22786304604486424,0.5998446109417362,0.95,0.08,0.0,0,V-2023.12-SP4,861,668,193,55.61,23.18,32.42,76.44,0.7275,0.22415795586527293,0.5829886711023198,0.44,0.67,0.0,0,V-2023.12-SP3,V-2023.12-SP4,0.5963999999999999,0.1881,0.0005636,0.7850999999999999,0.7845,0.980625,0.4515,0.09736,2.843e-05,0.5488999999999999,0.07832,0.01237,0.0003553,0.09105,0.06656,0.07841000000000001,0.0001798,0.1452,0.0,0.0,0.0,0.0,0.0,0.0,0.0,0.0,0.0,0.0,0.0,0.0,0.0,0.0,0.0,0.0,unvectored,none,2,2026-07-26T15:44:41+00:00
intadd_64_64_72_2_5nm_TT_0V7_25C_800MHz,intadd,a_width=64;b_width=64;out_width=72;pipeline_stages=2,5nm,TT,0.7,25.0,1.25,800.0,64,64,72,2,V-2023.12-SP4,847,654,193,54.053999,21.63,32.424,0.22786304604486424,0.5998446109417362,0.95,0.08,0.0,0,V-2023.12-SP4,861,668,193,55.61,23.18,32.42,76.44,0.7275,0.22415795586527293,0.5829886711023198,0.44,0.67,0.0,0,V-2023.12-SP3,V-2023.12-SP4,0.7522,0.2633,0.0005367,1.016,1.0154999999999998,1.2693749999999997,0.45389999999999997,0.09736,2.844e-05,0.5513,0.17459999999999998,0.03088,0.0003205,0.20579999999999998,0.1237,0.135,0.00018769999999999998,0.2589,0.0,0.0,0.0,0.0,0.0,0.0,0.0,0.0,0.0,0.0,0.0,0.0,0.0,0.0,0.0,0.0,vectored,random,2,2026-07-26T15:44:48+00:00
intadd_64_64_64_3_5nm_TT_0V7_25C_1333p33MHz,intadd,a_width=64;b_width=64;out_width=64;pipeline_stages=3,5nm,TT,0.7,25.0,0.75,1333.3333333333333,64,64,64,3,V-2023.12-SP4,1050,761,289,74.465999,25.914,48.551999,0.2752380952380952,0.6520022513899264,0.5,0.03,0.0,0,V-2023.12-SP4,1063,774,289,75.22,26.67,48.55,105.5544,0.7126,0.2718720602069614,0.6454400425418771,0.2,0.36,0.0,0,V-2023.12-SP3,V-2023.12-SP4,1.596,0.5262,0.0007202,2.1229999999999998,2.1222000000000003,1.5916500000000002,0.9502999999999999,0.23149999999999998,9.133e-06,1.1820000000000002,0.4172,0.07019,0.00048139999999999994,0.4879,0.22890000000000002,0.22460000000000002,0.0002297,0.45370000000000005,0.0,0.0,0.0,0.0,0.0,0.0,0.0,0.0,0.0,0.0,0.0,0.0,0.0,0.0,0.0,0.0,vectored,random,2,2026-07-26T15:44:48+00:00
intadd_64_64_72_3_5nm_TT_0V7_25C_800MHz,intadd,a_width=64;b_width=64;out_width=72;pipeline_stages=3,5nm,TT,0.7,25.0,1.25,800.0,64,64,72,3,V-2023.12-SP4,954,668,286,71.819999,23.772,48.047999,0.29979035639413,0.6690058433445537,0.97,0.06,0.0,0,V-2023.12-SP4,988,702,286,74.43,26.38,48.05,101.808,0.7311,0.2894736842105263,0.6455730216310627,0.44,0.67,0.0,0,V-2023.12-SP3,V-2023.12-SP4,0.8638,0.2539,0.0007748,1.118,1.1177000000000001,1.3971250000000002,0.6771,0.1552,4.674e-05,0.8323999999999999,0.11170000000000001,0.01662,0.0005268,0.1289,0.07489,0.08207,0.0002012,0.1572,0.0,0.0,0.0,0.0,0.0,0.0,0.0,0.0,0.0,0.0,0.0,0.0,0.0,0.0,0.0,0.0,unvectored,none,2,2026-07-26T15:45:06+00:00
intadd_64_64_72_3_5nm_TT_0V7_25C_800MHz,intadd,a_width=64;b_width=64;out_width=72;pipeline_stages=3,5nm,TT,0.7,25.0,1.25,800.0,64,64,72,3,V-2023.12-SP4,954,668,286,71.819999,23.772,48.047999,0.29979035639413,0.6690058433445537,0.97,0.06,0.0,0,V-2023.12-SP4,988,702,286,74.43,26.38,48.05,101.808,0.7311,0.2894736842105263,0.6455730216310627,0.44,0.67,0.0,0,V-2023.12-SP3,V-2023.12-SP4,1.056,0.3149,0.0007346000000000001,1.371,1.3709,1.713625,0.6806,0.1552,4.675e-05,0.8359,0.2472,0.04152,0.0004747,0.28919999999999996,0.12789999999999999,0.1182,0.0002131,0.24630000000000002,0.0,0.0,0.0,0.0,0.0,0.0,0.0,0.0,0.0,0.0,0.0,0.0,0.0,0.0,0.0,0.0,vectored,random,2,2026-07-26T15:45:14+00:00
intadd_32_32_32_3_20nm_TT_0V9_25C_1000MHz,intadd,a_width=32;b_width=32;out_width=32;pipeline_stages=3,20nm,TT,0.9,25.0,1.0,1000.0,32,32,32,3,V-2023.12-SP4,530,385,145,454.396798,148.156799,306.239998,0.27358490566037735,0.6739484066522846,0.76,0.01,0.0,0,V-2023.12-SP4,539,394,145,500.76,194.52,306.24,631.8048,0.7926,0.2690166975881262,0.6115504433261443,0.37,0.39,0.0,0,V-2023.12-SP3,V-2023.12-SP4,1.4829999999999999,0.1939,0.4128,2.09,1.6768999999999998,1.6768999999999998,1.218,0.08074,0.4124,1.711,0.1605,0.01731,0.0002198,0.17809999999999998,0.10450000000000001,0.09587999999999999,0.0001899,0.2006,0.0,0.0,0.0,0.0,0.0,0.0,0.0,0.0,0.0,0.0,0.0,0.0,0.0,0.0,0.0,0.0,unvectored,none,2,2026-07-26T15:46:04+00:00
intadd_24_24_32_5_16nm_TT_0V85_25C_1333p33MHz,intadd,a_width=24;b_width=24;out_width=32;pipeline_stages=5,16nm,TT,0.85,25.0,0.75,1333.3333333333333,24,24,32,5,V-2023.12-SP4,516,341,175,297.229835,79.501825,217.72801,0.3391472868217054,0.7325240751824258,0.5,0.02,0.0,0,V-2023.12-SP4,524,349,175,306.81,82.49,224.32,413.6832,0.7417,0.33396946564885494,0.7311365340112773,0.22,0.3,0.0,0,V-2023.12-SP3,V-2023.12-SP4,1.464,0.125,0.0008747,1.59,1.589,1.1917499999999999,1.129,0.006175,3.406e-06,1.135,0.223,0.02206,0.0007195999999999999,0.24580000000000002,0.1129,0.09673999999999999,0.0001518,0.20980000000000001,0.0,0.0,0.0,0.0,0.0,0.0,0.0,0.0,0.0,0.0,0.0,0.0,0.0,0.0,0.0,0.0,unvectored,none,2,2026-07-26T15:46:10+00:00
intadd_32_32_32_3_20nm_TT_0V9_25C_1000MHz,intadd,a_width=32;b_width=32;out_width=32;pipeline_stages=3,20nm,TT,0.9,25.0,1.0,1000.0,32,32,32,3,V-2023.12-SP4,530,385,145,454.396798,148.156799,306.239998,0.27358490566037735,0.6739484066522846,0.76,0.01,0.0,0,V-2023.12-SP4,539,394,145,500.76,194.52,306.24,631.8048,0.7926,0.2690166975881262,0.6115504433261443,0.37,0.39,0.0,0,V-2023.12-SP3,V-2023.12-SP4,1.748,0.2615,0.4128,2.4229999999999996,2.0095,2.0095,1.219,0.08074,0.4124,1.7129999999999999,0.3564,0.04342,0.0002647,0.4,0.1725,0.1373,0.0002063,0.31,0.0,0.0,0.0,0.0,0.0,0.0,0.0,0.0,0.0,0.0,0.0,0.0,0.0,0.0,0.0,0.0,vectored,random,2,2026-07-26T15:46:11+00:00
intadd_32_32_32_2_16nm_TT_0V85_25C_1000MHz,intadd,a_width=32;b_width=32;out_width=32;pipeline_stages=2,16nm,TT,0.85,25.0,1.0,1000.0,32,32,32,2,V-2023.12-SP4,436,340,96,195.208711,75.769345,119.439365,0.22018348623853212,0.6118546881855083,0.74,0.03,0.0,0,V-2023.12-SP4,448,352,96,223.33,103.51,119.81,268.2409,0.8326,0.21428571428571427,0.5364706935924417,0.34,0.47,0.0,0,V-2023.12-SP3,V-2023.12-SP4,0.9794,0.2249,0.5145,1.719,1.2043,1.2043,0.8153,0.14329999999999998,0.5138,1.472,0.09027,0.01052,0.0005233,0.1013,0.0739,0.07109,0.0001335,0.1451,0.0,0.0,0.0,0.0,0.0,0.0,0.0,0.0,0.0,0.0,0.0,0.0,0.0,0.0,0.0,0.0,unvectored,none,2,2026-07-26T15:46:12+00:00
intadd_32_32_40_3_20nm_TT_0V9_25C_800MHz,intadd,a_width=32;b_width=32;out_width=40;pipeline_stages=3,20nm,TT,0.9,25.0,1.25,800.0,32,32,40,3,V-2023.12-SP4,514,372,142,443.308798,143.404799,299.903998,0.27626459143968873,0.6765126236001299,0.96,0.05,0.0,0,V-2023.12-SP4,521,379,142,463.06,163.15,299.9,621.984,0.7445,0.272552783109405,0.6476482529261867,0.5,0.51,0.0,0,V-2023.12-SP3,V-2023.12-SP4,0.9773,0.1684,0.155,1.3010000000000002,1.1457,1.4321249999999999,0.7693,0.0841,0.1546,1.008,0.126,0.01337,0.0002153,0.1396,0.08201,0.07093999999999999,0.0001873,0.1531,0.0,0.0,0.0,0.0,0.0,0.0,0.0,0.0,0.0,0.0,0.0,0.0,0.0,0.0,0.0,0.0,unvectored,none,2,2026-07-26T15:46:16+00:00
intadd_32_32_32_5_20nm_TT_0V9_25C_1000MHz,intadd,a_width=32;b_width=32;out_width=32;pipeline_stages=5,20nm,TT,0.9,25.0,1.0,1000.0,32,32,32,5,V-2023.12-SP4,697,454,243,693.897596,180.681599,513.215997,0.3486370157819225,0.7396134529914123,0.76,0.0,0.0,0,V-2023.12-SP4,711,468,243,730.44,217.22,513.22,980.1792,0.7452,0.34177215189873417,0.7026176003504737,0.36,0.44,0.0,0,V-2023.12-SP3,V-2023.12-SP4,2.09,0.3928,0.2584,2.741,2.4827999999999997,2.4827999999999997,1.689,0.2511,0.2577,2.198,0.2616,0.02604,0.0003683,0.28800000000000003,0.1391,0.1157,0.0002432,0.2551,0.0,0.0,0.0,0.0,0.0,0.0,0.0,0.0,0.0,0.0,0.0,0.0,0.0,0.0,0.0,0.0,unvectored,none,2,2026-07-26T15:46:17+00:00
intadd_24_24_32_5_16nm_TT_0V85_25C_1333p33MHz,intadd,a_width=24;b_width=24;out_width=32;pipeline_stages=5,16nm,TT,0.85,25.0,0.75,1333.3333333333333,24,24,32,5,V-2023.12-SP4,516,341,175,297.229835,79.501825,217.72801,0.3391472868217054,0.7325240751824258,0.5,0.02,0.0,0,V-2023.12-SP4,524,349,175,306.81,82.49,224.32,413.6832,0.7417,0.33396946564885494,0.7311365340112773,0.22,0.3,0.0,0,V-2023.12-SP3,V-2023.12-SP4,1.8159999999999998,0.17909999999999998,0.0007924000000000001,1.996,1.9950999999999999,1.496325,1.13,0.006175,3.406e-06,1.1360000000000001,0.503,0.05521,0.0006215,0.5589,0.1828,0.1178,0.0001675,0.3008,0.0,0.0,0.0,0.0,0.0,0.0,0.0,0.0,0.0,0.0,0.0,0.0,0.0,0.0,0.0,0.0,vectored,random,2,2026-07-26T15:46:17+00:00
intadd_32_32_32_2_16nm_TT_0V85_25C_1000MHz,intadd,a_width=32;b_width=32;out_width=32;pipeline_stages=2,16nm,TT,0.85,25.0,1.0,1000.0,32,32,32,2,V-2023.12-SP4,436,340,96,195.208711,75.769345,119.439365,0.22018348623853212,0.6118546881855083,0.74,0.03,0.0,0,V-2023.12-SP4,448,352,96,223.33,103.51,119.81,268.2409,0.8326,0.21428571428571427,0.5364706935924417,0.34,0.47,0.0,0,V-2023.12-SP3,V-2023.12-SP4,1.141,0.2849,0.5144000000000001,1.9400000000000002,1.4259,1.4259,0.8162,0.14329999999999998,0.5138,1.4729999999999999,0.19890000000000002,0.02638,0.00042300000000000004,0.2257,0.1258,0.1152,0.0001417,0.2412,0.0,0.0,0.0,0.0,0.0,0.0,0.0,0.0,0.0,0.0,0.0,0.0,0.0,0.0,0.0,0.0,vectored,random,2,2026-07-26T15:46:19+00:00
intadd_32_32_40_3_20nm_TT_0V9_25C_800MHz,intadd,a_width=32;b_width=32;out_width=40;pipeline_stages=3,20nm,TT,0.9,25.0,1.25,800.0,32,32,40,3,V-2023.12-SP4,514,372,142,443.308798,143.404799,299.903998,0.27626459143968873,0.6765126236001299,0.96,0.05,0.0,0,V-2023.12-SP4,521,379,142,463.06,163.15,299.9,621.984,0.7445,0.272552783109405,0.6476482529261867,0.5,0.51,0.0,0,V-2023.12-SP3,V-2023.12-SP4,1.1869999999999998,0.22130000000000002,0.15510000000000002,1.563,1.4082999999999999,1.7603749999999998,0.7707,0.0841,0.1546,1.009,0.2803,0.03355,0.0002592,0.3141,0.1361,0.1037,0.0002031,0.24000000000000002,0.0,0.0,0.0,0.0,0.0,0.0,0.0,0.0,0.0,0.0,0.0,0.0,0.0,0.0,0.0,0.0,vectored,random,2,2026-07-26T15:46:23+00:00
intadd_32_32_32_5_20nm_TT_0V9_25C_1000MHz,intadd,a_width=32;b_width=32;out_width=32;pipeline_stages=5,20nm,TT,0.9,25.0,1.0,1000.0,32,32,32,5,V-2023.12-SP4,697,454,243,693.897596,180.681599,513.215997,0.3486370157819225,0.7396134529914123,0.76,0.0,0.0,0,V-2023.12-SP4,711,468,243,730.44,217.22,513.22,980.1792,0.7452,0.34177215189873417,0.7026176003504737,0.36,0.44,0.0,0,V-2023.12-SP3,V-2023.12-SP4,2.496,0.4526,0.2585,3.2070000000000003,2.9486,2.9486,1.691,0.2511,0.2577,2.2,0.5867,0.06535,0.0004448,0.6525,0.2185,0.1361,0.0002707,0.3549,0.0,0.0,0.0,0.0,0.0,0.0,0.0,0.0,0.0,0.0,0.0,0.0,0.0,0.0,0.0,0.0,vectored,random,2,2026-07-26T15:46:23+00:00
intadd_64_64_64_2_7nm_TT_0V75_25C_800MHz,intadd,a_width=64;b_width=64;out_width=64;pipeline_stages=2,7nm,TT,0.75,25.0,1.25,800.0,64,64,64,2,V-2023.12-SP4,838,646,192,99.719426,37.787904,61.931522,0.22911694510739858,0.6210577465618384,1.03,0.0,0.0,0,V-2023.12-SP4,860,668,192,103.44,41.51,61.93,140.991,0.7337,0.22325581395348837,0.5987045630317093,0.44,0.63,0.0,0,V-2023.12-SP3,V-2023.12-SP4,0.6717,0.1983,0.0007122000000000001,0.8706999999999999,0.87,1.0875,0.5215000000000001,0.1081,3.696e-05,0.6296,0.08411,0.01185,0.0004917,0.09645,0.06612,0.07831,0.0001836,0.14459999999999998,0.0,0.0,0.0,0.0,0.0,0.0,0.0,0.0,0.0,0.0,0.0,0.0,0.0,0.0,0.0,0.0,unvectored,none,2,2026-07-26T15:46:25+00:00
intadd_32_32_32_3_16nm_TT_0V85_25C_1000MHz,intadd,a_width=32;b_width=32;out_width=32;pipeline_stages=3,16nm,TT,0.85,25.0,1.0,1000.0,32,32,32,3,V-2023.12-SP4,506,361,145,263.202057,82.798849,180.403208,0.2865612648221344,0.6854171660216166,0.75,0.02,0.0,0,V-2023.12-SP4,519,374,145,285.22,100.47,184.76,367.4627,0.7762,0.279383429672447,0.6477806605427389,0.34,0.49,0.0,0,V-2023.12-SP3,V-2023.12-SP4,1.142,0.24869999999999998,0.1293,1.52,1.3906999999999998,1.3906999999999998,0.9175,0.15760000000000002,0.1285,1.204,0.1396,0.01506,0.0006402000000000001,0.1553,0.08491,0.076,0.0001509,0.16110000000000002,0.0,0.0,0.0,0.0,0.0,0.0,0.0,0.0,0.0,0.0,0.0,0.0,0.0,0.0,0.0,0.0,unvectored,none,2,2026-07-26T15:46:29+00:00
intadd_64_64_64_2_7nm_TT_0V75_25C_800MHz,intadd,a_width=64;b_width=64;out_width=64;pipeline_stages=2,7nm,TT,0.75,25.0,1.25,800.0,64,64,64,2,V-2023.12-SP4,838,646,192,99.719426,37.787904,61.931522,0.22911694510739858,0.6210577465618384,1.03,0.0,0.0,0,V-2023.12-SP4,860,668,192,103.44,41.51,61.93,140.991,0.7337,0.22325581395348837,0.5987045630317093,0.44,0.63,0.0,0,V-2023.12-SP3,V-2023.12-SP4,0.8302999999999999,0.2717,0.0008159,1.103,1.1019999999999999,1.3775,0.5213,0.1081,3.7e-05,0.6295,0.1887,0.0296,0.0005921,0.2189,0.1204,0.1339,0.00018680000000000001,0.2545,0.0,0.0,0.0,0.0,0.0,0.0,0.0,0.0,0.0,0.0,0.0,0.0,0.0,0.0,0.0,0.0,vectored,random,2,2026-07-26T15:46:31+00:00
intadd_32_32_32_3_16nm_TT_0V85_25C_1000MHz,intadd,a_width=32;b_width=32;out_width=32;pipeline_stages=3,16nm,TT,0.85,25.0,1.0,1000.0,32,32,32,3,V-2023.12-SP4,506,361,145,263.202057,82.798849,180.403208,0.2865612648221344,0.6854171660216166,0.75,0.02,0.0,0,V-2023.12-SP4,519,374,145,285.22,100.47,184.76,367.4627,0.7762,0.279383429672447,0.6477806605427389,0.34,0.49,0.0,0,V-2023.12-SP3,V-2023.12-SP4,1.368,0.30269999999999997,0.1292,1.799,1.6707,1.6707,0.9186,0.15760000000000002,0.1285,1.2049999999999998,0.3112,0.03778,0.0005424,0.3495,0.13770000000000002,0.1074,0.00016360000000000002,0.2452,0.0,0.0,0.0,0.0,0.0,0.0,0.0,0.0,0.0,0.0,0.0,0.0,0.0,0.0,0.0,0.0,vectored,random,2,2026-07-26T15:46:35+00:00
intadd_48_48_56_3_10nm_TT_0V8_25C_1333p33MHz,intadd,a_width=48;b_width=48;out_width=56;pipeline_stages=3,10nm,TT,0.8,25.0,0.75,1333.3333333333333,48,48,56,3,V-2023.12-SP4,782,568,214,195.164166,63.682559,131.481606,0.27365728900255754,0.6736974757958385,0.49,0.04,0.0,0,V-2023.12-SP4,792,578,214,201.0,69.52,131.48,274.7597,0.7316,0.2702020202020202,0.6541293532338308,0.2,0.36,0.0,0,V-2023.12-SP3,V-2023.12-SP4,1.492,0.34600000000000003,0.0005702,1.839,1.838,1.3785,1.168,0.18760000000000002,3.6809999999999995e-05,1.356,0.1908,0.023309999999999997,0.0003135,0.2144,0.1332,0.1351,0.0002199,0.2685,0.0,0.0,0.0,0.0,0.0,0.0,0.0,0.0,0.0,0.0,0.0,0.0,0.0,0.0,0.0,0.0,unvectored,none,2,2026-07-26T15:46:40+00:00
intadd_64_64_64_2_10nm_TT_0V8_25C_1333p33MHz,intadd,a_width=64;b_width=64;out_width=64;pipeline_stages=2,10nm,TT,0.8,25.0,0.75,1333.3333333333333,64,64,64,2,V-2023.12-SP4,917,725,192,196.577285,78.612479,117.964806,0.2093784078516903,0.600093779909515,0.48,0.05,0.0,0,V-2023.12-SP4,924,732,192,198.94,80.98,117.96,276.0806,0.7206,0.2077922077922078,0.5929425957575148,0.2,0.36,0.0,0,V-2023.12-SP3,V-2023.12-SP4,1.3110000000000002,0.375,0.0005499,1.6869999999999998,1.6860000000000002,1.2645000000000002,0.98,0.1778,1.226e-05,1.158,0.1777,0.02279,0.0002815,0.2008,0.1532,0.1744,0.0002562,0.3279,0.0,0.0,0.0,0.0,0.0,0.0,0.0,0.0,0.0,0.0,0.0,0.0,0.0,0.0,0.0,0.0,unvectored,none,2,2026-07-26T15:46:41+00:00
intadd_48_48_56_5_10nm_TT_0V8_25C_1333p33MHz,intadd,a_width=48;b_width=48;out_width=56;pipeline_stages=5,10nm,TT,0.8,25.0,0.75,1333.3333333333333,48,48,56,5,V-2023.12-SP4,996,644,352,291.502089,75.233279,216.26881,0.3534136546184739,0.7419116986156487,0.51,0.02,0.0,0,V-2023.12-SP4,1021,669,352,298.66,82.39,216.27,415.1808,0.7193,0.34476003917727716,0.7241344672872162,0.2,0.37,0.0,0,V-2023.12-SP3,V-2023.12-SP4,2.3089999999999997,0.5642,0.0008314,2.8739999999999997,2.8731999999999998,2.1548999999999996,1.831,0.3622,3.9370000000000004e-05,2.193,0.3055,0.03629,0.0005158,0.34230000000000005,0.1727,0.1657,0.0002763,0.3387,0.0,0.0,0.0,0.0,0.0,0.0,0.0,0.0,0.0,0.0,0.0,0.0,0.0,0.0,0.0,0.0,unvectored,none,2,2026-07-26T15:46:42+00:00
intadd_48_48_56_3_10nm_TT_0V8_25C_1333p33MHz,intadd,a_width=48;b_width=48;out_width=56;pipeline_stages=3,10nm,TT,0.8,25.0,0.75,1333.3333333333333,48,48,56,3,V-2023.12-SP4,782,568,214,195.164166,63.682559,131.481606,0.27365728900255754,0.6736974757958385,0.49,0.04,0.0,0,V-2023.12-SP4,792,578,214,201.0,69.52,131.48,274.7597,0.7316,0.2702020202020202,0.6541293532338308,0.2,0.36,0.0,0,V-2023.12-SP3,V-2023.12-SP4,1.8190000000000002,0.4556,0.0006051,2.275,2.2746000000000004,1.7059500000000003,1.167,0.18760000000000002,3.6809999999999995e-05,1.355,0.42769999999999997,0.0582,0.0003381,0.4863,0.2241,0.20980000000000001,0.0002302,0.4341,0.0,0.0,0.0,0.0,0.0,0.0,0.0,0.0,0.0,0.0,0.0,0.0,0.0,0.0,0.0,0.0,vectored,random,2,2026-07-26T15:46:47+00:00
intadd_64_64_64_2_10nm_TT_0V8_25C_1333p33MHz,intadd,a_width=64;b_width=64;out_width=64;pipeline_stages=2,10nm,TT,0.8,25.0,0.75,1333.3333333333333,64,64,64,2,V-2023.12-SP4,917,725,192,196.577285,78.612479,117.964806,0.2093784078516903,0.600093779909515,0.48,0.05,0.0,0,V-2023.12-SP4,924,732,192,198.94,80.98,117.96,276.0806,0.7206,0.2077922077922078,0.5929425957575148,0.2,0.36,0.0,0,V-2023.12-SP3,V-2023.12-SP4,1.629,0.5226999999999999,0.0005813999999999999,2.1519999999999997,2.1517,1.613775,0.9794,0.1778,1.226e-05,1.157,0.3928,0.05693,0.0003036,0.4501,0.2567,0.2879,0.0002655,0.5448999999999999,0.0,0.0,0.0,0.0,0.0,0.0,0.0,0.0,0.0,0.0,0.0,0.0,0.0,0.0,0.0,0.0,vectored,random,2,2026-07-26T15:46:48+00:00
intadd_48_48_56_5_10nm_TT_0V8_25C_1333p33MHz,intadd,a_width=48;b_width=48;out_width=56;pipeline_stages=5,10nm,TT,0.8,25.0,0.75,1333.3333333333333,48,48,56,5,V-2023.12-SP4,996,644,352,291.502089,75.233279,216.26881,0.3534136546184739,0.7419116986156487,0.51,0.02,0.0,0,V-2023.12-SP4,1021,669,352,298.66,82.39,216.27,415.1808,0.7193,0.34476003917727716,0.7241344672872162,0.2,0.37,0.0,0,V-2023.12-SP3,V-2023.12-SP4,2.775,0.6473,0.0008912000000000001,3.424,3.4223,2.566725,1.83,0.3622,3.943e-05,2.1919999999999997,0.6816,0.0906,0.0005579,0.7728,0.2643,0.1945,0.0002939,0.4592,0.0,0.0,0.0,0.0,0.0,0.0,0.0,0.0,0.0,0.0,0.0,0.0,0.0,0.0,0.0,0.0,vectored,random,2,2026-07-26T15:46:48+00:00
intadd_64_64_64_3_7nm_TT_0V75_25C_1333p33MHz,intadd,a_width=64;b_width=64;out_width=64;pipeline_stages=3,7nm,TT,0.75,25.0,0.75,1333.3333333333333,64,64,64,3,V-2023.12-SP4,1050,761,289,138.007299,44.787456,93.219844,0.2752380952380952,0.6754703894320836,0.52,0.02,0.0,0,V-2023.12-SP4,1070,781,289,140.14,46.92,93.22,194.2618,0.7214,0.27009345794392525,0.6651919509062367,0.19,0.34,0.0,0,V-2023.12-SP3,V-2023.12-SP4,1.443,0.3527,0.0009803,1.796,1.7957,1.346775,1.103,0.1643,1.4e-05,1.268,0.20350000000000001,0.027120000000000002,0.0007405000000000001,0.2313,0.1361,0.1613,0.00022569999999999998,0.29760000000000003,0.0,0.0,0.0,0.0,0.0,0.0,0.0,0.0,0.0,0.0,0.0,0.0,0.0,0.0,0.0,0.0,unvectored,none,2,2026-07-26T15:46:56+00:00
intadd_64_64_64_3_7nm_TT_0V75_25C_1333p33MHz,intadd,a_width=64;b_width=64;out_width=64;pipeline_stages=3,7nm,TT,0.75,25.0,0.75,1333.3333333333333,64,64,64,3,V-2023.12-SP4,1050,761,289,138.007299,44.787456,93.219844,0.2752380952380952,0.6754703894320836,0.52,0.02,0.0,0,V-2023.12-SP4,1070,781,289,140.14,46.92,93.22,194.2618,0.7214,0.27009345794392525,0.6651919509062367,0.19,0.34,0.0,0,V-2023.12-SP3,V-2023.12-SP4,1.806,0.47800000000000004,0.001133,2.285,2.2840000000000003,1.713,1.103,0.1643,1.4e-05,1.267,0.4598,0.06777,0.0008883000000000001,0.5284000000000001,0.2431,0.2459,0.00023099999999999998,0.4893,0.0,0.0,0.0,0.0,0.0,0.0,0.0,0.0,0.0,0.0,0.0,0.0,0.0,0.0,0.0,0.0,vectored,random,2,2026-07-26T15:47:03+00:00
intadd_96_96_96_2_5nm_TT_0V7_25C_1333p33MHz,intadd,a_width=96;b_width=96;out_width=96;pipeline_stages=2,5nm,TT,0.7,25.0,0.75,1333.3333333333333,96,96,96,2,V-2023.12-SP4,1381,1093,288,83.344799,34.9608,48.383999,0.20854453294713976,0.58052811429781,0.5,0.03,0.0,0,V-2023.12-SP4,1398,1110,288,84.27,35.88,48.38,117.1968,0.719,0.20600858369098712,0.5741070369051857,0.19,0.36,0.0,0,V-2023.12-SP3,V-2023.12-SP4,1.3159999999999998,0.48260000000000003,0.0008291,1.8,1.7986,1.3489499999999999,0.9473,0.2292,1.081e-05,1.176,0.1948,0.03119,0.0005303,0.2265,0.1743,0.2222,0.000288,0.3968,0.0,0.0,0.0,0.0,0.0,0.0,0.0,0.0,0.0,0.0,0.0,0.0,0.0,0.0,0.0,0.0,unvectored,none,2,2026-07-26T15:47:32+00:00
intadd_64_64_64_5_7nm_TT_0V75_25C_1333p33MHz,intadd,a_width=64;b_width=64;out_width=64;pipeline_stages=5,7nm,TT,0.75,25.0,0.75,1333.3333333333333,64,64,64,5,V-2023.12-SP4,1347,864,483,208.954374,53.157888,155.796486,0.3585746102449889,0.7456005012845531,0.51,0.02,0.0,0,V-2023.12-SP4,1377,894,483,212.44,56.64,155.8,295.0134,0.7201,0.35076252723311546,0.7333835435887781,0.19,0.37,0.0,0,V-2023.12-SP3,V-2023.12-SP4,2.355,0.6277,0.001552,2.984,2.9827,2.237025,1.85,0.40190000000000003,2.418e-05,2.2520000000000002,0.3298,0.04127,0.001237,0.3723,0.1753,0.18450000000000003,0.00029069999999999996,0.36010000000000003,0.0,0.0,0.0,0.0,0.0,0.0,0.0,0.0,0.0,0.0,0.0,0.0,0.0,0.0,0.0,0.0,unvectored,none,2,2026-07-26T15:47:34+00:00
intadd_96_96_96_2_5nm_TT_0V7_25C_1333p33MHz,intadd,a_width=96;b_width=96;out_width=96;pipeline_stages=2,5nm,TT,0.7,25.0,0.75,1333.3333333333333,96,96,96,2,V-2023.12-SP4,1381,1093,288,83.344799,34.9608,48.383999,0.20854453294713976,0.58052811429781,0.5,0.03,0.0,0,V-2023.12-SP4,1398,1110,288,84.27,35.88,48.38,117.1968,0.719,0.20600858369098712,0.5741070369051857,0.19,0.36,0.0,0,V-2023.12-SP3,V-2023.12-SP4,1.71,0.6846000000000001,0.0007888999999999999,2.395,2.3946,1.79595,0.9529,0.2292,1.081e-05,1.1820000000000002,0.4348,0.07805999999999999,0.0004783,0.5133,0.32239999999999996,0.3773,0.0002998,0.7,0.0,0.0,0.0,0.0,0.0,0.0,0.0,0.0,0.0,0.0,0.0,0.0,0.0,0.0,0.0,0.0,vectored,random,2,2026-07-26T15:47:40+00:00
intadd_64_64_64_5_7nm_TT_0V75_25C_1333p33MHz,intadd,a_width=64;b_width=64;out_width=64;pipeline_stages=5,7nm,TT,0.75,25.0,0.75,1333.3333333333333,64,64,64,5,V-2023.12-SP4,1347,864,483,208.954374,53.157888,155.796486,0.3585746102449889,0.7456005012845531,0.51,0.02,0.0,0,V-2023.12-SP4,1377,894,483,212.44,56.64,155.8,295.0134,0.7201,0.35076252723311546,0.7333835435887781,0.19,0.37,0.0,0,V-2023.12-SP3,V-2023.12-SP4,2.8800000000000003,0.7366,0.001802,3.6180000000000003,3.6166000000000005,2.7124500000000005,1.849,0.40190000000000003,2.423e-05,2.251,0.7373,0.1031,0.0014780000000000001,0.8419,0.2935,0.23149999999999998,0.0002995,0.5253,0.0,0.0,0.0,0.0,0.0,0.0,0.0,0.0,0.0,0.0,0.0,0.0,0.0,0.0,0.0,0.0,vectored,random,2,2026-07-26T15:47:41+00:00
intadd_64_64_72_5_5nm_TT_0V7_25C_1333p33MHz,intadd,a_width=64;b_width=64;out_width=72;pipeline_stages=5,5nm,TT,0.7,25.0,0.75,1333.3333333333333,64,64,72,5,V-2023.12-SP4,1332,860,472,110.997599,31.7016,79.295999,0.35435435435435436,0.7143938221582613,0.52,0.01,0.0,0,V-2023.12-SP4,1381,909,472,113.58,34.29,79.3,156.0216,0.728,0.34178131788559013,0.6981863004050008,0.19,0.37,0.0,0,V-2023.12-SP3,V-2023.12-SP4,2.106,0.6306,0.0011790000000000001,2.738,2.7366,2.0524500000000003,1.639,0.4083,3.829e-05,2.047,0.2988,0.041440000000000005,0.0008688999999999999,0.3411,0.1685,0.1809,0.00027150000000000004,0.3497,0.0,0.0,0.0,0.0,0.0,0.0,0.0,0.0,0.0,0.0,0.0,0.0,0.0,0.0,0.0,0.0,unvectored,none,2,2026-07-26T15:47:42+00:00
intadd_64_64_72_5_5nm_TT_0V7_25C_1333p33MHz,intadd,a_width=64;b_width=64;out_width=72;pipeline_stages=5,5nm,TT,0.7,25.0,0.75,1333.3333333333333,64,64,72,5,V-2023.12-SP4,1332,860,472,110.997599,31.7016,79.295999,0.35435435435435436,0.7143938221582613,0.52,0.01,0.0,0,V-2023.12-SP4,1381,909,472,113.58,34.29,79.3,156.0216,0.728,0.34178131788559013,0.6981863004050008,0.19,0.37,0.0,0,V-2023.12-SP3,V-2023.12-SP4,2.598,0.7417,0.001116,3.3400000000000003,3.3396999999999997,2.5047749999999995,1.648,0.4083,3.829e-05,2.057,0.6661,0.1036,0.0007863,0.7704,0.2831,0.2299,0.0002914,0.5133,0.0,0.0,0.0,0.0,0.0,0.0,0.0,0.0,0.0,0.0,0.0,0.0,0.0,0.0,0.0,0.0,vectored,random,2,2026-07-26T15:47:50+00:00
intadd_96_96_96_2_5nm_TT_0V7_25C_800MHz,intadd,a_width=96;b_width=96;out_width=96;pipeline_stages=2,5nm,TT,0.7,25.0,1.25,800.0,96,96,96,2,V-2023.12-SP4,1328,1040,288,82.101599,33.7176,48.383999,0.21686746987951808,0.5893185953662121,1.0,0.04,0.0,0,V-2023.12-SP4,1355,1067,288,84.45,36.07,48.38,116.1216,0.7273,0.21254612546125462,0.5728833629366489,0.44,0.67,0.0,0,V-2023.12-SP3,V-2023.12-SP4,0.8868,0.2963,0.0008506,1.184,1.1831,1.478875,0.6685000000000001,0.15080000000000002,4.126e-05,0.8194,0.11689999999999999,0.01983,0.0005304,0.1373,0.1014,0.1256,0.000279,0.2273,0.0,0.0,0.0,0.0,0.0,0.0,0.0,0.0,0.0,0.0,0.0,0.0,0.0,0.0,0.0,0.0,unvectored,none,2,2026-07-26T15:48:02+00:00
intadd_96_96_96_2_5nm_TT_0V7_25C_800MHz,intadd,a_width=96;b_width=96;out_width=96;pipeline_stages=2,5nm,TT,0.7,25.0,1.25,800.0,96,96,96,2,V-2023.12-SP4,1328,1040,288,82.101599,33.7176,48.383999,0.21686746987951808,0.5893185953662121,1.0,0.04,0.0,0,V-2023.12-SP4,1355,1067,288,84.45,36.07,48.38,116.1216,0.7273,0.21254612546125462,0.5728833629366489,0.44,0.67,0.0,0,V-2023.12-SP3,V-2023.12-SP4,1.131,0.4237,0.0008102,1.556,1.5547,1.943375,0.6719999999999999,0.15080000000000002,4.1280000000000005e-05,0.8229,0.26380000000000003,0.04965,0.0004781,0.3139,0.1952,0.2233,0.00029079999999999997,0.4188,0.0,0.0,0.0,0.0,0.0,0.0,0.0,0.0,0.0,0.0,0.0,0.0,0.0,0.0,0.0,0.0,vectored,random,2,2026-07-26T15:48:09+00:00
intadd_32_32_40_3_16nm_TT_0V85_25C_1000MHz,intadd,a_width=32;b_width=32;out_width=40;pipeline_stages=3,16nm,TT,0.85,25.0,1.0,1000.0,32,32,40,3,V-2023.12-SP4,505,363,142,259.905033,83.234305,176.670728,0.2811881188118812,0.6797510843123996,0.7,0.07,0.0,0,V-2023.12-SP4,518,376,142,285.1,104.82,180.28,365.4098,0.7802,0.27413127413127414,0.6323395299894773,0.34,0.48,0.0,0,V-2023.12-SP3,V-2023.12-SP4,1.184,0.2503,0.3862,1.82,1.4343,1.4343,0.9612,0.1596,0.38539999999999996,1.506,0.1357,0.014790000000000001,0.0006527,0.1512,0.08673,0.07588,0.0001529,0.1628,0.0,0.0,0.0,0.0,0.0,0.0,0.0,0.0,0.0,0.0,0.0,0.0,0.0,0.0,0.0,0.0,unvectored,none,2,2026-07-26T15:48:34+00:00
intadd_32_32_40_3_20nm_TT_0V9_25C_500MHz,intadd,a_width=32;b_width=32;out_width=40;pipeline_stages=3,20nm,TT,0.9,25.0,2.0,500.0,32,32,40,3,V-2023.12-SP4,414,272,142,432.115198,132.211199,299.903998,0.34299516908212563,0.6940371442339318,1.76,0.01,0.0,0,V-2023.12-SP4,425,283,142,451.33,151.43,299.9,615.4368,0.7334,0.3341176470588235,0.66448053530676,0.87,0.89,0.0,0,V-2023.12-SP3,V-2023.12-SP4,0.6021000000000001,0.09598,0.1035,0.8015,0.69808,1.39616,0.46930000000000005,0.049929999999999995,0.1031,0.6223,0.07876,0.009733,0.0002154,0.0887,0.054060000000000004,0.03632,0.00016859999999999998,0.09055,0.0,0.0,0.0,0.0,0.0,0.0,0.0,0.0,0.0,0.0,0.0,0.0,0.0,0.0,0.0,0.0,unvectored,none,2,2026-07-26T15:48:35+00:00
intadd_32_32_40_3_16nm_TT_0V85_25C_1000MHz,intadd,a_width=32;b_width=32;out_width=40;pipeline_stages=3,16nm,TT,0.85,25.0,1.0,1000.0,32,32,40,3,V-2023.12-SP4,505,363,142,259.905033,83.234305,176.670728,0.2811881188118812,0.6797510843123996,0.7,0.07,0.0,0,V-2023.12-SP4,518,376,142,285.1,104.82,180.28,365.4098,0.7802,0.27413127413127414,0.6323395299894773,0.34,0.48,0.0,0,V-2023.12-SP3,V-2023.12-SP4,1.42,0.3151,0.386,2.1220000000000003,1.7350999999999999,1.7350999999999999,0.9623999999999999,0.1596,0.3853,1.5070000000000001,0.3072,0.03709,0.000546,0.3449,0.15080000000000002,0.1184,0.0001651,0.2694,0.0,0.0,0.0,0.0,0.0,0.0,0.0,0.0,0.0,0.0,0.0,0.0,0.0,0.0,0.0,0.0,vectored,random,2,2026-07-26T15:48:40+00:00
intadd_32_32_40_3_20nm_TT_0V9_25C_500MHz,intadd,a_width=32;b_width=32;out_width=40;pipeline_stages=3,20nm,TT,0.9,25.0,2.0,500.0,32,32,40,3,V-2023.12-SP4,414,272,142,432.115198,132.211199,299.903998,0.34299516908212563,0.6940371442339318,1.76,0.01,0.0,0,V-2023.12-SP4,425,283,142,451.33,151.43,299.9,615.4368,0.7334,0.3341176470588235,0.66448053530676,0.87,0.89,0.0,0,V-2023.12-SP3,V-2023.12-SP4,0.7307,0.1227,0.1035,0.9569,0.8534,1.7068,0.47,0.049929999999999995,0.1031,0.623,0.17450000000000002,0.02442,0.0002592,0.1992,0.08617,0.04836,0.000184,0.1347,0.0,0.0,0.0,0.0,0.0,0.0,0.0,0.0,0.0,0.0,0.0,0.0,0.0,0.0,0.0,0.0,vectored,random,2,2026-07-26T15:48:42+00:00
intadd_32_32_32_5_16nm_TT_0V85_25C_1333p33MHz,intadd,a_width=32;b_width=32;out_width=32;pipeline_stages=5,16nm,TT,0.85,25.0,0.75,1333.3333333333333,32,32,32,5,V-2023.12-SP4,699,456,243,409.079823,106.74893,302.330894,0.34763948497854075,0.7390511020143862,0.52,0.0,0.0,0,V-2023.12-SP4,704,461,243,427.62,113.09,314.52,568.7677,0.7518,0.34517045454545453,0.7355128385014732,0.22,0.3,0.0,0,V-2023.12-SP3,V-2023.12-SP4,2.104,0.2212,0.06530999999999999,2.391,2.3252,1.7439,1.633,0.0582,0.06423,1.756,0.3173,0.030170000000000002,0.000879,0.3483,0.1539,0.1328,0.0002023,0.2869,0.0,0.0,0.0,0.0,0.0,0.0,0.0,0.0,0.0,0.0,0.0,0.0,0.0,0.0,0.0,0.0,unvectored,none,2,2026-07-26T15:48:42+00:00
intadd_32_32_40_5_20nm_TT_0V9_25C_1000MHz,intadd,a_width=32;b_width=32;out_width=40;pipeline_stages=5,20nm,TT,0.9,25.0,1.0,1000.0,32,32,40,5,V-2023.12-SP4,694,462,232,671.615996,181.631999,489.983997,0.33429394812680113,0.7295597483059352,0.66,0.11,0.0,0,V-2023.12-SP4,702,470,232,679.54,189.55,489.98,938.9952,0.7237,0.33048433048433046,0.7210465903405245,0.36,0.4,0.0,0,V-2023.12-SP3,V-2023.12-SP4,1.8359999999999999,0.1643,0.0006043,2.0010000000000003,2.0002999999999997,2.0002999999999997,1.446,0.02493,6.966e-06,1.471,0.2508,0.02495,0.0003522,0.2761,0.1388,0.1144,0.0002451,0.2535,0.0,0.0,0.0,0.0,0.0,0.0,0.0,0.0,0.0,0.0,0.0,0.0,0.0,0.0,0.0,0.0,unvectored,none,2,2026-07-26T15:48:45+00:00
intadd_32_32_40_5_20nm_TT_0V9_25C_571p429MHz,intadd,a_width=32;b_width=32;out_width=40;pipeline_stages=5,20nm,TT,0.9,25.0,1.75,571.4285714285714,32,32,40,5,V-2023.12-SP4,531,293,238,685.449596,182.793599,502.655997,0.448210922787194,0.7333230626048833,1.51,0.0,0.0,0,V-2023.12-SP4,548,310,238,732.86,230.21,502.66,976.0608,0.7508,0.4343065693430657,0.6858881641786971,0.73,0.82,0.0,0,V-2023.12-SP3,V-2023.12-SP4,1.224,0.24020000000000002,0.3099,1.7750000000000001,1.4642,2.56235,0.9863999999999999,0.1665,0.30929999999999996,1.462,0.1469,0.01866,0.0003609,0.166,0.09114,0.05502,0.00021759999999999998,0.1464,0.0,0.0,0.0,0.0,0.0,0.0,0.0,0.0,0.0,0.0,0.0,0.0,0.0,0.0,0.0,0.0,unvectored,none,2,2026-07-26T15:48:48+00:00
intadd_32_32_32_5_16nm_TT_0V85_25C_1333p33MHz,intadd,a_width=32;b_width=32;out_width=32;pipeline_stages=5,16nm,TT,0.85,25.0,0.75,1333.3333333333333,32,32,32,5,V-2023.12-SP4,699,456,243,409.079823,106.74893,302.330894,0.34763948497854075,0.7390511020143862,0.52,0.0,0.0,0,V-2023.12-SP4,704,461,243,427.62,113.09,314.52,568.7677,0.7518,0.34517045454545453,0.7355128385014732,0.22,0.3,0.0,0,V-2023.12-SP3,V-2023.12-SP4,2.608,0.2973,0.06524,2.971,2.9053,2.178975,1.635,0.0582,0.06423,1.758,0.723,0.07578,0.0007874,0.7996,0.2496,0.1633,0.00022390000000000002,0.4132,0.0,0.0,0.0,0.0,0.0,0.0,0.0,0.0,0.0,0.0,0.0,0.0,0.0,0.0,0.0,0.0,vectored,random,2,2026-07-26T15:48:49+00:00
intadd_32_32_40_5_20nm_TT_0V9_25C_1000MHz,intadd,a_width=32;b_width=32;out_width=40;pipeline_stages=5,20nm,TT,0.9,25.0,1.0,1000.0,32,32,40,5,V-2023.12-SP4,694,462,232,671.615996,181.631999,489.983997,0.33429394812680113,0.7295597483059352,0.66,0.11,0.0,0,V-2023.12-SP4,702,470,232,679.54,189.55,489.98,938.9952,0.7237,0.33048433048433046,0.7210465903405245,0.36,0.4,0.0,0,V-2023.12-SP3,V-2023.12-SP4,2.234,0.2329,0.0007026,2.468,2.4669,2.4669,1.4480000000000002,0.02493,6.9669999999999995e-06,1.4729999999999999,0.5640000000000001,0.06258,0.0004244,0.627,0.2223,0.1454,0.0002712,0.368,0.0,0.0,0.0,0.0,0.0,0.0,0.0,0.0,0.0,0.0,0.0,0.0,0.0,0.0,0.0,0.0,vectored,random,2,2026-07-26T15:48:52+00:00
intadd_32_32_40_5_20nm_TT_0V9_25C_571p429MHz,intadd,a_width=32;b_width=32;out_width=40;pipeline_stages=5,20nm,TT,0.9,25.0,1.75,571.4285714285714,32,32,40,5,V-2023.12-SP4,531,293,238,685.449596,182.793599,502.655997,0.448210922787194,0.7333230626048833,1.51,0.0,0.0,0,V-2023.12-SP4,548,310,238,732.86,230.21,502.66,976.0608,0.7508,0.4343065693430657,0.6858881641786971,0.73,0.82,0.0,0,V-2023.12-SP3,V-2023.12-SP4,1.464,0.2726,0.31,2.047,1.7366,3.03905,0.9874,0.1665,0.30929999999999996,1.463,0.3314,0.04681,0.0004347,0.3786,0.1452,0.05936,0.00024419999999999997,0.20479999999999998,0.0,0.0,0.0,0.0,0.0,0.0,0.0,0.0,0.0,0.0,0.0,0.0,0.0,0.0,0.0,0.0,vectored,random,2,2026-07-26T15:48:54+00:00
intadd_32_32_40_3_16nm_TT_0V85_25C_666p667MHz,intadd,a_width=32;b_width=32;out_width=40;pipeline_stages=3,16nm,TT,0.85,25.0,1.5,666.6666666666666,32,32,40,3,V-2023.12-SP4,414,272,142,254.555145,77.884417,176.670728,0.34299516908212563,0.6940371525391875,1.21,0.06,0.0,0,V-2023.12-SP4,429,287,142,281.55,99.66,181.9,361.3041,0.7793,0.331002331002331,0.6460664180429764,0.59,0.73,0.0,0,V-2023.12-SP3,V-2023.12-SP4,0.7928,0.16019999999999998,0.2577,1.211,0.953,1.4295,0.6414,0.1066,0.2569,1.0050000000000001,0.09255999999999999,0.01131,0.0005888,0.10450000000000001,0.058839999999999996,0.04235,0.00013519999999999998,0.1013,0.0,0.0,0.0,0.0,0.0,0.0,0.0,0.0,0.0,0.0,0.0,0.0,0.0,0.0,0.0,0.0,unvectored,none,2,2026-07-26T15:48:56+00:00
intadd_32_32_40_3_16nm_TT_0V85_25C_666p667MHz,intadd,a_width=32;b_width=32;out_width=40;pipeline_stages=3,16nm,TT,0.85,25.0,1.5,666.6666666666666,32,32,40,3,V-2023.12-SP4,414,272,142,254.555145,77.884417,176.670728,0.34299516908212563,0.6940371525391875,1.21,0.06,0.0,0,V-2023.12-SP4,429,287,142,281.55,99.66,181.9,361.3041,0.7793,0.331002331002331,0.6460664180429764,0.59,0.73,0.0,0,V-2023.12-SP3,V-2023.12-SP4,0.9443,0.193,0.2576,1.395,1.1373,1.70595,0.6421,0.1066,0.2569,1.006,0.2072,0.028390000000000002,0.0005061,0.236,0.095,0.058,0.0001472,0.1531,0.0,0.0,0.0,0.0,0.0,0.0,0.0,0.0,0.0,0.0,0.0,0.0,0.0,0.0,0.0,0.0,vectored,random,2,2026-07-26T15:49:02+00:00
intadd_64_64_64_2_10nm_TT_0V8_25C_800MHz,intadd,a_width=64;b_width=64;out_width=64;pipeline_stages=2,10nm,TT,0.8,25.0,1.25,800.0,64,64,64,2,V-2023.12-SP4,854,662,192,191.324165,73.359359,117.964806,0.22482435597189696,0.6165703428001371,1.03,0.0,0.0,0,V-2023.12-SP4,871,679,192,195.69,77.72,117.96,272.1178,0.7191,0.22043628013777267,0.6027901272420665,0.45,0.61,0.0,0,V-2023.12-SP3,V-2023.12-SP4,0.8027000000000001,0.2378,0.0005485,1.0410000000000001,1.0405000000000002,1.3006250000000001,0.6071,0.1258,2.4010000000000002e-05,0.7329,0.1065,0.01455,0.0002813,0.12129999999999999,0.08907999999999999,0.09742999999999999,0.0002432,0.1867,0.0,0.0,0.0,0.0,0.0,0.0,0.0,0.0,0.0,0.0,0.0,0.0,0.0,0.0,0.0,0.0,unvectored,none,2,2026-07-26T15:49:13+00:00
intadd_64_64_64_3_10nm_TT_0V8_25C_1333p33MHz,intadd,a_width=64;b_width=64;out_width=64;pipeline_stages=3,10nm,TT,0.8,25.0,0.75,1333.3333333333333,64,64,64,3,V-2023.12-SP4,1063,774,289,264.099848,86.538239,177.561608,0.2718720602069614,0.6723275660499434,0.51,0.02,0.0,0,V-2023.12-SP4,1105,816,289,273.62,96.06,177.56,371.712,0.7361,0.26153846153846155,0.6489291718441634,0.2,0.35,0.0,0,V-2023.12-SP3,V-2023.12-SP4,2.006,0.5565,0.0007733,2.563,2.5625,1.921875,1.567,0.3337,5.2969999999999996e-05,1.9009999999999998,0.258,0.03213,0.0004236,0.2906,0.1807,0.1907,0.0002967,0.37179999999999996,0.0,0.0,0.0,0.0,0.0,0.0,0.0,0.0,0.0,0.0,0.0,0.0,0.0,0.0,0.0,0.0,unvectored,none,2,2026-07-26T15:49:19+00:00
intadd_64_64_64_2_10nm_TT_0V8_25C_800MHz,intadd,a_width=64;b_width=64;out_width=64;pipeline_stages=2,10nm,TT,0.8,25.0,1.25,800.0,64,64,64,2,V-2023.12-SP4,854,662,192,191.324165,73.359359,117.964806,0.22482435597189696,0.6165703428001371,1.03,0.0,0.0,0,V-2023.12-SP4,871,679,192,195.69,77.72,117.96,272.1178,0.7191,0.22043628013777267,0.6027901272420665,0.45,0.61,0.0,0,V-2023.12-SP3,V-2023.12-SP4,0.9924000000000001,0.3192,0.0005822000000000001,1.312,1.3116,1.6395000000000002,0.6066999999999999,0.1258,2.4030000000000002e-05,0.7326,0.23650000000000002,0.03632,0.0003053,0.27320000000000005,0.14909999999999998,0.1571,0.0002529,0.30650000000000005,0.0,0.0,0.0,0.0,0.0,0.0,0.0,0.0,0.0,0.0,0.0,0.0,0.0,0.0,0.0,0.0,vectored,random,2,2026-07-26T15:49:20+00:00
intadd_64_64_64_3_10nm_TT_0V8_25C_800MHz,intadd,a_width=64;b_width=64;out_width=64;pipeline_stages=3,10nm,TT,0.8,25.0,1.25,800.0,64,64,64,3,V-2023.12-SP4,968,679,289,255.744008,78.182399,177.561608,0.29855371900826444,0.6942943038571602,1.03,0.0,0.0,0,V-2023.12-SP4,1025,736,289,271.01,93.45,177.56,358.2566,0.7565,0.2819512195121951,0.655178775690934,0.45,0.63,0.0,0,V-2023.12-SP3,V-2023.12-SP4,1.315,0.3499,0.0007962,1.666,1.6648999999999998,2.0811249999999997,1.056,0.2276,9.099e-05,1.284,0.1547,0.020069999999999998,0.0004235,0.1751,0.10450000000000001,0.1022,0.00028169999999999996,0.2069,0.0,0.0,0.0,0.0,0.0,0.0,0.0,0.0,0.0,0.0,0.0,0.0,0.0,0.0,0.0,0.0,unvectored,none,2,2026-07-26T15:49:25+00:00
intadd_64_64_64_3_10nm_TT_0V8_25C_1333p33MHz,intadd,a_width=64;b_width=64;out_width=64;pipeline_stages=3,10nm,TT,0.8,25.0,0.75,1333.3333333333333,64,64,64,3,V-2023.12-SP4,1063,774,289,264.099848,86.538239,177.561608,0.2718720602069614,0.6723275660499434,0.51,0.02,0.0,0,V-2023.12-SP4,1105,816,289,273.62,96.06,177.56,371.712,0.7361,0.26153846153846155,0.6489291718441634,0.2,0.35,0.0,0,V-2023.12-SP3,V-2023.12-SP4,2.433,0.6985,0.0008216,3.1319999999999997,3.1315,2.348625,1.5659999999999998,0.3337,5.303e-05,1.9,0.5743,0.08026,0.00045779999999999996,0.655,0.2925,0.2845,0.0003108,0.5774,0.0,0.0,0.0,0.0,0.0,0.0,0.0,0.0,0.0,0.0,0.0,0.0,0.0,0.0,0.0,0.0,vectored,random,2,2026-07-26T15:49:26+00:00
intadd_64_64_64_3_10nm_TT_0V8_25C_800MHz,intadd,a_width=64;b_width=64;out_width=64;pipeline_stages=3,10nm,TT,0.8,25.0,1.25,800.0,64,64,64,3,V-2023.12-SP4,968,679,289,255.744008,78.182399,177.561608,0.29855371900826444,0.6942943038571602,1.03,0.0,0.0,0,V-2023.12-SP4,1025,736,289,271.01,93.45,177.56,358.2566,0.7565,0.2819512195121951,0.655178775690934,0.45,0.63,0.0,0,V-2023.12-SP3,V-2023.12-SP4,1.564,0.4231,0.0008428,1.9880000000000002,1.9871,2.4838750000000003,1.055,0.2276,9.101000000000001e-05,1.2830000000000001,0.34249999999999997,0.05015,0.00045610000000000003,0.3931,0.1664,0.1453,0.0002957,0.312,0.0,0.0,0.0,0.0,0.0,0.0,0.0,0.0,0.0,0.0,0.0,0.0,0.0,0.0,0.0,0.0,vectored,random,2,2026-07-26T15:49:32+00:00
intadd_64_64_72_2_7nm_TT_0V75_25C_800MHz,intadd,a_width=64;b_width=64;out_width=72;pipeline_stages=2,7nm,TT,0.75,25.0,1.25,800.0,64,64,72,2,V-2023.12-SP4,847,654,193,100.396802,38.14272,62.254082,0.22786304604486424,0.6200803288535027,0.99,0.04,0.0,0,V-2023.12-SP4,876,683,193,104.65,42.4,62.25,141.749,0.7383,0.22031963470319635,0.5948399426660296,0.44,0.66,0.0,0,V-2023.12-SP3,V-2023.12-SP4,0.7028,0.2089,0.000719,0.9125,0.9117,1.1396249999999999,0.5519000000000001,0.1143,4.043e-05,0.6662,0.08449,0.012079999999999999,0.0004939,0.09706,0.06643,0.08258,0.00018470000000000002,0.1492,0.0,0.0,0.0,0.0,0.0,0.0,0.0,0.0,0.0,0.0,0.0,0.0,0.0,0.0,0.0,0.0,unvectored,none,2,2026-07-26T15:49:54+00:00
intadd_64_64_72_2_7nm_TT_0V75_25C_800MHz,intadd,a_width=64;b_width=64;out_width=72;pipeline_stages=2,7nm,TT,0.75,25.0,1.25,800.0,64,64,72,2,V-2023.12-SP4,847,654,193,100.396802,38.14272,62.254082,0.22786304604486424,0.6200803288535027,0.99,0.04,0.0,0,V-2023.12-SP4,876,683,193,104.65,42.4,62.25,141.749,0.7383,0.22031963470319635,0.5948399426660296,0.44,0.66,0.0,0,V-2023.12-SP3,V-2023.12-SP4,0.862,0.2796,0.0008249,1.142,1.1416,1.427,0.5517,0.1143,4.053e-05,0.666,0.1896,0.03015,0.0005958,0.2203,0.1207,0.13520000000000001,0.0001886,0.2561,0.0,0.0,0.0,0.0,0.0,0.0,0.0,0.0,0.0,0.0,0.0,0.0,0.0,0.0,0.0,0.0,vectored,random,2,2026-07-26T15:50:01+00:00
intadd_96_96_96_3_5nm_TT_0V7_25C_1333p33MHz,intadd,a_width=96;b_width=96;out_width=96;pipeline_stages=3,5nm,TT,0.7,25.0,0.75,1333.3333333333333,96,96,96,3,V-2023.12-SP4,1614,1181,433,112.534799,39.790799,72.743999,0.26827757125154894,0.6464133729869638,0.5,0.03,0.0,0,V-2023.12-SP4,1633,1200,433,113.8,41.06,72.74,159.39,0.714,0.26515615431720757,0.6391915641476273,0.2,0.36,0.0,0,V-2023.12-SP3,V-2023.12-SP4,1.906,0.6336,0.001147,2.541,2.5396,1.9047,1.4189999999999998,0.3458,1.554e-05,1.764,0.28219999999999995,0.042629999999999994,0.0007974,0.3256,0.20579999999999998,0.2452,0.0003339,0.45130000000000003,0.0,0.0,0.0,0.0,0.0,0.0,0.0,0.0,0.0,0.0,0.0,0.0,0.0,0.0,0.0,0.0,unvectored,none,2,2026-07-26T15:50:35+00:00
intadd_96_96_96_3_5nm_TT_0V7_25C_1333p33MHz,intadd,a_width=96;b_width=96;out_width=96;pipeline_stages=3,5nm,TT,0.7,25.0,0.75,1333.3333333333333,96,96,96,3,V-2023.12-SP4,1614,1181,433,112.534799,39.790799,72.743999,0.26827757125154894,0.6464133729869638,0.5,0.03,0.0,0,V-2023.12-SP4,1633,1200,433,113.8,41.06,72.74,159.39,0.714,0.26515615431720757,0.6391915641476273,0.2,0.36,0.0,0,V-2023.12-SP3,V-2023.12-SP4,2.427,0.8359,0.001085,3.264,3.2629,2.447175,1.427,0.3458,1.554e-05,1.7730000000000001,0.6324,0.1066,0.0007182,0.7398,0.36769999999999997,0.3834,0.0003513,0.7515,0.0,0.0,0.0,0.0,0.0,0.0,0.0,0.0,0.0,0.0,0.0,0.0,0.0,0.0,0.0,0.0,vectored,random,2,2026-07-26T15:50:42+00:00
intadd_64_64_72_5_7nm_TT_0V75_25C_1333p33MHz,intadd,a_width=64;b_width=64;out_width=72;pipeline_stages=5,7nm,TT,0.75,25.0,0.75,1333.3333333333333,64,64,72,5,V-2023.12-SP4,1336,864,472,205.132037,52.883712,152.248326,0.3532934131736527,0.7421967247368582,0.53,0.0,0.0,0,V-2023.12-SP4,1378,906,472,211.44,59.19,152.25,288.5138,0.7329,0.34252539912917274,0.7200624290578888,0.19,0.37,0.0,0,V-2023.12-SP3,V-2023.12-SP4,2.403,0.6571,0.00155,3.061,3.0601000000000003,2.295075,1.907,0.4327,5.1830000000000004e-05,2.339,0.3227,0.04078,0.0012079999999999999,0.36469999999999997,0.1733,0.18359999999999999,0.00029,0.3572,0.0,0.0,0.0,0.0,0.0,0.0,0.0,0.0,0.0,0.0,0.0,0.0,0.0,0.0,0.0,0.0,unvectored,none,2,2026-07-26T15:50:52+00:00
intadd_96_96_96_3_5nm_TT_0V7_25C_800MHz,intadd,a_width=96;b_width=96;out_width=96;pipeline_stages=3,5nm,TT,0.7,25.0,1.25,800.0,96,96,96,3,V-2023.12-SP4,1506,1073,433,110.014799,37.2708,72.743999,0.28751660026560427,0.6612201236671805,1.01,0.03,0.0,0,V-2023.12-SP4,1552,1119,433,114.79,42.05,72.74,155.4,0.7387,0.27899484536082475,0.6336788918895373,0.44,0.64,0.0,0,V-2023.12-SP3,V-2023.12-SP4,1.348,0.38489999999999996,0.001201,1.734,1.7329,2.166125,1.062,0.2243,8.766000000000001e-05,1.286,0.1691,0.026,0.0007974,0.1959,0.11689999999999999,0.1346,0.00031580000000000003,0.25179999999999997,0.0,0.0,0.0,0.0,0.0,0.0,0.0,0.0,0.0,0.0,0.0,0.0,0.0,0.0,0.0,0.0,unvectored,none,2,2026-07-26T15:50:53+00:00
intadd_64_64_72_5_7nm_TT_0V75_25C_1333p33MHz,intadd,a_width=64;b_width=64;out_width=72;pipeline_stages=5,7nm,TT,0.75,25.0,0.75,1333.3333333333333,64,64,72,5,V-2023.12-SP4,1336,864,472,205.132037,52.883712,152.248326,0.3532934131736527,0.7421967247368582,0.53,0.0,0.0,0,V-2023.12-SP4,1378,906,472,211.44,59.19,152.25,288.5138,0.7329,0.34252539912917274,0.7200624290578888,0.19,0.37,0.0,0,V-2023.12-SP3,V-2023.12-SP4,2.913,0.7632,0.001792,3.678,3.6761999999999997,2.7571499999999998,1.906,0.4327,5.186e-05,2.339,0.7188,0.10189999999999999,0.001442,0.8220999999999999,0.2882,0.2286,0.0002981,0.5171,0.0,0.0,0.0,0.0,0.0,0.0,0.0,0.0,0.0,0.0,0.0,0.0,0.0,0.0,0.0,0.0,vectored,random,2,2026-07-26T15:50:59+00:00
intadd_96_96_96_3_5nm_TT_0V7_25C_800MHz,intadd,a_width=96;b_width=96;out_width=96;pipeline_stages=3,5nm,TT,0.7,25.0,1.25,800.0,96,96,96,3,V-2023.12-SP4,1506,1073,433,110.014799,37.2708,72.743999,0.28751660026560427,0.6612201236671805,1.01,0.03,0.0,0,V-2023.12-SP4,1552,1119,433,114.79,42.05,72.74,155.4,0.7387,0.27899484536082475,0.6336788918895373,0.44,0.64,0.0,0,V-2023.12-SP3,V-2023.12-SP4,1.6540000000000001,0.49470000000000003,0.0011409999999999999,2.15,2.1487000000000003,2.6858750000000002,1.067,0.2243,8.769e-05,1.2910000000000001,0.3787,0.06505,0.0007197,0.4445,0.20829999999999999,0.2053,0.0003334,0.414,0.0,0.0,0.0,0.0,0.0,0.0,0.0,0.0,0.0,0.0,0.0,0.0,0.0,0.0,0.0,0.0,vectored,random,2,2026-07-26T15:51:00+00:00
intadd_32_32_40_5_16nm_TT_0V85_25C_1333p33MHz,intadd,a_width=32;b_width=32;out_width=40;pipeline_stages=5,16nm,TT,0.85,25.0,0.75,1333.3333333333333,32,32,40,5,V-2023.12-SP4,694,462,232,395.642895,106.997762,288.645133,0.33429394812680113,0.7295597536258044,0.46,0.06,0.0,0,V-2023.12-SP4,704,472,232,416.11,118.26,297.85,561.1162,0.7416,0.32954545454545453,0.7157963038619596,0.22,0.3,0.0,0,V-2023.12-SP3,V-2023.12-SP4,2.0669999999999997,0.2958,0.1938,2.556,2.3627999999999996,1.7720999999999996,1.616,0.1347,0.19269999999999998,1.943,0.29710000000000003,0.028399999999999998,0.0009350000000000001,0.3265,0.1536,0.1327,0.000201,0.28650000000000003,0.0,0.0,0.0,0.0,0.0,0.0,0.0,0.0,0.0,0.0,0.0,0.0,0.0,0.0,0.0,0.0,unvectored,none,2,2026-07-26T15:51:04+00:00
intadd_32_32_40_5_16nm_TT_0V85_25C_1333p33MHz,intadd,a_width=32;b_width=32;out_width=40;pipeline_stages=5,16nm,TT,0.85,25.0,0.75,1333.3333333333333,32,32,40,5,V-2023.12-SP4,694,462,232,395.642895,106.997762,288.645133,0.33429394812680113,0.7295597536258044,0.46,0.06,0.0,0,V-2023.12-SP4,704,472,232,416.11,118.26,297.85,561.1162,0.7416,0.32954545454545453,0.7157963038619596,0.22,0.3,0.0,0,V-2023.12-SP3,V-2023.12-SP4,2.543,0.37970000000000004,0.19369999999999998,3.1159999999999997,2.9227000000000003,2.192025,1.618,0.1347,0.19269999999999998,1.9449999999999998,0.6738999999999999,0.0712,0.0008124,0.7459,0.25070000000000003,0.1738,0.00022119999999999998,0.42460000000000003,0.0,0.0,0.0,0.0,0.0,0.0,0.0,0.0,0.0,0.0,0.0,0.0,0.0,0.0,0.0,0.0,vectored,random,2,2026-07-26T15:51:11+00:00
intadd_48_48_48_3_20nm_TT_0V9_25C_800MHz,intadd,a_width=48;b_width=48;out_width=48;pipeline_stages=3,20nm,TT,0.9,25.0,1.25,800.0,48,48,48,3,V-2023.12-SP4,803,586,217,682.915196,224.611199,458.303998,0.27023661270236615,0.6710994288667138,0.96,0.05,0.0,0,V-2023.12-SP4,809,592,217,693.37,235.07,458.3,971.9424,0.7134,0.26823238566131025,0.6609746599939427,0.5,0.51,0.0,0,V-2023.12-SP3,V-2023.12-SP4,1.395,0.1848,0.0006367,1.581,1.5798,1.9747500000000002,1.075,0.04578,1.538e-05,1.121,0.1923,0.021650000000000003,0.00032889999999999997,0.21430000000000002,0.1281,0.11739999999999999,0.0002924,0.2457,0.0,0.0,0.0,0.0,0.0,0.0,0.0,0.0,0.0,0.0,0.0,0.0,0.0,0.0,0.0,0.0,unvectored,none,2,2026-07-26T15:51:11+00:00
intadd_32_32_40_5_16nm_TT_0V85_25C_800MHz,intadd,a_width=32;b_width=32;out_width=40;pipeline_stages=5,16nm,TT,0.85,25.0,1.25,800.0,32,32,40,5,V-2023.12-SP4,531,293,238,403.792144,107.68205,296.110093,0.448210922787194,0.7333230658395374,1.01,0.0,0.0,0,V-2023.12-SP4,555,317,238,428.12,122.05,306.06,566.2172,0.7561,0.42882882882882883,0.7148930206484163,0.47,0.6,0.0,0,V-2023.12-SP3,V-2023.12-SP4,1.3359999999999999,0.2519,0.001161,1.589,1.5878999999999999,1.9848749999999997,1.049,0.1636,4.206e-05,1.213,0.1835,0.02279,0.00094,0.2072,0.1033,0.0655,0.0001784,0.16899999999999998,0.0,0.0,0.0,0.0,0.0,0.0,0.0,0.0,0.0,0.0,0.0,0.0,0.0,0.0,0.0,0.0,unvectored,none,2,2026-07-26T15:51:14+00:00
intadd_48_48_48_3_20nm_TT_0V9_25C_800MHz,intadd,a_width=48;b_width=48;out_width=48;pipeline_stages=3,20nm,TT,0.9,25.0,1.25,800.0,48,48,48,3,V-2023.12-SP4,803,586,217,682.915196,224.611199,458.303998,0.27023661270236615,0.6710994288667138,0.96,0.05,0.0,0,V-2023.12-SP4,809,592,217,693.37,235.07,458.3,971.9424,0.7134,0.26823238566131025,0.6609746599939427,0.5,0.51,0.0,0,V-2023.12-SP3,V-2023.12-SP4,1.72,0.27290000000000003,0.0007281,1.9940000000000002,1.9929000000000001,2.4911250000000003,1.0759999999999998,0.04578,1.538e-05,1.1219999999999999,0.4281,0.05399,0.000396,0.4824,0.216,0.17320000000000002,0.0003167,0.38949999999999996,0.0,0.0,0.0,0.0,0.0,0.0,0.0,0.0,0.0,0.0,0.0,0.0,0.0,0.0,0.0,0.0,vectored,random,2,2026-07-26T15:51:18+00:00
intadd_96_96_96_5_5nm_TT_0V7_25C_1333p33MHz,intadd,a_width=96;b_width=96;out_width=96;pipeline_stages=5,5nm,TT,0.7,25.0,0.75,1333.3333333333333,96,96,96,5,V-2023.12-SP4,2091,1368,723,171.032398,49.568399,121.463998,0.34576757532281205,0.7101812254307515,0.52,0.01,0.0,0,V-2023.12-SP4,2145,1422,723,174.0,52.53,121.46,243.7344,0.7139,0.33706293706293705,0.6980459770114942,0.19,0.38,0.0,0,V-2023.12-SP3,V-2023.12-SP4,3.148,0.9592,0.001797,4.109,4.107200000000001,3.0804000000000005,2.428,0.6019000000000001,3.79e-05,3.0300000000000002,0.45649999999999996,0.0645,0.0013310000000000002,0.5224,0.2639,0.2928,0.0004274,0.5571,0.0,0.0,0.0,0.0,0.0,0.0,0.0,0.0,0.0,0.0,0.0,0.0,0.0,0.0,0.0,0.0,unvectored,none,2,2026-07-26T15:51:19+00:00
intadd_32_32_40_5_16nm_TT_0V85_25C_800MHz,intadd,a_width=32;b_width=32;out_width=40;pipeline_stages=5,16nm,TT,0.85,25.0,1.25,800.0,32,32,40,5,V-2023.12-SP4,531,293,238,403.792144,107.68205,296.110093,0.448210922787194,0.7333230658395374,1.01,0.0,0.0,0,V-2023.12-SP4,555,317,238,428.12,122.05,306.06,566.2172,0.7561,0.42882882882882883,0.7148930206484163,0.47,0.6,0.0,0,V-2023.12-SP3,V-2023.12-SP4,1.638,0.2931,0.001059,1.932,1.9310999999999998,2.413875,1.0510000000000002,0.1636,4.206e-05,1.214,0.419,0.057170000000000006,0.0008179,0.477,0.1686,0.07229000000000001,0.00019910000000000001,0.2411,0.0,0.0,0.0,0.0,0.0,0.0,0.0,0.0,0.0,0.0,0.0,0.0,0.0,0.0,0.0,0.0,vectored,random,2,2026-07-26T15:51:21+00:00
intadd_48_48_48_3_20nm_TT_0V9_25C_500MHz,intadd,a_width=48;b_width=48;out_width=48;pipeline_stages=3,20nm,TT,0.9,25.0,2.0,500.0,48,48,48,3,V-2023.12-SP4,743,526,217,665.068796,206.764799,458.303998,0.2920592193808883,0.6891076543606174,1.76,0.0,0.0,0,V-2023.12-SP4,760,543,217,695.48,237.18,458.3,934.9824,0.7438,0.2855263157894737,0.658969344912866,0.86,0.9,0.0,0,V-2023.12-SP3,V-2023.12-SP4,0.9862,0.1608,0.2068,1.3539999999999999,1.147,2.294,0.7893,0.07958,0.2062,1.075,0.12029999999999999,0.01333,0.000329,0.134,0.0766,0.06788,0.000275,0.14479999999999998,0.0,0.0,0.0,0.0,0.0,0.0,0.0,0.0,0.0,0.0,0.0,0.0,0.0,0.0,0.0,0.0,unvectored,none,2,2026-07-26T15:51:23+00:00
intadd_48_48_48_5_20nm_TT_0V9_25C_1000MHz,intadd,a_width=48;b_width=48;out_width=48;pipeline_stages=5,20nm,TT,0.9,25.0,1.0,1000.0,48,48,48,5,V-2023.12-SP4,1083,720,363,1049.135994,282.479998,766.655996,0.33518005540166207,0.7307498745486755,0.67,0.1,0.0,0,V-2023.12-SP4,1105,742,363,1080.71,314.05,766.66,1485.1584,0.7277,0.32850678733031674,0.7094040029240036,0.36,0.41,0.0,0,V-2023.12-SP3,V-2023.12-SP4,2.912,0.4682,0.1556,3.536,3.3802,3.3802,2.3089999999999997,0.2374,0.1547,2.7009999999999996,0.3911,0.0387,0.0005507,0.4304,0.2124,0.19210000000000002,0.0003792,0.4049,0.0,0.0,0.0,0.0,0.0,0.0,0.0,0.0,0.0,0.0,0.0,0.0,0.0,0.0,0.0,0.0,unvectored,none,2,2026-07-26T15:51:24+00:00
intadd_96_96_96_5_5nm_TT_0V7_25C_1333p33MHz,intadd,a_width=96;b_width=96;out_width=96;pipeline_stages=5,5nm,TT,0.7,25.0,0.75,1333.3333333333333,96,96,96,5,V-2023.12-SP4,2091,1368,723,171.032398,49.568399,121.463998,0.34576757532281205,0.7101812254307515,0.52,0.01,0.0,0,V-2023.12-SP4,2145,1422,723,174.0,52.53,121.46,243.7344,0.7139,0.33706293706293705,0.6980459770114942,0.19,0.38,0.0,0,V-2023.12-SP3,V-2023.12-SP4,3.9,1.14,0.001709,5.042,5.04,3.7800000000000002,2.442,0.6019000000000001,3.799e-05,3.044,1.0150000000000001,0.1613,0.001214,1.177,0.44289999999999996,0.3767,0.0004567,0.82,0.0,0.0,0.0,0.0,0.0,0.0,0.0,0.0,0.0,0.0,0.0,0.0,0.0,0.0,0.0,0.0,vectored,random,2,2026-07-26T15:51:26+00:00
intadd_48_48_48_2_16nm_TT_0V85_25C_1000MHz,intadd,a_width=48;b_width=48;out_width=48;pipeline_stages=2,16nm,TT,0.85,25.0,1.0,1000.0,48,48,48,2,V-2023.12-SP4,680,536,144,297.167626,118.008578,179.159048,0.21176470588235294,0.6028888490026838,0.74,0.03,0.0,0,V-2023.12-SP4,693,549,144,314.65,134.62,180.03,413.6832,0.7606,0.2077922077922078,0.5721595423486414,0.34,0.47,0.0,0,V-2023.12-SP3,V-2023.12-SP4,1.127,0.2772,0.25789999999999996,1.6620000000000001,1.4042,1.4042,0.8793,0.14400000000000002,0.2569,1.28,0.13620000000000002,0.01592,0.0007722,0.1529,0.1114,0.1172,0.0002073,0.2288,0.0,0.0,0.0,0.0,0.0,0.0,0.0,0.0,0.0,0.0,0.0,0.0,0.0,0.0,0.0,0.0,unvectored,none,2,2026-07-26T15:51:27+00:00
intadd_48_48_48_3_20nm_TT_0V9_25C_500MHz,intadd,a_width=48;b_width=48;out_width=48;pipeline_stages=3,20nm,TT,0.9,25.0,2.0,500.0,48,48,48,3,V-2023.12-SP4,743,526,217,665.068796,206.764799,458.303998,0.2920592193808883,0.6891076543606174,1.76,0.0,0.0,0,V-2023.12-SP4,760,543,217,695.48,237.18,458.3,934.9824,0.7438,0.2855263157894737,0.658969344912866,0.86,0.9,0.0,0,V-2023.12-SP3,V-2023.12-SP4,1.183,0.2069,0.2069,1.596,1.3899000000000001,2.7798000000000003,0.7903,0.07958,0.2062,1.0759999999999998,0.2659,0.033229999999999996,0.00039610000000000003,0.2995,0.1266,0.09404,0.0002993,0.2209,0.0,0.0,0.0,0.0,0.0,0.0,0.0,0.0,0.0,0.0,0.0,0.0,0.0,0.0,0.0,0.0,vectored,random,2,2026-07-26T15:51:29+00:00
intadd_48_48_48_5_20nm_TT_0V9_25C_1000MHz,intadd,a_width=48;b_width=48;out_width=48;pipeline_stages=5,20nm,TT,0.9,25.0,1.0,1000.0,48,48,48,5,V-2023.12-SP4,1083,720,363,1049.135994,282.479998,766.655996,0.33518005540166207,0.7307498745486755,0.67,0.1,0.0,0,V-2023.12-SP4,1105,742,363,1080.71,314.05,766.66,1485.1584,0.7277,0.32850678733031674,0.7094040029240036,0.36,0.41,0.0,0,V-2023.12-SP3,V-2023.12-SP4,3.533,0.5744,0.15569999999999998,4.264,4.1074,4.1074,2.311,0.2374,0.1547,2.7030000000000003,0.8762000000000001,0.09651,0.0006641,0.9732999999999999,0.34600000000000003,0.2405,0.0004203,0.5869,0.0,0.0,0.0,0.0,0.0,0.0,0.0,0.0,0.0,0.0,0.0,0.0,0.0,0.0,0.0,0.0,vectored,random,2,2026-07-26T15:51:31+00:00
intadd_48_48_48_2_16nm_TT_0V85_25C_1000MHz,intadd,a_width=48;b_width=48;out_width=48;pipeline_stages=2,16nm,TT,0.85,25.0,1.0,1000.0,48,48,48,2,V-2023.12-SP4,680,536,144,297.167626,118.008578,179.159048,0.21176470588235294,0.6028888490026838,0.74,0.03,0.0,0,V-2023.12-SP4,693,549,144,314.65,134.62,180.03,413.6832,0.7606,0.2077922077922078,0.5721595423486414,0.34,0.47,0.0,0,V-2023.12-SP3,V-2023.12-SP4,1.374,0.3722,0.2578,2.004,1.7462,1.7462,0.8806,0.14400000000000002,0.2569,1.282,0.2992,0.039709999999999995,0.0006265,0.3396,0.19469999999999998,0.1885,0.00022,0.3834,0.0,0.0,0.0,0.0,0.0,0.0,0.0,0.0,0.0,0.0,0.0,0.0,0.0,0.0,0.0,0.0,vectored,random,2,2026-07-26T15:51:33+00:00
intadd_96_96_96_2_7nm_TT_0V75_25C_800MHz,intadd,a_width=96;b_width=96;out_width=96;pipeline_stages=2,7nm,TT,0.75,25.0,1.25,800.0,96,96,96,2,V-2023.12-SP4,1328,1040,288,152.667651,59.770368,92.897284,0.21686746987951808,0.6084935701277018,1.03,0.0,0.0,0,V-2023.12-SP4,1349,1061,288,154.3,61.4,92.9,215.1475,0.7172,0.2134914751667902,0.6020738820479585,0.45,0.62,0.0,0,V-2023.12-SP3,V-2023.12-SP4,0.8954,0.2825,0.001032,1.1789999999999998,1.1779,1.472375,0.6684,0.1317,1.061e-05,0.8001,0.126,0.01889,0.000737,0.14559999999999998,0.101,0.13190000000000002,0.0002847,0.2332,0.0,0.0,0.0,0.0,0.0,0.0,0.0,0.0,0.0,0.0,0.0,0.0,0.0,0.0,0.0,0.0,unvectored,none,2,2026-07-26T15:51:49+00:00
intadd_64_64_72_2_10nm_TT_0V8_25C_800MHz,intadd,a_width=64;b_width=64;out_width=72;pipeline_stages=2,10nm,TT,0.8,25.0,1.25,800.0,64,64,72,2,V-2023.12-SP4,869,676,193,193.136645,74.557439,118.579206,0.22209436133486765,0.6139653404458797,0.94,0.1,0.0,0,V-2023.12-SP4,887,694,193,202.14,83.56,118.58,273.4387,0.7392,0.21758737316798196,0.5866231324824379,0.44,0.65,0.0,0,V-2023.12-SP3,V-2023.12-SP4,0.9377,0.23450000000000001,0.0005899999999999999,1.173,1.1722,1.46525,0.7413,0.1209,6.225000000000001e-05,0.8622000000000001,0.1071,0.014610000000000001,0.00028280000000000004,0.122,0.08937,0.09901,0.000245,0.1886,0.0,0.0,0.0,0.0,0.0,0.0,0.0,0.0,0.0,0.0,0.0,0.0,0.0,0.0,0.0,0.0,unvectored,none,2,2026-07-26T15:51:55+00:00
intadd_96_96_96_2_7nm_TT_0V75_25C_800MHz,intadd,a_width=96;b_width=96;out_width=96;pipeline_stages=2,7nm,TT,0.75,25.0,1.25,800.0,96,96,96,2,V-2023.12-SP4,1328,1040,288,152.667651,59.770368,92.897284,0.21686746987951808,0.6084935701277018,1.03,0.0,0.0,0,V-2023.12-SP4,1349,1061,288,154.3,61.4,92.9,215.1475,0.7172,0.2134914751667902,0.6020738820479585,0.45,0.62,0.0,0,V-2023.12-SP3,V-2023.12-SP4,1.1360000000000001,0.3993,0.001186,1.536,1.5353,1.9191250000000002,0.6681,0.1317,1.062e-05,0.7997,0.28219999999999995,0.04727,0.0008843999999999999,0.3304,0.1855,0.22039999999999998,0.0002906,0.4061,0.0,0.0,0.0,0.0,0.0,0.0,0.0,0.0,0.0,0.0,0.0,0.0,0.0,0.0,0.0,0.0,vectored,random,2,2026-07-26T15:51:56+00:00
intadd_64_64_72_3_10nm_TT_0V8_25C_1333p33MHz,intadd,a_width=64;b_width=64;out_width=72;pipeline_stages=3,10nm,TT,0.8,25.0,0.75,1333.3333333333333,64,64,72,3,V-2023.12-SP4,1066,780,286,262.993927,87.275519,175.718408,0.2682926829268293,0.6681462572327764,0.49,0.04,0.0,0,V-2023.12-SP4,1074,788,286,266.9,91.18,175.72,371.712,0.718,0.26629422718808193,0.6583739228175347,0.2,0.36,0.0,0,V-2023.12-SP3,V-2023.12-SP4,1.885,0.5226000000000001,0.0007375,2.408,2.4076,1.8056999999999999,1.442,0.29369999999999996,1.933e-05,1.736,0.25549999999999995,0.0317,0.0004191,0.2876,0.1871,0.1972,0.000299,0.3845,0.0,0.0,0.0,0.0,0.0,0.0,0.0,0.0,0.0,0.0,0.0,0.0,0.0,0.0,0.0,0.0,unvectored,none,2,2026-07-26T15:51:58+00:00
intadd_64_64_64_5_10nm_TT_0V8_25C_1333p33MHz,intadd,a_width=64;b_width=64;out_width=64;pipeline_stages=5,10nm,TT,0.8,25.0,0.75,1333.3333333333333,64,64,64,5,V-2023.12-SP4,1375,892,483,400.496653,103.741438,296.755214,0.3512727272727273,0.7409680250186761,0.52,0.02,0.0,0,V-2023.12-SP4,1419,936,483,409.99,113.23,296.76,567.5827,0.7223,0.3403805496828753,0.7238225322568843,0.2,0.37,0.0,0,V-2023.12-SP3,V-2023.12-SP4,3.1510000000000002,0.7586999999999999,0.001137,3.9110000000000005,3.9097,2.9322749999999997,2.491,0.4802,4.609e-05,2.972,0.4185,0.04952,0.0007078000000000001,0.4687,0.2411,0.22890000000000002,0.000383,0.4704,0.0,0.0,0.0,0.0,0.0,0.0,0.0,0.0,0.0,0.0,0.0,0.0,0.0,0.0,0.0,0.0,unvectored,none,2,2026-07-26T15:51:58+00:00
intadd_64_64_72_2_10nm_TT_0V8_25C_800MHz,intadd,a_width=64;b_width=64;out_width=72;pipeline_stages=2,10nm,TT,0.8,25.0,1.25,800.0,64,64,72,2,V-2023.12-SP4,869,676,193,193.136645,74.557439,118.579206,0.22209436133486765,0.6139653404458797,0.94,0.1,0.0,0,V-2023.12-SP4,887,694,193,202.14,83.56,118.58,273.4387,0.7392,0.21758737316798196,0.5866231324824379,0.44,0.65,0.0,0,V-2023.12-SP3,V-2023.12-SP4,1.1199999999999999,0.3121,0.0006236999999999999,1.433,1.4321,1.790125,0.7409,0.1209,6.228e-05,0.8618,0.2349,0.036480000000000005,0.00030629999999999996,0.2717,0.1441,0.1548,0.0002551,0.29910000000000003,0.0,0.0,0.0,0.0,0.0,0.0,0.0,0.0,0.0,0.0,0.0,0.0,0.0,0.0,0.0,0.0,vectored,random,2,2026-07-26T15:52:02+00:00
intadd_64_64_72_3_10nm_TT_0V8_25C_1333p33MHz,intadd,a_width=64;b_width=64;out_width=72;pipeline_stages=3,10nm,TT,0.8,25.0,0.75,1333.3333333333333,64,64,72,3,V-2023.12-SP4,1066,780,286,262.993927,87.275519,175.718408,0.2682926829268293,0.6681462572327764,0.49,0.04,0.0,0,V-2023.12-SP4,1074,788,286,266.9,91.18,175.72,371.712,0.718,0.26629422718808193,0.6583739228175347,0.2,0.36,0.0,0,V-2023.12-SP3,V-2023.12-SP4,2.311,0.6622,0.0007817,2.974,2.9732,2.2298999999999998,1.441,0.29369999999999996,1.941e-05,1.735,0.5674,0.07923,0.0004492,0.647,0.3024,0.2893,0.0003131,0.5919,0.0,0.0,0.0,0.0,0.0,0.0,0.0,0.0,0.0,0.0,0.0,0.0,0.0,0.0,0.0,0.0,vectored,random,2,2026-07-26T15:52:04+00:00
intadd_64_64_64_5_10nm_TT_0V8_25C_1333p33MHz,intadd,a_width=64;b_width=64;out_width=64;pipeline_stages=5,10nm,TT,0.8,25.0,0.75,1333.3333333333333,64,64,64,5,V-2023.12-SP4,1375,892,483,400.496653,103.741438,296.755214,0.3512727272727273,0.7409680250186761,0.52,0.02,0.0,0,V-2023.12-SP4,1419,936,483,409.99,113.23,296.76,567.5827,0.7223,0.3403805496828753,0.7238225322568843,0.2,0.37,0.0,0,V-2023.12-SP3,V-2023.12-SP4,3.798,0.8857999999999999,0.001219,4.685,4.6838,3.51285,2.49,0.4802,4.612e-05,2.97,0.9385,0.1237,0.0007671,1.063,0.3698,0.2818,0.0004061,0.652,0.0,0.0,0.0,0.0,0.0,0.0,0.0,0.0,0.0,0.0,0.0,0.0,0.0,0.0,0.0,0.0,vectored,random,2,2026-07-26T15:52:05+00:00
intadd_48_48_48_3_16nm_TT_0V85_25C_666p667MHz,intadd,a_width=48;b_width=48;out_width=48;pipeline_stages=3,16nm,TT,0.85,25.0,1.5,666.6666666666666,48,48,48,3,V-2023.12-SP4,739,522,217,390.915086,120.932354,269.982732,0.2936400541271989,0.6906429085727329,1.26,0.01,0.0,0,V-2023.12-SP4,754,537,217,410.14,130.33,279.81,556.0151,0.7376,0.28779840848806365,0.682230457892427,0.59,0.67,0.0,0,V-2023.12-SP3,V-2023.12-SP4,0.9886999999999999,0.1712,0.06529,1.2249999999999999,1.1599,1.73985,0.7598,0.07897,0.06423999999999999,0.903,0.14400000000000002,0.01511,0.0008272,0.15990000000000001,0.08496,0.07712,0.00022569999999999998,0.1623,0.0,0.0,0.0,0.0,0.0,0.0,0.0,0.0,0.0,0.0,0.0,0.0,0.0,0.0,0.0,0.0,unvectored,none,2,2026-07-26T15:53:39+00:00
intadd_48_48_56_2_20nm_TT_0V9_25C_800MHz,intadd,a_width=48;b_width=48;out_width=56;pipeline_stages=2,20nm,TT,0.9,25.0,1.25,800.0,48,48,56,2,V-2023.12-SP4,706,561,145,513.427197,207.187199,306.239998,0.20538243626062322,0.5964623607580337,0.96,0.05,0.0,0,V-2023.12-SP4,711,566,145,519.13,212.89,306.24,714.384,0.7267,0.2039381153305204,0.589910041800705,0.49,0.52,0.0,0,V-2023.12-SP3,V-2023.12-SP4,0.9422,0.16449999999999998,0.00048550000000000004,1.107,1.1067,1.383375,0.7002999999999999,0.03828,8.119999999999998e-06,0.7385999999999999,0.1328,0.01544,0.0002197,0.1484,0.1091,0.11069999999999999,0.0002577,0.22010000000000002,0.0,0.0,0.0,0.0,0.0,0.0,0.0,0.0,0.0,0.0,0.0,0.0,0.0,0.0,0.0,0.0,unvectored,none,2,2026-07-26T15:53:41+00:00
intadd_48_48_48_3_16nm_TT_0V85_25C_666p667MHz,intadd,a_width=48;b_width=48;out_width=48;pipeline_stages=3,16nm,TT,0.85,25.0,1.5,666.6666666666666,48,48,48,3,V-2023.12-SP4,739,522,217,390.915086,120.932354,269.982732,0.2936400541271989,0.6906429085727329,1.26,0.01,0.0,0,V-2023.12-SP4,754,537,217,410.14,130.33,279.81,556.0151,0.7376,0.28779840848806365,0.682230457892427,0.59,0.67,0.0,0,V-2023.12-SP3,V-2023.12-SP4,1.222,0.22469999999999998,0.06520999999999999,1.512,1.4466999999999999,2.17005,0.7607999999999999,0.07897,0.06423999999999999,0.9039999999999999,0.3219,0.03769,0.0007275000000000001,0.36029999999999995,0.1389,0.108,0.0002445,0.2472,0.0,0.0,0.0,0.0,0.0,0.0,0.0,0.0,0.0,0.0,0.0,0.0,0.0,0.0,0.0,0.0,vectored,random,2,2026-07-26T15:53:47+00:00
intadd_48_48_56_2_20nm_TT_0V9_25C_800MHz,intadd,a_width=48;b_width=48;out_width=56;pipeline_stages=2,20nm,TT,0.9,25.0,1.25,800.0,48,48,56,2,V-2023.12-SP4,706,561,145,513.427197,207.187199,306.239998,0.20538243626062322,0.5964623607580337,0.96,0.05,0.0,0,V-2023.12-SP4,711,566,145,519.13,212.89,306.24,714.384,0.7267,0.2039381153305204,0.589910041800705,0.49,0.52,0.0,0,V-2023.12-SP3,V-2023.12-SP4,1.184,0.2523,0.0005463999999999999,1.436,1.4363,1.795375,0.7014,0.03828,8.119999999999998e-06,0.7397,0.2926,0.03854,0.00026409999999999997,0.3314,0.1897,0.17550000000000002,0.0002742,0.3654,0.0,0.0,0.0,0.0,0.0,0.0,0.0,0.0,0.0,0.0,0.0,0.0,0.0,0.0,0.0,0.0,vectored,random,2,2026-07-26T15:53:48+00:00
intadd_96_96_104_5_5nm_TT_0V7_25C_800MHz,intadd,a_width=96;b_width=96;out_width=104;pipeline_stages=5,5nm,TT,0.7,25.0,1.25,800.0,96,96,104,5,V-2023.12-SP4,1550,831,719,169.965598,49.173599,120.791998,0.4638709677419355,0.7106849822632931,1.01,0.03,0.0,0,V-2023.12-SP4,1627,908,719,174.39,53.6,120.79,240.3408,0.7256,0.4419176398279041,0.6926429267733243,0.44,0.67,0.0,0,V-2023.12-SP3,V-2023.12-SP4,2.056,0.524,0.001769,2.5820000000000003,2.58,3.225,1.6119999999999999,0.3389,6.704e-05,1.951,0.2726,0.04718,0.0013239999999999999,0.3211,0.1718,0.1379,0.0003785,0.3101,0.0,0.0,0.0,0.0,0.0,0.0,0.0,0.0,0.0,0.0,0.0,0.0,0.0,0.0,0.0,0.0,unvectored,none,2,2026-07-26T15:53:51+00:00
intadd_96_96_104_3_5nm_TT_0V7_25C_800MHz,intadd,a_width=96;b_width=96;out_width=104;pipeline_stages=3,5nm,TT,0.7,25.0,1.25,800.0,96,96,104,3,V-2023.12-SP4,1505,1075,430,109.703999,37.464,72.239999,0.2857142857142857,0.6584992311902869,0.97,0.06,0.0,0,V-2023.12-SP4,1537,1107,430,112.59,40.35,72.24,155.4,0.7245,0.2797657774886142,0.6416200373034905,0.44,0.67,0.0,0,V-2023.12-SP3,V-2023.12-SP4,1.268,0.36450000000000005,0.001159,1.6340000000000001,1.6325,2.040625,0.982,0.20359999999999998,4.9840000000000004e-05,1.186,0.1681,0.02592,0.0007917,0.1948,0.1178,0.1351,0.0003171,0.2532,0.0,0.0,0.0,0.0,0.0,0.0,0.0,0.0,0.0,0.0,0.0,0.0,0.0,0.0,0.0,0.0,unvectored,none,2,2026-07-26T15:53:51+00:00
intadd_96_96_104_5_5nm_TT_0V7_25C_800MHz,intadd,a_width=96;b_width=96;out_width=104;pipeline_stages=5,5nm,TT,0.7,25.0,1.25,800.0,96,96,104,5,V-2023.12-SP4,1550,831,719,169.965598,49.173599,120.791998,0.4638709677419355,0.7106849822632931,1.01,0.03,0.0,0,V-2023.12-SP4,1627,908,719,174.39,53.6,120.79,240.3408,0.7256,0.4419176398279041,0.6926429267733243,0.44,0.67,0.0,0,V-2023.12-SP3,V-2023.12-SP4,2.516,0.6076,0.001668,3.125,3.1236,3.9045,1.621,0.3389,6.706000000000001e-05,1.9589999999999999,0.6113,0.118,0.001194,0.7303999999999999,0.2838,0.15080000000000002,0.0004073,0.435,0.0,0.0,0.0,0.0,0.0,0.0,0.0,0.0,0.0,0.0,0.0,0.0,0.0,0.0,0.0,0.0,vectored,random,2,2026-07-26T15:53:58+00:00
intadd_48_48_56_3_20nm_TT_0V9_25C_800MHz,intadd,a_width=48;b_width=48;out_width=56;pipeline_stages=3,20nm,TT,0.9,25.0,1.25,800.0,48,48,56,3,V-2023.12-SP4,807,593,214,678.057596,226.089599,451.967998,0.265179677819083,0.6665628416616102,0.93,0.08,0.0,0,V-2023.12-SP4,818,604,214,701.29,249.32,451.97,943.008,0.7437,0.2616136919315403,0.6444837371130346,0.49,0.52,0.0,0,V-2023.12-SP3,V-2023.12-SP4,1.435,0.2519,0.1553,1.842,1.6869,2.108625,1.118,0.1104,0.1546,1.383,0.1898,0.020999999999999998,0.0003245,0.2111,0.1273,0.1205,0.0002917,0.248,0.0,0.0,0.0,0.0,0.0,0.0,0.0,0.0,0.0,0.0,0.0,0.0,0.0,0.0,0.0,0.0,unvectored,none,2,2026-07-26T15:53:58+00:00
intadd_96_96_104_3_5nm_TT_0V7_25C_800MHz,intadd,a_width=96;b_width=96;out_width=104;pipeline_stages=3,5nm,TT,0.7,25.0,1.25,800.0,96,96,104,3,V-2023.12-SP4,1505,1075,430,109.703999,37.464,72.239999,0.2857142857142857,0.6584992311902869,0.97,0.06,0.0,0,V-2023.12-SP4,1537,1107,430,112.59,40.35,72.24,155.4,0.7245,0.2797657774886142,0.6416200373034905,0.44,0.67,0.0,0,V-2023.12-SP3,V-2023.12-SP4,1.57,0.472,0.001099,2.043,2.042,2.5524999999999998,0.9873,0.20359999999999998,4.982e-05,1.191,0.37520000000000003,0.06484,0.0007144,0.44079999999999997,0.2076,0.20359999999999998,0.0003344,0.41159999999999997,0.0,0.0,0.0,0.0,0.0,0.0,0.0,0.0,0.0,0.0,0.0,0.0,0.0,0.0,0.0,0.0,vectored,random,2,2026-07-26T15:53:59+00:00
intadd_48_48_48_5_16nm_TT_0V85_25C_1000MHz,intadd,a_width=48;b_width=48;out_width=48;pipeline_stages=5,16nm,TT,0.85,25.0,1.0,1000.0,48,48,48,5,V-2023.12-SP4,1031,668,363,608.829719,157.199618,451.6301,0.35208535402521823,0.7418003522262356,0.77,0.0,0.0,0,V-2023.12-SP4,1089,726,363,666.0,195.58,470.42,866.122,0.7689,0.3333333333333333,0.7063363363363364,0.34,0.49,0.0,0,V-2023.12-SP3,V-2023.12-SP4,2.731,0.5640000000000001,0.2586,3.554,3.295,3.295,2.197,0.3742,0.257,2.828,0.3573,0.03527,0.00129,0.3939,0.17679999999999998,0.1545,0.00030050000000000004,0.3316,0.0,0.0,0.0,0.0,0.0,0.0,0.0,0.0,0.0,0.0,0.0,0.0,0.0,0.0,0.0,0.0,unvectored,none,2,2026-07-26T15:54:05+00:00
intadd_48_48_56_3_20nm_TT_0V9_25C_800MHz,intadd,a_width=48;b_width=48;out_width=56;pipeline_stages=3,20nm,TT,0.9,25.0,1.25,800.0,48,48,56,3,V-2023.12-SP4,807,593,214,678.057596,226.089599,451.967998,0.265179677819083,0.6665628416616102,0.93,0.08,0.0,0,V-2023.12-SP4,818,604,214,701.29,249.32,451.97,943.008,0.7437,0.2616136919315403,0.6444837371130346,0.49,0.52,0.0,0,V-2023.12-SP3,V-2023.12-SP4,1.76,0.3404,0.1553,2.2560000000000002,2.1004,2.6255,1.119,0.1104,0.1546,1.3840000000000001,0.42319999999999997,0.0524,0.0003905,0.47600000000000003,0.2172,0.1776,0.0003157,0.3952,0.0,0.0,0.0,0.0,0.0,0.0,0.0,0.0,0.0,0.0,0.0,0.0,0.0,0.0,0.0,0.0,vectored,random,2,2026-07-26T15:54:05+00:00
intadd_48_48_56_5_16nm_TT_0V85_25C_1000MHz,intadd,a_width=48;b_width=48;out_width=56;pipeline_stages=5,16nm,TT,0.85,25.0,1.0,1000.0,48,48,56,5,V-2023.12-SP4,1023,671,352,594.895126,156.950786,437.94434,0.34408602150537637,0.7361706641382031,0.7,0.07,0.0,0,V-2023.12-SP4,1060,708,352,640.18,186.56,453.62,836.6976,0.7651,0.3320754716981132,0.7085819613233779,0.34,0.51,0.0,0,V-2023.12-SP3,V-2023.12-SP4,2.564,0.49490000000000006,0.3228,3.382,3.0589,3.0589,2.0509999999999997,0.3076,0.3212,2.679,0.3416,0.03424,0.001351,0.3772,0.1716,0.153,0.0002968,0.325,0.0,0.0,0.0,0.0,0.0,0.0,0.0,0.0,0.0,0.0,0.0,0.0,0.0,0.0,0.0,0.0,unvectored,none,2,2026-07-26T15:54:11+00:00
intadd_48_48_56_5_20nm_TT_0V9_25C_1000MHz,intadd,a_width=48;b_width=48;out_width=56;pipeline_stages=5,20nm,TT,0.9,25.0,1.0,1000.0,48,48,56,5,V-2023.12-SP4,1062,710,352,1021.046394,277.622398,743.423996,0.3314500941619586,0.7281001141266457,0.76,0.01,0.0,0,V-2023.12-SP4,1087,735,352,1060.01,316.59,743.42,1434.3648,0.739,0.32382704691812325,0.7013330062923935,0.36,0.41,0.0,0,V-2023.12-SP3,V-2023.12-SP4,2.9,0.4872,0.1556,3.543,3.3872,3.3872,2.314,0.2633,0.1547,2.732,0.37970000000000004,0.0386,0.0005338,0.4189,0.20670000000000002,0.1852,0.0003704,0.3923,0.0,0.0,0.0,0.0,0.0,0.0,0.0,0.0,0.0,0.0,0.0,0.0,0.0,0.0,0.0,0.0,unvectored,none,2,2026-07-26T15:54:11+00:00
intadd_48_48_48_5_16nm_TT_0V85_25C_1000MHz,intadd,a_width=48;b_width=48;out_width=48;pipeline_stages=5,16nm,TT,0.85,25.0,1.0,1000.0,48,48,48,5,V-2023.12-SP4,1031,668,363,608.829719,157.199618,451.6301,0.35208535402521823,0.7418003522262356,0.77,0.0,0.0,0,V-2023.12-SP4,1089,726,363,666.0,195.58,470.42,866.122,0.7689,0.3333333333333333,0.7063363363363364,0.34,0.49,0.0,0,V-2023.12-SP3,V-2023.12-SP4,3.281,0.6468999999999999,0.2584,4.186999999999999,3.9279,3.9279,2.2,0.3742,0.2569,2.8310000000000004,0.8066,0.08796000000000001,0.001157,0.8957999999999999,0.275,0.1847,0.0003322,0.4601,0.0,0.0,0.0,0.0,0.0,0.0,0.0,0.0,0.0,0.0,0.0,0.0,0.0,0.0,0.0,0.0,vectored,random,2,2026-07-26T15:54:11+00:00
intadd_48_48_56_5_16nm_TT_0V85_25C_1000MHz,intadd,a_width=48;b_width=48;out_width=56;pipeline_stages=5,16nm,TT,0.85,25.0,1.0,1000.0,48,48,56,5,V-2023.12-SP4,1023,671,352,594.895126,156.950786,437.94434,0.34408602150537637,0.7361706641382031,0.7,0.07,0.0,0,V-2023.12-SP4,1060,708,352,640.18,186.56,453.62,836.6976,0.7651,0.3320754716981132,0.7085819613233779,0.34,0.51,0.0,0,V-2023.12-SP3,V-2023.12-SP4,3.099,0.5791000000000001,0.3227,4.001,3.6781,3.6781,2.053,0.3076,0.3212,2.682,0.7725,0.08547,0.001181,0.8591,0.2737,0.186,0.0003279,0.4601,0.0,0.0,0.0,0.0,0.0,0.0,0.0,0.0,0.0,0.0,0.0,0.0,0.0,0.0,0.0,0.0,vectored,random,2,2026-07-26T15:54:17+00:00
intadd_48_48_56_5_20nm_TT_0V9_25C_1000MHz,intadd,a_width=48;b_width=48;out_width=56;pipeline_stages=5,20nm,TT,0.9,25.0,1.0,1000.0,48,48,56,5,V-2023.12-SP4,1062,710,352,1021.046394,277.622398,743.423996,0.3314500941619586,0.7281001141266457,0.76,0.01,0.0,0,V-2023.12-SP4,1087,735,352,1060.01,316.59,743.42,1434.3648,0.739,0.32382704691812325,0.7013330062923935,0.36,0.41,0.0,0,V-2023.12-SP3,V-2023.12-SP4,3.5,0.592,0.15569999999999998,4.248,4.092,4.092,2.316,0.2633,0.1547,2.734,0.8494,0.09634000000000001,0.0006435,0.9464,0.3346,0.2323,0.0004104,0.5672999999999999,0.0,0.0,0.0,0.0,0.0,0.0,0.0,0.0,0.0,0.0,0.0,0.0,0.0,0.0,0.0,0.0,vectored,random,2,2026-07-26T15:54:17+00:00
intadd_128_128_128_2_5nm_TT_0V7_25C_800MHz,intadd,a_width=128;b_width=128;out_width=128;pipeline_stages=2,5nm,TT,0.7,25.0,1.25,800.0,128,128,128,2,V-2023.12-SP4,1794,1410,384,110.056799,45.544799,64.511999,0.2140468227424749,0.5861700466138399,1.0,0.04,0.0,0,V-2023.12-SP4,1821,1437,384,111.66,47.15,64.51,155.4,0.7185,0.21087314662273476,0.577735984237865,0.44,0.66,0.0,0,V-2023.12-SP3,V-2023.12-SP4,1.125,0.3709,0.001107,1.497,1.4959,1.869875,0.8311,0.1694,2.395e-05,1.001,0.156,0.026959999999999998,0.0007067000000000001,0.18359999999999999,0.1383,0.17459999999999998,0.0003762,0.3133,0.0,0.0,0.0,0.0,0.0,0.0,0.0,0.0,0.0,0.0,0.0,0.0,0.0,0.0,0.0,0.0,unvectored,none,2,2026-07-26T15:54:27+00:00
intadd_96_96_96_3_7nm_TT_0V75_25C_1333p33MHz,intadd,a_width=96;b_width=96;out_width=96;pipeline_stages=3,7nm,TT,0.75,25.0,0.75,1333.3333333333333,96,96,96,3,V-2023.12-SP4,1614,1181,433,208.809221,69.140735,139.668485,0.26827757125154894,0.6688808297407517,0.51,0.02,0.0,0,V-2023.12-SP4,1650,1217,433,215.78,76.11,139.67,295.0134,0.7314,0.26242424242424245,0.6472796366669755,0.2,0.36,0.0,0,V-2023.12-SP3,V-2023.12-SP4,2.341,0.7017,0.001516,3.044,3.0427,2.282025,1.83,0.40719999999999995,6.432e-05,2.238,0.3045,0.04113,0.001108,0.34680000000000005,0.206,0.25339999999999996,0.0003435,0.4597,0.0,0.0,0.0,0.0,0.0,0.0,0.0,0.0,0.0,0.0,0.0,0.0,0.0,0.0,0.0,0.0,unvectored,none,2,2026-07-26T15:54:32+00:00
intadd_128_128_128_2_5nm_TT_0V7_25C_800MHz,intadd,a_width=128;b_width=128;out_width=128;pipeline_stages=2,5nm,TT,0.7,25.0,1.25,800.0,128,128,128,2,V-2023.12-SP4,1794,1410,384,110.056799,45.544799,64.511999,0.2140468227424749,0.5861700466138399,1.0,0.04,0.0,0,V-2023.12-SP4,1821,1437,384,111.66,47.15,64.51,155.4,0.7185,0.21087314662273476,0.577735984237865,0.44,0.66,0.0,0,V-2023.12-SP3,V-2023.12-SP4,1.438,0.5337999999999999,0.001053,1.9729999999999999,1.9718,2.46475,0.8358,0.1694,2.394e-05,1.0050000000000001,0.34680000000000005,0.06726,0.0006373,0.4147,0.2556,0.29710000000000003,0.0003917,0.5530999999999999,0.0,0.0,0.0,0.0,0.0,0.0,0.0,0.0,0.0,0.0,0.0,0.0,0.0,0.0,0.0,0.0,vectored,random,2,2026-07-26T15:54:34+00:00
intadd_64_64_72_3_10nm_TT_0V8_25C_800MHz,intadd,a_width=64;b_width=64;out_width=72;pipeline_stages=3,10nm,TT,0.8,25.0,1.25,800.0,64,64,72,3,V-2023.12-SP4,969,683,286,254.115847,78.397439,175.718408,0.2951496388028896,0.6914893741357264,1.0,0.03,0.0,0,V-2023.12-SP4,993,707,286,259.74,84.02,175.72,358.2566,0.725,0.2880161127895267,0.6765226765226765,0.45,0.63,0.0,0,V-2023.12-SP3,V-2023.12-SP4,1.17,0.3008,0.0007249,1.471,1.4707999999999999,1.8384999999999998,0.9132,0.17809999999999998,3.128e-05,1.091,0.1531,0.01983,0.000419,0.17340000000000003,0.1033,0.1028,0.0002746,0.2064,0.0,0.0,0.0,0.0,0.0,0.0,0.0,0.0,0.0,0.0,0.0,0.0,0.0,0.0,0.0,0.0,unvectored,none,2,2026-07-26T15:54:38+00:00
intadd_96_96_96_3_7nm_TT_0V75_25C_1333p33MHz,intadd,a_width=96;b_width=96;out_width=96;pipeline_stages=3,7nm,TT,0.75,25.0,0.75,1333.3333333333333,96,96,96,3,V-2023.12-SP4,1614,1181,433,208.809221,69.140735,139.668485,0.26827757125154894,0.6688808297407517,0.51,0.02,0.0,0,V-2023.12-SP4,1650,1217,433,215.78,76.11,139.67,295.0134,0.7314,0.26242424242424245,0.6472796366669755,0.2,0.36,0.0,0,V-2023.12-SP3,V-2023.12-SP4,2.876,0.8985,0.001748,3.777,3.7744999999999997,2.830875,1.83,0.40719999999999995,6.432e-05,2.2369999999999997,0.684,0.10289999999999999,0.0013319999999999999,0.7882,0.3629,0.3885,0.00035180000000000004,0.7517,0.0,0.0,0.0,0.0,0.0,0.0,0.0,0.0,0.0,0.0,0.0,0.0,0.0,0.0,0.0,0.0,vectored,random,2,2026-07-26T15:54:39+00:00
intadd_64_64_72_3_10nm_TT_0V8_25C_800MHz,intadd,a_width=64;b_width=64;out_width=72;pipeline_stages=3,10nm,TT,0.8,25.0,1.25,800.0,64,64,72,3,V-2023.12-SP4,969,683,286,254.115847,78.397439,175.718408,0.2951496388028896,0.6914893741357264,1.0,0.03,0.0,0,V-2023.12-SP4,993,707,286,259.74,84.02,175.72,358.2566,0.725,0.2880161127895267,0.6765226765226765,0.45,0.63,0.0,0,V-2023.12-SP3,V-2023.12-SP4,1.4189999999999998,0.3748,0.0007739,1.795,1.7937999999999998,2.24225,0.9126,0.17809999999999998,3.1310000000000003e-05,1.091,0.3414,0.049530000000000005,0.00045349999999999996,0.3914,0.1652,0.1471,0.00028920000000000004,0.31270000000000003,0.0,0.0,0.0,0.0,0.0,0.0,0.0,0.0,0.0,0.0,0.0,0.0,0.0,0.0,0.0,0.0,vectored,random,2,2026-07-26T15:54:44+00:00
intadd_64_64_72_5_10nm_TT_0V8_25C_1333p33MHz,intadd,a_width=64;b_width=64;out_width=72;pipeline_stages=5,10nm,TT,0.8,25.0,0.75,1333.3333333333333,64,64,72,5,V-2023.12-SP4,1376,904,472,394.352652,104.355839,289.996814,0.3430232558139535,0.7353743217631512,0.5,0.03,0.0,0,V-2023.12-SP4,1407,935,472,401.79,111.79,290.0,554.6803,0.7244,0.3354655294953802,0.7217700788969362,0.2,0.34,0.0,0,V-2023.12-SP3,V-2023.12-SP4,3.0260000000000002,0.6414,0.0011090000000000002,3.6679999999999997,3.6674,2.75055,2.379,0.3642,3.778e-05,2.7430000000000003,0.4091,0.04879,0.0006916,0.45849999999999996,0.23829999999999998,0.2285,0.00037949999999999995,0.4671,0.0,0.0,0.0,0.0,0.0,0.0,0.0,0.0,0.0,0.0,0.0,0.0,0.0,0.0,0.0,0.0,unvectored,none,2,2026-07-26T15:54:47+00:00
intadd_64_64_72_5_10nm_TT_0V8_25C_800MHz,intadd,a_width=64;b_width=64;out_width=72;pipeline_stages=5,10nm,TT,0.8,25.0,1.25,800.0,64,64,72,5,V-2023.12-SP4,1038,559,479,401.018894,106.72128,294.297614,0.4614643545279383,0.7338746837200145,0.99,0.04,0.0,0,V-2023.12-SP4,1118,639,479,418.07,123.77,294.3,569.4874,0.7341,0.4284436493738819,0.7039490994331093,0.45,0.66,0.0,0,V-2023.12-SP3,V-2023.12-SP4,2.024,0.4864,0.001153,2.512,2.5104,3.1380000000000003,1.613,0.3296,0.0001073,1.943,0.2496,0.04001,0.0007018,0.2903,0.1618,0.1168,0.0003437,0.2789,0.0,0.0,0.0,0.0,0.0,0.0,0.0,0.0,0.0,0.0,0.0,0.0,0.0,0.0,0.0,0.0,unvectored,none,2,2026-07-26T15:54:48+00:00
intadd_64_64_72_5_10nm_TT_0V8_25C_1333p33MHz,intadd,a_width=64;b_width=64;out_width=72;pipeline_stages=5,10nm,TT,0.8,25.0,0.75,1333.3333333333333,64,64,72,5,V-2023.12-SP4,1376,904,472,394.352652,104.355839,289.996814,0.3430232558139535,0.7353743217631512,0.5,0.03,0.0,0,V-2023.12-SP4,1407,935,472,401.79,111.79,290.0,554.6803,0.7244,0.3354655294953802,0.7217700788969362,0.2,0.34,0.0,0,V-2023.12-SP3,V-2023.12-SP4,3.66,0.773,0.001186,4.433999999999999,4.433,3.32475,2.3770000000000002,0.3642,3.7800000000000004e-05,2.741,0.915,0.1219,0.0007455,1.038,0.3683,0.2869,0.0004023,0.6556,0.0,0.0,0.0,0.0,0.0,0.0,0.0,0.0,0.0,0.0,0.0,0.0,0.0,0.0,0.0,0.0,vectored,random,2,2026-07-26T15:54:53+00:00
intadd_64_64_72_5_10nm_TT_0V8_25C_800MHz,intadd,a_width=64;b_width=64;out_width=72;pipeline_stages=5,10nm,TT,0.8,25.0,1.25,800.0,64,64,72,5,V-2023.12-SP4,1038,559,479,401.018894,106.72128,294.297614,0.4614643545279383,0.7338746837200145,0.99,0.04,0.0,0,V-2023.12-SP4,1118,639,479,418.07,123.77,294.3,569.4874,0.7341,0.4284436493738819,0.7039490994331093,0.45,0.66,0.0,0,V-2023.12-SP3,V-2023.12-SP4,2.436,0.5573,0.0012300000000000002,2.9949999999999997,2.9933,3.741625,1.6119999999999999,0.3296,0.0001073,1.942,0.5601,0.09997,0.0007559,0.6608,0.2639,0.1278,0.0003669,0.392,0.0,0.0,0.0,0.0,0.0,0.0,0.0,0.0,0.0,0.0,0.0,0.0,0.0,0.0,0.0,0.0,vectored,random,2,2026-07-26T15:54:55+00:00
intadd_96_96_96_3_7nm_TT_0V75_25C_800MHz,intadd,a_width=96;b_width=96;out_width=96;pipeline_stages=3,7nm,TT,0.75,25.0,1.25,800.0,96,96,96,3,V-2023.12-SP4,1512,1079,433,203.954693,64.286207,139.668485,0.2863756613756614,0.6848015259938147,1.03,0.0,0.0,0,V-2023.12-SP4,1566,1133,433,211.81,72.14,139.67,287.4332,0.7369,0.2765006385696041,0.6594117369340446,0.44,0.62,0.0,0,V-2023.12-SP3,V-2023.12-SP4,1.4480000000000002,0.4235,0.001511,1.873,1.8715000000000002,2.3393750000000004,1.147,0.2594,7.269999999999999e-05,1.407,0.1829,0.02558,0.0011090000000000002,0.2096,0.1182,0.1385,0.0003295,0.2571,0.0,0.0,0.0,0.0,0.0,0.0,0.0,0.0,0.0,0.0,0.0,0.0,0.0,0.0,0.0,0.0,unvectored,none,2,2026-07-26T15:55:13+00:00
intadd_96_96_96_3_7nm_TT_0V75_25C_800MHz,intadd,a_width=96;b_width=96;out_width=96;pipeline_stages=3,7nm,TT,0.75,25.0,1.25,800.0,96,96,96,3,V-2023.12-SP4,1512,1079,433,203.954693,64.286207,139.668485,0.2863756613756614,0.6848015259938147,1.03,0.0,0.0,0,V-2023.12-SP4,1566,1133,433,211.81,72.14,139.67,287.4332,0.7369,0.2765006385696041,0.6594117369340446,0.44,0.62,0.0,0,V-2023.12-SP3,V-2023.12-SP4,1.767,0.5327,0.0017439999999999999,2.3019999999999996,2.2996999999999996,2.8746249999999995,1.147,0.2594,7.282999999999999e-05,1.406,0.4115,0.06399,0.0013340000000000001,0.4768,0.20909999999999998,0.20929999999999999,0.0003375,0.41869999999999996,0.0,0.0,0.0,0.0,0.0,0.0,0.0,0.0,0.0,0.0,0.0,0.0,0.0,0.0,0.0,0.0,vectored,random,2,2026-07-26T15:55:20+00:00
intadd_48_48_56_5_16nm_TT_0V85_25C_666p667MHz,intadd,a_width=48;b_width=48;out_width=56;pipeline_stages=5,16nm,TT,0.85,25.0,1.5,666.6666666666666,48,48,56,5,V-2023.12-SP4,924,565,359,610.384919,163.731459,446.65346,0.38852813852813856,0.7317570373982324,1.26,0.01,0.0,0,V-2023.12-SP4,967,608,359,644.72,180.65,464.07,866.122,0.7444,0.37125129265770423,0.7198008437771435,0.6,0.77,0.0,0,V-2023.12-SP3,V-2023.12-SP4,1.717,0.3282,0.001665,2.047,2.0452,3.0678,1.358,0.2051,5.091e-05,1.563,0.2343,0.025769999999999998,0.0013239999999999999,0.2614,0.1249,0.09726,0.0002906,0.22240000000000001,0.0,0.0,0.0,0.0,0.0,0.0,0.0,0.0,0.0,0.0,0.0,0.0,0.0,0.0,0.0,0.0,unvectored,none,2,2026-07-26T15:56:15+00:00
intadd_48_48_56_5_20nm_TT_0V9_25C_571p429MHz,intadd,a_width=48;b_width=48;out_width=56;pipeline_stages=5,20nm,TT,0.9,25.0,1.75,571.4285714285714,48,48,56,5,V-2023.12-SP4,992,640,352,1000.982395,257.558399,743.423996,0.3548387096774194,0.7426943767577451,1.37,0.17,0.0,0,V-2023.12-SP4,1005,653,352,1012.7,269.28,743.42,1419.4752,0.7134,0.3502487562189055,0.7340969685000494,0.73,0.78,0.0,0,V-2023.12-SP3,V-2023.12-SP4,1.74,0.14650000000000002,0.05243,1.939,1.8865,3.301375,1.407,0.0275,0.05155,1.486,0.2179,0.022520000000000002,0.000534,0.241,0.1148,0.09649,0.00035069999999999996,0.2117,0.0,0.0,0.0,0.0,0.0,0.0,0.0,0.0,0.0,0.0,0.0,0.0,0.0,0.0,0.0,0.0,unvectored,none,2,2026-07-26T15:56:17+00:00
intadd_48_48_56_5_16nm_TT_0V85_25C_666p667MHz,intadd,a_width=48;b_width=48;out_width=56;pipeline_stages=5,16nm,TT,0.85,25.0,1.5,666.6666666666666,48,48,56,5,V-2023.12-SP4,924,565,359,610.384919,163.731459,446.65346,0.38852813852813856,0.7317570373982324,1.26,0.01,0.0,0,V-2023.12-SP4,967,608,359,644.72,180.65,464.07,866.122,0.7444,0.37125129265770423,0.7198008437771435,0.6,0.77,0.0,0,V-2023.12-SP3,V-2023.12-SP4,2.096,0.38699999999999996,0.001543,2.485,2.483,3.7245,1.36,0.2051,5.091e-05,1.565,0.5336,0.06436,0.00117,0.5992000000000001,0.20249999999999999,0.1175,0.0003221,0.3203,0.0,0.0,0.0,0.0,0.0,0.0,0.0,0.0,0.0,0.0,0.0,0.0,0.0,0.0,0.0,0.0,vectored,random,2,2026-07-26T15:56:22+00:00
intadd_48_48_56_5_20nm_TT_0V9_25C_571p429MHz,intadd,a_width=48;b_width=48;out_width=56;pipeline_stages=5,20nm,TT,0.9,25.0,1.75,571.4285714285714,48,48,56,5,V-2023.12-SP4,992,640,352,1000.982395,257.558399,743.423996,0.3548387096774194,0.7426943767577451,1.37,0.17,0.0,0,V-2023.12-SP4,1005,653,352,1012.7,269.28,743.42,1419.4752,0.7134,0.3502487562189055,0.7340969685000494,0.73,0.78,0.0,0,V-2023.12-SP3,V-2023.12-SP4,2.079,0.2002,0.05258,2.332,2.2792000000000003,3.988600000000001,1.408,0.0275,0.05155,1.487,0.48660000000000003,0.0558,0.0006433000000000001,0.5431,0.18430000000000002,0.11689999999999999,0.0003902,0.30160000000000003,0.0,0.0,0.0,0.0,0.0,0.0,0.0,0.0,0.0,0.0,0.0,0.0,0.0,0.0,0.0,0.0,vectored,random,2,2026-07-26T15:56:25+00:00
intadd_64_64_64_2_16nm_TT_0V85_25C_800MHz,intadd,a_width=64;b_width=64;out_width=64;pipeline_stages=2,16nm,TT,0.85,25.0,1.25,800.0,64,64,64,2,V-2023.12-SP4,908,716,192,396.762638,157.883907,238.878731,0.21145374449339208,0.6020696207791622,0.95,0.07,0.0,0,V-2023.12-SP4,918,726,192,406.22,163.48,242.74,561.1162,0.7239,0.20915032679738563,0.5975579735118901,0.47,0.61,0.0,0,V-2023.12-SP3,V-2023.12-SP4,1.0690000000000002,0.2628,0.001213,1.333,1.3318,1.6647500000000002,0.7988,0.11699999999999999,1.345e-05,0.9158999999999999,0.1499,0.01833,0.0009226999999999999,0.1691,0.1207,0.1274,0.0002772,0.2484,0.0,0.0,0.0,0.0,0.0,0.0,0.0,0.0,0.0,0.0,0.0,0.0,0.0,0.0,0.0,0.0,unvectored,none,2,2026-07-26T15:56:36+00:00
intadd_64_64_64_2_16nm_TT_0V85_25C_800MHz,intadd,a_width=64;b_width=64;out_width=64;pipeline_stages=2,16nm,TT,0.85,25.0,1.25,800.0,64,64,64,2,V-2023.12-SP4,908,716,192,396.762638,157.883907,238.878731,0.21145374449339208,0.6020696207791622,0.95,0.07,0.0,0,V-2023.12-SP4,918,726,192,406.22,163.48,242.74,561.1162,0.7239,0.20915032679738563,0.5975579735118901,0.47,0.61,0.0,0,V-2023.12-SP3,V-2023.12-SP4,1.333,0.3597,0.001073,1.694,1.6926999999999999,2.115875,0.8,0.11699999999999999,1.345e-05,0.9171,0.3301,0.04578,0.0007653,0.3766,0.2027,0.1969,0.000294,0.39990000000000003,0.0,0.0,0.0,0.0,0.0,0.0,0.0,0.0,0.0,0.0,0.0,0.0,0.0,0.0,0.0,0.0,vectored,random,2,2026-07-26T15:56:42+00:00
intadd_64_64_64_3_20nm_TT_0V9_25C_500MHz,intadd,a_width=64;b_width=64;out_width=64;pipeline_stages=3,20nm,TT,0.9,25.0,2.0,500.0,64,64,64,3,V-2023.12-SP4,1033,744,289,898.444795,288.076798,610.367997,0.2797676669893514,0.6793606022282092,1.76,0.0,0.0,0,V-2023.12-SP4,1059,770,289,936.04,325.67,610.37,1259.1744,0.7434,0.2728989612842304,0.6520768343233195,0.87,0.89,0.0,0,V-2023.12-SP3,V-2023.12-SP4,1.251,0.1888,0.104,1.5430000000000001,1.4398,2.8796,0.9843000000000001,0.07258999999999999,0.1031,1.16,0.1601,0.01831,0.00043819999999999997,0.1789,0.1062,0.09788000000000001,0.000384,0.2044,0.0,0.0,0.0,0.0,0.0,0.0,0.0,0.0,0.0,0.0,0.0,0.0,0.0,0.0,0.0,0.0,unvectored,none,2,2026-07-26T15:56:48+00:00
intadd_64_64_64_3_16nm_TT_0V85_25C_1000MHz,intadd,a_width=64;b_width=64;out_width=64;pipeline_stages=3,16nm,TT,0.85,25.0,1.0,1000.0,64,64,64,3,V-2023.12-SP4,1084,795,289,538.285843,178.723587,359.562256,0.2666051660516605,0.667976430507759,0.74,0.03,0.0,0,V-2023.12-SP4,1111,822,289,561.3,192.28,369.02,764.4119,0.7343,0.2601260126012601,0.657438090147871,0.35,0.47,0.0,0,V-2023.12-SP3,V-2023.12-SP4,2.004,0.4542,0.001603,2.4589999999999996,2.4582,2.4582,1.5410000000000001,0.2363,3.545e-05,1.777,0.2804,0.031520000000000006,0.001244,0.31320000000000003,0.18230000000000002,0.1864,0.0003241,0.36900000000000005,0.0,0.0,0.0,0.0,0.0,0.0,0.0,0.0,0.0,0.0,0.0,0.0,0.0,0.0,0.0,0.0,unvectored,none,2,2026-07-26T15:56:49+00:00
intadd_96_96_96_5_7nm_TT_0V75_25C_1333p33MHz,intadd,a_width=96;b_width=96;out_width=96;pipeline_stages=5,7nm,TT,0.75,25.0,0.75,1333.3333333333333,96,96,96,5,V-2023.12-SP4,2093,1370,723,316.318472,83.107583,233.210889,0.34543717152412806,0.7372661088221241,0.53,0.0,0.0,0,V-2023.12-SP4,2166,1443,723,325.96,92.75,233.21,449.7777,0.7247,0.3337950138504155,0.7154558841575654,0.19,0.37,0.0,0,V-2023.12-SP3,V-2023.12-SP4,3.679,1.0219999999999998,0.002378,4.704,4.701,3.5257499999999995,2.917,0.6579,7.746e-05,3.575,0.49379999999999996,0.06423,0.001851,0.5598,0.2685,0.2999,0.00045,0.5688,0.0,0.0,0.0,0.0,0.0,0.0,0.0,0.0,0.0,0.0,0.0,0.0,0.0,0.0,0.0,0.0,unvectored,none,2,2026-07-26T15:56:54+00:00
intadd_64_64_64_3_20nm_TT_0V9_25C_500MHz,intadd,a_width=64;b_width=64;out_width=64;pipeline_stages=3,20nm,TT,0.9,25.0,2.0,500.0,64,64,64,3,V-2023.12-SP4,1033,744,289,898.444795,288.076798,610.367997,0.2797676669893514,0.6793606022282092,1.76,0.0,0.0,0,V-2023.12-SP4,1059,770,289,936.04,325.67,610.37,1259.1744,0.7434,0.2728989612842304,0.6520768343233195,0.87,0.89,0.0,0,V-2023.12-SP3,V-2023.12-SP4,1.522,0.2611,0.1041,1.887,1.7831000000000001,3.5662000000000003,0.9853,0.07258999999999999,0.1031,1.161,0.35760000000000003,0.04575,0.0005277999999999999,0.4039,0.1789,0.1428,0.0004159,0.3221,0.0,0.0,0.0,0.0,0.0,0.0,0.0,0.0,0.0,0.0,0.0,0.0,0.0,0.0,0.0,0.0,vectored,random,2,2026-07-26T15:56:55+00:00
intadd_64_64_64_3_16nm_TT_0V85_25C_1000MHz,intadd,a_width=64;b_width=64;out_width=64;pipeline_stages=3,16nm,TT,0.85,25.0,1.0,1000.0,64,64,64,3,V-2023.12-SP4,1084,795,289,538.285843,178.723587,359.562256,0.2666051660516605,0.667976430507759,0.74,0.03,0.0,0,V-2023.12-SP4,1111,822,289,561.3,192.28,369.02,764.4119,0.7343,0.2601260126012601,0.657438090147871,0.35,0.47,0.0,0,V-2023.12-SP3,V-2023.12-SP4,2.48,0.5804,0.001446,3.061,3.0604,3.0604,1.5430000000000001,0.2363,3.545e-05,1.779,0.6296999999999999,0.07873,0.00106,0.7094999999999999,0.3069,0.2654,0.0003499,0.5727,0.0,0.0,0.0,0.0,0.0,0.0,0.0,0.0,0.0,0.0,0.0,0.0,0.0,0.0,0.0,0.0,vectored,random,2,2026-07-26T15:56:56+00:00
intadd_64_64_64_5_20nm_TT_0V9_25C_800MHz,intadd,a_width=64;b_width=64;out_width=64;pipeline_stages=5,20nm,TT,0.9,25.0,1.25,800.0,64,64,64,5,V-2023.12-SP4,1419,936,483,1389.590392,369.494398,1020.095994,0.3403805496828753,0.7340983356482504,0.98,0.04,0.0,0,V-2023.12-SP4,1458,975,483,1439.96,419.87,1020.1,1957.296,0.7357,0.33127572016460904,0.7084224561793383,0.49,0.58,0.0,0,V-2023.12-SP3,V-2023.12-SP4,3.1270000000000002,0.731,0.05286,3.91,3.858,4.8225,2.48,0.4779,0.051629999999999995,3.0100000000000002,0.4165,0.04439,0.0007328,0.4616,0.23,0.2087,0.0005013,0.4392,0.0,0.0,0.0,0.0,0.0,0.0,0.0,0.0,0.0,0.0,0.0,0.0,0.0,0.0,0.0,0.0,unvectored,none,2,2026-07-26T15:56:56+00:00
intadd_128_128_128_3_5nm_TT_0V7_25C_1333p33MHz,intadd,a_width=128;b_width=128;out_width=128;pipeline_stages=3,5nm,TT,0.7,25.0,0.75,1333.3333333333333,128,128,128,3,V-2023.12-SP4,2204,1627,577,151.040398,54.104399,96.935999,0.2617967332123412,0.6417885564628875,0.5,0.03,0.0,0,V-2023.12-SP4,2244,1667,577,153.62,56.68,96.94,214.1244,0.7174,0.2571301247771836,0.6310376253092045,0.2,0.38,0.0,0,V-2023.12-SP3,V-2023.12-SP4,2.628,0.8825000000000001,0.001552,3.512,3.5105000000000004,2.6328750000000003,1.9780000000000002,0.4818,3.9e-05,2.46,0.3761,0.057890000000000004,0.001062,0.4351,0.27399999999999997,0.3427,0.0004505,0.6172000000000001,0.0,0.0,0.0,0.0,0.0,0.0,0.0,0.0,0.0,0.0,0.0,0.0,0.0,0.0,0.0,0.0,unvectored,none,2,2026-07-26T15:57:01+00:00
intadd_96_96_96_5_7nm_TT_0V75_25C_1333p33MHz,intadd,a_width=96;b_width=96;out_width=96;pipeline_stages=5,7nm,TT,0.75,25.0,0.75,1333.3333333333333,96,96,96,5,V-2023.12-SP4,2093,1370,723,316.318472,83.107583,233.210889,0.34543717152412806,0.7372661088221241,0.53,0.0,0.0,0,V-2023.12-SP4,2166,1443,723,325.96,92.75,233.21,449.7777,0.7247,0.3337950138504155,0.7154558841575654,0.19,0.37,0.0,0,V-2023.12-SP3,V-2023.12-SP4,4.482,1.204,0.002768,5.689,5.686,4.2645,2.9160000000000004,0.6579,7.748e-05,3.574,1.1119999999999999,0.1606,0.002228,1.2750000000000001,0.4545,0.3855,0.0004628,0.8405,0.0,0.0,0.0,0.0,0.0,0.0,0.0,0.0,0.0,0.0,0.0,0.0,0.0,0.0,0.0,0.0,vectored,random,2,2026-07-26T15:57:02+00:00
intadd_64_64_64_5_20nm_TT_0V9_25C_800MHz,intadd,a_width=64;b_width=64;out_width=64;pipeline_stages=5,20nm,TT,0.9,25.0,1.25,800.0,64,64,64,5,V-2023.12-SP4,1419,936,483,1389.590392,369.494398,1020.095994,0.3403805496828753,0.7340983356482504,0.98,0.04,0.0,0,V-2023.12-SP4,1458,975,483,1439.96,419.87,1020.1,1957.296,0.7357,0.33127572016460904,0.7084224561793383,0.49,0.58,0.0,0,V-2023.12-SP3,V-2023.12-SP4,3.7720000000000002,0.8371000000000001,0.05307,4.662,4.609100000000001,5.761375000000001,2.483,0.4779,0.05164,3.012,0.9287,0.1109,0.0008805,1.0399999999999998,0.36010000000000003,0.24830000000000002,0.0005564,0.609,0.0,0.0,0.0,0.0,0.0,0.0,0.0,0.0,0.0,0.0,0.0,0.0,0.0,0.0,0.0,0.0,vectored,random,2,2026-07-26T15:57:03+00:00
intadd_128_128_128_3_5nm_TT_0V7_25C_1333p33MHz,intadd,a_width=128;b_width=128;out_width=128;pipeline_stages=3,5nm,TT,0.7,25.0,0.75,1333.3333333333333,128,128,128,3,V-2023.12-SP4,2204,1627,577,151.040398,54.104399,96.935999,0.2617967332123412,0.6417885564628875,0.5,0.03,0.0,0,V-2023.12-SP4,2244,1667,577,153.62,56.68,96.94,214.1244,0.7174,0.2571301247771836,0.6310376253092045,0.2,0.38,0.0,0,V-2023.12-SP3,V-2023.12-SP4,3.317,1.1509999999999998,0.001469,4.47,4.468,3.351,1.9889999999999999,0.4818,3.906e-05,2.471,0.8417,0.14459999999999998,0.000955,0.9872,0.4864,0.5244,0.00047450000000000004,1.011,0.0,0.0,0.0,0.0,0.0,0.0,0.0,0.0,0.0,0.0,0.0,0.0,0.0,0.0,0.0,0.0,vectored,random,2,2026-07-26T15:57:07+00:00
intadd_128_128_128_3_5nm_TT_0V7_25C_800MHz,intadd,a_width=128;b_width=128;out_width=128;pipeline_stages=3,5nm,TT,0.7,25.0,1.25,800.0,128,128,128,3,V-2023.12-SP4,2070,1493,577,148.083598,51.147599,96.935999,0.278743961352657,0.6546032127069198,1.0,0.03,0.0,0,V-2023.12-SP4,2116,1539,577,150.45,53.52,96.94,209.496,0.7182,0.2726843100189036,0.6443336656696578,0.44,0.66,0.0,0,V-2023.12-SP3,V-2023.12-SP4,1.637,0.4784,0.001528,2.1159999999999997,2.1154,2.6442500000000004,1.25,0.2524,3.23e-05,1.503,0.22540000000000002,0.03561,0.001062,0.262,0.1608,0.19039999999999999,0.0004336,0.35159999999999997,0.0,0.0,0.0,0.0,0.0,0.0,0.0,0.0,0.0,0.0,0.0,0.0,0.0,0.0,0.0,0.0,unvectored,none,2,2026-07-26T15:57:12+00:00
intadd_128_128_128_3_5nm_TT_0V7_25C_800MHz,intadd,a_width=128;b_width=128;out_width=128;pipeline_stages=3,5nm,TT,0.7,25.0,1.25,800.0,128,128,128,3,V-2023.12-SP4,2070,1493,577,148.083598,51.147599,96.935999,0.278743961352657,0.6546032127069198,1.0,0.03,0.0,0,V-2023.12-SP4,2116,1539,577,150.45,53.52,96.94,209.496,0.7182,0.2726843100189036,0.6443336656696578,0.44,0.66,0.0,0,V-2023.12-SP3,V-2023.12-SP4,2.058,0.644,0.001444,2.7039999999999997,2.702,3.3775,1.258,0.2524,3.23e-05,1.51,0.5077,0.08888,0.0009549,0.5975,0.2931,0.3028,0.0004565,0.5963,0.0,0.0,0.0,0.0,0.0,0.0,0.0,0.0,0.0,0.0,0.0,0.0,0.0,0.0,0.0,0.0,vectored,random,2,2026-07-26T15:57:19+00:00
intadd_96_96_96_2_10nm_TT_0V8_25C_1333p33MHz,intadd,a_width=96;b_width=96;out_width=96;pipeline_stages=2,10nm,TT,0.8,25.0,0.75,1333.3333333333333,96,96,96,2,V-2023.12-SP4,1399,1111,288,297.000967,120.053759,176.947208,0.2058613295210865,0.5957799053226651,0.47,0.06,0.0,0,V-2023.12-SP4,1417,1129,288,301.98,125.03,176.95,418.4371,0.7217,0.20324629498941427,0.5859659580104642,0.2,0.36,0.0,0,V-2023.12-SP3,V-2023.12-SP4,1.9719999999999998,0.5656,0.0008405,2.538,2.5376,1.9032,1.4729999999999999,0.2524,2.69e-05,1.7260000000000002,0.2659,0.03465,0.0004219,0.3009,0.2326,0.2786,0.0003916,0.5115999999999999,0.0,0.0,0.0,0.0,0.0,0.0,0.0,0.0,0.0,0.0,0.0,0.0,0.0,0.0,0.0,0.0,unvectored,none,2,2026-07-26T15:57:21+00:00
intadd_96_96_96_2_10nm_TT_0V8_25C_1333p33MHz,intadd,a_width=96;b_width=96;out_width=96;pipeline_stages=2,10nm,TT,0.8,25.0,0.75,1333.3333333333333,96,96,96,2,V-2023.12-SP4,1399,1111,288,297.000967,120.053759,176.947208,0.2058613295210865,0.5957799053226651,0.47,0.06,0.0,0,V-2023.12-SP4,1417,1129,288,301.98,125.03,176.95,418.4371,0.7217,0.20324629498941427,0.5859659580104642,0.2,0.36,0.0,0,V-2023.12-SP3,V-2023.12-SP4,2.453,0.7998000000000001,0.0008870000000000001,3.254,3.2527999999999997,2.4395999999999995,1.472,0.2524,2.69e-05,1.7249999999999999,0.5871000000000001,0.08674,0.0004544,0.6743,0.3937,0.4607,0.0004057,0.8548,0.0,0.0,0.0,0.0,0.0,0.0,0.0,0.0,0.0,0.0,0.0,0.0,0.0,0.0,0.0,0.0,vectored,random,2,2026-07-26T15:57:27+00:00
intadd_96_96_96_2_10nm_TT_0V8_25C_800MHz,intadd,a_width=96;b_width=96;out_width=96;pipeline_stages=2,10nm,TT,0.8,25.0,1.25,800.0,96,96,96,2,V-2023.12-SP4,1348,1060,288,292.577287,115.630079,176.947208,0.21364985163204747,0.6047879171153843,0.98,0.05,0.0,0,V-2023.12-SP4,1374,1086,288,303.3,126.35,176.95,415.1808,0.7305,0.2096069868995633,0.5834157599736234,0.45,0.65,0.0,0,V-2023.12-SP3,V-2023.12-SP4,1.335,0.3511,0.0008692999999999999,1.6869999999999998,1.6861,2.107625,1.037,0.1691,6.774e-05,1.2069999999999999,0.1598,0.0237,0.000422,0.1839,0.1383,0.1582,0.0003796,0.2969,0.0,0.0,0.0,0.0,0.0,0.0,0.0,0.0,0.0,0.0,0.0,0.0,0.0,0.0,0.0,0.0,unvectored,none,2,2026-07-26T15:57:33+00:00
intadd_96_96_96_3_10nm_TT_0V8_25C_1333p33MHz,intadd,a_width=96;b_width=96;out_width=96;pipeline_stages=3,10nm,TT,0.8,25.0,0.75,1333.3333333333333,96,96,96,3,V-2023.12-SP4,1635,1202,433,399.452171,133.416959,266.035213,0.26483180428134556,0.6660001680151089,0.5,0.03,0.0,0,V-2023.12-SP4,1659,1226,433,406.24,140.21,266.04,567.5827,0.7157,0.26100060277275466,0.654883812524616,0.2,0.36,0.0,0,V-2023.12-SP3,V-2023.12-SP4,2.871,0.7889,0.001123,3.661,3.6599,2.744925,2.2070000000000003,0.433,3.711e-05,2.64,0.3861,0.04941,0.0006344,0.4362,0.2775,0.30650000000000005,0.00045190000000000003,0.5844999999999999,0.0,0.0,0.0,0.0,0.0,0.0,0.0,0.0,0.0,0.0,0.0,0.0,0.0,0.0,0.0,0.0,unvectored,none,2,2026-07-26T15:57:38+00:00
intadd_96_96_96_2_10nm_TT_0V8_25C_800MHz,intadd,a_width=96;b_width=96;out_width=96;pipeline_stages=2,10nm,TT,0.8,25.0,1.25,800.0,96,96,96,2,V-2023.12-SP4,1348,1060,288,292.577287,115.630079,176.947208,0.21364985163204747,0.6047879171153843,0.98,0.05,0.0,0,V-2023.12-SP4,1374,1086,288,303.3,126.35,176.95,415.1808,0.7305,0.2096069868995633,0.5834157599736234,0.45,0.65,0.0,0,V-2023.12-SP3,V-2023.12-SP4,1.629,0.49470000000000003,0.0009169,2.125,2.1237,2.654625,1.037,0.1691,6.774e-05,1.206,0.3557,0.059320000000000005,0.000455,0.41550000000000004,0.2366,0.2662,0.00039420000000000004,0.5032,0.0,0.0,0.0,0.0,0.0,0.0,0.0,0.0,0.0,0.0,0.0,0.0,0.0,0.0,0.0,0.0,vectored,random,2,2026-07-26T15:57:39+00:00
intadd_96_96_96_3_10nm_TT_0V8_25C_1333p33MHz,intadd,a_width=96;b_width=96;out_width=96;pipeline_stages=3,10nm,TT,0.8,25.0,0.75,1333.3333333333333,96,96,96,3,V-2023.12-SP4,1635,1202,433,399.452171,133.416959,266.035213,0.26483180428134556,0.6660001680151089,0.5,0.03,0.0,0,V-2023.12-SP4,1659,1226,433,406.24,140.21,266.04,567.5827,0.7157,0.26100060277275466,0.654883812524616,0.2,0.36,0.0,0,V-2023.12-SP3,V-2023.12-SP4,3.533,1.034,0.001195,4.568,4.567,3.42525,2.206,0.433,3.722e-05,2.639,0.8635,0.1236,0.0006839,0.9878,0.46299999999999997,0.4773,0.0004735,0.9408,0.0,0.0,0.0,0.0,0.0,0.0,0.0,0.0,0.0,0.0,0.0,0.0,0.0,0.0,0.0,0.0,vectored,random,2,2026-07-26T15:57:46+00:00
intadd_128_128_128_5_5nm_TT_0V7_25C_1333p33MHz,intadd,a_width=128;b_width=128;out_width=128;pipeline_stages=5,5nm,TT,0.7,25.0,0.75,1333.3333333333333,128,128,128,5,V-2023.12-SP4,2880,1917,963,229.983597,68.199599,161.783998,0.334375,0.7034588558070078,0.5,0.03,0.0,0,V-2023.12-SP4,2937,1974,963,232.44,70.66,161.78,325.3656,0.7144,0.32788559754851887,0.6960075718464981,0.19,0.37,0.0,0,V-2023.12-SP3,V-2023.12-SP4,4.114,1.258,0.0023810000000000003,5.375,5.372,4.029,3.1470000000000002,0.7596,2.375e-05,3.907,0.6078,0.08697,0.001773,0.6966,0.3589,0.4119,0.000584,0.7713000000000001,0.0,0.0,0.0,0.0,0.0,0.0,0.0,0.0,0.0,0.0,0.0,0.0,0.0,0.0,0.0,0.0,unvectored,none,2,2026-07-26T15:57:55+00:00
intadd_128_128_128_5_5nm_TT_0V7_25C_1333p33MHz,intadd,a_width=128;b_width=128;out_width=128;pipeline_stages=5,5nm,TT,0.7,25.0,0.75,1333.3333333333333,128,128,128,5,V-2023.12-SP4,2880,1917,963,229.983597,68.199599,161.783998,0.334375,0.7034588558070078,0.5,0.03,0.0,0,V-2023.12-SP4,2937,1974,963,232.44,70.66,161.78,325.3656,0.7144,0.32788559754851887,0.6960075718464981,0.19,0.37,0.0,0,V-2023.12-SP3,V-2023.12-SP4,5.131,1.521,0.002251,6.654,6.652,4.989,3.166,0.7596,2.3820000000000002e-05,3.9259999999999997,1.359,0.2172,0.001604,1.578,0.6053000000000001,0.5445,0.000623,1.15,0.0,0.0,0.0,0.0,0.0,0.0,0.0,0.0,0.0,0.0,0.0,0.0,0.0,0.0,0.0,0.0,vectored,random,2,2026-07-26T15:58:02+00:00
intadd_96_96_104_2_7nm_TT_0V75_25C_800MHz,intadd,a_width=96;b_width=96;out_width=104;pipeline_stages=2,7nm,TT,0.75,25.0,1.25,800.0,96,96,104,2,V-2023.12-SP4,1341,1052,289,153.554691,60.334848,93.219844,0.21551081282624907,0.6070791025198963,0.95,0.08,0.0,0,V-2023.12-SP4,1363,1074,289,155.76,62.54,93.22,216.0829,0.7209,0.21203228173147468,0.5984848484848485,0.44,0.68,0.0,0,V-2023.12-SP3,V-2023.12-SP4,0.9576,0.2837,0.001044,1.242,1.2413,1.551625,0.7290000000000001,0.13520000000000001,1.653e-05,0.8643000000000001,0.1264,0.01896,0.0007392,0.1461,0.1021,0.1295,0.0002881,0.232,0.0,0.0,0.0,0.0,0.0,0.0,0.0,0.0,0.0,0.0,0.0,0.0,0.0,0.0,0.0,0.0,unvectored,none,2,2026-07-26T15:58:43+00:00
intadd_96_96_104_2_7nm_TT_0V75_25C_800MHz,intadd,a_width=96;b_width=96;out_width=104;pipeline_stages=2,7nm,TT,0.75,25.0,1.25,800.0,96,96,104,2,V-2023.12-SP4,1341,1052,289,153.554691,60.334848,93.219844,0.21551081282624907,0.6070791025198963,0.95,0.08,0.0,0,V-2023.12-SP4,1363,1074,289,155.76,62.54,93.22,216.0829,0.7209,0.21203228173147468,0.5984848484848485,0.44,0.68,0.0,0,V-2023.12-SP3,V-2023.12-SP4,1.202,0.4058,0.001206,1.609,1.6078,2.00975,0.7288,0.13520000000000001,1.66e-05,0.864,0.287,0.04746,0.0008966,0.33540000000000003,0.18660000000000002,0.2231,0.00029299999999999997,0.41,0.0,0.0,0.0,0.0,0.0,0.0,0.0,0.0,0.0,0.0,0.0,0.0,0.0,0.0,0.0,0.0,vectored,random,2,2026-07-26T15:58:50+00:00
intadd_64_64_64_3_16nm_TT_0V85_25C_666p667MHz,intadd,a_width=64;b_width=64;out_width=64;pipeline_stages=3,16nm,TT,0.85,25.0,1.5,666.6666666666666,64,64,64,3,V-2023.12-SP4,1029,740,289,528.270355,168.708099,359.562256,0.28085519922254615,0.6806406087277035,1.26,0.01,0.0,0,V-2023.12-SP4,1073,784,289,582.14,209.27,372.87,742.6391,0.7839,0.26933830382106244,0.6405160270725255,0.6,0.7,0.0,0,V-2023.12-SP3,V-2023.12-SP4,1.531,0.3487,0.451,2.331,1.8797,2.81955,1.222,0.215,0.4496,1.887,0.192,0.02118,0.001092,0.2142,0.1173,0.1125,0.0003124,0.2301,0.0,0.0,0.0,0.0,0.0,0.0,0.0,0.0,0.0,0.0,0.0,0.0,0.0,0.0,0.0,0.0,unvectored,none,2,2026-07-26T15:59:03+00:00
intadd_64_64_64_5_20nm_TT_0V9_25C_571p429MHz,intadd,a_width=64;b_width=64;out_width=64;pipeline_stages=5,20nm,TT,0.9,25.0,1.75,571.4285714285714,64,64,64,5,V-2023.12-SP4,1350,867,483,1368.998393,348.902398,1020.095994,0.35777777777777775,0.7451403881962044,1.52,0.01,0.0,0,V-2023.12-SP4,1406,923,483,1423.7,403.6,1020.1,1945.68,0.7317,0.3435277382645804,0.7165133103884245,0.74,0.83,0.0,0,V-2023.12-SP3,V-2023.12-SP4,2.219,0.5119,0.052849999999999994,2.784,2.7309,4.779075000000001,1.759,0.3412,0.05162,2.1519999999999997,0.2972,0.03166,0.0007321000000000001,0.3296,0.1627,0.13899999999999998,0.0004944,0.30219999999999997,0.0,0.0,0.0,0.0,0.0,0.0,0.0,0.0,0.0,0.0,0.0,0.0,0.0,0.0,0.0,0.0,unvectored,none,2,2026-07-26T15:59:04+00:00
intadd_64_64_64_3_16nm_TT_0V85_25C_666p667MHz,intadd,a_width=64;b_width=64;out_width=64;pipeline_stages=3,16nm,TT,0.85,25.0,1.5,666.6666666666666,64,64,64,3,V-2023.12-SP4,1029,740,289,528.270355,168.708099,359.562256,0.28085519922254615,0.6806406087277035,1.26,0.01,0.0,0,V-2023.12-SP4,1073,784,289,582.14,209.27,372.87,742.6391,0.7839,0.26933830382106244,0.6405160270725255,0.6,0.7,0.0,0,V-2023.12-SP3,V-2023.12-SP4,1.8439999999999999,0.4262,0.4509,2.721,2.2702,3.4053,1.2229999999999999,0.215,0.4496,1.888,0.43019999999999997,0.052899999999999996,0.000965,0.484,0.1903,0.1582,0.0003374,0.34890000000000004,0.0,0.0,0.0,0.0,0.0,0.0,0.0,0.0,0.0,0.0,0.0,0.0,0.0,0.0,0.0,0.0,vectored,random,2,2026-07-26T15:59:10+00:00
intadd_64_64_64_5_20nm_TT_0V9_25C_571p429MHz,intadd,a_width=64;b_width=64;out_width=64;pipeline_stages=5,20nm,TT,0.9,25.0,1.75,571.4285714285714,64,64,64,5,V-2023.12-SP4,1350,867,483,1368.998393,348.902398,1020.095994,0.35777777777777775,0.7451403881962044,1.52,0.01,0.0,0,V-2023.12-SP4,1406,923,483,1423.7,403.6,1020.1,1945.68,0.7317,0.3435277382645804,0.7165133103884245,0.74,0.83,0.0,0,V-2023.12-SP3,V-2023.12-SP4,2.686,0.5865999999999999,0.053059999999999996,3.326,3.2725999999999997,5.727049999999999,1.761,0.3412,0.051629999999999995,2.154,0.6658999999999999,0.07911,0.0008818,0.7459,0.2594,0.1663,0.0005486,0.4262,0.0,0.0,0.0,0.0,0.0,0.0,0.0,0.0,0.0,0.0,0.0,0.0,0.0,0.0,0.0,0.0,vectored,random,2,2026-07-26T15:59:12+00:00
intadd_64_64_72_2_16nm_TT_0V85_25C_1000MHz,intadd,a_width=64;b_width=64;out_width=72;pipeline_stages=2,16nm,TT,0.85,25.0,1.0,1000.0,64,64,72,2,V-2023.12-SP4,916,723,193,400.059662,159.936771,240.122891,0.21069868995633187,0.600217702028654,0.7,0.07,0.0,0,V-2023.12-SP4,932,739,193,425.44,183.7,241.74,563.6667,0.7548,0.20708154506437768,0.5682117337344866,0.35,0.47,0.0,0,V-2023.12-SP3,V-2023.12-SP4,1.578,0.389,0.32239999999999996,2.29,1.967,1.967,1.2429999999999999,0.2021,0.3211,1.766,0.18359999999999999,0.02191,0.0010160000000000002,0.20650000000000002,0.1515,0.165,0.0002785,0.3167,0.0,0.0,0.0,0.0,0.0,0.0,0.0,0.0,0.0,0.0,0.0,0.0,0.0,0.0,0.0,0.0,unvectored,none,2,2026-07-26T15:59:22+00:00
intadd_64_64_64_5_16nm_TT_0V85_25C_1000MHz,intadd,a_width=64;b_width=64;out_width=64;pipeline_stages=5,16nm,TT,0.85,25.0,1.0,1000.0,64,64,64,5,V-2023.12-SP4,1410,927,483,816.853278,215.923971,600.929307,0.3425531914893617,0.7356637026313065,0.75,0.02,0.0,0,V-2023.12-SP4,1461,978,483,881.05,255.86,625.19,1159.806,0.7597,0.33059548254620125,0.7095965041711595,0.34,0.48,0.0,0,V-2023.12-SP3,V-2023.12-SP4,3.468,0.7485,0.3233,4.54,4.2165,4.2165,2.758,0.48319999999999996,0.3212,3.5620000000000003,0.47409999999999997,0.04809,0.001745,0.524,0.2362,0.2172,0.00040919999999999997,0.45389999999999997,0.0,0.0,0.0,0.0,0.0,0.0,0.0,0.0,0.0,0.0,0.0,0.0,0.0,0.0,0.0,0.0,unvectored,none,2,2026-07-26T15:59:27+00:00
intadd_64_64_72_2_16nm_TT_0V85_25C_1000MHz,intadd,a_width=64;b_width=64;out_width=72;pipeline_stages=2,16nm,TT,0.85,25.0,1.0,1000.0,64,64,72,2,V-2023.12-SP4,916,723,193,400.059662,159.936771,240.122891,0.21069868995633187,0.600217702028654,0.7,0.07,0.0,0,V-2023.12-SP4,932,739,193,425.44,183.7,241.74,563.6667,0.7548,0.20708154506437768,0.5682117337344866,0.35,0.47,0.0,0,V-2023.12-SP3,V-2023.12-SP4,1.903,0.5103,0.3223,2.736,2.4133,2.4133,1.245,0.2021,0.3212,1.768,0.4025,0.0547,0.0008289,0.458,0.256,0.2535,0.0002957,0.5098,0.0,0.0,0.0,0.0,0.0,0.0,0.0,0.0,0.0,0.0,0.0,0.0,0.0,0.0,0.0,0.0,vectored,random,2,2026-07-26T15:59:29+00:00
intadd_64_64_72_3_20nm_TT_0V9_25C_800MHz,intadd,a_width=64;b_width=64;out_width=72;pipeline_stages=3,20nm,TT,0.9,25.0,1.25,800.0,64,64,72,3,V-2023.12-SP4,1092,806,286,912.067195,308.035198,604.031997,0.2619047619047619,0.6622669911946565,0.93,0.08,0.0,0,V-2023.12-SP4,1114,828,286,979.23,375.2,604.03,1297.296,0.7548,0.25673249551166966,0.6168418042747873,0.49,0.54,0.0,0,V-2023.12-SP3,V-2023.12-SP4,2.166,0.3846,0.46480000000000005,3.0149999999999997,2.5505999999999998,3.1882499999999996,1.74,0.18450000000000003,0.4639,2.388,0.2537,0.02951,0.0004336,0.2836,0.17229999999999998,0.17049999999999998,0.0003952,0.3432,0.0,0.0,0.0,0.0,0.0,0.0,0.0,0.0,0.0,0.0,0.0,0.0,0.0,0.0,0.0,0.0,unvectored,none,2,2026-07-26T15:59:34+00:00
intadd_64_64_64_5_16nm_TT_0V85_25C_1000MHz,intadd,a_width=64;b_width=64;out_width=64;pipeline_stages=5,16nm,TT,0.85,25.0,1.0,1000.0,64,64,64,5,V-2023.12-SP4,1410,927,483,816.853278,215.923971,600.929307,0.3425531914893617,0.7356637026313065,0.75,0.02,0.0,0,V-2023.12-SP4,1461,978,483,881.05,255.86,625.19,1159.806,0.7597,0.33059548254620125,0.7095965041711595,0.34,0.48,0.0,0,V-2023.12-SP3,V-2023.12-SP4,4.21,0.8693000000000001,0.3232,5.403,5.0793,5.0793,2.761,0.48319999999999996,0.3212,3.5660000000000003,1.072,0.1202,0.001563,1.194,0.3762,0.266,0.0004521,0.6426999999999999,0.0,0.0,0.0,0.0,0.0,0.0,0.0,0.0,0.0,0.0,0.0,0.0,0.0,0.0,0.0,0.0,vectored,random,2,2026-07-26T15:59:34+00:00
intadd_64_64_72_3_20nm_TT_0V9_25C_500MHz,intadd,a_width=64;b_width=64;out_width=72;pipeline_stages=3,20nm,TT,0.9,25.0,2.0,500.0,64,64,72,3,V-2023.12-SP4,1033,747,286,893.481595,289.449598,604.031997,0.27686350435624396,0.6760430213450564,1.7,0.06,0.0,0,V-2023.12-SP4,1047,761,286,923.89,319.86,604.03,1254.528,0.7364,0.2731614135625597,0.6537899533494247,0.87,0.89,0.0,0,V-2023.12-SP3,V-2023.12-SP4,1.2349999999999999,0.1685,0.207,1.611,1.4035,2.807,0.9722,0.05102,0.2062,1.229,0.15880000000000002,0.018430000000000002,0.0004337,0.1777,0.1042,0.09901,0.000382,0.20359999999999998,0.0,0.0,0.0,0.0,0.0,0.0,0.0,0.0,0.0,0.0,0.0,0.0,0.0,0.0,0.0,0.0,unvectored,none,2,2026-07-26T15:59:38+00:00
intadd_64_64_72_3_20nm_TT_0V9_25C_800MHz,intadd,a_width=64;b_width=64;out_width=72;pipeline_stages=3,20nm,TT,0.9,25.0,1.25,800.0,64,64,72,3,V-2023.12-SP4,1092,806,286,912.067195,308.035198,604.031997,0.2619047619047619,0.6622669911946565,0.93,0.08,0.0,0,V-2023.12-SP4,1114,828,286,979.23,375.2,604.03,1297.296,0.7548,0.25673249551166966,0.6168418042747873,0.49,0.54,0.0,0,V-2023.12-SP3,V-2023.12-SP4,2.606,0.5102,0.46490000000000004,3.581,3.1162,3.89525,1.7409999999999999,0.18450000000000003,0.4639,2.39,0.5670000000000001,0.07368,0.0005221999999999999,0.6412,0.29760000000000003,0.2519,0.0004275,0.5498999999999999,0.0,0.0,0.0,0.0,0.0,0.0,0.0,0.0,0.0,0.0,0.0,0.0,0.0,0.0,0.0,0.0,vectored,random,2,2026-07-26T15:59:41+00:00
intadd_64_64_72_3_20nm_TT_0V9_25C_500MHz,intadd,a_width=64;b_width=64;out_width=72;pipeline_stages=3,20nm,TT,0.9,25.0,2.0,500.0,64,64,72,3,V-2023.12-SP4,1033,747,286,893.481595,289.449598,604.031997,0.27686350435624396,0.6760430213450564,1.7,0.06,0.0,0,V-2023.12-SP4,1047,761,286,923.89,319.86,604.03,1254.528,0.7364,0.2731614135625597,0.6537899533494247,0.87,0.89,0.0,0,V-2023.12-SP3,V-2023.12-SP4,1.51,0.2419,0.2071,1.9589999999999999,1.7519,3.5038,0.9732000000000001,0.05102,0.2062,1.23,0.3551,0.046020000000000005,0.0005221000000000001,0.4017,0.1817,0.1449,0.0004142,0.32699999999999996,0.0,0.0,0.0,0.0,0.0,0.0,0.0,0.0,0.0,0.0,0.0,0.0,0.0,0.0,0.0,0.0,vectored,random,2,2026-07-26T15:59:45+00:00
intadd_96_96_104_3_7nm_TT_0V75_25C_800MHz,intadd,a_width=96;b_width=96;out_width=104;pipeline_stages=3,7nm,TT,0.75,25.0,1.25,800.0,96,96,104,3,V-2023.12-SP4,1505,1075,430,202.970885,64.270079,138.700805,0.2857142857142857,0.6833532060521882,1.01,0.02,0.0,0,V-2023.12-SP4,1563,1133,430,212.81,74.11,138.7,287.4332,0.7404,0.2751119641714651,0.6517550866970536,0.45,0.63,0.0,0,V-2023.12-SP3,V-2023.12-SP4,1.479,0.4274,0.001524,1.908,1.9064,2.383,1.1800000000000002,0.264,9.659e-05,1.444,0.18159999999999998,0.02548,0.001101,0.2082,0.1172,0.1379,0.00032710000000000004,0.25539999999999996,0.0,0.0,0.0,0.0,0.0,0.0,0.0,0.0,0.0,0.0,0.0,0.0,0.0,0.0,0.0,0.0,unvectored,none,2,2026-07-26T15:59:45+00:00
intadd_96_96_104_3_7nm_TT_0V75_25C_800MHz,intadd,a_width=96;b_width=96;out_width=104;pipeline_stages=3,7nm,TT,0.75,25.0,1.25,800.0,96,96,104,3,V-2023.12-SP4,1505,1075,430,202.970885,64.270079,138.700805,0.2857142857142857,0.6833532060521882,1.01,0.02,0.0,0,V-2023.12-SP4,1563,1133,430,212.81,74.11,138.7,287.4332,0.7404,0.2751119641714651,0.6517550866970536,0.45,0.63,0.0,0,V-2023.12-SP3,V-2023.12-SP4,1.796,0.5372,0.001757,2.335,2.3332,2.9165,1.1789999999999998,0.264,9.661e-05,1.444,0.4084,0.06376,0.001325,0.47350000000000003,0.2079,0.2094,0.0003358,0.4176,0.0,0.0,0.0,0.0,0.0,0.0,0.0,0.0,0.0,0.0,0.0,0.0,0.0,0.0,0.0,0.0,vectored,random,2,2026-07-26T15:59:52+00:00
intadd_96_96_96_3_10nm_TT_0V8_25C_800MHz,intadd,a_width=96;b_width=96;out_width=96;pipeline_stages=3,10nm,TT,0.8,25.0,1.25,800.0,96,96,96,3,V-2023.12-SP4,1543,1110,433,391.311371,125.276159,266.035213,0.28062216461438755,0.6798555644323456,1.01,0.02,0.0,0,V-2023.12-SP4,1582,1149,433,402.62,136.58,266.04,552.8064,0.7283,0.27370417193426044,0.6607719437683176,0.45,0.61,0.0,0,V-2023.12-SP3,V-2023.12-SP4,1.777,0.5029,0.001134,2.281,2.2799,2.849875,1.3840000000000001,0.3013,6.599999999999999e-05,1.685,0.2318,0.030929999999999996,0.0006345,0.2633,0.16110000000000002,0.1707,0.0004335,0.3323,0.0,0.0,0.0,0.0,0.0,0.0,0.0,0.0,0.0,0.0,0.0,0.0,0.0,0.0,0.0,0.0,unvectored,none,2,2026-07-26T16:00:16+00:00
intadd_96_96_96_3_10nm_TT_0V8_25C_800MHz,intadd,a_width=96;b_width=96;out_width=96;pipeline_stages=3,10nm,TT,0.8,25.0,1.25,800.0,96,96,96,3,V-2023.12-SP4,1543,1110,433,391.311371,125.276159,266.035213,0.28062216461438755,0.6798555644323456,1.01,0.02,0.0,0,V-2023.12-SP4,1582,1149,433,402.62,136.58,266.04,552.8064,0.7283,0.27370417193426044,0.6607719437683176,0.45,0.61,0.0,0,V-2023.12-SP3,V-2023.12-SP4,2.154,0.6233000000000001,0.001204,2.778,2.7773,3.471625,1.383,0.3013,6.604999999999999e-05,1.685,0.5146000000000001,0.07739,0.0006835,0.5927,0.25589999999999996,0.24469999999999997,0.000455,0.5011,0.0,0.0,0.0,0.0,0.0,0.0,0.0,0.0,0.0,0.0,0.0,0.0,0.0,0.0,0.0,0.0,vectored,random,2,2026-07-26T16:00:23+00:00
intadd_96_96_104_2_10nm_TT_0V8_25C_1333p33MHz,intadd,a_width=96;b_width=96;out_width=104;pipeline_stages=2,10nm,TT,0.8,25.0,0.75,1333.3333333333333,96,96,104,2,V-2023.12-SP4,1412,1123,289,298.598407,121.036799,177.561608,0.2046742209631728,0.5946502186128542,0.47,0.07,0.0,0,V-2023.12-SP4,1433,1144,289,302.1,124.54,177.56,420.0653,0.7192,0.2016748080949058,0.5877523998675934,0.2,0.37,0.0,0,V-2023.12-SP3,V-2023.12-SP4,1.9480000000000002,0.5992000000000001,0.0008311,2.548,2.5472,1.9104,1.445,0.27799999999999997,1.3949999999999999e-05,1.7229999999999999,0.2671,0.035719999999999995,0.0004234,0.3032,0.2359,0.2855,0.0003937,0.5218,0.0,0.0,0.0,0.0,0.0,0.0,0.0,0.0,0.0,0.0,0.0,0.0,0.0,0.0,0.0,0.0,unvectored,none,2,2026-07-26T16:00:25+00:00
intadd_128_128_136_3_5nm_TT_0V7_25C_800MHz,intadd,a_width=128;b_width=128;out_width=136;pipeline_stages=3,5nm,TT,0.7,25.0,1.25,800.0,128,128,136,3,V-2023.12-SP4,2073,1499,574,148.091998,51.659999,96.431999,0.2768933912204534,0.6511627927391459,0.97,0.06,0.0,0,V-2023.12-SP4,2123,1549,574,151.56,55.13,96.43,209.496,0.7235,0.27037211493170044,0.6362496700976511,0.45,0.66,0.0,0,V-2023.12-SP3,V-2023.12-SP4,1.6720000000000002,0.5021,0.0015480000000000001,2.176,2.1741,2.717625,1.288,0.2759,5.85e-05,1.564,0.22440000000000002,0.03561,0.001057,0.2611,0.1597,0.1907,0.0004326,0.3508,0.0,0.0,0.0,0.0,0.0,0.0,0.0,0.0,0.0,0.0,0.0,0.0,0.0,0.0,0.0,0.0,unvectored,none,2,2026-07-26T16:00:31+00:00
intadd_96_96_104_2_10nm_TT_0V8_25C_1333p33MHz,intadd,a_width=96;b_width=96;out_width=104;pipeline_stages=2,10nm,TT,0.8,25.0,0.75,1333.3333333333333,96,96,104,2,V-2023.12-SP4,1412,1123,289,298.598407,121.036799,177.561608,0.2046742209631728,0.5946502186128542,0.47,0.07,0.0,0,V-2023.12-SP4,1433,1144,289,302.1,124.54,177.56,420.0653,0.7192,0.2016748080949058,0.5877523998675934,0.2,0.37,0.0,0,V-2023.12-SP3,V-2023.12-SP4,2.4290000000000003,0.8257,0.0008796,3.2560000000000002,3.2547,2.4410250000000002,1.444,0.27799999999999997,1.397e-05,1.722,0.5904,0.08938,0.0004572,0.6802,0.3946,0.45830000000000004,0.00040839999999999995,0.8533,0.0,0.0,0.0,0.0,0.0,0.0,0.0,0.0,0.0,0.0,0.0,0.0,0.0,0.0,0.0,0.0,vectored,random,2,2026-07-26T16:00:32+00:00
intadd_128_128_136_3_5nm_TT_0V7_25C_800MHz,intadd,a_width=128;b_width=128;out_width=136;pipeline_stages=3,5nm,TT,0.7,25.0,1.25,800.0,128,128,136,3,V-2023.12-SP4,2073,1499,574,148.091998,51.659999,96.431999,0.2768933912204534,0.6511627927391459,0.97,0.06,0.0,0,V-2023.12-SP4,2123,1549,574,151.56,55.13,96.43,209.496,0.7235,0.27037211493170044,0.6362496700976511,0.45,0.66,0.0,0,V-2023.12-SP3,V-2023.12-SP4,2.083,0.6564,0.001466,2.7399999999999998,2.7394000000000003,3.4242500000000002,1.295,0.2759,5.854e-05,1.571,0.5017,0.0889,0.0009509,0.5916,0.2855,0.2917,0.0004566,0.5776,0.0,0.0,0.0,0.0,0.0,0.0,0.0,0.0,0.0,0.0,0.0,0.0,0.0,0.0,0.0,0.0,vectored,random,2,2026-07-26T16:00:38+00:00
intadd_96_96_96_5_10nm_TT_0V8_25C_1333p33MHz,intadd,a_width=96;b_width=96;out_width=96;pipeline_stages=5,10nm,TT,0.8,25.0,0.75,1333.3333333333333,96,96,96,5,V-2023.12-SP4,2147,1424,723,606.935059,162.723838,444.211221,0.3367489520260829,0.7318925054879718,0.51,0.02,0.0,0,V-2023.12-SP4,2216,1493,723,628.78,184.57,444.21,859.177,0.7318,0.32626353790613716,0.7064633099017145,0.2,0.38,0.0,0,V-2023.12-SP3,V-2023.12-SP4,4.87,1.281,0.0017749999999999999,6.153,6.151,4.61325,3.879,0.8348,0.0001275,4.713,0.6261,0.07721,0.001059,0.7044,0.3656,0.3689,0.0005883,0.735,0.0,0.0,0.0,0.0,0.0,0.0,0.0,0.0,0.0,0.0,0.0,0.0,0.0,0.0,0.0,0.0,unvectored,none,2,2026-07-26T16:00:41+00:00
intadd_128_128_136_5_5nm_TT_0V7_25C_1333p33MHz,intadd,a_width=128;b_width=128;out_width=136;pipeline_stages=5,5nm,TT,0.7,25.0,0.75,1333.3333333333333,128,128,136,5,V-2023.12-SP4,2881,1929,952,228.261597,68.325599,159.935998,0.3304408191600139,0.7006697583036713,0.48,0.06,0.0,0,V-2023.12-SP4,2940,1988,952,232.42,72.48,159.94,324.4668,0.7163,0.3238095238095238,0.6881507615523621,0.2,0.38,0.0,0,V-2023.12-SP3,V-2023.12-SP4,4.189,1.303,0.002396,5.495,5.492,4.119,3.231,0.8056,6.0360000000000005e-05,4.037,0.6018,0.08624,0.001753,0.6898,0.3569,0.41169999999999995,0.0005825,0.7691,0.0,0.0,0.0,0.0,0.0,0.0,0.0,0.0,0.0,0.0,0.0,0.0,0.0,0.0,0.0,0.0,unvectored,none,2,2026-07-26T16:00:44+00:00
intadd_96_96_96_5_10nm_TT_0V8_25C_1333p33MHz,intadd,a_width=96;b_width=96;out_width=96;pipeline_stages=5,10nm,TT,0.8,25.0,0.75,1333.3333333333333,96,96,96,5,V-2023.12-SP4,2147,1424,723,606.935059,162.723838,444.211221,0.3367489520260829,0.7318925054879718,0.51,0.02,0.0,0,V-2023.12-SP4,2216,1493,723,628.78,184.57,444.21,859.177,0.7318,0.32626353790613716,0.7064633099017145,0.2,0.38,0.0,0,V-2023.12-SP3,V-2023.12-SP4,5.852,1.506,0.001887,7.36,7.3580000000000005,5.5185,3.876,0.8348,0.00012770000000000001,4.711,1.4009999999999998,0.1931,0.001137,1.595,0.5754999999999999,0.4782,0.0006231,1.054,0.0,0.0,0.0,0.0,0.0,0.0,0.0,0.0,0.0,0.0,0.0,0.0,0.0,0.0,0.0,0.0,vectored,random,2,2026-07-26T16:00:48+00:00
intadd_128_128_136_5_5nm_TT_0V7_25C_1333p33MHz,intadd,a_width=128;b_width=128;out_width=136;pipeline_stages=5,5nm,TT,0.7,25.0,0.75,1333.3333333333333,128,128,136,5,V-2023.12-SP4,2881,1929,952,228.261597,68.325599,159.935998,0.3304408191600139,0.7006697583036713,0.48,0.06,0.0,0,V-2023.12-SP4,2940,1988,952,232.42,72.48,159.94,324.4668,0.7163,0.3238095238095238,0.6881507615523621,0.2,0.38,0.0,0,V-2023.12-SP3,V-2023.12-SP4,5.215,1.582,0.0022630000000000003,6.799,6.797,5.09775,3.25,0.8056,6.0370000000000006e-05,4.056,1.3519999999999999,0.2154,0.001581,1.5690000000000002,0.6131,0.5612,0.0006214,1.175,0.0,0.0,0.0,0.0,0.0,0.0,0.0,0.0,0.0,0.0,0.0,0.0,0.0,0.0,0.0,0.0,vectored,random,2,2026-07-26T16:00:51+00:00
intadd_64_64_72_2_16nm_TT_0V85_25C_571p429MHz,intadd,a_width=64;b_width=64;out_width=72;pipeline_stages=2,16nm,TT,0.85,25.0,1.75,571.4285714285714,64,64,72,2,V-2023.12-SP4,885,692,193,393.90107,153.778179,240.122891,0.21807909604519773,0.6096020277375738,1.39,0.13,0.0,0,V-2023.12-SP4,909,716,193,455.67,204.85,250.82,558.5656,0.8158,0.21232123212321233,0.5504422059823995,0.72,0.83,0.0,0,V-2023.12-SP3,V-2023.12-SP4,1.092,0.1706,0.9642999999999999,2.226,1.2626000000000002,2.20955,0.8911,0.06674000000000001,0.9634,1.921,0.1155,0.01359,0.0006581,0.1298,0.08499,0.09025,0.00027150000000000004,0.17550000000000002,0.0,0.0,0.0,0.0,0.0,0.0,0.0,0.0,0.0,0.0,0.0,0.0,0.0,0.0,0.0,0.0,unvectored,none,2,2026-07-26T16:01:41+00:00
intadd_64_64_72_2_16nm_TT_0V85_25C_571p429MHz,intadd,a_width=64;b_width=64;out_width=72;pipeline_stages=2,16nm,TT,0.85,25.0,1.75,571.4285714285714,64,64,72,2,V-2023.12-SP4,885,692,193,393.90107,153.778179,240.122891,0.21807909604519773,0.6096020277375738,1.39,0.13,0.0,0,V-2023.12-SP4,909,716,193,455.67,204.85,250.82,558.5656,0.8158,0.21232123212321233,0.5504422059823995,0.72,0.83,0.0,0,V-2023.12-SP3,V-2023.12-SP4,1.297,0.2453,0.9642999999999999,2.506,1.5423,2.699025,0.8918,0.06674000000000001,0.9634,1.9220000000000002,0.2577,0.03393,0.0005999,0.2923,0.147,0.1447,0.0002884,0.2919,0.0,0.0,0.0,0.0,0.0,0.0,0.0,0.0,0.0,0.0,0.0,0.0,0.0,0.0,0.0,0.0,vectored,random,2,2026-07-26T16:01:48+00:00
intadd_64_64_72_5_20nm_TT_0V9_25C_800MHz,intadd,a_width=64;b_width=64;out_width=72;pipeline_stages=5,20nm,TT,0.9,25.0,1.25,800.0,64,64,72,5,V-2023.12-SP4,1420,941,479,1382.303993,370.655998,1011.647995,0.3373239436619718,0.7318563790041804,0.98,0.04,0.0,0,V-2023.12-SP4,1467,988,479,1437.32,425.67,1011.65,1951.488,0.7365,0.3265167007498296,0.7038446553307545,0.49,0.59,0.0,0,V-2023.12-SP3,V-2023.12-SP4,3.124,0.7196,0.05287,3.8960000000000004,3.8436000000000003,4.804500000000001,2.4810000000000003,0.4736,0.051629999999999995,3.006,0.4133,0.04388,0.0007262,0.45790000000000003,0.2297,0.20220000000000002,0.000509,0.4324,0.0,0.0,0.0,0.0,0.0,0.0,0.0,0.0,0.0,0.0,0.0,0.0,0.0,0.0,0.0,0.0,unvectored,none,2,2026-07-26T16:01:51+00:00
intadd_64_64_72_5_20nm_TT_0V9_25C_800MHz,intadd,a_width=64;b_width=64;out_width=72;pipeline_stages=5,20nm,TT,0.9,25.0,1.25,800.0,64,64,72,5,V-2023.12-SP4,1420,941,479,1382.303993,370.655998,1011.647995,0.3373239436619718,0.7318563790041804,0.98,0.04,0.0,0,V-2023.12-SP4,1467,988,479,1437.32,425.67,1011.65,1951.488,0.7365,0.3265167007498296,0.7038446553307545,0.49,0.59,0.0,0,V-2023.12-SP3,V-2023.12-SP4,3.776,0.8379000000000001,0.05307,4.667,4.6139,5.767375,2.483,0.4736,0.051629999999999995,3.008,0.925,0.10959999999999999,0.0008734,1.036,0.3674,0.25470000000000004,0.0005626,0.6227999999999999,0.0,0.0,0.0,0.0,0.0,0.0,0.0,0.0,0.0,0.0,0.0,0.0,0.0,0.0,0.0,0.0,vectored,random,2,2026-07-26T16:01:58+00:00
intadd_64_64_72_3_16nm_TT_0V85_25C_1000MHz,intadd,a_width=64;b_width=64;out_width=72;pipeline_stages=3,16nm,TT,0.85,25.0,1.0,1000.0,64,64,72,3,V-2023.12-SP4,1080,794,286,535.486483,179.656707,355.829776,0.26481481481481484,0.6644981475657528,0.69,0.08,0.0,0,V-2023.12-SP4,1102,816,286,587.55,223.64,363.92,764.4119,0.7686,0.2595281306715064,0.6193855842055996,0.35,0.47,0.0,0,V-2023.12-SP3,V-2023.12-SP4,2.3930000000000002,0.5439,0.7081000000000001,3.645,2.9369000000000005,2.9369000000000005,1.9369999999999998,0.3289,0.7065,2.973,0.2747,0.0314,0.001282,0.3074,0.18080000000000002,0.1835,0.0003256,0.36469999999999997,0.0,0.0,0.0,0.0,0.0,0.0,0.0,0.0,0.0,0.0,0.0,0.0,0.0,0.0,0.0,0.0,unvectored,none,2,2026-07-26T16:02:01+00:00
intadd_96_96_104_5_7nm_TT_0V75_25C_1333p33MHz,intadd,a_width=96;b_width=96;out_width=104;pipeline_stages=5,7nm,TT,0.75,25.0,0.75,1333.3333333333333,96,96,104,5,V-2023.12-SP4,2094,1382,712,313.18964,83.526911,229.662729,0.34001910219675263,0.7333024457641703,0.53,0.0,0.0,0,V-2023.12-SP4,2156,1444,712,321.88,92.22,229.66,441.7459,0.7287,0.3302411873840445,0.7134957126879582,0.19,0.37,0.0,0,V-2023.12-SP3,V-2023.12-SP4,3.649,1.003,0.0023420000000000003,4.655,4.652,3.489,2.8930000000000002,0.6388,7.14e-05,3.532,0.4865,0.06305999999999999,0.001822,0.5514,0.2698,0.3013,0.0004483,0.5716,0.0,0.0,0.0,0.0,0.0,0.0,0.0,0.0,0.0,0.0,0.0,0.0,0.0,0.0,0.0,0.0,unvectored,none,2,2026-07-26T16:02:06+00:00
intadd_64_64_72_3_16nm_TT_0V85_25C_1000MHz,intadd,a_width=64;b_width=64;out_width=72;pipeline_stages=3,16nm,TT,0.85,25.0,1.0,1000.0,64,64,72,3,V-2023.12-SP4,1080,794,286,535.486483,179.656707,355.829776,0.26481481481481484,0.6644981475657528,0.69,0.08,0.0,0,V-2023.12-SP4,1102,816,286,587.55,223.64,363.92,764.4119,0.7686,0.2595281306715064,0.6193855842055996,0.35,0.47,0.0,0,V-2023.12-SP3,V-2023.12-SP4,2.862,0.6700999999999999,0.7079,4.24,3.5321,3.5321,1.939,0.3289,0.7065,2.975,0.6167,0.07841000000000001,0.001081,0.6962,0.3055,0.2627,0.0003509,0.5686000000000001,0.0,0.0,0.0,0.0,0.0,0.0,0.0,0.0,0.0,0.0,0.0,0.0,0.0,0.0,0.0,0.0,vectored,random,2,2026-07-26T16:02:09+00:00
intadd_96_96_104_5_7nm_TT_0V75_25C_1333p33MHz,intadd,a_width=96;b_width=96;out_width=104;pipeline_stages=5,7nm,TT,0.75,25.0,0.75,1333.3333333333333,96,96,104,5,V-2023.12-SP4,2094,1382,712,313.18964,83.526911,229.662729,0.34001910219675263,0.7333024457641703,0.53,0.0,0.0,0,V-2023.12-SP4,2156,1444,712,321.88,92.22,229.66,441.7459,0.7287,0.3302411873840445,0.7134957126879582,0.19,0.37,0.0,0,V-2023.12-SP3,V-2023.12-SP4,4.441,1.194,0.0027080000000000003,5.638,5.635,4.22625,2.891,0.6388,7.138e-05,3.5300000000000002,1.091,0.1577,0.002176,1.251,0.4586,0.39740000000000003,0.00046100000000000004,0.8564999999999999,0.0,0.0,0.0,0.0,0.0,0.0,0.0,0.0,0.0,0.0,0.0,0.0,0.0,0.0,0.0,0.0,vectored,random,2,2026-07-26T16:02:13+00:00
intadd_64_64_72_3_16nm_TT_0V85_25C_666p667MHz,intadd,a_width=64;b_width=64;out_width=72;pipeline_stages=3,16nm,TT,0.85,25.0,1.5,666.6666666666666,64,64,72,3,V-2023.12-SP4,1025,739,286,525.097747,169.267971,355.829776,0.27902439024390246,0.6776448347625456,1.22,0.05,0.0,0,V-2023.12-SP4,1070,784,286,575.55,207.15,368.4,739.7153,0.7781,0.2672897196261682,0.6400833984884025,0.6,0.71,0.0,0,V-2023.12-SP3,V-2023.12-SP4,1.502,0.33980000000000005,0.2584,2.1,1.8418,2.7627,1.1969999999999998,0.2068,0.257,1.661,0.1891,0.02135,0.001105,0.2115,0.1155,0.1116,0.0003113,0.2275,0.0,0.0,0.0,0.0,0.0,0.0,0.0,0.0,0.0,0.0,0.0,0.0,0.0,0.0,0.0,0.0,unvectored,none,2,2026-07-26T16:02:16+00:00
intadd_64_64_72_3_16nm_TT_0V85_25C_666p667MHz,intadd,a_width=64;b_width=64;out_width=72;pipeline_stages=3,16nm,TT,0.85,25.0,1.5,666.6666666666666,64,64,72,3,V-2023.12-SP4,1025,739,286,525.097747,169.267971,355.829776,0.27902439024390246,0.6776448347625456,1.22,0.05,0.0,0,V-2023.12-SP4,1070,784,286,575.55,207.15,368.4,739.7153,0.7781,0.2672897196261682,0.6400833984884025,0.6,0.71,0.0,0,V-2023.12-SP3,V-2023.12-SP4,1.82,0.4217,0.2583,2.5,2.2417000000000002,3.3625500000000006,1.198,0.2068,0.257,1.6620000000000001,0.4255,0.05331,0.0009694,0.4798,0.196,0.1616,0.00033640000000000005,0.35790000000000005,0.0,0.0,0.0,0.0,0.0,0.0,0.0,0.0,0.0,0.0,0.0,0.0,0.0,0.0,0.0,0.0,vectored,random,2,2026-07-26T16:02:23+00:00
intadd_96_96_96_2_20nm_TT_0V9_25C_571p429MHz,intadd,a_width=96;b_width=96;out_width=96;pipeline_stages=2,20nm,TT,0.9,25.0,1.75,571.4285714285714,96,96,96,2,V-2023.12-SP4,1383,1095,288,1016.716794,408.460798,608.255997,0.20824295010845986,0.598255089902646,1.4,0.12,0.0,0,V-2023.12-SP4,1402,1114,288,1054.31,446.05,608.26,1429.4016,0.7376,0.20542082738944364,0.5769270897553851,0.75,0.76,0.0,0,V-2023.12-SP3,V-2023.12-SP4,1.452,0.2993,0.2072,1.9589999999999999,1.7513,3.064775,1.109,0.1061,0.2062,1.4220000000000002,0.1888,0.02507,0.0004366,0.21430000000000002,0.1542,0.1681,0.0005097,0.3228,0.0,0.0,0.0,0.0,0.0,0.0,0.0,0.0,0.0,0.0,0.0,0.0,0.0,0.0,0.0,0.0,unvectored,none,2,2026-07-26T16:02:28+00:00
intadd_64_64_72_5_20nm_TT_0V9_25C_571p429MHz,intadd,a_width=64;b_width=64;out_width=72;pipeline_stages=5,20nm,TT,0.9,25.0,1.75,571.4285714285714,64,64,72,5,V-2023.12-SP4,1343,871,472,1345.660793,348.796798,996.863995,0.351451973194341,0.7407988701057444,1.51,0.02,0.0,0,V-2023.12-SP4,1396,924,472,1413.88,417.01,996.86,1893.1968,0.7468,0.33810888252148996,0.7050527626106883,0.73,0.81,0.0,0,V-2023.12-SP3,V-2023.12-SP4,2.285,0.3795,0.3105,2.975,2.6645000000000003,4.6628750000000005,1.833,0.2142,0.30929999999999996,2.357,0.29090000000000005,0.03085,0.0007159,0.32249999999999995,0.16019999999999998,0.1344,0.00048800000000000004,0.29510000000000003,0.0,0.0,0.0,0.0,0.0,0.0,0.0,0.0,0.0,0.0,0.0,0.0,0.0,0.0,0.0,0.0,unvectored,none,2,2026-07-26T16:02:33+00:00
intadd_96_96_96_2_20nm_TT_0V9_25C_571p429MHz,intadd,a_width=96;b_width=96;out_width=96;pipeline_stages=2,20nm,TT,0.9,25.0,1.75,571.4285714285714,96,96,96,2,V-2023.12-SP4,1383,1095,288,1016.716794,408.460798,608.255997,0.20824295010845986,0.598255089902646,1.4,0.12,0.0,0,V-2023.12-SP4,1402,1114,288,1054.31,446.05,608.26,1429.4016,0.7376,0.20542082738944364,0.5769270897553851,0.75,0.76,0.0,0,V-2023.12-SP3,V-2023.12-SP4,1.799,0.4351,0.20729999999999998,2.441,2.2340999999999998,3.9096749999999996,1.111,0.1061,0.2062,1.423,0.4172,0.06278,0.0005252999999999999,0.48050000000000004,0.27080000000000004,0.2662,0.0005423,0.5375,0.0,0.0,0.0,0.0,0.0,0.0,0.0,0.0,0.0,0.0,0.0,0.0,0.0,0.0,0.0,0.0,vectored,random,2,2026-07-26T16:02:35+00:00
intadd_64_64_72_5_20nm_TT_0V9_25C_571p429MHz,intadd,a_width=64;b_width=64;out_width=72;pipeline_stages=5,20nm,TT,0.9,25.0,1.75,571.4285714285714,64,64,72,5,V-2023.12-SP4,1343,871,472,1345.660793,348.796798,996.863995,0.351451973194341,0.7407988701057444,1.51,0.02,0.0,0,V-2023.12-SP4,1396,924,472,1413.88,417.01,996.86,1893.1968,0.7468,0.33810888252148996,0.7050527626106883,0.73,0.81,0.0,0,V-2023.12-SP3,V-2023.12-SP4,2.7390000000000003,0.4556,0.31070000000000003,3.505,3.1946000000000003,5.59055,1.835,0.2142,0.30929999999999996,2.359,0.6518999999999999,0.07707,0.0008629,0.7299,0.2516,0.1643,0.0005405,0.4164,0.0,0.0,0.0,0.0,0.0,0.0,0.0,0.0,0.0,0.0,0.0,0.0,0.0,0.0,0.0,0.0,vectored,random,2,2026-07-26T16:02:40+00:00
intadd_96_96_104_2_10nm_TT_0V8_25C_800MHz,intadd,a_width=96;b_width=96;out_width=104;pipeline_stages=2,10nm,TT,0.8,25.0,1.25,800.0,96,96,104,2,V-2023.12-SP4,1356,1067,289,293.867527,116.305919,177.561608,0.21312684365781712,0.6042233036520568,0.93,0.1,0.0,0,V-2023.12-SP4,1382,1093,289,300.99,123.43,177.56,416.809,0.7221,0.20911722141823444,0.5899199308947141,0.45,0.65,0.0,0,V-2023.12-SP3,V-2023.12-SP4,1.3,0.3452,0.0008469,1.646,1.6452,2.0564999999999998,1.002,0.1653,4.283e-05,1.167,0.1605,0.02319,0.0004234,0.1841,0.1375,0.15660000000000002,0.0003806,0.2945,0.0,0.0,0.0,0.0,0.0,0.0,0.0,0.0,0.0,0.0,0.0,0.0,0.0,0.0,0.0,0.0,unvectored,none,2,2026-07-26T16:03:00+00:00
intadd_96_96_104_2_10nm_TT_0V8_25C_800MHz,intadd,a_width=96;b_width=96;out_width=104;pipeline_stages=2,10nm,TT,0.8,25.0,1.25,800.0,96,96,104,2,V-2023.12-SP4,1356,1067,289,293.867527,116.305919,177.561608,0.21312684365781712,0.6042233036520568,0.93,0.1,0.0,0,V-2023.12-SP4,1382,1093,289,300.99,123.43,177.56,416.809,0.7221,0.20911722141823444,0.5899199308947141,0.45,0.65,0.0,0,V-2023.12-SP3,V-2023.12-SP4,1.5870000000000002,0.4828,0.000897,2.0709999999999997,2.0698000000000003,2.5872500000000005,1.001,0.1653,4.2839999999999996e-05,1.167,0.3564,0.058050000000000004,0.0004592,0.4149,0.22949999999999998,0.2594,0.0003949,0.4893,0.0,0.0,0.0,0.0,0.0,0.0,0.0,0.0,0.0,0.0,0.0,0.0,0.0,0.0,0.0,0.0,vectored,random,2,2026-07-26T16:03:06+00:00
intadd_96_96_104_3_10nm_TT_0V8_25C_1333p33MHz,intadd,a_width=96;b_width=96;out_width=104;pipeline_stages=3,10nm,TT,0.8,25.0,0.75,1333.3333333333333,96,96,104,3,V-2023.12-SP4,1638,1208,430,398.929931,134.737918,264.192013,0.2625152625152625,0.6622516699555441,0.49,0.04,0.0,0,V-2023.12-SP4,1652,1222,430,405.17,140.97,264.19,567.5827,0.7138,0.2602905569007264,0.6520472887923587,0.2,0.35,0.0,0,V-2023.12-SP3,V-2023.12-SP4,2.863,0.6624,0.001122,3.527,3.5254,2.64405,2.195,0.2997,3.356e-05,2.494,0.38380000000000003,0.04829,0.0006301,0.4327,0.2847,0.3144,0.0004584,0.5996,0.0,0.0,0.0,0.0,0.0,0.0,0.0,0.0,0.0,0.0,0.0,0.0,0.0,0.0,0.0,0.0,unvectored,none,2,2026-07-26T16:03:10+00:00
intadd_96_96_104_5_7nm_TT_0V75_25C_800MHz,intadd,a_width=96;b_width=96;out_width=104;pipeline_stages=5,7nm,TT,0.75,25.0,1.25,800.0,96,96,104,5,V-2023.12-SP4,1566,847,719,314.979847,83.059199,231.920649,0.4591315453384419,0.7363031356098156,1.03,0.0,0.0,0,V-2023.12-SP4,1677,958,719,331.49,99.57,231.92,448.4229,0.7392,0.4287418008348241,0.6996289480828983,0.44,0.67,0.0,0,V-2023.12-SP3,V-2023.12-SP4,2.525,0.631,0.0024159999999999997,3.159,3.1559999999999997,3.9449999999999994,2.0509999999999997,0.4305,0.0001694,2.4819999999999998,0.29510000000000003,0.048369999999999996,0.0018390000000000001,0.3453,0.1789,0.1521,0.00040699999999999997,0.3314,0.0,0.0,0.0,0.0,0.0,0.0,0.0,0.0,0.0,0.0,0.0,0.0,0.0,0.0,0.0,0.0,unvectored,none,2,2026-07-26T16:03:12+00:00
intadd_96_96_104_3_10nm_TT_0V8_25C_1333p33MHz,intadd,a_width=96;b_width=96;out_width=104;pipeline_stages=3,10nm,TT,0.8,25.0,0.75,1333.3333333333333,96,96,104,3,V-2023.12-SP4,1638,1208,430,398.929931,134.737918,264.192013,0.2625152625152625,0.6622516699555441,0.49,0.04,0.0,0,V-2023.12-SP4,1652,1222,430,405.17,140.97,264.19,567.5827,0.7138,0.2602905569007264,0.6520472887923587,0.2,0.35,0.0,0,V-2023.12-SP3,V-2023.12-SP4,3.4880000000000004,0.8654,0.001193,4.355,4.353400000000001,3.2650500000000005,2.193,0.2997,3.356e-05,2.493,0.8527,0.12079999999999999,0.0006801999999999999,0.9742000000000001,0.4423,0.4449,0.0004792,0.8876,0.0,0.0,0.0,0.0,0.0,0.0,0.0,0.0,0.0,0.0,0.0,0.0,0.0,0.0,0.0,0.0,vectored,random,2,2026-07-26T16:03:17+00:00
intadd_96_96_104_5_7nm_TT_0V75_25C_800MHz,intadd,a_width=96;b_width=96;out_width=104;pipeline_stages=5,7nm,TT,0.75,25.0,1.25,800.0,96,96,104,5,V-2023.12-SP4,1566,847,719,314.979847,83.059199,231.920649,0.4591315453384419,0.7363031356098156,1.03,0.0,0.0,0,V-2023.12-SP4,1677,958,719,331.49,99.57,231.92,448.4229,0.7392,0.4287418008348241,0.6996289480828983,0.44,0.67,0.0,0,V-2023.12-SP3,V-2023.12-SP4,3.023,0.7152999999999999,0.002812,3.741,3.7383,4.672875,2.0509999999999997,0.4305,0.00016969999999999998,2.4810000000000003,0.6671,0.121,0.002221,0.7903,0.3049,0.1638,0.0004206,0.4691,0.0,0.0,0.0,0.0,0.0,0.0,0.0,0.0,0.0,0.0,0.0,0.0,0.0,0.0,0.0,0.0,vectored,random,2,2026-07-26T16:03:19+00:00
intadd_96_96_104_3_10nm_TT_0V8_25C_800MHz,intadd,a_width=96;b_width=96;out_width=104;pipeline_stages=3,10nm,TT,0.8,25.0,1.25,800.0,96,96,104,3,V-2023.12-SP4,1546,1116,430,390.236171,126.044159,264.192013,0.278137128072445,0.6770054460174579,1.0,0.03,0.0,0,V-2023.12-SP4,1604,1174,430,408.39,144.2,264.19,552.8064,0.7388,0.26807980049875313,0.6469061436372096,0.45,0.62,0.0,0,V-2023.12-SP3,V-2023.12-SP4,1.91,0.49700000000000005,0.001182,2.408,2.407,3.00875,1.516,0.29159999999999997,0.000116,1.807,0.23020000000000002,0.03132,0.00063,0.2622,0.1639,0.1741,0.0004356,0.3384,0.0,0.0,0.0,0.0,0.0,0.0,0.0,0.0,0.0,0.0,0.0,0.0,0.0,0.0,0.0,0.0,unvectored,none,2,2026-07-26T16:03:33+00:00
intadd_96_96_104_3_10nm_TT_0V8_25C_800MHz,intadd,a_width=96;b_width=96;out_width=104;pipeline_stages=3,10nm,TT,0.8,25.0,1.25,800.0,96,96,104,3,V-2023.12-SP4,1546,1116,430,390.236171,126.044159,264.192013,0.278137128072445,0.6770054460174579,1.0,0.03,0.0,0,V-2023.12-SP4,1604,1174,430,408.39,144.2,264.19,552.8064,0.7388,0.26807980049875313,0.6469061436372096,0.45,0.62,0.0,0,V-2023.12-SP3,V-2023.12-SP4,2.291,0.621,0.001253,2.913,2.912,3.6399999999999997,1.5150000000000001,0.29159999999999997,0.000116,1.806,0.5139,0.07836,0.0006799,0.593,0.2622,0.2511,0.0004568,0.5136999999999999,0.0,0.0,0.0,0.0,0.0,0.0,0.0,0.0,0.0,0.0,0.0,0.0,0.0,0.0,0.0,0.0,vectored,random,2,2026-07-26T16:03:41+00:00
intadd_64_64_72_5_16nm_TT_0V85_25C_1000MHz,intadd,a_width=64;b_width=64;out_width=72;pipeline_stages=5,16nm,TT,0.85,25.0,1.0,1000.0,64,64,72,5,V-2023.12-SP4,1398,926,472,802.047774,214.804227,587.243546,0.3376251788268956,0.7321802578807481,0.7,0.07,0.0,0,V-2023.12-SP4,1441,969,472,870.91,261.65,609.27,1129.324,0.7712,0.3275503122831367,0.6995786016924825,0.34,0.49,0.0,0,V-2023.12-SP3,V-2023.12-SP4,3.522,0.7248,0.5802999999999999,4.827,4.2467999999999995,4.2467999999999995,2.832,0.4617,0.5781000000000001,3.871,0.4602,0.047009999999999996,0.001773,0.509,0.2304,0.2162,0.00040480000000000003,0.447,0.0,0.0,0.0,0.0,0.0,0.0,0.0,0.0,0.0,0.0,0.0,0.0,0.0,0.0,0.0,0.0,unvectored,none,2,2026-07-26T16:04:25+00:00
intadd_64_64_72_5_16nm_TT_0V85_25C_1000MHz,intadd,a_width=64;b_width=64;out_width=72;pipeline_stages=5,16nm,TT,0.85,25.0,1.0,1000.0,64,64,72,5,V-2023.12-SP4,1398,926,472,802.047774,214.804227,587.243546,0.3376251788268956,0.7321802578807481,0.7,0.07,0.0,0,V-2023.12-SP4,1441,969,472,870.91,261.65,609.27,1129.324,0.7712,0.3275503122831367,0.6995786016924825,0.34,0.49,0.0,0,V-2023.12-SP3,V-2023.12-SP4,4.26,0.8536,0.5801,5.694,5.1136,5.1136,2.835,0.4617,0.5781000000000001,3.875,1.0430000000000001,0.11739999999999999,0.00157,1.1620000000000001,0.38180000000000003,0.2746,0.0004468,0.6568,0.0,0.0,0.0,0.0,0.0,0.0,0.0,0.0,0.0,0.0,0.0,0.0,0.0,0.0,0.0,0.0,vectored,random,2,2026-07-26T16:04:32+00:00
intadd_128_128_128_2_7nm_TT_0V75_25C_1333p33MHz,intadd,a_width=128;b_width=128;out_width=128;pipeline_stages=2,7nm,TT,0.75,25.0,0.75,1333.3333333333333,128,128,128,2,V-2023.12-SP4,1847,1463,384,207.3577,83.494655,123.863045,0.20790471034109367,0.5973399830341483,0.51,0.02,0.0,0,V-2023.12-SP4,1881,1497,384,214.45,90.59,123.86,293.9167,0.7296,0.20414673046251994,0.5775705292609,0.2,0.36,0.0,0,V-2023.12-SP3,V-2023.12-SP4,2.169,0.7339,0.001441,2.904,2.9029,2.177175,1.655,0.3749,6.576000000000001e-05,2.0300000000000002,0.2799,0.0404,0.0009824999999999999,0.3212,0.2343,0.3186,0.00039289999999999996,0.5532999999999999,0.0,0.0,0.0,0.0,0.0,0.0,0.0,0.0,0.0,0.0,0.0,0.0,0.0,0.0,0.0,0.0,unvectored,none,2,2026-07-26T16:04:38+00:00
intadd_128_128_128_2_7nm_TT_0V75_25C_1333p33MHz,intadd,a_width=128;b_width=128;out_width=128;pipeline_stages=2,7nm,TT,0.75,25.0,0.75,1333.3333333333333,128,128,128,2,V-2023.12-SP4,1847,1463,384,207.3577,83.494655,123.863045,0.20790471034109367,0.5973399830341483,0.51,0.02,0.0,0,V-2023.12-SP4,1881,1497,384,214.45,90.59,123.86,293.9167,0.7296,0.20414673046251994,0.5775705292609,0.2,0.36,0.0,0,V-2023.12-SP3,V-2023.12-SP4,2.706,1.001,0.00165,3.709,3.707,2.7802499999999997,1.6540000000000001,0.3749,6.586999999999999e-05,2.029,0.6277,0.1008,0.001184,0.7297,0.424,0.5257999999999999,0.00040040000000000003,0.9502999999999999,0.0,0.0,0.0,0.0,0.0,0.0,0.0,0.0,0.0,0.0,0.0,0.0,0.0,0.0,0.0,0.0,vectored,random,2,2026-07-26T16:04:45+00:00
intadd_96_96_96_2_16nm_TT_0V85_25C_800MHz,intadd,a_width=96;b_width=96;out_width=96;pipeline_stages=2,16nm,TT,0.85,25.0,1.25,800.0,96,96,96,2,V-2023.12-SP4,1386,1098,288,599.560724,241.242628,358.318096,0.2077922077922078,0.597634370726392,0.94,0.08,0.0,0,V-2023.12-SP4,1410,1122,288,629.3,263.76,365.53,839.808,0.7493,0.20425531914893616,0.5808517400286032,0.47,0.59,0.0,0,V-2023.12-SP3,V-2023.12-SP4,1.736,0.4389,0.1945,2.369,2.1749,2.7186250000000003,1.327,0.2054,0.19269999999999998,1.7249999999999999,0.22719999999999999,0.02993,0.001328,0.2585,0.1821,0.20359999999999998,0.0004232,0.3861,0.0,0.0,0.0,0.0,0.0,0.0,0.0,0.0,0.0,0.0,0.0,0.0,0.0,0.0,0.0,0.0,unvectored,none,2,2026-07-26T16:04:46+00:00
intadd_96_96_96_3_20nm_TT_0V9_25C_800MHz,intadd,a_width=96;b_width=96;out_width=96;pipeline_stages=3,20nm,TT,0.9,25.0,1.25,800.0,96,96,96,3,V-2023.12-SP4,1698,1265,433,1388.745592,474.249597,914.495995,0.25500588928150764,0.6585050568426934,0.96,0.06,0.0,0,V-2023.12-SP4,1736,1303,433,1459.5,545.0,914.5,1957.296,0.7457,0.24942396313364054,0.6265844467283316,0.49,0.52,0.0,0,V-2023.12-SP3,V-2023.12-SP4,3.053,0.6476999999999999,0.36210000000000003,4.063,3.7007,4.625875,2.402,0.3244,0.3609,3.088,0.38420000000000004,0.04702,0.0006568,0.43179999999999996,0.26630000000000004,0.2763,0.0006098,0.5431,0.0,0.0,0.0,0.0,0.0,0.0,0.0,0.0,0.0,0.0,0.0,0.0,0.0,0.0,0.0,0.0,unvectored,none,2,2026-07-26T16:04:49+00:00
intadd_96_96_96_2_16nm_TT_0V85_25C_800MHz,intadd,a_width=96;b_width=96;out_width=96;pipeline_stages=2,16nm,TT,0.85,25.0,1.25,800.0,96,96,96,2,V-2023.12-SP4,1386,1098,288,599.560724,241.242628,358.318096,0.2077922077922078,0.597634370726392,0.94,0.08,0.0,0,V-2023.12-SP4,1410,1122,288,629.3,263.76,365.53,839.808,0.7493,0.20425531914893616,0.5808517400286032,0.47,0.59,0.0,0,V-2023.12-SP3,V-2023.12-SP4,2.1519999999999997,0.6026,0.1943,2.949,2.7546,3.44325,1.3290000000000002,0.2054,0.19269999999999998,1.727,0.5046999999999999,0.07492,0.001112,0.5807,0.319,0.3223,0.0004487,0.6418,0.0,0.0,0.0,0.0,0.0,0.0,0.0,0.0,0.0,0.0,0.0,0.0,0.0,0.0,0.0,0.0,vectored,random,2,2026-07-26T16:04:54+00:00
intadd_96_96_96_3_20nm_TT_0V9_25C_800MHz,intadd,a_width=96;b_width=96;out_width=96;pipeline_stages=3,20nm,TT,0.9,25.0,1.25,800.0,96,96,96,3,V-2023.12-SP4,1698,1265,433,1388.745592,474.249597,914.495995,0.25500588928150764,0.6585050568426934,0.96,0.06,0.0,0,V-2023.12-SP4,1736,1303,433,1459.5,545.0,914.5,1957.296,0.7457,0.24942396313364054,0.6265844467283316,0.49,0.52,0.0,0,V-2023.12-SP3,V-2023.12-SP4,3.7039999999999997,0.8363,0.3623,4.9030000000000005,4.5403,5.675375000000001,2.405,0.3244,0.3609,3.09,0.8556,0.1177,0.0007909,0.9740000000000001,0.4434,0.3942,0.0006595,0.8383,0.0,0.0,0.0,0.0,0.0,0.0,0.0,0.0,0.0,0.0,0.0,0.0,0.0,0.0,0.0,0.0,vectored,random,2,2026-07-26T16:04:57+00:00
intadd_96_96_96_2_16nm_TT_0V85_25C_500MHz,intadd,a_width=96;b_width=96;out_width=96;pipeline_stages=2,16nm,TT,0.85,25.0,2.0,500.0,96,96,96,2,V-2023.12-SP4,1348,1060,288,592.469012,234.150916,358.318096,0.21364985163204747,0.6047879108316977,1.72,0.05,0.0,0,V-2023.12-SP4,1372,1084,288,635.77,256.92,378.85,836.6976,0.7599,0.2099125364431487,0.5958915960174277,0.85,0.92,0.0,0,V-2023.12-SP3,V-2023.12-SP4,1.0790000000000002,0.2336,0.1939,1.5070000000000001,1.3126000000000002,2.6252000000000004,0.8108,0.09272000000000001,0.19269999999999998,1.0959999999999999,0.1555,0.0185,0.000802,0.17479999999999998,0.11270000000000001,0.1224,0.0004129,0.23550000000000001,0.0,0.0,0.0,0.0,0.0,0.0,0.0,0.0,0.0,0.0,0.0,0.0,0.0,0.0,0.0,0.0,unvectored,none,2,2026-07-26T16:05:02+00:00
intadd_96_96_96_2_16nm_TT_0V85_25C_500MHz,intadd,a_width=96;b_width=96;out_width=96;pipeline_stages=2,16nm,TT,0.85,25.0,2.0,500.0,96,96,96,2,V-2023.12-SP4,1348,1060,288,592.469012,234.150916,358.318096,0.21364985163204747,0.6047879108316977,1.72,0.05,0.0,0,V-2023.12-SP4,1372,1084,288,635.77,256.92,378.85,836.6976,0.7599,0.2099125364431487,0.5958915960174277,0.85,0.92,0.0,0,V-2023.12-SP3,V-2023.12-SP4,1.359,0.3357,0.1939,1.889,1.6947,3.3894,0.8117000000000001,0.09272000000000001,0.19269999999999998,1.0970000000000002,0.3501,0.046310000000000004,0.0007791,0.3972,0.1974,0.1967,0.00043809999999999997,0.3945,0.0,0.0,0.0,0.0,0.0,0.0,0.0,0.0,0.0,0.0,0.0,0.0,0.0,0.0,0.0,0.0,vectored,random,2,2026-07-26T16:05:09+00:00
intadd_96_96_96_5_20nm_TT_0V9_25C_500MHz,intadd,a_width=96;b_width=96;out_width=96;pipeline_stages=5,20nm,TT,0.9,25.0,2.0,500.0,96,96,96,5,V-2023.12-SP4,2071,1348,723,2064.479989,537.503997,1526.975992,0.3491067117334621,0.7396419437999212,1.76,0.0,0.0,0,V-2023.12-SP4,2163,1440,723,2176.52,649.55,1526.98,2907.9072,0.7485,0.3342579750346741,0.7015694778821238,0.87,0.99,0.0,0,V-2023.12-SP3,V-2023.12-SP4,3.09,0.7308,0.36279999999999996,4.183,3.8207999999999998,7.6415999999999995,2.484,0.4908,0.3609,3.336,0.3897,0.043699999999999996,0.001096,0.4345,0.2158,0.1964,0.0007430000000000001,0.4129,0.0,0.0,0.0,0.0,0.0,0.0,0.0,0.0,0.0,0.0,0.0,0.0,0.0,0.0,0.0,0.0,unvectored,none,2,2026-07-26T16:05:39+00:00
intadd_96_96_96_5_20nm_TT_0V9_25C_500MHz,intadd,a_width=96;b_width=96;out_width=96;pipeline_stages=5,20nm,TT,0.9,25.0,2.0,500.0,96,96,96,5,V-2023.12-SP4,2071,1348,723,2064.479989,537.503997,1526.975992,0.3491067117334621,0.7396419437999212,1.76,0.0,0.0,0,V-2023.12-SP4,2163,1440,723,2176.52,649.55,1526.98,2907.9072,0.7485,0.3342579750346741,0.7015694778821238,0.87,0.99,0.0,0,V-2023.12-SP3,V-2023.12-SP4,3.701,0.8363999999999999,0.3631,4.901,4.5374,9.0748,2.487,0.4908,0.3609,3.339,0.8756,0.1093,0.001325,0.9862,0.3387,0.2363,0.0008244,0.5758,0.0,0.0,0.0,0.0,0.0,0.0,0.0,0.0,0.0,0.0,0.0,0.0,0.0,0.0,0.0,0.0,vectored,random,2,2026-07-26T16:05:46+00:00
intadd_96_96_96_5_20nm_TT_0V9_25C_800MHz,intadd,a_width=96;b_width=96;out_width=96;pipeline_stages=5,20nm,TT,0.9,25.0,1.25,800.0,96,96,96,5,V-2023.12-SP4,2195,1472,723,2101.545589,574.569597,1526.975992,0.32938496583143506,0.726596653430962,0.96,0.05,0.0,0,V-2023.12-SP4,2237,1514,723,2165.12,638.14,1526.98,2980.032,0.7265,0.32320071524362987,0.705263449600946,0.49,0.52,0.0,0,V-2023.12-SP3,V-2023.12-SP4,4.906,0.7195,0.2596,5.885,5.6255,7.031874999999999,3.93,0.3236,0.2578,4.5120000000000005,0.6246999999999999,0.06937,0.001097,0.6951,0.35100000000000003,0.3266,0.0007757,0.6784,0.0,0.0,0.0,0.0,0.0,0.0,0.0,0.0,0.0,0.0,0.0,0.0,0.0,0.0,0.0,0.0,unvectored,none,2,2026-07-26T16:05:52+00:00
intadd_96_96_96_5_20nm_TT_0V9_25C_800MHz,intadd,a_width=96;b_width=96;out_width=96;pipeline_stages=5,20nm,TT,0.9,25.0,1.25,800.0,96,96,96,5,V-2023.12-SP4,2195,1472,723,2101.545589,574.569597,1526.975992,0.32938496583143506,0.726596653430962,0.96,0.05,0.0,0,V-2023.12-SP4,2237,1514,723,2165.12,638.14,1526.98,2980.032,0.7265,0.32320071524362987,0.705263449600946,0.49,0.52,0.0,0,V-2023.12-SP3,V-2023.12-SP4,5.916,0.923,0.25999999999999995,7.099,6.839,8.54875,3.934,0.3236,0.2578,4.515,1.408,0.1735,0.0013230000000000002,1.582,0.5744,0.426,0.0008574,1.001,0.0,0.0,0.0,0.0,0.0,0.0,0.0,0.0,0.0,0.0,0.0,0.0,0.0,0.0,0.0,0.0,vectored,random,2,2026-07-26T16:05:59+00:00
intadd_96_96_104_5_10nm_TT_0V8_25C_1333p33MHz,intadd,a_width=96;b_width=96;out_width=104;pipeline_stages=5,10nm,TT,0.8,25.0,0.75,1333.3333333333333,96,96,104,5,V-2023.12-SP4,2152,1440,712,601.405459,163.952638,437.452821,0.3308550185873606,0.7273841872459624,0.49,0.04,0.0,0,V-2023.12-SP4,2198,1486,712,613.45,175.99,437.45,854.5075,0.7179,0.32393084622383983,0.713098052000978,0.2,0.36,0.0,0,V-2023.12-SP3,V-2023.12-SP4,4.644,1.038,0.001697,5.684,5.682,4.2615,3.666,0.5841000000000001,6.473e-05,4.25,0.6172000000000001,0.0752,0.001043,0.6935,0.3606,0.3791,0.0005895000000000001,0.7402,0.0,0.0,0.0,0.0,0.0,0.0,0.0,0.0,0.0,0.0,0.0,0.0,0.0,0.0,0.0,0.0,unvectored,none,2,2026-07-26T16:06:01+00:00
intadd_128_128_128_2_10nm_TT_0V8_25C_1333p33MHz,intadd,a_width=128;b_width=128;out_width=128;pipeline_stages=2,10nm,TT,0.8,25.0,0.75,1333.3333333333333,128,128,128,2,V-2023.12-SP4,1897,1513,384,398.31553,162.385919,235.929611,0.20242488139167106,0.5923183838701945,0.48,0.06,0.0,0,V-2023.12-SP4,1924,1540,384,404.98,169.05,235.93,567.5827,0.7135,0.1995841995841996,0.5825719788631537,0.2,0.35,0.0,0,V-2023.12-SP3,V-2023.12-SP4,2.615,0.825,0.001123,3.441,3.4400000000000004,2.58,1.944,0.38949999999999996,3.553e-05,2.333,0.3552,0.04786,0.0005628,0.4036,0.316,0.3876,0.0005249,0.7041999999999999,0.0,0.0,0.0,0.0,0.0,0.0,0.0,0.0,0.0,0.0,0.0,0.0,0.0,0.0,0.0,0.0,unvectored,none,2,2026-07-26T16:06:03+00:00
intadd_96_96_104_5_10nm_TT_0V8_25C_1333p33MHz,intadd,a_width=96;b_width=96;out_width=104;pipeline_stages=5,10nm,TT,0.8,25.0,0.75,1333.3333333333333,96,96,104,5,V-2023.12-SP4,2152,1440,712,601.405459,163.952638,437.452821,0.3308550185873606,0.7273841872459624,0.49,0.04,0.0,0,V-2023.12-SP4,2198,1486,712,613.45,175.99,437.45,854.5075,0.7179,0.32393084622383983,0.713098052000978,0.2,0.36,0.0,0,V-2023.12-SP3,V-2023.12-SP4,5.628,1.262,0.001815,6.8919999999999995,6.890000000000001,5.1675,3.664,0.5841000000000001,6.473e-05,4.248,1.3860000000000001,0.1881,0.0011250000000000001,1.5759999999999998,0.5783,0.48950000000000005,0.0006253,1.0679999999999998,0.0,0.0,0.0,0.0,0.0,0.0,0.0,0.0,0.0,0.0,0.0,0.0,0.0,0.0,0.0,0.0,vectored,random,2,2026-07-26T16:06:08+00:00
intadd_128_128_128_2_10nm_TT_0V8_25C_1333p33MHz,intadd,a_width=128;b_width=128;out_width=128;pipeline_stages=2,10nm,TT,0.8,25.0,0.75,1333.3333333333333,128,128,128,2,V-2023.12-SP4,1897,1513,384,398.31553,162.385919,235.929611,0.20242488139167106,0.5923183838701945,0.48,0.06,0.0,0,V-2023.12-SP4,1924,1540,384,404.98,169.05,235.93,567.5827,0.7135,0.1995841995841996,0.5825719788631537,0.2,0.35,0.0,0,V-2023.12-SP3,V-2023.12-SP4,3.245,1.1360000000000001,0.001185,4.382,4.381,3.28575,1.943,0.38949999999999996,3.557e-05,2.332,0.7802,0.1194,0.0006049,0.9002,0.522,0.627,0.0005444,1.15,0.0,0.0,0.0,0.0,0.0,0.0,0.0,0.0,0.0,0.0,0.0,0.0,0.0,0.0,0.0,0.0,vectored,random,2,2026-07-26T16:06:10+00:00
intadd_128_128_128_2_10nm_TT_0V8_25C_800MHz,intadd,a_width=128;b_width=128;out_width=128;pipeline_stages=2,10nm,TT,0.8,25.0,1.25,800.0,128,128,128,2,V-2023.12-SP4,1814,1430,384,391.95649,156.026879,235.929611,0.21168687982359427,0.6019280634950068,0.98,0.05,0.0,0,V-2023.12-SP4,1862,1478,384,405.01,169.08,235.93,552.8064,0.7326,0.20622986036519872,0.5825288264487297,0.45,0.64,0.0,0,V-2023.12-SP3,V-2023.12-SP4,1.71,0.5196000000000001,0.001152,2.231,2.2296,2.787,1.3110000000000002,0.2684,8.006e-05,1.58,0.2131,0.03257,0.0005627000000000001,0.24620000000000003,0.18569999999999998,0.2187,0.0005087,0.4049,0.0,0.0,0.0,0.0,0.0,0.0,0.0,0.0,0.0,0.0,0.0,0.0,0.0,0.0,0.0,0.0,unvectored,none,2,2026-07-26T16:06:29+00:00
intadd_128_128_128_2_10nm_TT_0V8_25C_800MHz,intadd,a_width=128;b_width=128;out_width=128;pipeline_stages=2,10nm,TT,0.8,25.0,1.25,800.0,128,128,128,2,V-2023.12-SP4,1814,1430,384,391.95649,156.026879,235.929611,0.21168687982359427,0.6019280634950068,0.98,0.05,0.0,0,V-2023.12-SP4,1862,1478,384,405.01,169.08,235.93,552.8064,0.7326,0.20622986036519872,0.5825288264487297,0.45,0.64,0.0,0,V-2023.12-SP3,V-2023.12-SP4,2.09,0.7089000000000001,0.001214,2.8,2.7988999999999997,3.4986249999999997,1.31,0.2684,8.006e-05,1.5790000000000002,0.46900000000000003,0.08127,0.0006056,0.5508000000000001,0.3104,0.3592,0.0005281999999999999,0.6702,0.0,0.0,0.0,0.0,0.0,0.0,0.0,0.0,0.0,0.0,0.0,0.0,0.0,0.0,0.0,0.0,vectored,random,2,2026-07-26T16:06:36+00:00
intadd_128_128_128_2_7nm_TT_0V75_25C_800MHz,intadd,a_width=128;b_width=128;out_width=128;pipeline_stages=2,7nm,TT,0.75,25.0,1.25,800.0,128,128,128,2,V-2023.12-SP4,1794,1410,384,204.825604,80.962559,123.863045,0.2140468227424749,0.6047244220502823,1.03,0.0,0.0,0,V-2023.12-SP4,1842,1458,384,210.66,86.8,123.86,288.5138,0.7302,0.20846905537459284,0.5879616443558341,0.45,0.62,0.0,0,V-2023.12-SP3,V-2023.12-SP4,1.272,0.4255,0.0014169999999999999,1.699,1.6975,2.121875,0.9673,0.2171,5.003e-05,1.184,0.16799999999999998,0.02643,0.0009824999999999999,0.19540000000000002,0.1369,0.182,0.0003843,0.31930000000000003,0.0,0.0,0.0,0.0,0.0,0.0,0.0,0.0,0.0,0.0,0.0,0.0,0.0,0.0,0.0,0.0,unvectored,none,2,2026-07-26T16:07:01+00:00
intadd_128_128_128_2_7nm_TT_0V75_25C_800MHz,intadd,a_width=128;b_width=128;out_width=128;pipeline_stages=2,7nm,TT,0.75,25.0,1.25,800.0,128,128,128,2,V-2023.12-SP4,1794,1410,384,204.825604,80.962559,123.863045,0.2140468227424749,0.6047244220502823,1.03,0.0,0.0,0,V-2023.12-SP4,1842,1458,384,210.66,86.8,123.86,288.5138,0.7302,0.20846905537459284,0.5879616443558341,0.45,0.62,0.0,0,V-2023.12-SP3,V-2023.12-SP4,1.601,0.5944,0.0016220000000000002,2.197,2.1954000000000002,2.74425,0.9668,0.2171,5.0039999999999995e-05,1.184,0.37770000000000004,0.06595000000000001,0.0011799999999999998,0.44480000000000003,0.2564,0.31139999999999995,0.00039200000000000004,0.5680999999999999,0.0,0.0,0.0,0.0,0.0,0.0,0.0,0.0,0.0,0.0,0.0,0.0,0.0,0.0,0.0,0.0,vectored,random,2,2026-07-26T16:07:08+00:00
intadd_96_96_96_3_16nm_TT_0V85_25C_1000MHz,intadd,a_width=96;b_width=96;out_width=96;pipeline_stages=3,16nm,TT,0.85,25.0,1.0,1000.0,96,96,96,3,V-2023.12-SP4,1660,1227,433,812.996381,274.275077,538.721304,0.2608433734939759,0.6626367799292824,0.74,0.03,0.0,0,V-2023.12-SP4,1725,1292,433,875.02,322.24,552.78,1156.1357,0.7568,0.2510144927536232,0.6317341317912734,0.35,0.47,0.0,0,V-2023.12-SP3,V-2023.12-SP4,3.32,0.8147,0.2594,4.394,4.1347,4.1347,2.628,0.474,0.257,3.359,0.4197,0.048260000000000004,0.001869,0.4698,0.2727,0.2925,0.0004951,0.5656,0.0,0.0,0.0,0.0,0.0,0.0,0.0,0.0,0.0,0.0,0.0,0.0,0.0,0.0,0.0,0.0,unvectored,none,2,2026-07-26T16:07:25+00:00
intadd_96_96_96_3_16nm_TT_0V85_25C_1000MHz,intadd,a_width=96;b_width=96;out_width=96;pipeline_stages=3,16nm,TT,0.85,25.0,1.0,1000.0,96,96,96,3,V-2023.12-SP4,1660,1227,433,812.996381,274.275077,538.721304,0.2608433734939759,0.6626367799292824,0.74,0.03,0.0,0,V-2023.12-SP4,1725,1292,433,875.02,322.24,552.78,1156.1357,0.7568,0.2510144927536232,0.6317341317912734,0.35,0.47,0.0,0,V-2023.12-SP3,V-2023.12-SP4,4.032,1.014,0.2591,5.306,5.046,5.046,2.6310000000000002,0.474,0.257,3.362,0.9426,0.1207,0.001589,1.065,0.4587,0.4197,0.0005337,0.879,0.0,0.0,0.0,0.0,0.0,0.0,0.0,0.0,0.0,0.0,0.0,0.0,0.0,0.0,0.0,0.0,vectored,random,2,2026-07-26T16:07:32+00:00
intadd_96_96_96_3_16nm_TT_0V85_25C_571p429MHz,intadd,a_width=96;b_width=96;out_width=96;pipeline_stages=3,16nm,TT,0.85,25.0,1.75,571.4285714285714,96,96,96,3,V-2023.12-SP4,1567,1134,433,796.697885,257.97658,538.721304,0.2763241863433312,0.6761927126240582,1.52,0.0,0.0,0,V-2023.12-SP4,1634,1201,433,864.38,302.27,562.11,1125.716,0.7678,0.26499388004895963,0.650304264328189,0.73,0.84,0.0,0,V-2023.12-SP3,V-2023.12-SP4,1.8840000000000001,0.43810000000000004,0.3232,2.645,2.3221000000000003,4.063675000000001,1.48,0.2536,0.3212,2.055,0.2509,0.0285,0.0015,0.2809,0.15259999999999999,0.156,0.000475,0.309,0.0,0.0,0.0,0.0,0.0,0.0,0.0,0.0,0.0,0.0,0.0,0.0,0.0,0.0,0.0,0.0,unvectored,none,2,2026-07-26T16:07:46+00:00
intadd_96_96_96_3_16nm_TT_0V85_25C_571p429MHz,intadd,a_width=96;b_width=96;out_width=96;pipeline_stages=3,16nm,TT,0.85,25.0,1.75,571.4285714285714,96,96,96,3,V-2023.12-SP4,1567,1134,433,796.697885,257.97658,538.721304,0.2763241863433312,0.6761927126240582,1.52,0.0,0.0,0,V-2023.12-SP4,1634,1201,433,864.38,302.27,562.11,1125.716,0.7678,0.26499388004895963,0.650304264328189,0.73,0.84,0.0,0,V-2023.12-SP3,V-2023.12-SP4,2.306,0.5503,0.3231,3.18,2.8563,4.998525,1.482,0.2536,0.3212,2.057,0.5659000000000001,0.07131000000000001,0.0013570000000000001,0.6385,0.2584,0.22540000000000002,0.0005131000000000001,0.4843,0.0,0.0,0.0,0.0,0.0,0.0,0.0,0.0,0.0,0.0,0.0,0.0,0.0,0.0,0.0,0.0,vectored,random,2,2026-07-26T16:07:52+00:00
intadd_96_96_96_5_16nm_TT_0V85_25C_1000MHz,intadd,a_width=96;b_width=96;out_width=96;pipeline_stages=5,16nm,TT,0.85,25.0,1.0,1000.0,96,96,96,5,V-2023.12-SP4,2186,1463,723,1236.25963,336.731909,899.527721,0.33074107959743826,0.727620395563673,0.74,0.03,0.0,0,V-2023.12-SP4,2274,1551,723,1335.48,399.0,936.48,1742.3217,0.7665,0.3179419525065963,0.7012310180609219,0.34,0.48,0.0,0,V-2023.12-SP3,V-2023.12-SP4,5.226,1.108,0.4529,6.787,6.334,6.334,4.151,0.6802,0.4497,5.281,0.7105,0.07564,0.002591,0.7887000000000001,0.3644,0.3518,0.0006377,0.7168,0.0,0.0,0.0,0.0,0.0,0.0,0.0,0.0,0.0,0.0,0.0,0.0,0.0,0.0,0.0,0.0,unvectored,none,2,2026-07-26T16:08:12+00:00
intadd_96_96_96_5_16nm_TT_0V85_25C_1000MHz,intadd,a_width=96;b_width=96;out_width=96;pipeline_stages=5,16nm,TT,0.85,25.0,1.0,1000.0,96,96,96,5,V-2023.12-SP4,2186,1463,723,1236.25963,336.731909,899.527721,0.33074107959743826,0.727620395563673,0.74,0.03,0.0,0,V-2023.12-SP4,2274,1551,723,1335.48,399.0,936.48,1742.3217,0.7665,0.3179419525065963,0.7012310180609219,0.34,0.48,0.0,0,V-2023.12-SP3,V-2023.12-SP4,6.3660000000000005,1.322,0.4527,8.141,7.688000000000001,7.688000000000001,4.157,0.6802,0.4497,5.286,1.616,0.18919999999999998,0.0023209999999999997,1.8079999999999998,0.5934999999999999,0.4523,0.0007015,1.047,0.0,0.0,0.0,0.0,0.0,0.0,0.0,0.0,0.0,0.0,0.0,0.0,0.0,0.0,0.0,0.0,vectored,random,2,2026-07-26T16:08:19+00:00
intadd_96_96_104_3_20nm_TT_0V9_25C_800MHz,intadd,a_width=96;b_width=96;out_width=104;pipeline_stages=3,20nm,TT,0.9,25.0,1.25,800.0,96,96,104,3,V-2023.12-SP4,1702,1272,430,1387.478392,479.318397,908.159995,0.2526439482961222,0.6545399194944724,0.96,0.06,0.0,0,V-2023.12-SP4,1726,1296,430,1442.92,534.76,908.16,1957.296,0.7372,0.24913093858632676,0.6293904027943337,0.5,0.57,0.0,0,V-2023.12-SP3,V-2023.12-SP4,2.97,0.7398,0.259,3.968,3.7098000000000004,4.637250000000001,2.319,0.4168,0.2578,2.994,0.3819,0.04685,0.0006521,0.42939999999999995,0.26870000000000005,0.2761,0.0006154999999999999,0.5454,0.0,0.0,0.0,0.0,0.0,0.0,0.0,0.0,0.0,0.0,0.0,0.0,0.0,0.0,0.0,0.0,unvectored,none,2,2026-07-26T16:08:31+00:00
intadd_128_128_128_3_7nm_TT_0V75_25C_1333p33MHz,intadd,a_width=128;b_width=128;out_width=128;pipeline_stages=3,7nm,TT,0.75,25.0,0.75,1333.3333333333333,128,128,128,3,V-2023.12-SP4,2204,1627,577,280.449798,94.332671,186.117127,0.2617967332123412,0.6636379427878926,0.51,0.02,0.0,0,V-2023.12-SP4,2248,1671,577,287.32,101.2,186.12,397.5229,0.7228,0.2566725978647687,0.6477794793261868,0.2,0.36,0.0,0,V-2023.12-SP3,V-2023.12-SP4,2.974,0.9299,0.001998,3.906,3.9039,2.927925,2.294,0.5174,5.443e-05,2.812,0.406,0.055420000000000004,0.0014780000000000001,0.4629,0.2743,0.35710000000000003,0.0004656,0.6317999999999999,0.0,0.0,0.0,0.0,0.0,0.0,0.0,0.0,0.0,0.0,0.0,0.0,0.0,0.0,0.0,0.0,unvectored,none,2,2026-07-26T16:08:34+00:00
intadd_96_96_104_3_20nm_TT_0V9_25C_800MHz,intadd,a_width=96;b_width=96;out_width=104;pipeline_stages=3,20nm,TT,0.9,25.0,1.25,800.0,96,96,104,3,V-2023.12-SP4,1702,1272,430,1387.478392,479.318397,908.159995,0.2526439482961222,0.6545399194944724,0.96,0.06,0.0,0,V-2023.12-SP4,1726,1296,430,1442.92,534.76,908.16,1957.296,0.7372,0.24913093858632676,0.6293904027943337,0.5,0.57,0.0,0,V-2023.12-SP3,V-2023.12-SP4,3.6180000000000003,0.9248999999999999,0.2592,4.803,4.5429,5.678625,2.321,0.4168,0.2578,2.996,0.8521,0.1172,0.0007878,0.9702,0.4449,0.39080000000000004,0.0006642,0.8363999999999999,0.0,0.0,0.0,0.0,0.0,0.0,0.0,0.0,0.0,0.0,0.0,0.0,0.0,0.0,0.0,0.0,vectored,random,2,2026-07-26T16:08:39+00:00
intadd_128_128_128_3_7nm_TT_0V75_25C_1333p33MHz,intadd,a_width=128;b_width=128;out_width=128;pipeline_stages=3,7nm,TT,0.75,25.0,0.75,1333.3333333333333,128,128,128,3,V-2023.12-SP4,2204,1627,577,280.449798,94.332671,186.117127,0.2617967332123412,0.6636379427878926,0.51,0.02,0.0,0,V-2023.12-SP4,2248,1671,577,287.32,101.2,186.12,397.5229,0.7228,0.2566725978647687,0.6477794793261868,0.2,0.36,0.0,0,V-2023.12-SP3,V-2023.12-SP4,3.6870000000000003,1.1969999999999998,0.002309,4.886,4.884,3.6630000000000003,2.2929999999999997,0.5174,5.443e-05,2.811,0.9106,0.1384,0.0017770000000000002,1.0510000000000002,0.4834,0.5413,0.00047709999999999994,1.0250000000000001,0.0,0.0,0.0,0.0,0.0,0.0,0.0,0.0,0.0,0.0,0.0,0.0,0.0,0.0,0.0,0.0,vectored,random,2,2026-07-26T16:08:42+00:00
intadd_96_96_104_3_20nm_TT_0V9_25C_500MHz,intadd,a_width=96;b_width=96;out_width=104;pipeline_stages=3,20nm,TT,0.9,25.0,2.0,500.0,96,96,104,3,V-2023.12-SP4,1598,1168,430,1358.966393,450.806398,908.159995,0.2690863579474343,0.6682725928160609,1.69,0.08,0.0,0,V-2023.12-SP4,1635,1205,430,1417.57,509.41,908.16,1934.064,0.733,0.26299694189602446,0.64064561185691,0.88,0.94,0.0,0,V-2023.12-SP3,V-2023.12-SP4,1.8639999999999999,0.45849999999999996,0.156,2.478,2.3225,4.645,1.464,0.26630000000000004,0.1547,1.885,0.2386,0.029859999999999998,0.0006521,0.2691,0.1616,0.1623,0.0005855999999999999,0.32449999999999996,0.0,0.0,0.0,0.0,0.0,0.0,0.0,0.0,0.0,0.0,0.0,0.0,0.0,0.0,0.0,0.0,unvectored,none,2,2026-07-26T16:08:48+00:00
intadd_96_96_104_3_20nm_TT_0V9_25C_500MHz,intadd,a_width=96;b_width=96;out_width=104;pipeline_stages=3,20nm,TT,0.9,25.0,2.0,500.0,96,96,104,3,V-2023.12-SP4,1598,1168,430,1358.966393,450.806398,908.159995,0.2690863579474343,0.6682725928160609,1.69,0.08,0.0,0,V-2023.12-SP4,1635,1205,430,1417.57,509.41,908.16,1934.064,0.733,0.26299694189602446,0.64064561185691,0.88,0.94,0.0,0,V-2023.12-SP3,V-2023.12-SP4,2.2659999999999996,0.5705,0.1561,2.993,2.8364999999999996,5.672999999999999,1.4649999999999999,0.26630000000000004,0.1547,1.8860000000000001,0.5308,0.07469,0.0007853000000000001,0.6063000000000001,0.2701,0.22949999999999998,0.0006342,0.5003,0.0,0.0,0.0,0.0,0.0,0.0,0.0,0.0,0.0,0.0,0.0,0.0,0.0,0.0,0.0,0.0,vectored,random,2,2026-07-26T16:08:55+00:00
intadd_128_128_128_3_10nm_TT_0V8_25C_1333p33MHz,intadd,a_width=128;b_width=128;out_width=128;pipeline_stages=3,10nm,TT,0.8,25.0,0.75,1333.3333333333333,128,128,128,3,V-2023.12-SP4,2232,1655,577,536.463375,181.954558,354.508817,0.2585125448028674,0.6608257590744195,0.48,0.05,0.0,0,V-2023.12-SP4,2271,1694,577,544.82,190.31,354.51,765.2966,0.7119,0.25407309555262,0.6506919716603649,0.2,0.36,0.0,0,V-2023.12-SP3,V-2023.12-SP4,3.7889999999999997,1.046,0.0015,4.837,4.835,3.6262499999999998,2.899,0.5506000000000001,4.076e-05,3.4499999999999997,0.5149,0.07046,0.0008455,0.5862,0.3746,0.42519999999999997,0.0006135,0.8004,0.0,0.0,0.0,0.0,0.0,0.0,0.0,0.0,0.0,0.0,0.0,0.0,0.0,0.0,0.0,0.0,unvectored,none,2,2026-07-26T16:09:01+00:00
intadd_128_128_128_3_10nm_TT_0V8_25C_1333p33MHz,intadd,a_width=128;b_width=128;out_width=128;pipeline_stages=3,10nm,TT,0.8,25.0,0.75,1333.3333333333333,128,128,128,3,V-2023.12-SP4,2232,1655,577,536.463375,181.954558,354.508817,0.2585125448028674,0.6608257590744195,0.48,0.05,0.0,0,V-2023.12-SP4,2271,1694,577,544.82,190.31,354.51,765.2966,0.7119,0.25407309555262,0.6506919716603649,0.2,0.36,0.0,0,V-2023.12-SP3,V-2023.12-SP4,4.668,1.369,0.0015990000000000002,6.038,6.037,4.52775,2.898,0.5506000000000001,4.0749999999999994e-05,3.448,1.1540000000000001,0.176,0.0009153999999999999,1.331,0.616,0.6423000000000001,0.0006428,1.259,0.0,0.0,0.0,0.0,0.0,0.0,0.0,0.0,0.0,0.0,0.0,0.0,0.0,0.0,0.0,0.0,vectored,random,2,2026-07-26T16:09:07+00:00
intadd_128_128_128_3_10nm_TT_0V8_25C_800MHz,intadd,a_width=128;b_width=128;out_width=128;pipeline_stages=3,10nm,TT,0.8,25.0,1.25,800.0,128,128,128,3,V-2023.12-SP4,2104,1527,577,526.018575,171.509758,354.508817,0.27423954372623577,0.6739473354149138,1.03,0.0,0.0,0,V-2023.12-SP4,2174,1597,577,544.82,190.31,354.51,745.943,0.7304,0.265409383624655,0.6506919716603649,0.45,0.61,0.0,0,V-2023.12-SP3,V-2023.12-SP4,2.456,0.6983,0.0015480000000000001,3.155,3.1543,3.942875,1.925,0.4158,0.0001141,2.341,0.30889999999999995,0.04284,0.0008454,0.3525,0.2218,0.2396,0.000588,0.462,0.0,0.0,0.0,0.0,0.0,0.0,0.0,0.0,0.0,0.0,0.0,0.0,0.0,0.0,0.0,0.0,unvectored,none,2,2026-07-26T16:09:12+00:00
intadd_128_128_128_3_10nm_TT_0V8_25C_800MHz,intadd,a_width=128;b_width=128;out_width=128;pipeline_stages=3,10nm,TT,0.8,25.0,1.25,800.0,128,128,128,3,V-2023.12-SP4,2104,1527,577,526.018575,171.509758,354.508817,0.27423954372623577,0.6739473354149138,1.03,0.0,0.0,0,V-2023.12-SP4,2174,1597,577,544.82,190.31,354.51,745.943,0.7304,0.265409383624655,0.6506919716603649,0.45,0.61,0.0,0,V-2023.12-SP3,V-2023.12-SP4,2.97,0.8844000000000001,0.001644,3.856,3.8544,4.818,1.924,0.4158,0.0001142,2.34,0.6889,0.1069,0.0009139,0.7968,0.3568,0.3617,0.0006161000000000001,0.7191,0.0,0.0,0.0,0.0,0.0,0.0,0.0,0.0,0.0,0.0,0.0,0.0,0.0,0.0,0.0,0.0,vectored,random,2,2026-07-26T16:09:19+00:00
intadd_128_128_128_5_10nm_TT_0V8_25C_1333p33MHz,intadd,a_width=128;b_width=128;out_width=128;pipeline_stages=5,10nm,TT,0.8,25.0,0.75,1333.3333333333333,128,128,128,5,V-2023.12-SP4,2905,1942,963,812.881945,221.214717,591.667228,0.3314974182444062,0.7278636604482587,0.51,0.02,0.0,0,V-2023.12-SP4,2987,2024,963,833.53,241.86,591.67,1148.928,0.7255,0.3223970539002344,0.7098364785910525,0.2,0.37,0.0,0,V-2023.12-SP3,V-2023.12-SP4,6.375,1.645,0.002315,8.023000000000001,8.02,6.015,5.048,1.0219999999999998,0.000112,6.07,0.8347,0.10579999999999999,0.001411,0.9419,0.49229999999999996,0.5178,0.0007921,1.011,0.0,0.0,0.0,0.0,0.0,0.0,0.0,0.0,0.0,0.0,0.0,0.0,0.0,0.0,0.0,0.0,unvectored,none,2,2026-07-26T16:09:43+00:00
intadd_128_128_128_5_10nm_TT_0V8_25C_1333p33MHz,intadd,a_width=128;b_width=128;out_width=128;pipeline_stages=5,10nm,TT,0.8,25.0,0.75,1333.3333333333333,128,128,128,5,V-2023.12-SP4,2905,1942,963,812.881945,221.214717,591.667228,0.3314974182444062,0.7278636604482587,0.51,0.02,0.0,0,V-2023.12-SP4,2987,2024,963,833.53,241.86,591.67,1148.928,0.7255,0.3223970539002344,0.7098364785910525,0.2,0.37,0.0,0,V-2023.12-SP3,V-2023.12-SP4,7.696,1.964,0.002475,9.663,9.66,7.245,5.045,1.0219999999999998,0.0001122,6.067,1.8719999999999999,0.2643,0.001523,2.137,0.7794,0.6785,0.0008399,1.459,0.0,0.0,0.0,0.0,0.0,0.0,0.0,0.0,0.0,0.0,0.0,0.0,0.0,0.0,0.0,0.0,vectored,random,2,2026-07-26T16:09:50+00:00
intadd_96_96_104_5_20nm_TT_0V9_25C_800MHz,intadd,a_width=96;b_width=96;out_width=104;pipeline_stages=5,20nm,TT,0.9,25.0,1.25,800.0,96,96,104,5,V-2023.12-SP4,2194,1475,719,2093.097589,574.569597,1518.527992,0.3277119416590702,0.7254931638068024,0.97,0.05,0.0,0,V-2023.12-SP4,2253,1534,719,2185.5,666.97,1518.53,2972.8512,0.7352,0.3191300488237905,0.6948204072294669,0.51,0.56,0.0,0,V-2023.12-SP3,V-2023.12-SP4,4.8260000000000005,1.038,0.3112,6.176,5.864000000000001,7.330000000000001,3.851,0.6406,0.3094,4.801,0.6204999999999999,0.06921,0.00109,0.6908,0.3548,0.32870000000000005,0.000778,0.6842,0.0,0.0,0.0,0.0,0.0,0.0,0.0,0.0,0.0,0.0,0.0,0.0,0.0,0.0,0.0,0.0,unvectored,none,2,2026-07-26T16:09:50+00:00
intadd_96_96_104_5_20nm_TT_0V9_25C_800MHz,intadd,a_width=96;b_width=96;out_width=104;pipeline_stages=5,20nm,TT,0.9,25.0,1.25,800.0,96,96,104,5,V-2023.12-SP4,2194,1475,719,2093.097589,574.569597,1518.527992,0.3277119416590702,0.7254931638068024,0.97,0.05,0.0,0,V-2023.12-SP4,2253,1534,719,2185.5,666.97,1518.53,2972.8512,0.7352,0.3191300488237905,0.6948204072294669,0.51,0.56,0.0,0,V-2023.12-SP3,V-2023.12-SP4,5.804,1.2249999999999999,0.3115,7.34,7.029,8.786249999999999,3.855,0.6406,0.3094,4.805000000000001,1.3940000000000001,0.1731,0.001318,1.568,0.5548000000000001,0.41169999999999995,0.0008591,0.9674,0.0,0.0,0.0,0.0,0.0,0.0,0.0,0.0,0.0,0.0,0.0,0.0,0.0,0.0,0.0,0.0,vectored,random,2,2026-07-26T16:09:57+00:00
intadd_128_128_128_3_7nm_TT_0V75_25C_800MHz,intadd,a_width=128;b_width=128;out_width=128;pipeline_stages=3,7nm,TT,0.75,25.0,1.25,800.0,128,128,128,3,V-2023.12-SP4,2070,1493,577,274.482438,88.365311,186.117127,0.278743961352657,0.6780657019666956,1.03,0.0,0.0,0,V-2023.12-SP4,2130,1553,577,280.53,94.41,186.12,388.7171,0.7217,0.2708920187793427,0.6634584536413218,0.45,0.62,0.0,0,V-2023.12-SP3,V-2023.12-SP4,1.827,0.5253,0.001974,2.354,2.3523,2.940375,1.421,0.29369999999999996,4.887e-05,1.7149999999999999,0.2439,0.03527,0.0014780000000000001,0.2807,0.1624,0.1964,0.0004469,0.3592,0.0,0.0,0.0,0.0,0.0,0.0,0.0,0.0,0.0,0.0,0.0,0.0,0.0,0.0,0.0,0.0,unvectored,none,2,2026-07-26T16:10:01+00:00
intadd_128_128_128_3_7nm_TT_0V75_25C_800MHz,intadd,a_width=128;b_width=128;out_width=128;pipeline_stages=3,7nm,TT,0.75,25.0,1.25,800.0,128,128,128,3,V-2023.12-SP4,2070,1493,577,274.482438,88.365311,186.117127,0.278743961352657,0.6780657019666956,1.03,0.0,0.0,0,V-2023.12-SP4,2130,1553,577,280.53,94.41,186.12,388.7171,0.7217,0.2708920187793427,0.6634584536413218,0.45,0.62,0.0,0,V-2023.12-SP3,V-2023.12-SP4,2.2560000000000002,0.6856,0.002284,2.944,2.9416,3.6770000000000005,1.42,0.29369999999999996,4.899e-05,1.714,0.5483,0.08804000000000001,0.001778,0.6381,0.2875,0.3039,0.0004573,0.5919,0.0,0.0,0.0,0.0,0.0,0.0,0.0,0.0,0.0,0.0,0.0,0.0,0.0,0.0,0.0,0.0,vectored,random,2,2026-07-26T16:10:09+00:00
intadd_96_96_96_5_16nm_TT_0V85_25C_666p667MHz,intadd,a_width=96;b_width=96;out_width=96;pipeline_stages=5,16nm,TT,0.85,25.0,1.5,666.6666666666666,96,96,96,5,V-2023.12-SP4,2063,1340,723,1214.673453,315.145733,899.527721,0.3504604944255938,0.7405510664436987,1.26,0.01,0.0,0,V-2023.12-SP4,2142,1419,723,1294.36,353.28,941.08,1724.4058,0.7506,0.33753501400560226,0.7270620229302514,0.59,0.73,0.0,0,V-2023.12-SP3,V-2023.12-SP4,3.242,0.7334,0.06733,4.042,3.9754,5.9631,2.525,0.4663,0.06431,3.056,0.48000000000000004,0.04991,0.002408,0.5323,0.2369,0.2172,0.0006071,0.4547,0.0,0.0,0.0,0.0,0.0,0.0,0.0,0.0,0.0,0.0,0.0,0.0,0.0,0.0,0.0,0.0,unvectored,none,2,2026-07-26T16:10:36+00:00
intadd_96_96_104_3_16nm_TT_0V85_25C_1000MHz,intadd,a_width=96;b_width=96;out_width=104;pipeline_stages=3,16nm,TT,0.85,25.0,1.0,1000.0,96,96,104,3,V-2023.12-SP4,1659,1229,430,811.627805,276.63898,534.988824,0.2591922845087402,0.6591553674039051,0.73,0.04,0.0,0,V-2023.12-SP4,1684,1254,430,852.37,303.82,548.55,1156.1357,0.7373,0.25534441805225655,0.6435585485176625,0.35,0.47,0.0,0,V-2023.12-SP3,V-2023.12-SP4,3.128,0.726,0.25930000000000003,4.114,3.854,3.854,2.437,0.38630000000000003,0.2569,3.0799999999999996,0.41590000000000005,0.04847,0.001874,0.4663,0.27559999999999996,0.2913,0.0004987,0.5672999999999999,0.0,0.0,0.0,0.0,0.0,0.0,0.0,0.0,0.0,0.0,0.0,0.0,0.0,0.0,0.0,0.0,unvectored,none,2,2026-07-26T16:10:41+00:00
intadd_96_96_96_5_16nm_TT_0V85_25C_666p667MHz,intadd,a_width=96;b_width=96;out_width=96;pipeline_stages=5,16nm,TT,0.85,25.0,1.5,666.6666666666666,96,96,96,5,V-2023.12-SP4,2063,1340,723,1214.673453,315.145733,899.527721,0.3504604944255938,0.7405510664436987,1.26,0.01,0.0,0,V-2023.12-SP4,2142,1419,723,1294.36,353.28,941.08,1724.4058,0.7506,0.33753501400560226,0.7270620229302514,0.59,0.73,0.0,0,V-2023.12-SP3,V-2023.12-SP4,3.9960000000000004,0.8599,0.06719,4.923,4.8559,7.28385,2.528,0.4663,0.06431,3.059,1.09,0.1248,0.002203,1.217,0.37770000000000004,0.26870000000000005,0.0006701999999999999,0.6471,0.0,0.0,0.0,0.0,0.0,0.0,0.0,0.0,0.0,0.0,0.0,0.0,0.0,0.0,0.0,0.0,vectored,random,2,2026-07-26T16:10:43+00:00
intadd_96_96_104_3_16nm_TT_0V85_25C_1000MHz,intadd,a_width=96;b_width=96;out_width=104;pipeline_stages=3,16nm,TT,0.85,25.0,1.0,1000.0,96,96,104,3,V-2023.12-SP4,1659,1229,430,811.627805,276.63898,534.988824,0.2591922845087402,0.6591553674039051,0.73,0.04,0.0,0,V-2023.12-SP4,1684,1254,430,852.37,303.82,548.55,1156.1357,0.7373,0.25534441805225655,0.6435585485176625,0.35,0.47,0.0,0,V-2023.12-SP3,V-2023.12-SP4,3.837,0.9219999999999999,0.2591,5.018,4.759,4.759,2.44,0.38630000000000003,0.2569,3.0829999999999997,0.9345,0.12129999999999999,0.0015910000000000002,1.057,0.462,0.4144,0.0005369,0.8769,0.0,0.0,0.0,0.0,0.0,0.0,0.0,0.0,0.0,0.0,0.0,0.0,0.0,0.0,0.0,0.0,vectored,random,2,2026-07-26T16:10:48+00:00
intadd_96_96_104_3_16nm_TT_0V85_25C_571p429MHz,intadd,a_width=96;b_width=96;out_width=104;pipeline_stages=3,16nm,TT,0.85,25.0,1.75,571.4285714285714,96,96,104,3,V-2023.12-SP4,1564,1134,430,794.085148,259.096324,534.988824,0.2749360613810742,0.6737172019240436,1.5,0.02,0.0,0,V-2023.12-SP4,1590,1160,430,833.15,276.27,556.89,1122.1079,0.7425,0.27044025157232704,0.6684150513112885,0.72,0.8,0.0,0,V-2023.12-SP3,V-2023.12-SP4,1.736,0.2763,0.1305,2.143,2.0122999999999998,3.5215249999999996,1.3339999999999999,0.09530999999999999,0.1285,1.5579999999999998,0.2478,0.027909999999999997,0.001543,0.2772,0.15410000000000001,0.1531,0.00047739999999999995,0.3076,0.0,0.0,0.0,0.0,0.0,0.0,0.0,0.0,0.0,0.0,0.0,0.0,0.0,0.0,0.0,0.0,unvectored,none,2,2026-07-26T16:11:14+00:00
intadd_96_96_104_3_16nm_TT_0V85_25C_571p429MHz,intadd,a_width=96;b_width=96;out_width=104;pipeline_stages=3,16nm,TT,0.85,25.0,1.75,571.4285714285714,96,96,104,3,V-2023.12-SP4,1564,1134,430,794.085148,259.096324,534.988824,0.2749360613810742,0.6737172019240436,1.5,0.02,0.0,0,V-2023.12-SP4,1590,1160,430,833.15,276.27,556.89,1122.1079,0.7425,0.27044025157232704,0.6684150513112885,0.72,0.8,0.0,0,V-2023.12-SP3,V-2023.12-SP4,2.18,0.40440000000000004,0.1304,2.714,2.5844,4.5227,1.3359999999999999,0.09530999999999999,0.1285,1.56,0.5651,0.06978999999999999,0.0013850000000000002,0.6363,0.27849999999999997,0.23929999999999998,0.0005146,0.5183,0.0,0.0,0.0,0.0,0.0,0.0,0.0,0.0,0.0,0.0,0.0,0.0,0.0,0.0,0.0,0.0,vectored,random,2,2026-07-26T16:11:21+00:00
intadd_96_96_104_5_20nm_TT_0V9_25C_500MHz,intadd,a_width=96;b_width=96;out_width=104;pipeline_stages=5,20nm,TT,0.9,25.0,2.0,500.0,96,96,104,5,V-2023.12-SP4,2072,1360,712,2043.887989,540.143997,1503.743992,0.3436293436293436,0.7357272023188155,1.72,0.05,0.0,0,V-2023.12-SP4,2153,1441,712,2136.18,632.44,1503.74,2893.7568,0.7382,0.3307013469577334,0.70393880665487,0.87,0.95,0.0,0,V-2023.12-SP3,V-2023.12-SP4,2.996,0.6631,0.20809999999999998,3.867,3.6591,7.3182,2.399,0.4265,0.2063,3.032,0.38430000000000003,0.04328,0.00108,0.42860000000000004,0.2121,0.1933,0.0007403,0.4061,0.0,0.0,0.0,0.0,0.0,0.0,0.0,0.0,0.0,0.0,0.0,0.0,0.0,0.0,0.0,0.0,unvectored,none,2,2026-07-26T16:11:40+00:00
intadd_128_128_128_2_20nm_TT_0V9_25C_571p429MHz,intadd,a_width=128;b_width=128;out_width=128;pipeline_stages=2,20nm,TT,0.9,25.0,1.75,571.4285714285714,128,128,128,2,V-2023.12-SP4,1850,1466,384,1358.649593,547.641597,811.007996,0.20756756756756756,0.596922120448462,1.4,0.12,0.0,0,V-2023.12-SP4,1873,1489,384,1399.31,588.3,811.01,1934.064,0.7235,0.20501868659903896,0.5795785065496566,0.75,0.75,0.0,0,V-2023.12-SP3,V-2023.12-SP4,1.897,0.4209,0.15589999999999998,2.474,2.3179,4.056324999999999,1.432,0.154,0.1547,1.7409999999999999,0.252,0.03583,0.0005822000000000001,0.2884,0.21259999999999998,0.231,0.0006881,0.44430000000000003,0.0,0.0,0.0,0.0,0.0,0.0,0.0,0.0,0.0,0.0,0.0,0.0,0.0,0.0,0.0,0.0,unvectored,none,2,2026-07-26T16:11:46+00:00
intadd_96_96_104_5_20nm_TT_0V9_25C_500MHz,intadd,a_width=96;b_width=96;out_width=104;pipeline_stages=5,20nm,TT,0.9,25.0,2.0,500.0,96,96,104,5,V-2023.12-SP4,2072,1360,712,2043.887989,540.143997,1503.743992,0.3436293436293436,0.7357272023188155,1.72,0.05,0.0,0,V-2023.12-SP4,2153,1441,712,2136.18,632.44,1503.74,2893.7568,0.7382,0.3307013469577334,0.70393880665487,0.87,0.95,0.0,0,V-2023.12-SP3,V-2023.12-SP4,3.6,0.773,0.2084,4.582,4.373,8.746,2.402,0.4265,0.2063,3.034,0.8603000000000001,0.1082,0.0013009999999999999,0.9698,0.3383,0.23829999999999998,0.0008206,0.5774,0.0,0.0,0.0,0.0,0.0,0.0,0.0,0.0,0.0,0.0,0.0,0.0,0.0,0.0,0.0,0.0,vectored,random,2,2026-07-26T16:11:47+00:00
intadd_128_128_128_2_20nm_TT_0V9_25C_571p429MHz,intadd,a_width=128;b_width=128;out_width=128;pipeline_stages=2,20nm,TT,0.9,25.0,1.75,571.4285714285714,128,128,128,2,V-2023.12-SP4,1850,1466,384,1358.649593,547.641597,811.007996,0.20756756756756756,0.596922120448462,1.4,0.12,0.0,0,V-2023.12-SP4,1873,1489,384,1399.31,588.3,811.01,1934.064,0.7235,0.20501868659903896,0.5795785065496566,0.75,0.75,0.0,0,V-2023.12-SP3,V-2023.12-SP4,2.373,0.6283000000000001,0.1561,3.157,3.0013000000000005,5.252275000000001,1.434,0.154,0.1547,1.7429999999999999,0.5595,0.08941,0.0007000999999999999,0.6496,0.3794,0.3848,0.0007308,0.7649,0.0,0.0,0.0,0.0,0.0,0.0,0.0,0.0,0.0,0.0,0.0,0.0,0.0,0.0,0.0,0.0,vectored,random,2,2026-07-26T16:11:53+00:00
intadd_128_128_136_2_10nm_TT_0V8_25C_1333p33MHz,intadd,a_width=128;b_width=128;out_width=136;pipeline_stages=2,10nm,TT,0.8,25.0,0.75,1333.3333333333333,128,128,136,2,V-2023.12-SP4,1908,1523,385,399.82081,163.276799,236.544011,0.20178197064989517,0.5916250607365835,0.49,0.04,0.0,0,V-2023.12-SP4,1939,1554,385,409.59,173.05,236.54,567.5827,0.7216,0.19855595667870035,0.5775043336018946,0.2,0.35,0.0,0,V-2023.12-SP3,V-2023.12-SP4,2.693,0.8573,0.0011489999999999998,3.5509999999999997,3.5503,2.662725,2.02,0.4194,5.587e-05,2.44,0.3556,0.04943,0.0005641,0.40549999999999997,0.3167,0.3884,0.0005287,0.7057,0.0,0.0,0.0,0.0,0.0,0.0,0.0,0.0,0.0,0.0,0.0,0.0,0.0,0.0,0.0,0.0,unvectored,none,2,2026-07-26T16:12:00+00:00
intadd_128_128_136_2_10nm_TT_0V8_25C_1333p33MHz,intadd,a_width=128;b_width=128;out_width=136;pipeline_stages=2,10nm,TT,0.8,25.0,0.75,1333.3333333333333,128,128,136,2,V-2023.12-SP4,1908,1523,385,399.82081,163.276799,236.544011,0.20178197064989517,0.5916250607365835,0.49,0.04,0.0,0,V-2023.12-SP4,1939,1554,385,409.59,173.05,236.54,567.5827,0.7216,0.19855595667870035,0.5775043336018946,0.2,0.35,0.0,0,V-2023.12-SP3,V-2023.12-SP4,3.355,1.2,0.0012109999999999998,4.556,4.555,3.41625,2.019,0.4194,5.586e-05,2.439,0.7879999999999999,0.12329999999999999,0.0006065,0.9119,0.5481,0.6568999999999999,0.0005483,1.206,0.0,0.0,0.0,0.0,0.0,0.0,0.0,0.0,0.0,0.0,0.0,0.0,0.0,0.0,0.0,0.0,vectored,random,2,2026-07-26T16:12:07+00:00
intadd_128_128_128_5_10nm_TT_0V8_25C_800MHz,intadd,a_width=128;b_width=128;out_width=128;pipeline_stages=5,10nm,TT,0.8,25.0,1.25,800.0,128,128,128,5,V-2023.12-SP4,2714,1751,963,796.170265,204.503037,591.667228,0.3548268238761975,0.7431415791445063,1.03,0.0,0.0,0,V-2023.12-SP4,2844,1881,963,833.4,241.74,591.67,1125.1814,0.7407,0.33860759493670883,0.7099472042236621,0.45,0.64,0.0,0,V-2023.12-SP3,V-2023.12-SP4,4.077,1.073,0.0023929999999999997,5.152,5.15,6.4375,3.281,0.7228,0.0002266,4.004,0.5008,0.06513,0.001411,0.5672999999999999,0.2949,0.2854,0.0007552,0.5810000000000001,0.0,0.0,0.0,0.0,0.0,0.0,0.0,0.0,0.0,0.0,0.0,0.0,0.0,0.0,0.0,0.0,unvectored,none,2,2026-07-26T16:12:25+00:00
intadd_128_128_128_5_10nm_TT_0V8_25C_800MHz,intadd,a_width=128;b_width=128;out_width=128;pipeline_stages=5,10nm,TT,0.8,25.0,1.25,800.0,128,128,128,5,V-2023.12-SP4,2714,1751,963,796.170265,204.503037,591.667228,0.3548268238761975,0.7431415791445063,1.03,0.0,0.0,0,V-2023.12-SP4,2844,1881,963,833.4,241.74,591.67,1125.1814,0.7407,0.33860759493670883,0.7099472042236621,0.45,0.64,0.0,0,V-2023.12-SP3,V-2023.12-SP4,4.848,1.242,0.002548,6.0920000000000005,6.09,7.6125,3.279,0.7228,0.0002266,4.002000000000001,1.1199999999999999,0.1626,0.001519,1.284,0.4485,0.3563,0.0008023,0.8055,0.0,0.0,0.0,0.0,0.0,0.0,0.0,0.0,0.0,0.0,0.0,0.0,0.0,0.0,0.0,0.0,vectored,random,2,2026-07-26T16:12:32+00:00
intadd_128_128_136_2_10nm_TT_0V8_25C_800MHz,intadd,a_width=128;b_width=128;out_width=136;pipeline_stages=2,10nm,TT,0.8,25.0,1.25,800.0,128,128,136,2,V-2023.12-SP4,1822,1437,385,393.21601,156.671999,236.544011,0.21130625686059276,0.6015625126759209,0.93,0.1,0.0,0,V-2023.12-SP4,1852,1467,385,398.81,162.26,236.54,554.6803,0.719,0.20788336933045357,0.5931145156841604,0.45,0.67,0.0,0,V-2023.12-SP3,V-2023.12-SP4,1.5839999999999999,0.4765,0.001102,2.062,2.0604999999999998,2.5756249999999996,1.186,0.225,2.701e-05,1.411,0.2134,0.03232,0.000564,0.24630000000000002,0.1853,0.21919999999999998,0.000511,0.40509999999999996,0.0,0.0,0.0,0.0,0.0,0.0,0.0,0.0,0.0,0.0,0.0,0.0,0.0,0.0,0.0,0.0,unvectored,none,2,2026-07-26T16:12:36+00:00
intadd_128_128_136_2_10nm_TT_0V8_25C_800MHz,intadd,a_width=128;b_width=128;out_width=136;pipeline_stages=2,10nm,TT,0.8,25.0,1.25,800.0,128,128,136,2,V-2023.12-SP4,1822,1437,385,393.21601,156.671999,236.544011,0.21130625686059276,0.6015625126759209,0.93,0.1,0.0,0,V-2023.12-SP4,1852,1467,385,398.81,162.26,236.54,554.6803,0.719,0.20788336933045357,0.5931145156841604,0.45,0.67,0.0,0,V-2023.12-SP3,V-2023.12-SP4,1.966,0.6671999999999999,0.001166,2.6350000000000002,2.6332,3.2915,1.185,0.225,2.701e-05,1.41,0.4709,0.08063000000000001,0.0006090000000000001,0.5522,0.3104,0.3617,0.0005303,0.6726,0.0,0.0,0.0,0.0,0.0,0.0,0.0,0.0,0.0,0.0,0.0,0.0,0.0,0.0,0.0,0.0,vectored,random,2,2026-07-26T16:12:43+00:00
intadd_128_128_128_5_7nm_TT_0V75_25C_1333p33MHz,intadd,a_width=128;b_width=128;out_width=128;pipeline_stages=5,7nm,TT,0.75,25.0,0.75,1333.3333333333333,128,128,128,5,V-2023.12-SP4,2880,1917,963,425.505035,114.879743,310.625292,0.334375,0.7300155496397357,0.52,0.02,0.0,0,V-2023.12-SP4,2932,1969,963,431.09,120.46,310.63,602.3002,0.7157,0.32844474761255116,0.7205687907397528,0.2,0.37,0.0,0,V-2023.12-SP3,V-2023.12-SP4,4.683,1.287,0.00311,5.9719999999999995,5.97,4.4775,3.661,0.7747999999999999,3.3570000000000006e-05,4.436,0.6578,0.08596,0.0024660000000000003,0.7462000000000001,0.3643,0.4258,0.0006104,0.7907,0.0,0.0,0.0,0.0,0.0,0.0,0.0,0.0,0.0,0.0,0.0,0.0,0.0,0.0,0.0,0.0,unvectored,none,2,2026-07-26T16:12:56+00:00
intadd_128_128_128_5_7nm_TT_0V75_25C_1333p33MHz,intadd,a_width=128;b_width=128;out_width=128;pipeline_stages=5,7nm,TT,0.75,25.0,0.75,1333.3333333333333,128,128,128,5,V-2023.12-SP4,2880,1917,963,425.505035,114.879743,310.625292,0.334375,0.7300155496397357,0.52,0.02,0.0,0,V-2023.12-SP4,2932,1969,963,431.09,120.46,310.63,602.3002,0.7157,0.32844474761255116,0.7205687907397528,0.2,0.37,0.0,0,V-2023.12-SP3,V-2023.12-SP4,5.747999999999999,1.547,0.003613,7.2989999999999995,7.294999999999999,5.4712499999999995,3.659,0.7747999999999999,3.37e-05,4.433999999999999,1.474,0.2146,0.002951,1.691,0.616,0.5579,0.0006282999999999999,1.175,0.0,0.0,0.0,0.0,0.0,0.0,0.0,0.0,0.0,0.0,0.0,0.0,0.0,0.0,0.0,0.0,vectored,random,2,2026-07-26T16:13:04+00:00
intadd_128_128_136_2_7nm_TT_0V75_25C_800MHz,intadd,a_width=128;b_width=128;out_width=136;pipeline_stages=2,7nm,TT,0.75,25.0,1.25,800.0,128,128,136,2,V-2023.12-SP4,1806,1421,385,205.648132,81.462527,124.185605,0.2131782945736434,0.6038742185122303,0.98,0.05,0.0,0,V-2023.12-SP4,1843,1458,385,210.0,85.82,124.19,292.82,0.7172,0.20889853499728703,0.5913809523809523,0.45,0.65,0.0,0,V-2023.12-SP3,V-2023.12-SP4,1.292,0.3882,0.0014089999999999999,1.681,1.6802000000000001,2.10025,0.9855,0.1815,3.7399999999999994e-05,1.167,0.16870000000000002,0.02644,0.0009858,0.1961,0.13770000000000002,0.1803,0.0003862,0.31839999999999996,0.0,0.0,0.0,0.0,0.0,0.0,0.0,0.0,0.0,0.0,0.0,0.0,0.0,0.0,0.0,0.0,unvectored,none,2,2026-07-26T16:13:30+00:00
intadd_128_128_136_2_7nm_TT_0V75_25C_800MHz,intadd,a_width=128;b_width=128;out_width=136;pipeline_stages=2,7nm,TT,0.75,25.0,1.25,800.0,128,128,136,2,V-2023.12-SP4,1806,1421,385,205.648132,81.462527,124.185605,0.2131782945736434,0.6038742185122303,0.98,0.05,0.0,0,V-2023.12-SP4,1843,1458,385,210.0,85.82,124.19,292.82,0.7172,0.20889853499728703,0.5913809523809523,0.45,0.65,0.0,0,V-2023.12-SP3,V-2023.12-SP4,1.624,0.5632,0.001617,2.189,2.1872000000000003,2.7340000000000004,0.9851000000000001,0.1815,3.742e-05,1.167,0.38029999999999997,0.06596,0.001186,0.44739999999999996,0.259,0.31579999999999997,0.0003937,0.5752,0.0,0.0,0.0,0.0,0.0,0.0,0.0,0.0,0.0,0.0,0.0,0.0,0.0,0.0,0.0,0.0,vectored,random,2,2026-07-26T16:13:38+00:00
intadd_96_96_104_5_16nm_TT_0V85_25C_1000MHz,intadd,a_width=96;b_width=96;out_width=104;pipeline_stages=5,16nm,TT,0.85,25.0,1.0,1000.0,96,96,104,5,V-2023.12-SP4,2183,1471,712,1223.382573,337.416197,885.966376,0.326156665139716,0.7241940465339618,0.69,0.08,0.0,0,V-2023.12-SP4,2238,1526,712,1288.83,368.52,920.31,1733.3637,0.7435,0.31814119749776587,0.7140662461302111,0.35,0.49,0.0,0,V-2023.12-SP3,V-2023.12-SP4,4.816,1.039,0.196,6.051,5.8549999999999995,5.8549999999999995,3.755,0.6172000000000001,0.19269999999999998,4.5649999999999995,0.6967,0.07396,0.0026249999999999997,0.7733,0.3637,0.3481,0.0006336,0.7123999999999999,0.0,0.0,0.0,0.0,0.0,0.0,0.0,0.0,0.0,0.0,0.0,0.0,0.0,0.0,0.0,0.0,unvectored,none,2,2026-07-26T16:13:40+00:00
intadd_96_96_104_5_16nm_TT_0V85_25C_1000MHz,intadd,a_width=96;b_width=96;out_width=104;pipeline_stages=5,16nm,TT,0.85,25.0,1.0,1000.0,96,96,104,5,V-2023.12-SP4,2183,1471,712,1223.382573,337.416197,885.966376,0.326156665139716,0.7241940465339618,0.69,0.08,0.0,0,V-2023.12-SP4,2238,1526,712,1288.83,368.52,920.31,1733.3637,0.7435,0.31814119749776587,0.7140662461302111,0.35,0.49,0.0,0,V-2023.12-SP3,V-2023.12-SP4,5.941,1.2550000000000001,0.1957,7.392,7.196,7.196,3.761,0.6172000000000001,0.19269999999999998,4.57,1.588,0.1849,0.002323,1.776,0.5923999999999999,0.4532,0.0006959,1.046,0.0,0.0,0.0,0.0,0.0,0.0,0.0,0.0,0.0,0.0,0.0,0.0,0.0,0.0,0.0,0.0,vectored,random,2,2026-07-26T16:13:47+00:00
intadd_96_96_104_5_16nm_TT_0V85_25C_666p667MHz,intadd,a_width=96;b_width=96;out_width=104;pipeline_stages=5,16nm,TT,0.85,25.0,1.5,666.6666666666666,96,96,104,5,V-2023.12-SP4,2063,1351,712,1202.231853,316.389893,885.84196,0.34512845370819195,0.7368312175305506,1.23,0.04,0.0,0,V-2023.12-SP4,2168,1456,712,1287.58,363.42,924.16,1691.6221,0.7612,0.3284132841328413,0.7177495767253297,0.59,0.74,0.0,0,V-2023.12-SP3,V-2023.12-SP4,3.263,0.7527,0.1316,4.148,4.0157,6.02355,2.557,0.4851,0.12860000000000002,3.1710000000000003,0.46930000000000005,0.04935,0.002474,0.5211,0.2367,0.2183,0.0006069,0.4557,0.0,0.0,0.0,0.0,0.0,0.0,0.0,0.0,0.0,0.0,0.0,0.0,0.0,0.0,0.0,0.0,unvectored,none,2,2026-07-26T16:13:53+00:00
intadd_96_96_104_5_16nm_TT_0V85_25C_666p667MHz,intadd,a_width=96;b_width=96;out_width=104;pipeline_stages=5,16nm,TT,0.85,25.0,1.5,666.6666666666666,96,96,104,5,V-2023.12-SP4,2063,1351,712,1202.231853,316.389893,885.84196,0.34512845370819195,0.7368312175305506,1.23,0.04,0.0,0,V-2023.12-SP4,2168,1456,712,1287.58,363.42,924.16,1691.6221,0.7612,0.3284132841328413,0.7177495767253297,0.59,0.74,0.0,0,V-2023.12-SP3,V-2023.12-SP4,4.002000000000001,0.8808,0.1314,5.014,4.8828000000000005,7.324200000000001,2.561,0.4851,0.1285,3.1740000000000004,1.066,0.1234,0.0022340000000000003,1.191,0.3753,0.2723,0.0006688,0.6483,0.0,0.0,0.0,0.0,0.0,0.0,0.0,0.0,0.0,0.0,0.0,0.0,0.0,0.0,0.0,0.0,vectored,random,2,2026-07-26T16:14:00+00:00
intadd_128_128_128_2_16nm_TT_0V85_25C_800MHz,intadd,a_width=128;b_width=128;out_width=128;pipeline_stages=2,16nm,TT,0.85,25.0,1.25,800.0,128,128,128,2,V-2023.12-SP4,1860,1476,384,801.798939,324.041478,477.757462,0.2064516129032258,0.5958569396410738,0.94,0.08,0.0,0,V-2023.12-SP4,1906,1522,384,845.53,357.45,488.08,1129.324,0.7487,0.20146904512067157,0.5772474069518527,0.47,0.6,0.0,0,V-2023.12-SP3,V-2023.12-SP4,2.359,0.6152,0.1951,3.169,2.9741999999999997,3.7177499999999997,1.8079999999999998,0.2943,0.19269999999999998,2.2950000000000004,0.3039,0.04147,0.0017430000000000002,0.34709999999999996,0.24640000000000004,0.27940000000000004,0.0005673,0.5264,0.0,0.0,0.0,0.0,0.0,0.0,0.0,0.0,0.0,0.0,0.0,0.0,0.0,0.0,0.0,0.0,unvectored,none,2,2026-07-26T16:14:17+00:00
intadd_128_128_128_2_16nm_TT_0V85_25C_800MHz,intadd,a_width=128;b_width=128;out_width=128;pipeline_stages=2,16nm,TT,0.85,25.0,1.25,800.0,128,128,128,2,V-2023.12-SP4,1860,1476,384,801.798939,324.041478,477.757462,0.2064516129032258,0.5958569396410738,0.94,0.08,0.0,0,V-2023.12-SP4,1906,1522,384,845.53,357.45,488.08,1129.324,0.7487,0.20146904512067157,0.5772474069518527,0.47,0.6,0.0,0,V-2023.12-SP3,V-2023.12-SP4,2.9229999999999996,0.8502,0.1948,3.968,3.7731999999999997,4.7165,1.811,0.2943,0.19269999999999998,2.298,0.6763,0.1035,0.001465,0.7813,0.43560000000000004,0.4525,0.0006012,0.8886999999999999,0.0,0.0,0.0,0.0,0.0,0.0,0.0,0.0,0.0,0.0,0.0,0.0,0.0,0.0,0.0,0.0,vectored,random,2,2026-07-26T16:14:24+00:00
intadd_128_128_128_3_20nm_TT_0V9_25C_444p444MHz,intadd,a_width=128;b_width=128;out_width=128;pipeline_stages=3,20nm,TT,0.9,25.0,2.25,444.44444444444446,128,128,128,3,V-2023.12-SP4,2164,1587,577,1824.66239,606.038397,1218.623993,0.2666358595194085,0.6678627233611145,1.98,0.03,0.0,0,V-2023.12-SP4,2233,1656,577,1912.1,693.48,1218.62,2567.9808,0.7446,0.25839677563815494,0.6373202238376654,1.0,1.06,0.0,0,V-2023.12-SP3,V-2023.12-SP4,2.211,0.5823999999999999,0.10490000000000001,2.899,2.7933999999999997,6.285149999999999,1.729,0.34440000000000004,0.1032,2.177,0.2848,0.036539999999999996,0.0008756,0.32220000000000004,0.1975,0.2014,0.0008052000000000001,0.3997,0.0,0.0,0.0,0.0,0.0,0.0,0.0,0.0,0.0,0.0,0.0,0.0,0.0,0.0,0.0,0.0,unvectored,none,2,2026-07-26T16:14:49+00:00
intadd_128_128_128_3_20nm_TT_0V9_25C_444p444MHz,intadd,a_width=128;b_width=128;out_width=128;pipeline_stages=3,20nm,TT,0.9,25.0,2.25,444.44444444444446,128,128,128,3,V-2023.12-SP4,2164,1587,577,1824.66239,606.038397,1218.623993,0.2666358595194085,0.6678627233611145,1.98,0.03,0.0,0,V-2023.12-SP4,2233,1656,577,1912.1,693.48,1218.62,2567.9808,0.7446,0.25839677563815494,0.6373202238376654,1.0,1.06,0.0,0,V-2023.12-SP3,V-2023.12-SP4,2.686,0.7239,0.1051,3.5149999999999997,3.4099,7.672275,1.7309999999999999,0.34440000000000004,0.1032,2.178,0.6319,0.09122,0.0010550000000000002,0.7242000000000001,0.3231,0.2883,0.0008692,0.6123,0.0,0.0,0.0,0.0,0.0,0.0,0.0,0.0,0.0,0.0,0.0,0.0,0.0,0.0,0.0,0.0,vectored,random,2,2026-07-26T16:14:56+00:00
intadd_128_128_136_3_10nm_TT_0V8_25C_800MHz,intadd,a_width=128;b_width=128;out_width=136;pipeline_stages=3,10nm,TT,0.8,25.0,1.25,800.0,128,128,136,3,V-2023.12-SP4,2117,1543,574,526.110735,173.445118,352.665617,0.27113840340103923,0.6703258335909075,0.97,0.06,0.0,0,V-2023.12-SP4,2148,1574,574,535.42,182.75,352.67,745.943,0.7178,0.2672253258845438,0.6586791677561541,0.45,0.63,0.0,0,V-2023.12-SP3,V-2023.12-SP4,2.312,0.6307,0.0014860000000000001,2.944,2.9427,3.678375,1.7830000000000001,0.3458,5.1370000000000005e-05,2.129,0.3075,0.043390000000000005,0.0008411,0.35169999999999996,0.2216,0.2415,0.0005936,0.4637,0.0,0.0,0.0,0.0,0.0,0.0,0.0,0.0,0.0,0.0,0.0,0.0,0.0,0.0,0.0,0.0,unvectored,none,2,2026-07-26T16:15:02+00:00
intadd_128_128_136_3_10nm_TT_0V8_25C_800MHz,intadd,a_width=128;b_width=128;out_width=136;pipeline_stages=3,10nm,TT,0.8,25.0,1.25,800.0,128,128,136,3,V-2023.12-SP4,2117,1543,574,526.110735,173.445118,352.665617,0.27113840340103923,0.6703258335909075,0.97,0.06,0.0,0,V-2023.12-SP4,2148,1574,574,535.42,182.75,352.67,745.943,0.7178,0.2672253258845438,0.6586791677561541,0.45,0.63,0.0,0,V-2023.12-SP3,V-2023.12-SP4,2.83,0.8141,0.001585,3.645,3.6441,4.555125,1.782,0.3458,5.144e-05,2.128,0.6877,0.10830000000000001,0.0009108,0.7969999999999999,0.36000000000000004,0.36000000000000004,0.0006228,0.7205999999999999,0.0,0.0,0.0,0.0,0.0,0.0,0.0,0.0,0.0,0.0,0.0,0.0,0.0,0.0,0.0,0.0,vectored,random,2,2026-07-26T16:15:09+00:00
intadd_128_128_136_3_7nm_TT_0V75_25C_1333p33MHz,intadd,a_width=128;b_width=128;out_width=136;pipeline_stages=3,7nm,TT,0.75,25.0,0.75,1333.3333333333333,128,128,136,3,V-2023.12-SP4,2212,1638,574,280.449798,95.300351,185.149447,0.25949367088607594,0.6601874856761353,0.48,0.05,0.0,0,V-2023.12-SP4,2230,1656,574,284.21,99.06,185.15,397.5229,0.7149,0.25739910313901343,0.6514549101016854,0.2,0.36,0.0,0,V-2023.12-SP3,V-2023.12-SP4,2.938,0.8413999999999999,0.0019709999999999997,3.782,3.7794,2.83455,2.254,0.42729999999999996,3.234e-05,2.682,0.4041,0.054830000000000004,0.00147,0.46040000000000003,0.27980000000000005,0.3593,0.0004694,0.6396000000000001,0.0,0.0,0.0,0.0,0.0,0.0,0.0,0.0,0.0,0.0,0.0,0.0,0.0,0.0,0.0,0.0,unvectored,none,2,2026-07-26T16:15:29+00:00
intadd_128_128_136_3_7nm_TT_0V75_25C_1333p33MHz,intadd,a_width=128;b_width=128;out_width=136;pipeline_stages=3,7nm,TT,0.75,25.0,0.75,1333.3333333333333,128,128,136,3,V-2023.12-SP4,2212,1638,574,280.449798,95.300351,185.149447,0.25949367088607594,0.6601874856761353,0.48,0.05,0.0,0,V-2023.12-SP4,2230,1656,574,284.21,99.06,185.15,397.5229,0.7149,0.25739910313901343,0.6514549101016854,0.2,0.36,0.0,0,V-2023.12-SP3,V-2023.12-SP4,3.6519999999999997,1.1019999999999999,0.002276,4.756,4.754,3.5654999999999997,2.2529999999999997,0.42729999999999996,3.234e-05,2.6809999999999996,0.9060999999999999,0.1369,0.001763,1.045,0.49260000000000004,0.5381,0.00048100000000000004,1.031,0.0,0.0,0.0,0.0,0.0,0.0,0.0,0.0,0.0,0.0,0.0,0.0,0.0,0.0,0.0,0.0,vectored,random,2,2026-07-26T16:15:37+00:00
intadd_128_128_136_5_10nm_TT_0V8_25C_1333p33MHz,intadd,a_width=128;b_width=128;out_width=136;pipeline_stages=5,10nm,TT,0.8,25.0,0.75,1333.3333333333333,128,128,136,5,V-2023.12-SP4,2910,1958,952,807.106585,222.197757,584.908828,0.32714776632302406,0.7246983717770064,0.49,0.04,0.0,0,V-2023.12-SP4,2972,2020,952,828.58,243.67,584.91,1146.2246,0.7229,0.3203230148048452,0.7059185594631779,0.2,0.36,0.0,0,V-2023.12-SP3,V-2023.12-SP4,6.38,1.618,0.0023120000000000003,8.0,7.998,5.9985,5.054,0.9903,0.0001248,6.045,0.8257,0.1032,0.001395,0.9303,0.4994,0.5249,0.0007919,1.0250000000000001,0.0,0.0,0.0,0.0,0.0,0.0,0.0,0.0,0.0,0.0,0.0,0.0,0.0,0.0,0.0,0.0,unvectored,none,2,2026-07-26T16:15:41+00:00
intadd_128_128_136_5_10nm_TT_0V8_25C_1333p33MHz,intadd,a_width=128;b_width=128;out_width=136;pipeline_stages=5,10nm,TT,0.8,25.0,0.75,1333.3333333333333,128,128,136,5,V-2023.12-SP4,2910,1958,952,807.106585,222.197757,584.908828,0.32714776632302406,0.7246983717770064,0.49,0.04,0.0,0,V-2023.12-SP4,2972,2020,952,828.58,243.67,584.91,1146.2246,0.7229,0.3203230148048452,0.7059185594631779,0.2,0.36,0.0,0,V-2023.12-SP3,V-2023.12-SP4,7.686,1.943,0.002467,9.631,9.629,7.22175,5.051,0.9903,0.0001249,6.042,1.85,0.2577,0.001502,2.109,0.7852,0.6947,0.0008393999999999999,1.4809999999999999,0.0,0.0,0.0,0.0,0.0,0.0,0.0,0.0,0.0,0.0,0.0,0.0,0.0,0.0,0.0,0.0,vectored,random,2,2026-07-26T16:15:48+00:00
intadd_128_128_136_5_10nm_TT_0V8_25C_800MHz,intadd,a_width=128;b_width=128;out_width=136;pipeline_stages=5,10nm,TT,0.8,25.0,1.25,800.0,128,128,136,5,V-2023.12-SP4,2713,1761,952,789.995545,205.086717,584.908828,0.35090305934389976,0.7403950967850078,1.01,0.02,0.0,0,V-2023.12-SP4,2834,1882,952,819.43,234.52,584.91,1119.8362,0.7317,0.3359209597741708,0.7138010568321882,0.45,0.62,0.0,0,V-2023.12-SP3,V-2023.12-SP4,3.921,1.003,0.002317,4.927,4.9239999999999995,6.154999999999999,3.136,0.6497,0.0001659,3.786,0.4956,0.0648,0.001395,0.5618,0.2897,0.2888,0.0007556,0.5793,0.0,0.0,0.0,0.0,0.0,0.0,0.0,0.0,0.0,0.0,0.0,0.0,0.0,0.0,0.0,0.0,unvectored,none,2,2026-07-26T16:16:00+00:00
intadd_128_128_136_5_10nm_TT_0V8_25C_800MHz,intadd,a_width=128;b_width=128;out_width=136;pipeline_stages=5,10nm,TT,0.8,25.0,1.25,800.0,128,128,136,5,V-2023.12-SP4,2713,1761,952,789.995545,205.086717,584.908828,0.35090305934389976,0.7403950967850078,1.01,0.02,0.0,0,V-2023.12-SP4,2834,1882,952,819.43,234.52,584.91,1119.8362,0.7317,0.3359209597741708,0.7138010568321882,0.45,0.62,0.0,0,V-2023.12-SP3,V-2023.12-SP4,4.71,1.1820000000000002,0.002476,5.8950000000000005,5.892,7.365,3.134,0.6497,0.000166,3.7840000000000003,1.116,0.1618,0.0015069999999999999,1.279,0.4602,0.3709,0.0008026999999999999,0.8318000000000001,0.0,0.0,0.0,0.0,0.0,0.0,0.0,0.0,0.0,0.0,0.0,0.0,0.0,0.0,0.0,0.0,vectored,random,2,2026-07-26T16:16:08+00:00
intadd_128_128_128_2_16nm_TT_0V85_25C_500MHz,intadd,a_width=128;b_width=128;out_width=128;pipeline_stages=2,16nm,TT,0.85,25.0,2.0,500.0,128,128,128,2,V-2023.12-SP4,1814,1430,384,793.711899,315.954438,477.757462,0.21168687982359427,0.6019280580295294,1.72,0.05,0.0,0,V-2023.12-SP4,1840,1456,384,834.96,329.33,505.63,1122.1079,0.7441,0.20869565217391303,0.6055739197087285,0.85,0.92,0.0,0,V-2023.12-SP3,V-2023.12-SP4,1.377,0.2713,0.06585,1.7149999999999999,1.6482999999999999,3.2965999999999998,1.016,0.07596,0.06425,1.156,0.208,0.0261,0.00105,0.2351,0.1536,0.1692,0.0005558000000000001,0.3234,0.0,0.0,0.0,0.0,0.0,0.0,0.0,0.0,0.0,0.0,0.0,0.0,0.0,0.0,0.0,0.0,unvectored,none,2,2026-07-26T16:16:51+00:00
intadd_128_128_128_2_16nm_TT_0V85_25C_500MHz,intadd,a_width=128;b_width=128;out_width=128;pipeline_stages=2,16nm,TT,0.85,25.0,2.0,500.0,128,128,128,2,V-2023.12-SP4,1814,1430,384,793.711899,315.954438,477.757462,0.21168687982359427,0.6019280580295294,1.72,0.05,0.0,0,V-2023.12-SP4,1840,1456,384,834.96,329.33,505.63,1122.1079,0.7441,0.20869565217391303,0.6055739197087285,0.85,0.92,0.0,0,V-2023.12-SP3,V-2023.12-SP4,1.789,0.4452,0.06586,2.3,2.2342,4.4684,1.017,0.07596,0.06425,1.157,0.4769,0.06513,0.0010270000000000001,0.5431,0.29550000000000004,0.30410000000000004,0.0005892,0.6002,0.0,0.0,0.0,0.0,0.0,0.0,0.0,0.0,0.0,0.0,0.0,0.0,0.0,0.0,0.0,0.0,vectored,random,2,2026-07-26T16:16:58+00:00
intadd_128_128_128_3_16nm_TT_0V85_25C_1000MHz,intadd,a_width=128;b_width=128;out_width=128;pipeline_stages=3,16nm,TT,0.85,25.0,1.0,1000.0,128,128,128,3,V-2023.12-SP4,2205,1628,577,1083.850022,365.96967,717.880352,0.2616780045351474,0.6623428864035212,0.69,0.07,0.0,0,V-2023.12-SP4,2253,1676,577,1145.06,408.02,737.04,1539.7724,0.7437,0.2561029738126942,0.6436693273714914,0.35,0.48,0.0,0,V-2023.12-SP3,V-2023.12-SP4,4.261,0.9806000000000001,0.4528,5.694,5.2416,5.2416,3.334,0.5107,0.4496,4.2940000000000005,0.5606,0.07223,0.002474,0.6353,0.36689999999999995,0.3977,0.0006601,0.7653,0.0,0.0,0.0,0.0,0.0,0.0,0.0,0.0,0.0,0.0,0.0,0.0,0.0,0.0,0.0,0.0,unvectored,none,2,2026-07-26T16:17:00+00:00
intadd_128_128_128_3_16nm_TT_0V85_25C_1000MHz,intadd,a_width=128;b_width=128;out_width=128;pipeline_stages=3,16nm,TT,0.85,25.0,1.0,1000.0,128,128,128,3,V-2023.12-SP4,2205,1628,577,1083.850022,365.96967,717.880352,0.2616780045351474,0.6623428864035212,0.69,0.07,0.0,0,V-2023.12-SP4,2253,1676,577,1145.06,408.02,737.04,1539.7724,0.7437,0.2561029738126942,0.6436693273714914,0.35,0.48,0.0,0,V-2023.12-SP3,V-2023.12-SP4,5.211,1.2550000000000001,0.45239999999999997,6.917999999999999,6.466,6.466,3.3379999999999996,0.5107,0.4496,4.298,1.256,0.1803,0.0021100000000000003,1.439,0.6161,0.5642,0.0007113999999999999,1.181,0.0,0.0,0.0,0.0,0.0,0.0,0.0,0.0,0.0,0.0,0.0,0.0,0.0,0.0,0.0,0.0,vectored,random,2,2026-07-26T16:17:07+00:00
intadd_128_128_128_3_16nm_TT_0V85_25C_571p429MHz,intadd,a_width=128;b_width=128;out_width=128;pipeline_stages=3,16nm,TT,0.85,25.0,1.75,571.4285714285714,128,128,128,3,V-2023.12-SP4,2148,1571,577,1072.154918,354.274566,717.880352,0.2686219739292365,0.6695677461790088,1.48,0.04,0.0,0,V-2023.12-SP4,2181,1604,577,1124.78,375.92,748.86,1508.7928,0.7455,0.26455754241173773,0.6657835310016181,0.72,0.79,0.0,0,V-2023.12-SP3,V-2023.12-SP4,2.317,0.4235,0.1953,2.936,2.7405,4.795875,1.776,0.1665,0.19269999999999998,2.1350000000000002,0.3342,0.039490000000000004,0.002007,0.37570000000000003,0.2071,0.2175,0.0006418000000000001,0.4253,0.0,0.0,0.0,0.0,0.0,0.0,0.0,0.0,0.0,0.0,0.0,0.0,0.0,0.0,0.0,0.0,unvectored,none,2,2026-07-26T16:17:46+00:00
intadd_128_128_128_3_16nm_TT_0V85_25C_571p429MHz,intadd,a_width=128;b_width=128;out_width=128;pipeline_stages=3,16nm,TT,0.85,25.0,1.75,571.4285714285714,128,128,128,3,V-2023.12-SP4,2148,1571,577,1072.154918,354.274566,717.880352,0.2686219739292365,0.6695677461790088,1.48,0.04,0.0,0,V-2023.12-SP4,2181,1604,577,1124.78,375.92,748.86,1508.7928,0.7455,0.26455754241173773,0.6657835310016181,0.72,0.79,0.0,0,V-2023.12-SP3,V-2023.12-SP4,2.906,0.5974,0.1952,3.698,3.5034,6.13095,1.778,0.1665,0.19269999999999998,2.1380000000000003,0.7601,0.09858,0.0018160000000000001,0.8605,0.3671,0.33240000000000003,0.0006924,0.7002,0.0,0.0,0.0,0.0,0.0,0.0,0.0,0.0,0.0,0.0,0.0,0.0,0.0,0.0,0.0,0.0,vectored,random,2,2026-07-26T16:17:53+00:00
intadd_128_128_136_3_20nm_TT_0V9_25C_363p636MHz,intadd,a_width=128;b_width=128;out_width=136;pipeline_stages=3,20nm,TT,0.9,25.0,2.75,363.6363636363636,128,128,136,3,V-2023.12-SP4,2117,1543,574,1808.50559,596.217597,1212.287993,0.27113840340103923,0.670325820225969,2.46,0.05,0.0,0,V-2023.12-SP4,2173,1599,574,1869.01,656.73,1212.29,2561.328,0.7297,0.2641509433962264,0.6486268131256654,1.24,1.28,0.0,0,V-2023.12-SP3,V-2023.12-SP4,1.752,0.3729,0.05329,2.178,2.1249000000000002,5.843475000000001,1.361,0.1809,0.051629999999999995,1.5939999999999999,0.2316,0.029759999999999998,0.0008703999999999999,0.2622,0.15880000000000002,0.1622,0.0007894,0.3219,0.0,0.0,0.0,0.0,0.0,0.0,0.0,0.0,0.0,0.0,0.0,0.0,0.0,0.0,0.0,0.0,unvectored,none,2,2026-07-26T16:17:58+00:00
intadd_128_128_136_3_20nm_TT_0V9_25C_363p636MHz,intadd,a_width=128;b_width=128;out_width=136;pipeline_stages=3,20nm,TT,0.9,25.0,2.75,363.6363636363636,128,128,136,3,V-2023.12-SP4,2117,1543,574,1808.50559,596.217597,1212.287993,0.27113840340103923,0.670325820225969,2.46,0.05,0.0,0,V-2023.12-SP4,2173,1599,574,1869.01,656.73,1212.29,2561.328,0.7297,0.2641509433962264,0.6486268131256654,1.24,1.28,0.0,0,V-2023.12-SP3,V-2023.12-SP4,2.161,0.4998,0.05354,2.714,2.6608,7.3172,1.3619999999999999,0.1809,0.051629999999999995,1.595,0.5196000000000001,0.0743,0.0010479999999999999,0.5949,0.2788,0.24459999999999998,0.0008535999999999999,0.5242,0.0,0.0,0.0,0.0,0.0,0.0,0.0,0.0,0.0,0.0,0.0,0.0,0.0,0.0,0.0,0.0,vectored,random,2,2026-07-26T16:18:04+00:00
intadd_128_128_136_5_20nm_TT_0V9_25C_800MHz,intadd,a_width=128;b_width=128;out_width=136;pipeline_stages=5,20nm,TT,0.9,25.0,1.25,800.0,128,128,136,5,V-2023.12-SP4,2951,1992,959,2800.300785,774.892796,2025.407989,0.3249745848864792,0.7232822987620596,0.95,0.06,0.0,0,V-2023.12-SP4,3052,2093,959,2977.71,952.3,2025.41,3996.0096,0.7452,0.31422018348623854,0.6801904819475368,0.5,0.56,0.0,0,V-2023.12-SP3,V-2023.12-SP4,6.835,1.5330000000000001,0.7759,9.143,8.368,10.46,5.528,0.9805,0.7734000000000001,7.282,0.8277,0.09849,0.001454,0.9277000000000001,0.479,0.4536,0.001044,0.9337,0.0,0.0,0.0,0.0,0.0,0.0,0.0,0.0,0.0,0.0,0.0,0.0,0.0,0.0,0.0,0.0,unvectored,none,2,2026-07-26T16:18:27+00:00
intadd_128_128_136_3_7nm_TT_0V75_25C_800MHz,intadd,a_width=128;b_width=128;out_width=136;pipeline_stages=3,7nm,TT,0.75,25.0,1.25,800.0,128,128,136,3,V-2023.12-SP4,2073,1499,574,274.14375,88.994303,185.149447,0.2768933912204534,0.6753735841141737,1.0,0.03,0.0,0,V-2023.12-SP4,2150,1576,574,287.68,102.53,185.15,388.7171,0.7401,0.2669767441860465,0.6435970522803115,0.44,0.63,0.0,0,V-2023.12-SP3,V-2023.12-SP4,1.981,0.5842,0.002049,2.5669999999999997,2.5652,3.2065,1.5759999999999998,0.3512,0.0001315,1.9269999999999998,0.24250000000000002,0.03569,0.001469,0.2796,0.1622,0.1973,0.0004494,0.36000000000000004,0.0,0.0,0.0,0.0,0.0,0.0,0.0,0.0,0.0,0.0,0.0,0.0,0.0,0.0,0.0,0.0,unvectored,none,2,2026-07-26T16:18:31+00:00
intadd_128_128_136_5_20nm_TT_0V9_25C_800MHz,intadd,a_width=128;b_width=128;out_width=136;pipeline_stages=5,20nm,TT,0.9,25.0,1.25,800.0,128,128,136,5,V-2023.12-SP4,2951,1992,959,2800.300785,774.892796,2025.407989,0.3249745848864792,0.7232822987620596,0.95,0.06,0.0,0,V-2023.12-SP4,3052,2093,959,2977.71,952.3,2025.41,3996.0096,0.7452,0.31422018348623854,0.6801904819475368,0.5,0.56,0.0,0,V-2023.12-SP3,V-2023.12-SP4,8.158999999999999,1.818,0.7762,10.8,9.976999999999999,12.471249999999998,5.5329999999999995,0.9805,0.7733,7.287,1.861,0.2459,0.001756,2.109,0.7644000000000001,0.5912,0.001152,1.357,0.0,0.0,0.0,0.0,0.0,0.0,0.0,0.0,0.0,0.0,0.0,0.0,0.0,0.0,0.0,0.0,vectored,random,2,2026-07-26T16:18:34+00:00
intadd_128_128_136_3_7nm_TT_0V75_25C_800MHz,intadd,a_width=128;b_width=128;out_width=136;pipeline_stages=3,7nm,TT,0.75,25.0,1.25,800.0,128,128,136,3,V-2023.12-SP4,2073,1499,574,274.14375,88.994303,185.149447,0.2768933912204534,0.6753735841141737,1.0,0.03,0.0,0,V-2023.12-SP4,2150,1576,574,287.68,102.53,185.15,388.7171,0.7401,0.2669767441860465,0.6435970522803115,0.44,0.63,0.0,0,V-2023.12-SP3,V-2023.12-SP4,2.4090000000000003,0.7446,0.002355,3.156,3.1536000000000004,3.9420000000000006,1.575,0.3512,0.0001315,1.9269999999999998,0.5442999999999999,0.0891,0.001763,0.6352000000000001,0.2889,0.3042,0.0004603,0.5936,0.0,0.0,0.0,0.0,0.0,0.0,0.0,0.0,0.0,0.0,0.0,0.0,0.0,0.0,0.0,0.0,vectored,random,2,2026-07-26T16:18:39+00:00
intadd_128_128_136_5_7nm_TT_0V75_25C_1333p33MHz,intadd,a_width=128;b_width=128;out_width=136;pipeline_stages=5,7nm,TT,0.75,25.0,0.75,1333.3333333333333,128,128,136,5,V-2023.12-SP4,2881,1929,952,422.424587,115.347455,307.077132,0.3304408191600139,0.7269395329964542,0.49,0.04,0.0,0,V-2023.12-SP4,2934,1982,952,427.57,120.49,307.08,599.1713,0.7136,0.32447171097477845,0.7181981897700961,0.19,0.37,0.0,0,V-2023.12-SP3,V-2023.12-SP4,4.632,1.266,0.003077,5.902,5.898,4.4235,3.615,0.7554000000000001,2.714e-05,4.3709999999999996,0.6505000000000001,0.08456999999999999,0.002437,0.7374999999999999,0.36660000000000004,0.4263,0.0006129,0.7936,0.0,0.0,0.0,0.0,0.0,0.0,0.0,0.0,0.0,0.0,0.0,0.0,0.0,0.0,0.0,0.0,unvectored,none,2,2026-07-26T16:19:27+00:00
intadd_128_128_136_5_7nm_TT_0V75_25C_1333p33MHz,intadd,a_width=128;b_width=128;out_width=136;pipeline_stages=5,7nm,TT,0.75,25.0,0.75,1333.3333333333333,128,128,136,5,V-2023.12-SP4,2881,1929,952,422.424587,115.347455,307.077132,0.3304408191600139,0.7269395329964542,0.49,0.04,0.0,0,V-2023.12-SP4,2934,1982,952,427.57,120.49,307.08,599.1713,0.7136,0.32447171097477845,0.7181981897700961,0.19,0.37,0.0,0,V-2023.12-SP3,V-2023.12-SP4,5.697,1.536,0.003579,7.236000000000001,7.2330000000000005,5.42475,3.613,0.7554000000000001,2.722e-05,4.369,1.463,0.2112,0.002922,1.677,0.6206999999999999,0.5691,0.0006292,1.1900000000000002,0.0,0.0,0.0,0.0,0.0,0.0,0.0,0.0,0.0,0.0,0.0,0.0,0.0,0.0,0.0,0.0,vectored,random,2,2026-07-26T16:19:35+00:00
intadd_128_128_128_5_16nm_TT_0V85_25C_1000MHz,intadd,a_width=128;b_width=128;out_width=128;pipeline_stages=5,16nm,TT,0.85,25.0,1.0,1000.0,128,128,128,5,V-2023.12-SP4,2946,1983,963,1653.053245,454.927111,1198.126134,0.3268839103869654,0.7247958513278259,0.74,0.03,0.0,0,V-2023.12-SP4,3041,2078,963,1766.15,518.63,1247.52,2346.2369,0.7528,0.3166721473199605,0.7063499702743254,0.35,0.47,0.0,0,V-2023.12-SP3,V-2023.12-SP4,6.647,1.5790000000000002,0.26130000000000003,8.487,8.226,8.226,5.212,0.9911,0.257,6.46,0.9469,0.1031,0.0034419999999999997,1.053,0.4883,0.4848,0.0008512,0.9740000000000001,0.0,0.0,0.0,0.0,0.0,0.0,0.0,0.0,0.0,0.0,0.0,0.0,0.0,0.0,0.0,0.0,unvectored,none,2,2026-07-26T16:20:24+00:00
intadd_128_128_128_5_16nm_TT_0V85_25C_1000MHz,intadd,a_width=128;b_width=128;out_width=128;pipeline_stages=5,16nm,TT,0.85,25.0,1.0,1000.0,128,128,128,5,V-2023.12-SP4,2946,1983,963,1653.053245,454.927111,1198.126134,0.3268839103869654,0.7247958513278259,0.74,0.03,0.0,0,V-2023.12-SP4,3041,2078,963,1766.15,518.63,1247.52,2346.2369,0.7528,0.3166721473199605,0.7063499702743254,0.35,0.47,0.0,0,V-2023.12-SP3,V-2023.12-SP4,8.158,1.879,0.2611,10.3,10.036999999999999,10.036999999999999,5.218999999999999,0.9911,0.2571,6.467,2.141,0.2574,0.003114,2.402,0.7981,0.6302,0.0009361,1.4289999999999998,0.0,0.0,0.0,0.0,0.0,0.0,0.0,0.0,0.0,0.0,0.0,0.0,0.0,0.0,0.0,0.0,vectored,random,2,2026-07-26T16:20:32+00:00
intadd_128_128_128_5_16nm_TT_0V85_25C_666p667MHz,intadd,a_width=128;b_width=128;out_width=128;pipeline_stages=5,16nm,TT,0.85,25.0,1.5,666.6666666666666,128,128,128,5,V-2023.12-SP4,2836,1873,963,1633.084476,434.958342,1198.126134,0.3395627644569817,0.7336583940437874,1.26,0.01,0.0,0,V-2023.12-SP4,2964,2001,963,1777.53,524.79,1252.74,2307.979,0.7702,0.3248987854251012,0.704764476548919,0.6,0.73,0.0,0,V-2023.12-SP3,V-2023.12-SP4,4.664,1.1039999999999999,0.7107,6.479,5.768,8.652,3.706,0.7267,0.7066,5.139,0.6381,0.06946000000000001,0.003235,0.7108,0.3203,0.3077,0.0008267999999999999,0.6288,0.0,0.0,0.0,0.0,0.0,0.0,0.0,0.0,0.0,0.0,0.0,0.0,0.0,0.0,0.0,0.0,unvectored,none,2,2026-07-26T16:20:36+00:00
intadd_128_128_136_2_16nm_TT_0V85_25C_800MHz,intadd,a_width=128;b_width=128;out_width=136;pipeline_stages=2,16nm,TT,0.85,25.0,1.25,800.0,128,128,136,2,V-2023.12-SP4,1873,1488,385,804.909339,325.907718,479.001622,0.20555258942872398,0.5951000923844418,0.92,0.1,0.0,0,V-2023.12-SP4,1903,1518,385,833.03,343.08,489.95,1129.324,0.7376,0.2023121387283237,0.588154088088064,0.47,0.61,0.0,0,V-2023.12-SP3,V-2023.12-SP4,2.202,0.5821,0.06655,2.851,2.7841,3.480125,1.645,0.25470000000000004,0.06426,1.964,0.3059,0.04147,0.0017230000000000001,0.34909999999999997,0.252,0.2859,0.000572,0.5385,0.0,0.0,0.0,0.0,0.0,0.0,0.0,0.0,0.0,0.0,0.0,0.0,0.0,0.0,0.0,0.0,unvectored,none,2,2026-07-26T16:20:36+00:00
intadd_128_128_128_5_16nm_TT_0V85_25C_666p667MHz,intadd,a_width=128;b_width=128;out_width=128;pipeline_stages=5,16nm,TT,0.85,25.0,1.5,666.6666666666666,128,128,128,5,V-2023.12-SP4,2836,1873,963,1633.084476,434.958342,1198.126134,0.3395627644569817,0.7336583940437874,1.26,0.01,0.0,0,V-2023.12-SP4,2964,2001,963,1777.53,524.79,1252.74,2307.979,0.7702,0.3248987854251012,0.704764476548919,0.6,0.73,0.0,0,V-2023.12-SP3,V-2023.12-SP4,5.684,1.2979999999999998,0.7105,7.692,6.982,10.473,3.711,0.7267,0.7066,5.144,1.453,0.17340000000000003,0.002951,1.629,0.5204,0.3977,0.0009108,0.919,0.0,0.0,0.0,0.0,0.0,0.0,0.0,0.0,0.0,0.0,0.0,0.0,0.0,0.0,0.0,0.0,vectored,random,2,2026-07-26T16:20:43+00:00
intadd_128_128_136_2_16nm_TT_0V85_25C_800MHz,intadd,a_width=128;b_width=128;out_width=136;pipeline_stages=2,16nm,TT,0.85,25.0,1.25,800.0,128,128,136,2,V-2023.12-SP4,1873,1488,385,804.909339,325.907718,479.001622,0.20555258942872398,0.5951000923844418,0.92,0.1,0.0,0,V-2023.12-SP4,1903,1518,385,833.03,343.08,489.95,1129.324,0.7376,0.2023121387283237,0.588154088088064,0.47,0.61,0.0,0,V-2023.12-SP3,V-2023.12-SP4,2.7529999999999997,0.8046000000000001,0.06632,3.6229999999999998,3.5576,4.447,1.647,0.25470000000000004,0.06426,1.966,0.6771,0.1035,0.0014550000000000001,0.7821,0.42860000000000004,0.4464,0.0006059,0.8755,0.0,0.0,0.0,0.0,0.0,0.0,0.0,0.0,0.0,0.0,0.0,0.0,0.0,0.0,0.0,0.0,vectored,random,2,2026-07-26T16:20:43+00:00
intadd_128_128_136_5_7nm_TT_0V75_25C_800MHz,intadd,a_width=128;b_width=128;out_width=136;pipeline_stages=5,7nm,TT,0.75,25.0,1.25,800.0,128,128,136,5,V-2023.12-SP4,2672,1720,952,412.860683,105.783551,307.077132,0.3562874251497006,0.7437790631180059,0.97,0.06,0.0,0,V-2023.12-SP4,2754,1802,952,425.63,118.56,307.08,586.8012,0.7253,0.345679012345679,0.7214717007729718,0.44,0.67,0.0,0,V-2023.12-SP3,V-2023.12-SP4,3.126,0.7744,0.003134,3.9029999999999996,3.9004,4.8755,2.523,0.4862,0.00011549999999999999,3.009,0.3909,0.05278,0.002437,0.4461,0.21159999999999998,0.2354,0.0005817,0.4475,0.0,0.0,0.0,0.0,0.0,0.0,0.0,0.0,0.0,0.0,0.0,0.0,0.0,0.0,0.0,0.0,unvectored,none,2,2026-07-26T16:21:18+00:00
intadd_128_128_136_5_7nm_TT_0V75_25C_800MHz,intadd,a_width=128;b_width=128;out_width=136;pipeline_stages=5,7nm,TT,0.75,25.0,1.25,800.0,128,128,136,5,V-2023.12-SP4,2672,1720,952,412.860683,105.783551,307.077132,0.3562874251497006,0.7437790631180059,0.97,0.06,0.0,0,V-2023.12-SP4,2754,1802,952,425.63,118.56,307.08,586.8012,0.7253,0.345679012345679,0.7214717007729718,0.44,0.67,0.0,0,V-2023.12-SP3,V-2023.12-SP4,3.754,0.9129999999999999,0.003654,4.67,4.667,5.83375,2.522,0.4862,0.0001156,3.009,0.88,0.1318,0.002941,1.0150000000000001,0.3514,0.29500000000000004,0.000598,0.647,0.0,0.0,0.0,0.0,0.0,0.0,0.0,0.0,0.0,0.0,0.0,0.0,0.0,0.0,0.0,0.0,vectored,random,2,2026-07-26T16:21:25+00:00
intadd_128_128_136_3_16nm_TT_0V85_25C_800MHz,intadd,a_width=128;b_width=128;out_width=136;pipeline_stages=3,16nm,TT,0.85,25.0,1.25,800.0,128,128,136,3,V-2023.12-SP4,2221,1647,574,1083.476774,369.328902,714.147872,0.2584421431787483,0.6591261475439805,0.89,0.13,0.0,0,V-2023.12-SP4,2273,1699,574,1178.03,441.37,736.67,1539.7724,0.7651,0.25252969643642764,0.6253406110200929,0.47,0.6,0.0,0,V-2023.12-SP3,V-2023.12-SP4,3.665,0.8360000000000001,1.031,5.532,4.501,5.626250000000001,2.915,0.4665,1.028,4.409,0.4517,0.05557,0.002324,0.5095,0.2985,0.314,0.0006648,0.6132000000000001,0.0,0.0,0.0,0.0,0.0,0.0,0.0,0.0,0.0,0.0,0.0,0.0,0.0,0.0,0.0,0.0,unvectored,none,2,2026-07-26T16:23:27+00:00
intadd_128_128_136_3_16nm_TT_0V85_25C_800MHz,intadd,a_width=128;b_width=128;out_width=136;pipeline_stages=3,16nm,TT,0.85,25.0,1.25,800.0,128,128,136,3,V-2023.12-SP4,2221,1647,574,1083.476774,369.328902,714.147872,0.2584421431787483,0.6591261475439805,0.89,0.13,0.0,0,V-2023.12-SP4,2273,1699,574,1178.03,441.37,736.67,1539.7724,0.7651,0.25252969643642764,0.6253406110200929,0.47,0.6,0.0,0,V-2023.12-SP3,V-2023.12-SP4,4.43,1.064,1.03,6.525,5.494,6.8675,2.918,0.4665,1.028,4.413,1.0150000000000001,0.13870000000000002,0.002013,1.155,0.4967,0.4591,0.0007148,0.9565,0.0,0.0,0.0,0.0,0.0,0.0,0.0,0.0,0.0,0.0,0.0,0.0,0.0,0.0,0.0,0.0,vectored,random,2,2026-07-26T16:23:34+00:00
intadd_128_128_136_5_16nm_TT_0V85_25C_1000MHz,intadd,a_width=128;b_width=128;out_width=136;pipeline_stages=5,16nm,TT,0.85,25.0,1.0,1000.0,128,128,136,5,V-2023.12-SP4,2928,1976,952,1637.501244,453.060871,1184.440373,0.3251366120218579,0.7233218156871213,0.69,0.08,0.0,0,V-2023.12-SP4,3011,2059,952,1732.62,501.89,1230.72,2307.979,0.7507,0.31617402856193955,0.7103230945042768,0.35,0.48,0.0,0,V-2023.12-SP3,V-2023.12-SP4,6.592,1.469,0.1971,8.258,8.061,8.061,5.169,0.8831000000000001,0.1928,6.245,0.9317000000000001,0.1012,0.003502,1.036,0.49069999999999997,0.4848,0.000847,0.9763000000000001,0.0,0.0,0.0,0.0,0.0,0.0,0.0,0.0,0.0,0.0,0.0,0.0,0.0,0.0,0.0,0.0,unvectored,none,2,2026-07-26T16:23:58+00:00
intadd_128_128_136_5_16nm_TT_0V85_25C_1000MHz,intadd,a_width=128;b_width=128;out_width=136;pipeline_stages=5,16nm,TT,0.85,25.0,1.0,1000.0,128,128,136,5,V-2023.12-SP4,2928,1976,952,1637.501244,453.060871,1184.440373,0.3251366120218579,0.7233218156871213,0.69,0.08,0.0,0,V-2023.12-SP4,3011,2059,952,1732.62,501.89,1230.72,2307.979,0.7507,0.31617402856193955,0.7103230945042768,0.35,0.48,0.0,0,V-2023.12-SP3,V-2023.12-SP4,8.07,1.752,0.1968,10.0,9.822000000000001,9.822000000000001,5.176,0.8831000000000001,0.1928,6.252,2.11,0.2528,0.0031200000000000004,2.366,0.7841,0.6162,0.0009308999999999999,1.4009999999999998,0.0,0.0,0.0,0.0,0.0,0.0,0.0,0.0,0.0,0.0,0.0,0.0,0.0,0.0,0.0,0.0,vectored,random,2,2026-07-26T16:24:05+00:00
intadd_128_128_136_5_16nm_TT_0V85_25C_666p667MHz,intadd,a_width=128;b_width=128;out_width=136;pipeline_stages=5,16nm,TT,0.85,25.0,1.5,666.6666666666666,128,128,136,5,V-2023.12-SP4,2839,1887,952,1621.638204,437.19783,1184.440373,0.33532934131736525,0.7303974277853162,1.22,0.05,0.0,0,V-2023.12-SP4,2951,1999,952,1738.22,501.52,1236.7,2297.6525,0.7565,0.3226025076245341,0.7114749571400628,0.59,0.73,0.0,0,V-2023.12-SP3,V-2023.12-SP4,4.393,1.0230000000000001,0.3896,5.805000000000001,5.416,8.124,3.448,0.6447,0.3855,4.478000000000001,0.629,0.0686,0.003267,0.7009,0.31589999999999996,0.3098,0.0008315,0.6265,0.0,0.0,0.0,0.0,0.0,0.0,0.0,0.0,0.0,0.0,0.0,0.0,0.0,0.0,0.0,0.0,unvectored,none,2,2026-07-26T16:24:07+00:00
intadd_128_128_136_5_16nm_TT_0V85_25C_666p667MHz,intadd,a_width=128;b_width=128;out_width=136;pipeline_stages=5,16nm,TT,0.85,25.0,1.5,666.6666666666666,128,128,136,5,V-2023.12-SP4,2839,1887,952,1621.638204,437.19783,1184.440373,0.33532934131736525,0.7303974277853162,1.22,0.05,0.0,0,V-2023.12-SP4,2951,1999,952,1738.22,501.52,1236.7,2297.6525,0.7565,0.3226025076245341,0.7114749571400628,0.59,0.73,0.0,0,V-2023.12-SP3,V-2023.12-SP4,5.396,1.212,0.3893,6.997,6.608,9.911999999999999,3.4520000000000004,0.6447,0.38539999999999996,4.483,1.426,0.17129999999999998,0.00297,1.601,0.5168,0.39599999999999996,0.0009155,0.9137000000000001,0.0,0.0,0.0,0.0,0.0,0.0,0.0,0.0,0.0,0.0,0.0,0.0,0.0,0.0,0.0,0.0,vectored,random,2,2026-07-26T16:24:14+00:00
