rtl_name	arch_params	node	status	crit_path_ns	slack_ns	message
intadd	a_width=4;b_width=4;out_width=4;pipeline_stages=2	10	ok	0.25	0.03	
intadd	a_width=4;b_width=4;out_width=4;pipeline_stages=3	10	ok	0.18	0.10	
intadd	a_width=4;b_width=4;out_width=4;pipeline_stages=3	7	ok	0.15	0.13	
intadd	a_width=4;b_width=4;out_width=4;pipeline_stages=2	5	ok	0.20	0.08	
intadd	a_width=4;b_width=4;out_width=4;pipeline_stages=2	7	ok	0.19	0.09	
intadd	a_width=4;b_width=4;out_width=4;pipeline_stages=3	5	ok	0.14	0.14	
intadd	a_width=4;b_width=4;out_width=4;pipeline_stages=2	20	ok	0.40	-0.14	
intadd	a_width=4;b_width=4;out_width=4;pipeline_stages=2	16	ok	0.27	0.00	
intadd	a_width=4;b_width=4;out_width=4;pipeline_stages=3	16	ok	0.27	0.00	
intadd	a_width=4;b_width=4;out_width=4;pipeline_stages=3	20	ok	0.37	-0.11	
intadd	a_width=4;b_width=4;out_width=12;pipeline_stages=2	10	ok	0.28	0.00	
intadd	a_width=4;b_width=4;out_width=4;pipeline_stages=5	7	ok	0.13	0.15	
intadd	a_width=4;b_width=4;out_width=4;pipeline_stages=5	5	ok	0.13	0.15	
intadd	a_width=4;b_width=4;out_width=12;pipeline_stages=2	5	ok	0.23	0.05	
intadd	a_width=4;b_width=4;out_width=4;pipeline_stages=5	10	ok	0.17	0.12	
intadd	a_width=4;b_width=4;out_width=12;pipeline_stages=2	7	ok	0.23	0.05	
intadd	a_width=4;b_width=4;out_width=12;pipeline_stages=2	16	ok	0.27	0.00	
intadd	a_width=4;b_width=4;out_width=4;pipeline_stages=5	16	ok	0.27	0.00	
intadd	a_width=4;b_width=4;out_width=4;pipeline_stages=5	20	ok	0.31	-0.05	
intadd	a_width=4;b_width=4;out_width=12;pipeline_stages=2	20	ok	0.38	-0.12	
intadd	a_width=4;b_width=4;out_width=12;pipeline_stages=3	7	ok	0.22	0.06	
intadd	a_width=4;b_width=4;out_width=12;pipeline_stages=3	5	ok	0.22	0.06	
intadd	a_width=4;b_width=4;out_width=12;pipeline_stages=5	10	ok	0.27	0.01	
intadd	a_width=4;b_width=4;out_width=12;pipeline_stages=3	10	ok	0.27	0.01	
intadd	a_width=4;b_width=4;out_width=12;pipeline_stages=5	5	ok	0.22	0.06	
intadd	a_width=4;b_width=4;out_width=12;pipeline_stages=5	7	ok	0.23	0.05	
intadd	a_width=4;b_width=4;out_width=12;pipeline_stages=3	16	ok	0.27	0.00	
intadd	a_width=4;b_width=4;out_width=12;pipeline_stages=3	20	ok	0.41	-0.14	
intadd	a_width=4;b_width=4;out_width=12;pipeline_stages=5	20	ok	0.41	-0.15	
intadd	a_width=4;b_width=4;out_width=12;pipeline_stages=5	16	ok	0.29	-0.03	
intadd	a_width=6;b_width=6;out_width=6;pipeline_stages=2	5	ok	0.26	0.02	
intadd	a_width=6;b_width=6;out_width=6;pipeline_stages=2	7	ok	0.22	0.07	
intadd	a_width=6;b_width=6;out_width=6;pipeline_stages=3	10	ok	0.24	0.04	
intadd	a_width=6;b_width=6;out_width=6;pipeline_stages=2	10	ok	0.26	0.02	
intadd	a_width=6;b_width=6;out_width=6;pipeline_stages=3	7	ok	0.19	0.09	
intadd	a_width=6;b_width=6;out_width=6;pipeline_stages=3	5	ok	0.19	0.09	
intadd	a_width=6;b_width=6;out_width=6;pipeline_stages=5	5	error			synthesis failed for intadd_6_6_6_5_5nm_TT_0V7_25C_2000MHz; see /home/KNUEEhdd1/ys_knu/kmk/NPUWattch/dataset_gen/logic/TECH_05nm/01_syn/intadd_6_6_6_5_5nm_TT_0V7_25C_2000MHz/synthesis.log
intadd	a_width=6;b_width=6;out_width=6;pipeline_stages=5	7	error			synthesis failed for intadd_6_6_6_5_7nm_TT_0V75_25C_2000MHz; see /home/KNUEEhdd1/ys_knu/kmk/NPUWattch/dataset_gen/logic/TECH_07nm/01_syn/intadd_6_6_6_5_7nm_TT_0V75_25C_2000MHz/synthesis.log
intadd	a_width=6;b_width=6;out_width=6;pipeline_stages=5	10	error			synthesis failed for intadd_6_6_6_5_10nm_TT_0V8_25C_2000MHz; see /home/KNUEEhdd1/ys_knu/kmk/NPUWattch/dataset_gen/logic/TECH_10nm/01_syn/intadd_6_6_6_5_10nm_TT_0V8_25C_2000MHz/synthesis.log
intadd	a_width=6;b_width=6;out_width=6;pipeline_stages=2	20	ok	0.46	-0.20	
intadd	a_width=6;b_width=6;out_width=6;pipeline_stages=2	16	ok	0.32	-0.05	
intadd	a_width=6;b_width=6;out_width=6;pipeline_stages=3	20	ok	0.48	-0.22	
intadd	a_width=6;b_width=6;out_width=6;pipeline_stages=3	16	ok	0.32	-0.06	
intadd	a_width=6;b_width=6;out_width=6;pipeline_stages=5	20	error			synthesis failed for intadd_6_6_6_5_20nm_TT_0V9_25C_2000MHz; see /home/KNUEEhdd1/ys_knu/kmk/NPUWattch/dataset_gen/logic/TECH_20nm/01_syn/intadd_6_6_6_5_20nm_TT_0V9_25C_2000MHz/synthesis.log
intadd	a_width=6;b_width=6;out_width=6;pipeline_stages=5	16	error			synthesis failed for intadd_6_6_6_5_16nm_TT_0V85_25C_2000MHz; see /home/KNUEEhdd1/ys_knu/kmk/NPUWattch/dataset_gen/logic/TECH_16nm/01_syn/intadd_6_6_6_5_16nm_TT_0V85_25C_2000MHz/synthesis.log
intadd	a_width=6;b_width=6;out_width=14;pipeline_stages=2	10	ok	0.28	0.00	
intadd	a_width=6;b_width=6;out_width=14;pipeline_stages=2	5	ok	0.23	0.05	
intadd	a_width=6;b_width=6;out_width=14;pipeline_stages=2	7	ok	0.23	0.05	
intadd	a_width=6;b_width=6;out_width=14;pipeline_stages=3	5	ok	0.24	0.04	
intadd	a_width=6;b_width=6;out_width=14;pipeline_stages=3	7	ok	0.24	0.04	
intadd	a_width=6;b_width=6;out_width=14;pipeline_stages=3	10	ok	0.27	0.02	
intadd	a_width=6;b_width=6;out_width=14;pipeline_stages=2	20	ok	0.45	-0.19	
intadd	a_width=6;b_width=6;out_width=14;pipeline_stages=2	16	ok	0.31	-0.05	
intadd	a_width=6;b_width=6;out_width=14;pipeline_stages=3	16	ok	0.36	-0.09	
intadd	a_width=6;b_width=6;out_width=14;pipeline_stages=3	20	ok	0.47	-0.21	
intadd	a_width=6;b_width=6;out_width=14;pipeline_stages=5	10	ok	0.28	0.00	
intadd	a_width=6;b_width=6;out_width=14;pipeline_stages=5	5	ok	0.27	0.02	
intadd	a_width=8;b_width=8;out_width=8;pipeline_stages=2	5	ok	0.26	0.02	
intadd	a_width=6;b_width=6;out_width=14;pipeline_stages=5	7	ok	0.28	0.01	
intadd	a_width=8;b_width=8;out_width=8;pipeline_stages=2	7	ok	0.27	0.01	
intadd	a_width=8;b_width=8;out_width=8;pipeline_stages=2	10	ok	0.28	0.00	
intadd	a_width=6;b_width=6;out_width=14;pipeline_stages=5	20	ok	0.42	-0.16	
intadd	a_width=8;b_width=8;out_width=8;pipeline_stages=2	16	ok	0.35	-0.08	
intadd	a_width=6;b_width=6;out_width=14;pipeline_stages=5	16	ok	0.31	-0.04	
intadd	a_width=8;b_width=8;out_width=8;pipeline_stages=2	20	ok	0.51	-0.25	
intadd	a_width=8;b_width=8;out_width=8;pipeline_stages=3	10	ok	0.28	0.00	
intadd	a_width=8;b_width=8;out_width=8;pipeline_stages=3	5	ok	0.23	0.05	
intadd	a_width=8;b_width=8;out_width=8;pipeline_stages=3	7	ok	0.23	0.05	
intadd	a_width=8;b_width=8;out_width=8;pipeline_stages=5	10	ok	0.21	0.07	
intadd	a_width=8;b_width=8;out_width=8;pipeline_stages=5	5	ok	0.18	0.10	
intadd	a_width=8;b_width=8;out_width=8;pipeline_stages=5	7	ok	0.18	0.10	
intadd	a_width=8;b_width=8;out_width=8;pipeline_stages=3	20	ok	0.44	-0.18	
intadd	a_width=8;b_width=8;out_width=8;pipeline_stages=5	16	ok	0.27	0.00	
intadd	a_width=8;b_width=8;out_width=8;pipeline_stages=3	16	ok	0.31	-0.04	
intadd	a_width=8;b_width=8;out_width=8;pipeline_stages=5	20	ok	0.37	-0.11	
intadd	a_width=8;b_width=8;out_width=16;pipeline_stages=2	10	ok	0.28	0.00	
intadd	a_width=8;b_width=8;out_width=16;pipeline_stages=2	5	ok	0.28	0.01	
intadd	a_width=8;b_width=8;out_width=16;pipeline_stages=3	5	ok	0.27	0.01	
intadd	a_width=8;b_width=8;out_width=16;pipeline_stages=3	10	ok	0.26	0.02	
intadd	a_width=8;b_width=8;out_width=16;pipeline_stages=2	7	ok	0.28	0.00	
intadd	a_width=8;b_width=8;out_width=16;pipeline_stages=3	7	ok	0.28	0.01	
intadd	a_width=8;b_width=8;out_width=16;pipeline_stages=2	20	ok	0.52	-0.25	
intadd	a_width=8;b_width=8;out_width=16;pipeline_stages=3	16	ok	0.36	-0.09	
intadd	a_width=8;b_width=8;out_width=16;pipeline_stages=2	16	ok	0.34	-0.07	
intadd	a_width=8;b_width=8;out_width=16;pipeline_stages=3	20	ok	0.47	-0.21	
intadd	a_width=8;b_width=8;out_width=16;pipeline_stages=5	10	ok	0.28	0.00	
intadd	a_width=8;b_width=8;out_width=16;pipeline_stages=5	5	ok	0.27	0.02	
intadd	a_width=12;b_width=12;out_width=12;pipeline_stages=2	5	ok	0.26	0.02	
intadd	a_width=12;b_width=12;out_width=12;pipeline_stages=2	10	ok	0.27	0.01	
intadd	a_width=8;b_width=8;out_width=16;pipeline_stages=5	7	ok	0.28	0.01	
intadd	a_width=12;b_width=12;out_width=12;pipeline_stages=2	7	ok	0.26	0.02	
intadd	a_width=8;b_width=8;out_width=16;pipeline_stages=5	20	ok	0.45	-0.19	
intadd	a_width=8;b_width=8;out_width=16;pipeline_stages=5	16	ok	0.32	-0.05	
intadd	a_width=12;b_width=12;out_width=12;pipeline_stages=2	16	ok	0.38	-0.12	
intadd	a_width=12;b_width=12;out_width=12;pipeline_stages=2	20	ok	0.51	-0.25	
intadd	a_width=12;b_width=12;out_width=12;pipeline_stages=3	10	ok	0.28	0.00	
intadd	a_width=12;b_width=12;out_width=12;pipeline_stages=3	5	ok	0.28	0.00	
intadd	a_width=12;b_width=12;out_width=12;pipeline_stages=5	5	ok	0.20	0.08	
intadd	a_width=12;b_width=12;out_width=12;pipeline_stages=5	10	ok	0.26	0.02	
intadd	a_width=12;b_width=12;out_width=12;pipeline_stages=3	7	ok	0.25	0.03	
intadd	a_width=12;b_width=12;out_width=12;pipeline_stages=5	7	ok	0.20	0.08	
intadd	a_width=12;b_width=12;out_width=12;pipeline_stages=3	20	ok	0.46	-0.20	
intadd	a_width=12;b_width=12;out_width=12;pipeline_stages=3	16	ok	0.32	-0.05	
intadd	a_width=12;b_width=12;out_width=12;pipeline_stages=5	16	ok	0.30	-0.03	
intadd	a_width=12;b_width=12;out_width=12;pipeline_stages=5	20	ok	0.40	-0.14	
intadd	a_width=12;b_width=12;out_width=20;pipeline_stages=2	10	ok	0.28	0.00	
intadd	a_width=12;b_width=12;out_width=20;pipeline_stages=2	5	ok	0.25	0.03	
intadd	a_width=12;b_width=12;out_width=20;pipeline_stages=3	5	ok	0.23	0.05	
intadd	a_width=12;b_width=12;out_width=20;pipeline_stages=3	10	ok	0.26	0.02	
intadd	a_width=12;b_width=12;out_width=20;pipeline_stages=3	7	ok	0.24	0.05	
intadd	a_width=12;b_width=12;out_width=20;pipeline_stages=2	7	ok	0.25	0.03	
intadd	a_width=12;b_width=12;out_width=20;pipeline_stages=2	20	ok	0.57	-0.30	
intadd	a_width=12;b_width=12;out_width=20;pipeline_stages=3	16	ok	0.36	-0.10	
intadd	a_width=12;b_width=12;out_width=20;pipeline_stages=2	16	ok	0.41	-0.14	
intadd	a_width=12;b_width=12;out_width=20;pipeline_stages=3	20	ok	0.52	-0.26	
intadd	a_width=12;b_width=12;out_width=20;pipeline_stages=5	10	ok	0.26	0.02	
intadd	a_width=12;b_width=12;out_width=20;pipeline_stages=5	5	ok	0.27	0.01	
intadd	a_width=16;b_width=16;out_width=16;pipeline_stages=2	5	ok	0.26	0.02	
intadd	a_width=16;b_width=16;out_width=16;pipeline_stages=2	10	ok	0.28	0.00	
intadd	a_width=12;b_width=12;out_width=20;pipeline_stages=5	7	ok	0.28	0.00	
intadd	a_width=16;b_width=16;out_width=16;pipeline_stages=2	7	ok	0.28	0.00	
intadd	a_width=12;b_width=12;out_width=20;pipeline_stages=5	20	ok	0.46	-0.20	
intadd	a_width=16;b_width=16;out_width=16;pipeline_stages=2	16	ok	0.40	-0.13	
intadd	a_width=12;b_width=12;out_width=20;pipeline_stages=5	16	ok	0.32	-0.05	
intadd	a_width=16;b_width=16;out_width=16;pipeline_stages=2	20	ok	0.56	-0.30	
intadd	a_width=16;b_width=16;out_width=16;pipeline_stages=3	10	ok	0.28	0.00	
intadd	a_width=16;b_width=16;out_width=16;pipeline_stages=5	5	ok	0.23	0.05	
intadd	a_width=16;b_width=16;out_width=16;pipeline_stages=3	5	ok	0.28	0.00	
intadd	a_width=16;b_width=16;out_width=16;pipeline_stages=5	10	ok	0.28	0.00	
intadd	a_width=16;b_width=16;out_width=16;pipeline_stages=3	7	ok	0.28	0.00	
intadd	a_width=16;b_width=16;out_width=16;pipeline_stages=5	7	ok	0.24	0.04	
intadd	a_width=16;b_width=16;out_width=16;pipeline_stages=3	16	ok	0.37	-0.10	
intadd	a_width=16;b_width=16;out_width=16;pipeline_stages=3	20	ok	0.52	-0.25	
intadd	a_width=16;b_width=16;out_width=16;pipeline_stages=5	16	ok	0.30	-0.04	
intadd	a_width=16;b_width=16;out_width=16;pipeline_stages=5	20	ok	0.43	-0.17	
intadd	a_width=16;b_width=16;out_width=24;pipeline_stages=2	10	ok	0.28	0.00	
intadd	a_width=16;b_width=16;out_width=24;pipeline_stages=2	5	ok	0.27	0.01	
intadd	a_width=16;b_width=16;out_width=24;pipeline_stages=3	5	ok	0.23	0.05	
intadd	a_width=16;b_width=16;out_width=24;pipeline_stages=3	10	ok	0.26	0.02	
intadd	a_width=16;b_width=16;out_width=24;pipeline_stages=2	7	ok	0.27	0.01	
intadd	a_width=16;b_width=16;out_width=24;pipeline_stages=3	7	ok	0.24	0.04	
intadd	a_width=16;b_width=16;out_width=24;pipeline_stages=3	16	ok	0.40	-0.13	
intadd	a_width=16;b_width=16;out_width=24;pipeline_stages=2	20	ok	0.57	-0.31	
intadd	a_width=16;b_width=16;out_width=24;pipeline_stages=2	16	ok	0.40	-0.13	
intadd	a_width=16;b_width=16;out_width=24;pipeline_stages=3	20	ok	0.53	-0.26	
intadd	a_width=16;b_width=16;out_width=24;pipeline_stages=5	10	ok	0.28	0.00	
intadd	a_width=24;b_width=24;out_width=24;pipeline_stages=2	5	ok	0.27	0.01	
intadd	a_width=24;b_width=24;out_width=24;pipeline_stages=2	10	ok	0.28	0.00	
intadd	a_width=16;b_width=16;out_width=24;pipeline_stages=5	5	ok	0.28	0.00	
intadd	a_width=24;b_width=24;out_width=24;pipeline_stages=2	7	ok	0.27	0.01	
intadd	a_width=16;b_width=16;out_width=24;pipeline_stages=5	7	ok	0.24	0.04	
intadd	a_width=16;b_width=16;out_width=24;pipeline_stages=5	16	ok	0.36	-0.09	
intadd	a_width=24;b_width=24;out_width=24;pipeline_stages=2	16	ok	0.45	-0.18	
intadd	a_width=16;b_width=16;out_width=24;pipeline_stages=5	20	ok	0.47	-0.21	
intadd	a_width=24;b_width=24;out_width=24;pipeline_stages=2	20	ok	0.63	-0.37	
intadd	a_width=24;b_width=24;out_width=24;pipeline_stages=3	10	ok	0.27	0.01	
intadd	a_width=24;b_width=24;out_width=24;pipeline_stages=3	5	ok	0.26	0.03	
intadd	a_width=24;b_width=24;out_width=24;pipeline_stages=5	10	ok	0.28	0.00	
intadd	a_width=24;b_width=24;out_width=24;pipeline_stages=5	5	ok	0.28	0.00	
intadd	a_width=24;b_width=24;out_width=24;pipeline_stages=3	7	ok	0.26	0.02	
intadd	a_width=24;b_width=24;out_width=24;pipeline_stages=5	7	ok	0.25	0.03	
intadd	a_width=24;b_width=24;out_width=24;pipeline_stages=5	16	ok	0.33	-0.06	
intadd	a_width=24;b_width=24;out_width=24;pipeline_stages=3	16	ok	0.40	-0.13	
intadd	a_width=24;b_width=24;out_width=24;pipeline_stages=3	20	ok	0.55	-0.29	
intadd	a_width=24;b_width=24;out_width=24;pipeline_stages=5	20	ok	0.48	-0.22	
intadd	a_width=24;b_width=24;out_width=32;pipeline_stages=2	10	ok	0.28	0.00	
intadd	a_width=24;b_width=24;out_width=32;pipeline_stages=2	5	ok	0.27	0.01	
intadd	a_width=24;b_width=24;out_width=32;pipeline_stages=3	10	ok	0.28	0.00	
intadd	a_width=24;b_width=24;out_width=32;pipeline_stages=3	5	ok	0.27	0.01	
intadd	a_width=24;b_width=24;out_width=32;pipeline_stages=2	7	ok	0.27	0.01	
intadd	a_width=24;b_width=24;out_width=32;pipeline_stages=3	7	ok	0.27	0.01	
intadd	a_width=24;b_width=24;out_width=32;pipeline_stages=2	16	ok	0.44	-0.17	
intadd	a_width=24;b_width=24;out_width=32;pipeline_stages=3	16	ok	0.41	-0.14	
intadd	a_width=24;b_width=24;out_width=32;pipeline_stages=2	20	ok	0.61	-0.35	
intadd	a_width=24;b_width=24;out_width=32;pipeline_stages=3	20	ok	0.57	-0.31	
intadd	a_width=24;b_width=24;out_width=32;pipeline_stages=5	10	ok	0.28	0.00	
intadd	a_width=24;b_width=24;out_width=32;pipeline_stages=5	5	ok	0.27	0.01	
intadd	a_width=32;b_width=32;out_width=32;pipeline_stages=2	5	ok	0.28	0.00	
intadd	a_width=32;b_width=32;out_width=32;pipeline_stages=2	10	ok	0.28	0.00	
intadd	a_width=24;b_width=24;out_width=32;pipeline_stages=5	7	ok	0.28	0.01	
intadd	a_width=32;b_width=32;out_width=32;pipeline_stages=2	7	ok	0.28	0.00	
intadd	a_width=24;b_width=24;out_width=32;pipeline_stages=5	16	ok	0.37	-0.10	
intadd	a_width=32;b_width=32;out_width=32;pipeline_stages=2	16	ok	0.48	-0.21	
intadd	a_width=24;b_width=24;out_width=32;pipeline_stages=5	20	ok	0.52	-0.25	
intadd	a_width=32;b_width=32;out_width=32;pipeline_stages=2	20	ok	0.64	-0.38	
intadd	a_width=32;b_width=32;out_width=32;pipeline_stages=3	10	ok	0.28	0.00	
intadd	a_width=32;b_width=32;out_width=32;pipeline_stages=3	5	ok	0.26	0.02	
intadd	a_width=32;b_width=32;out_width=32;pipeline_stages=5	5	ok	0.28	0.00	
intadd	a_width=32;b_width=32;out_width=32;pipeline_stages=3	7	ok	0.28	0.00	
intadd	a_width=32;b_width=32;out_width=32;pipeline_stages=5	10	ok	0.28	0.00	
intadd	a_width=32;b_width=32;out_width=32;pipeline_stages=5	7	ok	0.28	0.00	
intadd	a_width=32;b_width=32;out_width=32;pipeline_stages=3	16	ok	0.41	-0.14	
intadd	a_width=32;b_width=32;out_width=32;pipeline_stages=5	16	ok	0.36	-0.10	
intadd	a_width=32;b_width=32;out_width=32;pipeline_stages=3	20	ok	0.57	-0.31	
intadd	a_width=32;b_width=32;out_width=32;pipeline_stages=5	20	ok	0.52	-0.25	
intadd	a_width=32;b_width=32;out_width=40;pipeline_stages=2	5	ok	0.28	0.00	
intadd	a_width=32;b_width=32;out_width=40;pipeline_stages=2	10	ok	0.28	0.00	
intadd	a_width=32;b_width=32;out_width=40;pipeline_stages=3	5	ok	0.26	0.02	
intadd	a_width=32;b_width=32;out_width=40;pipeline_stages=2	7	ok	0.28	0.00	
intadd	a_width=32;b_width=32;out_width=40;pipeline_stages=3	10	ok	0.28	0.00	
intadd	a_width=32;b_width=32;out_width=40;pipeline_stages=3	7	ok	0.26	0.02	
intadd	a_width=32;b_width=32;out_width=40;pipeline_stages=2	16	ok	0.46	-0.20	
intadd	a_width=32;b_width=32;out_width=40;pipeline_stages=3	16	ok	0.44	-0.17	
intadd	a_width=32;b_width=32;out_width=40;pipeline_stages=2	20	ok	0.66	-0.38	
intadd	a_width=32;b_width=32;out_width=40;pipeline_stages=3	20	ok	0.63	-0.37	
intadd	a_width=32;b_width=32;out_width=40;pipeline_stages=5	5	ok	0.23	0.05	
intadd	a_width=48;b_width=48;out_width=48;pipeline_stages=2	5	ok	0.28	0.00	
intadd	a_width=32;b_width=32;out_width=40;pipeline_stages=5	10	ok	0.26	0.02	
intadd	a_width=32;b_width=32;out_width=40;pipeline_stages=5	7	ok	0.24	0.05	
intadd	a_width=48;b_width=48;out_width=48;pipeline_stages=2	7	ok	0.28	0.00	
intadd	a_width=48;b_width=48;out_width=48;pipeline_stages=2	10	ok	0.28	0.00	
intadd	a_width=32;b_width=32;out_width=40;pipeline_stages=5	16	ok	0.36	-0.10	
intadd	a_width=48;b_width=48;out_width=48;pipeline_stages=2	16	ok	0.50	-0.23	
intadd	a_width=32;b_width=32;out_width=40;pipeline_stages=5	20	ok	0.53	-0.27	
intadd	a_width=48;b_width=48;out_width=48;pipeline_stages=2	20	ok	0.72	-0.44	
intadd	a_width=48;b_width=48;out_width=48;pipeline_stages=3	5	ok	0.27	0.01	
intadd	a_width=48;b_width=48;out_width=48;pipeline_stages=3	7	ok	0.28	0.00	
intadd	a_width=48;b_width=48;out_width=48;pipeline_stages=5	5	ok	0.26	0.03	
intadd	a_width=48;b_width=48;out_width=48;pipeline_stages=3	10	ok	0.28	0.00	
intadd	a_width=48;b_width=48;out_width=48;pipeline_stages=5	7	ok	0.26	0.02	
intadd	a_width=48;b_width=48;out_width=48;pipeline_stages=5	10	ok	0.27	0.01	
intadd	a_width=48;b_width=48;out_width=48;pipeline_stages=3	16	ok	0.46	-0.19	
intadd	a_width=48;b_width=48;out_width=48;pipeline_stages=5	16	ok	0.39	-0.13	
intadd	a_width=48;b_width=48;out_width=48;pipeline_stages=3	20	ok	0.64	-0.38	
intadd	a_width=48;b_width=48;out_width=48;pipeline_stages=5	20	ok	0.56	-0.30	
intadd	a_width=48;b_width=48;out_width=56;pipeline_stages=2	5	ok	0.28	0.00	
intadd	a_width=48;b_width=48;out_width=56;pipeline_stages=3	5	ok	0.28	0.00	
intadd	a_width=48;b_width=48;out_width=56;pipeline_stages=2	7	ok	0.28	0.00	
intadd	a_width=48;b_width=48;out_width=56;pipeline_stages=3	7	ok	0.28	0.00	
intadd	a_width=48;b_width=48;out_width=56;pipeline_stages=2	10	ok	0.30	-0.01	
intadd	a_width=48;b_width=48;out_width=56;pipeline_stages=3	10	ok	0.28	0.00	
intadd	a_width=48;b_width=48;out_width=56;pipeline_stages=2	16	ok	0.52	-0.23	
intadd	a_width=48;b_width=48;out_width=56;pipeline_stages=3	16	ok	0.46	-0.19	
intadd	a_width=48;b_width=48;out_width=56;pipeline_stages=2	20	ok	0.74	-0.47	
intadd	a_width=48;b_width=48;out_width=56;pipeline_stages=3	20	ok	0.65	-0.38	
intadd	a_width=48;b_width=48;out_width=56;pipeline_stages=5	5	ok	0.26	0.02	
intadd	a_width=48;b_width=48;out_width=56;pipeline_stages=5	7	ok	0.27	0.01	
intadd	a_width=64;b_width=64;out_width=64;pipeline_stages=2	5	ok	0.28	0.00	
intadd	a_width=64;b_width=64;out_width=64;pipeline_stages=2	7	ok	0.28	0.00	
intadd	a_width=48;b_width=48;out_width=56;pipeline_stages=5	10	ok	0.28	0.00	
intadd	a_width=64;b_width=64;out_width=64;pipeline_stages=2	10	ok	0.30	-0.02	
intadd	a_width=48;b_width=48;out_width=56;pipeline_stages=5	16	ok	0.40	-0.13	
intadd	a_width=64;b_width=64;out_width=64;pipeline_stages=2	16	ok	0.55	-0.27	
intadd	a_width=48;b_width=48;out_width=56;pipeline_stages=5	20	ok	0.56	-0.30	
intadd	a_width=64;b_width=64;out_width=64;pipeline_stages=3	5	ok	0.28	0.00	
intadd	a_width=64;b_width=64;out_width=64;pipeline_stages=3	7	ok	0.28	0.00	
intadd	a_width=64;b_width=64;out_width=64;pipeline_stages=2	20	ok	0.73	-0.47	
intadd	a_width=64;b_width=64;out_width=64;pipeline_stages=5	5	ok	0.26	0.02	
intadd	a_width=64;b_width=64;out_width=64;pipeline_stages=5	7	ok	0.28	0.00	
intadd	a_width=64;b_width=64;out_width=64;pipeline_stages=3	10	ok	0.28	0.00	
intadd	a_width=64;b_width=64;out_width=64;pipeline_stages=5	10	ok	0.28	0.00	
intadd	a_width=64;b_width=64;out_width=64;pipeline_stages=3	16	ok	0.47	-0.20	
intadd	a_width=64;b_width=64;out_width=72;pipeline_stages=2	5	ok	0.28	0.00	
intadd	a_width=64;b_width=64;out_width=72;pipeline_stages=2	7	ok	0.28	0.00	
intadd	a_width=64;b_width=64;out_width=72;pipeline_stages=3	5	ok	0.28	0.00	
intadd	a_width=64;b_width=64;out_width=64;pipeline_stages=5	16	ok	0.42	-0.15	
intadd	a_width=64;b_width=64;out_width=64;pipeline_stages=3	20	ok	0.67	-0.40	
intadd	a_width=64;b_width=64;out_width=72;pipeline_stages=3	7	ok	0.28	0.00	
intadd	a_width=64;b_width=64;out_width=64;pipeline_stages=5	20	ok	0.60	-0.33	
intadd	a_width=64;b_width=64;out_width=72;pipeline_stages=2	10	ok	0.30	-0.02	
intadd	a_width=64;b_width=64;out_width=72;pipeline_stages=3	10	ok	0.28	0.00	
intadd	a_width=64;b_width=64;out_width=72;pipeline_stages=5	5	ok	0.26	0.02	
intadd	a_width=64;b_width=64;out_width=72;pipeline_stages=5	7	ok	0.26	0.02	
intadd	a_width=96;b_width=96;out_width=96;pipeline_stages=2	5	ok	0.28	0.00	
intadd	a_width=64;b_width=64;out_width=72;pipeline_stages=2	16	ok	0.54	-0.28	
intadd	a_width=64;b_width=64;out_width=72;pipeline_stages=3	16	ok	0.48	-0.22	
intadd	a_width=64;b_width=64;out_width=72;pipeline_stages=2	20	ok	0.78	-0.52	
intadd	a_width=96;b_width=96;out_width=96;pipeline_stages=2	7	ok	0.28	0.00	
intadd	a_width=64;b_width=64;out_width=72;pipeline_stages=3	20	ok	0.69	-0.43	
intadd	a_width=64;b_width=64;out_width=72;pipeline_stages=5	10	ok	0.28	0.00	
intadd	a_width=96;b_width=96;out_width=96;pipeline_stages=2	10	ok	0.34	-0.05	
intadd	a_width=96;b_width=96;out_width=96;pipeline_stages=3	5	ok	0.28	0.00	
intadd	a_width=96;b_width=96;out_width=96;pipeline_stages=3	7	ok	0.28	0.00	
intadd	a_width=96;b_width=96;out_width=96;pipeline_stages=5	5	ok	0.28	0.00	
intadd	a_width=96;b_width=96;out_width=96;pipeline_stages=5	7	ok	0.28	0.00	
intadd	a_width=64;b_width=64;out_width=72;pipeline_stages=5	16	ok	0.43	-0.17	
intadd	a_width=64;b_width=64;out_width=72;pipeline_stages=5	20	ok	0.62	-0.36	
intadd	a_width=96;b_width=96;out_width=96;pipeline_stages=2	16	ok	0.57	-0.30	
intadd	a_width=96;b_width=96;out_width=96;pipeline_stages=2	20	ok	0.83	-0.56	
intadd	a_width=96;b_width=96;out_width=96;pipeline_stages=3	10	ok	0.28	0.00	
intadd	a_width=96;b_width=96;out_width=96;pipeline_stages=5	10	ok	0.28	0.00	
intadd	a_width=96;b_width=96;out_width=104;pipeline_stages=2	5	ok	0.28	0.00	
intadd	a_width=96;b_width=96;out_width=104;pipeline_stages=2	7	ok	0.29	0.00	
intadd	a_width=96;b_width=96;out_width=104;pipeline_stages=3	5	ok	0.28	0.00	
intadd	a_width=96;b_width=96;out_width=104;pipeline_stages=3	7	ok	0.28	0.00	
intadd	a_width=96;b_width=96;out_width=96;pipeline_stages=3	16	ok	0.51	-0.24	
intadd	a_width=96;b_width=96;out_width=96;pipeline_stages=3	20	ok	0.77	-0.51	
intadd	a_width=96;b_width=96;out_width=96;pipeline_stages=5	16	ok	0.46	-0.19	
intadd	a_width=96;b_width=96;out_width=96;pipeline_stages=5	20	ok	0.66	-0.39	
intadd	a_width=96;b_width=96;out_width=104;pipeline_stages=2	10	ok	0.33	-0.04	
intadd	a_width=96;b_width=96;out_width=104;pipeline_stages=3	10	ok	0.29	-0.01	
intadd	a_width=96;b_width=96;out_width=104;pipeline_stages=5	5	ok	0.28	0.00	
intadd	a_width=96;b_width=96;out_width=104;pipeline_stages=5	7	ok	0.28	0.00	
intadd	a_width=128;b_width=128;out_width=128;pipeline_stages=2	5	ok	0.29	-0.01	
intadd	a_width=128;b_width=128;out_width=128;pipeline_stages=2	7	ok	0.29	-0.01	
intadd	a_width=96;b_width=96;out_width=104;pipeline_stages=2	16	ok	0.56	-0.30	
intadd	a_width=96;b_width=96;out_width=104;pipeline_stages=2	20	ok	0.83	-0.56	
intadd	a_width=96;b_width=96;out_width=104;pipeline_stages=3	16	ok	0.51	-0.24	
intadd	a_width=96;b_width=96;out_width=104;pipeline_stages=3	20	ok	0.73	-0.47	
intadd	a_width=96;b_width=96;out_width=104;pipeline_stages=5	10	ok	0.28	0.00	
intadd	a_width=128;b_width=128;out_width=128;pipeline_stages=2	10	ok	0.34	-0.06	
intadd	a_width=128;b_width=128;out_width=128;pipeline_stages=3	5	ok	0.28	0.00	
intadd	a_width=128;b_width=128;out_width=128;pipeline_stages=3	7	ok	0.28	0.00	
intadd	a_width=128;b_width=128;out_width=128;pipeline_stages=5	7	ok	0.28	0.00	
intadd	a_width=128;b_width=128;out_width=128;pipeline_stages=5	5	ok	0.28	0.00	
intadd	a_width=96;b_width=96;out_width=104;pipeline_stages=5	16	ok	0.46	-0.19	
intadd	a_width=96;b_width=96;out_width=104;pipeline_stages=5	20	ok	0.66	-0.39	
intadd	a_width=128;b_width=128;out_width=128;pipeline_stages=3	10	ok	0.31	-0.02	
intadd	a_width=128;b_width=128;out_width=128;pipeline_stages=2	20	ok	0.85	-0.59	
intadd	a_width=128;b_width=128;out_width=128;pipeline_stages=2	16	ok	0.62	-0.33	
intadd	a_width=128;b_width=128;out_width=128;pipeline_stages=5	10	ok	0.28	0.00	
intadd	a_width=128;b_width=128;out_width=136;pipeline_stages=2	5	ok	0.29	0.00	
intadd	a_width=128;b_width=128;out_width=136;pipeline_stages=2	7	ok	0.29	-0.01	
intadd	a_width=128;b_width=128;out_width=136;pipeline_stages=3	5	ok	0.28	0.00	
intadd	a_width=128;b_width=128;out_width=136;pipeline_stages=3	7	ok	0.28	0.00	
intadd	a_width=128;b_width=128;out_width=128;pipeline_stages=3	16	ok	0.54	-0.27	
intadd	a_width=128;b_width=128;out_width=128;pipeline_stages=3	20	ok	0.77	-0.51	
intadd	a_width=128;b_width=128;out_width=136;pipeline_stages=2	10	ok	0.34	-0.06	
intadd	a_width=128;b_width=128;out_width=128;pipeline_stages=5	16	ok	0.47	-0.21	
intadd	a_width=128;b_width=128;out_width=128;pipeline_stages=5	20	ok	0.69	-0.43	
intadd	a_width=128;b_width=128;out_width=136;pipeline_stages=3	10	ok	0.32	-0.04	
intadd	a_width=128;b_width=128;out_width=136;pipeline_stages=5	5	ok	0.28	0.00	
intmul	a_width=4;b_width=4;out_width=8;pipeline_stages=2	5	ok	0.26	0.02	
intadd	a_width=128;b_width=128;out_width=136;pipeline_stages=5	7	ok	0.28	0.00	
intmul	a_width=4;b_width=4;out_width=8;pipeline_stages=2	7	ok	0.26	0.02	
intmul	a_width=4;b_width=4;out_width=8;pipeline_stages=2	10	ok	0.28	0.00	
intadd	a_width=128;b_width=128;out_width=136;pipeline_stages=5	10	ok	0.28	0.00	
intadd	a_width=128;b_width=128;out_width=136;pipeline_stages=2	20	ok	0.84	-0.58	
intadd	a_width=128;b_width=128;out_width=136;pipeline_stages=3	16	ok	0.57	-0.30	
intadd	a_width=128;b_width=128;out_width=136;pipeline_stages=3	20	ok	0.80	-0.52	
intmul	a_width=4;b_width=4;out_width=8;pipeline_stages=3	5	ok	0.24	0.04	
intmul	a_width=4;b_width=4;out_width=8;pipeline_stages=5	5	ok	0.21	0.07	
intmul	a_width=4;b_width=4;out_width=8;pipeline_stages=3	7	ok	0.24	0.05	
intmul	a_width=4;b_width=4;out_width=8;pipeline_stages=5	7	ok	0.21	0.07	
intadd	a_width=128;b_width=128;out_width=136;pipeline_stages=2	16	ok	0.59	-0.32	
intmul	a_width=4;b_width=4;out_width=8;pipeline_stages=3	10	ok	0.28	0.00	
intmul	a_width=4;b_width=4;out_width=8;pipeline_stages=5	10	ok	0.27	0.01	
intmul	a_width=4;b_width=4;out_width=8;pipeline_stages=2	20	ok	0.71	-0.44	
intadd	a_width=128;b_width=128;out_width=136;pipeline_stages=5	20	ok	0.72	-0.46	
intadd	a_width=128;b_width=128;out_width=136;pipeline_stages=5	16	ok	0.49	-0.22	
intmul	a_width=6;b_width=6;out_width=12;pipeline_stages=2	5	ok	0.31	-0.03	
intmul	a_width=6;b_width=6;out_width=12;pipeline_stages=3	5	ok	0.30	-0.02	
intmul	a_width=4;b_width=4;out_width=8;pipeline_stages=2	16	ok	0.49	-0.22	
intmul	a_width=6;b_width=6;out_width=12;pipeline_stages=2	7	ok	0.32	-0.03	
intmul	a_width=6;b_width=6;out_width=12;pipeline_stages=5	5	error			synthesis failed for intmul_6_6_12_5_5nm_TT_0V7_25C_2000MHz; see /home/KNUEEhdd1/ys_knu/kmk/NPUWattch/dataset_gen/logic/TECH_05nm/01_syn/intmul_6_6_12_5_5nm_TT_0V7_25C_2000MHz/synthesis.log
intmul	a_width=6;b_width=6;out_width=12;pipeline_stages=3	7	ok	0.29	-0.01	
intmul	a_width=6;b_width=6;out_width=12;pipeline_stages=5	7	error			synthesis failed for intmul_6_6_12_5_7nm_TT_0V75_25C_2000MHz; see /home/KNUEEhdd1/ys_knu/kmk/NPUWattch/dataset_gen/logic/TECH_07nm/01_syn/intmul_6_6_12_5_7nm_TT_0V75_25C_2000MHz/synthesis.log
intmul	a_width=6;b_width=6;out_width=12;pipeline_stages=2	10	ok	0.38	-0.10	
intmul	a_width=6;b_width=6;out_width=12;pipeline_stages=3	10	ok	0.35	-0.06	
intmul	a_width=6;b_width=6;out_width=12;pipeline_stages=5	10	error			synthesis failed for intmul_6_6_12_5_10nm_TT_0V8_25C_2000MHz; see /home/KNUEEhdd1/ys_knu/kmk/NPUWattch/dataset_gen/logic/TECH_10nm/01_syn/intmul_6_6_12_5_10nm_TT_0V8_25C_2000MHz/synthesis.log
intmul	a_width=4;b_width=4;out_width=8;pipeline_stages=3	20	ok	0.61	-0.35	
intmul	a_width=4;b_width=4;out_width=8;pipeline_stages=5	20	ok	0.41	-0.15	
intmul	a_width=4;b_width=4;out_width=8;pipeline_stages=3	16	ok	0.42	-0.16	
intmul	a_width=4;b_width=4;out_width=8;pipeline_stages=5	16	ok	0.30	-0.03	
intmul	a_width=8;b_width=8;out_width=16;pipeline_stages=2	5	ok	0.37	-0.09	
intmul	a_width=8;b_width=8;out_width=16;pipeline_stages=3	5	ok	0.35	-0.06	
intmul	a_width=8;b_width=8;out_width=16;pipeline_stages=2	7	ok	0.38	-0.10	
intmul	a_width=8;b_width=8;out_width=16;pipeline_stages=3	7	ok	0.36	-0.08	
intmul	a_width=8;b_width=8;out_width=16;pipeline_stages=2	10	ok	0.46	-0.18	
intmul	a_width=8;b_width=8;out_width=16;pipeline_stages=3	10	ok	0.42	-0.14	
intmul	a_width=6;b_width=6;out_width=12;pipeline_stages=2	20	ok	1.04	-0.77	
intmul	a_width=6;b_width=6;out_width=12;pipeline_stages=5	20	error			synthesis failed for intmul_6_6_12_5_20nm_TT_0V9_25C_2000MHz; see /home/KNUEEhdd1/ys_knu/kmk/NPUWattch/dataset_gen/logic/TECH_20nm/01_syn/intmul_6_6_12_5_20nm_TT_0V9_25C_2000MHz/synthesis.log
intmul	a_width=6;b_width=6;out_width=12;pipeline_stages=3	20	ok	0.89	-0.63	
intmul	a_width=6;b_width=6;out_width=12;pipeline_stages=2	16	ok	0.66	-0.39	
intmul	a_width=6;b_width=6;out_width=12;pipeline_stages=5	16	error			synthesis failed for intmul_6_6_12_5_16nm_TT_0V85_25C_2000MHz; see /home/KNUEEhdd1/ys_knu/kmk/NPUWattch/dataset_gen/logic/TECH_16nm/01_syn/intmul_6_6_12_5_16nm_TT_0V85_25C_2000MHz/synthesis.log
intmul	a_width=6;b_width=6;out_width=12;pipeline_stages=3	16	ok	0.58	-0.31	
intmul	a_width=8;b_width=8;out_width=16;pipeline_stages=5	5	ok	0.28	0.00	
intmul	a_width=8;b_width=8;out_width=16;pipeline_stages=5	7	ok	0.28	0.00	
intmul	a_width=12;b_width=12;out_width=24;pipeline_stages=2	5	ok	0.47	-0.19	
intmul	a_width=12;b_width=12;out_width=24;pipeline_stages=2	7	ok	0.47	-0.19	
intmul	a_width=8;b_width=8;out_width=16;pipeline_stages=5	10	ok	0.31	-0.02	
intmul	a_width=12;b_width=12;out_width=24;pipeline_stages=2	10	ok	0.55	-0.26	
intmul	a_width=8;b_width=8;out_width=16;pipeline_stages=3	20	ok	1.11	-0.85	
intmul	a_width=8;b_width=8;out_width=16;pipeline_stages=2	20	ok	1.14	-0.88	
intmul	a_width=8;b_width=8;out_width=16;pipeline_stages=2	16	ok	0.82	-0.55	
intmul	a_width=8;b_width=8;out_width=16;pipeline_stages=3	16	ok	0.71	-0.44	
intmul	a_width=12;b_width=12;out_width=24;pipeline_stages=3	5	ok	0.43	-0.15	
intmul	a_width=12;b_width=12;out_width=24;pipeline_stages=3	7	ok	0.44	-0.16	
intmul	a_width=12;b_width=12;out_width=24;pipeline_stages=5	5	ok	0.33	-0.05	
intmul	a_width=12;b_width=12;out_width=24;pipeline_stages=5	7	ok	0.34	-0.06	
intmul	a_width=12;b_width=12;out_width=24;pipeline_stages=3	10	ok	0.54	-0.25	
intmul	a_width=12;b_width=12;out_width=24;pipeline_stages=5	10	ok	0.41	-0.13	
intmul	a_width=8;b_width=8;out_width=16;pipeline_stages=5	20	ok	0.74	-0.48	
intmul	a_width=12;b_width=12;out_width=24;pipeline_stages=2	20	ok	1.36	-1.10	
intmul	a_width=8;b_width=8;out_width=16;pipeline_stages=5	16	ok	0.52	-0.25	
intmul	a_width=12;b_width=12;out_width=24;pipeline_stages=2	16	ok	0.96	-0.70	
intmul	a_width=16;b_width=16;out_width=32;pipeline_stages=2	5	ok	0.50	-0.22	
intmul	a_width=16;b_width=16;out_width=32;pipeline_stages=3	5	ok	0.49	-0.21	
intmul	a_width=16;b_width=16;out_width=32;pipeline_stages=2	7	ok	0.51	-0.23	
intmul	a_width=16;b_width=16;out_width=32;pipeline_stages=3	7	ok	0.49	-0.21	
intmul	a_width=16;b_width=16;out_width=32;pipeline_stages=2	10	ok	0.63	-0.35	
intmul	a_width=16;b_width=16;out_width=32;pipeline_stages=3	10	ok	0.58	-0.30	
intmul	a_width=12;b_width=12;out_width=24;pipeline_stages=3	20	ok	1.32	-1.06	
intmul	a_width=12;b_width=12;out_width=24;pipeline_stages=5	20	ok	1.02	-0.75	
intmul	a_width=12;b_width=12;out_width=24;pipeline_stages=3	16	ok	0.90	-0.63	
intmul	a_width=12;b_width=12;out_width=24;pipeline_stages=5	16	ok	0.68	-0.41	
intmul	a_width=16;b_width=16;out_width=32;pipeline_stages=5	5	ok	0.41	-0.13	
intmul	a_width=16;b_width=16;out_width=32;pipeline_stages=5	7	ok	0.40	-0.11	
intmul	a_width=24;b_width=24;out_width=48;pipeline_stages=2	5	ok	0.57	-0.29	
intmul	a_width=24;b_width=24;out_width=48;pipeline_stages=2	7	ok	0.58	-0.30	
intmul	a_width=16;b_width=16;out_width=32;pipeline_stages=5	10	ok	0.49	-0.21	
intmul	a_width=16;b_width=16;out_width=32;pipeline_stages=2	20	ok	1.54	-1.28	
intmul	a_width=24;b_width=24;out_width=48;pipeline_stages=2	10	ok	0.71	-0.42	
intmul	a_width=16;b_width=16;out_width=32;pipeline_stages=3	20	ok	1.44	-1.18	
intmul	a_width=16;b_width=16;out_width=32;pipeline_stages=2	16	ok	1.08	-0.81	
intmul	a_width=16;b_width=16;out_width=32;pipeline_stages=3	16	ok	1.02	-0.76	
intmul	a_width=24;b_width=24;out_width=48;pipeline_stages=3	5	ok	0.55	-0.27	
intmul	a_width=24;b_width=24;out_width=48;pipeline_stages=3	7	ok	0.57	-0.29	
intmul	a_width=24;b_width=24;out_width=48;pipeline_stages=5	5	ok	0.47	-0.19	
intmul	a_width=24;b_width=24;out_width=48;pipeline_stages=5	7	ok	0.48	-0.20	
intmul	a_width=24;b_width=24;out_width=48;pipeline_stages=3	10	ok	0.69	-0.40	
intmul	a_width=16;b_width=16;out_width=32;pipeline_stages=5	20	ok	1.19	-0.93	
intmul	a_width=16;b_width=16;out_width=32;pipeline_stages=5	16	ok	0.83	-0.56	
intmul	a_width=24;b_width=24;out_width=48;pipeline_stages=2	20	ok	1.77	-1.50	
intmul	a_width=24;b_width=24;out_width=48;pipeline_stages=5	10	ok	0.58	-0.30	
intmul	a_width=24;b_width=24;out_width=48;pipeline_stages=2	16	ok	1.21	-0.94	
intmul	a_width=32;b_width=32;out_width=64;pipeline_stages=2	5	ok	0.62	-0.34	
intmul	a_width=32;b_width=32;out_width=64;pipeline_stages=2	7	ok	0.62	-0.34	
intmul	a_width=32;b_width=32;out_width=64;pipeline_stages=3	5	ok	0.60	-0.32	
intmul	a_width=32;b_width=32;out_width=64;pipeline_stages=3	7	ok	0.62	-0.34	
intmul	a_width=24;b_width=24;out_width=48;pipeline_stages=3	20	ok	1.69	-1.43	
intmul	a_width=32;b_width=32;out_width=64;pipeline_stages=2	10	ok	0.77	-0.49	
intmul	a_width=24;b_width=24;out_width=48;pipeline_stages=3	16	ok	1.14	-0.87	
intmul	a_width=24;b_width=24;out_width=48;pipeline_stages=5	20	ok	1.43	-1.15	
intmul	a_width=24;b_width=24;out_width=48;pipeline_stages=5	16	ok	1.00	-0.72	
intmul	a_width=32;b_width=32;out_width=64;pipeline_stages=3	10	ok	0.75	-0.46	
intmul	a_width=32;b_width=32;out_width=64;pipeline_stages=5	5	ok	0.54	-0.26	
intmul	a_width=32;b_width=32;out_width=64;pipeline_stages=5	7	ok	0.55	-0.27	
intmul	a_width=48;b_width=48;out_width=96;pipeline_stages=2	7	ok	0.72	-0.44	
intmul	a_width=48;b_width=48;out_width=96;pipeline_stages=2	5	ok	0.71	-0.42	
intmul	a_width=32;b_width=32;out_width=64;pipeline_stages=2	20	ok	1.90	-1.62	
intmul	a_width=32;b_width=32;out_width=64;pipeline_stages=2	16	ok	1.31	-1.05	
intmul	a_width=32;b_width=32;out_width=64;pipeline_stages=3	20	ok	1.79	-1.52	
intmul	a_width=32;b_width=32;out_width=64;pipeline_stages=5	10	ok	0.66	-0.38	
intmul	a_width=32;b_width=32;out_width=64;pipeline_stages=3	16	ok	1.27	-1.00	
intmul	a_width=48;b_width=48;out_width=96;pipeline_stages=2	10	ok	0.86	-0.58	
intmul	a_width=48;b_width=48;out_width=96;pipeline_stages=3	5	ok	0.68	-0.40	
intmul	a_width=48;b_width=48;out_width=96;pipeline_stages=3	7	ok	0.68	-0.39	
intmul	a_width=32;b_width=32;out_width=64;pipeline_stages=5	20	ok	1.65	-1.37	
intmul	a_width=48;b_width=48;out_width=96;pipeline_stages=5	7	ok	0.62	-0.33	
intmul	a_width=48;b_width=48;out_width=96;pipeline_stages=5	5	ok	0.61	-0.33	
intmul	a_width=32;b_width=32;out_width=64;pipeline_stages=5	16	ok	1.10	-0.83	
intmul	a_width=48;b_width=48;out_width=96;pipeline_stages=2	20	ok	2.13	-1.86	
intmul	a_width=48;b_width=48;out_width=96;pipeline_stages=3	10	ok	0.83	-0.55	
intmul	a_width=48;b_width=48;out_width=96;pipeline_stages=2	16	ok	1.49	-1.22	
intmul	a_width=48;b_width=48;out_width=96;pipeline_stages=5	10	ok	0.72	-0.43	
intmul	a_width=64;b_width=64;out_width=128;pipeline_stages=2	5	ok	0.77	-0.49	
intmul	a_width=48;b_width=48;out_width=96;pipeline_stages=3	20	ok	1.98	-1.71	
intmul	a_width=48;b_width=48;out_width=96;pipeline_stages=3	16	ok	1.42	-1.15	
intmul	a_width=64;b_width=64;out_width=128;pipeline_stages=2	7	ok	0.76	-0.48	
intmul	a_width=48;b_width=48;out_width=96;pipeline_stages=5	16	ok	1.29	-1.02	
intmul	a_width=48;b_width=48;out_width=96;pipeline_stages=5	20	ok	1.82	-1.55	
intmul	a_width=64;b_width=64;out_width=128;pipeline_stages=3	5	ok	0.72	-0.44	
intmul	a_width=64;b_width=64;out_width=128;pipeline_stages=3	7	ok	0.73	-0.44	
intmul	a_width=64;b_width=64;out_width=128;pipeline_stages=2	10	ok	0.94	-0.66	
intmul	a_width=8;b_width=4;out_width=12;pipeline_stages=2	5	ok	0.29	-0.01	
intmul	a_width=8;b_width=4;out_width=12;pipeline_stages=2	7	ok	0.31	-0.02	
intmul	a_width=64;b_width=64;out_width=128;pipeline_stages=3	10	ok	0.89	-0.60	
intmul	a_width=64;b_width=64;out_width=128;pipeline_stages=5	5	ok	0.65	-0.36	
intmul	a_width=64;b_width=64;out_width=128;pipeline_stages=2	20	ok	2.32	-2.06	
intmul	a_width=8;b_width=4;out_width=12;pipeline_stages=5	5	ok	0.25	0.03	
intmul	a_width=64;b_width=64;out_width=128;pipeline_stages=2	16	ok	1.60	-1.33	
intmul	a_width=8;b_width=4;out_width=12;pipeline_stages=5	7	ok	0.25	0.03	
intmul	a_width=64;b_width=64;out_width=128;pipeline_stages=3	16	ok	1.53	-1.26	
intmul	a_width=8;b_width=4;out_width=12;pipeline_stages=2	10	ok	0.39	-0.10	
intmul	a_width=64;b_width=64;out_width=128;pipeline_stages=3	20	ok	2.18	-1.91	
intmul	a_width=64;b_width=64;out_width=128;pipeline_stages=5	7	ok	0.67	-0.38	
intmul	a_width=16;b_width=4;out_width=20;pipeline_stages=2	5	ok	0.35	-0.07	
intmul	a_width=64;b_width=64;out_width=128;pipeline_stages=5	10	ok	0.79	-0.51	
intmul	a_width=16;b_width=4;out_width=20;pipeline_stages=5	5	ok	0.28	0.00	
intmul	a_width=16;b_width=4;out_width=20;pipeline_stages=2	7	ok	0.33	-0.05	
intmul	a_width=8;b_width=4;out_width=12;pipeline_stages=2	16	ok	0.63	-0.36	
intmul	a_width=8;b_width=4;out_width=12;pipeline_stages=5	10	ok	0.28	0.00	
intmul	a_width=8;b_width=4;out_width=12;pipeline_stages=2	20	ok	0.94	-0.67	
intmul	a_width=16;b_width=4;out_width=20;pipeline_stages=5	7	ok	0.28	0.00	
intmul	a_width=16;b_width=8;out_width=24;pipeline_stages=2	5	ok	0.43	-0.15	
intmul	a_width=16;b_width=4;out_width=20;pipeline_stages=2	10	ok	0.41	-0.13	
intmul	a_width=16;b_width=8;out_width=24;pipeline_stages=5	5	ok	0.29	-0.01	
intmul	a_width=16;b_width=8;out_width=24;pipeline_stages=2	7	ok	0.42	-0.14	
intmul	a_width=8;b_width=4;out_width=12;pipeline_stages=5	16	ok	0.41	-0.14	
intmul	a_width=16;b_width=4;out_width=20;pipeline_stages=5	10	ok	0.28	0.00	
intmul	a_width=64;b_width=64;out_width=128;pipeline_stages=5	16	ok	1.37	-1.11	
intmul	a_width=8;b_width=4;out_width=12;pipeline_stages=5	20	ok	0.57	-0.30	
intmul	a_width=64;b_width=64;out_width=128;pipeline_stages=5	20	ok	1.95	-1.69	
intmul	a_width=16;b_width=8;out_width=24;pipeline_stages=5	7	ok	0.29	-0.01	
intmul	a_width=16;b_width=8;out_width=24;pipeline_stages=2	10	ok	0.50	-0.22	
intmul	a_width=16;b_width=4;out_width=20;pipeline_stages=2	16	ok	0.72	-0.45	
intmul	a_width=32;b_width=16;out_width=48;pipeline_stages=5	5	ok	0.43	-0.15	
intmul	a_width=16;b_width=8;out_width=24;pipeline_stages=5	10	ok	0.35	-0.07	
intmul	a_width=32;b_width=16;out_width=48;pipeline_stages=2	7	ok	0.55	-0.27	
intmul	a_width=16;b_width=4;out_width=20;pipeline_stages=5	16	ok	0.48	-0.22	
intmul	a_width=16;b_width=4;out_width=20;pipeline_stages=2	20	ok	1.05	-0.78	
intmul	a_width=16;b_width=4;out_width=20;pipeline_stages=5	20	ok	0.68	-0.41	
intmul	a_width=32;b_width=16;out_width=48;pipeline_stages=2	5	ok	0.53	-0.25	
intmul	a_width=32;b_width=16;out_width=48;pipeline_stages=5	7	ok	0.43	-0.15	
intmul	a_width=16;b_width=8;out_width=24;pipeline_stages=2	16	ok	0.88	-0.61	
intmac	a_width=4;b_width=4;out_width=16;acc_width=16;pipeline_stages=2	5	ok	0.39	-0.11	
intmul	a_width=32;b_width=16;out_width=48;pipeline_stages=2	10	ok	0.67	-0.39	
intmac	a_width=4;b_width=4;out_width=16;acc_width=16;pipeline_stages=2	7	ok	0.39	-0.11	
intmul	a_width=16;b_width=8;out_width=24;pipeline_stages=2	20	ok	1.35	-1.08	
intmul	a_width=16;b_width=8;out_width=24;pipeline_stages=5	16	ok	0.59	-0.33	
intmul	a_width=16;b_width=8;out_width=24;pipeline_stages=5	20	ok	0.86	-0.59	
intmul	a_width=32;b_width=16;out_width=48;pipeline_stages=5	10	ok	0.53	-0.25	
intmac	a_width=4;b_width=4;out_width=16;acc_width=16;pipeline_stages=3	5	ok	0.35	-0.07	
intmac	a_width=4;b_width=4;out_width=16;acc_width=16;pipeline_stages=3	7	ok	0.35	-0.07	
intmac	a_width=4;b_width=4;out_width=16;acc_width=16;pipeline_stages=5	5	ok	0.30	-0.02	
intmac	a_width=4;b_width=4;out_width=16;acc_width=16;pipeline_stages=2	10	ok	0.46	-0.18	
intmac	a_width=4;b_width=4;out_width=16;acc_width=16;pipeline_stages=5	7	ok	0.29	-0.01	
intmul	a_width=32;b_width=16;out_width=48;pipeline_stages=2	16	ok	1.15	-0.87	
intmul	a_width=32;b_width=16;out_width=48;pipeline_stages=2	20	ok	1.67	-1.40	
intmac	a_width=6;b_width=6;out_width=20;acc_width=20;pipeline_stages=2	5	ok	0.45	-0.17	
intmac	a_width=6;b_width=6;out_width=20;acc_width=20;pipeline_stages=5	5	error			synthesis failed for intmac_6_6_20_20_5_5nm_TT_0V7_25C_2000MHz; see /home/KNUEEhdd1/ys_knu/kmk/NPUWattch/dataset_gen/logic/TECH_05nm/01_syn/intmac_6_6_20_20_5_5nm_TT_0V7_25C_2000MHz/synthesis.log
intmac	a_width=4;b_width=4;out_width=16;acc_width=16;pipeline_stages=3	10	ok	0.41	-0.13	
intmac	a_width=6;b_width=6;out_width=20;acc_width=20;pipeline_stages=2	7	ok	0.47	-0.19	
intmul	a_width=32;b_width=16;out_width=48;pipeline_stages=5	16	ok	0.90	-0.64	
intmac	a_width=6;b_width=6;out_width=20;acc_width=20;pipeline_stages=5	7	error			synthesis failed for intmac_6_6_20_20_5_7nm_TT_0V75_25C_2000MHz; see /home/KNUEEhdd1/ys_knu/kmk/NPUWattch/dataset_gen/logic/TECH_07nm/01_syn/intmac_6_6_20_20_5_7nm_TT_0V75_25C_2000MHz/synthesis.log
intmul	a_width=32;b_width=16;out_width=48;pipeline_stages=5	20	ok	1.29	-1.02	
intmac	a_width=6;b_width=6;out_width=20;acc_width=20;pipeline_stages=3	5	ok	0.43	-0.15	
intmac	a_width=4;b_width=4;out_width=16;acc_width=16;pipeline_stages=5	10	ok	0.34	-0.06	
intmac	a_width=6;b_width=6;out_width=20;acc_width=20;pipeline_stages=3	7	ok	0.44	-0.16	
intmac	a_width=4;b_width=4;out_width=16;acc_width=16;pipeline_stages=2	16	ok	0.82	-0.56	
intmac	a_width=4;b_width=4;out_width=16;acc_width=16;pipeline_stages=2	20	ok	1.19	-0.93	
intmac	a_width=6;b_width=6;out_width=20;acc_width=20;pipeline_stages=2	10	ok	0.55	-0.26	
intmac	a_width=8;b_width=8;out_width=24;acc_width=24;pipeline_stages=2	5	ok	0.49	-0.21	
intmac	a_width=4;b_width=4;out_width=16;acc_width=16;pipeline_stages=3	20	ok	1.04	-0.78	
intmac	a_width=6;b_width=6;out_width=20;acc_width=20;pipeline_stages=5	10	error			synthesis failed for intmac_6_6_20_20_5_10nm_TT_0V8_25C_2000MHz; see /home/KNUEEhdd1/ys_knu/kmk/NPUWattch/dataset_gen/logic/TECH_10nm/01_syn/intmac_6_6_20_20_5_10nm_TT_0V8_25C_2000MHz/synthesis.log
intmac	a_width=8;b_width=8;out_width=24;acc_width=24;pipeline_stages=2	7	ok	0.49	-0.21	
intmac	a_width=4;b_width=4;out_width=16;acc_width=16;pipeline_stages=3	16	ok	0.73	-0.46	
intmac	a_width=6;b_width=6;out_width=20;acc_width=20;pipeline_stages=3	10	ok	0.53	-0.25	
intmac	a_width=8;b_width=8;out_width=24;acc_width=24;pipeline_stages=3	5	ok	0.50	-0.22	
intmac	a_width=8;b_width=8;out_width=24;acc_width=24;pipeline_stages=3	7	ok	0.50	-0.22	
intmac	a_width=4;b_width=4;out_width=16;acc_width=16;pipeline_stages=5	16	ok	0.60	-0.34	
intmac	a_width=4;b_width=4;out_width=16;acc_width=16;pipeline_stages=5	20	ok	0.86	-0.60	
intmac	a_width=8;b_width=8;out_width=24;acc_width=24;pipeline_stages=5	5	ok	0.40	-0.12	
intmac	a_width=6;b_width=6;out_width=20;acc_width=20;pipeline_stages=2	20	ok	1.38	-1.09	
intmac	a_width=8;b_width=8;out_width=24;acc_width=24;pipeline_stages=2	10	ok	0.60	-0.32	
intmac	a_width=6;b_width=6;out_width=20;acc_width=20;pipeline_stages=5	20	error			synthesis failed for intmac_6_6_20_20_5_20nm_TT_0V9_25C_2000MHz; see /home/KNUEEhdd1/ys_knu/kmk/NPUWattch/dataset_gen/logic/TECH_20nm/01_syn/intmac_6_6_20_20_5_20nm_TT_0V9_25C_2000MHz/synthesis.log
intmac	a_width=6;b_width=6;out_width=20;acc_width=20;pipeline_stages=2	16	ok	0.95	-0.68	
intmac	a_width=8;b_width=8;out_width=24;acc_width=24;pipeline_stages=5	7	ok	0.39	-0.11	
intmac	a_width=6;b_width=6;out_width=20;acc_width=20;pipeline_stages=5	16	error			synthesis failed for intmac_6_6_20_20_5_16nm_TT_0V85_25C_2000MHz; see /home/KNUEEhdd1/ys_knu/kmk/NPUWattch/dataset_gen/logic/TECH_16nm/01_syn/intmac_6_6_20_20_5_16nm_TT_0V85_25C_2000MHz/synthesis.log
intmac	a_width=8;b_width=8;out_width=24;acc_width=24;pipeline_stages=3	10	ok	0.62	-0.34	
intmac	a_width=8;b_width=8;out_width=32;acc_width=32;pipeline_stages=2	5	ok	0.51	-0.23	
intmac	a_width=6;b_width=6;out_width=20;acc_width=20;pipeline_stages=3	16	ok	0.87	-0.60	
intmac	a_width=8;b_width=8;out_width=32;acc_width=32;pipeline_stages=2	7	ok	0.51	-0.23	
intmac	a_width=6;b_width=6;out_width=20;acc_width=20;pipeline_stages=3	20	ok	1.31	-1.05	
intmac	a_width=8;b_width=8;out_width=24;acc_width=24;pipeline_stages=5	10	ok	0.50	-0.22	
intmac	a_width=8;b_width=8;out_width=32;acc_width=32;pipeline_stages=3	5	ok	0.53	-0.25	
intmac	a_width=8;b_width=8;out_width=24;acc_width=24;pipeline_stages=2	20	ok	1.48	-1.22	
intmac	a_width=8;b_width=8;out_width=24;acc_width=24;pipeline_stages=2	16	ok	1.01	-0.74	
intmac	a_width=8;b_width=8;out_width=32;acc_width=32;pipeline_stages=3	7	ok	0.52	-0.24	
intmac	a_width=8;b_width=8;out_width=32;acc_width=32;pipeline_stages=5	5	ok	0.40	-0.12	
intmac	a_width=8;b_width=8;out_width=32;acc_width=32;pipeline_stages=5	7	ok	0.41	-0.12	
intmac	a_width=8;b_width=8;out_width=24;acc_width=24;pipeline_stages=3	16	ok	1.09	-0.82	
intmac	a_width=8;b_width=8;out_width=32;acc_width=32;pipeline_stages=2	10	ok	0.63	-0.35	
intmac	a_width=8;b_width=8;out_width=24;acc_width=24;pipeline_stages=3	20	ok	1.46	-1.20	
intmac	a_width=12;b_width=12;out_width=32;acc_width=32;pipeline_stages=2	5	ok	0.55	-0.27	
intmac	a_width=8;b_width=8;out_width=24;acc_width=24;pipeline_stages=5	20	ok	1.13	-0.87	
intmac	a_width=8;b_width=8;out_width=32;acc_width=32;pipeline_stages=3	10	ok	0.64	-0.35	
intmac	a_width=12;b_width=12;out_width=32;acc_width=32;pipeline_stages=2	7	ok	0.55	-0.27	
intmac	a_width=8;b_width=8;out_width=24;acc_width=24;pipeline_stages=5	16	ok	0.82	-0.55	
intmac	a_width=8;b_width=8;out_width=32;acc_width=32;pipeline_stages=2	16	ok	1.04	-0.77	
intmac	a_width=12;b_width=12;out_width=32;acc_width=32;pipeline_stages=3	5	ok	0.62	-0.34	
intmac	a_width=8;b_width=8;out_width=32;acc_width=32;pipeline_stages=5	10	ok	0.48	-0.20	
intmac	a_width=12;b_width=12;out_width=32;acc_width=32;pipeline_stages=3	7	ok	0.59	-0.31	
intmac	a_width=8;b_width=8;out_width=32;acc_width=32;pipeline_stages=2	20	ok	1.54	-1.25	
intmac	a_width=12;b_width=12;out_width=32;acc_width=32;pipeline_stages=5	5	ok	0.49	-0.21	
intmac	a_width=12;b_width=12;out_width=32;acc_width=32;pipeline_stages=2	10	ok	0.68	-0.40	
intmac	a_width=8;b_width=8;out_width=32;acc_width=32;pipeline_stages=3	20	ok	1.47	-1.20	
intmac	a_width=12;b_width=12;out_width=32;acc_width=32;pipeline_stages=5	7	ok	0.49	-0.21	
intmac	a_width=8;b_width=8;out_width=32;acc_width=32;pipeline_stages=3	16	ok	1.09	-0.82	
intmac	a_width=8;b_width=8;out_width=32;acc_width=32;pipeline_stages=5	16	ok	0.84	-0.55	
intmac	a_width=16;b_width=16;out_width=40;acc_width=40;pipeline_stages=2	5	ok	0.61	-0.33	
intmac	a_width=12;b_width=12;out_width=32;acc_width=32;pipeline_stages=3	10	ok	0.73	-0.44	
intmac	a_width=16;b_width=16;out_width=40;acc_width=40;pipeline_stages=2	7	ok	0.60	-0.31	
intmac	a_width=8;b_width=8;out_width=32;acc_width=32;pipeline_stages=5	20	ok	1.17	-0.91	
intmac	a_width=12;b_width=12;out_width=32;acc_width=32;pipeline_stages=5	10	ok	0.59	-0.30	
intmac	a_width=12;b_width=12;out_width=32;acc_width=32;pipeline_stages=2	20	ok	1.68	-1.42	
intmac	a_width=16;b_width=16;out_width=40;acc_width=40;pipeline_stages=3	5	ok	0.67	-0.38	
intmac	a_width=12;b_width=12;out_width=32;acc_width=32;pipeline_stages=2	16	ok	1.16	-0.90	
intmac	a_width=16;b_width=16;out_width=40;acc_width=40;pipeline_stages=3	7	ok	0.66	-0.38	
intmac	a_width=12;b_width=12;out_width=32;acc_width=32;pipeline_stages=3	16	ok	1.26	-0.98	
intmac	a_width=16;b_width=16;out_width=40;acc_width=40;pipeline_stages=5	5	ok	0.60	-0.31	
intmac	a_width=16;b_width=16;out_width=40;acc_width=40;pipeline_stages=2	10	ok	0.72	-0.44	
intmac	a_width=16;b_width=16;out_width=40;acc_width=40;pipeline_stages=5	7	ok	0.58	-0.29	
intmac	a_width=12;b_width=12;out_width=32;acc_width=32;pipeline_stages=3	20	ok	1.75	-1.49	
intmac	a_width=12;b_width=12;out_width=32;acc_width=32;pipeline_stages=5	20	ok	1.44	-1.18	
intmac	a_width=12;b_width=12;out_width=32;acc_width=32;pipeline_stages=5	16	ok	1.02	-0.75	
intmac	a_width=16;b_width=16;out_width=48;acc_width=48;pipeline_stages=2	5	ok	0.61	-0.33	
intmac	a_width=16;b_width=16;out_width=40;acc_width=40;pipeline_stages=3	10	ok	0.79	-0.50	
intmac	a_width=16;b_width=16;out_width=48;acc_width=48;pipeline_stages=2	7	ok	0.60	-0.32	
intmac	a_width=16;b_width=16;out_width=40;acc_width=40;pipeline_stages=2	16	ok	1.22	-0.96	
intmac	a_width=16;b_width=16;out_width=48;acc_width=48;pipeline_stages=3	5	ok	0.68	-0.40	
intmac	a_width=16;b_width=16;out_width=40;acc_width=40;pipeline_stages=5	10	ok	0.67	-0.39	
intmac	a_width=16;b_width=16;out_width=40;acc_width=40;pipeline_stages=2	20	ok	1.85	-1.58	
intmac	a_width=16;b_width=16;out_width=48;acc_width=48;pipeline_stages=3	7	ok	0.68	-0.40	
intmac	a_width=16;b_width=16;out_width=40;acc_width=40;pipeline_stages=3	20	ok	1.95	-1.69	
intmac	a_width=16;b_width=16;out_width=40;acc_width=40;pipeline_stages=3	16	ok	1.38	-1.11	
intmac	a_width=16;b_width=16;out_width=48;acc_width=48;pipeline_stages=2	10	ok	0.75	-0.46	
intmac	a_width=16;b_width=16;out_width=48;acc_width=48;pipeline_stages=5	5	ok	0.59	-0.31	
intmac	a_width=16;b_width=16;out_width=48;acc_width=48;pipeline_stages=5	7	ok	0.58	-0.30	
intmac	a_width=16;b_width=16;out_width=40;acc_width=40;pipeline_stages=5	16	ok	1.15	-0.86	
intmac	a_width=16;b_width=16;out_width=48;acc_width=48;pipeline_stages=3	10	ok	0.81	-0.53	
intmac	a_width=24;b_width=24;out_width=56;acc_width=56;pipeline_stages=2	5	ok	0.66	-0.38	
intmac	a_width=16;b_width=16;out_width=40;acc_width=40;pipeline_stages=5	20	ok	1.64	-1.38	
intmac	a_width=24;b_width=24;out_width=56;acc_width=56;pipeline_stages=2	7	ok	0.67	-0.39	
intmac	a_width=16;b_width=16;out_width=48;acc_width=48;pipeline_stages=2	20	ok	1.85	-1.58	
intmac	a_width=16;b_width=16;out_width=48;acc_width=48;pipeline_stages=5	10	ok	0.68	-0.39	
intmac	a_width=16;b_width=16;out_width=48;acc_width=48;pipeline_stages=2	16	ok	1.24	-0.98	
intmac	a_width=24;b_width=24;out_width=56;acc_width=56;pipeline_stages=3	5	ok	0.75	-0.47	
intmac	a_width=24;b_width=24;out_width=56;acc_width=56;pipeline_stages=3	7	ok	0.75	-0.46	
intmac	a_width=16;b_width=16;out_width=48;acc_width=48;pipeline_stages=3	16	ok	1.40	-1.11	
intmac	a_width=24;b_width=24;out_width=56;acc_width=56;pipeline_stages=5	5	ok	0.64	-0.36	
intmac	a_width=24;b_width=24;out_width=56;acc_width=56;pipeline_stages=2	10	ok	0.81	-0.53	
intmac	a_width=16;b_width=16;out_width=48;acc_width=48;pipeline_stages=3	20	ok	1.99	-1.73	
intmac	a_width=16;b_width=16;out_width=48;acc_width=48;pipeline_stages=5	20	ok	1.71	-1.45	
intmac	a_width=24;b_width=24;out_width=56;acc_width=56;pipeline_stages=5	7	ok	0.66	-0.37	
intmac	a_width=16;b_width=16;out_width=48;acc_width=48;pipeline_stages=5	16	ok	1.17	-0.89	
intmac	a_width=24;b_width=24;out_width=56;acc_width=56;pipeline_stages=3	10	ok	0.90	-0.62	
intmac	a_width=32;b_width=32;out_width=72;acc_width=72;pipeline_stages=2	5	ok	0.71	-0.43	
intmac	a_width=32;b_width=32;out_width=72;acc_width=72;pipeline_stages=2	7	ok	0.72	-0.44	
intmac	a_width=24;b_width=24;out_width=56;acc_width=56;pipeline_stages=2	16	ok	1.38	-1.12	
intmac	a_width=24;b_width=24;out_width=56;acc_width=56;pipeline_stages=2	20	ok	2.03	-1.76	
intmac	a_width=32;b_width=32;out_width=72;acc_width=72;pipeline_stages=3	5	ok	0.81	-0.53	
intmac	a_width=24;b_width=24;out_width=56;acc_width=56;pipeline_stages=5	10	ok	0.79	-0.51	
intmac	a_width=24;b_width=24;out_width=56;acc_width=56;pipeline_stages=3	20	ok	2.19	-1.93	
intmac	a_width=24;b_width=24;out_width=56;acc_width=56;pipeline_stages=3	16	ok	1.57	-1.29	
intmac	a_width=32;b_width=32;out_width=72;acc_width=72;pipeline_stages=3	7	ok	0.80	-0.52	
intmac	a_width=32;b_width=32;out_width=72;acc_width=72;pipeline_stages=5	5	ok	0.72	-0.44	
intmac	a_width=32;b_width=32;out_width=72;acc_width=72;pipeline_stages=2	10	ok	0.88	-0.59	
intmac	a_width=32;b_width=32;out_width=72;acc_width=72;pipeline_stages=5	7	ok	0.72	-0.44	
intmac	a_width=24;b_width=24;out_width=56;acc_width=56;pipeline_stages=5	16	ok	1.36	-1.09	
intmac	a_width=24;b_width=24;out_width=56;acc_width=56;pipeline_stages=5	20	ok	1.90	-1.64	
intmac	a_width=32;b_width=32;out_width=80;acc_width=80;pipeline_stages=2	5	ok	0.72	-0.44	
intmac	a_width=32;b_width=32;out_width=72;acc_width=72;pipeline_stages=2	16	ok	1.52	-1.25	
intmac	a_width=32;b_width=32;out_width=72;acc_width=72;pipeline_stages=3	10	ok	0.98	-0.69	
intmac	a_width=32;b_width=32;out_width=80;acc_width=80;pipeline_stages=2	7	ok	0.73	-0.44	
intmac	a_width=32;b_width=32;out_width=72;acc_width=72;pipeline_stages=2	20	ok	2.14	-1.88	
intmac	a_width=32;b_width=32;out_width=72;acc_width=72;pipeline_stages=5	10	ok	0.88	-0.59	
intmac	a_width=32;b_width=32;out_width=80;acc_width=80;pipeline_stages=3	5	ok	0.81	-0.52	
intmac	a_width=32;b_width=32;out_width=80;acc_width=80;pipeline_stages=3	7	ok	0.80	-0.51	
intmac	a_width=32;b_width=32;out_width=72;acc_width=72;pipeline_stages=3	16	ok	1.68	-1.39	
intmac	a_width=32;b_width=32;out_width=72;acc_width=72;pipeline_stages=3	20	ok	2.40	-2.14	
intmac	a_width=32;b_width=32;out_width=72;acc_width=72;pipeline_stages=5	16	ok	1.51	-1.25	
intmac	a_width=32;b_width=32;out_width=80;acc_width=80;pipeline_stages=5	5	ok	0.71	-0.43	
intmac	a_width=32;b_width=32;out_width=80;acc_width=80;pipeline_stages=2	10	ok	0.89	-0.60	
intmac	a_width=32;b_width=32;out_width=80;acc_width=80;pipeline_stages=5	7	ok	0.73	-0.45	
intmac	a_width=32;b_width=32;out_width=72;acc_width=72;pipeline_stages=5	20	ok	2.16	-1.87	
intmac	a_width=32;b_width=32;out_width=80;acc_width=80;pipeline_stages=3	10	ok	0.97	-0.68	
intmac	a_width=48;b_width=48;out_width=104;acc_width=104;pipeline_stages=2	5	ok	0.80	-0.51	
intmac	a_width=48;b_width=48;out_width=104;acc_width=104;pipeline_stages=2	7	ok	0.81	-0.53	
intmac	a_width=32;b_width=32;out_width=80;acc_width=80;pipeline_stages=2	16	ok	1.51	-1.24	
intmac	a_width=32;b_width=32;out_width=80;acc_width=80;pipeline_stages=2	20	ok	2.15	-1.89	
intmac	a_width=32;b_width=32;out_width=80;acc_width=80;pipeline_stages=5	10	ok	0.88	-0.60	
intmac	a_width=32;b_width=32;out_width=80;acc_width=80;pipeline_stages=3	16	ok	1.68	-1.41	
intmac	a_width=48;b_width=48;out_width=104;acc_width=104;pipeline_stages=3	5	ok	0.89	-0.61	
intmac	a_width=32;b_width=32;out_width=80;acc_width=80;pipeline_stages=3	20	ok	2.36	-2.10	
intmac	a_width=48;b_width=48;out_width=104;acc_width=104;pipeline_stages=3	7	ok	0.90	-0.62	
intmac	a_width=48;b_width=48;out_width=104;acc_width=104;pipeline_stages=5	5	ok	0.82	-0.54	
intmac	a_width=48;b_width=48;out_width=104;acc_width=104;pipeline_stages=5	7	ok	0.81	-0.53	
intmac	a_width=32;b_width=32;out_width=80;acc_width=80;pipeline_stages=5	16	ok	1.52	-1.25	
intmac	a_width=48;b_width=48;out_width=104;acc_width=104;pipeline_stages=2	10	ok	0.98	-0.69	
intmac	a_width=32;b_width=32;out_width=80;acc_width=80;pipeline_stages=5	20	ok	2.19	-1.90	
intmac	a_width=48;b_width=48;out_width=104;acc_width=104;pipeline_stages=2	16	ok	1.67	-1.40	
intmac	a_width=48;b_width=48;out_width=104;acc_width=104;pipeline_stages=3	10	ok	1.07	-0.79	
intmac	a_width=64;b_width=64;out_width=128;acc_width=128;pipeline_stages=2	5	ok	0.81	-0.53	
intmac	a_width=48;b_width=48;out_width=104;acc_width=104;pipeline_stages=2	20	ok	2.39	-2.13	
intmac	a_width=64;b_width=64;out_width=128;acc_width=128;pipeline_stages=2	7	ok	0.80	-0.52	
intmac	a_width=48;b_width=48;out_width=104;acc_width=104;pipeline_stages=5	10	ok	0.98	-0.70	
intmac	a_width=48;b_width=48;out_width=104;acc_width=104;pipeline_stages=3	16	ok	1.87	-1.60	
intmac	a_width=64;b_width=64;out_width=128;acc_width=128;pipeline_stages=3	7	ok	0.82	-0.53	
intmac	a_width=64;b_width=64;out_width=128;acc_width=128;pipeline_stages=3	5	ok	0.82	-0.53	
intmac	a_width=48;b_width=48;out_width=104;acc_width=104;pipeline_stages=3	20	ok	2.68	-2.39	
intmac	a_width=48;b_width=48;out_width=104;acc_width=104;pipeline_stages=5	16	ok	1.66	-1.40	
intmac	a_width=8;b_width=4;out_width=28;acc_width=28;pipeline_stages=2	7	ok	0.45	-0.17	
intmac	a_width=48;b_width=48;out_width=104;acc_width=104;pipeline_stages=5	20	ok	2.43	-2.15	
intmac	a_width=8;b_width=4;out_width=28;acc_width=28;pipeline_stages=2	5	ok	0.46	-0.17	
intmac	a_width=64;b_width=64;out_width=128;acc_width=128;pipeline_stages=2	10	ok	1.00	-0.71	
intmac	a_width=64;b_width=64;out_width=128;acc_width=128;pipeline_stages=5	5	ok	0.76	-0.48	
intmac	a_width=64;b_width=64;out_width=128;acc_width=128;pipeline_stages=5	7	ok	0.73	-0.45	
intmac	a_width=64;b_width=64;out_width=128;acc_width=128;pipeline_stages=2	16	ok	1.69	-1.42	
intmac	a_width=8;b_width=4;out_width=28;acc_width=28;pipeline_stages=5	7	ok	0.35	-0.07	
intmac	a_width=64;b_width=64;out_width=128;acc_width=128;pipeline_stages=3	10	ok	1.00	-0.71	
intmac	a_width=8;b_width=4;out_width=28;acc_width=28;pipeline_stages=5	5	ok	0.34	-0.06	
intmac	a_width=16;b_width=4;out_width=36;acc_width=36;pipeline_stages=2	5	ok	0.48	-0.20	
intmac	a_width=64;b_width=64;out_width=128;acc_width=128;pipeline_stages=2	20	ok	2.43	-2.17	
intmac	a_width=64;b_width=64;out_width=128;acc_width=128;pipeline_stages=3	16	ok	1.73	-1.46	
intmac	a_width=16;b_width=4;out_width=36;acc_width=36;pipeline_stages=2	7	ok	0.50	-0.22	
intmac	a_width=8;b_width=4;out_width=28;acc_width=28;pipeline_stages=2	10	ok	0.55	-0.27	
intmac	a_width=16;b_width=4;out_width=36;acc_width=36;pipeline_stages=5	7	ok	0.42	-0.13	
intmac	a_width=64;b_width=64;out_width=128;acc_width=128;pipeline_stages=3	20	ok	2.49	-2.23	
intmac	a_width=16;b_width=4;out_width=36;acc_width=36;pipeline_stages=5	5	ok	0.42	-0.13	
intmac	a_width=16;b_width=8;out_width=40;acc_width=40;pipeline_stages=2	5	ok	0.54	-0.26	
intmac	a_width=64;b_width=64;out_width=128;acc_width=128;pipeline_stages=5	10	ok	0.92	-0.63	
intmac	a_width=8;b_width=4;out_width=28;acc_width=28;pipeline_stages=2	16	ok	0.94	-0.67	
intmac	a_width=16;b_width=8;out_width=40;acc_width=40;pipeline_stages=2	7	ok	0.55	-0.27	
intmac	a_width=64;b_width=64;out_width=128;acc_width=128;pipeline_stages=5	16	ok	1.56	-1.30	
intmac	a_width=8;b_width=4;out_width=28;acc_width=28;pipeline_stages=5	10	ok	0.42	-0.14	
intmac	a_width=16;b_width=8;out_width=40;acc_width=40;pipeline_stages=5	7	ok	0.48	-0.19	
intmac	a_width=8;b_width=4;out_width=28;acc_width=28;pipeline_stages=2	20	ok	1.21	-0.95	
intmac	a_width=16;b_width=4;out_width=36;acc_width=36;pipeline_stages=2	10	ok	0.58	-0.30	
intmac	a_width=16;b_width=8;out_width=40;acc_width=40;pipeline_stages=5	5	ok	0.47	-0.19	
intmac	a_width=32;b_width=16;out_width=64;acc_width=64;pipeline_stages=2	5	ok	0.65	-0.37	
intmac	a_width=64;b_width=64;out_width=128;acc_width=128;pipeline_stages=5	20	ok	2.25	-1.98	
intmac	a_width=8;b_width=4;out_width=28;acc_width=28;pipeline_stages=5	16	ok	0.73	-0.46	
intmac	a_width=16;b_width=4;out_width=36;acc_width=36;pipeline_stages=2	16	ok	1.02	-0.75	
intmac	a_width=32;b_width=16;out_width=64;acc_width=64;pipeline_stages=2	7	ok	0.66	-0.38	
intmac	a_width=16;b_width=4;out_width=36;acc_width=36;pipeline_stages=5	10	ok	0.48	-0.20	
intmac	a_width=8;b_width=4;out_width=28;acc_width=28;pipeline_stages=5	20	ok	1.00	-0.72	
intmac	a_width=16;b_width=8;out_width=40;acc_width=40;pipeline_stages=2	10	ok	0.67	-0.39	
intmac	a_width=32;b_width=16;out_width=64;acc_width=64;pipeline_stages=5	7	ok	0.63	-0.35	
intmac	a_width=16;b_width=4;out_width=36;acc_width=36;pipeline_stages=2	20	ok	1.44	-1.18	
fpadd	exp_bits=4;mantissa_bits=3;pipeline_stages=2	5	ok	0.59	-0.31	
intmac	a_width=32;b_width=16;out_width=64;acc_width=64;pipeline_stages=5	5	ok	0.64	-0.36	
intmac	a_width=16;b_width=4;out_width=36;acc_width=36;pipeline_stages=5	16	ok	0.84	-0.57	
intmac	a_width=16;b_width=8;out_width=40;acc_width=40;pipeline_stages=2	16	ok	1.13	-0.87	
fpadd	exp_bits=4;mantissa_bits=3;pipeline_stages=2	7	ok	0.61	-0.33	
intmac	a_width=16;b_width=8;out_width=40;acc_width=40;pipeline_stages=5	10	ok	0.55	-0.27	
intmac	a_width=16;b_width=4;out_width=36;acc_width=36;pipeline_stages=5	20	ok	1.18	-0.92	
fpadd	exp_bits=4;mantissa_bits=3;pipeline_stages=3	7	ok	0.59	-0.30	
intmac	a_width=32;b_width=16;out_width=64;acc_width=64;pipeline_stages=2	10	ok	0.81	-0.53	
intmac	a_width=16;b_width=8;out_width=40;acc_width=40;pipeline_stages=2	20	ok	1.67	-1.41	
fpadd	exp_bits=4;mantissa_bits=3;pipeline_stages=3	5	ok	0.60	-0.32	
fpadd	exp_bits=4;mantissa_bits=3;pipeline_stages=5	5	ok	0.59	-0.31	
intmac	a_width=16;b_width=8;out_width=40;acc_width=40;pipeline_stages=5	16	ok	0.95	-0.68	
fpadd	exp_bits=4;mantissa_bits=3;pipeline_stages=5	7	ok	0.61	-0.32	
intmac	a_width=32;b_width=16;out_width=64;acc_width=64;pipeline_stages=2	16	ok	1.35	-1.09	
intmac	a_width=16;b_width=8;out_width=40;acc_width=40;pipeline_stages=5	20	ok	1.36	-1.10	
fpadd	exp_bits=5;mantissa_bits=2;pipeline_stages=2	7	ok	0.59	-0.31	
intmac	a_width=32;b_width=16;out_width=64;acc_width=64;pipeline_stages=5	10	ok	0.76	-0.47	
fpadd	exp_bits=4;mantissa_bits=3;pipeline_stages=2	10	ok	0.74	-0.46	
fpadd	exp_bits=5;mantissa_bits=2;pipeline_stages=2	5	ok	0.61	-0.33	
fpadd	exp_bits=5;mantissa_bits=2;pipeline_stages=3	5	ok	0.60	-0.32	
intmac	a_width=32;b_width=16;out_width=64;acc_width=64;pipeline_stages=2	20	ok	1.96	-1.70	
fpadd	exp_bits=5;mantissa_bits=2;pipeline_stages=3	7	ok	0.61	-0.32	
fpadd	exp_bits=4;mantissa_bits=3;pipeline_stages=2	16	ok	1.34	-1.07	
intmac	a_width=32;b_width=16;out_width=64;acc_width=64;pipeline_stages=5	16	ok	1.28	-1.02	
fpadd	exp_bits=5;mantissa_bits=2;pipeline_stages=5	7	ok	0.59	-0.30	
fpadd	exp_bits=4;mantissa_bits=3;pipeline_stages=3	10	ok	0.74	-0.45	
fpadd	exp_bits=4;mantissa_bits=3;pipeline_stages=5	10	ok	0.72	-0.44	
fpadd	exp_bits=5;mantissa_bits=2;pipeline_stages=5	5	ok	0.59	-0.31	
intmac	a_width=32;b_width=16;out_width=64;acc_width=64;pipeline_stages=5	20	ok	1.83	-1.55	
fpadd	exp_bits=4;mantissa_bits=3;pipeline_stages=2	20	ok	1.75	-1.49	
fpadd	exp_bits=5;mantissa_bits=10;pipeline_stages=2	5	ok	0.85	-0.57	
fpadd	exp_bits=5;mantissa_bits=10;pipeline_stages=2	7	ok	0.86	-0.58	
fpadd	exp_bits=4;mantissa_bits=3;pipeline_stages=3	16	ok	1.29	-1.02	
fpadd	exp_bits=4;mantissa_bits=3;pipeline_stages=5	16	ok	1.30	-1.04	
fpadd	exp_bits=5;mantissa_bits=2;pipeline_stages=2	10	ok	0.74	-0.46	
fpadd	exp_bits=5;mantissa_bits=2;pipeline_stages=3	10	ok	0.74	-0.46	
fpadd	exp_bits=4;mantissa_bits=3;pipeline_stages=3	20	ok	1.75	-1.49	
fpadd	exp_bits=5;mantissa_bits=10;pipeline_stages=3	7	ok	0.86	-0.58	
fpadd	exp_bits=4;mantissa_bits=3;pipeline_stages=5	20	ok	1.77	-1.50	
fpadd	exp_bits=5;mantissa_bits=10;pipeline_stages=3	5	ok	0.86	-0.57	
fpadd	exp_bits=5;mantissa_bits=10;pipeline_stages=5	5	ok	0.85	-0.57	
fpadd	exp_bits=5;mantissa_bits=2;pipeline_stages=2	16	ok	1.25	-0.98	
fpadd	exp_bits=5;mantissa_bits=10;pipeline_stages=5	7	ok	0.86	-0.57	
fpadd	exp_bits=5;mantissa_bits=2;pipeline_stages=3	16	ok	1.26	-0.99	
fpadd	exp_bits=5;mantissa_bits=2;pipeline_stages=5	10	ok	0.75	-0.46	
fpadd	exp_bits=5;mantissa_bits=2;pipeline_stages=2	20	ok	1.85	-1.57	
fpadd	exp_bits=5;mantissa_bits=10;pipeline_stages=2	10	ok	1.05	-0.76	
fpadd	exp_bits=5;mantissa_bits=2;pipeline_stages=3	20	ok	1.82	-1.56	
fpadd	exp_bits=8;mantissa_bits=7;pipeline_stages=2	7	ok	0.83	-0.55	
fpadd	exp_bits=8;mantissa_bits=7;pipeline_stages=2	5	ok	0.82	-0.54	
fpadd	exp_bits=8;mantissa_bits=7;pipeline_stages=3	5	ok	0.82	-0.54	
fpadd	exp_bits=5;mantissa_bits=2;pipeline_stages=5	16	ok	1.28	-1.02	
fpadd	exp_bits=8;mantissa_bits=7;pipeline_stages=3	7	ok	0.83	-0.55	
fpadd	exp_bits=5;mantissa_bits=10;pipeline_stages=2	16	ok	1.74	-1.48	
fpadd	exp_bits=5;mantissa_bits=10;pipeline_stages=3	10	ok	1.04	-0.75	
fpadd	exp_bits=5;mantissa_bits=2;pipeline_stages=5	20	ok	1.78	-1.53	
fpadd	exp_bits=5;mantissa_bits=10;pipeline_stages=5	10	ok	1.04	-0.76	
fpadd	exp_bits=5;mantissa_bits=10;pipeline_stages=2	20	ok	2.49	-2.22	
fpadd	exp_bits=8;mantissa_bits=7;pipeline_stages=5	7	ok	0.83	-0.55	
fpadd	exp_bits=8;mantissa_bits=7;pipeline_stages=5	5	ok	0.81	-0.53	
fpadd	exp_bits=5;mantissa_bits=10;pipeline_stages=3	16	ok	1.72	-1.45	
fpadd	exp_bits=8;mantissa_bits=10;pipeline_stages=2	5	ok	0.87	-0.59	
fpadd	exp_bits=8;mantissa_bits=10;pipeline_stages=2	7	ok	0.89	-0.61	
fpadd	exp_bits=5;mantissa_bits=10;pipeline_stages=5	16	ok	1.71	-1.45	
fpadd	exp_bits=8;mantissa_bits=7;pipeline_stages=2	10	ok	0.99	-0.71	
fpadd	exp_bits=5;mantissa_bits=10;pipeline_stages=3	20	ok	2.45	-2.19	
fpadd	exp_bits=8;mantissa_bits=7;pipeline_stages=3	10	ok	0.99	-0.70	
fpadd	exp_bits=5;mantissa_bits=10;pipeline_stages=5	20	ok	2.42	-2.16	
fpadd	exp_bits=8;mantissa_bits=10;pipeline_stages=3	7	ok	0.89	-0.60	
fpadd	exp_bits=8;mantissa_bits=10;pipeline_stages=3	5	ok	0.88	-0.60	
fpadd	exp_bits=8;mantissa_bits=7;pipeline_stages=2	16	ok	1.78	-1.51	
fpadd	exp_bits=8;mantissa_bits=10;pipeline_stages=5	5	ok	0.87	-0.59	
fpadd	exp_bits=8;mantissa_bits=10;pipeline_stages=5	7	ok	0.90	-0.62	
fpadd	exp_bits=8;mantissa_bits=7;pipeline_stages=3	16	ok	1.74	-1.48	
fpadd	exp_bits=8;mantissa_bits=7;pipeline_stages=5	10	ok	0.98	-0.70	
fpadd	exp_bits=8;mantissa_bits=7;pipeline_stages=2	20	ok	2.49	-2.23	
fpadd	exp_bits=8;mantissa_bits=7;pipeline_stages=3	20	ok	2.48	-2.22	
fpadd	exp_bits=8;mantissa_bits=10;pipeline_stages=2	10	ok	1.05	-0.77	
fpadd	exp_bits=8;mantissa_bits=23;pipeline_stages=2	7	ok	1.10	-0.82	
fpadd	exp_bits=8;mantissa_bits=23;pipeline_stages=2	5	ok	1.11	-0.82	
fpadd	exp_bits=8;mantissa_bits=7;pipeline_stages=5	16	ok	1.79	-1.52	
fpadd	exp_bits=8;mantissa_bits=10;pipeline_stages=2	16	ok	1.84	-1.58	
fpadd	exp_bits=8;mantissa_bits=23;pipeline_stages=3	5	ok	1.13	-0.84	
fpadd	exp_bits=8;mantissa_bits=23;pipeline_stages=3	7	ok	1.13	-0.84	
fpadd	exp_bits=8;mantissa_bits=10;pipeline_stages=3	10	ok	1.05	-0.76	
fpadd	exp_bits=8;mantissa_bits=7;pipeline_stages=5	20	ok	2.46	-2.19	
fpadd	exp_bits=8;mantissa_bits=10;pipeline_stages=2	20	ok	2.43	-2.18	
fpadd	exp_bits=8;mantissa_bits=10;pipeline_stages=5	10	ok	1.05	-0.77	
fpadd	exp_bits=8;mantissa_bits=23;pipeline_stages=5	7	ok	1.13	-0.85	
fpadd	exp_bits=8;mantissa_bits=10;pipeline_stages=3	16	ok	1.83	-1.57	
fpadd	exp_bits=8;mantissa_bits=23;pipeline_stages=5	5	ok	1.10	-0.81	
fpadd	exp_bits=8;mantissa_bits=10;pipeline_stages=5	16	ok	1.83	-1.56	
fpadd	exp_bits=8;mantissa_bits=10;pipeline_stages=3	20	ok	2.50	-2.25	
fpadd	exp_bits=8;mantissa_bits=23;pipeline_stages=2	10	ok	1.31	-1.03	
fpadd	exp_bits=8;mantissa_bits=10;pipeline_stages=5	20	ok	2.52	-2.27	
fpadd	exp_bits=8;mantissa_bits=23;pipeline_stages=3	10	ok	1.32	-1.04	
fpadd	exp_bits=11;mantissa_bits=52;pipeline_stages=2	5	ok	1.29	-1.00	
fpadd	exp_bits=11;mantissa_bits=52;pipeline_stages=2	7	ok	1.31	-1.03	
fpadd	exp_bits=8;mantissa_bits=23;pipeline_stages=2	16	ok	2.23	-1.94	
fpadd	exp_bits=8;mantissa_bits=23;pipeline_stages=3	16	ok	2.22	-1.95	
fpadd	exp_bits=8;mantissa_bits=23;pipeline_stages=2	20	ok	3.09	-2.80	
fpadd	exp_bits=8;mantissa_bits=23;pipeline_stages=5	10	ok	1.31	-1.02	
fpadd	exp_bits=11;mantissa_bits=52;pipeline_stages=3	5	ok	1.30	-1.01	
fpadd	exp_bits=8;mantissa_bits=23;pipeline_stages=3	20	ok	3.06	-2.80	
fpadd	exp_bits=11;mantissa_bits=52;pipeline_stages=3	7	ok	1.31	-1.03	
fpadd	exp_bits=11;mantissa_bits=52;pipeline_stages=2	10	ok	1.56	-1.26	
fpadd	exp_bits=8;mantissa_bits=23;pipeline_stages=5	16	ok	2.23	-1.94	
fpadd	exp_bits=3;mantissa_bits=2;pipeline_stages=2	5	ok	0.55	-0.27	
fpadd	exp_bits=3;mantissa_bits=2;pipeline_stages=2	7	ok	0.55	-0.27	
fpadd	exp_bits=11;mantissa_bits=52;pipeline_stages=5	5	ok	1.30	-1.01	
fpadd	exp_bits=8;mantissa_bits=23;pipeline_stages=5	20	ok	3.14	-2.85	
fpadd	exp_bits=11;mantissa_bits=52;pipeline_stages=5	7	ok	1.32	-1.03	
fpadd	exp_bits=11;mantissa_bits=52;pipeline_stages=2	16	ok	2.72	-2.44	
fpadd	exp_bits=11;mantissa_bits=52;pipeline_stages=3	10	ok	1.57	-1.28	
fpadd	exp_bits=3;mantissa_bits=2;pipeline_stages=3	5	ok	0.56	-0.27	
fpadd	exp_bits=3;mantissa_bits=2;pipeline_stages=3	7	ok	0.55	-0.26	
fpadd	exp_bits=3;mantissa_bits=2;pipeline_stages=5	5	ok	0.56	-0.28	
fpadd	exp_bits=3;mantissa_bits=2;pipeline_stages=5	7	ok	0.55	-0.26	
fpadd	exp_bits=11;mantissa_bits=52;pipeline_stages=2	20	ok	3.61	-3.33	
fpadd	exp_bits=11;mantissa_bits=52;pipeline_stages=5	10	ok	1.59	-1.30	
fpadd	exp_bits=3;mantissa_bits=2;pipeline_stages=2	10	ok	0.64	-0.36	
fpadd	exp_bits=11;mantissa_bits=52;pipeline_stages=3	16	ok	2.73	-2.44	
fpadd	exp_bits=4;mantissa_bits=6;pipeline_stages=2	5	ok	0.77	-0.48	
fpadd	exp_bits=4;mantissa_bits=6;pipeline_stages=3	5	ok	0.77	-0.49	
fpadd	exp_bits=4;mantissa_bits=6;pipeline_stages=2	7	ok	0.76	-0.47	
fpadd	exp_bits=4;mantissa_bits=6;pipeline_stages=3	7	ok	0.76	-0.48	
fpadd	exp_bits=3;mantissa_bits=2;pipeline_stages=3	10	ok	0.65	-0.37	
fpadd	exp_bits=11;mantissa_bits=52;pipeline_stages=5	16	ok	2.70	-2.42	
fpadd	exp_bits=11;mantissa_bits=52;pipeline_stages=3	20	ok	3.62	-3.36	
fpadd	exp_bits=3;mantissa_bits=2;pipeline_stages=5	10	ok	0.64	-0.36	
fpadd	exp_bits=3;mantissa_bits=2;pipeline_stages=2	16	ok	1.11	-0.84	
fpadd	exp_bits=4;mantissa_bits=6;pipeline_stages=5	5	ok	0.79	-0.50	
fpadd	exp_bits=4;mantissa_bits=6;pipeline_stages=5	7	ok	0.76	-0.48	
fpadd	exp_bits=6;mantissa_bits=5;pipeline_stages=2	5	ok	0.76	-0.47	
fpadd	exp_bits=6;mantissa_bits=5;pipeline_stages=2	7	ok	0.78	-0.49	
fpadd	exp_bits=3;mantissa_bits=2;pipeline_stages=3	16	ok	1.17	-0.89	
fpadd	exp_bits=3;mantissa_bits=2;pipeline_stages=2	20	ok	1.47	-1.21	
fpadd	exp_bits=4;mantissa_bits=6;pipeline_stages=2	10	ok	0.94	-0.65	
fpadd	exp_bits=4;mantissa_bits=6;pipeline_stages=3	10	ok	0.93	-0.65	
fpadd	exp_bits=3;mantissa_bits=2;pipeline_stages=5	16	ok	1.13	-0.86	
fpadd	exp_bits=11;mantissa_bits=52;pipeline_stages=5	20	ok	3.61	-3.33	
fpadd	exp_bits=6;mantissa_bits=5;pipeline_stages=3	5	ok	0.75	-0.47	
fpadd	exp_bits=6;mantissa_bits=5;pipeline_stages=3	7	ok	0.78	-0.50	
fpadd	exp_bits=6;mantissa_bits=5;pipeline_stages=5	5	ok	0.72	-0.44	
fpadd	exp_bits=6;mantissa_bits=5;pipeline_stages=5	7	ok	0.79	-0.50	
fpadd	exp_bits=3;mantissa_bits=2;pipeline_stages=3	20	ok	1.50	-1.24	
fpadd	exp_bits=4;mantissa_bits=6;pipeline_stages=2	16	ok	1.64	-1.37	
fpadd	exp_bits=4;mantissa_bits=6;pipeline_stages=5	10	ok	0.94	-0.66	
fpadd	exp_bits=6;mantissa_bits=5;pipeline_stages=2	10	ok	0.94	-0.66	
fpadd	exp_bits=3;mantissa_bits=2;pipeline_stages=5	20	ok	1.49	-1.22	
fpadd	exp_bits=4;mantissa_bits=6;pipeline_stages=3	16	ok	1.59	-1.32	
fpadd	exp_bits=6;mantissa_bits=12;pipeline_stages=2	5	ok	0.91	-0.63	
fpadd	exp_bits=6;mantissa_bits=12;pipeline_stages=2	7	ok	0.94	-0.66	
fpadd	exp_bits=6;mantissa_bits=12;pipeline_stages=3	5	ok	0.92	-0.64	
fpadd	exp_bits=4;mantissa_bits=6;pipeline_stages=2	20	ok	2.14	-1.87	
fpadd	exp_bits=4;mantissa_bits=6;pipeline_stages=5	16	ok	1.60	-1.32	
fpadd	exp_bits=6;mantissa_bits=12;pipeline_stages=3	7	ok	0.94	-0.65	
fpadd	exp_bits=6;mantissa_bits=5;pipeline_stages=3	10	ok	0.94	-0.65	
fpadd	exp_bits=4;mantissa_bits=6;pipeline_stages=3	20	ok	2.16	-1.90	
fpadd	exp_bits=6;mantissa_bits=5;pipeline_stages=2	16	ok	1.61	-1.34	
fpadd	exp_bits=6;mantissa_bits=5;pipeline_stages=5	10	ok	0.93	-0.65	
fpadd	exp_bits=6;mantissa_bits=12;pipeline_stages=5	5	ok	0.92	-0.63	
fpadd	exp_bits=6;mantissa_bits=12;pipeline_stages=5	7	ok	0.91	-0.63	
fpadd	exp_bits=4;mantissa_bits=6;pipeline_stages=5	20	ok	2.13	-1.85	
fpadd	exp_bits=6;mantissa_bits=5;pipeline_stages=3	16	ok	1.59	-1.32	
fpadd	exp_bits=7;mantissa_bits=15;pipeline_stages=2	5	ok	1.03	-0.74	
fpadd	exp_bits=6;mantissa_bits=5;pipeline_stages=2	20	ok	2.12	-1.88	
fpadd	exp_bits=6;mantissa_bits=12;pipeline_stages=2	10	ok	1.08	-0.80	
fpadd	exp_bits=7;mantissa_bits=15;pipeline_stages=2	7	ok	1.00	-0.71	
fpadd	exp_bits=6;mantissa_bits=5;pipeline_stages=5	16	ok	1.58	-1.31	
fpadd	exp_bits=6;mantissa_bits=12;pipeline_stages=3	10	ok	1.08	-0.80	
fpadd	exp_bits=6;mantissa_bits=5;pipeline_stages=3	20	ok	2.16	-1.90	
fpadd	exp_bits=7;mantissa_bits=15;pipeline_stages=3	5	ok	1.01	-0.72	
fpadd	exp_bits=7;mantissa_bits=15;pipeline_stages=3	7	ok	1.01	-0.72	
fpadd	exp_bits=6;mantissa_bits=12;pipeline_stages=2	16	ok	1.83	-1.57	
fpadd	exp_bits=7;mantissa_bits=15;pipeline_stages=5	5	ok	1.01	-0.73	
fpadd	exp_bits=6;mantissa_bits=5;pipeline_stages=5	20	ok	2.12	-1.86	
fpadd	exp_bits=6;mantissa_bits=12;pipeline_stages=5	10	ok	1.07	-0.79	
fpadd	exp_bits=6;mantissa_bits=12;pipeline_stages=3	16	ok	1.85	-1.59	
fpadd	exp_bits=7;mantissa_bits=15;pipeline_stages=5	7	ok	1.00	-0.72	
fpadd	exp_bits=7;mantissa_bits=15;pipeline_stages=2	10	ok	1.21	-0.92	
fpadd	exp_bits=6;mantissa_bits=12;pipeline_stages=2	20	ok	2.57	-2.31	
fpadd	exp_bits=6;mantissa_bits=12;pipeline_stages=5	16	ok	1.85	-1.58	
fpadd	exp_bits=6;mantissa_bits=12;pipeline_stages=3	20	ok	2.55	-2.29	
fpadd	exp_bits=9;mantissa_bits=31;pipeline_stages=2	5	ok	1.19	-0.90	
fpadd	exp_bits=9;mantissa_bits=31;pipeline_stages=3	5	ok	1.20	-0.92	
fpadd	exp_bits=7;mantissa_bits=15;pipeline_stages=3	10	ok	1.23	-0.94	
fpadd	exp_bits=7;mantissa_bits=15;pipeline_stages=2	16	ok	2.14	-1.85	
fpadd	exp_bits=9;mantissa_bits=31;pipeline_stages=2	7	ok	1.19	-0.91	
fpadd	exp_bits=7;mantissa_bits=15;pipeline_stages=5	10	ok	1.23	-0.94	
fpadd	exp_bits=9;mantissa_bits=31;pipeline_stages=3	7	ok	1.19	-0.91	
fpadd	exp_bits=6;mantissa_bits=12;pipeline_stages=5	20	ok	2.57	-2.31	
fpadd	exp_bits=7;mantissa_bits=15;pipeline_stages=3	16	ok	2.13	-1.84	
fpadd	exp_bits=7;mantissa_bits=15;pipeline_stages=2	20	ok	2.89	-2.60	
fpadd	exp_bits=7;mantissa_bits=15;pipeline_stages=5	16	ok	2.07	-1.80	
fpadd	exp_bits=9;mantissa_bits=31;pipeline_stages=5	5	ok	1.19	-0.90	
fpadd	exp_bits=10;mantissa_bits=40;pipeline_stages=2	5	ok	1.28	-1.00	
fpadd	exp_bits=9;mantissa_bits=31;pipeline_stages=2	10	ok	1.41	-1.12	
fpadd	exp_bits=9;mantissa_bits=31;pipeline_stages=5	7	ok	1.19	-0.91	
fpadd	exp_bits=9;mantissa_bits=31;pipeline_stages=3	10	ok	1.38	-1.09	
fpadd	exp_bits=7;mantissa_bits=15;pipeline_stages=3	20	ok	2.87	-2.61	
fpadd	exp_bits=10;mantissa_bits=40;pipeline_stages=2	7	ok	1.26	-0.98	
fpadd	exp_bits=9;mantissa_bits=31;pipeline_stages=2	16	ok	2.45	-2.18	
fpadd	exp_bits=7;mantissa_bits=15;pipeline_stages=5	20	ok	2.82	-2.56	
fpadd	exp_bits=9;mantissa_bits=31;pipeline_stages=3	16	ok	2.43	-2.16	
fpadd	exp_bits=10;mantissa_bits=40;pipeline_stages=3	5	ok	1.28	-0.99	
fpadd	exp_bits=9;mantissa_bits=31;pipeline_stages=5	10	ok	1.39	-1.10	
fpadd	exp_bits=10;mantissa_bits=40;pipeline_stages=5	5	ok	1.27	-0.98	
fpadd	exp_bits=10;mantissa_bits=40;pipeline_stages=3	7	ok	1.25	-0.97	
fpadd	exp_bits=10;mantissa_bits=40;pipeline_stages=5	7	ok	1.25	-0.97	
fpadd	exp_bits=10;mantissa_bits=40;pipeline_stages=2	10	ok	1.49	-1.20	
fpadd	exp_bits=9;mantissa_bits=31;pipeline_stages=2	20	ok	3.31	-3.02	
fpadd	exp_bits=9;mantissa_bits=31;pipeline_stages=5	16	ok	2.45	-2.16	
fpadd	exp_bits=9;mantissa_bits=31;pipeline_stages=3	20	ok	3.31	-3.02	
fpadd	exp_bits=10;mantissa_bits=40;pipeline_stages=2	16	ok	2.61	-2.32	
fpadd	exp_bits=12;mantissa_bits=64;pipeline_stages=2	5	ok	1.37	-1.09	
fpadd	exp_bits=10;mantissa_bits=40;pipeline_stages=3	10	ok	1.48	-1.20	
fpadd	exp_bits=9;mantissa_bits=31;pipeline_stages=5	20	ok	3.36	-3.07	
fpadd	exp_bits=12;mantissa_bits=64;pipeline_stages=3	5	ok	1.39	-1.10	
fpadd	exp_bits=10;mantissa_bits=40;pipeline_stages=5	10	ok	1.48	-1.19	
fpadd	exp_bits=12;mantissa_bits=64;pipeline_stages=3	7	ok	1.39	-1.10	
fpadd	exp_bits=12;mantissa_bits=64;pipeline_stages=2	7	ok	1.39	-1.11	
fpadd	exp_bits=10;mantissa_bits=40;pipeline_stages=3	16	ok	2.59	-2.31	
fpadd	exp_bits=10;mantissa_bits=40;pipeline_stages=2	20	ok	3.49	-3.20	
fpadd	exp_bits=10;mantissa_bits=40;pipeline_stages=5	16	ok	2.57	-2.30	
fpmul	exp_bits=4;mantissa_bits=3;pipeline_stages=2	5	ok	0.51	-0.23	
fpmul	exp_bits=4;mantissa_bits=3;pipeline_stages=2	7	ok	0.56	-0.28	
fpadd	exp_bits=10;mantissa_bits=40;pipeline_stages=3	20	ok	3.51	-3.22	
fpadd	exp_bits=12;mantissa_bits=64;pipeline_stages=5	5	ok	1.36	-1.08	
fpadd	exp_bits=12;mantissa_bits=64;pipeline_stages=2	10	ok	1.63	-1.34	
fpmul	exp_bits=4;mantissa_bits=3;pipeline_stages=3	5	ok	0.52	-0.23	
fpmul	exp_bits=4;mantissa_bits=3;pipeline_stages=3	7	ok	0.53	-0.25	
fpadd	exp_bits=12;mantissa_bits=64;pipeline_stages=5	7	ok	1.38	-1.10	
fpadd	exp_bits=10;mantissa_bits=40;pipeline_stages=5	20	ok	3.52	-3.23	
fpadd	exp_bits=12;mantissa_bits=64;pipeline_stages=3	10	ok	1.62	-1.33	
fpadd	exp_bits=12;mantissa_bits=64;pipeline_stages=2	16	ok	2.73	-2.46	
fpmul	exp_bits=4;mantissa_bits=3;pipeline_stages=5	5	ok	0.50	-0.22	
fpmul	exp_bits=5;mantissa_bits=2;pipeline_stages=2	5	ok	0.39	-0.11	
fpmul	exp_bits=4;mantissa_bits=3;pipeline_stages=5	7	ok	0.53	-0.25	
fpadd	exp_bits=12;mantissa_bits=64;pipeline_stages=3	16	ok	2.75	-2.46	
fpmul	exp_bits=5;mantissa_bits=2;pipeline_stages=2	7	ok	0.46	-0.18	
fpmul	exp_bits=4;mantissa_bits=3;pipeline_stages=2	10	ok	0.66	-0.38	
fpmul	exp_bits=5;mantissa_bits=2;pipeline_stages=3	5	ok	0.41	-0.12	
fpmul	exp_bits=5;mantissa_bits=2;pipeline_stages=5	5	ok	0.41	-0.12	
fpmul	exp_bits=5;mantissa_bits=2;pipeline_stages=3	7	ok	0.45	-0.17	
fpadd	exp_bits=12;mantissa_bits=64;pipeline_stages=5	10	ok	1.60	-1.31	
fpmul	exp_bits=4;mantissa_bits=3;pipeline_stages=2	16	ok	1.11	-0.84	
fpadd	exp_bits=12;mantissa_bits=64;pipeline_stages=2	20	ok	3.81	-3.52	
fpmul	exp_bits=5;mantissa_bits=2;pipeline_stages=5	7	ok	0.47	-0.19	
fpmul	exp_bits=4;mantissa_bits=3;pipeline_stages=3	10	ok	0.65	-0.36	
fpadd	exp_bits=12;mantissa_bits=64;pipeline_stages=3	20	ok	3.85	-3.57	
fpadd	exp_bits=12;mantissa_bits=64;pipeline_stages=5	16	ok	2.79	-2.50	
fpmul	exp_bits=5;mantissa_bits=10;pipeline_stages=2	5	ok	0.90	-0.61	
fpmul	exp_bits=4;mantissa_bits=3;pipeline_stages=5	10	ok	0.66	-0.37	
fpmul	exp_bits=4;mantissa_bits=3;pipeline_stages=3	16	ok	1.12	-0.86	
fpmul	exp_bits=5;mantissa_bits=10;pipeline_stages=3	5	ok	0.87	-0.59	
fpmul	exp_bits=5;mantissa_bits=10;pipeline_stages=2	7	ok	0.90	-0.61	
fpmul	exp_bits=5;mantissa_bits=10;pipeline_stages=3	7	ok	0.92	-0.64	
fpmul	exp_bits=5;mantissa_bits=2;pipeline_stages=2	10	ok	0.55	-0.27	
fpmul	exp_bits=4;mantissa_bits=3;pipeline_stages=2	20	ok	1.59	-1.33	
fpmul	exp_bits=4;mantissa_bits=3;pipeline_stages=5	16	ok	1.12	-0.85	
fpmul	exp_bits=5;mantissa_bits=2;pipeline_stages=3	10	ok	0.54	-0.26	
fpmul	exp_bits=5;mantissa_bits=2;pipeline_stages=2	16	ok	0.95	-0.68	
fpmul	exp_bits=5;mantissa_bits=10;pipeline_stages=5	5	ok	0.89	-0.61	
fpmul	exp_bits=8;mantissa_bits=7;pipeline_stages=2	5	ok	0.81	-0.52	
fpmul	exp_bits=5;mantissa_bits=10;pipeline_stages=5	7	ok	0.89	-0.61	
fpmul	exp_bits=5;mantissa_bits=2;pipeline_stages=5	10	ok	0.55	-0.27	
fpmul	exp_bits=8;mantissa_bits=7;pipeline_stages=2	7	ok	0.81	-0.52	
fpmul	exp_bits=4;mantissa_bits=3;pipeline_stages=3	20	ok	1.62	-1.35	
fpmul	exp_bits=5;mantissa_bits=2;pipeline_stages=3	16	ok	0.97	-0.70	
fpadd	exp_bits=12;mantissa_bits=64;pipeline_stages=5	20	ok	3.85	-3.56	
fpmul	exp_bits=5;mantissa_bits=2;pipeline_stages=5	16	ok	0.97	-0.70	
fpmul	exp_bits=5;mantissa_bits=10;pipeline_stages=2	10	ok	1.06	-0.77	
fpmul	exp_bits=8;mantissa_bits=7;pipeline_stages=3	5	ok	0.85	-0.57	
fpmul	exp_bits=8;mantissa_bits=7;pipeline_stages=5	5	ok	0.83	-0.55	
fpmul	exp_bits=8;mantissa_bits=7;pipeline_stages=3	7	ok	0.82	-0.54	
fpmul	exp_bits=5;mantissa_bits=10;pipeline_stages=3	10	ok	1.10	-0.82	
fpmul	exp_bits=8;mantissa_bits=7;pipeline_stages=5	7	ok	0.84	-0.56	
fpmul	exp_bits=4;mantissa_bits=3;pipeline_stages=5	20	ok	1.59	-1.33	
fpmul	exp_bits=5;mantissa_bits=2;pipeline_stages=2	20	ok	1.31	-1.05	
fpmul	exp_bits=5;mantissa_bits=10;pipeline_stages=2	16	ok	1.86	-1.59	
fpmul	exp_bits=5;mantissa_bits=10;pipeline_stages=3	16	ok	1.85	-1.59	
fpmul	exp_bits=5;mantissa_bits=10;pipeline_stages=5	10	ok	1.09	-0.80	
fpmul	exp_bits=8;mantissa_bits=10;pipeline_stages=2	5	ok	0.90	-0.62	
fpmul	exp_bits=8;mantissa_bits=7;pipeline_stages=2	10	ok	0.99	-0.71	
fpmul	exp_bits=8;mantissa_bits=10;pipeline_stages=3	5	ok	0.91	-0.63	
fpmul	exp_bits=5;mantissa_bits=2;pipeline_stages=3	20	ok	1.31	-1.05	
fpmul	exp_bits=8;mantissa_bits=10;pipeline_stages=2	7	ok	0.91	-0.63	
fpmul	exp_bits=5;mantissa_bits=2;pipeline_stages=5	20	ok	1.32	-1.06	
fpmul	exp_bits=8;mantissa_bits=10;pipeline_stages=3	7	ok	0.94	-0.65	
fpmul	exp_bits=5;mantissa_bits=10;pipeline_stages=5	16	ok	1.88	-1.61	
fpmul	exp_bits=8;mantissa_bits=7;pipeline_stages=2	16	ok	1.74	-1.47	
fpmul	exp_bits=8;mantissa_bits=7;pipeline_stages=3	10	ok	0.99	-0.71	
fpmul	exp_bits=8;mantissa_bits=7;pipeline_stages=5	10	ok	0.99	-0.70	
fpmul	exp_bits=8;mantissa_bits=10;pipeline_stages=5	5	ok	0.90	-0.62	
fpmul	exp_bits=8;mantissa_bits=10;pipeline_stages=5	7	ok	0.94	-0.65	
fpmul	exp_bits=5;mantissa_bits=10;pipeline_stages=3	20	ok	2.64	-2.37	
fpmul	exp_bits=5;mantissa_bits=10;pipeline_stages=2	20	ok	2.53	-2.27	
fpmul	exp_bits=8;mantissa_bits=7;pipeline_stages=3	16	ok	1.71	-1.43	
fpmul	exp_bits=8;mantissa_bits=7;pipeline_stages=5	16	ok	1.71	-1.43	
fpmul	exp_bits=8;mantissa_bits=23;pipeline_stages=2	5	ok	1.17	-0.89	
fpmul	exp_bits=8;mantissa_bits=23;pipeline_stages=2	7	ok	1.18	-0.90	
fpmul	exp_bits=8;mantissa_bits=10;pipeline_stages=2	10	ok	1.13	-0.84	
fpmul	exp_bits=8;mantissa_bits=10;pipeline_stages=3	10	ok	1.11	-0.83	
fpmul	exp_bits=8;mantissa_bits=7;pipeline_stages=2	20	ok	2.26	-2.00	
fpmul	exp_bits=5;mantissa_bits=10;pipeline_stages=5	20	ok	2.61	-2.34	
fpmul	exp_bits=8;mantissa_bits=10;pipeline_stages=2	16	ok	1.93	-1.66	
fpmul	exp_bits=8;mantissa_bits=10;pipeline_stages=3	16	ok	1.98	-1.71	
fpmul	exp_bits=8;mantissa_bits=23;pipeline_stages=3	5	ok	1.17	-0.88	
fpmul	exp_bits=8;mantissa_bits=23;pipeline_stages=3	7	ok	1.19	-0.90	
fpmul	exp_bits=8;mantissa_bits=10;pipeline_stages=5	10	ok	1.11	-0.82	
fpmul	exp_bits=8;mantissa_bits=7;pipeline_stages=3	20	ok	2.37	-2.11	
fpmul	exp_bits=8;mantissa_bits=7;pipeline_stages=5	20	ok	2.38	-2.11	
fpmul	exp_bits=8;mantissa_bits=23;pipeline_stages=5	7	ok	1.20	-0.92	
fpmul	exp_bits=8;mantissa_bits=23;pipeline_stages=5	5	ok	1.17	-0.89	
fpmul	exp_bits=8;mantissa_bits=23;pipeline_stages=2	10	ok	1.45	-1.17	
fpmul	exp_bits=8;mantissa_bits=10;pipeline_stages=5	16	ok	2.02	-1.74	
fpmul	exp_bits=8;mantissa_bits=23;pipeline_stages=2	16	ok	2.47	-2.20	
fpmul	exp_bits=8;mantissa_bits=10;pipeline_stages=2	20	ok	2.58	-2.31	
fpmul	exp_bits=8;mantissa_bits=10;pipeline_stages=3	20	ok	2.70	-2.43	
fpmul	exp_bits=8;mantissa_bits=23;pipeline_stages=3	10	ok	1.45	-1.17	
fpmul	exp_bits=8;mantissa_bits=23;pipeline_stages=3	16	ok	2.56	-2.30	
fpmul	exp_bits=8;mantissa_bits=23;pipeline_stages=5	10	ok	1.45	-1.17	
fpmul	exp_bits=8;mantissa_bits=10;pipeline_stages=5	20	ok	2.66	-2.37	
fpmul	exp_bits=8;mantissa_bits=23;pipeline_stages=5	16	ok	2.52	-2.25	
fpmul	exp_bits=11;mantissa_bits=52;pipeline_stages=2	5	ok	1.50	-1.22	
fpmul	exp_bits=8;mantissa_bits=23;pipeline_stages=2	20	ok	3.36	-3.11	
fpmul	exp_bits=11;mantissa_bits=52;pipeline_stages=2	7	ok	1.46	-1.18	
fpmul	exp_bits=11;mantissa_bits=52;pipeline_stages=3	7	ok	1.49	-1.21	
fpmul	exp_bits=11;mantissa_bits=52;pipeline_stages=3	5	ok	1.47	-1.19	
fpmul	exp_bits=8;mantissa_bits=23;pipeline_stages=3	20	ok	3.50	-3.24	
fpmul	exp_bits=3;mantissa_bits=2;pipeline_stages=2	7	ok	0.35	-0.07	
fpmul	exp_bits=3;mantissa_bits=2;pipeline_stages=2	5	ok	0.40	-0.11	
fpmul	exp_bits=8;mantissa_bits=23;pipeline_stages=5	20	ok	3.48	-3.22	
fpmul	exp_bits=11;mantissa_bits=52;pipeline_stages=2	10	ok	1.75	-1.46	
fpmul	exp_bits=3;mantissa_bits=2;pipeline_stages=3	7	ok	0.36	-0.08	
fpmul	exp_bits=11;mantissa_bits=52;pipeline_stages=2	16	ok	3.01	-2.74	
fpmul	exp_bits=11;mantissa_bits=52;pipeline_stages=3	10	ok	1.86	-1.58	
fpmul	exp_bits=3;mantissa_bits=2;pipeline_stages=3	5	ok	0.38	-0.10	
fpmul	exp_bits=11;mantissa_bits=52;pipeline_stages=3	16	ok	2.96	-2.69	
fpmul	exp_bits=3;mantissa_bits=2;pipeline_stages=5	7	ok	0.36	-0.08	
fpmul	exp_bits=3;mantissa_bits=2;pipeline_stages=2	10	ok	0.45	-0.17	
fpmul	exp_bits=3;mantissa_bits=2;pipeline_stages=5	5	ok	0.39	-0.11	
fpmul	exp_bits=3;mantissa_bits=2;pipeline_stages=2	16	ok	0.81	-0.53	
fpmul	exp_bits=11;mantissa_bits=52;pipeline_stages=5	7	ok	1.50	-1.22	
fpmul	exp_bits=3;mantissa_bits=2;pipeline_stages=3	10	ok	0.46	-0.17	
fpmul	exp_bits=4;mantissa_bits=6;pipeline_stages=2	7	ok	0.72	-0.44	
fpmul	exp_bits=11;mantissa_bits=52;pipeline_stages=5	5	ok	1.41	-1.13	
fpmul	exp_bits=4;mantissa_bits=6;pipeline_stages=2	5	ok	0.69	-0.41	
fpmul	exp_bits=3;mantissa_bits=2;pipeline_stages=3	16	ok	0.81	-0.53	
fpmul	exp_bits=4;mantissa_bits=6;pipeline_stages=3	7	ok	0.74	-0.46	
fpmul	exp_bits=3;mantissa_bits=2;pipeline_stages=5	10	ok	0.46	-0.18	
fpmul	exp_bits=11;mantissa_bits=52;pipeline_stages=2	20	ok	4.27	-4.00	
fpmul	exp_bits=4;mantissa_bits=6;pipeline_stages=5	7	ok	0.70	-0.42	
fpmul	exp_bits=4;mantissa_bits=6;pipeline_stages=3	5	ok	0.68	-0.40	
fpmul	exp_bits=11;mantissa_bits=52;pipeline_stages=3	20	ok	4.32	-4.06	
fpmul	exp_bits=4;mantissa_bits=6;pipeline_stages=5	5	ok	0.68	-0.40	
fpmul	exp_bits=11;mantissa_bits=52;pipeline_stages=5	16	ok	3.18	-2.91	
fpmul	exp_bits=3;mantissa_bits=2;pipeline_stages=5	16	ok	0.79	-0.52	
fpmul	exp_bits=11;mantissa_bits=52;pipeline_stages=5	10	ok	1.83	-1.55	
fpmul	exp_bits=6;mantissa_bits=5;pipeline_stages=2	7	ok	0.69	-0.40	
fpmul	exp_bits=4;mantissa_bits=6;pipeline_stages=2	10	ok	0.84	-0.56	
fpmul	exp_bits=6;mantissa_bits=5;pipeline_stages=3	7	ok	0.68	-0.40	
fpmul	exp_bits=3;mantissa_bits=2;pipeline_stages=2	20	ok	1.09	-0.82	
fpmul	exp_bits=6;mantissa_bits=5;pipeline_stages=2	5	ok	0.69	-0.41	
fpmul	exp_bits=6;mantissa_bits=5;pipeline_stages=3	5	ok	0.68	-0.40	
fpmul	exp_bits=4;mantissa_bits=6;pipeline_stages=2	16	ok	1.44	-1.17	
fpmul	exp_bits=4;mantissa_bits=6;pipeline_stages=3	16	ok	1.45	-1.17	
fpmul	exp_bits=4;mantissa_bits=6;pipeline_stages=3	10	ok	0.85	-0.56	
fpmul	exp_bits=6;mantissa_bits=5;pipeline_stages=5	7	ok	0.67	-0.38	
fpmul	exp_bits=4;mantissa_bits=6;pipeline_stages=5	10	ok	0.86	-0.58	
fpmul	exp_bits=3;mantissa_bits=2;pipeline_stages=3	20	ok	1.07	-0.80	
fpmul	exp_bits=6;mantissa_bits=5;pipeline_stages=5	5	ok	0.67	-0.39	
fpmul	exp_bits=6;mantissa_bits=12;pipeline_stages=2	7	ok	0.93	-0.65	
fpmul	exp_bits=4;mantissa_bits=6;pipeline_stages=5	16	ok	1.47	-1.20	
fpmul	exp_bits=6;mantissa_bits=12;pipeline_stages=2	5	ok	0.91	-0.63	
fpmul	exp_bits=6;mantissa_bits=5;pipeline_stages=2	16	ok	1.41	-1.14	
fpmul	exp_bits=6;mantissa_bits=5;pipeline_stages=2	10	ok	0.81	-0.53	
fpmul	exp_bits=3;mantissa_bits=2;pipeline_stages=5	20	ok	1.07	-0.80	
fpmul	exp_bits=6;mantissa_bits=5;pipeline_stages=3	10	ok	0.80	-0.52	
fpmul	exp_bits=6;mantissa_bits=12;pipeline_stages=3	7	ok	0.96	-0.68	
fpmul	exp_bits=6;mantissa_bits=12;pipeline_stages=3	5	ok	0.97	-0.68	
fpmul	exp_bits=6;mantissa_bits=5;pipeline_stages=3	16	ok	1.37	-1.10	
fpmul	exp_bits=6;mantissa_bits=5;pipeline_stages=5	16	ok	1.43	-1.16	
fpmul	exp_bits=6;mantissa_bits=12;pipeline_stages=5	7	ok	0.94	-0.66	
fpmul	exp_bits=11;mantissa_bits=52;pipeline_stages=5	20	ok	4.15	-3.89	
fpmul	exp_bits=6;mantissa_bits=12;pipeline_stages=5	5	ok	0.96	-0.68	
fpmul	exp_bits=6;mantissa_bits=5;pipeline_stages=5	10	ok	0.80	-0.51	
fpmul	exp_bits=4;mantissa_bits=6;pipeline_stages=2	20	ok	2.01	-1.75	
fpmul	exp_bits=6;mantissa_bits=12;pipeline_stages=2	10	ok	1.14	-0.85	
fpmul	exp_bits=7;mantissa_bits=15;pipeline_stages=2	7	ok	1.05	-0.76	
fpmul	exp_bits=7;mantissa_bits=15;pipeline_stages=2	5	ok	1.02	-0.74	
fpmul	exp_bits=6;mantissa_bits=12;pipeline_stages=2	16	ok	1.98	-1.71	
fpmul	exp_bits=4;mantissa_bits=6;pipeline_stages=3	20	ok	1.98	-1.72	
fpmul	exp_bits=6;mantissa_bits=12;pipeline_stages=3	16	ok	1.98	-1.71	
fpmul	exp_bits=7;mantissa_bits=15;pipeline_stages=3	7	ok	1.06	-0.78	
fpmul	exp_bits=4;mantissa_bits=6;pipeline_stages=5	20	ok	1.96	-1.70	
fpmul	exp_bits=6;mantissa_bits=12;pipeline_stages=3	10	ok	1.15	-0.86	
fpmul	exp_bits=7;mantissa_bits=15;pipeline_stages=3	5	ok	1.05	-0.77	
fpmul	exp_bits=6;mantissa_bits=12;pipeline_stages=5	10	ok	1.14	-0.86	
fpmul	exp_bits=6;mantissa_bits=5;pipeline_stages=2	20	ok	2.06	-1.80	
fpmul	exp_bits=7;mantissa_bits=15;pipeline_stages=5	7	ok	1.06	-0.78	
fpmul	exp_bits=6;mantissa_bits=12;pipeline_stages=5	16	ok	1.98	-1.71	
fpmul	exp_bits=6;mantissa_bits=5;pipeline_stages=3	20	ok	2.11	-1.82	
fpmul	exp_bits=7;mantissa_bits=15;pipeline_stages=5	5	ok	1.02	-0.74	
fpmul	exp_bits=7;mantissa_bits=15;pipeline_stages=2	16	ok	2.15	-1.88	
fpmul	exp_bits=7;mantissa_bits=15;pipeline_stages=2	10	ok	1.30	-1.02	
fpmul	exp_bits=7;mantissa_bits=15;pipeline_stages=3	10	ok	1.32	-1.03	
fpmul	exp_bits=6;mantissa_bits=5;pipeline_stages=5	20	ok	2.07	-1.81	
fpmul	exp_bits=9;mantissa_bits=31;pipeline_stages=2	7	ok	1.31	-1.03	
fpmul	exp_bits=7;mantissa_bits=15;pipeline_stages=3	16	ok	2.20	-1.94	
fpmul	exp_bits=6;mantissa_bits=12;pipeline_stages=2	20	ok	2.79	-2.52	
fpmul	exp_bits=7;mantissa_bits=15;pipeline_stages=5	16	ok	2.17	-1.90	
fpmul	exp_bits=9;mantissa_bits=31;pipeline_stages=2	5	ok	1.28	-1.00	
fpmul	exp_bits=7;mantissa_bits=15;pipeline_stages=5	10	ok	1.22	-0.94	
fpmul	exp_bits=6;mantissa_bits=12;pipeline_stages=3	20	ok	2.81	-2.53	
fpmul	exp_bits=9;mantissa_bits=31;pipeline_stages=3	7	ok	1.31	-1.03	
fpmul	exp_bits=9;mantissa_bits=31;pipeline_stages=3	5	ok	1.28	-1.00	
fpmul	exp_bits=6;mantissa_bits=12;pipeline_stages=5	20	ok	2.74	-2.48	
fpmul	exp_bits=9;mantissa_bits=31;pipeline_stages=2	10	ok	1.58	-1.30	
fpmul	exp_bits=9;mantissa_bits=31;pipeline_stages=2	16	ok	2.68	-2.42	
fpmul	exp_bits=7;mantissa_bits=15;pipeline_stages=2	20	ok	3.05	-2.79	
fpmul	exp_bits=9;mantissa_bits=31;pipeline_stages=5	7	ok	1.31	-1.03	
fpmul	exp_bits=9;mantissa_bits=31;pipeline_stages=3	16	ok	2.66	-2.39	
fpmul	exp_bits=7;mantissa_bits=15;pipeline_stages=3	20	ok	3.08	-2.80	
fpmul	exp_bits=9;mantissa_bits=31;pipeline_stages=5	5	ok	1.27	-0.99	
fpmul	exp_bits=9;mantissa_bits=31;pipeline_stages=3	10	ok	1.56	-1.28	
fpmul	exp_bits=7;mantissa_bits=15;pipeline_stages=5	20	ok	3.05	-2.79	
fpmul	exp_bits=9;mantissa_bits=31;pipeline_stages=5	10	ok	1.59	-1.31	
fpmul	exp_bits=10;mantissa_bits=40;pipeline_stages=2	7	ok	1.38	-1.09	
fpmul	exp_bits=10;mantissa_bits=40;pipeline_stages=2	5	ok	1.35	-1.07	
fpmul	exp_bits=9;mantissa_bits=31;pipeline_stages=5	16	ok	2.60	-2.33	
fpmul	exp_bits=9;mantissa_bits=31;pipeline_stages=2	20	ok	3.69	-3.43	
fpmul	exp_bits=10;mantissa_bits=40;pipeline_stages=2	16	ok	2.86	-2.59	
fpmul	exp_bits=10;mantissa_bits=40;pipeline_stages=3	5	ok	1.35	-1.06	
fpmul	exp_bits=10;mantissa_bits=40;pipeline_stages=2	10	ok	1.70	-1.42	
fpmul	exp_bits=10;mantissa_bits=40;pipeline_stages=3	7	ok	1.36	-1.08	
fpmul	exp_bits=9;mantissa_bits=31;pipeline_stages=3	20	ok	3.70	-3.41	
fpmul	exp_bits=10;mantissa_bits=40;pipeline_stages=3	10	ok	1.69	-1.41	
fpmul	exp_bits=10;mantissa_bits=40;pipeline_stages=5	7	ok	1.37	-1.09	
fpmul	exp_bits=10;mantissa_bits=40;pipeline_stages=3	16	ok	2.90	-2.63	
fpmul	exp_bits=10;mantissa_bits=40;pipeline_stages=5	5	ok	1.37	-1.09	
fpmul	exp_bits=9;mantissa_bits=31;pipeline_stages=5	20	ok	3.65	-3.39	
fpmul	exp_bits=10;mantissa_bits=40;pipeline_stages=5	10	ok	1.66	-1.38	
fpmul	exp_bits=10;mantissa_bits=40;pipeline_stages=5	16	ok	2.89	-2.62	
fpmul	exp_bits=10;mantissa_bits=40;pipeline_stages=2	20	ok	3.98	-3.72	
fpmul	exp_bits=10;mantissa_bits=40;pipeline_stages=3	20	ok	3.99	-3.74	
fpmul	exp_bits=12;mantissa_bits=64;pipeline_stages=2	7	ok	1.53	-1.25	
fpmul	exp_bits=12;mantissa_bits=64;pipeline_stages=2	5	ok	1.59	-1.31	
fpmul	exp_bits=12;mantissa_bits=64;pipeline_stages=3	7	ok	1.63	-1.34	
fpmul	exp_bits=12;mantissa_bits=64;pipeline_stages=2	16	ok	3.18	-2.91	
fpmul	exp_bits=12;mantissa_bits=64;pipeline_stages=2	10	ok	1.93	-1.65	
fpmul	exp_bits=10;mantissa_bits=40;pipeline_stages=5	20	ok	3.88	-3.62	
fpmac	exp_bits=4;mantissa_bits=3;pipeline_stages=2	7	ok	0.64	-0.35	
fpmul	exp_bits=12;mantissa_bits=64;pipeline_stages=3	5	ok	1.59	-1.30	
fpmul	exp_bits=12;mantissa_bits=64;pipeline_stages=3	10	ok	1.86	-1.58	
fpmac	exp_bits=4;mantissa_bits=3;pipeline_stages=5	7	ok	0.63	-0.35	
fpmac	exp_bits=4;mantissa_bits=3;pipeline_stages=2	5	ok	0.59	-0.31	
fpmul	exp_bits=12;mantissa_bits=64;pipeline_stages=3	16	ok	3.17	-2.91	
fpmac	exp_bits=4;mantissa_bits=3;pipeline_stages=2	10	ok	0.77	-0.49	
fpmac	exp_bits=5;mantissa_bits=2;pipeline_stages=2	7	ok	0.60	-0.32	
fpmul	exp_bits=12;mantissa_bits=64;pipeline_stages=2	20	ok	4.62	-4.36	
fpmac	exp_bits=4;mantissa_bits=3;pipeline_stages=5	5	ok	0.59	-0.31	
fpmac	exp_bits=4;mantissa_bits=3;pipeline_stages=2	16	ok	1.28	-1.01	
fpmul	exp_bits=12;mantissa_bits=64;pipeline_stages=5	7	ok	1.61	-1.33	
fpmac	exp_bits=4;mantissa_bits=3;pipeline_stages=5	10	ok	0.75	-0.47	
fpmac	exp_bits=5;mantissa_bits=2;pipeline_stages=5	7	ok	0.62	-0.34	
fpmac	exp_bits=5;mantissa_bits=2;pipeline_stages=2	5	ok	0.59	-0.31	
fpmac	exp_bits=4;mantissa_bits=3;pipeline_stages=5	16	ok	1.33	-1.06	
fpmac	exp_bits=5;mantissa_bits=2;pipeline_stages=2	10	ok	0.73	-0.45	
fpmac	exp_bits=5;mantissa_bits=10;pipeline_stages=2	7	ok	0.92	-0.64	
fpmul	exp_bits=12;mantissa_bits=64;pipeline_stages=5	5	ok	1.59	-1.31	
fpmac	exp_bits=5;mantissa_bits=2;pipeline_stages=5	5	ok	0.61	-0.33	
fpmul	exp_bits=12;mantissa_bits=64;pipeline_stages=5	16	ok	3.18	-2.91	
fpmac	exp_bits=5;mantissa_bits=10;pipeline_stages=5	7	ok	0.93	-0.64	
fpmac	exp_bits=5;mantissa_bits=2;pipeline_stages=2	16	ok	1.30	-1.03	
fpmul	exp_bits=12;mantissa_bits=64;pipeline_stages=3	20	ok	4.58	-4.33	
fpmac	exp_bits=5;mantissa_bits=2;pipeline_stages=5	10	ok	0.74	-0.46	
fpmac	exp_bits=8;mantissa_bits=7;pipeline_stages=2	7	ok	0.85	-0.56	
fpmul	exp_bits=12;mantissa_bits=64;pipeline_stages=5	10	ok	1.91	-1.63	
fpmac	exp_bits=5;mantissa_bits=2;pipeline_stages=5	16	ok	1.32	-1.04	
fpmac	exp_bits=5;mantissa_bits=10;pipeline_stages=2	5	ok	0.88	-0.60	
fpmac	exp_bits=5;mantissa_bits=10;pipeline_stages=5	5	ok	0.89	-0.61	
fpmac	exp_bits=8;mantissa_bits=7;pipeline_stages=5	7	ok	0.84	-0.55	
fpmac	exp_bits=5;mantissa_bits=10;pipeline_stages=2	16	ok	1.90	-1.63	
fpmac	exp_bits=4;mantissa_bits=3;pipeline_stages=2	20	ok	1.80	-1.55	
fpmac	exp_bits=5;mantissa_bits=10;pipeline_stages=2	10	ok	1.12	-0.84	
fpmac	exp_bits=8;mantissa_bits=10;pipeline_stages=2	7	ok	0.97	-0.69	
fpmac	exp_bits=5;mantissa_bits=10;pipeline_stages=5	16	ok	1.91	-1.64	
fpmac	exp_bits=5;mantissa_bits=10;pipeline_stages=5	10	ok	1.09	-0.80	
fpmac	exp_bits=8;mantissa_bits=7;pipeline_stages=2	5	ok	0.87	-0.59	
fpmac	exp_bits=8;mantissa_bits=7;pipeline_stages=5	5	ok	0.84	-0.55	
fpmac	exp_bits=8;mantissa_bits=10;pipeline_stages=5	7	ok	0.98	-0.69	
fpmac	exp_bits=4;mantissa_bits=3;pipeline_stages=5	20	ok	1.79	-1.52	
fpmac	exp_bits=8;mantissa_bits=7;pipeline_stages=2	16	ok	1.82	-1.55	
fpmac	exp_bits=8;mantissa_bits=7;pipeline_stages=2	10	ok	1.06	-0.78	
fpmac	exp_bits=8;mantissa_bits=7;pipeline_stages=5	16	ok	1.79	-1.52	
fpmac	exp_bits=8;mantissa_bits=7;pipeline_stages=5	10	ok	1.04	-0.75	
fpmac	exp_bits=5;mantissa_bits=2;pipeline_stages=2	20	ok	1.77	-1.52	
fpmac	exp_bits=8;mantissa_bits=10;pipeline_stages=2	5	ok	0.93	-0.65	
fpmul	exp_bits=12;mantissa_bits=64;pipeline_stages=5	20	ok	4.38	-4.12	
fpmac	exp_bits=8;mantissa_bits=10;pipeline_stages=5	5	ok	0.91	-0.63	
fpmac	exp_bits=8;mantissa_bits=10;pipeline_stages=2	16	ok	1.96	-1.69	
fpmac	exp_bits=8;mantissa_bits=23;pipeline_stages=2	7	ok	1.19	-0.91	
fpmac	exp_bits=8;mantissa_bits=10;pipeline_stages=2	10	ok	1.15	-0.86	
fpmac	exp_bits=8;mantissa_bits=23;pipeline_stages=5	7	ok	1.19	-0.91	
fpmac	exp_bits=5;mantissa_bits=2;pipeline_stages=5	20	ok	1.71	-1.45	
fpmac	exp_bits=8;mantissa_bits=10;pipeline_stages=5	16	ok	1.95	-1.68	
fpmac	exp_bits=8;mantissa_bits=10;pipeline_stages=5	10	ok	1.15	-0.87	
fpmac	exp_bits=5;mantissa_bits=10;pipeline_stages=2	20	ok	2.60	-2.34	
fpmac	exp_bits=8;mantissa_bits=23;pipeline_stages=2	5	ok	1.16	-0.88	
fpmac	exp_bits=8;mantissa_bits=23;pipeline_stages=2	16	ok	2.48	-2.22	
fpmac	exp_bits=5;mantissa_bits=10;pipeline_stages=5	20	ok	2.69	-2.41	
fpmac	exp_bits=8;mantissa_bits=23;pipeline_stages=5	5	ok	1.17	-0.88	
fpmac	exp_bits=8;mantissa_bits=23;pipeline_stages=2	10	ok	1.45	-1.17	
fpmac	exp_bits=8;mantissa_bits=7;pipeline_stages=2	20	ok	2.43	-2.17	
fpmac	exp_bits=8;mantissa_bits=23;pipeline_stages=5	16	ok	2.51	-2.24	
fpmac	exp_bits=8;mantissa_bits=23;pipeline_stages=5	10	ok	1.44	-1.16	
fpmac	exp_bits=8;mantissa_bits=7;pipeline_stages=5	20	ok	2.48	-2.22	
fpmac	exp_bits=11;mantissa_bits=52;pipeline_stages=5	7	ok	1.49	-1.21	
fpmac	exp_bits=11;mantissa_bits=52;pipeline_stages=2	7	ok	1.49	-1.20	
fpmac	exp_bits=8;mantissa_bits=10;pipeline_stages=2	20	ok	2.69	-2.43	
fpmac	exp_bits=8;mantissa_bits=10;pipeline_stages=5	20	ok	2.68	-2.42	
fpmac	exp_bits=3;mantissa_bits=2;pipeline_stages=5	7	ok	0.54	-0.25	
fpmac	exp_bits=3;mantissa_bits=2;pipeline_stages=2	7	ok	0.53	-0.25	
fpmac	exp_bits=11;mantissa_bits=52;pipeline_stages=2	16	ok	3.09	-2.83	
fpmac	exp_bits=11;mantissa_bits=52;pipeline_stages=2	5	ok	1.50	-1.22	
fpmac	exp_bits=4;mantissa_bits=6;pipeline_stages=2	7	ok	0.80	-0.52	
fpmac	exp_bits=4;mantissa_bits=6;pipeline_stages=5	7	ok	0.78	-0.50	
fpmac	exp_bits=11;mantissa_bits=52;pipeline_stages=5	5	ok	1.48	-1.20	
fpmac	exp_bits=8;mantissa_bits=23;pipeline_stages=2	20	ok	3.42	-3.16	
fpmac	exp_bits=11;mantissa_bits=52;pipeline_stages=5	16	ok	3.18	-2.90	
fpmac	exp_bits=3;mantissa_bits=2;pipeline_stages=2	16	ok	1.18	-0.91	
fpmac	exp_bits=11;mantissa_bits=52;pipeline_stages=2	10	ok	1.74	-1.46	
fpmac	exp_bits=11;mantissa_bits=52;pipeline_stages=5	10	ok	1.82	-1.54	
fpmac	exp_bits=3;mantissa_bits=2;pipeline_stages=2	5	ok	0.55	-0.27	
fpmac	exp_bits=8;mantissa_bits=23;pipeline_stages=5	20	ok	3.39	-3.12	
fpmac	exp_bits=6;mantissa_bits=5;pipeline_stages=2	7	ok	0.79	-0.51	
fpmac	exp_bits=6;mantissa_bits=5;pipeline_stages=5	7	ok	0.81	-0.52	
fpmac	exp_bits=3;mantissa_bits=2;pipeline_stages=5	5	ok	0.58	-0.30	
fpmac	exp_bits=3;mantissa_bits=2;pipeline_stages=5	16	ok	1.10	-0.83	
fpmac	exp_bits=4;mantissa_bits=6;pipeline_stages=2	16	ok	1.63	-1.37	
fpmac	exp_bits=3;mantissa_bits=2;pipeline_stages=2	10	ok	0.64	-0.36	
fpmac	exp_bits=3;mantissa_bits=2;pipeline_stages=5	10	ok	0.63	-0.35	
fpmac	exp_bits=4;mantissa_bits=6;pipeline_stages=2	5	ok	0.80	-0.52	
fpmac	exp_bits=4;mantissa_bits=6;pipeline_stages=5	5	ok	0.78	-0.50	
fpmac	exp_bits=4;mantissa_bits=6;pipeline_stages=5	16	ok	1.64	-1.37	
fpmac	exp_bits=6;mantissa_bits=12;pipeline_stages=5	7	ok	0.99	-0.71	
fpmac	exp_bits=6;mantissa_bits=12;pipeline_stages=2	7	ok	0.98	-0.70	
fpmac	exp_bits=4;mantissa_bits=6;pipeline_stages=2	10	ok	0.95	-0.67	
fpmac	exp_bits=6;mantissa_bits=5;pipeline_stages=2	16	ok	1.67	-1.40	
fpmac	exp_bits=4;mantissa_bits=6;pipeline_stages=5	10	ok	0.95	-0.67	
fpmac	exp_bits=6;mantissa_bits=5;pipeline_stages=2	5	ok	0.79	-0.51	
fpmac	exp_bits=6;mantissa_bits=5;pipeline_stages=5	5	ok	0.76	-0.48	
fpmac	exp_bits=6;mantissa_bits=5;pipeline_stages=5	16	ok	1.70	-1.42	
fpmac	exp_bits=6;mantissa_bits=5;pipeline_stages=2	10	ok	0.94	-0.66	
fpmac	exp_bits=7;mantissa_bits=15;pipeline_stages=2	7	ok	1.07	-0.78	
fpmac	exp_bits=6;mantissa_bits=5;pipeline_stages=5	10	ok	0.94	-0.66	
fpmac	exp_bits=7;mantissa_bits=15;pipeline_stages=5	7	ok	1.05	-0.77	
fpmac	exp_bits=6;mantissa_bits=12;pipeline_stages=2	16	ok	1.98	-1.71	
fpmac	exp_bits=11;mantissa_bits=52;pipeline_stages=2	20	ok	4.41	-4.15	
fpmac	exp_bits=6;mantissa_bits=12;pipeline_stages=2	5	ok	0.96	-0.67	
fpmac	exp_bits=11;mantissa_bits=52;pipeline_stages=5	20	ok	4.34	-4.08	
fpmac	exp_bits=6;mantissa_bits=12;pipeline_stages=5	5	ok	0.98	-0.70	
fpmac	exp_bits=6;mantissa_bits=12;pipeline_stages=5	16	ok	1.97	-1.71	
fpmac	exp_bits=6;mantissa_bits=12;pipeline_stages=2	10	ok	1.16	-0.87	
fpmac	exp_bits=3;mantissa_bits=2;pipeline_stages=2	20	ok	1.63	-1.36	
fpmac	exp_bits=6;mantissa_bits=12;pipeline_stages=5	10	ok	1.17	-0.89	
fpmac	exp_bits=3;mantissa_bits=2;pipeline_stages=5	20	ok	1.55	-1.29	
fpmac	exp_bits=7;mantissa_bits=15;pipeline_stages=2	16	ok	2.12	-1.84	
fpmac	exp_bits=7;mantissa_bits=15;pipeline_stages=2	5	ok	1.05	-0.76	
fpmac	exp_bits=9;mantissa_bits=31;pipeline_stages=2	7	ok	1.33	-1.04	
fpmac	exp_bits=9;mantissa_bits=31;pipeline_stages=5	7	ok	1.34	-1.05	
fpmac	exp_bits=4;mantissa_bits=6;pipeline_stages=2	20	ok	2.27	-2.01	
fpmac	exp_bits=7;mantissa_bits=15;pipeline_stages=5	5	ok	1.04	-0.75	
fpmac	exp_bits=7;mantissa_bits=15;pipeline_stages=5	16	ok	2.24	-1.97	
fpmac	exp_bits=7;mantissa_bits=15;pipeline_stages=2	10	ok	1.32	-1.04	
fpmac	exp_bits=4;mantissa_bits=6;pipeline_stages=5	20	ok	2.32	-2.06	
fpmac	exp_bits=7;mantissa_bits=15;pipeline_stages=5	10	ok	1.26	-0.98	
fpmac	exp_bits=6;mantissa_bits=5;pipeline_stages=2	20	ok	2.30	-2.04	
fpmac	exp_bits=6;mantissa_bits=5;pipeline_stages=5	20	ok	2.27	-2.01	
fpmac	exp_bits=9;mantissa_bits=31;pipeline_stages=2	16	ok	2.70	-2.43	
fpmac	exp_bits=9;mantissa_bits=31;pipeline_stages=2	5	ok	1.25	-0.97	
fpmac	exp_bits=9;mantissa_bits=31;pipeline_stages=5	16	ok	2.75	-2.48	
fpmac	exp_bits=6;mantissa_bits=12;pipeline_stages=2	20	ok	2.78	-2.52	
fpmac	exp_bits=9;mantissa_bits=31;pipeline_stages=5	5	ok	1.27	-0.99	
fpmac	exp_bits=9;mantissa_bits=31;pipeline_stages=2	10	ok	1.54	-1.26	
fpmac	exp_bits=6;mantissa_bits=12;pipeline_stages=5	20	ok	2.76	-2.49	
fpmac	exp_bits=9;mantissa_bits=31;pipeline_stages=5	10	ok	1.55	-1.27	
fpmac	exp_bits=10;mantissa_bits=40;pipeline_stages=2	7	ok	1.38	-1.10	
fpmac	exp_bits=10;mantissa_bits=40;pipeline_stages=5	7	ok	1.37	-1.09	
fpmac	exp_bits=7;mantissa_bits=15;pipeline_stages=2	20	ok	3.04	-2.78	
fpmac	exp_bits=7;mantissa_bits=15;pipeline_stages=5	20	ok	2.96	-2.70	
fpmac	exp_bits=10;mantissa_bits=40;pipeline_stages=2	16	ok	2.80	-2.53	
fpmac	exp_bits=10;mantissa_bits=40;pipeline_stages=5	16	ok	2.86	-2.57	
fpmac	exp_bits=10;mantissa_bits=40;pipeline_stages=2	5	ok	1.35	-1.06	
fpmac	exp_bits=10;mantissa_bits=40;pipeline_stages=5	5	ok	1.36	-1.08	
fpmac	exp_bits=10;mantissa_bits=40;pipeline_stages=2	10	ok	1.66	-1.38	
fpmac	exp_bits=10;mantissa_bits=40;pipeline_stages=5	10	ok	1.67	-1.39	
fpmac	exp_bits=9;mantissa_bits=31;pipeline_stages=2	20	ok	3.67	-3.42	
fpmac	exp_bits=9;mantissa_bits=31;pipeline_stages=5	20	ok	3.73	-3.47	
fpmac	exp_bits=12;mantissa_bits=64;pipeline_stages=2	7	ok	1.58	-1.30	
fpmac	exp_bits=12;mantissa_bits=64;pipeline_stages=5	7	ok	1.59	-1.31	
fpmac	exp_bits=10;mantissa_bits=40;pipeline_stages=2	20	ok	3.91	-3.65	
fpmac	exp_bits=10;mantissa_bits=40;pipeline_stages=5	20	ok	4.00	-3.74	
fpmac	exp_bits=12;mantissa_bits=64;pipeline_stages=2	16	ok	3.32	-3.05	
fpmac	exp_bits=12;mantissa_bits=64;pipeline_stages=2	10	ok	1.92	-1.64	
fpmac	exp_bits=12;mantissa_bits=64;pipeline_stages=2	5	ok	1.57	-1.28	
fpmac	exp_bits=12;mantissa_bits=64;pipeline_stages=5	5	ok	1.60	-1.32	
fpmac	exp_bits=12;mantissa_bits=64;pipeline_stages=5	16	ok	3.25	-2.98	
fpmac	exp_bits=12;mantissa_bits=64;pipeline_stages=5	10	ok	1.84	-1.56	
fpmac	exp_bits=12;mantissa_bits=64;pipeline_stages=2	20	ok	4.45	-4.20	
fpmac	exp_bits=12;mantissa_bits=64;pipeline_stages=5	20	ok	4.35	-4.10	
mxfpmac	block_elems=32;num_blocks=1;input_format=mxfp8_e5m2	7	ok	1.36	-1.12	
mxfpmac	block_elems=32;num_blocks=1;input_format=mxfp8_e5m2	16	ok	2.88	-2.65	
mxfpmac	block_elems=32;num_blocks=1;input_format=mxfp8_e5m2	10	ok	1.69	-1.46	
mxfpmac	block_elems=32;num_blocks=1;input_format=mxfp8_e5m2	5	ok	1.34	-1.11	
mxfpmac	block_elems=32;num_blocks=1;input_format=mxfp8_e5m2	20	ok	4.03	-3.82	
mxfpmac	block_elems=32;num_blocks=2;input_format=mxfp8_e5m2	7	ok	1.44	-1.21	
mxfpmac	block_elems=32;num_blocks=2;input_format=mxfp8_e5m2	10	ok	1.84	-1.61	
mxfpmac	block_elems=32;num_blocks=1;input_format=mxfp8_e4m3	7	ok	1.32	-1.09	
mxfpmac	block_elems=32;num_blocks=2;input_format=mxfp8_e5m2	20	ok	4.31	-4.10	
mxfpmac	block_elems=32;num_blocks=2;input_format=mxfp8_e5m2	16	ok	3.07	-2.84	
mxfpmac	block_elems=32;num_blocks=2;input_format=mxfp8_e5m2	5	ok	1.43	-1.20	
mxfpmac	block_elems=32;num_blocks=1;input_format=mxfp8_e4m3	10	ok	1.64	-1.41	
mxfpmac	block_elems=32;num_blocks=1;input_format=mxfp8_e4m3	16	ok	2.79	-2.57	
mxfpmac	block_elems=32;num_blocks=1;input_format=mxfp8_e4m3	5	ok	1.31	-1.07	
mxfpmac	block_elems=32;num_blocks=1;input_format=mxfp8_e4m3	20	ok	3.96	-3.75	
mxfpmac	block_elems=32;num_blocks=2;input_format=mxfp8_e4m3	7	ok	1.42	-1.18	
mxfpmac	block_elems=32;num_blocks=4;input_format=mxfp8_e5m2	7	ok	1.53	-1.30	
mxfpmac	block_elems=32;num_blocks=2;input_format=mxfp8_e4m3	10	ok	1.79	-1.55	
mxfpmac	block_elems=32;num_blocks=2;input_format=mxfp8_e4m3	16	ok	2.97	-2.75	
mxfpmac	block_elems=32;num_blocks=2;input_format=mxfp8_e4m3	20	ok	4.26	-4.05	
mxfpmac	block_elems=32;num_blocks=1;input_format=mxfp6_e3m2	7	ok	1.34	-1.10	
mxfpmac	block_elems=32;num_blocks=2;input_format=mxfp8_e4m3	5	ok	1.41	-1.18	
mxfpmac	block_elems=32;num_blocks=4;input_format=mxfp8_e5m2	20	ok	4.65	-4.44	
mxfpmac	block_elems=32;num_blocks=4;input_format=mxfp8_e5m2	5	ok	1.53	-1.29	
mxfpmac	block_elems=32;num_blocks=4;input_format=mxfp8_e5m2	16	ok	3.27	-3.04	
mxfpmac	block_elems=32;num_blocks=1;input_format=mxfp6_e3m2	20	ok	3.93	-3.72	
mxfpmac	block_elems=32;num_blocks=4;input_format=mxfp8_e5m2	10	ok	1.97	-1.74	
mxfpmac	block_elems=32;num_blocks=2;input_format=mxfp6_e3m2	7	ok	1.43	-1.20	
mxfpmac	block_elems=32;num_blocks=1;input_format=mxfp6_e3m2	16	ok	2.79	-2.57	
mxfpmac	block_elems=32;num_blocks=1;input_format=mxfp6_e3m2	5	ok	1.30	-1.07	
mxfpmac	block_elems=32;num_blocks=1;input_format=mxfp6_e3m2	10	ok	1.65	-1.42	
mxfpmac	block_elems=32;num_blocks=4;input_format=mxfp8_e4m3	7	ok	1.51	-1.28	
mxfpmac	block_elems=32;num_blocks=2;input_format=mxfp6_e3m2	20	ok	4.25	-4.04	
mxfpmac	block_elems=32;num_blocks=4;input_format=mxfp8_e4m3	10	ok	1.92	-1.69	
mxfpmac	block_elems=32;num_blocks=2;input_format=mxfp6_e3m2	16	ok	2.95	-2.73	
mxfpmac	block_elems=32;num_blocks=1;input_format=mxfp6_e2m3	7	ok	1.30	-1.07	
mxfpmac	block_elems=32;num_blocks=2;input_format=mxfp6_e3m2	5	ok	1.39	-1.16	
mxfpmac	block_elems=32;num_blocks=2;input_format=mxfp6_e3m2	10	ok	1.80	-1.56	
mxfpmac	block_elems=32;num_blocks=4;input_format=mxfp8_e4m3	16	ok	3.19	-2.96	
mxfpmac	block_elems=32;num_blocks=4;input_format=mxfp8_e4m3	20	ok	4.58	-4.36	
mxfpmac	block_elems=32;num_blocks=4;input_format=mxfp8_e4m3	5	ok	1.50	-1.27	
mxfpmac	block_elems=32;num_blocks=1;input_format=mxfp6_e2m3	10	ok	1.62	-1.39	
mxfpmac	block_elems=32;num_blocks=1;input_format=mxfp6_e2m3	16	ok	2.72	-2.50	
mxfpmac	block_elems=32;num_blocks=2;input_format=mxfp6_e2m3	7	ok	1.39	-1.16	
mxfpmac	block_elems=32;num_blocks=1;input_format=mxfp6_e2m3	20	ok	3.86	-3.65	
mxfpmac	block_elems=32;num_blocks=1;input_format=mxfp6_e2m3	5	ok	1.29	-1.06	
mxfpmac	block_elems=32;num_blocks=4;input_format=mxfp6_e3m2	7	ok	1.52	-1.28	
mxfpmac	block_elems=32;num_blocks=2;input_format=mxfp6_e2m3	10	ok	1.75	-1.51	
mxfpmac	block_elems=32;num_blocks=2;input_format=mxfp6_e2m3	16	ok	2.91	-2.69	
mxfpmac	block_elems=32;num_blocks=1;input_format=mxfp4_e2m1	7	ok	1.27	-1.04	
mxfpmac	block_elems=32;num_blocks=4;input_format=mxfp6_e3m2	20	ok	4.57	-4.35	
mxfpmac	block_elems=32;num_blocks=2;input_format=mxfp6_e2m3	20	ok	4.18	-3.96	
mxfpmac	block_elems=32;num_blocks=2;input_format=mxfp6_e2m3	5	ok	1.38	-1.15	
mxfpmac	block_elems=32;num_blocks=4;input_format=mxfp6_e3m2	10	ok	1.91	-1.68	
mxfpmac	block_elems=32;num_blocks=4;input_format=mxfp6_e3m2	16	ok	3.18	-2.96	
mxfpmac	block_elems=32;num_blocks=1;input_format=mxfp4_e2m1	20	ok	3.78	-3.57	
mxfpmac	block_elems=32;num_blocks=4;input_format=mxfp6_e3m2	5	ok	1.49	-1.26	
mxfpmac	block_elems=32;num_blocks=2;input_format=mxfp4_e2m1	7	ok	1.36	-1.13	
mxfpmac	block_elems=32;num_blocks=1;input_format=mxfp4_e2m1	10	ok	1.60	-1.37	
mxfpmac	block_elems=32;num_blocks=1;input_format=mxfp4_e2m1	16	ok	2.67	-2.45	
mxfpmac	block_elems=32;num_blocks=1;input_format=mxfp4_e2m1	5	ok	1.25	-1.02	
mxfpmac	block_elems=32;num_blocks=4;input_format=mxfp6_e2m3	7	ok	1.48	-1.24	
mxfpmac	block_elems=32;num_blocks=2;input_format=mxfp4_e2m1	20	ok	4.03	-3.82	
mxfpmac	block_elems=32;num_blocks=1;input_format=mxint8	7	ok	1.25	-1.01	
mxfpmac	block_elems=32;num_blocks=4;input_format=mxfp6_e2m3	10	ok	1.88	-1.64	
mxfpmac	block_elems=32;num_blocks=2;input_format=mxfp4_e2m1	16	ok	2.91	-2.69	
mxfpmac	block_elems=32;num_blocks=4;input_format=mxfp6_e2m3	16	ok	3.09	-2.86	
mxfpmac	block_elems=32;num_blocks=2;input_format=mxfp4_e2m1	10	ok	1.71	-1.48	
mxfpmac	block_elems=32;num_blocks=2;input_format=mxfp4_e2m1	5	ok	1.34	-1.11	
mxfpmac	block_elems=32;num_blocks=1;input_format=mxint8	16	ok	2.64	-2.41	
mxfpmac	block_elems=32;num_blocks=4;input_format=mxfp6_e2m3	20	ok	4.49	-4.28	
mxfpmac	block_elems=32;num_blocks=1;input_format=mxint8	10	ok	1.57	-1.34	
mxfpmac	block_elems=32;num_blocks=2;input_format=mxint8	7	ok	1.36	-1.13	
mxfpmac	block_elems=32;num_blocks=4;input_format=mxfp4_e2m1	7	ok	1.46	-1.23	
mxfpmac	block_elems=32;num_blocks=1;input_format=mxint8	20	ok	3.69	-3.48	
mxfpmac	block_elems=32;num_blocks=4;input_format=mxfp6_e2m3	5	ok	1.47	-1.23	
mxfpmac	block_elems=8;num_blocks=2;input_format=mxfp8_e5m2	7	ok	1.25	-1.02	
mxfpmac	block_elems=32;num_blocks=2;input_format=mxint8	10	ok	1.71	-1.47	
mxfpmac	block_elems=32;num_blocks=2;input_format=mxint8	16	ok	2.80	-2.58	
mxfpmac	block_elems=32;num_blocks=1;input_format=mxint8	5	ok	1.21	-0.98	
mxfpmac	block_elems=16;num_blocks=2;input_format=mxfp8_e5m2	7	ok	1.35	-1.12	
mxfpmac	block_elems=32;num_blocks=4;input_format=mxfp4_e2m1	20	ok	4.39	-4.18	
mxfpmac	block_elems=32;num_blocks=2;input_format=mxint8	20	ok	3.98	-3.76	
mxfpmac	block_elems=8;num_blocks=2;input_format=mxfp8_e5m2	20	ok	3.68	-3.46	
mxfpmac	block_elems=32;num_blocks=4;input_format=mxfp4_e2m1	10	ok	1.85	-1.62	
mxfpmac	block_elems=32;num_blocks=4;input_format=mxfp4_e2m1	5	ok	1.44	-1.21	
mxfpmac	block_elems=32;num_blocks=4;input_format=mxfp4_e2m1	16	ok	3.08	-2.86	
mxfpmac	block_elems=32;num_blocks=2;input_format=mxint8	5	ok	1.31	-1.08	
mxfpmac	block_elems=8;num_blocks=2;input_format=mxfp8_e5m2	10	ok	1.56	-1.33	
mxfpmac	block_elems=16;num_blocks=2;input_format=mxfp8_e5m2	20	ok	4.06	-3.85	
mxfpmac	block_elems=8;num_blocks=2;input_format=mxfp8_e5m2	16	ok	2.69	-2.46	
mxfpmac	block_elems=8;num_blocks=2;input_format=mxfp8_e5m2	5	ok	1.26	-1.03	
mxfpmac	block_elems=32;num_blocks=4;input_format=mxint8	7	ok	1.45	-1.21	
mxfpmac	block_elems=16;num_blocks=2;input_format=mxfp8_e5m2	16	ok	2.87	-2.65	
mxfpmac	block_elems=16;num_blocks=2;input_format=mxfp8_e5m2	10	ok	1.70	-1.46	
mxfpmac	block_elems=8;num_blocks=2;input_format=mxfp8_e4m3	7	ok	1.24	-1.00	
mxfpmac	block_elems=16;num_blocks=2;input_format=mxfp8_e5m2	5	ok	1.34	-1.11	
mxfpmac	block_elems=32;num_blocks=4;input_format=mxint8	10	ok	1.80	-1.57	
mxfpmac	block_elems=32;num_blocks=4;input_format=mxint8	20	ok	4.30	-4.09	
mxfpmac	block_elems=16;num_blocks=2;input_format=mxfp8_e4m3	7	ok	1.34	-1.10	
mxfpmac	block_elems=8;num_blocks=2;input_format=mxfp8_e4m3	10	ok	1.55	-1.31	
mxfpmac	block_elems=8;num_blocks=2;input_format=mxfp8_e4m3	20	ok	3.66	-3.44	
mxfpmac	block_elems=32;num_blocks=4;input_format=mxint8	16	ok	3.00	-2.78	
mxfpmac	block_elems=64;num_blocks=2;input_format=mxfp8_e5m2	7	ok	1.53	-1.29	
mxfpmac	block_elems=8;num_blocks=2;input_format=mxfp8_e4m3	16	ok	2.60	-2.38	
mxfpmac	block_elems=8;num_blocks=2;input_format=mxfp6_e3m2	7	ok	1.24	-1.00	
mxfpmac	block_elems=16;num_blocks=2;input_format=mxfp8_e4m3	10	ok	1.67	-1.44	
mxfpmac	block_elems=16;num_blocks=2;input_format=mxfp8_e4m3	20	ok	3.92	-3.71	
mxfpmac	block_elems=16;num_blocks=2;input_format=mxfp8_e4m3	16	ok	2.78	-2.56	
mxfpmac	block_elems=16;num_blocks=2;input_format=mxfp6_e3m2	7	ok	1.33	-1.10	
mxfpmac	block_elems=32;num_blocks=4;input_format=mxint8	5	ok	1.41	-1.18	
mxfpmac	block_elems=8;num_blocks=2;input_format=mxfp8_e4m3	5	ok	1.24	-1.00	
mxfpmac	block_elems=64;num_blocks=2;input_format=mxfp8_e5m2	20	ok	4.60	-4.39	
mxfpmac	block_elems=16;num_blocks=2;input_format=mxfp8_e4m3	5	ok	1.33	-1.10	
mxfpmac	block_elems=8;num_blocks=2;input_format=mxfp6_e3m2	20	ok	3.69	-3.48	
mxfpmac	block_elems=64;num_blocks=2;input_format=mxfp8_e5m2	10	ok	1.96	-1.73	
mxfpmac	block_elems=16;num_blocks=2;input_format=mxfp6_e3m2	20	ok	3.91	-3.70	
mxfpmac	block_elems=64;num_blocks=2;input_format=mxfp8_e5m2	5	ok	1.52	-1.29	
mxfpmac	block_elems=64;num_blocks=2;input_format=mxfp8_e4m3	7	ok	1.51	-1.28	
mxfpmac	block_elems=8;num_blocks=2;input_format=mxfp6_e3m2	10	ok	1.53	-1.29	
mxfpmac	block_elems=8;num_blocks=2;input_format=mxfp6_e3m2	5	ok	1.22	-0.98	
mxfpmac	block_elems=8;num_blocks=2;input_format=mxfp6_e2m3	7	ok	1.19	-0.96	
mxfpmac	block_elems=64;num_blocks=2;input_format=mxfp8_e5m2	16	ok	3.26	-3.04	
mxfpmac	block_elems=8;num_blocks=2;input_format=mxfp6_e3m2	16	ok	2.59	-2.37	
mxfpmac	block_elems=16;num_blocks=2;input_format=mxfp6_e3m2	10	ok	1.66	-1.42	
mxfpmac	block_elems=64;num_blocks=2;input_format=mxfp8_e4m3	10	ok	1.92	-1.68	
mxfpmac	block_elems=16;num_blocks=2;input_format=mxfp6_e2m3	7	ok	1.29	-1.06	
mxfpmac	block_elems=16;num_blocks=2;input_format=mxfp6_e3m2	5	ok	1.30	-1.07	
mxfpmac	block_elems=64;num_blocks=2;input_format=mxfp8_e4m3	20	ok	4.57	-4.36	
mxfpmac	block_elems=8;num_blocks=2;input_format=mxfp6_e2m3	10	ok	1.49	-1.26	
mxfpmac	block_elems=16;num_blocks=2;input_format=mxfp6_e3m2	16	ok	2.79	-2.56	
mxfpmac	block_elems=8;num_blocks=2;input_format=mxfp6_e2m3	20	ok	3.50	-3.29	
mxfpmac	block_elems=64;num_blocks=2;input_format=mxfp6_e3m2	7	ok	1.51	-1.27	
mxfpmac	block_elems=64;num_blocks=2;input_format=mxfp8_e4m3	16	ok	3.17	-2.95	
mxfpmac	block_elems=8;num_blocks=2;input_format=mxfp4_e2m1	7	ok	1.17	-0.93	
mxfpmac	block_elems=8;num_blocks=2;input_format=mxfp6_e2m3	16	ok	2.53	-2.31	
mxfpmac	block_elems=16;num_blocks=2;input_format=mxfp6_e2m3	10	ok	1.61	-1.38	
mxfpmac	block_elems=16;num_blocks=2;input_format=mxfp6_e2m3	20	ok	3.83	-3.62	
mxfpmac	block_elems=16;num_blocks=2;input_format=mxfp4_e2m1	7	ok	1.28	-1.05	
mxfpmac	block_elems=16;num_blocks=2;input_format=mxfp6_e2m3	16	ok	2.69	-2.47	
mxfpmac	block_elems=64;num_blocks=2;input_format=mxfp8_e4m3	5	ok	1.49	-1.25	
mxfpmac	block_elems=8;num_blocks=2;input_format=mxfp6_e2m3	5	ok	1.18	-0.95	
mxfpmac	block_elems=16;num_blocks=2;input_format=mxfp6_e2m3	5	ok	1.31	-1.08	
mxfpmac	block_elems=64;num_blocks=2;input_format=mxfp6_e3m2	20	ok	4.53	-4.30	
mxfpmac	block_elems=8;num_blocks=2;input_format=mxfp4_e2m1	20	ok	3.52	-3.29	
mxfpmac	block_elems=64;num_blocks=2;input_format=mxfp6_e3m2	10	ok	1.91	-1.67	
mxfpmac	block_elems=64;num_blocks=2;input_format=mxfp6_e2m3	7	ok	1.48	-1.24	
mxfpmac	block_elems=64;num_blocks=2;input_format=mxfp6_e3m2	16	ok	3.18	-2.96	
mxfpmac	block_elems=8;num_blocks=2;input_format=mxfp4_e2m1	10	ok	1.45	-1.21	
mxfpmac	block_elems=8;num_blocks=2;input_format=mxint8	7	ok	1.14	-0.91	
mxfpmac	block_elems=16;num_blocks=2;input_format=mxfp4_e2m1	20	ok	3.81	-3.58	
mxfpmac	block_elems=8;num_blocks=2;input_format=mxfp4_e2m1	16	ok	2.46	-2.24	
mxfpmac	block_elems=16;num_blocks=2;input_format=mxfp4_e2m1	10	ok	1.59	-1.36	
mxfpmac	block_elems=16;num_blocks=2;input_format=mxint8	7	ok	1.23	-1.00	
mxfpmac	block_elems=16;num_blocks=2;input_format=mxfp4_e2m1	16	ok	2.69	-2.47	
mxfpmac	block_elems=64;num_blocks=2;input_format=mxfp6_e3m2	5	ok	1.48	-1.24	
mxfpmac	block_elems=64;num_blocks=2;input_format=mxfp6_e2m3	16	ok	3.13	-2.91	
mxfpmac	block_elems=64;num_blocks=2;input_format=mxfp4_e2m1	7	ok	1.47	-1.24	
mxfpmac	block_elems=64;num_blocks=2;input_format=mxfp6_e2m3	10	ok	1.88	-1.64	
mxfpmac	block_elems=8;num_blocks=2;input_format=mxint8	16	ok	2.36	-2.13	
mxfpmac	block_elems=8;num_blocks=2;input_format=mxfp4_e2m1	5	ok	1.16	-0.93	
mxfpmac	block_elems=8;num_blocks=2;input_format=mxint8	10	ok	1.41	-1.18	
mxfpmac	block_elems=16;num_blocks=2;input_format=mxint8	16	ok	2.58	-2.35	
mxfpmac	block_elems=16;num_blocks=2;input_format=mxint8	10	ok	1.55	-1.32	
mxfpmac	block_elems=64;num_blocks=2;input_format=mxfp6_e2m3	20	ok	4.48	-4.25	
mxfpmac	block_elems=16;num_blocks=2;input_format=mxfp4_e2m1	5	ok	1.26	-1.03	
mxfpmac	block_elems=8;num_blocks=2;input_format=mxint8	20	ok	3.35	-3.13	
mxfpmac	block_elems=16;num_blocks=2;input_format=mxint8	20	ok	3.62	-3.41	
mxfpmac	block_elems=64;num_blocks=2;input_format=mxfp6_e2m3	5	ok	1.48	-1.25	
mxfpmac	block_elems=8;num_blocks=2;input_format=mxint8	5	ok	1.11	-0.88	
mxfpmac	block_elems=64;num_blocks=2;input_format=mxfp4_e2m1	20	ok	4.49	-4.28	
mxfpmac	block_elems=64;num_blocks=2;input_format=mxfp4_e2m1	16	ok	3.08	-2.86	
mxfpmac	block_elems=64;num_blocks=2;input_format=mxint8	7	ok	1.44	-1.20	
mxfpmac	block_elems=64;num_blocks=2;input_format=mxfp4_e2m1	10	ok	1.85	-1.61	
mxfpmac	block_elems=16;num_blocks=2;input_format=mxint8	5	ok	1.21	-0.97	
mxfpmac	block_elems=32;num_blocks=1;input_format=bf16	7	ok	1.21	-0.98	
mxfpmac	block_elems=64;num_blocks=2;input_format=mxint8	10	ok	1.84	-1.61	
mxfpmac	block_elems=64;num_blocks=2;input_format=mxint8	16	ok	3.00	-2.78	
mxfpmac	block_elems=32;num_blocks=1;input_format=bf16	10	ok	1.52	-1.29	
mxfpmac	block_elems=32;num_blocks=2;input_format=bf16	7	ok	1.32	-1.09	
mxfpmac	block_elems=32;num_blocks=1;input_format=bf16	16	ok	2.58	-2.36	
mxfpmac	block_elems=64;num_blocks=2;input_format=mxfp4_e2m1	5	ok	1.44	-1.21	
regfile	width=8;depth=1;num_read_ports=1;num_write_ports=1	7	ok	0.12	0.10	
regfile	width=8;depth=4;num_read_ports=1;num_write_ports=1	7	ok	0.15	0.08	
regfile	width=8;depth=8;num_read_ports=1;num_write_ports=1	7	ok	0.18	0.04	
regfile	width=8;depth=16;num_read_ports=1;num_write_ports=1	7	ok	0.22	0.03	
regfile	width=8;depth=32;num_read_ports=1;num_write_ports=1	7	ok	0.25	0.00	
regfile	width=8;depth=64;num_read_ports=1;num_write_ports=1	7	ok	0.22	0.01	
mxfpmac	block_elems=64;num_blocks=2;input_format=mxint8	20	ok	4.29	-4.08	
regfile	width=8;depth=128;num_read_ports=1;num_write_ports=1	7	ok	0.23	0.00	
regfile	width=8;depth=256;num_read_ports=1;num_write_ports=1	7	ok	0.25	0.00	
regfile	width=16;depth=1;num_read_ports=1;num_write_ports=1	7	ok	0.21	0.02	
regfile	width=16;depth=4;num_read_ports=1;num_write_ports=1	7	ok	0.20	0.03	
regfile	width=16;depth=8;num_read_ports=1;num_write_ports=1	7	ok	0.23	0.00	
regfile	width=16;depth=16;num_read_ports=1;num_write_ports=1	7	ok	0.23	0.00	
regfile	width=16;depth=32;num_read_ports=1;num_write_ports=1	7	ok	0.23	0.00	
regfile	width=16;depth=64;num_read_ports=1;num_write_ports=1	7	ok	0.23	0.00	
regfile	width=16;depth=128;num_read_ports=1;num_write_ports=1	7	ok	0.23	0.00	
mxfpmac	block_elems=32;num_blocks=1;input_format=bf16	20	ok	3.64	-3.43	
regfile	width=16;depth=256;num_read_ports=1;num_write_ports=1	7	ok	0.25	0.00	
regfile	width=32;depth=1;num_read_ports=1;num_write_ports=1	7	ok	0.21	0.02	
regfile	width=32;depth=4;num_read_ports=1;num_write_ports=1	7	ok	0.22	0.01	
regfile	width=32;depth=8;num_read_ports=1;num_write_ports=1	7	ok	0.25	0.00	
mxfpmac	block_elems=32;num_blocks=2;input_format=bf16	10	ok	1.66	-1.42	
regfile	width=32;depth=16;num_read_ports=1;num_write_ports=1	7	ok	0.25	0.00	
regfile	width=8;depth=1;num_read_ports=1;num_write_ports=1	10	ok	0.15	0.08	
regfile	width=32;depth=32;num_read_ports=1;num_write_ports=1	7	ok	0.25	0.00	
regfile	width=8;depth=4;num_read_ports=1;num_write_ports=1	10	ok	0.18	0.05	
mxfpmac	block_elems=32;num_blocks=2;input_format=bf16	16	ok	2.77	-2.54	
regfile	width=8;depth=8;num_read_ports=1;num_write_ports=1	10	ok	0.21	0.02	
regfile	width=32;depth=64;num_read_ports=1;num_write_ports=1	7	ok	0.24	0.00	
regfile	width=8;depth=1;num_read_ports=1;num_write_ports=1	16	ok	0.20	0.02	
regfile	width=8;depth=16;num_read_ports=1;num_write_ports=1	10	ok	0.25	0.00	
regfile	width=8;depth=4;num_read_ports=1;num_write_ports=1	16	ok	0.20	0.01	
regfile	width=8;depth=32;num_read_ports=1;num_write_ports=1	10	ok	0.23	0.00	
regfile	width=8;depth=8;num_read_ports=1;num_write_ports=1	16	ok	0.25	0.00	
regfile	width=32;depth=128;num_read_ports=1;num_write_ports=1	7	ok	0.25	0.00	
regfile	width=8;depth=64;num_read_ports=1;num_write_ports=1	10	ok	0.24	0.00	
regfile	width=8;depth=16;num_read_ports=1;num_write_ports=1	16	ok	0.22	0.00	
regfile	width=8;depth=128;num_read_ports=1;num_write_ports=1	10	ok	0.23	0.00	
regfile	width=8;depth=32;num_read_ports=1;num_write_ports=1	16	ok	0.25	0.00	
regfile	width=8;depth=64;num_read_ports=1;num_write_ports=1	16	ok	0.23	-0.01	
regfile	width=8;depth=256;num_read_ports=1;num_write_ports=1	10	ok	0.25	0.00	
regfile	width=32;depth=256;num_read_ports=1;num_write_ports=1	7	ok	0.25	0.00	
mxfpmac	block_elems=64;num_blocks=2;input_format=mxint8	5	ok	1.42	-1.19	
regfile	width=16;depth=1;num_read_ports=1;num_write_ports=1	10	ok	0.18	0.05	
regfile	width=64;depth=1;num_read_ports=1;num_write_ports=1	7	ok	0.22	0.01	
regfile	width=8;depth=128;num_read_ports=1;num_write_ports=1	16	ok	0.32	-0.07	
regfile	width=16;depth=4;num_read_ports=1;num_write_ports=1	10	ok	0.23	0.01	
regfile	width=64;depth=4;num_read_ports=1;num_write_ports=1	7	ok	0.23	0.00	
regfile	width=16;depth=8;num_read_ports=1;num_write_ports=1	10	ok	0.23	0.01	
regfile	width=8;depth=256;num_read_ports=1;num_write_ports=1	16	ok	0.38	-0.13	
regfile	width=64;depth=8;num_read_ports=1;num_write_ports=1	7	ok	0.25	0.00	
regfile	width=16;depth=16;num_read_ports=1;num_write_ports=1	10	ok	0.25	0.00	
regfile	width=16;depth=1;num_read_ports=1;num_write_ports=1	16	ok	0.21	0.00	
regfile	width=64;depth=16;num_read_ports=1;num_write_ports=1	7	ok	0.25	0.00	
regfile	width=16;depth=32;num_read_ports=1;num_write_ports=1	10	ok	0.25	0.00	
regfile	width=16;depth=4;num_read_ports=1;num_write_ports=1	16	ok	0.25	0.00	
regfile	width=16;depth=64;num_read_ports=1;num_write_ports=1	10	ok	0.25	0.00	
regfile	width=16;depth=8;num_read_ports=1;num_write_ports=1	16	ok	0.25	0.00	
regfile	width=64;depth=32;num_read_ports=1;num_write_ports=1	7	ok	0.25	0.00	
regfile	width=16;depth=16;num_read_ports=1;num_write_ports=1	16	ok	0.25	0.00	
regfile	width=16;depth=128;num_read_ports=1;num_write_ports=1	10	ok	0.25	0.00	
regfile	width=16;depth=32;num_read_ports=1;num_write_ports=1	16	ok	0.22	0.00	
regfile	width=64;depth=64;num_read_ports=1;num_write_ports=1	7	ok	0.25	0.00	
mxfpmac	block_elems=32;num_blocks=2;input_format=bf16	20	ok	3.97	-3.74	
regfile	width=16;depth=64;num_read_ports=1;num_write_ports=1	16	ok	0.28	-0.03	
regfile	width=16;depth=256;num_read_ports=1;num_write_ports=1	10	ok	0.25	0.00	
regfile	width=8;depth=1;num_read_ports=1;num_write_ports=1	20	ok	0.19	0.02	
regfile	width=32;depth=1;num_read_ports=1;num_write_ports=1	10	ok	0.14	0.10	
regfile	width=8;depth=4;num_read_ports=1;num_write_ports=1	20	ok	0.21	0.00	
regfile	width=16;depth=128;num_read_ports=1;num_write_ports=1	16	ok	0.35	-0.10	
regfile	width=64;depth=128;num_read_ports=1;num_write_ports=1	7	ok	0.25	0.00	
regfile	width=32;depth=4;num_read_ports=1;num_write_ports=1	10	ok	0.21	0.02	
regfile	width=8;depth=8;num_read_ports=1;num_write_ports=1	20	ok	0.31	-0.01	
regfile	width=32;depth=8;num_read_ports=1;num_write_ports=1	10	ok	0.25	0.00	
mxfpmac	block_elems=32;num_blocks=1;input_format=bf16	5	ok	1.21	-0.98	
regfile	width=8;depth=16;num_read_ports=1;num_write_ports=1	20	ok	0.34	-0.04	
regfile	width=32;depth=16;num_read_ports=1;num_write_ports=1	10	ok	0.25	0.00	
regfile	width=8;depth=32;num_read_ports=1;num_write_ports=1	20	ok	0.39	-0.09	
regfile	width=16;depth=256;num_read_ports=1;num_write_ports=1	16	ok	0.40	-0.15	
regfile	width=32;depth=32;num_read_ports=1;num_write_ports=1	10	ok	0.25	0.00	
regfile	width=8;depth=64;num_read_ports=1;num_write_ports=1	20	ok	0.44	-0.14	
regfile	width=32;depth=1;num_read_ports=1;num_write_ports=1	16	ok	0.20	0.02	
regfile	width=32;depth=64;num_read_ports=1;num_write_ports=1	10	ok	0.25	0.00	
regfile	width=32;depth=4;num_read_ports=1;num_write_ports=1	16	ok	0.22	0.00	
regfile	width=8;depth=128;num_read_ports=1;num_write_ports=1	20	ok	0.44	-0.19	
regfile	width=32;depth=8;num_read_ports=1;num_write_ports=1	16	ok	0.22	0.00	
regfile	width=32;depth=16;num_read_ports=1;num_write_ports=1	16	ok	0.22	0.00	
regfile	width=32;depth=128;num_read_ports=1;num_write_ports=1	10	ok	0.25	0.00	
regfile	width=64;depth=256;num_read_ports=1;num_write_ports=1	7	ok	0.25	0.00	
regfile	width=8;depth=256;num_read_ports=1;num_write_ports=1	20	ok	0.48	-0.23	
regfile	width=16;depth=1;num_read_ports=1;num_write_ports=1	20	ok	0.21	0.01	
regfile	width=32;depth=32;num_read_ports=1;num_write_ports=1	16	ok	0.26	-0.01	
regfile	width=32;depth=64;num_read_ports=2;num_write_ports=1	7	ok	0.24	0.00	
regfile	width=16;depth=4;num_read_ports=1;num_write_ports=1	20	ok	0.22	0.00	
regfile	width=16;depth=8;num_read_ports=1;num_write_ports=1	20	ok	0.22	0.00	
regfile	width=32;depth=64;num_read_ports=1;num_write_ports=1	16	ok	0.32	-0.07	
regfile	width=16;depth=16;num_read_ports=1;num_write_ports=1	20	ok	0.29	-0.07	
regfile	width=32;depth=128;num_read_ports=2;num_write_ports=1	7	ok	0.24	0.00	
regfile	width=32;depth=256;num_read_ports=1;num_write_ports=1	10	ok	0.25	0.00	
regfile	width=16;depth=32;num_read_ports=1;num_write_ports=1	20	ok	0.35	-0.10	
regfile	width=64;depth=1;num_read_ports=1;num_write_ports=1	10	ok	0.23	0.01	
regfile	width=64;depth=4;num_read_ports=1;num_write_ports=1	10	ok	0.25	0.00	
regfile	width=16;depth=64;num_read_ports=1;num_write_ports=1	20	ok	0.41	-0.16	
regfile	width=32;depth=128;num_read_ports=1;num_write_ports=1	16	ok	0.38	-0.13	
regfile	width=64;depth=64;num_read_ports=2;num_write_ports=1	7	ok	0.23	0.00	
regfile	width=64;depth=8;num_read_ports=1;num_write_ports=1	10	ok	0.23	0.00	
regfile	width=64;depth=16;num_read_ports=1;num_write_ports=1	10	ok	0.23	0.00	
regfile	width=32;depth=64;num_read_ports=2;num_write_ports=2	7	ok	0.24	0.00	
regfile	width=16;depth=128;num_read_ports=1;num_write_ports=1	20	ok	0.47	-0.22	
regfile	width=64;depth=32;num_read_ports=1;num_write_ports=1	10	ok	0.24	0.00	
regfile	width=32;depth=256;num_read_ports=1;num_write_ports=1	16	ok	0.44	-0.19	
regfile	width=64;depth=1;num_read_ports=1;num_write_ports=1	16	ok	0.22	0.00	
regfile	width=32;depth=128;num_read_ports=2;num_write_ports=2	7	ok	0.24	0.00	
regfile	width=64;depth=64;num_read_ports=1;num_write_ports=1	10	ok	0.25	0.00	
regfile	width=16;depth=256;num_read_ports=1;num_write_ports=1	20	ok	0.51	-0.26	
regfile	width=64;depth=4;num_read_ports=1;num_write_ports=1	16	ok	0.25	0.00	
regfile	width=32;depth=1;num_read_ports=1;num_write_ports=1	20	ok	0.21	0.00	
regfile	width=64;depth=8;num_read_ports=1;num_write_ports=1	16	ok	0.22	0.00	
regfile	width=32;depth=4;num_read_ports=1;num_write_ports=1	20	ok	0.22	-0.01	
regfile	width=64;depth=16;num_read_ports=1;num_write_ports=1	16	ok	0.23	-0.01	
regfile	width=64;depth=64;num_read_ports=2;num_write_ports=2	7	ok	0.23	0.00	
regfile	width=32;depth=8;num_read_ports=1;num_write_ports=1	20	ok	0.29	-0.04	
regfile	width=64;depth=128;num_read_ports=1;num_write_ports=1	10	ok	0.25	0.00	
mxfpmac	block_elems=32;num_blocks=2;input_format=bf16	5	ok	1.31	-1.08	
regfile	width=32;depth=16;num_read_ports=1;num_write_ports=1	20	ok	0.37	-0.07	
regfile	width=8;depth=1;num_read_ports=1;num_write_ports=1	5	ok	0.12	0.11	
regfile	width=64;depth=32;num_read_ports=1;num_write_ports=1	16	ok	0.26	-0.04	
regfile	width=32;depth=64;num_read_ports=4;num_write_ports=2	7	ok	0.25	0.00	
regfile	width=8;depth=4;num_read_ports=1;num_write_ports=1	5	ok	0.14	0.09	
regfile	width=32;depth=32;num_read_ports=1;num_write_ports=1	20	ok	0.34	-0.12	
regfile	width=8;depth=8;num_read_ports=1;num_write_ports=1	5	ok	0.18	0.05	
regfile	width=8;depth=16;num_read_ports=1;num_write_ports=1	5	ok	0.22	0.03	
regfile	width=64;depth=64;num_read_ports=1;num_write_ports=1	16	ok	0.30	-0.08	
regfile	width=32;depth=64;num_read_ports=1;num_write_ports=1	20	ok	0.42	-0.17	
regfile	width=8;depth=32;num_read_ports=1;num_write_ports=1	5	ok	0.25	0.00	
regfile	width=32;depth=128;num_read_ports=4;num_write_ports=2	7	ok	0.25	0.00	
regfile	width=8;depth=64;num_read_ports=1;num_write_ports=1	5	ok	0.23	0.00	
regfile	width=8;depth=128;num_read_ports=1;num_write_ports=1	5	ok	0.25	0.00	
regfile	width=64;depth=256;num_read_ports=1;num_write_ports=1	10	ok	0.27	-0.02	
regfile	width=32;depth=128;num_read_ports=1;num_write_ports=1	20	ok	0.50	-0.25	
regfile	width=8;depth=256;num_read_ports=1;num_write_ports=1	5	ok	0.25	0.00	
regfile	width=64;depth=128;num_read_ports=1;num_write_ports=1	16	ok	0.40	-0.15	
regfile	width=32;depth=64;num_read_ports=2;num_write_ports=1	10	ok	0.25	0.00	
regfile	width=16;depth=1;num_read_ports=1;num_write_ports=1	5	ok	0.20	0.03	
regfile	width=64;depth=64;num_read_ports=4;num_write_ports=2	7	ok	0.25	0.00	
regfile	width=16;depth=4;num_read_ports=1;num_write_ports=1	5	ok	0.20	0.03	
regfile	width=16;depth=8;num_read_ports=1;num_write_ports=1	5	ok	0.23	0.00	
regfile	width=32;depth=128;num_read_ports=2;num_write_ports=1	10	ok	0.25	0.00	
regfile	width=16;depth=16;num_read_ports=1;num_write_ports=1	5	ok	0.23	0.00	
regfile	width=32;depth=256;num_read_ports=1;num_write_ports=1	20	ok	0.58	-0.33	
regfile	width=16;depth=32;num_read_ports=1;num_write_ports=1	5	ok	0.23	0.00	
regfile	width=64;depth=1;num_read_ports=1;num_write_ports=1	20	ok	0.21	0.00	
regfile	width=32;depth=64;num_read_ports=4;num_write_ports=4	7	ok	0.24	0.00	
regfile	width=16;depth=64;num_read_ports=1;num_write_ports=1	5	ok	0.25	0.00	
regfile	width=64;depth=4;num_read_ports=1;num_write_ports=1	20	ok	0.25	-0.03	
regfile	width=64;depth=64;num_read_ports=2;num_write_ports=1	10	ok	0.23	0.00	
regfile	width=64;depth=8;num_read_ports=1;num_write_ports=1	20	ok	0.26	-0.04	
regfile	width=16;depth=128;num_read_ports=1;num_write_ports=1	5	ok	0.23	0.00	
regfile	width=32;depth=64;num_read_ports=2;num_write_ports=2	10	ok	0.23	0.00	
regfile	width=64;depth=256;num_read_ports=1;num_write_ports=1	16	ok	0.47	-0.22	
regfile	width=64;depth=16;num_read_ports=1;num_write_ports=1	20	ok	0.35	-0.13	
regfile	width=16;depth=256;num_read_ports=1;num_write_ports=1	5	ok	0.23	0.00	
regfile	width=32;depth=1;num_read_ports=1;num_write_ports=1	5	ok	0.17	0.06	
regfile	width=64;depth=32;num_read_ports=1;num_write_ports=1	20	ok	0.36	-0.15	
regfile	width=32;depth=64;num_read_ports=2;num_write_ports=1	16	ok	0.31	-0.06	
regfile	width=32;depth=4;num_read_ports=1;num_write_ports=1	5	ok	0.21	0.04	
regfile	width=32;depth=128;num_read_ports=2;num_write_ports=2	10	ok	0.25	0.00	
regfile	width=32;depth=8;num_read_ports=1;num_write_ports=1	5	ok	0.25	0.00	
regfile	width=32;depth=128;num_read_ports=4;num_write_ports=4	7	ok	0.23	0.00	
regfile	width=32;depth=16;num_read_ports=1;num_write_ports=1	5	ok	0.25	0.00	
regfile	width=64;depth=64;num_read_ports=1;num_write_ports=1	20	ok	0.44	-0.19	
regfile	width=32;depth=32;num_read_ports=1;num_write_ports=1	5	ok	0.25	0.00	
regfile	width=32;depth=128;num_read_ports=2;num_write_ports=1	16	ok	0.38	-0.13	
regfile	width=64;depth=64;num_read_ports=2;num_write_ports=2	10	ok	0.23	0.00	
regfile	width=32;depth=64;num_read_ports=1;num_write_ports=1	5	ok	0.25	0.00	
regfile	width=32;depth=64;num_read_ports=4;num_write_ports=2	10	ok	0.23	0.00	
regfile	width=32;depth=128;num_read_ports=1;num_write_ports=1	5	ok	0.25	0.00	
regfile	width=64;depth=64;num_read_ports=2;num_write_ports=1	16	ok	0.34	-0.09	
regfile	width=64;depth=64;num_read_ports=4;num_write_ports=4	7	ok	0.23	0.00	
regfile	width=64;depth=128;num_read_ports=1;num_write_ports=1	20	ok	0.50	-0.25	
regfile	width=32;depth=64;num_read_ports=2;num_write_ports=2	16	ok	0.35	-0.11	
regfile	width=32;depth=256;num_read_ports=1;num_write_ports=1	5	ok	0.23	0.00	
mxfpmac	block_elems=32;num_blocks=8;input_format=mxfp4_e2m1	7	ok	1.56	-1.32	
regfile	width=32;depth=128;num_read_ports=4;num_write_ports=2	10	ok	0.25	0.00	
regfile	width=64;depth=1;num_read_ports=1;num_write_ports=1	5	ok	0.14	0.09	
regfile	width=64;depth=4;num_read_ports=1;num_write_ports=1	5	ok	0.25	0.00	
regfile	width=64;depth=8;num_read_ports=1;num_write_ports=1	5	ok	0.25	0.00	
regfile	width=128;depth=64;num_read_ports=1;num_write_ports=1	7	ok	0.24	0.00	
regfile	width=64;depth=16;num_read_ports=1;num_write_ports=1	5	ok	0.25	0.00	
fifo	width=16;depth=4	7	ok	0.27	0.01	
regfile	width=32;depth=128;num_read_ports=2;num_write_ports=2	16	ok	0.36	-0.14	
regfile	width=64;depth=64;num_read_ports=4;num_write_ports=2	10	ok	0.24	0.00	
regfile	width=64;depth=32;num_read_ports=1;num_write_ports=1	5	ok	0.25	0.00	
regfile	width=32;depth=512;num_read_ports=1;num_write_ports=1	7	ok	0.25	0.00	
fifo	width=16;depth=8	7	ok	0.28	0.00	
fifo	width=16;depth=16	7	ok	0.28	0.00	
fifo	width=16;depth=32	7	ok	0.29	0.00	
regfile	width=64;depth=256;num_read_ports=1;num_write_ports=1	20	ok	0.60	-0.35	
regfile	width=64;depth=64;num_read_ports=1;num_write_ports=1	5	ok	0.25	0.00	
fifo	width=16;depth=64	7	ok	0.28	0.00	
fifo	width=16;depth=128	7	ok	0.29	0.00	
fifo	width=32;depth=4	7	ok	0.28	0.00	
fifo	width=32;depth=8	7	ok	0.29	0.00	
regfile	width=32;depth=64;num_read_ports=4;num_write_ports=4	10	ok	0.23	0.00	
fifo	width=32;depth=16	7	ok	0.28	0.00	
regfile	width=64;depth=64;num_read_ports=2;num_write_ports=2	16	ok	0.37	-0.15	
fifo	width=32;depth=32	7	ok	0.29	0.00	
regfile	width=32;depth=64;num_read_ports=2;num_write_ports=1	20	ok	0.40	-0.15	
regfile	width=64;depth=128;num_read_ports=1;num_write_ports=1	5	ok	0.23	0.00	
fifo	width=32;depth=64	7	ok	0.28	0.00	
fifo	width=64;depth=4	7	ok	0.28	0.00	
fifo	width=32;depth=128	7	ok	0.28	0.00	
regfile	width=32;depth=64;num_read_ports=4;num_write_ports=2	16	ok	0.32	-0.10	
fifo	width=64;depth=8	7	ok	0.29	0.00	
regfile	width=32;depth=128;num_read_ports=2;num_write_ports=1	20	ok	0.51	-0.26	
fifo	width=64;depth=16	7	ok	0.28	0.00	
fifo	width=64;depth=32	7	ok	0.28	0.00	
fifo	width=64;depth=64	7	ok	0.28	0.00	
regfile	width=32;depth=128;num_read_ports=4;num_write_ports=4	10	ok	0.26	-0.03	
fifo	width=128;depth=4	7	ok	0.28	0.00	
regfile	width=64;depth=64;num_read_ports=2;num_write_ports=1	20	ok	0.41	-0.19	
regfile	width=64;depth=256;num_read_ports=1;num_write_ports=1	5	ok	0.25	0.00	
fifo	width=128;depth=8	7	ok	0.28	0.00	
fifo	width=64;depth=128	7	ok	0.29	-0.01	
regfile	width=32;depth=128;num_read_ports=4;num_write_ports=2	16	ok	0.36	-0.14	
regfile	width=32;depth=64;num_read_ports=2;num_write_ports=1	5	ok	0.25	0.00	
fifo	width=128;depth=16	7	ok	0.28	0.00	
regfile	width=32;depth=64;num_read_ports=2;num_write_ports=2	20	ok	0.44	-0.22	
fifo	width=128;depth=32	7	ok	0.29	0.00	
regfile	width=32;depth=128;num_read_ports=2;num_write_ports=1	5	ok	0.25	0.00	
fifo	width=128;depth=64	7	ok	0.29	0.00	
regfile	width=64;depth=64;num_read_ports=4;num_write_ports=4	10	ok	0.25	-0.02	
fifo	width=256;depth=4	7	ok	0.29	0.00	
regfile	width=64;depth=64;num_read_ports=2;num_write_ports=1	5	ok	0.25	0.00	
regfile	width=64;depth=64;num_read_ports=4;num_write_ports=2	16	ok	0.36	-0.14	
fifo	width=256;depth=8	7	ok	0.28	0.00	
regfile	width=32;depth=128;num_read_ports=2;num_write_ports=2	20	ok	0.47	-0.26	
regfile	width=32;depth=64;num_read_ports=2;num_write_ports=2	5	ok	0.23	0.00	
fifo	width=256;depth=16	7	ok	0.28	0.00	
fifo	width=128;depth=128	7	ok	0.30	-0.02	
regfile	width=32;depth=128;num_read_ports=2;num_write_ports=2	5	ok	0.25	0.00	
regfile	width=32;depth=64;num_read_ports=4;num_write_ports=4	16	ok	0.39	-0.17	
fifo	width=256;depth=32	7	ok	0.29	0.00	
regfile	width=64;depth=64;num_read_ports=2;num_write_ports=2	20	ok	0.48	-0.27	
regfile	width=64;depth=64;num_read_ports=2;num_write_ports=2	5	ok	0.25	0.00	
regfile	width=32;depth=512;num_read_ports=1;num_write_ports=1	10	ok	0.25	0.00	
regfile	width=32;depth=64;num_read_ports=4;num_write_ports=2	20	ok	0.44	-0.22	
regfile	width=32;depth=64;num_read_ports=4;num_write_ports=2	5	ok	0.23	0.00	
regfile	width=128;depth=64;num_read_ports=1;num_write_ports=1	10	ok	0.24	0.00	
fifo	width=256;depth=64	7	ok	0.29	-0.01	
fifo	width=16;depth=4	10	ok	0.28	0.00	
regfile	width=32;depth=128;num_read_ports=4;num_write_ports=2	5	ok	0.23	0.00	
regfile	width=32;depth=128;num_read_ports=4;num_write_ports=4	16	ok	0.42	-0.21	
fifo	width=16;depth=8	10	ok	0.28	0.00	
fifo	width=512;depth=8	7	ok	0.29	0.00	
fifo	width=16;depth=16	10	ok	0.28	0.00	
fifo	width=16;depth=32	10	ok	0.29	0.00	
regfile	width=32;depth=128;num_read_ports=4;num_write_ports=2	20	ok	0.51	-0.28	
fifo	width=16;depth=64	10	ok	0.29	0.00	
regfile	width=64;depth=64;num_read_ports=4;num_write_ports=2	5	ok	0.23	0.00	
fifo	width=512;depth=16	7	ok	0.28	0.00	
simplemux	data_width=16;num_inputs=2	7	ok	0.10	0.20	
fifo	width=16;depth=128	10	ok	0.32	-0.03	
simplemux	data_width=16;num_inputs=4	7	ok	0.14	0.16	
fifo	width=32;depth=4	10	ok	0.28	0.00	
simplemux	data_width=16;num_inputs=8	7	ok	0.26	0.04	
fifo	width=32;depth=8	10	ok	0.28	0.00	
simplemux	data_width=16;num_inputs=16	7	ok	0.30	0.00	
regfile	width=32;depth=64;num_read_ports=4;num_write_ports=4	5	ok	0.23	0.00	
simplemux	data_width=32;num_inputs=2	7	ok	0.17	0.13	
fifo	width=32;depth=16	10	ok	0.28	0.00	
regfile	width=64;depth=64;num_read_ports=4;num_write_ports=4	16	ok	0.41	-0.19	
simplemux	data_width=32;num_inputs=4	7	ok	0.21	0.09	
mxfpmac	block_elems=32;num_blocks=8;input_format=mxfp4_e2m1	20	ok	4.71	-4.49	
regfile	width=64;depth=64;num_read_ports=4;num_write_ports=2	20	ok	0.47	-0.25	
simplemux	data_width=32;num_inputs=8	7	ok	0.30	0.00	
fifo	width=32;depth=32	10	ok	0.32	-0.03	
mxfpmac	block_elems=32;num_blocks=8;input_format=mxfp4_e2m1	16	ok	3.31	-3.08	
simplemux	data_width=32;num_inputs=16	7	ok	0.30	0.00	
simplemux	data_width=64;num_inputs=2	7	ok	0.12	0.18	
fifo	width=32;depth=64	10	ok	0.29	-0.01	
simplemux	data_width=64;num_inputs=4	7	ok	0.27	0.03	
simplemux	data_width=64;num_inputs=8	7	ok	0.29	0.01	
fifo	width=256;depth=128	7	ok	0.33	-0.04	
regfile	width=32;depth=128;num_read_ports=4;num_write_ports=4	5	ok	0.25	0.00	
regfile	width=32;depth=64;num_read_ports=4;num_write_ports=4	20	ok	0.51	-0.29	
simplemux	data_width=64;num_inputs=16	7	ok	0.30	0.00	
simplemux	data_width=128;num_inputs=2	7	ok	0.22	0.08	
fifo	width=32;depth=128	10	ok	0.34	-0.05	
regfile	width=128;depth=64;num_read_ports=1;num_write_ports=1	16	ok	0.32	-0.10	
simplemux	data_width=128;num_inputs=4	7	ok	0.28	0.02	
fifo	width=64;depth=4	10	ok	0.28	0.00	
simplemux	data_width=128;num_inputs=8	7	ok	0.29	0.01	
fifo	width=16;depth=4	16	ok	0.34	-0.07	
simplemux	data_width=128;num_inputs=16	7	ok	0.30	0.00	
simplemux	data_width=256;num_inputs=2	7	ok	0.25	0.05	
fifo	width=64;depth=8	10	ok	0.29	0.00	
fifo	width=16;depth=8	16	ok	0.42	-0.15	
simplemux	data_width=256;num_inputs=4	7	ok	0.29	0.01	
simplemux	data_width=256;num_inputs=8	7	ok	0.30	0.00	
regfile	width=32;depth=512;num_read_ports=1;num_write_ports=1	16	ok	0.40	-0.15	
fifo	width=16;depth=16	16	ok	0.42	-0.15	
crossbar	data_width=32;num_inputs=2;num_outputs=2	7	ok	0.30	0.00	
fifo	width=64;depth=16	10	ok	0.28	0.00	
crossbar	data_width=32;num_inputs=4;num_outputs=4	7	ok	0.30	0.00	
regfile	width=32;depth=128;num_read_ports=4;num_write_ports=4	20	ok	0.57	-0.36	
crossbar	data_width=32;num_inputs=8;num_outputs=8	7	ok	0.30	0.00	
fifo	width=16;depth=32	16	ok	0.46	-0.19	
fifo	width=16;depth=64	16	ok	0.47	-0.20	
crossbar	data_width=32;num_inputs=8;num_outputs=4	7	ok	0.30	0.00	
fifo	width=64;depth=32	10	ok	0.29	0.00	
regfile	width=64;depth=64;num_read_ports=4;num_write_ports=4	5	ok	0.23	0.00	
fifo	width=32;depth=4	16	ok	0.36	-0.09	
crossbar	data_width=32;num_inputs=16;num_outputs=16	7	ok	0.30	0.00	
crossbar	data_width=32;num_inputs=16;num_outputs=8	7	ok	0.30	0.00	
fifo	width=32;depth=8	16	ok	0.42	-0.14	
crossbar	data_width=32;num_inputs=4;num_outputs=8	7	ok	0.30	0.00	
fifo	width=16;depth=128	16	ok	0.53	-0.24	
crossbar	data_width=64;num_inputs=2;num_outputs=2	7	ok	0.29	0.01	
crossbar	data_width=64;num_inputs=4;num_outputs=4	7	ok	0.30	0.00	
fifo	width=64;depth=64	10	ok	0.32	-0.02	
fifo	width=32;depth=16	16	ok	0.48	-0.20	
regfile	width=64;depth=64;num_read_ports=4;num_write_ports=4	20	ok	0.54	-0.33	
fifo	width=32;depth=32	16	ok	0.54	-0.25	
crossbar	data_width=64;num_inputs=8;num_outputs=8	7	ok	0.30	0.00	
crossbar	data_width=64;num_inputs=8;num_outputs=4	7	ok	0.30	0.00	
fifo	width=32;depth=64	16	ok	0.52	-0.23	
crossbar	data_width=64;num_inputs=16;num_outputs=16	7	ok	0.30	0.00	
fifo	width=64;depth=4	16	ok	0.40	-0.11	
crossbar	data_width=64;num_inputs=16;num_outputs=8	7	ok	0.30	0.00	
fifo	width=32;depth=128	16	ok	0.56	-0.30	
crossbar	data_width=64;num_inputs=4;num_outputs=8	7	ok	0.29	0.01	
crossbar	data_width=128;num_inputs=2;num_outputs=2	7	ok	0.29	0.01	
regfile	width=32;depth=512;num_read_ports=1;num_write_ports=1	5	ok	0.25	0.00	
fifo	width=64;depth=8	16	ok	0.43	-0.16	
regfile	width=32;depth=512;num_read_ports=1;num_write_ports=1	20	ok	0.58	-0.33	
fifo	width=64;depth=128	10	ok	0.34	-0.06	
crossbar	data_width=128;num_inputs=4;num_outputs=4	7	ok	0.30	0.00	
regfile	width=128;depth=64;num_read_ports=1;num_write_ports=1	20	ok	0.43	-0.21	
fifo	width=16;depth=4	20	ok	0.50	-0.21	
fifo	width=128;depth=4	10	ok	0.28	0.00	
fifo	width=64;depth=16	16	ok	0.51	-0.22	
crossbar	data_width=128;num_inputs=8;num_outputs=8	7	ok	0.30	0.00	
fifo	width=16;depth=8	20	ok	0.57	-0.28	
crossbar	data_width=128;num_inputs=8;num_outputs=4	7	ok	0.30	0.00	
fifo	width=16;depth=16	20	ok	0.58	-0.32	
fifo	width=64;depth=32	16	ok	0.50	-0.23	
fifo	width=128;depth=8	10	ok	0.29	-0.01	
fattree	data_width=32;radix=2;num_levels=2;oversubscription=1.0	7	ok	0.30	0.00	
crossbar	data_width=128;num_inputs=4;num_outputs=8	7	ok	0.30	0.00	
regfile	width=128;depth=64;num_read_ports=1;num_write_ports=1	5	ok	0.25	0.00	
fifo	width=16;depth=32	20	ok	0.67	-0.39	
fattree	data_width=64;radix=2;num_levels=2;oversubscription=1.0	7	ok	0.30	0.00	
fifo	width=16;depth=4	5	ok	0.28	0.01	
fattree	data_width=128;radix=2;num_levels=2;oversubscription=1.0	7	ok	0.30	0.00	
fifo	width=16;depth=64	20	ok	0.67	-0.41	
fifo	width=16;depth=8	5	ok	0.28	0.00	
fifo	width=64;depth=64	16	ok	0.53	-0.26	
fattree	data_width=32;radix=2;num_levels=3;oversubscription=1.0	7	ok	0.30	0.00	
fifo	width=32;depth=4	20	ok	0.50	-0.24	
fifo	width=128;depth=16	10	ok	0.31	-0.02	
fattree	data_width=64;radix=2;num_levels=3;oversubscription=1.0	7	ok	0.30	0.00	
fifo	width=16;depth=128	20	ok	0.76	-0.47	
fifo	width=16;depth=16	5	ok	0.28	0.00	
fifo	width=128;depth=4	16	ok	0.40	-0.13	
fifo	width=32;depth=8	20	ok	0.59	-0.32	
fifo	width=16;depth=32	5	ok	0.28	0.00	
fattree	data_width=128;radix=2;num_levels=3;oversubscription=1.0	7	ok	0.30	0.00	
fifo	width=32;depth=16	20	ok	0.66	-0.37	
fifo	width=128;depth=8	16	ok	0.47	-0.20	
fifo	width=16;depth=64	5	ok	0.28	0.00	
fattree	data_width=32;radix=2;num_levels=4;oversubscription=1.0	7	ok	0.30	0.00	
fifo	width=128;depth=32	10	ok	0.32	-0.03	
fifo	width=32;depth=32	20	ok	0.70	-0.42	
fifo	width=32;depth=64	20	ok	0.74	-0.45	
fifo	width=16;depth=128	5	ok	0.29	0.00	
fifo	width=64;depth=128	16	ok	0.59	-0.32	
fifo	width=32;depth=4	5	ok	0.28	0.00	
fifo	width=64;depth=4	20	ok	0.53	-0.27	
fifo	width=128;depth=16	16	ok	0.47	-0.20	
fattree	data_width=64;radix=2;num_levels=4;oversubscription=1.0	7	ok	0.30	0.00	
fifo	width=32;depth=8	5	ok	0.28	0.00	
fifo	width=32;depth=16	5	ok	0.29	0.00	
fifo	width=64;depth=8	20	ok	0.62	-0.35	
fifo	width=128;depth=32	16	ok	0.53	-0.26	
fifo	width=32;depth=128	20	ok	0.78	-0.51	
fifo	width=128;depth=64	10	ok	0.34	-0.05	
fifo	width=32;depth=32	5	ok	0.28	0.00	
mxfpmac	block_elems=32;num_blocks=8;input_format=mxfp4_e2m1	5	ok	1.53	-1.29	
fifo	width=64;depth=16	20	ok	0.70	-0.42	
fifo	width=32;depth=64	5	ok	0.28	0.00	
fattree	data_width=128;radix=2;num_levels=4;oversubscription=1.0	7	ok	0.30	0.00	
fifo	width=64;depth=32	20	ok	0.72	-0.46	
fifo	width=32;depth=128	5	ok	0.28	0.00	
fifo	width=64;depth=4	5	ok	0.29	0.00	
fifo	width=128;depth=64	16	ok	0.57	-0.30	
fifo	width=64;depth=8	5	ok	0.28	0.00	
fifo	width=64;depth=16	5	ok	0.28	0.00	
fifo	width=64;depth=64	20	ok	0.77	-0.51	
fifo	width=256;depth=4	16	ok	0.42	-0.16	
fifo	width=64;depth=32	5	ok	0.28	0.00	
fifo	width=128;depth=4	20	ok	0.57	-0.30	
fifo	width=64;depth=64	5	ok	0.29	0.00	
fifo	width=128;depth=4	5	ok	0.28	0.00	
fattree	data_width=32;radix=2;num_levels=5;oversubscription=1.0	7	ok	0.31	-0.01	
fifo	width=256;depth=8	16	ok	0.47	-0.20	
fifo	width=128;depth=8	20	ok	0.63	-0.36	
fifo	width=128;depth=8	5	ok	0.28	0.00	
fifo	width=64;depth=128	5	ok	0.29	0.00	
fifo	width=128;depth=128	10	ok	0.37	-0.08	
fifo	width=128;depth=16	5	ok	0.28	0.00	
fattree	data_width=32;radix=4;num_levels=2;oversubscription=1.0	7	ok	0.30	0.00	
fifo	width=64;depth=128	20	ok	0.80	-0.54	
fifo	width=256;depth=4	10	ok	0.29	0.00	
fifo	width=128;depth=16	20	ok	0.70	-0.42	
fifo	width=256;depth=16	16	ok	0.51	-0.24	
fifo	width=128;depth=32	5	ok	0.28	0.00	
fifo	width=128;depth=128	16	ok	0.64	-0.35	
fifo	width=256;depth=8	10	ok	0.28	0.00	
fifo	width=128;depth=64	5	ok	0.29	0.00	
fattree	data_width=64;radix=4;num_levels=2;oversubscription=1.0	7	ok	0.30	0.00	
fifo	width=128;depth=32	20	ok	0.74	-0.47	
fifo	width=256;depth=4	5	ok	0.28	0.00	
mxfpmac	block_elems=32;num_blocks=8;input_format=mxfp4_e2m1	10	ok	1.98	-1.74	
fifo	width=256;depth=16	10	ok	0.29	-0.01	
fifo	width=256;depth=8	5	ok	0.28	0.00	
fifo	width=256;depth=32	16	ok	0.54	-0.27	
fifo	width=256;depth=16	5	ok	0.29	0.00	
fifo	width=128;depth=64	20	ok	0.82	-0.55	
fattree	data_width=64;radix=2;num_levels=5;oversubscription=1.0	7	ok	0.31	-0.01	
fifo	width=256;depth=32	10	ok	0.32	-0.03	
fifo	width=128;depth=128	5	ok	0.30	-0.02	
fattree	data_width=128;radix=4;num_levels=2;oversubscription=1.0	7	ok	0.30	0.00	
fifo	width=256;depth=32	5	ok	0.29	0.00	
fifo	width=256;depth=4	20	ok	0.59	-0.30	
fattree	data_width=32;radix=4;num_levels=2;oversubscription=0.5	7	ok	0.30	0.00	
fifo	width=256;depth=64	10	ok	0.34	-0.06	
fifo	width=256;depth=8	20	ok	0.67	-0.39	
fattree	data_width=64;radix=4;num_levels=2;oversubscription=0.5	7	ok	0.30	0.00	
fifo	width=512;depth=8	10	ok	0.31	-0.03	
fifo	width=256;depth=16	20	ok	0.69	-0.43	
fifo	width=256;depth=64	5	ok	0.28	0.00	
fattree	data_width=32;radix=2;num_levels=4;oversubscription=0.5	7	ok	0.30	0.00	
fifo	width=256;depth=64	16	ok	0.58	-0.31	
foldedclos	data_width=32;terminals_per_leaf=2;num_leaves=2;num_spines=2;oversubscription=1.0	7	ok	0.30	0.00	
fifo	width=512;depth=8	5	ok	0.28	0.00	
foldedclos	data_width=64;terminals_per_leaf=2;num_leaves=2;num_spines=2;oversubscription=1.0	7	ok	0.30	0.00	
fifo	width=512;depth=16	10	ok	0.31	-0.03	
simplemux	data_width=16;num_inputs=2	10	ok	0.13	0.17	
foldedclos	data_width=32;terminals_per_leaf=4;num_leaves=4;num_spines=2;oversubscription=1.0	7	ok	0.30	0.00	
fifo	width=512;depth=16	5	ok	0.28	0.00	
fifo	width=512;depth=8	16	ok	0.50	-0.23	
simplemux	data_width=16;num_inputs=4	10	ok	0.17	0.13	
fifo	width=256;depth=32	20	ok	0.73	-0.47	
fifo	width=128;depth=128	20	ok	0.83	-0.56	
simplemux	data_width=16;num_inputs=2	5	ok	0.12	0.18	
simplemux	data_width=16;num_inputs=8	10	ok	0.30	0.00	
simplemux	data_width=16;num_inputs=4	5	ok	0.22	0.08	
simplemux	data_width=16;num_inputs=16	10	ok	0.30	0.00	
simplemux	data_width=16;num_inputs=8	5	ok	0.24	0.06	
simplemux	data_width=32;num_inputs=2	10	ok	0.22	0.08	
simplemux	data_width=16;num_inputs=16	5	ok	0.30	0.00	
foldedclos	data_width=64;terminals_per_leaf=4;num_leaves=4;num_spines=2;oversubscription=1.0	7	ok	0.30	0.00	
simplemux	data_width=32;num_inputs=4	10	ok	0.26	0.04	
simplemux	data_width=32;num_inputs=2	5	ok	0.20	0.10	
simplemux	data_width=32;num_inputs=8	10	ok	0.30	0.00	
simplemux	data_width=32;num_inputs=4	5	ok	0.29	0.01	
simplemux	data_width=32;num_inputs=16	10	ok	0.30	0.00	
foldedclos	data_width=32;terminals_per_leaf=4;num_leaves=4;num_spines=4;oversubscription=1.0	7	ok	0.30	0.00	
simplemux	data_width=32;num_inputs=8	5	ok	0.29	0.01	
simplemux	data_width=64;num_inputs=2	10	ok	0.14	0.16	
fifo	width=512;depth=16	16	ok	0.52	-0.25	
simplemux	data_width=32;num_inputs=16	5	ok	0.29	0.01	
simplemux	data_width=64;num_inputs=4	10	ok	0.29	0.01	
simplemux	data_width=16;num_inputs=2	16	ok	0.22	0.08	
simplemux	data_width=64;num_inputs=2	5	ok	0.24	0.06	
simplemux	data_width=64;num_inputs=8	10	ok	0.30	0.00	
simplemux	data_width=16;num_inputs=4	16	ok	0.26	0.04	
simplemux	data_width=64;num_inputs=4	5	ok	0.29	0.01	
simplemux	data_width=64;num_inputs=16	10	ok	0.30	0.00	
simplemux	data_width=16;num_inputs=8	16	ok	0.30	0.00	
simplemux	data_width=64;num_inputs=8	5	ok	0.30	0.00	
foldedclos	data_width=64;terminals_per_leaf=4;num_leaves=4;num_spines=4;oversubscription=1.0	7	ok	0.30	0.00	
simplemux	data_width=128;num_inputs=2	10	ok	0.22	0.08	
simplemux	data_width=16;num_inputs=16	16	ok	0.31	-0.01	
simplemux	data_width=64;num_inputs=16	5	ok	0.30	0.00	
simplemux	data_width=128;num_inputs=4	10	ok	0.27	0.03	
simplemux	data_width=32;num_inputs=2	16	ok	0.23	0.07	
fifo	width=256;depth=128	5	ok	0.30	-0.02	
simplemux	data_width=128;num_inputs=2	5	ok	0.29	0.01	
simplemux	data_width=128;num_inputs=8	10	ok	0.29	0.01	
simplemux	data_width=32;num_inputs=4	16	ok	0.29	0.01	
simplemux	data_width=128;num_inputs=4	5	ok	0.29	0.01	
simplemux	data_width=128;num_inputs=8	5	ok	0.30	0.00	
simplemux	data_width=32;num_inputs=8	16	ok	0.30	0.00	
simplemux	data_width=128;num_inputs=16	10	ok	0.30	0.00	
simplemux	data_width=128;num_inputs=16	5	ok	0.30	0.00	
simplemux	data_width=256;num_inputs=2	5	ok	0.30	0.00	
simplemux	data_width=256;num_inputs=2	10	ok	0.29	0.01	
simplemux	data_width=32;num_inputs=16	16	ok	0.32	-0.02	
simplemux	data_width=256;num_inputs=4	5	ok	0.30	0.00	
fifo	width=256;depth=128	16	ok	0.68	-0.39	
simplemux	data_width=256;num_inputs=8	5	ok	0.29	0.01	
simplemux	data_width=64;num_inputs=2	16	ok	0.25	0.05	
simplemux	data_width=256;num_inputs=4	10	ok	0.28	0.02	
crossbar	data_width=32;num_inputs=2;num_outputs=2	5	ok	0.27	0.03	
simplemux	data_width=64;num_inputs=4	16	ok	0.30	0.00	
crossbar	data_width=32;num_inputs=4;num_outputs=4	5	ok	0.30	0.00	
fifo	width=256;depth=64	20	ok	0.86	-0.56	
simplemux	data_width=64;num_inputs=8	16	ok	0.30	0.00	
fifo	width=256;depth=128	10	ok	0.39	-0.09	
simplemux	data_width=256;num_inputs=8	10	ok	0.30	0.00	
crossbar	data_width=32;num_inputs=8;num_outputs=8	5	ok	0.30	0.00	
simplemux	data_width=64;num_inputs=16	16	ok	0.32	-0.02	
crossbar	data_width=32;num_inputs=2;num_outputs=2	10	ok	0.26	0.04	
simplemux	data_width=128;num_inputs=2	16	ok	0.29	0.01	
crossbar	data_width=32;num_inputs=4;num_outputs=4	10	ok	0.30	0.00	
crossbar	data_width=32;num_inputs=8;num_outputs=4	5	ok	0.30	0.00	
simplemux	data_width=128;num_inputs=4	16	ok	0.30	0.00	
simplemux	data_width=128;num_inputs=8	16	ok	0.30	0.00	
crossbar	data_width=32;num_inputs=8;num_outputs=8	10	ok	0.30	0.00	
crossbar	data_width=32;num_inputs=16;num_outputs=16	5	ok	0.30	0.00	
simplemux	data_width=256;num_inputs=2	16	ok	0.29	0.01	
crossbar	data_width=32;num_inputs=8;num_outputs=4	10	ok	0.30	0.00	
crossbar	data_width=32;num_inputs=16;num_outputs=8	5	ok	0.30	0.00	
crossbar	data_width=32;num_inputs=4;num_outputs=8	5	ok	0.30	0.00	
simplemux	data_width=128;num_inputs=16	16	ok	0.34	-0.04	
simplemux	data_width=256;num_inputs=4	16	ok	0.30	0.00	
crossbar	data_width=64;num_inputs=2;num_outputs=2	5	ok	0.28	0.02	
foldedclos	data_width=32;terminals_per_leaf=8;num_leaves=4;num_spines=4;oversubscription=1.0	7	ok	0.31	-0.01	
crossbar	data_width=32;num_inputs=16;num_outputs=16	10	ok	0.30	0.00	
crossbar	data_width=64;num_inputs=4;num_outputs=4	5	ok	0.30	0.00	
fifo	width=512;depth=8	20	ok	0.72	-0.43	
crossbar	data_width=32;num_inputs=16;num_outputs=8	10	ok	0.30	0.00	
crossbar	data_width=32;num_inputs=2;num_outputs=2	16	ok	0.28	0.02	
crossbar	data_width=32;num_inputs=4;num_outputs=8	10	ok	0.30	0.00	
simplemux	data_width=256;num_inputs=8	16	ok	0.30	0.00	
crossbar	data_width=64;num_inputs=8;num_outputs=8	5	ok	0.30	0.00	
crossbar	data_width=64;num_inputs=2;num_outputs=2	10	ok	0.28	0.02	
crossbar	data_width=32;num_inputs=4;num_outputs=4	16	ok	0.30	0.00	
crossbar	data_width=64;num_inputs=4;num_outputs=4	10	ok	0.30	0.00	
crossbar	data_width=64;num_inputs=8;num_outputs=4	5	ok	0.30	0.00	
crossbar	data_width=32;num_inputs=8;num_outputs=8	16	ok	0.33	-0.03	
crossbar	data_width=64;num_inputs=8;num_outputs=8	10	ok	0.30	0.00	
crossbar	data_width=32;num_inputs=8;num_outputs=4	16	ok	0.30	0.00	
crossbar	data_width=64;num_inputs=8;num_outputs=4	10	ok	0.30	0.00	
crossbar	data_width=64;num_inputs=16;num_outputs=16	5	ok	0.30	0.00	
crossbar	data_width=64;num_inputs=16;num_outputs=8	5	ok	0.30	0.00	
crossbar	data_width=64;num_inputs=4;num_outputs=8	5	ok	0.30	0.00	
crossbar	data_width=32;num_inputs=16;num_outputs=16	16	ok	0.48	-0.18	
crossbar	data_width=128;num_inputs=2;num_outputs=2	5	ok	0.28	0.02	
crossbar	data_width=32;num_inputs=16;num_outputs=8	16	ok	0.42	-0.12	
crossbar	data_width=32;num_inputs=4;num_outputs=8	16	ok	0.30	0.00	
crossbar	data_width=128;num_inputs=4;num_outputs=4	5	ok	0.30	0.00	
crossbar	data_width=64;num_inputs=16;num_outputs=16	10	ok	0.30	0.00	
fifo	width=512;depth=16	20	ok	0.73	-0.47	
crossbar	data_width=64;num_inputs=16;num_outputs=8	10	ok	0.30	0.00	
crossbar	data_width=64;num_inputs=2;num_outputs=2	16	ok	0.30	0.00	
crossbar	data_width=64;num_inputs=4;num_outputs=4	16	ok	0.30	0.00	
simplemux	data_width=16;num_inputs=2	20	ok	0.30	0.00	
crossbar	data_width=128;num_inputs=8;num_outputs=4	5	ok	0.30	0.00	
crossbar	data_width=128;num_inputs=8;num_outputs=8	5	ok	0.30	0.00	
crossbar	data_width=128;num_inputs=2;num_outputs=2	10	ok	0.30	0.00	
crossbar	data_width=64;num_inputs=4;num_outputs=8	10	ok	0.30	0.00	
simplemux	data_width=16;num_inputs=4	20	ok	0.30	0.00	
fattree	data_width=32;radix=2;num_levels=2;oversubscription=1.0	5	ok	0.30	0.00	
crossbar	data_width=128;num_inputs=4;num_outputs=4	10	ok	0.30	0.00	
crossbar	data_width=128;num_inputs=4;num_outputs=8	5	ok	0.30	0.00	
crossbar	data_width=64;num_inputs=8;num_outputs=8	16	ok	0.35	-0.05	
simplemux	data_width=16;num_inputs=8	20	ok	0.30	0.00	
fattree	data_width=64;radix=2;num_levels=2;oversubscription=1.0	5	ok	0.30	0.00	
crossbar	data_width=128;num_inputs=8;num_outputs=8	10	ok	0.30	0.00	
fattree	data_width=128;radix=2;num_levels=2;oversubscription=1.0	5	ok	0.30	0.00	
crossbar	data_width=128;num_inputs=8;num_outputs=4	10	ok	0.30	0.00	
simplemux	data_width=16;num_inputs=16	20	ok	0.34	-0.04	
crossbar	data_width=64;num_inputs=8;num_outputs=4	16	ok	0.32	-0.02	
fattree	data_width=32;radix=2;num_levels=3;oversubscription=1.0	5	ok	0.30	0.00	
crossbar	data_width=128;num_inputs=4;num_outputs=8	10	ok	0.30	0.00	
fattree	data_width=32;radix=2;num_levels=2;oversubscription=1.0	10	ok	0.30	0.00	
simplemux	data_width=32;num_inputs=2	20	ok	0.28	0.02	
fattree	data_width=64;radix=2;num_levels=3;oversubscription=1.0	5	ok	0.30	0.00	
fattree	data_width=64;radix=2;num_levels=2;oversubscription=1.0	10	ok	0.30	0.00	
fattree	data_width=128;radix=2;num_levels=2;oversubscription=1.0	10	ok	0.30	0.00	
simplemux	data_width=32;num_inputs=4	20	ok	0.30	0.00	
fattree	data_width=128;radix=2;num_levels=3;oversubscription=1.0	5	ok	0.30	0.00	
fattree	data_width=32;radix=2;num_levels=3;oversubscription=1.0	10	ok	0.30	0.00	
crossbar	data_width=64;num_inputs=16;num_outputs=16	16	ok	0.51	-0.21	
simplemux	data_width=32;num_inputs=8	20	ok	0.30	0.00	
fattree	data_width=64;radix=2;num_levels=3;oversubscription=1.0	10	ok	0.30	0.00	
crossbar	data_width=64;num_inputs=16;num_outputs=8	16	ok	0.46	-0.16	
fattree	data_width=32;radix=2;num_levels=4;oversubscription=1.0	5	ok	0.30	0.00	
crossbar	data_width=64;num_inputs=4;num_outputs=8	16	ok	0.30	0.00	
simplemux	data_width=32;num_inputs=16	20	ok	0.42	-0.12	
crossbar	data_width=128;num_inputs=2;num_outputs=2	16	ok	0.30	0.00	
fattree	data_width=128;radix=2;num_levels=3;oversubscription=1.0	10	ok	0.30	0.00	
simplemux	data_width=64;num_inputs=2	20	ok	0.27	0.03	
crossbar	data_width=128;num_inputs=4;num_outputs=4	16	ok	0.30	0.00	
simplemux	data_width=64;num_inputs=4	20	ok	0.30	0.00	
fattree	data_width=32;radix=2;num_levels=4;oversubscription=1.0	10	ok	0.30	0.00	
fattree	data_width=64;radix=2;num_levels=4;oversubscription=1.0	5	ok	0.30	0.00	
simplemux	data_width=64;num_inputs=8	20	ok	0.30	0.00	
crossbar	data_width=128;num_inputs=8;num_outputs=4	16	ok	0.33	-0.03	
crossbar	data_width=128;num_inputs=8;num_outputs=8	16	ok	0.39	-0.09	
fifo	width=256;depth=128	20	ok	0.89	-0.63	
foldedclos	data_width=64;terminals_per_leaf=8;num_leaves=4;num_spines=4;oversubscription=1.0	7	ok	0.31	-0.01	
fattree	data_width=32;radix=2;num_levels=2;oversubscription=1.0	16	ok	0.30	0.00	
simplemux	data_width=64;num_inputs=16	20	ok	0.43	-0.13	
simplemux	data_width=128;num_inputs=2	20	ok	0.25	0.05	
crossbar	data_width=128;num_inputs=4;num_outputs=8	16	ok	0.30	0.00	
fattree	data_width=64;radix=2;num_levels=4;oversubscription=1.0	10	ok	0.30	0.00	
fattree	data_width=64;radix=2;num_levels=2;oversubscription=1.0	16	ok	0.30	0.00	
simplemux	data_width=128;num_inputs=4	20	ok	0.30	0.00	
fattree	data_width=128;radix=2;num_levels=2;oversubscription=1.0	16	ok	0.30	0.00	
simplemux	data_width=128;num_inputs=8	20	ok	0.34	-0.04	
fattree	data_width=32;radix=2;num_levels=3;oversubscription=1.0	16	ok	0.33	-0.03	
simplemux	data_width=128;num_inputs=16	20	ok	0.46	-0.16	
simplemux	data_width=256;num_inputs=2	20	ok	0.29	0.01	
fattree	data_width=128;radix=2;num_levels=4;oversubscription=1.0	5	ok	0.30	0.00	
simplemux	data_width=256;num_inputs=4	20	ok	0.30	0.00	
fattree	data_width=64;radix=2;num_levels=3;oversubscription=1.0	16	ok	0.35	-0.05	
crossbar	data_width=32;num_inputs=2;num_outputs=2	20	ok	0.30	0.00	
fattree	data_width=128;radix=2;num_levels=3;oversubscription=1.0	16	ok	0.39	-0.09	
simplemux	data_width=256;num_inputs=8	20	ok	0.35	-0.05	
crossbar	data_width=32;num_inputs=4;num_outputs=4	20	ok	0.32	-0.02	
fattree	data_width=128;radix=2;num_levels=4;oversubscription=1.0	10	ok	0.32	-0.02	
crossbar	data_width=32;num_inputs=8;num_outputs=8	20	ok	0.45	-0.15	
fattree	data_width=32;radix=2;num_levels=4;oversubscription=1.0	16	ok	0.48	-0.18	
crossbar	data_width=32;num_inputs=8;num_outputs=4	20	ok	0.42	-0.12	
fattree	data_width=32;radix=2;num_levels=5;oversubscription=1.0	5	ok	0.30	0.00	
foldedclos	data_width=32;terminals_per_leaf=4;num_leaves=8;num_spines=4;oversubscription=1.0	7	ok	0.31	-0.01	
crossbar	data_width=32;num_inputs=16;num_outputs=16	20	ok	0.62	-0.32	
crossbar	data_width=32;num_inputs=16;num_outputs=8	20	ok	0.55	-0.25	
fattree	data_width=32;radix=4;num_levels=3;oversubscription=1.0	7	ok	0.34	-0.04	
fattree	data_width=64;radix=2;num_levels=4;oversubscription=1.0	16	ok	0.51	-0.21	
fattree	data_width=32;radix=4;num_levels=2;oversubscription=1.0	5	ok	0.30	0.00	
crossbar	data_width=64;num_inputs=2;num_outputs=2	20	ok	0.30	0.00	
crossbar	data_width=32;num_inputs=4;num_outputs=8	20	ok	0.34	-0.04	
crossbar	data_width=64;num_inputs=4;num_outputs=4	20	ok	0.34	-0.04	
crossbar	data_width=64;num_inputs=8;num_outputs=8	20	ok	0.45	-0.15	
fattree	data_width=32;radix=2;num_levels=5;oversubscription=1.0	10	ok	0.35	-0.05	
fattree	data_width=64;radix=4;num_levels=2;oversubscription=1.0	5	ok	0.30	0.00	
crossbar	data_width=64;num_inputs=8;num_outputs=4	20	ok	0.41	-0.11	
fattree	data_width=32;radix=4;num_levels=2;oversubscription=1.0	10	ok	0.30	0.00	
fattree	data_width=128;radix=2;num_levels=4;oversubscription=1.0	16	ok	0.53	-0.23	
crossbar	data_width=64;num_inputs=16;num_outputs=16	20	ok	0.65	-0.35	
crossbar	data_width=64;num_inputs=16;num_outputs=8	20	ok	0.57	-0.27	
crossbar	data_width=64;num_inputs=4;num_outputs=8	20	ok	0.38	-0.08	
crossbar	data_width=128;num_inputs=2;num_outputs=2	20	ok	0.30	0.00	
crossbar	data_width=128;num_inputs=4;num_outputs=4	20	ok	0.37	-0.07	
fattree	data_width=64;radix=4;num_levels=2;oversubscription=1.0	10	ok	0.30	0.00	
fattree	data_width=64;radix=2;num_levels=5;oversubscription=1.0	5	ok	0.30	0.00	
fattree	data_width=128;radix=4;num_levels=2;oversubscription=1.0	5	ok	0.30	0.00	
crossbar	data_width=128;num_inputs=8;num_outputs=8	20	ok	0.50	-0.20	
crossbar	data_width=128;num_inputs=8;num_outputs=4	20	ok	0.44	-0.14	
fattree	data_width=32;radix=2;num_levels=5;oversubscription=1.0	16	ok	0.59	-0.29	
fattree	data_width=32;radix=2;num_levels=2;oversubscription=1.0	20	ok	0.32	-0.02	
fattree	data_width=32;radix=4;num_levels=2;oversubscription=0.5	5	ok	0.30	0.00	
crossbar	data_width=128;num_inputs=4;num_outputs=8	20	ok	0.42	-0.12	
fattree	data_width=64;radix=2;num_levels=2;oversubscription=1.0	20	ok	0.34	-0.04	
fattree	data_width=128;radix=2;num_levels=2;oversubscription=1.0	20	ok	0.37	-0.07	
fattree	data_width=32;radix=2;num_levels=3;oversubscription=1.0	20	ok	0.45	-0.15	
fattree	data_width=64;radix=2;num_levels=5;oversubscription=1.0	10	ok	0.36	-0.06	
fattree	data_width=32;radix=4;num_levels=2;oversubscription=1.0	16	ok	0.48	-0.18	
foldedclos	data_width=64;terminals_per_leaf=4;num_leaves=8;num_spines=4;oversubscription=1.0	7	ok	0.31	-0.01	
fattree	data_width=64;radix=4;num_levels=2;oversubscription=0.5	5	ok	0.30	0.00	
fattree	data_width=64;radix=2;num_levels=3;oversubscription=1.0	20	ok	0.45	-0.15	
fattree	data_width=128;radix=4;num_levels=2;oversubscription=1.0	10	ok	0.32	-0.02	
foldedclos	data_width=32;terminals_per_leaf=4;num_leaves=4;num_spines=4;oversubscription=0.5	7	ok	0.30	0.00	
fattree	data_width=128;radix=2;num_levels=3;oversubscription=1.0	20	ok	0.50	-0.20	
fattree	data_width=32;radix=2;num_levels=4;oversubscription=0.5	5	ok	0.30	0.00	
foldedclos	data_width=32;terminals_per_leaf=2;num_leaves=2;num_spines=2;oversubscription=1.0	5	ok	0.30	0.00	
fattree	data_width=32;radix=4;num_levels=2;oversubscription=0.5	10	ok	0.30	0.00	
foldedclos	data_width=64;terminals_per_leaf=2;num_leaves=2;num_spines=2;oversubscription=1.0	5	ok	0.30	0.00	
fattree	data_width=32;radix=2;num_levels=4;oversubscription=1.0	20	ok	0.62	-0.32	
fattree	data_width=64;radix=4;num_levels=2;oversubscription=1.0	16	ok	0.51	-0.21	
fattree	data_width=64;radix=2;num_levels=4;oversubscription=1.0	20	ok	0.65	-0.35	
foldedclos	data_width=32;terminals_per_leaf=4;num_leaves=4;num_spines=2;oversubscription=1.0	5	ok	0.30	0.00	
fattree	data_width=64;radix=4;num_levels=2;oversubscription=0.5	10	ok	0.30	0.00	
foldedclos	data_width=64;terminals_per_leaf=4;num_leaves=4;num_spines=2;oversubscription=1.0	5	ok	0.30	0.00	
foldedclos	data_width=32;terminals_per_leaf=8;num_leaves=4;num_spines=4;oversubscription=0.5	7	ok	0.31	-0.01	
fattree	data_width=32;radix=2;num_levels=4;oversubscription=0.5	10	ok	0.30	0.00	
foldedclos	data_width=32;terminals_per_leaf=2;num_leaves=2;num_spines=2;oversubscription=1.0	10	ok	0.30	0.00	
foldedclos	data_width=64;terminals_per_leaf=2;num_leaves=2;num_spines=2;oversubscription=1.0	10	ok	0.30	0.00	
foldedclos	data_width=32;terminals_per_leaf=4;num_leaves=4;num_spines=4;oversubscription=1.0	5	ok	0.30	0.00	
foldedclos	data_width=32;terminals_per_leaf=4;num_leaves=4;num_spines=4;oversubscription=0.25	7	ok	0.30	0.00	
fattree	data_width=128;radix=2;num_levels=4;oversubscription=1.0	20	ok	0.68	-0.38	
fattree	data_width=128;radix=4;num_levels=2;oversubscription=1.0	16	ok	0.53	-0.23	
foldedclos	data_width=32;terminals_per_leaf=4;num_leaves=4;num_spines=2;oversubscription=1.0	10	ok	0.30	0.00	
fattree	data_width=64;radix=2;num_levels=5;oversubscription=1.0	16	ok	0.59	-0.29	
foldedclos	data_width=64;terminals_per_leaf=4;num_leaves=4;num_spines=4;oversubscription=1.0	5	ok	0.30	0.00	
foldedclos	data_width=64;terminals_per_leaf=4;num_leaves=4;num_spines=2;oversubscription=1.0	10	ok	0.30	0.00	
fattree	data_width=32;radix=4;num_levels=2;oversubscription=0.5	16	ok	0.48	-0.18	
foldedclos	data_width=32;terminals_per_leaf=4;num_leaves=4;num_spines=4;oversubscription=1.0	10	ok	0.30	0.00	
fattree	data_width=32;radix=2;num_levels=5;oversubscription=1.0	20	ok	0.75	-0.45	
foldedclos	data_width=32;terminals_per_leaf=4;num_leaves=8;num_spines=4;oversubscription=0.5	7	ok	0.31	-0.01	
fattree	data_width=64;radix=4;num_levels=2;oversubscription=0.5	16	ok	0.51	-0.21	
fattree	data_width=32;radix=4;num_levels=2;oversubscription=1.0	20	ok	0.62	-0.32	
foldedclos	data_width=32;terminals_per_leaf=8;num_leaves=4;num_spines=4;oversubscription=1.0	5	ok	0.30	0.00	
foldedclos	data_width=64;terminals_per_leaf=4;num_leaves=4;num_spines=4;oversubscription=1.0	10	ok	0.30	0.00	
fattree	data_width=32;radix=2;num_levels=4;oversubscription=0.5	16	ok	0.48	-0.18	
foldedclos	data_width=32;terminals_per_leaf=2;num_leaves=2;num_spines=2;oversubscription=1.0	16	ok	0.30	0.00	
foldedclos	data_width=64;terminals_per_leaf=2;num_leaves=2;num_spines=2;oversubscription=1.0	16	ok	0.30	0.00	
fattree	data_width=64;radix=4;num_levels=2;oversubscription=1.0	20	ok	0.65	-0.35	
foldedclos	data_width=32;terminals_per_leaf=4;num_leaves=4;num_spines=2;oversubscription=1.0	16	ok	0.48	-0.18	
foldedclos	data_width=64;terminals_per_leaf=4;num_leaves=4;num_spines=2;oversubscription=1.0	16	ok	0.51	-0.21	
foldedclos	data_width=32;terminals_per_leaf=8;num_leaves=4;num_spines=4;oversubscription=1.0	10	ok	0.35	-0.05	
fattree	data_width=64;radix=2;num_levels=5;oversubscription=1.0	20	ok	0.80	-0.50	
fattree	data_width=128;radix=4;num_levels=2;oversubscription=1.0	20	ok	0.68	-0.38	
foldedclos	data_width=32;terminals_per_leaf=4;num_leaves=4;num_spines=4;oversubscription=1.0	16	ok	0.48	-0.18	
foldedclos	data_width=32;terminals_per_leaf=8;num_leaves=8;num_spines=4;oversubscription=1.0	7	ok	0.34	-0.04	
foldedclos	data_width=64;terminals_per_leaf=8;num_leaves=4;num_spines=4;oversubscription=1.0	5	ok	0.30	0.00	
fattree	data_width=32;radix=4;num_levels=2;oversubscription=0.5	20	ok	0.62	-0.32	
foldedclos	data_width=64;terminals_per_leaf=4;num_leaves=4;num_spines=4;oversubscription=1.0	16	ok	0.51	-0.21	
fattree	data_width=64;radix=4;num_levels=2;oversubscription=0.5	20	ok	0.65	-0.35	
fattree	data_width=32;radix=2;num_levels=4;oversubscription=0.5	20	ok	0.62	-0.32	
foldedclos	data_width=32;terminals_per_leaf=4;num_leaves=8;num_spines=4;oversubscription=1.0	5	ok	0.30	0.00	
foldedclos	data_width=32;terminals_per_leaf=2;num_leaves=2;num_spines=2;oversubscription=1.0	20	ok	0.32	-0.02	
foldedclos	data_width=64;terminals_per_leaf=2;num_leaves=2;num_spines=2;oversubscription=1.0	20	ok	0.34	-0.04	
foldedclos	data_width=32;terminals_per_leaf=4;num_leaves=4;num_spines=2;oversubscription=1.0	20	ok	0.62	-0.32	
foldedclos	data_width=64;terminals_per_leaf=8;num_leaves=4;num_spines=4;oversubscription=1.0	10	ok	0.36	-0.06	
foldedclos	data_width=32;terminals_per_leaf=8;num_leaves=4;num_spines=4;oversubscription=1.0	16	ok	0.59	-0.29	
foldedclos	data_width=64;terminals_per_leaf=4;num_leaves=4;num_spines=2;oversubscription=1.0	20	ok	0.65	-0.35	
foldedclos	data_width=32;terminals_per_leaf=4;num_leaves=4;num_spines=4;oversubscription=1.0	20	ok	0.62	-0.32	
fattree	data_width=32;radix=4;num_levels=3;oversubscription=1.0	10	ok	0.43	-0.13	
foldedclos	data_width=64;terminals_per_leaf=4;num_leaves=8;num_spines=4;oversubscription=1.0	5	ok	0.30	0.00	
foldedclos	data_width=32;terminals_per_leaf=4;num_leaves=8;num_spines=4;oversubscription=1.0	10	ok	0.35	-0.05	
foldedclos	data_width=64;terminals_per_leaf=4;num_leaves=4;num_spines=4;oversubscription=1.0	20	ok	0.65	-0.35	
fattree	data_width=32;radix=4;num_levels=3;oversubscription=1.0	5	ok	0.32	-0.02	
foldedclos	data_width=32;terminals_per_leaf=4;num_leaves=4;num_spines=4;oversubscription=0.5	5	ok	0.30	0.00	
foldedclos	data_width=64;terminals_per_leaf=8;num_leaves=4;num_spines=4;oversubscription=1.0	16	ok	0.59	-0.29	
fattree	data_width=32;radix=4;num_levels=3;oversubscription=1.0	16	ok	0.73	-0.43	
foldedclos	data_width=32;terminals_per_leaf=8;num_leaves=4;num_spines=4;oversubscription=0.5	5	ok	0.30	0.00	
foldedclos	data_width=32;terminals_per_leaf=8;num_leaves=4;num_spines=4;oversubscription=1.0	20	ok	0.75	-0.45	
foldedclos	data_width=32;terminals_per_leaf=4;num_leaves=4;num_spines=4;oversubscription=0.25	5	ok	0.30	0.00	
foldedclos	data_width=64;terminals_per_leaf=4;num_leaves=8;num_spines=4;oversubscription=1.0	10	ok	0.36	-0.06	
foldedclos	data_width=32;terminals_per_leaf=4;num_leaves=4;num_spines=4;oversubscription=0.5	10	ok	0.30	0.00	
foldedclos	data_width=32;terminals_per_leaf=4;num_leaves=8;num_spines=4;oversubscription=0.5	5	ok	0.30	0.00	
foldedclos	data_width=32;terminals_per_leaf=4;num_leaves=8;num_spines=4;oversubscription=1.0	16	ok	0.59	-0.29	
foldedclos	data_width=32;terminals_per_leaf=8;num_leaves=4;num_spines=4;oversubscription=0.5	10	ok	0.35	-0.05	
foldedclos	data_width=32;terminals_per_leaf=4;num_leaves=4;num_spines=4;oversubscription=0.25	10	ok	0.30	0.00	
fattree	data_width=32;radix=4;num_levels=3;oversubscription=1.0	20	ok	0.96	-0.66	
foldedclos	data_width=64;terminals_per_leaf=4;num_leaves=8;num_spines=4;oversubscription=1.0	16	ok	0.59	-0.29	
foldedclos	data_width=64;terminals_per_leaf=8;num_leaves=4;num_spines=4;oversubscription=1.0	20	ok	0.80	-0.50	
foldedclos	data_width=32;terminals_per_leaf=4;num_leaves=4;num_spines=4;oversubscription=0.5	16	ok	0.48	-0.18	
foldedclos	data_width=32;terminals_per_leaf=4;num_leaves=8;num_spines=4;oversubscription=0.5	10	ok	0.35	-0.05	
foldedclos	data_width=32;terminals_per_leaf=4;num_leaves=8;num_spines=4;oversubscription=1.0	20	ok	0.75	-0.45	
foldedclos	data_width=32;terminals_per_leaf=8;num_leaves=4;num_spines=4;oversubscription=0.5	16	ok	0.59	-0.29	
foldedclos	data_width=32;terminals_per_leaf=4;num_leaves=4;num_spines=4;oversubscription=0.25	16	ok	0.48	-0.18	
foldedclos	data_width=64;terminals_per_leaf=4;num_leaves=8;num_spines=4;oversubscription=1.0	20	ok	0.80	-0.50	
foldedclos	data_width=32;terminals_per_leaf=4;num_leaves=4;num_spines=4;oversubscription=0.5	20	ok	0.62	-0.32	
foldedclos	data_width=32;terminals_per_leaf=8;num_leaves=8;num_spines=4;oversubscription=1.0	10	ok	0.43	-0.13	
foldedclos	data_width=32;terminals_per_leaf=4;num_leaves=8;num_spines=4;oversubscription=0.5	16	ok	0.59	-0.29	
foldedclos	data_width=32;terminals_per_leaf=8;num_leaves=8;num_spines=4;oversubscription=1.0	5	ok	0.32	-0.02	
foldedclos	data_width=32;terminals_per_leaf=8;num_leaves=4;num_spines=4;oversubscription=0.5	20	ok	0.75	-0.45	
foldedclos	data_width=32;terminals_per_leaf=4;num_leaves=4;num_spines=4;oversubscription=0.25	20	ok	0.62	-0.32	
foldedclos	data_width=32;terminals_per_leaf=8;num_leaves=8;num_spines=4;oversubscription=1.0	16	ok	0.73	-0.43	
foldedclos	data_width=32;terminals_per_leaf=4;num_leaves=8;num_spines=4;oversubscription=0.5	20	ok	0.75	-0.45	
foldedclos	data_width=32;terminals_per_leaf=8;num_leaves=8;num_spines=4;oversubscription=1.0	20	ok	0.96	-0.66	
