run_id	stage	error
intadd_4_4_12_3_20nm_TT_0V9_25C_1000MHz	pnr-timing	RuntimeError: post-PnR setup timing violated (clk slack -0.02) -- the job clock is not achievable; gen-jobs should derive a slower one
intadd_6_6_14_2_20nm_TT_0V9_25C_1000MHz	pnr-timing	RuntimeError: post-PnR setup timing violated (clk slack -0.01) -- the job clock is not achievable; gen-jobs should derive a slower one
intadd_6_6_14_5_20nm_TT_0V9_25C_1000MHz	pnr-timing	RuntimeError: post-PnR setup timing violated (clk slack -0.03) -- the job clock is not achievable; gen-jobs should derive a slower one
intadd_8_8_16_2_20nm_TT_0V9_25C_1000MHz	pnr-timing	RuntimeError: post-PnR setup timing violated (clk slack -0.01) -- the job clock is not achievable; gen-jobs should derive a slower one
intadd_8_8_16_3_16nm_TT_0V85_25C_1333p33MHz	pnr-timing	RuntimeError: post-PnR setup timing violated (clk slack -0.01) -- the job clock is not achievable; gen-jobs should derive a slower one
intadd_12_12_12_2_16nm_TT_0V85_25C_1000MHz	pnr-timing	RuntimeError: post-PnR setup timing violated (clk slack -0.02) -- the job clock is not achievable; gen-jobs should derive a slower one
intadd_12_12_12_3_20nm_TT_0V9_25C_1000MHz	pnr-timing	RuntimeError: post-PnR setup timing violated (clk slack -0.03) -- the job clock is not achievable; gen-jobs should derive a slower one
intadd_12_12_20_3_16nm_TT_0V85_25C_800MHz	pnr-timing	RuntimeError: post-PnR setup timing violated (clk slack -0.02) -- the job clock is not achievable; gen-jobs should derive a slower one
intadd_16_16_16_2_16nm_TT_0V85_25C_1000MHz	pnr-timing	RuntimeError: post-PnR setup timing violated (clk slack -0.03) -- the job clock is not achievable; gen-jobs should derive a slower one
intadd_16_16_16_5_20nm_TT_0V9_25C_1000MHz	pnr-timing	RuntimeError: post-PnR setup timing violated (clk slack -0.04) -- the job clock is not achievable; gen-jobs should derive a slower one
intadd_16_16_16_5_16nm_TT_0V85_25C_1333p33MHz	pnr-timing	RuntimeError: post-PnR setup timing violated (clk slack -0.01) -- the job clock is not achievable; gen-jobs should derive a slower one
intadd_16_16_24_5_16nm_TT_0V85_25C_1333p33MHz	pnr-timing	RuntimeError: post-PnR setup timing violated (clk slack -0.01) -- the job clock is not achievable; gen-jobs should derive a slower one
intadd_24_24_24_2_16nm_TT_0V85_25C_1000MHz	pnr-timing	RuntimeError: post-PnR setup timing violated (clk slack -0.04) -- the job clock is not achievable; gen-jobs should derive a slower one
intadd_24_24_24_2_20nm_TT_0V9_25C_500MHz	pnr-timing	RuntimeError: post-PnR setup timing violated (clk slack -0.03) -- the job clock is not achievable; gen-jobs should derive a slower one
intadd_24_24_24_3_16nm_TT_0V85_25C_1000MHz	pnr-timing	RuntimeError: post-PnR setup timing violated (clk slack -0.03) -- the job clock is not achievable; gen-jobs should derive a slower one
intadd_24_24_24_2_5nm_TT_0V7_25C_1333p33MHz	pnr-timing	RuntimeError: post-PnR setup timing violated (clk slack -0.03) -- the job clock is not achievable; gen-jobs should derive a slower one
intadd_24_24_24_5_20nm_TT_0V9_25C_1000MHz	pnr-timing	RuntimeError: post-PnR setup timing violated (clk slack -0.06) -- the job clock is not achievable; gen-jobs should derive a slower one
intadd_24_24_24_5_16nm_TT_0V85_25C_1333p33MHz	pnr-timing	RuntimeError: post-PnR setup timing violated (clk slack -0.01) -- the job clock is not achievable; gen-jobs should derive a slower one
intadd_24_24_32_3_10nm_TT_0V8_25C_1333p33MHz	pnr-timing	RuntimeError: post-PnR setup timing violated (clk slack -0.02) -- the job clock is not achievable; gen-jobs should derive a slower one
intadd_24_24_32_5_16nm_TT_0V85_25C_1333p33MHz	pnr-timing	RuntimeError: post-PnR setup timing violated (clk slack -0.01) -- the job clock is not achievable; gen-jobs should derive a slower one
intadd_24_24_32_5_20nm_TT_0V9_25C_1000MHz	pnr-timing	RuntimeError: post-PnR setup timing violated (clk slack -0.02) -- the job clock is not achievable; gen-jobs should derive a slower one
intadd_24_24_32_5_10nm_TT_0V8_25C_1333p33MHz	pnr-timing	RuntimeError: post-PnR setup timing violated (clk slack -0.01) -- the job clock is not achievable; gen-jobs should derive a slower one
intadd_32_32_32_2_16nm_TT_0V85_25C_1000MHz	pnr-timing	RuntimeError: post-PnR setup timing violated (clk slack -0.04) -- the job clock is not achievable; gen-jobs should derive a slower one
intadd_32_32_32_2_10nm_TT_0V8_25C_1333p33MHz	pnr-timing	RuntimeError: post-PnR setup timing violated (clk slack -0.02) -- the job clock is not achievable; gen-jobs should derive a slower one
intadd_32_32_32_3_16nm_TT_0V85_25C_1000MHz	pnr-timing	RuntimeError: post-PnR setup timing violated (clk slack -0.01) -- the job clock is not achievable; gen-jobs should derive a slower one
intadd_32_32_32_3_20nm_TT_0V9_25C_1000MHz	pnr-timing	RuntimeError: post-PnR setup timing violated (clk slack -0.01) -- the job clock is not achievable; gen-jobs should derive a slower one
intadd_32_32_32_5_20nm_TT_0V9_25C_1000MHz	pnr-timing	RuntimeError: post-PnR setup timing violated (clk slack -0.02) -- the job clock is not achievable; gen-jobs should derive a slower one
intadd_32_32_32_5_16nm_TT_0V85_25C_1333p33MHz	pnr-timing	RuntimeError: post-PnR setup timing violated (clk slack -0.05) -- the job clock is not achievable; gen-jobs should derive a slower one
intadd_32_32_32_5_10nm_TT_0V8_25C_1333p33MHz	pnr-timing	RuntimeError: post-PnR setup timing violated (clk slack -0.01) -- the job clock is not achievable; gen-jobs should derive a slower one
intadd_32_32_40_3_16nm_TT_0V85_25C_1000MHz	pnr-timing	RuntimeError: post-PnR setup timing violated (clk slack -0.04) -- the job clock is not achievable; gen-jobs should derive a slower one
intadd_32_32_40_2_10nm_TT_0V8_25C_800MHz	pnr-timing	RuntimeError: post-PnR setup timing violated (clk slack -0.02) -- the job clock is not achievable; gen-jobs should derive a slower one
intadd_32_32_32_2_7nm_TT_0V75_25C_1333p33MHz	pnr-timing	RuntimeError: post-PnR setup timing violated (clk slack -0.02) -- the job clock is not achievable; gen-jobs should derive a slower one
intadd_32_32_40_3_20nm_TT_0V9_25C_800MHz	pnr-timing	RuntimeError: post-PnR setup timing violated (clk slack -0.02) -- the job clock is not achievable; gen-jobs should derive a slower one
intadd_32_32_40_3_16nm_TT_0V85_25C_666p667MHz	pnr-timing	RuntimeError: post-PnR setup timing violated (clk slack -0.04) -- the job clock is not achievable; gen-jobs should derive a slower one
intadd_32_32_40_3_20nm_TT_0V9_25C_500MHz	pnr-timing	RuntimeError: post-PnR setup timing violated (clk slack -0.02) -- the job clock is not achievable; gen-jobs should derive a slower one
intadd_32_32_40_5_16nm_TT_0V85_25C_1333p33MHz	pnr-timing	RuntimeError: post-PnR setup timing violated (clk slack -0.04) -- the job clock is not achievable; gen-jobs should derive a slower one
intadd_32_32_40_5_16nm_TT_0V85_25C_800MHz	pnr-timing	RuntimeError: post-PnR setup timing violated (clk slack -0.03) -- the job clock is not achievable; gen-jobs should derive a slower one
intadd_32_32_40_5_20nm_TT_0V9_25C_1000MHz	pnr-timing	RuntimeError: post-PnR setup timing violated (clk slack -0.06) -- the job clock is not achievable; gen-jobs should derive a slower one
intadd_32_32_40_3_10nm_TT_0V8_25C_800MHz	pnr-timing	RuntimeError: post-PnR setup timing violated (clk slack -0.05) -- the job clock is not achievable; gen-jobs should derive a slower one
intadd_32_32_40_5_20nm_TT_0V9_25C_571p429MHz	pnr-timing	RuntimeError: post-PnR setup timing violated (clk slack -0.04) -- the job clock is not achievable; gen-jobs should derive a slower one
intadd_48_48_48_2_16nm_TT_0V85_25C_1000MHz	pnr-timing	RuntimeError: post-PnR setup timing violated (clk slack -0.02) -- the job clock is not achievable; gen-jobs should derive a slower one
intadd_32_32_40_3_5nm_TT_0V7_25C_1333p33MHz	pnr-timing	RuntimeError: post-PnR setup timing violated (clk slack -0.01) -- the job clock is not achievable; gen-jobs should derive a slower one
intadd_48_48_48_3_20nm_TT_0V9_25C_800MHz	pnr-timing	RuntimeError: post-PnR setup timing violated (clk slack -0.05) -- the job clock is not achievable; gen-jobs should derive a slower one
intadd_48_48_48_3_16nm_TT_0V85_25C_666p667MHz	pnr-timing	RuntimeError: post-PnR setup timing violated (clk slack -0.01) -- the job clock is not achievable; gen-jobs should derive a slower one
intadd_48_48_48_2_10nm_TT_0V8_25C_800MHz	pnr-timing	RuntimeError: post-PnR setup timing violated (clk slack -0.02) -- the job clock is not achievable; gen-jobs should derive a slower one
intadd_48_48_48_3_20nm_TT_0V9_25C_500MHz	pnr-timing	RuntimeError: post-PnR setup timing violated (clk slack -0.02) -- the job clock is not achievable; gen-jobs should derive a slower one
intadd_48_48_48_5_16nm_TT_0V85_25C_1000MHz	pnr-timing	RuntimeError: post-PnR setup timing violated (clk slack -0.04) -- the job clock is not achievable; gen-jobs should derive a slower one
intadd_48_48_48_5_20nm_TT_0V9_25C_1000MHz	pnr-timing	RuntimeError: post-PnR setup timing violated (clk slack -0.04) -- the job clock is not achievable; gen-jobs should derive a slower one
intadd_48_48_48_3_10nm_TT_0V8_25C_1333p33MHz	pnr-timing	RuntimeError: post-PnR setup timing violated (clk slack -0.09) -- the job clock is not achievable; gen-jobs should derive a slower one
intadd_48_48_56_2_20nm_TT_0V9_25C_800MHz	pnr-timing	RuntimeError: post-PnR setup timing violated (clk slack -0.02) -- the job clock is not achievable; gen-jobs should derive a slower one
intadd_48_48_48_2_5nm_TT_0V7_25C_800MHz	pnr-timing	RuntimeError: post-PnR setup timing violated (clk slack -0.05) -- the job clock is not achievable; gen-jobs should derive a slower one
intadd_48_48_48_3_5nm_TT_0V7_25C_1333p33MHz	pnr-timing	RuntimeError: post-PnR setup timing violated (clk slack -0.04) -- the job clock is not achievable; gen-jobs should derive a slower one
intadd_48_48_56_3_20nm_TT_0V9_25C_800MHz	pnr-timing	RuntimeError: post-PnR setup timing violated (clk slack -0.03) -- the job clock is not achievable; gen-jobs should derive a slower one
intadd_48_48_56_2_10nm_TT_0V8_25C_1333p33MHz	pnr-timing	RuntimeError: post-PnR setup timing violated (clk slack -0.01) -- the job clock is not achievable; gen-jobs should derive a slower one
intadd_48_48_48_5_5nm_TT_0V7_25C_1333p33MHz	pnr-timing	RuntimeError: post-PnR setup timing violated (clk slack -0.02) -- the job clock is not achievable; gen-jobs should derive a slower one
intadd_48_48_56_5_16nm_TT_0V85_25C_1000MHz	pnr-timing	RuntimeError: post-PnR setup timing violated (clk slack -0.03) -- the job clock is not achievable; gen-jobs should derive a slower one
intadd_48_48_56_3_10nm_TT_0V8_25C_1333p33MHz	pnr-timing	RuntimeError: post-PnR setup timing violated (clk slack -0.02) -- the job clock is not achievable; gen-jobs should derive a slower one
intadd_48_48_56_5_20nm_TT_0V9_25C_571p429MHz	pnr-timing	RuntimeError: post-PnR setup timing violated (clk slack -0.07) -- the job clock is not achievable; gen-jobs should derive a slower one
intadd_48_48_56_5_20nm_TT_0V9_25C_1000MHz	pnr-timing	RuntimeError: post-PnR setup timing violated (clk slack -0.02) -- the job clock is not achievable; gen-jobs should derive a slower one
intadd_48_48_56_5_16nm_TT_0V85_25C_666p667MHz	pnr-timing	RuntimeError: post-PnR setup timing violated (clk slack -0.05) -- the job clock is not achievable; gen-jobs should derive a slower one
intadd_64_64_64_2_16nm_TT_0V85_25C_800MHz	pnr-timing	RuntimeError: post-PnR setup timing violated (clk slack -0.01) -- the job clock is not achievable; gen-jobs should derive a slower one
intadd_48_48_56_5_10nm_TT_0V8_25C_1333p33MHz	pnr-timing	RuntimeError: post-PnR setup timing violated (clk slack -0.03) -- the job clock is not achievable; gen-jobs should derive a slower one
intadd_64_64_64_2_10nm_TT_0V8_25C_1333p33MHz	pnr-timing	RuntimeError: post-PnR setup timing violated (clk slack -0.04) -- the job clock is not achievable; gen-jobs should derive a slower one
intadd_48_48_48_2_7nm_TT_0V75_25C_800MHz	pnr-timing	RuntimeError: post-PnR setup timing violated (clk slack -0.04) -- the job clock is not achievable; gen-jobs should derive a slower one
intadd_64_64_64_3_16nm_TT_0V85_25C_1000MHz	pnr-timing	RuntimeError: post-PnR setup timing violated (clk slack -0.01) -- the job clock is not achievable; gen-jobs should derive a slower one
intadd_64_64_64_3_16nm_TT_0V85_25C_666p667MHz	pnr-timing	RuntimeError: post-PnR setup timing violated (clk slack -0.02) -- the job clock is not achievable; gen-jobs should derive a slower one
intadd_64_64_64_2_10nm_TT_0V8_25C_800MHz	pnr-timing	RuntimeError: post-PnR setup timing violated (clk slack -0.01) -- the job clock is not achievable; gen-jobs should derive a slower one
intadd_48_48_48_3_7nm_TT_0V75_25C_1333p33MHz	pnr-timing	RuntimeError: post-PnR setup timing violated (clk slack -0.02) -- the job clock is not achievable; gen-jobs should derive a slower one
intadd_64_64_64_3_20nm_TT_0V9_25C_500MHz	pnr-timing	RuntimeError: post-PnR setup timing violated (clk slack -0.03) -- the job clock is not achievable; gen-jobs should derive a slower one
intadd_64_64_64_3_10nm_TT_0V8_25C_1333p33MHz	pnr-timing	RuntimeError: post-PnR setup timing violated (clk slack -0.02) -- the job clock is not achievable; gen-jobs should derive a slower one
intadd_64_64_64_3_10nm_TT_0V8_25C_800MHz	pnr-timing	RuntimeError: post-PnR setup timing violated (clk slack -0.05) -- the job clock is not achievable; gen-jobs should derive a slower one
intadd_64_64_72_2_16nm_TT_0V85_25C_1000MHz	pnr-timing	RuntimeError: post-PnR setup timing violated (clk slack -0.03) -- the job clock is not achievable; gen-jobs should derive a slower one
intadd_64_64_64_5_16nm_TT_0V85_25C_1000MHz	pnr-timing	RuntimeError: post-PnR setup timing violated (clk slack -0.02) -- the job clock is not achievable; gen-jobs should derive a slower one
intadd_64_64_64_5_20nm_TT_0V9_25C_800MHz	pnr-timing	RuntimeError: post-PnR setup timing violated (clk slack -0.07) -- the job clock is not achievable; gen-jobs should derive a slower one
intadd_64_64_64_5_20nm_TT_0V9_25C_571p429MHz	pnr-timing	RuntimeError: post-PnR setup timing violated (clk slack -0.04) -- the job clock is not achievable; gen-jobs should derive a slower one
intadd_48_48_48_5_7nm_TT_0V75_25C_1333p33MHz	pnr-timing	RuntimeError: post-PnR setup timing violated (clk slack -0.03) -- the job clock is not achievable; gen-jobs should derive a slower one
intadd_64_64_64_5_10nm_TT_0V8_25C_1333p33MHz	pnr-timing	RuntimeError: post-PnR setup timing violated (clk slack -0.02) -- the job clock is not achievable; gen-jobs should derive a slower one
intadd_64_64_72_2_16nm_TT_0V85_25C_571p429MHz	pnr-timing	RuntimeError: post-PnR setup timing violated (clk slack -0.02) -- the job clock is not achievable; gen-jobs should derive a slower one
intadd_64_64_72_3_16nm_TT_0V85_25C_1000MHz	pnr-timing	RuntimeError: post-PnR setup timing violated (clk slack -0.01) -- the job clock is not achievable; gen-jobs should derive a slower one
intadd_64_64_72_3_20nm_TT_0V9_25C_800MHz	pnr-timing	RuntimeError: post-PnR setup timing violated (clk slack -0.03) -- the job clock is not achievable; gen-jobs should derive a slower one
intadd_64_64_72_2_10nm_TT_0V8_25C_800MHz	pnr-timing	RuntimeError: post-PnR setup timing violated (clk slack -0.02) -- the job clock is not achievable; gen-jobs should derive a slower one
intadd_64_64_64_2_5nm_TT_0V7_25C_800MHz	pnr-timing	RuntimeError: post-PnR setup timing violated (clk slack -0.03) -- the job clock is not achievable; gen-jobs should derive a slower one
intadd_48_48_56_2_7nm_TT_0V75_25C_800MHz	pnr-timing	RuntimeError: post-PnR setup timing violated (clk slack -0.03) -- the job clock is not achievable; gen-jobs should derive a slower one
intadd_64_64_72_3_16nm_TT_0V85_25C_666p667MHz	pnr-timing	RuntimeError: post-PnR setup timing violated (clk slack -0.01) -- the job clock is not achievable; gen-jobs should derive a slower one
intadd_64_64_64_3_5nm_TT_0V7_25C_1333p33MHz	pnr-timing	RuntimeError: post-PnR setup timing violated (clk slack -0.01) -- the job clock is not achievable; gen-jobs should derive a slower one
intadd_64_64_72_5_16nm_TT_0V85_25C_1000MHz	pnr-timing	RuntimeError: post-PnR setup timing violated (clk slack -0.04) -- the job clock is not achievable; gen-jobs should derive a slower one
intadd_64_64_72_3_20nm_TT_0V9_25C_500MHz	pnr-timing	RuntimeError: post-PnR setup timing violated (clk slack -0.01) -- the job clock is not achievable; gen-jobs should derive a slower one
intadd_64_64_72_3_10nm_TT_0V8_25C_1333p33MHz	pnr-timing	RuntimeError: post-PnR setup timing violated (clk slack -0.03) -- the job clock is not achievable; gen-jobs should derive a slower one
intadd_64_64_72_5_20nm_TT_0V9_25C_800MHz	pnr-timing	RuntimeError: post-PnR setup timing violated (clk slack -0.05) -- the job clock is not achievable; gen-jobs should derive a slower one
intadd_64_64_72_3_10nm_TT_0V8_25C_800MHz	pnr-timing	RuntimeError: post-PnR setup timing violated (clk slack -0.05) -- the job clock is not achievable; gen-jobs should derive a slower one
intadd_64_64_72_5_10nm_TT_0V8_25C_1333p33MHz	pnr-timing	RuntimeError: post-PnR setup timing violated (clk slack -0.03) -- the job clock is not achievable; gen-jobs should derive a slower one
intadd_96_96_96_2_16nm_TT_0V85_25C_800MHz	pnr-timing	RuntimeError: post-PnR setup timing violated (clk slack -0.01) -- the job clock is not achievable; gen-jobs should derive a slower one
intadd_64_64_72_5_20nm_TT_0V9_25C_571p429MHz	pnr-timing	RuntimeError: post-PnR setup timing violated (clk slack -0.04) -- the job clock is not achievable; gen-jobs should derive a slower one
intadd_96_96_96_2_20nm_TT_0V9_25C_571p429MHz	pnr-timing	RuntimeError: post-PnR setup timing violated (clk slack -0.01) -- the job clock is not achievable; gen-jobs should derive a slower one
intadd_96_96_96_2_16nm_TT_0V85_25C_500MHz	pnr-timing	RuntimeError: post-PnR setup timing violated (clk slack -0.02) -- the job clock is not achievable; gen-jobs should derive a slower one
intadd_64_64_72_5_10nm_TT_0V8_25C_800MHz	pnr-timing	RuntimeError: post-PnR setup timing violated (clk slack -0.03) -- the job clock is not achievable; gen-jobs should derive a slower one
intadd_96_96_96_2_10nm_TT_0V8_25C_1333p33MHz	pnr-timing	RuntimeError: post-PnR setup timing violated (clk slack -0.01) -- the job clock is not achievable; gen-jobs should derive a slower one
intadd_96_96_96_2_10nm_TT_0V8_25C_800MHz	pnr-timing	RuntimeError: post-PnR setup timing violated (clk slack -0.05) -- the job clock is not achievable; gen-jobs should derive a slower one
intadd_96_96_96_3_16nm_TT_0V85_25C_1000MHz	pnr-timing	RuntimeError: post-PnR setup timing violated (clk slack -0.03) -- the job clock is not achievable; gen-jobs should derive a slower one
intadd_96_96_96_3_16nm_TT_0V85_25C_571p429MHz	pnr-timing	RuntimeError: post-PnR setup timing violated (clk slack -0.02) -- the job clock is not achievable; gen-jobs should derive a slower one
intadd_96_96_96_3_20nm_TT_0V9_25C_800MHz	pnr-timing	RuntimeError: post-PnR setup timing violated (clk slack -0.04) -- the job clock is not achievable; gen-jobs should derive a slower one
intadd_64_64_72_2_5nm_TT_0V7_25C_800MHz	pnr-timing	RuntimeError: post-PnR setup timing violated (clk slack -0.02) -- the job clock is not achievable; gen-jobs should derive a slower one
intadd_96_96_96_5_16nm_TT_0V85_25C_1000MHz	pnr-timing	RuntimeError: post-PnR setup timing violated (clk slack -0.03) -- the job clock is not achievable; gen-jobs should derive a slower one
intadd_96_96_96_3_10nm_TT_0V8_25C_1333p33MHz	pnr-timing	RuntimeError: post-PnR setup timing violated (clk slack -0.03) -- the job clock is not achievable; gen-jobs should derive a slower one
intadd_96_96_96_3_10nm_TT_0V8_25C_800MHz	pnr-timing	RuntimeError: post-PnR setup timing violated (clk slack -0.04) -- the job clock is not achievable; gen-jobs should derive a slower one
intadd_96_96_96_5_10nm_TT_0V8_25C_1333p33MHz	pnr-timing	RuntimeError: post-PnR setup timing violated (clk slack -0.04) -- the job clock is not achievable; gen-jobs should derive a slower one
intadd_64_64_64_2_7nm_TT_0V75_25C_1333p33MHz	pnr-timing	RuntimeError: post-PnR setup timing violated (clk slack -0.02) -- the job clock is not achievable; gen-jobs should derive a slower one
intadd_96_96_96_5_16nm_TT_0V85_25C_666p667MHz	pnr-timing	RuntimeError: post-PnR setup timing violated (clk slack -0.03) -- the job clock is not achievable; gen-jobs should derive a slower one
intadd_64_64_64_2_7nm_TT_0V75_25C_800MHz	pnr-timing	RuntimeError: post-PnR setup timing violated (clk slack -0.02) -- the job clock is not achievable; gen-jobs should derive a slower one
intadd_96_96_96_5_20nm_TT_0V9_25C_500MHz	pnr-timing	RuntimeError: post-PnR setup timing violated (clk slack -0.07) -- the job clock is not achievable; gen-jobs should derive a slower one
intadd_96_96_96_5_20nm_TT_0V9_25C_800MHz	pnr-timing	RuntimeError: post-PnR setup timing violated (clk slack -0.09) -- the job clock is not achievable; gen-jobs should derive a slower one
intadd_64_64_72_3_5nm_TT_0V7_25C_800MHz	pnr-timing	RuntimeError: post-PnR setup timing violated (clk slack -0.01) -- the job clock is not achievable; gen-jobs should derive a slower one
intadd_96_96_104_2_10nm_TT_0V8_25C_1333p33MHz	pnr-timing	RuntimeError: post-PnR setup timing violated (clk slack -0.01) -- the job clock is not achievable; gen-jobs should derive a slower one
intadd_64_64_72_5_5nm_TT_0V7_25C_1333p33MHz	pnr-timing	RuntimeError: post-PnR setup timing violated (clk slack -0.04) -- the job clock is not achievable; gen-jobs should derive a slower one
intadd_96_96_104_2_10nm_TT_0V8_25C_800MHz	pnr-timing	RuntimeError: post-PnR setup timing violated (clk slack -0.01) -- the job clock is not achievable; gen-jobs should derive a slower one
intadd_96_96_104_2_20nm_TT_0V9_25C_571p429MHz	pnr-timing	RuntimeError: post-PnR setup timing violated (clk slack -0.11) -- the job clock is not achievable; gen-jobs should derive a slower one
intadd_96_96_104_3_16nm_TT_0V85_25C_1000MHz	pnr-timing	RuntimeError: post-PnR setup timing violated (clk slack -0.04) -- the job clock is not achievable; gen-jobs should derive a slower one
intadd_96_96_104_3_20nm_TT_0V9_25C_800MHz	pnr-timing	RuntimeError: post-PnR setup timing violated (clk slack -0.04) -- the job clock is not achievable; gen-jobs should derive a slower one
intadd_64_64_64_3_7nm_TT_0V75_25C_1333p33MHz	pnr-timing	RuntimeError: post-PnR setup timing violated (clk slack -0.01) -- the job clock is not achievable; gen-jobs should derive a slower one
intadd_96_96_104_3_16nm_TT_0V85_25C_571p429MHz	pnr-timing	RuntimeError: post-PnR setup timing violated (clk slack -0.05) -- the job clock is not achievable; gen-jobs should derive a slower one
intadd_96_96_96_2_5nm_TT_0V7_25C_1333p33MHz	pnr-timing	RuntimeError: post-PnR setup timing violated (clk slack -0.01) -- the job clock is not achievable; gen-jobs should derive a slower one
intadd_96_96_104_3_10nm_TT_0V8_25C_1333p33MHz	pnr-timing	RuntimeError: post-PnR setup timing violated (clk slack -0.03) -- the job clock is not achievable; gen-jobs should derive a slower one
intadd_96_96_96_2_5nm_TT_0V7_25C_800MHz	pnr-timing	RuntimeError: post-PnR setup timing violated (clk slack -0.04) -- the job clock is not achievable; gen-jobs should derive a slower one
intadd_96_96_104_3_10nm_TT_0V8_25C_800MHz	pnr-timing	RuntimeError: post-PnR setup timing violated (clk slack -0.04) -- the job clock is not achievable; gen-jobs should derive a slower one
intadd_64_64_64_5_7nm_TT_0V75_25C_1333p33MHz	pnr-timing	RuntimeError: post-PnR setup timing violated (clk slack -0.02) -- the job clock is not achievable; gen-jobs should derive a slower one
intadd_96_96_104_3_20nm_TT_0V9_25C_500MHz	pnr-timing	RuntimeError: post-PnR setup timing violated (clk slack -0.01) -- the job clock is not achievable; gen-jobs should derive a slower one
intadd_96_96_104_5_16nm_TT_0V85_25C_1000MHz	pnr-timing	RuntimeError: post-PnR setup timing violated (clk slack -0.05) -- the job clock is not achievable; gen-jobs should derive a slower one
intadd_96_96_104_5_10nm_TT_0V8_25C_1333p33MHz	pnr-timing	RuntimeError: post-PnR setup timing violated (clk slack -0.03) -- the job clock is not achievable; gen-jobs should derive a slower one
intadd_96_96_104_5_16nm_TT_0V85_25C_666p667MHz	pnr-timing	RuntimeError: post-PnR setup timing violated (clk slack -0.05) -- the job clock is not achievable; gen-jobs should derive a slower one
intadd_96_96_96_3_5nm_TT_0V7_25C_1333p33MHz	pnr-timing	RuntimeError: post-PnR setup timing violated (clk slack -0.02) -- the job clock is not achievable; gen-jobs should derive a slower one
intadd_96_96_104_5_20nm_TT_0V9_25C_800MHz	pnr-timing	RuntimeError: post-PnR setup timing violated (clk slack -0.04) -- the job clock is not achievable; gen-jobs should derive a slower one
intadd_128_128_128_2_16nm_TT_0V85_25C_800MHz	pnr-timing	RuntimeError: post-PnR setup timing violated (clk slack -0.01) -- the job clock is not achievable; gen-jobs should derive a slower one
intadd_96_96_96_3_5nm_TT_0V7_25C_800MHz	pnr-timing	RuntimeError: post-PnR setup timing violated (clk slack -0.04) -- the job clock is not achievable; gen-jobs should derive a slower one
intadd_128_128_128_2_10nm_TT_0V8_25C_1333p33MHz	pnr-timing	RuntimeError: post-PnR setup timing violated (clk slack -0.04) -- the job clock is not achievable; gen-jobs should derive a slower one
intadd_96_96_104_5_20nm_TT_0V9_25C_500MHz	pnr-timing	RuntimeError: post-PnR setup timing violated (clk slack -0.05) -- the job clock is not achievable; gen-jobs should derive a slower one
intadd_128_128_128_2_20nm_TT_0V9_25C_571p429MHz	pnr-timing	RuntimeError: post-PnR setup timing violated (clk slack -0.02) -- the job clock is not achievable; gen-jobs should derive a slower one
intadd_96_96_96_5_5nm_TT_0V7_25C_1333p33MHz	pnr-timing	RuntimeError: post-PnR setup timing violated (clk slack -0.03) -- the job clock is not achievable; gen-jobs should derive a slower one
intadd_128_128_128_2_16nm_TT_0V85_25C_500MHz	pnr-timing	RuntimeError: post-PnR setup timing violated (clk slack -0.02) -- the job clock is not achievable; gen-jobs should derive a slower one
intadd_128_128_128_2_10nm_TT_0V8_25C_800MHz	pnr-timing	RuntimeError: post-PnR setup timing violated (clk slack -0.04) -- the job clock is not achievable; gen-jobs should derive a slower one
intadd_64_64_72_2_7nm_TT_0V75_25C_800MHz	pnr-timing	RuntimeError: post-PnR setup timing violated (clk slack -0.04) -- the job clock is not achievable; gen-jobs should derive a slower one
intadd_128_128_128_3_16nm_TT_0V85_25C_1000MHz	pnr-timing	RuntimeError: post-PnR setup timing violated (clk slack -0.04) -- the job clock is not achievable; gen-jobs should derive a slower one
intadd_128_128_128_3_16nm_TT_0V85_25C_571p429MHz	pnr-timing	RuntimeError: post-PnR setup timing violated (clk slack -0.05) -- the job clock is not achievable; gen-jobs should derive a slower one
intadd_128_128_128_3_10nm_TT_0V8_25C_1333p33MHz	pnr-timing	RuntimeError: post-PnR setup timing violated (clk slack -0.02) -- the job clock is not achievable; gen-jobs should derive a slower one
intadd_128_128_128_3_20nm_TT_0V9_25C_444p444MHz	pnr-timing	RuntimeError: post-PnR setup timing violated (clk slack -0.01) -- the job clock is not achievable; gen-jobs should derive a slower one
intadd_128_128_128_3_20nm_TT_0V9_25C_800MHz	pnr-timing	RuntimeError: post-PnR setup timing violated (clk slack -0.11) -- the job clock is not achievable; gen-jobs should derive a slower one
intadd_128_128_128_3_10nm_TT_0V8_25C_800MHz	pnr-timing	RuntimeError: post-PnR setup timing violated (clk slack -0.03) -- the job clock is not achievable; gen-jobs should derive a slower one
intadd_128_128_128_5_10nm_TT_0V8_25C_1333p33MHz	pnr-timing	RuntimeError: post-PnR setup timing violated (clk slack -0.03) -- the job clock is not achievable; gen-jobs should derive a slower one
intadd_128_128_128_5_16nm_TT_0V85_25C_1000MHz	pnr-timing	RuntimeError: post-PnR setup timing violated (clk slack -0.02) -- the job clock is not achievable; gen-jobs should derive a slower one
intadd_128_128_128_5_16nm_TT_0V85_25C_666p667MHz	pnr-timing	RuntimeError: post-PnR setup timing violated (clk slack -0.07) -- the job clock is not achievable; gen-jobs should derive a slower one
intadd_128_128_136_2_16nm_TT_0V85_25C_800MHz	pnr-timing	RuntimeError: post-PnR setup timing violated (clk slack -0.01) -- the job clock is not achievable; gen-jobs should derive a slower one
intadd_128_128_128_5_10nm_TT_0V8_25C_800MHz	pnr-timing	RuntimeError: post-PnR setup timing violated (clk slack -0.05) -- the job clock is not achievable; gen-jobs should derive a slower one
intadd_128_128_136_2_10nm_TT_0V8_25C_1333p33MHz	pnr-timing	RuntimeError: post-PnR setup timing violated (clk slack -0.03) -- the job clock is not achievable; gen-jobs should derive a slower one
intadd_64_64_72_5_7nm_TT_0V75_25C_1333p33MHz	pnr-timing	RuntimeError: post-PnR setup timing violated (clk slack -0.01) -- the job clock is not achievable; gen-jobs should derive a slower one
intadd_128_128_136_2_10nm_TT_0V8_25C_800MHz	pnr-timing	RuntimeError: post-PnR setup timing violated (clk slack -0.02) -- the job clock is not achievable; gen-jobs should derive a slower one
intadd_96_96_104_3_5nm_TT_0V7_25C_800MHz	pnr-timing	RuntimeError: post-PnR setup timing violated (clk slack -0.04) -- the job clock is not achievable; gen-jobs should derive a slower one
intadd_128_128_128_5_20nm_TT_0V9_25C_800MHz	pnr-timing	RuntimeError: post-PnR setup timing violated (clk slack -0.17) -- the job clock is not achievable; gen-jobs should derive a slower one
intadd_128_128_128_5_20nm_TT_0V9_25C_500MHz	pnr-timing	RuntimeError: post-PnR setup timing violated (clk slack -0.23) -- the job clock is not achievable; gen-jobs should derive a slower one
intadd_128_128_136_3_16nm_TT_0V85_25C_800MHz	pnr-timing	RuntimeError: post-PnR setup timing violated (clk slack -0.03) -- the job clock is not achievable; gen-jobs should derive a slower one
intadd_128_128_136_3_10nm_TT_0V8_25C_800MHz	pnr-timing	RuntimeError: post-PnR setup timing violated (clk slack -0.05) -- the job clock is not achievable; gen-jobs should derive a slower one
intadd_96_96_104_5_5nm_TT_0V7_25C_800MHz	pnr-timing	RuntimeError: post-PnR setup timing violated (clk slack -0.04) -- the job clock is not achievable; gen-jobs should derive a slower one
intadd_128_128_136_5_10nm_TT_0V8_25C_1333p33MHz	pnr-timing	RuntimeError: post-PnR setup timing violated (clk slack -0.03) -- the job clock is not achievable; gen-jobs should derive a slower one
intadd_128_128_136_3_20nm_TT_0V9_25C_363p636MHz	pnr-timing	RuntimeError: post-PnR setup timing violated (clk slack -0.02) -- the job clock is not achievable; gen-jobs should derive a slower one
intadd_96_96_96_2_7nm_TT_0V75_25C_800MHz	pnr-timing	RuntimeError: post-PnR setup timing violated (clk slack -0.05) -- the job clock is not achievable; gen-jobs should derive a slower one
intadd_128_128_136_5_16nm_TT_0V85_25C_1000MHz	pnr-timing	RuntimeError: post-PnR setup timing violated (clk slack -0.03) -- the job clock is not achievable; gen-jobs should derive a slower one
intadd_128_128_128_2_5nm_TT_0V7_25C_800MHz	pnr-timing	RuntimeError: post-PnR setup timing violated (clk slack -0.05) -- the job clock is not achievable; gen-jobs should derive a slower one
intadd_128_128_136_5_16nm_TT_0V85_25C_666p667MHz	pnr-timing	RuntimeError: post-PnR setup timing violated (clk slack -0.05) -- the job clock is not achievable; gen-jobs should derive a slower one
intadd_128_128_136_5_10nm_TT_0V8_25C_800MHz	pnr-timing	RuntimeError: post-PnR setup timing violated (clk slack -0.02) -- the job clock is not achievable; gen-jobs should derive a slower one
intadd_128_128_128_3_5nm_TT_0V7_25C_1333p33MHz	pnr-timing	RuntimeError: post-PnR setup timing violated (clk slack -0.02) -- the job clock is not achievable; gen-jobs should derive a slower one
intadd_128_128_136_5_20nm_TT_0V9_25C_800MHz	pnr-timing	RuntimeError: post-PnR setup timing violated (clk slack -0.05) -- the job clock is not achievable; gen-jobs should derive a slower one
intadd_128_128_136_5_20nm_TT_0V9_25C_500MHz	pnr-timing	RuntimeError: post-PnR setup timing violated (clk slack -0.11) -- the job clock is not achievable; gen-jobs should derive a slower one
intadd_128_128_128_3_5nm_TT_0V7_25C_800MHz	pnr-timing	RuntimeError: post-PnR setup timing violated (clk slack -0.05) -- the job clock is not achievable; gen-jobs should derive a slower one
intadd_128_128_128_5_5nm_TT_0V7_25C_1333p33MHz	pnr-timing	RuntimeError: post-PnR setup timing violated (clk slack -0.01) -- the job clock is not achievable; gen-jobs should derive a slower one
intadd_96_96_96_3_7nm_TT_0V75_25C_800MHz	pnr-timing	RuntimeError: post-PnR setup timing violated (clk slack -0.05) -- the job clock is not achievable; gen-jobs should derive a slower one
intadd_96_96_96_3_7nm_TT_0V75_25C_1333p33MHz	pnr-timing	RuntimeError: post-PnR setup timing violated (clk slack -0.01) -- the job clock is not achievable; gen-jobs should derive a slower one
intadd_96_96_96_5_7nm_TT_0V75_25C_1333p33MHz	pnr-timing	RuntimeError: post-PnR setup timing violated (clk slack -0.03) -- the job clock is not achievable; gen-jobs should derive a slower one
intadd_96_96_104_2_7nm_TT_0V75_25C_800MHz	pnr-timing	RuntimeError: post-PnR setup timing violated (clk slack -0.01) -- the job clock is not achievable; gen-jobs should derive a slower one
intadd_128_128_136_3_5nm_TT_0V7_25C_800MHz	pnr-timing	RuntimeError: post-PnR setup timing violated (clk slack -0.04) -- the job clock is not achievable; gen-jobs should derive a slower one
intadd_128_128_136_5_5nm_TT_0V7_25C_1333p33MHz	pnr-timing	RuntimeError: post-PnR setup timing violated (clk slack -0.01) -- the job clock is not achievable; gen-jobs should derive a slower one
intadd_96_96_104_3_7nm_TT_0V75_25C_800MHz	pnr-timing	RuntimeError: post-PnR setup timing violated (clk slack -0.01) -- the job clock is not achievable; gen-jobs should derive a slower one
intadd_96_96_104_5_7nm_TT_0V75_25C_1333p33MHz	pnr-timing	RuntimeError: post-PnR setup timing violated (clk slack -0.03) -- the job clock is not achievable; gen-jobs should derive a slower one
intmul_12_12_24_2_10nm_TT_0V8_25C_1000MHz	pnr-timing	RuntimeError: post-PnR setup timing violated (clk slack -0.02) -- the job clock is not achievable; gen-jobs should derive a slower one
intadd_96_96_104_5_7nm_TT_0V75_25C_800MHz	pnr-timing	RuntimeError: post-PnR setup timing violated (clk slack -0.03) -- the job clock is not achievable; gen-jobs should derive a slower one
intadd_128_128_128_2_7nm_TT_0V75_25C_1333p33MHz	pnr-timing	RuntimeError: post-PnR setup timing violated (clk slack -0.02) -- the job clock is not achievable; gen-jobs should derive a slower one
intadd_128_128_128_2_7nm_TT_0V75_25C_800MHz	pnr-timing	RuntimeError: post-PnR setup timing violated (clk slack -0.01) -- the job clock is not achievable; gen-jobs should derive a slower one
intmul_12_12_24_3_10nm_TT_0V8_25C_1000MHz	pnr-timing	RuntimeError: post-PnR setup timing violated (clk slack -0.01) -- the job clock is not achievable; gen-jobs should derive a slower one
intmul_12_12_24_5_10nm_TT_0V8_25C_1000MHz	pnr-timing	RuntimeError: post-PnR setup timing violated (clk slack -0.02) -- the job clock is not achievable; gen-jobs should derive a slower one
intmul_16_16_32_2_10nm_TT_0V8_25C_666p667MHz	pnr-timing	RuntimeError: post-PnR setup timing violated (clk slack -0.05) -- the job clock is not achievable; gen-jobs should derive a slower one
intadd_128_128_128_3_7nm_TT_0V75_25C_1333p33MHz	pnr-timing	RuntimeError: post-PnR setup timing violated (clk slack -0.02) -- the job clock is not achievable; gen-jobs should derive a slower one
intadd_128_128_128_3_7nm_TT_0V75_25C_800MHz	pnr-timing	RuntimeError: post-PnR setup timing violated (clk slack -0.02) -- the job clock is not achievable; gen-jobs should derive a slower one
intmul_12_12_24_5_20nm_TT_0V9_25C_571p429MHz	pnr-timing	RuntimeError: post-PnR setup timing violated (clk slack -0.03) -- the job clock is not achievable; gen-jobs should derive a slower one
intmul_16_16_32_3_10nm_TT_0V8_25C_1000MHz	pnr-timing	RuntimeError: post-PnR setup timing violated (clk slack -0.03) -- the job clock is not achievable; gen-jobs should derive a slower one
intmul_16_16_32_3_10nm_TT_0V8_25C_571p429MHz	pnr-timing	RuntimeError: post-PnR setup timing violated (clk slack -0.01) -- the job clock is not achievable; gen-jobs should derive a slower one
intadd_128_128_128_5_7nm_TT_0V75_25C_1333p33MHz	pnr-timing	RuntimeError: post-PnR setup timing violated (clk slack -0.03) -- the job clock is not achievable; gen-jobs should derive a slower one
intmul_16_16_32_2_20nm_TT_0V9_25C_333p333MHz	sim	RuntimeError: gate-level simulation failed for intmul_16_16_32_2_20nm_TT_0V9_25C_333p333MHz (mode random); see /home/KNUEEhdd1/ys_knu/kmk/NPUWattch/dataset_gen/logic/TECH_20nm/04_sim/intmul_16_16_32_2_20nm_TT_0V9_25C_333p333MHz/sim.log
intmul_16_16_32_5_10nm_TT_0V8_25C_666p667MHz	pnr-timing	RuntimeError: post-PnR setup timing violated (clk slack -0.01) -- the job clock is not achievable; gen-jobs should derive a slower one
intmul_16_16_32_5_16nm_TT_0V85_25C_666p667MHz	pnr-timing	RuntimeError: post-PnR setup timing violated (**reg2out_default** slack -0.09; clk slack -0.08) -- the job clock is not achievable; gen-jobs should derive a slower one
intmul_12_12_24_2_5nm_TT_0V7_25C_1000MHz	pnr-timing	RuntimeError: post-PnR setup timing violated (clk slack -0.04) -- the job clock is not achievable; gen-jobs should derive a slower one
intadd_128_128_136_2_7nm_TT_0V75_25C_800MHz	pnr-timing	RuntimeError: post-PnR setup timing violated (clk slack -0.03) -- the job clock is not achievable; gen-jobs should derive a slower one
intmul_16_16_32_5_20nm_TT_0V9_25C_444p444MHz	pnr-timing	RuntimeError: post-PnR setup timing violated (**reg2out_default** slack -0.03) -- the job clock is not achievable; gen-jobs should derive a slower one
intmul_12_12_24_3_5nm_TT_0V7_25C_1000MHz	pnr-timing	RuntimeError: post-PnR setup timing violated (clk slack -0.03) -- the job clock is not achievable; gen-jobs should derive a slower one
intmul_24_24_48_3_16nm_TT_0V85_25C_571p429MHz	pnr-timing	RuntimeError: post-PnR setup timing violated (clk slack -0.01) -- the job clock is not achievable; gen-jobs should derive a slower one
intmul_24_24_48_5_10nm_TT_0V8_25C_1000MHz	pnr-timing	RuntimeError: post-PnR setup timing violated (clk slack -0.02) -- the job clock is not achievable; gen-jobs should derive a slower one
intmul_12_12_24_5_5nm_TT_0V7_25C_1333p33MHz	pnr-timing	RuntimeError: post-PnR setup timing violated (**reg2out_default** slack -0.04; clk slack -0.02) -- the job clock is not achievable; gen-jobs should derive a slower one
intmul_24_24_48_3_20nm_TT_0V9_25C_400MHz	pnr-timing	RuntimeError: post-PnR setup timing violated (clk slack -0.01) -- the job clock is not achievable; gen-jobs should derive a slower one
intadd_128_128_136_3_7nm_TT_0V75_25C_1333p33MHz	pnr-timing	RuntimeError: post-PnR setup timing violated (clk slack -0.02) -- the job clock is not achievable; gen-jobs should derive a slower one
intmul_32_32_64_2_10nm_TT_0V8_25C_800MHz	pnr-timing	RuntimeError: post-PnR setup timing violated (clk slack -0.02) -- the job clock is not achievable; gen-jobs should derive a slower one
intadd_128_128_136_3_7nm_TT_0V75_25C_800MHz	pnr-timing	RuntimeError: post-PnR setup timing violated (clk slack -0.05) -- the job clock is not achievable; gen-jobs should derive a slower one
intmul_16_16_32_2_5nm_TT_0V7_25C_1000MHz	pnr-timing	RuntimeError: post-PnR setup timing violated (**reg2out_default** slack -0.01) -- the job clock is not achievable; gen-jobs should derive a slower one
intmul_24_24_48_5_16nm_TT_0V85_25C_571p429MHz	pnr-timing	RuntimeError: post-PnR setup timing violated (**reg2out_default** slack -0.01; clk slack -0.02) -- the job clock is not achievable; gen-jobs should derive a slower one
intadd_128_128_136_5_7nm_TT_0V75_25C_1333p33MHz	pnr-timing	RuntimeError: post-PnR setup timing violated (clk slack -0.02) -- the job clock is not achievable; gen-jobs should derive a slower one
intmul_32_32_64_2_10nm_TT_0V8_25C_444p444MHz	pnr-timing	RuntimeError: post-PnR setup timing violated (clk slack -0.02) -- the job clock is not achievable; gen-jobs should derive a slower one
intmul_32_32_64_3_10nm_TT_0V8_25C_800MHz	pnr-timing	RuntimeError: post-PnR setup timing violated (clk slack -0.03) -- the job clock is not achievable; gen-jobs should derive a slower one
intmul_16_16_32_3_5nm_TT_0V7_25C_1000MHz	pnr-timing	RuntimeError: post-PnR setup timing violated (**reg2out_default** slack -0.02; clk slack -0.02) -- the job clock is not achievable; gen-jobs should derive a slower one
intmul_32_32_64_3_10nm_TT_0V8_25C_500MHz	pnr-timing	RuntimeError: post-PnR setup timing violated (clk slack -0.03) -- the job clock is not achievable; gen-jobs should derive a slower one
intmul_32_32_64_2_16nm_TT_0V85_25C_500MHz	pnr-timing	RuntimeError: post-PnR setup timing violated (clk slack -0.02) -- the job clock is not achievable; gen-jobs should derive a slower one
intmul_32_32_64_2_20nm_TT_0V9_25C_363p636MHz	pnr-timing	RuntimeError: post-PnR setup timing violated (clk slack -0.01) -- the job clock is not achievable; gen-jobs should derive a slower one
intmul_16_16_32_5_5nm_TT_0V7_25C_1000MHz	pnr-timing	RuntimeError: post-PnR setup timing violated (**reg2out_default** slack -0.05; clk slack -0.02) -- the job clock is not achievable; gen-jobs should derive a slower one
intmul_32_32_64_5_10nm_TT_0V8_25C_800MHz	pnr-timing	RuntimeError: post-PnR setup timing violated (clk slack -0.04) -- the job clock is not achievable; gen-jobs should derive a slower one
intmul_32_32_64_3_16nm_TT_0V85_25C_500MHz	pnr-timing	RuntimeError: post-PnR setup timing violated (clk slack -0.03) -- the job clock is not achievable; gen-jobs should derive a slower one
intadd_128_128_136_5_7nm_TT_0V75_25C_800MHz	pnr-timing	RuntimeError: post-PnR setup timing violated (clk slack -0.03) -- the job clock is not achievable; gen-jobs should derive a slower one
intmul_32_32_64_3_20nm_TT_0V9_25C_400MHz	pnr-timing	RuntimeError: post-PnR setup timing violated (clk slack -0.05) -- the job clock is not achievable; gen-jobs should derive a slower one
intmul_24_24_48_2_5nm_TT_0V7_25C_1000MHz	pnr-timing	RuntimeError: post-PnR setup timing violated (**reg2out_default** slack -0.01; clk slack -0.02) -- the job clock is not achievable; gen-jobs should derive a slower one
intmul_32_32_64_3_16nm_TT_0V85_25C_307p692MHz	pnr-timing	RuntimeError: post-PnR setup timing violated (**reg2out_default** slack -0.01; clk slack -0.02) -- the job clock is not achievable; gen-jobs should derive a slower one
intmul_48_48_96_2_10nm_TT_0V8_25C_666p667MHz	pnr-timing	RuntimeError: post-PnR setup timing violated (**reg2out_default** slack -0.01; clk slack -0.05) -- the job clock is not achievable; gen-jobs should derive a slower one
intmul_24_24_48_2_5nm_TT_0V7_25C_571p429MHz	pnr-timing	RuntimeError: post-PnR setup timing violated (clk slack -0.03) -- the job clock is not achievable; gen-jobs should derive a slower one
intmul_32_32_64_5_16nm_TT_0V85_25C_571p429MHz	pnr-timing	RuntimeError: post-PnR setup timing violated (**reg2out_default** slack -0.01; clk slack -0.03) -- the job clock is not achievable; gen-jobs should derive a slower one
intmul_48_48_96_2_10nm_TT_0V8_25C_444p444MHz	pnr-timing	RuntimeError: post-PnR setup timing violated (clk slack -0.05) -- the job clock is not achievable; gen-jobs should derive a slower one
intmul_24_24_48_3_5nm_TT_0V7_25C_1000MHz	pnr-timing	RuntimeError: post-PnR setup timing violated (clk slack -0.03) -- the job clock is not achievable; gen-jobs should derive a slower one
intmul_32_32_64_5_20nm_TT_0V9_25C_400MHz	pnr-timing	RuntimeError: post-PnR setup timing violated (**reg2out_default** slack -0.01; clk slack -0.01) -- the job clock is not achievable; gen-jobs should derive a slower one
intmul_24_24_48_3_5nm_TT_0V7_25C_571p429MHz	pnr-timing	RuntimeError: post-PnR setup timing violated (clk slack -0.05) -- the job clock is not achievable; gen-jobs should derive a slower one
intmul_32_32_64_5_20nm_TT_0V9_25C_250MHz	pnr-timing	RuntimeError: post-PnR setup timing violated (**reg2out_default** slack -0.06; clk slack -0.06) -- the job clock is not achievable; gen-jobs should derive a slower one
intmul_48_48_96_3_10nm_TT_0V8_25C_666p667MHz	pnr-timing	RuntimeError: post-PnR setup timing violated (clk slack -0.04) -- the job clock is not achievable; gen-jobs should derive a slower one
intmul_24_24_48_5_5nm_TT_0V7_25C_1000MHz	pnr-timing	RuntimeError: post-PnR setup timing violated (**reg2out_default** slack -0.01; clk slack -0.04) -- the job clock is not achievable; gen-jobs should derive a slower one
intmul_48_48_96_2_16nm_TT_0V85_25C_444p444MHz	pnr-timing	RuntimeError: post-PnR setup timing violated (clk slack -0.02) -- the job clock is not achievable; gen-jobs should derive a slower one
intmul_48_48_96_3_10nm_TT_0V8_25C_444p444MHz	pnr-timing	RuntimeError: post-PnR setup timing violated (clk slack -0.06) -- the job clock is not achievable; gen-jobs should derive a slower one
intmul_24_24_48_5_5nm_TT_0V7_25C_666p667MHz	pnr-timing	RuntimeError: post-PnR setup timing violated (clk slack -0.06) -- the job clock is not achievable; gen-jobs should derive a slower one
intmul_48_48_96_2_20nm_TT_0V9_25C_333p333MHz	pnr-timing	RuntimeError: post-PnR setup timing violated (clk slack -0.03) -- the job clock is not achievable; gen-jobs should derive a slower one
intmul_48_48_96_5_10nm_TT_0V8_25C_800MHz	pnr-timing	RuntimeError: post-PnR setup timing violated (clk slack -0.04) -- the job clock is not achievable; gen-jobs should derive a slower one
intmul_32_32_64_2_5nm_TT_0V7_25C_800MHz	pnr-timing	RuntimeError: post-PnR setup timing violated (**reg2out_default** slack -0.01; clk slack -0.02) -- the job clock is not achievable; gen-jobs should derive a slower one
intmul_48_48_96_3_16nm_TT_0V85_25C_444p444MHz	pnr-timing	RuntimeError: post-PnR setup timing violated (clk slack -0.02) -- the job clock is not achievable; gen-jobs should derive a slower one
intmul_48_48_96_3_20nm_TT_0V9_25C_363p636MHz	pnr-timing	RuntimeError: post-PnR setup timing violated (**reg2out_default** slack -0.02; clk slack -0.1) -- the job clock is not achievable; gen-jobs should derive a slower one
intmul_48_48_96_5_10nm_TT_0V8_25C_500MHz	pnr-timing	RuntimeError: post-PnR setup timing violated (clk slack -0.03) -- the job clock is not achievable; gen-jobs should derive a slower one
intmul_32_32_64_2_5nm_TT_0V7_25C_571p429MHz	pnr-timing	RuntimeError: post-PnR setup timing violated (**reg2out_default** slack -0.02; clk slack -0.04) -- the job clock is not achievable; gen-jobs should derive a slower one
intmul_32_32_64_3_5nm_TT_0V7_25C_800MHz	pnr-timing	RuntimeError: post-PnR setup timing violated (**reg2out_default** slack -0.01; clk slack -0.03) -- the job clock is not achievable; gen-jobs should derive a slower one
intmul_32_32_64_3_5nm_TT_0V7_25C_571p429MHz	pnr-timing	RuntimeError: post-PnR setup timing violated (**reg2out_default** slack -0.01; clk slack -0.02) -- the job clock is not achievable; gen-jobs should derive a slower one
intmul_48_48_96_3_20nm_TT_0V9_25C_222p222MHz	pnr-timing	RuntimeError: post-PnR setup timing violated (clk slack -0.07) -- the job clock is not achievable; gen-jobs should derive a slower one
intmul_64_64_128_2_10nm_TT_0V8_25C_666p667MHz	pnr-timing	RuntimeError: post-PnR setup timing violated (**reg2out_default** slack -0.03; clk slack -0.05) -- the job clock is not achievable; gen-jobs should derive a slower one
intmul_48_48_96_5_16nm_TT_0V85_25C_500MHz	pnr-timing	RuntimeError: post-PnR setup timing violated (**reg2out_default** slack -0.05; clk slack -0.03) -- the job clock is not achievable; gen-jobs should derive a slower one
intmul_32_32_64_5_5nm_TT_0V7_25C_1000MHz	pnr-timing	RuntimeError: post-PnR setup timing violated (**reg2out_default** slack -0.02; clk slack -0.02) -- the job clock is not achievable; gen-jobs should derive a slower one
intmul_48_48_96_5_20nm_TT_0V9_25C_400MHz	pnr-timing	RuntimeError: post-PnR setup timing violated (**reg2out_default** slack -0.04; clk slack -0.06) -- the job clock is not achievable; gen-jobs should derive a slower one
intmul_64_64_128_2_10nm_TT_0V8_25C_400MHz	pnr-timing	RuntimeError: post-PnR setup timing violated (clk slack -0.03) -- the job clock is not achievable; gen-jobs should derive a slower one
intmul_48_48_96_5_20nm_TT_0V9_25C_235p294MHz	pnr-timing	RuntimeError: post-PnR setup timing violated (**reg2out_default** slack -0.01; clk slack -0.03) -- the job clock is not achievable; gen-jobs should derive a slower one
intmul_32_32_64_5_5nm_TT_0V7_25C_571p429MHz	pnr-timing	RuntimeError: post-PnR setup timing violated (**reg2out_default** slack -0.04) -- the job clock is not achievable; gen-jobs should derive a slower one
intmul_64_64_128_3_10nm_TT_0V8_25C_666p667MHz	pnr-timing	RuntimeError: post-PnR setup timing violated (**reg2out_default** slack -0.02; clk slack -0.05) -- the job clock is not achievable; gen-jobs should derive a slower one
intmul_48_48_96_2_5nm_TT_0V7_25C_800MHz	pnr-timing	RuntimeError: post-PnR setup timing violated (**reg2out_default** slack -0.01; clk slack -0.04) -- the job clock is not achievable; gen-jobs should derive a slower one
intmul_12_12_24_2_7nm_TT_0V75_25C_1000MHz	pnr-timing	RuntimeError: post-PnR setup timing violated (clk slack -0.01) -- the job clock is not achievable; gen-jobs should derive a slower one
intmul_64_64_128_3_10nm_TT_0V8_25C_400MHz	pnr-timing	RuntimeError: post-PnR setup timing violated (clk slack -0.02) -- the job clock is not achievable; gen-jobs should derive a slower one
intmul_48_48_96_2_5nm_TT_0V7_25C_500MHz	pnr-timing	RuntimeError: post-PnR setup timing violated (**reg2out_default** slack -0.02; clk slack -0.06) -- the job clock is not achievable; gen-jobs should derive a slower one
intmul_64_64_128_2_16nm_TT_0V85_25C_444p444MHz	pnr-timing	RuntimeError: post-PnR setup timing violated (**reg2out_default** slack -0.01; clk slack -0.06) -- the job clock is not achievable; gen-jobs should derive a slower one
intmul_64_64_128_5_10nm_TT_0V8_25C_800MHz	pnr-timing	RuntimeError: post-PnR setup timing violated (**reg2out_default** slack -0.02; clk slack -0.05) -- the job clock is not achievable; gen-jobs should derive a slower one
intmul_64_64_128_2_20nm_TT_0V9_25C_307p692MHz	pnr-timing	RuntimeError: post-PnR setup timing violated (clk slack -0.11) -- the job clock is not achievable; gen-jobs should derive a slower one
intmul_64_64_128_2_16nm_TT_0V85_25C_266p667MHz	pnr-timing	RuntimeError: post-PnR setup timing violated (**reg2out_default** slack -0.01; clk slack -0.04) -- the job clock is not achievable; gen-jobs should derive a slower one
intmul_48_48_96_3_5nm_TT_0V7_25C_800MHz	pnr-timing	RuntimeError: post-PnR setup timing violated (**reg2out_default** slack -0.02; clk slack -0.05) -- the job clock is not achievable; gen-jobs should derive a slower one
intmul_12_12_24_3_7nm_TT_0V75_25C_1000MHz	pnr-timing	RuntimeError: post-PnR setup timing violated (clk slack -0.05) -- the job clock is not achievable; gen-jobs should derive a slower one
intmul_64_64_128_3_20nm_TT_0V9_25C_333p333MHz	pnr-timing	RuntimeError: post-PnR setup timing violated (**reg2out_default** slack -0.04; clk slack -0.1) -- the job clock is not achievable; gen-jobs should derive a slower one
intmul_64_64_128_5_10nm_TT_0V8_25C_444p444MHz	pnr-timing	RuntimeError: post-PnR setup timing violated (clk slack -0.05) -- the job clock is not achievable; gen-jobs should derive a slower one
intmul_64_64_128_3_16nm_TT_0V85_25C_444p444MHz	pnr-timing	RuntimeError: post-PnR setup timing violated (**reg2out_default** slack -0.06; clk slack -0.06) -- the job clock is not achievable; gen-jobs should derive a slower one
intmul_48_48_96_3_5nm_TT_0V7_25C_500MHz	pnr-timing	RuntimeError: post-PnR setup timing violated (clk slack -0.04) -- the job clock is not achievable; gen-jobs should derive a slower one
intmul_48_48_96_5_5nm_TT_0V7_25C_800MHz	pnr-timing	RuntimeError: post-PnR setup timing violated (**reg2out_default** slack -0.05; clk slack -0.04) -- the job clock is not achievable; gen-jobs should derive a slower one
intmul_12_12_24_5_7nm_TT_0V75_25C_1000MHz	pnr-timing	RuntimeError: post-PnR setup timing violated (clk slack -0.02) -- the job clock is not achievable; gen-jobs should derive a slower one
intmul_16_4_20_2_10nm_TT_0V8_25C_1000MHz	pnr-timing	RuntimeError: post-PnR setup timing violated (clk slack -0.01) -- the job clock is not achievable; gen-jobs should derive a slower one
intmul_48_48_96_5_5nm_TT_0V7_25C_571p429MHz	pnr-timing	RuntimeError: post-PnR setup timing violated (**reg2out_default** slack -0.06; clk slack -0.04) -- the job clock is not achievable; gen-jobs should derive a slower one
intmul_64_64_128_3_20nm_TT_0V9_25C_200MHz	pnr-timing	RuntimeError: post-PnR setup timing violated (**reg2out_default** slack -0.02; clk slack -0.01) -- the job clock is not achievable; gen-jobs should derive a slower one
intmul_64_64_128_5_16nm_TT_0V85_25C_500MHz	pnr-timing	RuntimeError: post-PnR setup timing violated (**reg2out_default** slack -0.06; clk slack -0.05) -- the job clock is not achievable; gen-jobs should derive a slower one
intmul_64_64_128_5_20nm_TT_0V9_25C_363p636MHz	pnr-timing	RuntimeError: post-PnR setup timing violated (**reg2out_default** slack -0.1; clk slack -0.1) -- the job clock is not achievable; gen-jobs should derive a slower one
intmul_64_64_128_5_16nm_TT_0V85_25C_307p692MHz	pnr-timing	RuntimeError: post-PnR setup timing violated (**reg2out_default** slack -0.06; clk slack -0.03) -- the job clock is not achievable; gen-jobs should derive a slower one
intmul_64_64_128_2_5nm_TT_0V7_25C_800MHz	pnr-timing	RuntimeError: post-PnR setup timing violated (**reg2out_default** slack -0.05; clk slack -0.05) -- the job clock is not achievable; gen-jobs should derive a slower one
intmul_64_64_128_5_20nm_TT_0V9_25C_222p222MHz	pnr-timing	RuntimeError: post-PnR setup timing violated (**reg2out_default** slack -0.07; clk slack -0.02) -- the job clock is not achievable; gen-jobs should derive a slower one
intmul_16_8_24_2_10nm_TT_0V8_25C_1000MHz	pnr-timing	RuntimeError: post-PnR setup timing violated (clk slack -0.02) -- the job clock is not achievable; gen-jobs should derive a slower one
intmul_16_16_32_3_7nm_TT_0V75_25C_1000MHz	pnr-timing	RuntimeError: post-PnR setup timing violated (clk slack -0.01) -- the job clock is not achievable; gen-jobs should derive a slower one
intmul_64_64_128_2_5nm_TT_0V7_25C_444p444MHz	pnr-timing	RuntimeError: post-PnR setup timing violated (**reg2out_default** slack -0.01; clk slack -0.05) -- the job clock is not achievable; gen-jobs should derive a slower one
intmul_16_8_24_5_10nm_TT_0V8_25C_800MHz	pnr-timing	RuntimeError: post-PnR setup timing violated (clk slack -0.02) -- the job clock is not achievable; gen-jobs should derive a slower one
intmul_64_64_128_3_5nm_TT_0V7_25C_800MHz	pnr-timing	RuntimeError: post-PnR setup timing violated (**reg2out_default** slack -0.04; clk slack -0.06) -- the job clock is not achievable; gen-jobs should derive a slower one
intmul_32_16_48_2_10nm_TT_0V8_25C_800MHz	pnr-timing	RuntimeError: post-PnR setup timing violated (clk slack -0.03) -- the job clock is not achievable; gen-jobs should derive a slower one
intmul_16_16_32_5_7nm_TT_0V75_25C_1000MHz	pnr-timing	RuntimeError: post-PnR setup timing violated (**reg2out_default** slack -0.03; clk slack -0.02) -- the job clock is not achievable; gen-jobs should derive a slower one
intmul_32_16_48_5_10nm_TT_0V8_25C_1000MHz	pnr-timing	RuntimeError: post-PnR setup timing violated (clk slack -0.01) -- the job clock is not achievable; gen-jobs should derive a slower one
intmul_64_64_128_3_5nm_TT_0V7_25C_500MHz	pnr-timing	RuntimeError: post-PnR setup timing violated (**reg2out_default** slack -0.02; clk slack -0.04) -- the job clock is not achievable; gen-jobs should derive a slower one
intmul_64_64_128_5_5nm_TT_0V7_25C_800MHz	pnr-timing	RuntimeError: post-PnR setup timing violated (**reg2out_default** slack -0.06; clk slack -0.07) -- the job clock is not achievable; gen-jobs should derive a slower one
intmac_4_4_16_16_2_10nm_TT_0V8_25C_1000MHz	pnr-timing	RuntimeError: post-PnR setup timing violated (clk slack -0.03) -- the job clock is not achievable; gen-jobs should derive a slower one
intmac_4_4_16_16_2_10nm_TT_0V8_25C_666p667MHz	sim	RuntimeError: gate-level simulation failed for intmac_4_4_16_16_2_10nm_TT_0V8_25C_666p667MHz (mode random); see /home/KNUEEhdd1/ys_knu/kmk/NPUWattch/dataset_gen/logic/TECH_10nm/04_sim/intmac_4_4_16_16_2_10nm_TT_0V8_25C_666p667MHz/sim.log
intmul_64_64_128_5_5nm_TT_0V7_25C_500MHz	pnr-timing	RuntimeError: post-PnR setup timing violated (**reg2out_default** slack -0.05; clk slack -0.06) -- the job clock is not achievable; gen-jobs should derive a slower one
intmul_24_24_48_2_7nm_TT_0V75_25C_1000MHz	pnr-timing	RuntimeError: post-PnR setup timing violated (clk slack -0.02) -- the job clock is not achievable; gen-jobs should derive a slower one
intmac_4_4_16_16_3_10nm_TT_0V8_25C_666p667MHz	sim	RuntimeError: gate-level simulation failed for intmac_4_4_16_16_3_10nm_TT_0V8_25C_666p667MHz (mode random); see /home/KNUEEhdd1/ys_knu/kmk/NPUWattch/dataset_gen/logic/TECH_10nm/04_sim/intmac_4_4_16_16_3_10nm_TT_0V8_25C_666p667MHz/sim.log
intmul_24_24_48_2_7nm_TT_0V75_25C_571p429MHz	pnr-timing	RuntimeError: post-PnR setup timing violated (clk slack -0.02) -- the job clock is not achievable; gen-jobs should derive a slower one
intmul_16_4_20_2_5nm_TT_0V7_25C_1000MHz	pnr-timing	RuntimeError: post-PnR setup timing violated (clk slack -0.04) -- the job clock is not achievable; gen-jobs should derive a slower one
intmac_6_6_20_20_2_10nm_TT_0V8_25C_1000MHz	pnr-timing	RuntimeError: post-PnR setup timing violated (clk slack -0.02) -- the job clock is not achievable; gen-jobs should derive a slower one
intmac_4_4_16_16_5_10nm_TT_0V8_25C_800MHz	sim	RuntimeError: gate-level simulation failed for intmac_4_4_16_16_5_10nm_TT_0V8_25C_800MHz (mode random); see /home/KNUEEhdd1/ys_knu/kmk/NPUWattch/dataset_gen/logic/TECH_10nm/04_sim/intmac_4_4_16_16_5_10nm_TT_0V8_25C_800MHz/sim.log
intmul_24_24_48_3_7nm_TT_0V75_25C_1000MHz	pnr-timing	RuntimeError: post-PnR setup timing violated (clk slack -0.02) -- the job clock is not achievable; gen-jobs should derive a slower one
intmul_32_16_48_2_20nm_TT_0V9_25C_200MHz	sim	RuntimeError: gate-level simulation failed for intmul_32_16_48_2_20nm_TT_0V9_25C_200MHz (mode random); see /home/KNUEEhdd1/ys_knu/kmk/NPUWattch/dataset_gen/logic/TECH_20nm/04_sim/intmul_32_16_48_2_20nm_TT_0V9_25C_200MHz/sim.log
intmul_32_16_48_5_16nm_TT_0V85_25C_666p667MHz	pnr-timing	RuntimeError: post-PnR setup timing violated (clk slack -0.01) -- the job clock is not achievable; gen-jobs should derive a slower one
intmac_6_6_20_20_2_10nm_TT_0V8_25C_571p429MHz	sim	RuntimeError: gate-level simulation failed for intmac_6_6_20_20_2_10nm_TT_0V8_25C_571p429MHz (mode random); see /home/KNUEEhdd1/ys_knu/kmk/NPUWattch/dataset_gen/logic/TECH_10nm/04_sim/intmac_6_6_20_20_2_10nm_TT_0V8_25C_571p429MHz/sim.log
intmul_32_16_48_5_20nm_TT_0V9_25C_444p444MHz	pnr-timing	RuntimeError: post-PnR setup timing violated (**reg2out_default** slack -0.01; clk slack -0.02) -- the job clock is not achievable; gen-jobs should derive a slower one
intmac_6_6_20_20_3_10nm_TT_0V8_25C_1000MHz	pnr-timing	RuntimeError: post-PnR setup timing violated (clk slack -0.02) -- the job clock is not achievable; gen-jobs should derive a slower one
intmac_6_6_20_20_3_10nm_TT_0V8_25C_571p429MHz	sim	RuntimeError: gate-level simulation failed for intmac_6_6_20_20_3_10nm_TT_0V8_25C_571p429MHz (mode random); see /home/KNUEEhdd1/ys_knu/kmk/NPUWattch/dataset_gen/logic/TECH_10nm/04_sim/intmac_6_6_20_20_3_10nm_TT_0V8_25C_571p429MHz/sim.log
intmac_4_4_16_16_2_16nm_TT_0V85_25C_666p667MHz	pnr-timing	RuntimeError: post-PnR setup timing violated (clk slack -0.01) -- the job clock is not achievable; gen-jobs should derive a slower one
intmul_32_16_48_5_20nm_TT_0V9_25C_266p667MHz	pnr-timing	RuntimeError: post-PnR setup timing violated (**reg2out_default** slack -0.01) -- the job clock is not achievable; gen-jobs should derive a slower one
intmul_16_8_24_2_5nm_TT_0V7_25C_1000MHz	pnr-timing	RuntimeError: post-PnR setup timing violated (clk slack -0.05) -- the job clock is not achievable; gen-jobs should derive a slower one
intmac_4_4_16_16_2_20nm_TT_0V9_25C_333p333MHz	sim	RuntimeError: gate-level simulation failed for intmac_4_4_16_16_2_20nm_TT_0V9_25C_333p333MHz (mode random); see /home/KNUEEhdd1/ys_knu/kmk/NPUWattch/dataset_gen/logic/TECH_20nm/04_sim/intmac_4_4_16_16_2_20nm_TT_0V9_25C_333p333MHz/sim.log
intmul_24_24_48_3_7nm_TT_0V75_25C_571p429MHz	pnr-timing	RuntimeError: post-PnR setup timing violated (clk slack -0.06) -- the job clock is not achievable; gen-jobs should derive a slower one
intmul_16_8_24_5_5nm_TT_0V7_25C_1333p33MHz	pnr-timing	RuntimeError: post-PnR setup timing violated (**reg2out_default** slack -0.03; clk slack -0.02) -- the job clock is not achievable; gen-jobs should derive a slower one
intmac_8_8_24_24_2_10nm_TT_0V8_25C_800MHz	pnr-timing	RuntimeError: post-PnR setup timing violated (clk slack -0.02) -- the job clock is not achievable; gen-jobs should derive a slower one
intmac_4_4_16_16_3_20nm_TT_0V9_25C_363p636MHz	sim	RuntimeError: gate-level simulation failed for intmac_4_4_16_16_3_20nm_TT_0V9_25C_363p636MHz (mode random); see /home/KNUEEhdd1/ys_knu/kmk/NPUWattch/dataset_gen/logic/TECH_20nm/04_sim/intmac_4_4_16_16_3_20nm_TT_0V9_25C_363p636MHz/sim.log
intmac_8_8_24_24_3_10nm_TT_0V8_25C_800MHz	pnr-timing	RuntimeError: post-PnR setup timing violated (clk slack -0.01) -- the job clock is not achievable; gen-jobs should derive a slower one
intmac_4_4_16_16_3_16nm_TT_0V85_25C_500MHz	sim	RuntimeError: gate-level simulation failed for intmac_4_4_16_16_3_16nm_TT_0V85_25C_500MHz (mode random); see /home/KNUEEhdd1/ys_knu/kmk/NPUWattch/dataset_gen/logic/TECH_16nm/04_sim/intmac_4_4_16_16_3_16nm_TT_0V85_25C_500MHz/sim.log
intmac_8_8_24_24_2_10nm_TT_0V8_25C_571p429MHz	sim	RuntimeError: gate-level simulation failed for intmac_8_8_24_24_2_10nm_TT_0V8_25C_571p429MHz (mode random); see /home/KNUEEhdd1/ys_knu/kmk/NPUWattch/dataset_gen/logic/TECH_10nm/04_sim/intmac_8_8_24_24_2_10nm_TT_0V8_25C_571p429MHz/sim.log
intmac_8_8_24_24_3_10nm_TT_0V8_25C_571p429MHz	sim	RuntimeError: gate-level simulation failed for intmac_8_8_24_24_3_10nm_TT_0V8_25C_571p429MHz (mode random); see /home/KNUEEhdd1/ys_knu/kmk/NPUWattch/dataset_gen/logic/TECH_10nm/04_sim/intmac_8_8_24_24_3_10nm_TT_0V8_25C_571p429MHz/sim.log
intmul_32_16_48_2_5nm_TT_0V7_25C_800MHz	pnr-timing	RuntimeError: post-PnR setup timing violated (**reg2out_default** slack -0.03; clk slack -0.03) -- the job clock is not achievable; gen-jobs should derive a slower one
intmac_8_8_24_24_5_10nm_TT_0V8_25C_1000MHz	pnr-timing	RuntimeError: post-PnR setup timing violated (clk slack -0.04) -- the job clock is not achievable; gen-jobs should derive a slower one
intmac_8_8_24_24_5_10nm_TT_0V8_25C_666p667MHz	pnr-timing	RuntimeError: post-PnR setup timing violated (clk slack -0.05) -- the job clock is not achievable; gen-jobs should derive a slower one
intmac_8_8_32_32_2_10nm_TT_0V8_25C_800MHz	pnr-timing	RuntimeError: post-PnR setup timing violated (clk slack -0.03) -- the job clock is not achievable; gen-jobs should derive a slower one
intmul_32_16_48_5_5nm_TT_0V7_25C_1000MHz	pnr-timing	RuntimeError: post-PnR setup timing violated (**reg2out_default** slack -0.03; clk slack -0.03) -- the job clock is not achievable; gen-jobs should derive a slower one
intmac_4_4_16_16_5_16nm_TT_0V85_25C_571p429MHz	sim	RuntimeError: gate-level simulation failed for intmac_4_4_16_16_5_16nm_TT_0V85_25C_571p429MHz (mode random); see /home/KNUEEhdd1/ys_knu/kmk/NPUWattch/dataset_gen/logic/TECH_16nm/04_sim/intmac_4_4_16_16_5_16nm_TT_0V85_25C_571p429MHz/sim.log
intmac_6_6_20_20_2_20nm_TT_0V9_25C_285p714MHz	sim	RuntimeError: gate-level simulation failed for intmac_6_6_20_20_2_20nm_TT_0V9_25C_285p714MHz (mode random); see /home/KNUEEhdd1/ys_knu/kmk/NPUWattch/dataset_gen/logic/TECH_20nm/04_sim/intmac_6_6_20_20_2_20nm_TT_0V9_25C_285p714MHz/sim.log
intmul_32_16_48_5_5nm_TT_0V7_25C_666p667MHz	pnr-timing	RuntimeError: post-PnR setup timing violated (clk slack -0.04) -- the job clock is not achievable; gen-jobs should derive a slower one
intmac_4_4_16_16_2_5nm_TT_0V7_25C_1000MHz	pnr-timing	RuntimeError: post-PnR setup timing violated (clk slack -0.04) -- the job clock is not achievable; gen-jobs should derive a slower one
intmac_8_8_32_32_3_10nm_TT_0V8_25C_800MHz	pnr-timing	RuntimeError: post-PnR setup timing violated (clk slack -0.03) -- the job clock is not achievable; gen-jobs should derive a slower one
intmac_8_8_32_32_3_10nm_TT_0V8_25C_500MHz	pnr-timing	RuntimeError: post-PnR setup timing violated (clk slack -0.02) -- the job clock is not achievable; gen-jobs should derive a slower one
intmac_6_6_20_20_5_20nm_TT_0V9_25C_800MHz	pnr-timing	RuntimeError: post-PnR setup timing violated (clk slack -0.02) -- the job clock is not achievable; gen-jobs should derive a slower one
intmac_4_4_16_16_2_5nm_TT_0V7_25C_666p667MHz	sim	RuntimeError: gate-level simulation failed for intmac_4_4_16_16_2_5nm_TT_0V7_25C_666p667MHz (mode random); see /home/KNUEEhdd1/ys_knu/kmk/NPUWattch/dataset_gen/logic/TECH_05nm/04_sim/intmac_4_4_16_16_2_5nm_TT_0V7_25C_666p667MHz/sim.log
intmac_6_6_20_20_3_20nm_TT_0V9_25C_285p714MHz	sim	RuntimeError: gate-level simulation failed for intmac_6_6_20_20_3_20nm_TT_0V9_25C_285p714MHz (mode random); see /home/KNUEEhdd1/ys_knu/kmk/NPUWattch/dataset_gen/logic/TECH_20nm/04_sim/intmac_6_6_20_20_3_20nm_TT_0V9_25C_285p714MHz/sim.log
intmac_6_6_20_20_2_16nm_TT_0V85_25C_400MHz	sim	RuntimeError: gate-level simulation failed for intmac_6_6_20_20_2_16nm_TT_0V85_25C_400MHz (mode random); see /home/KNUEEhdd1/ys_knu/kmk/NPUWattch/dataset_gen/logic/TECH_16nm/04_sim/intmac_6_6_20_20_2_16nm_TT_0V85_25C_400MHz/sim.log
intmul_32_32_64_2_7nm_TT_0V75_25C_800MHz	pnr-timing	RuntimeError: post-PnR setup timing violated (clk slack -0.02) -- the job clock is not achievable; gen-jobs should derive a slower one
intmac_4_4_16_16_3_5nm_TT_0V7_25C_800MHz	sim	RuntimeError: gate-level simulation failed for intmac_4_4_16_16_3_5nm_TT_0V7_25C_800MHz (mode random); see /home/KNUEEhdd1/ys_knu/kmk/NPUWattch/dataset_gen/logic/TECH_05nm/04_sim/intmac_4_4_16_16_3_5nm_TT_0V7_25C_800MHz/sim.log
intmac_8_8_32_32_5_10nm_TT_0V8_25C_1000MHz	pnr-timing	RuntimeError: post-PnR setup timing violated (clk slack -0.02) -- the job clock is not achievable; gen-jobs should derive a slower one
intmac_8_8_32_32_5_10nm_TT_0V8_25C_666p667MHz	pnr-timing	RuntimeError: post-PnR setup timing violated (clk slack -0.02) -- the job clock is not achievable; gen-jobs should derive a slower one
intmac_6_6_20_20_3_16nm_TT_0V85_25C_666p667MHz	pnr-timing	RuntimeError: post-PnR setup timing violated (clk slack -0.05) -- the job clock is not achievable; gen-jobs should derive a slower one
intmac_6_6_20_20_3_16nm_TT_0V85_25C_444p444MHz	sim	RuntimeError: gate-level simulation failed for intmac_6_6_20_20_3_16nm_TT_0V85_25C_444p444MHz (mode random); see /home/KNUEEhdd1/ys_knu/kmk/NPUWattch/dataset_gen/logic/TECH_16nm/04_sim/intmac_6_6_20_20_3_16nm_TT_0V85_25C_444p444MHz/sim.log
intmac_12_12_32_32_2_10nm_TT_0V8_25C_500MHz	pnr-timing	RuntimeError: post-PnR setup timing violated (clk slack -0.02) -- the job clock is not achievable; gen-jobs should derive a slower one
intmac_12_12_32_32_3_10nm_TT_0V8_25C_800MHz	pnr-timing	RuntimeError: post-PnR setup timing violated (clk slack -0.02) -- the job clock is not achievable; gen-jobs should derive a slower one
intmac_4_4_16_16_5_5nm_TT_0V7_25C_800MHz	sim	RuntimeError: gate-level simulation failed for intmac_4_4_16_16_5_5nm_TT_0V7_25C_800MHz (mode random); see /home/KNUEEhdd1/ys_knu/kmk/NPUWattch/dataset_gen/logic/TECH_05nm/04_sim/intmac_4_4_16_16_5_5nm_TT_0V7_25C_800MHz/sim.log
intmac_6_6_20_20_2_5nm_TT_0V7_25C_1000MHz	pnr-timing	RuntimeError: post-PnR setup timing violated (clk slack -0.03) -- the job clock is not achievable; gen-jobs should derive a slower one
intmac_6_6_20_20_5_16nm_TT_0V85_25C_1000MHz	pnr-timing	RuntimeError: post-PnR setup timing violated (clk slack -0.02) -- the job clock is not achievable; gen-jobs should derive a slower one
intmul_32_32_64_2_7nm_TT_0V75_25C_571p429MHz	pnr-timing	RuntimeError: post-PnR setup timing violated (**reg2out_default** slack -0.01; clk slack -0.02) -- the job clock is not achievable; gen-jobs should derive a slower one
intmac_12_12_32_32_3_10nm_TT_0V8_25C_500MHz	pnr-timing	RuntimeError: post-PnR setup timing violated (clk slack -0.04) -- the job clock is not achievable; gen-jobs should derive a slower one
intmac_12_12_32_32_5_10nm_TT_0V8_25C_800MHz	pnr-timing	RuntimeError: post-PnR setup timing violated (clk slack -0.04) -- the job clock is not achievable; gen-jobs should derive a slower one
intmac_6_6_20_20_3_5nm_TT_0V7_25C_1000MHz	pnr-timing	RuntimeError: post-PnR setup timing violated (clk slack -0.03) -- the job clock is not achievable; gen-jobs should derive a slower one
intmac_6_6_20_20_2_5nm_TT_0V7_25C_666p667MHz	sim	RuntimeError: gate-level simulation failed for intmac_6_6_20_20_2_5nm_TT_0V7_25C_666p667MHz (mode random); see /home/KNUEEhdd1/ys_knu/kmk/NPUWattch/dataset_gen/logic/TECH_05nm/04_sim/intmac_6_6_20_20_2_5nm_TT_0V7_25C_666p667MHz/sim.log
intmac_8_8_24_24_3_20nm_TT_0V9_25C_285p714MHz	sim	RuntimeError: gate-level simulation failed for intmac_8_8_24_24_3_20nm_TT_0V9_25C_285p714MHz (mode random); see /home/KNUEEhdd1/ys_knu/kmk/NPUWattch/dataset_gen/logic/TECH_20nm/04_sim/intmac_8_8_24_24_3_20nm_TT_0V9_25C_285p714MHz/sim.log
intmac_6_6_20_20_3_5nm_TT_0V7_25C_666p667MHz	sim	RuntimeError: gate-level simulation failed for intmac_6_6_20_20_3_5nm_TT_0V7_25C_666p667MHz (mode random); see /home/KNUEEhdd1/ys_knu/kmk/NPUWattch/dataset_gen/logic/TECH_05nm/04_sim/intmac_6_6_20_20_3_5nm_TT_0V7_25C_666p667MHz/sim.log
intmac_12_12_32_32_5_10nm_TT_0V8_25C_571p429MHz	sim	RuntimeError: gate-level simulation failed for intmac_12_12_32_32_5_10nm_TT_0V8_25C_571p429MHz (mode random); see /home/KNUEEhdd1/ys_knu/kmk/NPUWattch/dataset_gen/logic/TECH_10nm/04_sim/intmac_12_12_32_32_5_10nm_TT_0V8_25C_571p429MHz/sim.log
intmac_16_16_40_40_2_10nm_TT_0V8_25C_800MHz	pnr-timing	RuntimeError: post-PnR setup timing violated (clk slack -0.02) -- the job clock is not achievable; gen-jobs should derive a slower one
intmac_6_6_20_20_5_5nm_TT_0V7_25C_1333p33MHz	pnr-timing	RuntimeError: post-PnR setup timing violated (clk slack -0.04) -- the job clock is not achievable; gen-jobs should derive a slower one
intmac_8_8_24_24_2_5nm_TT_0V7_25C_1000MHz	pnr-timing	RuntimeError: post-PnR setup timing violated (clk slack -0.05) -- the job clock is not achievable; gen-jobs should derive a slower one
intmac_6_6_20_20_5_5nm_TT_0V7_25C_800MHz	sim	RuntimeError: gate-level simulation failed for intmac_6_6_20_20_5_5nm_TT_0V7_25C_800MHz (mode random); see /home/KNUEEhdd1/ys_knu/kmk/NPUWattch/dataset_gen/logic/TECH_05nm/04_sim/intmac_6_6_20_20_5_5nm_TT_0V7_25C_800MHz/sim.log
intmac_16_16_40_40_3_10nm_TT_0V8_25C_800MHz	pnr-timing	RuntimeError: post-PnR setup timing violated (clk slack -0.02) -- the job clock is not achievable; gen-jobs should derive a slower one
intmac_8_8_24_24_2_16nm_TT_0V85_25C_363p636MHz	sim	RuntimeError: gate-level simulation failed for intmac_8_8_24_24_2_16nm_TT_0V85_25C_363p636MHz (mode random); see /home/KNUEEhdd1/ys_knu/kmk/NPUWattch/dataset_gen/logic/TECH_16nm/04_sim/intmac_8_8_24_24_2_16nm_TT_0V85_25C_363p636MHz/sim.log
intmul_32_32_64_3_7nm_TT_0V75_25C_800MHz	pnr-timing	RuntimeError: post-PnR setup timing violated (clk slack -0.02) -- the job clock is not achievable; gen-jobs should derive a slower one
intmac_8_8_24_24_2_5nm_TT_0V7_25C_666p667MHz	pnr-timing	RuntimeError: post-PnR setup timing violated (clk slack -0.05) -- the job clock is not achievable; gen-jobs should derive a slower one
intmac_16_16_40_40_3_10nm_TT_0V8_25C_444p444MHz	sim	RuntimeError: gate-level simulation failed for intmac_16_16_40_40_3_10nm_TT_0V8_25C_444p444MHz (mode random); see /home/KNUEEhdd1/ys_knu/kmk/NPUWattch/dataset_gen/logic/TECH_10nm/04_sim/intmac_16_16_40_40_3_10nm_TT_0V8_25C_444p444MHz/sim.log
intmac_8_8_24_24_3_5nm_TT_0V7_25C_1000MHz	pnr-timing	RuntimeError: post-PnR setup timing violated (clk slack -0.03) -- the job clock is not achievable; gen-jobs should derive a slower one
intmac_16_16_40_40_5_10nm_TT_0V8_25C_800MHz	pnr-timing	RuntimeError: post-PnR setup timing violated (clk slack -0.03) -- the job clock is not achievable; gen-jobs should derive a slower one
intmac_8_8_24_24_3_16nm_TT_0V85_25C_363p636MHz	sim	RuntimeError: gate-level simulation failed for intmac_8_8_24_24_3_16nm_TT_0V85_25C_363p636MHz (mode random); see /home/KNUEEhdd1/ys_knu/kmk/NPUWattch/dataset_gen/logic/TECH_16nm/04_sim/intmac_8_8_24_24_3_16nm_TT_0V85_25C_363p636MHz/sim.log
intmac_8_8_24_24_3_5nm_TT_0V7_25C_666p667MHz	sim	RuntimeError: gate-level simulation failed for intmac_8_8_24_24_3_5nm_TT_0V7_25C_666p667MHz (mode random); see /home/KNUEEhdd1/ys_knu/kmk/NPUWattch/dataset_gen/logic/TECH_05nm/04_sim/intmac_8_8_24_24_3_5nm_TT_0V7_25C_666p667MHz/sim.log
intmac_16_16_40_40_5_10nm_TT_0V8_25C_444p444MHz	pnr-timing	RuntimeError: post-PnR setup timing violated (clk slack -0.01) -- the job clock is not achievable; gen-jobs should derive a slower one
intmac_8_8_24_24_5_5nm_TT_0V7_25C_1000MHz	pnr-timing	RuntimeError: post-PnR setup timing violated (clk slack -0.05) -- the job clock is not achievable; gen-jobs should derive a slower one
intmac_16_16_48_48_2_10nm_TT_0V8_25C_800MHz	pnr-timing	RuntimeError: post-PnR setup timing violated (clk slack -0.01) -- the job clock is not achievable; gen-jobs should derive a slower one
intmac_8_8_32_32_5_20nm_TT_0V9_25C_571p429MHz	pnr-timing	RuntimeError: post-PnR setup timing violated (clk slack -0.01) -- the job clock is not achievable; gen-jobs should derive a slower one
intmul_32_32_64_3_7nm_TT_0V75_25C_571p429MHz	pnr-timing	RuntimeError: post-PnR setup timing violated (clk slack -0.01) -- the job clock is not achievable; gen-jobs should derive a slower one
intmac_8_8_24_24_5_5nm_TT_0V7_25C_666p667MHz	sim	RuntimeError: gate-level simulation failed for intmac_8_8_24_24_5_5nm_TT_0V7_25C_666p667MHz (mode random); see /home/KNUEEhdd1/ys_knu/kmk/NPUWattch/dataset_gen/logic/TECH_05nm/04_sim/intmac_8_8_24_24_5_5nm_TT_0V7_25C_666p667MHz/sim.log
intmac_8_8_32_32_2_5nm_TT_0V7_25C_1000MHz	pnr-timing	RuntimeError: post-PnR setup timing violated (clk slack -0.02) -- the job clock is not achievable; gen-jobs should derive a slower one
intmac_8_8_24_24_5_16nm_TT_0V85_25C_444p444MHz	sim	RuntimeError: gate-level simulation failed for intmac_8_8_24_24_5_16nm_TT_0V85_25C_444p444MHz (mode random); see /home/KNUEEhdd1/ys_knu/kmk/NPUWattch/dataset_gen/logic/TECH_16nm/04_sim/intmac_8_8_24_24_5_16nm_TT_0V85_25C_444p444MHz/sim.log
intmac_8_8_32_32_2_5nm_TT_0V7_25C_571p429MHz	pnr-timing	RuntimeError: post-PnR setup timing violated (clk slack -0.01) -- the job clock is not achievable; gen-jobs should derive a slower one
intmac_12_12_32_32_2_20nm_TT_0V9_25C_400MHz	pnr-timing	RuntimeError: post-PnR setup timing violated (clk slack -0.01) -- the job clock is not achievable; gen-jobs should derive a slower one
intmac_16_16_48_48_3_10nm_TT_0V8_25C_444p444MHz	pnr-timing	RuntimeError: post-PnR setup timing violated (clk slack -0.01) -- the job clock is not achievable; gen-jobs should derive a slower one
intmac_8_8_32_32_3_5nm_TT_0V7_25C_1000MHz	pnr-timing	RuntimeError: post-PnR setup timing violated (clk slack -0.05) -- the job clock is not achievable; gen-jobs should derive a slower one
intmac_8_8_32_32_3_5nm_TT_0V7_25C_571p429MHz	sim	RuntimeError: gate-level simulation failed for intmac_8_8_32_32_3_5nm_TT_0V7_25C_571p429MHz (mode random); see /home/KNUEEhdd1/ys_knu/kmk/NPUWattch/dataset_gen/logic/TECH_05nm/04_sim/intmac_8_8_32_32_3_5nm_TT_0V7_25C_571p429MHz/sim.log
intmac_8_8_32_32_5_5nm_TT_0V7_25C_1000MHz	pnr-timing	RuntimeError: post-PnR setup timing violated (clk slack -0.05) -- the job clock is not achievable; gen-jobs should derive a slower one
intmac_16_16_48_48_5_10nm_TT_0V8_25C_800MHz	pnr-timing	RuntimeError: post-PnR setup timing violated (clk slack -0.03) -- the job clock is not achievable; gen-jobs should derive a slower one
intmac_8_8_32_32_5_5nm_TT_0V7_25C_666p667MHz	pnr-timing	RuntimeError: post-PnR setup timing violated (clk slack -0.04) -- the job clock is not achievable; gen-jobs should derive a slower one
intmac_24_24_56_56_2_10nm_TT_0V8_25C_500MHz	pnr-timing	RuntimeError: post-PnR setup timing violated (clk slack -0.02) -- the job clock is not achievable; gen-jobs should derive a slower one
intmac_12_12_32_32_2_5nm_TT_0V7_25C_1000MHz	pnr-timing	RuntimeError: post-PnR setup timing violated (clk slack -0.04) -- the job clock is not achievable; gen-jobs should derive a slower one
intmul_32_32_64_5_7nm_TT_0V75_25C_1000MHz	pnr-timing	RuntimeError: post-PnR setup timing violated (**reg2out_default** slack -0.01; clk slack -0.03) -- the job clock is not achievable; gen-jobs should derive a slower one
intmac_12_12_32_32_2_5nm_TT_0V7_25C_571p429MHz	pnr-timing	RuntimeError: post-PnR setup timing violated (clk slack -0.05) -- the job clock is not achievable; gen-jobs should derive a slower one
intmac_24_24_56_56_2_10nm_TT_0V8_25C_307p692MHz	pnr-timing	RuntimeError: post-PnR setup timing violated (clk slack -0.02) -- the job clock is not achievable; gen-jobs should derive a slower one
intmac_12_12_32_32_3_5nm_TT_0V7_25C_800MHz	pnr-timing	RuntimeError: post-PnR setup timing violated (clk slack -0.05) -- the job clock is not achievable; gen-jobs should derive a slower one
intmac_24_24_56_56_3_10nm_TT_0V8_25C_500MHz	pnr-timing	RuntimeError: post-PnR setup timing violated (clk slack -0.02) -- the job clock is not achievable; gen-jobs should derive a slower one
intmac_12_12_32_32_5_5nm_TT_0V7_25C_1000MHz	pnr-timing	RuntimeError: post-PnR setup timing violated (clk slack -0.05) -- the job clock is not achievable; gen-jobs should derive a slower one
intmac_24_24_56_56_3_10nm_TT_0V8_25C_307p692MHz	pnr-timing	RuntimeError: post-PnR setup timing violated (clk slack -0.02) -- the job clock is not achievable; gen-jobs should derive a slower one
intmac_12_12_32_32_3_5nm_TT_0V7_25C_571p429MHz	sim	RuntimeError: gate-level simulation failed for intmac_12_12_32_32_3_5nm_TT_0V7_25C_571p429MHz (mode random); see /home/KNUEEhdd1/ys_knu/kmk/NPUWattch/dataset_gen/logic/TECH_05nm/04_sim/intmac_12_12_32_32_3_5nm_TT_0V7_25C_571p429MHz/sim.log
intmul_32_32_64_5_7nm_TT_0V75_25C_571p429MHz	pnr-timing	RuntimeError: post-PnR setup timing violated (**reg2out_default** slack -0.02) -- the job clock is not achievable; gen-jobs should derive a slower one
intmac_12_12_32_32_5_5nm_TT_0V7_25C_666p667MHz	pnr-timing	RuntimeError: post-PnR setup timing violated (clk slack -0.04) -- the job clock is not achievable; gen-jobs should derive a slower one
intmac_24_24_56_56_5_10nm_TT_0V8_25C_500MHz	pnr-timing	RuntimeError: post-PnR setup timing violated (clk slack -0.02) -- the job clock is not achievable; gen-jobs should derive a slower one
intmac_8_8_32_32_5_16nm_TT_0V85_25C_666p667MHz	sim	RuntimeError: gate-level simulation failed for intmac_8_8_32_32_5_16nm_TT_0V85_25C_666p667MHz (mode random); see /home/KNUEEhdd1/ys_knu/kmk/NPUWattch/dataset_gen/logic/TECH_16nm/04_sim/intmac_8_8_32_32_5_16nm_TT_0V85_25C_666p667MHz/sim.log
intmac_16_16_40_40_2_5nm_TT_0V7_25C_500MHz	pnr-timing	RuntimeError: post-PnR setup timing violated (clk slack -0.06) -- the job clock is not achievable; gen-jobs should derive a slower one
intmac_16_16_40_40_3_20nm_TT_0V9_25C_333p333MHz	pnr-timing	RuntimeError: post-PnR setup timing violated (clk slack -0.04) -- the job clock is not achievable; gen-jobs should derive a slower one
intmac_16_16_40_40_2_5nm_TT_0V7_25C_800MHz	pnr-timing	RuntimeError: post-PnR setup timing violated (clk slack -0.05) -- the job clock is not achievable; gen-jobs should derive a slower one
intmac_32_32_72_72_2_10nm_TT_0V8_25C_666p667MHz	pnr-timing	RuntimeError: post-PnR setup timing violated (clk slack -0.02) -- the job clock is not achievable; gen-jobs should derive a slower one
intmac_16_16_40_40_3_5nm_TT_0V7_25C_800MHz	pnr-timing	RuntimeError: post-PnR setup timing violated (clk slack -0.05) -- the job clock is not achievable; gen-jobs should derive a slower one
intmac_32_32_72_72_2_10nm_TT_0V8_25C_400MHz	pnr-timing	RuntimeError: post-PnR setup timing violated (clk slack -0.02) -- the job clock is not achievable; gen-jobs should derive a slower one
intmac_16_16_40_40_5_20nm_TT_0V9_25C_333p333MHz	pnr-timing	RuntimeError: post-PnR setup timing violated (clk slack -0.08) -- the job clock is not achievable; gen-jobs should derive a slower one
intmac_16_16_40_40_3_5nm_TT_0V7_25C_500MHz	pnr-timing	RuntimeError: post-PnR setup timing violated (clk slack -0.02) -- the job clock is not achievable; gen-jobs should derive a slower one
intmac_16_16_40_40_5_5nm_TT_0V7_25C_800MHz	pnr-timing	RuntimeError: post-PnR setup timing violated (clk slack -0.05) -- the job clock is not achievable; gen-jobs should derive a slower one
intmac_32_32_72_72_3_10nm_TT_0V8_25C_666p667MHz	pnr-timing	RuntimeError: post-PnR setup timing violated (clk slack -0.05) -- the job clock is not achievable; gen-jobs should derive a slower one
intmac_16_16_48_48_2_20nm_TT_0V9_25C_333p333MHz	pnr-timing	RuntimeError: post-PnR setup timing violated (clk slack -0.01) -- the job clock is not achievable; gen-jobs should derive a slower one
intmac_16_16_40_40_5_5nm_TT_0V7_25C_500MHz	sim	RuntimeError: gate-level simulation failed for intmac_16_16_40_40_5_5nm_TT_0V7_25C_500MHz (mode random); see /home/KNUEEhdd1/ys_knu/kmk/NPUWattch/dataset_gen/logic/TECH_05nm/04_sim/intmac_16_16_40_40_5_5nm_TT_0V7_25C_500MHz/sim.log
intmac_32_32_72_72_5_10nm_TT_0V8_25C_666p667MHz	pnr-timing	RuntimeError: post-PnR setup timing violated (clk slack -0.03) -- the job clock is not achievable; gen-jobs should derive a slower one
intmul_48_48_96_2_7nm_TT_0V75_25C_800MHz	pnr-timing	RuntimeError: post-PnR setup timing violated (**reg2out_default** slack -0.04; clk slack -0.03) -- the job clock is not achievable; gen-jobs should derive a slower one
intmac_16_16_48_48_2_5nm_TT_0V7_25C_800MHz	pnr-timing	RuntimeError: post-PnR setup timing violated (clk slack -0.06) -- the job clock is not achievable; gen-jobs should derive a slower one
intmac_32_32_72_72_3_10nm_TT_0V8_25C_400MHz	sim	RuntimeError: gate-level simulation failed for intmac_32_32_72_72_3_10nm_TT_0V8_25C_400MHz (mode random); see /home/KNUEEhdd1/ys_knu/kmk/NPUWattch/dataset_gen/logic/TECH_10nm/04_sim/intmac_32_32_72_72_3_10nm_TT_0V8_25C_400MHz/sim.log
intmac_12_12_32_32_3_16nm_TT_0V85_25C_307p692MHz	sim	RuntimeError: gate-level simulation failed for intmac_12_12_32_32_3_16nm_TT_0V85_25C_307p692MHz (mode random); see /home/KNUEEhdd1/ys_knu/kmk/NPUWattch/dataset_gen/logic/TECH_16nm/04_sim/intmac_12_12_32_32_3_16nm_TT_0V85_25C_307p692MHz/sim.log
intmac_32_32_72_72_5_10nm_TT_0V8_25C_400MHz	pnr-timing	RuntimeError: post-PnR setup timing violated (clk slack -0.01) -- the job clock is not achievable; gen-jobs should derive a slower one
intmac_16_16_48_48_3_5nm_TT_0V7_25C_800MHz	pnr-timing	RuntimeError: post-PnR setup timing violated (clk slack -0.05) -- the job clock is not achievable; gen-jobs should derive a slower one
intmac_32_32_80_80_2_10nm_TT_0V8_25C_666p667MHz	pnr-timing	RuntimeError: post-PnR setup timing violated (clk slack -0.02) -- the job clock is not achievable; gen-jobs should derive a slower one
intmac_32_32_80_80_2_10nm_TT_0V8_25C_400MHz	pnr-timing	RuntimeError: post-PnR setup timing violated (clk slack -0.04) -- the job clock is not achievable; gen-jobs should derive a slower one
intmac_16_16_48_48_5_20nm_TT_0V9_25C_333p333MHz	pnr-timing	RuntimeError: post-PnR setup timing violated (clk slack -0.02) -- the job clock is not achievable; gen-jobs should derive a slower one
intmul_48_48_96_2_7nm_TT_0V75_25C_500MHz	pnr-timing	RuntimeError: post-PnR setup timing violated (**reg2out_default** slack -0.03; clk slack -0.02) -- the job clock is not achievable; gen-jobs should derive a slower one
intmac_16_16_48_48_5_5nm_TT_0V7_25C_800MHz	pnr-timing	RuntimeError: post-PnR setup timing violated (clk slack -0.05) -- the job clock is not achievable; gen-jobs should derive a slower one
intmac_32_32_80_80_3_10nm_TT_0V8_25C_666p667MHz	pnr-timing	RuntimeError: post-PnR setup timing violated (clk slack -0.01) -- the job clock is not achievable; gen-jobs should derive a slower one
intmac_32_32_80_80_3_10nm_TT_0V8_25C_400MHz	pnr-timing	RuntimeError: post-PnR setup timing violated (clk slack -0.05) -- the job clock is not achievable; gen-jobs should derive a slower one
intmac_16_16_48_48_5_5nm_TT_0V7_25C_500MHz	sim	RuntimeError: gate-level simulation failed for intmac_16_16_48_48_5_5nm_TT_0V7_25C_500MHz (mode random); see /home/KNUEEhdd1/ys_knu/kmk/NPUWattch/dataset_gen/logic/TECH_05nm/04_sim/intmac_16_16_48_48_5_5nm_TT_0V7_25C_500MHz/sim.log
intmac_32_32_80_80_5_10nm_TT_0V8_25C_666p667MHz	pnr-timing	RuntimeError: post-PnR setup timing violated (clk slack -0.03) -- the job clock is not achievable; gen-jobs should derive a slower one
intmac_16_16_40_40_2_16nm_TT_0V85_25C_444p444MHz	pnr-timing	RuntimeError: post-PnR setup timing violated (clk slack -0.01) -- the job clock is not achievable; gen-jobs should derive a slower one
intmac_24_24_56_56_2_20nm_TT_0V9_25C_133p333MHz	sim	RuntimeError: gate-level simulation failed for intmac_24_24_56_56_2_20nm_TT_0V9_25C_133p333MHz (mode random); see /home/KNUEEhdd1/ys_knu/kmk/NPUWattch/dataset_gen/logic/TECH_20nm/04_sim/intmac_24_24_56_56_2_20nm_TT_0V9_25C_133p333MHz/sim.log
intmac_24_24_56_56_2_5nm_TT_0V7_25C_800MHz	pnr-timing	RuntimeError: post-PnR setup timing violated (clk slack -0.04) -- the job clock is not achievable; gen-jobs should derive a slower one
intmac_24_24_56_56_2_5nm_TT_0V7_25C_500MHz	pnr-timing	RuntimeError: post-PnR setup timing violated (clk slack -0.08) -- the job clock is not achievable; gen-jobs should derive a slower one
intmac_32_32_80_80_5_10nm_TT_0V8_25C_400MHz	pnr-timing	RuntimeError: post-PnR setup timing violated (clk slack -0.02) -- the job clock is not achievable; gen-jobs should derive a slower one
intmac_24_24_56_56_3_5nm_TT_0V7_25C_571p429MHz	pnr-timing	RuntimeError: post-PnR setup timing violated (clk slack -0.05) -- the job clock is not achievable; gen-jobs should derive a slower one
intmac_48_48_104_104_2_10nm_TT_0V8_25C_666p667MHz	pnr-timing	RuntimeError: post-PnR setup timing violated (clk slack -0.12) -- the job clock is not achievable; gen-jobs should derive a slower one
intmac_24_24_56_56_5_20nm_TT_0V9_25C_222p222MHz	pnr-timing	RuntimeError: post-PnR setup timing violated (clk slack -0.03) -- the job clock is not achievable; gen-jobs should derive a slower one
intmac_24_24_56_56_3_20nm_TT_0V9_25C_133p333MHz	sim	RuntimeError: gate-level simulation failed for intmac_24_24_56_56_3_20nm_TT_0V9_25C_133p333MHz (mode random); see /home/KNUEEhdd1/ys_knu/kmk/NPUWattch/dataset_gen/logic/TECH_20nm/04_sim/intmac_24_24_56_56_3_20nm_TT_0V9_25C_133p333MHz/sim.log
intmul_48_48_96_3_7nm_TT_0V75_25C_800MHz	pnr-timing	RuntimeError: post-PnR setup timing violated (**reg2out_default** slack -0.01; clk slack -0.04) -- the job clock is not achievable; gen-jobs should derive a slower one
intmac_48_48_104_104_2_10nm_TT_0V8_25C_400MHz	pnr-timing	RuntimeError: post-PnR setup timing violated (clk slack -0.04) -- the job clock is not achievable; gen-jobs should derive a slower one
intmac_24_24_56_56_3_5nm_TT_0V7_25C_363p636MHz	sim	RuntimeError: gate-level simulation failed for intmac_24_24_56_56_3_5nm_TT_0V7_25C_363p636MHz (mode random); see /home/KNUEEhdd1/ys_knu/kmk/NPUWattch/dataset_gen/logic/TECH_05nm/04_sim/intmac_24_24_56_56_3_5nm_TT_0V7_25C_363p636MHz/sim.log
intmul_24_24_48_5_7nm_TT_0V75_25C_1000MHz	pnr-timing	RuntimeError: post-PnR setup timing violated (clk slack -0.01) -- the job clock is not achievable; gen-jobs should derive a slower one
intmac_24_24_56_56_5_5nm_TT_0V7_25C_800MHz	pnr-timing	RuntimeError: post-PnR setup timing violated (clk slack -0.04) -- the job clock is not achievable; gen-jobs should derive a slower one
intmac_48_48_104_104_3_10nm_TT_0V8_25C_571p429MHz	pnr-timing	RuntimeError: post-PnR setup timing violated (clk slack -0.05) -- the job clock is not achievable; gen-jobs should derive a slower one
intmac_32_32_72_72_2_20nm_TT_0V9_25C_333p333MHz	pnr-timing	RuntimeError: post-PnR setup timing violated (clk slack -0.03) -- the job clock is not achievable; gen-jobs should derive a slower one
intmac_48_48_104_104_3_10nm_TT_0V8_25C_363p636MHz	pnr-timing	RuntimeError: post-PnR setup timing violated (clk slack -0.02) -- the job clock is not achievable; gen-jobs should derive a slower one
intmul_48_48_96_3_7nm_TT_0V75_25C_500MHz	pnr-timing	RuntimeError: post-PnR setup timing violated (**reg2out_default** slack -0.03; clk slack -0.04) -- the job clock is not achievable; gen-jobs should derive a slower one
intmac_16_16_40_40_5_16nm_TT_0V85_25C_266p667MHz	pnr-timing	RuntimeError: post-PnR setup timing violated (clk slack -0.01) -- the job clock is not achievable; gen-jobs should derive a slower one
intmac_32_32_72_72_2_5nm_TT_0V7_25C_800MHz	pnr-timing	RuntimeError: post-PnR setup timing violated (clk slack -0.05) -- the job clock is not achievable; gen-jobs should derive a slower one
intmac_48_48_104_104_5_10nm_TT_0V8_25C_666p667MHz	pnr-timing	RuntimeError: post-PnR setup timing violated (clk slack -0.07) -- the job clock is not achievable; gen-jobs should derive a slower one
intmac_32_32_72_72_2_5nm_TT_0V7_25C_500MHz	pnr-timing	RuntimeError: post-PnR setup timing violated (clk slack -0.05) -- the job clock is not achievable; gen-jobs should derive a slower one
intmac_32_32_72_72_3_20nm_TT_0V9_25C_307p692MHz	pnr-timing	RuntimeError: post-PnR setup timing violated (clk slack -0.04) -- the job clock is not achievable; gen-jobs should derive a slower one
intmac_48_48_104_104_5_10nm_TT_0V8_25C_400MHz	pnr-timing	RuntimeError: post-PnR setup timing violated (clk slack -0.06) -- the job clock is not achievable; gen-jobs should derive a slower one
intmac_32_32_72_72_3_5nm_TT_0V7_25C_444p444MHz	pnr-timing	RuntimeError: post-PnR setup timing violated (clk slack -0.04) -- the job clock is not achievable; gen-jobs should derive a slower one
intmac_32_32_72_72_3_5nm_TT_0V7_25C_666p667MHz	pnr-timing	RuntimeError: post-PnR setup timing violated (clk slack -0.05) -- the job clock is not achievable; gen-jobs should derive a slower one
intmac_32_32_72_72_5_20nm_TT_0V9_25C_333p333MHz	pnr-timing	RuntimeError: post-PnR setup timing violated (clk slack -0.12) -- the job clock is not achievable; gen-jobs should derive a slower one
intmac_32_32_72_72_5_5nm_TT_0V7_25C_800MHz	pnr-timing	RuntimeError: post-PnR setup timing violated (clk slack -0.05) -- the job clock is not achievable; gen-jobs should derive a slower one
intmac_64_64_128_128_2_10nm_TT_0V8_25C_666p667MHz	pnr-timing	RuntimeError: post-PnR setup timing violated (clk slack -0.08) -- the job clock is not achievable; gen-jobs should derive a slower one
intmac_64_64_128_128_2_10nm_TT_0V8_25C_400MHz	pnr-timing	RuntimeError: post-PnR setup timing violated (clk slack -0.03) -- the job clock is not achievable; gen-jobs should derive a slower one
intmul_48_48_96_5_7nm_TT_0V75_25C_800MHz	pnr-timing	RuntimeError: post-PnR setup timing violated (**reg2out_default** slack -0.02; clk slack -0.04) -- the job clock is not achievable; gen-jobs should derive a slower one
intmac_32_32_80_80_2_20nm_TT_0V9_25C_333p333MHz	pnr-timing	RuntimeError: post-PnR setup timing violated (clk slack -0.03) -- the job clock is not achievable; gen-jobs should derive a slower one
intmac_32_32_80_80_2_5nm_TT_0V7_25C_800MHz	pnr-timing	RuntimeError: post-PnR setup timing violated (clk slack -0.08) -- the job clock is not achievable; gen-jobs should derive a slower one
intmul_48_48_96_5_7nm_TT_0V75_25C_571p429MHz	pnr-timing	RuntimeError: post-PnR setup timing violated (**reg2out_default** slack -0.01; clk slack -0.03) -- the job clock is not achievable; gen-jobs should derive a slower one
intmac_64_64_128_128_3_10nm_TT_0V8_25C_666p667MHz	pnr-timing	RuntimeError: post-PnR setup timing violated (clk slack -0.07) -- the job clock is not achievable; gen-jobs should derive a slower one
intmac_32_32_80_80_2_5nm_TT_0V7_25C_500MHz	pnr-timing	RuntimeError: post-PnR setup timing violated (clk slack -0.05) -- the job clock is not achievable; gen-jobs should derive a slower one
intmac_32_32_80_80_2_20nm_TT_0V9_25C_200MHz	pnr-timing	RuntimeError: post-PnR setup timing violated (clk slack -0.02) -- the job clock is not achievable; gen-jobs should derive a slower one
intmac_32_32_72_72_5_5nm_TT_0V7_25C_500MHz	pnr-timing	RuntimeError: post-PnR setup timing violated (clk slack -0.07) -- the job clock is not achievable; gen-jobs should derive a slower one
intmac_16_16_48_48_5_16nm_TT_0V85_25C_285p714MHz	sim	RuntimeError: gate-level simulation failed for intmac_16_16_48_48_5_16nm_TT_0V85_25C_285p714MHz (mode random); see /home/KNUEEhdd1/ys_knu/kmk/NPUWattch/dataset_gen/logic/TECH_16nm/04_sim/intmac_16_16_48_48_5_16nm_TT_0V85_25C_285p714MHz/sim.log
intmac_32_32_80_80_3_20nm_TT_0V9_25C_307p692MHz	pnr-timing	RuntimeError: post-PnR setup timing violated (clk slack -0.05) -- the job clock is not achievable; gen-jobs should derive a slower one
intmac_64_64_128_128_3_10nm_TT_0V8_25C_400MHz	pnr-timing	RuntimeError: post-PnR setup timing violated (clk slack -0.07) -- the job clock is not achievable; gen-jobs should derive a slower one
intmac_32_32_80_80_3_5nm_TT_0V7_25C_666p667MHz	pnr-timing	RuntimeError: post-PnR setup timing violated (clk slack -0.07) -- the job clock is not achievable; gen-jobs should derive a slower one
intmac_64_64_128_128_5_10nm_TT_0V8_25C_666p667MHz	pnr-timing	RuntimeError: post-PnR setup timing violated (clk slack -0.06) -- the job clock is not achievable; gen-jobs should derive a slower one
intmac_32_32_80_80_5_20nm_TT_0V9_25C_333p333MHz	pnr-timing	RuntimeError: post-PnR setup timing violated (clk slack -0.08) -- the job clock is not achievable; gen-jobs should derive a slower one
intmac_32_32_80_80_3_5nm_TT_0V7_25C_444p444MHz	pnr-timing	RuntimeError: post-PnR setup timing violated (clk slack -0.05) -- the job clock is not achievable; gen-jobs should derive a slower one
intmac_32_32_80_80_5_5nm_TT_0V7_25C_800MHz	pnr-timing	RuntimeError: post-PnR setup timing violated (clk slack -0.04) -- the job clock is not achievable; gen-jobs should derive a slower one
intmac_8_4_28_28_2_10nm_TT_0V8_25C_1000MHz	pnr-timing	RuntimeError: post-PnR setup timing violated (clk slack -0.02) -- the job clock is not achievable; gen-jobs should derive a slower one
intmul_64_64_128_2_7nm_TT_0V75_25C_800MHz	pnr-timing	RuntimeError: post-PnR setup timing violated (**reg2out_default** slack -0.04; clk slack -0.05) -- the job clock is not achievable; gen-jobs should derive a slower one
intmac_64_64_128_128_5_10nm_TT_0V8_25C_400MHz	pnr-timing	RuntimeError: post-PnR setup timing violated (clk slack -0.06) -- the job clock is not achievable; gen-jobs should derive a slower one
intmac_24_24_56_56_2_16nm_TT_0V85_25C_190p476MHz	sim	RuntimeError: gate-level simulation failed for intmac_24_24_56_56_2_16nm_TT_0V85_25C_190p476MHz (mode random); see /home/KNUEEhdd1/ys_knu/kmk/NPUWattch/dataset_gen/logic/TECH_16nm/04_sim/intmac_24_24_56_56_2_16nm_TT_0V85_25C_190p476MHz/sim.log
intmac_8_4_28_28_5_10nm_TT_0V8_25C_1000MHz	pnr-timing	RuntimeError: post-PnR setup timing violated (clk slack -0.01) -- the job clock is not achievable; gen-jobs should derive a slower one
intmac_32_32_80_80_5_5nm_TT_0V7_25C_500MHz	pnr-timing	RuntimeError: post-PnR setup timing violated (clk slack -0.03) -- the job clock is not achievable; gen-jobs should derive a slower one
intmac_48_48_104_104_2_20nm_TT_0V9_25C_307p692MHz	pnr-timing	RuntimeError: post-PnR setup timing violated (clk slack -0.06) -- the job clock is not achievable; gen-jobs should derive a slower one
intmac_48_48_104_104_2_5nm_TT_0V7_25C_666p667MHz	pnr-timing	RuntimeError: post-PnR setup timing violated (clk slack -0.06) -- the job clock is not achievable; gen-jobs should derive a slower one
intmac_16_4_36_36_2_10nm_TT_0V8_25C_666p667MHz	pnr-timing	RuntimeError: post-PnR setup timing violated (clk slack -0.01) -- the job clock is not achievable; gen-jobs should derive a slower one
intmac_48_48_104_104_2_5nm_TT_0V7_25C_444p444MHz	pnr-timing	RuntimeError: post-PnR setup timing violated (clk slack -0.06) -- the job clock is not achievable; gen-jobs should derive a slower one
intmac_24_24_56_56_3_16nm_TT_0V85_25C_190p476MHz	sim	RuntimeError: gate-level simulation failed for intmac_24_24_56_56_3_16nm_TT_0V85_25C_190p476MHz (mode random); see /home/KNUEEhdd1/ys_knu/kmk/NPUWattch/dataset_gen/logic/TECH_16nm/04_sim/intmac_24_24_56_56_3_16nm_TT_0V85_25C_190p476MHz/sim.log
intmul_64_64_128_2_7nm_TT_0V75_25C_444p444MHz	pnr-timing	RuntimeError: post-PnR setup timing violated (**reg2out_default** slack -0.03; clk slack -0.07) -- the job clock is not achievable; gen-jobs should derive a slower one
intmac_48_48_104_104_3_5nm_TT_0V7_25C_666p667MHz	pnr-timing	RuntimeError: post-PnR setup timing violated (clk slack -0.06) -- the job clock is not achievable; gen-jobs should derive a slower one
intmul_64_64_128_3_7nm_TT_0V75_25C_800MHz	pnr-timing	RuntimeError: post-PnR setup timing violated (**reg2out_default** slack -0.01; clk slack -0.05) -- the job clock is not achievable; gen-jobs should derive a slower one
intmac_48_48_104_104_3_20nm_TT_0V9_25C_166p667MHz	pnr-timing	RuntimeError: post-PnR setup timing violated (clk slack -0.14) -- the job clock is not achievable; gen-jobs should derive a slower one
intmac_48_48_104_104_3_20nm_TT_0V9_25C_266p667MHz	pnr-timing	RuntimeError: post-PnR setup timing violated (clk slack -0.07) -- the job clock is not achievable; gen-jobs should derive a slower one
intmac_48_48_104_104_3_5nm_TT_0V7_25C_400MHz	pnr-timing	RuntimeError: post-PnR setup timing violated (clk slack -0.04) -- the job clock is not achievable; gen-jobs should derive a slower one
intmac_48_48_104_104_5_5nm_TT_0V7_25C_666p667MHz	pnr-timing	RuntimeError: post-PnR setup timing violated (clk slack -0.06) -- the job clock is not achievable; gen-jobs should derive a slower one
intmac_48_48_104_104_5_20nm_TT_0V9_25C_307p692MHz	pnr-timing	RuntimeError: post-PnR setup timing violated (clk slack -0.09) -- the job clock is not achievable; gen-jobs should derive a slower one
intmac_16_8_40_40_5_10nm_TT_0V8_25C_1000MHz	pnr-timing	RuntimeError: post-PnR setup timing violated (clk slack -0.04) -- the job clock is not achievable; gen-jobs should derive a slower one
intmac_16_8_40_40_5_10nm_TT_0V8_25C_571p429MHz	pnr-timing	RuntimeError: post-PnR setup timing violated (clk slack -0.03) -- the job clock is not achievable; gen-jobs should derive a slower one
intmac_32_16_64_64_2_10nm_TT_0V8_25C_666p667MHz	pnr-timing	RuntimeError: post-PnR setup timing violated (clk slack -0.02) -- the job clock is not achievable; gen-jobs should derive a slower one
intmul_64_64_128_3_7nm_TT_0V75_25C_500MHz	pnr-timing	RuntimeError: post-PnR setup timing violated (**reg2out_default** slack -0.02; clk slack -0.07) -- the job clock is not achievable; gen-jobs should derive a slower one
intmac_48_48_104_104_5_5nm_TT_0V7_25C_444p444MHz	pnr-timing	RuntimeError: post-PnR setup timing violated (clk slack -0.06) -- the job clock is not achievable; gen-jobs should derive a slower one
intmac_32_16_64_64_2_10nm_TT_0V8_25C_444p444MHz	pnr-timing	RuntimeError: post-PnR setup timing violated (clk slack -0.01) -- the job clock is not achievable; gen-jobs should derive a slower one
intmac_32_16_64_64_5_10nm_TT_0V8_25C_800MHz	pnr-timing	RuntimeError: post-PnR setup timing violated (clk slack -0.02) -- the job clock is not achievable; gen-jobs should derive a slower one
intmac_64_64_128_128_2_5nm_TT_0V7_25C_666p667MHz	pnr-timing	RuntimeError: post-PnR setup timing violated (clk slack -0.07) -- the job clock is not achievable; gen-jobs should derive a slower one
intmac_64_64_128_128_2_20nm_TT_0V9_25C_307p692MHz	pnr-timing	RuntimeError: post-PnR setup timing violated (clk slack -0.1) -- the job clock is not achievable; gen-jobs should derive a slower one
intmac_64_64_128_128_2_5nm_TT_0V7_25C_444p444MHz	pnr-timing	RuntimeError: post-PnR setup timing violated (clk slack -0.06) -- the job clock is not achievable; gen-jobs should derive a slower one
intmac_32_16_64_64_5_10nm_TT_0V8_25C_444p444MHz	pnr-timing	RuntimeError: post-PnR setup timing violated (clk slack -0.03) -- the job clock is not achievable; gen-jobs should derive a slower one
intmac_64_64_128_128_2_20nm_TT_0V9_25C_181p818MHz	pnr-timing	RuntimeError: post-PnR setup timing violated (clk slack -0.01) -- the job clock is not achievable; gen-jobs should derive a slower one
intmac_32_32_72_72_3_16nm_TT_0V85_25C_400MHz	pnr-timing	RuntimeError: post-PnR setup timing violated (clk slack -0.01) -- the job clock is not achievable; gen-jobs should derive a slower one
fpadd_4_3_5_10nm_TT_0V8_25C_800MHz	pnr-timing	RuntimeError: post-PnR setup timing violated (clk slack -0.01) -- the job clock is not achievable; gen-jobs should derive a slower one
intmac_64_64_128_128_3_5nm_TT_0V7_25C_666p667MHz	pnr-timing	RuntimeError: post-PnR setup timing violated (clk slack -0.06) -- the job clock is not achievable; gen-jobs should derive a slower one
intmul_64_64_128_5_7nm_TT_0V75_25C_800MHz	pnr-timing	RuntimeError: post-PnR setup timing violated (**reg2out_default** slack -0.02; clk slack -0.03) -- the job clock is not achievable; gen-jobs should derive a slower one
intmac_64_64_128_128_3_5nm_TT_0V7_25C_444p444MHz	pnr-timing	RuntimeError: post-PnR setup timing violated (clk slack -0.06) -- the job clock is not achievable; gen-jobs should derive a slower one
intmac_64_64_128_128_3_20nm_TT_0V9_25C_285p714MHz	pnr-timing	RuntimeError: post-PnR setup timing violated (clk slack -0.1) -- the job clock is not achievable; gen-jobs should derive a slower one
intmul_64_64_128_5_7nm_TT_0V75_25C_500MHz	pnr-timing	RuntimeError: post-PnR setup timing violated (**reg2out_default** slack -0.03; clk slack -0.05) -- the job clock is not achievable; gen-jobs should derive a slower one
intmac_64_64_128_128_5_5nm_TT_0V7_25C_800MHz	pnr-timing	RuntimeError: post-PnR setup timing violated (clk slack -0.04) -- the job clock is not achievable; gen-jobs should derive a slower one
intmac_32_32_72_72_5_16nm_TT_0V85_25C_444p444MHz	pnr-timing	RuntimeError: post-PnR setup timing violated (clk slack -0.03) -- the job clock is not achievable; gen-jobs should derive a slower one
intmac_8_4_28_28_2_5nm_TT_0V7_25C_1000MHz	pnr-timing	RuntimeError: post-PnR setup timing violated (clk slack -0.03) -- the job clock is not achievable; gen-jobs should derive a slower one
intmac_64_64_128_128_5_20nm_TT_0V9_25C_333p333MHz	pnr-timing	RuntimeError: post-PnR setup timing violated (clk slack -0.12) -- the job clock is not achievable; gen-jobs should derive a slower one
intmul_16_4_20_2_7nm_TT_0V75_25C_1000MHz	pnr-timing	RuntimeError: post-PnR setup timing violated (clk slack -0.02) -- the job clock is not achievable; gen-jobs should derive a slower one
intmac_8_4_28_28_2_5nm_TT_0V7_25C_666p667MHz	pnr-timing	RuntimeError: post-PnR setup timing violated (clk slack -0.04) -- the job clock is not achievable; gen-jobs should derive a slower one
intmac_8_4_28_28_5_5nm_TT_0V7_25C_1333p33MHz	pnr-timing	RuntimeError: post-PnR setup timing violated (clk slack -0.04) -- the job clock is not achievable; gen-jobs should derive a slower one
intmac_32_32_72_72_5_16nm_TT_0V85_25C_266p667MHz	pnr-timing	RuntimeError: post-PnR setup timing violated (clk slack -0.01) -- the job clock is not achievable; gen-jobs should derive a slower one
intmac_64_64_128_128_5_5nm_TT_0V7_25C_444p444MHz	pnr-timing	RuntimeError: post-PnR setup timing violated (clk slack -0.07) -- the job clock is not achievable; gen-jobs should derive a slower one
intmac_64_64_128_128_5_20nm_TT_0V9_25C_200MHz	pnr-timing	RuntimeError: post-PnR setup timing violated (clk slack -0.02) -- the job clock is not achievable; gen-jobs should derive a slower one
intmac_16_4_36_36_2_5nm_TT_0V7_25C_1000MHz	pnr-timing	RuntimeError: post-PnR setup timing violated (clk slack -0.06) -- the job clock is not achievable; gen-jobs should derive a slower one
fpadd_5_10_2_10nm_TT_0V8_25C_571p429MHz	pnr-timing	RuntimeError: post-PnR setup timing violated (clk slack -0.01) -- the job clock is not achievable; gen-jobs should derive a slower one
intmac_16_4_36_36_2_5nm_TT_0V7_25C_666p667MHz	pnr-timing	RuntimeError: post-PnR setup timing violated (clk slack -0.02) -- the job clock is not achievable; gen-jobs should derive a slower one
intmul_16_8_24_2_7nm_TT_0V75_25C_1000MHz	pnr-timing	RuntimeError: post-PnR setup timing violated (clk slack -0.01) -- the job clock is not achievable; gen-jobs should derive a slower one
intmac_16_4_36_36_5_5nm_TT_0V7_25C_1000MHz	pnr-timing	RuntimeError: post-PnR setup timing violated (clk slack -0.07) -- the job clock is not achievable; gen-jobs should derive a slower one
fpadd_5_10_3_10nm_TT_0V8_25C_571p429MHz	pnr-timing	RuntimeError: post-PnR setup timing violated (clk slack -0.01) -- the job clock is not achievable; gen-jobs should derive a slower one
intmac_16_4_36_36_5_5nm_TT_0V7_25C_666p667MHz	pnr-timing	RuntimeError: post-PnR setup timing violated (clk slack -0.01) -- the job clock is not achievable; gen-jobs should derive a slower one
intmac_16_8_40_40_2_5nm_TT_0V7_25C_800MHz	pnr-timing	RuntimeError: post-PnR setup timing violated (clk slack -0.03) -- the job clock is not achievable; gen-jobs should derive a slower one
fpadd_5_10_5_10nm_TT_0V8_25C_571p429MHz	pnr-timing	RuntimeError: post-PnR setup timing violated (clk slack -0.02) -- the job clock is not achievable; gen-jobs should derive a slower one
intmac_32_32_80_80_3_16nm_TT_0V85_25C_400MHz	pnr-timing	RuntimeError: post-PnR setup timing violated (clk slack -0.02) -- the job clock is not achievable; gen-jobs should derive a slower one
intmac_16_8_40_40_2_5nm_TT_0V7_25C_500MHz	pnr-timing	RuntimeError: post-PnR setup timing violated (clk slack -0.06) -- the job clock is not achievable; gen-jobs should derive a slower one
intmac_16_8_40_40_5_5nm_TT_0V7_25C_1000MHz	pnr-timing	RuntimeError: post-PnR setup timing violated (clk slack -0.06) -- the job clock is not achievable; gen-jobs should derive a slower one
fpadd_8_7_2_10nm_TT_0V8_25C_666p667MHz	pnr-timing	RuntimeError: post-PnR setup timing violated (clk slack -0.02) -- the job clock is not achievable; gen-jobs should derive a slower one
intmac_16_8_40_40_5_5nm_TT_0V7_25C_666p667MHz	pnr-timing	RuntimeError: post-PnR setup timing violated (clk slack -0.02) -- the job clock is not achievable; gen-jobs should derive a slower one
intmac_32_32_80_80_3_16nm_TT_0V85_25C_250MHz	pnr-timing	RuntimeError: post-PnR setup timing violated (clk slack -0.02) -- the job clock is not achievable; gen-jobs should derive a slower one
fpadd_8_7_3_10nm_TT_0V8_25C_666p667MHz	pnr-timing	RuntimeError: post-PnR setup timing violated (clk slack -0.04) -- the job clock is not achievable; gen-jobs should derive a slower one
intmac_32_16_64_64_2_5nm_TT_0V7_25C_800MHz	pnr-timing	RuntimeError: post-PnR setup timing violated (clk slack -0.04) -- the job clock is not achievable; gen-jobs should derive a slower one
intmac_32_16_64_64_2_5nm_TT_0V7_25C_500MHz	pnr-timing	RuntimeError: post-PnR setup timing violated (clk slack -0.04) -- the job clock is not achievable; gen-jobs should derive a slower one
fpadd_8_7_5_10nm_TT_0V8_25C_666p667MHz	pnr-timing	RuntimeError: post-PnR setup timing violated (clk slack -0.03) -- the job clock is not achievable; gen-jobs should derive a slower one
intmac_32_16_64_64_5_5nm_TT_0V7_25C_800MHz	pnr-timing	RuntimeError: post-PnR setup timing violated (clk slack -0.05) -- the job clock is not achievable; gen-jobs should derive a slower one
intmul_32_16_48_2_7nm_TT_0V75_25C_800MHz	pnr-timing	RuntimeError: post-PnR setup timing violated (clk slack -0.01) -- the job clock is not achievable; gen-jobs should derive a slower one
fpadd_8_10_2_10nm_TT_0V8_25C_571p429MHz	pnr-timing	RuntimeError: post-PnR setup timing violated (clk slack -0.01) -- the job clock is not achievable; gen-jobs should derive a slower one
intmac_32_16_64_64_5_5nm_TT_0V7_25C_500MHz	pnr-timing	RuntimeError: post-PnR setup timing violated (clk slack -0.04) -- the job clock is not achievable; gen-jobs should derive a slower one
intmac_16_8_40_40_5_20nm_TT_0V9_25C_307p692MHz	sim	RuntimeError: gate-level simulation failed for intmac_16_8_40_40_5_20nm_TT_0V9_25C_307p692MHz (mode random); see /home/KNUEEhdd1/ys_knu/kmk/NPUWattch/dataset_gen/logic/TECH_20nm/04_sim/intmac_16_8_40_40_5_20nm_TT_0V9_25C_307p692MHz/sim.log
fpadd_8_10_3_10nm_TT_0V8_25C_571p429MHz	pnr-timing	RuntimeError: post-PnR setup timing violated (clk slack -0.01) -- the job clock is not achievable; gen-jobs should derive a slower one
intmac_32_16_64_64_2_20nm_TT_0V9_25C_333p333MHz	pnr-timing	RuntimeError: post-PnR setup timing violated (clk slack -0.01) -- the job clock is not achievable; gen-jobs should derive a slower one
intmul_32_16_48_5_7nm_TT_0V75_25C_1000MHz	pnr-timing	RuntimeError: post-PnR setup timing violated (clk slack -0.02) -- the job clock is not achievable; gen-jobs should derive a slower one
intmac_48_48_104_104_2_16nm_TT_0V85_25C_400MHz	pnr-timing	RuntimeError: post-PnR setup timing violated (clk slack -0.07) -- the job clock is not achievable; gen-jobs should derive a slower one
intmac_4_4_16_16_2_7nm_TT_0V75_25C_1000MHz	pnr-timing	RuntimeError: post-PnR setup timing violated (clk slack -0.04) -- the job clock is not achievable; gen-jobs should derive a slower one
fpadd_8_10_5_10nm_TT_0V8_25C_571p429MHz	pnr-timing	RuntimeError: post-PnR setup timing violated (clk slack -0.02) -- the job clock is not achievable; gen-jobs should derive a slower one
fpadd_4_3_5_5nm_TT_0V7_25C_800MHz	pnr-timing	RuntimeError: post-PnR setup timing violated (clk slack -0.01) -- the job clock is not achievable; gen-jobs should derive a slower one
intmac_32_16_64_64_5_20nm_TT_0V9_25C_333p333MHz	pnr-timing	RuntimeError: post-PnR setup timing violated (clk slack -0.09) -- the job clock is not achievable; gen-jobs should derive a slower one
intmac_4_4_16_16_2_7nm_TT_0V75_25C_666p667MHz	sim	RuntimeError: gate-level simulation failed for intmac_4_4_16_16_2_7nm_TT_0V75_25C_666p667MHz (mode random); see /home/KNUEEhdd1/ys_knu/kmk/NPUWattch/dataset_gen/logic/TECH_07nm/04_sim/intmac_4_4_16_16_2_7nm_TT_0V75_25C_666p667MHz/sim.log
fpadd_8_23_2_10nm_TT_0V8_25C_500MHz	pnr-timing	RuntimeError: post-PnR setup timing violated (clk slack -0.03) -- the job clock is not achievable; gen-jobs should derive a slower one
intmul_32_16_48_5_7nm_TT_0V75_25C_666p667MHz	pnr-timing	RuntimeError: post-PnR setup timing violated (clk slack -0.01) -- the job clock is not achievable; gen-jobs should derive a slower one
fpadd_4_3_2_20nm_TT_0V9_25C_400MHz	pnr-timing	RuntimeError: post-PnR setup timing violated (clk slack -0.01) -- the job clock is not achievable; gen-jobs should derive a slower one
intmac_48_48_104_104_3_16nm_TT_0V85_25C_363p636MHz	pnr-timing	RuntimeError: post-PnR setup timing violated (clk slack -0.02) -- the job clock is not achievable; gen-jobs should derive a slower one
fpadd_8_23_3_10nm_TT_0V8_25C_500MHz	pnr-timing	RuntimeError: post-PnR setup timing violated (clk slack -0.03) -- the job clock is not achievable; gen-jobs should derive a slower one
intmac_4_4_16_16_3_7nm_TT_0V75_25C_800MHz	sim	RuntimeError: gate-level simulation failed for intmac_4_4_16_16_3_7nm_TT_0V75_25C_800MHz (mode random); see /home/KNUEEhdd1/ys_knu/kmk/NPUWattch/dataset_gen/logic/TECH_07nm/04_sim/intmac_4_4_16_16_3_7nm_TT_0V75_25C_800MHz/sim.log
fpadd_4_3_3_20nm_TT_0V9_25C_400MHz	pnr-timing	RuntimeError: post-PnR setup timing violated (clk slack -0.01) -- the job clock is not achievable; gen-jobs should derive a slower one
fpadd_5_2_5_5nm_TT_0V7_25C_800MHz	pnr-timing	RuntimeError: post-PnR setup timing violated (clk slack -0.01) -- the job clock is not achievable; gen-jobs should derive a slower one
intmac_4_4_16_16_5_7nm_TT_0V75_25C_800MHz	sim	RuntimeError: gate-level simulation failed for intmac_4_4_16_16_5_7nm_TT_0V75_25C_800MHz (mode random); see /home/KNUEEhdd1/ys_knu/kmk/NPUWattch/dataset_gen/logic/TECH_07nm/04_sim/intmac_4_4_16_16_5_7nm_TT_0V75_25C_800MHz/sim.log
fpadd_8_23_5_10nm_TT_0V8_25C_500MHz	pnr-timing	RuntimeError: post-PnR setup timing violated (clk slack -0.06) -- the job clock is not achievable; gen-jobs should derive a slower one
fpadd_4_3_5_20nm_TT_0V9_25C_400MHz	pnr-timing	RuntimeError: post-PnR setup timing violated (clk slack -0.01) -- the job clock is not achievable; gen-jobs should derive a slower one
intmac_6_6_20_20_2_7nm_TT_0V75_25C_1000MHz	pnr-timing	RuntimeError: post-PnR setup timing violated (clk slack -0.01) -- the job clock is not achievable; gen-jobs should derive a slower one
intmac_48_48_104_104_5_16nm_TT_0V85_25C_400MHz	pnr-timing	RuntimeError: post-PnR setup timing violated (clk slack -0.06) -- the job clock is not achievable; gen-jobs should derive a slower one
fpadd_5_10_2_5nm_TT_0V7_25C_444p444MHz	pnr-timing	RuntimeError: post-PnR setup timing violated (clk slack -0.03) -- the job clock is not achievable; gen-jobs should derive a slower one
fpadd_5_10_2_5nm_TT_0V7_25C_666p667MHz	pnr-timing	RuntimeError: post-PnR setup timing violated (clk slack -0.06) -- the job clock is not achievable; gen-jobs should derive a slower one
intmac_48_48_104_104_3_16nm_TT_0V85_25C_235p294MHz	pnr-timing	RuntimeError: post-PnR setup timing violated (clk slack -0.03) -- the job clock is not achievable; gen-jobs should derive a slower one
fpadd_11_52_2_10nm_TT_0V8_25C_444p444MHz	pnr-timing	RuntimeError: post-PnR setup timing violated (clk slack -0.04) -- the job clock is not achievable; gen-jobs should derive a slower one
intmac_6_6_20_20_2_7nm_TT_0V75_25C_666p667MHz	sim	RuntimeError: gate-level simulation failed for intmac_6_6_20_20_2_7nm_TT_0V75_25C_666p667MHz (mode random); see /home/KNUEEhdd1/ys_knu/kmk/NPUWattch/dataset_gen/logic/TECH_07nm/04_sim/intmac_6_6_20_20_2_7nm_TT_0V75_25C_666p667MHz/sim.log
intmac_6_6_20_20_3_7nm_TT_0V75_25C_666p667MHz	sim	RuntimeError: gate-level simulation failed for intmac_6_6_20_20_3_7nm_TT_0V75_25C_666p667MHz (mode random); see /home/KNUEEhdd1/ys_knu/kmk/NPUWattch/dataset_gen/logic/TECH_07nm/04_sim/intmac_6_6_20_20_3_7nm_TT_0V75_25C_666p667MHz/sim.log
fpadd_5_10_3_5nm_TT_0V7_25C_666p667MHz	pnr-timing	RuntimeError: post-PnR setup timing violated (clk slack -0.04) -- the job clock is not achievable; gen-jobs should derive a slower one
fpadd_5_10_3_5nm_TT_0V7_25C_444p444MHz	pnr-timing	RuntimeError: post-PnR setup timing violated (clk slack -0.04) -- the job clock is not achievable; gen-jobs should derive a slower one
fpadd_5_10_5_5nm_TT_0V7_25C_666p667MHz	pnr-timing	RuntimeError: post-PnR setup timing violated (clk slack -0.05) -- the job clock is not achievable; gen-jobs should derive a slower one
fpadd_11_52_3_10nm_TT_0V8_25C_444p444MHz	pnr-timing	RuntimeError: post-PnR setup timing violated (clk slack -0.05) -- the job clock is not achievable; gen-jobs should derive a slower one
intmac_48_48_104_104_5_16nm_TT_0V85_25C_250MHz	pnr-timing	RuntimeError: post-PnR setup timing violated (clk slack -0.03) -- the job clock is not achievable; gen-jobs should derive a slower one
intmac_8_8_24_24_2_7nm_TT_0V75_25C_1000MHz	pnr-timing	RuntimeError: post-PnR setup timing violated (clk slack -0.02) -- the job clock is not achievable; gen-jobs should derive a slower one
fpadd_8_7_2_5nm_TT_0V7_25C_666p667MHz	pnr-timing	RuntimeError: post-PnR setup timing violated (clk slack -0.06) -- the job clock is not achievable; gen-jobs should derive a slower one
intmac_6_6_20_20_5_7nm_TT_0V75_25C_800MHz	sim	RuntimeError: gate-level simulation failed for intmac_6_6_20_20_5_7nm_TT_0V75_25C_800MHz (mode random); see /home/KNUEEhdd1/ys_knu/kmk/NPUWattch/dataset_gen/logic/TECH_07nm/04_sim/intmac_6_6_20_20_5_7nm_TT_0V75_25C_800MHz/sim.log
fpadd_8_7_2_5nm_TT_0V7_25C_444p444MHz	pnr-timing	RuntimeError: post-PnR setup timing violated (clk slack -0.05) -- the job clock is not achievable; gen-jobs should derive a slower one
fpadd_5_10_5_5nm_TT_0V7_25C_444p444MHz	pnr-timing	RuntimeError: post-PnR setup timing violated (clk slack -0.04) -- the job clock is not achievable; gen-jobs should derive a slower one
fpadd_5_10_2_20nm_TT_0V9_25C_285p714MHz	pnr-timing	RuntimeError: post-PnR setup timing violated (clk slack -0.01) -- the job clock is not achievable; gen-jobs should derive a slower one
fpadd_11_52_5_10nm_TT_0V8_25C_444p444MHz	pnr-timing	RuntimeError: post-PnR setup timing violated (clk slack -0.06) -- the job clock is not achievable; gen-jobs should derive a slower one
intmac_64_64_128_128_2_16nm_TT_0V85_25C_400MHz	pnr-timing	RuntimeError: post-PnR setup timing violated (clk slack -0.05) -- the job clock is not achievable; gen-jobs should derive a slower one
fpadd_8_7_3_5nm_TT_0V7_25C_666p667MHz	pnr-timing	RuntimeError: post-PnR setup timing violated (clk slack -0.05) -- the job clock is not achievable; gen-jobs should derive a slower one
fpadd_5_10_3_20nm_TT_0V9_25C_307p692MHz	pnr-timing	RuntimeError: post-PnR setup timing violated (clk slack -0.01) -- the job clock is not achievable; gen-jobs should derive a slower one
fpadd_8_7_5_5nm_TT_0V7_25C_666p667MHz	pnr-timing	RuntimeError: post-PnR setup timing violated (clk slack -0.03) -- the job clock is not achievable; gen-jobs should derive a slower one
intmac_8_8_24_24_3_7nm_TT_0V75_25C_1000MHz	pnr-timing	RuntimeError: post-PnR setup timing violated (clk slack -0.04) -- the job clock is not achievable; gen-jobs should derive a slower one
intmac_8_8_24_24_2_7nm_TT_0V75_25C_666p667MHz	sim	RuntimeError: gate-level simulation failed for intmac_8_8_24_24_2_7nm_TT_0V75_25C_666p667MHz (mode random); see /home/KNUEEhdd1/ys_knu/kmk/NPUWattch/dataset_gen/logic/TECH_07nm/04_sim/intmac_8_8_24_24_2_7nm_TT_0V75_25C_666p667MHz/sim.log
intmac_8_8_24_24_3_7nm_TT_0V75_25C_666p667MHz	sim	RuntimeError: gate-level simulation failed for intmac_8_8_24_24_3_7nm_TT_0V75_25C_666p667MHz (mode random); see /home/KNUEEhdd1/ys_knu/kmk/NPUWattch/dataset_gen/logic/TECH_07nm/04_sim/intmac_8_8_24_24_3_7nm_TT_0V75_25C_666p667MHz/sim.log
fpadd_5_10_5_20nm_TT_0V9_25C_307p692MHz	pnr-timing	RuntimeError: post-PnR setup timing violated (clk slack -0.03) -- the job clock is not achievable; gen-jobs should derive a slower one
fpadd_8_7_5_5nm_TT_0V7_25C_444p444MHz	pnr-timing	RuntimeError: post-PnR setup timing violated (clk slack -0.02) -- the job clock is not achievable; gen-jobs should derive a slower one
fpadd_8_10_2_5nm_TT_0V7_25C_666p667MHz	pnr-timing	RuntimeError: post-PnR setup timing violated (clk slack -0.04) -- the job clock is not achievable; gen-jobs should derive a slower one
intmac_8_8_24_24_5_7nm_TT_0V75_25C_1000MHz	pnr-timing	RuntimeError: post-PnR setup timing violated (clk slack -0.03) -- the job clock is not achievable; gen-jobs should derive a slower one
fpadd_8_10_2_5nm_TT_0V7_25C_444p444MHz	pnr-timing	RuntimeError: post-PnR setup timing violated (clk slack -0.05) -- the job clock is not achievable; gen-jobs should derive a slower one
intmac_8_8_32_32_2_7nm_TT_0V75_25C_1000MHz	pnr-timing	RuntimeError: post-PnR setup timing violated (clk slack -0.01) -- the job clock is not achievable; gen-jobs should derive a slower one
intmac_8_8_24_24_5_7nm_TT_0V75_25C_666p667MHz	sim	RuntimeError: gate-level simulation failed for intmac_8_8_24_24_5_7nm_TT_0V75_25C_666p667MHz (mode random); see /home/KNUEEhdd1/ys_knu/kmk/NPUWattch/dataset_gen/logic/TECH_07nm/04_sim/intmac_8_8_24_24_5_7nm_TT_0V75_25C_666p667MHz/sim.log
fpadd_8_10_3_5nm_TT_0V7_25C_666p667MHz	pnr-timing	RuntimeError: post-PnR setup timing violated (clk slack -0.06) -- the job clock is not achievable; gen-jobs should derive a slower one
fpadd_8_10_3_5nm_TT_0V7_25C_400MHz	pnr-timing	RuntimeError: post-PnR setup timing violated (clk slack -0.03) -- the job clock is not achievable; gen-jobs should derive a slower one
fpadd_4_6_2_10nm_TT_0V8_25C_666p667MHz	pnr-timing	RuntimeError: post-PnR setup timing violated (clk slack -0.03) -- the job clock is not achievable; gen-jobs should derive a slower one
fpadd_8_10_5_5nm_TT_0V7_25C_666p667MHz	pnr-timing	RuntimeError: post-PnR setup timing violated (clk slack -0.03) -- the job clock is not achievable; gen-jobs should derive a slower one
intmac_64_64_128_128_3_16nm_TT_0V85_25C_400MHz	pnr-timing	RuntimeError: post-PnR setup timing violated (clk slack -0.04) -- the job clock is not achievable; gen-jobs should derive a slower one
intmac_8_8_32_32_2_7nm_TT_0V75_25C_571p429MHz	sim	RuntimeError: gate-level simulation failed for intmac_8_8_32_32_2_7nm_TT_0V75_25C_571p429MHz (mode random); see /home/KNUEEhdd1/ys_knu/kmk/NPUWattch/dataset_gen/logic/TECH_07nm/04_sim/intmac_8_8_32_32_2_7nm_TT_0V75_25C_571p429MHz/sim.log
intmac_8_8_32_32_3_7nm_TT_0V75_25C_1000MHz	pnr-timing	RuntimeError: post-PnR setup timing violated (clk slack -0.04) -- the job clock is not achievable; gen-jobs should derive a slower one
fpadd_4_6_3_10nm_TT_0V8_25C_666p667MHz	pnr-timing	RuntimeError: post-PnR setup timing violated (clk slack -0.03) -- the job clock is not achievable; gen-jobs should derive a slower one
fpadd_8_10_5_5nm_TT_0V7_25C_444p444MHz	pnr-timing	RuntimeError: post-PnR setup timing violated (clk slack -0.04) -- the job clock is not achievable; gen-jobs should derive a slower one
intmac_8_8_32_32_3_7nm_TT_0V75_25C_571p429MHz	sim	RuntimeError: gate-level simulation failed for intmac_8_8_32_32_3_7nm_TT_0V75_25C_571p429MHz (mode random); see /home/KNUEEhdd1/ys_knu/kmk/NPUWattch/dataset_gen/logic/TECH_07nm/04_sim/intmac_8_8_32_32_3_7nm_TT_0V75_25C_571p429MHz/sim.log
fpadd_8_23_2_5nm_TT_0V7_25C_571p429MHz	pnr-timing	RuntimeError: post-PnR setup timing violated (clk slack -0.03) -- the job clock is not achievable; gen-jobs should derive a slower one
fpadd_8_23_2_5nm_TT_0V7_25C_363p636MHz	pnr-timing	RuntimeError: post-PnR setup timing violated (clk slack -0.04) -- the job clock is not achievable; gen-jobs should derive a slower one
fpadd_4_6_5_10nm_TT_0V8_25C_666p667MHz	pnr-timing	RuntimeError: post-PnR setup timing violated (clk slack -0.02) -- the job clock is not achievable; gen-jobs should derive a slower one
intmac_8_8_32_32_5_7nm_TT_0V75_25C_1000MHz	pnr-timing	RuntimeError: post-PnR setup timing violated (clk slack -0.04) -- the job clock is not achievable; gen-jobs should derive a slower one
fpadd_8_23_3_5nm_TT_0V7_25C_571p429MHz	pnr-timing	RuntimeError: post-PnR setup timing violated (clk slack -0.03) -- the job clock is not achievable; gen-jobs should derive a slower one
intmac_8_8_32_32_5_7nm_TT_0V75_25C_666p667MHz	pnr-timing	RuntimeError: post-PnR setup timing violated (clk slack -0.04) -- the job clock is not achievable; gen-jobs should derive a slower one
fpadd_6_5_2_10nm_TT_0V8_25C_666p667MHz	pnr-timing	RuntimeError: post-PnR setup timing violated (clk slack -0.02) -- the job clock is not achievable; gen-jobs should derive a slower one
fpadd_8_23_3_5nm_TT_0V7_25C_333p333MHz	pnr-timing	RuntimeError: post-PnR setup timing violated (clk slack -0.05) -- the job clock is not achievable; gen-jobs should derive a slower one
intmac_12_12_32_32_2_7nm_TT_0V75_25C_1000MHz	pnr-timing	RuntimeError: post-PnR setup timing violated (clk slack -0.02) -- the job clock is not achievable; gen-jobs should derive a slower one
fpadd_6_5_3_10nm_TT_0V8_25C_666p667MHz	pnr-timing	RuntimeError: post-PnR setup timing violated (clk slack -0.01) -- the job clock is not achievable; gen-jobs should derive a slower one
intmac_64_64_128_128_5_16nm_TT_0V85_25C_444p444MHz	pnr-timing	RuntimeError: post-PnR setup timing violated (clk slack -0.07) -- the job clock is not achievable; gen-jobs should derive a slower one
fpadd_8_23_5_5nm_TT_0V7_25C_571p429MHz	pnr-timing	RuntimeError: post-PnR setup timing violated (clk slack -0.03) -- the job clock is not achievable; gen-jobs should derive a slower one
intmac_64_64_128_128_3_16nm_TT_0V85_25C_250MHz	pnr-timing	RuntimeError: post-PnR setup timing violated (clk slack -0.01) -- the job clock is not achievable; gen-jobs should derive a slower one
fpadd_8_23_5_5nm_TT_0V7_25C_363p636MHz	pnr-timing	RuntimeError: post-PnR setup timing violated (clk slack -0.04) -- the job clock is not achievable; gen-jobs should derive a slower one
intmac_12_12_32_32_2_7nm_TT_0V75_25C_571p429MHz	pnr-timing	RuntimeError: post-PnR setup timing violated (clk slack -0.03) -- the job clock is not achievable; gen-jobs should derive a slower one
fpadd_6_5_5_10nm_TT_0V8_25C_666p667MHz	pnr-timing	RuntimeError: post-PnR setup timing violated (clk slack -0.01) -- the job clock is not achievable; gen-jobs should derive a slower one
fpadd_6_5_5_10nm_TT_0V8_25C_400MHz	pnr-timing	RuntimeError: post-PnR setup timing violated (clk slack -0.02) -- the job clock is not achievable; gen-jobs should derive a slower one
intmac_12_12_32_32_3_7nm_TT_0V75_25C_800MHz	pnr-timing	RuntimeError: post-PnR setup timing violated (clk slack -0.04) -- the job clock is not achievable; gen-jobs should derive a slower one
intmac_12_12_32_32_3_7nm_TT_0V75_25C_571p429MHz	sim	RuntimeError: gate-level simulation failed for intmac_12_12_32_32_3_7nm_TT_0V75_25C_571p429MHz (mode random); see /home/KNUEEhdd1/ys_knu/kmk/NPUWattch/dataset_gen/logic/TECH_07nm/04_sim/intmac_12_12_32_32_3_7nm_TT_0V75_25C_571p429MHz/sim.log
fpadd_11_52_2_5nm_TT_0V7_25C_500MHz	pnr-timing	RuntimeError: post-PnR setup timing violated (clk slack -0.05) -- the job clock is not achievable; gen-jobs should derive a slower one
fpadd_11_52_2_5nm_TT_0V7_25C_307p692MHz	pnr-timing	RuntimeError: post-PnR setup timing violated (clk slack -0.05) -- the job clock is not achievable; gen-jobs should derive a slower one
intmac_12_12_32_32_5_7nm_TT_0V75_25C_1000MHz	pnr-timing	RuntimeError: post-PnR setup timing violated (clk slack -0.03) -- the job clock is not achievable; gen-jobs should derive a slower one
fpadd_11_52_3_5nm_TT_0V7_25C_500MHz	pnr-timing	RuntimeError: post-PnR setup timing violated (clk slack -0.07) -- the job clock is not achievable; gen-jobs should derive a slower one
intmac_64_64_128_128_5_16nm_TT_0V85_25C_266p667MHz	pnr-timing	RuntimeError: post-PnR setup timing violated (clk slack -0.01) -- the job clock is not achievable; gen-jobs should derive a slower one
intmac_12_12_32_32_5_7nm_TT_0V75_25C_666p667MHz	pnr-timing	RuntimeError: post-PnR setup timing violated (clk slack -0.03) -- the job clock is not achievable; gen-jobs should derive a slower one
fpadd_6_12_5_10nm_TT_0V8_25C_571p429MHz	pnr-timing	RuntimeError: post-PnR setup timing violated (clk slack -0.01) -- the job clock is not achievable; gen-jobs should derive a slower one
fpadd_6_12_5_10nm_TT_0V8_25C_363p636MHz	pnr-timing	RuntimeError: post-PnR setup timing violated (clk slack -0.01) -- the job clock is not achievable; gen-jobs should derive a slower one
intmac_16_16_40_40_2_7nm_TT_0V75_25C_800MHz	pnr-timing	RuntimeError: post-PnR setup timing violated (clk slack -0.04) -- the job clock is not achievable; gen-jobs should derive a slower one
fpadd_11_52_3_5nm_TT_0V7_25C_307p692MHz	pnr-timing	RuntimeError: post-PnR setup timing violated (clk slack -0.08) -- the job clock is not achievable; gen-jobs should derive a slower one
intmac_8_4_28_28_5_16nm_TT_0V85_25C_800MHz	pnr-timing	RuntimeError: post-PnR setup timing violated (clk slack -0.01) -- the job clock is not achievable; gen-jobs should derive a slower one
fpadd_8_23_5_20nm_TT_0V9_25C_235p294MHz	pnr-timing	RuntimeError: post-PnR setup timing violated (clk slack -0.02) -- the job clock is not achievable; gen-jobs should derive a slower one
intmac_8_4_28_28_5_16nm_TT_0V85_25C_500MHz	pnr-timing	RuntimeError: post-PnR setup timing violated (clk slack -0.01) -- the job clock is not achievable; gen-jobs should derive a slower one
fpadd_11_52_5_5nm_TT_0V7_25C_500MHz	pnr-timing	RuntimeError: post-PnR setup timing violated (clk slack -0.07) -- the job clock is not achievable; gen-jobs should derive a slower one
intmac_16_16_40_40_2_7nm_TT_0V75_25C_500MHz	pnr-timing	RuntimeError: post-PnR setup timing violated (clk slack -0.02) -- the job clock is not achievable; gen-jobs should derive a slower one
fpadd_11_52_5_5nm_TT_0V7_25C_307p692MHz	pnr-timing	RuntimeError: post-PnR setup timing violated (clk slack -0.07) -- the job clock is not achievable; gen-jobs should derive a slower one
intmac_16_16_40_40_3_7nm_TT_0V75_25C_800MHz	pnr-timing	RuntimeError: post-PnR setup timing violated (clk slack -0.01) -- the job clock is not achievable; gen-jobs should derive a slower one
fpadd_7_15_5_10nm_TT_0V8_25C_500MHz	pnr-timing	RuntimeError: post-PnR setup timing violated (clk slack -0.05) -- the job clock is not achievable; gen-jobs should derive a slower one
intmac_16_16_40_40_3_7nm_TT_0V75_25C_500MHz	sim	RuntimeError: gate-level simulation failed for intmac_16_16_40_40_3_7nm_TT_0V75_25C_500MHz (mode random); see /home/KNUEEhdd1/ys_knu/kmk/NPUWattch/dataset_gen/logic/TECH_07nm/04_sim/intmac_16_16_40_40_3_7nm_TT_0V75_25C_500MHz/sim.log
fpadd_3_2_5_5nm_TT_0V7_25C_1000MHz	pnr-timing	RuntimeError: post-PnR setup timing violated (clk slack -0.02) -- the job clock is not achievable; gen-jobs should derive a slower one
intmac_16_4_36_36_5_16nm_TT_0V85_25C_444p444MHz	pnr-timing	RuntimeError: post-PnR setup timing violated (clk slack -0.01) -- the job clock is not achievable; gen-jobs should derive a slower one
fpadd_11_52_3_20nm_TT_0V9_25C_210p526MHz	pnr-timing	RuntimeError: post-PnR setup timing violated (clk slack -0.01) -- the job clock is not achievable; gen-jobs should derive a slower one
intmac_16_16_40_40_5_7nm_TT_0V75_25C_800MHz	pnr-timing	RuntimeError: post-PnR setup timing violated (clk slack -0.04) -- the job clock is not achievable; gen-jobs should derive a slower one
fpadd_9_31_2_10nm_TT_0V8_25C_500MHz	pnr-timing	RuntimeError: post-PnR setup timing violated (clk slack -0.02) -- the job clock is not achievable; gen-jobs should derive a slower one
fpadd_4_6_2_5nm_TT_0V7_25C_800MHz	pnr-timing	RuntimeError: post-PnR setup timing violated (clk slack -0.05) -- the job clock is not achievable; gen-jobs should derive a slower one
fpadd_9_31_3_10nm_TT_0V8_25C_500MHz	pnr-timing	RuntimeError: post-PnR setup timing violated (clk slack -0.05) -- the job clock is not achievable; gen-jobs should derive a slower one
intmac_16_16_40_40_5_7nm_TT_0V75_25C_500MHz	sim	RuntimeError: gate-level simulation failed for intmac_16_16_40_40_5_7nm_TT_0V75_25C_500MHz (mode random); see /home/KNUEEhdd1/ys_knu/kmk/NPUWattch/dataset_gen/logic/TECH_07nm/04_sim/intmac_16_16_40_40_5_7nm_TT_0V75_25C_500MHz/sim.log
intmac_16_16_48_48_2_7nm_TT_0V75_25C_800MHz	pnr-timing	RuntimeError: post-PnR setup timing violated (clk slack -0.03) -- the job clock is not achievable; gen-jobs should derive a slower one
fpadd_4_6_3_5nm_TT_0V7_25C_800MHz	pnr-timing	RuntimeError: post-PnR setup timing violated (clk slack -0.05) -- the job clock is not achievable; gen-jobs should derive a slower one
fpadd_4_6_5_5nm_TT_0V7_25C_800MHz	pnr-timing	RuntimeError: post-PnR setup timing violated (clk slack -0.04) -- the job clock is not achievable; gen-jobs should derive a slower one
fpadd_9_31_5_10nm_TT_0V8_25C_500MHz	pnr-timing	RuntimeError: post-PnR setup timing violated (clk slack -0.03) -- the job clock is not achievable; gen-jobs should derive a slower one
intmac_16_8_40_40_5_16nm_TT_0V85_25C_400MHz	pnr-timing	RuntimeError: post-PnR setup timing violated (clk slack -0.01) -- the job clock is not achievable; gen-jobs should derive a slower one
fpadd_6_5_2_5nm_TT_0V7_25C_800MHz	pnr-timing	RuntimeError: post-PnR setup timing violated (clk slack -0.04) -- the job clock is not achievable; gen-jobs should derive a slower one
intmac_16_16_48_48_3_7nm_TT_0V75_25C_800MHz	pnr-timing	RuntimeError: post-PnR setup timing violated (clk slack -0.02) -- the job clock is not achievable; gen-jobs should derive a slower one
fpadd_10_40_2_10nm_TT_0V8_25C_444p444MHz	pnr-timing	RuntimeError: post-PnR setup timing violated (clk slack -0.04) -- the job clock is not achievable; gen-jobs should derive a slower one
fpadd_3_2_5_20nm_TT_0V9_25C_444p444MHz	pnr-timing	RuntimeError: post-PnR setup timing violated (clk slack -0.01) -- the job clock is not achievable; gen-jobs should derive a slower one
fpadd_6_5_3_5nm_TT_0V7_25C_500MHz	pnr-timing	RuntimeError: post-PnR setup timing violated (clk slack -0.04) -- the job clock is not achievable; gen-jobs should derive a slower one
fpadd_6_5_3_5nm_TT_0V7_25C_800MHz	pnr-timing	RuntimeError: post-PnR setup timing violated (clk slack -0.07) -- the job clock is not achievable; gen-jobs should derive a slower one
fpadd_10_40_3_10nm_TT_0V8_25C_444p444MHz	pnr-timing	RuntimeError: post-PnR setup timing violated (clk slack -0.04) -- the job clock is not achievable; gen-jobs should derive a slower one
fpadd_4_6_2_20nm_TT_0V9_25C_333p333MHz	pnr-timing	RuntimeError: post-PnR setup timing violated (clk slack -0.01) -- the job clock is not achievable; gen-jobs should derive a slower one
fpadd_6_5_5_5nm_TT_0V7_25C_800MHz	pnr-timing	RuntimeError: post-PnR setup timing violated (clk slack -0.05) -- the job clock is not achievable; gen-jobs should derive a slower one
fpadd_6_5_5_5nm_TT_0V7_25C_500MHz	pnr-timing	RuntimeError: post-PnR setup timing violated (clk slack -0.04) -- the job clock is not achievable; gen-jobs should derive a slower one
fpadd_4_6_3_20nm_TT_0V9_25C_333p333MHz	pnr-timing	RuntimeError: post-PnR setup timing violated (clk slack -0.01) -- the job clock is not achievable; gen-jobs should derive a slower one
fpadd_6_12_2_5nm_TT_0V7_25C_666p667MHz	pnr-timing	RuntimeError: post-PnR setup timing violated (clk slack -0.04) -- the job clock is not achievable; gen-jobs should derive a slower one
fpadd_10_40_5_10nm_TT_0V8_25C_444p444MHz	pnr-timing	RuntimeError: post-PnR setup timing violated (clk slack -0.03) -- the job clock is not achievable; gen-jobs should derive a slower one
fpadd_10_40_5_10nm_TT_0V8_25C_285p714MHz	pnr-timing	RuntimeError: post-PnR setup timing violated (clk slack -0.01) -- the job clock is not achievable; gen-jobs should derive a slower one
fpadd_6_12_2_5nm_TT_0V7_25C_400MHz	pnr-timing	RuntimeError: post-PnR setup timing violated (clk slack -0.04) -- the job clock is not achievable; gen-jobs should derive a slower one
intmac_16_16_48_48_5_7nm_TT_0V75_25C_800MHz	pnr-timing	RuntimeError: post-PnR setup timing violated (clk slack -0.05) -- the job clock is not achievable; gen-jobs should derive a slower one
intmac_16_16_48_48_5_7nm_TT_0V75_25C_500MHz	sim	RuntimeError: gate-level simulation failed for intmac_16_16_48_48_5_7nm_TT_0V75_25C_500MHz (mode random); see /home/KNUEEhdd1/ys_knu/kmk/NPUWattch/dataset_gen/logic/TECH_07nm/04_sim/intmac_16_16_48_48_5_7nm_TT_0V75_25C_500MHz/sim.log
fpadd_6_12_3_5nm_TT_0V7_25C_666p667MHz	pnr-timing	RuntimeError: post-PnR setup timing violated (clk slack -0.05) -- the job clock is not achievable; gen-jobs should derive a slower one
fpadd_6_12_3_5nm_TT_0V7_25C_400MHz	pnr-timing	RuntimeError: post-PnR setup timing violated (clk slack -0.03) -- the job clock is not achievable; gen-jobs should derive a slower one
fpadd_6_12_5_5nm_TT_0V7_25C_666p667MHz	pnr-timing	RuntimeError: post-PnR setup timing violated (clk slack -0.06) -- the job clock is not achievable; gen-jobs should derive a slower one
fpadd_12_64_2_10nm_TT_0V8_25C_400MHz	pnr-timing	RuntimeError: post-PnR setup timing violated (clk slack -0.02) -- the job clock is not achievable; gen-jobs should derive a slower one
intmac_24_24_56_56_2_7nm_TT_0V75_25C_800MHz	pnr-timing	RuntimeError: post-PnR setup timing violated (clk slack -0.01) -- the job clock is not achievable; gen-jobs should derive a slower one
fpadd_6_12_5_5nm_TT_0V7_25C_400MHz	pnr-timing	RuntimeError: post-PnR setup timing violated (clk slack -0.04) -- the job clock is not achievable; gen-jobs should derive a slower one
fpadd_12_64_3_10nm_TT_0V8_25C_444p444MHz	pnr-timing	RuntimeError: post-PnR setup timing violated (clk slack -0.03) -- the job clock is not achievable; gen-jobs should derive a slower one
fpadd_7_15_2_5nm_TT_0V7_25C_571p429MHz	pnr-timing	RuntimeError: post-PnR setup timing violated (clk slack -0.04) -- the job clock is not achievable; gen-jobs should derive a slower one
fpadd_12_64_3_10nm_TT_0V8_25C_266p667MHz	pnr-timing	RuntimeError: post-PnR setup timing violated (clk slack -0.01) -- the job clock is not achievable; gen-jobs should derive a slower one
intmac_24_24_56_56_2_7nm_TT_0V75_25C_500MHz	pnr-timing	RuntimeError: post-PnR setup timing violated (clk slack -0.03) -- the job clock is not achievable; gen-jobs should derive a slower one
fpadd_7_15_3_5nm_TT_0V7_25C_571p429MHz	pnr-timing	RuntimeError: post-PnR setup timing violated (clk slack -0.05) -- the job clock is not achievable; gen-jobs should derive a slower one
fpadd_12_64_5_10nm_TT_0V8_25C_444p444MHz	pnr-timing	RuntimeError: post-PnR setup timing violated (clk slack -0.09) -- the job clock is not achievable; gen-jobs should derive a slower one
fpadd_6_12_2_20nm_TT_0V9_25C_285p714MHz	pnr-timing	RuntimeError: post-PnR setup timing violated (clk slack -0.02) -- the job clock is not achievable; gen-jobs should derive a slower one
intmac_24_24_56_56_3_7nm_TT_0V75_25C_571p429MHz	pnr-timing	RuntimeError: post-PnR setup timing violated (clk slack -0.02) -- the job clock is not achievable; gen-jobs should derive a slower one
fpadd_7_15_5_5nm_TT_0V7_25C_571p429MHz	pnr-timing	RuntimeError: post-PnR setup timing violated (clk slack -0.05) -- the job clock is not achievable; gen-jobs should derive a slower one
fpadd_7_15_5_5nm_TT_0V7_25C_363p636MHz	pnr-timing	RuntimeError: post-PnR setup timing violated (clk slack -0.04) -- the job clock is not achievable; gen-jobs should derive a slower one
fpadd_6_12_3_20nm_TT_0V9_25C_285p714MHz	pnr-timing	RuntimeError: post-PnR setup timing violated (clk slack -0.01) -- the job clock is not achievable; gen-jobs should derive a slower one
intmac_24_24_56_56_3_7nm_TT_0V75_25C_363p636MHz	sim	RuntimeError: gate-level simulation failed for intmac_24_24_56_56_3_7nm_TT_0V75_25C_363p636MHz (mode random); see /home/KNUEEhdd1/ys_knu/kmk/NPUWattch/dataset_gen/logic/TECH_07nm/04_sim/intmac_24_24_56_56_3_7nm_TT_0V75_25C_363p636MHz/sim.log
fpadd_9_31_2_5nm_TT_0V7_25C_571p429MHz	pnr-timing	RuntimeError: post-PnR setup timing violated (clk slack -0.03) -- the job clock is not achievable; gen-jobs should derive a slower one
fpadd_9_31_2_5nm_TT_0V7_25C_333p333MHz	pnr-timing	RuntimeError: post-PnR setup timing violated (clk slack -0.06) -- the job clock is not achievable; gen-jobs should derive a slower one
fpadd_9_31_3_5nm_TT_0V7_25C_571p429MHz	pnr-timing	RuntimeError: post-PnR setup timing violated (clk slack -0.05) -- the job clock is not achievable; gen-jobs should derive a slower one
fpadd_6_12_5_20nm_TT_0V9_25C_285p714MHz	pnr-timing	RuntimeError: post-PnR setup timing violated (clk slack -0.01) -- the job clock is not achievable; gen-jobs should derive a slower one
intmac_24_24_56_56_5_7nm_TT_0V75_25C_800MHz	pnr-timing	RuntimeError: post-PnR setup timing violated (clk slack -0.02) -- the job clock is not achievable; gen-jobs should derive a slower one
fpadd_9_31_3_5nm_TT_0V7_25C_333p333MHz	pnr-timing	RuntimeError: post-PnR setup timing violated (clk slack -0.04) -- the job clock is not achievable; gen-jobs should derive a slower one
fpadd_9_31_5_5nm_TT_0V7_25C_571p429MHz	pnr-timing	RuntimeError: post-PnR setup timing violated (clk slack -0.06) -- the job clock is not achievable; gen-jobs should derive a slower one
fpadd_9_31_5_5nm_TT_0V7_25C_333p333MHz	pnr-timing	RuntimeError: post-PnR setup timing violated (clk slack -0.06) -- the job clock is not achievable; gen-jobs should derive a slower one
fpadd_7_15_5_20nm_TT_0V9_25C_266p667MHz	pnr-timing	RuntimeError: post-PnR setup timing violated (clk slack -0.03) -- the job clock is not achievable; gen-jobs should derive a slower one
fpadd_10_40_2_5nm_TT_0V7_25C_500MHz	pnr-timing	RuntimeError: post-PnR setup timing violated (clk slack -0.05) -- the job clock is not achievable; gen-jobs should derive a slower one
intmac_32_32_72_72_2_7nm_TT_0V75_25C_800MHz	pnr-timing	RuntimeError: post-PnR setup timing violated (clk slack -0.03) -- the job clock is not achievable; gen-jobs should derive a slower one
fpmul_5_10_2_10nm_TT_0V8_25C_571p429MHz	pnr-timing	RuntimeError: post-PnR setup timing violated (clk slack -0.02) -- the job clock is not achievable; gen-jobs should derive a slower one
fpadd_10_40_3_5nm_TT_0V7_25C_500MHz	pnr-timing	RuntimeError: post-PnR setup timing violated (clk slack -0.05) -- the job clock is not achievable; gen-jobs should derive a slower one
fpmul_5_10_3_10nm_TT_0V8_25C_571p429MHz	pnr-timing	RuntimeError: post-PnR setup timing violated (clk slack -0.03) -- the job clock is not achievable; gen-jobs should derive a slower one
intmac_32_32_72_72_2_7nm_TT_0V75_25C_500MHz	pnr-timing	RuntimeError: post-PnR setup timing violated (clk slack -0.05) -- the job clock is not achievable; gen-jobs should derive a slower one
fpadd_10_40_3_5nm_TT_0V7_25C_307p692MHz	pnr-timing	RuntimeError: post-PnR setup timing violated (clk slack -0.01) -- the job clock is not achievable; gen-jobs should derive a slower one
fpadd_9_31_3_20nm_TT_0V9_25C_222p222MHz	pnr-timing	RuntimeError: post-PnR setup timing violated (clk slack -0.01) -- the job clock is not achievable; gen-jobs should derive a slower one
fpadd_10_40_5_5nm_TT_0V7_25C_500MHz	pnr-timing	RuntimeError: post-PnR setup timing violated (clk slack -0.07) -- the job clock is not achievable; gen-jobs should derive a slower one
fpadd_9_31_5_20nm_TT_0V9_25C_222p222MHz	pnr-timing	RuntimeError: post-PnR setup timing violated (clk slack -0.01) -- the job clock is not achievable; gen-jobs should derive a slower one
fpmul_8_7_2_10nm_TT_0V8_25C_666p667MHz	pnr-timing	RuntimeError: post-PnR setup timing violated (clk slack -0.03) -- the job clock is not achievable; gen-jobs should derive a slower one
fpadd_5_10_3_16nm_TT_0V85_25C_400MHz	pnr-timing	RuntimeError: post-PnR setup timing violated (clk slack -0.01) -- the job clock is not achievable; gen-jobs should derive a slower one
intmac_32_32_72_72_3_7nm_TT_0V75_25C_666p667MHz	pnr-timing	RuntimeError: post-PnR setup timing violated (clk slack -0.04) -- the job clock is not achievable; gen-jobs should derive a slower one
fpmul_8_7_3_10nm_TT_0V8_25C_666p667MHz	pnr-timing	RuntimeError: post-PnR setup timing violated (clk slack -0.02) -- the job clock is not achievable; gen-jobs should derive a slower one
fpadd_12_64_2_5nm_TT_0V7_25C_500MHz	pnr-timing	RuntimeError: post-PnR setup timing violated (clk slack -0.07) -- the job clock is not achievable; gen-jobs should derive a slower one
intmac_32_32_72_72_3_7nm_TT_0V75_25C_444p444MHz	pnr-timing	RuntimeError: post-PnR setup timing violated (clk slack -0.02) -- the job clock is not achievable; gen-jobs should derive a slower one
fpmul_8_7_5_10nm_TT_0V8_25C_666p667MHz	pnr-timing	RuntimeError: post-PnR setup timing violated (clk slack -0.01) -- the job clock is not achievable; gen-jobs should derive a slower one
fpadd_12_64_2_5nm_TT_0V7_25C_307p692MHz	pnr-timing	RuntimeError: post-PnR setup timing violated (clk slack -0.06) -- the job clock is not achievable; gen-jobs should derive a slower one
fpmul_8_10_2_10nm_TT_0V8_25C_571p429MHz	pnr-timing	RuntimeError: post-PnR setup timing violated (clk slack -0.01) -- the job clock is not achievable; gen-jobs should derive a slower one
fpadd_12_64_3_5nm_TT_0V7_25C_500MHz	pnr-timing	RuntimeError: post-PnR setup timing violated (clk slack -0.08) -- the job clock is not achievable; gen-jobs should derive a slower one
fpadd_8_7_2_16nm_TT_0V85_25C_400MHz	pnr-timing	RuntimeError: post-PnR setup timing violated (clk slack -0.01) -- the job clock is not achievable; gen-jobs should derive a slower one
intmac_32_32_72_72_5_7nm_TT_0V75_25C_800MHz	pnr-timing	RuntimeError: post-PnR setup timing violated (clk slack -0.03) -- the job clock is not achievable; gen-jobs should derive a slower one
fpadd_12_64_3_5nm_TT_0V7_25C_285p714MHz	pnr-timing	RuntimeError: post-PnR setup timing violated (clk slack -0.08) -- the job clock is not achievable; gen-jobs should derive a slower one
fpmul_8_10_3_10nm_TT_0V8_25C_571p429MHz	pnr-timing	RuntimeError: post-PnR setup timing violated (clk slack -0.01) -- the job clock is not achievable; gen-jobs should derive a slower one
fpadd_10_40_5_20nm_TT_0V9_25C_210p526MHz	pnr-timing	RuntimeError: post-PnR setup timing violated (clk slack -0.01) -- the job clock is not achievable; gen-jobs should derive a slower one
fpadd_12_64_5_5nm_TT_0V7_25C_500MHz	pnr-timing	RuntimeError: post-PnR setup timing violated (clk slack -0.12) -- the job clock is not achievable; gen-jobs should derive a slower one
fpmul_8_10_5_10nm_TT_0V8_25C_571p429MHz	pnr-timing	RuntimeError: post-PnR setup timing violated (clk slack -0.04) -- the job clock is not achievable; gen-jobs should derive a slower one
fpadd_12_64_5_5nm_TT_0V7_25C_307p692MHz	pnr-timing	RuntimeError: post-PnR setup timing violated (clk slack -0.08) -- the job clock is not achievable; gen-jobs should derive a slower one
fpadd_8_7_5_16nm_TT_0V85_25C_400MHz	pnr-timing	RuntimeError: post-PnR setup timing violated (clk slack -0.01) -- the job clock is not achievable; gen-jobs should derive a slower one
fpmul_8_23_2_10nm_TT_0V8_25C_444p444MHz	pnr-timing	RuntimeError: post-PnR setup timing violated (clk slack -0.01) -- the job clock is not achievable; gen-jobs should derive a slower one
intmac_32_32_80_80_2_7nm_TT_0V75_25C_800MHz	pnr-timing	RuntimeError: post-PnR setup timing violated (clk slack -0.03) -- the job clock is not achievable; gen-jobs should derive a slower one
intmac_32_32_72_72_5_7nm_TT_0V75_25C_500MHz	pnr-timing	RuntimeError: post-PnR setup timing violated (clk slack -0.03) -- the job clock is not achievable; gen-jobs should derive a slower one
fpmul_8_23_3_10nm_TT_0V8_25C_444p444MHz	pnr-timing	RuntimeError: post-PnR setup timing violated (clk slack -0.02) -- the job clock is not achievable; gen-jobs should derive a slower one
intmac_32_32_80_80_2_7nm_TT_0V75_25C_500MHz	pnr-timing	RuntimeError: post-PnR setup timing violated (clk slack -0.04) -- the job clock is not achievable; gen-jobs should derive a slower one
fpmul_8_23_3_10nm_TT_0V8_25C_285p714MHz	pnr-timing	RuntimeError: post-PnR setup timing violated (clk slack -0.04) -- the job clock is not achievable; gen-jobs should derive a slower one
fpmul_8_23_5_10nm_TT_0V8_25C_444p444MHz	pnr-timing	RuntimeError: post-PnR setup timing violated (clk slack -0.09) -- the job clock is not achievable; gen-jobs should derive a slower one
fpadd_12_64_5_20nm_TT_0V9_25C_200MHz	pnr-timing	RuntimeError: post-PnR setup timing violated (clk slack -0.03) -- the job clock is not achievable; gen-jobs should derive a slower one
intmac_32_32_80_80_3_7nm_TT_0V75_25C_444p444MHz	pnr-timing	RuntimeError: post-PnR setup timing violated (clk slack -0.03) -- the job clock is not achievable; gen-jobs should derive a slower one
intmac_32_32_80_80_3_7nm_TT_0V75_25C_666p667MHz	pnr-timing	RuntimeError: post-PnR setup timing violated (clk slack -0.02) -- the job clock is not achievable; gen-jobs should derive a slower one
fpmul_5_10_2_5nm_TT_0V7_25C_666p667MHz	pnr-timing	RuntimeError: post-PnR setup timing violated (clk slack -0.03) -- the job clock is not achievable; gen-jobs should derive a slower one
fpmul_11_52_2_10nm_TT_0V8_25C_400MHz	pnr-timing	RuntimeError: post-PnR setup timing violated (clk slack -0.09) -- the job clock is not achievable; gen-jobs should derive a slower one
fpmul_5_10_2_5nm_TT_0V7_25C_400MHz	pnr-timing	RuntimeError: post-PnR setup timing violated (clk slack -0.03) -- the job clock is not achievable; gen-jobs should derive a slower one
fpmul_11_52_2_10nm_TT_0V8_25C_250MHz	pnr-timing	RuntimeError: post-PnR setup timing violated (clk slack -0.04) -- the job clock is not achievable; gen-jobs should derive a slower one
fpmul_5_10_3_5nm_TT_0V7_25C_666p667MHz	pnr-timing	RuntimeError: post-PnR setup timing violated (clk slack -0.06) -- the job clock is not achievable; gen-jobs should derive a slower one
fpadd_8_23_2_16nm_TT_0V85_25C_333p333MHz	pnr-timing	RuntimeError: post-PnR setup timing violated (clk slack -0.02) -- the job clock is not achievable; gen-jobs should derive a slower one
intmac_32_32_80_80_5_7nm_TT_0V75_25C_800MHz	pnr-timing	RuntimeError: post-PnR setup timing violated (clk slack -0.04) -- the job clock is not achievable; gen-jobs should derive a slower one
fpmul_11_52_3_10nm_TT_0V8_25C_363p636MHz	pnr-timing	RuntimeError: post-PnR setup timing violated (clk slack -0.07) -- the job clock is not achievable; gen-jobs should derive a slower one
fpmul_5_10_5_5nm_TT_0V7_25C_666p667MHz	pnr-timing	RuntimeError: post-PnR setup timing violated (clk slack -0.05) -- the job clock is not achievable; gen-jobs should derive a slower one
fpmul_5_10_5_5nm_TT_0V7_25C_400MHz	pnr-timing	RuntimeError: post-PnR setup timing violated (clk slack -0.02) -- the job clock is not achievable; gen-jobs should derive a slower one
fpmul_11_52_3_10nm_TT_0V8_25C_235p294MHz	pnr-timing	RuntimeError: post-PnR setup timing violated (clk slack -0.02) -- the job clock is not achievable; gen-jobs should derive a slower one
fpmul_8_7_2_5nm_TT_0V7_25C_666p667MHz	pnr-timing	RuntimeError: post-PnR setup timing violated (clk slack -0.01) -- the job clock is not achievable; gen-jobs should derive a slower one
fpmul_8_7_3_5nm_TT_0V7_25C_666p667MHz	pnr-timing	RuntimeError: post-PnR setup timing violated (clk slack -0.05) -- the job clock is not achievable; gen-jobs should derive a slower one
fpmul_11_52_5_10nm_TT_0V8_25C_400MHz	pnr-timing	RuntimeError: post-PnR setup timing violated (clk slack -0.06) -- the job clock is not achievable; gen-jobs should derive a slower one
fpmul_5_10_2_20nm_TT_0V9_25C_285p714MHz	pnr-timing	RuntimeError: post-PnR setup timing violated (clk slack -0.01) -- the job clock is not achievable; gen-jobs should derive a slower one
intmac_32_32_80_80_5_7nm_TT_0V75_25C_500MHz	pnr-timing	RuntimeError: post-PnR setup timing violated (clk slack -0.03) -- the job clock is not achievable; gen-jobs should derive a slower one
fpmul_8_7_5_5nm_TT_0V7_25C_666p667MHz	pnr-timing	RuntimeError: post-PnR setup timing violated (clk slack -0.03) -- the job clock is not achievable; gen-jobs should derive a slower one
fpadd_8_23_5_16nm_TT_0V85_25C_333p333MHz	pnr-timing	RuntimeError: post-PnR setup timing violated (clk slack -0.02) -- the job clock is not achievable; gen-jobs should derive a slower one
intmac_48_48_104_104_2_7nm_TT_0V75_25C_666p667MHz	pnr-timing	RuntimeError: post-PnR setup timing violated (clk slack -0.02) -- the job clock is not achievable; gen-jobs should derive a slower one
fpmul_5_10_3_20nm_TT_0V9_25C_285p714MHz	pnr-timing	RuntimeError: post-PnR setup timing violated (clk slack -0.02) -- the job clock is not achievable; gen-jobs should derive a slower one
fpmul_8_10_2_5nm_TT_0V7_25C_666p667MHz	pnr-timing	RuntimeError: post-PnR setup timing violated (clk slack -0.04) -- the job clock is not achievable; gen-jobs should derive a slower one
intmac_48_48_104_104_2_7nm_TT_0V75_25C_444p444MHz	pnr-timing	RuntimeError: post-PnR setup timing violated (clk slack -0.04) -- the job clock is not achievable; gen-jobs should derive a slower one
fpmul_5_10_5_20nm_TT_0V9_25C_285p714MHz	pnr-timing	RuntimeError: post-PnR setup timing violated (clk slack -0.01) -- the job clock is not achievable; gen-jobs should derive a slower one
fpmul_8_10_3_5nm_TT_0V7_25C_666p667MHz	pnr-timing	RuntimeError: post-PnR setup timing violated (clk slack -0.06) -- the job clock is not achievable; gen-jobs should derive a slower one
fpmul_4_6_2_10nm_TT_0V8_25C_666p667MHz	pnr-timing	RuntimeError: post-PnR setup timing violated (clk slack -0.01) -- the job clock is not achievable; gen-jobs should derive a slower one
fpmul_4_6_3_10nm_TT_0V8_25C_666p667MHz	pnr-timing	RuntimeError: post-PnR setup timing violated (clk slack -0.02) -- the job clock is not achievable; gen-jobs should derive a slower one
fpmul_8_10_5_5nm_TT_0V7_25C_666p667MHz	pnr-timing	RuntimeError: post-PnR setup timing violated (clk slack -0.05) -- the job clock is not achievable; gen-jobs should derive a slower one
fpmul_4_6_5_10nm_TT_0V8_25C_666p667MHz	pnr-timing	RuntimeError: post-PnR setup timing violated (clk slack -0.01) -- the job clock is not achievable; gen-jobs should derive a slower one
fpmul_8_7_5_20nm_TT_0V9_25C_307p692MHz	pnr-timing	RuntimeError: post-PnR setup timing violated (clk slack -0.02) -- the job clock is not achievable; gen-jobs should derive a slower one
fpmul_8_23_2_5nm_TT_0V7_25C_571p429MHz	pnr-timing	RuntimeError: post-PnR setup timing violated (clk slack -0.02) -- the job clock is not achievable; gen-jobs should derive a slower one
fpmul_6_5_2_10nm_TT_0V8_25C_666p667MHz	pnr-timing	RuntimeError: post-PnR setup timing violated (clk slack -0.02) -- the job clock is not achievable; gen-jobs should derive a slower one
intmac_48_48_104_104_3_7nm_TT_0V75_25C_400MHz	pnr-timing	RuntimeError: post-PnR setup timing violated (clk slack -0.04) -- the job clock is not achievable; gen-jobs should derive a slower one
intmac_48_48_104_104_3_7nm_TT_0V75_25C_666p667MHz	pnr-timing	RuntimeError: post-PnR setup timing violated (clk slack -0.06) -- the job clock is not achievable; gen-jobs should derive a slower one
fpmul_6_5_3_10nm_TT_0V8_25C_666p667MHz	pnr-timing	RuntimeError: post-PnR setup timing violated (clk slack -0.01) -- the job clock is not achievable; gen-jobs should derive a slower one
fpmul_8_23_3_5nm_TT_0V7_25C_571p429MHz	pnr-timing	RuntimeError: post-PnR setup timing violated (clk slack -0.07) -- the job clock is not achievable; gen-jobs should derive a slower one
fpmul_6_5_5_10nm_TT_0V8_25C_666p667MHz	pnr-timing	RuntimeError: post-PnR setup timing violated (clk slack -0.02) -- the job clock is not achievable; gen-jobs should derive a slower one
fpmul_8_23_3_5nm_TT_0V7_25C_333p333MHz	pnr-timing	RuntimeError: post-PnR setup timing violated (clk slack -0.03) -- the job clock is not achievable; gen-jobs should derive a slower one
fpmul_8_10_3_20nm_TT_0V9_25C_266p667MHz	pnr-timing	RuntimeError: post-PnR setup timing violated (clk slack -0.01) -- the job clock is not achievable; gen-jobs should derive a slower one
intmac_48_48_104_104_5_7nm_TT_0V75_25C_666p667MHz	pnr-timing	RuntimeError: post-PnR setup timing violated (clk slack -0.04) -- the job clock is not achievable; gen-jobs should derive a slower one
fpmul_8_23_5_5nm_TT_0V7_25C_571p429MHz	pnr-timing	RuntimeError: post-PnR setup timing violated (clk slack -0.06) -- the job clock is not achievable; gen-jobs should derive a slower one
fpmul_6_12_2_10nm_TT_0V8_25C_571p429MHz	pnr-timing	RuntimeError: post-PnR setup timing violated (clk slack -0.03) -- the job clock is not achievable; gen-jobs should derive a slower one
fpmul_8_23_5_5nm_TT_0V7_25C_333p333MHz	pnr-timing	RuntimeError: post-PnR setup timing violated (clk slack -0.03) -- the job clock is not achievable; gen-jobs should derive a slower one
fpmul_6_12_5_10nm_TT_0V8_25C_571p429MHz	pnr-timing	RuntimeError: post-PnR setup timing violated (clk slack -0.02) -- the job clock is not achievable; gen-jobs should derive a slower one
fpmul_8_23_3_20nm_TT_0V9_25C_222p222MHz	pnr-timing	RuntimeError: post-PnR setup timing violated (clk slack -0.01) -- the job clock is not achievable; gen-jobs should derive a slower one
fpmul_11_52_2_5nm_TT_0V7_25C_444p444MHz	pnr-timing	RuntimeError: post-PnR setup timing violated (clk slack -0.08) -- the job clock is not achievable; gen-jobs should derive a slower one
fpmul_7_15_2_10nm_TT_0V8_25C_307p692MHz	pnr-timing	RuntimeError: post-PnR setup timing violated (clk slack -0.02) -- the job clock is not achievable; gen-jobs should derive a slower one
fpmul_11_52_2_5nm_TT_0V7_25C_285p714MHz	pnr-timing	RuntimeError: post-PnR setup timing violated (clk slack -0.04) -- the job clock is not achievable; gen-jobs should derive a slower one
intmac_48_48_104_104_5_7nm_TT_0V75_25C_444p444MHz	pnr-timing	RuntimeError: post-PnR setup timing violated (clk slack -0.04) -- the job clock is not achievable; gen-jobs should derive a slower one
fpmul_11_52_3_5nm_TT_0V7_25C_444p444MHz	pnr-timing	RuntimeError: post-PnR setup timing violated (clk slack -0.08) -- the job clock is not achievable; gen-jobs should derive a slower one
fpmul_7_15_3_10nm_TT_0V8_25C_500MHz	pnr-timing	RuntimeError: post-PnR setup timing violated (clk slack -0.01) -- the job clock is not achievable; gen-jobs should derive a slower one
fpmul_8_23_5_20nm_TT_0V9_25C_222p222MHz	pnr-timing	RuntimeError: post-PnR setup timing violated (clk slack -0.05) -- the job clock is not achievable; gen-jobs should derive a slower one
intmac_64_64_128_128_2_7nm_TT_0V75_25C_666p667MHz	pnr-timing	RuntimeError: post-PnR setup timing violated (clk slack -0.06) -- the job clock is not achievable; gen-jobs should derive a slower one
fpmul_7_15_5_10nm_TT_0V8_25C_500MHz	pnr-timing	RuntimeError: post-PnR setup timing violated (clk slack -0.01) -- the job clock is not achievable; gen-jobs should derive a slower one
fpmul_11_52_3_5nm_TT_0V7_25C_285p714MHz	pnr-timing	RuntimeError: post-PnR setup timing violated (clk slack -0.05) -- the job clock is not achievable; gen-jobs should derive a slower one
intmac_64_64_128_128_2_7nm_TT_0V75_25C_444p444MHz	pnr-timing	RuntimeError: post-PnR setup timing violated (clk slack -0.02) -- the job clock is not achievable; gen-jobs should derive a slower one
fpmul_9_31_2_10nm_TT_0V8_25C_444p444MHz	pnr-timing	RuntimeError: post-PnR setup timing violated (clk slack -0.06) -- the job clock is not achievable; gen-jobs should derive a slower one
fpmul_11_52_5_5nm_TT_0V7_25C_500MHz	pnr-timing	RuntimeError: post-PnR setup timing violated (clk slack -0.12) -- the job clock is not achievable; gen-jobs should derive a slower one
fpmul_11_52_5_5nm_TT_0V7_25C_285p714MHz	pnr-timing	RuntimeError: post-PnR setup timing violated (clk slack -0.05) -- the job clock is not achievable; gen-jobs should derive a slower one
fpmul_9_31_3_10nm_TT_0V8_25C_444p444MHz	pnr-timing	RuntimeError: post-PnR setup timing violated (clk slack -0.02) -- the job clock is not achievable; gen-jobs should derive a slower one
fpmul_11_52_2_20nm_TT_0V9_25C_181p818MHz	pnr-timing	RuntimeError: post-PnR setup timing violated (clk slack -0.01) -- the job clock is not achievable; gen-jobs should derive a slower one
fpmul_11_52_3_20nm_TT_0V9_25C_181p818MHz	pnr-timing	RuntimeError: post-PnR setup timing violated (clk slack -0.06) -- the job clock is not achievable; gen-jobs should derive a slower one
fpmul_9_31_3_10nm_TT_0V8_25C_266p667MHz	pnr-timing	RuntimeError: post-PnR setup timing violated (clk slack -0.02) -- the job clock is not achievable; gen-jobs should derive a slower one
fpmul_9_31_5_10nm_TT_0V8_25C_444p444MHz	pnr-timing	RuntimeError: post-PnR setup timing violated (clk slack -0.03) -- the job clock is not achievable; gen-jobs should derive a slower one
intmac_64_64_128_128_3_7nm_TT_0V75_25C_666p667MHz	pnr-timing	RuntimeError: post-PnR setup timing violated (clk slack -0.05) -- the job clock is not achievable; gen-jobs should derive a slower one
fpmul_4_6_2_5nm_TT_0V7_25C_800MHz	pnr-timing	RuntimeError: post-PnR setup timing violated (clk slack -0.04) -- the job clock is not achievable; gen-jobs should derive a slower one
intmac_64_64_128_128_3_7nm_TT_0V75_25C_444p444MHz	pnr-timing	RuntimeError: post-PnR setup timing violated (clk slack -0.04) -- the job clock is not achievable; gen-jobs should derive a slower one
fpmul_4_6_2_5nm_TT_0V7_25C_500MHz	pnr-timing	RuntimeError: post-PnR setup timing violated (clk slack -0.02) -- the job clock is not achievable; gen-jobs should derive a slower one
fpmul_4_6_3_5nm_TT_0V7_25C_800MHz	pnr-timing	RuntimeError: post-PnR setup timing violated (clk slack -0.07) -- the job clock is not achievable; gen-jobs should derive a slower one
fpmul_4_6_3_5nm_TT_0V7_25C_500MHz	pnr-timing	RuntimeError: post-PnR setup timing violated (clk slack -0.03) -- the job clock is not achievable; gen-jobs should derive a slower one
fpmul_10_40_2_10nm_TT_0V8_25C_400MHz	pnr-timing	RuntimeError: post-PnR setup timing violated (clk slack -0.04) -- the job clock is not achievable; gen-jobs should derive a slower one
fpadd_6_5_3_16nm_TT_0V85_25C_444p444MHz	pnr-timing	RuntimeError: post-PnR setup timing violated (clk slack -0.01) -- the job clock is not achievable; gen-jobs should derive a slower one
fpmul_11_52_5_20nm_TT_0V9_25C_181p818MHz	pnr-timing	RuntimeError: post-PnR setup timing violated (clk slack -0.01) -- the job clock is not achievable; gen-jobs should derive a slower one
fpmul_10_40_2_10nm_TT_0V8_25C_250MHz	pnr-timing	RuntimeError: post-PnR setup timing violated (clk slack -0.01) -- the job clock is not achievable; gen-jobs should derive a slower one
fpadd_6_5_3_16nm_TT_0V85_25C_266p667MHz	pnr-timing	RuntimeError: post-PnR setup timing violated (clk slack -0.01) -- the job clock is not achievable; gen-jobs should derive a slower one
fpmul_4_6_5_5nm_TT_0V7_25C_800MHz	pnr-timing	RuntimeError: post-PnR setup timing violated (clk slack -0.05) -- the job clock is not achievable; gen-jobs should derive a slower one
fpmul_4_6_5_5nm_TT_0V7_25C_500MHz	pnr-timing	RuntimeError: post-PnR setup timing violated (clk slack -0.01) -- the job clock is not achievable; gen-jobs should derive a slower one
fpmul_6_5_2_5nm_TT_0V7_25C_800MHz	pnr-timing	RuntimeError: post-PnR setup timing violated (clk slack -0.04) -- the job clock is not achievable; gen-jobs should derive a slower one
intmac_8_4_28_28_2_7nm_TT_0V75_25C_1000MHz	pnr-timing	RuntimeError: post-PnR setup timing violated (clk slack -0.02) -- the job clock is not achievable; gen-jobs should derive a slower one
intmac_64_64_128_128_5_7nm_TT_0V75_25C_800MHz	pnr-timing	RuntimeError: post-PnR setup timing violated (clk slack -0.06) -- the job clock is not achievable; gen-jobs should derive a slower one
fpmul_10_40_3_10nm_TT_0V8_25C_400MHz	pnr-timing	RuntimeError: post-PnR setup timing violated (clk slack -0.02) -- the job clock is not achievable; gen-jobs should derive a slower one
fpmul_6_5_3_5nm_TT_0V7_25C_800MHz	pnr-timing	RuntimeError: post-PnR setup timing violated (clk slack -0.03) -- the job clock is not achievable; gen-jobs should derive a slower one
fpmul_10_40_3_10nm_TT_0V8_25C_250MHz	pnr-timing	RuntimeError: post-PnR setup timing violated (clk slack -0.04) -- the job clock is not achievable; gen-jobs should derive a slower one
intmac_8_4_28_28_2_7nm_TT_0V75_25C_666p667MHz	pnr-timing	RuntimeError: post-PnR setup timing violated (clk slack -0.01) -- the job clock is not achievable; gen-jobs should derive a slower one
fpmul_6_5_5_5nm_TT_0V7_25C_800MHz	pnr-timing	RuntimeError: post-PnR setup timing violated (clk slack -0.05) -- the job clock is not achievable; gen-jobs should derive a slower one
fpmul_10_40_5_10nm_TT_0V8_25C_400MHz	pnr-timing	RuntimeError: post-PnR setup timing violated (clk slack -0.04) -- the job clock is not achievable; gen-jobs should derive a slower one
fpmul_6_12_2_5nm_TT_0V7_25C_666p667MHz	pnr-timing	RuntimeError: post-PnR setup timing violated (clk slack -0.04) -- the job clock is not achievable; gen-jobs should derive a slower one
fpmul_10_40_5_10nm_TT_0V8_25C_250MHz	pnr-timing	RuntimeError: post-PnR setup timing violated (clk slack -0.03) -- the job clock is not achievable; gen-jobs should derive a slower one
fpmul_6_12_2_5nm_TT_0V7_25C_400MHz	pnr-timing	RuntimeError: post-PnR setup timing violated (clk slack -0.04) -- the job clock is not achievable; gen-jobs should derive a slower one
intmac_64_64_128_128_5_7nm_TT_0V75_25C_500MHz	pnr-timing	RuntimeError: post-PnR setup timing violated (clk slack -0.04) -- the job clock is not achievable; gen-jobs should derive a slower one
fpmul_6_12_3_5nm_TT_0V7_25C_400MHz	pnr-timing	RuntimeError: post-PnR setup timing violated (clk slack -0.01) -- the job clock is not achievable; gen-jobs should derive a slower one
fpmul_6_12_3_5nm_TT_0V7_25C_666p667MHz	pnr-timing	RuntimeError: post-PnR setup timing violated (clk slack -0.01) -- the job clock is not achievable; gen-jobs should derive a slower one
intmac_16_4_36_36_2_7nm_TT_0V75_25C_800MHz	pnr-timing	RuntimeError: post-PnR setup timing violated (clk slack -0.03) -- the job clock is not achievable; gen-jobs should derive a slower one
fpmul_6_12_5_5nm_TT_0V7_25C_666p667MHz	pnr-timing	RuntimeError: post-PnR setup timing violated (clk slack -0.06) -- the job clock is not achievable; gen-jobs should derive a slower one
intmac_16_4_36_36_2_7nm_TT_0V75_25C_500MHz	pnr-timing	RuntimeError: post-PnR setup timing violated (clk slack -0.04) -- the job clock is not achievable; gen-jobs should derive a slower one
fpmul_12_64_2_10nm_TT_0V8_25C_363p636MHz	pnr-timing	RuntimeError: post-PnR setup timing violated (clk slack -0.1) -- the job clock is not achievable; gen-jobs should derive a slower one
fpmul_6_12_5_5nm_TT_0V7_25C_400MHz	pnr-timing	RuntimeError: post-PnR setup timing violated (clk slack -0.03) -- the job clock is not achievable; gen-jobs should derive a slower one
fpmul_7_15_2_5nm_TT_0V7_25C_571p429MHz	pnr-timing	RuntimeError: post-PnR setup timing violated (clk slack -0.05) -- the job clock is not achievable; gen-jobs should derive a slower one
intmac_16_4_36_36_5_7nm_TT_0V75_25C_1000MHz	pnr-timing	RuntimeError: post-PnR setup timing violated (clk slack -0.02) -- the job clock is not achievable; gen-jobs should derive a slower one
fpmul_12_64_2_10nm_TT_0V8_25C_222p222MHz	pnr-timing	RuntimeError: post-PnR setup timing violated (clk slack -0.02) -- the job clock is not achievable; gen-jobs should derive a slower one
intmac_16_4_36_36_5_7nm_TT_0V75_25C_666p667MHz	pnr-timing	RuntimeError: post-PnR setup timing violated (clk slack -0.02) -- the job clock is not achievable; gen-jobs should derive a slower one
fpmul_7_15_2_5nm_TT_0V7_25C_363p636MHz	pnr-timing	RuntimeError: post-PnR setup timing violated (clk slack -0.02) -- the job clock is not achievable; gen-jobs should derive a slower one
intmac_16_8_40_40_2_7nm_TT_0V75_25C_800MHz	pnr-timing	RuntimeError: post-PnR setup timing violated (clk slack -0.02) -- the job clock is not achievable; gen-jobs should derive a slower one
fpmul_7_15_3_5nm_TT_0V7_25C_571p429MHz	pnr-timing	RuntimeError: post-PnR setup timing violated (clk slack -0.06) -- the job clock is not achievable; gen-jobs should derive a slower one
fpmul_12_64_3_10nm_TT_0V8_25C_363p636MHz	pnr-timing	RuntimeError: post-PnR setup timing violated (clk slack -0.12) -- the job clock is not achievable; gen-jobs should derive a slower one
intmac_16_8_40_40_2_7nm_TT_0V75_25C_500MHz	pnr-timing	RuntimeError: post-PnR setup timing violated (clk slack -0.03) -- the job clock is not achievable; gen-jobs should derive a slower one
intmac_16_8_40_40_5_7nm_TT_0V75_25C_1000MHz	pnr-timing	RuntimeError: post-PnR setup timing violated (clk slack -0.05) -- the job clock is not achievable; gen-jobs should derive a slower one
fpmul_7_15_5_5nm_TT_0V7_25C_571p429MHz	pnr-timing	RuntimeError: post-PnR setup timing violated (clk slack -0.04) -- the job clock is not achievable; gen-jobs should derive a slower one
intmac_16_8_40_40_5_7nm_TT_0V75_25C_666p667MHz	pnr-timing	RuntimeError: post-PnR setup timing violated (clk slack -0.03) -- the job clock is not achievable; gen-jobs should derive a slower one
fpmul_12_64_3_10nm_TT_0V8_25C_235p294MHz	pnr-timing	RuntimeError: post-PnR setup timing violated (clk slack -0.04) -- the job clock is not achievable; gen-jobs should derive a slower one
fpmul_6_12_3_20nm_TT_0V9_25C_266p667MHz	pnr-timing	RuntimeError: post-PnR setup timing violated (clk slack -0.03) -- the job clock is not achievable; gen-jobs should derive a slower one
fpmac_4_3_2_10nm_TT_0V8_25C_800MHz	pnr-timing	RuntimeError: post-PnR setup timing violated (clk slack -0.01) -- the job clock is not achievable; gen-jobs should derive a slower one
fpmul_9_31_2_5nm_TT_0V7_25C_500MHz	pnr-timing	RuntimeError: post-PnR setup timing violated (clk slack -0.06) -- the job clock is not achievable; gen-jobs should derive a slower one
fpmul_12_64_5_10nm_TT_0V8_25C_363p636MHz	pnr-timing	RuntimeError: post-PnR setup timing violated (clk slack -0.11) -- the job clock is not achievable; gen-jobs should derive a slower one
fpadd_7_15_5_16nm_TT_0V85_25C_333p333MHz	pnr-timing	RuntimeError: post-PnR setup timing violated (clk slack -0.01) -- the job clock is not achievable; gen-jobs should derive a slower one
fpmul_6_12_5_20nm_TT_0V9_25C_266p667MHz	pnr-timing	RuntimeError: post-PnR setup timing violated (clk slack -0.01) -- the job clock is not achievable; gen-jobs should derive a slower one
fpmul_9_31_2_5nm_TT_0V7_25C_307p692MHz	pnr-timing	RuntimeError: post-PnR setup timing violated (clk slack -0.06) -- the job clock is not achievable; gen-jobs should derive a slower one
intmac_32_16_64_64_2_7nm_TT_0V75_25C_800MHz	pnr-timing	RuntimeError: post-PnR setup timing violated (clk slack -0.03) -- the job clock is not achievable; gen-jobs should derive a slower one
intmac_32_16_64_64_2_7nm_TT_0V75_25C_500MHz	pnr-timing	RuntimeError: post-PnR setup timing violated (clk slack -0.03) -- the job clock is not achievable; gen-jobs should derive a slower one
fpmul_12_64_5_10nm_TT_0V8_25C_222p222MHz	pnr-timing	RuntimeError: post-PnR setup timing violated (clk slack -0.03) -- the job clock is not achievable; gen-jobs should derive a slower one
fpmac_4_3_5_10nm_TT_0V8_25C_800MHz	pnr-timing	RuntimeError: post-PnR setup timing violated (clk slack -0.01) -- the job clock is not achievable; gen-jobs should derive a slower one
fpmul_9_31_3_5nm_TT_0V7_25C_500MHz	pnr-timing	RuntimeError: post-PnR setup timing violated (clk slack -0.1) -- the job clock is not achievable; gen-jobs should derive a slower one
fpmul_9_31_3_5nm_TT_0V7_25C_307p692MHz	pnr-timing	RuntimeError: post-PnR setup timing violated (clk slack -0.07) -- the job clock is not achievable; gen-jobs should derive a slower one
fpmul_7_15_3_20nm_TT_0V9_25C_250MHz	pnr-timing	RuntimeError: post-PnR setup timing violated (clk slack -0.02) -- the job clock is not achievable; gen-jobs should derive a slower one
intmac_32_16_64_64_5_7nm_TT_0V75_25C_800MHz	pnr-timing	RuntimeError: post-PnR setup timing violated (clk slack -0.04) -- the job clock is not achievable; gen-jobs should derive a slower one
fpmul_9_31_5_5nm_TT_0V7_25C_500MHz	pnr-timing	RuntimeError: post-PnR setup timing violated (clk slack -0.07) -- the job clock is not achievable; gen-jobs should derive a slower one
fpmac_5_2_5_10nm_TT_0V8_25C_800MHz	pnr-timing	RuntimeError: post-PnR setup timing violated (clk slack -0.02) -- the job clock is not achievable; gen-jobs should derive a slower one
fpmul_7_15_5_20nm_TT_0V9_25C_250MHz	pnr-timing	RuntimeError: post-PnR setup timing violated (clk slack -0.01) -- the job clock is not achievable; gen-jobs should derive a slower one
fpmul_9_31_5_5nm_TT_0V7_25C_307p692MHz	pnr-timing	RuntimeError: post-PnR setup timing violated (clk slack -0.05) -- the job clock is not achievable; gen-jobs should derive a slower one
fpmul_10_40_2_5nm_TT_0V7_25C_500MHz	pnr-timing	RuntimeError: post-PnR setup timing violated (clk slack -0.09) -- the job clock is not achievable; gen-jobs should derive a slower one
fpmul_10_40_2_5nm_TT_0V7_25C_307p692MHz	pnr-timing	RuntimeError: post-PnR setup timing violated (clk slack -0.03) -- the job clock is not achievable; gen-jobs should derive a slower one
fpmac_5_10_5_10nm_TT_0V8_25C_571p429MHz	pnr-timing	RuntimeError: post-PnR setup timing violated (clk slack -0.01) -- the job clock is not achievable; gen-jobs should derive a slower one
fpmul_9_31_2_20nm_TT_0V9_25C_210p526MHz	pnr-timing	RuntimeError: post-PnR setup timing violated (clk slack -0.02) -- the job clock is not achievable; gen-jobs should derive a slower one
fpadd_9_31_5_16nm_TT_0V85_25C_307p692MHz	pnr-timing	RuntimeError: post-PnR setup timing violated (clk slack -0.01) -- the job clock is not achievable; gen-jobs should derive a slower one
fpmul_9_31_3_20nm_TT_0V9_25C_210p526MHz	pnr-timing	RuntimeError: post-PnR setup timing violated (clk slack -0.04) -- the job clock is not achievable; gen-jobs should derive a slower one
fpmac_8_7_2_10nm_TT_0V8_25C_571p429MHz	pnr-timing	RuntimeError: post-PnR setup timing violated (clk slack -0.01) -- the job clock is not achievable; gen-jobs should derive a slower one
fpmul_10_40_3_5nm_TT_0V7_25C_500MHz	pnr-timing	RuntimeError: post-PnR setup timing violated (clk slack -0.07) -- the job clock is not achievable; gen-jobs should derive a slower one
fpmac_8_7_5_10nm_TT_0V8_25C_571p429MHz	pnr-timing	RuntimeError: post-PnR setup timing violated (clk slack -0.03) -- the job clock is not achievable; gen-jobs should derive a slower one
fpmul_10_40_3_5nm_TT_0V7_25C_307p692MHz	pnr-timing	RuntimeError: post-PnR setup timing violated (clk slack -0.04) -- the job clock is not achievable; gen-jobs should derive a slower one
fpmul_10_40_5_5nm_TT_0V7_25C_500MHz	pnr-timing	RuntimeError: post-PnR setup timing violated (clk slack -0.06) -- the job clock is not achievable; gen-jobs should derive a slower one
fpmul_9_31_5_20nm_TT_0V9_25C_210p526MHz	pnr-timing	RuntimeError: post-PnR setup timing violated (clk slack -0.04) -- the job clock is not achievable; gen-jobs should derive a slower one
fpmac_8_10_2_10nm_TT_0V8_25C_571p429MHz	pnr-timing	RuntimeError: post-PnR setup timing violated (clk slack -0.03) -- the job clock is not achievable; gen-jobs should derive a slower one
fpmul_10_40_5_5nm_TT_0V7_25C_307p692MHz	pnr-timing	RuntimeError: post-PnR setup timing violated (clk slack -0.03) -- the job clock is not achievable; gen-jobs should derive a slower one
fpmac_8_10_5_10nm_TT_0V8_25C_571p429MHz	pnr-timing	RuntimeError: post-PnR setup timing violated (clk slack -0.02) -- the job clock is not achievable; gen-jobs should derive a slower one
fpadd_5_10_2_7nm_TT_0V75_25C_666p667MHz	pnr-timing	RuntimeError: post-PnR setup timing violated (clk slack -0.02) -- the job clock is not achievable; gen-jobs should derive a slower one
fpmul_10_40_2_20nm_TT_0V9_25C_190p476MHz	pnr-timing	RuntimeError: post-PnR setup timing violated (clk slack -0.09) -- the job clock is not achievable; gen-jobs should derive a slower one
fpmul_10_40_3_20nm_TT_0V9_25C_190p476MHz	pnr-timing	RuntimeError: post-PnR setup timing violated (clk slack -0.03) -- the job clock is not achievable; gen-jobs should derive a slower one
fpmac_8_23_2_10nm_TT_0V8_25C_444p444MHz	pnr-timing	RuntimeError: post-PnR setup timing violated (clk slack -0.05) -- the job clock is not achievable; gen-jobs should derive a slower one
fpmac_8_23_2_10nm_TT_0V8_25C_285p714MHz	pnr-timing	RuntimeError: post-PnR setup timing violated (clk slack -0.03) -- the job clock is not achievable; gen-jobs should derive a slower one
fpadd_5_10_3_7nm_TT_0V75_25C_666p667MHz	pnr-timing	RuntimeError: post-PnR setup timing violated (clk slack -0.01) -- the job clock is not achievable; gen-jobs should derive a slower one
fpmul_12_64_2_5nm_TT_0V7_25C_266p667MHz	pnr-timing	RuntimeError: post-PnR setup timing violated (clk slack -0.06) -- the job clock is not achievable; gen-jobs should derive a slower one
fpmul_12_64_2_5nm_TT_0V7_25C_444p444MHz	pnr-timing	RuntimeError: post-PnR setup timing violated (clk slack -0.16) -- the job clock is not achievable; gen-jobs should derive a slower one
fpmac_8_23_5_10nm_TT_0V8_25C_444p444MHz	pnr-timing	RuntimeError: post-PnR setup timing violated (clk slack -0.03) -- the job clock is not achievable; gen-jobs should derive a slower one
fpadd_5_10_5_7nm_TT_0V75_25C_666p667MHz	pnr-timing	RuntimeError: post-PnR setup timing violated (clk slack -0.02) -- the job clock is not achievable; gen-jobs should derive a slower one
fpadd_10_40_5_16nm_TT_0V85_25C_285p714MHz	pnr-timing	RuntimeError: post-PnR setup timing violated (clk slack -0.01) -- the job clock is not achievable; gen-jobs should derive a slower one
fpmac_8_23_5_10nm_TT_0V8_25C_285p714MHz	pnr-timing	RuntimeError: post-PnR setup timing violated (clk slack -0.04) -- the job clock is not achievable; gen-jobs should derive a slower one
fpadd_5_10_5_7nm_TT_0V75_25C_444p444MHz	pnr-timing	RuntimeError: post-PnR setup timing violated (clk slack -0.01) -- the job clock is not achievable; gen-jobs should derive a slower one
fpadd_8_7_2_7nm_TT_0V75_25C_666p667MHz	pnr-timing	RuntimeError: post-PnR setup timing violated (clk slack -0.03) -- the job clock is not achievable; gen-jobs should derive a slower one
fpmul_10_40_5_20nm_TT_0V9_25C_200MHz	pnr-timing	RuntimeError: post-PnR setup timing violated (clk slack -0.03) -- the job clock is not achievable; gen-jobs should derive a slower one
fpmul_12_64_3_5nm_TT_0V7_25C_444p444MHz	pnr-timing	RuntimeError: post-PnR setup timing violated (clk slack -0.1) -- the job clock is not achievable; gen-jobs should derive a slower one
fpadd_8_7_2_7nm_TT_0V75_25C_444p444MHz	pnr-timing	RuntimeError: post-PnR setup timing violated (clk slack -0.04) -- the job clock is not achievable; gen-jobs should derive a slower one
fpadd_8_7_3_7nm_TT_0V75_25C_666p667MHz	pnr-timing	RuntimeError: post-PnR setup timing violated (clk slack -0.02) -- the job clock is not achievable; gen-jobs should derive a slower one
fpadd_8_7_3_7nm_TT_0V75_25C_444p444MHz	pnr-timing	RuntimeError: post-PnR setup timing violated (clk slack -0.01) -- the job clock is not achievable; gen-jobs should derive a slower one
fpmac_11_52_2_10nm_TT_0V8_25C_400MHz	pnr-timing	RuntimeError: post-PnR setup timing violated (clk slack -0.09) -- the job clock is not achievable; gen-jobs should derive a slower one
fpadd_8_7_5_7nm_TT_0V75_25C_666p667MHz	pnr-timing	RuntimeError: post-PnR setup timing violated (clk slack -0.02) -- the job clock is not achievable; gen-jobs should derive a slower one
fpmac_11_52_2_10nm_TT_0V8_25C_250MHz	pnr-timing	RuntimeError: post-PnR setup timing violated (clk slack -0.09) -- the job clock is not achievable; gen-jobs should derive a slower one
fpmul_12_64_3_5nm_TT_0V7_25C_266p667MHz	pnr-timing	RuntimeError: post-PnR setup timing violated (clk slack -0.11) -- the job clock is not achievable; gen-jobs should derive a slower one
fpadd_8_7_5_7nm_TT_0V75_25C_444p444MHz	pnr-timing	RuntimeError: post-PnR setup timing violated (clk slack -0.03) -- the job clock is not achievable; gen-jobs should derive a slower one
fpmac_11_52_5_10nm_TT_0V8_25C_400MHz	pnr-timing	RuntimeError: post-PnR setup timing violated (clk slack -0.06) -- the job clock is not achievable; gen-jobs should derive a slower one
fpmul_12_64_5_5nm_TT_0V7_25C_444p444MHz	pnr-timing	RuntimeError: post-PnR setup timing violated (clk slack -0.14) -- the job clock is not achievable; gen-jobs should derive a slower one
fpadd_8_10_2_7nm_TT_0V75_25C_666p667MHz	pnr-timing	RuntimeError: post-PnR setup timing violated (clk slack -0.01) -- the job clock is not achievable; gen-jobs should derive a slower one
fpmac_4_3_2_5nm_TT_0V7_25C_800MHz	pnr-timing	RuntimeError: post-PnR setup timing violated (clk slack -0.01) -- the job clock is not achievable; gen-jobs should derive a slower one
fpadd_8_10_2_7nm_TT_0V75_25C_400MHz	pnr-timing	RuntimeError: post-PnR setup timing violated (clk slack -0.02) -- the job clock is not achievable; gen-jobs should derive a slower one
fpmul_12_64_5_5nm_TT_0V7_25C_266p667MHz	pnr-timing	RuntimeError: post-PnR setup timing violated (clk slack -0.07) -- the job clock is not achievable; gen-jobs should derive a slower one
fpmul_12_64_2_20nm_TT_0V9_25C_166p667MHz	pnr-timing	RuntimeError: post-PnR setup timing violated (clk slack -0.04) -- the job clock is not achievable; gen-jobs should derive a slower one
fpmul_12_64_3_20nm_TT_0V9_25C_166p667MHz	pnr-timing	RuntimeError: post-PnR setup timing violated (clk slack -0.03) -- the job clock is not achievable; gen-jobs should derive a slower one
fpadd_8_10_3_7nm_TT_0V75_25C_666p667MHz	pnr-timing	RuntimeError: post-PnR setup timing violated (clk slack -0.02) -- the job clock is not achievable; gen-jobs should derive a slower one
fpadd_8_10_3_7nm_TT_0V75_25C_400MHz	pnr-timing	RuntimeError: post-PnR setup timing violated (clk slack -0.01) -- the job clock is not achievable; gen-jobs should derive a slower one
fpmac_11_52_5_10nm_TT_0V8_25C_235p294MHz	pnr-timing	RuntimeError: post-PnR setup timing violated (clk slack -0.04) -- the job clock is not achievable; gen-jobs should derive a slower one
fpmac_5_2_2_5nm_TT_0V7_25C_800MHz	pnr-timing	RuntimeError: post-PnR setup timing violated (clk slack -0.01) -- the job clock is not achievable; gen-jobs should derive a slower one
fpmac_4_6_2_10nm_TT_0V8_25C_666p667MHz	pnr-timing	RuntimeError: post-PnR setup timing violated (clk slack -0.02) -- the job clock is not achievable; gen-jobs should derive a slower one
fpadd_8_10_5_7nm_TT_0V75_25C_400MHz	pnr-timing	RuntimeError: post-PnR setup timing violated (clk slack -0.01) -- the job clock is not achievable; gen-jobs should derive a slower one
fpmac_5_2_5_5nm_TT_0V7_25C_800MHz	pnr-timing	RuntimeError: post-PnR setup timing violated (clk slack -0.01) -- the job clock is not achievable; gen-jobs should derive a slower one
fpmac_4_6_5_10nm_TT_0V8_25C_666p667MHz	pnr-timing	RuntimeError: post-PnR setup timing violated (clk slack -0.02) -- the job clock is not achievable; gen-jobs should derive a slower one
fpadd_8_23_2_7nm_TT_0V75_25C_571p429MHz	pnr-timing	RuntimeError: post-PnR setup timing violated (clk slack -0.01) -- the job clock is not achievable; gen-jobs should derive a slower one
fpmac_6_5_2_10nm_TT_0V8_25C_666p667MHz	pnr-timing	RuntimeError: post-PnR setup timing violated (clk slack -0.01) -- the job clock is not achievable; gen-jobs should derive a slower one
fpmac_6_5_2_10nm_TT_0V8_25C_400MHz	pnr-timing	RuntimeError: post-PnR setup timing violated (clk slack -0.01) -- the job clock is not achievable; gen-jobs should derive a slower one
fpmac_5_10_2_5nm_TT_0V7_25C_666p667MHz	pnr-timing	RuntimeError: post-PnR setup timing violated (clk slack -0.05) -- the job clock is not achievable; gen-jobs should derive a slower one
fpmul_12_64_5_20nm_TT_0V9_25C_105p263MHz	pnr-timing	RuntimeError: post-PnR setup timing violated (clk slack -0.02) -- the job clock is not achievable; gen-jobs should derive a slower one
fpmac_6_5_5_10nm_TT_0V8_25C_666p667MHz	pnr-timing	RuntimeError: post-PnR setup timing violated (clk slack -0.03) -- the job clock is not achievable; gen-jobs should derive a slower one
fpadd_8_23_3_7nm_TT_0V75_25C_571p429MHz	pnr-timing	RuntimeError: post-PnR setup timing violated (clk slack -0.01) -- the job clock is not achievable; gen-jobs should derive a slower one
fpmac_5_10_5_5nm_TT_0V7_25C_666p667MHz	pnr-timing	RuntimeError: post-PnR setup timing violated (clk slack -0.05) -- the job clock is not achievable; gen-jobs should derive a slower one
fpmac_4_3_2_20nm_TT_0V9_25C_400MHz	pnr-timing	RuntimeError: post-PnR setup timing violated (clk slack -0.01) -- the job clock is not achievable; gen-jobs should derive a slower one
fpmac_6_12_2_10nm_TT_0V8_25C_571p429MHz	pnr-timing	RuntimeError: post-PnR setup timing violated (clk slack -0.03) -- the job clock is not achievable; gen-jobs should derive a slower one
fpmac_5_10_5_5nm_TT_0V7_25C_400MHz	pnr-timing	RuntimeError: post-PnR setup timing violated (clk slack -0.02) -- the job clock is not achievable; gen-jobs should derive a slower one
fpmul_12_64_5_20nm_TT_0V9_25C_173p913MHz	pnr-timing	RuntimeError: post-PnR setup timing violated (clk slack -0.05) -- the job clock is not achievable; gen-jobs should derive a slower one
fpadd_8_23_3_7nm_TT_0V75_25C_333p333MHz	pnr-timing	RuntimeError: post-PnR setup timing violated (clk slack -0.02) -- the job clock is not achievable; gen-jobs should derive a slower one
fpmac_8_7_2_5nm_TT_0V7_25C_444p444MHz	pnr-timing	RuntimeError: post-PnR setup timing violated (clk slack -0.01) -- the job clock is not achievable; gen-jobs should derive a slower one
fpmac_8_7_2_5nm_TT_0V7_25C_666p667MHz	pnr-timing	RuntimeError: post-PnR setup timing violated (clk slack -0.04) -- the job clock is not achievable; gen-jobs should derive a slower one
fpmac_6_12_5_10nm_TT_0V8_25C_571p429MHz	pnr-timing	RuntimeError: post-PnR setup timing violated (clk slack -0.02) -- the job clock is not achievable; gen-jobs should derive a slower one
fpadd_8_23_5_7nm_TT_0V75_25C_571p429MHz	pnr-timing	RuntimeError: post-PnR setup timing violated (clk slack -0.01) -- the job clock is not achievable; gen-jobs should derive a slower one
fpmac_8_7_5_5nm_TT_0V7_25C_666p667MHz	pnr-timing	RuntimeError: post-PnR setup timing violated (clk slack -0.07) -- the job clock is not achievable; gen-jobs should derive a slower one
fpmac_5_2_2_20nm_TT_0V9_25C_400MHz	pnr-timing	RuntimeError: post-PnR setup timing violated (clk slack -0.01) -- the job clock is not achievable; gen-jobs should derive a slower one
fpadd_8_23_5_7nm_TT_0V75_25C_333p333MHz	pnr-timing	RuntimeError: post-PnR setup timing violated (clk slack -0.03) -- the job clock is not achievable; gen-jobs should derive a slower one
fpmac_8_7_5_5nm_TT_0V7_25C_444p444MHz	pnr-timing	RuntimeError: post-PnR setup timing violated (clk slack -0.01) -- the job clock is not achievable; gen-jobs should derive a slower one
fpmac_8_10_2_5nm_TT_0V7_25C_666p667MHz	pnr-timing	RuntimeError: post-PnR setup timing violated (clk slack -0.07) -- the job clock is not achievable; gen-jobs should derive a slower one
fpmac_7_15_2_10nm_TT_0V8_25C_500MHz	pnr-timing	RuntimeError: post-PnR setup timing violated (clk slack -0.02) -- the job clock is not achievable; gen-jobs should derive a slower one
fpmac_8_10_2_5nm_TT_0V7_25C_400MHz	pnr-timing	RuntimeError: post-PnR setup timing violated (clk slack -0.04) -- the job clock is not achievable; gen-jobs should derive a slower one
fpmac_7_15_5_10nm_TT_0V8_25C_500MHz	pnr-timing	RuntimeError: post-PnR setup timing violated (clk slack -0.03) -- the job clock is not achievable; gen-jobs should derive a slower one
fpmac_8_10_5_5nm_TT_0V7_25C_666p667MHz	pnr-timing	RuntimeError: post-PnR setup timing violated (clk slack -0.05) -- the job clock is not achievable; gen-jobs should derive a slower one
fpmac_8_10_5_5nm_TT_0V7_25C_400MHz	pnr-timing	RuntimeError: post-PnR setup timing violated (clk slack -0.05) -- the job clock is not achievable; gen-jobs should derive a slower one
fpmac_5_10_2_20nm_TT_0V9_25C_285p714MHz	pnr-timing	RuntimeError: post-PnR setup timing violated (clk slack -0.01) -- the job clock is not achievable; gen-jobs should derive a slower one
fpadd_11_52_2_7nm_TT_0V75_25C_500MHz	pnr-timing	RuntimeError: post-PnR setup timing violated (clk slack -0.02) -- the job clock is not achievable; gen-jobs should derive a slower one
fpmac_5_10_5_20nm_TT_0V9_25C_266p667MHz	pnr-timing	RuntimeError: post-PnR setup timing violated (clk slack -0.01) -- the job clock is not achievable; gen-jobs should derive a slower one
fpmac_8_23_2_5nm_TT_0V7_25C_571p429MHz	pnr-timing	RuntimeError: post-PnR setup timing violated (clk slack -0.06) -- the job clock is not achievable; gen-jobs should derive a slower one
fpmac_9_31_2_10nm_TT_0V8_25C_444p444MHz	pnr-timing	RuntimeError: post-PnR setup timing violated (clk slack -0.05) -- the job clock is not achievable; gen-jobs should derive a slower one
fpmac_9_31_2_10nm_TT_0V8_25C_266p667MHz	pnr-timing	RuntimeError: post-PnR setup timing violated (clk slack -0.06) -- the job clock is not achievable; gen-jobs should derive a slower one
fpadd_11_52_2_7nm_TT_0V75_25C_307p692MHz	pnr-timing	RuntimeError: post-PnR setup timing violated (clk slack -0.02) -- the job clock is not achievable; gen-jobs should derive a slower one
fpmac_8_23_2_5nm_TT_0V7_25C_333p333MHz	pnr-timing	RuntimeError: post-PnR setup timing violated (clk slack -0.06) -- the job clock is not achievable; gen-jobs should derive a slower one
fpmac_8_7_2_20nm_TT_0V9_25C_307p692MHz	pnr-timing	RuntimeError: post-PnR setup timing violated (clk slack -0.01) -- the job clock is not achievable; gen-jobs should derive a slower one
fpadd_11_52_3_7nm_TT_0V75_25C_500MHz	pnr-timing	RuntimeError: post-PnR setup timing violated (clk slack -0.04) -- the job clock is not achievable; gen-jobs should derive a slower one
fpmac_8_23_5_5nm_TT_0V7_25C_571p429MHz	pnr-timing	RuntimeError: post-PnR setup timing violated (clk slack -0.09) -- the job clock is not achievable; gen-jobs should derive a slower one
fpmac_9_31_5_10nm_TT_0V8_25C_444p444MHz	pnr-timing	RuntimeError: post-PnR setup timing violated (clk slack -0.09) -- the job clock is not achievable; gen-jobs should derive a slower one
fpmac_8_7_5_20nm_TT_0V9_25C_285p714MHz	pnr-timing	RuntimeError: post-PnR setup timing violated (clk slack -0.02) -- the job clock is not achievable; gen-jobs should derive a slower one
fpmac_8_23_5_5nm_TT_0V7_25C_333p333MHz	pnr-timing	RuntimeError: post-PnR setup timing violated (clk slack -0.04) -- the job clock is not achievable; gen-jobs should derive a slower one
fpmac_9_31_5_10nm_TT_0V8_25C_266p667MHz	pnr-timing	RuntimeError: post-PnR setup timing violated (clk slack -0.02) -- the job clock is not achievable; gen-jobs should derive a slower one
fpmul_5_10_3_16nm_TT_0V85_25C_363p636MHz	pnr-timing	RuntimeError: post-PnR setup timing violated (clk slack -0.01) -- the job clock is not achievable; gen-jobs should derive a slower one
fpmac_10_40_2_10nm_TT_0V8_25C_400MHz	pnr-timing	RuntimeError: post-PnR setup timing violated (clk slack -0.06) -- the job clock is not achievable; gen-jobs should derive a slower one
fpmac_11_52_2_5nm_TT_0V7_25C_444p444MHz	pnr-timing	RuntimeError: post-PnR setup timing violated (clk slack -0.12) -- the job clock is not achievable; gen-jobs should derive a slower one
fpmac_11_52_2_5nm_TT_0V7_25C_285p714MHz	pnr-timing	RuntimeError: post-PnR setup timing violated (clk slack -0.05) -- the job clock is not achievable; gen-jobs should derive a slower one
fpadd_11_52_5_7nm_TT_0V75_25C_500MHz	pnr-timing	RuntimeError: post-PnR setup timing violated (clk slack -0.05) -- the job clock is not achievable; gen-jobs should derive a slower one
fpmac_10_40_5_10nm_TT_0V8_25C_400MHz	pnr-timing	RuntimeError: post-PnR setup timing violated (clk slack -0.09) -- the job clock is not achievable; gen-jobs should derive a slower one
fpadd_11_52_5_7nm_TT_0V75_25C_307p692MHz	pnr-timing	RuntimeError: post-PnR setup timing violated (clk slack -0.02) -- the job clock is not achievable; gen-jobs should derive a slower one
fpmac_10_40_5_10nm_TT_0V8_25C_250MHz	pnr-timing	RuntimeError: post-PnR setup timing violated (clk slack -0.03) -- the job clock is not achievable; gen-jobs should derive a slower one
fpmac_11_52_5_5nm_TT_0V7_25C_444p444MHz	pnr-timing	RuntimeError: post-PnR setup timing violated (clk slack -0.12) -- the job clock is not achievable; gen-jobs should derive a slower one
fpmac_8_23_5_20nm_TT_0V9_25C_222p222MHz	pnr-timing	RuntimeError: post-PnR setup timing violated (clk slack -0.04) -- the job clock is not achievable; gen-jobs should derive a slower one
fpadd_3_2_5_7nm_TT_0V75_25C_1000MHz	pnr-timing	RuntimeError: post-PnR setup timing violated (clk slack -0.01) -- the job clock is not achievable; gen-jobs should derive a slower one
fpmac_11_52_5_5nm_TT_0V7_25C_285p714MHz	pnr-timing	RuntimeError: post-PnR setup timing violated (clk slack -0.06) -- the job clock is not achievable; gen-jobs should derive a slower one
fpadd_4_6_2_7nm_TT_0V75_25C_800MHz	pnr-timing	RuntimeError: post-PnR setup timing violated (clk slack -0.04) -- the job clock is not achievable; gen-jobs should derive a slower one
fpmac_4_6_2_5nm_TT_0V7_25C_666p667MHz	pnr-timing	RuntimeError: post-PnR setup timing violated (clk slack -0.04) -- the job clock is not achievable; gen-jobs should derive a slower one
fpadd_4_6_3_7nm_TT_0V75_25C_800MHz	pnr-timing	RuntimeError: post-PnR setup timing violated (clk slack -0.02) -- the job clock is not achievable; gen-jobs should derive a slower one
fpmac_12_64_2_10nm_TT_0V8_25C_222p222MHz	pnr-timing	RuntimeError: post-PnR setup timing violated (clk slack -0.05) -- the job clock is not achievable; gen-jobs should derive a slower one
fpmac_12_64_2_10nm_TT_0V8_25C_363p636MHz	pnr-timing	RuntimeError: post-PnR setup timing violated (clk slack -0.12) -- the job clock is not achievable; gen-jobs should derive a slower one
fpmac_4_6_5_5nm_TT_0V7_25C_800MHz	pnr-timing	RuntimeError: post-PnR setup timing violated (clk slack -0.06) -- the job clock is not achievable; gen-jobs should derive a slower one
fpadd_4_6_5_7nm_TT_0V75_25C_800MHz	pnr-timing	RuntimeError: post-PnR setup timing violated (clk slack -0.02) -- the job clock is not achievable; gen-jobs should derive a slower one
fpmac_12_64_5_10nm_TT_0V8_25C_363p636MHz	pnr-timing	RuntimeError: post-PnR setup timing violated (clk slack -0.1) -- the job clock is not achievable; gen-jobs should derive a slower one
fpmac_11_52_2_20nm_TT_0V9_25C_173p913MHz	pnr-timing	RuntimeError: post-PnR setup timing violated (clk slack -0.01) -- the job clock is not achievable; gen-jobs should derive a slower one
fpsfu_5_10_64_1_0_0_0_0_4_10nm_TT_0V8_25C_800MHz	pnr-timing	RuntimeError: post-PnR setup timing violated (clk slack -0.02) -- the job clock is not achievable; gen-jobs should derive a slower one
fpmac_6_5_2_5nm_TT_0V7_25C_800MHz	pnr-timing	RuntimeError: post-PnR setup timing violated (clk slack -0.04) -- the job clock is not achievable; gen-jobs should derive a slower one
fpadd_6_5_2_7nm_TT_0V75_25C_800MHz	pnr-timing	RuntimeError: post-PnR setup timing violated (clk slack -0.02) -- the job clock is not achievable; gen-jobs should derive a slower one
fpsfu_5_10_64_1_0_0_0_0_7_10nm_TT_0V8_25C_800MHz	pnr-timing	RuntimeError: post-PnR setup timing violated (clk slack -0.02) -- the job clock is not achievable; gen-jobs should derive a slower one
fpmac_6_5_5_5nm_TT_0V7_25C_800MHz	pnr-timing	RuntimeError: post-PnR setup timing violated (clk slack -0.06) -- the job clock is not achievable; gen-jobs should derive a slower one
fpadd_6_5_3_7nm_TT_0V75_25C_800MHz	pnr-timing	RuntimeError: post-PnR setup timing violated (clk slack -0.01) -- the job clock is not achievable; gen-jobs should derive a slower one
fpmac_11_52_5_20nm_TT_0V9_25C_173p913MHz	pnr-timing	RuntimeError: post-PnR setup timing violated (clk slack -0.03) -- the job clock is not achievable; gen-jobs should derive a slower one
fpmul_8_10_5_16nm_TT_0V85_25C_363p636MHz	pnr-timing	RuntimeError: post-PnR setup timing violated (clk slack -0.01) -- the job clock is not achievable; gen-jobs should derive a slower one
fpsfu_5_10_64_1_0_0_0_0_7_10nm_TT_0V8_25C_500MHz	pnr-timing	RuntimeError: post-PnR setup timing violated (clk slack -0.01) -- the job clock is not achievable; gen-jobs should derive a slower one
fpsfu_5_10_64_1_0_0_0_0_10_10nm_TT_0V8_25C_1000MHz	pnr-timing	RuntimeError: post-PnR setup timing violated (clk slack -0.02) -- the job clock is not achievable; gen-jobs should derive a slower one
fpadd_6_5_5_7nm_TT_0V75_25C_800MHz	pnr-timing	RuntimeError: post-PnR setup timing violated (clk slack -0.05) -- the job clock is not achievable; gen-jobs should derive a slower one
fpmac_12_64_5_10nm_TT_0V8_25C_235p294MHz	pnr-timing	RuntimeError: post-PnR setup timing violated (clk slack -0.04) -- the job clock is not achievable; gen-jobs should derive a slower one
fpmac_6_12_2_5nm_TT_0V7_25C_666p667MHz	pnr-timing	RuntimeError: post-PnR setup timing violated (clk slack -0.04) -- the job clock is not achievable; gen-jobs should derive a slower one
fpsfu_5_10_64_1_0_0_0_0_10_10nm_TT_0V8_25C_666p667MHz	pnr-timing	RuntimeError: post-PnR setup timing violated (clk slack -0.04) -- the job clock is not achievable; gen-jobs should derive a slower one
fpsfu_5_10_128_1_0_0_0_0_4_10nm_TT_0V8_25C_800MHz	pnr-timing	RuntimeError: post-PnR setup timing violated (clk slack -0.03) -- the job clock is not achievable; gen-jobs should derive a slower one
fpmac_6_12_5_5nm_TT_0V7_25C_666p667MHz	pnr-timing	RuntimeError: post-PnR setup timing violated (clk slack -0.07) -- the job clock is not achievable; gen-jobs should derive a slower one
fpadd_6_12_2_7nm_TT_0V75_25C_666p667MHz	pnr-timing	RuntimeError: post-PnR setup timing violated (clk slack -0.03) -- the job clock is not achievable; gen-jobs should derive a slower one
fpsfu_5_10_128_1_0_0_0_0_7_10nm_TT_0V8_25C_800MHz	pnr-timing	RuntimeError: post-PnR setup timing violated (clk slack -0.01) -- the job clock is not achievable; gen-jobs should derive a slower one
fpadd_6_12_3_7nm_TT_0V75_25C_666p667MHz	pnr-timing	RuntimeError: post-PnR setup timing violated (clk slack -0.01) -- the job clock is not achievable; gen-jobs should derive a slower one
fpsfu_5_10_128_1_0_0_0_0_10_10nm_TT_0V8_25C_1000MHz	pnr-timing	RuntimeError: post-PnR setup timing violated (clk slack -0.03) -- the job clock is not achievable; gen-jobs should derive a slower one
fpmac_7_15_2_5nm_TT_0V7_25C_571p429MHz	pnr-timing	RuntimeError: post-PnR setup timing violated (clk slack -0.05) -- the job clock is not achievable; gen-jobs should derive a slower one
fpsfu_5_10_128_1_0_0_0_0_10_10nm_TT_0V8_25C_666p667MHz	pnr-timing	RuntimeError: post-PnR setup timing violated (clk slack -0.02) -- the job clock is not achievable; gen-jobs should derive a slower one
fpmac_7_15_2_5nm_TT_0V7_25C_363p636MHz	pnr-timing	RuntimeError: post-PnR setup timing violated (clk slack -0.05) -- the job clock is not achievable; gen-jobs should derive a slower one
fpmul_8_23_3_16nm_TT_0V85_25C_285p714MHz	pnr-timing	RuntimeError: post-PnR setup timing violated (clk slack -0.02) -- the job clock is not achievable; gen-jobs should derive a slower one
fpsfu_5_10_64_0_1_0_0_0_4_10nm_TT_0V8_25C_800MHz	pnr-timing	RuntimeError: post-PnR setup timing violated (clk slack -0.03) -- the job clock is not achievable; gen-jobs should derive a slower one
fpsfu_5_10_64_0_1_0_0_0_4_10nm_TT_0V8_25C_500MHz	pnr-timing	RuntimeError: post-PnR setup timing violated (clk slack -0.03) -- the job clock is not achievable; gen-jobs should derive a slower one
fpadd_6_12_5_7nm_TT_0V75_25C_666p667MHz	pnr-timing	RuntimeError: post-PnR setup timing violated (clk slack -0.02) -- the job clock is not achievable; gen-jobs should derive a slower one
fpsfu_5_10_64_0_1_0_0_0_7_10nm_TT_0V8_25C_800MHz	pnr-timing	RuntimeError: post-PnR setup timing violated (clk slack -0.01) -- the job clock is not achievable; gen-jobs should derive a slower one
fpadd_6_12_5_7nm_TT_0V75_25C_400MHz	pnr-timing	RuntimeError: post-PnR setup timing violated (clk slack -0.01) -- the job clock is not achievable; gen-jobs should derive a slower one
fpmac_7_15_5_5nm_TT_0V7_25C_571p429MHz	pnr-timing	RuntimeError: post-PnR setup timing violated (clk slack -0.05) -- the job clock is not achievable; gen-jobs should derive a slower one
fpmac_7_15_5_5nm_TT_0V7_25C_363p636MHz	pnr-timing	RuntimeError: post-PnR setup timing violated (clk slack -0.03) -- the job clock is not achievable; gen-jobs should derive a slower one
fpmul_8_23_5_16nm_TT_0V85_25C_285p714MHz	pnr-timing	RuntimeError: post-PnR setup timing violated (clk slack -0.03) -- the job clock is not achievable; gen-jobs should derive a slower one
fpsfu_5_10_64_0_1_0_0_0_10_10nm_TT_0V8_25C_1000MHz	pnr-timing	RuntimeError: post-PnR setup timing violated (clk slack -0.04) -- the job clock is not achievable; gen-jobs should derive a slower one
fpadd_7_15_2_7nm_TT_0V75_25C_666p667MHz	pnr-timing	RuntimeError: post-PnR setup timing violated (clk slack -0.03) -- the job clock is not achievable; gen-jobs should derive a slower one
fpmac_9_31_2_5nm_TT_0V7_25C_500MHz	pnr-timing	RuntimeError: post-PnR setup timing violated (clk slack -0.07) -- the job clock is not achievable; gen-jobs should derive a slower one
fpmac_6_5_5_20nm_TT_0V9_25C_307p692MHz	pnr-timing	RuntimeError: post-PnR setup timing violated (clk slack -0.02) -- the job clock is not achievable; gen-jobs should derive a slower one
fpsfu_5_10_128_0_1_0_0_0_4_10nm_TT_0V8_25C_800MHz	pnr-timing	RuntimeError: post-PnR setup timing violated (clk slack -0.05) -- the job clock is not achievable; gen-jobs should derive a slower one
fpsfu_5_10_128_0_1_0_0_0_4_10nm_TT_0V8_25C_500MHz	pnr-timing	RuntimeError: post-PnR setup timing violated (clk slack -0.03) -- the job clock is not achievable; gen-jobs should derive a slower one
fpadd_7_15_3_7nm_TT_0V75_25C_571p429MHz	pnr-timing	RuntimeError: post-PnR setup timing violated (clk slack -0.02) -- the job clock is not achievable; gen-jobs should derive a slower one
fpsfu_5_10_128_0_1_0_0_0_7_10nm_TT_0V8_25C_800MHz	pnr-timing	RuntimeError: post-PnR setup timing violated (clk slack -0.02) -- the job clock is not achievable; gen-jobs should derive a slower one
fpmac_9_31_2_5nm_TT_0V7_25C_333p333MHz	pnr-timing	RuntimeError: post-PnR setup timing violated (clk slack -0.04) -- the job clock is not achievable; gen-jobs should derive a slower one
fpsfu_5_10_128_0_1_0_0_0_10_10nm_TT_0V8_25C_1000MHz	pnr-timing	RuntimeError: post-PnR setup timing violated (clk slack -0.02) -- the job clock is not achievable; gen-jobs should derive a slower one
fpadd_7_15_3_7nm_TT_0V75_25C_363p636MHz	pnr-timing	RuntimeError: post-PnR setup timing violated (clk slack -0.01) -- the job clock is not achievable; gen-jobs should derive a slower one
fpmac_9_31_5_5nm_TT_0V7_25C_500MHz	pnr-timing	RuntimeError: post-PnR setup timing violated (clk slack -0.1) -- the job clock is not achievable; gen-jobs should derive a slower one
fpmul_11_52_2_16nm_TT_0V85_25C_250MHz	pnr-timing	RuntimeError: post-PnR setup timing violated (clk slack -0.04) -- the job clock is not achievable; gen-jobs should derive a slower one
fpsfu_5_10_64_0_0_1_0_0_4_10nm_TT_0V8_25C_800MHz	pnr-timing	RuntimeError: post-PnR setup timing violated (clk slack -0.02) -- the job clock is not achievable; gen-jobs should derive a slower one
fpmac_9_31_5_5nm_TT_0V7_25C_307p692MHz	pnr-timing	RuntimeError: post-PnR setup timing violated (clk slack -0.06) -- the job clock is not achievable; gen-jobs should derive a slower one
fpadd_7_15_5_7nm_TT_0V75_25C_666p667MHz	pnr-timing	RuntimeError: post-PnR setup timing violated (clk slack -0.02) -- the job clock is not achievable; gen-jobs should derive a slower one
fpsfu_5_10_64_0_0_1_0_0_7_10nm_TT_0V8_25C_800MHz	pnr-timing	RuntimeError: post-PnR setup timing violated (clk slack -0.02) -- the job clock is not achievable; gen-jobs should derive a slower one
fpmac_7_15_2_20nm_TT_0V9_25C_250MHz	pnr-timing	RuntimeError: post-PnR setup timing violated (clk slack -0.01) -- the job clock is not achievable; gen-jobs should derive a slower one
fpmac_10_40_2_5nm_TT_0V7_25C_307p692MHz	pnr-timing	RuntimeError: post-PnR setup timing violated (clk slack -0.05) -- the job clock is not achievable; gen-jobs should derive a slower one
fpadd_9_31_2_7nm_TT_0V75_25C_571p429MHz	pnr-timing	RuntimeError: post-PnR setup timing violated (clk slack -0.05) -- the job clock is not achievable; gen-jobs should derive a slower one
fpmac_10_40_2_5nm_TT_0V7_25C_500MHz	pnr-timing	RuntimeError: post-PnR setup timing violated (clk slack -0.11) -- the job clock is not achievable; gen-jobs should derive a slower one
fpsfu_5_10_128_0_0_1_0_0_4_10nm_TT_0V8_25C_800MHz	pnr-timing	RuntimeError: post-PnR setup timing violated (clk slack -0.02) -- the job clock is not achievable; gen-jobs should derive a slower one
fpadd_9_31_2_7nm_TT_0V75_25C_333p333MHz	pnr-timing	RuntimeError: post-PnR setup timing violated (clk slack -0.03) -- the job clock is not achievable; gen-jobs should derive a slower one
fpmul_11_52_3_16nm_TT_0V85_25C_250MHz	pnr-timing	RuntimeError: post-PnR setup timing violated (clk slack -0.01) -- the job clock is not achievable; gen-jobs should derive a slower one
fpmac_10_40_5_5nm_TT_0V7_25C_500MHz	pnr-timing	RuntimeError: post-PnR setup timing violated (clk slack -0.09) -- the job clock is not achievable; gen-jobs should derive a slower one
fpsfu_5_10_128_0_0_1_0_0_7_10nm_TT_0V8_25C_1000MHz	pnr-timing	RuntimeError: post-PnR setup timing violated (clk slack -0.02) -- the job clock is not achievable; gen-jobs should derive a slower one
fpadd_9_31_3_7nm_TT_0V75_25C_571p429MHz	pnr-timing	RuntimeError: post-PnR setup timing violated (clk slack -0.06) -- the job clock is not achievable; gen-jobs should derive a slower one
fpadd_9_31_3_7nm_TT_0V75_25C_333p333MHz	pnr-timing	RuntimeError: post-PnR setup timing violated (clk slack -0.03) -- the job clock is not achievable; gen-jobs should derive a slower one
fpmac_10_40_5_5nm_TT_0V7_25C_307p692MHz	pnr-timing	RuntimeError: post-PnR setup timing violated (clk slack -0.09) -- the job clock is not achievable; gen-jobs should derive a slower one
fpmac_9_31_2_20nm_TT_0V9_25C_210p526MHz	pnr-timing	RuntimeError: post-PnR setup timing violated (clk slack -0.04) -- the job clock is not achievable; gen-jobs should derive a slower one
fpmac_9_31_5_20nm_TT_0V9_25C_200MHz	pnr-timing	RuntimeError: post-PnR setup timing violated (clk slack -0.08) -- the job clock is not achievable; gen-jobs should derive a slower one
fpadd_9_31_5_7nm_TT_0V75_25C_571p429MHz	pnr-timing	RuntimeError: post-PnR setup timing violated (clk slack -0.04) -- the job clock is not achievable; gen-jobs should derive a slower one
fpmul_11_52_5_16nm_TT_0V85_25C_235p294MHz	pnr-timing	RuntimeError: post-PnR setup timing violated (clk slack -0.06) -- the job clock is not achievable; gen-jobs should derive a slower one
fpmac_12_64_2_5nm_TT_0V7_25C_444p444MHz	pnr-timing	RuntimeError: post-PnR setup timing violated (clk slack -0.15) -- the job clock is not achievable; gen-jobs should derive a slower one
fpmac_12_64_2_5nm_TT_0V7_25C_266p667MHz	pnr-timing	RuntimeError: post-PnR setup timing violated (clk slack -0.08) -- the job clock is not achievable; gen-jobs should derive a slower one
fpsfu_5_10_128_0_0_0_1_0_4_10nm_TT_0V8_25C_800MHz	pnr-timing	RuntimeError: post-PnR setup timing violated (clk slack -0.02) -- the job clock is not achievable; gen-jobs should derive a slower one
fpadd_10_40_2_7nm_TT_0V75_25C_500MHz	pnr-timing	RuntimeError: post-PnR setup timing violated (clk slack -0.04) -- the job clock is not achievable; gen-jobs should derive a slower one
fpsfu_5_10_64_1_0_0_0_0_4_5nm_TT_0V7_25C_800MHz	pnr-timing	RuntimeError: post-PnR setup timing violated (clk slack -0.03) -- the job clock is not achievable; gen-jobs should derive a slower one
fpsfu_5_10_128_0_0_0_1_0_7_10nm_TT_0V8_25C_1000MHz	pnr-timing	RuntimeError: post-PnR setup timing violated (clk slack -0.01) -- the job clock is not achievable; gen-jobs should derive a slower one
fpmac_10_40_2_20nm_TT_0V9_25C_200MHz	pnr-timing	RuntimeError: post-PnR setup timing violated (clk slack -0.04) -- the job clock is not achievable; gen-jobs should derive a slower one
fpmac_12_64_5_5nm_TT_0V7_25C_444p444MHz	pnr-timing	RuntimeError: post-PnR setup timing violated (clk slack -0.16) -- the job clock is not achievable; gen-jobs should derive a slower one
fpadd_10_40_3_7nm_TT_0V75_25C_500MHz	pnr-timing	RuntimeError: post-PnR setup timing violated (clk slack -0.03) -- the job clock is not achievable; gen-jobs should derive a slower one
fpsfu_5_10_64_1_1_1_1_1_4_10nm_TT_0V8_25C_666p667MHz	pnr-timing	RuntimeError: post-PnR setup timing violated (clk slack -0.02) -- the job clock is not achievable; gen-jobs should derive a slower one
fpmac_10_40_5_20nm_TT_0V9_25C_190p476MHz	pnr-timing	RuntimeError: post-PnR setup timing violated (clk slack -0.03) -- the job clock is not achievable; gen-jobs should derive a slower one
fpsfu_5_10_64_1_0_0_0_0_7_5nm_TT_0V7_25C_1000MHz	pnr-timing	RuntimeError: post-PnR setup timing violated (clk slack -0.05) -- the job clock is not achievable; gen-jobs should derive a slower one
fpmac_12_64_5_5nm_TT_0V7_25C_266p667MHz	pnr-timing	RuntimeError: post-PnR setup timing violated (clk slack -0.08) -- the job clock is not achievable; gen-jobs should derive a slower one
fpsfu_5_10_64_1_1_1_1_1_7_10nm_TT_0V8_25C_666p667MHz	pnr-timing	RuntimeError: post-PnR setup timing violated (clk slack -0.03) -- the job clock is not achievable; gen-jobs should derive a slower one
fpsfu_5_10_64_1_0_0_0_0_10_5nm_TT_0V7_25C_1000MHz	pnr-timing	RuntimeError: post-PnR setup timing violated (clk slack -0.04) -- the job clock is not achievable; gen-jobs should derive a slower one
fpsfu_5_10_64_1_1_1_1_1_10_10nm_TT_0V8_25C_1000MHz	pnr-timing	RuntimeError: post-PnR setup timing violated (clk slack -0.07) -- the job clock is not achievable; gen-jobs should derive a slower one
fpsfu_5_10_128_1_0_0_0_0_4_5nm_TT_0V7_25C_1000MHz	pnr-timing	RuntimeError: post-PnR setup timing violated (clk slack -0.05) -- the job clock is not achievable; gen-jobs should derive a slower one
fpadd_10_40_5_7nm_TT_0V75_25C_500MHz	pnr-timing	RuntimeError: post-PnR setup timing violated (clk slack -0.03) -- the job clock is not achievable; gen-jobs should derive a slower one
fpadd_10_40_5_7nm_TT_0V75_25C_333p333MHz	pnr-timing	RuntimeError: post-PnR setup timing violated (clk slack -0.01) -- the job clock is not achievable; gen-jobs should derive a slower one
fpsfu_5_10_64_1_1_1_1_1_10_10nm_TT_0V8_25C_571p429MHz	pnr-timing	RuntimeError: post-PnR setup timing violated (clk slack -0.01) -- the job clock is not achievable; gen-jobs should derive a slower one
fpsfu_5_10_128_1_1_1_1_1_4_10nm_TT_0V8_25C_666p667MHz	pnr-timing	RuntimeError: post-PnR setup timing violated (clk slack -0.02) -- the job clock is not achievable; gen-jobs should derive a slower one
fpmac_12_64_2_20nm_TT_0V9_25C_173p913MHz	pnr-timing	RuntimeError: post-PnR setup timing violated (clk slack -0.05) -- the job clock is not achievable; gen-jobs should derive a slower one
fpsfu_5_10_128_1_0_0_0_0_7_5nm_TT_0V7_25C_1000MHz	pnr-timing	RuntimeError: post-PnR setup timing violated (clk slack -0.03) -- the job clock is not achievable; gen-jobs should derive a slower one
fpmac_12_64_2_20nm_TT_0V9_25C_105p263MHz	pnr-timing	RuntimeError: post-PnR setup timing violated (clk slack -0.01) -- the job clock is not achievable; gen-jobs should derive a slower one
fpsfu_5_10_128_1_0_0_0_0_10_5nm_TT_0V7_25C_1000MHz	pnr-timing	RuntimeError: post-PnR setup timing violated (clk slack -0.03) -- the job clock is not achievable; gen-jobs should derive a slower one
fpsfu_5_10_128_1_1_1_1_1_7_10nm_TT_0V8_25C_666p667MHz	pnr-timing	RuntimeError: post-PnR setup timing violated (clk slack -0.01) -- the job clock is not achievable; gen-jobs should derive a slower one
fpsfu_5_10_64_0_1_0_0_0_4_5nm_TT_0V7_25C_1000MHz	pnr-timing	RuntimeError: post-PnR setup timing violated (clk slack -0.03) -- the job clock is not achievable; gen-jobs should derive a slower one
fpsfu_5_10_128_1_1_1_1_1_10_10nm_TT_0V8_25C_1000MHz	pnr-timing	RuntimeError: post-PnR setup timing violated (clk slack -0.03) -- the job clock is not achievable; gen-jobs should derive a slower one
fpadd_12_64_2_7nm_TT_0V75_25C_500MHz	pnr-timing	RuntimeError: post-PnR setup timing violated (clk slack -0.05) -- the job clock is not achievable; gen-jobs should derive a slower one
fpsfu_5_10_64_0_1_0_0_0_7_5nm_TT_0V7_25C_1000MHz	pnr-timing	RuntimeError: post-PnR setup timing violated (clk slack -0.04) -- the job clock is not achievable; gen-jobs should derive a slower one
fpsfu_5_10_64_1_0_1_0_0_4_10nm_TT_0V8_25C_666p667MHz	pnr-timing	RuntimeError: post-PnR setup timing violated (clk slack -0.03) -- the job clock is not achievable; gen-jobs should derive a slower one
fpmac_12_64_5_20nm_TT_0V9_25C_173p913MHz	pnr-timing	RuntimeError: post-PnR setup timing violated (clk slack -0.09) -- the job clock is not achievable; gen-jobs should derive a slower one
fpsfu_5_10_64_0_1_0_0_0_10_5nm_TT_0V7_25C_1333p33MHz	pnr-timing	RuntimeError: post-PnR setup timing violated (clk slack -0.02) -- the job clock is not achievable; gen-jobs should derive a slower one
fpadd_12_64_3_7nm_TT_0V75_25C_500MHz	pnr-timing	RuntimeError: post-PnR setup timing violated (clk slack -0.04) -- the job clock is not achievable; gen-jobs should derive a slower one
fpsfu_5_10_64_1_0_1_0_0_7_10nm_TT_0V8_25C_800MHz	pnr-timing	RuntimeError: post-PnR setup timing violated (clk slack -0.01) -- the job clock is not achievable; gen-jobs should derive a slower one
fpsfu_5_10_128_0_1_0_0_0_4_5nm_TT_0V7_25C_1000MHz	pnr-timing	RuntimeError: post-PnR setup timing violated (clk slack -0.06) -- the job clock is not achievable; gen-jobs should derive a slower one
fpsfu_5_10_64_1_0_1_0_0_10_10nm_TT_0V8_25C_1000MHz	pnr-timing	RuntimeError: post-PnR setup timing violated (clk slack -0.02) -- the job clock is not achievable; gen-jobs should derive a slower one
fpsfu_5_10_64_1_0_1_0_0_10_10nm_TT_0V8_25C_571p429MHz	pnr-timing	RuntimeError: post-PnR setup timing violated (clk slack -0.01) -- the job clock is not achievable; gen-jobs should derive a slower one
fpsfu_5_10_128_0_1_0_0_0_7_5nm_TT_0V7_25C_1000MHz	pnr-timing	RuntimeError: post-PnR setup timing violated (clk slack -0.03) -- the job clock is not achievable; gen-jobs should derive a slower one
fpsfu_5_10_128_1_0_1_0_0_4_10nm_TT_0V8_25C_666p667MHz	pnr-timing	RuntimeError: post-PnR setup timing violated (clk slack -0.02) -- the job clock is not achievable; gen-jobs should derive a slower one
fpsfu_5_10_64_1_0_0_0_0_10_20nm_TT_0V9_25C_571p429MHz	pnr-timing	RuntimeError: post-PnR setup timing violated (clk slack -0.04) -- the job clock is not achievable; gen-jobs should derive a slower one
fpsfu_5_10_128_1_0_1_0_0_7_10nm_TT_0V8_25C_800MHz	pnr-timing	RuntimeError: post-PnR setup timing violated (clk slack -0.01) -- the job clock is not achievable; gen-jobs should derive a slower one
fpsfu_5_10_128_0_1_0_0_0_10_5nm_TT_0V7_25C_1333p33MHz	pnr-timing	RuntimeError: post-PnR setup timing violated (clk slack -0.04) -- the job clock is not achievable; gen-jobs should derive a slower one
fpmul_6_12_3_16nm_TT_0V85_25C_363p636MHz	pnr-timing	RuntimeError: post-PnR setup timing violated (clk slack -0.01) -- the job clock is not achievable; gen-jobs should derive a slower one
fpsfu_5_10_64_0_0_1_0_0_4_5nm_TT_0V7_25C_800MHz	pnr-timing	RuntimeError: post-PnR setup timing violated (clk slack -0.02) -- the job clock is not achievable; gen-jobs should derive a slower one
fpsfu_5_10_128_1_0_1_0_0_7_10nm_TT_0V8_25C_500MHz	pnr-timing	RuntimeError: post-PnR setup timing violated (clk slack -0.01) -- the job clock is not achievable; gen-jobs should derive a slower one
fpsfu_5_10_128_1_0_1_0_0_10_10nm_TT_0V8_25C_1000MHz	pnr-timing	RuntimeError: post-PnR setup timing violated (clk slack -0.03) -- the job clock is not achievable; gen-jobs should derive a slower one
fpsfu_5_10_128_1_0_0_0_0_7_20nm_TT_0V9_25C_444p444MHz	pnr-timing	RuntimeError: post-PnR setup timing violated (clk slack -0.03) -- the job clock is not achievable; gen-jobs should derive a slower one
fpadd_12_64_3_7nm_TT_0V75_25C_285p714MHz	pnr-timing	RuntimeError: post-PnR setup timing violated (clk slack -0.02) -- the job clock is not achievable; gen-jobs should derive a slower one
fpmul_6_12_5_16nm_TT_0V85_25C_363p636MHz	pnr-timing	RuntimeError: post-PnR setup timing violated (clk slack -0.01) -- the job clock is not achievable; gen-jobs should derive a slower one
fpsfu_5_10_128_1_0_1_0_0_10_10nm_TT_0V8_25C_571p429MHz	pnr-timing	RuntimeError: post-PnR setup timing violated (clk slack -0.01) -- the job clock is not achievable; gen-jobs should derive a slower one
fpsfu_8_7_64_1_0_0_0_0_4_10nm_TT_0V8_25C_800MHz	pnr-timing	RuntimeError: post-PnR setup timing violated (clk slack -0.01) -- the job clock is not achievable; gen-jobs should derive a slower one
fpsfu_5_10_64_0_0_1_0_0_7_5nm_TT_0V7_25C_1000MHz	pnr-timing	RuntimeError: post-PnR setup timing violated (clk slack -0.03) -- the job clock is not achievable; gen-jobs should derive a slower one
fpsfu_5_10_128_1_0_0_0_0_10_20nm_TT_0V9_25C_571p429MHz	pnr-timing	RuntimeError: post-PnR setup timing violated (clk slack -0.06) -- the job clock is not achievable; gen-jobs should derive a slower one
fpsfu_8_7_64_1_0_0_0_0_7_10nm_TT_0V8_25C_1000MHz	pnr-timing	RuntimeError: post-PnR setup timing violated (clk slack -0.04) -- the job clock is not achievable; gen-jobs should derive a slower one
fpsfu_5_10_64_0_0_1_0_0_10_5nm_TT_0V7_25C_1333p33MHz	pnr-timing	RuntimeError: post-PnR setup timing violated (clk slack -0.02) -- the job clock is not achievable; gen-jobs should derive a slower one
fpadd_12_64_5_7nm_TT_0V75_25C_500MHz	pnr-timing	RuntimeError: post-PnR setup timing violated (clk slack -0.06) -- the job clock is not achievable; gen-jobs should derive a slower one
fpadd_12_64_5_7nm_TT_0V75_25C_285p714MHz	pnr-timing	RuntimeError: post-PnR setup timing violated (clk slack -0.02) -- the job clock is not achievable; gen-jobs should derive a slower one
fpsfu_8_7_64_1_0_0_0_0_10_10nm_TT_0V8_25C_1000MHz	pnr-timing	RuntimeError: post-PnR setup timing violated (clk slack -0.03) -- the job clock is not achievable; gen-jobs should derive a slower one
fpsfu_5_10_128_0_0_1_0_0_4_5nm_TT_0V7_25C_800MHz	pnr-timing	RuntimeError: post-PnR setup timing violated (clk slack -0.04) -- the job clock is not achievable; gen-jobs should derive a slower one
fpsfu_5_10_64_0_1_0_0_0_7_20nm_TT_0V9_25C_500MHz	pnr-timing	RuntimeError: post-PnR setup timing violated (clk slack -0.01) -- the job clock is not achievable; gen-jobs should derive a slower one
fpsfu_8_7_128_1_0_0_0_0_4_10nm_TT_0V8_25C_1000MHz	pnr-timing	RuntimeError: post-PnR setup timing violated (clk slack -0.02) -- the job clock is not achievable; gen-jobs should derive a slower one
fpmul_7_15_3_16nm_TT_0V85_25C_333p333MHz	pnr-timing	RuntimeError: post-PnR setup timing violated (clk slack -0.01) -- the job clock is not achievable; gen-jobs should derive a slower one
fpsfu_5_10_128_0_0_1_0_0_7_5nm_TT_0V7_25C_1000MHz	pnr-timing	RuntimeError: post-PnR setup timing violated (clk slack -0.02) -- the job clock is not achievable; gen-jobs should derive a slower one
fpsfu_5_10_64_0_1_0_0_0_10_20nm_TT_0V9_25C_666p667MHz	pnr-timing	RuntimeError: post-PnR setup timing violated (clk slack -0.01) -- the job clock is not achievable; gen-jobs should derive a slower one
fpsfu_8_7_128_1_0_0_0_0_7_10nm_TT_0V8_25C_1000MHz	pnr-timing	RuntimeError: post-PnR setup timing violated (clk slack -0.02) -- the job clock is not achievable; gen-jobs should derive a slower one
fpsfu_5_10_128_0_0_1_0_0_10_5nm_TT_0V7_25C_1333p33MHz	pnr-timing	RuntimeError: post-PnR setup timing violated (clk slack -0.02) -- the job clock is not achievable; gen-jobs should derive a slower one
fpmul_7_15_5_16nm_TT_0V85_25C_333p333MHz	pnr-timing	RuntimeError: post-PnR setup timing violated (clk slack -0.03) -- the job clock is not achievable; gen-jobs should derive a slower one
fpsfu_8_7_128_1_0_0_0_0_10_10nm_TT_0V8_25C_666p667MHz	pnr-timing	RuntimeError: post-PnR setup timing violated (clk slack -0.02) -- the job clock is not achievable; gen-jobs should derive a slower one
fpsfu_5_10_128_0_1_0_0_0_4_20nm_TT_0V9_25C_444p444MHz	pnr-timing	RuntimeError: post-PnR setup timing violated (clk slack -0.01) -- the job clock is not achievable; gen-jobs should derive a slower one
fpsfu_5_10_64_0_0_0_1_0_4_5nm_TT_0V7_25C_1000MHz	pnr-timing	RuntimeError: post-PnR setup timing violated (clk slack -0.02) -- the job clock is not achievable; gen-jobs should derive a slower one
fpsfu_5_10_128_0_1_0_0_0_7_20nm_TT_0V9_25C_444p444MHz	pnr-timing	RuntimeError: post-PnR setup timing violated (clk slack -0.01) -- the job clock is not achievable; gen-jobs should derive a slower one
fpsfu_8_7_64_0_1_0_0_0_7_10nm_TT_0V8_25C_1000MHz	pnr-timing	RuntimeError: post-PnR setup timing violated (clk slack -0.01) -- the job clock is not achievable; gen-jobs should derive a slower one
fpsfu_5_10_64_0_0_0_1_0_7_5nm_TT_0V7_25C_1000MHz	pnr-timing	RuntimeError: post-PnR setup timing violated (clk slack -0.04) -- the job clock is not achievable; gen-jobs should derive a slower one
fpsfu_5_10_128_0_1_0_0_0_10_20nm_TT_0V9_25C_666p667MHz	pnr-timing	RuntimeError: post-PnR setup timing violated (clk slack -0.01) -- the job clock is not achievable; gen-jobs should derive a slower one
fpmul_9_31_2_16nm_TT_0V85_25C_266p667MHz	pnr-timing	RuntimeError: post-PnR setup timing violated (clk slack -0.04) -- the job clock is not achievable; gen-jobs should derive a slower one
fpsfu_8_7_64_0_1_0_0_0_10_10nm_TT_0V8_25C_1333p33MHz	pnr-timing	RuntimeError: post-PnR setup timing violated (clk slack -0.03) -- the job clock is not achievable; gen-jobs should derive a slower one
fpmul_5_10_2_7nm_TT_0V75_25C_666p667MHz	pnr-timing	RuntimeError: post-PnR setup timing violated (clk slack -0.02) -- the job clock is not achievable; gen-jobs should derive a slower one
fpsfu_5_10_128_0_0_0_1_0_4_5nm_TT_0V7_25C_1000MHz	pnr-timing	RuntimeError: post-PnR setup timing violated (clk slack -0.01) -- the job clock is not achievable; gen-jobs should derive a slower one
fpmul_9_31_3_16nm_TT_0V85_25C_285p714MHz	pnr-timing	RuntimeError: post-PnR setup timing violated (clk slack -0.03) -- the job clock is not achievable; gen-jobs should derive a slower one
fpsfu_8_7_128_0_1_0_0_0_7_10nm_TT_0V8_25C_1000MHz	pnr-timing	RuntimeError: post-PnR setup timing violated (clk slack -0.02) -- the job clock is not achievable; gen-jobs should derive a slower one
fpsfu_5_10_64_0_0_1_0_0_10_20nm_TT_0V9_25C_666p667MHz	pnr-timing	RuntimeError: post-PnR setup timing violated (clk slack -0.06) -- the job clock is not achievable; gen-jobs should derive a slower one
fpsfu_8_7_128_0_1_0_0_0_10_10nm_TT_0V8_25C_1333p33MHz	pnr-timing	RuntimeError: post-PnR setup timing violated (clk slack -0.02) -- the job clock is not achievable; gen-jobs should derive a slower one
fpsfu_5_10_128_0_0_0_1_0_10_5nm_TT_0V7_25C_1333p33MHz	pnr-timing	RuntimeError: post-PnR setup timing violated (clk slack -0.01) -- the job clock is not achievable; gen-jobs should derive a slower one
fpmul_9_31_5_16nm_TT_0V85_25C_285p714MHz	pnr-timing	RuntimeError: post-PnR setup timing violated (clk slack -0.04) -- the job clock is not achievable; gen-jobs should derive a slower one
fpsfu_8_7_64_0_0_1_0_0_7_10nm_TT_0V8_25C_1000MHz	pnr-timing	RuntimeError: post-PnR setup timing violated (clk slack -0.02) -- the job clock is not achievable; gen-jobs should derive a slower one
fpsfu_5_10_64_1_1_1_1_1_4_5nm_TT_0V7_25C_800MHz	pnr-timing	RuntimeError: post-PnR setup timing violated (clk slack -0.05) -- the job clock is not achievable; gen-jobs should derive a slower one
fpmul_5_10_5_7nm_TT_0V75_25C_666p667MHz	pnr-timing	RuntimeError: post-PnR setup timing violated (clk slack -0.03) -- the job clock is not achievable; gen-jobs should derive a slower one
fpmul_8_7_2_7nm_TT_0V75_25C_666p667MHz	pnr-timing	RuntimeError: post-PnR setup timing violated (clk slack -0.02) -- the job clock is not achievable; gen-jobs should derive a slower one
fpsfu_8_7_64_0_0_1_0_0_10_10nm_TT_0V8_25C_1000MHz	pnr-timing	RuntimeError: post-PnR setup timing violated (clk slack -0.02) -- the job clock is not achievable; gen-jobs should derive a slower one
fpsfu_5_10_64_1_1_1_1_1_7_5nm_TT_0V7_25C_800MHz	pnr-timing	RuntimeError: post-PnR setup timing violated (clk slack -0.04) -- the job clock is not achievable; gen-jobs should derive a slower one
fpsfu_8_7_128_0_0_1_0_0_4_10nm_TT_0V8_25C_800MHz	pnr-timing	RuntimeError: post-PnR setup timing violated (clk slack -0.02) -- the job clock is not achievable; gen-jobs should derive a slower one
fpmul_8_7_3_7nm_TT_0V75_25C_666p667MHz	pnr-timing	RuntimeError: post-PnR setup timing violated (clk slack -0.02) -- the job clock is not achievable; gen-jobs should derive a slower one
fpmul_10_40_2_16nm_TT_0V85_25C_266p667MHz	pnr-timing	RuntimeError: post-PnR setup timing violated (clk slack -0.02) -- the job clock is not achievable; gen-jobs should derive a slower one
fpsfu_5_10_64_1_1_1_1_1_10_5nm_TT_0V7_25C_666p667MHz	pnr-timing	RuntimeError: post-PnR setup timing violated (clk slack -0.02) -- the job clock is not achievable; gen-jobs should derive a slower one
fpsfu_5_10_64_1_1_1_1_1_10_5nm_TT_0V7_25C_1000MHz	pnr-timing	RuntimeError: post-PnR setup timing violated (clk slack -0.03) -- the job clock is not achievable; gen-jobs should derive a slower one
fpsfu_8_7_128_0_0_1_0_0_10_10nm_TT_0V8_25C_1000MHz	pnr-timing	RuntimeError: post-PnR setup timing violated (clk slack -0.02) -- the job clock is not achievable; gen-jobs should derive a slower one
fpmul_8_7_5_7nm_TT_0V75_25C_666p667MHz	pnr-timing	RuntimeError: post-PnR setup timing violated (clk slack -0.01) -- the job clock is not achievable; gen-jobs should derive a slower one
fpsfu_5_10_64_0_0_0_1_0_10_20nm_TT_0V9_25C_666p667MHz	pnr-timing	RuntimeError: post-PnR setup timing violated (clk slack -0.01) -- the job clock is not achievable; gen-jobs should derive a slower one
fpsfu_5_10_128_1_1_1_1_1_4_5nm_TT_0V7_25C_800MHz	pnr-timing	RuntimeError: post-PnR setup timing violated (clk slack -0.07) -- the job clock is not achievable; gen-jobs should derive a slower one
fpmul_8_10_2_7nm_TT_0V75_25C_666p667MHz	pnr-timing	RuntimeError: post-PnR setup timing violated (clk slack -0.02) -- the job clock is not achievable; gen-jobs should derive a slower one
fpsfu_5_10_128_0_0_0_1_0_4_20nm_TT_0V9_25C_444p444MHz	pnr-timing	RuntimeError: post-PnR setup timing violated (clk slack -0.02) -- the job clock is not achievable; gen-jobs should derive a slower one
fpsfu_5_10_128_1_1_1_1_1_7_5nm_TT_0V7_25C_800MHz	pnr-timing	RuntimeError: post-PnR setup timing violated (clk slack -0.05) -- the job clock is not achievable; gen-jobs should derive a slower one
fpmul_8_10_2_7nm_TT_0V75_25C_400MHz	pnr-timing	RuntimeError: post-PnR setup timing violated (clk slack -0.02) -- the job clock is not achievable; gen-jobs should derive a slower one
fpsfu_5_10_128_0_0_0_1_0_7_20nm_TT_0V9_25C_571p429MHz	pnr-timing	RuntimeError: post-PnR setup timing violated (clk slack -0.01) -- the job clock is not achievable; gen-jobs should derive a slower one
fpsfu_8_7_64_0_0_0_1_0_10_10nm_TT_0V8_25C_1333p33MHz	pnr-timing	RuntimeError: post-PnR setup timing violated (clk slack -0.1) -- the job clock is not achievable; gen-jobs should derive a slower one
fpmul_8_10_3_7nm_TT_0V75_25C_666p667MHz	pnr-timing	RuntimeError: post-PnR setup timing violated (clk slack -0.01) -- the job clock is not achievable; gen-jobs should derive a slower one
fpsfu_8_7_128_0_0_0_1_0_4_10nm_TT_0V8_25C_1000MHz	pnr-timing	RuntimeError: post-PnR setup timing violated (clk slack -0.03) -- the job clock is not achievable; gen-jobs should derive a slower one
fpsfu_5_10_128_1_1_1_1_1_10_5nm_TT_0V7_25C_1000MHz	pnr-timing	RuntimeError: post-PnR setup timing violated (clk slack -0.05) -- the job clock is not achievable; gen-jobs should derive a slower one
fpmul_8_10_5_7nm_TT_0V75_25C_666p667MHz	pnr-timing	RuntimeError: post-PnR setup timing violated (clk slack -0.02) -- the job clock is not achievable; gen-jobs should derive a slower one
fpmul_10_40_5_16nm_TT_0V85_25C_250MHz	pnr-timing	RuntimeError: post-PnR setup timing violated (clk slack -0.07) -- the job clock is not achievable; gen-jobs should derive a slower one
fpmul_8_10_5_7nm_TT_0V75_25C_400MHz	pnr-timing	RuntimeError: post-PnR setup timing violated (clk slack -0.02) -- the job clock is not achievable; gen-jobs should derive a slower one
fpsfu_5_10_128_1_1_1_1_1_10_5nm_TT_0V7_25C_666p667MHz	pnr-timing	RuntimeError: post-PnR setup timing violated (clk slack -0.02) -- the job clock is not achievable; gen-jobs should derive a slower one
fpsfu_5_10_64_1_0_1_0_0_4_5nm_TT_0V7_25C_800MHz	pnr-timing	RuntimeError: post-PnR setup timing violated (clk slack -0.03) -- the job clock is not achievable; gen-jobs should derive a slower one
fpsfu_5_10_64_1_0_1_0_0_7_5nm_TT_0V7_25C_1000MHz	pnr-timing	RuntimeError: post-PnR setup timing violated (clk slack -0.05) -- the job clock is not achievable; gen-jobs should derive a slower one
fpsfu_8_7_64_1_1_1_1_1_4_10nm_TT_0V8_25C_800MHz	pnr-timing	RuntimeError: post-PnR setup timing violated (clk slack -0.02) -- the job clock is not achievable; gen-jobs should derive a slower one
fpsfu_5_10_64_1_1_1_1_1_10_20nm_TT_0V9_25C_500MHz	pnr-timing	RuntimeError: post-PnR setup timing violated (clk slack -0.06) -- the job clock is not achievable; gen-jobs should derive a slower one
fpsfu_5_10_64_1_0_1_0_0_10_5nm_TT_0V7_25C_1000MHz	pnr-timing	RuntimeError: post-PnR setup timing violated (clk slack -0.04) -- the job clock is not achievable; gen-jobs should derive a slower one
fpmul_8_23_2_7nm_TT_0V75_25C_571p429MHz	pnr-timing	RuntimeError: post-PnR setup timing violated (clk slack -0.01) -- the job clock is not achievable; gen-jobs should derive a slower one
fpsfu_8_7_64_1_1_1_1_1_7_10nm_TT_0V8_25C_800MHz	pnr-timing	RuntimeError: post-PnR setup timing violated (clk slack -0.01) -- the job clock is not achievable; gen-jobs should derive a slower one
fpmul_8_23_2_7nm_TT_0V75_25C_333p333MHz	pnr-timing	RuntimeError: post-PnR setup timing violated (clk slack -0.01) -- the job clock is not achievable; gen-jobs should derive a slower one
fpmul_8_23_3_7nm_TT_0V75_25C_571p429MHz	pnr-timing	RuntimeError: post-PnR setup timing violated (clk slack -0.02) -- the job clock is not achievable; gen-jobs should derive a slower one
fpmul_12_64_2_16nm_TT_0V85_25C_235p294MHz	pnr-timing	RuntimeError: post-PnR setup timing violated (clk slack -0.03) -- the job clock is not achievable; gen-jobs should derive a slower one
fpsfu_5_10_128_1_1_1_1_1_4_20nm_TT_0V9_25C_333p333MHz	pnr-timing	RuntimeError: post-PnR setup timing violated (clk slack -0.02) -- the job clock is not achievable; gen-jobs should derive a slower one
fpsfu_8_7_64_1_1_1_1_1_10_10nm_TT_0V8_25C_1000MHz	pnr-timing	RuntimeError: post-PnR setup timing violated (clk slack -0.03) -- the job clock is not achievable; gen-jobs should derive a slower one
fpsfu_8_7_64_1_1_1_1_1_10_10nm_TT_0V8_25C_666p667MHz	pnr-timing	RuntimeError: post-PnR setup timing violated (clk slack -0.02) -- the job clock is not achievable; gen-jobs should derive a slower one
fpsfu_5_10_128_1_0_1_0_0_4_5nm_TT_0V7_25C_800MHz	pnr-timing	RuntimeError: post-PnR setup timing violated (clk slack -0.04) -- the job clock is not achievable; gen-jobs should derive a slower one
fpsfu_5_10_128_1_0_1_0_0_7_5nm_TT_0V7_25C_1000MHz	pnr-timing	RuntimeError: post-PnR setup timing violated (clk slack -0.04) -- the job clock is not achievable; gen-jobs should derive a slower one
fpsfu_8_7_128_1_1_1_1_1_4_10nm_TT_0V8_25C_800MHz	pnr-timing	RuntimeError: post-PnR setup timing violated (clk slack -0.03) -- the job clock is not achievable; gen-jobs should derive a slower one
fpsfu_8_7_128_1_1_1_1_1_7_10nm_TT_0V8_25C_800MHz	pnr-timing	RuntimeError: post-PnR setup timing violated (clk slack -0.03) -- the job clock is not achievable; gen-jobs should derive a slower one
fpmul_12_64_2_16nm_TT_0V85_25C_142p857MHz	pnr-timing	RuntimeError: post-PnR setup timing violated (clk slack -0.01) -- the job clock is not achievable; gen-jobs should derive a slower one
fpsfu_5_10_128_1_0_1_0_0_10_5nm_TT_0V7_25C_1000MHz	pnr-timing	RuntimeError: post-PnR setup timing violated (clk slack -0.03) -- the job clock is not achievable; gen-jobs should derive a slower one
fpmul_8_23_3_7nm_TT_0V75_25C_333p333MHz	pnr-timing	RuntimeError: post-PnR setup timing violated (clk slack -0.02) -- the job clock is not achievable; gen-jobs should derive a slower one
fpsfu_8_7_128_1_1_1_1_1_10_10nm_TT_0V8_25C_1000MHz	pnr-timing	RuntimeError: post-PnR setup timing violated (clk slack -0.03) -- the job clock is not achievable; gen-jobs should derive a slower one
fpsfu_5_10_128_1_1_1_1_1_10_20nm_TT_0V9_25C_500MHz	pnr-timing	RuntimeError: post-PnR setup timing violated (clk slack -0.06) -- the job clock is not achievable; gen-jobs should derive a slower one
fpsfu_8_7_128_1_1_1_1_1_10_10nm_TT_0V8_25C_666p667MHz	pnr-timing	RuntimeError: post-PnR setup timing violated (clk slack -0.04) -- the job clock is not achievable; gen-jobs should derive a slower one
fpsfu_8_7_64_1_0_0_0_0_4_5nm_TT_0V7_25C_1000MHz	pnr-timing	RuntimeError: post-PnR setup timing violated (clk slack -0.04) -- the job clock is not achievable; gen-jobs should derive a slower one
fpmul_8_23_5_7nm_TT_0V75_25C_571p429MHz	pnr-timing	RuntimeError: post-PnR setup timing violated (clk slack -0.04) -- the job clock is not achievable; gen-jobs should derive a slower one
fpsfu_8_7_64_1_0_1_0_0_4_10nm_TT_0V8_25C_800MHz	pnr-timing	RuntimeError: post-PnR setup timing violated (clk slack -0.01) -- the job clock is not achievable; gen-jobs should derive a slower one
fpsfu_8_7_64_1_0_0_0_0_7_5nm_TT_0V7_25C_1000MHz	pnr-timing	RuntimeError: post-PnR setup timing violated (clk slack -0.03) -- the job clock is not achievable; gen-jobs should derive a slower one
fpmul_12_64_3_16nm_TT_0V85_25C_235p294MHz	pnr-timing	RuntimeError: post-PnR setup timing violated (clk slack -0.09) -- the job clock is not achievable; gen-jobs should derive a slower one
fpsfu_8_7_64_1_0_1_0_0_7_10nm_TT_0V8_25C_800MHz	pnr-timing	RuntimeError: post-PnR setup timing violated (clk slack -0.02) -- the job clock is not achievable; gen-jobs should derive a slower one
fpsfu_8_7_64_1_0_0_0_0_10_5nm_TT_0V7_25C_1333p33MHz	pnr-timing	RuntimeError: post-PnR setup timing violated (clk slack -0.03) -- the job clock is not achievable; gen-jobs should derive a slower one
fpsfu_8_7_64_1_0_1_0_0_10_10nm_TT_0V8_25C_1000MHz	pnr-timing	RuntimeError: post-PnR setup timing violated (clk slack -0.03) -- the job clock is not achievable; gen-jobs should derive a slower one
fpsfu_8_7_64_1_0_1_0_0_10_10nm_TT_0V8_25C_666p667MHz	pnr-timing	RuntimeError: post-PnR setup timing violated (clk slack -0.02) -- the job clock is not achievable; gen-jobs should derive a slower one
fpsfu_8_7_128_1_0_0_0_0_4_5nm_TT_0V7_25C_1000MHz	pnr-timing	RuntimeError: post-PnR setup timing violated (clk slack -0.03) -- the job clock is not achievable; gen-jobs should derive a slower one
fpsfu_8_7_128_1_0_1_0_0_4_10nm_TT_0V8_25C_800MHz	pnr-timing	RuntimeError: post-PnR setup timing violated (clk slack -0.03) -- the job clock is not achievable; gen-jobs should derive a slower one
fpsfu_8_7_128_1_0_0_0_0_7_5nm_TT_0V7_25C_1000MHz	pnr-timing	RuntimeError: post-PnR setup timing violated (clk slack -0.04) -- the job clock is not achievable; gen-jobs should derive a slower one
fpsfu_8_7_128_1_0_0_0_0_10_5nm_TT_0V7_25C_1333p33MHz	pnr-timing	RuntimeError: post-PnR setup timing violated (clk slack -0.03) -- the job clock is not achievable; gen-jobs should derive a slower one
fpsfu_8_7_128_1_0_1_0_0_10_10nm_TT_0V8_25C_1000MHz	pnr-timing	RuntimeError: post-PnR setup timing violated (clk slack -0.02) -- the job clock is not achievable; gen-jobs should derive a slower one
fpmul_12_64_5_16nm_TT_0V85_25C_235p294MHz	pnr-timing	RuntimeError: post-PnR setup timing violated (clk slack -0.03) -- the job clock is not achievable; gen-jobs should derive a slower one
fpsfu_8_7_64_0_1_0_0_0_4_5nm_TT_0V7_25C_1000MHz	pnr-timing	RuntimeError: post-PnR setup timing violated (clk slack -0.04) -- the job clock is not achievable; gen-jobs should derive a slower one
fpsfu_8_7_128_1_0_1_0_0_10_10nm_TT_0V8_25C_666p667MHz	pnr-timing	RuntimeError: post-PnR setup timing violated (clk slack -0.04) -- the job clock is not achievable; gen-jobs should derive a slower one
fpsfu_8_23_64_1_0_0_0_0_4_10nm_TT_0V8_25C_666p667MHz	pnr-timing	RuntimeError: post-PnR setup timing violated (clk slack -0.04) -- the job clock is not achievable; gen-jobs should derive a slower one
fpsfu_8_7_64_0_1_0_0_0_7_5nm_TT_0V7_25C_1000MHz	pnr-timing	RuntimeError: post-PnR setup timing violated (clk slack -0.04) -- the job clock is not achievable; gen-jobs should derive a slower one
fpmul_11_52_2_7nm_TT_0V75_25C_444p444MHz	pnr-timing	RuntimeError: post-PnR setup timing violated (clk slack -0.09) -- the job clock is not achievable; gen-jobs should derive a slower one
fpsfu_8_23_64_1_0_0_0_0_4_10nm_TT_0V8_25C_400MHz	pnr-timing	RuntimeError: post-PnR setup timing violated (clk slack -0.04) -- the job clock is not achievable; gen-jobs should derive a slower one
fpsfu_5_10_128_1_0_1_0_0_10_20nm_TT_0V9_25C_500MHz	pnr-timing	RuntimeError: post-PnR setup timing violated (clk slack -0.02) -- the job clock is not achievable; gen-jobs should derive a slower one
fpmul_11_52_2_7nm_TT_0V75_25C_285p714MHz	pnr-timing	RuntimeError: post-PnR setup timing violated (clk slack -0.04) -- the job clock is not achievable; gen-jobs should derive a slower one
fpsfu_8_23_64_1_0_0_0_0_7_10nm_TT_0V8_25C_800MHz	pnr-timing	RuntimeError: post-PnR setup timing violated (clk slack -0.03) -- the job clock is not achievable; gen-jobs should derive a slower one
fpmul_11_52_3_7nm_TT_0V75_25C_444p444MHz	pnr-timing	RuntimeError: post-PnR setup timing violated (clk slack -0.05) -- the job clock is not achievable; gen-jobs should derive a slower one
fpsfu_8_23_64_1_0_0_0_0_10_10nm_TT_0V8_25C_800MHz	pnr-timing	RuntimeError: post-PnR setup timing violated (clk slack -0.05) -- the job clock is not achievable; gen-jobs should derive a slower one
fpsfu_8_7_128_0_1_0_0_0_4_5nm_TT_0V7_25C_1000MHz	pnr-timing	RuntimeError: post-PnR setup timing violated (clk slack -0.02) -- the job clock is not achievable; gen-jobs should derive a slower one
fpsfu_8_23_64_1_0_0_0_0_10_10nm_TT_0V8_25C_571p429MHz	pnr-timing	RuntimeError: post-PnR setup timing violated (clk slack -0.02) -- the job clock is not achievable; gen-jobs should derive a slower one
fpsfu_8_7_128_0_1_0_0_0_7_5nm_TT_0V7_25C_1000MHz	pnr-timing	RuntimeError: post-PnR setup timing violated (clk slack -0.02) -- the job clock is not achievable; gen-jobs should derive a slower one
fpsfu_8_7_64_1_0_0_0_0_7_20nm_TT_0V9_25C_307p692MHz	pnr-timing	RuntimeError: post-PnR setup timing violated (clk slack -0.01) -- the job clock is not achievable; gen-jobs should derive a slower one
fpsfu_8_23_128_1_0_0_0_0_4_10nm_TT_0V8_25C_666p667MHz	pnr-timing	RuntimeError: post-PnR setup timing violated (clk slack -0.01) -- the job clock is not achievable; gen-jobs should derive a slower one
fpsfu_8_7_64_1_0_0_0_0_10_20nm_TT_0V9_25C_666p667MHz	pnr-timing	RuntimeError: post-PnR setup timing violated (clk slack -0.05) -- the job clock is not achievable; gen-jobs should derive a slower one
fpsfu_8_23_128_1_0_0_0_0_4_10nm_TT_0V8_25C_400MHz	pnr-timing	RuntimeError: post-PnR setup timing violated (clk slack -0.02) -- the job clock is not achievable; gen-jobs should derive a slower one
fpsfu_8_23_128_1_0_0_0_0_7_10nm_TT_0V8_25C_800MHz	pnr-timing	RuntimeError: post-PnR setup timing violated (clk slack -0.04) -- the job clock is not achievable; gen-jobs should derive a slower one
fpsfu_8_7_64_0_0_1_0_0_4_5nm_TT_0V7_25C_1000MHz	pnr-timing	RuntimeError: post-PnR setup timing violated (clk slack -0.01) -- the job clock is not achievable; gen-jobs should derive a slower one
fpsfu_8_23_128_1_0_0_0_0_7_10nm_TT_0V8_25C_444p444MHz	pnr-timing	RuntimeError: post-PnR setup timing violated (clk slack -0.02) -- the job clock is not achievable; gen-jobs should derive a slower one
fpsfu_8_23_128_1_0_0_0_0_10_10nm_TT_0V8_25C_800MHz	pnr-timing	RuntimeError: post-PnR setup timing violated (clk slack -0.03) -- the job clock is not achievable; gen-jobs should derive a slower one
fpsfu_8_23_128_1_0_0_0_0_10_10nm_TT_0V8_25C_571p429MHz	pnr-timing	RuntimeError: post-PnR setup timing violated (clk slack -0.02) -- the job clock is not achievable; gen-jobs should derive a slower one
fpsfu_8_23_64_0_1_0_0_0_4_10nm_TT_0V8_25C_666p667MHz	pnr-timing	RuntimeError: post-PnR setup timing violated (clk slack -0.05) -- the job clock is not achievable; gen-jobs should derive a slower one
fpmul_11_52_3_7nm_TT_0V75_25C_285p714MHz	pnr-timing	RuntimeError: post-PnR setup timing violated (clk slack -0.03) -- the job clock is not achievable; gen-jobs should derive a slower one
fpsfu_8_23_64_0_1_0_0_0_7_10nm_TT_0V8_25C_666p667MHz	pnr-timing	RuntimeError: post-PnR setup timing violated (clk slack -0.02) -- the job clock is not achievable; gen-jobs should derive a slower one
fpsfu_8_7_128_0_0_1_0_0_4_5nm_TT_0V7_25C_1000MHz	pnr-timing	RuntimeError: post-PnR setup timing violated (clk slack -0.06) -- the job clock is not achievable; gen-jobs should derive a slower one
fpmac_5_10_2_16nm_TT_0V85_25C_363p636MHz	pnr-timing	RuntimeError: post-PnR setup timing violated (clk slack -0.01) -- the job clock is not achievable; gen-jobs should derive a slower one
fpmul_11_52_5_7nm_TT_0V75_25C_444p444MHz	pnr-timing	RuntimeError: post-PnR setup timing violated (clk slack -0.09) -- the job clock is not achievable; gen-jobs should derive a slower one
fpmul_11_52_5_7nm_TT_0V75_25C_285p714MHz	pnr-timing	RuntimeError: post-PnR setup timing violated (clk slack -0.04) -- the job clock is not achievable; gen-jobs should derive a slower one
fpsfu_8_23_64_0_1_0_0_0_10_10nm_TT_0V8_25C_800MHz	pnr-timing	RuntimeError: post-PnR setup timing violated (clk slack -0.03) -- the job clock is not achievable; gen-jobs should derive a slower one
fpmac_5_10_5_16nm_TT_0V85_25C_363p636MHz	pnr-timing	RuntimeError: post-PnR setup timing violated (clk slack -0.01) -- the job clock is not achievable; gen-jobs should derive a slower one
fpsfu_8_7_64_0_1_0_0_0_10_20nm_TT_0V9_25C_800MHz	pnr-timing	RuntimeError: post-PnR setup timing violated (clk slack -0.03) -- the job clock is not achievable; gen-jobs should derive a slower one
fpsfu_8_7_64_0_1_0_0_0_10_20nm_TT_0V9_25C_444p444MHz	pnr-timing	RuntimeError: post-PnR setup timing violated (clk slack -0.04) -- the job clock is not achievable; gen-jobs should derive a slower one
fpsfu_8_23_128_0_1_0_0_0_4_10nm_TT_0V8_25C_666p667MHz	pnr-timing	RuntimeError: post-PnR setup timing violated (clk slack -0.03) -- the job clock is not achievable; gen-jobs should derive a slower one
fpsfu_8_23_128_0_1_0_0_0_7_10nm_TT_0V8_25C_666p667MHz	pnr-timing	RuntimeError: post-PnR setup timing violated (clk slack -0.03) -- the job clock is not achievable; gen-jobs should derive a slower one
fpmul_4_6_2_7nm_TT_0V75_25C_800MHz	pnr-timing	RuntimeError: post-PnR setup timing violated (clk slack -0.01) -- the job clock is not achievable; gen-jobs should derive a slower one
fpmac_8_7_5_16nm_TT_0V85_25C_400MHz	pnr-timing	RuntimeError: post-PnR setup timing violated (clk slack -0.05) -- the job clock is not achievable; gen-jobs should derive a slower one
fpmul_4_6_3_7nm_TT_0V75_25C_800MHz	pnr-timing	RuntimeError: post-PnR setup timing violated (clk slack -0.02) -- the job clock is not achievable; gen-jobs should derive a slower one
fpsfu_8_23_128_0_1_0_0_0_10_10nm_TT_0V8_25C_1000MHz	pnr-timing	RuntimeError: post-PnR setup timing violated (clk slack -0.04) -- the job clock is not achievable; gen-jobs should derive a slower one
fpsfu_8_7_128_0_1_0_0_0_10_20nm_TT_0V9_25C_444p444MHz	pnr-timing	RuntimeError: post-PnR setup timing violated (clk slack -0.06) -- the job clock is not achievable; gen-jobs should derive a slower one
fpsfu_8_7_64_0_0_0_1_0_10_5nm_TT_0V7_25C_1333p33MHz	pnr-timing	RuntimeError: post-PnR setup timing violated (clk slack -0.01) -- the job clock is not achievable; gen-jobs should derive a slower one
fpsfu_8_23_64_0_0_1_0_0_4_10nm_TT_0V8_25C_571p429MHz	pnr-timing	RuntimeError: post-PnR setup timing violated (clk slack -0.01) -- the job clock is not achievable; gen-jobs should derive a slower one
fpmul_4_6_5_7nm_TT_0V75_25C_800MHz	pnr-timing	RuntimeError: post-PnR setup timing violated (clk slack -0.03) -- the job clock is not achievable; gen-jobs should derive a slower one
fpmul_6_5_2_7nm_TT_0V75_25C_800MHz	pnr-timing	RuntimeError: post-PnR setup timing violated (clk slack -0.04) -- the job clock is not achievable; gen-jobs should derive a slower one
fpsfu_8_23_64_0_0_1_0_0_7_10nm_TT_0V8_25C_666p667MHz	pnr-timing	RuntimeError: post-PnR setup timing violated (clk slack -0.01) -- the job clock is not achievable; gen-jobs should derive a slower one
fpsfu_8_7_64_0_0_1_0_0_10_20nm_TT_0V9_25C_666p667MHz	pnr-timing	RuntimeError: post-PnR setup timing violated (clk slack -0.03) -- the job clock is not achievable; gen-jobs should derive a slower one
fpsfu_8_7_128_0_0_0_1_0_7_5nm_TT_0V7_25C_1333p33MHz	pnr-timing	RuntimeError: post-PnR setup timing violated (clk slack -0.01) -- the job clock is not achievable; gen-jobs should derive a slower one
fpmul_6_5_3_7nm_TT_0V75_25C_800MHz	pnr-timing	RuntimeError: post-PnR setup timing violated (clk slack -0.03) -- the job clock is not achievable; gen-jobs should derive a slower one
fpsfu_8_7_128_0_0_0_1_0_10_5nm_TT_0V7_25C_1333p33MHz	pnr-timing	RuntimeError: post-PnR setup timing violated (clk slack -0.01) -- the job clock is not achievable; gen-jobs should derive a slower one
fpsfu_8_23_64_0_0_1_0_0_10_10nm_TT_0V8_25C_1000MHz	pnr-timing	RuntimeError: post-PnR setup timing violated (clk slack -0.03) -- the job clock is not achievable; gen-jobs should derive a slower one
fpsfu_8_23_64_0_0_1_0_0_10_10nm_TT_0V8_25C_571p429MHz	pnr-timing	RuntimeError: post-PnR setup timing violated (clk slack -0.01) -- the job clock is not achievable; gen-jobs should derive a slower one
fpmac_8_10_5_16nm_TT_0V85_25C_363p636MHz	pnr-timing	RuntimeError: post-PnR setup timing violated (clk slack -0.01) -- the job clock is not achievable; gen-jobs should derive a slower one
fpsfu_8_7_128_0_0_1_0_0_7_20nm_TT_0V9_25C_571p429MHz	pnr-timing	RuntimeError: post-PnR setup timing violated (clk slack -0.01) -- the job clock is not achievable; gen-jobs should derive a slower one
fpmul_6_5_5_7nm_TT_0V75_25C_800MHz	pnr-timing	RuntimeError: post-PnR setup timing violated (clk slack -0.04) -- the job clock is not achievable; gen-jobs should derive a slower one
fpsfu_8_23_128_0_0_1_0_0_4_10nm_TT_0V8_25C_571p429MHz	pnr-timing	RuntimeError: post-PnR setup timing violated (clk slack -0.02) -- the job clock is not achievable; gen-jobs should derive a slower one
fpsfu_8_7_64_1_1_1_1_1_4_5nm_TT_0V7_25C_800MHz	pnr-timing	RuntimeError: post-PnR setup timing violated (clk slack -0.05) -- the job clock is not achievable; gen-jobs should derive a slower one
fpsfu_8_23_128_0_0_1_0_0_4_10nm_TT_0V8_25C_363p636MHz	pnr-timing	RuntimeError: post-PnR setup timing violated (clk slack -0.02) -- the job clock is not achievable; gen-jobs should derive a slower one
fpsfu_8_23_128_0_0_1_0_0_7_10nm_TT_0V8_25C_666p667MHz	pnr-timing	RuntimeError: post-PnR setup timing violated (clk slack -0.04) -- the job clock is not achievable; gen-jobs should derive a slower one
fpmul_6_12_2_7nm_TT_0V75_25C_666p667MHz	pnr-timing	RuntimeError: post-PnR setup timing violated (clk slack -0.02) -- the job clock is not achievable; gen-jobs should derive a slower one
fpsfu_8_7_64_1_1_1_1_1_7_5nm_TT_0V7_25C_1000MHz	pnr-timing	RuntimeError: post-PnR setup timing violated (clk slack -0.04) -- the job clock is not achievable; gen-jobs should derive a slower one
fpsfu_8_23_128_0_0_1_0_0_10_10nm_TT_0V8_25C_1000MHz	pnr-timing	RuntimeError: post-PnR setup timing violated (clk slack -0.03) -- the job clock is not achievable; gen-jobs should derive a slower one
fpsfu_8_7_64_1_1_1_1_1_10_5nm_TT_0V7_25C_1000MHz	pnr-timing	RuntimeError: post-PnR setup timing violated (clk slack -0.02) -- the job clock is not achievable; gen-jobs should derive a slower one
fpsfu_8_7_64_0_0_0_1_0_7_20nm_TT_0V9_25C_666p667MHz	pnr-timing	RuntimeError: post-PnR setup timing violated (clk slack -0.01) -- the job clock is not achievable; gen-jobs should derive a slower one
fpmul_6_12_3_7nm_TT_0V75_25C_666p667MHz	pnr-timing	RuntimeError: post-PnR setup timing violated (clk slack -0.01) -- the job clock is not achievable; gen-jobs should derive a slower one
fpmul_6_12_3_7nm_TT_0V75_25C_400MHz	pnr-timing	RuntimeError: post-PnR setup timing violated (clk slack -0.02) -- the job clock is not achievable; gen-jobs should derive a slower one
fpsfu_8_23_64_0_0_0_1_0_4_10nm_TT_0V8_25C_666p667MHz	pnr-timing	RuntimeError: post-PnR setup timing violated (clk slack -0.03) -- the job clock is not achievable; gen-jobs should derive a slower one
fpsfu_8_7_64_0_0_0_1_0_10_20nm_TT_0V9_25C_800MHz	pnr-timing	RuntimeError: post-PnR setup timing violated (clk slack -0.03) -- the job clock is not achievable; gen-jobs should derive a slower one
fpsfu_8_7_128_1_1_1_1_1_4_5nm_TT_0V7_25C_800MHz	pnr-timing	RuntimeError: post-PnR setup timing violated (clk slack -0.04) -- the job clock is not achievable; gen-jobs should derive a slower one
fpsfu_8_23_64_0_0_0_1_0_7_10nm_TT_0V8_25C_800MHz	pnr-timing	RuntimeError: post-PnR setup timing violated (clk slack -0.03) -- the job clock is not achievable; gen-jobs should derive a slower one
fpsfu_8_7_128_0_0_0_1_0_4_20nm_TT_0V9_25C_571p429MHz	pnr-timing	RuntimeError: post-PnR setup timing violated (clk slack -0.02) -- the job clock is not achievable; gen-jobs should derive a slower one
fpmul_6_12_5_7nm_TT_0V75_25C_666p667MHz	pnr-timing	RuntimeError: post-PnR setup timing violated (clk slack -0.03) -- the job clock is not achievable; gen-jobs should derive a slower one
fpmul_6_12_5_7nm_TT_0V75_25C_400MHz	pnr-timing	RuntimeError: post-PnR setup timing violated (clk slack -0.04) -- the job clock is not achievable; gen-jobs should derive a slower one
fpsfu_8_7_128_1_1_1_1_1_7_5nm_TT_0V7_25C_1000MHz	pnr-timing	RuntimeError: post-PnR setup timing violated (clk slack -0.03) -- the job clock is not achievable; gen-jobs should derive a slower one
fpsfu_8_23_64_0_0_0_1_0_10_10nm_TT_0V8_25C_800MHz	pnr-timing	RuntimeError: post-PnR setup timing violated (clk slack -0.03) -- the job clock is not achievable; gen-jobs should derive a slower one
fpsfu_8_23_64_0_0_0_1_0_10_10nm_TT_0V8_25C_571p429MHz	pnr-timing	RuntimeError: post-PnR setup timing violated (clk slack -0.02) -- the job clock is not achievable; gen-jobs should derive a slower one
fpmul_7_15_2_7nm_TT_0V75_25C_571p429MHz	pnr-timing	RuntimeError: post-PnR setup timing violated (clk slack -0.01) -- the job clock is not achievable; gen-jobs should derive a slower one
fpsfu_8_7_128_0_0_0_1_0_10_20nm_TT_0V9_25C_800MHz	pnr-timing	RuntimeError: post-PnR setup timing violated (clk slack -0.04) -- the job clock is not achievable; gen-jobs should derive a slower one
fpsfu_8_7_128_1_1_1_1_1_10_5nm_TT_0V7_25C_1000MHz	pnr-timing	RuntimeError: post-PnR setup timing violated (clk slack -0.01) -- the job clock is not achievable; gen-jobs should derive a slower one
fpsfu_8_23_128_0_0_0_1_0_7_10nm_TT_0V8_25C_800MHz	pnr-timing	RuntimeError: post-PnR setup timing violated (clk slack -0.03) -- the job clock is not achievable; gen-jobs should derive a slower one
fpsfu_8_7_64_1_1_1_1_1_4_20nm_TT_0V9_25C_400MHz	pnr-timing	RuntimeError: post-PnR setup timing violated (clk slack -0.03) -- the job clock is not achievable; gen-jobs should derive a slower one
fpmul_7_15_3_7nm_TT_0V75_25C_571p429MHz	pnr-timing	RuntimeError: post-PnR setup timing violated (clk slack -0.02) -- the job clock is not achievable; gen-jobs should derive a slower one
fpsfu_8_7_64_1_0_1_0_0_4_5nm_TT_0V7_25C_1000MHz	pnr-timing	RuntimeError: post-PnR setup timing violated (clk slack -0.06) -- the job clock is not achievable; gen-jobs should derive a slower one
fpsfu_8_7_64_1_1_1_1_1_7_20nm_TT_0V9_25C_400MHz	pnr-timing	RuntimeError: post-PnR setup timing violated (clk slack -0.03) -- the job clock is not achievable; gen-jobs should derive a slower one
fpmul_7_15_3_7nm_TT_0V75_25C_363p636MHz	pnr-timing	RuntimeError: post-PnR setup timing violated (clk slack -0.01) -- the job clock is not achievable; gen-jobs should derive a slower one
fpsfu_8_7_64_1_0_1_0_0_7_5nm_TT_0V7_25C_1000MHz	pnr-timing	RuntimeError: post-PnR setup timing violated (clk slack -0.02) -- the job clock is not achievable; gen-jobs should derive a slower one
fpsfu_8_23_128_0_0_0_1_0_10_10nm_TT_0V8_25C_1000MHz	pnr-timing	RuntimeError: post-PnR setup timing violated (clk slack -0.03) -- the job clock is not achievable; gen-jobs should derive a slower one
fpsfu_8_23_128_0_0_0_1_0_10_10nm_TT_0V8_25C_571p429MHz	pnr-timing	RuntimeError: post-PnR setup timing violated (clk slack -0.01) -- the job clock is not achievable; gen-jobs should derive a slower one
fpmac_11_52_2_16nm_TT_0V85_25C_235p294MHz	pnr-timing	RuntimeError: post-PnR setup timing violated (clk slack -0.01) -- the job clock is not achievable; gen-jobs should derive a slower one
fpsfu_8_7_64_1_0_1_0_0_10_5nm_TT_0V7_25C_1000MHz	pnr-timing	RuntimeError: post-PnR setup timing violated (clk slack -0.03) -- the job clock is not achievable; gen-jobs should derive a slower one
fpmul_7_15_5_7nm_TT_0V75_25C_571p429MHz	pnr-timing	RuntimeError: post-PnR setup timing violated (clk slack -0.03) -- the job clock is not achievable; gen-jobs should derive a slower one
fpsfu_8_7_128_1_1_1_1_1_4_20nm_TT_0V9_25C_400MHz	pnr-timing	RuntimeError: post-PnR setup timing violated (clk slack -0.03) -- the job clock is not achievable; gen-jobs should derive a slower one
fpsfu_8_7_128_1_0_1_0_0_4_5nm_TT_0V7_25C_1000MHz	pnr-timing	RuntimeError: post-PnR setup timing violated (clk slack -0.04) -- the job clock is not achievable; gen-jobs should derive a slower one
fpsfu_8_23_64_1_1_1_1_1_4_10nm_TT_0V8_25C_363p636MHz	pnr-timing	RuntimeError: post-PnR setup timing violated (clk slack -0.03) -- the job clock is not achievable; gen-jobs should derive a slower one
fpsfu_8_23_64_1_1_1_1_1_4_10nm_TT_0V8_25C_571p429MHz	pnr-timing	RuntimeError: post-PnR setup timing violated (clk slack -0.06) -- the job clock is not achievable; gen-jobs should derive a slower one
fpsfu_8_23_64_1_1_1_1_1_7_10nm_TT_0V8_25C_571p429MHz	pnr-timing	RuntimeError: post-PnR setup timing violated (clk slack -0.04) -- the job clock is not achievable; gen-jobs should derive a slower one
fpsfu_8_7_128_1_0_1_0_0_7_5nm_TT_0V7_25C_1000MHz	pnr-timing	RuntimeError: post-PnR setup timing violated (clk slack -0.03) -- the job clock is not achievable; gen-jobs should derive a slower one
fpsfu_8_7_128_1_0_1_0_0_10_5nm_TT_0V7_25C_1000MHz	pnr-timing	RuntimeError: post-PnR setup timing violated (clk slack -0.03) -- the job clock is not achievable; gen-jobs should derive a slower one
fpsfu_8_23_64_1_1_1_1_1_7_10nm_TT_0V8_25C_363p636MHz	pnr-timing	RuntimeError: post-PnR setup timing violated (clk slack -0.02) -- the job clock is not achievable; gen-jobs should derive a slower one
fpsfu_8_23_64_1_1_1_1_1_10_10nm_TT_0V8_25C_800MHz	pnr-timing	RuntimeError: post-PnR setup timing violated (clk slack -0.07) -- the job clock is not achievable; gen-jobs should derive a slower one
fpmac_11_52_5_16nm_TT_0V85_25C_235p294MHz	pnr-timing	RuntimeError: post-PnR setup timing violated (clk slack -0.06) -- the job clock is not achievable; gen-jobs should derive a slower one
fpsfu_8_23_64_1_1_1_1_1_10_10nm_TT_0V8_25C_500MHz	pnr-timing	RuntimeError: post-PnR setup timing violated (clk slack -0.02) -- the job clock is not achievable; gen-jobs should derive a slower one
fpsfu_8_7_128_1_1_1_1_1_10_20nm_TT_0V9_25C_500MHz	pnr-timing	RuntimeError: post-PnR setup timing violated (clk slack -0.11) -- the job clock is not achievable; gen-jobs should derive a slower one
fpmul_9_31_2_7nm_TT_0V75_25C_500MHz	pnr-timing	RuntimeError: post-PnR setup timing violated (clk slack -0.04) -- the job clock is not achievable; gen-jobs should derive a slower one
fpsfu_8_23_64_1_0_0_0_0_4_5nm_TT_0V7_25C_800MHz	pnr-timing	RuntimeError: post-PnR setup timing violated (clk slack -0.03) -- the job clock is not achievable; gen-jobs should derive a slower one
fpsfu_8_23_64_1_0_0_0_0_4_5nm_TT_0V7_25C_500MHz	pnr-timing	RuntimeError: post-PnR setup timing violated (clk slack -0.04) -- the job clock is not achievable; gen-jobs should derive a slower one
fpmul_9_31_2_7nm_TT_0V75_25C_307p692MHz	pnr-timing	RuntimeError: post-PnR setup timing violated (clk slack -0.03) -- the job clock is not achievable; gen-jobs should derive a slower one
fpsfu_8_23_64_1_0_0_0_0_7_5nm_TT_0V7_25C_800MHz	pnr-timing	RuntimeError: post-PnR setup timing violated (clk slack -0.05) -- the job clock is not achievable; gen-jobs should derive a slower one
fpmul_9_31_3_7nm_TT_0V75_25C_500MHz	pnr-timing	RuntimeError: post-PnR setup timing violated (clk slack -0.04) -- the job clock is not achievable; gen-jobs should derive a slower one
fpsfu_8_23_64_1_0_0_0_0_7_5nm_TT_0V7_25C_500MHz	pnr-timing	RuntimeError: post-PnR setup timing violated (clk slack -0.03) -- the job clock is not achievable; gen-jobs should derive a slower one
fpsfu_8_23_64_1_0_0_0_0_10_5nm_TT_0V7_25C_1000MHz	pnr-timing	RuntimeError: post-PnR setup timing violated (clk slack -0.04) -- the job clock is not achievable; gen-jobs should derive a slower one
fpsfu_8_7_64_1_0_1_0_0_10_20nm_TT_0V9_25C_571p429MHz	pnr-timing	RuntimeError: post-PnR setup timing violated (clk slack -0.02) -- the job clock is not achievable; gen-jobs should derive a slower one
fpsfu_8_23_128_1_1_1_1_1_4_10nm_TT_0V8_25C_571p429MHz	pnr-timing	RuntimeError: post-PnR setup timing violated (clk slack -0.12) -- the job clock is not achievable; gen-jobs should derive a slower one
fpsfu_8_23_128_1_1_1_1_1_4_10nm_TT_0V8_25C_363p636MHz	pnr-timing	RuntimeError: post-PnR setup timing violated (clk slack -0.02) -- the job clock is not achievable; gen-jobs should derive a slower one
fpsfu_8_23_128_1_1_1_1_1_7_10nm_TT_0V8_25C_571p429MHz	pnr-timing	RuntimeError: post-PnR setup timing violated (clk slack -0.04) -- the job clock is not achievable; gen-jobs should derive a slower one
fpsfu_8_23_64_1_0_0_0_0_10_5nm_TT_0V7_25C_666p667MHz	pnr-timing	RuntimeError: post-PnR setup timing violated (clk slack -0.06) -- the job clock is not achievable; gen-jobs should derive a slower one
fpsfu_8_23_128_1_0_0_0_0_4_5nm_TT_0V7_25C_800MHz	pnr-timing	RuntimeError: post-PnR setup timing violated (clk slack -0.02) -- the job clock is not achievable; gen-jobs should derive a slower one
fpsfu_8_23_128_1_0_0_0_0_4_5nm_TT_0V7_25C_500MHz	pnr-timing	RuntimeError: post-PnR setup timing violated (clk slack -0.04) -- the job clock is not achievable; gen-jobs should derive a slower one
fpmul_9_31_3_7nm_TT_0V75_25C_307p692MHz	pnr-timing	RuntimeError: post-PnR setup timing violated (clk slack -0.03) -- the job clock is not achievable; gen-jobs should derive a slower one
fpsfu_8_23_128_1_0_0_0_0_7_5nm_TT_0V7_25C_800MHz	pnr-timing	RuntimeError: post-PnR setup timing violated (clk slack -0.03) -- the job clock is not achievable; gen-jobs should derive a slower one
fpsfu_8_7_128_1_0_1_0_0_10_20nm_TT_0V9_25C_571p429MHz	pnr-timing	RuntimeError: post-PnR setup timing violated (clk slack -0.01) -- the job clock is not achievable; gen-jobs should derive a slower one
fpsfu_8_23_128_1_0_0_0_0_7_5nm_TT_0V7_25C_500MHz	pnr-timing	RuntimeError: post-PnR setup timing violated (clk slack -0.03) -- the job clock is not achievable; gen-jobs should derive a slower one
fpsfu_8_23_128_1_0_0_0_0_10_5nm_TT_0V7_25C_1000MHz	pnr-timing	RuntimeError: post-PnR setup timing violated (clk slack -0.05) -- the job clock is not achievable; gen-jobs should derive a slower one
fpmul_9_31_5_7nm_TT_0V75_25C_500MHz	pnr-timing	RuntimeError: post-PnR setup timing violated (clk slack -0.05) -- the job clock is not achievable; gen-jobs should derive a slower one
fpsfu_8_23_64_1_0_0_0_0_4_20nm_TT_0V9_25C_333p333MHz	pnr-timing	RuntimeError: post-PnR setup timing violated (clk slack -0.02) -- the job clock is not achievable; gen-jobs should derive a slower one
fpsfu_8_23_128_1_1_1_1_1_10_10nm_TT_0V8_25C_800MHz	pnr-timing	RuntimeError: post-PnR setup timing violated (clk slack -0.05) -- the job clock is not achievable; gen-jobs should derive a slower one
fpsfu_8_23_128_1_0_0_0_0_10_5nm_TT_0V7_25C_666p667MHz	pnr-timing	RuntimeError: post-PnR setup timing violated (clk slack -0.05) -- the job clock is not achievable; gen-jobs should derive a slower one
fpsfu_8_23_128_1_1_1_1_1_10_10nm_TT_0V8_25C_500MHz	pnr-timing	RuntimeError: post-PnR setup timing violated (clk slack -0.04) -- the job clock is not achievable; gen-jobs should derive a slower one
fpsfu_8_23_128_1_1_1_1_1_7_10nm_TT_0V8_25C_363p636MHz	pnr-timing	RuntimeError: post-PnR setup timing violated (clk slack -0.01) -- the job clock is not achievable; gen-jobs should derive a slower one
fpmul_9_31_5_7nm_TT_0V75_25C_307p692MHz	pnr-timing	RuntimeError: post-PnR setup timing violated (clk slack -0.02) -- the job clock is not achievable; gen-jobs should derive a slower one
fpsfu_8_23_64_0_1_0_0_0_4_5nm_TT_0V7_25C_666p667MHz	pnr-timing	RuntimeError: post-PnR setup timing violated (clk slack -0.05) -- the job clock is not achievable; gen-jobs should derive a slower one
fpsfu_8_23_64_0_1_0_0_0_4_5nm_TT_0V7_25C_444p444MHz	pnr-timing	RuntimeError: post-PnR setup timing violated (clk slack -0.05) -- the job clock is not achievable; gen-jobs should derive a slower one
fpsfu_8_23_64_1_0_0_0_0_7_20nm_TT_0V9_25C_363p636MHz	pnr-timing	RuntimeError: post-PnR setup timing violated (clk slack -0.03) -- the job clock is not achievable; gen-jobs should derive a slower one
fpsfu_8_23_64_1_0_0_0_0_7_20nm_TT_0V9_25C_222p222MHz	pnr-timing	RuntimeError: post-PnR setup timing violated (clk slack -0.01) -- the job clock is not achievable; gen-jobs should derive a slower one
fpsfu_8_23_64_1_0_1_0_0_4_10nm_TT_0V8_25C_666p667MHz	pnr-timing	RuntimeError: post-PnR setup timing violated (clk slack -0.05) -- the job clock is not achievable; gen-jobs should derive a slower one
fpsfu_8_23_64_0_1_0_0_0_7_5nm_TT_0V7_25C_800MHz	pnr-timing	RuntimeError: post-PnR setup timing violated (clk slack -0.07) -- the job clock is not achievable; gen-jobs should derive a slower one
fpsfu_8_23_64_1_0_1_0_0_7_10nm_TT_0V8_25C_666p667MHz	pnr-timing	RuntimeError: post-PnR setup timing violated (clk slack -0.05) -- the job clock is not achievable; gen-jobs should derive a slower one
fpsfu_8_23_64_1_0_0_0_0_10_20nm_TT_0V9_25C_444p444MHz	pnr-timing	RuntimeError: post-PnR setup timing violated (clk slack -0.04) -- the job clock is not achievable; gen-jobs should derive a slower one
fpsfu_8_23_64_0_1_0_0_0_7_5nm_TT_0V7_25C_500MHz	pnr-timing	RuntimeError: post-PnR setup timing violated (clk slack -0.03) -- the job clock is not achievable; gen-jobs should derive a slower one
fpsfu_8_23_64_1_0_0_0_0_10_20nm_TT_0V9_25C_266p667MHz	pnr-timing	RuntimeError: post-PnR setup timing violated (clk slack -0.02) -- the job clock is not achievable; gen-jobs should derive a slower one
fpsfu_8_23_128_1_0_0_0_0_4_20nm_TT_0V9_25C_333p333MHz	pnr-timing	RuntimeError: post-PnR setup timing violated (clk slack -0.05) -- the job clock is not achievable; gen-jobs should derive a slower one
fpmac_6_5_5_16nm_TT_0V85_25C_400MHz	pnr-timing	RuntimeError: post-PnR setup timing violated (clk slack -0.02) -- the job clock is not achievable; gen-jobs should derive a slower one
fpsfu_8_23_64_0_1_0_0_0_10_5nm_TT_0V7_25C_1000MHz	pnr-timing	RuntimeError: post-PnR setup timing violated (clk slack -0.04) -- the job clock is not achievable; gen-jobs should derive a slower one
fpsfu_8_23_64_0_1_0_0_0_10_5nm_TT_0V7_25C_666p667MHz	pnr-timing	RuntimeError: post-PnR setup timing violated (clk slack -0.04) -- the job clock is not achievable; gen-jobs should derive a slower one
fpsfu_8_23_64_1_0_1_0_0_10_10nm_TT_0V8_25C_800MHz	pnr-timing	RuntimeError: post-PnR setup timing violated (clk slack -0.04) -- the job clock is not achievable; gen-jobs should derive a slower one
fpmul_10_40_2_7nm_TT_0V75_25C_500MHz	pnr-timing	RuntimeError: post-PnR setup timing violated (clk slack -0.06) -- the job clock is not achievable; gen-jobs should derive a slower one
fpsfu_8_23_128_0_1_0_0_0_4_5nm_TT_0V7_25C_800MHz	pnr-timing	RuntimeError: post-PnR setup timing violated (clk slack -0.05) -- the job clock is not achievable; gen-jobs should derive a slower one
fpmac_6_12_2_16nm_TT_0V85_25C_363p636MHz	pnr-timing	RuntimeError: post-PnR setup timing violated (clk slack -0.01) -- the job clock is not achievable; gen-jobs should derive a slower one
fpsfu_8_23_128_0_1_0_0_0_4_5nm_TT_0V7_25C_444p444MHz	pnr-timing	RuntimeError: post-PnR setup timing violated (clk slack -0.02) -- the job clock is not achievable; gen-jobs should derive a slower one
fpmul_10_40_2_7nm_TT_0V75_25C_285p714MHz	pnr-timing	RuntimeError: post-PnR setup timing violated (clk slack -0.04) -- the job clock is not achievable; gen-jobs should derive a slower one
fpsfu_8_23_128_0_1_0_0_0_7_5nm_TT_0V7_25C_800MHz	pnr-timing	RuntimeError: post-PnR setup timing violated (clk slack -0.05) -- the job clock is not achievable; gen-jobs should derive a slower one
fpsfu_8_23_128_1_0_1_0_0_4_10nm_TT_0V8_25C_571p429MHz	pnr-timing	RuntimeError: post-PnR setup timing violated (clk slack -0.05) -- the job clock is not achievable; gen-jobs should derive a slower one
fpmac_6_12_5_16nm_TT_0V85_25C_363p636MHz	pnr-timing	RuntimeError: post-PnR setup timing violated (clk slack -0.01) -- the job clock is not achievable; gen-jobs should derive a slower one
fpsfu_8_23_128_1_0_0_0_0_10_20nm_TT_0V9_25C_444p444MHz	pnr-timing	RuntimeError: post-PnR setup timing violated (clk slack -0.06) -- the job clock is not achievable; gen-jobs should derive a slower one
fpsfu_8_23_128_1_0_1_0_0_4_10nm_TT_0V8_25C_363p636MHz	pnr-timing	RuntimeError: post-PnR setup timing violated (clk slack -0.08) -- the job clock is not achievable; gen-jobs should derive a slower one
fpsfu_8_23_128_0_1_0_0_0_7_5nm_TT_0V7_25C_500MHz	pnr-timing	RuntimeError: post-PnR setup timing violated (clk slack -0.04) -- the job clock is not achievable; gen-jobs should derive a slower one
fpmul_10_40_3_7nm_TT_0V75_25C_500MHz	pnr-timing	RuntimeError: post-PnR setup timing violated (clk slack -0.06) -- the job clock is not achievable; gen-jobs should derive a slower one
fpsfu_8_23_128_1_0_1_0_0_7_10nm_TT_0V8_25C_666p667MHz	pnr-timing	RuntimeError: post-PnR setup timing violated (clk slack -0.04) -- the job clock is not achievable; gen-jobs should derive a slower one
fpsfu_8_23_128_0_1_0_0_0_10_5nm_TT_0V7_25C_1000MHz	pnr-timing	RuntimeError: post-PnR setup timing violated (clk slack -0.05) -- the job clock is not achievable; gen-jobs should derive a slower one
fpsfu_8_23_128_0_1_0_0_0_10_5nm_TT_0V7_25C_666p667MHz	pnr-timing	RuntimeError: post-PnR setup timing violated (clk slack -0.07) -- the job clock is not achievable; gen-jobs should derive a slower one
fpsfu_8_23_64_0_0_1_0_0_4_5nm_TT_0V7_25C_666p667MHz	pnr-timing	RuntimeError: post-PnR setup timing violated (clk slack -0.07) -- the job clock is not achievable; gen-jobs should derive a slower one
fpsfu_8_23_128_1_0_1_0_0_10_10nm_TT_0V8_25C_800MHz	pnr-timing	RuntimeError: post-PnR setup timing violated (clk slack -0.05) -- the job clock is not achievable; gen-jobs should derive a slower one
fpsfu_8_23_128_1_0_1_0_0_10_10nm_TT_0V8_25C_500MHz	pnr-timing	RuntimeError: post-PnR setup timing violated (clk slack -0.02) -- the job clock is not achievable; gen-jobs should derive a slower one
fpsfu_8_23_64_0_1_0_0_0_7_20nm_TT_0V9_25C_400MHz	pnr-timing	RuntimeError: post-PnR setup timing violated (clk slack -0.07) -- the job clock is not achievable; gen-jobs should derive a slower one
fpsfu_8_23_64_0_0_1_0_0_7_5nm_TT_0V7_25C_800MHz	pnr-timing	RuntimeError: post-PnR setup timing violated (clk slack -0.06) -- the job clock is not achievable; gen-jobs should derive a slower one
fpsfu_8_23_64_0_1_0_0_0_10_20nm_TT_0V9_25C_444p444MHz	pnr-timing	RuntimeError: post-PnR setup timing violated (clk slack -0.06) -- the job clock is not achievable; gen-jobs should derive a slower one
fpmac_7_15_5_16nm_TT_0V85_25C_333p333MHz	pnr-timing	RuntimeError: post-PnR setup timing violated (clk slack -0.02) -- the job clock is not achievable; gen-jobs should derive a slower one
fpmul_10_40_3_7nm_TT_0V75_25C_307p692MHz	pnr-timing	RuntimeError: post-PnR setup timing violated (clk slack -0.05) -- the job clock is not achievable; gen-jobs should derive a slower one
fpsfu_8_23_64_0_0_1_0_0_10_5nm_TT_0V7_25C_1000MHz	pnr-timing	RuntimeError: post-PnR setup timing violated (clk slack -0.03) -- the job clock is not achievable; gen-jobs should derive a slower one
fpsfu_8_23_64_0_0_1_0_0_10_5nm_TT_0V7_25C_666p667MHz	pnr-timing	RuntimeError: post-PnR setup timing violated (clk slack -0.05) -- the job clock is not achievable; gen-jobs should derive a slower one
fpsfu_8_23_128_0_0_1_0_0_4_5nm_TT_0V7_25C_666p667MHz	pnr-timing	RuntimeError: post-PnR setup timing violated (clk slack -0.04) -- the job clock is not achievable; gen-jobs should derive a slower one
fpmul_10_40_5_7nm_TT_0V75_25C_500MHz	pnr-timing	RuntimeError: post-PnR setup timing violated (clk slack -0.06) -- the job clock is not achievable; gen-jobs should derive a slower one
fpmul_10_40_5_7nm_TT_0V75_25C_307p692MHz	pnr-timing	RuntimeError: post-PnR setup timing violated (clk slack -0.04) -- the job clock is not achievable; gen-jobs should derive a slower one
fpsfu_8_23_128_0_1_0_0_0_7_20nm_TT_0V9_25C_363p636MHz	pnr-timing	RuntimeError: post-PnR setup timing violated (clk slack -0.05) -- the job clock is not achievable; gen-jobs should derive a slower one
fpmac_9_31_2_16nm_TT_0V85_25C_266p667MHz	pnr-timing	RuntimeError: post-PnR setup timing violated (clk slack -0.09) -- the job clock is not achievable; gen-jobs should derive a slower one
fpsfu_8_23_128_0_0_1_0_0_4_5nm_TT_0V7_25C_444p444MHz	pnr-timing	RuntimeError: post-PnR setup timing violated (clk slack -0.04) -- the job clock is not achievable; gen-jobs should derive a slower one
fpsfu_8_23_128_0_0_1_0_0_7_5nm_TT_0V7_25C_800MHz	pnr-timing	RuntimeError: post-PnR setup timing violated (clk slack -0.07) -- the job clock is not achievable; gen-jobs should derive a slower one
fpsfu_8_23_128_0_1_0_0_0_10_20nm_TT_0V9_25C_444p444MHz	pnr-timing	RuntimeError: post-PnR setup timing violated (clk slack -0.05) -- the job clock is not achievable; gen-jobs should derive a slower one
fpsfu_8_23_128_0_0_1_0_0_7_5nm_TT_0V7_25C_500MHz	pnr-timing	RuntimeError: post-PnR setup timing violated (clk slack -0.05) -- the job clock is not achievable; gen-jobs should derive a slower one
fpsfu_8_23_128_0_0_1_0_0_10_5nm_TT_0V7_25C_666p667MHz	pnr-timing	RuntimeError: post-PnR setup timing violated (clk slack -0.02) -- the job clock is not achievable; gen-jobs should derive a slower one
fpsfu_8_23_128_0_0_1_0_0_10_5nm_TT_0V7_25C_1000MHz	pnr-timing	RuntimeError: post-PnR setup timing violated (clk slack -0.03) -- the job clock is not achievable; gen-jobs should derive a slower one
fpmac_9_31_5_16nm_TT_0V85_25C_266p667MHz	pnr-timing	RuntimeError: post-PnR setup timing violated (clk slack -0.03) -- the job clock is not achievable; gen-jobs should derive a slower one
fpsfu_8_23_64_0_0_0_1_0_4_5nm_TT_0V7_25C_800MHz	pnr-timing	RuntimeError: post-PnR setup timing violated (clk slack -0.06) -- the job clock is not achievable; gen-jobs should derive a slower one
fpsfu_8_23_64_0_0_0_1_0_7_5nm_TT_0V7_25C_800MHz	pnr-timing	RuntimeError: post-PnR setup timing violated (clk slack -0.04) -- the job clock is not achievable; gen-jobs should derive a slower one
fpsfu_8_23_64_0_0_1_0_0_7_20nm_TT_0V9_25C_333p333MHz	pnr-timing	RuntimeError: post-PnR setup timing violated (clk slack -0.01) -- the job clock is not achievable; gen-jobs should derive a slower one
mxfpmac_32_1_mxfp8_e5m2_10nm_TT_0V8_25C_235p294MHz	pnr-timing	RuntimeError: post-PnR setup timing violated (**in2reg_default** slack -0.05) -- the job clock is not achievable; gen-jobs should derive a slower one
fpsfu_8_23_64_0_0_1_0_0_10_20nm_TT_0V9_25C_444p444MHz	pnr-timing	RuntimeError: post-PnR setup timing violated (clk slack -0.08) -- the job clock is not achievable; gen-jobs should derive a slower one
fpsfu_8_23_64_0_0_0_1_0_10_5nm_TT_0V7_25C_1000MHz	pnr-timing	RuntimeError: post-PnR setup timing violated (clk slack -0.05) -- the job clock is not achievable; gen-jobs should derive a slower one
fpmul_12_64_2_7nm_TT_0V75_25C_444p444MHz	pnr-timing	RuntimeError: post-PnR setup timing violated (clk slack -0.15) -- the job clock is not achievable; gen-jobs should derive a slower one
fpsfu_8_23_64_0_0_0_1_0_10_5nm_TT_0V7_25C_666p667MHz	pnr-timing	RuntimeError: post-PnR setup timing violated (clk slack -0.03) -- the job clock is not achievable; gen-jobs should derive a slower one
fpmac_10_40_2_16nm_TT_0V85_25C_266p667MHz	pnr-timing	RuntimeError: post-PnR setup timing violated (clk slack -0.06) -- the job clock is not achievable; gen-jobs should derive a slower one
fpsfu_8_23_128_0_0_0_1_0_4_5nm_TT_0V7_25C_800MHz	pnr-timing	RuntimeError: post-PnR setup timing violated (clk slack -0.02) -- the job clock is not achievable; gen-jobs should derive a slower one
fpmul_12_64_2_7nm_TT_0V75_25C_266p667MHz	pnr-timing	RuntimeError: post-PnR setup timing violated (clk slack -0.06) -- the job clock is not achievable; gen-jobs should derive a slower one
fpsfu_8_23_128_0_0_0_1_0_7_5nm_TT_0V7_25C_800MHz	pnr-timing	RuntimeError: post-PnR setup timing violated (clk slack -0.08) -- the job clock is not achievable; gen-jobs should derive a slower one
fpmul_12_64_3_7nm_TT_0V75_25C_400MHz	pnr-timing	RuntimeError: post-PnR setup timing violated (clk slack -0.16) -- the job clock is not achievable; gen-jobs should derive a slower one
mxfpmac_32_1_mxfp8_e5m2_10nm_TT_0V8_25C_137p931MHz	pnr-timing	RuntimeError: post-PnR setup timing violated (**in2reg_default** slack -0.24) -- the job clock is not achievable; gen-jobs should derive a slower one
fpsfu_8_23_128_0_0_1_0_0_10_20nm_TT_0V9_25C_500MHz	pnr-timing	RuntimeError: post-PnR setup timing violated (clk slack -0.04) -- the job clock is not achievable; gen-jobs should derive a slower one
fpsfu_8_23_128_0_0_0_1_0_10_5nm_TT_0V7_25C_1000MHz	pnr-timing	RuntimeError: post-PnR setup timing violated (clk slack -0.05) -- the job clock is not achievable; gen-jobs should derive a slower one
fpsfu_8_23_128_0_0_0_1_0_10_5nm_TT_0V7_25C_666p667MHz	pnr-timing	RuntimeError: post-PnR setup timing violated (clk slack -0.05) -- the job clock is not achievable; gen-jobs should derive a slower one
fpsfu_8_23_128_0_0_1_0_0_10_20nm_TT_0V9_25C_285p714MHz	pnr-timing	RuntimeError: post-PnR setup timing violated (clk slack -0.02) -- the job clock is not achievable; gen-jobs should derive a slower one
fpmac_10_40_5_16nm_TT_0V85_25C_266p667MHz	pnr-timing	RuntimeError: post-PnR setup timing violated (clk slack -0.08) -- the job clock is not achievable; gen-jobs should derive a slower one
fpsfu_8_23_64_0_0_0_1_0_4_20nm_TT_0V9_25C_363p636MHz	pnr-timing	RuntimeError: post-PnR setup timing violated (clk slack -0.03) -- the job clock is not achievable; gen-jobs should derive a slower one
fpsfu_8_23_64_0_0_0_1_0_7_20nm_TT_0V9_25C_400MHz	pnr-timing	RuntimeError: post-PnR setup timing violated (clk slack -0.04) -- the job clock is not achievable; gen-jobs should derive a slower one
fpsfu_8_23_64_1_1_1_1_1_4_5nm_TT_0V7_25C_666p667MHz	pnr-timing	RuntimeError: post-PnR setup timing violated (clk slack -0.08) -- the job clock is not achievable; gen-jobs should derive a slower one
fpsfu_8_23_64_1_1_1_1_1_7_5nm_TT_0V7_25C_666p667MHz	pnr-timing	RuntimeError: post-PnR setup timing violated (clk slack -0.08) -- the job clock is not achievable; gen-jobs should derive a slower one
fpsfu_8_23_64_1_1_1_1_1_4_5nm_TT_0V7_25C_400MHz	pnr-timing	RuntimeError: post-PnR setup timing violated (clk slack -0.06) -- the job clock is not achievable; gen-jobs should derive a slower one
fpsfu_8_23_64_0_0_0_1_0_10_20nm_TT_0V9_25C_444p444MHz	pnr-timing	RuntimeError: post-PnR setup timing violated (clk slack -0.01) -- the job clock is not achievable; gen-jobs should derive a slower one
fpmul_12_64_3_7nm_TT_0V75_25C_250MHz	pnr-timing	RuntimeError: post-PnR setup timing violated (clk slack -0.04) -- the job clock is not achievable; gen-jobs should derive a slower one
fpsfu_8_23_64_1_1_1_1_1_7_5nm_TT_0V7_25C_444p444MHz	pnr-timing	RuntimeError: post-PnR setup timing violated (clk slack -0.05) -- the job clock is not achievable; gen-jobs should derive a slower one
fpmac_12_64_2_16nm_TT_0V85_25C_222p222MHz	pnr-timing	RuntimeError: post-PnR setup timing violated (clk slack -0.05) -- the job clock is not achievable; gen-jobs should derive a slower one
fpsfu_8_23_128_0_0_0_1_0_7_20nm_TT_0V9_25C_400MHz	pnr-timing	RuntimeError: post-PnR setup timing violated (clk slack -0.1) -- the job clock is not achievable; gen-jobs should derive a slower one
fpsfu_8_23_64_1_1_1_1_1_10_5nm_TT_0V7_25C_571p429MHz	pnr-timing	RuntimeError: post-PnR setup timing violated (clk slack -0.06) -- the job clock is not achievable; gen-jobs should derive a slower one
fpsfu_8_23_64_1_1_1_1_1_10_5nm_TT_0V7_25C_800MHz	pnr-timing	RuntimeError: post-PnR setup timing violated (clk slack -0.05) -- the job clock is not achievable; gen-jobs should derive a slower one
fpmul_12_64_5_7nm_TT_0V75_25C_444p444MHz	pnr-timing	RuntimeError: post-PnR setup timing violated (clk slack -0.07) -- the job clock is not achievable; gen-jobs should derive a slower one
fpsfu_8_23_128_0_0_0_1_0_7_20nm_TT_0V9_25C_235p294MHz	pnr-timing	RuntimeError: post-PnR setup timing violated (clk slack -0.02) -- the job clock is not achievable; gen-jobs should derive a slower one
fpmul_12_64_5_7nm_TT_0V75_25C_266p667MHz	pnr-timing	RuntimeError: post-PnR setup timing violated (clk slack -0.05) -- the job clock is not achievable; gen-jobs should derive a slower one
fpsfu_8_23_128_0_0_0_1_0_10_20nm_TT_0V9_25C_444p444MHz	pnr-timing	RuntimeError: post-PnR setup timing violated (clk slack -0.02) -- the job clock is not achievable; gen-jobs should derive a slower one
fpsfu_8_23_128_0_0_0_1_0_10_20nm_TT_0V9_25C_285p714MHz	pnr-timing	RuntimeError: post-PnR setup timing violated (clk slack -0.01) -- the job clock is not achievable; gen-jobs should derive a slower one
mxfpmac_32_2_mxfp8_e5m2_10nm_TT_0V8_25C_210p526MHz	pnr-timing	RuntimeError: post-PnR setup timing violated (**in2reg_default** slack -0.16) -- the job clock is not achievable; gen-jobs should derive a slower one
fpsfu_8_23_64_1_1_1_1_1_4_20nm_TT_0V9_25C_285p714MHz	pnr-timing	RuntimeError: post-PnR setup timing violated (clk slack -0.06) -- the job clock is not achievable; gen-jobs should derive a slower one
fpsfu_8_23_64_1_1_1_1_1_7_20nm_TT_0V9_25C_307p692MHz	pnr-timing	RuntimeError: post-PnR setup timing violated (clk slack -0.04) -- the job clock is not achievable; gen-jobs should derive a slower one
fpsfu_8_23_128_1_1_1_1_1_4_5nm_TT_0V7_25C_666p667MHz	pnr-timing	RuntimeError: post-PnR setup timing violated (clk slack -0.09) -- the job clock is not achievable; gen-jobs should derive a slower one
fpmac_5_2_2_7nm_TT_0V75_25C_800MHz	pnr-timing	RuntimeError: post-PnR setup timing violated (clk slack -0.02) -- the job clock is not achievable; gen-jobs should derive a slower one
fpmac_5_2_5_7nm_TT_0V75_25C_800MHz	pnr-timing	RuntimeError: post-PnR setup timing violated (clk slack -0.01) -- the job clock is not achievable; gen-jobs should derive a slower one
fpsfu_8_23_128_1_1_1_1_1_7_5nm_TT_0V7_25C_666p667MHz	pnr-timing	RuntimeError: post-PnR setup timing violated (clk slack -0.05) -- the job clock is not achievable; gen-jobs should derive a slower one
fpsfu_8_23_128_1_1_1_1_1_4_5nm_TT_0V7_25C_400MHz	pnr-timing	RuntimeError: post-PnR setup timing violated (clk slack -0.13) -- the job clock is not achievable; gen-jobs should derive a slower one
fpmac_12_64_5_16nm_TT_0V85_25C_235p294MHz	pnr-timing	RuntimeError: post-PnR setup timing violated (clk slack -0.06) -- the job clock is not achievable; gen-jobs should derive a slower one
fpsfu_8_23_64_1_1_1_1_1_7_20nm_TT_0V9_25C_181p818MHz	pnr-timing	RuntimeError: post-PnR setup timing violated (clk slack -0.01) -- the job clock is not achievable; gen-jobs should derive a slower one
fpsfu_8_23_64_1_1_1_1_1_10_20nm_TT_0V9_25C_400MHz	pnr-timing	RuntimeError: post-PnR setup timing violated (clk slack -0.09) -- the job clock is not achievable; gen-jobs should derive a slower one
fpsfu_5_10_64_1_0_0_0_0_4_16nm_TT_0V85_25C_571p429MHz	pnr-timing	RuntimeError: post-PnR setup timing violated (clk slack -0.02) -- the job clock is not achievable; gen-jobs should derive a slower one
fpsfu_8_23_64_1_1_1_1_1_10_20nm_TT_0V9_25C_250MHz	pnr-timing	RuntimeError: post-PnR setup timing violated (clk slack -0.02) -- the job clock is not achievable; gen-jobs should derive a slower one
fpmac_5_10_2_7nm_TT_0V75_25C_666p667MHz	pnr-timing	RuntimeError: post-PnR setup timing violated (clk slack -0.01) -- the job clock is not achievable; gen-jobs should derive a slower one
fpsfu_8_23_128_1_1_1_1_1_7_5nm_TT_0V7_25C_444p444MHz	pnr-timing	RuntimeError: post-PnR setup timing violated (clk slack -0.06) -- the job clock is not achievable; gen-jobs should derive a slower one
fpmac_5_10_5_7nm_TT_0V75_25C_666p667MHz	pnr-timing	RuntimeError: post-PnR setup timing violated (clk slack -0.03) -- the job clock is not achievable; gen-jobs should derive a slower one
fpsfu_8_23_128_1_1_1_1_1_4_20nm_TT_0V9_25C_285p714MHz	pnr-timing	RuntimeError: post-PnR setup timing violated (clk slack -0.28) -- the job clock is not achievable; gen-jobs should derive a slower one
fpsfu_8_23_128_1_1_1_1_1_10_5nm_TT_0V7_25C_800MHz	pnr-timing	RuntimeError: post-PnR setup timing violated (clk slack -0.07) -- the job clock is not achievable; gen-jobs should derive a slower one
fpsfu_8_23_128_1_1_1_1_1_10_5nm_TT_0V7_25C_571p429MHz	pnr-timing	RuntimeError: post-PnR setup timing violated (clk slack -0.05) -- the job clock is not achievable; gen-jobs should derive a slower one
fpsfu_8_23_128_1_1_1_1_1_7_20nm_TT_0V9_25C_285p714MHz	pnr-timing	RuntimeError: post-PnR setup timing violated (clk slack -0.1) -- the job clock is not achievable; gen-jobs should derive a slower one
fpsfu_8_23_64_1_0_1_0_0_4_5nm_TT_0V7_25C_666p667MHz	pnr-timing	RuntimeError: post-PnR setup timing violated (clk slack -0.06) -- the job clock is not achievable; gen-jobs should derive a slower one
fpmac_8_7_2_7nm_TT_0V75_25C_666p667MHz	pnr-timing	RuntimeError: post-PnR setup timing violated (clk slack -0.03) -- the job clock is not achievable; gen-jobs should derive a slower one
fpmac_8_7_2_7nm_TT_0V75_25C_444p444MHz	pnr-timing	RuntimeError: post-PnR setup timing violated (clk slack -0.03) -- the job clock is not achievable; gen-jobs should derive a slower one
mxfpmac_32_2_mxfp8_e5m2_10nm_TT_0V8_25C_129p032MHz	pnr-timing	RuntimeError: post-PnR setup timing violated (**in2reg_default** slack -0.13) -- the job clock is not achievable; gen-jobs should derive a slower one
fpsfu_8_23_64_1_0_1_0_0_4_5nm_TT_0V7_25C_444p444MHz	pnr-timing	RuntimeError: post-PnR setup timing violated (clk slack -0.03) -- the job clock is not achievable; gen-jobs should derive a slower one
fpsfu_8_23_64_1_0_1_0_0_7_5nm_TT_0V7_25C_800MHz	pnr-timing	RuntimeError: post-PnR setup timing violated (clk slack -0.05) -- the job clock is not achievable; gen-jobs should derive a slower one
fpsfu_8_23_64_1_0_1_0_0_7_5nm_TT_0V7_25C_500MHz	pnr-timing	RuntimeError: post-PnR setup timing violated (clk slack -0.02) -- the job clock is not achievable; gen-jobs should derive a slower one
fpmac_8_7_5_7nm_TT_0V75_25C_444p444MHz	pnr-timing	RuntimeError: post-PnR setup timing violated (clk slack -0.02) -- the job clock is not achievable; gen-jobs should derive a slower one
fpmac_8_7_5_7nm_TT_0V75_25C_666p667MHz	pnr-timing	RuntimeError: post-PnR setup timing violated (clk slack -0.02) -- the job clock is not achievable; gen-jobs should derive a slower one
fpsfu_5_10_64_1_0_0_0_0_10_16nm_TT_0V85_25C_444p444MHz	pnr-timing	RuntimeError: post-PnR setup timing violated (clk slack -0.01) -- the job clock is not achievable; gen-jobs should derive a slower one
fpsfu_8_23_128_1_1_1_1_1_10_20nm_TT_0V9_25C_400MHz	pnr-timing	RuntimeError: post-PnR setup timing violated (clk slack -0.08) -- the job clock is not achievable; gen-jobs should derive a slower one
fpmac_8_10_2_7nm_TT_0V75_25C_666p667MHz	pnr-timing	RuntimeError: post-PnR setup timing violated (clk slack -0.03) -- the job clock is not achievable; gen-jobs should derive a slower one
fpsfu_8_23_64_1_0_1_0_0_10_5nm_TT_0V7_25C_1000MHz	pnr-timing	RuntimeError: post-PnR setup timing violated (clk slack -0.04) -- the job clock is not achievable; gen-jobs should derive a slower one
fpsfu_8_23_128_1_1_1_1_1_10_20nm_TT_0V9_25C_235p294MHz	pnr-timing	RuntimeError: post-PnR setup timing violated (clk slack -0.02) -- the job clock is not achievable; gen-jobs should derive a slower one
fpsfu_8_23_64_1_0_1_0_0_10_5nm_TT_0V7_25C_571p429MHz	pnr-timing	RuntimeError: post-PnR setup timing violated (clk slack -0.04) -- the job clock is not achievable; gen-jobs should derive a slower one
fpsfu_8_23_128_1_0_1_0_0_4_5nm_TT_0V7_25C_666p667MHz	pnr-timing	RuntimeError: post-PnR setup timing violated (clk slack -0.04) -- the job clock is not achievable; gen-jobs should derive a slower one
fpmac_8_10_2_7nm_TT_0V75_25C_400MHz	pnr-timing	RuntimeError: post-PnR setup timing violated (clk slack -0.03) -- the job clock is not achievable; gen-jobs should derive a slower one
fpsfu_8_23_64_1_0_1_0_0_7_20nm_TT_0V9_25C_333p333MHz	pnr-timing	RuntimeError: post-PnR setup timing violated (clk slack -0.04) -- the job clock is not achievable; gen-jobs should derive a slower one
fpmac_8_10_5_7nm_TT_0V75_25C_666p667MHz	pnr-timing	RuntimeError: post-PnR setup timing violated (clk slack -0.02) -- the job clock is not achievable; gen-jobs should derive a slower one
fpsfu_8_23_128_1_0_1_0_0_4_5nm_TT_0V7_25C_400MHz	pnr-timing	RuntimeError: post-PnR setup timing violated (clk slack -0.05) -- the job clock is not achievable; gen-jobs should derive a slower one
fpmac_8_10_5_7nm_TT_0V75_25C_400MHz	pnr-timing	RuntimeError: post-PnR setup timing violated (clk slack -0.03) -- the job clock is not achievable; gen-jobs should derive a slower one
fpsfu_8_23_128_1_0_1_0_0_7_5nm_TT_0V7_25C_800MHz	pnr-timing	RuntimeError: post-PnR setup timing violated (clk slack -0.05) -- the job clock is not achievable; gen-jobs should derive a slower one
fpsfu_8_23_64_1_0_1_0_0_7_20nm_TT_0V9_25C_210p526MHz	pnr-timing	RuntimeError: post-PnR setup timing violated (clk slack -0.02) -- the job clock is not achievable; gen-jobs should derive a slower one
fpsfu_5_10_128_1_0_0_0_0_10_16nm_TT_0V85_25C_666p667MHz	pnr-timing	RuntimeError: post-PnR setup timing violated (clk slack -0.01) -- the job clock is not achievable; gen-jobs should derive a slower one
fpsfu_8_23_128_1_0_1_0_0_7_5nm_TT_0V7_25C_500MHz	pnr-timing	RuntimeError: post-PnR setup timing violated (clk slack -0.05) -- the job clock is not achievable; gen-jobs should derive a slower one
fpsfu_8_23_64_1_0_1_0_0_10_20nm_TT_0V9_25C_266p667MHz	pnr-timing	RuntimeError: post-PnR setup timing violated (clk slack -0.01) -- the job clock is not achievable; gen-jobs should derive a slower one
fpsfu_8_23_128_1_0_1_0_0_10_5nm_TT_0V7_25C_1000MHz	pnr-timing	RuntimeError: post-PnR setup timing violated (clk slack -0.05) -- the job clock is not achievable; gen-jobs should derive a slower one
fpsfu_8_23_64_1_0_1_0_0_10_20nm_TT_0V9_25C_444p444MHz	pnr-timing	RuntimeError: post-PnR setup timing violated (clk slack -0.14) -- the job clock is not achievable; gen-jobs should derive a slower one
fpsfu_8_23_128_1_0_1_0_0_10_5nm_TT_0V7_25C_571p429MHz	pnr-timing	RuntimeError: post-PnR setup timing violated (clk slack -0.04) -- the job clock is not achievable; gen-jobs should derive a slower one
fpsfu_8_23_128_1_0_1_0_0_4_20nm_TT_0V9_25C_285p714MHz	pnr-timing	RuntimeError: post-PnR setup timing violated (clk slack -0.03) -- the job clock is not achievable; gen-jobs should derive a slower one
fpsfu_8_23_128_1_0_1_0_0_7_20nm_TT_0V9_25C_363p636MHz	pnr-timing	RuntimeError: post-PnR setup timing violated (clk slack -0.04) -- the job clock is not achievable; gen-jobs should derive a slower one
mxfpmac_32_1_mxfp8_e4m3_10nm_TT_0V8_25C_235p294MHz	pnr-timing	RuntimeError: post-PnR setup timing violated (**in2reg_default** slack -0.12) -- the job clock is not achievable; gen-jobs should derive a slower one
fpmac_8_23_2_7nm_TT_0V75_25C_571p429MHz	pnr-timing	RuntimeError: post-PnR setup timing violated (clk slack -0.05) -- the job clock is not achievable; gen-jobs should derive a slower one
fpmac_8_23_2_7nm_TT_0V75_25C_333p333MHz	pnr-timing	RuntimeError: post-PnR setup timing violated (clk slack -0.03) -- the job clock is not achievable; gen-jobs should derive a slower one
fpmac_8_23_5_7nm_TT_0V75_25C_571p429MHz	pnr-timing	RuntimeError: post-PnR setup timing violated (clk slack -0.05) -- the job clock is not achievable; gen-jobs should derive a slower one
fpsfu_5_10_64_0_1_0_0_0_10_16nm_TT_0V85_25C_500MHz	pnr-timing	RuntimeError: post-PnR setup timing violated (clk slack -0.01) -- the job clock is not achievable; gen-jobs should derive a slower one
fpsfu_8_23_128_1_0_1_0_0_10_20nm_TT_0V9_25C_444p444MHz	pnr-timing	RuntimeError: post-PnR setup timing violated (clk slack -0.08) -- the job clock is not achievable; gen-jobs should derive a slower one
fpsfu_8_23_128_1_0_1_0_0_10_20nm_TT_0V9_25C_266p667MHz	pnr-timing	RuntimeError: post-PnR setup timing violated (clk slack -0.03) -- the job clock is not achievable; gen-jobs should derive a slower one
fpsfu_5_10_128_0_1_0_0_0_7_16nm_TT_0V85_25C_666p667MHz	pnr-timing	RuntimeError: post-PnR setup timing violated (clk slack -0.05) -- the job clock is not achievable; gen-jobs should derive a slower one
fpmac_8_23_5_7nm_TT_0V75_25C_333p333MHz	pnr-timing	RuntimeError: post-PnR setup timing violated (clk slack -0.01) -- the job clock is not achievable; gen-jobs should derive a slower one
mxfpmac_32_1_mxfp8_e5m2_5nm_TT_0V7_25C_285p714MHz	pnr-timing	RuntimeError: post-PnR setup timing violated (**in2reg_default** slack -0.16) -- the job clock is not achievable; gen-jobs should derive a slower one
fpmac_11_52_2_7nm_TT_0V75_25C_444p444MHz	pnr-timing	RuntimeError: post-PnR setup timing violated (clk slack -0.08) -- the job clock is not achievable; gen-jobs should derive a slower one
fpmac_11_52_2_7nm_TT_0V75_25C_285p714MHz	pnr-timing	RuntimeError: post-PnR setup timing violated (clk slack -0.07) -- the job clock is not achievable; gen-jobs should derive a slower one
fpmac_3_2_2_7nm_TT_0V75_25C_1000MHz	pnr-timing	RuntimeError: post-PnR setup timing violated (clk slack -0.01) -- the job clock is not achievable; gen-jobs should derive a slower one
mxfpmac_32_1_mxfp8_e5m2_5nm_TT_0V7_25C_173p913MHz	pnr-timing	RuntimeError: post-PnR setup timing violated (**in2reg_default** slack -0.08) -- the job clock is not achievable; gen-jobs should derive a slower one
mxfpmac_32_1_mxfp8_e5m2_20nm_TT_0V9_25C_100MHz	pnr-timing	RuntimeError: post-PnR setup timing violated (**in2reg_default** slack -0.02) -- the job clock is not achievable; gen-jobs should derive a slower one
fpsfu_5_10_128_0_0_1_0_0_7_16nm_TT_0V85_25C_666p667MHz	pnr-timing	RuntimeError: post-PnR setup timing violated (clk slack -0.05) -- the job clock is not achievable; gen-jobs should derive a slower one
fpmac_11_52_5_7nm_TT_0V75_25C_444p444MHz	pnr-timing	RuntimeError: post-PnR setup timing violated (clk slack -0.06) -- the job clock is not achievable; gen-jobs should derive a slower one
fpmac_4_6_2_7nm_TT_0V75_25C_666p667MHz	pnr-timing	RuntimeError: post-PnR setup timing violated (clk slack -0.03) -- the job clock is not achievable; gen-jobs should derive a slower one
mxfpmac_32_2_mxfp8_e5m2_5nm_TT_0V7_25C_266p667MHz	pnr-timing	RuntimeError: post-PnR setup timing violated (**in2reg_default** slack -0.15) -- the job clock is not achievable; gen-jobs should derive a slower one
fpmac_11_52_5_7nm_TT_0V75_25C_285p714MHz	pnr-timing	RuntimeError: post-PnR setup timing violated (clk slack -0.03) -- the job clock is not achievable; gen-jobs should derive a slower one
fpmac_4_6_5_7nm_TT_0V75_25C_800MHz	pnr-timing	RuntimeError: post-PnR setup timing violated (clk slack -0.04) -- the job clock is not achievable; gen-jobs should derive a slower one
fpmac_6_5_2_7nm_TT_0V75_25C_800MHz	pnr-timing	RuntimeError: post-PnR setup timing violated (clk slack -0.03) -- the job clock is not achievable; gen-jobs should derive a slower one
mxfpmac_32_4_mxfp8_e5m2_10nm_TT_0V8_25C_200MHz	pnr-timing	RuntimeError: post-PnR setup timing violated (**in2reg_default** slack -0.16) -- the job clock is not achievable; gen-jobs should derive a slower one
fpmac_6_5_5_7nm_TT_0V75_25C_666p667MHz	pnr-timing	RuntimeError: post-PnR setup timing violated (clk slack -0.04) -- the job clock is not achievable; gen-jobs should derive a slower one
fpmac_6_12_2_7nm_TT_0V75_25C_666p667MHz	pnr-timing	RuntimeError: post-PnR setup timing violated (clk slack -0.03) -- the job clock is not achievable; gen-jobs should derive a slower one
mxfpmac_32_2_mxfp8_e5m2_20nm_TT_0V9_25C_93p0233MHz	pnr-timing	RuntimeError: post-PnR setup timing violated (**in2reg_default** slack -0.08) -- the job clock is not achievable; gen-jobs should derive a slower one
fpsfu_5_10_64_1_1_1_1_1_4_16nm_TT_0V85_25C_444p444MHz	pnr-timing	RuntimeError: post-PnR setup timing violated (clk slack -0.01) -- the job clock is not achievable; gen-jobs should derive a slower one
fpmac_6_12_5_7nm_TT_0V75_25C_666p667MHz	pnr-timing	RuntimeError: post-PnR setup timing violated (clk slack -0.02) -- the job clock is not achievable; gen-jobs should derive a slower one
fpmac_7_15_2_7nm_TT_0V75_25C_571p429MHz	pnr-timing	RuntimeError: post-PnR setup timing violated (clk slack -0.01) -- the job clock is not achievable; gen-jobs should derive a slower one
mxfpmac_32_2_mxfp8_e4m3_10nm_TT_0V8_25C_222p222MHz	pnr-timing	RuntimeError: post-PnR setup timing violated (**in2reg_default** slack -0.11) -- the job clock is not achievable; gen-jobs should derive a slower one
fpmac_7_15_2_7nm_TT_0V75_25C_363p636MHz	pnr-timing	RuntimeError: post-PnR setup timing violated (clk slack -0.01) -- the job clock is not achievable; gen-jobs should derive a slower one
fpsfu_5_10_64_1_1_1_1_1_10_16nm_TT_0V85_25C_666p667MHz	pnr-timing	RuntimeError: post-PnR setup timing violated (clk slack -0.03) -- the job clock is not achievable; gen-jobs should derive a slower one
fpsfu_5_10_128_1_1_1_1_1_4_16nm_TT_0V85_25C_444p444MHz	pnr-timing	RuntimeError: post-PnR setup timing violated (clk slack -0.01) -- the job clock is not achievable; gen-jobs should derive a slower one
fpmac_7_15_5_7nm_TT_0V75_25C_571p429MHz	pnr-timing	RuntimeError: post-PnR setup timing violated (clk slack -0.03) -- the job clock is not achievable; gen-jobs should derive a slower one
fpmac_7_15_5_7nm_TT_0V75_25C_363p636MHz	pnr-timing	RuntimeError: post-PnR setup timing violated (clk slack -0.02) -- the job clock is not achievable; gen-jobs should derive a slower one
mxfpmac_32_2_mxfp8_e5m2_5nm_TT_0V7_25C_166p667MHz	pnr-timing	RuntimeError: post-PnR setup timing violated (**in2reg_default** slack -0.11) -- the job clock is not achievable; gen-jobs should derive a slower one
fpsfu_5_10_128_1_1_1_1_1_7_16nm_TT_0V85_25C_500MHz	pnr-timing	RuntimeError: post-PnR setup timing violated (clk slack -0.02) -- the job clock is not achievable; gen-jobs should derive a slower one
fpsfu_5_10_128_1_1_1_1_1_10_16nm_TT_0V85_25C_666p667MHz	pnr-timing	RuntimeError: post-PnR setup timing violated (clk slack -0.04) -- the job clock is not achievable; gen-jobs should derive a slower one
fpmac_9_31_2_7nm_TT_0V75_25C_500MHz	pnr-timing	RuntimeError: post-PnR setup timing violated (clk slack -0.05) -- the job clock is not achievable; gen-jobs should derive a slower one
fpmac_9_31_2_7nm_TT_0V75_25C_307p692MHz	pnr-timing	RuntimeError: post-PnR setup timing violated (clk slack -0.03) -- the job clock is not achievable; gen-jobs should derive a slower one
fpmac_9_31_5_7nm_TT_0V75_25C_500MHz	pnr-timing	RuntimeError: post-PnR setup timing violated (clk slack -0.07) -- the job clock is not achievable; gen-jobs should derive a slower one
fpsfu_5_10_64_1_0_1_0_0_7_16nm_TT_0V85_25C_571p429MHz	pnr-timing	RuntimeError: post-PnR setup timing violated (clk slack -0.04) -- the job clock is not achievable; gen-jobs should derive a slower one
fpsfu_5_10_64_1_0_1_0_0_7_16nm_TT_0V85_25C_333p333MHz	pnr-timing	RuntimeError: post-PnR setup timing violated (clk slack -0.01) -- the job clock is not achievable; gen-jobs should derive a slower one
fpsfu_5_10_64_1_0_1_0_0_10_16nm_TT_0V85_25C_666p667MHz	pnr-timing	RuntimeError: post-PnR setup timing violated (clk slack -0.02) -- the job clock is not achievable; gen-jobs should derive a slower one
fpmac_9_31_5_7nm_TT_0V75_25C_307p692MHz	pnr-timing	RuntimeError: post-PnR setup timing violated (clk slack -0.04) -- the job clock is not achievable; gen-jobs should derive a slower one
mxfpmac_32_1_mxfp8_e4m3_5nm_TT_0V7_25C_285p714MHz	pnr-timing	RuntimeError: post-PnR setup timing violated (**in2reg_default** slack -0.1) -- the job clock is not achievable; gen-jobs should derive a slower one
fpsfu_5_10_128_1_0_1_0_0_7_16nm_TT_0V85_25C_571p429MHz	pnr-timing	RuntimeError: post-PnR setup timing violated (clk slack -0.01) -- the job clock is not achievable; gen-jobs should derive a slower one
mxfpmac_32_1_mxfp8_e4m3_20nm_TT_0V9_25C_102p564MHz	pnr-timing	RuntimeError: post-PnR setup timing violated (**in2reg_default** slack -0.03) -- the job clock is not achievable; gen-jobs should derive a slower one
fpmac_10_40_2_7nm_TT_0V75_25C_500MHz	pnr-timing	RuntimeError: post-PnR setup timing violated (clk slack -0.05) -- the job clock is not achievable; gen-jobs should derive a slower one
fpsfu_5_10_128_1_0_1_0_0_10_16nm_TT_0V85_25C_666p667MHz	pnr-timing	RuntimeError: post-PnR setup timing violated (clk slack -0.06) -- the job clock is not achievable; gen-jobs should derive a slower one
fpmac_10_40_2_7nm_TT_0V75_25C_285p714MHz	pnr-timing	RuntimeError: post-PnR setup timing violated (clk slack -0.03) -- the job clock is not achievable; gen-jobs should derive a slower one
fpsfu_5_10_128_1_0_1_0_0_10_16nm_TT_0V85_25C_400MHz	pnr-timing	RuntimeError: post-PnR setup timing violated (clk slack -0.04) -- the job clock is not achievable; gen-jobs should derive a slower one
mxfpmac_32_2_mxfp8_e4m3_10nm_TT_0V8_25C_133p333MHz	pnr-timing	RuntimeError: post-PnR setup timing violated (**in2reg_default** slack -0.33) -- the job clock is not achievable; gen-jobs should derive a slower one
fpsfu_8_7_64_1_0_0_0_0_7_16nm_TT_0V85_25C_666p667MHz	pnr-timing	RuntimeError: post-PnR setup timing violated (clk slack -0.05) -- the job clock is not achievable; gen-jobs should derive a slower one
fpmac_10_40_5_7nm_TT_0V75_25C_500MHz	pnr-timing	RuntimeError: post-PnR setup timing violated (clk slack -0.05) -- the job clock is not achievable; gen-jobs should derive a slower one
fpsfu_8_7_64_1_0_0_0_0_10_16nm_TT_0V85_25C_800MHz	pnr-timing	RuntimeError: post-PnR setup timing violated (clk slack -0.03) -- the job clock is not achievable; gen-jobs should derive a slower one
mxfpmac_32_4_mxfp8_e5m2_5nm_TT_0V7_25C_153p846MHz	pnr-timing	RuntimeError: post-PnR setup timing violated (**in2reg_default** slack -0.11) -- the job clock is not achievable; gen-jobs should derive a slower one
fpmac_10_40_5_7nm_TT_0V75_25C_307p692MHz	pnr-timing	RuntimeError: post-PnR setup timing violated (clk slack -0.02) -- the job clock is not achievable; gen-jobs should derive a slower one
fpsfu_8_7_128_1_0_0_0_0_7_16nm_TT_0V85_25C_666p667MHz	pnr-timing	RuntimeError: post-PnR setup timing violated (clk slack -0.01) -- the job clock is not achievable; gen-jobs should derive a slower one
fpsfu_8_7_128_1_0_0_0_0_10_16nm_TT_0V85_25C_800MHz	pnr-timing	RuntimeError: post-PnR setup timing violated (clk slack -0.03) -- the job clock is not achievable; gen-jobs should derive a slower one
fpsfu_8_7_64_0_1_0_0_0_4_16nm_TT_0V85_25C_571p429MHz	pnr-timing	RuntimeError: post-PnR setup timing violated (clk slack -0.01) -- the job clock is not achievable; gen-jobs should derive a slower one
mxfpmac_32_1_mxfp6_e3m2_10nm_TT_0V8_25C_235p294MHz	pnr-timing	RuntimeError: post-PnR setup timing violated (**in2reg_default** slack -0.06) -- the job clock is not achievable; gen-jobs should derive a slower one
fpmac_12_64_2_7nm_TT_0V75_25C_444p444MHz	pnr-timing	RuntimeError: post-PnR setup timing violated (clk slack -0.08) -- the job clock is not achievable; gen-jobs should derive a slower one
fpsfu_8_7_64_0_1_0_0_0_10_16nm_TT_0V85_25C_800MHz	pnr-timing	RuntimeError: post-PnR setup timing violated (clk slack -0.04) -- the job clock is not achievable; gen-jobs should derive a slower one
mxfpmac_32_4_mxfp8_e5m2_5nm_TT_0V7_25C_250MHz	pnr-timing	RuntimeError: post-PnR setup timing violated (**in2reg_default** slack -0.28) -- the job clock is not achievable; gen-jobs should derive a slower one
fpmac_12_64_2_7nm_TT_0V75_25C_266p667MHz	pnr-timing	RuntimeError: post-PnR setup timing violated (clk slack -0.12) -- the job clock is not achievable; gen-jobs should derive a slower one
fpsfu_5_10_64_1_0_0_0_0_4_7nm_TT_0V75_25C_1000MHz	pnr-timing	RuntimeError: post-PnR setup timing violated (clk slack -0.02) -- the job clock is not achievable; gen-jobs should derive a slower one
fpsfu_8_7_128_0_1_0_0_0_7_16nm_TT_0V85_25C_666p667MHz	pnr-timing	RuntimeError: post-PnR setup timing violated (clk slack -0.01) -- the job clock is not achievable; gen-jobs should derive a slower one
fpmac_12_64_5_7nm_TT_0V75_25C_444p444MHz	pnr-timing	RuntimeError: post-PnR setup timing violated (clk slack -0.11) -- the job clock is not achievable; gen-jobs should derive a slower one
mxfpmac_32_4_mxfp8_e5m2_20nm_TT_0V9_25C_86p9565MHz	pnr-timing	RuntimeError: post-PnR setup timing violated (**in2reg_default** slack -0.2) -- the job clock is not achievable; gen-jobs should derive a slower one
fpsfu_5_10_64_1_0_0_0_0_7_7nm_TT_0V75_25C_1000MHz	pnr-timing	RuntimeError: post-PnR setup timing violated (clk slack -0.04) -- the job clock is not achievable; gen-jobs should derive a slower one
fpsfu_5_10_64_1_0_0_0_0_7_7nm_TT_0V75_25C_571p429MHz	pnr-timing	RuntimeError: post-PnR setup timing violated (clk slack -0.03) -- the job clock is not achievable; gen-jobs should derive a slower one
fpsfu_8_7_64_0_0_1_0_0_7_16nm_TT_0V85_25C_666p667MHz	pnr-timing	RuntimeError: post-PnR setup timing violated (clk slack -0.02) -- the job clock is not achievable; gen-jobs should derive a slower one
mxfpmac_32_4_mxfp8_e4m3_10nm_TT_0V8_25C_125MHz	pnr-timing	RuntimeError: post-PnR setup timing violated (**in2reg_default** slack -0.39) -- the job clock is not achievable; gen-jobs should derive a slower one
fpmac_12_64_5_7nm_TT_0V75_25C_266p667MHz	pnr-timing	RuntimeError: post-PnR setup timing violated (clk slack -0.04) -- the job clock is not achievable; gen-jobs should derive a slower one
fpsfu_8_7_64_0_0_1_0_0_10_16nm_TT_0V85_25C_800MHz	pnr-timing	RuntimeError: post-PnR setup timing violated (clk slack -0.02) -- the job clock is not achievable; gen-jobs should derive a slower one
fpsfu_5_10_64_1_0_0_0_0_10_7nm_TT_0V75_25C_1000MHz	pnr-timing	RuntimeError: post-PnR setup timing violated (clk slack -0.02) -- the job clock is not achievable; gen-jobs should derive a slower one
fpsfu_5_10_128_1_0_0_0_0_4_7nm_TT_0V75_25C_1000MHz	pnr-timing	RuntimeError: post-PnR setup timing violated (clk slack -0.05) -- the job clock is not achievable; gen-jobs should derive a slower one
mxfpmac_32_1_mxfp6_e3m2_10nm_TT_0V8_25C_142p857MHz	pnr-timing	RuntimeError: post-PnR setup timing violated (**in2reg_default** slack -0.03) -- the job clock is not achievable; gen-jobs should derive a slower one
fpsfu_5_10_128_1_0_0_0_0_7_7nm_TT_0V75_25C_1000MHz	pnr-timing	RuntimeError: post-PnR setup timing violated (clk slack -0.02) -- the job clock is not achievable; gen-jobs should derive a slower one
fpsfu_8_7_128_0_0_1_0_0_10_16nm_TT_0V85_25C_800MHz	pnr-timing	RuntimeError: post-PnR setup timing violated (clk slack -0.03) -- the job clock is not achievable; gen-jobs should derive a slower one
fpsfu_5_10_128_1_0_0_0_0_10_7nm_TT_0V75_25C_1000MHz	pnr-timing	RuntimeError: post-PnR setup timing violated (clk slack -0.01) -- the job clock is not achievable; gen-jobs should derive a slower one
mxfpmac_32_2_mxfp8_e4m3_5nm_TT_0V7_25C_266p667MHz	pnr-timing	RuntimeError: post-PnR setup timing violated (**in2reg_default** slack -0.18) -- the job clock is not achievable; gen-jobs should derive a slower one
fpsfu_5_10_64_0_1_0_0_0_4_7nm_TT_0V75_25C_1000MHz	pnr-timing	RuntimeError: post-PnR setup timing violated (clk slack -0.05) -- the job clock is not achievable; gen-jobs should derive a slower one
fpsfu_5_10_64_0_1_0_0_0_7_7nm_TT_0V75_25C_1000MHz	pnr-timing	RuntimeError: post-PnR setup timing violated (clk slack -0.03) -- the job clock is not achievable; gen-jobs should derive a slower one
fpsfu_8_7_128_0_0_0_1_0_4_16nm_TT_0V85_25C_800MHz	pnr-timing	RuntimeError: post-PnR setup timing violated (clk slack -0.01) -- the job clock is not achievable; gen-jobs should derive a slower one
mxfpmac_32_2_mxfp8_e4m3_5nm_TT_0V7_25C_166p667MHz	pnr-timing	RuntimeError: post-PnR setup timing violated (**in2reg_default** slack -0.11) -- the job clock is not achievable; gen-jobs should derive a slower one
fpsfu_5_10_128_0_1_0_0_0_4_7nm_TT_0V75_25C_1000MHz	pnr-timing	RuntimeError: post-PnR setup timing violated (clk slack -0.04) -- the job clock is not achievable; gen-jobs should derive a slower one
fpsfu_5_10_128_0_1_0_0_0_7_7nm_TT_0V75_25C_1000MHz	pnr-timing	RuntimeError: post-PnR setup timing violated (clk slack -0.02) -- the job clock is not achievable; gen-jobs should derive a slower one
mxfpmac_32_4_mxfp8_e4m3_10nm_TT_0V8_25C_210p526MHz	pnr-timing	RuntimeError: post-PnR setup timing violated (**in2reg_default** slack -0.36) -- the job clock is not achievable; gen-jobs should derive a slower one
mxfpmac_32_2_mxfp8_e4m3_20nm_TT_0V9_25C_95p2381MHz	pnr-timing	RuntimeError: post-PnR setup timing violated (**in2reg_default** slack -0.14) -- the job clock is not achievable; gen-jobs should derive a slower one
fpsfu_5_10_64_0_0_1_0_0_4_7nm_TT_0V75_25C_800MHz	pnr-timing	RuntimeError: post-PnR setup timing violated (clk slack -0.01) -- the job clock is not achievable; gen-jobs should derive a slower one
fpsfu_5_10_64_0_0_1_0_0_7_7nm_TT_0V75_25C_1000MHz	pnr-timing	RuntimeError: post-PnR setup timing violated (clk slack -0.04) -- the job clock is not achievable; gen-jobs should derive a slower one
mxfpmac_32_1_mxfp6_e3m2_5nm_TT_0V7_25C_285p714MHz	pnr-timing	RuntimeError: post-PnR setup timing violated (**in2reg_default** slack -0.11) -- the job clock is not achievable; gen-jobs should derive a slower one
fpsfu_8_7_64_1_1_1_1_1_10_16nm_TT_0V85_25C_666p667MHz	pnr-timing	RuntimeError: post-PnR setup timing violated (clk slack -0.02) -- the job clock is not achievable; gen-jobs should derive a slower one
fpsfu_5_10_64_0_0_1_0_0_10_7nm_TT_0V75_25C_1333p33MHz	pnr-timing	RuntimeError: post-PnR setup timing violated (clk slack -0.02) -- the job clock is not achievable; gen-jobs should derive a slower one
fpsfu_8_7_64_1_1_1_1_1_10_16nm_TT_0V85_25C_444p444MHz	pnr-timing	RuntimeError: post-PnR setup timing violated (clk slack -0.01) -- the job clock is not achievable; gen-jobs should derive a slower one
mxfpmac_32_2_mxfp6_e3m2_10nm_TT_0V8_25C_222p222MHz	pnr-timing	RuntimeError: post-PnR setup timing violated (**in2reg_default** slack -0.15) -- the job clock is not achievable; gen-jobs should derive a slower one
fpsfu_5_10_128_0_0_1_0_0_4_7nm_TT_0V75_25C_800MHz	pnr-timing	RuntimeError: post-PnR setup timing violated (clk slack -0.05) -- the job clock is not achievable; gen-jobs should derive a slower one
fpsfu_8_7_128_1_1_1_1_1_4_16nm_TT_0V85_25C_500MHz	pnr-timing	RuntimeError: post-PnR setup timing violated (clk slack -0.01) -- the job clock is not achievable; gen-jobs should derive a slower one
fpsfu_5_10_128_0_0_1_0_0_7_7nm_TT_0V75_25C_1000MHz	pnr-timing	RuntimeError: post-PnR setup timing violated (clk slack -0.03) -- the job clock is not achievable; gen-jobs should derive a slower one
fpsfu_8_7_128_1_1_1_1_1_10_16nm_TT_0V85_25C_666p667MHz	pnr-timing	RuntimeError: post-PnR setup timing violated (clk slack -0.01) -- the job clock is not achievable; gen-jobs should derive a slower one
fpsfu_5_10_128_0_0_1_0_0_10_7nm_TT_0V75_25C_1333p33MHz	pnr-timing	RuntimeError: post-PnR setup timing violated (clk slack -0.01) -- the job clock is not achievable; gen-jobs should derive a slower one
fpsfu_5_10_64_0_0_0_1_0_4_7nm_TT_0V75_25C_1000MHz	pnr-timing	RuntimeError: post-PnR setup timing violated (clk slack -0.01) -- the job clock is not achievable; gen-jobs should derive a slower one
fpsfu_8_7_64_1_0_1_0_0_4_16nm_TT_0V85_25C_571p429MHz	pnr-timing	RuntimeError: post-PnR setup timing violated (clk slack -0.01) -- the job clock is not achievable; gen-jobs should derive a slower one
fpsfu_5_10_64_0_0_0_1_0_7_7nm_TT_0V75_25C_1000MHz	pnr-timing	RuntimeError: post-PnR setup timing violated (clk slack -0.03) -- the job clock is not achievable; gen-jobs should derive a slower one
mxfpmac_32_2_mxfp6_e3m2_10nm_TT_0V8_25C_133p333MHz	pnr-timing	RuntimeError: post-PnR setup timing violated (**in2reg_default** slack -0.19) -- the job clock is not achievable; gen-jobs should derive a slower one
fpsfu_5_10_64_0_0_0_1_0_10_7nm_TT_0V75_25C_1333p33MHz	pnr-timing	RuntimeError: post-PnR setup timing violated (clk slack -0.02) -- the job clock is not achievable; gen-jobs should derive a slower one
fpsfu_5_10_128_0_0_0_1_0_4_7nm_TT_0V75_25C_1000MHz	pnr-timing	RuntimeError: post-PnR setup timing violated (clk slack -0.02) -- the job clock is not achievable; gen-jobs should derive a slower one
fpsfu_8_7_64_1_0_1_0_0_10_16nm_TT_0V85_25C_666p667MHz	pnr-timing	RuntimeError: post-PnR setup timing violated (clk slack -0.01) -- the job clock is not achievable; gen-jobs should derive a slower one
mxfpmac_32_1_mxfp6_e3m2_20nm_TT_0V9_25C_102p564MHz	pnr-timing	RuntimeError: post-PnR setup timing violated (**in2reg_default** slack -0.02) -- the job clock is not achievable; gen-jobs should derive a slower one
mxfpmac_32_1_mxfp6_e3m2_5nm_TT_0V7_25C_181p818MHz	pnr-timing	RuntimeError: post-PnR setup timing violated (**in2reg_default** slack -0.08) -- the job clock is not achievable; gen-jobs should derive a slower one
fpsfu_8_7_128_1_0_1_0_0_10_16nm_TT_0V85_25C_666p667MHz	pnr-timing	RuntimeError: post-PnR setup timing violated (clk slack -0.01) -- the job clock is not achievable; gen-jobs should derive a slower one
fpsfu_5_10_64_1_1_1_1_1_4_7nm_TT_0V75_25C_800MHz	pnr-timing	RuntimeError: post-PnR setup timing violated (clk slack -0.01) -- the job clock is not achievable; gen-jobs should derive a slower one
fpsfu_5_10_64_1_1_1_1_1_7_7nm_TT_0V75_25C_800MHz	pnr-timing	RuntimeError: post-PnR setup timing violated (clk slack -0.03) -- the job clock is not achievable; gen-jobs should derive a slower one
fpsfu_8_23_64_1_0_0_0_0_7_16nm_TT_0V85_25C_500MHz	pnr-timing	RuntimeError: post-PnR setup timing violated (clk slack -0.01) -- the job clock is not achievable; gen-jobs should derive a slower one
mxfpmac_32_1_mxfp6_e2m3_10nm_TT_0V8_25C_235p294MHz	pnr-timing	RuntimeError: post-PnR setup timing violated (**in2reg_default** slack -0.09) -- the job clock is not achievable; gen-jobs should derive a slower one
mxfpmac_32_4_mxfp8_e4m3_5nm_TT_0V7_25C_266p667MHz	pnr-timing	RuntimeError: post-PnR setup timing violated (**in2reg_default** slack -0.22) -- the job clock is not achievable; gen-jobs should derive a slower one
fpsfu_8_23_64_1_0_0_0_0_10_16nm_TT_0V85_25C_571p429MHz	pnr-timing	RuntimeError: post-PnR setup timing violated (clk slack -0.01) -- the job clock is not achievable; gen-jobs should derive a slower one
mxfpmac_32_4_mxfp8_e4m3_5nm_TT_0V7_25C_160MHz	pnr-timing	RuntimeError: post-PnR setup timing violated (**in2reg_default** slack -0.16) -- the job clock is not achievable; gen-jobs should derive a slower one
fpsfu_5_10_64_1_1_1_1_1_10_7nm_TT_0V75_25C_1000MHz	pnr-timing	RuntimeError: post-PnR setup timing violated (clk slack -0.03) -- the job clock is not achievable; gen-jobs should derive a slower one
fpsfu_8_23_128_1_0_0_0_0_4_16nm_TT_0V85_25C_444p444MHz	pnr-timing	RuntimeError: post-PnR setup timing violated (clk slack -0.01) -- the job clock is not achievable; gen-jobs should derive a slower one
fpsfu_8_23_128_1_0_0_0_0_7_16nm_TT_0V85_25C_500MHz	pnr-timing	RuntimeError: post-PnR setup timing violated (clk slack -0.02) -- the job clock is not achievable; gen-jobs should derive a slower one
fpsfu_5_10_128_1_1_1_1_1_4_7nm_TT_0V75_25C_800MHz	pnr-timing	RuntimeError: post-PnR setup timing violated (clk slack -0.03) -- the job clock is not achievable; gen-jobs should derive a slower one
fpsfu_8_23_128_1_0_0_0_0_10_16nm_TT_0V85_25C_571p429MHz	pnr-timing	RuntimeError: post-PnR setup timing violated (clk slack -0.02) -- the job clock is not achievable; gen-jobs should derive a slower one
fpsfu_5_10_128_1_1_1_1_1_7_7nm_TT_0V75_25C_800MHz	pnr-timing	RuntimeError: post-PnR setup timing violated (clk slack -0.03) -- the job clock is not achievable; gen-jobs should derive a slower one
fpsfu_8_23_128_1_0_0_0_0_10_16nm_TT_0V85_25C_363p636MHz	pnr-timing	RuntimeError: post-PnR setup timing violated (clk slack -0.05) -- the job clock is not achievable; gen-jobs should derive a slower one
fpsfu_5_10_128_1_1_1_1_1_10_7nm_TT_0V75_25C_1000MHz	pnr-timing	RuntimeError: post-PnR setup timing violated (clk slack -0.04) -- the job clock is not achievable; gen-jobs should derive a slower one
fpsfu_5_10_128_1_1_1_1_1_10_7nm_TT_0V75_25C_666p667MHz	pnr-timing	RuntimeError: post-PnR setup timing violated (clk slack -0.02) -- the job clock is not achievable; gen-jobs should derive a slower one
mxfpmac_32_2_mxfp6_e3m2_5nm_TT_0V7_25C_285p714MHz	pnr-timing	RuntimeError: post-PnR setup timing violated (**in2reg_default** slack -0.15) -- the job clock is not achievable; gen-jobs should derive a slower one
fpsfu_5_10_64_1_0_1_0_0_4_7nm_TT_0V75_25C_800MHz	pnr-timing	RuntimeError: post-PnR setup timing violated (clk slack -0.04) -- the job clock is not achievable; gen-jobs should derive a slower one
fpsfu_8_23_64_0_1_0_0_0_10_16nm_TT_0V85_25C_571p429MHz	pnr-timing	RuntimeError: post-PnR setup timing violated (clk slack -0.02) -- the job clock is not achievable; gen-jobs should derive a slower one
fpsfu_8_23_64_0_1_0_0_0_10_16nm_TT_0V85_25C_363p636MHz	pnr-timing	RuntimeError: post-PnR setup timing violated (clk slack -0.03) -- the job clock is not achievable; gen-jobs should derive a slower one
fpsfu_5_10_64_1_0_1_0_0_7_7nm_TT_0V75_25C_1000MHz	pnr-timing	RuntimeError: post-PnR setup timing violated (clk slack -0.01) -- the job clock is not achievable; gen-jobs should derive a slower one
fpsfu_8_23_128_0_1_0_0_0_4_16nm_TT_0V85_25C_444p444MHz	pnr-timing	RuntimeError: post-PnR setup timing violated (clk slack -0.02) -- the job clock is not achievable; gen-jobs should derive a slower one
fpsfu_5_10_64_1_0_1_0_0_7_7nm_TT_0V75_25C_571p429MHz	pnr-timing	RuntimeError: post-PnR setup timing violated (clk slack -0.01) -- the job clock is not achievable; gen-jobs should derive a slower one
mxfpmac_32_4_mxfp6_e3m2_10nm_TT_0V8_25C_125MHz	pnr-timing	RuntimeError: post-PnR setup timing violated (**in2reg_default** slack -0.08) -- the job clock is not achievable; gen-jobs should derive a slower one
fpsfu_5_10_64_1_0_1_0_0_10_7nm_TT_0V75_25C_1000MHz	pnr-timing	RuntimeError: post-PnR setup timing violated (clk slack -0.01) -- the job clock is not achievable; gen-jobs should derive a slower one
fpsfu_8_23_128_0_1_0_0_0_10_16nm_TT_0V85_25C_571p429MHz	pnr-timing	RuntimeError: post-PnR setup timing violated (clk slack -0.03) -- the job clock is not achievable; gen-jobs should derive a slower one
fpsfu_5_10_128_1_0_1_0_0_7_7nm_TT_0V75_25C_1000MHz	pnr-timing	RuntimeError: post-PnR setup timing violated (clk slack -0.02) -- the job clock is not achievable; gen-jobs should derive a slower one
mxfpmac_32_4_mxfp6_e3m2_10nm_TT_0V8_25C_210p526MHz	pnr-timing	RuntimeError: post-PnR setup timing violated (**in2reg_default** slack -0.29) -- the job clock is not achievable; gen-jobs should derive a slower one
fpsfu_8_23_64_0_0_1_0_0_7_16nm_TT_0V85_25C_444p444MHz	pnr-timing	RuntimeError: post-PnR setup timing violated (clk slack -0.01) -- the job clock is not achievable; gen-jobs should derive a slower one
mxfpmac_32_2_mxfp6_e3m2_5nm_TT_0V7_25C_166p667MHz	pnr-timing	RuntimeError: post-PnR setup timing violated (**in2reg_default** slack -0.15) -- the job clock is not achievable; gen-jobs should derive a slower one
fpsfu_8_7_64_1_0_0_0_0_4_7nm_TT_0V75_25C_1000MHz	pnr-timing	RuntimeError: post-PnR setup timing violated (clk slack -0.04) -- the job clock is not achievable; gen-jobs should derive a slower one
fpsfu_8_23_64_0_0_1_0_0_10_16nm_TT_0V85_25C_571p429MHz	pnr-timing	RuntimeError: post-PnR setup timing violated (clk slack -0.02) -- the job clock is not achievable; gen-jobs should derive a slower one
fpsfu_5_10_128_1_0_1_0_0_10_7nm_TT_0V75_25C_666p667MHz	pnr-timing	RuntimeError: post-PnR setup timing violated (clk slack -0.01) -- the job clock is not achievable; gen-jobs should derive a slower one
mxfpmac_32_2_mxfp6_e3m2_20nm_TT_0V9_25C_95p2381MHz	pnr-timing	RuntimeError: post-PnR setup timing violated (**in2reg_default** slack -0.13) -- the job clock is not achievable; gen-jobs should derive a slower one
mxfpmac_32_4_mxfp8_e4m3_20nm_TT_0V9_25C_54p0541MHz	pnr-timing	RuntimeError: post-PnR setup timing violated (**in2reg_default** slack -0.02) -- the job clock is not achievable; gen-jobs should derive a slower one
fpsfu_8_7_64_1_0_0_0_0_7_7nm_TT_0V75_25C_1000MHz	pnr-timing	RuntimeError: post-PnR setup timing violated (clk slack -0.02) -- the job clock is not achievable; gen-jobs should derive a slower one
fpsfu_8_7_64_1_0_0_0_0_10_7nm_TT_0V75_25C_1333p33MHz	pnr-timing	RuntimeError: post-PnR setup timing violated (clk slack -0.02) -- the job clock is not achievable; gen-jobs should derive a slower one
fpsfu_8_7_128_1_0_0_0_0_4_7nm_TT_0V75_25C_1000MHz	pnr-timing	RuntimeError: post-PnR setup timing violated (clk slack -0.02) -- the job clock is not achievable; gen-jobs should derive a slower one
mxfpmac_32_4_mxfp8_e4m3_20nm_TT_0V9_25C_88p8889MHz	pnr-timing	RuntimeError: post-PnR setup timing violated (**in2reg_default** slack -0.32) -- the job clock is not achievable; gen-jobs should derive a slower one
mxfpmac_32_2_mxfp6_e2m3_10nm_TT_0V8_25C_222p222MHz	pnr-timing	RuntimeError: post-PnR setup timing violated (**in2reg_default** slack -0.1) -- the job clock is not achievable; gen-jobs should derive a slower one
fpsfu_8_23_128_0_0_1_0_0_10_16nm_TT_0V85_25C_666p667MHz	pnr-timing	RuntimeError: post-PnR setup timing violated (clk slack -0.02) -- the job clock is not achievable; gen-jobs should derive a slower one
fpsfu_8_7_128_1_0_0_0_0_7_7nm_TT_0V75_25C_1000MHz	pnr-timing	RuntimeError: post-PnR setup timing violated (clk slack -0.04) -- the job clock is not achievable; gen-jobs should derive a slower one
mxfpmac_32_1_mxfp6_e2m3_5nm_TT_0V7_25C_307p692MHz	pnr-timing	RuntimeError: post-PnR setup timing violated (**in2reg_default** slack -0.09) -- the job clock is not achievable; gen-jobs should derive a slower one
fpsfu_8_7_128_1_0_0_0_0_10_7nm_TT_0V75_25C_1333p33MHz	pnr-timing	RuntimeError: post-PnR setup timing violated (clk slack -0.07) -- the job clock is not achievable; gen-jobs should derive a slower one
fpsfu_8_7_64_0_1_0_0_0_4_7nm_TT_0V75_25C_1000MHz	pnr-timing	RuntimeError: post-PnR setup timing violated (clk slack -0.01) -- the job clock is not achievable; gen-jobs should derive a slower one
fpsfu_8_7_64_0_1_0_0_0_7_7nm_TT_0V75_25C_1000MHz	pnr-timing	RuntimeError: post-PnR setup timing violated (clk slack -0.05) -- the job clock is not achievable; gen-jobs should derive a slower one
fpsfu_8_7_64_0_1_0_0_0_10_7nm_TT_0V75_25C_1333p33MHz	pnr-timing	RuntimeError: post-PnR setup timing violated (clk slack -0.02) -- the job clock is not achievable; gen-jobs should derive a slower one
fpsfu_8_23_64_0_0_0_1_0_10_16nm_TT_0V85_25C_571p429MHz	pnr-timing	RuntimeError: post-PnR setup timing violated (clk slack -0.02) -- the job clock is not achievable; gen-jobs should derive a slower one
fpsfu_8_7_128_0_1_0_0_0_4_7nm_TT_0V75_25C_1000MHz	pnr-timing	RuntimeError: post-PnR setup timing violated (clk slack -0.01) -- the job clock is not achievable; gen-jobs should derive a slower one
fpsfu_8_7_128_0_1_0_0_0_7_7nm_TT_0V75_25C_1000MHz	pnr-timing	RuntimeError: post-PnR setup timing violated (clk slack -0.04) -- the job clock is not achievable; gen-jobs should derive a slower one
fpsfu_8_7_128_0_1_0_0_0_10_7nm_TT_0V75_25C_1333p33MHz	pnr-timing	RuntimeError: post-PnR setup timing violated (clk slack -0.01) -- the job clock is not achievable; gen-jobs should derive a slower one
fpsfu_8_7_64_0_0_1_0_0_4_7nm_TT_0V75_25C_1000MHz	pnr-timing	RuntimeError: post-PnR setup timing violated (clk slack -0.02) -- the job clock is not achievable; gen-jobs should derive a slower one
fpsfu_8_23_128_0_0_0_1_0_10_16nm_TT_0V85_25C_571p429MHz	pnr-timing	RuntimeError: post-PnR setup timing violated (clk slack -0.02) -- the job clock is not achievable; gen-jobs should derive a slower one
mxfpmac_32_1_mxfp6_e2m3_5nm_TT_0V7_25C_181p818MHz	pnr-timing	RuntimeError: post-PnR setup timing violated (**in2reg_default** slack -0.08) -- the job clock is not achievable; gen-jobs should derive a slower one
fpsfu_8_7_128_0_0_1_0_0_4_7nm_TT_0V75_25C_1000MHz	pnr-timing	RuntimeError: post-PnR setup timing violated (clk slack -0.02) -- the job clock is not achievable; gen-jobs should derive a slower one
fpsfu_8_23_64_1_1_1_1_1_4_16nm_TT_0V85_25C_363p636MHz	pnr-timing	RuntimeError: post-PnR setup timing violated (clk slack -0.07) -- the job clock is not achievable; gen-jobs should derive a slower one
fpsfu_8_7_128_0_0_1_0_0_7_7nm_TT_0V75_25C_1333p33MHz	pnr-timing	RuntimeError: post-PnR setup timing violated (clk slack -0.01) -- the job clock is not achievable; gen-jobs should derive a slower one
mxfpmac_32_4_mxfp6_e3m2_5nm_TT_0V7_25C_266p667MHz	pnr-timing	RuntimeError: post-PnR setup timing violated (**in2reg_default** slack -0.19) -- the job clock is not achievable; gen-jobs should derive a slower one
fpsfu_8_23_64_1_1_1_1_1_7_16nm_TT_0V85_25C_400MHz	pnr-timing	RuntimeError: post-PnR setup timing violated (clk slack -0.04) -- the job clock is not achievable; gen-jobs should derive a slower one
mxfpmac_32_4_mxfp6_e3m2_5nm_TT_0V7_25C_160MHz	pnr-timing	RuntimeError: post-PnR setup timing violated (**in2reg_default** slack -0.18) -- the job clock is not achievable; gen-jobs should derive a slower one
fpsfu_8_23_64_1_1_1_1_1_10_16nm_TT_0V85_25C_500MHz	pnr-timing	RuntimeError: post-PnR setup timing violated (clk slack -0.03) -- the job clock is not achievable; gen-jobs should derive a slower one
fpsfu_8_7_64_0_0_0_1_0_10_7nm_TT_0V75_25C_1333p33MHz	pnr-timing	RuntimeError: post-PnR setup timing violated (clk slack -0.03) -- the job clock is not achievable; gen-jobs should derive a slower one
fpsfu_8_7_128_0_0_0_1_0_10_7nm_TT_0V75_25C_1333p33MHz	pnr-timing	RuntimeError: post-PnR setup timing violated (clk slack -0.01) -- the job clock is not achievable; gen-jobs should derive a slower one
fpsfu_8_23_128_1_1_1_1_1_4_16nm_TT_0V85_25C_363p636MHz	pnr-timing	RuntimeError: post-PnR setup timing violated (clk slack -0.12) -- the job clock is not achievable; gen-jobs should derive a slower one
mxfpmac_32_1_mxfp4_e2m1_10nm_TT_0V8_25C_250MHz	pnr-timing	RuntimeError: post-PnR setup timing violated (**in2reg_default** slack -0.12) -- the job clock is not achievable; gen-jobs should derive a slower one
fpsfu_8_7_64_1_1_1_1_1_4_7nm_TT_0V75_25C_800MHz	pnr-timing	RuntimeError: post-PnR setup timing violated (clk slack -0.02) -- the job clock is not achievable; gen-jobs should derive a slower one
mxfpmac_32_1_mxfp6_e2m3_20nm_TT_0V9_25C_105p263MHz	pnr-timing	RuntimeError: post-PnR setup timing violated (**in2reg_default** slack -0.05) -- the job clock is not achievable; gen-jobs should derive a slower one
fpsfu_8_7_64_1_1_1_1_1_7_7nm_TT_0V75_25C_1000MHz	pnr-timing	RuntimeError: post-PnR setup timing violated (clk slack -0.03) -- the job clock is not achievable; gen-jobs should derive a slower one
fpsfu_8_7_64_1_1_1_1_1_10_7nm_TT_0V75_25C_1000MHz	pnr-timing	RuntimeError: post-PnR setup timing violated (clk slack -0.03) -- the job clock is not achievable; gen-jobs should derive a slower one
fpsfu_8_23_128_1_1_1_1_1_7_16nm_TT_0V85_25C_400MHz	pnr-timing	RuntimeError: post-PnR setup timing violated (clk slack -0.04) -- the job clock is not achievable; gen-jobs should derive a slower one
mxfpmac_32_2_mxfp6_e2m3_5nm_TT_0V7_25C_285p714MHz	pnr-timing	RuntimeError: post-PnR setup timing violated (**in2reg_default** slack -0.11) -- the job clock is not achievable; gen-jobs should derive a slower one
fpsfu_8_7_128_1_1_1_1_1_4_7nm_TT_0V75_25C_800MHz	pnr-timing	RuntimeError: post-PnR setup timing violated (clk slack -0.03) -- the job clock is not achievable; gen-jobs should derive a slower one
fpsfu_8_23_128_1_1_1_1_1_7_16nm_TT_0V85_25C_250MHz	pnr-timing	RuntimeError: post-PnR setup timing violated (clk slack -0.03) -- the job clock is not achievable; gen-jobs should derive a slower one
fpsfu_8_7_128_1_1_1_1_1_7_7nm_TT_0V75_25C_1000MHz	pnr-timing	RuntimeError: post-PnR setup timing violated (clk slack -0.02) -- the job clock is not achievable; gen-jobs should derive a slower one
mxfpmac_32_4_mxfp6_e2m3_10nm_TT_0V8_25C_129p032MHz	pnr-timing	RuntimeError: post-PnR setup timing violated (**in2reg_default** slack -0.3) -- the job clock is not achievable; gen-jobs should derive a slower one
mxfpmac_32_2_mxfp6_e2m3_5nm_TT_0V7_25C_173p913MHz	pnr-timing	RuntimeError: post-PnR setup timing violated (**in2reg_default** slack -0.15) -- the job clock is not achievable; gen-jobs should derive a slower one
fpsfu_8_23_128_1_1_1_1_1_10_16nm_TT_0V85_25C_571p429MHz	pnr-timing	RuntimeError: post-PnR setup timing violated (clk slack -0.09) -- the job clock is not achievable; gen-jobs should derive a slower one
fpsfu_8_7_128_1_1_1_1_1_10_7nm_TT_0V75_25C_1000MHz	pnr-timing	RuntimeError: post-PnR setup timing violated (clk slack -0.04) -- the job clock is not achievable; gen-jobs should derive a slower one
fpsfu_8_23_64_1_0_1_0_0_4_16nm_TT_0V85_25C_400MHz	pnr-timing	RuntimeError: post-PnR setup timing violated (clk slack -0.04) -- the job clock is not achievable; gen-jobs should derive a slower one
fpsfu_8_7_64_1_0_1_0_0_4_7nm_TT_0V75_25C_1000MHz	pnr-timing	RuntimeError: post-PnR setup timing violated (clk slack -0.03) -- the job clock is not achievable; gen-jobs should derive a slower one
fpsfu_8_23_128_1_1_1_1_1_10_16nm_TT_0V85_25C_333p333MHz	pnr-timing	RuntimeError: post-PnR setup timing violated (clk slack -0.04) -- the job clock is not achievable; gen-jobs should derive a slower one
mxfpmac_32_4_mxfp6_e2m3_10nm_TT_0V8_25C_210p526MHz	pnr-timing	RuntimeError: post-PnR setup timing violated (**in2reg_default** slack -0.02) -- the job clock is not achievable; gen-jobs should derive a slower one
mxfpmac_32_4_mxfp6_e3m2_20nm_TT_0V9_25C_54p0541MHz	pnr-timing	RuntimeError: post-PnR setup timing violated (**in2reg_default** slack -0.01) -- the job clock is not achievable; gen-jobs should derive a slower one
fpsfu_8_23_64_1_0_1_0_0_7_16nm_TT_0V85_25C_444p444MHz	pnr-timing	RuntimeError: post-PnR setup timing violated (clk slack -0.02) -- the job clock is not achievable; gen-jobs should derive a slower one
fpsfu_8_7_64_1_0_1_0_0_7_7nm_TT_0V75_25C_1000MHz	pnr-timing	RuntimeError: post-PnR setup timing violated (clk slack -0.01) -- the job clock is not achievable; gen-jobs should derive a slower one
fpsfu_8_7_64_1_0_1_0_0_10_7nm_TT_0V75_25C_1000MHz	pnr-timing	RuntimeError: post-PnR setup timing violated (clk slack -0.03) -- the job clock is not achievable; gen-jobs should derive a slower one
fpsfu_8_23_64_1_0_1_0_0_7_16nm_TT_0V85_25C_285p714MHz	pnr-timing	RuntimeError: post-PnR setup timing violated (clk slack -0.01) -- the job clock is not achievable; gen-jobs should derive a slower one
fpsfu_8_23_64_1_0_1_0_0_10_16nm_TT_0V85_25C_571p429MHz	pnr-timing	RuntimeError: post-PnR setup timing violated (clk slack -0.03) -- the job clock is not achievable; gen-jobs should derive a slower one
fpsfu_8_7_128_1_0_1_0_0_4_7nm_TT_0V75_25C_1000MHz	pnr-timing	RuntimeError: post-PnR setup timing violated (clk slack -0.04) -- the job clock is not achievable; gen-jobs should derive a slower one
fpsfu_8_23_64_1_0_1_0_0_10_16nm_TT_0V85_25C_363p636MHz	pnr-timing	RuntimeError: post-PnR setup timing violated (clk slack -0.02) -- the job clock is not achievable; gen-jobs should derive a slower one
mxfpmac_32_1_mxfp4_e2m1_5nm_TT_0V7_25C_307p692MHz	pnr-timing	RuntimeError: post-PnR setup timing violated (**in2reg_default** slack -0.1) -- the job clock is not achievable; gen-jobs should derive a slower one
fpsfu_8_23_128_1_0_1_0_0_4_16nm_TT_0V85_25C_400MHz	pnr-timing	RuntimeError: post-PnR setup timing violated (clk slack -0.02) -- the job clock is not achievable; gen-jobs should derive a slower one
mxfpmac_32_4_mxfp6_e3m2_20nm_TT_0V9_25C_90p9091MHz	pnr-timing	RuntimeError: post-PnR setup timing violated (**in2reg_default** slack -0.38) -- the job clock is not achievable; gen-jobs should derive a slower one
fpsfu_8_7_128_1_0_1_0_0_7_7nm_TT_0V75_25C_1000MHz	pnr-timing	RuntimeError: post-PnR setup timing violated (clk slack -0.02) -- the job clock is not achievable; gen-jobs should derive a slower one
fpsfu_8_7_128_1_0_1_0_0_10_7nm_TT_0V75_25C_1000MHz	pnr-timing	RuntimeError: post-PnR setup timing violated (clk slack -0.04) -- the job clock is not achievable; gen-jobs should derive a slower one
fpsfu_8_23_128_1_0_1_0_0_7_16nm_TT_0V85_25C_444p444MHz	pnr-timing	RuntimeError: post-PnR setup timing violated (clk slack -0.04) -- the job clock is not achievable; gen-jobs should derive a slower one
fpsfu_8_23_128_1_0_1_0_0_10_16nm_TT_0V85_25C_571p429MHz	pnr-timing	RuntimeError: post-PnR setup timing violated (clk slack -0.04) -- the job clock is not achievable; gen-jobs should derive a slower one
fpsfu_8_23_64_1_0_0_0_0_4_7nm_TT_0V75_25C_500MHz	pnr-timing	RuntimeError: post-PnR setup timing violated (clk slack -0.05) -- the job clock is not achievable; gen-jobs should derive a slower one
fpsfu_8_23_64_1_0_0_0_0_4_7nm_TT_0V75_25C_800MHz	pnr-timing	RuntimeError: post-PnR setup timing violated (clk slack -0.05) -- the job clock is not achievable; gen-jobs should derive a slower one
fpsfu_8_23_128_1_0_1_0_0_10_16nm_TT_0V85_25C_363p636MHz	pnr-timing	RuntimeError: post-PnR setup timing violated (clk slack -0.04) -- the job clock is not achievable; gen-jobs should derive a slower one
mxfpmac_32_1_mxfp4_e2m1_5nm_TT_0V7_25C_190p476MHz	pnr-timing	RuntimeError: post-PnR setup timing violated (**in2reg_default** slack -0.01) -- the job clock is not achievable; gen-jobs should derive a slower one
fpsfu_8_23_64_1_0_0_0_0_7_7nm_TT_0V75_25C_800MHz	pnr-timing	RuntimeError: post-PnR setup timing violated (clk slack -0.01) -- the job clock is not achievable; gen-jobs should derive a slower one
mxfpmac_32_2_mxfp4_e2m1_10nm_TT_0V8_25C_235p294MHz	pnr-timing	RuntimeError: post-PnR setup timing violated (**in2reg_default** slack -0.12) -- the job clock is not achievable; gen-jobs should derive a slower one
fpsfu_8_23_64_1_0_0_0_0_7_7nm_TT_0V75_25C_500MHz	pnr-timing	RuntimeError: post-PnR setup timing violated (clk slack -0.01) -- the job clock is not achievable; gen-jobs should derive a slower one
fpsfu_8_23_64_1_0_0_0_0_10_7nm_TT_0V75_25C_1000MHz	pnr-timing	RuntimeError: post-PnR setup timing violated (clk slack -0.03) -- the job clock is not achievable; gen-jobs should derive a slower one
fpsfu_8_23_64_1_0_0_0_0_10_7nm_TT_0V75_25C_666p667MHz	pnr-timing	RuntimeError: post-PnR setup timing violated (clk slack -0.03) -- the job clock is not achievable; gen-jobs should derive a slower one
fpsfu_8_23_128_1_0_0_0_0_4_7nm_TT_0V75_25C_800MHz	pnr-timing	RuntimeError: post-PnR setup timing violated (clk slack -0.04) -- the job clock is not achievable; gen-jobs should derive a slower one
mxfpmac_32_2_mxfp4_e2m1_10nm_TT_0V8_25C_137p931MHz	pnr-timing	RuntimeError: post-PnR setup timing violated (**in2reg_default** slack -0.18) -- the job clock is not achievable; gen-jobs should derive a slower one
fpsfu_8_23_128_1_0_0_0_0_4_7nm_TT_0V75_25C_500MHz	pnr-timing	RuntimeError: post-PnR setup timing violated (clk slack -0.03) -- the job clock is not achievable; gen-jobs should derive a slower one
mxfpmac_32_2_mxfp6_e2m3_20nm_TT_0V9_25C_97p561MHz	pnr-timing	RuntimeError: post-PnR setup timing violated (**in2reg_default** slack -0.12) -- the job clock is not achievable; gen-jobs should derive a slower one
mxfpmac_32_1_mxfp8_e5m2_16nm_TT_0V85_25C_137p931MHz	pnr-timing	RuntimeError: post-PnR setup timing violated (**in2reg_default** slack -0.09) -- the job clock is not achievable; gen-jobs should derive a slower one
fpsfu_8_23_128_1_0_0_0_0_7_7nm_TT_0V75_25C_800MHz	pnr-timing	RuntimeError: post-PnR setup timing violated (clk slack -0.03) -- the job clock is not achievable; gen-jobs should derive a slower one
mxfpmac_32_4_mxfp6_e2m3_5nm_TT_0V7_25C_266p667MHz	pnr-timing	RuntimeError: post-PnR setup timing violated (**in2reg_default** slack -0.19) -- the job clock is not achievable; gen-jobs should derive a slower one
fpsfu_8_23_128_1_0_0_0_0_7_7nm_TT_0V75_25C_500MHz	pnr-timing	RuntimeError: post-PnR setup timing violated (clk slack -0.04) -- the job clock is not achievable; gen-jobs should derive a slower one
fpsfu_8_23_128_1_0_0_0_0_10_7nm_TT_0V75_25C_1000MHz	pnr-timing	RuntimeError: post-PnR setup timing violated (clk slack -0.04) -- the job clock is not achievable; gen-jobs should derive a slower one
fpsfu_8_23_128_1_0_0_0_0_10_7nm_TT_0V75_25C_666p667MHz	pnr-timing	RuntimeError: post-PnR setup timing violated (clk slack -0.03) -- the job clock is not achievable; gen-jobs should derive a slower one
mxfpmac_32_4_mxfp6_e2m3_5nm_TT_0V7_25C_160MHz	pnr-timing	RuntimeError: post-PnR setup timing violated (**in2reg_default** slack -0.19) -- the job clock is not achievable; gen-jobs should derive a slower one
mxfpmac_32_1_mxint8_10nm_TT_0V8_25C_250MHz	pnr-timing	RuntimeError: post-PnR setup timing violated (**in2reg_default** slack -0.08) -- the job clock is not achievable; gen-jobs should derive a slower one
fpsfu_8_23_64_0_1_0_0_0_4_7nm_TT_0V75_25C_800MHz	pnr-timing	RuntimeError: post-PnR setup timing violated (clk slack -0.03) -- the job clock is not achievable; gen-jobs should derive a slower one
fpsfu_8_23_64_0_1_0_0_0_4_7nm_TT_0V75_25C_444p444MHz	pnr-timing	RuntimeError: post-PnR setup timing violated (clk slack -0.01) -- the job clock is not achievable; gen-jobs should derive a slower one
mxfpmac_32_2_mxfp4_e2m1_5nm_TT_0V7_25C_285p714MHz	pnr-timing	RuntimeError: post-PnR setup timing violated (**in2reg_default** slack -0.15) -- the job clock is not achievable; gen-jobs should derive a slower one
fpsfu_8_23_64_0_1_0_0_0_7_7nm_TT_0V75_25C_800MHz	pnr-timing	RuntimeError: post-PnR setup timing violated (clk slack -0.03) -- the job clock is not achievable; gen-jobs should derive a slower one
fpsfu_8_23_64_0_1_0_0_0_10_7nm_TT_0V75_25C_1000MHz	pnr-timing	RuntimeError: post-PnR setup timing violated (clk slack -0.03) -- the job clock is not achievable; gen-jobs should derive a slower one
mxfpmac_32_1_mxfp4_e2m1_20nm_TT_0V9_25C_108p108MHz	pnr-timing	RuntimeError: post-PnR setup timing violated (**in2reg_default** slack -0.22) -- the job clock is not achievable; gen-jobs should derive a slower one
fpsfu_8_23_64_0_1_0_0_0_10_7nm_TT_0V75_25C_666p667MHz	pnr-timing	RuntimeError: post-PnR setup timing violated (clk slack -0.02) -- the job clock is not achievable; gen-jobs should derive a slower one
fpsfu_8_23_128_0_1_0_0_0_4_7nm_TT_0V75_25C_666p667MHz	pnr-timing	RuntimeError: post-PnR setup timing violated (clk slack -0.03) -- the job clock is not achievable; gen-jobs should derive a slower one
fpsfu_8_23_128_0_1_0_0_0_4_7nm_TT_0V75_25C_444p444MHz	pnr-timing	RuntimeError: post-PnR setup timing violated (clk slack -0.03) -- the job clock is not achievable; gen-jobs should derive a slower one
fpsfu_8_23_128_0_1_0_0_0_7_7nm_TT_0V75_25C_800MHz	pnr-timing	RuntimeError: post-PnR setup timing violated (clk slack -0.07) -- the job clock is not achievable; gen-jobs should derive a slower one
fpsfu_8_23_128_0_1_0_0_0_7_7nm_TT_0V75_25C_500MHz	pnr-timing	RuntimeError: post-PnR setup timing violated (clk slack -0.05) -- the job clock is not achievable; gen-jobs should derive a slower one
fpsfu_8_23_128_0_1_0_0_0_10_7nm_TT_0V75_25C_1000MHz	pnr-timing	RuntimeError: post-PnR setup timing violated (clk slack -0.05) -- the job clock is not achievable; gen-jobs should derive a slower one
fpsfu_8_23_128_0_1_0_0_0_10_7nm_TT_0V75_25C_666p667MHz	pnr-timing	RuntimeError: post-PnR setup timing violated (clk slack -0.01) -- the job clock is not achievable; gen-jobs should derive a slower one
mxfpmac_32_4_mxfp4_e2m1_10nm_TT_0V8_25C_210p526MHz	pnr-timing	RuntimeError: post-PnR setup timing violated (**in2reg_default** slack -0.33) -- the job clock is not achievable; gen-jobs should derive a slower one
fpsfu_8_23_64_0_0_1_0_0_4_7nm_TT_0V75_25C_666p667MHz	pnr-timing	RuntimeError: post-PnR setup timing violated (clk slack -0.04) -- the job clock is not achievable; gen-jobs should derive a slower one
mxfpmac_32_2_mxfp8_e5m2_16nm_TT_0V85_25C_129p032MHz	pnr-timing	RuntimeError: post-PnR setup timing violated (**in2reg_default** slack -0.19) -- the job clock is not achievable; gen-jobs should derive a slower one
mxfpmac_32_2_mxfp8_e5m2_16nm_TT_0V85_25C_78p4314MHz	pnr-timing	RuntimeError: post-PnR setup timing violated (**in2reg_default** slack -0.14) -- the job clock is not achievable; gen-jobs should derive a slower one
fpsfu_8_23_64_0_0_1_0_0_7_7nm_TT_0V75_25C_800MHz	pnr-timing	RuntimeError: post-PnR setup timing violated (clk slack -0.04) -- the job clock is not achievable; gen-jobs should derive a slower one
mxfpmac_32_2_mxfp4_e2m1_5nm_TT_0V7_25C_173p913MHz	pnr-timing	RuntimeError: post-PnR setup timing violated (**in2reg_default** slack -0.13) -- the job clock is not achievable; gen-jobs should derive a slower one
mxfpmac_32_4_mxfp4_e2m1_10nm_TT_0V8_25C_129p032MHz	pnr-timing	RuntimeError: post-PnR setup timing violated (**in2reg_default** slack -0.39) -- the job clock is not achievable; gen-jobs should derive a slower one
fpsfu_8_23_64_0_0_1_0_0_10_7nm_TT_0V75_25C_1000MHz	pnr-timing	RuntimeError: post-PnR setup timing violated (clk slack -0.03) -- the job clock is not achievable; gen-jobs should derive a slower one
fpsfu_8_23_128_0_0_1_0_0_4_7nm_TT_0V75_25C_666p667MHz	pnr-timing	RuntimeError: post-PnR setup timing violated (clk slack -0.04) -- the job clock is not achievable; gen-jobs should derive a slower one
fpsfu_8_23_128_0_0_1_0_0_4_7nm_TT_0V75_25C_444p444MHz	pnr-timing	RuntimeError: post-PnR setup timing violated (clk slack -0.02) -- the job clock is not achievable; gen-jobs should derive a slower one
mxfpmac_32_2_mxint8_10nm_TT_0V8_25C_235p294MHz	pnr-timing	RuntimeError: post-PnR setup timing violated (**in2reg_default** slack -0.13) -- the job clock is not achievable; gen-jobs should derive a slower one
mxfpmac_32_1_mxint8_5nm_TT_0V7_25C_307p692MHz	pnr-timing	RuntimeError: post-PnR setup timing violated (**in2reg_default** slack -0.13) -- the job clock is not achievable; gen-jobs should derive a slower one
fpsfu_8_23_128_0_0_1_0_0_7_7nm_TT_0V75_25C_800MHz	pnr-timing	RuntimeError: post-PnR setup timing violated (clk slack -0.03) -- the job clock is not achievable; gen-jobs should derive a slower one
mxfpmac_32_4_mxfp6_e2m3_20nm_TT_0V9_25C_90p9091MHz	pnr-timing	RuntimeError: post-PnR setup timing violated (**in2reg_default** slack -0.6) -- the job clock is not achievable; gen-jobs should derive a slower one
fpsfu_8_23_128_0_0_1_0_0_7_7nm_TT_0V75_25C_500MHz	pnr-timing	RuntimeError: post-PnR setup timing violated (clk slack -0.02) -- the job clock is not achievable; gen-jobs should derive a slower one
fpsfu_8_23_128_0_0_1_0_0_10_7nm_TT_0V75_25C_1000MHz	pnr-timing	RuntimeError: post-PnR setup timing violated (clk slack -0.03) -- the job clock is not achievable; gen-jobs should derive a slower one
fpsfu_8_23_128_0_0_1_0_0_10_7nm_TT_0V75_25C_666p667MHz	pnr-timing	RuntimeError: post-PnR setup timing violated (clk slack -0.04) -- the job clock is not achievable; gen-jobs should derive a slower one
fpsfu_8_23_64_0_0_0_1_0_4_7nm_TT_0V75_25C_800MHz	pnr-timing	RuntimeError: post-PnR setup timing violated (clk slack -0.03) -- the job clock is not achievable; gen-jobs should derive a slower one
mxfpmac_32_4_mxfp4_e2m1_5nm_TT_0V7_25C_166p667MHz	pnr-timing	RuntimeError: post-PnR setup timing violated (**in2reg_default** slack -0.12) -- the job clock is not achievable; gen-jobs should derive a slower one
fpsfu_8_23_64_0_0_0_1_0_7_7nm_TT_0V75_25C_800MHz	pnr-timing	RuntimeError: post-PnR setup timing violated (clk slack -0.04) -- the job clock is not achievable; gen-jobs should derive a slower one
mxfpmac_32_2_mxfp4_e2m1_20nm_TT_0V9_25C_100MHz	pnr-timing	RuntimeError: post-PnR setup timing violated (**in2reg_default** slack -0.14) -- the job clock is not achievable; gen-jobs should derive a slower one
fpsfu_8_23_64_0_0_0_1_0_10_7nm_TT_0V75_25C_1000MHz	pnr-timing	RuntimeError: post-PnR setup timing violated (clk slack -0.04) -- the job clock is not achievable; gen-jobs should derive a slower one
mxfpmac_32_4_mxfp4_e2m1_5nm_TT_0V7_25C_266p667MHz	pnr-timing	RuntimeError: post-PnR setup timing violated (**in2reg_default** slack -0.34) -- the job clock is not achievable; gen-jobs should derive a slower one
fpsfu_8_23_64_0_0_0_1_0_10_7nm_TT_0V75_25C_666p667MHz	pnr-timing	RuntimeError: post-PnR setup timing violated (clk slack -0.03) -- the job clock is not achievable; gen-jobs should derive a slower one
fpsfu_8_23_128_0_0_0_1_0_4_7nm_TT_0V75_25C_800MHz	pnr-timing	RuntimeError: post-PnR setup timing violated (clk slack -0.03) -- the job clock is not achievable; gen-jobs should derive a slower one
fpsfu_8_23_128_0_0_0_1_0_7_7nm_TT_0V75_25C_800MHz	pnr-timing	RuntimeError: post-PnR setup timing violated (clk slack -0.03) -- the job clock is not achievable; gen-jobs should derive a slower one
mxfpmac_32_4_mxfp6_e2m3_20nm_TT_0V9_25C_54p7945MHz	pnr-timing	RuntimeError: post-PnR setup timing violated (**in2reg_default** slack -0.02) -- the job clock is not achievable; gen-jobs should derive a slower one
fpsfu_8_23_128_0_0_0_1_0_10_7nm_TT_0V75_25C_1000MHz	pnr-timing	RuntimeError: post-PnR setup timing violated (clk slack -0.03) -- the job clock is not achievable; gen-jobs should derive a slower one
fpsfu_8_23_128_0_0_0_1_0_10_7nm_TT_0V75_25C_666p667MHz	pnr-timing	RuntimeError: post-PnR setup timing violated (clk slack -0.02) -- the job clock is not achievable; gen-jobs should derive a slower one
mxfpmac_32_2_mxint8_5nm_TT_0V7_25C_285p714MHz	pnr-timing	RuntimeError: post-PnR setup timing violated (**in2reg_default** slack -0.11) -- the job clock is not achievable; gen-jobs should derive a slower one
fpsfu_8_23_64_1_1_1_1_1_4_7nm_TT_0V75_25C_666p667MHz	pnr-timing	RuntimeError: post-PnR setup timing violated (clk slack -0.07) -- the job clock is not achievable; gen-jobs should derive a slower one
fpsfu_8_23_64_1_1_1_1_1_7_7nm_TT_0V75_25C_666p667MHz	pnr-timing	RuntimeError: post-PnR setup timing violated (clk slack -0.04) -- the job clock is not achievable; gen-jobs should derive a slower one
fpsfu_8_23_64_1_1_1_1_1_4_7nm_TT_0V75_25C_400MHz	pnr-timing	RuntimeError: post-PnR setup timing violated (clk slack -0.05) -- the job clock is not achievable; gen-jobs should derive a slower one
mxfpmac_8_2_mxfp8_e5m2_10nm_TT_0V8_25C_250MHz	pnr-timing	RuntimeError: post-PnR setup timing violated (**in2reg_default** slack -0.04) -- the job clock is not achievable; gen-jobs should derive a slower one
mxfpmac_32_1_mxint8_20nm_TT_0V9_25C_111p111MHz	pnr-timing	RuntimeError: post-PnR setup timing violated (**in2reg_default** slack -0.04) -- the job clock is not achievable; gen-jobs should derive a slower one
fpsfu_8_23_64_1_1_1_1_1_7_7nm_TT_0V75_25C_444p444MHz	pnr-timing	RuntimeError: post-PnR setup timing violated (clk slack -0.02) -- the job clock is not achievable; gen-jobs should derive a slower one
mxfpmac_32_2_mxint8_5nm_TT_0V7_25C_181p818MHz	pnr-timing	RuntimeError: post-PnR setup timing violated (**in2reg_default** slack -0.11) -- the job clock is not achievable; gen-jobs should derive a slower one
fpsfu_8_23_64_1_1_1_1_1_10_7nm_TT_0V75_25C_800MHz	pnr-timing	RuntimeError: post-PnR setup timing violated (clk slack -0.05) -- the job clock is not achievable; gen-jobs should derive a slower one
fpsfu_8_23_64_1_1_1_1_1_10_7nm_TT_0V75_25C_571p429MHz	pnr-timing	RuntimeError: post-PnR setup timing violated (clk slack -0.02) -- the job clock is not achievable; gen-jobs should derive a slower one
mxfpmac_32_4_mxint8_10nm_TT_0V8_25C_133p333MHz	pnr-timing	RuntimeError: post-PnR setup timing violated (**in2reg_default** slack -0.04) -- the job clock is not achievable; gen-jobs should derive a slower one
mxfpmac_8_2_mxfp8_e5m2_5nm_TT_0V7_25C_307p692MHz	pnr-timing	RuntimeError: post-PnR setup timing violated (**in2reg_default** slack -0.06) -- the job clock is not achievable; gen-jobs should derive a slower one
mxfpmac_32_4_mxint8_10nm_TT_0V8_25C_222p222MHz	pnr-timing	RuntimeError: post-PnR setup timing violated (**in2reg_default** slack -0.71) -- the job clock is not achievable; gen-jobs should derive a slower one
mxfpmac_32_4_mxfp8_e5m2_16nm_TT_0V85_25C_75p4717MHz	pnr-timing	RuntimeError: post-PnR setup timing violated (**in2reg_default** slack -0.21) -- the job clock is not achievable; gen-jobs should derive a slower one
fpsfu_8_23_128_1_1_1_1_1_4_7nm_TT_0V75_25C_666p667MHz	pnr-timing	RuntimeError: post-PnR setup timing violated (clk slack -0.11) -- the job clock is not achievable; gen-jobs should derive a slower one
fpsfu_8_23_128_1_1_1_1_1_7_7nm_TT_0V75_25C_666p667MHz	pnr-timing	RuntimeError: post-PnR setup timing violated (clk slack -0.05) -- the job clock is not achievable; gen-jobs should derive a slower one
mxfpmac_16_2_mxfp8_e5m2_10nm_TT_0V8_25C_235p294MHz	pnr-timing	RuntimeError: post-PnR setup timing violated (**in2reg_default** slack -0.05) -- the job clock is not achievable; gen-jobs should derive a slower one
fpsfu_8_23_128_1_1_1_1_1_4_7nm_TT_0V75_25C_400MHz	pnr-timing	RuntimeError: post-PnR setup timing violated (clk slack -0.1) -- the job clock is not achievable; gen-jobs should derive a slower one
mxfpmac_32_4_mxfp8_e5m2_16nm_TT_0V85_25C_125MHz	pnr-timing	RuntimeError: post-PnR setup timing violated (**in2reg_default** slack -0.39) -- the job clock is not achievable; gen-jobs should derive a slower one
mxfpmac_16_2_mxfp8_e5m2_10nm_TT_0V8_25C_137p931MHz	pnr-timing	RuntimeError: post-PnR setup timing violated (**in2reg_default** slack -0.05) -- the job clock is not achievable; gen-jobs should derive a slower one
fpsfu_8_23_128_1_1_1_1_1_7_7nm_TT_0V75_25C_444p444MHz	pnr-timing	RuntimeError: post-PnR setup timing violated (clk slack -0.07) -- the job clock is not achievable; gen-jobs should derive a slower one
mxfpmac_32_4_mxint8_5nm_TT_0V7_25C_266p667MHz	pnr-timing	RuntimeError: post-PnR setup timing violated (**in2reg_default** slack -0.16) -- the job clock is not achievable; gen-jobs should derive a slower one
mxfpmac_32_1_mxfp8_e4m3_16nm_TT_0V85_25C_142p857MHz	pnr-timing	RuntimeError: post-PnR setup timing violated (**in2reg_default** slack -0.03) -- the job clock is not achievable; gen-jobs should derive a slower one
fpsfu_8_23_128_1_1_1_1_1_10_7nm_TT_0V75_25C_800MHz	pnr-timing	RuntimeError: post-PnR setup timing violated (clk slack -0.04) -- the job clock is not achievable; gen-jobs should derive a slower one
mxfpmac_16_2_mxfp8_e5m2_5nm_TT_0V7_25C_285p714MHz	pnr-timing	RuntimeError: post-PnR setup timing violated (**in2reg_default** slack -0.11) -- the job clock is not achievable; gen-jobs should derive a slower one
mxfpmac_8_2_mxfp8_e4m3_10nm_TT_0V8_25C_250MHz	pnr-timing	RuntimeError: post-PnR setup timing violated (**in2reg_default** slack -0.05) -- the job clock is not achievable; gen-jobs should derive a slower one
fpsfu_8_23_128_1_1_1_1_1_10_7nm_TT_0V75_25C_571p429MHz	pnr-timing	RuntimeError: post-PnR setup timing violated (clk slack -0.04) -- the job clock is not achievable; gen-jobs should derive a slower one
fpsfu_8_23_64_1_0_1_0_0_4_7nm_TT_0V75_25C_666p667MHz	pnr-timing	RuntimeError: post-PnR setup timing violated (clk slack -0.05) -- the job clock is not achievable; gen-jobs should derive a slower one
mxfpmac_32_4_mxfp4_e2m1_20nm_TT_0V9_25C_93p0233MHz	pnr-timing	RuntimeError: post-PnR setup timing violated (**in2reg_default** slack -0.38) -- the job clock is not achievable; gen-jobs should derive a slower one
fpsfu_8_23_64_1_0_1_0_0_4_7nm_TT_0V75_25C_444p444MHz	pnr-timing	RuntimeError: post-PnR setup timing violated (clk slack -0.01) -- the job clock is not achievable; gen-jobs should derive a slower one
fpsfu_8_23_64_1_0_1_0_0_7_7nm_TT_0V75_25C_800MHz	pnr-timing	RuntimeError: post-PnR setup timing violated (clk slack -0.05) -- the job clock is not achievable; gen-jobs should derive a slower one
fpsfu_8_23_64_1_0_1_0_0_7_7nm_TT_0V75_25C_500MHz	pnr-timing	RuntimeError: post-PnR setup timing violated (clk slack -0.02) -- the job clock is not achievable; gen-jobs should derive a slower one
fpsfu_8_23_64_1_0_1_0_0_10_7nm_TT_0V75_25C_1000MHz	pnr-timing	RuntimeError: post-PnR setup timing violated (clk slack -0.04) -- the job clock is not achievable; gen-jobs should derive a slower one
mxfpmac_32_4_mxint8_5nm_TT_0V7_25C_166p667MHz	pnr-timing	RuntimeError: post-PnR setup timing violated (**in2reg_default** slack -0.1) -- the job clock is not achievable; gen-jobs should derive a slower one
fpsfu_8_23_64_1_0_1_0_0_10_7nm_TT_0V75_25C_571p429MHz	pnr-timing	RuntimeError: post-PnR setup timing violated (clk slack -0.03) -- the job clock is not achievable; gen-jobs should derive a slower one
mxfpmac_16_2_mxfp8_e5m2_5nm_TT_0V7_25C_173p913MHz	pnr-timing	RuntimeError: post-PnR setup timing violated (**in2reg_default** slack -0.04) -- the job clock is not achievable; gen-jobs should derive a slower one
mxfpmac_32_2_mxint8_20nm_TT_0V9_25C_100MHz	pnr-timing	RuntimeError: post-PnR setup timing violated (**in2reg_default** slack -0.02) -- the job clock is not achievable; gen-jobs should derive a slower one
fpsfu_8_23_128_1_0_1_0_0_4_7nm_TT_0V75_25C_666p667MHz	pnr-timing	RuntimeError: post-PnR setup timing violated (clk slack -0.04) -- the job clock is not achievable; gen-jobs should derive a slower one
mxfpmac_16_2_mxfp8_e4m3_10nm_TT_0V8_25C_235p294MHz	pnr-timing	RuntimeError: post-PnR setup timing violated (**in2reg_default** slack -0.12) -- the job clock is not achievable; gen-jobs should derive a slower one
fpsfu_8_23_128_1_0_1_0_0_4_7nm_TT_0V75_25C_400MHz	pnr-timing	RuntimeError: post-PnR setup timing violated (clk slack -0.04) -- the job clock is not achievable; gen-jobs should derive a slower one
fpsfu_8_23_128_1_0_1_0_0_7_7nm_TT_0V75_25C_800MHz	pnr-timing	RuntimeError: post-PnR setup timing violated (clk slack -0.04) -- the job clock is not achievable; gen-jobs should derive a slower one
mxfpmac_8_2_mxfp8_e4m3_5nm_TT_0V7_25C_307p692MHz	pnr-timing	RuntimeError: post-PnR setup timing violated (**in2reg_default** slack -0.09) -- the job clock is not achievable; gen-jobs should derive a slower one
fpsfu_8_23_128_1_0_1_0_0_7_7nm_TT_0V75_25C_500MHz	pnr-timing	RuntimeError: post-PnR setup timing violated (clk slack -0.05) -- the job clock is not achievable; gen-jobs should derive a slower one
fpsfu_8_23_128_1_0_1_0_0_10_7nm_TT_0V75_25C_1000MHz	pnr-timing	RuntimeError: post-PnR setup timing violated (clk slack -0.04) -- the job clock is not achievable; gen-jobs should derive a slower one
mxfpmac_32_2_mxfp8_e4m3_16nm_TT_0V85_25C_133p333MHz	pnr-timing	RuntimeError: post-PnR setup timing violated (**in2reg_default** slack -0.12) -- the job clock is not achievable; gen-jobs should derive a slower one
mxfpmac_64_2_mxfp8_e5m2_10nm_TT_0V8_25C_125MHz	pnr-timing	RuntimeError: post-PnR setup timing violated (**in2reg_default** slack -0.03) -- the job clock is not achievable; gen-jobs should derive a slower one
mxfpmac_16_2_mxfp8_e4m3_10nm_TT_0V8_25C_142p857MHz	pnr-timing	RuntimeError: post-PnR setup timing violated (**in2reg_default** slack -0.05) -- the job clock is not achievable; gen-jobs should derive a slower one
mxfpmac_16_2_mxfp8_e4m3_5nm_TT_0V7_25C_285p714MHz	pnr-timing	RuntimeError: post-PnR setup timing violated (**in2reg_default** slack -0.13) -- the job clock is not achievable; gen-jobs should derive a slower one
mxfpmac_32_1_mxfp8_e5m2_7nm_TT_0V75_25C_285p714MHz	pnr-timing	RuntimeError: post-PnR setup timing violated (**in2reg_default** slack -0.04) -- the job clock is not achievable; gen-jobs should derive a slower one
mxfpmac_8_2_mxfp8_e5m2_20nm_TT_0V9_25C_108p108MHz	pnr-timing	RuntimeError: post-PnR setup timing violated (**in2reg_default** slack -0.04) -- the job clock is not achievable; gen-jobs should derive a slower one
mxfpmac_64_2_mxfp8_e5m2_10nm_TT_0V8_25C_200MHz	pnr-timing	RuntimeError: post-PnR setup timing violated (**in2reg_default** slack -0.28) -- the job clock is not achievable; gen-jobs should derive a slower one
mxfpmac_32_1_mxfp8_e5m2_7nm_TT_0V75_25C_173p913MHz	pnr-timing	RuntimeError: post-PnR setup timing violated (**in2reg_default** slack -0.06) -- the job clock is not achievable; gen-jobs should derive a slower one
mxfpmac_64_2_mxfp8_e5m2_5nm_TT_0V7_25C_153p846MHz	pnr-timing	RuntimeError: post-PnR setup timing violated (**in2reg_default** slack -0.18) -- the job clock is not achievable; gen-jobs should derive a slower one
mxfpmac_8_2_mxfp6_e3m2_10nm_TT_0V8_25C_250MHz	pnr-timing	RuntimeError: post-PnR setup timing violated (**in2reg_default** slack -0.07) -- the job clock is not achievable; gen-jobs should derive a slower one
mxfpmac_32_2_mxfp8_e5m2_7nm_TT_0V75_25C_266p667MHz	pnr-timing	RuntimeError: post-PnR setup timing violated (**in2reg_default** slack -0.14) -- the job clock is not achievable; gen-jobs should derive a slower one
mxfpmac_16_2_mxfp8_e5m2_20nm_TT_0V9_25C_102p564MHz	pnr-timing	RuntimeError: post-PnR setup timing violated (**in2reg_default** slack -0.03) -- the job clock is not achievable; gen-jobs should derive a slower one
mxfpmac_64_2_mxfp8_e5m2_5nm_TT_0V7_25C_250MHz	pnr-timing	RuntimeError: post-PnR setup timing violated (**in2reg_default** slack -0.27) -- the job clock is not achievable; gen-jobs should derive a slower one
mxfpmac_32_4_mxint8_20nm_TT_0V9_25C_95p2381MHz	pnr-timing	RuntimeError: post-PnR setup timing violated (**in2reg_default** slack -0.15) -- the job clock is not achievable; gen-jobs should derive a slower one
mxfpmac_8_2_mxfp6_e3m2_5nm_TT_0V7_25C_307p692MHz	pnr-timing	RuntimeError: post-PnR setup timing violated (**in2reg_default** slack -0.05) -- the job clock is not achievable; gen-jobs should derive a slower one
mxfpmac_16_2_mxfp6_e3m2_10nm_TT_0V8_25C_235p294MHz	pnr-timing	RuntimeError: post-PnR setup timing violated (**in2reg_default** slack -0.09) -- the job clock is not achievable; gen-jobs should derive a slower one
mxfpmac_8_2_mxfp6_e3m2_5nm_TT_0V7_25C_190p476MHz	pnr-timing	RuntimeError: post-PnR setup timing violated (**in2reg_default** slack -0.07) -- the job clock is not achievable; gen-jobs should derive a slower one
mxfpmac_32_2_mxfp8_e5m2_7nm_TT_0V75_25C_166p667MHz	pnr-timing	RuntimeError: post-PnR setup timing violated (**in2reg_default** slack -0.08) -- the job clock is not achievable; gen-jobs should derive a slower one
mxfpmac_8_2_mxfp8_e4m3_20nm_TT_0V9_25C_111p111MHz	pnr-timing	RuntimeError: post-PnR setup timing violated (**in2reg_default** slack -0.04) -- the job clock is not achievable; gen-jobs should derive a slower one
mxfpmac_16_2_mxfp6_e3m2_5nm_TT_0V7_25C_285p714MHz	pnr-timing	RuntimeError: post-PnR setup timing violated (**in2reg_default** slack -0.1) -- the job clock is not achievable; gen-jobs should derive a slower one
mxfpmac_16_2_mxfp6_e3m2_10nm_TT_0V8_25C_142p857MHz	pnr-timing	RuntimeError: post-PnR setup timing violated (**in2reg_default** slack -0.11) -- the job clock is not achievable; gen-jobs should derive a slower one
mxfpmac_32_4_mxfp8_e4m3_16nm_TT_0V85_25C_76p9231MHz	pnr-timing	RuntimeError: post-PnR setup timing violated (**in2reg_default** slack -0.57) -- the job clock is not achievable; gen-jobs should derive a slower one
mxfpmac_32_1_mxfp8_e4m3_7nm_TT_0V75_25C_285p714MHz	pnr-timing	RuntimeError: post-PnR setup timing violated (**in2reg_default** slack -0.08) -- the job clock is not achievable; gen-jobs should derive a slower one
mxfpmac_64_2_mxfp8_e4m3_5nm_TT_0V7_25C_160MHz	pnr-timing	RuntimeError: post-PnR setup timing violated (**in2reg_default** slack -0.22) -- the job clock is not achievable; gen-jobs should derive a slower one
mxfpmac_32_4_mxfp8_e4m3_16nm_TT_0V85_25C_125MHz	pnr-timing	RuntimeError: post-PnR setup timing violated (**in2reg_default** slack -0.41) -- the job clock is not achievable; gen-jobs should derive a slower one
mxfpmac_16_2_mxfp8_e4m3_20nm_TT_0V9_25C_102p564MHz	pnr-timing	RuntimeError: post-PnR setup timing violated (**in2reg_default** slack -0.02) -- the job clock is not achievable; gen-jobs should derive a slower one
mxfpmac_16_2_mxfp6_e3m2_5nm_TT_0V7_25C_181p818MHz	pnr-timing	RuntimeError: post-PnR setup timing violated (**in2reg_default** slack -0.11) -- the job clock is not achievable; gen-jobs should derive a slower one
mxfpmac_64_2_mxfp8_e4m3_10nm_TT_0V8_25C_200MHz	pnr-timing	RuntimeError: post-PnR setup timing violated (**in2reg_default** slack -0.27) -- the job clock is not achievable; gen-jobs should derive a slower one
mxfpmac_32_1_mxfp6_e3m2_16nm_TT_0V85_25C_142p857MHz	pnr-timing	RuntimeError: post-PnR setup timing violated (**in2reg_default** slack -0.03) -- the job clock is not achievable; gen-jobs should derive a slower one
mxfpmac_8_2_mxfp6_e2m3_10nm_TT_0V8_25C_266p667MHz	pnr-timing	RuntimeError: post-PnR setup timing violated (**in2reg_default** slack -0.07) -- the job clock is not achievable; gen-jobs should derive a slower one
mxfpmac_64_2_mxfp8_e4m3_5nm_TT_0V7_25C_266p667MHz	pnr-timing	RuntimeError: post-PnR setup timing violated (**in2reg_default** slack -0.28) -- the job clock is not achievable; gen-jobs should derive a slower one
mxfpmac_8_2_mxfp6_e2m3_5nm_TT_0V7_25C_333p333MHz	pnr-timing	RuntimeError: post-PnR setup timing violated (**in2reg_default** slack -0.06) -- the job clock is not achievable; gen-jobs should derive a slower one
mxfpmac_32_1_mxfp8_e4m3_7nm_TT_0V75_25C_173p913MHz	pnr-timing	RuntimeError: post-PnR setup timing violated (**in2reg_default** slack -0.1) -- the job clock is not achievable; gen-jobs should derive a slower one
mxfpmac_32_4_mxfp8_e5m2_7nm_TT_0V75_25C_153p846MHz	pnr-timing	RuntimeError: post-PnR setup timing violated (**in2reg_default** slack -0.07) -- the job clock is not achievable; gen-jobs should derive a slower one
mxfpmac_32_4_mxfp8_e5m2_7nm_TT_0V75_25C_250MHz	pnr-timing	RuntimeError: post-PnR setup timing violated (**in2reg_default** slack -0.22) -- the job clock is not achievable; gen-jobs should derive a slower one
mxfpmac_16_2_mxfp6_e2m3_10nm_TT_0V8_25C_235p294MHz	pnr-timing	RuntimeError: post-PnR setup timing violated (**in2reg_default** slack -0.12) -- the job clock is not achievable; gen-jobs should derive a slower one
mxfpmac_64_2_mxfp8_e5m2_20nm_TT_0V9_25C_53p3333MHz	pnr-timing	RuntimeError: post-PnR setup timing violated (**in2reg_default** slack -0.11) -- the job clock is not achievable; gen-jobs should derive a slower one
mxfpmac_64_2_mxfp8_e5m2_20nm_TT_0V9_25C_88p8889MHz	pnr-timing	RuntimeError: post-PnR setup timing violated (**in2reg_default** slack -0.33) -- the job clock is not achievable; gen-jobs should derive a slower one
mxfpmac_32_2_mxfp6_e3m2_16nm_TT_0V85_25C_137p931MHz	pnr-timing	RuntimeError: post-PnR setup timing violated (**in2reg_default** slack -0.03) -- the job clock is not achievable; gen-jobs should derive a slower one
mxfpmac_16_2_mxfp6_e2m3_5nm_TT_0V7_25C_307p692MHz	pnr-timing	RuntimeError: post-PnR setup timing violated (**in2reg_default** slack -0.09) -- the job clock is not achievable; gen-jobs should derive a slower one
mxfpmac_64_2_mxfp6_e3m2_10nm_TT_0V8_25C_125MHz	pnr-timing	RuntimeError: post-PnR setup timing violated (**in2reg_default** slack -0.33) -- the job clock is not achievable; gen-jobs should derive a slower one
mxfpmac_8_2_mxfp6_e3m2_20nm_TT_0V9_25C_111p111MHz	pnr-timing	RuntimeError: post-PnR setup timing violated (**in2reg_default** slack -0.03) -- the job clock is not achievable; gen-jobs should derive a slower one
mxfpmac_64_2_mxfp6_e3m2_5nm_TT_0V7_25C_160MHz	pnr-timing	RuntimeError: post-PnR setup timing violated (**in2reg_default** slack -0.12) -- the job clock is not achievable; gen-jobs should derive a slower one
mxfpmac_16_2_mxfp6_e2m3_10nm_TT_0V8_25C_148p148MHz	pnr-timing	RuntimeError: post-PnR setup timing violated (**in2reg_default** slack -0.09) -- the job clock is not achievable; gen-jobs should derive a slower one
mxfpmac_64_2_mxfp6_e3m2_10nm_TT_0V8_25C_210p526MHz	pnr-timing	RuntimeError: post-PnR setup timing violated (**in2reg_default** slack -0.21) -- the job clock is not achievable; gen-jobs should derive a slower one
mxfpmac_32_2_mxfp8_e4m3_7nm_TT_0V75_25C_266p667MHz	pnr-timing	RuntimeError: post-PnR setup timing violated (**in2reg_default** slack -0.13) -- the job clock is not achievable; gen-jobs should derive a slower one
mxfpmac_8_2_mxfp4_e2m1_10nm_TT_0V8_25C_266p667MHz	pnr-timing	RuntimeError: post-PnR setup timing violated (**in2reg_default** slack -0.08) -- the job clock is not achievable; gen-jobs should derive a slower one
mxfpmac_16_2_mxfp6_e2m3_5nm_TT_0V7_25C_181p818MHz	pnr-timing	RuntimeError: post-PnR setup timing violated (**in2reg_default** slack -0.09) -- the job clock is not achievable; gen-jobs should derive a slower one
mxfpmac_64_2_mxfp6_e3m2_5nm_TT_0V7_25C_266p667MHz	pnr-timing	RuntimeError: post-PnR setup timing violated (**in2reg_default** slack -0.28) -- the job clock is not achievable; gen-jobs should derive a slower one
mxfpmac_16_2_mxfp6_e3m2_20nm_TT_0V9_25C_102p564MHz	pnr-timing	RuntimeError: post-PnR setup timing violated (**in2reg_default** slack -0.03) -- the job clock is not achievable; gen-jobs should derive a slower one
mxfpmac_8_2_mxfp4_e2m1_5nm_TT_0V7_25C_333p333MHz	pnr-timing	RuntimeError: post-PnR setup timing violated (**in2reg_default** slack -0.07) -- the job clock is not achievable; gen-jobs should derive a slower one
mxfpmac_32_2_mxfp8_e4m3_7nm_TT_0V75_25C_166p667MHz	pnr-timing	RuntimeError: post-PnR setup timing violated (**in2reg_default** slack -0.1) -- the job clock is not achievable; gen-jobs should derive a slower one
mxfpmac_16_2_mxfp4_e2m1_10nm_TT_0V8_25C_250MHz	pnr-timing	RuntimeError: post-PnR setup timing violated (**in2reg_default** slack -0.06) -- the job clock is not achievable; gen-jobs should derive a slower one
mxfpmac_16_2_mxfp4_e2m1_10nm_TT_0V8_25C_148p148MHz	pnr-timing	RuntimeError: post-PnR setup timing violated (**in2reg_default** slack -0.01) -- the job clock is not achievable; gen-jobs should derive a slower one
mxfpmac_32_1_mxfp6_e3m2_7nm_TT_0V75_25C_285p714MHz	pnr-timing	RuntimeError: post-PnR setup timing violated (**in2reg_default** slack -0.03) -- the job clock is not achievable; gen-jobs should derive a slower one
mxfpmac_16_2_mxfp4_e2m1_5nm_TT_0V7_25C_307p692MHz	pnr-timing	RuntimeError: post-PnR setup timing violated (**in2reg_default** slack -0.14) -- the job clock is not achievable; gen-jobs should derive a slower one
mxfpmac_64_2_mxfp8_e4m3_20nm_TT_0V9_25C_88p8889MHz	pnr-timing	RuntimeError: post-PnR setup timing violated (**in2reg_default** slack -0.27) -- the job clock is not achievable; gen-jobs should derive a slower one
mxfpmac_64_2_mxfp6_e2m3_10nm_TT_0V8_25C_125MHz	pnr-timing	RuntimeError: post-PnR setup timing violated (**in2reg_default** slack -0.19) -- the job clock is not achievable; gen-jobs should derive a slower one
mxfpmac_32_4_mxfp6_e3m2_16nm_TT_0V85_25C_76p9231MHz	pnr-timing	RuntimeError: post-PnR setup timing violated (**in2reg_default** slack -0.23) -- the job clock is not achievable; gen-jobs should derive a slower one
mxfpmac_8_2_mxfp6_e2m3_20nm_TT_0V9_25C_114p286MHz	pnr-timing	RuntimeError: post-PnR setup timing violated (**in2reg_default** slack -0.04) -- the job clock is not achievable; gen-jobs should derive a slower one
mxfpmac_32_4_mxfp8_e4m3_7nm_TT_0V75_25C_266p667MHz	pnr-timing	RuntimeError: post-PnR setup timing violated (**in2reg_default** slack -0.25) -- the job clock is not achievable; gen-jobs should derive a slower one
mxfpmac_64_2_mxfp6_e2m3_5nm_TT_0V7_25C_160MHz	pnr-timing	RuntimeError: post-PnR setup timing violated (**in2reg_default** slack -0.14) -- the job clock is not achievable; gen-jobs should derive a slower one
mxfpmac_32_4_mxfp6_e3m2_16nm_TT_0V85_25C_129p032MHz	pnr-timing	RuntimeError: post-PnR setup timing violated (**in2reg_default** slack -0.43) -- the job clock is not achievable; gen-jobs should derive a slower one
mxfpmac_32_1_mxfp6_e3m2_7nm_TT_0V75_25C_173p913MHz	pnr-timing	RuntimeError: post-PnR setup timing violated (**in2reg_default** slack -0.07) -- the job clock is not achievable; gen-jobs should derive a slower one
mxfpmac_64_2_mxfp6_e2m3_10nm_TT_0V8_25C_210p526MHz	pnr-timing	RuntimeError: post-PnR setup timing violated (**in2reg_default** slack -0.35) -- the job clock is not achievable; gen-jobs should derive a slower one
mxfpmac_64_2_mxfp6_e2m3_5nm_TT_0V7_25C_266p667MHz	pnr-timing	RuntimeError: post-PnR setup timing violated (**in2reg_default** slack -0.15) -- the job clock is not achievable; gen-jobs should derive a slower one
mxfpmac_8_2_mxint8_10nm_TT_0V8_25C_285p714MHz	pnr-timing	RuntimeError: post-PnR setup timing violated (**in2reg_default** slack -0.05) -- the job clock is not achievable; gen-jobs should derive a slower one
mxfpmac_32_1_mxfp6_e2m3_16nm_TT_0V85_25C_148p148MHz	pnr-timing	RuntimeError: post-PnR setup timing violated (**in2reg_default** slack -0.03) -- the job clock is not achievable; gen-jobs should derive a slower one
mxfpmac_8_2_mxint8_5nm_TT_0V7_25C_333p333MHz	pnr-timing	RuntimeError: post-PnR setup timing violated (**in2reg_default** slack -0.06) -- the job clock is not achievable; gen-jobs should derive a slower one
mxfpmac_32_4_mxfp8_e4m3_7nm_TT_0V75_25C_160MHz	pnr-timing	RuntimeError: post-PnR setup timing violated (**in2reg_default** slack -0.05) -- the job clock is not achievable; gen-jobs should derive a slower one
mxfpmac_16_2_mxfp6_e2m3_20nm_TT_0V9_25C_105p263MHz	pnr-timing	RuntimeError: post-PnR setup timing violated (**in2reg_default** slack -0.09) -- the job clock is not achievable; gen-jobs should derive a slower one
mxfpmac_16_2_mxint8_10nm_TT_0V8_25C_250MHz	pnr-timing	RuntimeError: post-PnR setup timing violated (**in2reg_default** slack -0.1) -- the job clock is not achievable; gen-jobs should derive a slower one
mxfpmac_16_2_mxint8_5nm_TT_0V7_25C_307p692MHz	pnr-timing	RuntimeError: post-PnR setup timing violated (**in2reg_default** slack -0.07) -- the job clock is not achievable; gen-jobs should derive a slower one
mxfpmac_32_2_mxfp6_e3m2_7nm_TT_0V75_25C_266p667MHz	pnr-timing	RuntimeError: post-PnR setup timing violated (**in2reg_default** slack -0.14) -- the job clock is not achievable; gen-jobs should derive a slower one
mxfpmac_64_2_mxfp6_e3m2_20nm_TT_0V9_25C_88p8889MHz	pnr-timing	RuntimeError: post-PnR setup timing violated (**in2reg_default** slack -0.61) -- the job clock is not achievable; gen-jobs should derive a slower one
mxfpmac_32_2_mxfp6_e3m2_7nm_TT_0V75_25C_166p667MHz	pnr-timing	RuntimeError: post-PnR setup timing violated (**in2reg_default** slack -0.07) -- the job clock is not achievable; gen-jobs should derive a slower one
mxfpmac_64_2_mxfp4_e2m1_10nm_TT_0V8_25C_210p526MHz	pnr-timing	RuntimeError: post-PnR setup timing violated (**in2reg_default** slack -0.21) -- the job clock is not achievable; gen-jobs should derive a slower one
mxfpmac_32_2_mxfp6_e2m3_16nm_TT_0V85_25C_137p931MHz	pnr-timing	RuntimeError: post-PnR setup timing violated (**in2reg_default** slack -0.07) -- the job clock is not achievable; gen-jobs should derive a slower one
mxfpmac_64_2_mxfp4_e2m1_5nm_TT_0V7_25C_166p667MHz	pnr-timing	RuntimeError: post-PnR setup timing violated (**in2reg_default** slack -0.06) -- the job clock is not achievable; gen-jobs should derive a slower one
mxfpmac_64_2_mxfp4_e2m1_10nm_TT_0V8_25C_129p032MHz	pnr-timing	RuntimeError: post-PnR setup timing violated (**in2reg_default** slack -0.16) -- the job clock is not achievable; gen-jobs should derive a slower one
mxfpmac_8_2_mxfp4_e2m1_20nm_TT_0V9_25C_114p286MHz	pnr-timing	RuntimeError: post-PnR setup timing violated (**in2reg_default** slack -0.02) -- the job clock is not achievable; gen-jobs should derive a slower one
mxfpmac_64_2_mxfp4_e2m1_5nm_TT_0V7_25C_266p667MHz	pnr-timing	RuntimeError: post-PnR setup timing violated (**in2reg_default** slack -0.27) -- the job clock is not achievable; gen-jobs should derive a slower one
mxfpmac_32_1_mxfp6_e2m3_7nm_TT_0V75_25C_307p692MHz	pnr-timing	RuntimeError: post-PnR setup timing violated (**in2reg_default** slack -0.05) -- the job clock is not achievable; gen-jobs should derive a slower one
mxfpmac_16_2_mxfp4_e2m1_20nm_TT_0V9_25C_108p108MHz	pnr-timing	RuntimeError: post-PnR setup timing violated (**in2reg_default** slack -0.07) -- the job clock is not achievable; gen-jobs should derive a slower one
mxfpmac_32_1_mxfp6_e2m3_7nm_TT_0V75_25C_181p818MHz	pnr-timing	RuntimeError: post-PnR setup timing violated (**in2reg_default** slack -0.1) -- the job clock is not achievable; gen-jobs should derive a slower one
mxfpmac_32_4_mxfp6_e3m2_7nm_TT_0V75_25C_266p667MHz	pnr-timing	RuntimeError: post-PnR setup timing violated (**in2reg_default** slack -0.2) -- the job clock is not achievable; gen-jobs should derive a slower one
mxfpmac_64_2_mxint8_10nm_TT_0V8_25C_129p032MHz	pnr-timing	RuntimeError: post-PnR setup timing violated (**in2reg_default** slack -0.42) -- the job clock is not achievable; gen-jobs should derive a slower one
mxfpmac_32_4_mxfp6_e3m2_7nm_TT_0V75_25C_160MHz	pnr-timing	RuntimeError: post-PnR setup timing violated (**in2reg_default** slack -0.19) -- the job clock is not achievable; gen-jobs should derive a slower one
mxfpmac_64_2_mxint8_5nm_TT_0V7_25C_166p667MHz	pnr-timing	RuntimeError: post-PnR setup timing violated (**in2reg_default** slack -0.13) -- the job clock is not achievable; gen-jobs should derive a slower one
mxfpmac_64_2_mxint8_10nm_TT_0V8_25C_210p526MHz	pnr-timing	RuntimeError: post-PnR setup timing violated (**in2reg_default** slack -0.24) -- the job clock is not achievable; gen-jobs should derive a slower one
mxfpmac_64_2_mxint8_5nm_TT_0V7_25C_266p667MHz	pnr-timing	RuntimeError: post-PnR setup timing violated (**in2reg_default** slack -0.23) -- the job clock is not achievable; gen-jobs should derive a slower one
mxfpmac_64_2_mxfp6_e2m3_20nm_TT_0V9_25C_90p9091MHz	pnr-timing	RuntimeError: post-PnR setup timing violated (**in2reg_default** slack -0.58) -- the job clock is not achievable; gen-jobs should derive a slower one
mxfpmac_32_1_bf16_10nm_TT_0V8_25C_250MHz	pnr-timing	RuntimeError: post-PnR setup timing violated (**in2reg_default** slack -0.12) -- the job clock is not achievable; gen-jobs should derive a slower one
mxfpmac_32_4_mxfp6_e2m3_16nm_TT_0V85_25C_129p032MHz	pnr-timing	RuntimeError: post-PnR setup timing violated (**in2reg_default** slack -0.25) -- the job clock is not achievable; gen-jobs should derive a slower one
mxfpmac_32_1_bf16_5nm_TT_0V7_25C_307p692MHz	pnr-timing	RuntimeError: post-PnR setup timing violated (**in2reg_default** slack -0.09) -- the job clock is not achievable; gen-jobs should derive a slower one
mxfpmac_8_2_mxint8_20nm_TT_0V9_25C_121p212MHz	pnr-timing	RuntimeError: post-PnR setup timing violated (**in2reg_default** slack -0.07) -- the job clock is not achievable; gen-jobs should derive a slower one
mxfpmac_32_2_mxfp6_e2m3_7nm_TT_0V75_25C_285p714MHz	pnr-timing	RuntimeError: post-PnR setup timing violated (**in2reg_default** slack -0.13) -- the job clock is not achievable; gen-jobs should derive a slower one
mxfpmac_32_1_mxfp4_e2m1_16nm_TT_0V85_25C_148p148MHz	pnr-timing	RuntimeError: post-PnR setup timing violated (**in2reg_default** slack -0.01) -- the job clock is not achievable; gen-jobs should derive a slower one
mxfpmac_32_1_bf16_10nm_TT_0V8_25C_153p846MHz	pnr-timing	RuntimeError: post-PnR setup timing violated (**in2reg_default** slack -0.05) -- the job clock is not achievable; gen-jobs should derive a slower one
mxfpmac_32_2_mxfp6_e2m3_7nm_TT_0V75_25C_166p667MHz	pnr-timing	RuntimeError: post-PnR setup timing violated (**in2reg_default** slack -0.08) -- the job clock is not achievable; gen-jobs should derive a slower one
mxfpmac_32_1_bf16_5nm_TT_0V7_25C_190p476MHz	pnr-timing	RuntimeError: post-PnR setup timing violated (**in2reg_default** slack -0.07) -- the job clock is not achievable; gen-jobs should derive a slower one
mxfpmac_16_2_mxint8_20nm_TT_0V9_25C_111p111MHz	pnr-timing	RuntimeError: post-PnR setup timing violated (**in2reg_default** slack -0.04) -- the job clock is not achievable; gen-jobs should derive a slower one
mxfpmac_32_1_mxfp4_e2m1_7nm_TT_0V75_25C_307p692MHz	pnr-timing	RuntimeError: post-PnR setup timing violated (**in2reg_default** slack -0.05) -- the job clock is not achievable; gen-jobs should derive a slower one
mxfpmac_32_2_bf16_10nm_TT_0V8_25C_235p294MHz	pnr-timing	RuntimeError: post-PnR setup timing violated (**in2reg_default** slack -0.37) -- the job clock is not achievable; gen-jobs should derive a slower one
mxfpmac_32_2_mxfp4_e2m1_16nm_TT_0V85_25C_137p931MHz	pnr-timing	RuntimeError: post-PnR setup timing violated (**in2reg_default** slack -0.06) -- the job clock is not achievable; gen-jobs should derive a slower one
mxfpmac_32_2_bf16_5nm_TT_0V7_25C_307p692MHz	pnr-timing	RuntimeError: post-PnR setup timing violated (**in2reg_default** slack -0.13) -- the job clock is not achievable; gen-jobs should derive a slower one
mxfpmac_64_2_mxfp4_e2m1_20nm_TT_0V9_25C_90p9091MHz	pnr-timing	RuntimeError: post-PnR setup timing violated (**in2reg_default** slack -0.53) -- the job clock is not achievable; gen-jobs should derive a slower one
mxfpmac_64_2_mxfp4_e2m1_20nm_TT_0V9_25C_54p7945MHz	pnr-timing	RuntimeError: post-PnR setup timing violated (**in2reg_default** slack -0.06) -- the job clock is not achievable; gen-jobs should derive a slower one
mxfpmac_32_1_mxfp4_e2m1_7nm_TT_0V75_25C_181p818MHz	pnr-timing	RuntimeError: post-PnR setup timing violated (**in2reg_default** slack -0.05) -- the job clock is not achievable; gen-jobs should derive a slower one
mxfpmac_32_4_mxfp6_e2m3_7nm_TT_0V75_25C_266p667MHz	pnr-timing	RuntimeError: post-PnR setup timing violated (**in2reg_default** slack -0.22) -- the job clock is not achievable; gen-jobs should derive a slower one
mxfpmac_32_2_bf16_5nm_TT_0V7_25C_181p818MHz	pnr-timing	RuntimeError: post-PnR setup timing violated (**in2reg_default** slack -0.07) -- the job clock is not achievable; gen-jobs should derive a slower one
mxfpmac_32_2_bf16_10nm_TT_0V8_25C_142p857MHz	pnr-timing	RuntimeError: post-PnR setup timing violated (**in2reg_default** slack -0.21) -- the job clock is not achievable; gen-jobs should derive a slower one
mxfpmac_32_4_mxfp6_e2m3_7nm_TT_0V75_25C_160MHz	pnr-timing	RuntimeError: post-PnR setup timing violated (**in2reg_default** slack -0.16) -- the job clock is not achievable; gen-jobs should derive a slower one
mxfpmac_32_1_mxfp8_e5m2_2_5nm_TT_0V7_25C_444p444MHz	pnr-timing	RuntimeError: post-PnR setup timing violated (clk slack -0.12) -- the job clock is not achievable; gen-jobs should derive a slower one

intadd_96_96_104_2_20nm_TT_0V9_25C_571p429MHz	pnr-timing	RuntimeError: post-PnR setup timing violated beyond the sim margin (threshold -0.1: clk slack -0.11) -- the job clock is not achievable; gen-jobs should derive a slower one
intadd_128_128_128_3_20nm_TT_0V9_25C_800MHz	pnr-timing	RuntimeError: post-PnR setup timing violated beyond the sim margin (threshold -0.1: clk slack -0.11) -- the job clock is not achievable; gen-jobs should derive a slower one
intadd_128_128_128_5_20nm_TT_0V9_25C_800MHz	pnr-timing	RuntimeError: post-PnR setup timing violated beyond the sim margin (threshold -0.1: clk slack -0.17) -- the job clock is not achievable; gen-jobs should derive a slower one
intadd_128_128_128_5_20nm_TT_0V9_25C_500MHz	pnr-timing	RuntimeError: post-PnR setup timing violated beyond the sim margin (threshold -0.1: clk slack -0.23) -- the job clock is not achievable; gen-jobs should derive a slower one
intadd_128_128_136_5_20nm_TT_0V9_25C_500MHz	pnr-timing	RuntimeError: post-PnR setup timing violated beyond the sim margin (threshold -0.1: clk slack -0.12) -- the job clock is not achievable; gen-jobs should derive a slower one
intmul_16_16_32_2_20nm_TT_0V9_25C_333p333MHz	sim	RuntimeError: gate-level simulation failed for intmul_16_16_32_2_20nm_TT_0V9_25C_333p333MHz (mode random); see /home/KNUEEhdd1/ys_knu/kmk/NPUWattch/dataset_gen/logic/TECH_20nm/04_sim/intmul_16_16_32_2_20nm_TT_0V9_25C_333p333MHz/sim.log
intmul_32_32_64_3_16nm_TT_0V85_25C_307p692MHz	sim	RuntimeError: gate-level simulation failed for intmul_32_32_64_3_16nm_TT_0V85_25C_307p692MHz (mode random); see /home/KNUEEhdd1/ys_knu/kmk/NPUWattch/dataset_gen/logic/TECH_16nm/04_sim/intmul_32_32_64_3_16nm_TT_0V85_25C_307p692MHz/sim.log
